OWNER,TABLE_NAME,INDEX_NAME,UNIQUENESS,INDEX_TYPE,STATUS,VISIBILITY,TABLESPACE_NAME,PARTITIONED,LAST_ANALYZED
CISADM,C0_INSTALLATION,XC790P0,UNIQUE,NORMAL,VALID,VISIBLE,CISTS_01,NO,2026-01-27 02:21:53
CISADM,C1_BI_FTGL_MONTHLY_A,C1T159P0,UNIQUE,NORMAL,VALID,VISIBLE,CISTS_01,NO,2026-01-08 02:12:54
CISADM,C1_BI_FT_MONTHLY_A,C1T158P0,UNIQUE,NORMAL,VALID,VISIBLE,CISTS_01,NO,2026-01-08 02:11:11
CISADM,C1_BI_SA_SNAPSHOT,C1M020P0,UNIQUE,NORMAL,VALID,VISIBLE,CISTS_01,NO,2026-01-22 02:15:36
CISADM,C1_BI_SA_SNAPSHOT,C1M020S1,NONUNIQUE,NORMAL,VALID,VISIBLE,CISTS_01,NO,2026-01-22 02:15:30
CISADM,C1_BI_SA_SNAPSHOT,C1M020S2,NONUNIQUE,NORMAL,VALID,VISIBLE,CISTS_01,NO,2026-01-22 02:15:40
CISADM,C1_BI_SA_SNAPSHOT,C1M020S3,NONUNIQUE,NORMAL,VALID,VISIBLE,CISTS_01,NO,2026-01-22 02:15:35
CISADM,C1_BI_SA_SNAPSHOT,C1M020S4,NONUNIQUE,NORMAL,VALID,VISIBLE,CISTS_01,NO,2026-01-22 02:15:26
CISADM,C1_CALC_GRP,C1C012P0,UNIQUE,NORMAL,VALID,VISIBLE,CISTS_01,NO,2026-02-11 02:19:09
CISADM,C1_CALC_GRP,C1C012S1,NONUNIQUE,NORMAL,VALID,VISIBLE,CISTS_01,NO,2026-02-11 02:19:09
CISADM,C1_CALC_GRP_CHAR,C1C011P0,UNIQUE,NORMAL,VALID,VISIBLE,CISTS_01,NO,2026-01-08 02:26:43
CISADM,C1_CALC_GRP_CHAR,C1C011S1,NONUNIQUE,NORMAL,VALID,VISIBLE,CISTS_01,NO,2026-01-08 02:26:43
CISADM,C1_CALC_GRP_L,C1C013P0,UNIQUE,NORMAL,VALID,VISIBLE,CISTS_01,NO,2026-02-11 02:19:09
CISADM,C1_CALC_RULE,C1C016P0,UNIQUE,NORMAL,VALID,VISIBLE,CISTS_01,NO,2026-02-11 02:19:04
CISADM,C1_CALC_RULE,C1C016S1,NONUNIQUE,NORMAL,VALID,VISIBLE,CISTS_01,NO,2026-02-11 02:19:04
CISADM,C1_CALC_RULE_CHAR,C1C022P0,UNIQUE,NORMAL,VALID,VISIBLE,CISTS_01,NO,2026-02-11 02:18:57
CISADM,C1_CALC_RULE_CHAR,C1C022S1,NONUNIQUE,NORMAL,VALID,VISIBLE,CISTS_01,NO,2026-02-11 02:18:57
CISADM,C1_CALC_RULE_CRT,C1C023P0,UNIQUE,NORMAL,VALID,VISIBLE,CISTS_01,NO,2026-02-19 02:25:55
CISADM,C1_CALC_RULE_CRT,C1C023S1,NONUNIQUE,NORMAL,VALID,VISIBLE,CISTS_01,NO,2026-02-19 02:25:55
CISADM,C1_CALC_RULE_CRT_CHAR,C1C025P0,UNIQUE,NORMAL,VALID,VISIBLE,CISTS_01,NO,2026-01-08 02:25:54
CISADM,C1_CALC_RULE_CRT_CHAR,C1C025S1,NONUNIQUE,NORMAL,VALID,VISIBLE,CISTS_01,NO,2026-01-08 02:25:54
CISADM,C1_CALC_RULE_CRT_L,C1C024P0,UNIQUE,NORMAL,VALID,VISIBLE,CISTS_01,NO,2026-02-11 02:18:51
CISADM,C1_CALC_RULE_L,C1C021P0,UNIQUE,NORMAL,VALID,VISIBLE,CISTS_01,NO,2026-02-11 02:19:41
CISADM,C1_CALC_RULE_MBR_CAT,C1C017P0,UNIQUE,NORMAL,VALID,VISIBLE,CISTS_01,NO,2026-02-11 02:19:10
CISADM,C1_CALC_RULE_TRGT_CAT,C1C020P0,UNIQUE,NORMAL,VALID,VISIBLE,CISTS_01,NO,2026-01-08 02:26:21
CISADM,C1_CIS_DIV_RTYP,C1C005P0,UNIQUE,NORMAL,VALID,VISIBLE,CISTS_01,NO,2026-01-08 02:26:36
CISADM,C1_CIS_DIV_SEQ_CHAR,C1C006P0,UNIQUE,NORMAL,VALID,VISIBLE,CISTS_01,NO,2026-01-08 02:26:43
CISADM,C1_CIS_DIV_SEQ_CHAR,C1C006S1,NONUNIQUE,NORMAL,VALID,VISIBLE,CISTS_01,NO,2026-01-08 02:26:42
CISADM,C1_CL_CAT_TYPE,C1C026P0,UNIQUE,NORMAL,VALID,VISIBLE,CISTS_01,NO,2026-01-28 02:15:05
CISADM,C1_CL_CAT_TYPE,C1C026S1,NONUNIQUE,NORMAL,VALID,VISIBLE,CISTS_01,NO,2026-01-28 02:15:05
CISADM,C1_CL_CAT_TYPE_CHAR,C1C028P0,UNIQUE,NORMAL,VALID,VISIBLE,CISTS_01,NO,2026-01-08 02:26:41
CISADM,C1_CL_CAT_TYPE_CHAR,C1C028S1,NONUNIQUE,NORMAL,VALID,VISIBLE,CISTS_01,NO,2026-01-08 02:26:41
CISADM,C1_CL_CAT_TYPE_L,C1C027P0,UNIQUE,NORMAL,VALID,VISIBLE,CISTS_01,NO,2026-01-28 02:15:05
CISADM,C1_CL_CAT_VAL,C1C029P0,UNIQUE,NORMAL,VALID,VISIBLE,CISTS_01,NO,2026-01-28 02:15:05
CISADM,C1_CL_CAT_VAL_L,C1C030P0,UNIQUE,NORMAL,VALID,VISIBLE,CISTS_01,NO,2026-01-28 02:15:05
CISADM,C1_COMM_RTE_TYPE,C1C077P0,UNIQUE,NORMAL,VALID,VISIBLE,CISTS_01,NO,2026-01-16 02:05:29
CISADM,C1_COMM_RTE_TYPE,C1C077S1,NONUNIQUE,NORMAL,VALID,VISIBLE,CISTS_01,NO,2026-01-16 02:05:29
CISADM,C1_COMM_RTE_TYPE_CHAR,C1C076P0,UNIQUE,NORMAL,VALID,VISIBLE,CISTS_01,NO,2026-01-08 02:26:22
CISADM,C1_COMM_RTE_TYPE_CHAR,C1C076S1,NONUNIQUE,NORMAL,VALID,VISIBLE,CISTS_01,NO,2026-01-08 02:26:22
CISADM,C1_COMM_RTE_TYPE_DVTYP,C1C066P0,UNIQUE,NORMAL,VALID,VISIBLE,CISTS_01,NO,2026-01-09 02:12:15
CISADM,C1_COMM_RTE_TYPE_L,C1C065P0,UNIQUE,NORMAL,VALID,VISIBLE,CISTS_01,NO,2026-01-09 02:12:16
CISADM,C1_CONT,C1M017P0,UNIQUE,NORMAL,VALID,VISIBLE,CISTS_01,NO,2026-01-08 02:09:09
CISADM,C1_CONT,C1M017S1,NONUNIQUE,NORMAL,VALID,VISIBLE,CISTS_01,NO,2026-01-08 02:09:08
CISADM,C1_CONT,C1M017S2,NONUNIQUE,NORMAL,VALID,VISIBLE,CISTS_01,NO,2026-01-08 02:09:09
CISADM,C1_CONT_CHAR,C1T029P0,UNIQUE,NORMAL,VALID,VISIBLE,CISTS_01,NO,2026-01-08 02:09:07
CISADM,C1_CONT_CHAR,C1T029S1,NONUNIQUE,NORMAL,VALID,VISIBLE,CISTS_01,NO,2026-01-08 02:09:07
CISADM,C1_CONT_ID,C1T028P0,UNIQUE,NORMAL,VALID,VISIBLE,CISTS_01,NO,2026-01-08 02:13:20
CISADM,C1_CONT_ID,C1T028S1,NONUNIQUE,NORMAL,VALID,VISIBLE,CISTS_01,NO,2026-01-08 02:13:20
CISADM,C1_CONT_K,C1M019P0,UNIQUE,IOT - TOP,VALID,VISIBLE,CISTS_01,NO,2026-01-07 21:28:54
CISADM,C1_CONT_LOG,C1T034P0,UNIQUE,NORMAL,VALID,VISIBLE,CISTS_01,NO,2026-01-08 02:15:55
CISADM,C1_CONT_LOG,C1T034S1,NONUNIQUE,NORMAL,VALID,VISIBLE,CISTS_01,NO,2026-01-08 02:15:55
CISADM,C1_CONT_LOG,C1T034S2,NONUNIQUE,NORMAL,VALID,VISIBLE,CISTS_01,NO,2026-01-08 02:15:55
CISADM,C1_CONT_LOG_PARM,C1T035P0,UNIQUE,NORMAL,VALID,VISIBLE,CISTS_01,NO,2026-01-08 02:12:40
CISADM,C1_CONT_MS,C1T030P0,UNIQUE,NORMAL,VALID,VISIBLE,CISTS_01,NO,2026-01-08 02:10:53
CISADM,C1_CONT_MS,C1T030S1,NONUNIQUE,NORMAL,VALID,VISIBLE,CISTS_01,NO,2026-01-08 02:10:53
CISADM,C1_CONT_MS,C1T030S2,NONUNIQUE,NORMAL,VALID,VISIBLE,CISTS_01,NO,2026-01-08 02:10:53
CISADM,C1_CONT_MS_PROD,C1T031P0,UNIQUE,NORMAL,VALID,VISIBLE,CISTS_01,NO,2026-01-08 02:09:08
CISADM,C1_CONT_MS_PROD,C1T031S1,NONUNIQUE,NORMAL,VALID,VISIBLE,CISTS_01,NO,2026-01-08 02:09:08
CISADM,C1_CONT_MS_PROD,C1T031S2,NONUNIQUE,NORMAL,VALID,VISIBLE,CISTS_01,NO,2026-01-08 02:09:08
CISADM,C1_CONT_MS_TYPE,C1C097P0,UNIQUE,NORMAL,VALID,VISIBLE,CISTS_01,NO,2026-01-08 02:26:28
CISADM,C1_CONT_MS_TYPE,C1C097S1,NONUNIQUE,NORMAL,VALID,VISIBLE,CISTS_01,NO,2026-01-08 02:26:28
CISADM,C1_CONT_MS_TYPE_CHAR,C1C099P0,UNIQUE,NORMAL,VALID,VISIBLE,CISTS_01,NO,2026-01-08 02:25:55
CISADM,C1_CONT_MS_TYPE_CHAR,C1C099S1,NONUNIQUE,NORMAL,VALID,VISIBLE,CISTS_01,NO,2026-01-08 02:25:55
CISADM,C1_CONT_MS_TYPE_L,C1C098P0,UNIQUE,NORMAL,VALID,VISIBLE,CISTS_01,NO,2026-01-08 02:25:50
CISADM,C1_CONT_PROD,C1T032P0,UNIQUE,NORMAL,VALID,VISIBLE,CISTS_01,NO,2026-01-08 02:09:05
CISADM,C1_CONT_PROD,C1T032S1,NONUNIQUE,FUNCTION-BASED DOMAIN,VALID,VISIBLE,,NO,2026-01-07 21:28:55
CISADM,C1_CONT_PROD,C1T032S2,NONUNIQUE,NORMAL,VALID,VISIBLE,CISTS_01,NO,2026-01-08 02:09:06
CISADM,C1_CONT_PROD,C1T032S3,NONUNIQUE,NORMAL,VALID,VISIBLE,CISTS_01,NO,2026-01-08 02:09:05
CISADM,C1_CONT_PROD,C1T032S4,NONUNIQUE,NORMAL,VALID,VISIBLE,CISTS_01,NO,2026-01-08 02:09:05
CISADM,C1_CONT_PROD_CHAR,C1T033P0,UNIQUE,NORMAL,VALID,VISIBLE,CISTS_01,NO,2026-01-08 02:09:42
CISADM,C1_CONT_PROD_CHAR,C1T033S1,NONUNIQUE,NORMAL,VALID,VISIBLE,CISTS_01,NO,2026-01-08 02:09:42
CISADM,C1_CONT_PROD_K,C1T122P0,UNIQUE,IOT - TOP,VALID,VISIBLE,CISTS_01,NO,2026-01-07 21:28:55
CISADM,C1_CONT_RULE,C1C113P0,UNIQUE,NORMAL,VALID,VISIBLE,CISTS_01,NO,2026-01-08 02:25:58
CISADM,C1_CONT_RULE,C1C113S1,NONUNIQUE,NORMAL,VALID,VISIBLE,CISTS_01,NO,2026-01-08 02:25:58
CISADM,C1_CONT_RULE_CHAR,C1C115P0,UNIQUE,NORMAL,VALID,VISIBLE,CISTS_01,NO,2026-01-08 02:26:43
CISADM,C1_CONT_RULE_CHAR,C1C115S1,NONUNIQUE,NORMAL,VALID,VISIBLE,CISTS_01,NO,2026-01-08 02:26:43
CISADM,C1_CONT_RULE_L,C1C116P0,UNIQUE,NORMAL,VALID,VISIBLE,CISTS_01,NO,2026-01-08 02:26:12
CISADM,C1_CONT_TYPE,C1C093P0,UNIQUE,NORMAL,VALID,VISIBLE,CISTS_01,NO,2026-01-08 02:26:42
CISADM,C1_CONT_TYPE,C1C093S1,NONUNIQUE,NORMAL,VALID,VISIBLE,CISTS_01,NO,2026-01-08 02:26:41
CISADM,C1_CONT_TYPE,C1C093S2,NONUNIQUE,NORMAL,VALID,VISIBLE,CISTS_01,NO,2026-01-08 02:26:42
CISADM,C1_CONT_TYPE_CHAR,C1C095P0,UNIQUE,NORMAL,VALID,VISIBLE,CISTS_01,NO,2026-01-08 02:25:58
CISADM,C1_CONT_TYPE_CHAR,C1C095S1,NONUNIQUE,NORMAL,VALID,VISIBLE,CISTS_01,NO,2026-01-08 02:25:58
CISADM,C1_CONT_TYPE_L,C1C096P0,UNIQUE,NORMAL,VALID,VISIBLE,CISTS_01,NO,2026-01-08 02:25:51
CISADM,C1_CONT_TYPE_VALID_PROD,C1C094P0,UNIQUE,NORMAL,VALID,VISIBLE,CISTS_01,NO,2026-01-08 02:26:39
CISADM,C1_CS_REQ,C1T043P0,UNIQUE,NORMAL,VALID,VISIBLE,CISTS_01,NO,2026-01-16 02:05:50
CISADM,C1_CS_REQ,C1T043S1,NONUNIQUE,NORMAL,VALID,VISIBLE,CISTS_01,NO,2026-01-16 02:05:50
CISADM,C1_CS_REQ,C1T043S2,NONUNIQUE,NORMAL,VALID,VISIBLE,CISTS_01,NO,2026-01-16 02:05:50
CISADM,C1_CS_REQ,C1T043S3,NONUNIQUE,NORMAL,VALID,VISIBLE,CISTS_01,NO,2026-01-16 02:05:50
CISADM,C1_CS_REQ,C1T043S4,NONUNIQUE,NORMAL,VALID,VISIBLE,CISTS_01,NO,2026-01-16 02:05:50
CISADM,C1_CS_REQ,C1T043S5,NONUNIQUE,NORMAL,VALID,VISIBLE,CISTS_01,NO,2026-01-16 02:05:50
CISADM,C1_CS_REQ,C1T043S6,NONUNIQUE,NORMAL,VALID,VISIBLE,CISTS_01,NO,2026-01-16 02:05:50
CISADM,C1_CS_REQ_ACCT,C1T079P0,UNIQUE,NORMAL,VALID,VISIBLE,CISTS_01,NO,2026-01-16 02:05:57
CISADM,C1_CS_REQ_ACCT,C1T079S1,NONUNIQUE,NORMAL,VALID,VISIBLE,CISTS_01,NO,2026-01-16 02:05:57
CISADM,C1_CS_REQ_ACCT,C1T079S2,NONUNIQUE,NORMAL,VALID,VISIBLE,CISTS_01,NO,2026-01-16 02:05:57
CISADM,C1_CS_REQ_ACCT,C1T079S3,NONUNIQUE,NORMAL,VALID,VISIBLE,CISTS_01,NO,2026-01-16 02:05:57
CISADM,C1_CS_REQ_ACCT,C1T079S4,NONUNIQUE,NORMAL,VALID,VISIBLE,CISTS_01,NO,2026-01-16 02:05:57
CISADM,C1_CS_REQ_ACCT,C1T079S5,NONUNIQUE,NORMAL,VALID,VISIBLE,CISTS_01,NO,2026-01-16 02:05:57
CISADM,C1_CS_REQ_ACCT_ALERT,C1T081P0,UNIQUE,NORMAL,VALID,VISIBLE,CISTS_01,NO,2026-01-16 02:05:33
CISADM,C1_CS_REQ_ACCT_APAY,C1T082P0,UNIQUE,NORMAL,VALID,VISIBLE,CISTS_01,NO,2026-01-08 02:11:52
CISADM,C1_CS_REQ_ACCT_CHAR,C1T083P0,UNIQUE,NORMAL,VALID,VISIBLE,CISTS_01,NO,2026-01-16 02:05:34
CISADM,C1_CS_REQ_ACCT_CHAR,C1T083S1,NONUNIQUE,NORMAL,VALID,VISIBLE,CISTS_01,NO,2026-01-16 02:05:34
CISADM,C1_CS_REQ_ACCT_K,C1T080P0,UNIQUE,IOT - TOP,VALID,VISIBLE,CISTS_01,NO,2026-01-08 02:18:55
CISADM,C1_CS_REQ_ACCT_LOG,C1T090P0,UNIQUE,NORMAL,VALID,VISIBLE,CISTS_01,NO,2026-01-16 02:06:03
CISADM,C1_CS_REQ_ACCT_LOG,C1T090S1,NONUNIQUE,NORMAL,VALID,VISIBLE,CISTS_01,NO,2026-01-16 02:06:03
CISADM,C1_CS_REQ_ACCT_LOG,C1T090S2,NONUNIQUE,NORMAL,VALID,VISIBLE,CISTS_01,NO,2026-01-16 02:06:02
CISADM,C1_CS_REQ_ACCT_LOG_PARM,C1T091P0,UNIQUE,NORMAL,VALID,VISIBLE,CISTS_01,NO,2026-01-16 02:05:54
CISADM,C1_CS_REQ_ACCT_MSG,C1T084P0,UNIQUE,NORMAL,VALID,VISIBLE,CISTS_01,NO,2026-01-16 02:05:24
CISADM,C1_CS_REQ_ACCT_MSG_PARM,C1T085P0,UNIQUE,NORMAL,VALID,VISIBLE,CISTS_01,NO,2026-01-08 02:18:30
CISADM,C1_CS_REQ_ACCT_NCD,C1T089P0,UNIQUE,NORMAL,VALID,VISIBLE,CISTS_01,NO,2026-01-08 02:10:26
CISADM,C1_CS_REQ_ACCT_PER,C1T086P0,UNIQUE,NORMAL,VALID,VISIBLE,CISTS_01,NO,2026-01-16 02:05:42
CISADM,C1_CS_REQ_ACCT_PER,C1T086S1,NONUNIQUE,NORMAL,VALID,VISIBLE,CISTS_01,NO,2026-01-16 02:05:42
CISADM,C1_CS_REQ_ACCT_PER,C1T086S2,NONUNIQUE,NORMAL,VALID,VISIBLE,CISTS_01,NO,2026-01-16 02:05:42
CISADM,C1_CS_REQ_ACCT_PER,C1T086S3,NONUNIQUE,NORMAL,VALID,VISIBLE,CISTS_01,NO,2026-01-16 02:05:42
CISADM,C1_CS_REQ_ACCT_PER_ADDR,C1T088P0,UNIQUE,NORMAL,VALID,VISIBLE,CISTS_01,NO,2026-01-16 02:05:34
CISADM,C1_CS_REQ_ACCT_PER_K,C1T087P0,UNIQUE,IOT - TOP,VALID,VISIBLE,CISTS_01,NO,2026-01-08 02:18:55
CISADM,C1_CS_REQ_CHAR,C1T044P0,UNIQUE,NORMAL,VALID,VISIBLE,CISTS_01,NO,2026-01-08 02:13:27
CISADM,C1_CS_REQ_CHAR,C1T044S1,NONUNIQUE,NORMAL,VALID,VISIBLE,CISTS_01,NO,2026-01-08 02:13:27
CISADM,C1_CS_REQ_CONT,C1T055P0,UNIQUE,NORMAL,VALID,VISIBLE,CISTS_01,NO,2026-01-08 02:15:54
CISADM,C1_CS_REQ_CONT,C1T055S1,NONUNIQUE,NORMAL,VALID,VISIBLE,CISTS_01,NO,2026-01-08 02:15:55
CISADM,C1_CS_REQ_CONT,C1T055S2,NONUNIQUE,NORMAL,VALID,VISIBLE,CISTS_01,NO,2026-01-08 02:15:55
CISADM,C1_CS_REQ_CONT,C1T055S3,NONUNIQUE,NORMAL,VALID,VISIBLE,CISTS_01,NO,2026-01-08 02:15:55
CISADM,C1_CS_REQ_CONT_CHAR,C1T058P0,UNIQUE,NORMAL,VALID,VISIBLE,CISTS_01,NO,2026-01-08 02:15:56
CISADM,C1_CS_REQ_CONT_CHAR,C1T058S1,NONUNIQUE,NORMAL,VALID,VISIBLE,CISTS_01,NO,2026-01-08 02:15:56
CISADM,C1_CS_REQ_CONT_ID,C1T057P0,UNIQUE,NORMAL,VALID,VISIBLE,CISTS_01,NO,2026-01-08 02:09:52
CISADM,C1_CS_REQ_CONT_K,C1T056P0,UNIQUE,IOT - TOP,VALID,VISIBLE,CISTS_01,NO,2026-01-07 21:28:56
CISADM,C1_CS_REQ_CONT_LOG,C1T062P0,UNIQUE,NORMAL,VALID,VISIBLE,CISTS_01,NO,2026-01-08 02:10:42
CISADM,C1_CS_REQ_CONT_LOG,C1T062S1,NONUNIQUE,NORMAL,VALID,VISIBLE,CISTS_01,NO,2026-01-08 02:10:42
CISADM,C1_CS_REQ_CONT_LOG,C1T062S2,NONUNIQUE,NORMAL,VALID,VISIBLE,CISTS_01,NO,2026-01-08 02:10:42
CISADM,C1_CS_REQ_CONT_LOG_PARM,C1T064P0,UNIQUE,NORMAL,VALID,VISIBLE,CISTS_01,NO,2026-01-08 02:10:43
CISADM,C1_CS_REQ_CONT_MS,C1T059P0,UNIQUE,NORMAL,VALID,VISIBLE,CISTS_01,NO,2026-01-08 02:10:10
CISADM,C1_CS_REQ_CONT_MS_PROD,C1T061P0,UNIQUE,NORMAL,VALID,VISIBLE,CISTS_01,NO,2026-01-08 02:12:14
CISADM,C1_CS_REQ_CONT_MS_PROD,C1T061S1,NONUNIQUE,NORMAL,VALID,VISIBLE,CISTS_01,NO,2026-01-08 02:12:14
CISADM,C1_CS_REQ_CONT_PROD,C1T065P0,UNIQUE,NORMAL,VALID,VISIBLE,CISTS_01,NO,2026-01-08 02:09:17
CISADM,C1_CS_REQ_CONT_PROD,C1T065S1,NONUNIQUE,NORMAL,VALID,VISIBLE,CISTS_01,NO,2026-01-08 02:09:17
CISADM,C1_CS_REQ_CONT_PROD,C1T065S2,NONUNIQUE,NORMAL,VALID,VISIBLE,CISTS_01,NO,2026-01-08 02:09:17
CISADM,C1_CS_REQ_CONT_PROD,C1T065S3,NONUNIQUE,NORMAL,VALID,VISIBLE,CISTS_01,NO,2026-01-08 02:09:17
CISADM,C1_CS_REQ_CONT_PROD,C1T065S4,NONUNIQUE,NORMAL,VALID,VISIBLE,CISTS_01,NO,2026-01-08 02:09:17
CISADM,C1_CS_REQ_CONT_PROD,C1T065S5,NONUNIQUE,NORMAL,VALID,VISIBLE,CISTS_01,NO,2026-01-08 02:09:17
CISADM,C1_CS_REQ_CONT_PROD,C1T065S6,NONUNIQUE,NORMAL,VALID,VISIBLE,CISTS_01,NO,2026-01-08 02:09:17
CISADM,C1_CS_REQ_CONT_PROD,C1T065S7,NONUNIQUE,NORMAL,VALID,VISIBLE,CISTS_01,NO,2026-01-08 02:09:17
CISADM,C1_CS_REQ_CONT_PROD_CHAR,C1T067P0,UNIQUE,NORMAL,VALID,VISIBLE,CISTS_01,NO,2026-01-08 02:16:14
CISADM,C1_CS_REQ_CONT_PROD_CHAR,C1T067S1,NONUNIQUE,NORMAL,VALID,VISIBLE,CISTS_01,NO,2026-01-08 02:16:14
CISADM,C1_CS_REQ_CONT_PROD_K,C1T066P0,UNIQUE,IOT - TOP,VALID,VISIBLE,CISTS_01,NO,2026-01-07 21:28:57
CISADM,C1_CS_REQ_CONT_PROD_LOG,C1T068P0,UNIQUE,NORMAL,VALID,VISIBLE,CISTS_01,NO,2026-01-08 02:15:19
CISADM,C1_CS_REQ_CONT_PROD_LOG,C1T068S1,NONUNIQUE,NORMAL,VALID,VISIBLE,CISTS_01,NO,2026-01-08 02:15:19
CISADM,C1_CS_REQ_CONT_PROD_LOG,C1T068S2,NONUNIQUE,NORMAL,VALID,VISIBLE,CISTS_01,NO,2026-01-08 02:15:19
CISADM,C1_CS_REQ_CONT_PROD_LOG_PARM,C1T069P0,UNIQUE,NORMAL,VALID,VISIBLE,CISTS_01,NO,2026-01-08 02:15:01
CISADM,C1_CS_REQ_K,C1T048P0,UNIQUE,IOT - TOP,VALID,VISIBLE,CISTS_01,NO,2026-01-08 02:18:55
CISADM,C1_CS_REQ_LOG,C1T046P0,UNIQUE,NORMAL,VALID,VISIBLE,CISTS_01,NO,2026-01-16 02:06:28
CISADM,C1_CS_REQ_LOG,C1T046S1,NONUNIQUE,NORMAL,VALID,VISIBLE,CISTS_01,NO,2026-01-16 02:06:27
CISADM,C1_CS_REQ_LOG,C1T046S2,NONUNIQUE,NORMAL,VALID,VISIBLE,CISTS_01,NO,2026-01-16 02:06:28
CISADM,C1_CS_REQ_LOG_PARM,C1T047P0,UNIQUE,NORMAL,VALID,VISIBLE,CISTS_01,NO,2026-01-16 02:06:27
CISADM,C1_CS_REQ_PER,C1T070P0,UNIQUE,NORMAL,VALID,VISIBLE,CISTS_01,NO,2026-02-13 02:17:07
CISADM,C1_CS_REQ_PER,C1T070S1,NONUNIQUE,NORMAL,VALID,VISIBLE,CISTS_01,NO,2026-02-13 02:17:07
CISADM,C1_CS_REQ_PER,C1T070S2,NONUNIQUE,NORMAL,VALID,VISIBLE,CISTS_01,NO,2026-02-13 02:17:07
CISADM,C1_CS_REQ_PER,C1T070S3,NONUNIQUE,NORMAL,VALID,VISIBLE,CISTS_01,NO,2026-02-13 02:17:07
CISADM,C1_CS_REQ_PER_ADDR_SEAS,C1T074P0,UNIQUE,NORMAL,VALID,VISIBLE,CISTS_01,NO,2026-01-16 02:05:25
CISADM,C1_CS_REQ_PER_CHAR,C1T075P0,UNIQUE,NORMAL,VALID,VISIBLE,CISTS_01,NO,2026-01-16 02:05:39
CISADM,C1_CS_REQ_PER_CHAR,C1T075S1,NONUNIQUE,NORMAL,VALID,VISIBLE,CISTS_01,NO,2026-01-16 02:05:39
CISADM,C1_CS_REQ_PER_CONTDET,C1T073P0,UNIQUE,NORMAL,VALID,VISIBLE,CISTS_01,NO,2026-02-13 02:17:01
CISADM,C1_CS_REQ_PER_ID,C1T072P0,UNIQUE,NORMAL,VALID,VISIBLE,CISTS_01,NO,2026-01-16 02:05:39
CISADM,C1_CS_REQ_PER_K,C1T021P0,UNIQUE,IOT - TOP,VALID,VISIBLE,CISTS_01,NO,2026-01-08 02:18:52
CISADM,C1_CS_REQ_PER_LOG,C1T077P0,UNIQUE,NORMAL,VALID,VISIBLE,CISTS_01,NO,2026-01-16 02:05:59
CISADM,C1_CS_REQ_PER_LOG,C1T077S1,NONUNIQUE,NORMAL,VALID,VISIBLE,CISTS_01,NO,2026-01-16 02:05:59
CISADM,C1_CS_REQ_PER_LOG,C1T077S2,NONUNIQUE,NORMAL,VALID,VISIBLE,CISTS_01,NO,2026-01-16 02:05:59
CISADM,C1_CS_REQ_PER_LOG_PARM,C1T078P0,UNIQUE,NORMAL,VALID,VISIBLE,CISTS_01,NO,2026-01-16 02:05:49
CISADM,C1_CS_REQ_PER_NAME,C1T071P0,UNIQUE,NORMAL,VALID,VISIBLE,CISTS_01,NO,2026-01-16 02:05:36
CISADM,C1_CS_REQ_PER_NAME,C1T071S1,NONUNIQUE,NORMAL,VALID,VISIBLE,CISTS_01,NO,2026-01-16 02:05:36
CISADM,C1_CS_REQ_PER_NAME,C1T071S2,NONUNIQUE,NORMAL,VALID,VISIBLE,CISTS_01,NO,2026-01-16 02:05:36
CISADM,C1_CS_REQ_PER_NAME,C1T071S3,NONUNIQUE,NORMAL,VALID,VISIBLE,CISTS_01,NO,2026-01-16 02:05:36
CISADM,C1_CS_REQ_PER_PER,C1T076P0,UNIQUE,NORMAL,VALID,VISIBLE,CISTS_01,NO,2026-01-08 02:15:09
CISADM,C1_CS_REQ_PREM,C1T092P0,UNIQUE,NORMAL,VALID,VISIBLE,CISTS_01,NO,2026-01-16 02:05:55
CISADM,C1_CS_REQ_PREM,C1T092S1,UNIQUE,NORMAL,VALID,VISIBLE,CISTS_01,NO,2026-01-16 02:05:55
CISADM,C1_CS_REQ_PREM,C1T092S10,NONUNIQUE,NORMAL,VALID,VISIBLE,CISTS_01,NO,2026-01-16 02:05:55
CISADM,C1_CS_REQ_PREM,C1T092S2,NONUNIQUE,NORMAL,VALID,VISIBLE,CISTS_01,NO,2026-01-16 02:05:55
CISADM,C1_CS_REQ_PREM,C1T092S3,NONUNIQUE,NORMAL,VALID,VISIBLE,CISTS_01,NO,2026-01-16 02:05:54
CISADM,C1_CS_REQ_PREM,C1T092S4,NONUNIQUE,NORMAL,VALID,VISIBLE,CISTS_01,NO,2026-01-16 02:05:55
CISADM,C1_CS_REQ_PREM,C1T092S5,NONUNIQUE,NORMAL,VALID,VISIBLE,CISTS_01,NO,2026-01-16 02:05:55
CISADM,C1_CS_REQ_PREM,C1T092S6,NONUNIQUE,NORMAL,VALID,VISIBLE,CISTS_01,NO,2026-01-16 02:05:54
CISADM,C1_CS_REQ_PREM,C1T092S7,NONUNIQUE,NORMAL,VALID,VISIBLE,CISTS_01,NO,2026-01-16 02:05:54
CISADM,C1_CS_REQ_PREM,C1T092S8,NONUNIQUE,NORMAL,VALID,VISIBLE,CISTS_01,NO,2026-01-16 02:05:55
CISADM,C1_CS_REQ_PREM,C1T092S9,NONUNIQUE,NORMAL,VALID,VISIBLE,CISTS_01,NO,2026-01-16 02:05:55
CISADM,C1_CS_REQ_PREM_ALT_ADDR,C1T095P0,UNIQUE,NORMAL,VALID,VISIBLE,CISTS_01,NO,2026-01-08 02:12:33
CISADM,C1_CS_REQ_PREM_CHAR,C1T093P0,UNIQUE,NORMAL,VALID,VISIBLE,CISTS_01,NO,2026-01-16 02:05:55
CISADM,C1_CS_REQ_PREM_CHAR,C1T093S1,NONUNIQUE,NORMAL,VALID,VISIBLE,CISTS_01,NO,2026-01-16 02:05:55
CISADM,C1_CS_REQ_PREM_GEO,C1T094P0,UNIQUE,NORMAL,VALID,VISIBLE,CISTS_01,NO,2026-01-16 02:05:42
CISADM,C1_CS_REQ_PREM_K,C1T098P0,UNIQUE,IOT - TOP,VALID,VISIBLE,CISTS_01,NO,2026-01-08 02:18:52
CISADM,C1_CS_REQ_PREM_LOG,C1T096P0,UNIQUE,NORMAL,VALID,VISIBLE,CISTS_01,NO,2026-01-16 02:05:41
CISADM,C1_CS_REQ_PREM_LOG,C1T096S1,NONUNIQUE,NORMAL,VALID,VISIBLE,CISTS_01,NO,2026-01-16 02:05:41
CISADM,C1_CS_REQ_PREM_LOG,C1T096S2,NONUNIQUE,NORMAL,VALID,VISIBLE,CISTS_01,NO,2026-01-16 02:05:41
CISADM,C1_CS_REQ_PREM_LOG_PARM,C1T097P0,UNIQUE,NORMAL,VALID,VISIBLE,CISTS_01,NO,2026-01-16 02:05:36
CISADM,C1_CS_REQ_REL_OBJ,C1T045P0,UNIQUE,NORMAL,VALID,VISIBLE,CISTS_01,NO,2026-01-16 02:05:58
CISADM,C1_CS_REQ_REL_OBJ,C1T045S1,NONUNIQUE,NORMAL,VALID,VISIBLE,CISTS_01,NO,2026-01-16 02:05:58
CISADM,C1_CS_REQ_REL_OBJ,C1T045S2,NONUNIQUE,NORMAL,VALID,VISIBLE,CISTS_01,NO,2026-01-16 02:05:58
CISADM,C1_CS_REQ_SA,C1T141P0,UNIQUE,NORMAL,VALID,VISIBLE,CISTS_01,NO,2026-01-16 02:06:25
CISADM,C1_CS_REQ_SA,C1T141S1,NONUNIQUE,NORMAL,VALID,VISIBLE,CISTS_01,NO,2026-01-16 02:06:25
CISADM,C1_CS_REQ_SA,C1T141S2,NONUNIQUE,NORMAL,VALID,VISIBLE,CISTS_01,NO,2026-01-16 02:06:25
CISADM,C1_CS_REQ_SA,C1T141S3,NONUNIQUE,NORMAL,VALID,VISIBLE,CISTS_01,NO,2026-01-16 02:06:25
CISADM,C1_CS_REQ_SA,C1T141S4,NONUNIQUE,NORMAL,VALID,VISIBLE,CISTS_01,NO,2026-01-16 02:06:25
CISADM,C1_CS_REQ_SA,C1T141S5,NONUNIQUE,NORMAL,VALID,VISIBLE,CISTS_01,NO,2026-01-16 02:06:25
CISADM,C1_CS_REQ_SA,C1T141S6,NONUNIQUE,NORMAL,VALID,VISIBLE,CISTS_01,NO,2026-01-16 02:06:25
CISADM,C1_CS_REQ_SA,C1T141S7,NONUNIQUE,NORMAL,VALID,VISIBLE,CISTS_01,NO,2026-01-16 02:06:25
CISADM,C1_CS_REQ_SA,C1T141S8,NONUNIQUE,NORMAL,VALID,VISIBLE,CISTS_01,NO,2026-01-16 02:06:25
CISADM,C1_CS_REQ_SA_CHAR,C1T143P0,UNIQUE,NORMAL,VALID,VISIBLE,CISTS_01,NO,2026-01-08 02:09:06
CISADM,C1_CS_REQ_SA_CHAR,C1T143S1,NONUNIQUE,NORMAL,VALID,VISIBLE,CISTS_01,NO,2026-01-08 02:09:06
CISADM,C1_CS_REQ_SA_CONTERM,C1T151P0,UNIQUE,NORMAL,VALID,VISIBLE,CISTS_01,NO,2026-01-08 02:13:42
CISADM,C1_CS_REQ_SA_CONT_QTY,C1T149P0,UNIQUE,NORMAL,VALID,VISIBLE,CISTS_01,NO,2026-01-08 02:13:20
CISADM,C1_CS_REQ_SA_COP,C1T153P0,UNIQUE,NORMAL,VALID,VISIBLE,CISTS_01,NO,2026-01-08 02:10:19
CISADM,C1_CS_REQ_SA_COP_OVRD,C1T154P0,UNIQUE,NORMAL,VALID,VISIBLE,CISTS_01,NO,2026-01-08 02:15:58
CISADM,C1_CS_REQ_SA_K,C1T142P0,UNIQUE,IOT - TOP,VALID,VISIBLE,CISTS_01,NO,2026-01-08 02:19:10
CISADM,C1_CS_REQ_SA_LOG,C1T156P0,UNIQUE,NORMAL,VALID,VISIBLE,CISTS_01,NO,2026-01-16 02:06:08
CISADM,C1_CS_REQ_SA_LOG,C1T156S1,NONUNIQUE,NORMAL,VALID,VISIBLE,CISTS_01,NO,2026-01-16 02:06:08
CISADM,C1_CS_REQ_SA_LOG,C1T156S2,NONUNIQUE,NORMAL,VALID,VISIBLE,CISTS_01,NO,2026-01-16 02:06:08
CISADM,C1_CS_REQ_SA_LOG_PARM,C1T157P0,UNIQUE,NORMAL,VALID,VISIBLE,CISTS_01,NO,2026-01-16 02:05:59
CISADM,C1_CS_REQ_SA_MSG,C1T155P0,UNIQUE,NORMAL,VALID,VISIBLE,CISTS_01,NO,2026-01-08 02:09:06
CISADM,C1_CS_REQ_SA_RCHG,C1T150P0,UNIQUE,NORMAL,VALID,VISIBLE,CISTS_01,NO,2026-01-16 02:05:39
CISADM,C1_CS_REQ_SA_RS,C1T148P0,UNIQUE,NORMAL,VALID,VISIBLE,CISTS_01,NO,2026-01-08 02:14:37
CISADM,C1_CS_REQ_SA_SP,C1T144P0,UNIQUE,NORMAL,VALID,VISIBLE,CISTS_01,NO,2026-01-16 02:05:43
CISADM,C1_CS_REQ_SA_SP,C1T144S1,NONUNIQUE,NORMAL,VALID,VISIBLE,CISTS_01,NO,2026-01-16 02:05:43
CISADM,C1_CS_REQ_SA_SP,C1T144S2,NONUNIQUE,NORMAL,VALID,VISIBLE,CISTS_01,NO,2026-01-16 02:05:43
CISADM,C1_CS_REQ_SA_SP,C1T144S3,NONUNIQUE,NORMAL,VALID,VISIBLE,CISTS_01,NO,2026-01-16 02:05:43
CISADM,C1_CS_REQ_SA_SP,C1T144S4,NONUNIQUE,NORMAL,VALID,VISIBLE,CISTS_01,NO,2026-01-16 02:05:43
CISADM,C1_CS_REQ_SA_SP,C1T144S5,NONUNIQUE,NORMAL,VALID,VISIBLE,CISTS_01,NO,2026-01-16 02:05:43
CISADM,C1_CS_REQ_SA_SP_CHAR,C1T147P0,UNIQUE,NORMAL,VALID,VISIBLE,CISTS_01,NO,2026-01-08 02:13:28
CISADM,C1_CS_REQ_SA_SP_FA,C1T146P0,UNIQUE,NORMAL,VALID,VISIBLE,CISTS_01,NO,2026-01-08 02:13:52
CISADM,C1_CS_REQ_SA_SP_FA,C1T146S1,NONUNIQUE,NORMAL,VALID,VISIBLE,CISTS_01,NO,2026-01-08 02:13:52
CISADM,C1_CS_REQ_SA_SP_FA,C1T146S2,NONUNIQUE,NORMAL,VALID,VISIBLE,CISTS_01,NO,2026-01-08 02:13:52
CISADM,C1_CS_REQ_SA_SP_FA,C1T146S3,NONUNIQUE,NORMAL,VALID,VISIBLE,CISTS_01,NO,2026-01-08 02:13:52
CISADM,C1_CS_REQ_SA_SP_FA,C1T146S4,NONUNIQUE,NORMAL,VALID,VISIBLE,CISTS_01,NO,2026-01-08 02:13:52
CISADM,C1_CS_REQ_SA_SP_K,C1T145P0,UNIQUE,IOT - TOP,VALID,VISIBLE,CISTS_01,NO,2026-01-08 02:18:57
CISADM,C1_CS_REQ_SA_TOU_CONT_VAL,C1T152P0,UNIQUE,NORMAL,VALID,VISIBLE,CISTS_01,NO,2026-01-08 02:09:49
CISADM,C1_CS_REQ_SVC_LOC,C1T049P0,UNIQUE,NORMAL,VALID,VISIBLE,CISTS_01,NO,2026-01-08 02:08:36
CISADM,C1_CS_REQ_SVC_LOC,C1T049S1,NONUNIQUE,NORMAL,VALID,VISIBLE,CISTS_01,NO,2026-01-08 02:08:35
CISADM,C1_CS_REQ_SVC_LOC,C1T049S2,NONUNIQUE,NORMAL,VALID,VISIBLE,CISTS_01,NO,2026-01-08 02:08:35
CISADM,C1_CS_REQ_SVC_LOC,C1T049S3,NONUNIQUE,NORMAL,VALID,VISIBLE,CISTS_01,NO,2026-01-08 02:08:35
CISADM,C1_CS_REQ_SVC_LOC,C1T049S4,NONUNIQUE,NORMAL,VALID,VISIBLE,CISTS_01,NO,2026-01-08 02:08:35
CISADM,C1_CS_REQ_SVC_LOC,C1T049S5,NONUNIQUE,NORMAL,VALID,VISIBLE,CISTS_01,NO,2026-01-08 02:08:35
CISADM,C1_CS_REQ_SVC_LOC,C1T049S6,NONUNIQUE,NORMAL,VALID,VISIBLE,CISTS_01,NO,2026-01-08 02:08:36
CISADM,C1_CS_REQ_SVC_LOC,C1T049S7,NONUNIQUE,NORMAL,VALID,VISIBLE,CISTS_01,NO,2026-01-08 02:08:36
CISADM,C1_CS_REQ_SVC_LOC,C1T049S8,NONUNIQUE,NORMAL,VALID,VISIBLE,CISTS_01,NO,2026-01-08 02:08:35
CISADM,C1_CS_REQ_SVC_LOC_CHAR,C1T051P0,UNIQUE,NORMAL,VALID,VISIBLE,CISTS_01,NO,2026-01-08 02:10:41
CISADM,C1_CS_REQ_SVC_LOC_CHAR,C1T051S1,NONUNIQUE,NORMAL,VALID,VISIBLE,CISTS_01,NO,2026-01-08 02:10:41
CISADM,C1_CS_REQ_SVC_LOC_CONT_PROD,C1T052P0,UNIQUE,NORMAL,VALID,VISIBLE,CISTS_01,NO,2026-01-08 02:12:38
CISADM,C1_CS_REQ_SVC_LOC_CONT_PROD,C1T052S1,NONUNIQUE,NORMAL,VALID,VISIBLE,CISTS_01,NO,2026-01-08 02:12:38
CISADM,C1_CS_REQ_SVC_LOC_CONT_PROD,C1T052S2,NONUNIQUE,NORMAL,VALID,VISIBLE,CISTS_01,NO,2026-01-08 02:12:38
CISADM,C1_CS_REQ_SVC_LOC_CONT_PROD,C1T052S3,NONUNIQUE,NORMAL,VALID,VISIBLE,CISTS_01,NO,2026-01-08 02:12:38
CISADM,C1_CS_REQ_SVC_LOC_CONT_PROD,C1T052S4,NONUNIQUE,NORMAL,VALID,VISIBLE,CISTS_01,NO,2026-01-08 02:12:38
CISADM,C1_CS_REQ_SVC_LOC_K,C1T050P0,UNIQUE,IOT - TOP,VALID,VISIBLE,CISTS_01,NO,2026-01-07 21:29:01
CISADM,C1_CS_REQ_SVC_LOC_LOG,C1T053P0,UNIQUE,NORMAL,VALID,VISIBLE,CISTS_01,NO,2026-01-08 02:11:05
CISADM,C1_CS_REQ_SVC_LOC_LOG,C1T053S1,NONUNIQUE,NORMAL,VALID,VISIBLE,CISTS_01,NO,2026-01-08 02:11:05
CISADM,C1_CS_REQ_SVC_LOC_LOG,C1T053S2,NONUNIQUE,NORMAL,VALID,VISIBLE,CISTS_01,NO,2026-01-08 02:11:05
CISADM,C1_CS_REQ_SVC_LOC_LOG_PARM,C1T054P0,UNIQUE,NORMAL,VALID,VISIBLE,CISTS_01,NO,2026-01-08 02:13:50
CISADM,C1_CS_REQ_TYPE,C1C110P0,UNIQUE,NORMAL,VALID,VISIBLE,CISTS_01,NO,2026-01-16 02:05:27
CISADM,C1_CS_REQ_TYPE,C1C110S1,NONUNIQUE,NORMAL,VALID,VISIBLE,CISTS_01,NO,2026-01-16 02:05:27
CISADM,C1_CS_REQ_TYPE,C1C110S2,NONUNIQUE,NORMAL,VALID,VISIBLE,CISTS_01,NO,2026-01-16 02:05:27
CISADM,C1_CS_REQ_TYPE_ALG,C1C126P0,UNIQUE,NORMAL,VALID,VISIBLE,CISTS_01,NO,2026-01-16 02:05:28
CISADM,C1_CS_REQ_TYPE_ALG_CUST_CL,C1C136P0,UNIQUE,NORMAL,VALID,VISIBLE,CISTS_01,NO,2026-01-16 02:05:28
CISADM,C1_CS_REQ_TYPE_ALG_PER_BUS,C1C135P0,UNIQUE,NORMAL,VALID,VISIBLE,CISTS_01,NO,2026-01-16 02:05:30
CISADM,C1_CS_REQ_TYPE_CHAR,C1C111P0,UNIQUE,NORMAL,VALID,VISIBLE,CISTS_01,NO,2026-01-08 02:26:29
CISADM,C1_CS_REQ_TYPE_CHAR,C1C111S1,NONUNIQUE,NORMAL,VALID,VISIBLE,CISTS_01,NO,2026-01-08 02:26:29
CISADM,C1_CS_REQ_TYPE_CUST_CL,C1C138P0,UNIQUE,NORMAL,VALID,VISIBLE,CISTS_01,NO,2026-01-16 02:05:30
CISADM,C1_CS_REQ_TYPE_L,C1C112P0,UNIQUE,NORMAL,VALID,VISIBLE,CISTS_01,NO,2026-01-16 02:05:29
CISADM,C1_CS_REQ_TYPE_PER_BUS,C1C137P0,UNIQUE,NORMAL,VALID,VISIBLE,CISTS_01,NO,2026-01-16 02:05:27
CISADM,C1_CS_REQ_TYPE_SVC_LOC_BO,C1C114P0,UNIQUE,NORMAL,VALID,VISIBLE,CISTS_01,NO,2026-01-08 02:25:55
CISADM,C1_CUST_REL_REQ,C1T017P0,UNIQUE,NORMAL,VALID,VISIBLE,CISTS_01,NO,2026-01-08 02:08:36
CISADM,C1_CUST_REL_REQ,C1T017S1,NONUNIQUE,NORMAL,VALID,VISIBLE,CISTS_01,NO,2026-01-08 02:08:36
CISADM,C1_CUST_REL_REQ_CHAR,C1T014P0,UNIQUE,NORMAL,VALID,VISIBLE,CISTS_01,NO,2026-01-08 02:15:49
CISADM,C1_CUST_REL_REQ_CHAR,C1T014S1,NONUNIQUE,NORMAL,VALID,VISIBLE,CISTS_01,NO,2026-01-08 02:15:49
CISADM,C1_CUST_REL_REQ_K,C1T019P0,UNIQUE,IOT - TOP,VALID,VISIBLE,CISTS_01,NO,2026-01-07 21:29:02
CISADM,C1_CUST_REL_REQ_LOG,C1T015P0,UNIQUE,NORMAL,VALID,VISIBLE,CISTS_01,NO,2026-01-08 02:09:20
CISADM,C1_CUST_REL_REQ_LOG,C1T015S1,NONUNIQUE,NORMAL,VALID,VISIBLE,CISTS_01,NO,2026-01-08 02:09:20
CISADM,C1_CUST_REL_REQ_LOG,C1T015S2,NONUNIQUE,NORMAL,VALID,VISIBLE,CISTS_01,NO,2026-01-08 02:09:20
CISADM,C1_CUST_REL_REQ_LOG_PARM,C1T016P0,UNIQUE,NORMAL,VALID,VISIBLE,CISTS_01,NO,2026-01-08 02:08:09
CISADM,C1_CUST_REL_REQ_REL_OBJ,C1T018P0,UNIQUE,NORMAL,VALID,VISIBLE,CISTS_01,NO,2026-01-08 02:09:02
CISADM,C1_CUST_REL_REQ_TYPE,C1C010P0,UNIQUE,NORMAL,VALID,VISIBLE,CISTS_01,NO,2026-01-08 02:26:05
CISADM,C1_CUST_REL_REQ_TYPE_CHAR,C1C009P0,UNIQUE,NORMAL,VALID,VISIBLE,CISTS_01,NO,2026-01-08 02:26:35
CISADM,C1_CUST_REL_REQ_TYPE_CHAR,C1C009S1,NONUNIQUE,NORMAL,VALID,VISIBLE,CISTS_01,NO,2026-01-08 02:26:35
CISADM,C1_CUST_REL_REQ_TYPE_L,C1C008P0,UNIQUE,NORMAL,VALID,VISIBLE,CISTS_01,NO,2026-01-08 02:26:14
CISADM,C1_ENRL_CONTDET,C1T011P0,UNIQUE,NORMAL,VALID,VISIBLE,CISTS_01,NO,2026-01-08 02:15:19
CISADM,C1_ENRL_CONTDET,C1T011S1,NONUNIQUE,NORMAL,VALID,VISIBLE,CISTS_01,NO,2026-01-08 02:15:19
CISADM,C1_ENRL_CONTDET_K,C1T013P0,UNIQUE,IOT - TOP,VALID,VISIBLE,CISTS_01,NO,2026-01-07 21:29:02
CISADM,C1_INITIATIVE,C1C055P0,UNIQUE,NORMAL,VALID,VISIBLE,CISTS_01,NO,2026-01-08 02:26:39
CISADM,C1_INITIATIVE,C1C328S1,NONUNIQUE,NORMAL,VALID,VISIBLE,CISTS_01,NO,2026-01-08 02:26:39
CISADM,C1_INITIATIVE,C1C328S2,NONUNIQUE,NORMAL,VALID,VISIBLE,CISTS_01,NO,2026-01-08 02:26:39
CISADM,C1_INITIATIVE,C1C328S4,NONUNIQUE,NORMAL,VALID,VISIBLE,CISTS_01,NO,2026-01-08 02:26:39
CISADM,C1_INITIATIVE,C1C335S3,UNIQUE,NORMAL,VALID,VISIBLE,CISTS_01,NO,2026-01-08 02:26:39
CISADM,C1_INITIATIVE,C1C335S5,UNIQUE,NORMAL,VALID,VISIBLE,CISTS_01,NO,2026-01-08 02:26:39
CISADM,C1_INITIATIVE,C1C335S6,UNIQUE,NORMAL,VALID,VISIBLE,CISTS_01,NO,2026-01-08 02:26:39
CISADM,C1_INITIATIVE_CHAR,C1C058P0,UNIQUE,NORMAL,VALID,VISIBLE,CISTS_01,NO,2026-01-08 02:26:44
CISADM,C1_INITIATIVE_CHAR,C1C329S1,NONUNIQUE,NORMAL,VALID,VISIBLE,CISTS_01,NO,2026-01-08 02:26:44
CISADM,C1_INITIATIVE_CRITERIA,C1C073P0,UNIQUE,NORMAL,VALID,VISIBLE,CISTS_01,NO,2026-01-08 02:26:40
CISADM,C1_INITIATIVE_CRITERIA,C1C338S1,NONUNIQUE,NORMAL,VALID,VISIBLE,CISTS_01,NO,2026-01-08 02:26:40
CISADM,C1_INITIATIVE_CRITERIA_CHAR,C1C075P0,UNIQUE,NORMAL,VALID,VISIBLE,CISTS_01,NO,2026-01-08 02:26:15
CISADM,C1_INITIATIVE_CRITERIA_CHAR,C1C339S1,NONUNIQUE,NORMAL,VALID,VISIBLE,CISTS_01,NO,2026-01-08 02:26:15
CISADM,C1_INITIATIVE_CRITERIA_L,C1C074P0,UNIQUE,NORMAL,VALID,VISIBLE,CISTS_01,NO,2026-01-08 02:26:15
CISADM,C1_INITIATIVE_L,C1C057P0,UNIQUE,NORMAL,VALID,VISIBLE,CISTS_01,NO,2026-01-08 02:25:59
CISADM,C1_INITIATIVE_LEAD_DEFN,C1C056P0,UNIQUE,NORMAL,VALID,VISIBLE,CISTS_01,NO,2026-01-08 02:26:10
CISADM,C1_INITIATIVE_LOG,C1C059P0,UNIQUE,NORMAL,VALID,VISIBLE,CISTS_01,NO,2026-01-08 02:26:17
CISADM,C1_INITIATIVE_LOG,C1C330S1,NONUNIQUE,NORMAL,VALID,VISIBLE,CISTS_01,NO,2026-01-08 02:26:17
CISADM,C1_INITIATIVE_LOG,C1C330S2,NONUNIQUE,NORMAL,VALID,VISIBLE,CISTS_01,NO,2026-01-08 02:26:17
CISADM,C1_INITIATIVE_LOG_PARM,C1C060P0,UNIQUE,NORMAL,VALID,VISIBLE,CISTS_01,NO,2026-01-08 02:25:49
CISADM,C1_INITIATIVE_REL_OBJ,C1T119P0,UNIQUE,NORMAL,VALID,VISIBLE,CISTS_01,NO,2026-01-08 02:14:15
CISADM,C1_INITIATIVE_REL_OBJ,C1T119S1,NONUNIQUE,NORMAL,VALID,VISIBLE,CISTS_01,NO,2026-01-08 02:14:15
CISADM,C1_INTV_DATA_GTT,C1T060P0,UNIQUE,NORMAL,VALID,VISIBLE,,NO,
CISADM,C1_ISS_CTR,XC804P0,UNIQUE,NORMAL,VALID,VISIBLE,CISTS_01,NO,2026-01-08 02:26:44
CISADM,C1_ISS_CTR_CHAR,XC805P0,UNIQUE,NORMAL,VALID,VISIBLE,CISTS_01,NO,2026-01-08 02:26:10
CISADM,C1_ISS_CTR_CHAR,XC805S1,NONUNIQUE,NORMAL,VALID,VISIBLE,CISTS_01,NO,2026-01-08 02:26:10
CISADM,C1_ISS_CTR_DTL,XC812P0,UNIQUE,NORMAL,VALID,VISIBLE,CISTS_01,NO,2026-01-08 02:26:24
CISADM,C1_ISS_CTR_L,XC806P0,UNIQUE,NORMAL,VALID,VISIBLE,CISTS_01,NO,2026-01-08 02:26:30
CISADM,C1_ISS_CTR_LOG,XC807P0,UNIQUE,NORMAL,VALID,VISIBLE,CISTS_01,NO,2026-01-08 02:26:29
CISADM,C1_ISS_CTR_LOG,XC807S1,NONUNIQUE,NORMAL,VALID,VISIBLE,CISTS_01,NO,2026-01-08 02:26:28
CISADM,C1_ISS_CTR_LOG_PARM,XC808P0,UNIQUE,NORMAL,VALID,VISIBLE,CISTS_01,NO,2026-01-08 02:25:56
CISADM,C1_LEAD,C1T108P0,UNIQUE,NORMAL,VALID,VISIBLE,CISTS_01,NO,2026-01-08 02:12:35
CISADM,C1_LEAD,C1T108S1,NONUNIQUE,NORMAL,VALID,VISIBLE,CISTS_01,NO,2026-01-08 02:12:35
CISADM,C1_LEAD,C1T108S2,UNIQUE,NORMAL,VALID,VISIBLE,CISTS_01,NO,2026-01-08 02:12:35
CISADM,C1_LEAD,C1T108S3,NONUNIQUE,NORMAL,VALID,VISIBLE,CISTS_01,NO,2026-01-08 02:12:35
CISADM,C1_LEAD,C1T108S4,NONUNIQUE,NORMAL,VALID,VISIBLE,CISTS_01,NO,2026-01-08 02:12:35
CISADM,C1_LEAD,C1T108S5,UNIQUE,NORMAL,VALID,VISIBLE,CISTS_01,NO,2026-01-08 02:12:35
CISADM,C1_LEAD,C1T108S6,NONUNIQUE,NORMAL,VALID,VISIBLE,CISTS_01,NO,2026-01-08 02:12:35
CISADM,C1_LEAD_CHAR,C1T109P0,UNIQUE,NORMAL,VALID,VISIBLE,CISTS_01,NO,2026-01-08 02:09:11
CISADM,C1_LEAD_CHAR,C1T109S1,NONUNIQUE,NORMAL,VALID,VISIBLE,CISTS_01,NO,2026-01-08 02:09:11
CISADM,C1_LEAD_EVT,C1T113P0,UNIQUE,NORMAL,VALID,VISIBLE,CISTS_01,NO,2026-01-08 02:13:29
CISADM,C1_LEAD_EVT,C1T113S1,NONUNIQUE,NORMAL,VALID,VISIBLE,CISTS_01,NO,2026-01-08 02:13:30
CISADM,C1_LEAD_EVT,C1T113S2,NONUNIQUE,NORMAL,VALID,VISIBLE,CISTS_01,NO,2026-01-08 02:13:30
CISADM,C1_LEAD_EVT,C1T113S3,UNIQUE,NORMAL,VALID,VISIBLE,CISTS_01,NO,2026-01-08 02:13:30
CISADM,C1_LEAD_EVT,C1T113S4,NONUNIQUE,NORMAL,VALID,VISIBLE,CISTS_01,NO,2026-01-08 02:13:29
CISADM,C1_LEAD_EVT,C1T113S5,NONUNIQUE,NORMAL,VALID,VISIBLE,CISTS_01,NO,2026-01-08 02:13:30
CISADM,C1_LEAD_EVT,C1T113S6,NONUNIQUE,NORMAL,VALID,VISIBLE,CISTS_01,NO,2026-01-08 02:13:30
CISADM,C1_LEAD_EVT_CHAR,C1T114P0,UNIQUE,NORMAL,VALID,VISIBLE,CISTS_01,NO,2026-01-08 02:10:44
CISADM,C1_LEAD_EVT_CHAR,C1T114S1,NONUNIQUE,NORMAL,VALID,VISIBLE,CISTS_01,NO,2026-01-08 02:10:44
CISADM,C1_LEAD_EVT_K,C1T118P0,UNIQUE,IOT - TOP,VALID,VISIBLE,CISTS_01,NO,2026-01-07 21:29:03
CISADM,C1_LEAD_EVT_LOG,C1T115P0,UNIQUE,NORMAL,VALID,VISIBLE,CISTS_01,NO,2026-01-08 02:15:08
CISADM,C1_LEAD_EVT_LOG,C1T115S1,NONUNIQUE,NORMAL,VALID,VISIBLE,CISTS_01,NO,2026-01-08 02:15:08
CISADM,C1_LEAD_EVT_LOG,C1T115S2,NONUNIQUE,NORMAL,VALID,VISIBLE,CISTS_01,NO,2026-01-08 02:15:09
CISADM,C1_LEAD_EVT_LOG_PARM,C1T116P0,UNIQUE,NORMAL,VALID,VISIBLE,CISTS_01,NO,2026-01-08 02:10:54
CISADM,C1_LEAD_EVT_STEP,C1T063P0,UNIQUE,NORMAL,VALID,VISIBLE,CISTS_01,NO,2026-01-08 02:11:09
CISADM,C1_LEAD_EVT_STEP,C1T063S1,NONUNIQUE,NORMAL,VALID,VISIBLE,CISTS_01,NO,2026-01-08 02:11:09
CISADM,C1_LEAD_EVT_STEP,C1T063S2,NONUNIQUE,NORMAL,VALID,VISIBLE,CISTS_01,NO,2026-01-08 02:11:09
CISADM,C1_LEAD_EVT_STEP_K,C1T120P0,UNIQUE,IOT - TOP,VALID,VISIBLE,CISTS_01,NO,2026-01-07 21:29:03
CISADM,C1_LEAD_EVT_TYPE,C1C052P0,UNIQUE,NORMAL,VALID,VISIBLE,CISTS_01,NO,2026-01-08 02:26:49
CISADM,C1_LEAD_EVT_TYPE,C1C326S1,NONUNIQUE,NORMAL,VALID,VISIBLE,CISTS_01,NO,2026-01-08 02:26:49
CISADM,C1_LEAD_EVT_TYPE,C1C326S2,NONUNIQUE,NORMAL,VALID,VISIBLE,CISTS_01,NO,2026-01-08 02:26:49
CISADM,C1_LEAD_EVT_TYPE_CHAR,C1C054P0,UNIQUE,NORMAL,VALID,VISIBLE,CISTS_01,NO,2026-01-08 02:26:40
CISADM,C1_LEAD_EVT_TYPE_CHAR,C1C327S1,NONUNIQUE,NORMAL,VALID,VISIBLE,CISTS_01,NO,2026-01-08 02:26:40
CISADM,C1_LEAD_EVT_TYPE_L,C1C053P0,UNIQUE,NORMAL,VALID,VISIBLE,CISTS_01,NO,2026-01-08 02:26:49
CISADM,C1_LEAD_K,C1T117P0,UNIQUE,IOT - TOP,VALID,VISIBLE,CISTS_01,NO,2026-01-07 21:29:03
CISADM,C1_LEAD_LOG,C1T110P0,UNIQUE,NORMAL,VALID,VISIBLE,CISTS_01,NO,2026-01-08 02:08:13
CISADM,C1_LEAD_LOG,C1T110S1,NONUNIQUE,NORMAL,VALID,VISIBLE,CISTS_01,NO,2026-01-08 02:08:13
CISADM,C1_LEAD_LOG,C1T110S2,NONUNIQUE,NORMAL,VALID,VISIBLE,CISTS_01,NO,2026-01-08 02:08:13
CISADM,C1_LEAD_LOG_PARM,C1T111P0,UNIQUE,NORMAL,VALID,VISIBLE,CISTS_01,NO,2026-01-08 02:12:47
CISADM,C1_LEAD_REL_OBJ,C1T112P0,UNIQUE,NORMAL,VALID,VISIBLE,CISTS_01,NO,2026-01-08 02:09:30
CISADM,C1_LEAD_REL_OBJ,C1T112S1,NONUNIQUE,NORMAL,VALID,VISIBLE,CISTS_01,NO,2026-01-08 02:09:30
CISADM,C1_LETY_STEP_TYPE,C1C061P0,UNIQUE,NORMAL,VALID,VISIBLE,CISTS_01,NO,2026-01-08 02:26:15
CISADM,C1_LETY_STEP_TYPE_L,C1C062P0,UNIQUE,NORMAL,VALID,VISIBLE,CISTS_01,NO,2026-01-08 02:26:45
CISADM,C1_LTR_TMPL_REC,C1C086P0,UNIQUE,NORMAL,VALID,VISIBLE,CISTS_01,NO,2026-01-08 02:26:08
CISADM,C1_LTR_TMPL_REC_L,C1C087P0,UNIQUE,NORMAL,VALID,VISIBLE,CISTS_01,NO,2026-01-08 02:26:20
CISADM,C1_MKT,C1C088P0,UNIQUE,NORMAL,VALID,VISIBLE,CISTS_01,NO,2026-01-08 02:26:15
CISADM,C1_MKT,C1C088S1,NONUNIQUE,NORMAL,VALID,VISIBLE,CISTS_01,NO,2026-01-08 02:26:15
CISADM,C1_MKTMSG_CHG,C1T135P0,UNIQUE,NORMAL,VALID,VISIBLE,CISTS_01,NO,2026-01-08 02:09:40
CISADM,C1_MKTMSG_CHG,C1T135S1,NONUNIQUE,NORMAL,VALID,VISIBLE,CISTS_01,NO,2026-01-08 02:09:40
CISADM,C1_MKTMSG_CHG,C1T135S2,NONUNIQUE,NORMAL,VALID,VISIBLE,CISTS_01,NO,2026-01-08 02:09:40
CISADM,C1_MKTMSG_CHG_DTL,C1T137P0,UNIQUE,NORMAL,VALID,VISIBLE,CISTS_01,NO,2026-01-08 02:15:54
CISADM,C1_MKTMSG_CHG_DTL,C1T137S1,NONUNIQUE,NORMAL,VALID,VISIBLE,CISTS_01,NO,2026-01-08 02:15:54
CISADM,C1_MKTMSG_CHG_DTL,C1T137S2,NONUNIQUE,NORMAL,VALID,VISIBLE,CISTS_01,NO,2026-01-08 02:15:54
CISADM,C1_MKTMSG_CHG_DTL,C1T137S3,NONUNIQUE,NORMAL,VALID,VISIBLE,CISTS_01,NO,2026-01-08 02:15:54
CISADM,C1_MKTMSG_CHG_DTL,C1T137S4,NONUNIQUE,NORMAL,VALID,VISIBLE,CISTS_01,NO,2026-01-08 02:15:54
CISADM,C1_MKTMSG_CHG_K,C1T136P0,UNIQUE,IOT - TOP,VALID,VISIBLE,CISTS_01,NO,2026-01-07 21:29:03
CISADM,C1_MKTMSG_CHG_LOG,C1T139P0,UNIQUE,NORMAL,VALID,VISIBLE,CISTS_01,NO,2026-01-08 02:12:47
CISADM,C1_MKTMSG_CHG_LOG,C1T139S1,NONUNIQUE,NORMAL,VALID,VISIBLE,CISTS_01,NO,2026-01-08 02:12:47
CISADM,C1_MKTMSG_CHG_LOG,C1T139S2,NONUNIQUE,NORMAL,VALID,VISIBLE,CISTS_01,NO,2026-01-08 02:12:47
CISADM,C1_MKTMSG_CHG_LOG_PARM,C1T140P0,UNIQUE,NORMAL,VALID,VISIBLE,CISTS_01,NO,2026-01-08 02:13:45
CISADM,C1_MKTMSG_CHG_REL_OBJ,C1T138P0,UNIQUE,NORMAL,VALID,VISIBLE,CISTS_01,NO,2026-01-08 02:11:33
CISADM,C1_MKTMSG_CHG_REL_OBJ,C1T138S1,NONUNIQUE,NORMAL,VALID,VISIBLE,CISTS_01,NO,2026-01-08 02:11:33
CISADM,C1_MKTMSG_CHG_REL_OBJ,C1T138S2,NONUNIQUE,NORMAL,VALID,VISIBLE,CISTS_01,NO,2026-01-08 02:11:33
CISADM,C1_MKTMSG_PAY,C1T129P0,UNIQUE,NORMAL,VALID,VISIBLE,CISTS_01,NO,2026-01-08 02:13:48
CISADM,C1_MKTMSG_PAY,C1T129S1,NONUNIQUE,NORMAL,VALID,VISIBLE,CISTS_01,NO,2026-01-08 02:13:48
CISADM,C1_MKTMSG_PAY,C1T129S2,NONUNIQUE,NORMAL,VALID,VISIBLE,CISTS_01,NO,2026-01-08 02:13:48
CISADM,C1_MKTMSG_PAY_DTL,C1T131P0,UNIQUE,NORMAL,VALID,VISIBLE,CISTS_01,NO,2026-01-08 02:09:39
CISADM,C1_MKTMSG_PAY_DTL,C1T131S1,NONUNIQUE,NORMAL,VALID,VISIBLE,CISTS_01,NO,2026-01-08 02:09:38
CISADM,C1_MKTMSG_PAY_DTL,C1T131S2,NONUNIQUE,NORMAL,VALID,VISIBLE,CISTS_01,NO,2026-01-08 02:09:38
CISADM,C1_MKTMSG_PAY_DTL,C1T131S3,NONUNIQUE,NORMAL,VALID,VISIBLE,CISTS_01,NO,2026-01-08 02:09:38
CISADM,C1_MKTMSG_PAY_K,C1T130P0,UNIQUE,IOT - TOP,VALID,VISIBLE,CISTS_01,NO,2026-01-07 21:29:04
CISADM,C1_MKTMSG_PAY_LOG,C1T133P0,UNIQUE,NORMAL,VALID,VISIBLE,CISTS_01,NO,2026-01-08 02:10:42
CISADM,C1_MKTMSG_PAY_LOG,C1T133S1,NONUNIQUE,NORMAL,VALID,VISIBLE,CISTS_01,NO,2026-01-08 02:10:42
CISADM,C1_MKTMSG_PAY_LOG,C1T133S2,NONUNIQUE,NORMAL,VALID,VISIBLE,CISTS_01,NO,2026-01-08 02:10:42
CISADM,C1_MKTMSG_PAY_LOG_PARM,C1T134P0,UNIQUE,NORMAL,VALID,VISIBLE,CISTS_01,NO,2026-01-08 02:11:11
CISADM,C1_MKTMSG_PAY_REL_OBJ,C1T132P0,UNIQUE,NORMAL,VALID,VISIBLE,CISTS_01,NO,2026-01-08 02:09:18
CISADM,C1_MKTMSG_PAY_REL_OBJ,C1T132S1,NONUNIQUE,NORMAL,VALID,VISIBLE,CISTS_01,NO,2026-01-08 02:09:18
CISADM,C1_MKTMSG_PAY_REL_OBJ,C1T132S2,NONUNIQUE,NORMAL,VALID,VISIBLE,CISTS_01,NO,2026-01-08 02:09:18
CISADM,C1_MKTMSG_USG,C1T123P0,UNIQUE,NORMAL,VALID,VISIBLE,CISTS_01,NO,2026-01-08 02:13:01
CISADM,C1_MKTMSG_USG,C1T123S1,NONUNIQUE,NORMAL,VALID,VISIBLE,CISTS_01,NO,2026-01-08 02:13:01
CISADM,C1_MKTMSG_USG,C1T123S2,NONUNIQUE,NORMAL,VALID,VISIBLE,CISTS_01,NO,2026-01-08 02:13:01
CISADM,C1_MKTMSG_USG_DTL,C1T125P0,UNIQUE,NORMAL,VALID,VISIBLE,CISTS_01,NO,2026-01-08 02:12:30
CISADM,C1_MKTMSG_USG_K,C1T124P0,UNIQUE,IOT - TOP,VALID,VISIBLE,CISTS_01,NO,2026-01-07 21:29:04
CISADM,C1_MKTMSG_USG_LOG,C1T127P0,UNIQUE,NORMAL,VALID,VISIBLE,CISTS_01,NO,2026-01-08 02:15:39
CISADM,C1_MKTMSG_USG_LOG,C1T127S1,NONUNIQUE,NORMAL,VALID,VISIBLE,CISTS_01,NO,2026-01-08 02:15:39
CISADM,C1_MKTMSG_USG_LOG,C1T127S2,NONUNIQUE,NORMAL,VALID,VISIBLE,CISTS_01,NO,2026-01-08 02:15:38
CISADM,C1_MKTMSG_USG_LOG_PARM,C1T128P0,UNIQUE,NORMAL,VALID,VISIBLE,CISTS_01,NO,2026-01-08 02:13:52
CISADM,C1_MKTMSG_USG_REL_OBJ,C1T126P0,UNIQUE,NORMAL,VALID,VISIBLE,CISTS_01,NO,2026-01-08 02:10:41
CISADM,C1_MKTMSG_USG_REL_OBJ,C1T126S1,NONUNIQUE,NORMAL,VALID,VISIBLE,CISTS_01,NO,2026-01-08 02:10:41
CISADM,C1_MKTMSG_USG_REL_OBJ,C1T126S2,NONUNIQUE,NORMAL,VALID,VISIBLE,CISTS_01,NO,2026-01-08 02:10:41
CISADM,C1_MKT_CHAR,C1C090P0,UNIQUE,NORMAL,VALID,VISIBLE,CISTS_01,NO,2026-01-08 02:26:08
CISADM,C1_MKT_CHAR,C1C090S1,NONUNIQUE,NORMAL,VALID,VISIBLE,CISTS_01,NO,2026-01-08 02:26:08
CISADM,C1_MKT_FALLBACK_SPR,C1C091P0,UNIQUE,NORMAL,VALID,VISIBLE,CISTS_01,NO,2026-01-08 02:26:33
CISADM,C1_MKT_L,C1C089P0,UNIQUE,NORMAL,VALID,VISIBLE,CISTS_01,NO,2026-01-08 02:26:04
CISADM,C1_MKT_PROV_CONFIG_OPT,C1C129P0,UNIQUE,NORMAL,VALID,VISIBLE,CISTS_01,NO,2026-01-08 02:26:01
CISADM,C1_MKT_PROV_CONFIG_OPT,C1C129S1,NONUNIQUE,NORMAL,VALID,VISIBLE,CISTS_01,NO,2026-01-08 02:26:01
CISADM,C1_MKT_PROV_CONFIG_OPT_L,C1C130P0,UNIQUE,NORMAL,VALID,VISIBLE,CISTS_01,NO,2026-01-08 02:25:55
CISADM,C1_MKT_RP,C1M009P0,UNIQUE,NORMAL,VALID,VISIBLE,CISTS_01,NO,2026-01-08 02:08:36
CISADM,C1_MKT_RP,C1M009S1,NONUNIQUE,NORMAL,VALID,VISIBLE,CISTS_01,NO,2026-01-08 02:08:36
CISADM,C1_MKT_RP,C1M009S2,NONUNIQUE,NORMAL,VALID,VISIBLE,CISTS_01,NO,2026-01-08 02:08:37
CISADM,C1_MKT_RP,C1M009S3,NONUNIQUE,NORMAL,VALID,VISIBLE,CISTS_01,NO,2026-01-08 02:08:36
CISADM,C1_MKT_RP,C1M009S4,NONUNIQUE,NORMAL,VALID,VISIBLE,CISTS_01,NO,2026-01-08 02:08:37
CISADM,C1_MKT_RP,C1M009S5,NONUNIQUE,NORMAL,VALID,VISIBLE,CISTS_01,NO,2026-01-08 02:08:36
CISADM,C1_MKT_RP,C1M009S6,NONUNIQUE,NORMAL,VALID,VISIBLE,CISTS_01,NO,2026-01-08 02:08:37
CISADM,C1_MKT_RP,C1M009S7,NONUNIQUE,NORMAL,VALID,VISIBLE,CISTS_01,NO,2026-01-08 02:08:37
CISADM,C1_MKT_RP_ATTR,C1M013P0,UNIQUE,NORMAL,VALID,VISIBLE,CISTS_01,NO,2026-01-08 02:12:35
CISADM,C1_MKT_RP_ATTR,C1M013S1,NONUNIQUE,NORMAL,VALID,VISIBLE,CISTS_01,NO,2026-01-08 02:09:11
CISADM,C1_MKT_RP_CHAR,C1M012P0,UNIQUE,NORMAL,VALID,VISIBLE,CISTS_01,NO,2026-01-08 02:12:41
CISADM,C1_MKT_RP_CHAR,C1M012S1,NONUNIQUE,NORMAL,VALID,VISIBLE,CISTS_01,NO,2026-01-08 02:12:41
CISADM,C1_MKT_RP_K,C1M016P0,UNIQUE,IOT - TOP,VALID,VISIBLE,CISTS_01,NO,2026-01-07 21:29:04
CISADM,C1_MKT_RP_LOG,C1M010P0,UNIQUE,NORMAL,VALID,VISIBLE,CISTS_01,NO,2026-01-08 02:09:54
CISADM,C1_MKT_RP_LOG,C1M010S1,NONUNIQUE,NORMAL,VALID,VISIBLE,CISTS_01,NO,2026-01-08 02:09:54
CISADM,C1_MKT_RP_LOG,C1M010S2,NONUNIQUE,NORMAL,VALID,VISIBLE,CISTS_01,NO,2026-01-08 02:09:54
CISADM,C1_MKT_RP_LOG_PARM,C1M011P0,UNIQUE,NORMAL,VALID,VISIBLE,CISTS_01,NO,2026-01-08 02:09:29
CISADM,C1_MKT_RP_REL,C1M015P0,UNIQUE,NORMAL,VALID,VISIBLE,CISTS_01,NO,2026-01-08 02:13:47
CISADM,C1_MKT_RP_REL_OBJ,C1M014P0,UNIQUE,NORMAL,VALID,VISIBLE,CISTS_01,NO,2026-01-08 02:09:07
CISADM,C1_MKT_RP_REL_OBJ,C1M014S1,NONUNIQUE,NORMAL,VALID,VISIBLE,CISTS_01,NO,2026-01-08 02:09:07
CISADM,C1_MKT_RP_REL_OBJ,C1M014S2,NONUNIQUE,NORMAL,VALID,VISIBLE,CISTS_01,NO,2026-01-08 02:09:07
CISADM,C1_MKT_VALID_SPR,C1C092P0,UNIQUE,NORMAL,VALID,VISIBLE,CISTS_01,NO,2026-01-08 02:25:50
CISADM,C1_NTF_PREF,C1T002P0,UNIQUE,NORMAL,VALID,VISIBLE,CISTS_01,NO,2026-01-08 02:17:35
CISADM,C1_NTF_PREF,C1T002S1,NONUNIQUE,NORMAL,VALID,VISIBLE,CISTS_01,NO,2026-01-08 02:17:35
CISADM,C1_NTF_PREF,C1T002S2,NONUNIQUE,NORMAL,VALID,VISIBLE,CISTS_01,NO,2026-01-08 02:17:35
CISADM,C1_NTF_PREF,C1T002S3,NONUNIQUE,NORMAL,VALID,VISIBLE,CISTS_01,NO,2026-01-08 02:17:35
CISADM,C1_NTF_PREF,C1T002S4,NONUNIQUE,NORMAL,VALID,VISIBLE,CISTS_01,NO,2026-01-08 02:17:35
CISADM,C1_NTF_PREF_CHAR,C1T003P0,UNIQUE,NORMAL,VALID,VISIBLE,CISTS_01,NO,2026-01-08 02:11:08
CISADM,C1_NTF_PREF_CHAR,C1T003S1,NONUNIQUE,NORMAL,VALID,VISIBLE,CISTS_01,NO,2026-01-08 02:11:08
CISADM,C1_NTF_PREF_ID,C1T006P0,UNIQUE,NORMAL,VALID,VISIBLE,CISTS_01,NO,2026-01-08 02:10:49
CISADM,C1_NTF_PREF_K,C1T008P0,UNIQUE,IOT - TOP,VALID,VISIBLE,CISTS_01,NO,2026-01-08 02:17:27
CISADM,C1_NTF_PREF_LOG,C1T004P0,UNIQUE,NORMAL,VALID,VISIBLE,CISTS_01,NO,2026-01-08 02:17:34
CISADM,C1_NTF_PREF_LOG,C1T004S1,NONUNIQUE,NORMAL,VALID,VISIBLE,CISTS_01,NO,2026-01-08 02:17:34
CISADM,C1_NTF_PREF_LOG,C1T004S2,NONUNIQUE,NORMAL,VALID,VISIBLE,CISTS_01,NO,2026-01-08 02:17:34
CISADM,C1_NTF_PREF_LOG_PARM,C1T005P0,UNIQUE,NORMAL,VALID,VISIBLE,CISTS_01,NO,2026-01-08 02:11:02
CISADM,C1_NTF_TYPE,C1C014P0,UNIQUE,NORMAL,VALID,VISIBLE,CISTS_01,NO,2026-01-09 02:12:23
CISADM,C1_NTF_TYPE,C1C014S1,NONUNIQUE,NORMAL,VALID,VISIBLE,CISTS_01,NO,2026-01-09 02:12:23
CISADM,C1_NTF_TYPE,C1C014S2,NONUNIQUE,NORMAL,VALID,VISIBLE,CISTS_01,NO,2026-01-09 02:12:23
CISADM,C1_NTF_TYPE,C1C014S3,NONUNIQUE,NORMAL,VALID,VISIBLE,CISTS_01,NO,2026-01-09 02:12:23
CISADM,C1_NTF_TYPE,C1C014S4,NONUNIQUE,NORMAL,VALID,VISIBLE,CISTS_01,NO,2026-01-09 02:12:23
CISADM,C1_NTF_TYPE,C1C014S5,NONUNIQUE,NORMAL,VALID,VISIBLE,CISTS_01,NO,2026-01-09 02:12:23
CISADM,C1_NTF_TYPE,C1C014S6,NONUNIQUE,NORMAL,VALID,VISIBLE,CISTS_01,NO,2026-01-09 02:12:23
CISADM,C1_NTF_TYPE_ALG,C1C019P0,UNIQUE,NORMAL,VALID,VISIBLE,CISTS_01,NO,2026-01-08 02:26:03
CISADM,C1_NTF_TYPE_CHAR,C1C064P0,UNIQUE,NORMAL,VALID,VISIBLE,CISTS_01,NO,2026-01-08 02:25:57
CISADM,C1_NTF_TYPE_CHAR,C1C064S1,NONUNIQUE,NORMAL,VALID,VISIBLE,CISTS_01,NO,2026-01-08 02:25:56
CISADM,C1_NTF_TYPE_COMM_RTE_TYPE,C1C018P0,UNIQUE,NORMAL,VALID,VISIBLE,CISTS_01,NO,2026-02-27 02:15:23
CISADM,C1_NTF_TYPE_DVTYP,C1C063P0,UNIQUE,NORMAL,VALID,VISIBLE,CISTS_01,NO,2026-02-27 02:15:24
CISADM,C1_NTF_TYPE_L,C1C015P0,UNIQUE,NORMAL,VALID,VISIBLE,CISTS_01,NO,2026-02-27 02:15:23
CISADM,C1_OFFCYC_BGEN,XT197P0,UNIQUE,NORMAL,VALID,VISIBLE,CISTS_01,NO,2026-01-09 02:14:09
CISADM,C1_OFFCYC_BGEN,XT197S1,NONUNIQUE,NORMAL,VALID,VISIBLE,CISTS_01,NO,2026-01-09 02:14:09
CISADM,C1_OFFCYC_BGEN_ADJ,XT285P0,UNIQUE,NORMAL,VALID,VISIBLE,CISTS_01,NO,2026-01-08 02:18:09
CISADM,C1_OFFCYC_BGEN_ADJ,XT285S1,NONUNIQUE,NORMAL,VALID,VISIBLE,CISTS_01,NO,2026-01-08 02:18:09
CISADM,C1_OFFCYC_BGEN_BCHG,XT326P0,UNIQUE,NORMAL,VALID,VISIBLE,CISTS_01,NO,2026-01-08 02:10:01
CISADM,C1_OFFCYC_BGEN_BCHG,XT326S1,UNIQUE,NORMAL,VALID,VISIBLE,CISTS_01,NO,2026-01-08 02:10:01
CISADM,C1_OFFCYC_BGEN_BSEG,C1T160P0,UNIQUE,NORMAL,VALID,VISIBLE,CISTS_01,NO,2026-01-08 02:09:37
CISADM,C1_OFFCYC_BGEN_CHAR,XT343P0,UNIQUE,NORMAL,VALID,VISIBLE,CISTS_01,NO,2026-01-09 02:13:30
CISADM,C1_OFFCYC_BGEN_CHAR,XT343S1,NONUNIQUE,NORMAL,VALID,VISIBLE,CISTS_01,NO,2026-01-09 02:13:29
CISADM,C1_OFFCYC_BGEN_K,XT367P0,UNIQUE,IOT - TOP,VALID,VISIBLE,CISTS_01,NO,2026-01-08 02:19:13
CISADM,C1_OFFCYC_BGEN_LOG,XT344P0,UNIQUE,NORMAL,VALID,VISIBLE,CISTS_01,NO,2026-01-09 02:13:33
CISADM,C1_OFFCYC_BGEN_LOG,XT344S1,NONUNIQUE,NORMAL,VALID,VISIBLE,CISTS_01,NO,2026-01-09 02:13:33
CISADM,C1_OFFCYC_BGEN_LOG_PARM,XT357P0,UNIQUE,NORMAL,VALID,VISIBLE,CISTS_01,NO,2026-01-08 02:19:36
CISADM,C1_OFFCYC_BGEN_SA,XT359P0,UNIQUE,NORMAL,VALID,VISIBLE,CISTS_01,NO,2026-01-09 02:13:13
CISADM,C1_OFFCYC_BGEN_SA,XT359S1,NONUNIQUE,NORMAL,VALID,VISIBLE,CISTS_01,NO,2026-01-09 02:13:13
CISADM,C1_PA_RQST,C1T020P0,UNIQUE,NORMAL,VALID,VISIBLE,CISTS_01,NO,2026-01-08 02:10:40
CISADM,C1_PA_RQST,C1T020S1,NONUNIQUE,NORMAL,VALID,VISIBLE,CISTS_01,NO,2026-01-08 02:10:40
CISADM,C1_PA_RQST,C1T020S2,NONUNIQUE,NORMAL,VALID,VISIBLE,CISTS_01,NO,2026-01-08 02:10:40
CISADM,C1_PA_RQST_CHAR,C1T024P0,UNIQUE,NORMAL,VALID,VISIBLE,CISTS_01,NO,2026-01-08 02:09:18
CISADM,C1_PA_RQST_CHAR,C1T024S1,NONUNIQUE,NORMAL,VALID,VISIBLE,CISTS_01,NO,2026-01-08 02:09:18
CISADM,C1_PA_RQST_ELIG_RSLT,C1T022P0,UNIQUE,NORMAL,VALID,VISIBLE,CISTS_01,NO,2026-01-08 02:11:33
CISADM,C1_PA_RQST_K,C1T027P0,UNIQUE,IOT - TOP,VALID,VISIBLE,CISTS_01,NO,2026-01-07 21:29:06
CISADM,C1_PA_RQST_LOG,C1T025P0,UNIQUE,NORMAL,VALID,VISIBLE,CISTS_01,NO,2026-01-08 02:15:55
CISADM,C1_PA_RQST_LOG,C1T025S1,NONUNIQUE,NORMAL,VALID,VISIBLE,CISTS_01,NO,2026-01-08 02:15:55
CISADM,C1_PA_RQST_LOG,C1T025S2,NONUNIQUE,NORMAL,VALID,VISIBLE,CISTS_01,NO,2026-01-08 02:15:55
CISADM,C1_PA_RQST_LOG_PARM,C1T026P0,UNIQUE,NORMAL,VALID,VISIBLE,CISTS_01,NO,2026-01-08 02:13:41
CISADM,C1_PA_RQST_REL_OBJ,C1T023P0,UNIQUE,NORMAL,VALID,VISIBLE,CISTS_01,NO,2026-01-08 02:10:54
CISADM,C1_PA_RQST_TYPE,C1C080P0,UNIQUE,NORMAL,VALID,VISIBLE,CISTS_01,NO,2026-01-08 02:26:26
CISADM,C1_PA_RQST_TYPE,C1C080S1,NONUNIQUE,NORMAL,VALID,VISIBLE,CISTS_01,NO,2026-01-08 02:26:26
CISADM,C1_PA_RQST_TYPE,C1C080S2,NONUNIQUE,NORMAL,VALID,VISIBLE,CISTS_01,NO,2026-01-08 02:26:26
CISADM,C1_PA_RQST_TYPE_ALG,C1C084P0,UNIQUE,NORMAL,VALID,VISIBLE,CISTS_01,NO,2026-01-08 02:26:27
CISADM,C1_PA_RQST_TYPE_CHAR,C1C085P0,UNIQUE,NORMAL,VALID,VISIBLE,CISTS_01,NO,2026-01-08 02:26:33
CISADM,C1_PA_RQST_TYPE_CHAR,C1C085S1,NONUNIQUE,NORMAL,VALID,VISIBLE,CISTS_01,NO,2026-01-08 02:26:33
CISADM,C1_PA_RQST_TYPE_DOWN_PAY_OPT,C1C082P0,UNIQUE,NORMAL,VALID,VISIBLE,CISTS_01,NO,2026-01-08 02:25:49
CISADM,C1_PA_RQST_TYPE_DOWN_PAY_OPT_L,C1C083P0,UNIQUE,NORMAL,VALID,VISIBLE,CISTS_01,NO,2026-01-08 02:26:37
CISADM,C1_PA_RQST_TYPE_L,C1C081P0,UNIQUE,NORMAL,VALID,VISIBLE,CISTS_01,NO,2026-02-11 02:19:41
CISADM,C1_PER_CONTDET,C1T009P0,UNIQUE,NORMAL,VALID,VISIBLE,CISTS_01,NO,2026-02-13 02:17:18
CISADM,C1_PER_CONTDET,C1T009S1,NONUNIQUE,NORMAL,VALID,VISIBLE,CISTS_01,NO,2026-02-13 02:17:17
CISADM,C1_PER_CONTDET,C1T009S2,NONUNIQUE,NORMAL,VALID,VISIBLE,CISTS_01,NO,2026-02-13 02:17:18
CISADM,C1_PER_CONT_DET_K,C1T010P0,UNIQUE,IOT - TOP,VALID,VISIBLE,CISTS_01,NO,2026-01-08 02:19:18
CISADM,C1_PER_SS_PAYOPT,C1M007P0,UNIQUE,NORMAL,VALID,VISIBLE,CISTS_01,NO,2026-01-08 02:11:18
CISADM,C1_PER_SS_PAYOPT,C1M007S1,NONUNIQUE,NORMAL,VALID,VISIBLE,CISTS_01,NO,2026-01-08 02:11:18
CISADM,C1_PER_SS_PAYOPT,C1M007S2,NONUNIQUE,NORMAL,VALID,VISIBLE,CISTS_01,NO,2026-01-08 02:11:18
CISADM,C1_PER_SS_PAYOPT_K,C1T121P0,UNIQUE,IOT - TOP,VALID,VISIBLE,CISTS_01,NO,2026-01-07 21:29:07
CISADM,C1_PREM_ACTIVITY_GTT,C1T001P0,UNIQUE,NORMAL,VALID,VISIBLE,,NO,
CISADM,C1_PROD,C1C100P0,UNIQUE,NORMAL,VALID,VISIBLE,CISTS_01,NO,2026-01-08 02:26:10
CISADM,C1_PROD,C1C100S1,NONUNIQUE,NORMAL,VALID,VISIBLE,CISTS_01,NO,2026-01-08 02:26:10
CISADM,C1_PROD_CHAR,C1C101P0,UNIQUE,NORMAL,VALID,VISIBLE,CISTS_01,NO,2026-01-08 02:26:36
CISADM,C1_PROD_CHAR,C1C101S1,NONUNIQUE,NORMAL,VALID,VISIBLE,CISTS_01,NO,2026-01-08 02:26:36
CISADM,C1_PROD_COMP,C1C001P0,UNIQUE,NORMAL,VALID,VISIBLE,CISTS_01,NO,2026-01-08 02:26:39
CISADM,C1_PROD_COMP,C1C001S1,NONUNIQUE,NORMAL,VALID,VISIBLE,CISTS_01,NO,2026-01-08 02:26:39
CISADM,C1_PROD_COMP_CHAR,C1C003P0,UNIQUE,NORMAL,VALID,VISIBLE,CISTS_01,NO,2026-01-08 02:26:28
CISADM,C1_PROD_COMP_CHAR,C1C003S1,NONUNIQUE,NORMAL,VALID,VISIBLE,CISTS_01,NO,2026-01-08 02:26:28
CISADM,C1_PROD_COMP_CHILD,C1C002P0,UNIQUE,NORMAL,VALID,VISIBLE,CISTS_01,NO,2026-01-08 02:26:12
CISADM,C1_PROD_COMP_ELIG_CRIT,C1C120P0,UNIQUE,NORMAL,VALID,VISIBLE,CISTS_01,NO,2026-01-08 02:26:09
CISADM,C1_PROD_COMP_ELIG_CRIT,C1C120S1,NONUNIQUE,NORMAL,VALID,VISIBLE,CISTS_01,NO,2026-01-08 02:26:09
CISADM,C1_PROD_COMP_ELIG_CRIT_CHAR,C1C121P0,UNIQUE,NORMAL,VALID,VISIBLE,CISTS_01,NO,2026-01-08 02:26:14
CISADM,C1_PROD_COMP_ELIG_CRIT_CHAR,C1C121S1,NONUNIQUE,NORMAL,VALID,VISIBLE,CISTS_01,NO,2026-01-08 02:26:14
CISADM,C1_PROD_COMP_ELIG_CRIT_L,C1C122P0,UNIQUE,NORMAL,VALID,VISIBLE,CISTS_01,NO,2026-01-08 02:26:44
CISADM,C1_PROD_COMP_L,C1C004P0,UNIQUE,NORMAL,VALID,VISIBLE,CISTS_01,NO,2026-01-08 02:26:12
CISADM,C1_PROD_ELIG_CRIT,C1C123P0,UNIQUE,NORMAL,VALID,VISIBLE,CISTS_01,NO,2026-01-08 02:26:42
CISADM,C1_PROD_ELIG_CRIT,C1C123S1,NONUNIQUE,NORMAL,VALID,VISIBLE,CISTS_01,NO,2026-01-08 02:26:42
CISADM,C1_PROD_ELIG_CRIT_CHAR,C1C124P0,UNIQUE,NORMAL,VALID,VISIBLE,CISTS_01,NO,2026-01-08 02:26:09
CISADM,C1_PROD_ELIG_CRIT_CHAR,C1C124S1,NONUNIQUE,NORMAL,VALID,VISIBLE,CISTS_01,NO,2026-01-08 02:26:10
CISADM,C1_PROD_ELIG_CRIT_L,C1C125P0,UNIQUE,NORMAL,VALID,VISIBLE,CISTS_01,NO,2026-01-08 02:26:16
CISADM,C1_PROD_L,C1C102P0,UNIQUE,NORMAL,VALID,VISIBLE,CISTS_01,NO,2026-01-08 02:26:16
CISADM,C1_PROD_RULE,C1C117P0,UNIQUE,NORMAL,VALID,VISIBLE,CISTS_01,NO,2026-01-08 02:26:42
CISADM,C1_PROD_RULE,C1C117S1,NONUNIQUE,NORMAL,VALID,VISIBLE,CISTS_01,NO,2026-01-08 02:26:42
CISADM,C1_PROD_RULE_CHAR,C1C118P0,UNIQUE,NORMAL,VALID,VISIBLE,CISTS_01,NO,2026-01-08 02:25:51
CISADM,C1_PROD_RULE_CHAR,C1C118S1,NONUNIQUE,NORMAL,VALID,VISIBLE,CISTS_01,NO,2026-01-08 02:25:51
CISADM,C1_PROD_RULE_L,C1C119P0,UNIQUE,NORMAL,VALID,VISIBLE,CISTS_01,NO,2026-01-08 02:26:20
CISADM,C1_PROD_VER,C1C103P0,UNIQUE,NORMAL,VALID,VISIBLE,CISTS_01,NO,2026-01-08 02:26:32
CISADM,C1_PROD_VER,C1C103S1,NONUNIQUE,NORMAL,VALID,VISIBLE,CISTS_01,NO,2026-01-08 02:26:32
CISADM,C1_PROD_VER_CHAR,C1C105P0,UNIQUE,NORMAL,VALID,VISIBLE,CISTS_01,NO,2026-01-08 02:26:33
CISADM,C1_PROD_VER_CHAR,C1C105S1,NONUNIQUE,NORMAL,VALID,VISIBLE,CISTS_01,NO,2026-01-08 02:26:33
CISADM,C1_PROD_VER_K,C1C109P0,UNIQUE,IOT - TOP,VALID,VISIBLE,CISTS_01,NO,2026-01-07 21:29:08
CISADM,C1_PROD_VER_L,C1C106P0,UNIQUE,NORMAL,VALID,VISIBLE,CISTS_01,NO,2026-01-08 02:26:12
CISADM,C1_PROD_VER_LOG,C1C107P0,UNIQUE,NORMAL,VALID,VISIBLE,CISTS_01,NO,2026-01-08 02:26:34
CISADM,C1_PROD_VER_LOG,C1C107S1,NONUNIQUE,NORMAL,VALID,VISIBLE,CISTS_01,NO,2026-01-08 02:26:34
CISADM,C1_PROD_VER_LOG,C1C107S2,NONUNIQUE,NORMAL,VALID,VISIBLE,CISTS_01,NO,2026-01-08 02:26:34
CISADM,C1_PROD_VER_LOG_PARM,C1C108P0,UNIQUE,NORMAL,VALID,VISIBLE,CISTS_01,NO,2026-01-08 02:25:49
CISADM,C1_PROD_VER_RULE,C1C104P0,UNIQUE,NORMAL,VALID,VISIBLE,CISTS_01,NO,2026-01-08 02:26:37
CISADM,C1_PROV_CONFIG_OPT,C1C127P0,UNIQUE,NORMAL,VALID,VISIBLE,CISTS_01,NO,2026-01-08 02:26:31
CISADM,C1_PROV_CONFIG_OPT,C1C127S1,NONUNIQUE,NORMAL,VALID,VISIBLE,CISTS_01,NO,2026-01-08 02:26:31
CISADM,C1_PROV_CONFIG_OPT_L,C1C128P0,UNIQUE,NORMAL,VALID,VISIBLE,CISTS_01,NO,2026-01-08 02:25:49
CISADM,C1_PROV_CONFIG_SATY,C1C132P0,UNIQUE,NORMAL,VALID,VISIBLE,CISTS_01,NO,2026-01-08 02:25:58
CISADM,C1_PROV_CONFIG_SATY_OVRD,C1C133P0,UNIQUE,NORMAL,VALID,VISIBLE,CISTS_01,NO,2026-01-08 02:26:00
CISADM,C1_RC_CALC_GTT,C1T102P0,UNIQUE,NORMAL,VALID,VISIBLE,,NO,
CISADM,C1_RC_CALC_LN_GTT,C1T103P0,UNIQUE,NORMAL,VALID,VISIBLE,,NO,
CISADM,C1_RC_CHAR_GTT,C1T106P0,UNIQUE,NORMAL,VALID,VISIBLE,,NO,
CISADM,C1_RC_READ_GTT,C1T105P0,UNIQUE,NORMAL,VALID,VISIBLE,,NO,
CISADM,C1_RC_SQ_GTT,C1T104P0,UNIQUE,NORMAL,VALID,VISIBLE,,NO,
CISADM,C1_RC_TRACE_GTT,C1T107P0,UNIQUE,NORMAL,VALID,VISIBLE,,NO,
CISADM,C1_REPRESENTATIVE,C1C067P0,UNIQUE,NORMAL,VALID,VISIBLE,CISTS_01,NO,2026-02-18 02:13:50
CISADM,C1_REPRESENTATIVE,C1C335S1,NONUNIQUE,NORMAL,VALID,VISIBLE,CISTS_01,NO,2026-02-18 02:13:50
CISADM,C1_REPRESENTATIVE_CHAR,C1C070P0,UNIQUE,NORMAL,VALID,VISIBLE,CISTS_01,NO,2026-01-08 02:26:27
CISADM,C1_REPRESENTATIVE_CHAR,C1C336S1,NONUNIQUE,NORMAL,VALID,VISIBLE,CISTS_01,NO,2026-01-08 02:26:27
CISADM,C1_REPRESENTATIVE_L,C1C069P0,UNIQUE,NORMAL,VALID,VISIBLE,CISTS_01,NO,2026-01-17 22:11:34
CISADM,C1_REPRESENTATIVE_LOG,C1C071P0,UNIQUE,NORMAL,VALID,VISIBLE,CISTS_01,NO,2026-01-08 02:26:07
CISADM,C1_REPRESENTATIVE_LOG,C1C337S1,NONUNIQUE,NORMAL,VALID,VISIBLE,CISTS_01,NO,2026-01-08 02:26:08
CISADM,C1_REPRESENTATIVE_LOG,C1C337S2,NONUNIQUE,NORMAL,VALID,VISIBLE,CISTS_01,NO,2026-01-08 02:26:07
CISADM,C1_REPRESENTATIVE_LOG_PARM,C1C072P0,UNIQUE,NORMAL,VALID,VISIBLE,CISTS_01,NO,2026-01-08 02:26:14
CISADM,C1_REP_GRP_MEM,C1C068P0,UNIQUE,NORMAL,VALID,VISIBLE,CISTS_01,NO,2026-01-08 02:26:41
CISADM,C1_RS_POST_PROC,C1C033P0,UNIQUE,NORMAL,VALID,VISIBLE,CISTS_01,NO,2026-01-08 02:26:18
CISADM,C1_RS_POST_PROC_L,C1C034P0,UNIQUE,NORMAL,VALID,VISIBLE,CISTS_01,NO,2026-01-08 02:26:41
CISADM,C1_RS_PRE_PROC,C1C031P0,UNIQUE,NORMAL,VALID,VISIBLE,CISTS_01,NO,2026-02-11 02:19:09
CISADM,C1_RS_PRE_PROC_L,C1C032P0,UNIQUE,NORMAL,VALID,VISIBLE,CISTS_01,NO,2026-01-28 02:15:04
CISADM,C1_RS_RV2,C1C035P0,UNIQUE,NORMAL,VALID,VISIBLE,CISTS_01,NO,2026-02-11 02:19:09
CISADM,C1_RS_RV2_L,C1C036P0,UNIQUE,NORMAL,VALID,VISIBLE,CISTS_01,NO,2026-02-11 02:19:40
CISADM,C1_SA_CONT_PROD,C1M018P0,UNIQUE,NORMAL,VALID,VISIBLE,CISTS_01,NO,2026-01-08 02:13:47
CISADM,C1_SA_CONT_PROD,C1M018S1,NONUNIQUE,NORMAL,VALID,VISIBLE,CISTS_01,NO,2026-01-08 02:13:47
CISADM,C1_SPR_MKT_OPT,C1C131P0,UNIQUE,NORMAL,VALID,VISIBLE,CISTS_01,NO,2026-01-08 02:25:49
CISADM,C1_SPR_MKT_OPT,C1C131S1,NONUNIQUE,NORMAL,VALID,VISIBLE,CISTS_01,NO,2026-01-08 02:25:50
CISADM,C1_SPR_MKT_OPT_SA,C1C134P0,UNIQUE,NORMAL,VALID,VISIBLE,CISTS_01,NO,2026-01-08 02:26:07
CISADM,C1_SS_CONT_OVRD,C1M001P0,UNIQUE,NORMAL,VALID,VISIBLE,CISTS_01,NO,2026-02-14 22:21:36
CISADM,C1_SS_CONT_OVRD,C1M001S1,NONUNIQUE,NORMAL,VALID,VISIBLE,CISTS_01,NO,2026-02-14 22:21:36
CISADM,C1_SS_CONT_OVRD_K,C1T012P0,UNIQUE,IOT - TOP,VALID,VISIBLE,CISTS_01,NO,2026-02-14 22:21:36
CISADM,C1_TOU_MAP,C1C044P0,UNIQUE,NORMAL,VALID,VISIBLE,CISTS_01,NO,2026-01-08 02:25:49
CISADM,C1_TOU_MAP,C1C044S1,NONUNIQUE,NORMAL,VALID,VISIBLE,CISTS_01,NO,2026-01-08 02:25:49
CISADM,C1_TOU_MAP,C1C044S2,NONUNIQUE,NORMAL,VALID,VISIBLE,CISTS_01,NO,2026-01-08 02:25:50
CISADM,C1_TOU_MAP_CHAR,C1C046P0,UNIQUE,NORMAL,VALID,VISIBLE,CISTS_01,NO,2026-01-08 02:26:24
CISADM,C1_TOU_MAP_DATA,C1C049P0,UNIQUE,NORMAL,VALID,VISIBLE,CISTS_01,NO,2026-01-08 02:25:49
CISADM,C1_TOU_MAP_DATA_CHAR,C1C050P0,UNIQUE,NORMAL,VALID,VISIBLE,CISTS_01,NO,2026-01-08 02:25:56
CISADM,C1_TOU_MAP_K,C1C051P0,UNIQUE,IOT - TOP,VALID,VISIBLE,CISTS_01,NO,2026-01-07 21:29:09
CISADM,C1_TOU_MAP_L,C1C045P0,UNIQUE,NORMAL,VALID,VISIBLE,CISTS_01,NO,2026-01-08 02:26:21
CISADM,C1_TOU_MAP_L,C1C045S1,NONUNIQUE,NORMAL,VALID,VISIBLE,CISTS_01,NO,2026-01-08 02:26:21
CISADM,C1_TOU_MAP_LOG,C1C047P0,UNIQUE,NORMAL,VALID,VISIBLE,CISTS_01,NO,2026-01-08 02:26:44
CISADM,C1_TOU_MAP_LOG_PARM,C1C048P0,UNIQUE,NORMAL,VALID,VISIBLE,CISTS_01,NO,2026-01-08 02:26:46
CISADM,C1_TOU_MAP_TMPLT,C1C037P0,UNIQUE,NORMAL,VALID,VISIBLE,CISTS_01,NO,2026-01-08 02:26:40
CISADM,C1_TOU_MAP_TMPLT,C1C037S1,NONUNIQUE,NORMAL,VALID,VISIBLE,CISTS_01,NO,2026-01-08 02:26:40
CISADM,C1_TOU_MAP_TMPLT,C1C037S2,NONUNIQUE,NORMAL,VALID,VISIBLE,CISTS_01,NO,2026-01-08 02:26:40
CISADM,C1_TOU_MAP_TMPLT_CHAR,C1C039P0,UNIQUE,NORMAL,VALID,VISIBLE,CISTS_01,NO,2026-01-08 02:26:43
CISADM,C1_TOU_MAP_TMPLT_L,C1C038P0,UNIQUE,NORMAL,VALID,VISIBLE,CISTS_01,NO,2026-01-08 02:26:23
CISADM,C1_TOU_MAP_TYPE,C1C040P0,UNIQUE,NORMAL,VALID,VISIBLE,CISTS_01,NO,2026-01-08 02:26:38
CISADM,C1_TOU_MAP_TYPE,C1C040S1,NONUNIQUE,NORMAL,VALID,VISIBLE,CISTS_01,NO,2026-01-08 02:26:38
CISADM,C1_TOU_MAP_TYPE_CHAR,C1C043P0,UNIQUE,NORMAL,VALID,VISIBLE,CISTS_01,NO,2026-01-08 02:26:14
CISADM,C1_TOU_MAP_TYPE_L,C1C041P0,UNIQUE,NORMAL,VALID,VISIBLE,CISTS_01,NO,2026-01-08 02:26:41
CISADM,C1_TOU_MAP_TYPE_TMPLT,C1C042P0,UNIQUE,NORMAL,VALID,VISIBLE,CISTS_01,NO,2026-01-08 02:26:07
CISADM,C1_USAGE,CT368S2,NONUNIQUE,NORMAL,VALID,VISIBLE,CISTS_01,NO,2026-01-09 02:21:28
CISADM,C1_USAGE,CT368S3,NONUNIQUE,NORMAL,VALID,VISIBLE,CISTS_01,NO,2026-01-09 02:21:24
CISADM,C1_USAGE,CT368S4,NONUNIQUE,NORMAL,VALID,VISIBLE,CISTS_01,NO,2026-01-09 02:21:28
CISADM,C1_USAGE,CT368S5,NONUNIQUE,NORMAL,VALID,VISIBLE,CISTS_01,NO,2026-01-09 02:21:21
CISADM,C1_USAGE,XT368P0,UNIQUE,NORMAL,VALID,VISIBLE,CISTS_01,NO,2026-01-09 02:21:21
CISADM,C1_USAGE,XT368S1,UNIQUE,NORMAL,VALID,VISIBLE,CISTS_01,NO,2026-01-09 02:21:21
CISADM,C1_USAGE,XT368S4,NONUNIQUE,NORMAL,VALID,VISIBLE,CISTS_01,NO,2026-01-09 02:21:26
CISADM,C1_USAGE_CHAR,XT387P0,UNIQUE,NORMAL,VALID,VISIBLE,CISTS_01,NO,2026-01-08 02:14:02
CISADM,C1_USAGE_CHAR,XT387S1,NONUNIQUE,NORMAL,VALID,VISIBLE,CISTS_01,NO,2026-01-08 02:14:02
CISADM,C1_USAGE_K,XT390P0,UNIQUE,IOT - TOP,VALID,VISIBLE,CISTS_01,NO,2026-01-08 02:21:19
CISADM,C1_USAGE_LOG,XT388P0,UNIQUE,NORMAL,VALID,VISIBLE,CISTS_01,NO,2026-01-09 02:23:43
CISADM,C1_USAGE_LOG,XT388S1,NONUNIQUE,NORMAL,VALID,VISIBLE,CISTS_01,NO,2026-01-09 02:23:46
CISADM,C1_USAGE_LOG_PARM,XT389P0,UNIQUE,NORMAL,VALID,VISIBLE,CISTS_01,NO,2026-01-09 02:21:04
CISADM,C1_USER_CIS_DIV,C1C007P0,UNIQUE,NORMAL,VALID,VISIBLE,CISTS_01,NO,2026-01-08 02:26:39
CISADM,C1_USER_TNDR_SRCE,XC811P0,UNIQUE,NORMAL,VALID,VISIBLE,CISTS_01,NO,2026-01-08 02:26:08
CISADM,C1_WEB_USER,C1T036P0,UNIQUE,NORMAL,VALID,VISIBLE,CISTS_01,NO,2026-01-08 02:15:07
CISADM,C1_WEB_USER,C1T036S1,NONUNIQUE,NORMAL,VALID,VISIBLE,CISTS_01,NO,2026-01-08 02:15:07
CISADM,C1_WEB_USER,C1T036S2,NONUNIQUE,NORMAL,VALID,VISIBLE,CISTS_01,NO,2026-01-08 02:15:07
CISADM,C1_WEB_USER,C1T036S3,NONUNIQUE,NORMAL,VALID,VISIBLE,CISTS_01,NO,2026-01-08 02:15:07
CISADM,C1_WEB_USER_ACCT,C1T040P0,UNIQUE,NORMAL,VALID,VISIBLE,CISTS_01,NO,2026-01-08 02:11:09
CISADM,C1_WEB_USER_ACCT_LOG,C1T041P0,UNIQUE,NORMAL,VALID,VISIBLE,CISTS_01,NO,2026-01-08 02:09:07
CISADM,C1_WEB_USER_ACCT_LOG_PARM,C1T042P0,UNIQUE,NORMAL,VALID,VISIBLE,CISTS_01,NO,2026-01-08 02:15:09
CISADM,C1_WEB_USER_K,C1T037P0,UNIQUE,IOT - TOP,VALID,VISIBLE,CISTS_01,NO,2026-01-07 21:29:19
CISADM,C1_WEB_USER_LOG,C1T038P0,UNIQUE,NORMAL,VALID,VISIBLE,CISTS_01,NO,2026-01-08 02:08:36
CISADM,C1_WEB_USER_LOG_PARM,C1T039P0,UNIQUE,NORMAL,VALID,VISIBLE,CISTS_01,NO,2026-01-08 02:11:59
CISADM,CI_ACCT,XM148P0,UNIQUE,NORMAL,VALID,VISIBLE,CISTS_01,NO,2026-02-27 02:14:42
CISADM,CI_ACCT,XM148S1,NONUNIQUE,NORMAL,VALID,VISIBLE,CISTS_01,NO,2026-02-27 02:14:43
CISADM,CI_ACCT,XM148S2,NONUNIQUE,NORMAL,VALID,VISIBLE,CISTS_01,NO,2026-02-27 02:14:42
CISADM,CI_ACCT_ALERT,XT076P0,UNIQUE,NORMAL,VALID,VISIBLE,CISTS_01,NO,2026-01-09 02:12:50
CISADM,CI_ACCT_APAY,XT002P0,UNIQUE,NORMAL,VALID,VISIBLE,CISTS_01,NO,2026-01-08 02:17:36
CISADM,CI_ACCT_APAY,XT002S1,NONUNIQUE,NORMAL,VALID,VISIBLE,CISTS_01,NO,2026-01-08 02:17:36
CISADM,CI_ACCT_APAY,XT002S2,NONUNIQUE,NORMAL,VALID,VISIBLE,CISTS_01,NO,2026-01-08 02:17:36
CISADM,CI_ACCT_APAY_K,XT500P0,UNIQUE,IOT - TOP,VALID,VISIBLE,CISTS_01,NO,2026-01-08 02:17:37
CISADM,CI_ACCT_CHAR,C1M008S1,NONUNIQUE,NORMAL,VALID,VISIBLE,CISTS_01,NO,2026-01-29 02:18:04
CISADM,CI_ACCT_CHAR,XM064P0,UNIQUE,NORMAL,VALID,VISIBLE,CISTS_01,NO,2026-01-29 02:18:04
CISADM,CI_ACCT_K,XM500P0,UNIQUE,IOT - TOP,VALID,VISIBLE,CISTS_01,NO,2026-01-08 02:19:26
CISADM,CI_ACCT_MGMT_GR,XC402P0,UNIQUE,NORMAL,VALID,VISIBLE,CISTS_01,NO,2026-01-08 02:26:23
CISADM,CI_ACCT_MGMT_GR_L,XC403P0,UNIQUE,NORMAL,VALID,VISIBLE,CISTS_01,NO,2026-01-16 02:05:30
CISADM,CI_ACCT_MGRP_RL,XC019P0,UNIQUE,NORMAL,VALID,VISIBLE,CISTS_01,NO,2026-01-08 02:25:57
CISADM,CI_ACCT_MSG,XM022P0,UNIQUE,NORMAL,VALID,VISIBLE,CISTS_01,NO,2026-01-09 02:12:11
CISADM,CI_ACCT_MSG_PRM,XT077P0,UNIQUE,NORMAL,VALID,VISIBLE,CISTS_01,NO,2026-01-09 02:12:11
CISADM,CI_ACCT_PER,XM150P0,UNIQUE,NORMAL,VALID,VISIBLE,CISTS_01,NO,2026-02-13 02:17:14
CISADM,CI_ACCT_PER,XM150S1,NONUNIQUE,NORMAL,VALID,VISIBLE,CISTS_01,NO,2026-02-13 02:17:15
CISADM,CI_ACCT_REL_TYP,XC010P0,UNIQUE,NORMAL,VALID,VISIBLE,CISTS_01,NO,2026-01-16 02:05:30
CISADM,CI_ACCT_REL_TYP_L,XC595P0,UNIQUE,NORMAL,VALID,VISIBLE,CISTS_01,NO,2026-01-09 02:12:14
CISADM,CI_ACC_GRP,XC667P0,UNIQUE,NORMAL,VALID,VISIBLE,CISTS_01,NO,2026-01-09 02:12:18
CISADM,CI_ACC_GRP_DAR,XC692P0,UNIQUE,NORMAL,VALID,VISIBLE,CISTS_01,NO,2026-01-09 02:12:17
CISADM,CI_ACC_GRP_L,XC668P0,UNIQUE,NORMAL,VALID,VISIBLE,CISTS_01,NO,2026-01-09 02:12:26
CISADM,CI_ACC_GRP_ROLE,F1C776P0,UNIQUE,NORMAL,VALID,VISIBLE,CISTS_01,NO,2026-01-08 02:26:32
CISADM,CI_ADJ,XT012P0,UNIQUE,NORMAL,VALID,VISIBLE,CISTS_01,NO,2026-02-18 02:13:47
CISADM,CI_ADJ,XT012S1,NONUNIQUE,NORMAL,VALID,VISIBLE,CISTS_01,NO,2026-02-18 02:13:44
CISADM,CI_ADJ,XT012S2,UNIQUE,NORMAL,VALID,VISIBLE,CISTS_01,NO,2026-02-18 02:13:46
CISADM,CI_ADJ,XT012S4,NONUNIQUE,NORMAL,VALID,VISIBLE,CISTS_01,NO,2026-02-18 02:13:49
CISADM,CI_ADJT_ADJTPRF,XC017P0,UNIQUE,NORMAL,VALID,VISIBLE,CISTS_01,NO,2026-01-09 02:12:31
CISADM,CI_ADJT_ADJTPRF,XC017S1,NONUNIQUE,NORMAL,VALID,VISIBLE,CISTS_01,NO,2026-01-09 02:12:31
CISADM,CI_ADJ_APREQ,XT160P0,UNIQUE,NORMAL,VALID,VISIBLE,CISTS_01,NO,2026-02-18 02:13:51
CISADM,CI_ADJ_APREQ,XT160S1,NONUNIQUE,NORMAL,VALID,VISIBLE,CISTS_01,NO,2026-02-18 02:13:50
CISADM,CI_ADJ_APREQ,XT160S2,NONUNIQUE,NORMAL,VALID,VISIBLE,CISTS_01,NO,2026-02-18 02:13:50
CISADM,CI_ADJ_APREQ_K,XT502P0,UNIQUE,IOT - TOP,VALID,VISIBLE,CISTS_01,NO,2026-01-08 02:17:36
CISADM,CI_ADJ_CALC_LN,XT310P0,UNIQUE,NORMAL,VALID,VISIBLE,CISTS_01,NO,2026-01-08 02:08:59
CISADM,CI_ADJ_CAN_RSN,XC014P0,UNIQUE,NORMAL,VALID,VISIBLE,CISTS_01,NO,2026-01-16 02:05:27
CISADM,CI_ADJ_CAN_RSN_L,XC594P0,UNIQUE,NORMAL,VALID,VISIBLE,CISTS_01,NO,2026-01-16 02:05:31
CISADM,CI_ADJ_CHAR,XC781P0,UNIQUE,NORMAL,VALID,VISIBLE,CISTS_01,NO,2026-01-15 02:19:58
CISADM,CI_ADJ_CHAR,XC781S1,NONUNIQUE,NORMAL,VALID,VISIBLE,CISTS_01,NO,2026-01-15 02:19:58
CISADM,CI_ADJ_CL_CHAR,XT309P0,UNIQUE,NORMAL,VALID,VISIBLE,CISTS_01,NO,2026-01-08 02:12:38
CISADM,CI_ADJ_K,XT501P0,UNIQUE,IOT - TOP,VALID,VISIBLE,CISTS_01,NO,2026-01-08 02:20:33
CISADM,CI_ADJ_STG_CTL,XT351P0,UNIQUE,NORMAL,VALID,VISIBLE,CISTS_01,NO,2026-01-08 02:17:47
CISADM,CI_ADJ_STG_CTL,XT351S1,NONUNIQUE,NORMAL,VALID,VISIBLE,CISTS_01,NO,2026-01-08 02:17:47
CISADM,CI_ADJ_STG_CTL_CHAR,XT352P0,UNIQUE,NORMAL,VALID,VISIBLE,CISTS_01,NO,2026-01-08 02:09:05
CISADM,CI_ADJ_STG_CTL_CHAR,XT352S1,NONUNIQUE,NORMAL,VALID,VISIBLE,CISTS_01,NO,2026-01-08 02:09:05
CISADM,CI_ADJ_STG_CTL_MSGP,XT353P0,UNIQUE,NORMAL,VALID,VISIBLE,CISTS_01,NO,2026-01-08 02:09:32
CISADM,CI_ADJ_STG_UP,XT354P0,UNIQUE,NORMAL,VALID,VISIBLE,CISTS_01,NO,2026-01-08 02:18:56
CISADM,CI_ADJ_STG_UP,XT354S1,NONUNIQUE,NORMAL,VALID,VISIBLE,CISTS_01,NO,2026-01-08 02:18:56
CISADM,CI_ADJ_STG_UP,XT354S2,NONUNIQUE,NORMAL,VALID,VISIBLE,CISTS_01,NO,2026-01-08 02:18:56
CISADM,CI_ADJ_STG_UP_CHAR,XT355P0,UNIQUE,NORMAL,VALID,VISIBLE,CISTS_01,NO,2026-01-08 02:11:01
CISADM,CI_ADJ_STG_UP_CHAR,XT355S1,NONUNIQUE,NORMAL,VALID,VISIBLE,CISTS_01,NO,2026-01-08 02:11:01
CISADM,CI_ADJ_STG_UP_MSGP,XT356P0,UNIQUE,NORMAL,VALID,VISIBLE,CISTS_01,NO,2026-01-08 02:18:47
CISADM,CI_ADJ_TYPE,XC016P0,UNIQUE,NORMAL,VALID,VISIBLE,CISTS_01,NO,2026-01-23 02:18:52
CISADM,CI_ADJ_TYPE_L,XC597P0,UNIQUE,NORMAL,VALID,VISIBLE,CISTS_01,NO,2026-02-18 02:13:50
CISADM,CI_ADJ_TYP_PROF,XC015P0,UNIQUE,NORMAL,VALID,VISIBLE,CISTS_01,NO,2026-01-20 02:18:25
CISADM,CI_ADJ_TYP_PROF_L,XC596P0,UNIQUE,NORMAL,VALID,VISIBLE,CISTS_01,NO,2026-01-20 02:18:25
CISADM,CI_ADJ_TY_ALG,XC696P0,UNIQUE,NORMAL,VALID,VISIBLE,CISTS_01,NO,2026-01-09 02:12:16
CISADM,CI_ADJ_TY_CHAR,XC297P0,UNIQUE,NORMAL,VALID,VISIBLE,CISTS_01,NO,2026-01-09 02:12:33
CISADM,CI_ADM_RVW_SCH,XM210P0,UNIQUE,NORMAL,VALID,VISIBLE,CISTS_01,NO,2026-02-27 02:12:58
CISADM,CI_ALERT_TYPE,XC226P0,UNIQUE,NORMAL,VALID,VISIBLE,CISTS_01,NO,2026-02-13 02:16:58
CISADM,CI_ALERT_TYPE_L,XC018P0,UNIQUE,NORMAL,VALID,VISIBLE,CISTS_01,NO,2026-02-14 22:23:50
CISADM,CI_ALG,XC305P0,UNIQUE,NORMAL,VALID,VISIBLE,CISTS_01,NO,2026-01-13 02:15:06
CISADM,CI_ALG_L,XC321P0,UNIQUE,NORMAL,VALID,VISIBLE,CISTS_01,NO,2026-01-09 02:12:47
CISADM,CI_ALG_PARM,XC306P0,UNIQUE,NORMAL,VALID,VISIBLE,CISTS_01,NO,2026-01-15 02:21:36
CISADM,CI_ALG_TYPE,XC307P0,UNIQUE,NORMAL,VALID,VISIBLE,CISTS_01,NO,2026-01-13 02:15:07
CISADM,CI_ALG_TYPE_L,XC327P0,UNIQUE,NORMAL,VALID,VISIBLE,CISTS_01,NO,2026-01-09 02:13:18
CISADM,CI_ALG_TYPE_PRM,XC308P0,UNIQUE,NORMAL,VALID,VISIBLE,CISTS_01,NO,2026-01-13 02:15:06
CISADM,CI_ALG_TYPE_PRM_L,XC330P0,UNIQUE,NORMAL,VALID,VISIBLE,CISTS_01,NO,2026-01-13 02:15:06
CISADM,CI_ALG_VER,XC309P0,UNIQUE,NORMAL,VALID,VISIBLE,CISTS_01,NO,2026-01-13 02:15:05
CISADM,CI_AM_ACTIVITY_TYPE,XC794P0,UNIQUE,NORMAL,VALID,VISIBLE,CISTS_01,NO,2026-01-08 02:25:59
CISADM,CI_AM_ACTIVITY_TYPE_L,XC795P0,UNIQUE,NORMAL,VALID,VISIBLE,CISTS_01,NO,2026-01-08 02:26:06
CISADM,CI_AM_REQ,XT604P0,UNIQUE,NORMAL,VALID,VISIBLE,CISTS_01,NO,2026-01-08 02:12:44
CISADM,CI_AM_REQ,XT604S1,NONUNIQUE,NORMAL,VALID,VISIBLE,CISTS_01,NO,2026-01-08 02:12:44
CISADM,CI_AM_REQ_K,XT607P0,UNIQUE,IOT - TOP,VALID,VISIBLE,CISTS_01,NO,2026-01-07 21:29:25
CISADM,CI_AM_REQ_LOG,XT620P0,UNIQUE,NORMAL,VALID,VISIBLE,CISTS_01,NO,2026-01-08 02:10:32
CISADM,CI_AM_REQ_LOG,XT620S1,NONUNIQUE,NORMAL,VALID,VISIBLE,CISTS_01,NO,2026-01-08 02:10:32
CISADM,CI_AM_REQ_LOG_PARM,XT621P0,UNIQUE,NORMAL,VALID,VISIBLE,CISTS_01,NO,2026-01-08 02:09:21
CISADM,CI_APAY_CLR_STG,XT003P0,UNIQUE,NORMAL,VALID,VISIBLE,CISTS_01,NO,2026-01-08 02:17:22
CISADM,CI_APAY_CLR_STG,XT003S1,NONUNIQUE,NORMAL,VALID,VISIBLE,CISTS_01,NO,2026-01-08 02:17:22
CISADM,CI_APAY_CLR_STG,XT003S2,NONUNIQUE,NORMAL,VALID,VISIBLE,CISTS_01,NO,2026-01-08 02:17:22
CISADM,CI_APAY_CLR_STG,XT003S3,NONUNIQUE,NORMAL,VALID,VISIBLE,CISTS_01,NO,2026-01-08 02:17:22
CISADM,CI_APAY_CLR_STG,XT003S4,NONUNIQUE,NORMAL,VALID,VISIBLE,CISTS_01,NO,2026-01-08 02:17:22
CISADM,CI_APAY_CLR_STG_K,XT503P0,UNIQUE,IOT - TOP,VALID,VISIBLE,CISTS_01,NO,2026-01-08 02:17:37
CISADM,CI_APAY_RT_TYPE,XC022P0,UNIQUE,NORMAL,VALID,VISIBLE,CISTS_01,NO,2026-01-08 02:26:12
CISADM,CI_APAY_RT_TYPE_L,XC028P0,UNIQUE,NORMAL,VALID,VISIBLE,CISTS_01,NO,2026-01-08 02:26:38
CISADM,CI_APAY_SRC,XC029P0,UNIQUE,NORMAL,VALID,VISIBLE,CISTS_01,NO,2026-01-08 02:25:59
CISADM,CI_APAY_SRC_L,XC033P0,UNIQUE,NORMAL,VALID,VISIBLE,CISTS_01,NO,2026-01-30 02:21:34
CISADM,CI_APPR_PROF,XC984P0,UNIQUE,NORMAL,VALID,VISIBLE,CISTS_01,NO,2026-01-09 02:12:21
CISADM,CI_APPR_PROF_L,XC985P0,UNIQUE,NORMAL,VALID,VISIBLE,CISTS_01,NO,2026-01-09 02:12:27
CISADM,CI_APPR_REQ,XT600P0,UNIQUE,NORMAL,VALID,VISIBLE,CISTS_01,NO,2026-02-18 02:13:51
CISADM,CI_APPR_REQ_CHAR,XT601P0,UNIQUE,NORMAL,VALID,VISIBLE,CISTS_01,NO,2026-01-08 02:15:19
CISADM,CI_APPR_REQ_CHAR,XT601S1,NONUNIQUE,NORMAL,VALID,VISIBLE,CISTS_01,NO,2026-01-08 02:15:20
CISADM,CI_APPR_REQ_K,XT605P0,UNIQUE,IOT - TOP,VALID,VISIBLE,CISTS_01,NO,2026-01-08 02:18:57
CISADM,CI_APPR_REQ_LOG,XT602P0,UNIQUE,NORMAL,VALID,VISIBLE,CISTS_01,NO,2026-01-23 02:19:06
CISADM,CI_APPR_REQ_LOG,XT602S1,NONUNIQUE,NORMAL,VALID,VISIBLE,CISTS_01,NO,2026-01-23 02:19:07
CISADM,CI_APPR_REQ_LOG_PARM,XT603P0,UNIQUE,NORMAL,VALID,VISIBLE,CISTS_01,NO,2026-01-23 02:18:58
CISADM,CI_APP_SVC_ACC,XC999P0,UNIQUE,NORMAL,VALID,VISIBLE,CISTS_01,NO,2026-01-09 02:13:04
CISADM,CI_APP_SVC_SCTY,XC366P0,UNIQUE,NORMAL,VALID,VISIBLE,CISTS_01,NO,2026-01-16 02:05:27
CISADM,CI_APREQ_TYPE,XC023P0,UNIQUE,NORMAL,VALID,VISIBLE,CISTS_01,NO,2026-01-09 02:12:17
CISADM,CI_APREQ_TYPE_L,XC626P0,UNIQUE,NORMAL,VALID,VISIBLE,CISTS_01,NO,2026-01-09 02:12:26
CISADM,CI_ARC_ROOT_INST,XT256P0,UNIQUE,NORMAL,VALID,VISIBLE,CISTS_01,NO,2026-01-08 02:15:13
CISADM,CI_ARC_ROOT_INST,XT256S1,NONUNIQUE,NORMAL,VALID,VISIBLE,CISTS_01,NO,2026-01-08 02:15:13
CISADM,CI_ARC_ROOT_INST,XT256S2,NONUNIQUE,NORMAL,VALID,VISIBLE,CISTS_01,NO,2026-01-08 02:15:13
CISADM,CI_ARC_ROOT_INST,XT256S3,NONUNIQUE,NORMAL,VALID,VISIBLE,CISTS_01,NO,2026-01-08 02:15:13
CISADM,CI_ARC_ROOT_INST_K,XT504P0,UNIQUE,IOT - TOP,VALID,VISIBLE,CISTS_01,NO,2026-01-07 21:29:26
CISADM,CI_ARC_ROOT_OBJ,XT257P0,UNIQUE,NORMAL,VALID,VISIBLE,CISTS_01,NO,2026-01-08 02:14:44
CISADM,CI_ARC_ROOT_OBJ,XT257S1,NONUNIQUE,NORMAL,VALID,VISIBLE,CISTS_01,NO,2026-01-08 02:14:44
CISADM,CI_ARC_ROOT_OBJ,XT257S2,NONUNIQUE,NORMAL,VALID,VISIBLE,CISTS_01,NO,2026-01-08 02:14:44
CISADM,CI_ARC_ROOT_OBJ_K,XT505P0,UNIQUE,IOT - TOP,VALID,VISIBLE,CISTS_01,NO,2026-01-07 21:29:27
CISADM,CI_ARC_ROOT_PK,XT258P0,UNIQUE,NORMAL,VALID,VISIBLE,CISTS_01,NO,2026-01-08 02:10:53
CISADM,CI_ARC_ROOT_PK,XT258S1,NONUNIQUE,NORMAL,VALID,VISIBLE,CISTS_01,NO,2026-01-08 02:10:53
CISADM,CI_AUDIT,XT021P0,UNIQUE,NORMAL,VALID,VISIBLE,CISTS_01,NO,2026-01-08 02:13:46
CISADM,CI_AUDIT,XT021S1,NONUNIQUE,NORMAL,VALID,VISIBLE,CISTS_01,NO,2026-01-08 02:13:46
CISADM,CI_AUDIT,XT021S2,NONUNIQUE,NORMAL,VALID,VISIBLE,CISTS_01,NO,2026-01-08 02:13:46
CISADM,CI_AUDIT,XT021S3,NONUNIQUE,NORMAL,VALID,VISIBLE,CISTS_01,NO,2026-01-08 02:13:46
CISADM,CI_AUDIT,XT021S4,NONUNIQUE,NORMAL,VALID,VISIBLE,CISTS_01,NO,2026-01-08 02:13:46
CISADM,CI_AUDIT_K,XT506P0,UNIQUE,IOT - TOP,VALID,VISIBLE,CISTS_01,NO,2026-01-07 21:29:27
CISADM,CI_BAL_CTL_GRP,XT064P0,UNIQUE,NORMAL,VALID,VISIBLE,CISTS_01,NO,2026-01-31 22:17:15
CISADM,CI_BAL_CTL_GRP,XT064S1,UNIQUE,NORMAL,VALID,VISIBLE,CISTS_01,NO,2026-01-31 22:17:15
CISADM,CI_BAL_CTL_MEM,XT004P0,UNIQUE,NORMAL,VALID,VISIBLE,CISTS_01,NO,2026-01-08 02:19:11
CISADM,CI_BAL_CTL_TMP,XT005P0,UNIQUE,NORMAL,VALID,VISIBLE,CISTS_01,NO,2026-01-08 02:19:02
CISADM,CI_BANK,XC003P0,UNIQUE,NORMAL,VALID,VISIBLE,CISTS_01,NO,2026-01-08 02:26:22
CISADM,CI_BANK_ACCOUNT,XC002P0,UNIQUE,NORMAL,VALID,VISIBLE,CISTS_01,NO,2026-01-16 02:05:26
CISADM,CI_BANK_ACCOUNT_L,XC333P0,UNIQUE,NORMAL,VALID,VISIBLE,CISTS_01,NO,2026-01-16 02:05:25
CISADM,CI_BANK_L,XC334P0,UNIQUE,NORMAL,VALID,VISIBLE,CISTS_01,NO,2026-01-16 02:05:31
CISADM,CI_BATCH_CTRL,XC026P0,UNIQUE,NORMAL,VALID,VISIBLE,CISTS_01,NO,2026-02-04 02:18:22
CISADM,CI_BATCH_CTRL_ALG,FC436P0,UNIQUE,NORMAL,VALID,VISIBLE,CISTS_01,NO,2026-01-23 02:18:50
CISADM,CI_BATCH_CTRL_L,XC335P0,UNIQUE,NORMAL,VALID,VISIBLE,CISTS_01,NO,2026-01-23 02:18:54
CISADM,CI_BATCH_CTRL_P,XC372P0,UNIQUE,NORMAL,VALID,VISIBLE,CISTS_01,NO,2026-01-15 02:21:38
CISADM,CI_BATCH_CTRL_P_L,XC373P0,UNIQUE,NORMAL,VALID,VISIBLE,CISTS_01,NO,2026-01-09 02:13:19
CISADM,CI_BATCH_INST,XT071P0,UNIQUE,NORMAL,VALID,VISIBLE,CISTS_01,NO,2026-02-14 22:23:59
CISADM,CI_BATCH_JOB,XT240P0,UNIQUE,NORMAL,VALID,VISIBLE,CISTS_01,NO,2026-01-23 02:18:00
CISADM,CI_BATCH_JOB,XT240S1,NONUNIQUE,NORMAL,VALID,VISIBLE,CISTS_01,NO,2026-01-23 02:18:00
CISADM,CI_BATCH_JOB,XT240S2,NONUNIQUE,NORMAL,VALID,VISIBLE,CISTS_01,NO,2026-01-23 02:18:00
CISADM,CI_BATCH_JOB_K,XT507P0,UNIQUE,IOT - TOP,VALID,VISIBLE,CISTS_01,NO,2026-01-08 02:18:41
CISADM,CI_BATCH_JOB_PRM,XT241P0,UNIQUE,NORMAL,VALID,VISIBLE,CISTS_01,NO,2026-01-09 02:12:46
CISADM,CI_BATCH_RUN,XT028P0,UNIQUE,NORMAL,VALID,VISIBLE,CISTS_01,NO,2026-01-21 02:21:44
CISADM,CI_BATCH_RUN,XT028S1,NONUNIQUE,NORMAL,VALID,VISIBLE,CISTS_01,NO,2026-01-21 02:21:42
CISADM,CI_BATCH_THD,XT029P0,UNIQUE,NORMAL,VALID,VISIBLE,CISTS_01,NO,2026-02-14 22:24:02
CISADM,CI_BCHG_LINE_UP,XT006P0,UNIQUE,NORMAL,VALID,VISIBLE,CISTS_01,NO,2026-01-08 02:16:10
CISADM,CI_BCHG_READ,XT271P0,UNIQUE,NORMAL,VALID,VISIBLE,CISTS_01,NO,2026-01-08 02:10:10
CISADM,CI_BCHG_READ,XT271S1,NONUNIQUE,NORMAL,VALID,VISIBLE,CISTS_01,NO,2026-01-08 02:10:10
CISADM,CI_BCHG_READ,XT271S2,NONUNIQUE,NORMAL,VALID,VISIBLE,CISTS_01,NO,2026-01-08 02:10:10
CISADM,CI_BCHG_SQ,XT081P0,UNIQUE,NORMAL,VALID,VISIBLE,CISTS_01,NO,2026-01-08 02:09:14
CISADM,CI_BCHG_UP,XT007P0,UNIQUE,NORMAL,VALID,VISIBLE,CISTS_01,NO,2026-01-08 02:10:00
CISADM,CI_BCHG_UP,XT007S1,NONUNIQUE,NORMAL,VALID,VISIBLE,CISTS_01,NO,2026-01-08 02:10:00
CISADM,CI_BCHG_UP,XT007S2,NONUNIQUE,NORMAL,VALID,VISIBLE,CISTS_01,NO,2026-01-08 02:10:00
CISADM,CI_BCHG_UP,XT007S3,NONUNIQUE,NORMAL,VALID,VISIBLE,CISTS_01,NO,2026-01-08 02:10:00
CISADM,CI_BCHG_UP_EXCP,XT008P0,UNIQUE,NORMAL,VALID,VISIBLE,CISTS_01,NO,2026-01-08 02:10:43
CISADM,CI_BCHG_UP_OVRD,XC168P0,UNIQUE,NORMAL,VALID,VISIBLE,CISTS_01,NO,2026-01-08 02:26:34
CISADM,CI_BCHG_UP_READ,XT270P0,UNIQUE,NORMAL,VALID,VISIBLE,CISTS_01,NO,2026-01-08 02:13:16
CISADM,CI_BCHG_UP_READ,XT270S1,NONUNIQUE,NORMAL,VALID,VISIBLE,CISTS_01,NO,2026-01-08 02:13:16
CISADM,CI_BCHG_UP_READ,XT270S2,NONUNIQUE,NORMAL,VALID,VISIBLE,CISTS_01,NO,2026-01-08 02:13:16
CISADM,CI_BCHG_UP_SQ,XT082P0,UNIQUE,NORMAL,VALID,VISIBLE,CISTS_01,NO,2026-01-08 02:15:20
CISADM,CI_BCHG_UP_XTYP,XC035P0,UNIQUE,NORMAL,VALID,VISIBLE,CISTS_01,NO,2026-01-08 02:26:24
CISADM,CI_BCHG_UP_XTYP_L,XC038P0,UNIQUE,NORMAL,VALID,VISIBLE,CISTS_01,NO,2026-01-08 02:26:38
CISADM,CI_BF,XC030P0,UNIQUE,NORMAL,VALID,VISIBLE,CISTS_01,NO,2026-02-13 02:16:07
CISADM,CI_BFCH_TOUGRP,XC404P0,UNIQUE,NORMAL,VALID,VISIBLE,CISTS_01,NO,2026-01-08 02:26:14
CISADM,CI_BF_CHAR,XC031P0,UNIQUE,NORMAL,VALID,VISIBLE,CISTS_01,NO,2026-01-09 02:12:36
CISADM,CI_BF_CHAR_DST,XC039P0,UNIQUE,NORMAL,VALID,VISIBLE,CISTS_01,NO,2026-01-08 02:26:44
CISADM,CI_BF_L,XC336P0,UNIQUE,NORMAL,VALID,VISIBLE,CISTS_01,NO,2026-02-11 02:19:09
CISADM,CI_BF_VAL,XC032P0,UNIQUE,NORMAL,VALID,VISIBLE,CISTS_01,NO,2026-01-28 02:15:07
CISADM,CI_BILL,CM_XT112S3,NONUNIQUE,NORMAL,VALID,VISIBLE,CISTS_01,NO,2026-02-11 02:20:18
CISADM,CI_BILL,XT033P0,UNIQUE,NORMAL,VALID,VISIBLE,CISTS_01,NO,2026-02-11 02:20:15
CISADM,CI_BILL,XT033S1,NONUNIQUE,NORMAL,VALID,VISIBLE,CISTS_01,NO,2026-02-11 02:19:54
CISADM,CI_BILL,XT033S2,UNIQUE,NORMAL,VALID,VISIBLE,CISTS_01,NO,2026-02-11 02:20:02
CISADM,CI_BILL,XT033S3,UNIQUE,NORMAL,VALID,VISIBLE,CISTS_01,NO,2026-02-11 02:19:59
CISADM,CI_BILL,XT033S4,UNIQUE,NORMAL,VALID,VISIBLE,CISTS_01,NO,2026-02-11 02:19:57
CISADM,CI_BILL,XT033S5,NONUNIQUE,NORMAL,VALID,VISIBLE,CISTS_01,NO,2026-02-11 02:20:07
CISADM,CI_BILL,XT033S7,NONUNIQUE,NORMAL,VALID,VISIBLE,CISTS_01,NO,2026-02-11 02:20:13
CISADM,CI_BILL,XT033S8,NONUNIQUE,NORMAL,VALID,VISIBLE,CISTS_01,NO,2026-02-11 02:20:04
CISADM,CI_BILL_CAN_RSN,XC034P0,UNIQUE,NORMAL,VALID,VISIBLE,CISTS_01,NO,2026-01-09 02:12:14
CISADM,CI_BILL_CAN_RSN_L,XC337P0,UNIQUE,NORMAL,VALID,VISIBLE,CISTS_01,NO,2026-01-09 02:12:28
CISADM,CI_BILL_CHAR,XT313P0,UNIQUE,NORMAL,VALID,VISIBLE,CISTS_01,NO,2026-01-08 02:09:59
CISADM,CI_BILL_CHAR,XT313S1,NONUNIQUE,NORMAL,VALID,VISIBLE,CISTS_01,NO,2026-01-08 02:09:59
CISADM,CI_BILL_CHG,XT035P0,UNIQUE,NORMAL,VALID,VISIBLE,CISTS_01,NO,2026-01-09 02:13:05
CISADM,CI_BILL_CHG,XT035S1,NONUNIQUE,NORMAL,VALID,VISIBLE,CISTS_01,NO,2026-01-09 02:13:05
CISADM,CI_BILL_CHG_K,XT509P0,UNIQUE,IOT - TOP,VALID,VISIBLE,CISTS_01,NO,2026-01-08 02:18:59
CISADM,CI_BILL_CYC,XC036P0,UNIQUE,NORMAL,VALID,VISIBLE,CISTS_01,NO,2026-02-13 02:15:39
CISADM,CI_BILL_CYC_L,XC338P0,UNIQUE,NORMAL,VALID,VISIBLE,CISTS_01,NO,2026-02-13 02:15:39
CISADM,CI_BILL_CYC_SCH,XC037P0,UNIQUE,NORMAL,VALID,VISIBLE,CISTS_01,NO,2026-02-13 02:15:46
CISADM,CI_BILL_CYC_SCH,XC037S1,UNIQUE,NORMAL,VALID,VISIBLE,CISTS_01,NO,2026-02-13 02:15:46
CISADM,CI_BILL_CYC_SEC,C1C078P0,UNIQUE,NORMAL,VALID,VISIBLE,CISTS_01,NO,2026-01-08 02:26:39
CISADM,CI_BILL_EXCP,XT038P0,UNIQUE,NORMAL,VALID,VISIBLE,CISTS_01,NO,2026-01-08 02:18:37
CISADM,CI_BILL_K,XT508P0,UNIQUE,IOT - TOP,VALID,VISIBLE,CISTS_01,NO,2026-01-08 02:21:18
CISADM,CI_BILL_MSG,XC040P0,UNIQUE,NORMAL,VALID,VISIBLE,CISTS_01,NO,2026-01-09 02:12:27
CISADM,CI_BILL_MSGS,XT091P0,UNIQUE,NORMAL,VALID,VISIBLE,CISTS_01,NO,2026-01-09 02:15:08
CISADM,CI_BILL_MSG_L,XC349P0,UNIQUE,NORMAL,VALID,VISIBLE,CISTS_01,NO,2026-01-09 02:12:25
CISADM,CI_BILL_MSG_PRM,XT085P0,UNIQUE,NORMAL,VALID,VISIBLE,CISTS_01,NO,2026-01-09 02:12:57
CISADM,CI_BILL_PERIOD,XC043P0,UNIQUE,NORMAL,VALID,VISIBLE,CISTS_01,NO,2026-02-13 02:15:33
CISADM,CI_BILL_PERIOD_L,XC350P0,UNIQUE,NORMAL,VALID,VISIBLE,CISTS_01,NO,2026-02-13 02:15:33
CISADM,CI_BILL_PER_SCH,XC042P0,UNIQUE,NORMAL,VALID,VISIBLE,CISTS_01,NO,2026-02-13 02:15:39
CISADM,CI_BILL_ROUTING,XT075P0,UNIQUE,NORMAL,VALID,VISIBLE,CISTS_01,NO,2026-02-14 22:24:06
CISADM,CI_BILL_ROUTING,XT075S1,NONUNIQUE,NORMAL,VALID,VISIBLE,CISTS_01,NO,2026-02-14 22:24:09
CISADM,CI_BILL_RT_TYPE,XC045P0,UNIQUE,NORMAL,VALID,VISIBLE,CISTS_01,NO,2026-01-09 02:12:14
CISADM,CI_BILL_RT_TYPE_L,XC360P0,UNIQUE,NORMAL,VALID,VISIBLE,CISTS_01,NO,2026-02-11 02:19:41
CISADM,CI_BILL_RVW_SCH,XT219P0,UNIQUE,NORMAL,VALID,VISIBLE,CISTS_01,NO,2026-01-08 02:15:12
CISADM,CI_BILL_RVW_SCH,XT219S1,NONUNIQUE,NORMAL,VALID,VISIBLE,CISTS_01,NO,2026-01-08 02:15:58
CISADM,CI_BILL_SA,XT046P0,UNIQUE,NORMAL,VALID,VISIBLE,CISTS_01,NO,2026-01-09 02:20:28
CISADM,CI_BILL_SA,XT046S1,NONUNIQUE,NORMAL,VALID,VISIBLE,CISTS_01,NO,2026-01-09 02:20:27
CISADM,CI_BILL_SCNR,XT173P0,UNIQUE,NORMAL,VALID,VISIBLE,CISTS_01,NO,2026-01-08 02:08:39
CISADM,CI_BILL_SCNR,XT173S1,NONUNIQUE,NORMAL,VALID,VISIBLE,CISTS_01,NO,2026-01-08 02:08:39
CISADM,CI_BILL_SCNR_K,XT510P0,UNIQUE,IOT - TOP,VALID,VISIBLE,CISTS_01,NO,2026-01-07 21:29:36
CISADM,CI_BILL_SCNR_SQ,XT174P0,UNIQUE,NORMAL,VALID,VISIBLE,CISTS_01,NO,2026-01-08 02:09:11
CISADM,CI_BILL_SEG_TYP,CC047S1,NONUNIQUE,NORMAL,VALID,VISIBLE,CISTS_01,NO,2026-01-09 02:12:17
CISADM,CI_BILL_SEG_TYP,XC047P0,UNIQUE,NORMAL,VALID,VISIBLE,CISTS_01,NO,2026-01-09 02:12:17
CISADM,CI_BILL_SEG_TYP_L,XC500P0,UNIQUE,NORMAL,VALID,VISIBLE,CISTS_01,NO,2026-01-09 02:12:33
CISADM,CI_BPRT_GRP,XM406P0,UNIQUE,NORMAL,VALID,VISIBLE,CISTS_01,NO,2026-01-08 02:15:58
CISADM,CI_BPRT_GRP,XM406S1,NONUNIQUE,NORMAL,VALID,VISIBLE,CISTS_01,NO,2026-01-08 02:15:58
CISADM,CI_BPRT_GRP_K,XM501P0,UNIQUE,IOT - TOP,VALID,VISIBLE,CISTS_01,NO,2026-01-07 21:29:36
CISADM,CI_BPRT_SGRP_SA,XM408P0,UNIQUE,NORMAL,VALID,VISIBLE,CISTS_01,NO,2026-01-08 02:14:20
CISADM,CI_BPRT_SUBGRP,XM407P0,UNIQUE,NORMAL,VALID,VISIBLE,CISTS_01,NO,2026-01-08 02:09:08
CISADM,CI_BSEG,CM_XT048S1,NONUNIQUE,NORMAL,VALID,VISIBLE,CISTS_01,NO,2026-02-18 02:14:32
CISADM,CI_BSEG,XT048P0,UNIQUE,NORMAL,VALID,VISIBLE,CISTS_01,NO,2026-02-18 02:14:30
CISADM,CI_BSEG,XT048S1,NONUNIQUE,NORMAL,VALID,VISIBLE,CISTS_01,NO,2026-02-18 02:14:31
CISADM,CI_BSEG,XT048S2,NONUNIQUE,NORMAL,VALID,VISIBLE,CISTS_01,NO,2026-02-18 02:14:27
CISADM,CI_BSEG,XT048S3,UNIQUE,NORMAL,VALID,VISIBLE,CISTS_01,NO,2026-02-18 02:14:29
CISADM,CI_BSEG_CALC,XT072P0,UNIQUE,NORMAL,VALID,VISIBLE,CISTS_01,NO,2026-02-14 22:24:24
CISADM,CI_BSEG_CALC,XT072S1,NONUNIQUE,NORMAL,VALID,VISIBLE,CISTS_01,NO,2026-02-14 22:24:23
CISADM,CI_BSEG_CALC_LN,XT050P0,UNIQUE,NORMAL,VALID,VISIBLE,CISTS_01,NO,2026-02-03 02:15:23
CISADM,CI_BSEG_CL_CHAR,XT056P0,UNIQUE,NORMAL,VALID,VISIBLE,CISTS_01,NO,2026-01-08 02:09:15
CISADM,CI_BSEG_EXCP,XT051P0,UNIQUE,NORMAL,VALID,VISIBLE,CISTS_01,NO,2026-02-14 22:23:51
CISADM,CI_BSEG_ITEM,XT053P0,UNIQUE,NORMAL,VALID,VISIBLE,CISTS_01,NO,2026-01-08 02:13:53
CISADM,CI_BSEG_K,XT511P0,UNIQUE,IOT - TOP,VALID,VISIBLE,CISTS_01,NO,2026-01-08 02:24:09
CISADM,CI_BSEG_MSG,XT080P0,UNIQUE,NORMAL,VALID,VISIBLE,CISTS_01,NO,2026-01-09 02:13:10
CISADM,CI_BSEG_READ,XT054P0,UNIQUE,NORMAL,VALID,VISIBLE,CISTS_01,NO,2026-02-12 02:15:08
CISADM,CI_BSEG_READ,XT054S1,NONUNIQUE,NORMAL,VALID,VISIBLE,CISTS_01,NO,2026-02-12 02:15:05
CISADM,CI_BSEG_READ,XT054S2,NONUNIQUE,NORMAL,VALID,VISIBLE,CISTS_01,NO,2026-02-12 02:15:03
CISADM,CI_BSEG_READ,XT054S3,NONUNIQUE,NORMAL,VALID,VISIBLE,CISTS_01,NO,2026-02-12 02:15:07
CISADM,CI_BSEG_SQ,XT055P0,UNIQUE,NORMAL,VALID,VISIBLE,CISTS_01,NO,2026-01-09 02:19:40
CISADM,CI_BUD_PLAN,XC052P0,UNIQUE,NORMAL,VALID,VISIBLE,CISTS_01,NO,2026-01-16 02:05:28
CISADM,CI_BUD_PLAN_L,XC053P0,UNIQUE,NORMAL,VALID,VISIBLE,CISTS_01,NO,2026-01-09 02:12:31
CISADM,CI_BUD_RVW,XT009P0,UNIQUE,NORMAL,VALID,VISIBLE,CISTS_01,NO,2026-01-08 02:18:44
CISADM,CI_BUD_RVW,XT009S1,NONUNIQUE,NORMAL,VALID,VISIBLE,CISTS_01,NO,2026-01-08 02:18:44
CISADM,CI_B_CHG_LINE,XT001P0,UNIQUE,NORMAL,VALID,VISIBLE,CISTS_01,NO,2026-01-08 02:19:29
CISADM,CI_B_CHG_TMPLT,XC024P0,UNIQUE,NORMAL,VALID,VISIBLE,CISTS_01,NO,2026-01-08 02:26:38
CISADM,CI_B_CHG_TMPLT_L,XC331P0,UNIQUE,NORMAL,VALID,VISIBLE,CISTS_01,NO,2026-01-08 02:25:50
CISADM,CI_B_LN_CHAR,XT083P0,UNIQUE,NORMAL,VALID,VISIBLE,CISTS_01,NO,2026-01-08 02:09:49
CISADM,CI_B_LN_UP_CHAR,XT084P0,UNIQUE,NORMAL,VALID,VISIBLE,CISTS_01,NO,2026-01-08 02:13:16
CISADM,CI_B_TMPLT_LINE,XC025P0,UNIQUE,NORMAL,VALID,VISIBLE,CISTS_01,NO,2026-01-08 02:26:25
CISADM,CI_B_TMPLT_LINE,XC025S1,NONUNIQUE,NORMAL,VALID,VISIBLE,CISTS_01,NO,2026-01-08 02:26:26
CISADM,CI_B_TMPLT_LINE,XC025S2,NONUNIQUE,NORMAL,VALID,VISIBLE,CISTS_01,NO,2026-01-08 02:26:26
CISADM,CI_B_TMPLT_LINE_L,XC332P0,UNIQUE,NORMAL,VALID,VISIBLE,CISTS_01,NO,2026-01-08 02:26:31
CISADM,CI_B_TMPLT_SQ,XC346P0,UNIQUE,NORMAL,VALID,VISIBLE,CISTS_01,NO,2026-01-08 02:26:21
CISADM,CI_B_TM_LN_CHA,XC296P0,UNIQUE,NORMAL,VALID,VISIBLE,CISTS_01,NO,2026-01-08 02:26:41
CISADM,CI_CAL_GL,XC004P0,UNIQUE,NORMAL,VALID,VISIBLE,CISTS_01,NO,2026-01-20 02:18:25
CISADM,CI_CAL_GL_L,XC503P0,UNIQUE,NORMAL,VALID,VISIBLE,CISTS_01,NO,2026-01-15 02:21:35
CISADM,CI_CAL_HOL,XC056P0,UNIQUE,NORMAL,VALID,VISIBLE,CISTS_01,NO,2026-01-09 02:12:14
CISADM,CI_CAL_HOL_L,XC504P0,UNIQUE,NORMAL,VALID,VISIBLE,CISTS_01,NO,2026-01-23 02:18:52
CISADM,CI_CAL_PERIOD,XC005P0,UNIQUE,NORMAL,VALID,VISIBLE,CISTS_01,NO,2026-01-23 02:18:50
CISADM,CI_CAL_PERIOD_L,XC505P0,UNIQUE,NORMAL,VALID,VISIBLE,CISTS_01,NO,2026-01-15 02:21:35
CISADM,CI_CAL_WORK,XC320P0,UNIQUE,NORMAL,VALID,VISIBLE,CISTS_01,NO,2026-01-09 02:12:32
CISADM,CI_CAL_WORK_L,XC506P0,UNIQUE,NORMAL,VALID,VISIBLE,CISTS_01,NO,2026-01-09 02:12:30
CISADM,CI_CAMPAIGN,XC641P0,UNIQUE,NORMAL,VALID,VISIBLE,CISTS_01,NO,2026-01-16 02:05:25
CISADM,CI_CAMPAIGN_L,XC645P0,UNIQUE,NORMAL,VALID,VISIBLE,CISTS_01,NO,2026-01-16 02:05:28
CISADM,CI_CAMP_ALG,XC599P0,UNIQUE,NORMAL,VALID,VISIBLE,CISTS_01,NO,2026-01-16 02:05:30
CISADM,CI_CAMP_FLD_TYPE,XC644P0,UNIQUE,NORMAL,VALID,VISIBLE,CISTS_01,NO,2026-01-08 02:26:18
CISADM,CI_CAMP_FLD_TYPE_L,XC647P0,UNIQUE,NORMAL,VALID,VISIBLE,CISTS_01,NO,2026-01-08 02:26:31
CISADM,CI_CASE,XT220P0,UNIQUE,NORMAL,VALID,VISIBLE,CISTS_01,NO,2026-01-16 02:05:24
CISADM,CI_CASE,XT220S1,NONUNIQUE,NORMAL,VALID,VISIBLE,CISTS_01,NO,2026-01-16 02:05:24
CISADM,CI_CASE,XT220S2,NONUNIQUE,NORMAL,VALID,VISIBLE,CISTS_01,NO,2026-01-16 02:05:24
CISADM,CI_CASE,XT220S3,NONUNIQUE,NORMAL,VALID,VISIBLE,CISTS_01,NO,2026-01-16 02:05:24
CISADM,CI_CASE,XT220S4,NONUNIQUE,NORMAL,VALID,VISIBLE,CISTS_01,NO,2026-01-16 02:05:24
CISADM,CI_CASE_CHAR,XT222P0,UNIQUE,NORMAL,VALID,VISIBLE,CISTS_01,NO,2026-01-08 02:17:36
CISADM,CI_CASE_CHAR,XT222S1,NONUNIQUE,NORMAL,VALID,VISIBLE,CISTS_01,NO,2026-01-08 02:17:36
CISADM,CI_CASE_K,XT223P0,UNIQUE,IOT - TOP,VALID,VISIBLE,CISTS_01,NO,2026-01-08 02:17:23
CISADM,CI_CASE_LOG,XT221P0,UNIQUE,NORMAL,VALID,VISIBLE,CISTS_01,NO,2026-01-22 02:15:50
CISADM,CI_CASE_LOG,XT221S1,NONUNIQUE,NORMAL,VALID,VISIBLE,CISTS_01,NO,2026-01-22 02:15:50
CISADM,CI_CASE_LOG_PARM,XT290P0,UNIQUE,NORMAL,VALID,VISIBLE,CISTS_01,NO,2026-01-08 02:18:18
CISADM,CI_CASE_STATUS,XC708P0,UNIQUE,NORMAL,VALID,VISIBLE,CISTS_01,NO,2026-01-09 02:12:32
CISADM,CI_CASE_STATUS_L,XC750P0,UNIQUE,NORMAL,VALID,VISIBLE,CISTS_01,NO,2026-01-16 02:05:29
CISADM,CI_CASE_ST_ALG,XC711P0,UNIQUE,NORMAL,VALID,VISIBLE,CISTS_01,NO,2026-01-08 02:26:39
CISADM,CI_CASE_ST_CHTY,XC710P0,UNIQUE,NORMAL,VALID,VISIBLE,CISTS_01,NO,2026-01-08 02:26:37
CISADM,CI_CASE_TR_RULE,XC709P0,UNIQUE,NORMAL,VALID,VISIBLE,CISTS_01,NO,2026-01-08 02:25:54
CISADM,CI_CASE_TR_RULE_L,XC739P0,UNIQUE,NORMAL,VALID,VISIBLE,CISTS_01,NO,2026-01-08 02:26:44
CISADM,CI_CASE_TYPE,XC702P0,UNIQUE,NORMAL,VALID,VISIBLE,CISTS_01,NO,2026-01-31 22:17:15
CISADM,CI_CASE_TYPE_ALG,XC783P0,UNIQUE,NORMAL,VALID,VISIBLE,CISTS_01,NO,2026-01-08 02:25:49
CISADM,CI_CASE_TYPE_L,XC703P0,UNIQUE,NORMAL,VALID,VISIBLE,CISTS_01,NO,2026-01-16 02:05:26
CISADM,CI_CC,XT057P0,UNIQUE,NORMAL,VALID,VISIBLE,CISTS_01,NO,2026-02-27 02:15:01
CISADM,CI_CC,XT057S1,NONUNIQUE,NORMAL,VALID,VISIBLE,CISTS_01,NO,2026-02-27 02:15:03
CISADM,CI_CC,XT057S2,UNIQUE,NORMAL,VALID,VISIBLE,CISTS_01,NO,2026-02-27 02:15:02
CISADM,CI_CC,XT057S3,NONUNIQUE,NORMAL,VALID,VISIBLE,CISTS_01,NO,2026-02-27 02:15:01
CISADM,CI_CC,XT057S4,NONUNIQUE,NORMAL,VALID,VISIBLE,CISTS_01,NO,2026-02-27 02:15:03
CISADM,CI_CC,XT057S5,NONUNIQUE,NORMAL,VALID,VISIBLE,CISTS_01,NO,2026-02-27 02:15:02
CISADM,CI_CC,XT057S6,NONUNIQUE,NORMAL,VALID,VISIBLE,CISTS_01,NO,2026-02-27 02:15:02
CISADM,CI_CCL_CTL_ALG,XC329P0,UNIQUE,NORMAL,VALID,VISIBLE,CISTS_01,NO,2026-01-15 02:21:35
CISADM,CI_CC_CHAR,C1T007S1,NONUNIQUE,NORMAL,VALID,VISIBLE,CISTS_01,NO,2026-01-16 02:05:31
CISADM,CI_CC_CHAR,XT280P0,UNIQUE,NORMAL,VALID,VISIBLE,CISTS_01,NO,2026-01-16 02:05:31
CISADM,CI_CC_CL,XC058P0,UNIQUE,NORMAL,VALID,VISIBLE,CISTS_01,NO,2026-01-09 02:12:20
CISADM,CI_CC_CL_L,XC507P0,UNIQUE,NORMAL,VALID,VISIBLE,CISTS_01,NO,2026-01-09 02:12:20
CISADM,CI_CC_K,XT512P0,UNIQUE,IOT - TOP,VALID,VISIBLE,CISTS_01,NO,2026-01-08 02:19:27
CISADM,CI_CC_LOG,XT281P0,UNIQUE,NORMAL,VALID,VISIBLE,CISTS_01,NO,2026-02-27 02:15:25
CISADM,CI_CC_LOG,XT281S1,NONUNIQUE,NORMAL,VALID,VISIBLE,CISTS_01,NO,2026-02-27 02:15:25
CISADM,CI_CC_LOG_K,XT513P0,UNIQUE,IOT - TOP,VALID,VISIBLE,CISTS_01,NO,2026-01-08 02:17:31
CISADM,CI_CC_TYPE,XC059P0,UNIQUE,NORMAL,VALID,VISIBLE,CISTS_01,NO,2026-01-09 02:12:24
CISADM,CI_CC_TYPE,XC059S2,NONUNIQUE,NORMAL,VALID,VISIBLE,CISTS_01,NO,2026-01-09 02:12:24
CISADM,CI_CC_TYPE_L,XC508P0,UNIQUE,NORMAL,VALID,VISIBLE,CISTS_01,NO,2026-01-09 02:12:20
CISADM,CI_CEVT_CAN_RSN,XC779P0,UNIQUE,NORMAL,VALID,VISIBLE,CISTS_01,NO,2026-01-08 02:26:01
CISADM,CI_CEVT_CAN_RSN_L,XC768P0,UNIQUE,NORMAL,VALID,VISIBLE,CISTS_01,NO,2026-01-08 02:25:50
CISADM,CI_CHAR_DFLT,XC060P0,UNIQUE,NORMAL,VALID,VISIBLE,CISTS_01,NO,2026-01-08 02:26:21
CISADM,CI_CHAR_DFLT_SV,XC061P0,UNIQUE,NORMAL,VALID,VISIBLE,CISTS_01,NO,2026-01-08 02:26:30
CISADM,CI_CHAR_ENTITY,XC317P0,UNIQUE,NORMAL,VALID,VISIBLE,CISTS_01,NO,2026-01-09 02:12:38
CISADM,CI_CHAR_TYPE,XC062P0,UNIQUE,NORMAL,VALID,VISIBLE,CISTS_01,NO,2026-01-24 22:15:06
CISADM,CI_CHAR_TYPE,XC062S1,UNIQUE,NORMAL,VALID,VISIBLE,CISTS_01,NO,2026-01-24 22:15:06
CISADM,CI_CHAR_TYPE_L,XC509P0,UNIQUE,NORMAL,VALID,VISIBLE,CISTS_01,NO,2026-01-30 02:21:33
CISADM,CI_CHAR_VAL,XC063P0,UNIQUE,NORMAL,VALID,VISIBLE,CISTS_01,NO,2026-01-09 02:12:34
CISADM,CI_CHAR_VAL_L,XC510P0,UNIQUE,NORMAL,VALID,VISIBLE,CISTS_01,NO,2026-01-09 02:12:38
CISADM,CI_CHG_LOG,XT100P0,UNIQUE,NORMAL,VALID,VISIBLE,CISTS_01,NO,2026-01-08 02:25:17
CISADM,CI_CHG_LOG,XT100S1,NONUNIQUE,NORMAL,VALID,VISIBLE,CISTS_01,NO,2026-01-08 02:25:25
CISADM,CI_CHTY_ADJTY,XC782P0,UNIQUE,NORMAL,VALID,VISIBLE,CISTS_01,NO,2026-01-09 02:12:17
CISADM,CI_CHTY_CASETY,XC704P0,UNIQUE,NORMAL,VALID,VISIBLE,CISTS_01,NO,2026-01-08 02:26:14
CISADM,CI_CHTY_CCTY,XC265P0,UNIQUE,NORMAL,VALID,VISIBLE,CISTS_01,NO,2026-02-27 02:15:24
CISADM,CI_CHTY_COPTY,XC621P0,UNIQUE,NORMAL,VALID,VISIBLE,CISTS_01,NO,2026-01-08 02:26:10
CISADM,CI_CHTY_COP_ETY,XC978P0,UNIQUE,NORMAL,VALID,VISIBLE,CISTS_01,NO,2026-01-08 02:26:44
CISADM,CI_CHTY_DV_TTYP,C1C054S1,NONUNIQUE,NORMAL,VALID,VISIBLE,CISTS_01,NO,2026-01-08 02:26:42
CISADM,CI_CHTY_DV_TTYP,XC054P0,UNIQUE,NORMAL,VALID,VISIBLE,CISTS_01,NO,2026-01-08 02:26:42
CISADM,CI_CHTY_FATY,XC467P0,UNIQUE,NORMAL,VALID,VISIBLE,CISTS_01,NO,2026-01-08 02:25:57
CISADM,CI_CHTY_ITTY,C1C318S1,NONUNIQUE,NORMAL,VALID,VISIBLE,CISTS_01,NO,2026-01-08 02:25:54
CISADM,CI_CHTY_ITTY,XC318P0,UNIQUE,NORMAL,VALID,VISIBLE,CISTS_01,NO,2026-01-08 02:25:54
CISADM,CI_CHTY_MTTY,C1C325S1,NONUNIQUE,NORMAL,VALID,VISIBLE,CISTS_01,NO,2026-01-08 02:25:49
CISADM,CI_CHTY_MTTY,XC325P0,UNIQUE,NORMAL,VALID,VISIBLE,CISTS_01,NO,2026-01-08 02:25:49
CISADM,CI_CHTY_SCMTY,XC426P0,UNIQUE,NORMAL,VALID,VISIBLE,CISTS_01,NO,2026-01-08 02:26:16
CISADM,CI_CHTY_SPTY,C1C324S1,NONUNIQUE,NORMAL,VALID,VISIBLE,CISTS_01,NO,2026-02-12 02:14:25
CISADM,CI_CHTY_SPTY,XC324P0,UNIQUE,NORMAL,VALID,VISIBLE,CISTS_01,NO,2026-02-12 02:14:25
CISADM,CI_CHTY_TDTY,XC374P0,UNIQUE,NORMAL,VALID,VISIBLE,CISTS_01,NO,2026-01-23 02:18:51
CISADM,CI_CHTY_TOSTY,XC723P0,UNIQUE,NORMAL,VALID,VISIBLE,CISTS_01,NO,2026-01-08 02:26:35
CISADM,CI_CHTY_UATY,XC724P0,UNIQUE,NORMAL,VALID,VISIBLE,CISTS_01,NO,2026-01-08 02:26:13
CISADM,CI_CIS_DIVISION,C1C267S1,NONUNIQUE,NORMAL,VALID,VISIBLE,CISTS_01,NO,2026-01-09 02:12:18
CISADM,CI_CIS_DIVISION,XC267P0,UNIQUE,NORMAL,VALID,VISIBLE,CISTS_01,NO,2026-01-09 02:12:18
CISADM,CI_CIS_DIVISION_L,XC511P0,UNIQUE,NORMAL,VALID,VISIBLE,CISTS_01,NO,2026-01-09 02:12:22
CISADM,CI_CIS_DIV_CHAR,XC607P0,UNIQUE,NORMAL,VALID,VISIBLE,CISTS_01,NO,2026-01-09 02:12:26
CISADM,CI_CNV_DUP_KEY,XT810P0,UNIQUE,NORMAL,VALID,VISIBLE,CISTS_01,NO,2026-01-08 02:14:35
CISADM,CI_CNV_KEY_TMP,XT817P0,UNIQUE,NORMAL,VALID,VISIBLE,CISTS_01,NO,2026-01-08 02:09:44
CISADM,CI_CNV_KEY_TMP,XT817S1,NONUNIQUE,NORMAL,VALID,VISIBLE,CISTS_01,NO,2026-01-08 02:09:44
CISADM,CI_COLL_AGY,XC055P0,UNIQUE,NORMAL,VALID,VISIBLE,CISTS_01,NO,2026-02-27 02:15:23
CISADM,CI_COLL_AGY_HIS,XT010P0,UNIQUE,NORMAL,VALID,VISIBLE,CISTS_01,NO,2026-02-27 02:15:26
CISADM,CI_COLL_AGY_HIS,XT010S1,NONUNIQUE,NORMAL,VALID,VISIBLE,CISTS_01,NO,2026-02-27 02:15:26
CISADM,CI_COLL_AGY_L,XC057P0,UNIQUE,NORMAL,VALID,VISIBLE,CISTS_01,NO,2026-02-17 02:19:57
CISADM,CI_COLL_AGY_REF,XT011P0,UNIQUE,NORMAL,VALID,VISIBLE,CISTS_01,NO,2026-02-17 02:19:58
CISADM,CI_COLL_AGY_REF,XT011S1,NONUNIQUE,NORMAL,VALID,VISIBLE,CISTS_01,NO,2026-02-17 02:19:58
CISADM,CI_COLL_AGY_REF,XT011S2,NONUNIQUE,NORMAL,VALID,VISIBLE,CISTS_01,NO,2026-02-17 02:19:58
CISADM,CI_COLL_AGY_REF,XT011S3,NONUNIQUE,NORMAL,VALID,VISIBLE,CISTS_01,NO,2026-02-17 02:19:58
CISADM,CI_COLL_AGY_REF_K,XT514P0,UNIQUE,IOT - TOP,VALID,VISIBLE,CISTS_01,NO,2026-01-08 02:18:42
CISADM,CI_COLL_CL,XC065P0,UNIQUE,NORMAL,VALID,VISIBLE,CISTS_01,NO,2026-02-27 02:15:24
CISADM,CI_COLL_CL_CNTL,XC066P0,UNIQUE,NORMAL,VALID,VISIBLE,CISTS_01,NO,2026-01-09 02:12:13
CISADM,CI_COLL_CL_CNTL,XC066S1,NONUNIQUE,NORMAL,VALID,VISIBLE,CISTS_01,NO,2026-01-09 02:12:13
CISADM,CI_COLL_CL_CNTL_L,XC512P0,UNIQUE,NORMAL,VALID,VISIBLE,CISTS_01,NO,2026-01-09 02:12:20
CISADM,CI_COLL_CL_L,XC513P0,UNIQUE,NORMAL,VALID,VISIBLE,CISTS_01,NO,2026-01-21 02:21:37
CISADM,CI_COLL_CRIT,XC067P0,UNIQUE,NORMAL,VALID,VISIBLE,CISTS_01,NO,2026-01-09 02:12:18
CISADM,CI_COLL_CRIT,XC067S2,NONUNIQUE,NORMAL,VALID,VISIBLE,CISTS_01,NO,2026-01-09 02:12:18
CISADM,CI_COLL_CRIT_CT,XC068P0,UNIQUE,NORMAL,VALID,VISIBLE,CISTS_01,NO,2026-01-28 02:15:05
CISADM,CI_COLL_EVT,XT069P0,UNIQUE,NORMAL,VALID,VISIBLE,CISTS_01,NO,2026-02-27 02:13:19
CISADM,CI_COLL_EVT,XT069S0,NONUNIQUE,NORMAL,VALID,VISIBLE,CISTS_01,NO,2026-02-27 02:13:21
CISADM,CI_COLL_EVT_CC,XT070P0,UNIQUE,NORMAL,VALID,VISIBLE,CISTS_01,NO,2026-02-27 02:13:57
CISADM,CI_COLL_EVT_CC,XT070S1,NONUNIQUE,NORMAL,VALID,VISIBLE,CISTS_01,NO,2026-02-27 02:13:57
CISADM,CI_COLL_EVT_TYP,XC071P0,UNIQUE,NORMAL,VALID,VISIBLE,CISTS_01,NO,2026-01-09 02:12:19
CISADM,CI_COLL_EVT_TYP,XC071S1,NONUNIQUE,NORMAL,VALID,VISIBLE,CISTS_01,NO,2026-01-09 02:12:19
CISADM,CI_COLL_EVT_TYP_L,XC514P0,UNIQUE,NORMAL,VALID,VISIBLE,CISTS_01,NO,2026-01-09 02:12:22
CISADM,CI_COLL_PROC,XT073P0,UNIQUE,NORMAL,VALID,VISIBLE,CISTS_01,NO,2026-02-27 02:13:31
CISADM,CI_COLL_PROC,XT073S1,NONUNIQUE,NORMAL,VALID,VISIBLE,CISTS_01,NO,2026-02-27 02:13:31
CISADM,CI_COLL_PROC_K,XT515P0,UNIQUE,IOT - TOP,VALID,VISIBLE,CISTS_01,NO,2026-02-27 02:13:49
CISADM,CI_COLL_PROC_SA,XT074P0,UNIQUE,NORMAL,VALID,VISIBLE,CISTS_01,NO,2026-02-27 02:14:17
CISADM,CI_COLL_PROC_SA,XT074S1,NONUNIQUE,NORMAL,VALID,VISIBLE,CISTS_01,NO,2026-02-27 02:14:18
CISADM,CI_COLL_PROC_TM,XC075P0,UNIQUE,NORMAL,VALID,VISIBLE,CISTS_01,NO,2026-01-09 02:12:15
CISADM,CI_COLL_PROC_TM_L,XC515P0,UNIQUE,NORMAL,VALID,VISIBLE,CISTS_01,NO,2026-01-09 02:12:25
CISADM,CI_COLL_RESP,XC076P0,UNIQUE,NORMAL,VALID,VISIBLE,CISTS_01,NO,2026-02-27 02:15:24
CISADM,CI_COL_REF,XC642P0,UNIQUE,NORMAL,VALID,VISIBLE,CISTS_01,NO,2026-01-08 02:25:53
CISADM,CI_COL_REF_ALG,XC319P0,UNIQUE,NORMAL,VALID,VISIBLE,CISTS_01,NO,2026-01-08 02:26:33
CISADM,CI_COL_REF_L,XC643P0,UNIQUE,NORMAL,VALID,VISIBLE,CISTS_01,NO,2026-01-08 02:25:59
CISADM,CI_CONSV_PROG,XC987P0,UNIQUE,NORMAL,VALID,VISIBLE,CISTS_01,NO,2026-01-08 02:26:41
CISADM,CI_CONSV_PROG_CHAR,XC470P0,UNIQUE,NORMAL,VALID,VISIBLE,CISTS_01,NO,2026-01-08 02:26:08
CISADM,CI_CONSV_PROG_CHAR,XC470S1,NONUNIQUE,NORMAL,VALID,VISIBLE,CISTS_01,NO,2026-01-08 02:26:08
CISADM,CI_CONSV_PROG_L,XC989P0,UNIQUE,NORMAL,VALID,VISIBLE,CISTS_01,NO,2026-01-08 02:25:49
CISADM,CI_CONT_QTY_TMP,XC354P0,UNIQUE,NORMAL,VALID,VISIBLE,CISTS_01,NO,2026-01-08 02:26:00
CISADM,CI_CONT_QTY_TYP,XC077P0,UNIQUE,NORMAL,VALID,VISIBLE,CISTS_01,NO,2026-01-23 02:18:52
CISADM,CI_CONT_QTY_TYP_L,XC520P0,UNIQUE,NORMAL,VALID,VISIBLE,CISTS_01,NO,2026-01-23 02:18:50
CISADM,CI_COP,XM211P0,UNIQUE,NORMAL,VALID,VISIBLE,CISTS_01,NO,2026-01-08 02:09:46
CISADM,CI_COP,XM211S1,UNIQUE,NORMAL,VALID,VISIBLE,CISTS_01,NO,2026-01-08 02:09:46
CISADM,CI_COP_CHAR,XM213P0,UNIQUE,NORMAL,VALID,VISIBLE,CISTS_01,NO,2026-01-08 02:08:44
CISADM,CI_COP_EVT,XT208P0,UNIQUE,NORMAL,VALID,VISIBLE,CISTS_01,NO,2026-01-08 02:15:43
CISADM,CI_COP_EVT,XT208S1,NONUNIQUE,NORMAL,VALID,VISIBLE,CISTS_01,NO,2026-01-08 02:15:43
CISADM,CI_COP_EVT_CHAR,XT209P0,UNIQUE,NORMAL,VALID,VISIBLE,CISTS_01,NO,2026-01-08 02:11:01
CISADM,CI_COP_EVT_EXC,XT210P0,UNIQUE,NORMAL,VALID,VISIBLE,CISTS_01,NO,2026-01-08 02:15:00
CISADM,CI_COP_EVT_EXP,XT211P0,UNIQUE,NORMAL,VALID,VISIBLE,CISTS_01,NO,2026-01-08 02:10:06
CISADM,CI_COP_EVT_K,XT517P0,UNIQUE,IOT - TOP,VALID,VISIBLE,CISTS_01,NO,2026-01-07 21:29:53
CISADM,CI_COP_EVT_TYPE,XC622P0,UNIQUE,NORMAL,VALID,VISIBLE,CISTS_01,NO,2026-01-08 02:25:50
CISADM,CI_COP_EVT_TYPE_L,XC623P0,UNIQUE,NORMAL,VALID,VISIBLE,CISTS_01,NO,2026-01-08 02:26:39
CISADM,CI_COP_K,XM502P0,UNIQUE,IOT - TOP,VALID,VISIBLE,CISTS_01,NO,2026-01-07 21:29:53
CISADM,CI_COP_L,XM212P0,UNIQUE,NORMAL,VALID,VISIBLE,CISTS_01,NO,2026-01-08 02:15:23
CISADM,CI_COP_TYPE,XC618P0,UNIQUE,NORMAL,VALID,VISIBLE,CISTS_01,NO,2026-01-08 02:26:04
CISADM,CI_COP_TYPE_ALG,XC620P0,UNIQUE,NORMAL,VALID,VISIBLE,CISTS_01,NO,2026-01-08 02:26:29
CISADM,CI_COP_TYPE_L,XC619P0,UNIQUE,NORMAL,VALID,VISIBLE,CISTS_01,NO,2026-01-08 02:26:35
CISADM,CI_COUNTRY,XC269P0,UNIQUE,NORMAL,VALID,VISIBLE,CISTS_01,NO,2026-01-09 02:12:31
CISADM,CI_COUNTRY_L,XC521P0,UNIQUE,NORMAL,VALID,VISIBLE,CISTS_01,NO,2026-01-09 02:12:26
CISADM,CI_CR_RAT_HIST,XT078P0,UNIQUE,NORMAL,VALID,VISIBLE,CISTS_01,NO,2026-01-16 02:06:02
CISADM,CI_CR_RAT_HIST,XT078S1,NONUNIQUE,NORMAL,VALID,VISIBLE,CISTS_01,NO,2026-01-16 02:06:02
CISADM,CI_CR_RAT_HIST,XT078S2,NONUNIQUE,NORMAL,VALID,VISIBLE,CISTS_01,NO,2026-01-16 02:06:02
CISADM,CI_CR_RAT_HIST,XT078S3,NONUNIQUE,NORMAL,VALID,VISIBLE,CISTS_01,NO,2026-01-16 02:06:02
CISADM,CI_CR_RAT_HIST_K,XT518P0,UNIQUE,IOT - TOP,VALID,VISIBLE,CISTS_01,NO,2026-01-08 02:18:59
CISADM,CI_CR_UNIT,XC412P0,UNIQUE,NORMAL,VALID,VISIBLE,CISTS_01,NO,2026-01-08 02:26:07
CISADM,CI_CR_UNIT_L,XC413P0,UNIQUE,NORMAL,VALID,VISIBLE,CISTS_01,NO,2026-01-08 02:26:14
CISADM,CI_CURRENCY_CD,XC270P0,UNIQUE,NORMAL,VALID,VISIBLE,CISTS_01,NO,2026-01-09 02:12:13
CISADM,CI_CURRENCY_CD_L,XC522P0,UNIQUE,NORMAL,VALID,VISIBLE,CISTS_01,NO,2026-01-09 02:12:14
CISADM,CI_CUST_CL,XC080P0,UNIQUE,NORMAL,VALID,VISIBLE,CISTS_01,NO,2026-01-09 02:12:14
CISADM,CI_CUST_CL_CTRL,XC316P0,UNIQUE,NORMAL,VALID,VISIBLE,CISTS_01,NO,2026-02-27 02:15:23
CISADM,CI_CUST_CL_L,XC523P0,UNIQUE,NORMAL,VALID,VISIBLE,CISTS_01,NO,2026-01-09 02:12:18
CISADM,CI_CUST_CL_MSG,XC082P0,UNIQUE,NORMAL,VALID,VISIBLE,CISTS_01,NO,2026-01-09 02:12:18
CISADM,CI_CUT_EVT,XT322P0,UNIQUE,NORMAL,VALID,VISIBLE,CISTS_01,NO,2026-01-08 02:14:34
CISADM,CI_CUT_EVT_DEP,XT323P0,UNIQUE,NORMAL,VALID,VISIBLE,CISTS_01,NO,2026-01-08 02:12:35
CISADM,CI_CUT_EVT_TYPE,XC775P0,UNIQUE,NORMAL,VALID,VISIBLE,CISTS_01,NO,2026-01-08 02:26:25
CISADM,CI_CUT_EVT_TYPE_L,XC776P0,UNIQUE,NORMAL,VALID,VISIBLE,CISTS_01,NO,2026-01-08 02:26:28
CISADM,CI_CUT_EVT_TYP_ALG,XC777P0,UNIQUE,NORMAL,VALID,VISIBLE,CISTS_01,NO,2026-01-08 02:26:09
CISADM,CI_CUT_PROC,XT324P0,UNIQUE,NORMAL,VALID,VISIBLE,CISTS_01,NO,2026-01-08 02:08:38
CISADM,CI_CUT_PROC,XT324S1,NONUNIQUE,NORMAL,VALID,VISIBLE,CISTS_01,NO,2026-01-08 02:08:38
CISADM,CI_CUT_PROC,XT324S2,NONUNIQUE,NORMAL,VALID,VISIBLE,CISTS_01,NO,2026-01-08 02:08:38
CISADM,CI_CUT_PROC_K,XT325P0,UNIQUE,IOT - TOP,VALID,VISIBLE,CISTS_01,NO,2026-01-07 21:29:54
CISADM,CI_CUT_PROC_TMP,XC770P0,UNIQUE,NORMAL,VALID,VISIBLE,CISTS_01,NO,2026-01-08 02:25:57
CISADM,CI_CUT_PROC_TMP_L,XC771P0,UNIQUE,NORMAL,VALID,VISIBLE,CISTS_01,NO,2026-01-08 02:26:45
CISADM,CI_CUT_PROC_TM_ALG,XC774P0,UNIQUE,NORMAL,VALID,VISIBLE,CISTS_01,NO,2026-01-08 02:25:52
CISADM,CI_CUT_RESP,XC772P0,UNIQUE,NORMAL,VALID,VISIBLE,CISTS_01,NO,2026-01-08 02:26:43
CISADM,CI_CUT_RESP_DEP,XC773P0,UNIQUE,NORMAL,VALID,VISIBLE,CISTS_01,NO,2026-01-08 02:25:53
CISADM,CI_CVAL_TMPL,XC083P0,UNIQUE,NORMAL,VALID,VISIBLE,CISTS_01,NO,2026-01-08 02:26:44
CISADM,CI_CVAL_TOU_TMP,XC608P0,UNIQUE,NORMAL,VALID,VISIBLE,CISTS_01,NO,2026-01-08 02:25:57
CISADM,CI_DAR,XC689P0,UNIQUE,NORMAL,VALID,VISIBLE,CISTS_01,NO,2026-02-21 22:15:07
CISADM,CI_DAR_L,XC690P0,UNIQUE,NORMAL,VALID,VISIBLE,CISTS_01,NO,2026-01-17 22:11:34
CISADM,CI_DAR_USR,XC691P0,UNIQUE,NORMAL,VALID,VISIBLE,CISTS_01,NO,2026-01-09 02:12:19
CISADM,CI_DAR_USR,XC691S1,UNIQUE,NORMAL,VALID,VISIBLE,CISTS_01,NO,2026-01-09 02:12:19
CISADM,CI_DATA_DIFF,XT305P0,UNIQUE,NORMAL,VALID,VISIBLE,CISTS_01,NO,2026-01-08 02:13:37
CISADM,CI_DATA_DIFF,XT305S1,NONUNIQUE,NORMAL,VALID,VISIBLE,CISTS_01,NO,2026-01-08 02:13:37
CISADM,CI_DATA_DIFF_PK,XT306P0,UNIQUE,NORMAL,VALID,VISIBLE,CISTS_01,NO,2026-01-08 02:12:46
CISADM,CI_DB_INSTR,XC243P0,UNIQUE,NORMAL,VALID,VISIBLE,CISTS_01,NO,2026-01-08 02:26:25
CISADM,CI_DB_INSTR_ALG,XC255P0,UNIQUE,NORMAL,VALID,VISIBLE,CISTS_01,NO,2026-01-08 02:26:42
CISADM,CI_DB_INSTR_L,XC245P0,UNIQUE,NORMAL,VALID,VISIBLE,CISTS_01,NO,2026-01-08 02:26:41
CISADM,CI_DB_INST_OVRD,XC256P0,UNIQUE,NORMAL,VALID,VISIBLE,CISTS_01,NO,2026-01-08 02:26:31
CISADM,CI_DB_PROC,XC241P0,UNIQUE,NORMAL,VALID,VISIBLE,CISTS_01,NO,2026-01-08 02:26:16
CISADM,CI_DB_PROC_L,XC242P0,UNIQUE,NORMAL,VALID,VISIBLE,CISTS_01,NO,2026-01-08 02:25:50
CISADM,CI_DCL,XM302P0,UNIQUE,NORMAL,VALID,VISIBLE,CISTS_01,NO,2026-01-08 02:09:38
CISADM,CI_DCL,XM302S1,NONUNIQUE,NORMAL,VALID,VISIBLE,CISTS_01,NO,2026-01-08 02:09:38
CISADM,CI_DCL,XM302S2,NONUNIQUE,NORMAL,VALID,VISIBLE,CISTS_01,NO,2026-01-08 02:09:38
CISADM,CI_DCL_K,XM303P0,UNIQUE,IOT - TOP,VALID,VISIBLE,CISTS_01,NO,2026-01-07 21:29:55
CISADM,CI_DC_ALG,XC341P0,UNIQUE,NORMAL,VALID,VISIBLE,CISTS_01,NO,2026-01-09 02:12:20
CISADM,CI_DEBT_CL,XC084P0,UNIQUE,NORMAL,VALID,VISIBLE,CISTS_01,NO,2026-02-27 02:15:23
CISADM,CI_DEBT_CL_L,XC524P0,UNIQUE,NORMAL,VALID,VISIBLE,CISTS_01,NO,2026-01-09 02:12:31
CISADM,CI_DEG_DAY,XC085P0,UNIQUE,NORMAL,VALID,VISIBLE,CISTS_01,NO,2026-01-08 02:25:57
CISADM,CI_DEP_CL,XC064P0,UNIQUE,NORMAL,VALID,VISIBLE,CISTS_01,NO,2026-01-16 02:05:26
CISADM,CI_DEP_CL_L,XC069P0,UNIQUE,NORMAL,VALID,VISIBLE,CISTS_01,NO,2026-01-16 02:05:28
CISADM,CI_DEP_CTL,XT086P0,UNIQUE,NORMAL,VALID,VISIBLE,CISTS_01,NO,2026-01-17 22:11:35
CISADM,CI_DEP_CTL,XT086S1,NONUNIQUE,NORMAL,VALID,VISIBLE,CISTS_01,NO,2026-01-17 22:11:35
CISADM,CI_DEP_CTL,XT086S2,NONUNIQUE,NORMAL,VALID,VISIBLE,CISTS_01,NO,2026-01-17 22:11:35
CISADM,CI_DEP_CTL,XT086S3,NONUNIQUE,NORMAL,VALID,VISIBLE,CISTS_01,NO,2026-01-17 22:11:35
CISADM,CI_DEP_CTL_CHAR,XC624P0,UNIQUE,NORMAL,VALID,VISIBLE,CISTS_01,NO,2026-01-08 02:11:07
CISADM,CI_DEP_CTL_CHAR,XC624S1,NONUNIQUE,NORMAL,VALID,VISIBLE,CISTS_01,NO,2026-01-08 02:11:07
CISADM,CI_DEP_CTL_K,XT519P0,UNIQUE,IOT - TOP,VALID,VISIBLE,CISTS_01,NO,2026-01-08 02:18:42
CISADM,CI_DEP_CTL_ST,XT087P0,UNIQUE,NORMAL,VALID,VISIBLE,CISTS_01,NO,2026-01-08 02:18:03
CISADM,CI_DEP_CTL_ST,XT087S1,NONUNIQUE,NORMAL,VALID,VISIBLE,CISTS_01,NO,2026-01-08 02:18:03
CISADM,CI_DEP_CTL_ST,XT087S2,NONUNIQUE,NORMAL,VALID,VISIBLE,CISTS_01,NO,2026-01-08 02:18:03
CISADM,CI_DEP_CTL_ST,XT087S3,NONUNIQUE,NORMAL,VALID,VISIBLE,CISTS_01,NO,2026-01-08 02:18:03
CISADM,CI_DEP_RVW,XT013P0,UNIQUE,NORMAL,VALID,VISIBLE,CISTS_01,NO,2026-01-08 02:15:40
CISADM,CI_DEP_RVW,XT013S1,NONUNIQUE,NORMAL,VALID,VISIBLE,CISTS_01,NO,2026-01-08 02:15:39
CISADM,CI_DEP_RVW,XT013S2,NONUNIQUE,NORMAL,VALID,VISIBLE,CISTS_01,NO,2026-01-08 02:15:40
CISADM,CI_DG_APP_SCHED,XC698P0,UNIQUE,NORMAL,VALID,VISIBLE,CISTS_01,NO,2026-01-08 02:26:29
CISADM,CI_DG_APP_SCHED,XC698S1,NONUNIQUE,NORMAL,VALID,VISIBLE,CISTS_01,NO,2026-01-08 02:26:29
CISADM,CI_DG_APP_SCHED_K,XC436P0,UNIQUE,IOT - TOP,VALID,VISIBLE,CISTS_01,NO,2026-01-07 21:29:55
CISADM,CI_DISCON_LOC,XC088P0,UNIQUE,NORMAL,VALID,VISIBLE,CISTS_01,NO,2026-01-08 02:26:16
CISADM,CI_DISCON_LOC_L,XC525P0,UNIQUE,NORMAL,VALID,VISIBLE,CISTS_01,NO,2026-02-17 02:19:57
CISADM,CI_DISP_GRP,XC089P0,UNIQUE,NORMAL,VALID,VISIBLE,CISTS_01,NO,2026-01-08 02:25:49
CISADM,CI_DISP_GRP,XC089S2,NONUNIQUE,NORMAL,VALID,VISIBLE,CISTS_01,NO,2026-01-08 02:25:49
CISADM,CI_DISP_GRP_ALG,XC697P0,UNIQUE,NORMAL,VALID,VISIBLE,CISTS_01,NO,2026-01-08 02:26:43
CISADM,CI_DISP_GRP_L,XC526P0,UNIQUE,NORMAL,VALID,VISIBLE,CISTS_01,NO,2026-01-08 02:26:38
CISADM,CI_DISP_GRP_REP,XC090P0,UNIQUE,NORMAL,VALID,VISIBLE,CISTS_01,NO,2026-01-08 02:26:38
CISADM,CI_DISP_GRP_REP,XC090S1,NONUNIQUE,NORMAL,VALID,VISIBLE,CISTS_01,NO,2026-01-08 02:26:37
CISADM,CI_DISP_ICON,XC663P0,UNIQUE,NORMAL,VALID,VISIBLE,CISTS_01,NO,2026-01-09 02:12:21
CISADM,CI_DISP_ICON_L,XC664P0,UNIQUE,NORMAL,VALID,VISIBLE,CISTS_01,NO,2026-01-27 02:21:53
CISADM,CI_DISP_PROF,XC299P0,UNIQUE,NORMAL,VALID,VISIBLE,CISTS_01,NO,2026-01-09 02:12:16
CISADM,CI_DISP_PROF_L,XC598P0,UNIQUE,NORMAL,VALID,VISIBLE,CISTS_01,NO,2026-01-16 02:05:29
CISADM,CI_DIV_TD_ROLE,XC169P0,UNIQUE,NORMAL,VALID,VISIBLE,CISTS_01,NO,2026-01-08 02:26:41
CISADM,CI_DST_CD_CHAR,XC163P0,UNIQUE,NORMAL,VALID,VISIBLE,CISTS_01,NO,2026-02-18 02:13:50
CISADM,CI_DST_CODE,XC092P0,UNIQUE,NORMAL,VALID,VISIBLE,CISTS_01,NO,2026-01-09 02:12:39
CISADM,CI_DST_CODE_EFF,XC093P0,UNIQUE,NORMAL,VALID,VISIBLE,CISTS_01,NO,2026-01-23 02:18:51
CISADM,CI_DST_CODE_L,XC162P0,UNIQUE,NORMAL,VALID,VISIBLE,CISTS_01,NO,2026-01-31 22:17:16
CISADM,CI_DST_RULE,XC785P0,UNIQUE,NORMAL,VALID,VISIBLE,CISTS_01,NO,2026-01-08 02:25:58
CISADM,CI_DST_RULE_ALG,XC787P0,UNIQUE,NORMAL,VALID,VISIBLE,CISTS_01,NO,2026-01-08 02:26:16
CISADM,CI_DST_RULE_L,XC786P0,UNIQUE,NORMAL,VALID,VISIBLE,CISTS_01,NO,2026-01-08 02:26:12
CISADM,CI_DV_TEST,XT014P0,UNIQUE,NORMAL,VALID,VISIBLE,CISTS_01,NO,2026-01-08 02:08:11
CISADM,CI_DV_TEST,XT014S1,NONUNIQUE,NORMAL,VALID,VISIBLE,CISTS_01,NO,2026-01-08 02:08:11
CISADM,CI_DV_TEST,XT014S2,NONUNIQUE,NORMAL,VALID,VISIBLE,CISTS_01,NO,2026-01-08 02:08:11
CISADM,CI_DV_TEST,XT014S3,NONUNIQUE,NORMAL,VALID,VISIBLE,CISTS_01,NO,2026-01-08 02:08:11
CISADM,CI_DV_TEST,XT014S4,NONUNIQUE,NORMAL,VALID,VISIBLE,CISTS_01,NO,2026-01-08 02:08:11
CISADM,CI_DV_TEST_CHAR,XT015P0,UNIQUE,NORMAL,VALID,VISIBLE,CISTS_01,NO,2026-01-08 02:15:09
CISADM,CI_DV_TEST_COMP,XT016P0,UNIQUE,NORMAL,VALID,VISIBLE,CISTS_01,NO,2026-01-08 02:08:51
CISADM,CI_DV_TEST_EXCP,XT017P0,UNIQUE,NORMAL,VALID,VISIBLE,CISTS_01,NO,2026-01-08 02:15:56
CISADM,CI_DV_TEST_K,XT520P0,UNIQUE,IOT - TOP,VALID,VISIBLE,CISTS_01,NO,2026-01-07 21:29:56
CISADM,CI_DV_TEST_RES,XT018P0,UNIQUE,NORMAL,VALID,VISIBLE,CISTS_01,NO,2026-01-08 02:08:09
CISADM,CI_DV_TEST_RES,XT018S1,NONUNIQUE,NORMAL,VALID,VISIBLE,CISTS_01,NO,2026-01-08 02:08:09
CISADM,CI_DV_TEST_SEL,XT019P0,UNIQUE,NORMAL,VALID,VISIBLE,CISTS_01,NO,2026-01-08 02:15:52
CISADM,CI_DV_TEST_SEL,XT019S2,NONUNIQUE,NORMAL,VALID,VISIBLE,CISTS_01,NO,2026-01-08 02:15:53
CISADM,CI_DV_TEST_SEL,XT019S3,NONUNIQUE,NORMAL,VALID,VISIBLE,CISTS_01,NO,2026-01-08 02:15:53
CISADM,CI_DV_TEST_SEL_K,XT521P0,UNIQUE,IOT - TOP,VALID,VISIBLE,CISTS_01,NO,2026-01-07 21:29:56
CISADM,CI_DV_TEST_TYPE,XC070P0,UNIQUE,NORMAL,VALID,VISIBLE,CISTS_01,NO,2026-01-08 02:26:22
CISADM,CI_DV_TEST_TYPE_L,XC001P0,UNIQUE,NORMAL,VALID,VISIBLE,CISTS_01,NO,2026-01-08 02:26:03
CISADM,CI_DV_TTYP_CHAR,XC295P0,UNIQUE,NORMAL,VALID,VISIBLE,CISTS_01,NO,2026-01-08 02:26:34
CISADM,CI_DV_TTYP_COMP,XC072P0,UNIQUE,NORMAL,VALID,VISIBLE,CISTS_01,NO,2026-01-08 02:26:36
CISADM,CI_DV_TTYP_ITEM,XC073P0,UNIQUE,NORMAL,VALID,VISIBLE,CISTS_01,NO,2026-01-08 02:26:40
CISADM,CI_DV_TTYP_MTR,XC074P0,UNIQUE,NORMAL,VALID,VISIBLE,CISTS_01,NO,2026-01-08 02:26:27
CISADM,CI_ENRL,XT193P0,UNIQUE,NORMAL,VALID,VISIBLE,CISTS_01,NO,2026-01-08 02:11:11
CISADM,CI_ENRL,XT193S1,NONUNIQUE,NORMAL,VALID,VISIBLE,CISTS_01,NO,2026-01-08 02:11:12
CISADM,CI_ENRL,XT193S2,NONUNIQUE,NORMAL,VALID,VISIBLE,CISTS_01,NO,2026-01-08 02:11:11
CISADM,CI_ENRL,XT193S3,NONUNIQUE,NORMAL,VALID,VISIBLE,CISTS_01,NO,2026-01-08 02:11:11
CISADM,CI_ENRL_ADDR,XT200P0,UNIQUE,NORMAL,VALID,VISIBLE,CISTS_01,NO,2026-01-08 02:09:51
CISADM,CI_ENRL_ADDR,XT200S1,NONUNIQUE,NORMAL,VALID,VISIBLE,CISTS_01,NO,2026-01-08 02:09:51
CISADM,CI_ENRL_ADDR,XT200S2,NONUNIQUE,NORMAL,VALID,VISIBLE,CISTS_01,NO,2026-01-08 02:09:51
CISADM,CI_ENRL_CAN_RSN,XC658P0,UNIQUE,NORMAL,VALID,VISIBLE,CISTS_01,NO,2026-01-08 02:25:50
CISADM,CI_ENRL_CAN_RSN_L,XC659P0,UNIQUE,NORMAL,VALID,VISIBLE,CISTS_01,NO,2026-01-08 02:26:05
CISADM,CI_ENRL_CBK_RSN,XC660P0,UNIQUE,NORMAL,VALID,VISIBLE,CISTS_01,NO,2026-01-08 02:26:06
CISADM,CI_ENRL_CBK_RSN_L,XC661P0,UNIQUE,NORMAL,VALID,VISIBLE,CISTS_01,NO,2026-01-08 02:26:00
CISADM,CI_ENRL_FLD,XT191P0,UNIQUE,NORMAL,VALID,VISIBLE,CISTS_01,NO,2026-01-08 02:09:46
CISADM,CI_ENRL_K,XT522P0,UNIQUE,IOT - TOP,VALID,VISIBLE,CISTS_01,NO,2026-01-07 21:29:57
CISADM,CI_ENRL_LOG,XT198P0,UNIQUE,NORMAL,VALID,VISIBLE,CISTS_01,NO,2026-01-08 02:08:08
CISADM,CI_ENRL_PER_ID,XT199P0,UNIQUE,NORMAL,VALID,VISIBLE,CISTS_01,NO,2026-01-08 02:15:02
CISADM,CI_ENRL_PER_ID,XT199S1,UNIQUE,NORMAL,VALID,VISIBLE,CISTS_01,NO,2026-01-08 02:15:01
CISADM,CI_ENRL_PER_NM,XT194P0,UNIQUE,NORMAL,VALID,VISIBLE,CISTS_01,NO,2026-01-08 02:13:20
CISADM,CI_ENRL_PER_NM,XT194S1,NONUNIQUE,NORMAL,VALID,VISIBLE,CISTS_01,NO,2026-01-08 02:13:20
CISADM,CI_ENRL_PER_PHN,XT195P0,UNIQUE,NORMAL,VALID,VISIBLE,CISTS_01,NO,2026-01-08 02:14:15
CISADM,CI_ENV_REF,XC391P0,UNIQUE,NORMAL,VALID,VISIBLE,CISTS_01,NO,2026-01-08 02:26:04
CISADM,CI_ENV_REF_L,XC356P0,UNIQUE,NORMAL,VALID,VISIBLE,CISTS_01,NO,2026-01-08 02:26:13
CISADM,CI_FA,XT094P0,UNIQUE,NORMAL,VALID,VISIBLE,CISTS_01,NO,2026-01-16 02:06:42
CISADM,CI_FA,XT094S1,NONUNIQUE,NORMAL,VALID,VISIBLE,CISTS_01,NO,2026-01-16 02:06:41
CISADM,CI_FA,XT094S2,NONUNIQUE,NORMAL,VALID,VISIBLE,CISTS_01,NO,2026-01-16 02:06:42
CISADM,CI_FA,XT094S3,NONUNIQUE,NORMAL,VALID,VISIBLE,CISTS_01,NO,2026-01-16 02:06:41
CISADM,CI_FA,XT094S4,NONUNIQUE,NORMAL,VALID,VISIBLE,CISTS_01,NO,2026-01-16 02:06:42
CISADM,CI_FA,XT094S5,UNIQUE,NORMAL,VALID,VISIBLE,CISTS_01,NO,2026-01-16 02:06:42
CISADM,CI_FA,XT094S7,NONUNIQUE,NORMAL,VALID,VISIBLE,CISTS_01,NO,2026-01-16 02:06:41
CISADM,CI_FAC_LVL_1,XC101P0,UNIQUE,NORMAL,VALID,VISIBLE,CISTS_01,NO,2026-01-08 02:25:51
CISADM,CI_FAC_LVL_1_2,XC102P0,UNIQUE,NORMAL,VALID,VISIBLE,CISTS_01,NO,2026-01-08 02:25:51
CISADM,CI_FAC_LVL_1_2,XC102S1,NONUNIQUE,NORMAL,VALID,VISIBLE,CISTS_01,NO,2026-01-08 02:25:51
CISADM,CI_FAC_LVL_1_L,XC531P0,UNIQUE,NORMAL,VALID,VISIBLE,CISTS_01,NO,2026-01-08 02:26:00
CISADM,CI_FAC_LVL_2,XC103P0,UNIQUE,NORMAL,VALID,VISIBLE,CISTS_01,NO,2026-01-08 02:26:28
CISADM,CI_FAC_LVL_2_3,XC104P0,UNIQUE,NORMAL,VALID,VISIBLE,CISTS_01,NO,2026-01-08 02:26:45
CISADM,CI_FAC_LVL_2_3,XC104S1,NONUNIQUE,NORMAL,VALID,VISIBLE,CISTS_01,NO,2026-01-08 02:26:45
CISADM,CI_FAC_LVL_2_L,XC532P0,UNIQUE,NORMAL,VALID,VISIBLE,CISTS_01,NO,2026-01-08 02:25:59
CISADM,CI_FAC_LVL_3,XC105P0,UNIQUE,NORMAL,VALID,VISIBLE,CISTS_01,NO,2026-01-08 02:26:43
CISADM,CI_FAC_LVL_3_L,XC533P0,UNIQUE,NORMAL,VALID,VISIBLE,CISTS_01,NO,2026-01-08 02:26:11
CISADM,CI_FAC_LVL_NAME,XC106P0,UNIQUE,NORMAL,VALID,VISIBLE,CISTS_01,NO,2026-01-08 02:26:10
CISADM,CI_FAC_LVL_NAME_L,XC534P0,UNIQUE,NORMAL,VALID,VISIBLE,CISTS_01,NO,2026-01-08 02:26:35
CISADM,CI_FAPR_FATY,XC107P0,UNIQUE,NORMAL,VALID,VISIBLE,CISTS_01,NO,2026-01-08 02:25:56
CISADM,CI_FAPR_TMPL,XC108P0,UNIQUE,NORMAL,VALID,VISIBLE,CISTS_01,NO,2026-01-16 02:05:31
CISADM,CI_FAPR_TMPL,XC108S1,NONUNIQUE,NORMAL,VALID,VISIBLE,CISTS_01,NO,2026-01-16 02:05:31
CISADM,CI_FA_CAN_RSN,XC271P0,UNIQUE,NORMAL,VALID,VISIBLE,CISTS_01,NO,2026-01-16 02:05:25
CISADM,CI_FA_CAN_RSN_L,XC272P0,UNIQUE,NORMAL,VALID,VISIBLE,CISTS_01,NO,2026-02-28 22:20:29
CISADM,CI_FA_CHAR,XT406P0,UNIQUE,NORMAL,VALID,VISIBLE,CISTS_01,NO,2026-01-08 02:09:25
CISADM,CI_FA_CHAR,XT406S1,NONUNIQUE,NORMAL,VALID,VISIBLE,CISTS_01,NO,2026-01-08 02:09:25
CISADM,CI_FA_CMPL_CTRL,XC315P0,UNIQUE,NORMAL,VALID,VISIBLE,CISTS_01,NO,2026-01-08 02:26:09
CISADM,CI_FA_K,XT523P0,UNIQUE,IOT - TOP,VALID,VISIBLE,CISTS_01,NO,2026-01-08 02:19:16
CISADM,CI_FA_LOG,XT350P0,UNIQUE,NORMAL,VALID,VISIBLE,CISTS_01,NO,2026-01-08 02:11:53
CISADM,CI_FA_REM,XT407P0,UNIQUE,NORMAL,VALID,VISIBLE,CISTS_01,NO,2026-01-08 02:13:20
CISADM,CI_FA_REM_ALG,XC375P0,UNIQUE,NORMAL,VALID,VISIBLE,CISTS_01,NO,2026-01-08 02:26:02
CISADM,CI_FA_REM_CD,XC376P0,UNIQUE,NORMAL,VALID,VISIBLE,CISTS_01,NO,2026-01-08 02:26:28
CISADM,CI_FA_REM_CD_L,XC377P0,UNIQUE,NORMAL,VALID,VISIBLE,CISTS_01,NO,2026-01-08 02:26:29
CISADM,CI_FA_REM_EXC,XT312P0,UNIQUE,NORMAL,VALID,VISIBLE,CISTS_01,NO,2026-01-08 02:16:04
CISADM,CI_FA_REM_EXP,XT405P0,UNIQUE,NORMAL,VALID,VISIBLE,CISTS_01,NO,2026-01-08 02:10:14
CISADM,CI_FA_RESCHED_RSN,XC898P0,UNIQUE,NORMAL,VALID,VISIBLE,CISTS_01,NO,2026-01-08 02:26:01
CISADM,CI_FA_RESCHED_RSN_L,XC897P0,UNIQUE,NORMAL,VALID,VISIBLE,CISTS_01,NO,2026-01-08 02:26:35
CISADM,CI_FA_STAGE_UP,XT806P0,UNIQUE,NORMAL,VALID,VISIBLE,CISTS_01,NO,2026-01-08 02:15:52
CISADM,CI_FA_STEP,XT095P0,UNIQUE,NORMAL,VALID,VISIBLE,CISTS_01,NO,2026-01-08 02:10:12
CISADM,CI_FA_STEP,XT095S1,NONUNIQUE,NORMAL,VALID,VISIBLE,CISTS_01,NO,2026-01-08 02:10:12
CISADM,CI_FA_STEP,XT095S2,NONUNIQUE,NORMAL,VALID,VISIBLE,CISTS_01,NO,2026-01-08 02:10:12
CISADM,CI_FA_STEP,XT095S3,NONUNIQUE,NORMAL,VALID,VISIBLE,CISTS_01,NO,2026-01-08 02:10:12
CISADM,CI_FA_STEP_TYPE,XC200P0,UNIQUE,NORMAL,VALID,VISIBLE,CISTS_01,NO,2026-01-08 02:25:51
CISADM,CI_FA_STEP_TYPE_L,XC528P0,UNIQUE,NORMAL,VALID,VISIBLE,CISTS_01,NO,2026-01-08 02:26:43
CISADM,CI_FA_STGUP_CHAR,XT725P0,UNIQUE,NORMAL,VALID,VISIBLE,CISTS_01,NO,2026-01-08 02:13:37
CISADM,CI_FA_STGUP_EXC,XT808P0,UNIQUE,NORMAL,VALID,VISIBLE,CISTS_01,NO,2026-01-08 02:09:11
CISADM,CI_FA_STGUP_REM,XT723P0,UNIQUE,NORMAL,VALID,VISIBLE,CISTS_01,NO,2026-01-08 02:12:47
CISADM,CI_FA_STP_STGUP,XT807P0,UNIQUE,NORMAL,VALID,VISIBLE,CISTS_01,NO,2026-01-08 02:15:19
CISADM,CI_FA_TYPE,XC006P0,UNIQUE,NORMAL,VALID,VISIBLE,CISTS_01,NO,2026-01-16 02:05:26
CISADM,CI_FA_TYPE,XC006S1,UNIQUE,NORMAL,VALID,VISIBLE,CISTS_01,NO,2026-01-16 02:05:26
CISADM,CI_FA_TYPE_CHAR,XC400P0,UNIQUE,NORMAL,VALID,VISIBLE,CISTS_01,NO,2026-01-08 02:25:56
CISADM,CI_FA_TYPE_L,XC529P0,UNIQUE,NORMAL,VALID,VISIBLE,CISTS_01,NO,2026-01-09 02:12:14
CISADM,CI_FA_TYPE_PROF,XC099P0,UNIQUE,NORMAL,VALID,VISIBLE,CISTS_01,NO,2026-02-13 02:16:58
CISADM,CI_FA_TYPE_PROF_L,XC530P0,UNIQUE,NORMAL,VALID,VISIBLE,CISTS_01,NO,2026-02-13 02:16:57
CISADM,CI_FK_REF,XC605P0,UNIQUE,NORMAL,VALID,VISIBLE,CISTS_01,NO,2026-01-24 22:15:07
CISADM,CI_FK_REF_L,XC606P0,UNIQUE,NORMAL,VALID,VISIBLE,CISTS_01,NO,2026-01-09 02:12:40
CISADM,CI_FO,XT109P0,UNIQUE,NORMAL,VALID,VISIBLE,CISTS_01,NO,2026-01-08 02:09:54
CISADM,CI_FO,XT109S1,NONUNIQUE,NORMAL,VALID,VISIBLE,CISTS_01,NO,2026-01-08 02:09:55
CISADM,CI_FO,XT109S2,NONUNIQUE,NORMAL,VALID,VISIBLE,CISTS_01,NO,2026-01-08 02:09:55
CISADM,CI_FO,XT109S3,NONUNIQUE,NORMAL,VALID,VISIBLE,CISTS_01,NO,2026-01-08 02:09:54
CISADM,CI_FO_K,XT524P0,UNIQUE,IOT - TOP,VALID,VISIBLE,CISTS_01,NO,2026-01-07 21:29:59
CISADM,CI_FO_STG_DWN,XT110P0,UNIQUE,NORMAL,VALID,VISIBLE,CISTS_01,NO,2026-01-08 02:12:04
CISADM,CI_FREQ,XC111P0,UNIQUE,NORMAL,VALID,VISIBLE,CISTS_01,NO,2026-01-09 02:12:21
CISADM,CI_FREQ_L,XC535P0,UNIQUE,NORMAL,VALID,VISIBLE,CISTS_01,NO,2026-01-09 02:12:27
CISADM,CI_FS_CL,XC313P0,UNIQUE,NORMAL,VALID,VISIBLE,CISTS_01,NO,2026-01-08 02:26:45
CISADM,CI_FS_CL_DFLT,XC314P0,UNIQUE,NORMAL,VALID,VISIBLE,CISTS_01,NO,2026-01-08 02:26:17
CISADM,CI_FS_CL_L,XC536P0,UNIQUE,NORMAL,VALID,VISIBLE,CISTS_01,NO,2026-01-08 02:26:45
CISADM,CI_FS_CTRL,XC098P0,UNIQUE,NORMAL,VALID,VISIBLE,CISTS_01,NO,2026-01-08 02:26:36
CISADM,CI_FS_DGRP,XC007P0,UNIQUE,NORMAL,VALID,VISIBLE,CISTS_01,NO,2026-01-08 02:26:07
CISADM,CI_FS_OP_AREA,XC312P0,UNIQUE,NORMAL,VALID,VISIBLE,CISTS_01,NO,2026-01-08 02:26:35
CISADM,CI_FT,CM_XT112S1,NONUNIQUE,NORMAL,VALID,VISIBLE,CISTS_01,NO,2026-02-20 02:22:53
CISADM,CI_FT,CM_XT112S2,NONUNIQUE,NORMAL,VALID,VISIBLE,CISTS_01,NO,2026-02-20 02:22:58
CISADM,CI_FT,XT112P0,UNIQUE,NORMAL,VALID,VISIBLE,CISTS_01,NO,2026-02-20 02:22:33
CISADM,CI_FT,XT112S1,NONUNIQUE,NORMAL,VALID,VISIBLE,CISTS_01,NO,2026-02-20 02:22:45
CISADM,CI_FT,XT112S2,NONUNIQUE,NORMAL,VALID,VISIBLE,CISTS_01,NO,2026-02-20 02:22:18
CISADM,CI_FT,XT112S3,NONUNIQUE,NORMAL,VALID,VISIBLE,CISTS_01,NO,2026-02-20 02:22:36
CISADM,CI_FT,XT112S4,NONUNIQUE,NORMAL,VALID,VISIBLE,CISTS_01,NO,2026-02-20 02:22:39
CISADM,CI_FT,XT112S5,UNIQUE,NORMAL,VALID,VISIBLE,CISTS_01,NO,2026-02-20 02:22:30
CISADM,CI_FT,XT112S6,UNIQUE,NORMAL,VALID,VISIBLE,CISTS_01,NO,2026-02-20 02:22:21
CISADM,CI_FT,XT112S7,NONUNIQUE,NORMAL,VALID,VISIBLE,CISTS_01,NO,2026-02-20 02:22:48
CISADM,CI_FT,XT112S8,NONUNIQUE,NORMAL,VALID,VISIBLE,CISTS_01,NO,2026-02-20 02:22:26
CISADM,CI_FT_GL,XT113P0,UNIQUE,NORMAL,VALID,VISIBLE,CISTS_01,NO,2026-02-20 02:21:40
CISADM,CI_FT_GL,XT113S1,NONUNIQUE,NORMAL,VALID,VISIBLE,CISTS_01,NO,2026-02-20 02:21:38
CISADM,CI_FT_K,XT525P0,UNIQUE,IOT - TOP,VALID,VISIBLE,CISTS_01,NO,2026-01-08 02:25:43
CISADM,CI_FT_PROC,XT097P0,UNIQUE,NORMAL,VALID,VISIBLE,CISTS_01,NO,2026-01-23 02:20:33
CISADM,CI_FT_PROC,XT097S1,NONUNIQUE,NORMAL,VALID,VISIBLE,CISTS_01,NO,2026-01-23 02:20:30
CISADM,CI_FUNC,XC751P0,UNIQUE,NORMAL,VALID,VISIBLE,CISTS_01,NO,2026-01-08 02:26:45
CISADM,CI_FUNC,XC751S1,NONUNIQUE,NORMAL,VALID,VISIBLE,CISTS_01,NO,2026-01-08 02:26:45
CISADM,CI_FUNC_FLD,XC752P0,UNIQUE,NORMAL,VALID,VISIBLE,CISTS_01,NO,2026-01-08 02:26:24
CISADM,CI_FUNC_FLD_L,XC756P0,UNIQUE,NORMAL,VALID,VISIBLE,CISTS_01,NO,2026-01-08 02:26:42
CISADM,CI_FUNC_L,XC753P0,UNIQUE,NORMAL,VALID,VISIBLE,CISTS_01,NO,2026-01-08 02:26:45
CISADM,CI_FUND,XC788P0,UNIQUE,NORMAL,VALID,VISIBLE,CISTS_01,NO,2026-01-08 02:26:24
CISADM,CI_FUND_L,XC789P0,UNIQUE,NORMAL,VALID,VISIBLE,CISTS_01,NO,2026-01-08 02:25:56
CISADM,CI_GEO_DFLT_SVC,XC114P0,UNIQUE,NORMAL,VALID,VISIBLE,CISTS_01,NO,2026-01-08 02:26:44
CISADM,CI_GEO_TYPE,XC116P0,UNIQUE,NORMAL,VALID,VISIBLE,CISTS_01,NO,2026-01-09 02:12:17
CISADM,CI_GEO_TYPE_L,XC537P0,UNIQUE,NORMAL,VALID,VISIBLE,CISTS_01,NO,2026-01-09 02:12:23
CISADM,CI_GEO_TYP_DFLT,XC115P0,UNIQUE,NORMAL,VALID,VISIBLE,CISTS_01,NO,2026-01-08 02:26:05
CISADM,CI_GEO_TYP_DFLT,XC115S1,NONUNIQUE,NORMAL,VALID,VISIBLE,CISTS_01,NO,2026-01-08 02:26:05
CISADM,CI_GL_DIVISION,XC282P0,UNIQUE,NORMAL,VALID,VISIBLE,CISTS_01,NO,2026-01-09 02:12:14
CISADM,CI_GL_DIVISION,XC282S1,NONUNIQUE,NORMAL,VALID,VISIBLE,CISTS_01,NO,2026-01-09 02:12:14
CISADM,CI_GL_DIVISION_L,XC538P0,UNIQUE,NORMAL,VALID,VISIBLE,CISTS_01,NO,2026-01-23 02:18:52
CISADM,CI_HI_LO_FACTOR,XC117P0,UNIQUE,NORMAL,VALID,VISIBLE,CISTS_01,NO,2026-01-08 02:26:23
CISADM,CI_ID_TYPE,XC008P0,UNIQUE,NORMAL,VALID,VISIBLE,CISTS_01,NO,2026-01-16 02:05:28
CISADM,CI_ID_TYPE_L,XC539P0,UNIQUE,NORMAL,VALID,VISIBLE,CISTS_01,NO,2026-01-16 02:05:29
CISADM,CI_INSTALL_ALG,XC222P0,UNIQUE,NORMAL,VALID,VISIBLE,CISTS_01,NO,2026-01-09 02:12:18
CISADM,CI_INSTALL_MSG,XC164P0,UNIQUE,NORMAL,VALID,VISIBLE,CISTS_01,NO,2026-01-09 02:12:19
CISADM,CI_INSTALL_MSG_L,XC167P0,UNIQUE,NORMAL,VALID,VISIBLE,CISTS_01,NO,2026-01-09 02:12:15
CISADM,CI_INSTALL_PROD,FC001P0,UNIQUE,NORMAL,VALID,VISIBLE,CISTS_01,NO,2026-01-09 02:12:13
CISADM,CI_INTV_DATA,XT234P0,UNIQUE,NORMAL,VALID,VISIBLE,CISTS_01,NO,2026-01-08 02:12:58
CISADM,CI_INTV_DATA_SET,XT233P0,UNIQUE,NORMAL,VALID,VISIBLE,CISTS_01,NO,2026-01-08 02:15:54
CISADM,CI_INTV_DATA_SET,XT233S1,UNIQUE,NORMAL,VALID,VISIBLE,CISTS_01,NO,2026-01-08 02:15:54
CISADM,CI_INTV_DATA_SET,XT233S2,NONUNIQUE,NORMAL,VALID,VISIBLE,CISTS_01,NO,2026-01-08 02:15:54
CISADM,CI_INTV_DATA_SET_K,XT526P0,UNIQUE,IOT - TOP,VALID,VISIBLE,CISTS_01,NO,2026-01-07 21:30:11
CISADM,CI_INTV_DS_EXC,XT079P0,UNIQUE,NORMAL,VALID,VISIBLE,CISTS_01,NO,2026-01-08 02:11:32
CISADM,CI_INTV_PF,XM208P0,UNIQUE,NORMAL,VALID,VISIBLE,CISTS_01,NO,2026-01-08 02:15:54
CISADM,CI_INTV_PF,XM208S1,NONUNIQUE,NORMAL,VALID,VISIBLE,CISTS_01,NO,2026-01-08 02:15:54
CISADM,CI_INTV_PF,XM208S2,NONUNIQUE,NORMAL,VALID,VISIBLE,CISTS_01,NO,2026-01-08 02:15:54
CISADM,CI_INTV_PF,XM208S3,NONUNIQUE,NORMAL,VALID,VISIBLE,CISTS_01,NO,2026-01-08 02:15:54
CISADM,CI_INTV_PFRELTY,XC173P0,UNIQUE,NORMAL,VALID,VISIBLE,CISTS_01,NO,2026-01-08 02:25:58
CISADM,CI_INTV_PFRELTY_L,XC174P0,UNIQUE,NORMAL,VALID,VISIBLE,CISTS_01,NO,2026-01-08 02:26:12
CISADM,CI_INTV_PF_ALG,XC192P0,UNIQUE,NORMAL,VALID,VISIBLE,CISTS_01,NO,2026-01-08 02:26:25
CISADM,CI_INTV_PF_K,XM503P0,UNIQUE,IOT - TOP,VALID,VISIBLE,CISTS_01,NO,2026-01-07 21:30:11
CISADM,CI_INTV_PF_L,XM207P0,UNIQUE,NORMAL,VALID,VISIBLE,CISTS_01,NO,2026-01-08 02:15:40
CISADM,CI_INTV_PF_TYP,XC170P0,UNIQUE,NORMAL,VALID,VISIBLE,CISTS_01,NO,2026-01-08 02:25:55
CISADM,CI_INTV_PF_TYP_L,XC171P0,UNIQUE,NORMAL,VALID,VISIBLE,CISTS_01,NO,2026-01-08 02:25:54
CISADM,CI_INTV_REG_ALG,XC410P0,UNIQUE,NORMAL,VALID,VISIBLE,CISTS_01,NO,2026-01-08 02:26:40
CISADM,CI_INTV_REG_TYP,XC408P0,UNIQUE,NORMAL,VALID,VISIBLE,CISTS_01,NO,2026-01-08 02:26:34
CISADM,CI_INTV_REG_TYP_L,XC409P0,UNIQUE,NORMAL,VALID,VISIBLE,CISTS_01,NO,2026-01-08 02:26:37
CISADM,CI_INTV_VAL,XT066P0,UNIQUE,NORMAL,VALID,VISIBLE,CISTS_01,NO,2026-01-08 02:08:33
CISADM,CI_INTV_VAL_SET,XT065P0,UNIQUE,NORMAL,VALID,VISIBLE,CISTS_01,NO,2026-01-08 02:11:09
CISADM,CI_INTV_VAL_SET,XT065S1,UNIQUE,NORMAL,VALID,VISIBLE,CISTS_01,NO,2026-01-08 02:11:09
CISADM,CI_INTV_VAL_SET_K,XT036P0,UNIQUE,IOT - TOP,VALID,VISIBLE,CISTS_01,NO,2026-01-07 21:30:11
CISADM,CI_ITEM,XM120P0,UNIQUE,NORMAL,VALID,VISIBLE,CISTS_01,NO,2026-01-08 02:10:45
CISADM,CI_ITEM,XM120S1,NONUNIQUE,NORMAL,VALID,VISIBLE,CISTS_01,NO,2026-01-08 02:10:45
CISADM,CI_ITEM,XM120S2,NONUNIQUE,NORMAL,VALID,VISIBLE,CISTS_01,NO,2026-01-08 02:10:44
CISADM,CI_ITEM_CHAR,C1M006S1,NONUNIQUE,NORMAL,VALID,VISIBLE,CISTS_01,NO,2026-01-08 02:12:45
CISADM,CI_ITEM_CHAR,XM119P0,UNIQUE,NORMAL,VALID,VISIBLE,CISTS_01,NO,2026-01-08 02:12:45
CISADM,CI_ITEM_EQ,XM001P0,UNIQUE,NORMAL,VALID,VISIBLE,CISTS_01,NO,2026-01-08 02:08:49
CISADM,CI_ITEM_EQ,XM001S1,NONUNIQUE,NORMAL,VALID,VISIBLE,CISTS_01,NO,2026-01-08 02:08:50
CISADM,CI_ITEM_K,XM504P0,UNIQUE,IOT - TOP,VALID,VISIBLE,CISTS_01,NO,2026-01-07 21:30:11
CISADM,CI_ITEM_LOC_HIS,XT273P0,UNIQUE,NORMAL,VALID,VISIBLE,CISTS_01,NO,2026-01-08 02:12:27
CISADM,CI_ITEM_LOC_HIS,XT273S1,NONUNIQUE,NORMAL,VALID,VISIBLE,CISTS_01,NO,2026-01-08 02:12:27
CISADM,CI_ITEM_LOC_HIS,XT273S2,NONUNIQUE,NORMAL,VALID,VISIBLE,CISTS_01,NO,2026-01-08 02:12:28
CISADM,CI_ITEM_LOC_HIS_K,XM278P0,UNIQUE,IOT - TOP,VALID,VISIBLE,CISTS_01,NO,2026-01-07 21:30:11
CISADM,CI_ITEM_SQ_EST,XM096P0,UNIQUE,NORMAL,VALID,VISIBLE,CISTS_01,NO,2026-01-08 02:14:32
CISADM,CI_ITEM_STK_LOC,C1T100P0,UNIQUE,NORMAL,VALID,VISIBLE,CISTS_01,NO,2026-01-08 02:09:41
CISADM,CI_ITEM_STK_LOC,C1T100S0,UNIQUE,NORMAL,VALID,VISIBLE,CISTS_01,NO,2026-01-08 02:09:41
CISADM,CI_ITEM_TYPE,XC123P0,UNIQUE,NORMAL,VALID,VISIBLE,CISTS_01,NO,2026-01-08 02:26:11
CISADM,CI_ITEM_TYPE_EQ,XC078P0,UNIQUE,NORMAL,VALID,VISIBLE,CISTS_01,NO,2026-01-08 02:25:56
CISADM,CI_ITEM_TYPE_L,XC540P0,UNIQUE,NORMAL,VALID,VISIBLE,CISTS_01,NO,2026-01-08 02:26:37
CISADM,CI_ITEM_TYP_CHA,XC122P0,UNIQUE,NORMAL,VALID,VISIBLE,CISTS_01,NO,2026-01-08 02:25:53
CISADM,CI_LANDLORD,XM126P0,UNIQUE,NORMAL,VALID,VISIBLE,CISTS_01,NO,2026-02-14 22:23:50
CISADM,CI_LANDLORD,XM126S2,NONUNIQUE,NORMAL,VALID,VISIBLE,CISTS_01,NO,2026-02-14 22:23:50
CISADM,CI_LANDLORD,XM126S3,NONUNIQUE,NORMAL,VALID,VISIBLE,CISTS_01,NO,2026-02-14 22:23:50
CISADM,CI_LANDLORD_K,XM505P0,UNIQUE,IOT - TOP,VALID,VISIBLE,CISTS_01,NO,2026-01-08 02:18:41
CISADM,CI_LANGUAGE,XC290P0,UNIQUE,NORMAL,VALID,VISIBLE,CISTS_01,NO,2026-01-09 02:12:26
CISADM,CI_LETTER_TMPL,XC128P0,UNIQUE,NORMAL,VALID,VISIBLE,CISTS_01,NO,2026-02-27 02:15:24
CISADM,CI_LETTER_TMPL_L,XC541P0,UNIQUE,NORMAL,VALID,VISIBLE,CISTS_01,NO,2026-01-31 22:17:15
CISADM,CI_LL_DETAIL,XM129P0,UNIQUE,NORMAL,VALID,VISIBLE,CISTS_01,NO,2026-02-17 02:19:58
CISADM,CI_LL_DETAIL,XM129S1,NONUNIQUE,NORMAL,VALID,VISIBLE,CISTS_01,NO,2026-02-17 02:19:58
CISADM,CI_LOOKUP_FIELD,XC352P0,UNIQUE,NORMAL,VALID,VISIBLE,CISTS_01,NO,2026-01-09 02:12:44
CISADM,CI_LOOKUP_VAL,XC699P0,UNIQUE,NORMAL,VALID,VISIBLE,CISTS_01,NO,2026-01-21 02:21:38
CISADM,CI_LOOKUP_VAL_L,XC353P0,UNIQUE,NORMAL,VALID,VISIBLE,CISTS_01,NO,2026-01-09 02:13:05
CISADM,CI_MATCH_EVT,XT266P0,UNIQUE,NORMAL,VALID,VISIBLE,CISTS_01,NO,2026-01-08 02:11:53
CISADM,CI_MATCH_EVT,XT266S1,NONUNIQUE,NORMAL,VALID,VISIBLE,CISTS_01,NO,2026-01-08 02:11:53
CISADM,CI_MATCH_EVT,XT266S2,NONUNIQUE,NORMAL,VALID,VISIBLE,CISTS_01,NO,2026-01-08 02:11:53
CISADM,CI_MATCH_EVT_K,XT527P0,UNIQUE,IOT - TOP,VALID,VISIBLE,CISTS_01,NO,2026-01-07 21:30:13
CISADM,CI_MATCH_TYPE,XC250P0,UNIQUE,NORMAL,VALID,VISIBLE,CISTS_01,NO,2026-01-08 02:26:43
CISADM,CI_MATCH_TYPE_L,XC251P0,UNIQUE,NORMAL,VALID,VISIBLE,CISTS_01,NO,2026-01-08 02:26:36
CISADM,CI_MD_ATT_TY,XC455P0,UNIQUE,NORMAL,VALID,VISIBLE,CISTS_01,NO,2026-01-08 02:26:43
CISADM,CI_MD_AT_DTL,XC456P0,UNIQUE,NORMAL,VALID,VISIBLE,CISTS_01,NO,2026-01-08 02:26:21
CISADM,CI_MD_AT_DTL_L,XC457P0,UNIQUE,NORMAL,VALID,VISIBLE,CISTS_01,NO,2026-01-08 02:25:54
CISADM,CI_MD_CONST,XC616P0,UNIQUE,NORMAL,VALID,VISIBLE,CISTS_01,NO,2026-01-09 02:13:18
CISADM,CI_MD_CONST,XC616S1,NONUNIQUE,NORMAL,VALID,VISIBLE,CISTS_01,NO,2026-01-09 02:13:18
CISADM,CI_MD_CONST,XC616S2,NONUNIQUE,NORMAL,VALID,VISIBLE,CISTS_01,NO,2026-01-09 02:13:18
CISADM,CI_MD_CONST_FLD,XC617P0,UNIQUE,NORMAL,VALID,VISIBLE,CISTS_01,NO,2026-01-09 02:13:17
CISADM,CI_MD_CTL,XC908P0,UNIQUE,NORMAL,VALID,VISIBLE,CISTS_01,NO,2026-01-08 02:26:02
CISADM,CI_MD_CTL_L,XC909P0,UNIQUE,NORMAL,VALID,VISIBLE,CISTS_01,NO,2026-01-08 02:25:50
CISADM,CI_MD_CTL_TMPL,XC258P0,UNIQUE,NORMAL,VALID,VISIBLE,CISTS_01,NO,2026-01-08 02:25:50
CISADM,CI_MD_ELTY,XC910P0,UNIQUE,NORMAL,VALID,VISIBLE,CISTS_01,NO,2026-01-08 02:25:54
CISADM,CI_MD_ELTY_AT,XC911P0,UNIQUE,NORMAL,VALID,VISIBLE,CISTS_01,NO,2026-01-08 02:26:36
CISADM,CI_MD_ELTY_L,XC912P0,UNIQUE,NORMAL,VALID,VISIBLE,CISTS_01,NO,2026-01-08 02:25:54
CISADM,CI_MD_FLD,XC904P0,UNIQUE,NORMAL,VALID,VISIBLE,CISTS_01,NO,2026-01-24 22:15:11
CISADM,CI_MD_FLD_L,XC902P0,UNIQUE,NORMAL,VALID,VISIBLE,CISTS_01,NO,2026-01-09 02:13:45
CISADM,CI_MD_IDX,F1C799P0,UNIQUE,NORMAL,VALID,VISIBLE,CISTS_01,NO,2026-01-08 02:26:24
CISADM,CI_MD_IDX_FLD,F1C800P0,UNIQUE,NORMAL,VALID,VISIBLE,CISTS_01,NO,2026-01-08 02:25:50
CISADM,CI_MD_IDX_FLD,F1C800S1,UNIQUE,NORMAL,VALID,VISIBLE,CISTS_01,NO,2026-01-08 02:25:50
CISADM,CI_MD_LOOKUP_F,XC914P0,UNIQUE,NORMAL,VALID,VISIBLE,CISTS_01,NO,2026-01-08 02:26:25
CISADM,CI_MD_MENU,XC939P0,UNIQUE,NORMAL,VALID,VISIBLE,CISTS_01,NO,2026-01-09 02:12:41
CISADM,CI_MD_MENU_IMOD,XC615P0,UNIQUE,NORMAL,VALID,VISIBLE,CISTS_01,NO,2026-01-09 02:12:40
CISADM,CI_MD_MENU_ITEM,XC941P0,UNIQUE,NORMAL,VALID,VISIBLE,CISTS_01,NO,2026-01-09 02:13:02
CISADM,CI_MD_MENU_ITEM,XC941S1,UNIQUE,NORMAL,VALID,VISIBLE,CISTS_01,NO,2026-01-09 02:13:02
CISADM,CI_MD_MENU_ITEM,XC941S2,NONUNIQUE,NORMAL,VALID,VISIBLE,CISTS_01,NO,2026-01-09 02:13:02
CISADM,CI_MD_MENU_ITEM,XC941S3,NONUNIQUE,NORMAL,VALID,VISIBLE,CISTS_01,NO,2026-01-09 02:13:02
CISADM,CI_MD_MENU_ITEM_L,XC942P0,UNIQUE,NORMAL,VALID,VISIBLE,CISTS_01,NO,2026-01-09 02:12:43
CISADM,CI_MD_MENU_L,XC940P0,UNIQUE,NORMAL,VALID,VISIBLE,CISTS_01,NO,2026-01-09 02:12:40
CISADM,CI_MD_MENU_LINE,XC944P0,UNIQUE,NORMAL,VALID,VISIBLE,CISTS_01,NO,2026-01-09 02:12:45
CISADM,CI_MD_MENU_LINE,XC944S1,NONUNIQUE,NORMAL,VALID,VISIBLE,CISTS_01,NO,2026-01-09 02:12:45
CISADM,CI_MD_MENU_LINE_L,XC435P0,UNIQUE,NORMAL,VALID,VISIBLE,CISTS_01,NO,2026-01-09 02:12:42
CISADM,CI_MD_MENU_MOD,XC371P0,UNIQUE,NORMAL,VALID,VISIBLE,CISTS_01,NO,2026-01-08 02:26:22
CISADM,CI_MD_MO,XC027P0,UNIQUE,NORMAL,VALID,VISIBLE,CISTS_01,NO,2026-01-09 02:12:42
CISADM,CI_MD_MO_ALG,FC048P0,UNIQUE,NORMAL,VALID,VISIBLE,CISTS_01,NO,2026-01-16 02:05:32
CISADM,CI_MD_MO_L,XC048P0,UNIQUE,NORMAL,VALID,VISIBLE,CISTS_01,NO,2026-01-09 02:12:39
CISADM,CI_MD_MO_OPT,FC040P0,UNIQUE,NORMAL,VALID,VISIBLE,CISTS_01,NO,2026-01-09 02:12:48
CISADM,CI_MD_MO_TBL,XC079P0,UNIQUE,NORMAL,VALID,VISIBLE,CISTS_01,NO,2026-01-15 02:21:38
CISADM,CI_MD_MO_TBL,XC079S1,NONUNIQUE,NORMAL,VALID,VISIBLE,CISTS_01,NO,2026-01-15 02:21:38
CISADM,CI_MD_MO_WRK,XC444P0,UNIQUE,NORMAL,VALID,VISIBLE,CISTS_01,NO,2026-01-08 02:26:08
CISADM,CI_MD_MSG,XC915P0,UNIQUE,NORMAL,VALID,VISIBLE,CISTS_01,NO,2026-01-08 02:26:31
CISADM,CI_MD_MSG_L,XC916P0,UNIQUE,NORMAL,VALID,VISIBLE,CISTS_01,NO,2026-01-08 02:26:28
CISADM,CI_MD_NAV,XC945P0,UNIQUE,NORMAL,VALID,VISIBLE,CISTS_01,NO,2026-01-09 02:13:09
CISADM,CI_MD_NAV,XC945S1,NONUNIQUE,NORMAL,VALID,VISIBLE,CISTS_01,NO,2026-01-09 02:13:09
CISADM,CI_MD_NAV,XC945S2,NONUNIQUE,NORMAL,VALID,VISIBLE,CISTS_01,NO,2026-01-09 02:13:09
CISADM,CI_MD_NAV,XC945S3,UNIQUE,NORMAL,VALID,VISIBLE,CISTS_01,NO,2026-01-09 02:13:09
CISADM,CI_MD_NAV,XC945S4,NONUNIQUE,NORMAL,VALID,VISIBLE,CISTS_01,NO,2026-01-09 02:13:09
CISADM,CI_MD_PDF,XC463P0,UNIQUE,NORMAL,VALID,VISIBLE,CISTS_01,NO,2026-01-08 02:26:09
CISADM,CI_MD_PDF_VAL,XC464P0,UNIQUE,NORMAL,VALID,VISIBLE,CISTS_01,NO,2026-01-08 02:26:16
CISADM,CI_MD_PRG_COM,XC917P0,UNIQUE,NORMAL,VALID,VISIBLE,CISTS_01,NO,2026-01-09 02:13:19
CISADM,CI_MD_PRG_COM,XC917S1,UNIQUE,NORMAL,VALID,VISIBLE,CISTS_01,NO,2026-01-09 02:13:19
CISADM,CI_MD_PRG_COM,XC917S2,NONUNIQUE,NORMAL,VALID,VISIBLE,CISTS_01,NO,2026-01-09 02:13:19
CISADM,CI_MD_PRG_ELEM,XC918P0,UNIQUE,NORMAL,VALID,VISIBLE,CISTS_01,NO,2026-01-24 22:15:14
CISADM,CI_MD_PRG_EL_AT,XC920P0,UNIQUE,NORMAL,VALID,VISIBLE,CISTS_01,NO,2026-01-08 02:26:12
CISADM,CI_MD_PRG_LOC,XC921P0,UNIQUE,NORMAL,VALID,VISIBLE,CISTS_01,NO,2026-01-09 02:12:37
CISADM,CI_MD_PRG_MOD,XC370P0,UNIQUE,NORMAL,VALID,VISIBLE,CISTS_01,NO,2026-01-08 02:26:38
CISADM,CI_MD_PRG_SEC,XC922P0,UNIQUE,NORMAL,VALID,VISIBLE,CISTS_01,NO,2026-01-09 02:13:03
CISADM,CI_MD_PRG_SQL,XC906P0,UNIQUE,NORMAL,VALID,VISIBLE,CISTS_01,NO,2026-01-08 02:26:09
CISADM,CI_MD_PRG_TAB,XC923P0,UNIQUE,NORMAL,VALID,VISIBLE,CISTS_01,NO,2026-01-24 22:15:07
CISADM,CI_MD_PRG_TAB,XC923S1,NONUNIQUE,NORMAL,VALID,VISIBLE,CISTS_01,NO,2026-01-24 22:15:07
CISADM,CI_MD_PRG_VAR,XC926P0,UNIQUE,NORMAL,VALID,VISIBLE,CISTS_01,NO,2026-01-24 22:15:10
CISADM,CI_MD_RPT,XC392P0,UNIQUE,NORMAL,VALID,VISIBLE,CISTS_01,NO,2026-01-08 02:26:07
CISADM,CI_MD_RPT_L,XC393P0,UNIQUE,NORMAL,VALID,VISIBLE,CISTS_01,NO,2026-01-08 02:26:23
CISADM,CI_MD_RPT_LBL,XC396P0,UNIQUE,NORMAL,VALID,VISIBLE,CISTS_01,NO,2026-01-24 22:15:05
CISADM,CI_MD_RPT_PARM,XC395P0,UNIQUE,NORMAL,VALID,VISIBLE,CISTS_01,NO,2026-01-08 02:26:06
CISADM,CI_MD_RPT_PARM_L,XC397P0,UNIQUE,NORMAL,VALID,VISIBLE,CISTS_01,NO,2026-01-08 02:25:52
CISADM,CI_MD_SO,XC445P0,UNIQUE,NORMAL,VALID,VISIBLE,CISTS_01,NO,2026-01-09 02:12:13
CISADM,CI_MD_SOCG,XC449P0,UNIQUE,NORMAL,VALID,VISIBLE,CISTS_01,NO,2026-01-09 02:12:18
CISADM,CI_MD_SOCG_FLD,XC450P0,UNIQUE,NORMAL,VALID,VISIBLE,CISTS_01,NO,2026-01-08 02:26:21
CISADM,CI_MD_SOCG_FLDAT,XC451P0,UNIQUE,NORMAL,VALID,VISIBLE,CISTS_01,NO,2026-01-08 02:26:12
CISADM,CI_MD_SOCG_L,XC516P0,UNIQUE,NORMAL,VALID,VISIBLE,CISTS_01,NO,2026-01-09 02:12:19
CISADM,CI_MD_SOCG_SORT,XC452P0,UNIQUE,NORMAL,VALID,VISIBLE,CISTS_01,NO,2026-01-08 02:25:58
CISADM,CI_MD_SO_L,XC446P0,UNIQUE,NORMAL,VALID,VISIBLE,CISTS_01,NO,2026-01-09 02:12:33
CISADM,CI_MD_SO_RSFLD,XC447P0,UNIQUE,NORMAL,VALID,VISIBLE,CISTS_01,NO,2026-01-08 02:26:38
CISADM,CI_MD_SO_RSFLDAT,XC448P0,UNIQUE,NORMAL,VALID,VISIBLE,CISTS_01,NO,2026-01-08 02:26:07
CISADM,CI_MD_SRC_TYPE,XC927P0,UNIQUE,NORMAL,VALID,VISIBLE,CISTS_01,NO,2026-01-09 02:12:14
CISADM,CI_MD_SRC_TYPE_L,XC928P0,UNIQUE,NORMAL,VALID,VISIBLE,CISTS_01,NO,2026-01-08 02:26:18
CISADM,CI_MD_SVC,XC929P0,UNIQUE,NORMAL,VALID,VISIBLE,CISTS_01,NO,2026-01-09 02:12:52
CISADM,CI_MD_SVC_L,XC931P0,UNIQUE,NORMAL,VALID,VISIBLE,CISTS_01,NO,2026-01-09 02:12:47
CISADM,CI_MD_SVC_PRG,XC932P0,UNIQUE,NORMAL,VALID,VISIBLE,CISTS_01,NO,2026-01-09 02:12:45
CISADM,CI_MD_SVC_PRG,XC932S1,NONUNIQUE,NORMAL,VALID,VISIBLE,CISTS_01,NO,2026-01-09 02:12:45
CISADM,CI_MD_TAB_MOD,XC369P0,UNIQUE,NORMAL,VALID,VISIBLE,CISTS_01,NO,2026-01-09 02:12:14
CISADM,CI_MD_TBL,XC905P0,UNIQUE,NORMAL,VALID,VISIBLE,CISTS_01,NO,2026-01-23 02:18:56
CISADM,CI_MD_TBL,XC905S1,NONUNIQUE,NORMAL,VALID,VISIBLE,CISTS_01,NO,2026-01-23 02:18:56
CISADM,CI_MD_TBL_ADDTL,F1C906P0,UNIQUE,NORMAL,VALID,VISIBLE,CISTS_01,NO,2026-01-23 02:18:53
CISADM,CI_MD_TBL_FLD,XC903P0,UNIQUE,NORMAL,VALID,VISIBLE,CISTS_01,NO,2026-01-09 02:13:51
CISADM,CI_MD_TBL_FLD_L,XC901P0,UNIQUE,NORMAL,VALID,VISIBLE,CISTS_01,NO,2026-01-09 02:13:44
CISADM,CI_MD_TBL_L,XC900P0,UNIQUE,NORMAL,VALID,VISIBLE,CISTS_01,NO,2026-01-09 02:12:49
CISADM,CI_MD_TMPL,XC935P0,UNIQUE,NORMAL,VALID,VISIBLE,CISTS_01,NO,2026-01-09 02:12:15
CISADM,CI_MD_TMPL_ELTY,XC458P0,UNIQUE,NORMAL,VALID,VISIBLE,CISTS_01,NO,2026-01-08 02:26:15
CISADM,CI_MD_TMPL_L,XC936P0,UNIQUE,NORMAL,VALID,VISIBLE,CISTS_01,NO,2026-01-08 02:26:06
CISADM,CI_MD_TMPL_VAR,XC937P0,UNIQUE,NORMAL,VALID,VISIBLE,CISTS_01,NO,2026-01-09 02:12:45
CISADM,CI_MD_TMPL_VAR_L,XC938P0,UNIQUE,NORMAL,VALID,VISIBLE,CISTS_01,NO,2026-01-08 02:25:50
CISADM,CI_MD_TOOLREP_XML,XC726P0,UNIQUE,NORMAL,VALID,VISIBLE,CISTS_01,NO,2026-01-08 02:26:36
CISADM,CI_MD_TOOL_REP,XC725P0,UNIQUE,NORMAL,VALID,VISIBLE,CISTS_01,NO,2026-01-08 02:26:40
CISADM,CI_MD_VAR,XC459P0,UNIQUE,NORMAL,VALID,VISIBLE,CISTS_01,NO,2026-01-08 02:26:11
CISADM,CI_MD_VAR_DTL,XC460P0,UNIQUE,NORMAL,VALID,VISIBLE,CISTS_01,NO,2026-01-08 02:26:17
CISADM,CI_MD_VAR_DTL_L,XC461P0,UNIQUE,NORMAL,VALID,VISIBLE,CISTS_01,NO,2026-01-08 02:26:44
CISADM,CI_MD_WRK_TBL,XC453P0,UNIQUE,NORMAL,VALID,VISIBLE,CISTS_01,NO,2026-01-08 02:25:50
CISADM,CI_MD_WRK_TBLFLD,XC462P0,UNIQUE,NORMAL,VALID,VISIBLE,CISTS_01,NO,2026-01-08 02:26:24
CISADM,CI_MD_WRK_TBL_L,XC454P0,UNIQUE,NORMAL,VALID,VISIBLE,CISTS_01,NO,2026-01-08 02:26:20
CISADM,CI_MEVT_CAN_RSN,XC252P0,UNIQUE,NORMAL,VALID,VISIBLE,CISTS_01,NO,2026-01-08 02:26:25
CISADM,CI_MEVT_CAN_RSN_L,XC253P0,UNIQUE,NORMAL,VALID,VISIBLE,CISTS_01,NO,2026-01-08 02:25:50
CISADM,CI_MFG,XC130P0,UNIQUE,NORMAL,VALID,VISIBLE,CISTS_01,NO,2026-01-08 02:26:09
CISADM,CI_MFG_L,XC542P0,UNIQUE,NORMAL,VALID,VISIBLE,CISTS_01,NO,2026-01-08 02:25:50
CISADM,CI_MKTMSG_TYPE,XC800P0,UNIQUE,NORMAL,VALID,VISIBLE,CISTS_01,NO,2026-01-08 02:26:43
CISADM,CI_MKTMSG_TYPE_ALG,XC801P0,UNIQUE,NORMAL,VALID,VISIBLE,CISTS_01,NO,2026-01-08 02:26:27
CISADM,CI_MKTMSG_TYPE_CHAR,XC802P0,UNIQUE,NORMAL,VALID,VISIBLE,CISTS_01,NO,2026-01-08 02:26:37
CISADM,CI_MKTMSG_TYPE_CHAR,XC802S1,NONUNIQUE,NORMAL,VALID,VISIBLE,CISTS_01,NO,2026-01-08 02:26:37
CISADM,CI_MKTMSG_TYPE_L,XC803P0,UNIQUE,NORMAL,VALID,VISIBLE,CISTS_01,NO,2026-01-08 02:26:43
CISADM,CI_MODEL,XC131P0,UNIQUE,NORMAL,VALID,VISIBLE,CISTS_01,NO,2026-01-08 02:25:54
CISADM,CI_MODEL,XC131S1,NONUNIQUE,NORMAL,VALID,VISIBLE,CISTS_01,NO,2026-01-08 02:25:54
CISADM,CI_MODEL_L,XC543P0,UNIQUE,NORMAL,VALID,VISIBLE,CISTS_01,NO,2026-01-08 02:26:40
CISADM,CI_MPL_EXC,XT818P0,UNIQUE,NORMAL,VALID,VISIBLE,CISTS_01,NO,2026-01-08 02:16:10
CISADM,CI_MR,XT132P0,UNIQUE,NORMAL,VALID,VISIBLE,CISTS_01,NO,2026-01-08 02:13:19
CISADM,CI_MR,XT132S1,NONUNIQUE,NORMAL,VALID,VISIBLE,CISTS_01,NO,2026-01-08 02:13:19
CISADM,CI_MRR_STGE_UP,XT145P0,UNIQUE,NORMAL,VALID,VISIBLE,CISTS_01,NO,2026-01-08 02:09:31
CISADM,CI_MR_CHAR,XT410P0,UNIQUE,NORMAL,VALID,VISIBLE,CISTS_01,NO,2026-01-08 02:13:29
CISADM,CI_MR_CHAR,XT410S1,NONUNIQUE,NORMAL,VALID,VISIBLE,CISTS_01,NO,2026-01-08 02:13:29
CISADM,CI_MR_CYC,XC133P0,UNIQUE,NORMAL,VALID,VISIBLE,CISTS_01,NO,2026-01-08 02:25:51
CISADM,CI_MR_CYC_L,XC544P0,UNIQUE,NORMAL,VALID,VISIBLE,CISTS_01,NO,2026-01-08 02:26:34
CISADM,CI_MR_INSTR,XC134P0,UNIQUE,NORMAL,VALID,VISIBLE,CISTS_01,NO,2026-02-12 02:14:26
CISADM,CI_MR_INSTR_L,XC545P0,UNIQUE,NORMAL,VALID,VISIBLE,CISTS_01,NO,2026-01-10 22:18:28
CISADM,CI_MR_K,XT528P0,UNIQUE,IOT - TOP,VALID,VISIBLE,CISTS_01,NO,2026-01-07 21:30:22
CISADM,CI_MR_REM,XT135P0,UNIQUE,NORMAL,VALID,VISIBLE,CISTS_01,NO,2026-01-08 02:09:20
CISADM,CI_MR_REM_ACTN,XC603P0,UNIQUE,NORMAL,VALID,VISIBLE,CISTS_01,NO,2026-01-08 02:26:41
CISADM,CI_MR_REM_BMSG,XC160P0,UNIQUE,NORMAL,VALID,VISIBLE,CISTS_01,NO,2026-01-08 02:26:22
CISADM,CI_MR_REM_EXCP,XT024P0,UNIQUE,NORMAL,VALID,VISIBLE,CISTS_01,NO,2026-01-08 02:11:51
CISADM,CI_MR_RTE,XC136P0,UNIQUE,NORMAL,VALID,VISIBLE,CISTS_01,NO,2026-01-08 02:26:17
CISADM,CI_MR_RTE,XC136S2,NONUNIQUE,NORMAL,VALID,VISIBLE,CISTS_01,NO,2026-01-08 02:26:17
CISADM,CI_MR_RTE_CHAR,XC791P0,UNIQUE,NORMAL,VALID,VISIBLE,CISTS_01,NO,2026-01-08 02:25:56
CISADM,CI_MR_RTE_CHAR,XC791S1,NONUNIQUE,NORMAL,VALID,VISIBLE,CISTS_01,NO,2026-01-08 02:25:56
CISADM,CI_MR_RTE_L,XC546P0,UNIQUE,NORMAL,VALID,VISIBLE,CISTS_01,NO,2026-01-08 02:26:38
CISADM,CI_MR_RTE_SEC,C1C079P0,UNIQUE,NORMAL,VALID,VISIBLE,CISTS_01,NO,2026-01-08 02:26:07
CISADM,CI_MR_RTE_TYPE,XC137P0,UNIQUE,NORMAL,VALID,VISIBLE,CISTS_01,NO,2026-01-08 02:26:25
CISADM,CI_MR_RTE_TYPE_L,XC547P0,UNIQUE,NORMAL,VALID,VISIBLE,CISTS_01,NO,2026-01-08 02:26:27
CISADM,CI_MR_SCHED,XC138P0,UNIQUE,NORMAL,VALID,VISIBLE,CISTS_01,NO,2026-01-08 02:26:00
CISADM,CI_MR_SCHED,XC138S1,NONUNIQUE,NORMAL,VALID,VISIBLE,CISTS_01,NO,2026-01-08 02:26:00
CISADM,CI_MR_SCHED_RTE,XC139P0,UNIQUE,NORMAL,VALID,VISIBLE,CISTS_01,NO,2026-01-08 02:26:19
CISADM,CI_MR_SCHED_RTE,XC139S2,NONUNIQUE,NORMAL,VALID,VISIBLE,CISTS_01,NO,2026-01-08 02:26:19
CISADM,CI_MR_SOURCE,XC086P0,UNIQUE,NORMAL,VALID,VISIBLE,CISTS_01,NO,2026-01-08 02:26:38
CISADM,CI_MR_SOURCE_L,XC087P0,UNIQUE,NORMAL,VALID,VISIBLE,CISTS_01,NO,2026-01-08 02:26:38
CISADM,CI_MR_STAGE_DWN,XT140P0,UNIQUE,NORMAL,VALID,VISIBLE,CISTS_01,NO,2026-01-08 02:15:44
CISADM,CI_MR_STAGE_DWN,XT140S1,NONUNIQUE,NORMAL,VALID,VISIBLE,CISTS_01,NO,2026-01-08 02:15:44
CISADM,CI_MR_STAGE_DWN,XT140S2,NONUNIQUE,NORMAL,VALID,VISIBLE,CISTS_01,NO,2026-01-08 02:15:44
CISADM,CI_MR_STAGE_UP,XT141P0,UNIQUE,NORMAL,VALID,VISIBLE,CISTS_01,NO,2026-01-08 02:09:16
CISADM,CI_MR_STAGE_UP,XT141S1,NONUNIQUE,NORMAL,VALID,VISIBLE,CISTS_01,NO,2026-01-08 02:09:17
CISADM,CI_MR_STAGE_UP,XT141S2,NONUNIQUE,NORMAL,VALID,VISIBLE,CISTS_01,NO,2026-01-08 02:09:17
CISADM,CI_MR_STAGE_UP,XT141S3,NONUNIQUE,NORMAL,VALID,VISIBLE,CISTS_01,NO,2026-01-08 02:09:17
CISADM,CI_MR_STGUP_CHAR,XT411P0,UNIQUE,NORMAL,VALID,VISIBLE,CISTS_01,NO,2026-01-08 02:16:14
CISADM,CI_MR_STGUP_CHAR,XT411S1,NONUNIQUE,NORMAL,VALID,VISIBLE,CISTS_01,NO,2026-01-08 02:16:14
CISADM,CI_MR_STGUP_EXC,XT142P0,UNIQUE,NORMAL,VALID,VISIBLE,CISTS_01,NO,2026-01-08 02:10:08
CISADM,CI_MR_WARN,XC009P0,UNIQUE,NORMAL,VALID,VISIBLE,CISTS_01,NO,2026-02-12 02:14:25
CISADM,CI_MR_WARN_L,XC548P0,UNIQUE,NORMAL,VALID,VISIBLE,CISTS_01,NO,2026-01-27 02:21:53
CISADM,CI_MSG,XC291P0,UNIQUE,NORMAL,VALID,VISIBLE,CISTS_01,NO,2026-02-04 02:18:28
CISADM,CI_MSG_CATEGORY,XC292P0,UNIQUE,NORMAL,VALID,VISIBLE,CISTS_01,NO,2026-02-04 02:18:26
CISADM,CI_MSG_CATEGORY_L,XC549P0,UNIQUE,NORMAL,VALID,VISIBLE,CISTS_01,NO,2026-02-04 02:18:25
CISADM,CI_MSG_L,XC550P0,UNIQUE,NORMAL,VALID,VISIBLE,CISTS_01,NO,2026-02-04 02:18:29
CISADM,CI_MSG_LOG,XT300P0,UNIQUE,NORMAL,VALID,VISIBLE,CISTS_01,NO,2026-02-14 22:24:17
CISADM,CI_MSG_LOG,XT300S1,NONUNIQUE,NORMAL,VALID,VISIBLE,CISTS_01,NO,2026-02-14 22:24:16
CISADM,CI_MSG_LOGPARM,XT301P0,UNIQUE,NORMAL,VALID,VISIBLE,CISTS_01,NO,2026-01-09 02:20:00
CISADM,CI_MSG_LOG_PK,XT302P0,UNIQUE,NORMAL,VALID,VISIBLE,CISTS_01,NO,2026-01-08 02:18:19
CISADM,CI_MTR,XM146P0,UNIQUE,NORMAL,VALID,VISIBLE,CISTS_01,NO,2026-01-08 02:08:49
CISADM,CI_MTR,XM146S1,NONUNIQUE,NORMAL,VALID,VISIBLE,CISTS_01,NO,2026-01-08 02:08:49
CISADM,CI_MTR,XM146S2,NONUNIQUE,NORMAL,VALID,VISIBLE,CISTS_01,NO,2026-01-08 02:08:49
CISADM,CI_MTR,XM146S3,NONUNIQUE,NORMAL,VALID,VISIBLE,CISTS_01,NO,2026-01-08 02:08:49
CISADM,CI_MTR_CFGTY_RL,XC219P0,UNIQUE,NORMAL,VALID,VISIBLE,CISTS_01,NO,2026-01-08 02:26:10
CISADM,CI_MTR_CHAR,C1M005S1,NONUNIQUE,NORMAL,VALID,VISIBLE,CISTS_01,NO,2026-01-08 02:15:08
CISADM,CI_MTR_CHAR,XM147P0,UNIQUE,NORMAL,VALID,VISIBLE,CISTS_01,NO,2026-01-08 02:15:08
CISADM,CI_MTR_CONFIG,XM143P0,UNIQUE,NORMAL,VALID,VISIBLE,CISTS_01,NO,2026-01-08 02:09:39
CISADM,CI_MTR_CONFIG,XM143S1,NONUNIQUE,NORMAL,VALID,VISIBLE,CISTS_01,NO,2026-01-08 02:09:39
CISADM,CI_MTR_CONFIG_K,XM507P0,UNIQUE,IOT - TOP,VALID,VISIBLE,CISTS_01,NO,2026-01-07 21:30:29
CISADM,CI_MTR_CONFIG_TY,XC216P0,UNIQUE,NORMAL,VALID,VISIBLE,CISTS_01,NO,2026-01-08 02:26:34
CISADM,CI_MTR_CONFIG_TY_L,XC217P0,UNIQUE,NORMAL,VALID,VISIBLE,CISTS_01,NO,2026-01-08 02:26:03
CISADM,CI_MTR_EQ,XM002P0,UNIQUE,NORMAL,VALID,VISIBLE,CISTS_01,NO,2026-01-08 02:10:46
CISADM,CI_MTR_EQ,XM002S1,NONUNIQUE,NORMAL,VALID,VISIBLE,CISTS_01,NO,2026-01-08 02:10:46
CISADM,CI_MTR_ID,XM144P0,UNIQUE,NORMAL,VALID,VISIBLE,CISTS_01,NO,2026-01-08 02:13:27
CISADM,CI_MTR_ID,XM144S1,NONUNIQUE,NORMAL,VALID,VISIBLE,CISTS_01,NO,2026-01-08 02:13:27
CISADM,CI_MTR_ID_TYPE,XC011P0,UNIQUE,NORMAL,VALID,VISIBLE,CISTS_01,NO,2026-01-08 02:26:03
CISADM,CI_MTR_ID_TYPE_L,XC551P0,UNIQUE,NORMAL,VALID,VISIBLE,CISTS_01,NO,2026-01-08 02:26:06
CISADM,CI_MTR_K,XM506P0,UNIQUE,IOT - TOP,VALID,VISIBLE,CISTS_01,NO,2026-01-07 21:30:30
CISADM,CI_MTR_LOC,XC149P0,UNIQUE,NORMAL,VALID,VISIBLE,CISTS_01,NO,2026-01-08 02:26:42
CISADM,CI_MTR_LOC_HIS,XT274P0,UNIQUE,NORMAL,VALID,VISIBLE,CISTS_01,NO,2026-01-08 02:15:19
CISADM,CI_MTR_LOC_HIS,XT274S1,NONUNIQUE,NORMAL,VALID,VISIBLE,CISTS_01,NO,2026-01-08 02:15:19
CISADM,CI_MTR_LOC_HIS,XT274S2,NONUNIQUE,NORMAL,VALID,VISIBLE,CISTS_01,NO,2026-01-08 02:15:19
CISADM,CI_MTR_LOC_HIS_K,XM277P0,UNIQUE,IOT - TOP,VALID,VISIBLE,CISTS_01,NO,2026-01-07 21:30:30
CISADM,CI_MTR_LOC_L,XC552P0,UNIQUE,NORMAL,VALID,VISIBLE,CISTS_01,NO,2026-01-08 02:26:35
CISADM,CI_MTR_STK_LOC,C1T101P0,UNIQUE,NORMAL,VALID,VISIBLE,CISTS_01,NO,2026-01-08 02:08:55
CISADM,CI_MTR_STK_LOC,C1T101S0,UNIQUE,NORMAL,VALID,VISIBLE,CISTS_01,NO,2026-01-08 02:08:55
CISADM,CI_MTR_TYPE,XC152P0,UNIQUE,NORMAL,VALID,VISIBLE,CISTS_01,NO,2026-01-08 02:26:20
CISADM,CI_MTR_TYPE,XC152S1,NONUNIQUE,NORMAL,VALID,VISIBLE,CISTS_01,NO,2026-01-08 02:26:20
CISADM,CI_MTR_TYPE_EQ,XC091P0,UNIQUE,NORMAL,VALID,VISIBLE,CISTS_01,NO,2026-01-08 02:25:59
CISADM,CI_MTR_TYPE_L,XC553P0,UNIQUE,NORMAL,VALID,VISIBLE,CISTS_01,NO,2026-01-08 02:26:13
CISADM,CI_MTR_TYP_CHAR,XC151P0,UNIQUE,NORMAL,VALID,VISIBLE,CISTS_01,NO,2026-01-08 02:26:35
CISADM,CI_MTR_TYP_CHAR,XC151S1,NONUNIQUE,NORMAL,VALID,VISIBLE,CISTS_01,NO,2026-01-08 02:26:35
CISADM,CI_MTR_TY_CFGTY,XC199P0,UNIQUE,NORMAL,VALID,VISIBLE,CISTS_01,NO,2026-01-08 02:25:56
CISADM,CI_MULT_ITEM,XM153P0,UNIQUE,NORMAL,VALID,VISIBLE,CISTS_01,NO,2026-01-08 02:10:50
CISADM,CI_NAV_OPT,XC682P0,UNIQUE,NORMAL,VALID,VISIBLE,CISTS_01,NO,2026-01-16 02:05:56
CISADM,CI_NAV_OPT,XC682S1,NONUNIQUE,NORMAL,VALID,VISIBLE,CISTS_01,NO,2026-01-16 02:05:56
CISADM,CI_NAV_OPT,XC682S2,NONUNIQUE,NORMAL,VALID,VISIBLE,CISTS_01,NO,2026-01-16 02:05:56
CISADM,CI_NAV_OPT_CTXT,XC684P0,UNIQUE,NORMAL,VALID,VISIBLE,CISTS_01,NO,2026-01-16 02:05:36
CISADM,CI_NAV_OPT_L,XC683P0,UNIQUE,NORMAL,VALID,VISIBLE,CISTS_01,NO,2026-01-09 02:12:49
CISADM,CI_NAV_OPT_USG,XC465P0,UNIQUE,NORMAL,VALID,VISIBLE,CISTS_01,NO,2026-01-16 02:05:44
CISADM,CI_NB_RULE,XC430P0,UNIQUE,NORMAL,VALID,VISIBLE,CISTS_01,NO,2026-01-08 02:26:28
CISADM,CI_NB_RULE_L,XC431P0,UNIQUE,NORMAL,VALID,VISIBLE,CISTS_01,NO,2026-01-08 02:26:44
CISADM,CI_NB_RULE_PARM,XC433P0,UNIQUE,NORMAL,VALID,VISIBLE,CISTS_01,NO,2026-01-08 02:26:39
CISADM,CI_NB_RULE_VER,XC432P0,UNIQUE,NORMAL,VALID,VISIBLE,CISTS_01,NO,2026-01-08 02:25:58
CISADM,CI_NB_SA,XM244P0,UNIQUE,NORMAL,VALID,VISIBLE,CISTS_01,NO,2026-01-08 02:10:35
CISADM,CI_NB_SA,XM244S1,UNIQUE,NORMAL,VALID,VISIBLE,CISTS_01,NO,2026-01-08 02:10:35
CISADM,CI_NB_SCHED_PAY,XM301P0,UNIQUE,NORMAL,VALID,VISIBLE,CISTS_01,NO,2026-01-08 02:15:53
CISADM,CI_NB_SCHED_PAY,XM301S1,NONUNIQUE,NORMAL,VALID,VISIBLE,CISTS_01,NO,2026-01-08 02:15:53
CISADM,CI_NB_SCHED_PAY,XM301S2,NONUNIQUE,NORMAL,VALID,VISIBLE,CISTS_01,NO,2026-01-08 02:15:53
CISADM,CI_NB_SCHED_PAY_K,XM010P0,UNIQUE,IOT - TOP,VALID,VISIBLE,CISTS_01,NO,2026-01-07 21:30:32
CISADM,CI_NCD,XT025P0,UNIQUE,NORMAL,VALID,VISIBLE,CISTS_01,NO,2026-01-08 02:09:43
CISADM,CI_NCD_TYPE,XC094P0,UNIQUE,NORMAL,VALID,VISIBLE,CISTS_01,NO,2026-01-16 02:05:28
CISADM,CI_NCD_TYPE_L,XC095P0,UNIQUE,NORMAL,VALID,VISIBLE,CISTS_01,NO,2026-01-16 02:05:31
CISADM,CI_NT_DNTY_CTXT,XC600P0,UNIQUE,NORMAL,VALID,VISIBLE,CISTS_01,NO,2026-01-08 02:26:36
CISADM,CI_NT_DWN,XT026P0,UNIQUE,NORMAL,VALID,VISIBLE,CISTS_01,NO,2026-01-08 02:09:42
CISADM,CI_NT_DWN,XT026S1,NONUNIQUE,NORMAL,VALID,VISIBLE,CISTS_01,NO,2026-01-08 02:09:42
CISADM,CI_NT_DWN,XT026S2,NONUNIQUE,NORMAL,VALID,VISIBLE,CISTS_01,NO,2026-01-08 02:09:42
CISADM,CI_NT_DWN,XT026S3,NONUNIQUE,NORMAL,VALID,VISIBLE,CISTS_01,NO,2026-01-08 02:09:42
CISADM,CI_NT_DWN,XT026S4,NONUNIQUE,NORMAL,VALID,VISIBLE,CISTS_01,NO,2026-01-08 02:09:42
CISADM,CI_NT_DWN,XT026S5,NONUNIQUE,NORMAL,VALID,VISIBLE,CISTS_01,NO,2026-01-08 02:09:42
CISADM,CI_NT_DWN_CHAR,XT190P0,UNIQUE,NORMAL,VALID,VISIBLE,CISTS_01,NO,2026-01-08 02:08:40
CISADM,CI_NT_DWN_CHAR,XT190S1,NONUNIQUE,NORMAL,VALID,VISIBLE,CISTS_01,NO,2026-01-08 02:08:40
CISADM,CI_NT_DWN_CTXT,XT027P0,UNIQUE,NORMAL,VALID,VISIBLE,CISTS_01,NO,2026-01-08 02:15:03
CISADM,CI_NT_DWN_CTXT,XT027S1,NONUNIQUE,NORMAL,VALID,VISIBLE,CISTS_01,NO,2026-01-08 02:15:03
CISADM,CI_NT_DWN_EXC,XT034P0,UNIQUE,NORMAL,VALID,VISIBLE,CISTS_01,NO,2026-01-08 02:10:36
CISADM,CI_NT_DWN_EXP,XT403P0,UNIQUE,NORMAL,VALID,VISIBLE,CISTS_01,NO,2026-01-08 02:13:34
CISADM,CI_NT_DWN_FORM,XC096P0,UNIQUE,NORMAL,VALID,VISIBLE,CISTS_01,NO,2026-01-08 02:26:00
CISADM,CI_NT_DWN_FORM_L,XC097P0,UNIQUE,NORMAL,VALID,VISIBLE,CISTS_01,NO,2026-01-08 02:26:36
CISADM,CI_NT_DWN_K,XT530P0,UNIQUE,IOT - TOP,VALID,VISIBLE,CISTS_01,NO,2026-01-07 21:30:33
CISADM,CI_NT_DWN_PROF,XC041P0,UNIQUE,NORMAL,VALID,VISIBLE,CISTS_01,NO,2026-01-08 02:26:01
CISADM,CI_NT_DWN_PROF_L,XC554P0,UNIQUE,NORMAL,VALID,VISIBLE,CISTS_01,NO,2026-01-08 02:26:17
CISADM,CI_NT_DWN_TYPE,XC110P0,UNIQUE,NORMAL,VALID,VISIBLE,CISTS_01,NO,2026-01-08 02:26:40
CISADM,CI_NT_DWN_TYPE_L,XC112P0,UNIQUE,NORMAL,VALID,VISIBLE,CISTS_01,NO,2026-01-08 02:26:37
CISADM,CI_NT_UP,XT030P0,UNIQUE,NORMAL,VALID,VISIBLE,CISTS_01,NO,2026-01-08 02:10:05
CISADM,CI_NT_UP,XT030S2,NONUNIQUE,NORMAL,VALID,VISIBLE,CISTS_01,NO,2026-01-08 02:10:05
CISADM,CI_NT_UP_CHAR,XT148P0,UNIQUE,NORMAL,VALID,VISIBLE,CISTS_01,NO,2026-01-08 02:11:10
CISADM,CI_NT_UP_CHAR,XT148S1,NONUNIQUE,NORMAL,VALID,VISIBLE,CISTS_01,NO,2026-01-08 02:11:10
CISADM,CI_NT_UP_CHAR,XT148S2,NONUNIQUE,NORMAL,VALID,VISIBLE,CISTS_01,NO,2026-01-08 02:11:10
CISADM,CI_NT_UP_CTXT,XT401P0,UNIQUE,NORMAL,VALID,VISIBLE,CISTS_01,NO,2026-01-08 02:09:15
CISADM,CI_NT_UP_EXCP,XT031P0,UNIQUE,NORMAL,VALID,VISIBLE,CISTS_01,NO,2026-01-08 02:16:04
CISADM,CI_NT_UP_XSPL,XT032P0,UNIQUE,NORMAL,VALID,VISIBLE,CISTS_01,NO,2026-01-08 02:08:17
CISADM,CI_NT_UP_XTYPE,XC113P0,UNIQUE,NORMAL,VALID,VISIBLE,CISTS_01,NO,2026-01-08 02:26:01
CISADM,CI_NT_UP_XTYPE_L,XC118P0,UNIQUE,NORMAL,VALID,VISIBLE,CISTS_01,NO,2026-01-08 02:25:53
CISADM,CI_NT_XID,XC049P0,UNIQUE,NORMAL,VALID,VISIBLE,CISTS_01,NO,2026-01-09 02:12:21
CISADM,CI_NT_XID_L,XC555P0,UNIQUE,NORMAL,VALID,VISIBLE,CISTS_01,NO,2026-01-09 02:12:20
CISADM,CI_OD_EVT,XT318P0,UNIQUE,NORMAL,VALID,VISIBLE,CISTS_01,NO,2026-01-08 02:11:01
CISADM,CI_OD_EVT_DEP,XT319P0,UNIQUE,NORMAL,VALID,VISIBLE,CISTS_01,NO,2026-01-08 02:09:32
CISADM,CI_OD_EVT_TYPE,XC762P0,UNIQUE,NORMAL,VALID,VISIBLE,CISTS_01,NO,2026-01-08 02:26:23
CISADM,CI_OD_EVT_TYPE_ALG,XC764P0,UNIQUE,NORMAL,VALID,VISIBLE,CISTS_01,NO,2026-01-08 02:26:35
CISADM,CI_OD_EVT_TYPE_L,XC763P0,UNIQUE,NORMAL,VALID,VISIBLE,CISTS_01,NO,2026-01-08 02:26:05
CISADM,CI_OD_PROC,XT315P0,UNIQUE,NORMAL,VALID,VISIBLE,CISTS_01,NO,2026-01-08 02:14:57
CISADM,CI_OD_PROC,XT315S1,NONUNIQUE,NORMAL,VALID,VISIBLE,CISTS_01,NO,2026-01-08 02:14:57
CISADM,CI_OD_PROC_K,XT316P0,UNIQUE,IOT - TOP,VALID,VISIBLE,CISTS_01,NO,2026-01-07 21:30:35
CISADM,CI_OD_PROC_LOG,XT320P0,UNIQUE,NORMAL,VALID,VISIBLE,CISTS_01,NO,2026-01-08 02:10:44
CISADM,CI_OD_PROC_LOG,XT320S1,NONUNIQUE,NORMAL,VALID,VISIBLE,CISTS_01,NO,2026-01-08 02:10:44
CISADM,CI_OD_PROC_LOGPARM,XT321P0,UNIQUE,NORMAL,VALID,VISIBLE,CISTS_01,NO,2026-01-08 02:10:37
CISADM,CI_OD_PROC_OBJ,XT317P0,UNIQUE,NORMAL,VALID,VISIBLE,CISTS_01,NO,2026-01-08 02:09:59
CISADM,CI_OD_PROC_TMP,XC757P0,UNIQUE,NORMAL,VALID,VISIBLE,CISTS_01,NO,2026-01-08 02:26:12
CISADM,CI_OD_PROC_TMP_ALG,XC761P0,UNIQUE,NORMAL,VALID,VISIBLE,CISTS_01,NO,2026-01-08 02:26:39
CISADM,CI_OD_PROC_TMP_L,XC758P0,UNIQUE,NORMAL,VALID,VISIBLE,CISTS_01,NO,2026-01-08 02:26:26
CISADM,CI_OD_RESP,XC759P0,UNIQUE,NORMAL,VALID,VISIBLE,CISTS_01,NO,2026-01-08 02:26:07
CISADM,CI_OD_RESP_DEP,XC760P0,UNIQUE,NORMAL,VALID,VISIBLE,CISTS_01,NO,2026-01-08 02:26:27
CISADM,CI_OD_RULE_ALG,XC765P0,UNIQUE,NORMAL,VALID,VISIBLE,CISTS_01,NO,2026-01-08 02:25:51
CISADM,CI_OEVT_CAN_RSN,XC766P0,UNIQUE,NORMAL,VALID,VISIBLE,CISTS_01,NO,2026-01-08 02:25:50
CISADM,CI_OEVT_CAN_RSN_L,XC767P0,UNIQUE,NORMAL,VALID,VISIBLE,CISTS_01,NO,2026-01-08 02:26:20
CISADM,CI_OP_AREA,XC155P0,UNIQUE,NORMAL,VALID,VISIBLE,CISTS_01,NO,2026-01-08 02:26:38
CISADM,CI_OP_AREA_L,XC556P0,UNIQUE,NORMAL,VALID,VISIBLE,CISTS_01,NO,2026-01-08 02:26:00
CISADM,CI_PAY,XT156P0,UNIQUE,NORMAL,VALID,VISIBLE,CISTS_01,NO,2026-02-13 02:17:51
CISADM,CI_PAY,XT156S1,NONUNIQUE,NORMAL,VALID,VISIBLE,CISTS_01,NO,2026-02-13 02:17:54
CISADM,CI_PAY,XT156S2,NONUNIQUE,NORMAL,VALID,VISIBLE,CISTS_01,NO,2026-02-13 02:18:00
CISADM,CI_PAY,XT156S3,NONUNIQUE,NORMAL,VALID,VISIBLE,CISTS_01,NO,2026-02-13 02:17:57
CISADM,CI_PAY_CAN_RSN,XC157P0,UNIQUE,NORMAL,VALID,VISIBLE,CISTS_01,NO,2026-01-24 22:15:05
CISADM,CI_PAY_CAN_RSN_L,XC557P0,UNIQUE,NORMAL,VALID,VISIBLE,CISTS_01,NO,2026-01-17 22:11:34
CISADM,CI_PAY_CHAR,XT412P0,UNIQUE,NORMAL,VALID,VISIBLE,CISTS_01,NO,2026-01-16 02:05:47
CISADM,CI_PAY_CHAR,XT412S1,NONUNIQUE,NORMAL,VALID,VISIBLE,CISTS_01,NO,2026-01-16 02:05:47
CISADM,CI_PAY_EVENT,XT159P0,UNIQUE,NORMAL,VALID,VISIBLE,CISTS_01,NO,2026-02-16 02:16:21
CISADM,CI_PAY_EVENT,XT159S1,NONUNIQUE,NORMAL,VALID,VISIBLE,CISTS_01,NO,2026-02-16 02:16:19
CISADM,CI_PAY_EVENT,XT159S2,UNIQUE,NORMAL,VALID,VISIBLE,CISTS_01,NO,2026-02-16 02:16:16
CISADM,CI_PAY_EVENT_K,XT533P0,UNIQUE,IOT - TOP,VALID,VISIBLE,CISTS_01,NO,2026-01-08 02:21:09
CISADM,CI_PAY_EVT_CHAR,XT244P0,UNIQUE,NORMAL,VALID,VISIBLE,CISTS_01,NO,2026-01-08 02:13:29
CISADM,CI_PAY_EVT_CHAR,XT244S1,NONUNIQUE,NORMAL,VALID,VISIBLE,CISTS_01,NO,2026-01-08 02:13:29
CISADM,CI_PAY_EVT_EXCP,XT161P0,UNIQUE,NORMAL,VALID,VISIBLE,CISTS_01,NO,2026-02-24 02:12:04
CISADM,CI_PAY_EXCP,XT163P0,UNIQUE,NORMAL,VALID,VISIBLE,CISTS_01,NO,2026-02-24 02:13:38
CISADM,CI_PAY_K,XT532P0,UNIQUE,IOT - TOP,VALID,VISIBLE,CISTS_01,NO,2026-01-08 02:21:10
CISADM,CI_PAY_METH,XC227P0,UNIQUE,NORMAL,VALID,VISIBLE,CISTS_01,NO,2026-01-15 02:21:35
CISADM,CI_PAY_METH_L,XC228P0,UNIQUE,NORMAL,VALID,VISIBLE,CISTS_01,NO,2026-01-13 02:15:05
CISADM,CI_PAY_SEG,XT165P0,UNIQUE,NORMAL,VALID,VISIBLE,CISTS_01,NO,2026-01-16 02:09:34
CISADM,CI_PAY_SEG,XT165S1,NONUNIQUE,NORMAL,VALID,VISIBLE,CISTS_01,NO,2026-01-16 02:09:31
CISADM,CI_PAY_SEG,XT165S2,NONUNIQUE,NORMAL,VALID,VISIBLE,CISTS_01,NO,2026-01-16 02:09:33
CISADM,CI_PAY_SEG_K,XT534P0,UNIQUE,IOT - TOP,VALID,VISIBLE,CISTS_01,NO,2026-01-08 02:24:05
CISADM,CI_PAY_SEG_TYPE,XC166P0,UNIQUE,NORMAL,VALID,VISIBLE,CISTS_01,NO,2026-01-16 02:05:27
CISADM,CI_PAY_SEG_TYPE_L,XC558P0,UNIQUE,NORMAL,VALID,VISIBLE,CISTS_01,NO,2026-01-16 02:05:28
CISADM,CI_PAY_ST,XT167P0,UNIQUE,NORMAL,VALID,VISIBLE,CISTS_01,NO,2026-01-08 02:18:30
CISADM,CI_PAY_ST,XT167S1,NONUNIQUE,NORMAL,VALID,VISIBLE,CISTS_01,NO,2026-01-08 02:18:30
CISADM,CI_PAY_TMPL,XC743P0,UNIQUE,NORMAL,VALID,VISIBLE,CISTS_01,NO,2026-01-08 02:25:57
CISADM,CI_PAY_TMPL_L,XC744P0,UNIQUE,NORMAL,VALID,VISIBLE,CISTS_01,NO,2026-01-08 02:26:20
CISADM,CI_PAY_TNDR,XT265P0,UNIQUE,NORMAL,VALID,VISIBLE,CISTS_01,NO,2026-01-17 22:12:34
CISADM,CI_PAY_TNDR,XT265S1,NONUNIQUE,NORMAL,VALID,VISIBLE,CISTS_01,NO,2026-01-17 22:12:47
CISADM,CI_PAY_TNDR,XT265S2,NONUNIQUE,NORMAL,VALID,VISIBLE,CISTS_01,NO,2026-01-17 22:12:40
CISADM,CI_PAY_TNDR,XT265S3,NONUNIQUE,NORMAL,VALID,VISIBLE,CISTS_01,NO,2026-01-17 22:12:31
CISADM,CI_PAY_TNDR,XT265S4,NONUNIQUE,NORMAL,VALID,VISIBLE,CISTS_01,NO,2026-01-17 22:12:38
CISADM,CI_PAY_TNDR,XT265S5,NONUNIQUE,NORMAL,VALID,VISIBLE,CISTS_01,NO,2026-01-17 22:12:46
CISADM,CI_PAY_TNDR,XT265S6,NONUNIQUE,NORMAL,VALID,VISIBLE,CISTS_01,NO,2026-01-17 22:12:29
CISADM,CI_PAY_TNDR,XT265S7,UNIQUE,NORMAL,VALID,VISIBLE,CISTS_01,NO,2026-01-17 22:12:49
CISADM,CI_PAY_TNDR_CHAR,XT413P0,UNIQUE,NORMAL,VALID,VISIBLE,CISTS_01,NO,2026-02-13 02:17:37
CISADM,CI_PAY_TNDR_CHAR,XT413S1,NONUNIQUE,NORMAL,VALID,VISIBLE,CISTS_01,NO,2026-02-13 02:17:41
CISADM,CI_PAY_TNDR_K,XT535P0,UNIQUE,IOT - TOP,VALID,VISIBLE,CISTS_01,NO,2026-01-08 02:21:13
CISADM,CI_PAY_TNDR_ST,XT168P0,UNIQUE,NORMAL,VALID,VISIBLE,CISTS_01,NO,2026-01-09 02:12:54
CISADM,CI_PAY_TNDR_ST,XT168S1,NONUNIQUE,NORMAL,VALID,VISIBLE,CISTS_01,NO,2026-01-09 02:12:54
CISADM,CI_PAY_TNDR_ST,XT168S2,NONUNIQUE,NORMAL,VALID,VISIBLE,CISTS_01,NO,2026-01-09 02:12:54
CISADM,CI_PAY_TNDR_ST,XT168S3,NONUNIQUE,NORMAL,VALID,VISIBLE,CISTS_01,NO,2026-01-09 02:12:54
CISADM,CI_PAY_TNDR_ST,XT168S4,NONUNIQUE,NORMAL,VALID,VISIBLE,CISTS_01,NO,2026-01-09 02:12:54
CISADM,CI_PAY_TNDR_ST,XT168S5,NONUNIQUE,NORMAL,VALID,VISIBLE,CISTS_01,NO,2026-01-09 02:12:54
CISADM,CI_PAY_TNDR_ST,XT168S6,NONUNIQUE,NORMAL,VALID,VISIBLE,CISTS_01,NO,2026-01-09 02:12:54
CISADM,CI_PAY_TNDR_ST_CHAR,CI_CXT169P0,UNIQUE,NORMAL,VALID,VISIBLE,CISTS_01,NO,2026-01-08 02:19:05
CISADM,CI_PER,XM169P0,UNIQUE,NORMAL,VALID,VISIBLE,CISTS_01,NO,2026-02-14 22:23:54
CISADM,CI_PER_ADDR_OVRD,XM230P0,UNIQUE,NORMAL,VALID,VISIBLE,CISTS_01,NO,2026-01-09 02:12:55
CISADM,CI_PER_ADDR_SEAS,XM235P0,UNIQUE,NORMAL,VALID,VISIBLE,CISTS_01,NO,2026-01-16 02:05:24
CISADM,CI_PER_CHAR,C1M004S1,NONUNIQUE,NORMAL,VALID,VISIBLE,CISTS_01,NO,2026-01-16 02:06:33
CISADM,CI_PER_CHAR,XM168P0,UNIQUE,NORMAL,VALID,VISIBLE,CISTS_01,NO,2026-01-16 02:06:33
CISADM,CI_PER_ID,XM170P0,UNIQUE,NORMAL,VALID,VISIBLE,CISTS_01,NO,2026-02-13 02:17:09
CISADM,CI_PER_ID,XM170S1,NONUNIQUE,NORMAL,VALID,VISIBLE,CISTS_01,NO,2026-02-13 02:17:11
CISADM,CI_PER_ID,XM170S2,UNIQUE,NORMAL,VALID,VISIBLE,CISTS_01,NO,2026-02-13 02:17:10
CISADM,CI_PER_K,XM508P0,UNIQUE,IOT - TOP,VALID,VISIBLE,CISTS_01,NO,2026-01-08 02:19:16
CISADM,CI_PER_NAME,XM171P0,UNIQUE,NORMAL,VALID,VISIBLE,CISTS_01,NO,2026-01-23 02:18:57
CISADM,CI_PER_NAME,XM171S1,UNIQUE,NORMAL,VALID,VISIBLE,CISTS_01,NO,2026-01-23 02:18:57
CISADM,CI_PER_NAME,XM171S2,NONUNIQUE,NORMAL,VALID,VISIBLE,CISTS_01,NO,2026-01-23 02:18:57
CISADM,CI_PER_NAME,XM171S3,NONUNIQUE,DOMAIN,VALID,VISIBLE,,NO,2026-01-23 02:18:57
CISADM,CI_PER_PER,XM008P0,UNIQUE,NORMAL,VALID,VISIBLE,CISTS_01,NO,2026-01-08 02:18:14
CISADM,CI_PER_PER,XM008S1,NONUNIQUE,NORMAL,VALID,VISIBLE,CISTS_01,NO,2026-01-08 02:18:14
CISADM,CI_PER_PHONE,XM172P0,UNIQUE,NORMAL,VALID,VISIBLE,CISTS_01,NO,2026-01-08 02:09:13
CISADM,CI_PER_PHONE,XM172S1,NONUNIQUE,NORMAL,VALID,VISIBLE,CISTS_01,NO,2026-01-08 02:09:13
CISADM,CI_PER_REL_TYPE,XC275P0,UNIQUE,NORMAL,VALID,VISIBLE,CISTS_01,NO,2026-02-13 02:16:58
CISADM,CI_PER_REL_TYPE_L,XC276P0,UNIQUE,NORMAL,VALID,VISIBLE,CISTS_01,NO,2026-01-23 02:18:52
CISADM,CI_PEVT_DST_DTL,XT730P0,UNIQUE,NORMAL,VALID,VISIBLE,CISTS_01,NO,2026-01-08 02:15:23
CISADM,CI_PEVT_DST_DTL,XT730S1,NONUNIQUE,NORMAL,VALID,VISIBLE,CISTS_01,NO,2026-01-08 02:15:24
CISADM,CI_PEVT_DTL_ST,XT732P0,UNIQUE,NORMAL,VALID,VISIBLE,CISTS_01,NO,2026-01-08 02:09:58
CISADM,CI_PEVT_DTL_ST,XT732S1,NONUNIQUE,NORMAL,VALID,VISIBLE,CISTS_01,NO,2026-01-08 02:09:58
CISADM,CI_PEVT_DTL_ST,XT732S2,NONUNIQUE,NORMAL,VALID,VISIBLE,CISTS_01,NO,2026-01-08 02:09:59
CISADM,CI_PEVT_DTL_ST,XT732S3,NONUNIQUE,NORMAL,VALID,VISIBLE,CISTS_01,NO,2026-01-08 02:09:58
CISADM,CI_PEVT_DTL_ST,XT732S4,NONUNIQUE,NORMAL,VALID,VISIBLE,CISTS_01,NO,2026-01-08 02:09:58
CISADM,CI_PFRELTY_PFTY,XC175P0,UNIQUE,NORMAL,VALID,VISIBLE,CISTS_01,NO,2026-01-08 02:26:34
CISADM,CI_PHONE_TYPE,XC220P0,UNIQUE,NORMAL,VALID,VISIBLE,CISTS_01,NO,2026-01-24 22:15:05
CISADM,CI_PHONE_TYPE_L,XC233P0,UNIQUE,NORMAL,VALID,VISIBLE,CISTS_01,NO,2026-01-24 22:15:05
CISADM,CI_PKG,XC648P0,UNIQUE,NORMAL,VALID,VISIBLE,CISTS_01,NO,2026-01-08 02:25:58
CISADM,CI_PKG_CRT,XC657P0,UNIQUE,NORMAL,VALID,VISIBLE,CISTS_01,NO,2026-01-08 02:25:56
CISADM,CI_PKG_CRT_GRP,XC655P0,UNIQUE,NORMAL,VALID,VISIBLE,CISTS_01,NO,2026-01-08 02:25:49
CISADM,CI_PKG_CRT_GRP_L,XC656P0,UNIQUE,NORMAL,VALID,VISIBLE,CISTS_01,NO,2026-01-08 02:26:43
CISADM,CI_PKG_FLD_OVRD,XC653P0,UNIQUE,NORMAL,VALID,VISIBLE,CISTS_01,NO,2026-01-08 02:26:19
CISADM,CI_PKG_FLD_OVRD_L,XC662P0,UNIQUE,NORMAL,VALID,VISIBLE,CISTS_01,NO,2026-01-08 02:26:45
CISADM,CI_PKG_INSTR,XC665P0,UNIQUE,NORMAL,VALID,VISIBLE,CISTS_01,NO,2026-01-08 02:25:56
CISADM,CI_PKG_INSTR_L,XC666P0,UNIQUE,NORMAL,VALID,VISIBLE,CISTS_01,NO,2026-01-08 02:26:25
CISADM,CI_PKG_K,XC439P0,UNIQUE,IOT - TOP,VALID,VISIBLE,CISTS_01,NO,2026-01-07 21:30:54
CISADM,CI_PKG_L,XC649P0,UNIQUE,NORMAL,VALID,VISIBLE,CISTS_01,NO,2026-01-08 02:26:45
CISADM,CI_PKG_SA_TYPE,XC654P0,UNIQUE,NORMAL,VALID,VISIBLE,CISTS_01,NO,2026-01-08 02:26:10
CISADM,CI_PORTAL,XC670P0,UNIQUE,NORMAL,VALID,VISIBLE,CISTS_01,NO,2026-01-09 02:12:42
CISADM,CI_PORTAL_L,XC671P0,UNIQUE,NORMAL,VALID,VISIBLE,CISTS_01,NO,2026-01-09 02:12:34
CISADM,CI_PORTAL_OPT,F1C199P0,UNIQUE,NORMAL,VALID,VISIBLE,CISTS_01,NO,2026-01-09 02:12:41
CISADM,CI_PORTAL_ZONE,XC672P0,UNIQUE,NORMAL,VALID,VISIBLE,CISTS_01,NO,2026-01-09 02:12:46
CISADM,CI_POST_DFLT,XC012P0,UNIQUE,NORMAL,VALID,VISIBLE,CISTS_01,NO,2026-02-13 02:16:57
CISADM,CI_PP,XM005P0,UNIQUE,NORMAL,VALID,VISIBLE,CISTS_01,NO,2026-02-13 02:17:02
CISADM,CI_PP,XM005S1,UNIQUE,NORMAL,VALID,VISIBLE,CISTS_01,NO,2026-02-13 02:17:02
CISADM,CI_PP,XM005S2,NONUNIQUE,NORMAL,VALID,VISIBLE,CISTS_01,NO,2026-02-13 02:17:02
CISADM,CI_PP_K,XM509P0,UNIQUE,IOT - TOP,VALID,VISIBLE,CISTS_01,NO,2026-01-08 02:18:47
CISADM,CI_PP_SCHED_PAY,XM006P0,UNIQUE,NORMAL,VALID,VISIBLE,CISTS_01,NO,2026-02-04 02:18:27
CISADM,CI_PP_SCHED_PAY,XM006S1,NONUNIQUE,NORMAL,VALID,VISIBLE,CISTS_01,NO,2026-02-04 02:18:27
CISADM,CI_PP_TYPE,XC229P0,UNIQUE,NORMAL,VALID,VISIBLE,CISTS_01,NO,2026-01-09 02:12:14
CISADM,CI_PP_TYPE_L,XC230P0,UNIQUE,NORMAL,VALID,VISIBLE,CISTS_01,NO,2026-01-13 02:15:05
CISADM,CI_PREM,XM174P0,UNIQUE,NORMAL,VALID,VISIBLE,CISTS_01,NO,2026-02-14 22:23:53
CISADM,CI_PREM,XM174S1,NONUNIQUE,NORMAL,VALID,VISIBLE,CISTS_01,NO,2026-02-14 22:23:53
CISADM,CI_PREM,XM174S2,NONUNIQUE,NORMAL,VALID,VISIBLE,CISTS_01,NO,2026-02-14 22:23:53
CISADM,CI_PREM,XM174S3,NONUNIQUE,NORMAL,VALID,VISIBLE,CISTS_01,NO,2026-02-14 22:23:53
CISADM,CI_PREM,XM174S4,NONUNIQUE,NORMAL,VALID,VISIBLE,CISTS_01,NO,2026-02-14 22:23:53
CISADM,CI_PREM,XM174S5,NONUNIQUE,NORMAL,VALID,VISIBLE,CISTS_01,NO,2026-02-14 22:23:53
CISADM,CI_PREM,XM174S6,NONUNIQUE,DOMAIN,VALID,VISIBLE,,NO,2026-02-14 22:23:53
CISADM,CI_PREM,XM174S7,NONUNIQUE,DOMAIN,VALID,VISIBLE,,NO,2026-02-14 22:23:53
CISADM,CI_PREM_CHAR,C1M003S1,NONUNIQUE,NORMAL,VALID,VISIBLE,CISTS_01,NO,2026-02-12 02:14:26
CISADM,CI_PREM_CHAR,XM175P0,UNIQUE,NORMAL,VALID,VISIBLE,CISTS_01,NO,2026-02-12 02:14:26
CISADM,CI_PREM_GEO,XM176P0,UNIQUE,NORMAL,VALID,VISIBLE,CISTS_01,NO,2026-01-16 02:05:38
CISADM,CI_PREM_GEO,XM176S1,NONUNIQUE,NORMAL,VALID,VISIBLE,CISTS_01,NO,2026-01-16 02:05:38
CISADM,CI_PREM_K,XM510P0,UNIQUE,IOT - TOP,VALID,VISIBLE,CISTS_01,NO,2026-01-08 02:18:52
CISADM,CI_PREM_TYPE,XC177P0,UNIQUE,NORMAL,VALID,VISIBLE,CISTS_01,NO,2026-01-16 02:05:29
CISADM,CI_PREM_TYPE_L,XC559P0,UNIQUE,NORMAL,VALID,VISIBLE,CISTS_01,NO,2026-01-10 22:18:28
CISADM,CI_PRM_ALT_ADDR,XM409P0,UNIQUE,NORMAL,VALID,VISIBLE,CISTS_01,NO,2026-01-08 02:10:11
CISADM,CI_PRM_ALT_ADDR,XM409S1,NONUNIQUE,NORMAL,VALID,VISIBLE,CISTS_01,NO,2026-01-08 02:10:38
CISADM,CI_PRM_ALT_ADDR,XM409S2,NONUNIQUE,NORMAL,VALID,VISIBLE,CISTS_01,NO,2026-01-08 02:10:38
CISADM,CI_PRM_ALT_ADDR,XM409S3,NONUNIQUE,NORMAL,VALID,VISIBLE,CISTS_01,NO,2026-01-08 02:10:38
CISADM,CI_PRM_ALT_ADDR,XM409S4,NONUNIQUE,NORMAL,VALID,VISIBLE,CISTS_01,NO,2026-01-08 02:10:11
CISADM,CI_PRM_ALT_ADDR,XM409S5,NONUNIQUE,DOMAIN,VALID,VISIBLE,,NO,2026-01-07 21:30:57
CISADM,CI_PRM_ALT_ADDR,XM409S6,NONUNIQUE,DOMAIN,VALID,VISIBLE,,NO,2026-01-07 21:30:57
CISADM,CI_PRM_ALT_ADDR_K,XM007P0,UNIQUE,IOT - TOP,VALID,VISIBLE,CISTS_01,NO,2026-01-07 21:30:57
CISADM,CI_PROP_DCL_RSN,XC259P0,UNIQUE,NORMAL,VALID,VISIBLE,CISTS_01,NO,2026-01-08 02:26:40
CISADM,CI_PROP_DCL_RSN_L,XC261P0,UNIQUE,NORMAL,VALID,VISIBLE,CISTS_01,NO,2026-01-08 02:26:43
CISADM,CI_PROTOCOL,XC178P0,UNIQUE,NORMAL,VALID,VISIBLE,CISTS_01,NO,2026-01-08 02:25:59
CISADM,CI_PROTOCOL_L,XC560P0,UNIQUE,NORMAL,VALID,VISIBLE,CISTS_01,NO,2026-01-08 02:25:49
CISADM,CI_QTE_RTE_TYPE,XC266P0,UNIQUE,NORMAL,VALID,VISIBLE,CISTS_01,NO,2026-01-08 02:26:03
CISADM,CI_QTE_RTE_TYPE_L,XC280P0,UNIQUE,NORMAL,VALID,VISIBLE,CISTS_01,NO,2026-01-08 02:26:05
CISADM,CI_QUOTE,XT170P0,UNIQUE,NORMAL,VALID,VISIBLE,CISTS_01,NO,2026-01-08 02:10:52
CISADM,CI_QUOTE,XT170S1,NONUNIQUE,NORMAL,VALID,VISIBLE,CISTS_01,NO,2026-01-08 02:10:52
CISADM,CI_QUOTE_DTL,XT171P0,UNIQUE,NORMAL,VALID,VISIBLE,CISTS_01,NO,2026-01-08 02:12:28
CISADM,CI_QUOTE_DTL,XT171S1,NONUNIQUE,NORMAL,VALID,VISIBLE,CISTS_01,NO,2026-01-08 02:12:28
CISADM,CI_QUOTE_DTL,XT171S2,NONUNIQUE,NORMAL,VALID,VISIBLE,CISTS_01,NO,2026-01-08 02:12:28
CISADM,CI_QUOTE_DTL_K,XT537P0,UNIQUE,IOT - TOP,VALID,VISIBLE,CISTS_01,NO,2026-01-07 21:30:58
CISADM,CI_QUOTE_K,XT536P0,UNIQUE,IOT - TOP,VALID,VISIBLE,CISTS_01,NO,2026-01-07 21:30:58
CISADM,CI_QUOTE_RTG,XT102P0,UNIQUE,NORMAL,VALID,VISIBLE,CISTS_01,NO,2026-01-08 02:16:17
CISADM,CI_RC,XC179P0,UNIQUE,NORMAL,VALID,VISIBLE,CISTS_01,NO,2026-01-08 02:26:26
CISADM,CI_RC,XC179S1,NONUNIQUE,NORMAL,VALID,VISIBLE,CISTS_01,NO,2026-01-08 02:26:26
CISADM,CI_RC_CHAR,XC298P0,UNIQUE,NORMAL,VALID,VISIBLE,CISTS_01,NO,2026-01-08 02:26:41
CISADM,CI_RC_CRT,XC693P0,UNIQUE,NORMAL,VALID,VISIBLE,CISTS_01,NO,2026-01-08 02:26:25
CISADM,CI_RC_CRT_GRP,XC694P0,UNIQUE,NORMAL,VALID,VISIBLE,CISTS_01,NO,2026-01-08 02:26:33
CISADM,CI_RC_CRT_GRP_L,XC695P0,UNIQUE,NORMAL,VALID,VISIBLE,CISTS_01,NO,2026-01-08 02:26:09
CISADM,CI_RC_GL_DST,XC180P0,UNIQUE,NORMAL,VALID,VISIBLE,CISTS_01,NO,2026-01-08 02:26:23
CISADM,CI_RC_L,XC561P0,UNIQUE,NORMAL,VALID,VISIBLE,CISTS_01,NO,2026-01-08 02:25:51
CISADM,CI_RC_XREF,XC181P0,UNIQUE,NORMAL,VALID,VISIBLE,CISTS_01,NO,2026-01-08 02:26:35
CISADM,CI_RDR_TMPL,XC182P0,UNIQUE,NORMAL,VALID,VISIBLE,CISTS_01,NO,2026-01-08 02:26:04
CISADM,CI_READER_REM,XC184P0,UNIQUE,NORMAL,VALID,VISIBLE,CISTS_01,NO,2026-01-08 02:26:23
CISADM,CI_READER_REM_L,XC563P0,UNIQUE,NORMAL,VALID,VISIBLE,CISTS_01,NO,2026-01-08 02:26:21
CISADM,CI_READ_OUT_TYP,XC183P0,UNIQUE,NORMAL,VALID,VISIBLE,CISTS_01,NO,2026-01-08 02:26:29
CISADM,CI_READ_OUT_TYP_L,XC562P0,UNIQUE,NORMAL,VALID,VISIBLE,CISTS_01,NO,2026-01-08 02:25:59
CISADM,CI_REBATE_CLAIM,XT610P0,UNIQUE,NORMAL,VALID,VISIBLE,CISTS_01,NO,2026-01-08 02:15:57
CISADM,CI_REBATE_CLAIM,XT610S1,NONUNIQUE,NORMAL,VALID,VISIBLE,CISTS_01,NO,2026-01-08 02:15:57
CISADM,CI_REBATE_CLAIM,XT610S2,NONUNIQUE,NORMAL,VALID,VISIBLE,CISTS_01,NO,2026-01-08 02:15:57
CISADM,CI_REBATE_CLAIM_CHAR,XT612P0,UNIQUE,NORMAL,VALID,VISIBLE,CISTS_01,NO,2026-01-08 02:11:55
CISADM,CI_REBATE_CLAIM_CHAR,XT612S1,NONUNIQUE,NORMAL,VALID,VISIBLE,CISTS_01,NO,2026-01-08 02:11:55
CISADM,CI_REBATE_CLAIM_K,XT611P0,UNIQUE,IOT - TOP,VALID,VISIBLE,CISTS_01,NO,2026-01-07 21:30:59
CISADM,CI_REBATE_CLAIM_LOG,XT613P0,UNIQUE,NORMAL,VALID,VISIBLE,CISTS_01,NO,2026-01-08 02:09:38
CISADM,CI_REBATE_CLAIM_LOG,XT613S1,NONUNIQUE,NORMAL,VALID,VISIBLE,CISTS_01,NO,2026-01-08 02:09:38
CISADM,CI_REBATE_CLAIM_LOG_PARM,XT614P0,UNIQUE,NORMAL,VALID,VISIBLE,CISTS_01,NO,2026-01-08 02:15:12
CISADM,CI_REBATE_DEFN,XC986P0,UNIQUE,NORMAL,VALID,VISIBLE,CISTS_01,NO,2026-01-08 02:26:36
CISADM,CI_REBATE_DEFN_L,XC990P0,UNIQUE,NORMAL,VALID,VISIBLE,CISTS_01,NO,2026-01-08 02:26:04
CISADM,CI_REBATE_LINE,XT616P0,UNIQUE,NORMAL,VALID,VISIBLE,CISTS_01,NO,2026-01-08 02:08:54
CISADM,CI_REBATE_LINE_CHAR,XT617P0,UNIQUE,NORMAL,VALID,VISIBLE,CISTS_01,NO,2026-01-08 02:11:11
CISADM,CI_REBATE_LINE_CHAR,XT617S1,NONUNIQUE,NORMAL,VALID,VISIBLE,CISTS_01,NO,2026-01-08 02:11:11
CISADM,CI_REG,XM185P0,UNIQUE,NORMAL,VALID,VISIBLE,CISTS_01,NO,2026-01-08 02:13:02
CISADM,CI_REG,XM185S1,NONUNIQUE,NORMAL,VALID,VISIBLE,CISTS_01,NO,2026-01-08 02:13:02
CISADM,CI_REG,XM185S2,NONUNIQUE,NORMAL,VALID,VISIBLE,CISTS_01,NO,2026-01-08 02:13:02
CISADM,CI_REG_CHAR,XT415P0,UNIQUE,NORMAL,VALID,VISIBLE,CISTS_01,NO,2026-01-08 02:15:13
CISADM,CI_REG_CHAR,XT415S1,NONUNIQUE,NORMAL,VALID,VISIBLE,CISTS_01,NO,2026-01-08 02:15:13
CISADM,CI_REG_DATA,XT121P0,UNIQUE,NORMAL,VALID,VISIBLE,CISTS_01,NO,2026-01-08 02:15:55
CISADM,CI_REG_DATA_SET,XT120P0,UNIQUE,NORMAL,VALID,VISIBLE,CISTS_01,NO,2026-01-08 02:08:08
CISADM,CI_REG_DATA_SET,XT120S1,UNIQUE,NORMAL,VALID,VISIBLE,CISTS_01,NO,2026-01-08 02:08:08
CISADM,CI_REG_DATA_SET,XT120S2,NONUNIQUE,NORMAL,VALID,VISIBLE,CISTS_01,NO,2026-01-08 02:08:08
CISADM,CI_REG_DATA_SET_K,XT538P0,UNIQUE,IOT - TOP,VALID,VISIBLE,CISTS_01,NO,2026-01-07 21:31:00
CISADM,CI_REG_DS_EXC,XT122P0,UNIQUE,NORMAL,VALID,VISIBLE,CISTS_01,NO,2026-01-08 02:10:09
CISADM,CI_REG_DS_EXP,XT123P0,UNIQUE,NORMAL,VALID,VISIBLE,CISTS_01,NO,2026-01-08 02:13:44
CISADM,CI_REG_K,XM511P0,UNIQUE,IOT - TOP,VALID,VISIBLE,CISTS_01,NO,2026-01-07 21:31:00
CISADM,CI_REG_READ,XT186P0,UNIQUE,NORMAL,VALID,VISIBLE,CISTS_01,NO,2026-01-08 02:09:16
CISADM,CI_REG_READ,XT186S1,NONUNIQUE,NORMAL,VALID,VISIBLE,CISTS_01,NO,2026-01-08 02:09:16
CISADM,CI_REG_READ,XT186S2,NONUNIQUE,NORMAL,VALID,VISIBLE,CISTS_01,NO,2026-01-08 02:09:16
CISADM,CI_REG_READ,XT186S3,NONUNIQUE,NORMAL,VALID,VISIBLE,CISTS_01,NO,2026-01-08 02:09:16
CISADM,CI_REG_READ_K,XT023P0,UNIQUE,IOT - TOP,VALID,VISIBLE,CISTS_01,NO,2026-01-07 21:31:00
CISADM,CI_REG_RULE,XC013P0,UNIQUE,NORMAL,VALID,VISIBLE,CISTS_01,NO,2026-01-08 02:25:52
CISADM,CI_REG_RULE_L,XC564P0,UNIQUE,NORMAL,VALID,VISIBLE,CISTS_01,NO,2026-01-08 02:26:40
CISADM,CI_REP,XC188P0,UNIQUE,NORMAL,VALID,VISIBLE,CISTS_01,NO,2026-01-08 02:26:09
CISADM,CI_REPL_ACCT,XC119P0,UNIQUE,NORMAL,VALID,VISIBLE,CISTS_01,NO,2026-01-08 02:26:09
CISADM,CI_REPL_CNTL,XC120P0,UNIQUE,NORMAL,VALID,VISIBLE,CISTS_01,NO,2026-01-08 02:26:36
CISADM,CI_REP_L,XC565P0,UNIQUE,NORMAL,VALID,VISIBLE,CISTS_01,NO,2026-01-08 02:26:39
CISADM,CI_RETIRE_RSN,XC051P0,UNIQUE,NORMAL,VALID,VISIBLE,CISTS_01,NO,2026-01-08 02:26:11
CISADM,CI_RETIRE_RSN_L,XC159P0,UNIQUE,NORMAL,VALID,VISIBLE,CISTS_01,NO,2026-01-08 02:26:22
CISADM,CI_REV_CL,XC191P0,UNIQUE,NORMAL,VALID,VISIBLE,CISTS_01,NO,2026-01-09 02:12:28
CISADM,CI_REV_CL_L,XC566P0,UNIQUE,NORMAL,VALID,VISIBLE,CISTS_01,NO,2026-01-09 02:12:29
CISADM,CI_ROLE,XC328P0,UNIQUE,NORMAL,VALID,VISIBLE,CISTS_01,NO,2026-02-21 22:16:49
CISADM,CI_ROLE_L,XC567P0,UNIQUE,NORMAL,VALID,VISIBLE,CISTS_01,NO,2026-01-17 22:11:34
CISADM,CI_ROLE_USER,F1C121S1,UNIQUE,NORMAL,VALID,VISIBLE,CISTS_01,NO,2026-01-09 02:12:34
CISADM,CI_ROLE_USER,XC121P0,UNIQUE,NORMAL,VALID,VISIBLE,CISTS_01,NO,2026-01-09 02:12:34
CISADM,CI_ROOT_DIFF,XT307P0,UNIQUE,NORMAL,VALID,VISIBLE,CISTS_01,NO,2026-01-08 02:16:18
CISADM,CI_ROOT_DIFF,XT307S1,NONUNIQUE,NORMAL,VALID,VISIBLE,CISTS_01,NO,2026-01-08 02:16:18
CISADM,CI_ROOT_INSTR,XT201P0,UNIQUE,NORMAL,VALID,VISIBLE,CISTS_01,NO,2026-01-08 02:10:47
CISADM,CI_ROOT_INSTR,XT201S1,NONUNIQUE,NORMAL,VALID,VISIBLE,CISTS_01,NO,2026-01-08 02:10:47
CISADM,CI_ROOT_INSTR,XT201S2,NONUNIQUE,NORMAL,VALID,VISIBLE,CISTS_01,NO,2026-01-08 02:10:47
CISADM,CI_ROOT_INSTR,XT201S3,NONUNIQUE,NORMAL,VALID,VISIBLE,CISTS_01,NO,2026-01-08 02:10:47
CISADM,CI_ROOT_INSTR_K,XT539P0,UNIQUE,IOT - TOP,VALID,VISIBLE,CISTS_01,NO,2026-01-07 21:31:01
CISADM,CI_ROOT_OBJ,XT202P0,UNIQUE,NORMAL,VALID,VISIBLE,CISTS_01,NO,2026-01-08 02:15:48
CISADM,CI_ROOT_OBJ,XT202S1,NONUNIQUE,NORMAL,VALID,VISIBLE,CISTS_01,NO,2026-01-08 02:15:48
CISADM,CI_ROOT_OBJ,XT202S2,NONUNIQUE,NORMAL,VALID,VISIBLE,CISTS_01,NO,2026-01-08 02:15:48
CISADM,CI_ROOT_OBJ,XT202S3,NONUNIQUE,NORMAL,VALID,VISIBLE,CISTS_01,NO,2026-01-08 02:15:48
CISADM,CI_ROOT_OBJ_EXC,XT204P0,UNIQUE,NORMAL,VALID,VISIBLE,CISTS_01,NO,2026-01-08 02:15:15
CISADM,CI_ROOT_OBJ_EXP,XT206P0,UNIQUE,NORMAL,VALID,VISIBLE,CISTS_01,NO,2026-01-08 02:15:45
CISADM,CI_ROOT_OBJ_K,XT540P0,UNIQUE,IOT - TOP,VALID,VISIBLE,CISTS_01,NO,2026-01-07 21:31:01
CISADM,CI_ROOT_OBJ_PK,XT203P0,UNIQUE,NORMAL,VALID,VISIBLE,CISTS_01,NO,2026-01-08 02:14:44
CISADM,CI_ROOT_OBJ_PK,XT203S1,NONUNIQUE,NORMAL,VALID,VISIBLE,CISTS_01,NO,2026-01-08 02:14:44
CISADM,CI_RPT_OPTION,XC427P0,UNIQUE,NORMAL,VALID,VISIBLE,CISTS_01,NO,2026-01-08 02:25:51
CISADM,CI_RR_STAGE_UP,XT192P0,UNIQUE,NORMAL,VALID,VISIBLE,CISTS_01,NO,2026-01-08 02:12:30
CISADM,CI_RS,XC193P0,UNIQUE,NORMAL,VALID,VISIBLE,CISTS_01,NO,2026-02-11 02:18:56
CISADM,CI_RS_BMSG,XC109P0,UNIQUE,NORMAL,VALID,VISIBLE,CISTS_01,NO,2026-01-08 02:26:26
CISADM,CI_RS_L,XC568P0,UNIQUE,NORMAL,VALID,VISIBLE,CISTS_01,NO,2026-02-11 02:19:10
CISADM,CI_RS_MTR_CFGTY,XC218P0,UNIQUE,NORMAL,VALID,VISIBLE,CISTS_01,NO,2026-01-08 02:26:22
CISADM,CI_RS_REG_RULE,XC194P0,UNIQUE,NORMAL,VALID,VISIBLE,CISTS_01,NO,2026-01-08 02:26:24
CISADM,CI_RS_REG_RULE,XC194S2,NONUNIQUE,NORMAL,VALID,VISIBLE,CISTS_01,NO,2026-01-08 02:26:24
CISADM,CI_RS_SQ_RULE,XC195P0,UNIQUE,NORMAL,VALID,VISIBLE,CISTS_01,NO,2026-01-08 02:26:40
CISADM,CI_RS_SQ_RULE,XC195S2,NONUNIQUE,NORMAL,VALID,VISIBLE,CISTS_01,NO,2026-01-08 02:26:40
CISADM,CI_RS_SUB_RS,XC810P0,UNIQUE,NORMAL,VALID,VISIBLE,CISTS_01,NO,2026-01-08 02:26:23
CISADM,CI_RS_SUB_RS,XC810S1,NONUNIQUE,NORMAL,VALID,VISIBLE,CISTS_01,NO,2026-01-08 02:26:22
CISADM,CI_RV,XC198P0,UNIQUE,NORMAL,VALID,VISIBLE,CISTS_01,NO,2026-01-08 02:25:50
CISADM,CI_RV_L,XC569P0,UNIQUE,NORMAL,VALID,VISIBLE,CISTS_01,NO,2026-01-08 02:26:00
CISADM,CI_SA,CM_XM199S1,NONUNIQUE,NORMAL,VALID,VISIBLE,CISTS_01,NO,2026-02-04 02:18:35
CISADM,CI_SA,XM199P0,UNIQUE,NORMAL,VALID,VISIBLE,CISTS_01,NO,2026-02-04 02:18:36
CISADM,CI_SA,XM199S1,NONUNIQUE,NORMAL,VALID,VISIBLE,CISTS_01,NO,2026-02-04 02:18:37
CISADM,CI_SA,XM199S2,NONUNIQUE,NORMAL,VALID,VISIBLE,CISTS_01,NO,2026-02-04 02:18:37
CISADM,CI_SA,XM199S3,NONUNIQUE,NORMAL,VALID,VISIBLE,CISTS_01,NO,2026-02-04 02:18:39
CISADM,CI_SA,XM199S4,UNIQUE,NORMAL,VALID,VISIBLE,CISTS_01,NO,2026-02-04 02:18:35
CISADM,CI_SATY_ALG,XC351P0,UNIQUE,NORMAL,VALID,VISIBLE,CISTS_01,NO,2026-02-13 02:16:57
CISADM,CI_SATY_COPTY,XC640P0,UNIQUE,NORMAL,VALID,VISIBLE,CISTS_01,NO,2026-01-08 02:26:40
CISADM,CI_SATY_SARELTY,XC345P0,UNIQUE,NORMAL,VALID,VISIBLE,CISTS_01,NO,2026-01-08 02:26:08
CISADM,CI_SATY_SARELTY,XC345S1,NONUNIQUE,NORMAL,VALID,VISIBLE,CISTS_01,NO,2026-01-08 02:26:08
CISADM,CI_SATY_TMAPRTY,XC215P0,UNIQUE,NORMAL,VALID,VISIBLE,CISTS_01,NO,2026-01-08 02:26:21
CISADM,CI_SAT_ADJ_PROF,XC212P0,UNIQUE,NORMAL,VALID,VISIBLE,CISTS_01,NO,2026-02-13 02:16:58
CISADM,CI_SAT_ADJ_PROF,XC212S1,NONUNIQUE,NORMAL,VALID,VISIBLE,CISTS_01,NO,2026-02-13 02:16:58
CISADM,CI_SAT_NB_RULE,XC434P0,UNIQUE,NORMAL,VALID,VISIBLE,CISTS_01,NO,2026-01-08 02:25:56
CISADM,CI_SAT_PFRELTY,XC196P0,UNIQUE,NORMAL,VALID,VISIBLE,CISTS_01,NO,2026-01-08 02:25:59
CISADM,CI_SA_CHAR,XM187P0,UNIQUE,NORMAL,VALID,VISIBLE,CISTS_01,NO,2026-01-09 02:12:43
CISADM,CI_SA_CHAR,XM187S1,NONUNIQUE,NORMAL,VALID,VISIBLE,CISTS_01,NO,2026-01-09 02:12:43
CISADM,CI_SA_CHAR_TMP,XC355P0,UNIQUE,NORMAL,VALID,VISIBLE,CISTS_01,NO,2026-01-08 02:26:45
CISADM,CI_SA_CONTERM,XM201P0,UNIQUE,NORMAL,VALID,VISIBLE,CISTS_01,NO,2026-01-08 02:10:32
CISADM,CI_SA_CONTERM,XM201S1,NONUNIQUE,NORMAL,VALID,VISIBLE,CISTS_01,NO,2026-01-08 02:10:32
CISADM,CI_SA_CONT_QTY,XM202P0,UNIQUE,NORMAL,VALID,VISIBLE,CISTS_01,NO,2026-01-08 02:11:09
CISADM,CI_SA_COP,XM401P0,UNIQUE,NORMAL,VALID,VISIBLE,CISTS_01,NO,2026-01-08 02:14:20
CISADM,CI_SA_COP,XM401S1,UNIQUE,NORMAL,VALID,VISIBLE,CISTS_01,NO,2026-01-08 02:14:20
CISADM,CI_SA_COP_K,XM011P0,UNIQUE,IOT - TOP,VALID,VISIBLE,CISTS_01,NO,2026-01-07 21:31:03
CISADM,CI_SA_COP_OVRD,XM402P0,UNIQUE,NORMAL,VALID,VISIBLE,CISTS_01,NO,2026-01-08 02:13:41
CISADM,CI_SA_INTV_PF,C1M179S1,NONUNIQUE,NORMAL,VALID,VISIBLE,CISTS_01,NO,2026-01-08 02:15:57
CISADM,CI_SA_INTV_PF,XM179P0,UNIQUE,NORMAL,VALID,VISIBLE,CISTS_01,NO,2026-01-08 02:15:57
CISADM,CI_SA_K,XM512P0,UNIQUE,IOT - TOP,VALID,VISIBLE,CISTS_01,NO,2026-01-08 02:19:36
CISADM,CI_SA_MSG,XM004P0,UNIQUE,NORMAL,VALID,VISIBLE,CISTS_01,NO,2026-01-08 02:11:18
CISADM,CI_SA_NB_PARM,XM300P0,UNIQUE,NORMAL,VALID,VISIBLE,CISTS_01,NO,2026-01-08 02:09:49
CISADM,CI_SA_RCHG_HIST,XM204P0,UNIQUE,NORMAL,VALID,VISIBLE,CISTS_01,NO,2026-01-16 02:05:41
CISADM,CI_SA_REL,XM158P0,UNIQUE,NORMAL,VALID,VISIBLE,CISTS_01,NO,2026-01-08 02:13:26
CISADM,CI_SA_REL,XM158S1,NONUNIQUE,NORMAL,VALID,VISIBLE,CISTS_01,NO,2026-01-08 02:13:26
CISADM,CI_SA_REL,XM158S2,NONUNIQUE,NORMAL,VALID,VISIBLE,CISTS_01,NO,2026-01-08 02:13:26
CISADM,CI_SA_REL,XM158S3,NONUNIQUE,NORMAL,VALID,VISIBLE,CISTS_01,NO,2026-01-08 02:13:25
CISADM,CI_SA_REL_K,XM513P0,UNIQUE,IOT - TOP,VALID,VISIBLE,CISTS_01,NO,2026-01-07 21:31:04
CISADM,CI_SA_REL_TYPE,XC342P0,UNIQUE,NORMAL,VALID,VISIBLE,CISTS_01,NO,2026-01-08 02:26:42
CISADM,CI_SA_REL_TYPE_L,XC570P0,UNIQUE,NORMAL,VALID,VISIBLE,CISTS_01,NO,2026-01-08 02:26:22
CISADM,CI_SA_RS_HIST,CM_XM205S1,NONUNIQUE,NORMAL,VALID,VISIBLE,CISTS_01,NO,2026-01-23 02:18:59
CISADM,CI_SA_RS_HIST,XM205P0,UNIQUE,NORMAL,VALID,VISIBLE,CISTS_01,NO,2026-01-23 02:18:59
CISADM,CI_SA_SP,XM206P0,UNIQUE,NORMAL,VALID,VISIBLE,CISTS_01,NO,2026-01-16 02:06:30
CISADM,CI_SA_SP,XM206S1,NONUNIQUE,NORMAL,VALID,VISIBLE,CISTS_01,NO,2026-01-16 02:06:29
CISADM,CI_SA_SP,XM206S2,NONUNIQUE,NORMAL,VALID,VISIBLE,CISTS_01,NO,2026-01-16 02:06:30
CISADM,CI_SA_SP,XM206S3,NONUNIQUE,NORMAL,VALID,VISIBLE,CISTS_01,NO,2026-01-16 02:06:30
CISADM,CI_SA_SP,XM206S4,NONUNIQUE,NORMAL,VALID,VISIBLE,CISTS_01,NO,2026-01-16 02:06:30
CISADM,CI_SA_SP_CHAR,XM209P0,UNIQUE,NORMAL,VALID,VISIBLE,CISTS_01,NO,2026-01-08 02:09:04
CISADM,CI_SA_SP_FA,XT207P0,UNIQUE,NORMAL,VALID,VISIBLE,CISTS_01,NO,2026-01-16 02:06:34
CISADM,CI_SA_SP_FA,XT207S1,NONUNIQUE,NORMAL,VALID,VISIBLE,CISTS_01,NO,2026-01-16 02:06:35
CISADM,CI_SA_SP_FA,XT207S2,NONUNIQUE,NORMAL,VALID,VISIBLE,CISTS_01,NO,2026-01-16 02:06:35
CISADM,CI_SA_SP_FA,XT207S3,NONUNIQUE,NORMAL,VALID,VISIBLE,CISTS_01,NO,2026-01-16 02:06:35
CISADM,CI_SA_SP_K,XM514P0,UNIQUE,IOT - TOP,VALID,VISIBLE,CISTS_01,NO,2026-01-08 02:19:18
CISADM,CI_SA_SP_TYPE,XC208P0,UNIQUE,NORMAL,VALID,VISIBLE,CISTS_01,NO,2026-01-16 02:05:27
CISADM,CI_SA_SP_TYPE,XC208S1,NONUNIQUE,NORMAL,VALID,VISIBLE,CISTS_01,NO,2026-01-16 02:05:27
CISADM,CI_SA_TC,XM009P0,UNIQUE,NORMAL,VALID,VISIBLE,CISTS_01,NO,2026-01-08 02:09:30
CISADM,CI_SA_TOU_MAP,XM177P0,UNIQUE,NORMAL,VALID,VISIBLE,CISTS_01,NO,2026-01-08 02:09:22
CISADM,CI_SA_TYPE,XC209P0,UNIQUE,NORMAL,VALID,VISIBLE,CISTS_01,NO,2026-02-17 02:19:56
CISADM,CI_SA_TYPE,XC209S1,NONUNIQUE,NORMAL,VALID,VISIBLE,CISTS_01,NO,2026-02-17 02:19:56
CISADM,CI_SA_TYPE,XC209S2,NONUNIQUE,NORMAL,VALID,VISIBLE,CISTS_01,NO,2026-02-17 02:19:56
CISADM,CI_SA_TYPE,XC209S3,NONUNIQUE,NORMAL,VALID,VISIBLE,CISTS_01,NO,2026-02-17 02:19:56
CISADM,CI_SA_TYPE,XC209S4,NONUNIQUE,NORMAL,VALID,VISIBLE,CISTS_01,NO,2026-02-17 02:19:56
CISADM,CI_SA_TYPE_BC,XC210P0,UNIQUE,NORMAL,VALID,VISIBLE,CISTS_01,NO,2026-01-08 02:26:35
CISADM,CI_SA_TYPE_CHAR,XC323P0,UNIQUE,NORMAL,VALID,VISIBLE,CISTS_01,NO,2026-01-16 02:05:30
CISADM,CI_SA_TYPE_L,XC571P0,UNIQUE,NORMAL,VALID,VISIBLE,CISTS_01,NO,2026-02-13 02:15:56
CISADM,CI_SA_TYPE_RS,XC211P0,UNIQUE,NORMAL,VALID,VISIBLE,CISTS_01,NO,2026-02-14 22:22:37
CISADM,CI_SCM,XM240P0,UNIQUE,NORMAL,VALID,VISIBLE,CISTS_01,NO,2026-01-08 02:15:13
CISADM,CI_SCMTY_SATY,XC422P0,UNIQUE,NORMAL,VALID,VISIBLE,CISTS_01,NO,2026-01-08 02:26:27
CISADM,CI_SCMTY_SUBCAT,XC423P0,UNIQUE,NORMAL,VALID,VISIBLE,CISTS_01,NO,2026-01-08 02:25:49
CISADM,CI_SCMTY_SUBCAT,XC423S1,NONUNIQUE,NORMAL,VALID,VISIBLE,CISTS_01,NO,2026-01-08 02:25:49
CISADM,CI_SCMTY_SUBCAT_L,XC424P0,UNIQUE,NORMAL,VALID,VISIBLE,CISTS_01,NO,2026-01-08 02:26:17
CISADM,CI_SCM_ACCT,XM241P0,UNIQUE,NORMAL,VALID,VISIBLE,CISTS_01,NO,2026-01-08 02:12:46
CISADM,CI_SCM_ACCT,XM241S1,UNIQUE,NORMAL,VALID,VISIBLE,CISTS_01,NO,2026-01-08 02:12:46
CISADM,CI_SCM_CHAR,XM242P0,UNIQUE,NORMAL,VALID,VISIBLE,CISTS_01,NO,2026-01-08 02:10:50
CISADM,CI_SCM_CHAR,XM242S1,NONUNIQUE,NORMAL,VALID,VISIBLE,CISTS_01,NO,2026-01-08 02:10:50
CISADM,CI_SCM_K,XM515P0,UNIQUE,IOT - TOP,VALID,VISIBLE,CISTS_01,NO,2026-01-07 21:31:05
CISADM,CI_SCM_NCTV_RSN,XC417P0,UNIQUE,NORMAL,VALID,VISIBLE,CISTS_01,NO,2026-01-08 02:26:31
CISADM,CI_SCM_NCTV_RSN_L,XC418P0,UNIQUE,NORMAL,VALID,VISIBLE,CISTS_01,NO,2026-01-08 02:26:05
CISADM,CI_SCM_TYPE,XC419P0,UNIQUE,NORMAL,VALID,VISIBLE,CISTS_01,NO,2026-01-08 02:25:51
CISADM,CI_SCM_TYPE_ALG,XC420P0,UNIQUE,NORMAL,VALID,VISIBLE,CISTS_01,NO,2026-01-08 02:26:12
CISADM,CI_SCM_TYPE_L,XC421P0,UNIQUE,NORMAL,VALID,VISIBLE,CISTS_01,NO,2026-01-08 02:26:11
CISADM,CI_SCR,XC381P0,UNIQUE,NORMAL,VALID,VISIBLE,CISTS_01,NO,2026-01-15 02:21:41
CISADM,CI_SCR_CRT,XC441P0,UNIQUE,NORMAL,VALID,VISIBLE,CISTS_01,NO,2026-01-08 02:26:20
CISADM,CI_SCR_CRT_GRP,XC442P0,UNIQUE,NORMAL,VALID,VISIBLE,CISTS_01,NO,2026-01-08 02:26:30
CISADM,CI_SCR_CRT_GRP_L,XC443P0,UNIQUE,NORMAL,VALID,VISIBLE,CISTS_01,NO,2026-01-08 02:26:41
CISADM,CI_SCR_DA,FC010P0,UNIQUE,NORMAL,VALID,VISIBLE,CISTS_01,NO,2026-01-13 02:15:08
CISADM,CI_SCR_FLD_MAP,XC754P0,UNIQUE,NORMAL,VALID,VISIBLE,CISTS_01,NO,2026-01-08 02:26:14
CISADM,CI_SCR_L,XC382P0,UNIQUE,NORMAL,VALID,VISIBLE,CISTS_01,NO,2026-01-17 22:11:36
CISADM,CI_SCR_PRMPT,XC383P0,UNIQUE,NORMAL,VALID,VISIBLE,CISTS_01,NO,2026-01-09 02:12:37
CISADM,CI_SCR_PRMPT_L,XC384P0,UNIQUE,NORMAL,VALID,VISIBLE,CISTS_01,NO,2026-01-09 02:12:36
CISADM,CI_SCR_STEP,XC385P0,UNIQUE,NORMAL,VALID,VISIBLE,CISTS_01,NO,2026-01-15 02:21:58
CISADM,CI_SCR_STEP_L,XC358P0,UNIQUE,NORMAL,VALID,VISIBLE,CISTS_01,NO,2026-02-04 02:18:28
CISADM,CI_SC_AUTH_LVL,XC363P0,UNIQUE,NORMAL,VALID,VISIBLE,CISTS_01,NO,2026-01-16 02:05:29
CISADM,CI_SC_AUTH_LVL_L,XC364P0,UNIQUE,NORMAL,VALID,VISIBLE,CISTS_01,NO,2026-01-08 02:25:54
CISADM,CI_SC_EVT,XT242P0,UNIQUE,NORMAL,VALID,VISIBLE,CISTS_01,NO,2026-01-08 02:15:39
CISADM,CI_SC_EVT,XT242S1,NONUNIQUE,NORMAL,VALID,VISIBLE,CISTS_01,NO,2026-01-08 02:15:39
CISADM,CI_SC_EVTTY_ALG,XC416P0,UNIQUE,NORMAL,VALID,VISIBLE,CISTS_01,NO,2026-01-08 02:26:44
CISADM,CI_SC_EVT_FT,XM243P0,UNIQUE,NORMAL,VALID,VISIBLE,CISTS_01,NO,2026-01-08 02:16:02
CISADM,CI_SC_EVT_FT,XM243S1,NONUNIQUE,NORMAL,VALID,VISIBLE,CISTS_01,NO,2026-01-08 02:16:02
CISADM,CI_SC_EVT_FT_K,XM516P0,UNIQUE,IOT - TOP,VALID,VISIBLE,CISTS_01,NO,2026-01-07 21:31:07
CISADM,CI_SC_EVT_K,XT541P0,UNIQUE,IOT - TOP,VALID,VISIBLE,CISTS_01,NO,2026-01-07 21:31:07
CISADM,CI_SC_EVT_TYPE,XC414P0,UNIQUE,NORMAL,VALID,VISIBLE,CISTS_01,NO,2026-01-08 02:25:50
CISADM,CI_SC_EVT_TYPE_L,XC415P0,UNIQUE,NORMAL,VALID,VISIBLE,CISTS_01,NO,2026-01-08 02:25:50
CISADM,CI_SC_TYPE,XC361P0,UNIQUE,NORMAL,VALID,VISIBLE,CISTS_01,NO,2026-01-16 02:05:28
CISADM,CI_SC_TYPE_L,XC362P0,UNIQUE,NORMAL,VALID,VISIBLE,CISTS_01,NO,2026-01-08 02:26:25
CISADM,CI_SEAS_SHIFT,XC651P0,UNIQUE,NORMAL,VALID,VISIBLE,CISTS_01,NO,2026-01-08 02:26:17
CISADM,CI_SEAS_TM_SHIFT,XC650P0,UNIQUE,NORMAL,VALID,VISIBLE,CISTS_01,NO,2026-01-08 02:25:59
CISADM,CI_SEAS_TM_SHIFT_L,XC609P0,UNIQUE,NORMAL,VALID,VISIBLE,CISTS_01,NO,2026-01-08 02:26:21
CISADM,CI_SEQ,XC268P0,UNIQUE,NORMAL,VALID,VISIBLE,CISTS_01,NO,2026-02-27 02:12:54
CISADM,CI_SEV_CRIT,XC213P0,UNIQUE,NORMAL,VALID,VISIBLE,CISTS_01,NO,2026-01-16 02:05:26
CISADM,CI_SEV_EVT,XT214P0,UNIQUE,NORMAL,VALID,VISIBLE,CISTS_01,NO,2026-02-27 02:13:05
CISADM,CI_SEV_EVT_CC,XT215P0,UNIQUE,NORMAL,VALID,VISIBLE,CISTS_01,NO,2026-02-27 02:15:27
CISADM,CI_SEV_EVT_CC,XT215S1,NONUNIQUE,NORMAL,VALID,VISIBLE,CISTS_01,NO,2026-02-27 02:15:27
CISADM,CI_SEV_EVT_DEP,XT216P0,UNIQUE,NORMAL,VALID,VISIBLE,CISTS_01,NO,2026-02-27 02:13:01
CISADM,CI_SEV_EVT_FA,XT217P0,UNIQUE,NORMAL,VALID,VISIBLE,CISTS_01,NO,2026-02-05 02:20:47
CISADM,CI_SEV_EVT_FA,XT217S1,NONUNIQUE,NORMAL,VALID,VISIBLE,CISTS_01,NO,2026-02-05 02:20:47
CISADM,CI_SEV_EVT_TYPE,XC020P0,UNIQUE,NORMAL,VALID,VISIBLE,CISTS_01,NO,2026-02-24 02:13:38
CISADM,CI_SEV_EVT_TYPE,XC020S1,NONUNIQUE,NORMAL,VALID,VISIBLE,CISTS_01,NO,2026-02-24 02:13:38
CISADM,CI_SEV_EVT_TYPE,XC020S3,NONUNIQUE,NORMAL,VALID,VISIBLE,CISTS_01,NO,2026-02-24 02:13:38
CISADM,CI_SEV_EVT_TYPE_L,XC572P0,UNIQUE,NORMAL,VALID,VISIBLE,CISTS_01,NO,2026-01-31 22:17:15
CISADM,CI_SEV_PROC,XT118P0,UNIQUE,NORMAL,VALID,VISIBLE,CISTS_01,NO,2026-02-27 02:13:17
CISADM,CI_SEV_PROC,XT118S1,NONUNIQUE,NORMAL,VALID,VISIBLE,CISTS_01,NO,2026-02-27 02:13:17
CISADM,CI_SEV_PROC,XT118S2,NONUNIQUE,NORMAL,VALID,VISIBLE,CISTS_01,NO,2026-02-27 02:13:17
CISADM,CI_SEV_PROC_K,XT542P0,UNIQUE,IOT - TOP,VALID,VISIBLE,CISTS_01,NO,2026-02-27 02:13:14
CISADM,CI_SEV_PROC_TMP,XC221P0,UNIQUE,NORMAL,VALID,VISIBLE,CISTS_01,NO,2026-01-09 02:12:16
CISADM,CI_SEV_PROC_TMP_L,XC573P0,UNIQUE,NORMAL,VALID,VISIBLE,CISTS_01,NO,2026-01-16 02:05:25
CISADM,CI_SEV_RESP,XC223P0,UNIQUE,NORMAL,VALID,VISIBLE,CISTS_01,NO,2026-02-27 02:15:24
CISADM,CI_SEV_RESP_DEP,XC224P0,UNIQUE,NORMAL,VALID,VISIBLE,CISTS_01,NO,2026-02-27 02:15:23
CISADM,CI_SIC,XC225P0,UNIQUE,NORMAL,VALID,VISIBLE,CISTS_01,NO,2026-01-08 02:26:01
CISADM,CI_SIC_L,XC574P0,UNIQUE,NORMAL,VALID,VISIBLE,CISTS_01,NO,2026-01-08 02:26:20
CISADM,CI_SP,CM_XM226S1,NONUNIQUE,NORMAL,VALID,VISIBLE,CISTS_01,NO,2026-02-17 02:20:01
CISADM,CI_SP,XM226P0,UNIQUE,NORMAL,VALID,VISIBLE,CISTS_01,NO,2026-02-17 02:20:00
CISADM,CI_SP,XM226S1,NONUNIQUE,NORMAL,VALID,VISIBLE,CISTS_01,NO,2026-02-17 02:20:00
CISADM,CI_SP,XM226S2,NONUNIQUE,NORMAL,VALID,VISIBLE,CISTS_01,NO,2026-02-17 02:20:00
CISADM,CI_SP,XM266S3,UNIQUE,NORMAL,VALID,VISIBLE,CISTS_01,NO,2026-02-17 02:20:01
CISADM,CI_SPR,XC339P0,UNIQUE,NORMAL,VALID,VISIBLE,CISTS_01,NO,2026-01-08 02:26:06
CISADM,CI_SPR,XC339S1,NONUNIQUE,NORMAL,VALID,VISIBLE,CISTS_01,NO,2026-01-08 02:26:06
CISADM,CI_SPR,XC339S2,NONUNIQUE,NORMAL,VALID,VISIBLE,CISTS_01,NO,2026-01-08 02:26:06
CISADM,CI_SPR_BMSG,XC161P0,UNIQUE,NORMAL,VALID,VISIBLE,CISTS_01,NO,2026-01-08 02:26:04
CISADM,CI_SPR_CHAR,XC311P0,UNIQUE,NORMAL,VALID,VISIBLE,CISTS_01,NO,2026-01-08 02:26:13
CISADM,CI_SPR_CHAR,XC311S1,NONUNIQUE,NORMAL,VALID,VISIBLE,CISTS_01,NO,2026-01-08 02:26:13
CISADM,CI_SPR_L,XC576P0,UNIQUE,NORMAL,VALID,VISIBLE,CISTS_01,NO,2026-01-08 02:26:24
CISADM,CI_SPR_POST,XC340P0,UNIQUE,NORMAL,VALID,VISIBLE,CISTS_01,NO,2026-01-08 02:25:49
CISADM,CI_SPR_SARELTY,XC021P0,UNIQUE,NORMAL,VALID,VISIBLE,CISTS_01,NO,2026-01-08 02:26:22
CISADM,CI_SPR_VALID,XC348P0,UNIQUE,NORMAL,VALID,VISIBLE,CISTS_01,NO,2026-01-08 02:25:49
CISADM,CI_SPTY_ITEMTY,XC237P0,UNIQUE,NORMAL,VALID,VISIBLE,CISTS_01,NO,2026-01-08 02:25:55
CISADM,CI_SPTY_MTRTY,XC238P0,UNIQUE,NORMAL,VALID,VISIBLE,CISTS_01,NO,2026-01-08 02:26:26
CISADM,CI_SPTY_MTRTY,XC238S1,NONUNIQUE,NORMAL,VALID,VISIBLE,CISTS_01,NO,2026-01-08 02:26:26
CISADM,CI_SP_CHAR,C1M002S1,NONUNIQUE,NORMAL,VALID,VISIBLE,CISTS_01,NO,2026-01-09 02:13:25
CISADM,CI_SP_CHAR,XM227P0,UNIQUE,NORMAL,VALID,VISIBLE,CISTS_01,NO,2026-01-09 02:13:25
CISADM,CI_SP_EQ,XM003P0,UNIQUE,NORMAL,VALID,VISIBLE,CISTS_01,NO,2026-01-08 02:16:03
CISADM,CI_SP_GEO,XM228P0,UNIQUE,NORMAL,VALID,VISIBLE,CISTS_01,NO,2026-01-08 02:09:05
CISADM,CI_SP_GEO,XM228S1,NONUNIQUE,NORMAL,VALID,VISIBLE,CISTS_01,NO,2026-01-08 02:09:05
CISADM,CI_SP_ITEM_EVT,XT229P0,UNIQUE,NORMAL,VALID,VISIBLE,CISTS_01,NO,2026-01-08 02:08:50
CISADM,CI_SP_ITEM_HIST,XT230P0,UNIQUE,NORMAL,VALID,VISIBLE,CISTS_01,NO,2026-01-08 02:09:32
CISADM,CI_SP_ITEM_HIST,XT230S1,NONUNIQUE,NORMAL,VALID,VISIBLE,CISTS_01,NO,2026-01-08 02:09:32
CISADM,CI_SP_ITEM_HIST,XT230S2,NONUNIQUE,NORMAL,VALID,VISIBLE,CISTS_01,NO,2026-01-08 02:09:32
CISADM,CI_SP_ITEM_HIST_K,XT543P0,UNIQUE,IOT - TOP,VALID,VISIBLE,CISTS_01,NO,2026-01-07 21:31:10
CISADM,CI_SP_K,XM517P0,UNIQUE,IOT - TOP,VALID,VISIBLE,CISTS_01,NO,2026-01-08 02:19:06
CISADM,CI_SP_MTR_EVT,XT231P0,UNIQUE,NORMAL,VALID,VISIBLE,CISTS_01,NO,2026-01-08 02:15:05
CISADM,CI_SP_MTR_EVT,XT231S1,NONUNIQUE,NORMAL,VALID,VISIBLE,CISTS_01,NO,2026-01-08 02:15:06
CISADM,CI_SP_MTR_EVT,XT231S2,NONUNIQUE,NORMAL,VALID,VISIBLE,CISTS_01,NO,2026-01-08 02:15:05
CISADM,CI_SP_MTR_HIST,XT232P0,UNIQUE,NORMAL,VALID,VISIBLE,CISTS_01,NO,2026-01-08 02:08:10
CISADM,CI_SP_MTR_HIST,XT232S1,NONUNIQUE,NORMAL,VALID,VISIBLE,CISTS_01,NO,2026-01-08 02:08:10
CISADM,CI_SP_MTR_HIST,XT232S2,NONUNIQUE,NORMAL,VALID,VISIBLE,CISTS_01,NO,2026-01-08 02:08:10
CISADM,CI_SP_MTR_HIST_K,XT544P0,UNIQUE,IOT - TOP,VALID,VISIBLE,CISTS_01,NO,2026-01-07 21:31:11
CISADM,CI_SP_MULT_ITEM,XM233P0,UNIQUE,NORMAL,VALID,VISIBLE,CISTS_01,NO,2026-01-08 02:11:07
CISADM,CI_SP_OP_AREA,XM149P0,UNIQUE,NORMAL,VALID,VISIBLE,CISTS_01,NO,2026-01-08 02:15:22
CISADM,CI_SP_RTE,XC792P0,UNIQUE,NORMAL,VALID,VISIBLE,CISTS_01,NO,2026-01-08 02:08:44
CISADM,CI_SP_RTE_CFG,XC793P0,UNIQUE,NORMAL,VALID,VISIBLE,CISTS_01,NO,2026-01-08 02:10:07
CISADM,CI_SP_TYPE,XC235P0,UNIQUE,NORMAL,VALID,VISIBLE,CISTS_01,NO,2026-02-12 02:14:25
CISADM,CI_SP_TYPE,XC235S2,NONUNIQUE,NORMAL,VALID,VISIBLE,CISTS_01,NO,2026-02-12 02:14:25
CISADM,CI_SP_TYPE,XC235S3,NONUNIQUE,NORMAL,VALID,VISIBLE,CISTS_01,NO,2026-02-12 02:14:25
CISADM,CI_SP_TYPE,XC235S5,NONUNIQUE,NORMAL,VALID,VISIBLE,CISTS_01,NO,2026-02-12 02:14:25
CISADM,CI_SP_TYPE_CHAR,XC236P0,UNIQUE,NORMAL,VALID,VISIBLE,CISTS_01,NO,2026-01-08 02:26:13
CISADM,CI_SP_TYPE_EQ,XC124P0,UNIQUE,NORMAL,VALID,VISIBLE,CISTS_01,NO,2026-01-08 02:26:25
CISADM,CI_SP_TYPE_L,XC575P0,UNIQUE,NORMAL,VALID,VISIBLE,CISTS_01,NO,2026-01-16 02:05:26
CISADM,CI_SQI,XC240P0,UNIQUE,NORMAL,VALID,VISIBLE,CISTS_01,NO,2026-01-09 02:12:24
CISADM,CI_SQI_L,XC578P0,UNIQUE,NORMAL,VALID,VISIBLE,CISTS_01,NO,2026-01-09 02:12:17
CISADM,CI_SQ_RULE,XC239P0,UNIQUE,NORMAL,VALID,VISIBLE,CISTS_01,NO,2026-01-08 02:26:43
CISADM,CI_SQ_RULE,XC239S1,NONUNIQUE,NORMAL,VALID,VISIBLE,CISTS_01,NO,2026-01-08 02:26:43
CISADM,CI_SQ_RULE_L,XC577P0,UNIQUE,NORMAL,VALID,VISIBLE,CISTS_01,NO,2026-01-08 02:26:22
CISADM,CI_SS_ADDR_OVRD,XM200P0,UNIQUE,NORMAL,VALID,VISIBLE,CISTS_01,NO,2026-02-18 02:12:08
CISADM,CI_SS_OPT,XC244P0,UNIQUE,NORMAL,VALID,VISIBLE,CISTS_01,NO,2026-01-08 02:26:07
CISADM,CI_SS_OPT_COP,XC411P0,UNIQUE,NORMAL,VALID,VISIBLE,CISTS_01,NO,2026-01-08 02:26:35
CISADM,CI_SS_OPT_IP,XC189P0,UNIQUE,NORMAL,VALID,VISIBLE,CISTS_01,NO,2026-01-08 02:26:38
CISADM,CI_SS_OPT_L,XC579P0,UNIQUE,NORMAL,VALID,VISIBLE,CISTS_01,NO,2026-01-08 02:25:49
CISADM,CI_SS_OPT_TC,XC310P0,UNIQUE,NORMAL,VALID,VISIBLE,CISTS_01,NO,2026-01-08 02:26:16
CISADM,CI_SS_OPT_TMAP,XC190P0,UNIQUE,NORMAL,VALID,VISIBLE,CISTS_01,NO,2026-01-08 02:25:49
CISADM,CI_SS_PHONE_OVRD,XM267P0,UNIQUE,NORMAL,VALID,VISIBLE,CISTS_01,NO,2026-01-08 02:10:24
CISADM,CI_STATE,XC304P0,UNIQUE,NORMAL,VALID,VISIBLE,CISTS_01,NO,2026-01-15 02:21:35
CISADM,CI_STATE_L,XC580P0,UNIQUE,NORMAL,VALID,VISIBLE,CISTS_01,NO,2026-01-09 02:12:19
CISADM,CI_STK_LOC,XM250P0,UNIQUE,NORMAL,VALID,VISIBLE,CISTS_01,NO,2026-01-08 02:08:36
CISADM,CI_STK_LOC,XM250S1,NONUNIQUE,NORMAL,VALID,VISIBLE,CISTS_01,NO,2026-01-08 02:08:36
CISADM,CI_STK_LOC_CHAR,XM252P0,UNIQUE,NORMAL,VALID,VISIBLE,CISTS_01,NO,2026-01-08 02:09:03
CISADM,CI_STK_LOC_CHAR,XM252S1,NONUNIQUE,NORMAL,VALID,VISIBLE,CISTS_01,NO,2026-01-08 02:09:02
CISADM,CI_STK_LOC_L,XM251P0,UNIQUE,NORMAL,VALID,VISIBLE,CISTS_01,NO,2026-01-08 02:14:59
CISADM,CI_STK_LOC_L,XM251S1,NONUNIQUE,NORMAL,VALID,VISIBLE,CISTS_01,NO,2026-01-08 02:14:59
CISADM,CI_STM,XT088P0,UNIQUE,NORMAL,VALID,VISIBLE,CISTS_01,NO,2026-01-08 02:09:14
CISADM,CI_STM_CNST,XM121P0,UNIQUE,NORMAL,VALID,VISIBLE,CISTS_01,NO,2026-01-08 02:11:04
CISADM,CI_STM_CNST_DTL,XM122P0,UNIQUE,NORMAL,VALID,VISIBLE,CISTS_01,NO,2026-01-08 02:14:20
CISADM,CI_STM_CNST_DTL,XM122S1,NONUNIQUE,NORMAL,VALID,VISIBLE,CISTS_01,NO,2026-01-08 02:14:20
CISADM,CI_STM_CNST_DTL_K,XM519P0,UNIQUE,IOT - TOP,VALID,VISIBLE,CISTS_01,NO,2026-01-07 21:31:12
CISADM,CI_STM_CNST_K,XM518P0,UNIQUE,IOT - TOP,VALID,VISIBLE,CISTS_01,NO,2026-01-07 21:31:12
CISADM,CI_STM_CYC,XC289P0,UNIQUE,NORMAL,VALID,VISIBLE,CISTS_01,NO,2026-01-08 02:26:30
CISADM,CI_STM_CYC_L,XC303P0,UNIQUE,NORMAL,VALID,VISIBLE,CISTS_01,NO,2026-01-08 02:25:53
CISADM,CI_STM_CYC_SCH,XC288P0,UNIQUE,NORMAL,VALID,VISIBLE,CISTS_01,NO,2026-01-08 02:26:40
CISADM,CI_STM_DTL,XT119P0,UNIQUE,NORMAL,VALID,VISIBLE,CISTS_01,NO,2026-01-08 02:11:32
CISADM,CI_STM_DTL,XT119S1,NONUNIQUE,NORMAL,VALID,VISIBLE,CISTS_01,NO,2026-01-08 02:11:32
CISADM,CI_STM_DTL_K,XT546P0,UNIQUE,IOT - TOP,VALID,VISIBLE,CISTS_01,NO,2026-01-07 21:31:12
CISADM,CI_STM_K,XT545P0,UNIQUE,IOT - TOP,VALID,VISIBLE,CISTS_01,NO,2026-01-07 21:31:12
CISADM,CI_STM_RTE_TY,XC278P0,UNIQUE,NORMAL,VALID,VISIBLE,CISTS_01,NO,2026-02-13 02:16:57
CISADM,CI_STM_RTE_TY_L,XC277P0,UNIQUE,NORMAL,VALID,VISIBLE,CISTS_01,NO,2026-01-08 02:26:38
CISADM,CI_SVC_RTE_STG_DWN,XT790P0,UNIQUE,NORMAL,VALID,VISIBLE,CISTS_01,NO,2026-01-08 02:13:53
CISADM,CI_SVC_RTE_STG_DWN_K,XT791P0,UNIQUE,IOT - TOP,VALID,VISIBLE,CISTS_01,NO,2026-01-07 21:31:13
CISADM,CI_SVC_TYPE,XC247P0,UNIQUE,NORMAL,VALID,VISIBLE,CISTS_01,NO,2026-01-15 02:21:35
CISADM,CI_SVC_TYPE_L,XC581P0,UNIQUE,NORMAL,VALID,VISIBLE,CISTS_01,NO,2026-01-20 02:18:25
CISADM,CI_SVC_TYP_DFLT,XC246P0,UNIQUE,NORMAL,VALID,VISIBLE,CISTS_01,NO,2026-01-08 02:26:33
CISADM,CI_SYSDATA_LOG,F1T900S2,NONUNIQUE,NORMAL,VALID,VISIBLE,CISTS_01,NO,2026-01-08 02:15:55
CISADM,CI_SYSDATA_LOG,F1T900S3,NONUNIQUE,NORMAL,VALID,VISIBLE,CISTS_01,NO,2026-01-08 02:15:55
CISADM,CI_SYSDATA_LOG,XT900P0,UNIQUE,NORMAL,VALID,VISIBLE,CISTS_01,NO,2026-01-08 02:15:55
CISADM,CI_SYSDATA_LOG,XT900S1,NONUNIQUE,NORMAL,VALID,VISIBLE,CISTS_01,NO,2026-01-08 02:15:55
CISADM,CI_TAX_EX_TYPE,XC248P0,UNIQUE,NORMAL,VALID,VISIBLE,CISTS_01,NO,2026-01-23 02:18:52
CISADM,CI_TAX_EX_TYPE_L,XC582P0,UNIQUE,NORMAL,VALID,VISIBLE,CISTS_01,NO,2026-01-23 02:18:51
CISADM,CI_TC,XC281P0,UNIQUE,NORMAL,VALID,VISIBLE,CISTS_01,NO,2026-01-08 02:26:40
CISADM,CI_TC_L,XC284P0,UNIQUE,NORMAL,VALID,VISIBLE,CISTS_01,NO,2026-01-08 02:26:37
CISADM,CI_TD_DRLKEY,XT037P0,UNIQUE,NORMAL,VALID,VISIBLE,CISTS_01,NO,2026-01-09 02:14:16
CISADM,CI_TD_DRLKEY,XT037S1,NONUNIQUE,NORMAL,VALID,VISIBLE,CISTS_01,NO,2026-01-09 02:14:18
CISADM,CI_TD_DRLKEY_TY,XC125P0,UNIQUE,NORMAL,VALID,VISIBLE,CISTS_01,NO,2026-01-16 02:05:32
CISADM,CI_TD_ENTRY,XT039P0,UNIQUE,NORMAL,VALID,VISIBLE,CISTS_01,NO,2026-02-04 02:18:45
CISADM,CI_TD_ENTRY,XT039S2,UNIQUE,NORMAL,VALID,VISIBLE,CISTS_01,NO,2026-02-04 02:18:50
CISADM,CI_TD_ENTRY,XT039S3,NONUNIQUE,NORMAL,VALID,VISIBLE,CISTS_01,NO,2026-02-04 02:18:48
CISADM,CI_TD_ENTRY,XT039S4,NONUNIQUE,NORMAL,VALID,VISIBLE,CISTS_01,NO,2026-02-04 02:18:58
CISADM,CI_TD_ENTRY,XT039S5,NONUNIQUE,NORMAL,VALID,VISIBLE,CISTS_01,NO,2026-02-04 02:18:53
CISADM,CI_TD_ENTRY,XT039S6,UNIQUE,NORMAL,VALID,VISIBLE,CISTS_01,NO,2026-02-04 02:19:00
CISADM,CI_TD_ENTRY,XT039S7,UNIQUE,NORMAL,VALID,VISIBLE,CISTS_01,NO,2026-02-04 02:18:55
CISADM,CI_TD_ENTRY,XT039S8,NONUNIQUE,NORMAL,VALID,VISIBLE,CISTS_01,NO,2026-02-04 02:19:04
CISADM,CI_TD_ENTRY_CHA,XT701P0,UNIQUE,NORMAL,VALID,VISIBLE,CISTS_01,NO,2026-02-27 02:16:01
CISADM,CI_TD_ENTRY_CHA,XT701S1,NONUNIQUE,NORMAL,VALID,VISIBLE,CISTS_01,NO,2026-02-27 02:15:54
CISADM,CI_TD_ENTRY_CHA,XT701S2,NONUNIQUE,NORMAL,VALID,VISIBLE,CISTS_01,NO,2026-02-27 02:15:59
CISADM,CI_TD_ENTRY_K,XT547P0,UNIQUE,IOT - TOP,VALID,VISIBLE,CISTS_01,NO,2026-01-08 02:20:39
CISADM,CI_TD_EX_LIST,XC652P0,UNIQUE,NORMAL,VALID,VISIBLE,CISTS_01,NO,2026-01-23 02:18:52
CISADM,CI_TD_LOG,XT721P0,UNIQUE,NORMAL,VALID,VISIBLE,CISTS_01,NO,2026-01-23 02:20:11
CISADM,CI_TD_LOG,XT721S1,NONUNIQUE,NORMAL,VALID,VISIBLE,CISTS_01,NO,2026-01-23 02:20:13
CISADM,CI_TD_MSG_PARM,XT040P0,UNIQUE,NORMAL,VALID,VISIBLE,CISTS_01,NO,2026-01-23 02:19:16
CISADM,CI_TD_SRTKEY,XT041P0,UNIQUE,NORMAL,VALID,VISIBLE,CISTS_01,NO,2026-02-27 02:15:41
CISADM,CI_TD_SRTKEY,XT041S1,NONUNIQUE,NORMAL,VALID,VISIBLE,CISTS_01,NO,2026-02-27 02:15:44
CISADM,CI_TD_SRTKEY_TY,XC126P0,UNIQUE,NORMAL,VALID,VISIBLE,CISTS_01,NO,2026-01-23 02:18:53
CISADM,CI_TD_SRTKEY_TY_L,XC165P0,UNIQUE,NORMAL,VALID,VISIBLE,CISTS_01,NO,2026-01-23 02:18:53
CISADM,CI_TD_TYPE,XC129P0,UNIQUE,NORMAL,VALID,VISIBLE,CISTS_01,NO,2026-01-09 02:12:37
CISADM,CI_TD_TYPE_ALG,FC030P0,UNIQUE,NORMAL,VALID,VISIBLE,CISTS_01,NO,2026-01-23 02:18:51
CISADM,CI_TD_TYPE_CHAR,FC031P0,UNIQUE,NORMAL,VALID,VISIBLE,CISTS_01,NO,2026-01-09 02:12:14
CISADM,CI_TD_TYPE_CHAR,FC031S1,NONUNIQUE,NORMAL,VALID,VISIBLE,CISTS_01,NO,2026-01-09 02:12:14
CISADM,CI_TD_TYPE_L,XC132P0,UNIQUE,NORMAL,VALID,VISIBLE,CISTS_01,NO,2026-01-09 02:12:41
CISADM,CI_TD_VAL_ROLE,XC100P0,UNIQUE,NORMAL,VALID,VISIBLE,CISTS_01,NO,2026-01-09 02:12:18
CISADM,CI_TENDER_TYPE,XC249P0,UNIQUE,NORMAL,VALID,VISIBLE,CISTS_01,NO,2026-01-16 02:05:30
CISADM,CI_TENDER_TYPE_L,XC583P0,UNIQUE,NORMAL,VALID,VISIBLE,CISTS_01,NO,2026-01-21 02:21:38
CISADM,CI_THRD_PTY,XC231P0,UNIQUE,NORMAL,VALID,VISIBLE,CISTS_01,NO,2026-01-15 02:21:35
CISADM,CI_THRD_PTY_L,XC232P0,UNIQUE,NORMAL,VALID,VISIBLE,CISTS_01,NO,2026-01-30 02:21:34
CISADM,CI_TIME_ZONE,XC185P0,UNIQUE,NORMAL,VALID,VISIBLE,CISTS_01,NO,2026-01-09 02:12:32
CISADM,CI_TIME_ZONE_L,XC186P0,UNIQUE,NORMAL,VALID,VISIBLE,CISTS_01,NO,2026-01-09 02:12:15
CISADM,CI_TMAP_COM_CAL,XC612P0,UNIQUE,NORMAL,VALID,VISIBLE,CISTS_01,NO,2026-01-08 02:26:34
CISADM,CI_TMAP_COM_DAY,XC614P0,UNIQUE,NORMAL,VALID,VISIBLE,CISTS_01,NO,2026-01-08 02:25:53
CISADM,CI_TMAP_COM_WK,XC613P0,UNIQUE,NORMAL,VALID,VISIBLE,CISTS_01,NO,2026-01-08 02:25:58
CISADM,CI_TMAP_REL,XC205P0,UNIQUE,NORMAL,VALID,VISIBLE,CISTS_01,NO,2026-01-08 02:26:18
CISADM,CI_TMAP_RELTY,XC201P0,UNIQUE,NORMAL,VALID,VISIBLE,CISTS_01,NO,2026-01-08 02:25:57
CISADM,CI_TMAP_RELTY_L,XC202P0,UNIQUE,NORMAL,VALID,VISIBLE,CISTS_01,NO,2026-01-08 02:26:15
CISADM,CI_TMAP_TMPL,XC610P0,UNIQUE,NORMAL,VALID,VISIBLE,CISTS_01,NO,2026-01-08 02:26:27
CISADM,CI_TMAP_TMPL_L,XC611P0,UNIQUE,NORMAL,VALID,VISIBLE,CISTS_01,NO,2026-01-08 02:26:31
CISADM,CI_TMAP_TYPE,XC203P0,UNIQUE,NORMAL,VALID,VISIBLE,CISTS_01,NO,2026-01-08 02:26:09
CISADM,CI_TMAP_TYPE_L,XC204P0,UNIQUE,NORMAL,VALID,VISIBLE,CISTS_01,NO,2026-01-08 02:26:27
CISADM,CI_TMAP_TYP_ALG,XC625P0,UNIQUE,NORMAL,VALID,VISIBLE,CISTS_01,NO,2026-01-08 02:25:51
CISADM,CI_TNDR_CTL,XT251P0,UNIQUE,NORMAL,VALID,VISIBLE,CISTS_01,NO,2026-02-04 02:18:27
CISADM,CI_TNDR_CTL,XT251S1,NONUNIQUE,NORMAL,VALID,VISIBLE,CISTS_01,NO,2026-02-04 02:18:27
CISADM,CI_TNDR_CTL,XT251S2,NONUNIQUE,NORMAL,VALID,VISIBLE,CISTS_01,NO,2026-02-04 02:18:27
CISADM,CI_TNDR_CTL,XT251S3,UNIQUE,NORMAL,VALID,VISIBLE,CISTS_01,NO,2026-02-04 02:18:27
CISADM,CI_TNDR_CTL,XT251S4,NONUNIQUE,NORMAL,VALID,VISIBLE,CISTS_01,NO,2026-02-04 02:18:27
CISADM,CI_TNDR_CTL_CHAR,XT414P0,UNIQUE,NORMAL,VALID,VISIBLE,CISTS_01,NO,2026-01-08 02:13:49
CISADM,CI_TNDR_CTL_CHAR,XT414S1,NONUNIQUE,NORMAL,VALID,VISIBLE,CISTS_01,NO,2026-01-08 02:13:49
CISADM,CI_TNDR_CTL_K,XT548P0,UNIQUE,IOT - TOP,VALID,VISIBLE,CISTS_01,NO,2026-01-08 02:18:47
CISADM,CI_TNDR_CTL_ST,C1M252S1,NONUNIQUE,NORMAL,VALID,VISIBLE,CISTS_01,NO,2026-01-08 02:17:26
CISADM,CI_TNDR_CTL_ST,XT252P0,UNIQUE,NORMAL,VALID,VISIBLE,CISTS_01,NO,2026-01-08 02:17:26
CISADM,CI_TNDR_DEP,XT253P0,UNIQUE,NORMAL,VALID,VISIBLE,CISTS_01,NO,2026-02-13 02:16:59
CISADM,CI_TNDR_DEP_K,XT549P0,UNIQUE,IOT - TOP,VALID,VISIBLE,CISTS_01,NO,2026-01-08 02:17:41
CISADM,CI_TNDR_END_BAL,XT022P0,UNIQUE,NORMAL,VALID,VISIBLE,CISTS_01,NO,2026-01-16 02:05:35
CISADM,CI_TNDR_SRCE,XC254P0,UNIQUE,NORMAL,VALID,VISIBLE,CISTS_01,NO,2026-01-16 02:05:26
CISADM,CI_TNDR_SRCE,XC254S2,NONUNIQUE,NORMAL,VALID,VISIBLE,CISTS_01,NO,2026-01-16 02:05:26
CISADM,CI_TNDR_SRCE,XC254S3,NONUNIQUE,NORMAL,VALID,VISIBLE,CISTS_01,NO,2026-01-16 02:05:26
CISADM,CI_TNDR_SRCE_L,XC584P0,UNIQUE,NORMAL,VALID,VISIBLE,CISTS_01,NO,2026-01-16 02:05:30
CISADM,CI_TNDR_ST_EXCP,XT255P0,UNIQUE,NORMAL,VALID,VISIBLE,CISTS_01,NO,2026-01-08 02:17:59
CISADM,CI_TOS,XM304P0,UNIQUE,NORMAL,VALID,VISIBLE,CISTS_01,NO,2026-01-08 02:08:07
CISADM,CI_TOS,XM304S1,NONUNIQUE,NORMAL,VALID,VISIBLE,CISTS_01,NO,2026-01-08 02:08:43
CISADM,CI_TOS,XM304S2,NONUNIQUE,NORMAL,VALID,VISIBLE,CISTS_01,NO,2026-01-08 02:08:43
CISADM,CI_TOS_CAN_RSN,XC712P0,UNIQUE,NORMAL,VALID,VISIBLE,CISTS_01,NO,2026-01-08 02:26:43
CISADM,CI_TOS_CAN_RSN_L,XC713P0,UNIQUE,NORMAL,VALID,VISIBLE,CISTS_01,NO,2026-01-08 02:26:09
CISADM,CI_TOS_CE,XM305P0,UNIQUE,NORMAL,VALID,VISIBLE,CISTS_01,NO,2026-01-08 02:12:47
CISADM,CI_TOS_CE,XM305S1,NONUNIQUE,NORMAL,VALID,VISIBLE,CISTS_01,NO,2026-01-08 02:12:47
CISADM,CI_TOS_CHAR,XM306P0,UNIQUE,NORMAL,VALID,VISIBLE,CISTS_01,NO,2026-01-08 02:15:06
CISADM,CI_TOS_CHAR,XM306S1,NONUNIQUE,NORMAL,VALID,VISIBLE,CISTS_01,NO,2026-01-08 02:15:07
CISADM,CI_TOS_K,XM320P0,UNIQUE,IOT - TOP,VALID,VISIBLE,CISTS_01,NO,2026-01-07 21:31:22
CISADM,CI_TOS_SA,XM308P0,UNIQUE,NORMAL,VALID,VISIBLE,CISTS_01,NO,2026-01-08 02:09:27
CISADM,CI_TOS_SA,XM308S1,NONUNIQUE,NORMAL,VALID,VISIBLE,CISTS_01,NO,2026-01-08 02:09:27
CISADM,CI_TOS_TYPE,XC717P0,UNIQUE,NORMAL,VALID,VISIBLE,CISTS_01,NO,2026-01-08 02:26:22
CISADM,CI_TOS_TYPE_CE,XC721P0,UNIQUE,NORMAL,VALID,VISIBLE,CISTS_01,NO,2026-01-08 02:26:43
CISADM,CI_TOS_TYPE_L,XC718P0,UNIQUE,NORMAL,VALID,VISIBLE,CISTS_01,NO,2026-01-08 02:25:50
CISADM,CI_TOU,XC260P0,UNIQUE,NORMAL,VALID,VISIBLE,CISTS_01,NO,2026-01-08 02:26:40
CISADM,CI_TOU_BF_VAL,XC279P0,UNIQUE,NORMAL,VALID,VISIBLE,CISTS_01,NO,2026-01-08 02:26:42
CISADM,CI_TOU_CONT_VAL,XM130P0,UNIQUE,NORMAL,VALID,VISIBLE,CISTS_01,NO,2026-01-08 02:09:13
CISADM,CI_TOU_DATA,XT236P0,UNIQUE,NORMAL,VALID,VISIBLE,CISTS_01,NO,2026-01-08 02:09:18
CISADM,CI_TOU_DATA_SET,XT235P0,UNIQUE,NORMAL,VALID,VISIBLE,CISTS_01,NO,2026-01-08 02:12:15
CISADM,CI_TOU_DATA_SET,XT235S1,UNIQUE,NORMAL,VALID,VISIBLE,CISTS_01,NO,2026-01-08 02:12:15
CISADM,CI_TOU_DATA_SET_K,XT550P0,UNIQUE,IOT - TOP,VALID,VISIBLE,CISTS_01,NO,2026-01-07 21:31:23
CISADM,CI_TOU_DS_EXC,XT237P0,UNIQUE,NORMAL,VALID,VISIBLE,CISTS_01,NO,2026-01-08 02:13:00
CISADM,CI_TOU_DS_EXP,XT238P0,UNIQUE,NORMAL,VALID,VISIBLE,CISTS_01,NO,2026-01-08 02:09:12
CISADM,CI_TOU_GRP,XC206P0,UNIQUE,NORMAL,VALID,VISIBLE,CISTS_01,NO,2026-01-08 02:25:50
CISADM,CI_TOU_GRP_L,XC207P0,UNIQUE,NORMAL,VALID,VISIBLE,CISTS_01,NO,2026-01-28 02:15:05
CISADM,CI_TOU_GRP_TOU,XC214P0,UNIQUE,NORMAL,VALID,VISIBLE,CISTS_01,NO,2026-01-08 02:25:54
CISADM,CI_TOU_L,XC586P0,UNIQUE,NORMAL,VALID,VISIBLE,CISTS_01,NO,2026-02-12 02:14:26
CISADM,CI_TOU_MAP,XM178P0,UNIQUE,NORMAL,VALID,VISIBLE,CISTS_01,NO,2026-01-08 02:15:14
CISADM,CI_TOU_MAP,XM178S1,UNIQUE,NORMAL,VALID,VISIBLE,CISTS_01,NO,2026-01-08 02:15:14
CISADM,CI_TOU_MAP,XM178S2,NONUNIQUE,NORMAL,VALID,VISIBLE,CISTS_01,NO,2026-01-08 02:15:14
CISADM,CI_TOU_MAP_K,XM520P0,UNIQUE,IOT - TOP,VALID,VISIBLE,CISTS_01,NO,2026-01-07 21:31:23
CISADM,CI_TOU_MAP_L,XM180P0,UNIQUE,NORMAL,VALID,VISIBLE,CISTS_01,NO,2026-01-08 02:13:44
CISADM,CI_TREND,XT261P0,UNIQUE,NORMAL,VALID,VISIBLE,CISTS_01,NO,2026-01-08 02:10:48
CISADM,CI_TREND,XT261S1,NONUNIQUE,NORMAL,VALID,VISIBLE,CISTS_01,NO,2026-01-08 02:10:48
CISADM,CI_TREND_AREA,XC262P0,UNIQUE,NORMAL,VALID,VISIBLE,CISTS_01,NO,2026-01-08 02:25:57
CISADM,CI_TREND_AREA_L,XC587P0,UNIQUE,NORMAL,VALID,VISIBLE,CISTS_01,NO,2026-01-08 02:26:28
CISADM,CI_TREND_CL,XC263P0,UNIQUE,NORMAL,VALID,VISIBLE,CISTS_01,NO,2026-01-08 02:26:10
CISADM,CI_TREND_CL_L,XC588P0,UNIQUE,NORMAL,VALID,VISIBLE,CISTS_01,NO,2026-01-08 02:26:29
CISADM,CI_TRG,XC982P0,UNIQUE,NORMAL,VALID,VISIBLE,CISTS_01,NO,2026-01-08 02:25:55
CISADM,CI_TRG,XC982S1,UNIQUE,NORMAL,VALID,VISIBLE,CISTS_01,NO,2026-01-08 02:25:55
CISADM,CI_TRG_FLD,XC983P0,UNIQUE,NORMAL,VALID,VISIBLE,CISTS_01,NO,2026-01-08 02:26:01
CISADM,CI_TST_COMP_TYP,XC158P0,UNIQUE,NORMAL,VALID,VISIBLE,CISTS_01,NO,2026-01-08 02:26:15
CISADM,CI_TST_COMP_TYP_L,XC046P0,UNIQUE,NORMAL,VALID,VISIBLE,CISTS_01,NO,2026-01-08 02:25:53
CISADM,CI_TST_RES_TYP,XC135P0,UNIQUE,NORMAL,VALID,VISIBLE,CISTS_01,NO,2026-01-08 02:26:00
CISADM,CI_TST_RES_TYP_L,XC050P0,UNIQUE,NORMAL,VALID,VISIBLE,CISTS_01,NO,2026-01-08 02:26:04
CISADM,CI_TURN_IN,XT020P0,UNIQUE,NORMAL,VALID,VISIBLE,CISTS_01,NO,2026-01-08 02:08:44
CISADM,CI_TURN_IN,XT020S1,NONUNIQUE,NORMAL,VALID,VISIBLE,CISTS_01,NO,2026-01-08 02:08:44
CISADM,CI_TURN_IN_K,XT551P0,UNIQUE,IOT - TOP,VALID,VISIBLE,CISTS_01,NO,2026-01-07 21:31:24
CISADM,CI_UA,XM309P0,UNIQUE,NORMAL,VALID,VISIBLE,CISTS_01,NO,2026-01-08 02:10:14
CISADM,CI_UA,XM309S1,NONUNIQUE,NORMAL,VALID,VISIBLE,CISTS_01,NO,2026-01-08 02:10:14
CISADM,CI_UA,XM309S2,NONUNIQUE,NORMAL,VALID,VISIBLE,CISTS_01,NO,2026-01-08 02:10:14
CISADM,CI_UATY_TOSTY,XC716P0,UNIQUE,NORMAL,VALID,VISIBLE,CISTS_01,NO,2026-01-08 02:26:38
CISADM,CI_UA_CHAR,XM310P0,UNIQUE,NORMAL,VALID,VISIBLE,CISTS_01,NO,2026-01-08 02:09:07
CISADM,CI_UA_CHAR,XM310S1,NONUNIQUE,NORMAL,VALID,VISIBLE,CISTS_01,NO,2026-01-08 02:09:07
CISADM,CI_UA_K,XM321P0,UNIQUE,IOT - TOP,VALID,VISIBLE,CISTS_01,NO,2026-01-07 21:31:24
CISADM,CI_UA_PER,XM311P0,UNIQUE,NORMAL,VALID,VISIBLE,CISTS_01,NO,2026-01-08 02:15:02
CISADM,CI_UA_TYPE,XC714P0,UNIQUE,NORMAL,VALID,VISIBLE,CISTS_01,NO,2026-01-08 02:25:50
CISADM,CI_UA_TYPE_ALG,XC722P0,UNIQUE,NORMAL,VALID,VISIBLE,CISTS_01,NO,2026-01-08 02:25:55
CISADM,CI_UA_TYPE_L,XC715P0,UNIQUE,NORMAL,VALID,VISIBLE,CISTS_01,NO,2026-01-08 02:25:57
CISADM,CI_UI_ZONE,XC686P0,UNIQUE,NORMAL,VALID,VISIBLE,CISTS_01,NO,2026-01-09 02:12:30
CISADM,CI_UOM,XC264P0,UNIQUE,NORMAL,VALID,VISIBLE,CISTS_01,NO,2026-01-09 02:12:20
CISADM,CI_UOM,XC264S1,NONUNIQUE,NORMAL,VALID,VISIBLE,CISTS_01,NO,2026-01-09 02:12:19
CISADM,CI_UOM_L,XC589P0,UNIQUE,NORMAL,VALID,VISIBLE,CISTS_01,NO,2026-01-09 02:12:21
CISADM,CI_USR_BOOKMARK,F1C674P0,UNIQUE,NORMAL,VALID,VISIBLE,CISTS_01,NO,2026-01-09 02:12:40
CISADM,CI_USR_GRP_SC,XC365P0,UNIQUE,NORMAL,VALID,VISIBLE,CISTS_01,NO,2026-01-09 02:12:16
CISADM,CI_USR_NAV_LINK,XC687P0,UNIQUE,NORMAL,VALID,VISIBLE,CISTS_01,NO,2026-01-09 02:12:13
CISADM,CI_USR_PORTAL,XC673P0,UNIQUE,NORMAL,VALID,VISIBLE,CISTS_01,NO,2026-01-17 22:11:34
CISADM,CI_USR_SCR,XC428P0,UNIQUE,NORMAL,VALID,VISIBLE,CISTS_01,NO,2026-01-09 02:12:32
CISADM,CI_USR_ZONE,XC674P0,UNIQUE,NORMAL,VALID,VISIBLE,CISTS_01,NO,2026-01-09 02:12:40
CISADM,CI_USR_ZONE_SAVE,F1C901P0,UNIQUE,NORMAL,VALID,VISIBLE,CISTS_01,NO,2026-01-09 02:12:21
CISADM,CI_UT_INSTL,XT695P0,UNIQUE,NORMAL,VALID,VISIBLE,CISTS_01,NO,2026-01-08 02:18:42
CISADM,CI_UT_INSTL_DTL,XT696P0,UNIQUE,NORMAL,VALID,VISIBLE,CISTS_01,NO,2026-01-08 02:18:45
CISADM,CI_UT_INSTL_DTL,XT696S1,NONUNIQUE,NORMAL,VALID,VISIBLE,CISTS_01,NO,2026-01-08 02:18:45
CISADM,CI_VAL_ERR,XT811P0,UNIQUE,NORMAL,VALID,VISIBLE,CISTS_01,NO,2026-01-08 02:13:43
CISADM,CI_VAL_FK_ERR,XT304P0,UNIQUE,NORMAL,VALID,VISIBLE,CISTS_01,NO,2026-01-08 02:15:52
CISADM,CI_VAL_FK_ERR,XT304S1,NONUNIQUE,NORMAL,VALID,VISIBLE,CISTS_01,NO,2026-01-08 02:15:52
CISADM,CI_VAL_SUB_SATY,XC347P0,UNIQUE,NORMAL,VALID,VISIBLE,CISTS_01,NO,2026-01-08 02:26:24
CISADM,CI_WFM,XC735P0,UNIQUE,NORMAL,VALID,VISIBLE,CISTS_01,NO,2026-02-27 02:13:22
CISADM,CI_WFM_L,XC736P0,UNIQUE,NORMAL,VALID,VISIBLE,CISTS_01,NO,2026-01-09 02:12:31
CISADM,CI_WFM_MSG,XC737P0,UNIQUE,NORMAL,VALID,VISIBLE,CISTS_01,NO,2026-01-08 02:26:25
CISADM,CI_WFM_OPT,XC738P0,UNIQUE,NORMAL,VALID,VISIBLE,CISTS_01,NO,2026-02-27 02:13:39
CISADM,CI_WF_EVT,XT042P0,UNIQUE,NORMAL,VALID,VISIBLE,CISTS_01,NO,2026-01-08 02:15:12
CISADM,CI_WF_EVT_CHAR,XT147P0,UNIQUE,NORMAL,VALID,VISIBLE,CISTS_01,NO,2026-01-08 02:09:04
CISADM,CI_WF_EVT_CTXT,XT043P0,UNIQUE,NORMAL,VALID,VISIBLE,CISTS_01,NO,2026-01-08 02:13:43
CISADM,CI_WF_EVT_CTXT,XT043S1,UNIQUE,NORMAL,VALID,VISIBLE,CISTS_01,NO,2026-01-08 02:13:43
CISADM,CI_WF_EVT_DEP,XT044P0,UNIQUE,NORMAL,VALID,VISIBLE,CISTS_01,NO,2026-01-08 02:08:59
CISADM,CI_WF_EVT_EXC,XT098P0,UNIQUE,NORMAL,VALID,VISIBLE,CISTS_01,NO,2026-01-08 02:12:45
CISADM,CI_WF_EVT_EXP,XT099P0,UNIQUE,NORMAL,VALID,VISIBLE,CISTS_01,NO,2026-01-08 02:14:56
CISADM,CI_WF_EVT_TYPE,XC140P0,UNIQUE,NORMAL,VALID,VISIBLE,CISTS_01,NO,2026-01-08 02:26:15
CISADM,CI_WF_EVT_TYPE_L,XC141P0,UNIQUE,NORMAL,VALID,VISIBLE,CISTS_01,NO,2026-01-08 02:26:32
CISADM,CI_WF_PP,XC127P0,UNIQUE,NORMAL,VALID,VISIBLE,CISTS_01,NO,2026-01-08 02:26:25
CISADM,CI_WF_PP_L,XC591P0,UNIQUE,NORMAL,VALID,VISIBLE,CISTS_01,NO,2026-01-08 02:25:58
CISADM,CI_WF_PP_NT,XC274P0,UNIQUE,NORMAL,VALID,VISIBLE,CISTS_01,NO,2026-01-08 02:25:57
CISADM,CI_WF_PP_NT_CRT,XC273P0,UNIQUE,NORMAL,VALID,VISIBLE,CISTS_01,NO,2026-01-08 02:26:04
CISADM,CI_WF_PROC,XT049P0,UNIQUE,NORMAL,VALID,VISIBLE,CISTS_01,NO,2026-01-08 02:15:01
CISADM,CI_WF_PROC,XT049S1,NONUNIQUE,NORMAL,VALID,VISIBLE,CISTS_01,NO,2026-01-08 02:15:01
CISADM,CI_WF_PROC_CHAR,XT146P0,UNIQUE,NORMAL,VALID,VISIBLE,CISTS_01,NO,2026-01-08 02:09:32
CISADM,CI_WF_PROC_CHAR,XT146S1,NONUNIQUE,NORMAL,VALID,VISIBLE,CISTS_01,NO,2026-01-08 02:09:32
CISADM,CI_WF_PROC_CTXT,XT052P0,UNIQUE,NORMAL,VALID,VISIBLE,CISTS_01,NO,2026-01-08 02:11:05
CISADM,CI_WF_PROC_CTXT,XT052S1,NONUNIQUE,NORMAL,VALID,VISIBLE,CISTS_01,NO,2026-01-08 02:11:05
CISADM,CI_WF_PROC_K,XT552P0,UNIQUE,IOT - TOP,VALID,VISIBLE,CISTS_01,NO,2026-01-07 21:31:26
CISADM,CI_WF_PROC_MSGP,XT308P0,UNIQUE,NORMAL,VALID,VISIBLE,CISTS_01,NO,2026-01-08 02:11:52
CISADM,CI_WF_PROC_SCHED,XC741P0,UNIQUE,NORMAL,VALID,VISIBLE,CISTS_01,NO,2026-01-08 02:26:39
CISADM,CI_WF_PROC_SCHED_K,XC742P0,UNIQUE,IOT - TOP,VALID,VISIBLE,CISTS_01,NO,2026-01-07 21:31:26
CISADM,CI_WF_PROC_TMPL,XC142P0,UNIQUE,NORMAL,VALID,VISIBLE,CISTS_01,NO,2026-01-08 02:25:56
CISADM,CI_WF_PROC_TMPL_L,XC143P0,UNIQUE,NORMAL,VALID,VISIBLE,CISTS_01,NO,2026-01-08 02:25:50
CISADM,CI_WF_RESP,XC602P0,UNIQUE,NORMAL,VALID,VISIBLE,CISTS_01,NO,2026-01-08 02:26:22
CISADM,CI_WF_RESP_DEP,XC604P0,UNIQUE,NORMAL,VALID,VISIBLE,CISTS_01,NO,2026-01-08 02:26:00
CISADM,CI_WO_CNTL,XC144P0,UNIQUE,NORMAL,VALID,VISIBLE,CISTS_01,NO,2026-02-27 02:15:24
CISADM,CI_WO_CNTL_L,XC145P0,UNIQUE,NORMAL,VALID,VISIBLE,CISTS_01,NO,2026-02-27 02:15:24
CISADM,CI_WO_CRIT,XC146P0,UNIQUE,NORMAL,VALID,VISIBLE,CISTS_01,NO,2026-01-08 02:25:58
CISADM,CI_WO_DEBT_CL,XC147P0,UNIQUE,NORMAL,VALID,VISIBLE,CISTS_01,NO,2026-01-20 02:18:25
CISADM,CI_WO_DEBT_CL_L,XC148P0,UNIQUE,NORMAL,VALID,VISIBLE,CISTS_01,NO,2026-01-20 02:18:24
CISADM,CI_WO_EVT,XT059P0,UNIQUE,NORMAL,VALID,VISIBLE,CISTS_01,NO,2026-02-27 02:15:27
CISADM,CI_WO_EVT_CC,XT060P0,UNIQUE,NORMAL,VALID,VISIBLE,CISTS_01,NO,2026-02-27 02:15:25
CISADM,CI_WO_EVT_CC,XT060S1,NONUNIQUE,NORMAL,VALID,VISIBLE,CISTS_01,NO,2026-02-27 02:15:25
CISADM,CI_WO_EVT_TYP,XC150P0,UNIQUE,NORMAL,VALID,VISIBLE,CISTS_01,NO,2026-01-16 02:05:29
CISADM,CI_WO_EVT_TYP_L,XC153P0,UNIQUE,NORMAL,VALID,VISIBLE,CISTS_01,NO,2026-01-16 02:05:29
CISADM,CI_WO_PROC,XT061P0,UNIQUE,NORMAL,VALID,VISIBLE,CISTS_01,NO,2026-02-27 02:15:26
CISADM,CI_WO_PROC,XT061S1,NONUNIQUE,NORMAL,VALID,VISIBLE,CISTS_01,NO,2026-02-27 02:15:26
CISADM,CI_WO_PROC_K,XT553P0,UNIQUE,IOT - TOP,VALID,VISIBLE,CISTS_01,NO,2026-01-08 02:18:41
CISADM,CI_WO_PROC_SA,XT062P0,UNIQUE,NORMAL,VALID,VISIBLE,CISTS_01,NO,2026-01-09 02:12:56
CISADM,CI_WO_PROC_SA,XT062S1,NONUNIQUE,NORMAL,VALID,VISIBLE,CISTS_01,NO,2026-01-09 02:12:56
CISADM,CI_WO_PROC_TMPL,XC154P0,UNIQUE,NORMAL,VALID,VISIBLE,CISTS_01,NO,2026-02-27 02:15:23
CISADM,CI_WO_PROC_TMPL_L,XC156P0,UNIQUE,NORMAL,VALID,VISIBLE,CISTS_01,NO,2026-01-16 02:05:25
CISADM,CI_WO_RESP,XC601P0,UNIQUE,NORMAL,VALID,VISIBLE,CISTS_01,NO,2026-02-27 02:15:23
CISADM,CI_XAI_ADAPTER,XC953P0,UNIQUE,NORMAL,VALID,VISIBLE,CISTS_01,NO,2026-02-21 22:16:50
CISADM,CI_XAI_ADAPTER_L,XC954P0,UNIQUE,NORMAL,VALID,VISIBLE,CISTS_01,NO,2026-01-08 02:26:36
CISADM,CI_XAI_CLASS,XC972P0,UNIQUE,NORMAL,VALID,VISIBLE,CISTS_01,NO,2026-02-21 22:16:50
CISADM,CI_XAI_CLASS_L,XC973P0,UNIQUE,NORMAL,VALID,VISIBLE,CISTS_01,NO,2026-01-08 02:26:35
CISADM,CI_XAI_DWN,XT400P0,UNIQUE,NORMAL,VALID,VISIBLE,CISTS_01,NO,2026-01-08 02:15:01
CISADM,CI_XAI_DWN_EXC,XT090P0,UNIQUE,NORMAL,VALID,VISIBLE,CISTS_01,NO,2026-01-08 02:13:12
CISADM,CI_XAI_DWN_EXP,XT092P0,UNIQUE,NORMAL,VALID,VISIBLE,CISTS_01,NO,2026-01-08 02:09:35
CISADM,CI_XAI_ENV_HNDL,XC957P0,UNIQUE,NORMAL,VALID,VISIBLE,CISTS_01,NO,2026-01-08 02:26:22
CISADM,CI_XAI_ENV_HNDL_L,XC955P0,UNIQUE,NORMAL,VALID,VISIBLE,CISTS_01,NO,2026-01-08 02:25:50
CISADM,CI_XAI_EXECUTER,XC958P0,UNIQUE,NORMAL,VALID,VISIBLE,CISTS_01,NO,2026-01-08 02:26:37
CISADM,CI_XAI_EXECUTER_L,XC949P0,UNIQUE,NORMAL,VALID,VISIBLE,CISTS_01,NO,2026-01-08 02:25:55
CISADM,CI_XAI_FORMAT,XC959P0,UNIQUE,NORMAL,VALID,VISIBLE,CISTS_01,NO,2026-01-08 02:26:22
CISADM,CI_XAI_FORMAT_L,XC960P0,UNIQUE,NORMAL,VALID,VISIBLE,CISTS_01,NO,2026-01-08 02:26:08
CISADM,CI_XAI_IN_SVC,XC951P0,UNIQUE,NORMAL,VALID,VISIBLE,CISTS_01,NO,2026-02-21 22:16:51
CISADM,CI_XAI_IN_SVC,XC951S1,UNIQUE,NORMAL,VALID,VISIBLE,CISTS_01,NO,2026-02-21 22:16:51
CISADM,CI_XAI_IN_SVC_L,XC952P0,UNIQUE,NORMAL,VALID,VISIBLE,CISTS_01,NO,2026-02-21 22:16:50
CISADM,CI_XAI_JDBC_CON,XC974P0,UNIQUE,NORMAL,VALID,VISIBLE,CISTS_01,NO,2026-01-08 02:26:14
CISADM,CI_XAI_JDBC_CON_L,XC975P0,UNIQUE,NORMAL,VALID,VISIBLE,CISTS_01,NO,2026-01-08 02:26:08
CISADM,CI_XAI_JMS_CON,XC976P0,UNIQUE,NORMAL,VALID,VISIBLE,CISTS_01,NO,2026-01-08 02:26:09
CISADM,CI_XAI_JMS_CON_L,XC948P0,UNIQUE,NORMAL,VALID,VISIBLE,CISTS_01,NO,2026-01-08 02:26:42
CISADM,CI_XAI_JMS_Q,XC966P0,UNIQUE,NORMAL,VALID,VISIBLE,CISTS_01,NO,2026-01-08 02:26:37
CISADM,CI_XAI_JMS_Q_L,XC967P0,UNIQUE,NORMAL,VALID,VISIBLE,CISTS_01,NO,2026-01-08 02:26:30
CISADM,CI_XAI_JMS_TPC,XC962P0,UNIQUE,NORMAL,VALID,VISIBLE,CISTS_01,NO,2026-01-08 02:26:36
CISADM,CI_XAI_JMS_TPC_L,XC963P0,UNIQUE,NORMAL,VALID,VISIBLE,CISTS_01,NO,2026-01-08 02:26:41
CISADM,CI_XAI_JNDI_SVR,XC961P0,UNIQUE,NORMAL,VALID,VISIBLE,CISTS_01,NO,2026-01-08 02:25:50
CISADM,CI_XAI_JNDI_SVR_L,XC964P0,UNIQUE,NORMAL,VALID,VISIBLE,CISTS_01,NO,2026-01-08 02:26:27
CISADM,CI_XAI_OPTION,XC950P0,UNIQUE,NORMAL,VALID,VISIBLE,CISTS_01,NO,2026-01-09 02:12:23
CISADM,CI_XAI_RCVR,XC965P0,UNIQUE,NORMAL,VALID,VISIBLE,CISTS_01,NO,2026-01-08 02:25:51
CISADM,CI_XAI_RCVR_CTX,XC981P0,UNIQUE,NORMAL,VALID,VISIBLE,CISTS_01,NO,2026-01-08 02:25:59
CISADM,CI_XAI_RCVR_L,XC899P0,UNIQUE,NORMAL,VALID,VISIBLE,CISTS_01,NO,2026-01-08 02:25:56
CISADM,CI_XAI_RCVR_RGRP,XC720P0,UNIQUE,NORMAL,VALID,VISIBLE,CISTS_01,NO,2026-01-08 02:26:40
CISADM,CI_XAI_RCVR_RSP,XC969P0,UNIQUE,NORMAL,VALID,VISIBLE,CISTS_01,NO,2026-01-08 02:26:00
CISADM,CI_XAI_RGRP,XC700P0,UNIQUE,NORMAL,VALID,VISIBLE,CISTS_01,NO,2026-01-08 02:26:25
CISADM,CI_XAI_RGRP_ATT,XC707P0,UNIQUE,NORMAL,VALID,VISIBLE,CISTS_01,NO,2026-01-08 02:25:50
CISADM,CI_XAI_RGRP_L,XC701P0,UNIQUE,NORMAL,VALID,VISIBLE,CISTS_01,NO,2026-01-08 02:26:04
CISADM,CI_XAI_ROUTING,XC996P0,UNIQUE,NORMAL,VALID,VISIBLE,CISTS_01,NO,2026-01-08 02:26:43
CISADM,CI_XAI_RT_TYPE,XC998P0,UNIQUE,NORMAL,VALID,VISIBLE,CISTS_01,NO,2026-01-08 02:26:18
CISADM,CI_XAI_RT_TYPE_L,XC997P0,UNIQUE,NORMAL,VALID,VISIBLE,CISTS_01,NO,2026-01-08 02:26:38
CISADM,CI_XAI_RULE,XC705P0,UNIQUE,NORMAL,VALID,VISIBLE,CISTS_01,NO,2026-01-08 02:26:39
CISADM,CI_XAI_SENDER,XC968P0,UNIQUE,NORMAL,VALID,VISIBLE,CISTS_01,NO,2026-02-13 02:16:57
CISADM,CI_XAI_SENDER_L,XC971P0,UNIQUE,NORMAL,VALID,VISIBLE,CISTS_01,NO,2026-01-08 02:25:58
CISADM,CI_XAI_SNDR_CTX,XC995P0,UNIQUE,NORMAL,VALID,VISIBLE,CISTS_01,NO,2026-02-13 02:16:57
CISADM,CI_XAI_SVC_PARM,XC970P0,UNIQUE,NORMAL,VALID,VISIBLE,CISTS_01,NO,2026-01-08 02:25:50
CISADM,CI_XML_STGCTL_P,XT977P0,UNIQUE,NORMAL,VALID,VISIBLE,CISTS_01,NO,2026-01-08 02:09:52
CISADM,CI_XML_STGUP,XT813P0,UNIQUE,NORMAL,VALID,VISIBLE,CISTS_01,NO,2026-01-08 02:14:45
CISADM,CI_XML_STGUP,XT813S0,NONUNIQUE,NORMAL,VALID,VISIBLE,CISTS_01,NO,2026-01-08 02:14:44
CISADM,CI_XML_STGUP,XT813S1,NONUNIQUE,NORMAL,VALID,VISIBLE,CISTS_01,NO,2026-01-08 02:14:44
CISADM,CI_XML_STGUPEXP,XT812P0,UNIQUE,NORMAL,VALID,VISIBLE,CISTS_01,NO,2026-01-08 02:10:18
CISADM,CI_XML_STGUP_EX,XT814P0,UNIQUE,NORMAL,VALID,VISIBLE,CISTS_01,NO,2026-01-08 02:11:12
CISADM,CI_XML_STG_CTL,XT815P0,UNIQUE,NORMAL,VALID,VISIBLE,CISTS_01,NO,2026-01-08 02:09:44
CISADM,CI_XML_STG_CTL,XT815S1,NONUNIQUE,NORMAL,VALID,VISIBLE,CISTS_01,NO,2026-01-08 02:09:44
CISADM,CI_ZONE,XC675P0,UNIQUE,NORMAL,VALID,VISIBLE,CISTS_01,NO,2026-01-09 02:13:01
CISADM,CI_ZONE_HDL,XC676P0,UNIQUE,NORMAL,VALID,VISIBLE,CISTS_01,NO,2026-01-09 02:12:15
CISADM,CI_ZONE_HDL_L,XC677P0,UNIQUE,NORMAL,VALID,VISIBLE,CISTS_01,NO,2026-01-13 02:15:05
CISADM,CI_ZONE_HDL_PRM,XC678P0,UNIQUE,NORMAL,VALID,VISIBLE,CISTS_01,NO,2026-01-09 02:12:43
CISADM,CI_ZONE_HDL_PRM_L,XC679P0,UNIQUE,NORMAL,VALID,VISIBLE,CISTS_01,NO,2026-01-13 02:15:06
CISADM,CI_ZONE_L,XC680P0,UNIQUE,NORMAL,VALID,VISIBLE,CISTS_01,NO,2026-01-09 02:12:58
CISADM,CI_ZONE_PRM,XC681P0,UNIQUE,NORMAL,VALID,VISIBLE,CISTS_01,NO,2026-01-09 02:19:09
CISADM,CMS_SA_SNAPSHOT,PK_CMS_SA_SNAPSHOT,UNIQUE,NORMAL,VALID,VISIBLE,CISTS_01,NO,2026-02-17 02:19:59
CISADM,D1_ACTIVITY,D1T319P0,UNIQUE,NORMAL,VALID,VISIBLE,CISTS_01,NO,2026-02-21 22:17:05
CISADM,D1_ACTIVITY,D1T319S0,UNIQUE,NORMAL,VALID,VISIBLE,CISTS_01,NO,2026-02-21 22:17:05
CISADM,D1_ACTIVITY_ADJ_TYPE,D1C607P0,UNIQUE,NORMAL,VALID,VISIBLE,CISTS_01,NO,2026-01-08 02:26:41
CISADM,D1_ACTIVITY_CHAR,D1T320P0,UNIQUE,NORMAL,VALID,VISIBLE,CISTS_01,NO,2026-01-17 22:11:43
CISADM,D1_ACTIVITY_CHAR,D1T320S0,NONUNIQUE,NORMAL,VALID,VISIBLE,CISTS_01,NO,2026-01-17 22:11:43
CISADM,D1_ACTIVITY_IDENTIFIER,D1T330P0,UNIQUE,NORMAL,VALID,VISIBLE,CISTS_01,NO,2026-01-16 02:06:04
CISADM,D1_ACTIVITY_IDENTIFIER,D1T330S0,NONUNIQUE,NORMAL,VALID,VISIBLE,CISTS_01,NO,2026-01-16 02:06:04
CISADM,D1_ACTIVITY_IDENTIFIER,D1T330S1,NONUNIQUE,FUNCTION-BASED NORMAL,VALID,VISIBLE,CISTS_01,NO,2026-01-16 02:06:03
CISADM,D1_ACTIVITY_K,D1T328P0,UNIQUE,IOT - TOP,VALID,VISIBLE,CISTS_01,NO,2026-01-08 02:21:55
CISADM,D1_ACTIVITY_LOG,D1T321P0,UNIQUE,NORMAL,VALID,VISIBLE,CISTS_01,NO,2026-01-16 02:10:31
CISADM,D1_ACTIVITY_LOG,D1T321S1,NONUNIQUE,NORMAL,VALID,VISIBLE,CISTS_01,NO,2026-01-16 02:10:26
CISADM,D1_ACTIVITY_LOG,D1T321S2,NONUNIQUE,NORMAL,VALID,VISIBLE,CISTS_01,NO,2026-01-16 02:10:29
CISADM,D1_ACTIVITY_LOG_PARM,D1T322P0,UNIQUE,NORMAL,VALID,VISIBLE,CISTS_01,NO,2026-01-16 02:07:37
CISADM,D1_ACTIVITY_REL,D1T323P0,UNIQUE,NORMAL,VALID,VISIBLE,CISTS_01,NO,2026-01-16 02:06:06
CISADM,D1_ACTIVITY_REL,D1T323S0,NONUNIQUE,NORMAL,VALID,VISIBLE,CISTS_01,NO,2026-01-16 02:06:06
CISADM,D1_ACTIVITY_REL_OBJ,D1T324P0,UNIQUE,NORMAL,VALID,VISIBLE,CISTS_01,NO,2026-01-27 02:22:33
CISADM,D1_ACTIVITY_REL_OBJ,D1T324S0,NONUNIQUE,NORMAL,VALID,VISIBLE,CISTS_01,NO,2026-01-27 02:22:36
CISADM,D1_ACTIVITY_STAT_MV,D1T432P0,UNIQUE,NORMAL,VALID,VISIBLE,CISTS_01,NO,2026-01-08 02:18:52
CISADM,D1_ACTIVITY_TYPE,D1C325P0,UNIQUE,NORMAL,VALID,VISIBLE,CISTS_01,NO,2026-01-16 02:05:28
CISADM,D1_ACTIVITY_TYPE_CHAR,D1C327P0,UNIQUE,NORMAL,VALID,VISIBLE,CISTS_01,NO,2026-01-08 02:26:00
CISADM,D1_ACTIVITY_TYPE_CHAR,D1C327S0,NONUNIQUE,NORMAL,VALID,VISIBLE,CISTS_01,NO,2026-01-08 02:26:00
CISADM,D1_ACTIVITY_TYPE_DIV,D1C636P0,UNIQUE,NORMAL,VALID,VISIBLE,CISTS_01,NO,2026-01-08 02:26:11
CISADM,D1_ACTIVITY_TYPE_FLD_TASK_TYPE,D1C631P0,UNIQUE,NORMAL,VALID,VISIBLE,CISTS_01,NO,2026-01-16 02:05:30
CISADM,D1_ACTIVITY_TYPE_L,D1C326P0,UNIQUE,NORMAL,VALID,VISIBLE,CISTS_01,NO,2026-01-16 02:05:26
CISADM,D1_ADS,D1T589P0,UNIQUE,NORMAL,VALID,VISIBLE,CISTS_01,NO,2026-01-08 02:09:12
CISADM,D1_ADS_IDENTIFIER,D1T590P0,UNIQUE,NORMAL,VALID,VISIBLE,CISTS_01,NO,2026-01-08 02:11:09
CISADM,D1_ADS_K,D1T591P0,UNIQUE,IOT - TOP,VALID,VISIBLE,CISTS_01,NO,2026-01-07 21:31:57
CISADM,D1_ADS_LOG,D1T592P0,UNIQUE,NORMAL,VALID,VISIBLE,CISTS_01,NO,2026-01-08 02:14:44
CISADM,D1_ADS_LOG_PARM,D1T593P0,UNIQUE,NORMAL,VALID,VISIBLE,CISTS_01,NO,2026-01-08 02:12:41
CISADM,D1_ADS_TYPE,D1C587P0,UNIQUE,NORMAL,VALID,VISIBLE,CISTS_01,NO,2026-01-08 02:25:57
CISADM,D1_ADS_TYPE_L,D1C588P0,UNIQUE,NORMAL,VALID,VISIBLE,CISTS_01,NO,2026-01-08 02:26:01
CISADM,D1_AGG_GROUP,D1C458P0,UNIQUE,NORMAL,VALID,VISIBLE,CISTS_01,NO,2026-01-08 02:26:01
CISADM,D1_AGG_GROUP_CHAR,D1C460P0,UNIQUE,NORMAL,VALID,VISIBLE,CISTS_01,NO,2026-01-08 02:26:40
CISADM,D1_AGG_GROUP_CHAR,D1C460S1,NONUNIQUE,NORMAL,VALID,VISIBLE,CISTS_01,NO,2026-01-08 02:26:40
CISADM,D1_AGG_GROUP_L,D1C459P0,UNIQUE,NORMAL,VALID,VISIBLE,CISTS_01,NO,2026-01-08 02:26:42
CISADM,D1_AGG_GROUP_LOG,D1C461P0,UNIQUE,NORMAL,VALID,VISIBLE,CISTS_01,NO,2026-01-08 02:26:20
CISADM,D1_AGG_GROUP_LOG_PARM,D1C462P0,UNIQUE,NORMAL,VALID,VISIBLE,CISTS_01,NO,2026-01-08 02:26:05
CISADM,D1_AGG_GROUP_RUN,D1T501P0,UNIQUE,NORMAL,VALID,VISIBLE,CISTS_01,NO,2026-01-08 02:11:08
CISADM,D1_AGG_GROUP_RUN_MC_SET,D1T502P0,UNIQUE,NORMAL,VALID,VISIBLE,CISTS_01,NO,2026-01-08 02:15:23
CISADM,D1_AGG_MSRMT,D1T447P0,UNIQUE,NORMAL,VALID,VISIBLE,CISTS_01,NO,2026-01-08 02:13:13
CISADM,D1_ATTR_GRP,D1C596P0,UNIQUE,NORMAL,VALID,VISIBLE,CISTS_01,NO,2026-01-08 02:25:58
CISADM,D1_ATTR_GRP_CHAR,D1C598P0,UNIQUE,NORMAL,VALID,VISIBLE,CISTS_01,NO,2026-01-08 02:26:34
CISADM,D1_ATTR_GRP_L,D1C597P0,UNIQUE,NORMAL,VALID,VISIBLE,CISTS_01,NO,2026-01-08 02:25:50
CISADM,D1_ATTR_VAL,D1T599P0,UNIQUE,NORMAL,VALID,VISIBLE,CISTS_01,NO,2026-01-08 02:11:16
CISADM,D1_ATTR_VAL_K,D1T600P0,UNIQUE,IOT - TOP,VALID,VISIBLE,CISTS_01,NO,2026-01-07 21:31:58
CISADM,D1_ATTR_VAL_LOG,D1T601P0,UNIQUE,NORMAL,VALID,VISIBLE,CISTS_01,NO,2026-01-08 02:11:33
CISADM,D1_ATTR_VAL_LOG_PARM,D1T602P0,UNIQUE,NORMAL,VALID,VISIBLE,CISTS_01,NO,2026-01-08 02:10:43
CISADM,D1_BILL_CYC,D1T449P0,UNIQUE,NORMAL,VALID,VISIBLE,CISTS_01,NO,2026-02-13 02:15:39
CISADM,D1_BILL_CYC_CHAR,D1T451P0,UNIQUE,NORMAL,VALID,VISIBLE,CISTS_01,NO,2026-01-08 02:26:06
CISADM,D1_BILL_CYC_CHAR,D1T451S1,NONUNIQUE,NORMAL,VALID,VISIBLE,CISTS_01,NO,2026-01-08 02:26:06
CISADM,D1_BILL_CYC_L,D1T450P0,UNIQUE,NORMAL,VALID,VISIBLE,CISTS_01,NO,2026-02-13 02:15:39
CISADM,D1_BILL_CYC_SCH,D1T452P0,UNIQUE,NORMAL,VALID,VISIBLE,CISTS_01,NO,2026-02-13 02:15:46
CISADM,D1_COMMAND_SET,D1T454P0,UNIQUE,NORMAL,VALID,VISIBLE,CISTS_01,NO,2026-01-08 02:26:04
CISADM,D1_COMMAND_SET_BUS_OBJ,D1T457P0,UNIQUE,NORMAL,VALID,VISIBLE,CISTS_01,NO,2026-01-08 02:26:18
CISADM,D1_COMMAND_SET_CHAR,D1T456P0,UNIQUE,NORMAL,VALID,VISIBLE,CISTS_01,NO,2026-01-08 02:26:05
CISADM,D1_COMMAND_SET_CHAR,D1T456S1,NONUNIQUE,NORMAL,VALID,VISIBLE,CISTS_01,NO,2026-01-08 02:26:05
CISADM,D1_COMMAND_SET_L,D1T455P0,UNIQUE,NORMAL,VALID,VISIBLE,CISTS_01,NO,2026-01-08 02:25:54
CISADM,D1_COMM_IN,D1T386P0,UNIQUE,NORMAL,VALID,VISIBLE,CISTS_01,NO,2026-01-16 02:05:54
CISADM,D1_COMM_IN_CHAR,D1T387P0,UNIQUE,NORMAL,VALID,VISIBLE,CISTS_01,NO,2026-01-08 02:17:50
CISADM,D1_COMM_IN_CHAR,D1T387S0,NONUNIQUE,NORMAL,VALID,VISIBLE,CISTS_01,NO,2026-01-08 02:17:50
CISADM,D1_COMM_IN_IDENTIFIER,D1T391P0,UNIQUE,NORMAL,VALID,VISIBLE,CISTS_01,NO,2026-01-08 02:19:17
CISADM,D1_COMM_IN_IDENTIFIER,D1T391S0,NONUNIQUE,NORMAL,VALID,VISIBLE,CISTS_01,NO,2026-01-08 02:19:17
CISADM,D1_COMM_IN_IDENTIFIER,D1T391S1,NONUNIQUE,FUNCTION-BASED NORMAL,VALID,VISIBLE,CISTS_01,NO,2026-01-08 02:19:17
CISADM,D1_COMM_IN_K,D1T410P0,UNIQUE,IOT - TOP,VALID,VISIBLE,CISTS_01,NO,2026-01-08 02:18:57
CISADM,D1_COMM_IN_LOG,D1T388P0,UNIQUE,NORMAL,VALID,VISIBLE,CISTS_01,NO,2026-01-08 02:21:29
CISADM,D1_COMM_IN_LOG,D1T388S1,NONUNIQUE,NORMAL,VALID,VISIBLE,CISTS_01,NO,2026-01-08 02:21:30
CISADM,D1_COMM_IN_LOG,D1T388S2,NONUNIQUE,NORMAL,VALID,VISIBLE,CISTS_01,NO,2026-01-08 02:21:31
CISADM,D1_COMM_IN_LOG_PARM,D1T389P0,UNIQUE,NORMAL,VALID,VISIBLE,CISTS_01,NO,2026-01-08 02:19:58
CISADM,D1_COMM_IN_REL_OBJ,D1T390P0,UNIQUE,NORMAL,VALID,VISIBLE,CISTS_01,NO,2026-01-16 02:06:01
CISADM,D1_COMM_IN_REL_OBJ,D1T390S0,NONUNIQUE,NORMAL,VALID,VISIBLE,CISTS_01,NO,2026-01-16 02:06:01
CISADM,D1_COMM_OUT,D1T380P0,UNIQUE,NORMAL,VALID,VISIBLE,CISTS_01,NO,2026-02-27 02:13:29
CISADM,D1_COMM_OUT_CHAR,D1T381P0,UNIQUE,NORMAL,VALID,VISIBLE,CISTS_01,NO,2026-01-08 02:09:32
CISADM,D1_COMM_OUT_CHAR,D1T381S0,NONUNIQUE,NORMAL,VALID,VISIBLE,CISTS_01,NO,2026-01-08 02:09:31
CISADM,D1_COMM_OUT_IDENTIFIER,D1T385P0,UNIQUE,NORMAL,VALID,VISIBLE,CISTS_01,NO,2026-01-16 02:05:44
CISADM,D1_COMM_OUT_IDENTIFIER,D1T385S0,NONUNIQUE,NORMAL,VALID,VISIBLE,CISTS_01,NO,2026-01-16 02:05:44
CISADM,D1_COMM_OUT_IDENTIFIER,D1T385S1,NONUNIQUE,FUNCTION-BASED NORMAL,VALID,VISIBLE,CISTS_01,NO,2026-01-16 02:05:45
CISADM,D1_COMM_OUT_K,D1T411P0,UNIQUE,IOT - TOP,VALID,VISIBLE,CISTS_01,NO,2026-01-08 02:19:07
CISADM,D1_COMM_OUT_LOG,D1T382P0,UNIQUE,NORMAL,VALID,VISIBLE,CISTS_01,NO,2026-01-16 02:07:01
CISADM,D1_COMM_OUT_LOG,D1T382S1,NONUNIQUE,NORMAL,VALID,VISIBLE,CISTS_01,NO,2026-01-16 02:07:00
CISADM,D1_COMM_OUT_LOG,D1T382S2,NONUNIQUE,NORMAL,VALID,VISIBLE,CISTS_01,NO,2026-01-16 02:07:01
CISADM,D1_COMM_OUT_LOG_PARM,D1T383P0,UNIQUE,NORMAL,VALID,VISIBLE,CISTS_01,NO,2026-01-16 02:06:15
CISADM,D1_COMM_OUT_REL_OBJ,D1T384P0,UNIQUE,NORMAL,VALID,VISIBLE,CISTS_01,NO,2026-01-16 02:06:20
CISADM,D1_COMM_OUT_REL_OBJ,D1T384S0,NONUNIQUE,NORMAL,VALID,VISIBLE,CISTS_01,NO,2026-01-16 02:06:19
CISADM,D1_COMM_TYPE,D1C359P0,UNIQUE,NORMAL,VALID,VISIBLE,CISTS_01,NO,2026-01-16 02:05:26
CISADM,D1_COMM_TYPE_CHAR,D1C361P0,UNIQUE,NORMAL,VALID,VISIBLE,CISTS_01,NO,2026-01-08 02:25:57
CISADM,D1_COMM_TYPE_CHAR,D1C361S1,NONUNIQUE,NORMAL,VALID,VISIBLE,CISTS_01,NO,2026-01-08 02:25:57
CISADM,D1_COMM_TYPE_L,D1C360P0,UNIQUE,NORMAL,VALID,VISIBLE,CISTS_01,NO,2026-01-16 02:05:29
CISADM,D1_COMPL_EVT,D1T340P0,UNIQUE,NORMAL,VALID,VISIBLE,CISTS_01,NO,2026-01-16 02:06:56
CISADM,D1_COMPL_EVT,D1T340S0,NONUNIQUE,NORMAL,VALID,VISIBLE,CISTS_01,NO,2026-01-16 02:06:56
CISADM,D1_COMPL_EVT_CHAR,D1T341P0,UNIQUE,NORMAL,VALID,VISIBLE,CISTS_01,NO,2026-01-08 02:14:34
CISADM,D1_COMPL_EVT_CHAR,D1T341S1,NONUNIQUE,NORMAL,VALID,VISIBLE,CISTS_01,NO,2026-01-08 02:14:35
CISADM,D1_COMPL_EVT_K,D1T416P0,UNIQUE,IOT - TOP,VALID,VISIBLE,CISTS_01,NO,2026-01-08 02:18:59
CISADM,D1_COMPL_EVT_LOG,D1T342P0,UNIQUE,NORMAL,VALID,VISIBLE,CISTS_01,NO,2026-01-08 02:20:20
CISADM,D1_COMPL_EVT_LOG,D1T342S1,NONUNIQUE,NORMAL,VALID,VISIBLE,CISTS_01,NO,2026-01-08 02:20:21
CISADM,D1_COMPL_EVT_LOG,D1T342S2,NONUNIQUE,NORMAL,VALID,VISIBLE,CISTS_01,NO,2026-01-08 02:20:20
CISADM,D1_COMPL_EVT_LOG_PARM,D1T343P0,UNIQUE,NORMAL,VALID,VISIBLE,CISTS_01,NO,2026-01-08 02:19:28
CISADM,D1_COMPL_EVT_REL_OBJ,D1T344P0,UNIQUE,NORMAL,VALID,VISIBLE,CISTS_01,NO,2026-01-08 02:18:09
CISADM,D1_COMPL_EVT_REL_OBJ,D1T344S0,NONUNIQUE,NORMAL,VALID,VISIBLE,CISTS_01,NO,2026-01-08 02:18:09
CISADM,D1_CONS_EXT_TYPE,D1C410P0,UNIQUE,NORMAL,VALID,VISIBLE,CISTS_01,NO,2026-01-08 02:25:49
CISADM,D1_CONS_EXT_TYPE,D1C410S0,NONUNIQUE,NORMAL,VALID,VISIBLE,CISTS_01,NO,2026-01-08 02:25:49
CISADM,D1_CONS_EXT_TYPE,D1C410S1,NONUNIQUE,NORMAL,VALID,VISIBLE,CISTS_01,NO,2026-01-08 02:25:49
CISADM,D1_CONS_EXT_TYPE_ALG,D1C414P0,UNIQUE,NORMAL,VALID,VISIBLE,CISTS_01,NO,2026-01-08 02:25:50
CISADM,D1_CONS_EXT_TYPE_CHAR,D1C412P0,UNIQUE,NORMAL,VALID,VISIBLE,CISTS_01,NO,2026-01-08 02:26:13
CISADM,D1_CONS_EXT_TYPE_CHAR,D1C412S1,NONUNIQUE,NORMAL,VALID,VISIBLE,CISTS_01,NO,2026-01-08 02:26:13
CISADM,D1_CONS_EXT_TYPE_IRR_DATA_MAP,D1C617P0,UNIQUE,NORMAL,VALID,VISIBLE,CISTS_01,NO,2026-01-08 02:26:39
CISADM,D1_CONS_EXT_TYPE_L,D1C411P0,UNIQUE,NORMAL,VALID,VISIBLE,CISTS_01,NO,2026-01-08 02:26:08
CISADM,D1_CONS_EXT_TYPE_MDS_TYPE,D1C619P0,UNIQUE,NORMAL,VALID,VISIBLE,CISTS_01,NO,2026-01-08 02:26:26
CISADM,D1_CONS_EXT_TYPE_SP_TYPE,D1C413P0,UNIQUE,NORMAL,VALID,VISIBLE,CISTS_01,NO,2026-01-08 02:26:35
CISADM,D1_CONS_EXT_TYPE_SP_TYPE,D1C413S0,NONUNIQUE,NORMAL,VALID,VISIBLE,CISTS_01,NO,2026-01-08 02:26:35
CISADM,D1_CONS_EXT_TYPE_US_TYPE,D1C618P0,UNIQUE,NORMAL,VALID,VISIBLE,CISTS_01,NO,2026-01-08 02:26:11
CISADM,D1_CONTACT,D1C180P0,UNIQUE,NORMAL,VALID,VISIBLE,CISTS_01,NO,2026-02-13 02:17:12
CISADM,D1_CONTACT_CHAR,D1C181P0,UNIQUE,NORMAL,VALID,VISIBLE,CISTS_01,NO,2026-01-08 02:13:40
CISADM,D1_CONTACT_CHAR,D1C181S1,NONUNIQUE,NORMAL,VALID,VISIBLE,CISTS_01,NO,2026-01-08 02:13:40
CISADM,D1_CONTACT_EMAIL,D1M185P0,UNIQUE,NORMAL,VALID,VISIBLE,CISTS_01,NO,2026-01-16 02:05:35
CISADM,D1_CONTACT_IDENTIFIER,D1C183P0,UNIQUE,NORMAL,VALID,VISIBLE,CISTS_01,NO,2026-01-09 02:13:15
CISADM,D1_CONTACT_IDENTIFIER,D1C183S0,NONUNIQUE,NORMAL,VALID,VISIBLE,CISTS_01,NO,2026-01-09 02:13:14
CISADM,D1_CONTACT_IDENTIFIER,D1C183S1,NONUNIQUE,FUNCTION-BASED NORMAL,VALID,VISIBLE,CISTS_01,NO,2026-01-09 02:13:15
CISADM,D1_CONTACT_K,D1T288P0,UNIQUE,IOT - TOP,VALID,VISIBLE,CISTS_01,NO,2026-01-08 02:19:18
CISADM,D1_CONTACT_NAME,D1C182P0,UNIQUE,NORMAL,VALID,VISIBLE,CISTS_01,NO,2026-02-13 02:17:06
CISADM,D1_CONTACT_NAME,D1C182S0,NONUNIQUE,NORMAL,VALID,VISIBLE,CISTS_01,NO,2026-02-13 02:17:05
CISADM,D1_CONTACT_PHONE,D1M184P0,UNIQUE,NORMAL,VALID,VISIBLE,CISTS_01,NO,2026-02-13 02:17:08
CISADM,D1_CONTACT_TYPE,D1C186P0,UNIQUE,NORMAL,VALID,VISIBLE,CISTS_01,NO,2026-02-13 02:16:58
CISADM,D1_CONTACT_TYPE_CHAR,D1C188P0,UNIQUE,NORMAL,VALID,VISIBLE,CISTS_01,NO,2026-01-08 02:26:41
CISADM,D1_CONTACT_TYPE_CHAR,D1C188S1,NONUNIQUE,NORMAL,VALID,VISIBLE,CISTS_01,NO,2026-01-08 02:26:41
CISADM,D1_CONTACT_TYPE_L,D1C187P0,UNIQUE,NORMAL,VALID,VISIBLE,CISTS_01,NO,2026-02-13 02:16:59
CISADM,D1_DATA_SRC,D1C463P0,UNIQUE,NORMAL,VALID,VISIBLE,CISTS_01,NO,2026-01-08 02:26:43
CISADM,D1_DATA_SRC_CHAR,D1C465P0,UNIQUE,NORMAL,VALID,VISIBLE,CISTS_01,NO,2026-01-08 02:25:49
CISADM,D1_DATA_SRC_CHAR,D1C465S1,NONUNIQUE,NORMAL,VALID,VISIBLE,CISTS_01,NO,2026-01-08 02:25:49
CISADM,D1_DATA_SRC_ITEM_TYPE,D1C466P0,UNIQUE,NORMAL,VALID,VISIBLE,CISTS_01,NO,2026-01-08 02:26:03
CISADM,D1_DATA_SRC_L,D1C464P0,UNIQUE,NORMAL,VALID,VISIBLE,CISTS_01,NO,2026-01-08 02:26:42
CISADM,D1_DATA_SRC_MC_SET,D1C469P0,UNIQUE,NORMAL,VALID,VISIBLE,CISTS_01,NO,2026-01-08 02:26:38
CISADM,D1_DATA_SRC_MC_TYPE,D1C468P0,UNIQUE,NORMAL,VALID,VISIBLE,CISTS_01,NO,2026-01-08 02:26:16
CISADM,D1_DATA_SRC_MSRMT_DATA_SNAP,D1C572P0,UNIQUE,NORMAL,VALID,VISIBLE,CISTS_01,NO,2026-01-08 02:26:34
CISADM,D1_DATA_SRC_SP_QTY,D1C553P0,UNIQUE,NORMAL,VALID,VISIBLE,CISTS_01,NO,2026-01-08 02:25:51
CISADM,D1_DATA_SRC_US_QTY,D1C606P0,UNIQUE,NORMAL,VALID,VISIBLE,CISTS_01,NO,2026-01-08 02:25:56
CISADM,D1_DATA_SRC_US_TYPE,D1C467P0,UNIQUE,NORMAL,VALID,VISIBLE,CISTS_01,NO,2026-01-08 02:26:45
CISADM,D1_DIVISION,D1C584P0,UNIQUE,NORMAL,VALID,VISIBLE,CISTS_01,NO,2026-01-09 02:12:19
CISADM,D1_DIVISION_CHAR,D1C586P0,UNIQUE,NORMAL,VALID,VISIBLE,CISTS_01,NO,2026-01-08 02:26:14
CISADM,D1_DIVISION_L,D1C585P0,UNIQUE,NORMAL,VALID,VISIBLE,CISTS_01,NO,2026-01-16 02:05:25
CISADM,D1_DVC,D1M235P0,UNIQUE,NORMAL,VALID,VISIBLE,CISTS_01,NO,2026-01-31 22:17:20
CISADM,D1_DVC_CFG,D1M244P0,UNIQUE,NORMAL,VALID,VISIBLE,CISTS_01,NO,2026-01-28 02:15:13
CISADM,D1_DVC_CFG,D1M244S2,NONUNIQUE,NORMAL,VALID,VISIBLE,CISTS_01,NO,2026-01-28 02:15:13
CISADM,D1_DVC_CFG,D1M244S3,UNIQUE,NORMAL,VALID,VISIBLE,CISTS_01,NO,2026-01-28 02:15:13
CISADM,D1_DVC_CFG_CHAR,D1M245P0,UNIQUE,NORMAL,VALID,VISIBLE,CISTS_01,NO,2026-01-16 02:05:24
CISADM,D1_DVC_CFG_CHAR,D1M245S1,NONUNIQUE,NORMAL,VALID,VISIBLE,CISTS_01,NO,2026-01-16 02:05:24
CISADM,D1_DVC_CFG_K,D1T290P0,UNIQUE,IOT - TOP,VALID,VISIBLE,CISTS_01,NO,2026-01-08 02:19:05
CISADM,D1_DVC_CFG_LOG,D1M246P0,UNIQUE,NORMAL,VALID,VISIBLE,CISTS_01,NO,2026-01-08 02:21:06
CISADM,D1_DVC_CFG_LOG,D1M246S1,NONUNIQUE,NORMAL,VALID,VISIBLE,CISTS_01,NO,2026-01-08 02:21:07
CISADM,D1_DVC_CFG_LOG,D1M246S2,NONUNIQUE,NORMAL,VALID,VISIBLE,CISTS_01,NO,2026-01-08 02:21:07
CISADM,D1_DVC_CFG_LOG_PARM,D1M247P0,UNIQUE,NORMAL,VALID,VISIBLE,CISTS_01,NO,2026-01-08 02:19:04
CISADM,D1_DVC_CFG_TYPE,D1C248P0,UNIQUE,NORMAL,VALID,VISIBLE,CISTS_01,NO,2026-01-09 02:12:13
CISADM,D1_DVC_CFG_TYPE_CHAR,D1C251P0,UNIQUE,NORMAL,VALID,VISIBLE,CISTS_01,NO,2026-01-08 02:26:00
CISADM,D1_DVC_CFG_TYPE_CHAR,D1C251S1,NONUNIQUE,NORMAL,VALID,VISIBLE,CISTS_01,NO,2026-01-08 02:25:59
CISADM,D1_DVC_CFG_TYPE_L,D1C250P0,UNIQUE,NORMAL,VALID,VISIBLE,CISTS_01,NO,2026-01-16 02:05:27
CISADM,D1_DVC_CFG_TYPE_MC_TYPE,D1C249P0,UNIQUE,NORMAL,VALID,VISIBLE,CISTS_01,NO,2026-01-23 02:18:51
CISADM,D1_DVC_CHAR,D1M237P0,UNIQUE,NORMAL,VALID,VISIBLE,CISTS_01,NO,2026-01-30 02:21:37
CISADM,D1_DVC_CHAR,D1M237S1,NONUNIQUE,NORMAL,VALID,VISIBLE,CISTS_01,NO,2026-01-30 02:21:37
CISADM,D1_DVC_EQPMNT,D1M629P0,UNIQUE,NORMAL,VALID,VISIBLE,CISTS_01,NO,2026-01-08 02:18:39
CISADM,D1_DVC_EQPMNT,D1M629S0,NONUNIQUE,NORMAL,VALID,VISIBLE,CISTS_01,NO,2026-01-08 02:18:39
CISADM,D1_DVC_EVT,D1T400P0,UNIQUE,NORMAL,VALID,VISIBLE,CISTS_01,NO,2026-01-31 22:17:18
CISADM,D1_DVC_EVT,D1T400S1,UNIQUE,NORMAL,VALID,VISIBLE,CISTS_01,NO,2026-01-31 22:17:18
CISADM,D1_DVC_EVT,D1T400S2,NONUNIQUE,NORMAL,VALID,VISIBLE,CISTS_01,NO,2026-01-31 22:17:18
CISADM,D1_DVC_EVT,D1T400S3,UNIQUE,NORMAL,VALID,VISIBLE,CISTS_01,NO,2026-01-31 22:17:18
CISADM,D1_DVC_EVT_CHAR,D1T401P0,UNIQUE,NORMAL,VALID,VISIBLE,CISTS_01,NO,2026-01-08 02:12:50
CISADM,D1_DVC_EVT_CHAR,D1T401S0,NONUNIQUE,NORMAL,VALID,VISIBLE,CISTS_01,NO,2026-01-08 02:12:50
CISADM,D1_DVC_EVT_IDENTIFIER,D1T405P0,UNIQUE,NORMAL,VALID,VISIBLE,CISTS_01,NO,2026-01-28 02:15:08
CISADM,D1_DVC_EVT_IDENTIFIER,D1T405S0,NONUNIQUE,NORMAL,VALID,VISIBLE,CISTS_01,NO,2026-01-28 02:15:08
CISADM,D1_DVC_EVT_IDENTIFIER,D1T405S1,NONUNIQUE,FUNCTION-BASED NORMAL,VALID,VISIBLE,CISTS_01,NO,2026-01-28 02:15:08
CISADM,D1_DVC_EVT_K,D1T412P0,UNIQUE,IOT - TOP,VALID,VISIBLE,CISTS_01,NO,2026-01-08 02:18:50
CISADM,D1_DVC_EVT_LOG,D1T402P0,UNIQUE,NORMAL,VALID,VISIBLE,CISTS_01,NO,2026-01-08 02:19:34
CISADM,D1_DVC_EVT_LOG,D1T402S1,NONUNIQUE,NORMAL,VALID,VISIBLE,CISTS_01,NO,2026-01-08 02:19:34
CISADM,D1_DVC_EVT_LOG,D1T402S2,NONUNIQUE,NORMAL,VALID,VISIBLE,CISTS_01,NO,2026-01-08 02:19:34
CISADM,D1_DVC_EVT_LOG_PARM,D1T403P0,UNIQUE,NORMAL,VALID,VISIBLE,CISTS_01,NO,2026-01-08 02:19:06
CISADM,D1_DVC_EVT_REL_OBJ,D1T404P0,UNIQUE,NORMAL,VALID,VISIBLE,CISTS_01,NO,2026-01-08 02:12:34
CISADM,D1_DVC_EVT_REL_OBJ,D1T404S0,NONUNIQUE,NORMAL,VALID,VISIBLE,CISTS_01,NO,2026-01-08 02:12:34
CISADM,D1_DVC_EVT_TYPE,D1C406P0,UNIQUE,NORMAL,VALID,VISIBLE,CISTS_01,NO,2026-01-28 02:15:05
CISADM,D1_DVC_EVT_TYPE_CHAR,D1C408P0,UNIQUE,NORMAL,VALID,VISIBLE,CISTS_01,NO,2026-01-08 02:26:04
CISADM,D1_DVC_EVT_TYPE_CHAR,D1C408S1,NONUNIQUE,NORMAL,VALID,VISIBLE,CISTS_01,NO,2026-01-08 02:26:04
CISADM,D1_DVC_EVT_TYPE_L,D1C407P0,UNIQUE,NORMAL,VALID,VISIBLE,CISTS_01,NO,2026-01-28 02:15:05
CISADM,D1_DVC_IDENTIFIER,D1M236P0,UNIQUE,NORMAL,VALID,VISIBLE,CISTS_01,NO,2026-01-27 02:22:00
CISADM,D1_DVC_IDENTIFIER,D1M236S0,NONUNIQUE,NORMAL,VALID,VISIBLE,CISTS_01,NO,2026-01-27 02:22:00
CISADM,D1_DVC_IDENTIFIER,D1M236S1,NONUNIQUE,FUNCTION-BASED NORMAL,VALID,VISIBLE,CISTS_01,NO,2026-01-27 02:22:01
CISADM,D1_DVC_K,D1T289P0,UNIQUE,IOT - TOP,VALID,VISIBLE,CISTS_01,NO,2026-01-08 02:19:13
CISADM,D1_DVC_LOG,D1M267P0,UNIQUE,NORMAL,VALID,VISIBLE,CISTS_01,NO,2026-01-27 02:21:56
CISADM,D1_DVC_LOG,D1M267S1,NONUNIQUE,NORMAL,VALID,VISIBLE,CISTS_01,NO,2026-01-27 02:21:56
CISADM,D1_DVC_LOG,D1M267S2,NONUNIQUE,NORMAL,VALID,VISIBLE,CISTS_01,NO,2026-01-27 02:21:56
CISADM,D1_DVC_LOG_PARM,D1M238P0,UNIQUE,NORMAL,VALID,VISIBLE,CISTS_01,NO,2026-01-27 02:21:53
CISADM,D1_DVC_TYPE,D1C239P0,UNIQUE,NORMAL,VALID,VISIBLE,CISTS_01,NO,2026-02-13 02:16:58
CISADM,D1_DVC_TYPE,D1C239S1,NONUNIQUE,NORMAL,VALID,VISIBLE,CISTS_01,NO,2026-02-13 02:16:58
CISADM,D1_DVC_TYPE_CFG_TYPE,D1C240P0,UNIQUE,NORMAL,VALID,VISIBLE,CISTS_01,NO,2026-01-08 02:26:10
CISADM,D1_DVC_TYPE_CHAR,D1C243P0,UNIQUE,NORMAL,VALID,VISIBLE,CISTS_01,NO,2026-01-27 02:21:52
CISADM,D1_DVC_TYPE_CHAR,D1C243S1,NONUNIQUE,NORMAL,VALID,VISIBLE,CISTS_01,NO,2026-01-27 02:21:52
CISADM,D1_DVC_TYPE_L,D1C242P0,UNIQUE,NORMAL,VALID,VISIBLE,CISTS_01,NO,2026-02-18 02:13:50
CISADM,D1_DVC_TYPE_L,D1C242S0,NONUNIQUE,NORMAL,VALID,VISIBLE,CISTS_01,NO,2026-02-18 02:13:50
CISADM,D1_DVC_TYPE_SPR,D1C241P0,UNIQUE,NORMAL,VALID,VISIBLE,CISTS_01,NO,2026-01-08 02:26:28
CISADM,D1_DVC_TYPE_SQ,D1T429P0,UNIQUE,NORMAL,VALID,VISIBLE,CISTS_01,NO,2026-01-08 02:26:03
CISADM,D1_DVC_TYPE_SQ_CHAR,D1T430P0,UNIQUE,NORMAL,VALID,VISIBLE,CISTS_01,NO,2026-01-08 02:26:38
CISADM,D1_DVC_TYPE_VALID_DVC_CHAR,D1C634P0,UNIQUE,NORMAL,VALID,VISIBLE,CISTS_01,NO,2026-01-08 02:26:42
CISADM,D1_DVC_TYPE_VALID_DVC_CHAR,D1C634S1,NONUNIQUE,NORMAL,VALID,VISIBLE,CISTS_01,NO,2026-01-08 02:26:42
CISADM,D1_DYN_OPT,D1M230P0,UNIQUE,NORMAL,VALID,VISIBLE,CISTS_01,NO,2026-01-08 02:15:03
CISADM,D1_DYN_OPT_CHAR,D1M232P0,UNIQUE,NORMAL,VALID,VISIBLE,CISTS_01,NO,2026-01-08 02:14:46
CISADM,D1_DYN_OPT_CHAR,D1M232S1,NONUNIQUE,NORMAL,VALID,VISIBLE,CISTS_01,NO,2026-01-08 02:14:45
CISADM,D1_DYN_OPT_EVENT,D1T230P0,UNIQUE,NORMAL,VALID,VISIBLE,CISTS_01,NO,2026-01-08 02:12:58
CISADM,D1_DYN_OPT_EVENT_CHAR,D1T231P0,UNIQUE,NORMAL,VALID,VISIBLE,CISTS_01,NO,2026-01-08 02:14:25
CISADM,D1_DYN_OPT_EVENT_CHAR,D1T231S1,NONUNIQUE,NORMAL,VALID,VISIBLE,CISTS_01,NO,2026-01-08 02:14:25
CISADM,D1_DYN_OPT_EVENT_K,D1T297P0,UNIQUE,IOT - TOP,VALID,VISIBLE,CISTS_01,NO,2026-01-07 21:32:08
CISADM,D1_DYN_OPT_EVENT_LOG,D1T232P0,UNIQUE,NORMAL,VALID,VISIBLE,CISTS_01,NO,2026-01-08 02:08:08
CISADM,D1_DYN_OPT_EVENT_LOG,D1T232S1,NONUNIQUE,NORMAL,VALID,VISIBLE,CISTS_01,NO,2026-01-08 02:08:08
CISADM,D1_DYN_OPT_EVENT_LOG,D1T232S2,NONUNIQUE,NORMAL,VALID,VISIBLE,CISTS_01,NO,2026-01-08 02:08:08
CISADM,D1_DYN_OPT_EVENT_LOG_PARM,D1T233P0,UNIQUE,NORMAL,VALID,VISIBLE,CISTS_01,NO,2026-01-08 02:08:40
CISADM,D1_DYN_OPT_K,D1T291P0,UNIQUE,IOT - TOP,VALID,VISIBLE,CISTS_01,NO,2026-01-07 21:32:08
CISADM,D1_DYN_OPT_L,D1M231P0,UNIQUE,NORMAL,VALID,VISIBLE,CISTS_01,NO,2026-01-08 02:09:07
CISADM,D1_DYN_OPT_LOG,D1M233P0,UNIQUE,NORMAL,VALID,VISIBLE,CISTS_01,NO,2026-01-08 02:09:32
CISADM,D1_DYN_OPT_LOG,D1M233S1,NONUNIQUE,NORMAL,VALID,VISIBLE,CISTS_01,NO,2026-01-08 02:09:33
CISADM,D1_DYN_OPT_LOG,D1M233S2,NONUNIQUE,NORMAL,VALID,VISIBLE,CISTS_01,NO,2026-01-08 02:09:33
CISADM,D1_DYN_OPT_LOG_PARM,D1M234P0,UNIQUE,NORMAL,VALID,VISIBLE,CISTS_01,NO,2026-01-08 02:10:44
CISADM,D1_DYN_OPT_TYPE,D1C230P0,UNIQUE,NORMAL,VALID,VISIBLE,CISTS_01,NO,2026-01-08 02:26:27
CISADM,D1_DYN_OPT_TYPE_CHAR,D1C232P0,UNIQUE,NORMAL,VALID,VISIBLE,CISTS_01,NO,2026-01-08 02:26:24
CISADM,D1_DYN_OPT_TYPE_CHAR,D1C232S1,NONUNIQUE,NORMAL,VALID,VISIBLE,CISTS_01,NO,2026-01-08 02:26:24
CISADM,D1_DYN_OPT_TYPE_L,D1C231P0,UNIQUE,NORMAL,VALID,VISIBLE,CISTS_01,NO,2026-01-08 02:26:37
CISADM,D1_EXCP_TYPE,D1C311P0,UNIQUE,NORMAL,VALID,VISIBLE,CISTS_01,NO,2026-01-09 02:12:27
CISADM,D1_EXCP_TYPE_CHAR,D1C313P0,UNIQUE,NORMAL,VALID,VISIBLE,CISTS_01,NO,2026-01-08 02:26:11
CISADM,D1_EXCP_TYPE_CHAR,D1C313S1,NONUNIQUE,NORMAL,VALID,VISIBLE,CISTS_01,NO,2026-01-08 02:26:11
CISADM,D1_EXCP_TYPE_L,D1C312P0,UNIQUE,NORMAL,VALID,VISIBLE,CISTS_01,NO,2026-01-27 02:21:53
CISADM,D1_FACILITY,D1M422P0,UNIQUE,NORMAL,VALID,VISIBLE,CISTS_01,NO,2026-01-08 02:08:37
CISADM,D1_FACILITY_CHAR,D1M424P0,UNIQUE,NORMAL,VALID,VISIBLE,CISTS_01,NO,2026-01-08 02:11:14
CISADM,D1_FACILITY_IDENTIFIER,D1M423P0,UNIQUE,NORMAL,VALID,VISIBLE,CISTS_01,NO,2026-01-08 02:12:29
CISADM,D1_FACILITY_K,D1T428P0,UNIQUE,IOT - TOP,VALID,VISIBLE,CISTS_01,NO,2026-01-07 21:32:08
CISADM,D1_FACILITY_L,D1M425P0,UNIQUE,NORMAL,VALID,VISIBLE,CISTS_01,NO,2026-01-08 02:12:25
CISADM,D1_FACILITY_LOG,D1M427P0,UNIQUE,NORMAL,VALID,VISIBLE,CISTS_01,NO,2026-01-08 02:10:44
CISADM,D1_FACILITY_LOG_PARM,D1M428P0,UNIQUE,NORMAL,VALID,VISIBLE,CISTS_01,NO,2026-01-08 02:08:45
CISADM,D1_FACILITY_SP,D1T633P0,UNIQUE,NORMAL,VALID,VISIBLE,CISTS_01,NO,2026-01-08 02:09:30
CISADM,D1_FACTOR,D1C223P0,UNIQUE,NORMAL,VALID,VISIBLE,CISTS_01,NO,2026-02-28 22:20:29
CISADM,D1_FACTOR_CHAR,D1C226P0,UNIQUE,NORMAL,VALID,VISIBLE,CISTS_01,NO,2026-01-08 02:26:22
CISADM,D1_FACTOR_CHAR,D1C226S1,NONUNIQUE,NORMAL,VALID,VISIBLE,CISTS_01,NO,2026-01-08 02:26:22
CISADM,D1_FACTOR_CHAR_VALUE,D1C225P0,UNIQUE,NORMAL,VALID,VISIBLE,CISTS_01,NO,2026-01-08 02:26:03
CISADM,D1_FACTOR_L,D1C224P0,UNIQUE,NORMAL,VALID,VISIBLE,CISTS_01,NO,2026-01-23 02:18:51
CISADM,D1_FACTOR_VALUE,D1C227P0,UNIQUE,NORMAL,VALID,VISIBLE,CISTS_01,NO,2026-02-28 22:20:29
CISADM,D1_FACTOR_VALUE_CHAR,D1C228P0,UNIQUE,NORMAL,VALID,VISIBLE,CISTS_01,NO,2026-01-08 02:25:54
CISADM,D1_FACTOR_VALUE_CHAR,D1C228S1,NONUNIQUE,NORMAL,VALID,VISIBLE,CISTS_01,NO,2026-01-08 02:25:54
CISADM,D1_GTT1,D1T413P0,UNIQUE,NORMAL,VALID,VISIBLE,,NO,
CISADM,D1_GTT10,D1T605P0,UNIQUE,NORMAL,VALID,VISIBLE,,NO,
CISADM,D1_GTT2,D1T414P0,UNIQUE,NORMAL,VALID,VISIBLE,,NO,
CISADM,D1_GTT3,D1T406S0,UNIQUE,NORMAL,VALID,VISIBLE,,NO,
CISADM,D1_GTT4,D1T407S0,UNIQUE,NORMAL,VALID,VISIBLE,,NO,
CISADM,D1_GTT5,D1T526P0,UNIQUE,NORMAL,VALID,VISIBLE,,NO,
CISADM,D1_GTT6,D1T534P0,UNIQUE,NORMAL,VALID,VISIBLE,,NO,
CISADM,D1_GTT7,D1T554S0,UNIQUE,NORMAL,VALID,VISIBLE,,NO,
CISADM,D1_GTT8,D1T555S0,UNIQUE,NORMAL,VALID,VISIBLE,,NO,
CISADM,D1_GTT9,D1T604P0,UNIQUE,NORMAL,VALID,VISIBLE,,NO,
CISADM,D1_IMD_CTRL,D1T418P0,UNIQUE,NORMAL,VALID,VISIBLE,CISTS_01,NO,2026-01-23 02:17:59
CISADM,D1_IMD_CTRL,D1T418S1,NONUNIQUE,NORMAL,VALID,VISIBLE,CISTS_01,NO,2026-01-23 02:17:59
CISADM,D1_IMD_CTRL,D1T418S2,NONUNIQUE,NORMAL,VALID,VISIBLE,CISTS_01,NO,2026-01-23 02:17:59
CISADM,D1_IMD_CTRL_SEEDER,D1T500P0,UNIQUE,NORMAL,VALID,VISIBLE,CISTS_01,NO,2026-01-08 02:18:14
CISADM,D1_IMD_CTRL_SEEDER,D1T500S1,UNIQUE,NORMAL,VALID,VISIBLE,CISTS_01,NO,2026-01-08 02:18:14
CISADM,D1_INIT_MSRMT_DATA,D1T304P0,UNIQUE,NORMAL,VALID,VISIBLE,CISTS_01,NO,2026-02-27 02:16:55
CISADM,D1_INIT_MSRMT_DATA,D1T304S1,NONUNIQUE,NORMAL,VALID,VISIBLE,CISTS_01,NO,2026-02-27 02:16:52
CISADM,D1_INIT_MSRMT_DATA_CHAR,D1T305P0,UNIQUE,NORMAL,VALID,VISIBLE,CISTS_01,NO,2026-01-08 02:15:01
CISADM,D1_INIT_MSRMT_DATA_CHAR,D1T305S1,NONUNIQUE,NORMAL,VALID,VISIBLE,CISTS_01,NO,2026-01-08 02:15:01
CISADM,D1_INIT_MSRMT_DATA_K,D1T314P0,UNIQUE,IOT - TOP,VALID,VISIBLE,CISTS_01,NO,2026-01-08 02:21:43
CISADM,D1_INIT_MSRMT_DATA_LOG,D1T306P0,UNIQUE,NORMAL,VALID,VISIBLE,CISTS_01,NO,2026-01-23 02:20:02
CISADM,D1_INIT_MSRMT_DATA_LOG_PARM,D1T307P0,UNIQUE,NORMAL,VALID,VISIBLE,CISTS_01,NO,2026-01-08 02:25:39
CISADM,D1_INIT_MSRMT_SNAP,D1T622P0,UNIQUE,NORMAL,VALID,VISIBLE,CISTS_01,NO,2026-01-08 02:12:37
CISADM,D1_INIT_MSRMT_SNAP_CHAR,D1T624P0,UNIQUE,NORMAL,VALID,VISIBLE,CISTS_01,NO,2026-01-08 02:12:07
CISADM,D1_INIT_MSRMT_SNAP_K,D1T623P0,UNIQUE,IOT - TOP,VALID,VISIBLE,CISTS_01,NO,2026-01-07 21:32:24
CISADM,D1_INIT_MSRMT_SNAP_LOG,D1T625P0,UNIQUE,NORMAL,VALID,VISIBLE,CISTS_01,NO,2026-01-08 02:15:45
CISADM,D1_INIT_MSRMT_SNAP_LOG_PARM,D1T626P0,UNIQUE,NORMAL,VALID,VISIBLE,CISTS_01,NO,2026-01-08 02:10:40
CISADM,D1_INSTALL_EVT,D1M107P0,UNIQUE,NORMAL,VALID,VISIBLE,CISTS_01,NO,2026-01-28 02:15:12
CISADM,D1_INSTALL_EVT,D1M107S2,UNIQUE,NORMAL,VALID,VISIBLE,CISTS_01,NO,2026-01-28 02:15:12
CISADM,D1_INSTALL_EVT,D1M107S3,UNIQUE,NORMAL,VALID,VISIBLE,CISTS_01,NO,2026-01-28 02:15:12
CISADM,D1_INSTALL_EVT_CHAR,D1M108P0,UNIQUE,NORMAL,VALID,VISIBLE,CISTS_01,NO,2026-01-16 02:05:25
CISADM,D1_INSTALL_EVT_CHAR,D1M108S1,NONUNIQUE,NORMAL,VALID,VISIBLE,CISTS_01,NO,2026-01-16 02:05:25
CISADM,D1_INSTALL_EVT_K,D1T292P0,UNIQUE,IOT - TOP,VALID,VISIBLE,CISTS_01,NO,2026-01-08 02:19:03
CISADM,D1_INSTALL_EVT_LOG,D1M109P0,UNIQUE,NORMAL,VALID,VISIBLE,CISTS_01,NO,2026-01-08 02:20:25
CISADM,D1_INSTALL_EVT_LOG,D1M109S1,NONUNIQUE,NORMAL,VALID,VISIBLE,CISTS_01,NO,2026-01-08 02:20:25
CISADM,D1_INSTALL_EVT_LOG,D1M109S2,NONUNIQUE,NORMAL,VALID,VISIBLE,CISTS_01,NO,2026-01-08 02:20:25
CISADM,D1_INSTALL_EVT_LOG_PARM,D1M110P0,UNIQUE,NORMAL,VALID,VISIBLE,CISTS_01,NO,2026-01-08 02:19:13
CISADM,D1_INT_SNAP_MAP,D1T620P0,UNIQUE,NORMAL,VALID,VISIBLE,CISTS_01,NO,2026-01-08 02:09:13
CISADM,D1_MANUFACTURER,D1C264P0,UNIQUE,NORMAL,VALID,VISIBLE,CISTS_01,NO,2026-01-27 02:21:53
CISADM,D1_MANUFACTURER_L,D1C265P0,UNIQUE,NORMAL,VALID,VISIBLE,CISTS_01,NO,2026-02-18 02:13:50
CISADM,D1_MC_COMPAR_PERIOD,D1M541P0,UNIQUE,NORMAL,VALID,VISIBLE,CISTS_01,NO,2026-01-08 02:09:25
CISADM,D1_MC_COMPAR_PERIOD_LOG,D1M542P0,UNIQUE,NORMAL,VALID,VISIBLE,CISTS_01,NO,2026-01-08 02:15:01
CISADM,D1_MC_COMPAR_TYPE,D1C538P0,UNIQUE,NORMAL,VALID,VISIBLE,CISTS_01,NO,2026-01-08 02:26:35
CISADM,D1_MC_COMPAR_TYPE_L,D1C539P0,UNIQUE,NORMAL,VALID,VISIBLE,CISTS_01,NO,2026-01-08 02:26:23
CISADM,D1_MC_COMPAR_TYPE_REL_OBJ,D1C540P0,UNIQUE,NORMAL,VALID,VISIBLE,CISTS_01,NO,2026-01-08 02:26:39
CISADM,D1_MC_TYPE_VALUE_IDENTIFIER,D1C258P0,UNIQUE,NORMAL,VALID,VISIBLE,CISTS_01,NO,2026-01-09 02:12:19
CISADM,D1_MC_TYPE_VALUE_IDENTIFIER_L,D1C259P0,UNIQUE,NORMAL,VALID,VISIBLE,CISTS_01,NO,2026-01-23 02:18:51
CISADM,D1_MDSI,D1T565P0,UNIQUE,NORMAL,VALID,VISIBLE,CISTS_01,NO,2026-01-08 02:12:34
CISADM,D1_MDSI_K,D1T627P0,UNIQUE,IOT - TOP,VALID,VISIBLE,CISTS_01,NO,2026-01-07 21:32:26
CISADM,D1_MDSS,D1T594P0,UNIQUE,NORMAL,VALID,VISIBLE,CISTS_01,NO,2026-01-08 02:08:13
CISADM,D1_MDSS_K,D1T628P0,UNIQUE,IOT - TOP,VALID,VISIBLE,CISTS_01,NO,2026-01-07 21:32:26
CISADM,D1_MEASR_COMP,D1M252P0,UNIQUE,NORMAL,VALID,VISIBLE,CISTS_01,NO,2026-01-30 02:21:38
CISADM,D1_MEASR_COMP,D1M252S0,UNIQUE,NORMAL,VALID,VISIBLE,CISTS_01,NO,2026-01-30 02:21:38
CISADM,D1_MEASR_COMP,D1M252S1,UNIQUE,NORMAL,VALID,VISIBLE,CISTS_01,NO,2026-01-30 02:21:38
CISADM,D1_MEASR_COMP,D1M252S2,UNIQUE,NORMAL,VALID,VISIBLE,CISTS_01,NO,2026-01-30 02:21:38
CISADM,D1_MEASR_COMP_ATTRIBUTES,D1M479P0,UNIQUE,NORMAL,VALID,VISIBLE,CISTS_01,NO,2026-01-08 02:15:56
CISADM,D1_MEASR_COMP_CHAR,D1M255P0,UNIQUE,NORMAL,VALID,VISIBLE,CISTS_01,NO,2026-01-08 02:13:36
CISADM,D1_MEASR_COMP_CHAR,D1M255S1,NONUNIQUE,NORMAL,VALID,VISIBLE,CISTS_01,NO,2026-01-08 02:13:36
CISADM,D1_MEASR_COMP_IDENTIFIER,D1M253P0,UNIQUE,NORMAL,VALID,VISIBLE,CISTS_01,NO,2026-01-09 02:12:55
CISADM,D1_MEASR_COMP_IDENTIFIER,D1M253S0,NONUNIQUE,NORMAL,VALID,VISIBLE,CISTS_01,NO,2026-01-09 02:12:55
CISADM,D1_MEASR_COMP_IDENTIFIER,D1M253S1,NONUNIQUE,FUNCTION-BASED NORMAL,VALID,VISIBLE,CISTS_01,NO,2026-01-09 02:12:56
CISADM,D1_MEASR_COMP_K,D1T293P0,UNIQUE,IOT - TOP,VALID,VISIBLE,CISTS_01,NO,2026-01-08 02:19:07
CISADM,D1_MEASR_COMP_LOG,D1M256P0,UNIQUE,NORMAL,VALID,VISIBLE,CISTS_01,NO,2026-01-08 02:20:12
CISADM,D1_MEASR_COMP_LOG,D1M256S1,NONUNIQUE,NORMAL,VALID,VISIBLE,CISTS_01,NO,2026-01-08 02:20:12
CISADM,D1_MEASR_COMP_LOG,D1M256S2,NONUNIQUE,NORMAL,VALID,VISIBLE,CISTS_01,NO,2026-01-08 02:20:12
CISADM,D1_MEASR_COMP_LOG_PARM,D1M268P0,UNIQUE,NORMAL,VALID,VISIBLE,CISTS_01,NO,2026-01-08 02:18:16
CISADM,D1_MEASR_COMP_REL,D1M318P0,UNIQUE,NORMAL,VALID,VISIBLE,CISTS_01,NO,2026-01-08 02:09:21
CISADM,D1_MEASR_COMP_REL,D1M318S0,NONUNIQUE,NORMAL,VALID,VISIBLE,CISTS_01,NO,2026-01-08 02:09:21
CISADM,D1_MEASR_COMP_REL,D1M318S1,NONUNIQUE,NORMAL,VALID,VISIBLE,CISTS_01,NO,2026-01-08 02:09:21
CISADM,D1_MEASR_COMP_SET,D1C470P0,UNIQUE,NORMAL,VALID,VISIBLE,CISTS_01,NO,2026-01-08 02:26:08
CISADM,D1_MEASR_COMP_SET_CHAR,D1C472P0,UNIQUE,NORMAL,VALID,VISIBLE,CISTS_01,NO,2026-01-08 02:26:18
CISADM,D1_MEASR_COMP_SET_CHAR,D1C472S1,NONUNIQUE,NORMAL,VALID,VISIBLE,CISTS_01,NO,2026-01-08 02:26:18
CISADM,D1_MEASR_COMP_SET_CRIT,D1C476P0,UNIQUE,NORMAL,VALID,VISIBLE,CISTS_01,NO,2026-01-08 02:26:05
CISADM,D1_MEASR_COMP_SET_DIMENSION,D1C477P0,UNIQUE,NORMAL,VALID,VISIBLE,CISTS_01,NO,2026-01-08 02:26:03
CISADM,D1_MEASR_COMP_SET_L,D1C471P0,UNIQUE,NORMAL,VALID,VISIBLE,CISTS_01,NO,2026-01-08 02:25:55
CISADM,D1_MEASR_COMP_SET_LOG,D1C473P0,UNIQUE,NORMAL,VALID,VISIBLE,CISTS_01,NO,2026-01-08 02:26:08
CISADM,D1_MEASR_COMP_SET_LOG_PARM,D1C474P0,UNIQUE,NORMAL,VALID,VISIBLE,CISTS_01,NO,2026-01-08 02:26:14
CISADM,D1_MEASR_COMP_SET_PARTICIPANT,D1C478P0,UNIQUE,NORMAL,VALID,VISIBLE,CISTS_01,NO,2026-01-08 02:25:51
CISADM,D1_MEASR_COMP_SET_REL,D1C475P0,UNIQUE,NORMAL,VALID,VISIBLE,CISTS_01,NO,2026-01-08 02:26:35
CISADM,D1_MEASR_COMP_TYPE,D1C257P0,UNIQUE,NORMAL,VALID,VISIBLE,CISTS_01,NO,2026-01-30 02:21:34
CISADM,D1_MEASR_COMP_TYPE_CHAR,D1C263P0,UNIQUE,NORMAL,VALID,VISIBLE,CISTS_01,NO,2026-01-08 02:26:13
CISADM,D1_MEASR_COMP_TYPE_CHAR,D1C263S1,NONUNIQUE,NORMAL,VALID,VISIBLE,CISTS_01,NO,2026-01-08 02:26:13
CISADM,D1_MEASR_COMP_TYPE_L,D1C262P0,UNIQUE,NORMAL,VALID,VISIBLE,CISTS_01,NO,2026-01-29 02:18:01
CISADM,D1_MEASR_COMP_TYPE_VEE_GRP,D1C260P0,UNIQUE,NORMAL,VALID,VISIBLE,CISTS_01,NO,2026-02-28 22:20:29
CISADM,D1_MEASR_COMP_TYP_FBK_VEE_GRP,D1C261P0,UNIQUE,NORMAL,VALID,VISIBLE,CISTS_01,NO,2026-02-28 22:20:29
CISADM,D1_MEASR_COMP_VEE_GROUP,D1M254P0,UNIQUE,NORMAL,VALID,VISIBLE,CISTS_01,NO,2026-01-08 02:18:17
CISADM,D1_MKT,D1C269P0,UNIQUE,NORMAL,VALID,VISIBLE,CISTS_01,NO,2026-01-08 02:26:08
CISADM,D1_MKT_AWARD,D1T511P0,UNIQUE,NORMAL,VALID,VISIBLE,CISTS_01,NO,2026-01-08 02:12:35
CISADM,D1_MKT_AWARD_CHAR,D1T515P0,UNIQUE,NORMAL,VALID,VISIBLE,CISTS_01,NO,2026-01-08 02:10:08
CISADM,D1_MKT_AWARD_CONTRACT,D1T512P0,UNIQUE,NORMAL,VALID,VISIBLE,CISTS_01,NO,2026-01-08 02:12:42
CISADM,D1_MKT_AWARD_DT_CHAR,D1T564P0,UNIQUE,NORMAL,VALID,VISIBLE,CISTS_01,NO,2026-01-08 02:16:10
CISADM,D1_MKT_AWARD_IDENTIFIER,D1T514P0,UNIQUE,NORMAL,VALID,VISIBLE,CISTS_01,NO,2026-01-08 02:09:39
CISADM,D1_MKT_AWARD_K,D1T513P0,UNIQUE,IOT - TOP,VALID,VISIBLE,CISTS_01,NO,2026-01-07 21:32:32
CISADM,D1_MKT_AWARD_LOG,D1T516P0,UNIQUE,NORMAL,VALID,VISIBLE,CISTS_01,NO,2026-01-08 02:09:07
CISADM,D1_MKT_AWARD_LOG_PARM,D1T517P0,UNIQUE,NORMAL,VALID,VISIBLE,CISTS_01,NO,2026-01-08 02:14:57
CISADM,D1_MKT_CHAR,D1C273P0,UNIQUE,NORMAL,VALID,VISIBLE,CISTS_01,NO,2026-01-08 02:26:02
CISADM,D1_MKT_CHAR,D1C273S1,NONUNIQUE,NORMAL,VALID,VISIBLE,CISTS_01,NO,2026-01-08 02:26:02
CISADM,D1_MKT_CONTRACT,D1M489P0,UNIQUE,NORMAL,VALID,VISIBLE,CISTS_01,NO,2026-01-08 02:09:41
CISADM,D1_MKT_CONTRACT_CHAR,D1M492P0,UNIQUE,NORMAL,VALID,VISIBLE,CISTS_01,NO,2026-01-08 02:13:42
CISADM,D1_MKT_CONTRACT_IDENTIFIER,D1M491P0,UNIQUE,NORMAL,VALID,VISIBLE,CISTS_01,NO,2026-01-08 02:15:58
CISADM,D1_MKT_CONTRACT_K,D1M490P0,UNIQUE,IOT - TOP,VALID,VISIBLE,CISTS_01,NO,2026-01-07 21:32:33
CISADM,D1_MKT_CONTRACT_LOG,D1M493P0,UNIQUE,NORMAL,VALID,VISIBLE,CISTS_01,NO,2026-01-08 02:15:00
CISADM,D1_MKT_CONTRACT_LOG_PARM,D1M494P0,UNIQUE,NORMAL,VALID,VISIBLE,CISTS_01,NO,2026-01-08 02:15:07
CISADM,D1_MKT_CONTRACT_TYPE,D1C486P0,UNIQUE,NORMAL,VALID,VISIBLE,CISTS_01,NO,2026-01-08 02:25:59
CISADM,D1_MKT_CONTRACT_TYPE_CHAR,D1C488P0,UNIQUE,NORMAL,VALID,VISIBLE,CISTS_01,NO,2026-01-08 02:26:11
CISADM,D1_MKT_CONTRACT_TYPE_L,D1C487P0,UNIQUE,NORMAL,VALID,VISIBLE,CISTS_01,NO,2026-01-08 02:26:10
CISADM,D1_MKT_FALLBACK_SPR,D1C272P0,UNIQUE,NORMAL,VALID,VISIBLE,CISTS_01,NO,2026-01-08 02:26:24
CISADM,D1_MKT_L,D1C274P0,UNIQUE,NORMAL,VALID,VISIBLE,CISTS_01,NO,2026-01-08 02:26:07
CISADM,D1_MKT_PRODUCT,D1T518P0,UNIQUE,NORMAL,VALID,VISIBLE,CISTS_01,NO,2026-01-08 02:11:17
CISADM,D1_MKT_PRODUCT_CHAR,D1T523P0,UNIQUE,NORMAL,VALID,VISIBLE,CISTS_01,NO,2026-01-08 02:08:57
CISADM,D1_MKT_PRODUCT_IDENTIFIER,D1T522P0,UNIQUE,NORMAL,VALID,VISIBLE,CISTS_01,NO,2026-01-08 02:09:05
CISADM,D1_MKT_PRODUCT_K,D1T521P0,UNIQUE,IOT - TOP,VALID,VISIBLE,CISTS_01,NO,2026-01-07 21:32:33
CISADM,D1_MKT_PRODUCT_L,D1T520P0,UNIQUE,NORMAL,VALID,VISIBLE,CISTS_01,NO,2026-01-08 02:12:14
CISADM,D1_MKT_PRODUCT_LOG,D1T524P0,UNIQUE,NORMAL,VALID,VISIBLE,CISTS_01,NO,2026-01-08 02:09:01
CISADM,D1_MKT_PRODUCT_LOG_PARM,D1T525P0,UNIQUE,NORMAL,VALID,VISIBLE,CISTS_01,NO,2026-01-08 02:08:55
CISADM,D1_MKT_PRODUCT_SET,D1C508P0,UNIQUE,NORMAL,VALID,VISIBLE,CISTS_01,NO,2026-01-08 02:26:25
CISADM,D1_MKT_PRODUCT_SET_CHAR,D1C510P0,UNIQUE,NORMAL,VALID,VISIBLE,CISTS_01,NO,2026-01-08 02:25:54
CISADM,D1_MKT_PRODUCT_SET_L,D1C509P0,UNIQUE,NORMAL,VALID,VISIBLE,CISTS_01,NO,2026-01-08 02:26:12
CISADM,D1_MKT_PRODUCT_TYPE,D1C505P0,UNIQUE,NORMAL,VALID,VISIBLE,CISTS_01,NO,2026-01-08 02:26:24
CISADM,D1_MKT_PRODUCT_TYPE_CHAR,D1C507P0,UNIQUE,NORMAL,VALID,VISIBLE,CISTS_01,NO,2026-01-08 02:26:44
CISADM,D1_MKT_PRODUCT_TYPE_L,D1C506P0,UNIQUE,NORMAL,VALID,VISIBLE,CISTS_01,NO,2026-01-08 02:26:02
CISADM,D1_MKT_REL_TYPE,D1C270P0,UNIQUE,NORMAL,VALID,VISIBLE,CISTS_01,NO,2026-01-08 02:26:32
CISADM,D1_MKT_RP,D1M608P0,UNIQUE,NORMAL,VALID,VISIBLE,CISTS_01,NO,2026-01-08 02:14:38
CISADM,D1_MKT_RP_ATTR,D1M612P0,UNIQUE,NORMAL,VALID,VISIBLE,CISTS_01,NO,2026-01-08 02:15:10
CISADM,D1_MKT_RP_CHAR,D1M611P0,UNIQUE,NORMAL,VALID,VISIBLE,CISTS_01,NO,2026-01-08 02:13:30
CISADM,D1_MKT_RP_IDENTIFIER,D1M615P0,UNIQUE,NORMAL,VALID,VISIBLE,CISTS_01,NO,2026-01-08 02:09:30
CISADM,D1_MKT_RP_K,D1M616P0,UNIQUE,IOT - TOP,VALID,VISIBLE,CISTS_01,NO,2026-01-07 21:32:34
CISADM,D1_MKT_RP_LOG,D1M609P0,UNIQUE,NORMAL,VALID,VISIBLE,CISTS_01,NO,2026-01-08 02:13:14
CISADM,D1_MKT_RP_LOG_PARM,D1M610P0,UNIQUE,NORMAL,VALID,VISIBLE,CISTS_01,NO,2026-01-08 02:13:14
CISADM,D1_MKT_RP_REL,D1M614P0,UNIQUE,NORMAL,VALID,VISIBLE,CISTS_01,NO,2026-01-08 02:09:29
CISADM,D1_MKT_RP_REL_OBJ,D1M613P0,UNIQUE,NORMAL,VALID,VISIBLE,CISTS_01,NO,2026-01-08 02:09:28
CISADM,D1_MKT_VALID_SPR,D1C271P0,UNIQUE,NORMAL,VALID,VISIBLE,CISTS_01,NO,2026-01-08 02:26:19
CISADM,D1_MODEL,D1C266P0,UNIQUE,NORMAL,VALID,VISIBLE,CISTS_01,NO,2026-01-08 02:25:50
CISADM,D1_MODEL_L,D1C267P0,UNIQUE,NORMAL,VALID,VISIBLE,CISTS_01,NO,2026-02-18 02:13:49
CISADM,D1_MSRMT,D1T298P0,UNIQUE,NORMAL,VALID,VISIBLE,CISTS_01,NO,2026-01-17 22:13:04
CISADM,D1_MSRMT_CHAR,D1T299P0,UNIQUE,NORMAL,VALID,VISIBLE,CISTS_01,NO,2026-01-08 02:10:08
CISADM,D1_MSRMT_CHAR,D1T299S1,NONUNIQUE,NORMAL,VALID,VISIBLE,CISTS_01,NO,2026-01-08 02:10:08
CISADM,D1_MSRMT_CYC,D1C328P0,UNIQUE,NORMAL,VALID,VISIBLE,CISTS_01,NO,2026-01-09 02:12:16
CISADM,D1_MSRMT_CYC_BILL_CYC,D1T453P0,UNIQUE,NORMAL,VALID,VISIBLE,CISTS_01,NO,2026-02-13 02:16:58
CISADM,D1_MSRMT_CYC_CHAR,D1C331P0,UNIQUE,NORMAL,VALID,VISIBLE,CISTS_01,NO,2026-01-08 02:26:24
CISADM,D1_MSRMT_CYC_CHAR,D1C331S1,NONUNIQUE,NORMAL,VALID,VISIBLE,CISTS_01,NO,2026-01-08 02:26:24
CISADM,D1_MSRMT_CYC_L,D1C330P0,UNIQUE,NORMAL,VALID,VISIBLE,CISTS_01,NO,2026-01-30 02:21:34
CISADM,D1_MSRMT_CYC_MCR,D1C329P0,UNIQUE,NORMAL,VALID,VISIBLE,CISTS_01,NO,2026-01-23 02:18:52
CISADM,D1_MSRMT_CYC_RTE,D1C332P0,UNIQUE,NORMAL,VALID,VISIBLE,CISTS_01,NO,2026-01-30 02:21:34
CISADM,D1_MSRMT_CYC_RTE_CHAR,D1C334P0,UNIQUE,NORMAL,VALID,VISIBLE,CISTS_01,NO,2026-01-08 02:25:50
CISADM,D1_MSRMT_CYC_RTE_CHAR,D1C334S1,NONUNIQUE,NORMAL,VALID,VISIBLE,CISTS_01,NO,2026-01-08 02:25:50
CISADM,D1_MSRMT_CYC_RTE_L,D1C333P0,UNIQUE,NORMAL,VALID,VISIBLE,CISTS_01,NO,2026-01-29 02:18:01
CISADM,D1_MSRMT_CYC_SCHED,D1C335P0,UNIQUE,NORMAL,VALID,VISIBLE,CISTS_01,NO,2026-01-30 02:21:34
CISADM,D1_MSRMT_CYC_SCHED_CHAR,D1C336P0,UNIQUE,NORMAL,VALID,VISIBLE,CISTS_01,NO,2026-01-08 02:25:57
CISADM,D1_MSRMT_CYC_SCHED_CHAR,D1C336S1,NONUNIQUE,NORMAL,VALID,VISIBLE,CISTS_01,NO,2026-01-08 02:25:58
CISADM,D1_MSRMT_CYC_SCHED_RTE,D1C337P0,UNIQUE,NORMAL,VALID,VISIBLE,CISTS_01,NO,2026-01-30 02:21:34
CISADM,D1_MSRMT_DATA_SNAP_TYPE,D1C573P0,UNIQUE,NORMAL,VALID,VISIBLE,CISTS_01,NO,2026-01-08 02:25:55
CISADM,D1_MSRMT_DATA_SNAP_TYPE_CHAR,D1C575P0,UNIQUE,NORMAL,VALID,VISIBLE,CISTS_01,NO,2026-01-08 02:26:30
CISADM,D1_MSRMT_DATA_SNAP_TYPE_L,D1C574P0,UNIQUE,NORMAL,VALID,VISIBLE,CISTS_01,NO,2026-01-08 02:26:14
CISADM,D1_MSRMT_LOG,D1T300P0,UNIQUE,NORMAL,VALID,VISIBLE,CISTS_01,NO,2026-01-27 02:22:14
CISADM,D1_MSRMT_LOG_PARM,D1T301P0,UNIQUE,NORMAL,VALID,VISIBLE,CISTS_01,NO,2026-01-08 02:08:08
CISADM,D1_MULTI_VAR_FACTOR,D1C535P0,UNIQUE,NORMAL,VALID,VISIBLE,CISTS_01,NO,2026-01-08 02:26:11
CISADM,D1_MULTI_VAR_FACTOR_L,D1C563P0,UNIQUE,NORMAL,VALID,VISIBLE,CISTS_01,NO,2026-01-08 02:25:52
CISADM,D1_MULTI_VAR_FACTOR_VAL,D1C536P0,UNIQUE,NORMAL,VALID,VISIBLE,CISTS_01,NO,2026-01-08 02:26:23
CISADM,D1_MULTI_VAR_FACTOR_VAL_CHAR,D1C537P0,UNIQUE,NORMAL,VALID,VISIBLE,CISTS_01,NO,2026-01-08 02:25:49
CISADM,D1_NW_LOC,D1T421P0,UNIQUE,NORMAL,VALID,VISIBLE,CISTS_01,NO,2026-01-08 02:12:41
CISADM,D1_NW_LOC_CHAR,D1T424P0,UNIQUE,NORMAL,VALID,VISIBLE,CISTS_01,NO,2026-01-08 02:12:17
CISADM,D1_NW_LOC_IDENTIFIER,D1T422P0,UNIQUE,NORMAL,VALID,VISIBLE,CISTS_01,NO,2026-01-08 02:10:48
CISADM,D1_NW_LOC_K,D1T427P0,UNIQUE,IOT - TOP,VALID,VISIBLE,CISTS_01,NO,2026-01-07 21:32:39
CISADM,D1_NW_LOC_LOG,D1T425P0,UNIQUE,NORMAL,VALID,VISIBLE,CISTS_01,NO,2026-01-08 02:09:05
CISADM,D1_NW_LOC_LOG_PARM,D1T426P0,UNIQUE,NORMAL,VALID,VISIBLE,CISTS_01,NO,2026-01-08 02:08:36
CISADM,D1_NW_NODE,D1T423P0,UNIQUE,NORMAL,VALID,VISIBLE,CISTS_01,NO,2026-01-08 02:08:45
CISADM,D1_ON_OFF_HIST,D1M111P0,UNIQUE,NORMAL,VALID,VISIBLE,CISTS_01,NO,2026-01-09 02:13:16
CISADM,D1_PROC_MTHD,D1C278P0,UNIQUE,NORMAL,VALID,VISIBLE,CISTS_01,NO,2026-01-16 02:05:29
CISADM,D1_PROC_MTHD_CHAR,D1C280P0,UNIQUE,NORMAL,VALID,VISIBLE,CISTS_01,NO,2026-01-08 02:26:46
CISADM,D1_PROC_MTHD_CHAR,D1C280S1,NONUNIQUE,NORMAL,VALID,VISIBLE,CISTS_01,NO,2026-01-08 02:26:46
CISADM,D1_PROC_MTHD_L,D1C279P0,UNIQUE,NORMAL,VALID,VISIBLE,CISTS_01,NO,2026-01-09 02:12:19
CISADM,D1_PROC_TIMETABLE_TYPE,D1C503P0,UNIQUE,NORMAL,VALID,VISIBLE,CISTS_01,NO,2026-01-08 02:25:49
CISADM,D1_PROC_TIMETABLE_TYPE_L,D1C504P0,UNIQUE,NORMAL,VALID,VISIBLE,CISTS_01,NO,2026-01-08 02:26:27
CISADM,D1_REFERENCED_MKT_PRODUCT,D1T519P0,UNIQUE,NORMAL,VALID,VISIBLE,CISTS_01,NO,2026-01-08 02:12:46
CISADM,D1_SETT_UNIT,D1C527P0,UNIQUE,NORMAL,VALID,VISIBLE,CISTS_01,NO,2026-01-08 02:26:40
CISADM,D1_SETT_UNIT_CHAR,D1C529P0,UNIQUE,NORMAL,VALID,VISIBLE,CISTS_01,NO,2026-01-08 02:25:56
CISADM,D1_SETT_UNIT_DIMENSION,D1C531P0,UNIQUE,NORMAL,VALID,VISIBLE,CISTS_01,NO,2026-01-08 02:26:37
CISADM,D1_SETT_UNIT_DIM_COMB,D1C532P0,UNIQUE,NORMAL,VALID,VISIBLE,CISTS_01,NO,2026-01-08 02:26:06
CISADM,D1_SETT_UNIT_DIM_VAL,D1C533P0,UNIQUE,NORMAL,VALID,VISIBLE,CISTS_01,NO,2026-01-08 02:25:51
CISADM,D1_SETT_UNIT_L,D1C528P0,UNIQUE,NORMAL,VALID,VISIBLE,CISTS_01,NO,2026-01-08 02:26:12
CISADM,D1_SNAPSHOT_DL_CTRL,D1T433P0,UNIQUE,NORMAL,VALID,VISIBLE,CISTS_01,NO,2026-01-08 02:09:38
CISADM,D1_SP,D1M100P0,UNIQUE,NORMAL,VALID,VISIBLE,CISTS_01,NO,2026-02-21 22:16:52
CISADM,D1_SP,D1M100S11,NONUNIQUE,NORMAL,VALID,VISIBLE,CISTS_01,NO,2026-02-21 22:16:52
CISADM,D1_SP,D1M100S12,NONUNIQUE,NORMAL,VALID,VISIBLE,CISTS_01,NO,2026-02-21 22:16:52
CISADM,D1_SP,D1M100S13,UNIQUE,NORMAL,VALID,VISIBLE,CISTS_01,NO,2026-02-21 22:16:52
CISADM,D1_SPR,D1C275P0,UNIQUE,NORMAL,VALID,VISIBLE,CISTS_01,NO,2026-01-09 02:12:28
CISADM,D1_SPR_CHAR,D1C277P0,UNIQUE,NORMAL,VALID,VISIBLE,CISTS_01,NO,2026-01-08 02:26:15
CISADM,D1_SPR_CHAR,D1C277S1,NONUNIQUE,NORMAL,VALID,VISIBLE,CISTS_01,NO,2026-01-08 02:26:15
CISADM,D1_SPR_DT_CHAR,D1M496P0,UNIQUE,NORMAL,VALID,VISIBLE,CISTS_01,NO,2026-01-08 02:26:39
CISADM,D1_SPR_L,D1C276P0,UNIQUE,NORMAL,VALID,VISIBLE,CISTS_01,NO,2026-01-30 02:21:34
CISADM,D1_SP_CHAR,D1M101P0,UNIQUE,NORMAL,VALID,VISIBLE,CISTS_01,NO,2026-01-09 02:13:24
CISADM,D1_SP_CHAR,D1M101S1,NONUNIQUE,NORMAL,VALID,VISIBLE,CISTS_01,NO,2026-01-09 02:13:24
CISADM,D1_SP_CONTACT,D1M106P0,UNIQUE,NORMAL,VALID,VISIBLE,CISTS_01,NO,2026-01-09 02:13:13
CISADM,D1_SP_CONTACT,D1M106S0,NONUNIQUE,NORMAL,VALID,VISIBLE,CISTS_01,NO,2026-01-09 02:13:14
CISADM,D1_SP_EQPMNT,D1M621P0,UNIQUE,NORMAL,VALID,VISIBLE,CISTS_01,NO,2026-01-30 02:21:36
CISADM,D1_SP_FACILITY,D1M426P0,UNIQUE,NORMAL,VALID,VISIBLE,CISTS_01,NO,2026-01-08 02:12:44
CISADM,D1_SP_IDENTIFIER,D1M104P0,UNIQUE,NORMAL,VALID,VISIBLE,CISTS_01,NO,2026-02-12 02:14:29
CISADM,D1_SP_IDENTIFIER,D1M104S0,NONUNIQUE,NORMAL,VALID,VISIBLE,CISTS_01,NO,2026-02-12 02:14:29
CISADM,D1_SP_IDENTIFIER,D1M104S1,NONUNIQUE,FUNCTION-BASED NORMAL,VALID,VISIBLE,CISTS_01,NO,2026-02-12 02:14:30
CISADM,D1_SP_K,D1T294P0,UNIQUE,IOT - TOP,VALID,VISIBLE,CISTS_01,NO,2026-01-08 02:19:10
CISADM,D1_SP_LOG,D1M102P0,UNIQUE,NORMAL,VALID,VISIBLE,CISTS_01,NO,2026-02-12 02:14:31
CISADM,D1_SP_LOG,D1M102S1,NONUNIQUE,NORMAL,VALID,VISIBLE,CISTS_01,NO,2026-02-12 02:14:31
CISADM,D1_SP_LOG,D1M102S2,NONUNIQUE,NORMAL,VALID,VISIBLE,CISTS_01,NO,2026-02-12 02:14:31
CISADM,D1_SP_LOG_PARM,D1M103P0,UNIQUE,NORMAL,VALID,VISIBLE,CISTS_01,NO,2026-02-12 02:14:26
CISADM,D1_SP_MKT_PARTICIPANT,D1M105P0,UNIQUE,NORMAL,VALID,VISIBLE,CISTS_01,NO,2026-01-08 02:14:22
CISADM,D1_SP_MSRMT_CYC_SCHED_RTE,D1T417P0,UNIQUE,NORMAL,VALID,VISIBLE,CISTS_01,NO,2026-01-30 02:22:17
CISADM,D1_SP_QTY,D1T549P0,UNIQUE,NORMAL,VALID,VISIBLE,CISTS_01,NO,2026-01-08 02:16:02
CISADM,D1_SP_QTY_K,D1T552P0,UNIQUE,IOT - TOP,VALID,VISIBLE,CISTS_01,NO,2026-01-07 21:32:43
CISADM,D1_SP_QTY_LOG,D1T550P0,UNIQUE,NORMAL,VALID,VISIBLE,CISTS_01,NO,2026-01-08 02:12:45
CISADM,D1_SP_QTY_LOG_PARM,D1T551P0,UNIQUE,NORMAL,VALID,VISIBLE,CISTS_01,NO,2026-01-08 02:11:15
CISADM,D1_SP_QTY_TYPE,D1C545P0,UNIQUE,NORMAL,VALID,VISIBLE,CISTS_01,NO,2026-01-08 02:25:51
CISADM,D1_SP_QTY_TYPE_IDENTIFIER,D1C546P0,UNIQUE,NORMAL,VALID,VISIBLE,CISTS_01,NO,2026-01-08 02:26:44
CISADM,D1_SP_QTY_TYPE_IDENTIFIER_L,D1C548P0,UNIQUE,NORMAL,VALID,VISIBLE,CISTS_01,NO,2026-01-08 02:25:54
CISADM,D1_SP_QTY_TYPE_L,D1C547P0,UNIQUE,NORMAL,VALID,VISIBLE,CISTS_01,NO,2026-01-08 02:26:03
CISADM,D1_SP_REL,D1M317P0,UNIQUE,NORMAL,VALID,VISIBLE,CISTS_01,NO,2026-01-08 02:08:09
CISADM,D1_SP_REL,D1M317S1,UNIQUE,NORMAL,VALID,VISIBLE,CISTS_01,NO,2026-01-08 02:08:09
CISADM,D1_SP_SNAP_DL,D1T434P0,UNIQUE,NORMAL,VALID,VISIBLE,CISTS_01,NO,2026-01-08 02:15:07
CISADM,D1_SP_SNAP_DL,D1T434S0,UNIQUE,NORMAL,VALID,VISIBLE,CISTS_01,NO,2026-01-08 02:15:07
CISADM,D1_SP_SNAP_DL_K,D1T435P0,UNIQUE,IOT - TOP,VALID,VISIBLE,CISTS_01,NO,2026-01-07 21:32:43
CISADM,D1_SP_TYPE,D1C189P0,UNIQUE,NORMAL,VALID,VISIBLE,CISTS_01,NO,2026-02-21 22:16:50
CISADM,D1_SP_TYPE_CHAR,D1C191P0,UNIQUE,NORMAL,VALID,VISIBLE,CISTS_01,NO,2026-01-08 02:26:04
CISADM,D1_SP_TYPE_CHAR,D1C191S1,NONUNIQUE,NORMAL,VALID,VISIBLE,CISTS_01,NO,2026-01-08 02:26:04
CISADM,D1_SP_TYPE_DEVICE_TYPE,D1C192P0,UNIQUE,NORMAL,VALID,VISIBLE,CISTS_01,NO,2026-01-16 02:05:31
CISADM,D1_SP_TYPE_DISCONNECT_LOCATION,D1C637P0,UNIQUE,NORMAL,VALID,VISIBLE,CISTS_01,NO,2026-01-08 02:25:49
CISADM,D1_SP_TYPE_DIV,D1C635P0,UNIQUE,NORMAL,VALID,VISIBLE,CISTS_01,NO,2026-01-16 02:05:29
CISADM,D1_SP_TYPE_FIELD_TASK_TYPE,D1M630P0,UNIQUE,NORMAL,VALID,VISIBLE,CISTS_01,NO,2026-01-08 02:08:08
CISADM,D1_SP_TYPE_L,D1C190P0,UNIQUE,NORMAL,VALID,VISIBLE,CISTS_01,NO,2026-01-29 02:18:01
CISADM,D1_SP_UNR_USG_SNAP_DL,D1T438P0,UNIQUE,NORMAL,VALID,VISIBLE,CISTS_01,NO,2026-01-08 02:11:52
CISADM,D1_SP_UNR_USG_SNAP_DL,D1T438S0,UNIQUE,NORMAL,VALID,VISIBLE,CISTS_01,NO,2026-01-08 02:11:52
CISADM,D1_SP_UNR_USG_SNAP_DL_K,D1T439P0,UNIQUE,IOT - TOP,VALID,VISIBLE,CISTS_01,NO,2026-01-07 21:32:43
CISADM,D1_SP_USG_SNAP_DL,D1T436P0,UNIQUE,NORMAL,VALID,VISIBLE,CISTS_01,NO,2026-01-08 02:10:47
CISADM,D1_SP_USG_SNAP_DL,D1T436S0,UNIQUE,NORMAL,VALID,VISIBLE,CISTS_01,NO,2026-01-08 02:10:47
CISADM,D1_SP_USG_SNAP_DL_K,D1T437P0,UNIQUE,IOT - TOP,VALID,VISIBLE,CISTS_01,NO,2026-01-07 21:32:44
CISADM,D1_SP_VEE_EXCP_SNAP_DL,D1T440P0,UNIQUE,NORMAL,VALID,VISIBLE,CISTS_01,NO,2026-01-08 02:13:28
CISADM,D1_SP_VEE_EXCP_SNAP_DL,D1T440S0,UNIQUE,NORMAL,VALID,VISIBLE,CISTS_01,NO,2026-01-08 02:13:28
CISADM,D1_SP_VEE_EXCP_SNAP_DL_K,D1T441P0,UNIQUE,IOT - TOP,VALID,VISIBLE,CISTS_01,NO,2026-01-07 21:32:44
CISADM,D1_SQI,D1C129P0,UNIQUE,NORMAL,VALID,VISIBLE,CISTS_01,NO,2026-01-08 02:26:41
CISADM,D1_SQI_L,D1C130P0,UNIQUE,NORMAL,VALID,VISIBLE,CISTS_01,NO,2026-01-09 02:12:18
CISADM,D1_STG_MSRMT,D1T543P0,UNIQUE,NORMAL,VALID,VISIBLE,CISTS_01,NO,2026-01-08 02:11:31
CISADM,D1_SVC_TYPE,D1C123P0,UNIQUE,NORMAL,VALID,VISIBLE,CISTS_01,NO,2026-01-16 02:05:27
CISADM,D1_SVC_TYPE_L,D1C124P0,UNIQUE,NORMAL,VALID,VISIBLE,CISTS_01,NO,2026-01-16 02:05:27
CISADM,D1_TOU,D1C127P0,UNIQUE,NORMAL,VALID,VISIBLE,CISTS_01,NO,2026-01-29 02:18:01
CISADM,D1_TOU_GRP,D1C140P0,UNIQUE,NORMAL,VALID,VISIBLE,CISTS_01,NO,2026-01-29 02:18:01
CISADM,D1_TOU_GRP_CHAR,D1C143P0,UNIQUE,NORMAL,VALID,VISIBLE,CISTS_01,NO,2026-01-08 02:26:28
CISADM,D1_TOU_GRP_CHAR,D1C143S1,NONUNIQUE,NORMAL,VALID,VISIBLE,CISTS_01,NO,2026-01-08 02:26:28
CISADM,D1_TOU_GRP_L,D1C141P0,UNIQUE,NORMAL,VALID,VISIBLE,CISTS_01,NO,2026-01-29 02:18:01
CISADM,D1_TOU_GRP_TOU,D1C142P0,NONUNIQUE,NORMAL,VALID,VISIBLE,CISTS_01,NO,2026-01-08 02:26:32
CISADM,D1_TOU_L,D1C128P0,UNIQUE,NORMAL,VALID,VISIBLE,CISTS_01,NO,2026-01-09 02:12:31
CISADM,D1_TOU_MAP,D1C160P0,UNIQUE,NORMAL,VALID,VISIBLE,CISTS_01,NO,2026-01-08 02:26:06
CISADM,D1_TOU_MAP,D1C160S3,NONUNIQUE,NORMAL,VALID,VISIBLE,CISTS_01,NO,2026-01-08 02:26:06
CISADM,D1_TOU_MAP,D1C160S4,NONUNIQUE,NORMAL,VALID,VISIBLE,CISTS_01,NO,2026-01-08 02:26:06
CISADM,D1_TOU_MAP_CHAR,D1C164P0,UNIQUE,NORMAL,VALID,VISIBLE,CISTS_01,NO,2026-01-08 02:26:24
CISADM,D1_TOU_MAP_CHAR,D1C164S1,NONUNIQUE,NORMAL,VALID,VISIBLE,CISTS_01,NO,2026-01-08 02:26:24
CISADM,D1_TOU_MAP_DATA,D1T170P0,UNIQUE,NORMAL,VALID,VISIBLE,CISTS_01,NO,2026-01-08 02:25:50
CISADM,D1_TOU_MAP_DATA_CHAR,D1C171P0,UNIQUE,NORMAL,VALID,VISIBLE,CISTS_01,NO,2026-01-08 02:25:56
CISADM,D1_TOU_MAP_DATA_CHAR,D1C171S1,NONUNIQUE,NORMAL,VALID,VISIBLE,CISTS_01,NO,2026-01-08 02:25:56
CISADM,D1_TOU_MAP_DATA_TMP,D1T329P0,UNIQUE,NORMAL,VALID,VISIBLE,,NO,
CISADM,D1_TOU_MAP_DATA_TMP2,D1T345P0,UNIQUE,NORMAL,VALID,VISIBLE,,NO,
CISADM,D1_TOU_MAP_DYN_OPT,D1M162P0,UNIQUE,NORMAL,VALID,VISIBLE,CISTS_01,NO,2026-01-08 02:26:40
CISADM,D1_TOU_MAP_DYN_OPT,D1M162S1,NONUNIQUE,NORMAL,VALID,VISIBLE,CISTS_01,NO,2026-01-08 02:26:41
CISADM,D1_TOU_MAP_K,D1T295P0,UNIQUE,IOT - TOP,VALID,VISIBLE,CISTS_01,NO,2026-01-07 21:32:45
CISADM,D1_TOU_MAP_L,D1C161P0,UNIQUE,NORMAL,VALID,VISIBLE,CISTS_01,NO,2026-01-08 02:26:30
CISADM,D1_TOU_MAP_L,D1C161S1,NONUNIQUE,NORMAL,VALID,VISIBLE,CISTS_01,NO,2026-01-08 02:26:30
CISADM,D1_TOU_MAP_LOG,D1C165P0,UNIQUE,NORMAL,VALID,VISIBLE,CISTS_01,NO,2026-01-08 02:26:27
CISADM,D1_TOU_MAP_LOG,D1C165S1,NONUNIQUE,NORMAL,VALID,VISIBLE,CISTS_01,NO,2026-01-08 02:26:27
CISADM,D1_TOU_MAP_LOG,D1C165S2,NONUNIQUE,NORMAL,VALID,VISIBLE,CISTS_01,NO,2026-01-08 02:26:27
CISADM,D1_TOU_MAP_LOG_PARM,D1C163P0,UNIQUE,NORMAL,VALID,VISIBLE,CISTS_01,NO,2026-01-08 02:26:28
CISADM,D1_TOU_MAP_TMPLT,D1C150P0,UNIQUE,NORMAL,VALID,VISIBLE,CISTS_01,NO,2026-01-08 02:26:01
CISADM,D1_TOU_MAP_TMPLT,D1C150S2,NONUNIQUE,NORMAL,VALID,VISIBLE,CISTS_01,NO,2026-01-08 02:26:01
CISADM,D1_TOU_MAP_TMPLT,D1C150S4,NONUNIQUE,NORMAL,VALID,VISIBLE,CISTS_01,NO,2026-01-08 02:26:01
CISADM,D1_TOU_MAP_TMPLT_CHAR,D1C152P0,UNIQUE,NORMAL,VALID,VISIBLE,CISTS_01,NO,2026-01-08 02:26:34
CISADM,D1_TOU_MAP_TMPLT_CHAR,D1C152S1,NONUNIQUE,NORMAL,VALID,VISIBLE,CISTS_01,NO,2026-01-08 02:26:34
CISADM,D1_TOU_MAP_TMPLT_L,D1C151P0,UNIQUE,NORMAL,VALID,VISIBLE,CISTS_01,NO,2026-01-08 02:25:58
CISADM,D1_TOU_MAP_TYPE,D1C153P0,UNIQUE,NORMAL,VALID,VISIBLE,CISTS_01,NO,2026-02-03 02:14:28
CISADM,D1_TOU_MAP_TYPE,D1C153S4,NONUNIQUE,NORMAL,VALID,VISIBLE,CISTS_01,NO,2026-02-03 02:14:28
CISADM,D1_TOU_MAP_TYPE_CHAR,D1C156P0,UNIQUE,NORMAL,VALID,VISIBLE,CISTS_01,NO,2026-01-08 02:26:10
CISADM,D1_TOU_MAP_TYPE_CHAR,D1C156S1,NONUNIQUE,NORMAL,VALID,VISIBLE,CISTS_01,NO,2026-01-08 02:26:10
CISADM,D1_TOU_MAP_TYPE_L,D1C154P0,UNIQUE,NORMAL,VALID,VISIBLE,CISTS_01,NO,2026-02-03 02:14:28
CISADM,D1_TOU_MAP_TYPE_TMPLT,D1C155P0,UNIQUE,NORMAL,VALID,VISIBLE,CISTS_01,NO,2026-01-08 02:25:51
CISADM,D1_UOM,D1C125P0,UNIQUE,NORMAL,VALID,VISIBLE,CISTS_01,NO,2026-01-09 02:12:27
CISADM,D1_UOM,D1C125S1,NONUNIQUE,NORMAL,VALID,VISIBLE,CISTS_01,NO,2026-01-09 02:12:27
CISADM,D1_UOM_L,D1C126P0,UNIQUE,NORMAL,VALID,VISIBLE,CISTS_01,NO,2026-01-09 02:12:21
CISADM,D1_US,D1M211P0,UNIQUE,NORMAL,VALID,VISIBLE,CISTS_01,NO,2026-01-23 02:19:09
CISADM,D1_USAGE,D1T281P0,UNIQUE,NORMAL,VALID,VISIBLE,CISTS_01,NO,2026-01-23 02:23:32
CISADM,D1_USAGE,D1T281S0,NONUNIQUE,NORMAL,VALID,VISIBLE,CISTS_01,NO,2026-01-23 02:23:41
CISADM,D1_USAGE,D1T281S1,UNIQUE,NORMAL,VALID,VISIBLE,CISTS_01,NO,2026-01-23 02:23:30
CISADM,D1_USAGE,D1T419S1,NONUNIQUE,NORMAL,VALID,VISIBLE,CISTS_01,NO,2026-01-23 02:23:33
CISADM,D1_USAGE_CAL_TYPE_CTRL,D1T562P0,UNIQUE,NORMAL,VALID,VISIBLE,CISTS_01,NO,2026-01-08 02:15:02
CISADM,D1_USAGE_CHAR,D1T285P0,UNIQUE,NORMAL,VALID,VISIBLE,CISTS_01,NO,2026-01-08 02:10:43
CISADM,D1_USAGE_CHAR,D1T285S1,NONUNIQUE,NORMAL,VALID,VISIBLE,CISTS_01,NO,2026-01-08 02:10:43
CISADM,D1_USAGE_CTRL,D1T448P0,UNIQUE,NORMAL,VALID,VISIBLE,CISTS_01,NO,2026-01-09 02:12:51
CISADM,D1_USAGE_CTRL,D1T448S1,NONUNIQUE,NORMAL,VALID,VISIBLE,CISTS_01,NO,2026-01-09 02:12:51
CISADM,D1_USAGE_EXCP,D1T443P0,UNIQUE,NORMAL,VALID,VISIBLE,CISTS_01,NO,2026-01-20 02:18:54
CISADM,D1_USAGE_EXCP,D1T443S1,NONUNIQUE,NORMAL,VALID,VISIBLE,CISTS_01,NO,2026-01-20 02:18:55
CISADM,D1_USAGE_EXCP_CHAR,D1T446P0,UNIQUE,NORMAL,VALID,VISIBLE,CISTS_01,NO,2026-01-08 02:15:23
CISADM,D1_USAGE_EXCP_CHAR,D1T446S1,NONUNIQUE,NORMAL,VALID,VISIBLE,CISTS_01,NO,2026-01-08 02:15:23
CISADM,D1_USAGE_EXCP_K,D1T444P0,UNIQUE,IOT - TOP,VALID,VISIBLE,CISTS_01,NO,2026-01-08 02:21:03
CISADM,D1_USAGE_EXCP_PARM,D1T445P0,UNIQUE,NORMAL,VALID,VISIBLE,CISTS_01,NO,2026-01-09 02:17:09
CISADM,D1_USAGE_EXCP_TYPE,D1C415P0,UNIQUE,NORMAL,VALID,VISIBLE,CISTS_01,NO,2026-01-09 02:12:15
CISADM,D1_USAGE_EXCP_TYPE_CHAR,D1C417P0,UNIQUE,NORMAL,VALID,VISIBLE,CISTS_01,NO,2026-01-08 02:26:21
CISADM,D1_USAGE_EXCP_TYPE_CHAR,D1C417S1,NONUNIQUE,NORMAL,VALID,VISIBLE,CISTS_01,NO,2026-01-08 02:26:21
CISADM,D1_USAGE_EXCP_TYPE_L,D1C416P0,UNIQUE,NORMAL,VALID,VISIBLE,CISTS_01,NO,2026-01-09 02:12:30
CISADM,D1_USAGE_K,D1T296P0,UNIQUE,IOT - TOP,VALID,VISIBLE,CISTS_01,NO,2026-01-08 02:21:34
CISADM,D1_USAGE_LOG,D1T286P0,UNIQUE,NORMAL,VALID,VISIBLE,CISTS_01,NO,2026-01-09 02:34:11
CISADM,D1_USAGE_LOG,D1T286S1,NONUNIQUE,NORMAL,VALID,VISIBLE,CISTS_01,NO,2026-01-09 02:34:00
CISADM,D1_USAGE_LOG,D1T286S2,NONUNIQUE,NORMAL,VALID,VISIBLE,CISTS_01,NO,2026-01-09 02:34:27
CISADM,D1_USAGE_LOG_PARM,D1T287P0,UNIQUE,NORMAL,VALID,VISIBLE,CISTS_01,NO,2026-01-09 02:29:04
CISADM,D1_USAGE_PERIOD,D1T283P0,UNIQUE,NORMAL,VALID,VISIBLE,CISTS_01,NO,2026-01-09 02:16:38
CISADM,D1_USAGE_PERIOD_ITEM_DET,D1T431P0,UNIQUE,NORMAL,VALID,VISIBLE,CISTS_01,NO,2026-01-08 02:10:06
CISADM,D1_USAGE_PERIOD_SQ,D1T284P0,UNIQUE,NORMAL,VALID,VISIBLE,CISTS_01,NO,2026-01-27 02:22:23
CISADM,D1_USAGE_PERIOD_SQ_DATA,D1T497P0,UNIQUE,NORMAL,VALID,VISIBLE,CISTS_01,NO,2026-01-08 02:15:16
CISADM,D1_USAGE_REL,D1T316P0,UNIQUE,NORMAL,VALID,VISIBLE,CISTS_01,NO,2026-01-09 02:12:12
CISADM,D1_USAGE_REL,D1T316S0,UNIQUE,NORMAL,VALID,VISIBLE,CISTS_01,NO,2026-01-09 02:12:12
CISADM,D1_USAGE_SCALAR_DTL,D1T282P0,UNIQUE,NORMAL,VALID,VISIBLE,CISTS_01,NO,2026-02-20 02:21:03
CISADM,D1_USER_DIV,D1C603P0,UNIQUE,NORMAL,VALID,VISIBLE,CISTS_01,NO,2026-01-08 02:26:39
CISADM,D1_USG_CAL_TYPE,D1C556P0,UNIQUE,NORMAL,VALID,VISIBLE,CISTS_01,NO,2026-01-08 02:25:59
CISADM,D1_USG_CAL_TYPE_CHAR,D1C560P0,UNIQUE,NORMAL,VALID,VISIBLE,CISTS_01,NO,2026-01-08 02:26:24
CISADM,D1_USG_CAL_TYPE_L,D1C557P0,UNIQUE,NORMAL,VALID,VISIBLE,CISTS_01,NO,2026-01-08 02:26:23
CISADM,D1_USG_CAL_TYPE_REQ_TYPE,D1C558P0,UNIQUE,NORMAL,VALID,VISIBLE,CISTS_01,NO,2026-01-08 02:25:56
CISADM,D1_USG_CAL_TYPE_USTYPE_USG_GRP,D1C561P0,UNIQUE,NORMAL,VALID,VISIBLE,CISTS_01,NO,2026-01-08 02:26:26
CISADM,D1_USG_CAL_TYPE_US_TYPE,D1C559P0,UNIQUE,NORMAL,VALID,VISIBLE,CISTS_01,NO,2026-01-08 02:25:53
CISADM,D1_USG_GRP,D1C194P0,UNIQUE,NORMAL,VALID,VISIBLE,CISTS_01,NO,2026-02-14 22:23:50
CISADM,D1_USG_GRP_CHAR,D1C197P0,UNIQUE,NORMAL,VALID,VISIBLE,CISTS_01,NO,2026-01-08 02:26:07
CISADM,D1_USG_GRP_CHAR,D1C197S1,NONUNIQUE,NORMAL,VALID,VISIBLE,CISTS_01,NO,2026-01-08 02:26:07
CISADM,D1_USG_GRP_L,D1C195P0,UNIQUE,NORMAL,VALID,VISIBLE,CISTS_01,NO,2026-01-20 02:18:25
CISADM,D1_USG_GRP_VAL_DC_TYPE,D1C196P0,UNIQUE,NORMAL,VALID,VISIBLE,CISTS_01,NO,2026-01-08 02:25:55
CISADM,D1_USG_RULE,D1C198P0,UNIQUE,NORMAL,VALID,VISIBLE,CISTS_01,NO,2026-01-09 02:12:38
CISADM,D1_USG_RULE_CHAR,D1C200P0,UNIQUE,NORMAL,VALID,VISIBLE,CISTS_01,NO,2026-01-08 02:26:16
CISADM,D1_USG_RULE_CHAR,D1C200S1,NONUNIQUE,NORMAL,VALID,VISIBLE,CISTS_01,NO,2026-01-08 02:26:16
CISADM,D1_USG_RULE_ELIG_CRIT,D1C201P0,UNIQUE,NORMAL,VALID,VISIBLE,CISTS_01,NO,2026-01-08 02:26:19
CISADM,D1_USG_RULE_ELIG_CRIT_CHAR,D1C203P0,UNIQUE,NORMAL,VALID,VISIBLE,CISTS_01,NO,2026-01-08 02:26:37
CISADM,D1_USG_RULE_ELIG_CRIT_CHAR,D1C203S1,NONUNIQUE,NORMAL,VALID,VISIBLE,CISTS_01,NO,2026-01-08 02:26:37
CISADM,D1_USG_RULE_ELIG_CRIT_L,D1C202P0,UNIQUE,NORMAL,VALID,VISIBLE,CISTS_01,NO,2026-01-08 02:26:23
CISADM,D1_USG_RULE_L,D1C199P0,UNIQUE,NORMAL,VALID,VISIBLE,CISTS_01,NO,2026-01-09 02:12:21
CISADM,D1_US_CHAR,D1M218P0,UNIQUE,NORMAL,VALID,VISIBLE,CISTS_01,NO,2026-01-08 02:09:42
CISADM,D1_US_CHAR,D1M218S1,NONUNIQUE,NORMAL,VALID,VISIBLE,CISTS_01,NO,2026-01-08 02:09:42
CISADM,D1_US_CONTACT,D1M215P0,UNIQUE,NORMAL,VALID,VISIBLE,CISTS_01,NO,2026-01-09 02:13:38
CISADM,D1_US_CONTACT,D1M215S0,NONUNIQUE,NORMAL,VALID,VISIBLE,CISTS_01,NO,2026-01-09 02:13:38
CISADM,D1_US_DYN_OPT,D1M420P0,UNIQUE,NORMAL,VALID,VISIBLE,CISTS_01,NO,2026-01-08 02:15:49
CISADM,D1_US_DYN_OPT,D1M420S1,NONUNIQUE,NORMAL,VALID,VISIBLE,CISTS_01,NO,2026-01-08 02:15:49
CISADM,D1_US_DYN_OPT_OVRRD,D1M421P0,UNIQUE,NORMAL,VALID,VISIBLE,CISTS_01,NO,2026-01-08 02:15:22
CISADM,D1_US_DYN_OPT_OVRRD,D1M421S1,NONUNIQUE,NORMAL,VALID,VISIBLE,CISTS_01,NO,2026-01-08 02:15:22
CISADM,D1_US_DYN_OPT_OVRRD,D1M421S2,NONUNIQUE,NORMAL,VALID,VISIBLE,CISTS_01,NO,2026-01-08 02:15:22
CISADM,D1_US_FACTOR_OVRD,D1M214P0,UNIQUE,NORMAL,VALID,VISIBLE,CISTS_01,NO,2026-01-08 02:09:35
CISADM,D1_US_IDENTIFIER,D1M213P0,UNIQUE,NORMAL,VALID,VISIBLE,CISTS_01,NO,2026-01-09 02:13:46
CISADM,D1_US_IDENTIFIER,D1M213S0,NONUNIQUE,NORMAL,VALID,VISIBLE,CISTS_01,NO,2026-01-09 02:13:47
CISADM,D1_US_IDENTIFIER,D1M213S1,NONUNIQUE,FUNCTION-BASED NORMAL,VALID,VISIBLE,CISTS_01,NO,2026-01-09 02:13:47
CISADM,D1_US_K,D1T221P0,UNIQUE,IOT - TOP,VALID,VISIBLE,CISTS_01,NO,2026-01-08 02:19:17
CISADM,D1_US_LOG,D1M219P0,UNIQUE,NORMAL,VALID,VISIBLE,CISTS_01,NO,2026-01-16 02:06:48
CISADM,D1_US_LOG,D1M219S1,NONUNIQUE,NORMAL,VALID,VISIBLE,CISTS_01,NO,2026-01-16 02:06:48
CISADM,D1_US_LOG,D1M219S2,NONUNIQUE,NORMAL,VALID,VISIBLE,CISTS_01,NO,2026-01-16 02:06:48
CISADM,D1_US_LOG_PARM,D1M220P0,UNIQUE,NORMAL,VALID,VISIBLE,CISTS_01,NO,2026-01-16 02:06:17
CISADM,D1_US_MC,D1M268S1,NONUNIQUE,NORMAL,VALID,VISIBLE,CISTS_01,NO,2026-01-08 02:08:10
CISADM,D1_US_MC,D1M319S0,NONUNIQUE,NORMAL,VALID,VISIBLE,CISTS_01,NO,2026-01-08 02:08:10
CISADM,D1_US_MC,D1M429P0,UNIQUE,NORMAL,VALID,VISIBLE,CISTS_01,NO,2026-01-08 02:08:10
CISADM,D1_US_MC_SET,D1M495P0,UNIQUE,NORMAL,VALID,VISIBLE,CISTS_01,NO,2026-01-08 02:15:18
CISADM,D1_US_MKT_PART,D1M480P0,UNIQUE,NORMAL,VALID,VISIBLE,CISTS_01,NO,2026-01-08 02:13:45
CISADM,D1_US_MKT_PART_CHAR,D1M483P0,UNIQUE,NORMAL,VALID,VISIBLE,CISTS_01,NO,2026-01-08 02:09:04
CISADM,D1_US_MKT_PART_IDENTIFIER,D1M482P0,UNIQUE,NORMAL,VALID,VISIBLE,CISTS_01,NO,2026-01-08 02:09:13
CISADM,D1_US_MKT_PART_K,D1M481P0,UNIQUE,IOT - TOP,VALID,VISIBLE,CISTS_01,NO,2026-01-07 21:33:57
CISADM,D1_US_MKT_PART_LOG,D1M484P0,UNIQUE,NORMAL,VALID,VISIBLE,CISTS_01,NO,2026-01-08 02:12:39
CISADM,D1_US_MKT_PART_LOG_PARM,D1M485P0,UNIQUE,NORMAL,VALID,VISIBLE,CISTS_01,NO,2026-01-08 02:09:30
CISADM,D1_US_QTY,D1M576P0,UNIQUE,NORMAL,VALID,VISIBLE,CISTS_01,NO,2026-01-08 02:10:46
CISADM,D1_US_QTY_K,D1M577P0,UNIQUE,IOT - TOP,VALID,VISIBLE,CISTS_01,NO,2026-01-07 21:33:57
CISADM,D1_US_QTY_LOG,D1M578P0,UNIQUE,NORMAL,VALID,VISIBLE,CISTS_01,NO,2026-01-08 02:09:01
CISADM,D1_US_QTY_LOG_PARM,D1M579P0,UNIQUE,NORMAL,VALID,VISIBLE,CISTS_01,NO,2026-01-08 02:11:56
CISADM,D1_US_QTY_TYPE,D1C580P0,UNIQUE,NORMAL,VALID,VISIBLE,CISTS_01,NO,2026-01-08 02:25:49
CISADM,D1_US_QTY_TYPE_IDENTIFIER,D1C581P0,UNIQUE,NORMAL,VALID,VISIBLE,CISTS_01,NO,2026-01-08 02:26:10
CISADM,D1_US_QTY_TYPE_IDENTIFIER_L,D1C583P0,UNIQUE,NORMAL,VALID,VISIBLE,CISTS_01,NO,2026-01-08 02:26:35
CISADM,D1_US_QTY_TYPE_L,D1C582P0,UNIQUE,NORMAL,VALID,VISIBLE,CISTS_01,NO,2026-01-08 02:26:35
CISADM,D1_US_REL,D1M419P0,UNIQUE,NORMAL,VALID,VISIBLE,CISTS_01,NO,2026-01-08 02:09:07
CISADM,D1_US_RS_CLASS,D1M595P0,UNIQUE,NORMAL,VALID,VISIBLE,CISTS_01,NO,2026-01-08 02:11:18
CISADM,D1_US_SP,D1M216P0,UNIQUE,NORMAL,VALID,VISIBLE,CISTS_01,NO,2026-01-16 02:06:13
CISADM,D1_US_SP,D1M216S0,NONUNIQUE,NORMAL,VALID,VISIBLE,CISTS_01,NO,2026-01-16 02:06:13
CISADM,D1_US_SP,D1M216S1,NONUNIQUE,NORMAL,VALID,VISIBLE,CISTS_01,NO,2026-01-16 02:06:13
CISADM,D1_US_SP_CHAR,D1M217P0,UNIQUE,NORMAL,VALID,VISIBLE,CISTS_01,NO,2026-01-08 02:13:14
CISADM,D1_US_SP_CHAR,D1M217S1,NONUNIQUE,NORMAL,VALID,VISIBLE,CISTS_01,NO,2026-01-08 02:13:15
CISADM,D1_US_TYPE,D1C204P0,UNIQUE,NORMAL,VALID,VISIBLE,CISTS_01,NO,2026-02-14 22:23:43
CISADM,D1_US_TYPE_CHAR,D1C206P0,UNIQUE,NORMAL,VALID,VISIBLE,CISTS_01,NO,2026-02-14 22:23:43
CISADM,D1_US_TYPE_CHAR,D1C206S1,NONUNIQUE,NORMAL,VALID,VISIBLE,CISTS_01,NO,2026-02-14 22:23:43
CISADM,D1_US_TYPE_FB_USG_GRP,D1C210P0,UNIQUE,NORMAL,VALID,VISIBLE,CISTS_01,NO,2026-01-08 02:26:08
CISADM,D1_US_TYPE_L,D1C205P0,UNIQUE,NORMAL,VALID,VISIBLE,CISTS_01,NO,2026-02-14 22:23:43
CISADM,D1_US_TYPE_VAL_DYN_OPT_TYPE,D1C409P0,UNIQUE,NORMAL,VALID,VISIBLE,CISTS_01,NO,2026-01-08 02:26:01
CISADM,D1_US_TYPE_VAL_DYN_OPT_TYPE,D1C409S1,NONUNIQUE,NORMAL,VALID,VISIBLE,CISTS_01,NO,2026-01-08 02:26:01
CISADM,D1_US_TYPE_VAL_SPR,D1C208P0,UNIQUE,NORMAL,VALID,VISIBLE,CISTS_01,NO,2026-02-14 22:23:49
CISADM,D1_US_TYPE_VAL_SP_TYPE,D1C207P0,UNIQUE,NORMAL,VALID,VISIBLE,CISTS_01,NO,2026-02-14 22:23:49
CISADM,D1_US_TYPE_VAL_USG_GRP,D1C209P0,UNIQUE,NORMAL,VALID,VISIBLE,CISTS_01,NO,2026-01-09 02:12:17
CISADM,D1_US_USG_GRP,D1M212P0,UNIQUE,NORMAL,VALID,VISIBLE,CISTS_01,NO,2026-01-08 02:09:12
CISADM,D1_US_USG_GRP_DL,D1T442P0,UNIQUE,NORMAL,VALID,VISIBLE,CISTS_01,NO,2026-01-08 02:13:47
CISADM,D1_US_USG_GRP_SEQ,D1M544P0,UNIQUE,NORMAL,VALID,VISIBLE,CISTS_01,NO,2026-01-08 02:13:19
CISADM,D1_VALID_MULTI_VAR_FACTOR,D1C530P0,UNIQUE,NORMAL,VALID,VISIBLE,CISTS_01,NO,2026-01-08 02:26:16
CISADM,D1_VEE_ELIG_CRIT,D1C120P0,NONUNIQUE,NORMAL,VALID,VISIBLE,CISTS_01,NO,2026-01-08 02:26:16
CISADM,D1_VEE_ELIG_CRIT_CHAR,D1C122P0,UNIQUE,NORMAL,VALID,VISIBLE,CISTS_01,NO,2026-01-08 02:26:02
CISADM,D1_VEE_ELIG_CRIT_CHAR,D1C122S1,NONUNIQUE,NORMAL,VALID,VISIBLE,CISTS_01,NO,2026-01-08 02:26:02
CISADM,D1_VEE_ELIG_CRIT_L,D1C121P0,UNIQUE,NORMAL,VALID,VISIBLE,CISTS_01,NO,2026-01-08 02:25:49
CISADM,D1_VEE_EXCP,D1T308P0,UNIQUE,NORMAL,VALID,VISIBLE,CISTS_01,NO,2026-02-03 02:15:06
CISADM,D1_VEE_EXCP,D1T308S1,NONUNIQUE,NORMAL,VALID,VISIBLE,CISTS_01,NO,2026-02-03 02:15:05
CISADM,D1_VEE_EXCP_CHAR,D1T310P0,UNIQUE,NORMAL,VALID,VISIBLE,CISTS_01,NO,2026-01-08 02:15:45
CISADM,D1_VEE_EXCP_CHAR,D1T310S1,NONUNIQUE,NORMAL,VALID,VISIBLE,CISTS_01,NO,2026-01-08 02:15:44
CISADM,D1_VEE_EXCP_K,D1T315P0,UNIQUE,IOT - TOP,VALID,VISIBLE,CISTS_01,NO,2026-01-08 02:23:39
CISADM,D1_VEE_EXCP_PARM,D1T309P0,UNIQUE,NORMAL,VALID,VISIBLE,CISTS_01,NO,2026-01-27 02:22:05
CISADM,D1_VEE_GRP,D1C100P0,NONUNIQUE,NORMAL,VALID,VISIBLE,CISTS_01,NO,2026-01-08 02:25:49
CISADM,D1_VEE_GRP_CHAR,D1C102P0,UNIQUE,NORMAL,VALID,VISIBLE,CISTS_01,NO,2026-01-08 02:26:46
CISADM,D1_VEE_GRP_CHAR,D1C102S1,NONUNIQUE,NORMAL,VALID,VISIBLE,CISTS_01,NO,2026-01-08 02:26:46
CISADM,D1_VEE_GRP_L,D1C101P0,UNIQUE,NORMAL,VALID,VISIBLE,CISTS_01,NO,2026-01-20 02:18:25
CISADM,D1_VEE_RULE,D1C110P0,NONUNIQUE,NORMAL,VALID,VISIBLE,CISTS_01,NO,2026-02-28 22:20:29
CISADM,D1_VEE_RULE_CHAR,D1C112P0,UNIQUE,NORMAL,VALID,VISIBLE,CISTS_01,NO,2026-01-08 02:26:42
CISADM,D1_VEE_RULE_CHAR,D1C112S1,NONUNIQUE,NORMAL,VALID,VISIBLE,CISTS_01,NO,2026-01-08 02:26:42
CISADM,D1_VEE_RULE_L,D1C111P0,UNIQUE,NORMAL,VALID,VISIBLE,CISTS_01,NO,2026-01-09 02:12:39
CISADM,F1_ACTION_METHOD,F1C777P0,UNIQUE,NORMAL,VALID,VISIBLE,CISTS_01,NO,2026-01-16 02:05:25
CISADM,F1_ACTION_METHOD_CHAR,F1C779P0,UNIQUE,NORMAL,VALID,VISIBLE,CISTS_01,NO,2026-01-08 02:25:55
CISADM,F1_ACTION_METHOD_CHAR,F1C779S1,NONUNIQUE,NORMAL,VALID,VISIBLE,CISTS_01,NO,2026-01-08 02:25:55
CISADM,F1_ACTION_METHOD_L,F1C778P0,UNIQUE,NORMAL,VALID,VISIBLE,CISTS_01,NO,2026-01-16 02:05:28
CISADM,F1_ARC_TBL_PARTITION_HIST,F1M632P0,UNIQUE,NORMAL,VALID,VISIBLE,CISTS_01,NO,2026-01-08 02:11:56
CISADM,F1_ATTACHMENT,F1T819P0,UNIQUE,NORMAL,VALID,VISIBLE,CISTS_01,NO,2026-02-04 02:18:25
CISADM,F1_ATTACHMENT,F1T819S1,UNIQUE,NORMAL,VALID,VISIBLE,CISTS_01,NO,2026-02-04 02:18:25
CISADM,F1_ATTACHMENT,F1T819S2,UNIQUE,NORMAL,VALID,VISIBLE,CISTS_01,NO,2026-02-04 02:18:25
CISADM,F1_ATTACHMENT,F1T819S3,UNIQUE,NORMAL,VALID,VISIBLE,CISTS_01,NO,2026-02-04 02:18:25
CISADM,F1_ATTACHMENT_CHAR,F1T820P0,UNIQUE,NORMAL,VALID,VISIBLE,CISTS_01,NO,2026-01-09 02:12:13
CISADM,F1_ATTACHMENT_CHAR,F1T820S1,NONUNIQUE,NORMAL,VALID,VISIBLE,CISTS_01,NO,2026-01-09 02:12:13
CISADM,F1_ATTACHMENT_K,F1T910P0,UNIQUE,IOT - TOP,VALID,VISIBLE,CISTS_01,NO,2026-01-08 02:17:22
CISADM,F1_BKT_CONFIG,F1C492P0,UNIQUE,NORMAL,VALID,VISIBLE,CISTS_01,NO,2026-01-23 02:17:03
CISADM,F1_BKT_CONFIG,F1C492S1,NONUNIQUE,NORMAL,VALID,VISIBLE,CISTS_01,NO,2026-01-23 02:17:03
CISADM,F1_BKT_CONFIG_L,F1C493P0,UNIQUE,NORMAL,VALID,VISIBLE,CISTS_01,NO,2026-01-23 02:17:03
CISADM,F1_BKT_CONFIG_REL_OBJ,F1C494P0,UNIQUE,NORMAL,VALID,VISIBLE,CISTS_01,NO,2026-01-08 02:26:15
CISADM,F1_BKT_CONFIG_REL_OBJ,F1C494S1,NONUNIQUE,NORMAL,VALID,VISIBLE,CISTS_01,NO,2026-01-08 02:26:18
CISADM,F1_BKT_CONFIG_VAL,F1C495P0,UNIQUE,NORMAL,VALID,VISIBLE,CISTS_01,NO,2026-01-23 02:16:58
CISADM,F1_BKT_CONFIG_VAL_L,F1C496P0,UNIQUE,NORMAL,VALID,VISIBLE,CISTS_01,NO,2026-01-23 02:16:58
CISADM,F1_BNDL,FT050P0,UNIQUE,NORMAL,VALID,VISIBLE,CISTS_01,NO,2026-02-14 22:23:50
CISADM,F1_BNDL,FT050S1,UNIQUE,NORMAL,VALID,VISIBLE,CISTS_01,NO,2026-02-14 22:23:50
CISADM,F1_BNDL_CHAR,FT051P0,UNIQUE,NORMAL,VALID,VISIBLE,CISTS_01,NO,2026-01-08 02:15:54
CISADM,F1_BNDL_CHAR,FT051S1,NONUNIQUE,NORMAL,VALID,VISIBLE,CISTS_01,NO,2026-01-08 02:15:54
CISADM,F1_BNDL_ENTITY,FT055P0,UNIQUE,NORMAL,VALID,VISIBLE,CISTS_01,NO,2026-02-14 22:23:49
CISADM,F1_BNDL_ENTITY,FT055S1,NONUNIQUE,NORMAL,VALID,VISIBLE,CISTS_01,NO,2026-02-14 22:23:49
CISADM,F1_BNDL_ENTITY,FT055S2,UNIQUE,NORMAL,VALID,VISIBLE,CISTS_01,NO,2026-02-14 22:23:49
CISADM,F1_BNDL_K,FT060P0,UNIQUE,IOT - TOP,VALID,VISIBLE,CISTS_01,NO,2026-01-08 02:17:39
CISADM,F1_BNDL_LOG,FT053P0,UNIQUE,NORMAL,VALID,VISIBLE,CISTS_01,NO,2026-01-08 02:17:24
CISADM,F1_BNDL_LOG_PARM,FT054P0,UNIQUE,NORMAL,VALID,VISIBLE,CISTS_01,NO,2026-01-08 02:18:40
CISADM,F1_BUS_EVT_LOG,FT020P0,UNIQUE,NORMAL,VALID,VISIBLE,CISTS_01,NO,2026-01-08 02:08:38
CISADM,F1_BUS_EVT_LOG,FT020S1,NONUNIQUE,NORMAL,VALID,VISIBLE,CISTS_01,NO,2026-01-08 02:08:38
CISADM,F1_BUS_EVT_LOG,FT020S2,NONUNIQUE,NORMAL,VALID,VISIBLE,CISTS_01,NO,2026-01-08 02:08:37
CISADM,F1_BUS_EVT_LOG_CHAR,FT021P0,UNIQUE,NORMAL,VALID,VISIBLE,CISTS_01,NO,2026-01-08 02:14:45
CISADM,F1_BUS_EVT_LOG_CHAR,FT021S1,NONUNIQUE,NORMAL,VALID,VISIBLE,CISTS_01,NO,2026-01-08 02:14:45
CISADM,F1_BUS_EVT_LOG_K,FT025P0,UNIQUE,IOT - TOP,VALID,VISIBLE,CISTS_01,NO,2026-01-07 21:34:04
CISADM,F1_BUS_EVT_LOG_MSG_PARM,FT022P0,UNIQUE,NORMAL,VALID,VISIBLE,CISTS_01,NO,2026-01-08 02:08:44
CISADM,F1_BUS_FLG,F1T681P0,UNIQUE,NORMAL,VALID,VISIBLE,CISTS_01,NO,2026-01-08 02:09:04
CISADM,F1_BUS_FLG,F1T681S1,UNIQUE,NORMAL,VALID,VISIBLE,CISTS_01,NO,2026-01-08 02:09:04
CISADM,F1_BUS_FLG_CHAR,F1T684P0,UNIQUE,NORMAL,VALID,VISIBLE,CISTS_01,NO,2026-01-08 02:09:48
CISADM,F1_BUS_FLG_CHAR,F1T684S0,NONUNIQUE,NORMAL,VALID,VISIBLE,CISTS_01,NO,2026-01-08 02:09:48
CISADM,F1_BUS_FLG_K,F1T687P0,UNIQUE,IOT - TOP,VALID,VISIBLE,CISTS_01,NO,2026-01-07 21:34:04
CISADM,F1_BUS_FLG_LOG,F1T685P0,UNIQUE,NORMAL,VALID,VISIBLE,CISTS_01,NO,2026-01-08 02:08:44
CISADM,F1_BUS_FLG_LOG,F1T685S1,NONUNIQUE,NORMAL,VALID,VISIBLE,CISTS_01,NO,2026-01-08 02:08:44
CISADM,F1_BUS_FLG_LOG,F1T685S2,NONUNIQUE,NORMAL,VALID,VISIBLE,CISTS_01,NO,2026-01-08 02:08:44
CISADM,F1_BUS_FLG_LOG_PARM,F1T686P0,UNIQUE,NORMAL,VALID,VISIBLE,CISTS_01,NO,2026-01-08 02:11:08
CISADM,F1_BUS_FLG_REL,F1T682P0,UNIQUE,NORMAL,VALID,VISIBLE,CISTS_01,NO,2026-01-08 02:09:11
CISADM,F1_BUS_FLG_REL_OBJ,F1T683P0,UNIQUE,NORMAL,VALID,VISIBLE,CISTS_01,NO,2026-01-08 02:12:48
CISADM,F1_BUS_FLG_TYPE,F1C677P0,UNIQUE,NORMAL,VALID,VISIBLE,CISTS_01,NO,2026-01-08 02:25:57
CISADM,F1_BUS_FLG_TYPE_ALG,F1C678P0,UNIQUE,NORMAL,VALID,VISIBLE,CISTS_01,NO,2026-01-08 02:25:59
CISADM,F1_BUS_FLG_TYPE_BUS_PROC,F1C689P0,UNIQUE,NORMAL,VALID,VISIBLE,CISTS_01,NO,2026-01-08 02:26:37
CISADM,F1_BUS_FLG_TYPE_CHAR,F1C679P0,UNIQUE,NORMAL,VALID,VISIBLE,CISTS_01,NO,2026-01-08 02:26:00
CISADM,F1_BUS_FLG_TYPE_CHAR,F1C679S1,NONUNIQUE,NORMAL,VALID,VISIBLE,CISTS_01,NO,2026-01-08 02:26:00
CISADM,F1_BUS_FLG_TYPE_L,F1C680P0,UNIQUE,NORMAL,VALID,VISIBLE,CISTS_01,NO,2026-01-08 02:26:01
CISADM,F1_BUS_OBJ,FC023P0,UNIQUE,NORMAL,VALID,VISIBLE,CISTS_01,NO,2026-01-17 22:11:37
CISADM,F1_BUS_OBJ,FC023S1,UNIQUE,NORMAL,VALID,VISIBLE,CISTS_01,NO,2026-01-17 22:11:37
CISADM,F1_BUS_OBJ_ALG,FC041P0,UNIQUE,NORMAL,VALID,VISIBLE,CISTS_01,NO,2026-01-16 02:05:37
CISADM,F1_BUS_OBJ_L,FC026P0,UNIQUE,NORMAL,VALID,VISIBLE,CISTS_01,NO,2026-01-28 02:15:09
CISADM,F1_BUS_OBJ_OPT,FC100P0,UNIQUE,NORMAL,VALID,VISIBLE,CISTS_01,NO,2026-01-16 02:05:37
CISADM,F1_BUS_OBJ_STATUS,FC045P0,UNIQUE,NORMAL,VALID,VISIBLE,CISTS_01,NO,2026-01-23 02:18:54
CISADM,F1_BUS_OBJ_STATUS,FC045S1,UNIQUE,NORMAL,VALID,VISIBLE,CISTS_01,NO,2026-01-23 02:18:54
CISADM,F1_BUS_OBJ_STATUS_ALG,FC049P0,UNIQUE,NORMAL,VALID,VISIBLE,CISTS_01,NO,2026-01-16 02:05:49
CISADM,F1_BUS_OBJ_STATUS_L,FC047P0,UNIQUE,NORMAL,VALID,VISIBLE,CISTS_01,NO,2026-01-09 02:12:54
CISADM,F1_BUS_OBJ_STATUS_OPT,FC053P0,UNIQUE,NORMAL,VALID,VISIBLE,CISTS_01,NO,2026-01-09 02:13:00
CISADM,F1_BUS_OBJ_STATUS_RSN,FC400P0,UNIQUE,NORMAL,VALID,VISIBLE,CISTS_01,NO,2026-01-16 02:05:32
CISADM,F1_BUS_OBJ_STATUS_RSN,FC400S1,NONUNIQUE,NORMAL,VALID,VISIBLE,CISTS_01,NO,2026-01-16 02:05:32
CISADM,F1_BUS_OBJ_STATUS_RSN_CHAR,FC401P0,UNIQUE,NORMAL,VALID,VISIBLE,CISTS_01,NO,2026-01-21 02:21:37
CISADM,F1_BUS_OBJ_STATUS_RSN_CHAR,FC401S1,NONUNIQUE,NORMAL,VALID,VISIBLE,CISTS_01,NO,2026-01-21 02:21:37
CISADM,F1_BUS_OBJ_STATUS_RSN_L,FC402P0,UNIQUE,NORMAL,VALID,VISIBLE,CISTS_01,NO,2026-01-16 02:05:28
CISADM,F1_BUS_OBJ_TR_RULE,FC051P0,UNIQUE,NORMAL,VALID,VISIBLE,CISTS_01,NO,2026-01-09 02:12:58
CISADM,F1_BUS_OBJ_TR_RULE_L,FC052P0,UNIQUE,NORMAL,VALID,VISIBLE,CISTS_01,NO,2026-01-09 02:13:03
CISADM,F1_BUS_SVC,FC022P0,UNIQUE,NORMAL,VALID,VISIBLE,CISTS_01,NO,2026-01-13 02:15:08
CISADM,F1_BUS_SVC,FC022S1,NONUNIQUE,NORMAL,VALID,VISIBLE,CISTS_01,NO,2026-01-13 02:15:08
CISADM,F1_BUS_SVC_L,FC027P0,UNIQUE,NORMAL,VALID,VISIBLE,CISTS_01,NO,2026-01-09 02:13:04
CISADM,F1_CALENDAR_D,F1T916P0,UNIQUE,NORMAL,VALID,VISIBLE,CISTS_01,NO,2026-01-08 02:08:16
CISADM,F1_CALENDAR_D,F1T916S1,NONUNIQUE,NORMAL,VALID,VISIBLE,CISTS_01,NO,2026-01-08 02:08:17
CISADM,F1_CALENDAR_D,F1T916S2,NONUNIQUE,NORMAL,VALID,VISIBLE,CISTS_01,NO,2026-01-08 02:08:16
CISADM,F1_CALENDAR_D,F1T916S3,NONUNIQUE,NORMAL,VALID,VISIBLE,CISTS_01,NO,2026-01-08 02:08:16
CISADM,F1_CALENDAR_D,F1T916S4,NONUNIQUE,NORMAL,VALID,VISIBLE,CISTS_01,NO,2026-01-08 02:08:16
CISADM,F1_CALENDAR_D,F1T916S5,NONUNIQUE,NORMAL,VALID,VISIBLE,CISTS_01,NO,2026-01-08 02:08:16
CISADM,F1_CALENDAR_D,F1T916S6,NONUNIQUE,NORMAL,VALID,VISIBLE,CISTS_01,NO,2026-01-08 02:08:16
CISADM,F1_CALENDAR_D,F1T916S7,NONUNIQUE,NORMAL,VALID,VISIBLE,CISTS_01,NO,2026-01-08 02:08:16
CISADM,F1_CALENDAR_D,F1T916S8,UNIQUE,NORMAL,VALID,VISIBLE,CISTS_01,NO,2026-01-08 02:08:16
CISADM,F1_COLOR_OPT,F1C787P0,UNIQUE,NORMAL,VALID,VISIBLE,CISTS_01,NO,2026-01-16 02:05:27
CISADM,F1_COLOR_OPT_ITEM,F1C789P0,UNIQUE,NORMAL,VALID,VISIBLE,CISTS_01,NO,2026-01-08 02:25:54
CISADM,F1_COLOR_OPT_L,F1C788P0,UNIQUE,NORMAL,VALID,VISIBLE,CISTS_01,NO,2026-01-08 02:26:11
CISADM,F1_CRYPTO_KEY,F1C753P0,UNIQUE,NORMAL,VALID,VISIBLE,CISTS_01,NO,2026-01-08 02:26:34
CISADM,F1_CRYPTO_KEY_RING,F1C749P0,UNIQUE,NORMAL,VALID,VISIBLE,CISTS_01,NO,2026-01-08 02:25:50
CISADM,F1_CRYPTO_KEY_RING,F1C749S1,NONUNIQUE,NORMAL,VALID,VISIBLE,CISTS_01,NO,2026-01-08 02:25:50
CISADM,F1_CRYPTO_KEY_RING_L,F1C750P0,UNIQUE,NORMAL,VALID,VISIBLE,CISTS_01,NO,2026-01-08 02:26:34
CISADM,F1_CRYPTO_KEY_RING_LINK,F1C754P0,UNIQUE,NORMAL,VALID,VISIBLE,CISTS_01,NO,2026-01-08 02:25:50
CISADM,F1_CRYPTO_KEY_RING_LOG,F1C751P0,UNIQUE,NORMAL,VALID,VISIBLE,CISTS_01,NO,2026-01-08 02:25:59
CISADM,F1_CRYPTO_KEY_RING_LOG,F1C751S1,NONUNIQUE,NORMAL,VALID,VISIBLE,CISTS_01,NO,2026-01-08 02:25:59
CISADM,F1_CRYPTO_KEY_RING_LOG,F1C751S2,NONUNIQUE,NORMAL,VALID,VISIBLE,CISTS_01,NO,2026-01-08 02:25:59
CISADM,F1_CRYPTO_KEY_RING_LOG_PARM,F1C752P0,UNIQUE,NORMAL,VALID,VISIBLE,CISTS_01,NO,2026-01-08 02:26:17
CISADM,F1_CUBE_TYPE,F1C747P0,UNIQUE,NORMAL,VALID,VISIBLE,CISTS_01,NO,2026-01-08 02:26:38
CISADM,F1_CUBE_TYPE_L,F1C748P0,UNIQUE,NORMAL,VALID,VISIBLE,CISTS_01,NO,2026-01-08 02:26:00
CISADM,F1_CUBE_VIEW,F1T752P0,UNIQUE,NORMAL,VALID,VISIBLE,CISTS_01,NO,2026-01-08 02:12:44
CISADM,F1_CUBE_VIEW,F1T752S1,NONUNIQUE,NORMAL,VALID,VISIBLE,CISTS_01,NO,2026-01-08 02:12:45
CISADM,F1_CUBE_VIEW_L,F1T753P0,UNIQUE,NORMAL,VALID,VISIBLE,CISTS_01,NO,2026-01-08 02:09:52
CISADM,F1_CUBE_VIEW_LOG,F1T754P0,UNIQUE,NORMAL,VALID,VISIBLE,CISTS_01,NO,2026-01-08 02:09:30
CISADM,F1_CUBE_VIEW_LOG,F1T754S1,NONUNIQUE,NORMAL,VALID,VISIBLE,CISTS_01,NO,2026-01-08 02:09:30
CISADM,F1_CUBE_VIEW_LOG,F1T754S2,NONUNIQUE,NORMAL,VALID,VISIBLE,CISTS_01,NO,2026-01-08 02:09:30
CISADM,F1_CUBE_VIEW_LOG_PARM,F1T755P0,UNIQUE,NORMAL,VALID,VISIBLE,CISTS_01,NO,2026-01-08 02:16:15
CISADM,F1_DATA_AREA,FC025P0,UNIQUE,NORMAL,VALID,VISIBLE,CISTS_01,NO,2026-01-09 02:12:51
CISADM,F1_DATA_AREA_L,FC208P0,UNIQUE,NORMAL,VALID,VISIBLE,CISTS_01,NO,2026-01-16 02:05:35
CISADM,F1_DATA_EXPORT_CTRL,F1C765P0,UNIQUE,NORMAL,VALID,VISIBLE,CISTS_01,NO,2026-01-08 02:26:30
CISADM,F1_DATA_EXPORT_CTRL,F1C765S1,UNIQUE,NORMAL,VALID,VISIBLE,CISTS_01,NO,2026-01-08 02:26:31
CISADM,F1_DATA_EXPORT_CTRL_LOG,F1C766P0,UNIQUE,NORMAL,VALID,VISIBLE,CISTS_01,NO,2026-01-08 02:18:24
CISADM,F1_DATA_EXPORT_CTRL_LOG,F1C766S1,NONUNIQUE,NORMAL,VALID,VISIBLE,CISTS_01,NO,2026-01-08 02:18:24
CISADM,F1_DATA_EXPORT_CTRL_LOG,F1C766S2,NONUNIQUE,NORMAL,VALID,VISIBLE,CISTS_01,NO,2026-01-08 02:18:24
CISADM,F1_DATA_EXPORT_CTRL_LOG_PARM,F1C767P0,UNIQUE,NORMAL,VALID,VISIBLE,CISTS_01,NO,2026-01-08 02:26:42
CISADM,F1_DB_OBJECTS_REPO,F1C009P0,UNIQUE,NORMAL,VALID,VISIBLE,CISTS_01,NO,2026-01-08 02:26:13
CISADM,F1_DB_OBJECTS_REPO,F1C009S1,NONUNIQUE,NORMAL,VALID,VISIBLE,CISTS_01,NO,2026-01-08 02:26:13
CISADM,F1_DEPLOYMENT,F1T718P0,UNIQUE,NORMAL,VALID,VISIBLE,CISTS_01,NO,2026-01-08 02:12:05
CISADM,F1_DEPLOYMENT_ITEM,F1T717P0,UNIQUE,NORMAL,VALID,VISIBLE,CISTS_01,NO,2026-01-08 02:26:30
CISADM,F1_DEPLOYMENT_ITEM,F1T717S1,NONUNIQUE,NORMAL,VALID,VISIBLE,CISTS_01,NO,2026-01-08 02:26:30
CISADM,F1_DEPLOYMENT_ITEM_METADATA,F1T719P0,UNIQUE,NORMAL,VALID,VISIBLE,CISTS_01,NO,2026-01-08 02:13:26
CISADM,F1_DEPLOYMENT_K,F1T913P0,UNIQUE,IOT - TOP,VALID,VISIBLE,CISTS_01,NO,2026-01-08 02:17:37
CISADM,F1_DEPLOYMENT_PART,F1M715P0,UNIQUE,NORMAL,VALID,VISIBLE,CISTS_01,NO,2026-01-08 02:25:56
CISADM,F1_DEPLOYMENT_PART_L,F1M716P0,UNIQUE,NORMAL,VALID,VISIBLE,CISTS_01,NO,2026-01-08 02:26:27
CISADM,F1_DEPLOYMENT_PART_L,F1M716S1,NONUNIQUE,NORMAL,VALID,VISIBLE,CISTS_01,NO,2026-01-08 02:26:27
CISADM,F1_DEPLOYMENT_TYPE,F1M720P0,UNIQUE,NORMAL,VALID,VISIBLE,CISTS_01,NO,2026-01-08 02:25:49
CISADM,F1_DEPLOYMENT_TYPE_L,F1M721P0,UNIQUE,NORMAL,VALID,VISIBLE,CISTS_01,NO,2026-01-08 02:26:28
CISADM,F1_DEPTYP_DEPPART,F1T722P0,UNIQUE,NORMAL,VALID,VISIBLE,CISTS_01,NO,2026-01-08 02:26:26
CISADM,F1_DEPTYP_MDT_TYPE,F1T723P0,UNIQUE,NORMAL,VALID,VISIBLE,CISTS_01,NO,2026-01-08 02:26:32
CISADM,F1_DEPTYP_MSG_CAT,F1T724P0,UNIQUE,NORMAL,VALID,VISIBLE,CISTS_01,NO,2026-01-08 02:26:06
CISADM,F1_DEPTYP_USR_GRP,F1T725P0,UNIQUE,NORMAL,VALID,VISIBLE,CISTS_01,NO,2026-01-08 02:26:41
CISADM,F1_ERASURE_SCHED,F1T756P0,UNIQUE,NORMAL,VALID,VISIBLE,CISTS_01,NO,2026-01-08 02:13:50
CISADM,F1_ERASURE_SCHED,F1T756S1,NONUNIQUE,NORMAL,VALID,VISIBLE,CISTS_01,NO,2026-01-08 02:13:50
CISADM,F1_ERASURE_SCHED_K,F1T912P0,UNIQUE,IOT - TOP,VALID,VISIBLE,CISTS_01,NO,2026-01-08 02:17:23
CISADM,F1_ERASURE_SCHED_LOG,F1T757P0,UNIQUE,NORMAL,VALID,VISIBLE,CISTS_01,NO,2026-01-08 02:11:35
CISADM,F1_ERASURE_SCHED_LOG,F1T757S1,NONUNIQUE,NORMAL,VALID,VISIBLE,CISTS_01,NO,2026-01-08 02:11:35
CISADM,F1_ERASURE_SCHED_LOG,F1T757S2,NONUNIQUE,NORMAL,VALID,VISIBLE,CISTS_01,NO,2026-01-08 02:11:35
CISADM,F1_ERASURE_SCHED_LOG_PARM,F1T758P0,UNIQUE,NORMAL,VALID,VISIBLE,CISTS_01,NO,2026-01-08 02:12:34
CISADM,F1_ETL_MP_CTRL,F1C688P0,UNIQUE,NORMAL,VALID,VISIBLE,CISTS_01,NO,2026-01-08 02:26:18
CISADM,F1_EXTSYS_OUTMSG_PROF,FC013P0,UNIQUE,NORMAL,VALID,VISIBLE,CISTS_01,NO,2026-02-13 02:16:57
CISADM,F1_EXT_LOOKUP_VAL,FC336P0,UNIQUE,NORMAL,VALID,VISIBLE,CISTS_01,NO,2026-02-14 22:23:51
CISADM,F1_EXT_LOOKUP_VAL_CHAR,F1C675P0,UNIQUE,NORMAL,VALID,VISIBLE,CISTS_01,NO,2026-02-14 22:23:50
CISADM,F1_EXT_LOOKUP_VAL_CHAR,F1C675S1,NONUNIQUE,NORMAL,VALID,VISIBLE,CISTS_01,NO,2026-02-14 22:23:50
CISADM,F1_EXT_LOOKUP_VAL_L,FC337P0,UNIQUE,NORMAL,VALID,VISIBLE,CISTS_01,NO,2026-02-14 22:23:50
CISADM,F1_FACT,FT030P0,UNIQUE,NORMAL,VALID,VISIBLE,CISTS_01,NO,2026-02-27 02:15:24
CISADM,F1_FACT,FT030S1,UNIQUE,NORMAL,VALID,VISIBLE,CISTS_01,NO,2026-02-27 02:15:24
CISADM,F1_FACT_CHAR,FT033P0,UNIQUE,NORMAL,VALID,VISIBLE,CISTS_01,NO,2026-02-27 02:15:23
CISADM,F1_FACT_CHAR,FT033S1,NONUNIQUE,NORMAL,VALID,VISIBLE,CISTS_01,NO,2026-02-27 02:15:23
CISADM,F1_FACT_K,FT034P0,UNIQUE,IOT - TOP,VALID,VISIBLE,CISTS_01,NO,2026-01-08 02:17:25
CISADM,F1_FACT_LOG,FT031P0,UNIQUE,NORMAL,VALID,VISIBLE,CISTS_01,NO,2026-01-08 02:18:30
CISADM,F1_FACT_LOG,FT031S1,NONUNIQUE,NORMAL,VALID,VISIBLE,CISTS_01,NO,2026-01-08 02:18:30
CISADM,F1_FACT_LOG,FT031S2,NONUNIQUE,NORMAL,VALID,VISIBLE,CISTS_01,NO,2026-01-08 02:18:30
CISADM,F1_FACT_LOG_PARM,FT032P0,UNIQUE,NORMAL,VALID,VISIBLE,CISTS_01,NO,2026-01-08 02:13:37
CISADM,F1_FILE_INT_REC,F1C773P0,UNIQUE,NORMAL,VALID,VISIBLE,CISTS_01,NO,2026-01-08 02:25:58
CISADM,F1_FILE_INT_REC_ALG,F1C775P0,UNIQUE,NORMAL,VALID,VISIBLE,CISTS_01,NO,2026-01-08 02:25:56
CISADM,F1_FILE_INT_REC_L,F1C774P0,UNIQUE,NORMAL,VALID,VISIBLE,CISTS_01,NO,2026-01-08 02:25:54
CISADM,F1_FILE_INT_TYPE,F1C771P0,UNIQUE,NORMAL,VALID,VISIBLE,CISTS_01,NO,2026-01-08 02:25:51
CISADM,F1_FILE_INT_TYPE_L,F1C772P0,UNIQUE,NORMAL,VALID,VISIBLE,CISTS_01,NO,2026-01-08 02:26:00
CISADM,F1_GEN_PROC,F1T064P0,UNIQUE,NORMAL,VALID,VISIBLE,CISTS_01,NO,2026-01-08 02:24:59
CISADM,F1_GEN_PROC,F1T064S1,UNIQUE,NORMAL,VALID,VISIBLE,CISTS_01,NO,2026-01-08 02:25:02
CISADM,F1_GEN_PROC,F1T064S2,NONUNIQUE,NORMAL,VALID,VISIBLE,CISTS_01,NO,2026-01-08 02:25:10
CISADM,F1_GEN_PROC_K,F1T065P0,UNIQUE,IOT - TOP,VALID,VISIBLE,CISTS_01,NO,2026-01-08 02:21:14
CISADM,F1_GNRL_AUDIT,F1T901P0,UNIQUE,NORMAL,VALID,VISIBLE,CISTS_01,NO,2026-01-08 02:09:19
CISADM,F1_GNRL_AUDIT,F1T901S1,NONUNIQUE,NORMAL,VALID,VISIBLE,CISTS_01,NO,2026-01-08 02:09:19
CISADM,F1_GNRL_AUDIT,F1T901S2,NONUNIQUE,NORMAL,VALID,VISIBLE,CISTS_01,NO,2026-01-08 02:09:19
CISADM,F1_GNRL_AUDIT_CHAR,F1C504P0,UNIQUE,NORMAL,VALID,VISIBLE,CISTS_01,NO,2026-01-08 02:26:46
CISADM,F1_GNRL_AUDIT_CHAR,F1C504S1,NONUNIQUE,NORMAL,VALID,VISIBLE,CISTS_01,NO,2026-01-08 02:26:46
CISADM,F1_GNRL_AUDIT_K,F1T903P0,UNIQUE,IOT - TOP,VALID,VISIBLE,CISTS_01,NO,2026-01-07 21:34:12
CISADM,F1_GNRL_AUDIT_VAL,F1T902P0,UNIQUE,NORMAL,VALID,VISIBLE,CISTS_01,NO,2026-01-08 02:14:42
CISADM,F1_GNRL_AUDIT_VAL,F1T902S1,NONUNIQUE,NORMAL,VALID,VISIBLE,CISTS_01,NO,2026-01-08 02:14:42
CISADM,F1_INSIGHT_GRP,F1C801P0,UNIQUE,NORMAL,VALID,VISIBLE,CISTS_01,NO,2026-01-16 02:05:31
CISADM,F1_INSIGHT_GRP_CHAR,F1C803P0,UNIQUE,NORMAL,VALID,VISIBLE,CISTS_01,NO,2026-01-08 02:25:49
CISADM,F1_INSIGHT_GRP_CHAR,F1C803S1,NONUNIQUE,NORMAL,VALID,VISIBLE,CISTS_01,NO,2026-01-08 02:25:49
CISADM,F1_INSIGHT_GRP_L,F1C802P0,UNIQUE,NORMAL,VALID,VISIBLE,CISTS_01,NO,2026-01-08 02:25:54
CISADM,F1_INSIGHT_GRP_TYPE,F1C805P0,UNIQUE,NORMAL,VALID,VISIBLE,CISTS_01,NO,2026-01-16 02:05:31
CISADM,F1_INSIGHT_GRP_VISUAL_STR,F1C804P0,UNIQUE,NORMAL,VALID,VISIBLE,CISTS_01,NO,2026-01-08 02:26:35
CISADM,F1_INSIGHT_TYPE,F1C780P0,UNIQUE,NORMAL,VALID,VISIBLE,CISTS_01,NO,2026-01-16 02:05:30
CISADM,F1_INSIGHT_TYPE_ALG,F1C783P0,UNIQUE,NORMAL,VALID,VISIBLE,CISTS_01,NO,2026-01-16 02:05:31
CISADM,F1_INSIGHT_TYPE_CHAR,F1C781P0,UNIQUE,NORMAL,VALID,VISIBLE,CISTS_01,NO,2026-01-08 02:26:30
CISADM,F1_INSIGHT_TYPE_CHAR,F1C781S1,NONUNIQUE,NORMAL,VALID,VISIBLE,CISTS_01,NO,2026-01-08 02:26:30
CISADM,F1_INSIGHT_TYPE_L,F1C782P0,UNIQUE,NORMAL,VALID,VISIBLE,CISTS_01,NO,2026-01-08 02:26:33
CISADM,F1_INSIGHT_TYPE_USER_ACT,F1C784P0,UNIQUE,NORMAL,VALID,VISIBLE,CISTS_01,NO,2026-01-16 02:05:30
CISADM,F1_INSIGHT_TYPE_USER_ACT_ALG,F1C785P0,UNIQUE,NORMAL,VALID,VISIBLE,CISTS_01,NO,2026-01-08 02:26:45
CISADM,F1_INSIGHT_TYPE_VISUAL_SETTING,F1C786P0,UNIQUE,NORMAL,VALID,VISIBLE,CISTS_01,NO,2026-01-16 02:05:27
CISADM,F1_INSTALLATION,XC283P0,UNIQUE,NORMAL,VALID,VISIBLE,CISTS_01,NO,2026-01-09 02:12:20
CISADM,F1_IWS_ANN,F1C487P0,UNIQUE,NORMAL,VALID,VISIBLE,CISTS_01,NO,2026-02-21 22:16:50
CISADM,F1_IWS_ANN_L,F1C484P0,UNIQUE,NORMAL,VALID,VISIBLE,CISTS_01,NO,2026-01-08 02:26:24
CISADM,F1_IWS_ANN_PARM,F1C485P0,UNIQUE,NORMAL,VALID,VISIBLE,CISTS_01,NO,2026-02-21 22:16:50
CISADM,F1_IWS_ANN_TYPE,F1C490P0,UNIQUE,NORMAL,VALID,VISIBLE,CISTS_01,NO,2026-02-21 22:16:50
CISADM,F1_IWS_ANN_TYPE_L,F1C489P0,UNIQUE,NORMAL,VALID,VISIBLE,CISTS_01,NO,2026-01-08 02:26:43
CISADM,F1_IWS_ANN_TYPE_PARM,F1C491P0,UNIQUE,NORMAL,VALID,VISIBLE,CISTS_01,NO,2026-02-21 22:16:50
CISADM,F1_IWS_ANN_TYPE_PARM_L,F1C488P0,UNIQUE,NORMAL,VALID,VISIBLE,CISTS_01,NO,2026-01-08 02:25:53
CISADM,F1_IWS_SVC,F1C481P0,UNIQUE,NORMAL,VALID,VISIBLE,CISTS_01,NO,2026-02-21 22:16:51
CISADM,F1_IWS_SVC_ANN,F1C486P0,UNIQUE,NORMAL,VALID,VISIBLE,CISTS_01,NO,2026-01-28 02:15:05
CISADM,F1_IWS_SVC_CHAR,F1C501P0,UNIQUE,NORMAL,VALID,VISIBLE,CISTS_01,NO,2026-01-08 02:26:44
CISADM,F1_IWS_SVC_CHAR,F1C501S1,NONUNIQUE,NORMAL,VALID,VISIBLE,CISTS_01,NO,2026-01-08 02:26:44
CISADM,F1_IWS_SVC_FLDTEXT,F1C903P0,UNIQUE,NORMAL,VALID,VISIBLE,CISTS_01,NO,2026-01-28 02:15:08
CISADM,F1_IWS_SVC_L,F1C480P0,UNIQUE,NORMAL,VALID,VISIBLE,CISTS_01,NO,2026-01-28 02:15:07
CISADM,F1_IWS_SVC_LOG,F1C502P0,UNIQUE,NORMAL,VALID,VISIBLE,CISTS_01,NO,2026-01-08 02:26:20
CISADM,F1_IWS_SVC_LOG,F1C502S1,NONUNIQUE,NORMAL,VALID,VISIBLE,CISTS_01,NO,2026-01-08 02:26:20
CISADM,F1_IWS_SVC_LOG,F1C502S2,NONUNIQUE,NORMAL,VALID,VISIBLE,CISTS_01,NO,2026-01-08 02:26:20
CISADM,F1_IWS_SVC_LOG_PARM,F1C503P0,UNIQUE,NORMAL,VALID,VISIBLE,CISTS_01,NO,2026-01-08 02:26:31
CISADM,F1_IWS_SVC_OPER,F1C483P0,UNIQUE,NORMAL,VALID,VISIBLE,CISTS_01,NO,2026-01-28 02:15:07
CISADM,F1_IWS_SVC_OPER_L,F1C904P0,UNIQUE,NORMAL,VALID,VISIBLE,CISTS_01,NO,2026-01-28 02:15:06
CISADM,F1_IWS_SVC_OPER_OPT,F1C905P0,UNIQUE,NORMAL,VALID,VISIBLE,CISTS_01,NO,2026-01-08 02:25:53
CISADM,F1_IWS_SVC_OPER_PARM,F1C918P0,UNIQUE,NORMAL,VALID,VISIBLE,CISTS_01,NO,2026-01-28 02:15:07
CISADM,F1_IWS_SVC_SCHEMA,F1C902P0,UNIQUE,NORMAL,VALID,VISIBLE,CISTS_01,NO,2026-01-08 02:26:04
CISADM,F1_KEY_HASH,F1T905P0,UNIQUE,NORMAL,VALID,VISIBLE,CISTS_01,NO,2026-01-09 02:12:12
CISADM,F1_LGCY_OBJ,F1C712P0,UNIQUE,NORMAL,VALID,VISIBLE,CISTS_01,NO,2026-01-08 02:26:32
CISADM,F1_LGCY_OBJ,F1C712S1,NONUNIQUE,NORMAL,VALID,VISIBLE,CISTS_01,NO,2026-01-08 02:26:32
CISADM,F1_MANAG_CONTENT,FC404P0,UNIQUE,NORMAL,VALID,VISIBLE,CISTS_01,NO,2026-01-09 02:12:44
CISADM,F1_MANAG_CONTENT_L,FC405P0,UNIQUE,NORMAL,VALID,VISIBLE,CISTS_01,NO,2026-01-08 02:25:50
CISADM,F1_MAP,FC035P0,UNIQUE,NORMAL,VALID,VISIBLE,CISTS_01,NO,2026-01-09 02:13:31
CISADM,F1_MAP_L,FC037P0,UNIQUE,NORMAL,VALID,VISIBLE,CISTS_01,NO,2026-01-09 02:12:53
CISADM,F1_MAP_OVRD,F1C036P0,UNIQUE,NORMAL,VALID,VISIBLE,CISTS_01,NO,2026-01-09 02:12:26
CISADM,F1_MDT,F1T726P0,UNIQUE,NORMAL,VALID,VISIBLE,CISTS_01,NO,2026-01-08 02:15:49
CISADM,F1_MDT,F1T726S1,NONUNIQUE,NORMAL,VALID,VISIBLE,CISTS_01,NO,2026-01-08 02:15:49
CISADM,F1_MDT,F1T726S2,NONUNIQUE,NORMAL,VALID,VISIBLE,CISTS_01,NO,2026-01-08 02:15:49
CISADM,F1_MDT_CHAR,F1T727P0,UNIQUE,NORMAL,VALID,VISIBLE,CISTS_01,NO,2026-01-08 02:08:47
CISADM,F1_MDT_CHAR,F1T727S1,NONUNIQUE,NORMAL,VALID,VISIBLE,CISTS_01,NO,2026-01-08 02:08:48
CISADM,F1_MDT_K,F1T914P0,UNIQUE,IOT - TOP,VALID,VISIBLE,CISTS_01,NO,2026-01-08 02:17:31
CISADM,F1_MDT_TYPE,F1M728P0,UNIQUE,NORMAL,VALID,VISIBLE,CISTS_01,NO,2026-01-08 02:15:59
CISADM,F1_MDT_TYPE_CHAR,F1M730P0,UNIQUE,NORMAL,VALID,VISIBLE,CISTS_01,NO,2026-01-08 02:12:36
CISADM,F1_MDT_TYPE_CHAR,F1M730S1,NONUNIQUE,NORMAL,VALID,VISIBLE,CISTS_01,NO,2026-01-08 02:12:35
CISADM,F1_MDT_TYPE_L,F1M729P0,UNIQUE,NORMAL,VALID,VISIBLE,CISTS_01,NO,2026-01-08 02:15:53
CISADM,F1_MD_BI_TBL,F1C768P0,UNIQUE,NORMAL,VALID,VISIBLE,CISTS_01,NO,2026-01-27 02:21:53
CISADM,F1_MD_BI_TBL_FLD,F1C770P0,UNIQUE,NORMAL,VALID,VISIBLE,CISTS_01,NO,2026-01-24 22:15:07
CISADM,F1_MD_BI_TBL_L,F1C769P0,UNIQUE,NORMAL,VALID,VISIBLE,CISTS_01,NO,2026-01-27 02:21:52
CISADM,F1_MD_DB_OBJ,FC006P0,UNIQUE,NORMAL,VALID,VISIBLE,CISTS_01,NO,2026-01-08 02:26:11
CISADM,F1_MIGR_DATA_ST,F1T182P0,UNIQUE,NORMAL,VALID,VISIBLE,CISTS_01,NO,2026-02-14 22:23:49
CISADM,F1_MIGR_DATA_ST,F1T182S1,UNIQUE,NORMAL,VALID,VISIBLE,CISTS_01,NO,2026-02-14 22:23:49
CISADM,F1_MIGR_DATA_ST_ALG,F1T187P0,UNIQUE,NORMAL,VALID,VISIBLE,CISTS_01,NO,2026-01-08 02:16:17
CISADM,F1_MIGR_DATA_ST_K,F1T186P0,UNIQUE,IOT - TOP,VALID,VISIBLE,CISTS_01,NO,2026-01-08 02:17:36
CISADM,F1_MIGR_DATA_ST_LOG,F1T184P0,UNIQUE,NORMAL,VALID,VISIBLE,CISTS_01,NO,2026-01-15 02:21:36
CISADM,F1_MIGR_DATA_ST_LOG,F1T184S1,NONUNIQUE,NORMAL,VALID,VISIBLE,CISTS_01,NO,2026-01-15 02:21:36
CISADM,F1_MIGR_DATA_ST_LOG,F1T184S2,NONUNIQUE,NORMAL,VALID,VISIBLE,CISTS_01,NO,2026-01-15 02:21:36
CISADM,F1_MIGR_DATA_ST_LOG_PARM,F1T185P0,UNIQUE,NORMAL,VALID,VISIBLE,CISTS_01,NO,2026-01-15 02:21:36
CISADM,F1_MIGR_DATA_ST_TBL,F1T183P0,UNIQUE,NORMAL,VALID,VISIBLE,CISTS_01,NO,2026-01-23 02:17:34
CISADM,F1_MIGR_OBJ,F1T188P0,UNIQUE,NORMAL,VALID,VISIBLE,CISTS_01,NO,2026-01-23 02:19:10
CISADM,F1_MIGR_OBJ,F1T188S1,UNIQUE,NORMAL,VALID,VISIBLE,CISTS_01,NO,2026-01-23 02:19:11
CISADM,F1_MIGR_OBJ,F1T188S2,NONUNIQUE,NORMAL,VALID,VISIBLE,CISTS_01,NO,2026-01-23 02:19:12
CISADM,F1_MIGR_OBJ_ALG,F1T190P0,UNIQUE,NORMAL,VALID,VISIBLE,CISTS_01,NO,2026-01-23 02:18:50
CISADM,F1_MIGR_OBJ_CLOB,F1T202P0,UNIQUE,NORMAL,VALID,VISIBLE,CISTS_01,NO,2026-01-23 02:19:02
CISADM,F1_MIGR_OBJ_K,F1T205P0,UNIQUE,IOT - TOP,VALID,VISIBLE,CISTS_01,NO,2026-01-08 02:19:28
CISADM,F1_MIGR_OBJ_LOG,F1T203P0,UNIQUE,NORMAL,VALID,VISIBLE,CISTS_01,NO,2026-01-23 02:19:20
CISADM,F1_MIGR_OBJ_LOG,F1T203S1,NONUNIQUE,NORMAL,VALID,VISIBLE,CISTS_01,NO,2026-01-23 02:19:21
CISADM,F1_MIGR_OBJ_LOG,F1T203S2,NONUNIQUE,NORMAL,VALID,VISIBLE,CISTS_01,NO,2026-01-23 02:19:20
CISADM,F1_MIGR_OBJ_LOG_PARM,F1T204P0,UNIQUE,NORMAL,VALID,VISIBLE,CISTS_01,NO,2026-01-23 02:19:05
CISADM,F1_MIGR_OBJ_SQL,F1T201P0,UNIQUE,NORMAL,VALID,VISIBLE,CISTS_01,NO,2026-01-23 02:19:03
CISADM,F1_MIGR_OBJ_SQL_PK,F1T713P0,UNIQUE,NORMAL,VALID,VISIBLE,CISTS_01,NO,2026-01-23 02:19:08
CISADM,F1_MIGR_PLAN,F1C168P0,UNIQUE,NORMAL,VALID,VISIBLE,CISTS_01,NO,2026-01-09 02:12:42
CISADM,F1_MIGR_PLAN_INSTR,F1C169P0,UNIQUE,NORMAL,VALID,VISIBLE,CISTS_01,NO,2026-01-09 02:12:53
CISADM,F1_MIGR_PLAN_INSTR_ALG,F1C170P0,UNIQUE,NORMAL,VALID,VISIBLE,CISTS_01,NO,2026-01-15 02:21:35
CISADM,F1_MIGR_PLAN_INSTR_L,F1C175P0,UNIQUE,NORMAL,VALID,VISIBLE,CISTS_01,NO,2026-01-08 02:26:42
CISADM,F1_MIGR_PLAN_L,F1C174P0,UNIQUE,NORMAL,VALID,VISIBLE,CISTS_01,NO,2026-01-09 02:12:42
CISADM,F1_MIGR_REQ,F1C171P0,UNIQUE,NORMAL,VALID,VISIBLE,CISTS_01,NO,2026-01-15 02:21:34
CISADM,F1_MIGR_REQ_INCL_REQ,F1C714P0,UNIQUE,NORMAL,VALID,VISIBLE,CISTS_01,NO,2026-01-09 02:12:13
CISADM,F1_MIGR_REQ_INSTR,F1C172P0,UNIQUE,NORMAL,VALID,VISIBLE,CISTS_01,NO,2026-01-15 02:21:40
CISADM,F1_MIGR_REQ_INSTR_ENTITY,F1C173P0,UNIQUE,NORMAL,VALID,VISIBLE,CISTS_01,NO,2026-01-15 02:21:40
CISADM,F1_MIGR_REQ_INSTR_ENTITY,F1C173S1,NONUNIQUE,NORMAL,VALID,VISIBLE,CISTS_01,NO,2026-01-15 02:21:40
CISADM,F1_MIGR_REQ_INSTR_L,F1C177P0,UNIQUE,NORMAL,VALID,VISIBLE,CISTS_01,NO,2026-01-15 02:21:37
CISADM,F1_MIGR_REQ_L,F1C176P0,UNIQUE,NORMAL,VALID,VISIBLE,CISTS_01,NO,2026-02-04 02:18:26
CISADM,F1_MIGR_TRANS,F1T178P0,UNIQUE,NORMAL,VALID,VISIBLE,CISTS_01,NO,2026-02-14 22:23:52
CISADM,F1_MIGR_TRANS,F1T178S1,UNIQUE,NORMAL,VALID,VISIBLE,CISTS_01,NO,2026-02-14 22:23:52
CISADM,F1_MIGR_TRANS,F1T178S2,NONUNIQUE,NORMAL,VALID,VISIBLE,CISTS_01,NO,2026-02-14 22:23:52
CISADM,F1_MIGR_TRANS_K,F1T181P0,UNIQUE,IOT - TOP,VALID,VISIBLE,CISTS_01,NO,2026-01-08 02:18:50
CISADM,F1_MIGR_TRANS_LOG,F1T179P0,UNIQUE,NORMAL,VALID,VISIBLE,CISTS_01,NO,2026-01-23 02:19:00
CISADM,F1_MIGR_TRANS_LOG,F1T179S1,NONUNIQUE,NORMAL,VALID,VISIBLE,CISTS_01,NO,2026-01-23 02:19:00
CISADM,F1_MIGR_TRANS_LOG,F1T179S2,NONUNIQUE,NORMAL,VALID,VISIBLE,CISTS_01,NO,2026-01-23 02:19:00
CISADM,F1_MIGR_TRANS_LOG_PARM,F1T180P0,UNIQUE,NORMAL,VALID,VISIBLE,CISTS_01,NO,2026-01-23 02:18:54
CISADM,F1_MKTCFG,F1C755P0,UNIQUE,NORMAL,VALID,VISIBLE,CISTS_01,NO,2026-01-08 02:26:13
CISADM,F1_MKTCFG_CHAR,F1C757P0,UNIQUE,NORMAL,VALID,VISIBLE,CISTS_01,NO,2026-01-08 02:26:37
CISADM,F1_MKTCFG_CHAR,F1C757S1,NONUNIQUE,NORMAL,VALID,VISIBLE,CISTS_01,NO,2026-01-08 02:26:37
CISADM,F1_MKTCFG_L,F1C756P0,UNIQUE,NORMAL,VALID,VISIBLE,CISTS_01,NO,2026-01-08 02:25:54
CISADM,F1_MKTMSG_IN,F1T759P0,UNIQUE,NORMAL,VALID,VISIBLE,CISTS_01,NO,2026-01-08 02:10:32
CISADM,F1_MKTMSG_IN,F1T759S1,NONUNIQUE,NORMAL,VALID,VISIBLE,CISTS_01,NO,2026-01-08 02:10:32
CISADM,F1_MKTMSG_IN,F1T759S2,NONUNIQUE,NORMAL,VALID,VISIBLE,CISTS_01,NO,2026-01-08 02:10:32
CISADM,F1_MKTMSG_IN_CHAR,F1T760P0,UNIQUE,NORMAL,VALID,VISIBLE,CISTS_01,NO,2026-01-08 02:15:55
CISADM,F1_MKTMSG_IN_CHAR,F1T760S1,NONUNIQUE,NORMAL,VALID,VISIBLE,CISTS_01,NO,2026-01-08 02:15:55
CISADM,F1_MKTMSG_IN_DATA,F1T761P0,UNIQUE,NORMAL,VALID,VISIBLE,CISTS_01,NO,2026-01-08 02:15:06
CISADM,F1_MKTMSG_IN_EXT_REF,F1T762P0,UNIQUE,NORMAL,VALID,VISIBLE,CISTS_01,NO,2026-01-08 02:15:05
CISADM,F1_MKTMSG_IN_EXT_REF,F1T762S1,NONUNIQUE,NORMAL,VALID,VISIBLE,CISTS_01,NO,2026-01-08 02:15:04
CISADM,F1_MKTMSG_IN_ID,F1T763P0,UNIQUE,NORMAL,VALID,VISIBLE,CISTS_01,NO,2026-01-08 02:13:40
CISADM,F1_MKTMSG_IN_ID,F1T763S1,NONUNIQUE,NORMAL,VALID,VISIBLE,CISTS_01,NO,2026-01-08 02:13:40
CISADM,F1_MKTMSG_IN_K,F1T764P0,UNIQUE,IOT - TOP,VALID,VISIBLE,CISTS_01,NO,2026-01-07 21:34:20
CISADM,F1_MKTMSG_IN_LOG,F1T765P0,UNIQUE,NORMAL,VALID,VISIBLE,CISTS_01,NO,2026-01-08 02:09:26
CISADM,F1_MKTMSG_IN_LOG,F1T765S1,NONUNIQUE,NORMAL,VALID,VISIBLE,CISTS_01,NO,2026-01-08 02:09:26
CISADM,F1_MKTMSG_IN_LOG,F1T765S2,NONUNIQUE,NORMAL,VALID,VISIBLE,CISTS_01,NO,2026-01-08 02:09:26
CISADM,F1_MKTMSG_IN_LOG_PARM,F1T766P0,UNIQUE,NORMAL,VALID,VISIBLE,CISTS_01,NO,2026-01-08 02:16:16
CISADM,F1_MKTMSG_IN_REL_OBJ,F1T767P0,UNIQUE,NORMAL,VALID,VISIBLE,CISTS_01,NO,2026-01-08 02:10:37
CISADM,F1_MKTMSG_IN_REL_OBJ,F1T767S1,NONUNIQUE,NORMAL,VALID,VISIBLE,CISTS_01,NO,2026-01-08 02:10:37
CISADM,F1_MKTMSG_OUT,F1T782P0,UNIQUE,NORMAL,VALID,VISIBLE,CISTS_01,NO,2026-01-08 02:14:21
CISADM,F1_MKTMSG_OUT,F1T782S1,NONUNIQUE,NORMAL,VALID,VISIBLE,CISTS_01,NO,2026-01-08 02:14:21
CISADM,F1_MKTMSG_OUT,F1T782S2,NONUNIQUE,NORMAL,VALID,VISIBLE,CISTS_01,NO,2026-01-08 02:14:21
CISADM,F1_MKTMSG_OUT_CHAR,F1T783P0,UNIQUE,NORMAL,VALID,VISIBLE,CISTS_01,NO,2026-01-08 02:08:16
CISADM,F1_MKTMSG_OUT_CHAR,F1T783S1,NONUNIQUE,NORMAL,VALID,VISIBLE,CISTS_01,NO,2026-01-08 02:08:15
CISADM,F1_MKTMSG_OUT_DATA,F1T784P0,UNIQUE,NORMAL,VALID,VISIBLE,CISTS_01,NO,2026-01-08 02:13:28
CISADM,F1_MKTMSG_OUT_EXT_REF,F1T785P0,UNIQUE,NORMAL,VALID,VISIBLE,CISTS_01,NO,2026-01-08 02:12:40
CISADM,F1_MKTMSG_OUT_EXT_REF,F1T785S1,NONUNIQUE,NORMAL,VALID,VISIBLE,CISTS_01,NO,2026-01-08 02:12:40
CISADM,F1_MKTMSG_OUT_ID,F1T786P0,UNIQUE,NORMAL,VALID,VISIBLE,CISTS_01,NO,2026-01-08 02:10:45
CISADM,F1_MKTMSG_OUT_ID,F1T786S1,NONUNIQUE,NORMAL,VALID,VISIBLE,CISTS_01,NO,2026-01-08 02:10:45
CISADM,F1_MKTMSG_OUT_K,F1T787P0,UNIQUE,IOT - TOP,VALID,VISIBLE,CISTS_01,NO,2026-01-07 21:34:20
CISADM,F1_MKTMSG_OUT_LOG,F1T788P0,UNIQUE,NORMAL,VALID,VISIBLE,CISTS_01,NO,2026-01-08 02:16:00
CISADM,F1_MKTMSG_OUT_LOG,F1T788S1,NONUNIQUE,NORMAL,VALID,VISIBLE,CISTS_01,NO,2026-01-08 02:16:00
CISADM,F1_MKTMSG_OUT_LOG,F1T788S2,NONUNIQUE,NORMAL,VALID,VISIBLE,CISTS_01,NO,2026-01-08 02:16:00
CISADM,F1_MKTMSG_OUT_LOG_PARM,F1T789P0,UNIQUE,NORMAL,VALID,VISIBLE,CISTS_01,NO,2026-01-08 02:08:09
CISADM,F1_MKTMSG_OUT_REL_OBJ,F1T790P0,UNIQUE,NORMAL,VALID,VISIBLE,CISTS_01,NO,2026-01-08 02:08:56
CISADM,F1_MKTMSG_OUT_REL_OBJ,F1T790S1,NONUNIQUE,NORMAL,VALID,VISIBLE,CISTS_01,NO,2026-01-08 02:08:56
CISADM,F1_MKTMSG_TYPE,F1C758P0,UNIQUE,NORMAL,VALID,VISIBLE,CISTS_01,NO,2026-01-08 02:26:38
CISADM,F1_MKTMSG_TYPE_CHAR,F1C759P0,UNIQUE,NORMAL,VALID,VISIBLE,CISTS_01,NO,2026-01-08 02:26:02
CISADM,F1_MKTMSG_TYPE_CHAR,F1C759S1,NONUNIQUE,NORMAL,VALID,VISIBLE,CISTS_01,NO,2026-01-08 02:26:01
CISADM,F1_MKTMSG_TYPE_L,F1C760P0,UNIQUE,NORMAL,VALID,VISIBLE,CISTS_01,NO,2026-01-08 02:25:59
CISADM,F1_MKTPROC,F1T768P0,UNIQUE,NORMAL,VALID,VISIBLE,CISTS_01,NO,2026-01-08 02:08:35
CISADM,F1_MKTPROC,F1T768S1,NONUNIQUE,NORMAL,VALID,VISIBLE,CISTS_01,NO,2026-01-08 02:08:35
CISADM,F1_MKTPROC,F1T768S2,NONUNIQUE,NORMAL,VALID,VISIBLE,CISTS_01,NO,2026-01-08 02:08:34
CISADM,F1_MKTPROC_CHAR,F1T769P0,UNIQUE,NORMAL,VALID,VISIBLE,CISTS_01,NO,2026-01-08 02:09:11
CISADM,F1_MKTPROC_CHAR,F1T769S1,NONUNIQUE,NORMAL,VALID,VISIBLE,CISTS_01,NO,2026-01-08 02:09:11
CISADM,F1_MKTPROC_EVT,F1T776P0,UNIQUE,NORMAL,VALID,VISIBLE,CISTS_01,NO,2026-01-08 02:12:43
CISADM,F1_MKTPROC_EVT,F1T776S1,NONUNIQUE,NORMAL,VALID,VISIBLE,CISTS_01,NO,2026-01-08 02:12:43
CISADM,F1_MKTPROC_EVT,F1T776S2,NONUNIQUE,NORMAL,VALID,VISIBLE,CISTS_01,NO,2026-01-08 02:12:43
CISADM,F1_MKTPROC_EVT,F1T776S3,NONUNIQUE,NORMAL,VALID,VISIBLE,CISTS_01,NO,2026-01-08 02:12:43
CISADM,F1_MKTPROC_EVT_CHAR,F1T777P0,UNIQUE,NORMAL,VALID,VISIBLE,CISTS_01,NO,2026-01-08 02:09:28
CISADM,F1_MKTPROC_EVT_CHAR,F1T777S1,NONUNIQUE,NORMAL,VALID,VISIBLE,CISTS_01,NO,2026-01-08 02:09:28
CISADM,F1_MKTPROC_EVT_K,F1T778P0,UNIQUE,IOT - TOP,VALID,VISIBLE,CISTS_01,NO,2026-01-07 21:34:21
CISADM,F1_MKTPROC_EVT_LOG,F1T779P0,UNIQUE,NORMAL,VALID,VISIBLE,CISTS_01,NO,2026-01-08 02:09:12
CISADM,F1_MKTPROC_EVT_LOG,F1T779S1,NONUNIQUE,NORMAL,VALID,VISIBLE,CISTS_01,NO,2026-01-08 02:09:12
CISADM,F1_MKTPROC_EVT_LOG,F1T779S2,NONUNIQUE,NORMAL,VALID,VISIBLE,CISTS_01,NO,2026-01-08 02:09:12
CISADM,F1_MKTPROC_EVT_LOG_PARM,F1T780P0,UNIQUE,NORMAL,VALID,VISIBLE,CISTS_01,NO,2026-01-08 02:14:34
CISADM,F1_MKTPROC_EVT_REL_OBJ,F1T781P0,UNIQUE,NORMAL,VALID,VISIBLE,CISTS_01,NO,2026-01-08 02:15:18
CISADM,F1_MKTPROC_EVT_REL_OBJ,F1T781S1,NONUNIQUE,NORMAL,VALID,VISIBLE,CISTS_01,NO,2026-01-08 02:15:18
CISADM,F1_MKTPROC_EVT_REL_OBJ,F1T781S2,NONUNIQUE,NORMAL,VALID,VISIBLE,CISTS_01,NO,2026-01-08 02:15:18
CISADM,F1_MKTPROC_ID,F1T770P0,UNIQUE,NORMAL,VALID,VISIBLE,CISTS_01,NO,2026-01-08 02:11:53
CISADM,F1_MKTPROC_ID,F1T770S1,NONUNIQUE,NORMAL,VALID,VISIBLE,CISTS_01,NO,2026-01-08 02:11:52
CISADM,F1_MKTPROC_K,F1T771P0,UNIQUE,IOT - TOP,VALID,VISIBLE,CISTS_01,NO,2026-01-07 21:34:22
CISADM,F1_MKTPROC_LOG,F1T772P0,UNIQUE,NORMAL,VALID,VISIBLE,CISTS_01,NO,2026-01-08 02:08:08
CISADM,F1_MKTPROC_LOG,F1T772S1,NONUNIQUE,NORMAL,VALID,VISIBLE,CISTS_01,NO,2026-01-08 02:08:08
CISADM,F1_MKTPROC_LOG,F1T772S2,NONUNIQUE,NORMAL,VALID,VISIBLE,CISTS_01,NO,2026-01-08 02:08:08
CISADM,F1_MKTPROC_LOG_PARM,F1T773P0,UNIQUE,NORMAL,VALID,VISIBLE,CISTS_01,NO,2026-01-08 02:12:37
CISADM,F1_MKTPROC_REL_OBJ,F1T775P0,UNIQUE,NORMAL,VALID,VISIBLE,CISTS_01,NO,2026-01-08 02:15:15
CISADM,F1_MKTPROC_REL_PROC,F1T774P0,UNIQUE,NORMAL,VALID,VISIBLE,CISTS_01,NO,2026-01-08 02:13:14
CISADM,F1_MKTPROC_TYPE,F1C761P0,UNIQUE,NORMAL,VALID,VISIBLE,CISTS_01,NO,2026-01-08 02:25:50
CISADM,F1_MKTPROC_TYPE_CHAR,F1C762P0,UNIQUE,NORMAL,VALID,VISIBLE,CISTS_01,NO,2026-01-08 02:26:38
CISADM,F1_MKTPROC_TYPE_CHAR,F1C762S1,NONUNIQUE,NORMAL,VALID,VISIBLE,CISTS_01,NO,2026-01-08 02:26:38
CISADM,F1_MKTPROC_TYPE_EVT,F1C763P0,UNIQUE,NORMAL,VALID,VISIBLE,CISTS_01,NO,2026-01-08 02:26:36
CISADM,F1_MKTPROC_TYPE_L,F1C764P0,UNIQUE,NORMAL,VALID,VISIBLE,CISTS_01,NO,2026-01-08 02:26:42
CISADM,F1_MOBILE_COMPONENT,F1C731P0,UNIQUE,NORMAL,VALID,VISIBLE,CISTS_01,NO,2026-01-08 02:25:49
CISADM,F1_MOBILE_COMPONENT,F1C731S1,NONUNIQUE,NORMAL,VALID,VISIBLE,CISTS_01,NO,2026-01-08 02:25:51
CISADM,F1_MOBILE_COMPONENT,F1C731S2,NONUNIQUE,NORMAL,VALID,VISIBLE,CISTS_01,NO,2026-01-08 02:25:49
CISADM,F1_MOBILE_COMPONENT_L,F1C732P0,UNIQUE,NORMAL,VALID,VISIBLE,CISTS_01,NO,2026-01-08 02:26:02
CISADM,F1_MOBILE_COMPONENT_L,F1C732S1,NONUNIQUE,NORMAL,VALID,VISIBLE,CISTS_01,NO,2026-01-08 02:26:02
CISADM,F1_MOB_COMP_CHAR,F1C734P0,UNIQUE,NORMAL,VALID,VISIBLE,CISTS_01,NO,2026-01-08 02:26:18
CISADM,F1_MOB_COMP_CHAR,F1C734S1,NONUNIQUE,NORMAL,VALID,VISIBLE,CISTS_01,NO,2026-01-08 02:26:18
CISADM,F1_MOB_COMP_CNT,F1C739P0,UNIQUE,NORMAL,VALID,VISIBLE,CISTS_01,NO,2026-01-08 02:26:20
CISADM,F1_MST_CONFIG,FC120P0,UNIQUE,NORMAL,VALID,VISIBLE,CISTS_01,NO,2026-01-09 02:12:23
CISADM,F1_OBJ_REV,FT035P0,UNIQUE,NORMAL,VALID,VISIBLE,CISTS_01,NO,2026-01-08 02:09:26
CISADM,F1_OBJ_REV,FT035S1,UNIQUE,NORMAL,VALID,VISIBLE,CISTS_01,NO,2026-01-08 02:09:26
CISADM,F1_OBJ_REV,FT035S2,NONUNIQUE,NORMAL,VALID,VISIBLE,CISTS_01,NO,2026-01-08 02:09:26
CISADM,F1_OBJ_REV,FT035S3,NONUNIQUE,NORMAL,VALID,VISIBLE,CISTS_01,NO,2026-01-08 02:09:26
CISADM,F1_OBJ_REV,FT035S4,NONUNIQUE,NORMAL,VALID,VISIBLE,CISTS_01,NO,2026-01-08 02:09:26
CISADM,F1_OBJ_REV,FT035S5,NONUNIQUE,NORMAL,VALID,VISIBLE,CISTS_01,NO,2026-01-08 02:09:26
CISADM,F1_OBJ_REV_CHAR,FT037P0,UNIQUE,NORMAL,VALID,VISIBLE,CISTS_01,NO,2026-01-08 02:10:16
CISADM,F1_OBJ_REV_CHAR,FT037S1,NONUNIQUE,NORMAL,VALID,VISIBLE,CISTS_01,NO,2026-01-08 02:10:16
CISADM,F1_OBJ_REV_LOG,FT039P0,UNIQUE,NORMAL,VALID,VISIBLE,CISTS_01,NO,2026-01-08 02:09:27
CISADM,F1_OBJ_REV_LOG_PARM,FT040P0,UNIQUE,NORMAL,VALID,VISIBLE,CISTS_01,NO,2026-01-08 02:10:36
CISADM,F1_OUTMSG,FT010P0,UNIQUE,NORMAL,VALID,VISIBLE,CISTS_01,NO,2026-02-13 02:18:11
CISADM,F1_OUTMSG,FT010S1,NONUNIQUE,NORMAL,VALID,VISIBLE,CISTS_01,NO,2026-02-13 02:18:09
CISADM,F1_OUTMSG_ERRPARM,FT011P0,UNIQUE,NORMAL,VALID,VISIBLE,CISTS_01,NO,2026-02-27 02:15:28
CISADM,F1_OUTMSG_K,FT012P0,UNIQUE,IOT - TOP,VALID,VISIBLE,CISTS_01,NO,2026-01-08 02:20:34
CISADM,F1_OUTMSG_TYPE,FC011P0,UNIQUE,NORMAL,VALID,VISIBLE,CISTS_01,NO,2026-01-09 02:12:18
CISADM,F1_OUTMSG_TYPE_L,FC012P0,UNIQUE,NORMAL,VALID,VISIBLE,CISTS_01,NO,2026-01-16 02:05:26
CISADM,F1_PERF_TGT,F1C693P0,UNIQUE,NORMAL,VALID,VISIBLE,CISTS_01,NO,2026-01-08 02:25:49
CISADM,F1_PERF_TGT,F1C693S1,NONUNIQUE,NORMAL,VALID,VISIBLE,CISTS_01,NO,2026-01-08 02:25:49
CISADM,F1_PERF_TGT_CHAR,F1C695P0,UNIQUE,NORMAL,VALID,VISIBLE,CISTS_01,NO,2026-01-08 02:26:17
CISADM,F1_PERF_TGT_CHAR,F1C695S1,NONUNIQUE,NORMAL,VALID,VISIBLE,CISTS_01,NO,2026-01-08 02:26:17
CISADM,F1_PERF_TGT_L,F1C694P0,UNIQUE,NORMAL,VALID,VISIBLE,CISTS_01,NO,2026-01-08 02:26:42
CISADM,F1_PERF_TGT_LOG,F1C696P0,UNIQUE,NORMAL,VALID,VISIBLE,CISTS_01,NO,2026-01-08 02:26:44
CISADM,F1_PERF_TGT_LOG,F1C696S1,NONUNIQUE,NORMAL,VALID,VISIBLE,CISTS_01,NO,2026-01-08 02:26:45
CISADM,F1_PERF_TGT_LOG,F1C696S2,NONUNIQUE,NORMAL,VALID,VISIBLE,CISTS_01,NO,2026-01-08 02:26:45
CISADM,F1_PERF_TGT_LOG_PARM,F1C697P0,UNIQUE,NORMAL,VALID,VISIBLE,CISTS_01,NO,2026-01-08 02:26:18
CISADM,F1_PERF_TGT_REL_OBJ,F1C698P0,UNIQUE,NORMAL,VALID,VISIBLE,CISTS_01,NO,2026-01-08 02:26:40
CISADM,F1_PERF_TGT_TYPE,F1C690P0,UNIQUE,NORMAL,VALID,VISIBLE,CISTS_01,NO,2026-01-08 02:26:45
CISADM,F1_PERF_TGT_TYPE_CHAR,F1C692P0,UNIQUE,NORMAL,VALID,VISIBLE,CISTS_01,NO,2026-01-08 02:26:32
CISADM,F1_PERF_TGT_TYPE_CHAR,F1C692S1,NONUNIQUE,NORMAL,VALID,VISIBLE,CISTS_01,NO,2026-01-08 02:26:32
CISADM,F1_PERF_TGT_TYPE_L,F1C691P0,UNIQUE,NORMAL,VALID,VISIBLE,CISTS_01,NO,2026-01-08 02:26:39
CISADM,F1_PROC_DEFN,F1C743P0,UNIQUE,NORMAL,VALID,VISIBLE,CISTS_01,NO,2026-01-16 02:05:29
CISADM,F1_PROC_DEFN_L,F1C744P0,UNIQUE,NORMAL,VALID,VISIBLE,CISTS_01,NO,2026-01-16 02:05:28
CISADM,F1_PROC_NEXT_PANEL,F1C746P0,UNIQUE,NORMAL,VALID,VISIBLE,CISTS_01,NO,2026-01-24 22:15:05
CISADM,F1_PROC_PANEL,F1C745P0,UNIQUE,NORMAL,VALID,VISIBLE,CISTS_01,NO,2026-01-24 22:15:05
CISADM,F1_PROC_STORE,F1T747P0,UNIQUE,NORMAL,VALID,VISIBLE,CISTS_01,NO,2026-01-16 02:06:15
CISADM,F1_PROC_STORE,F1T747S1,NONUNIQUE,NORMAL,VALID,VISIBLE,CISTS_01,NO,2026-01-16 02:06:15
CISADM,F1_PROC_STORE_DTL_ELEMENTS,F1T748P0,UNIQUE,NORMAL,VALID,VISIBLE,CISTS_01,NO,2026-01-16 02:05:47
CISADM,F1_PROC_STORE_DTL_ELEMENTS,F1T748S1,NONUNIQUE,NORMAL,VALID,VISIBLE,CISTS_01,NO,2026-01-16 02:05:46
CISADM,F1_PROC_STORE_K,F1T751P0,UNIQUE,IOT - TOP,VALID,VISIBLE,CISTS_01,NO,2026-01-08 02:18:55
CISADM,F1_PROC_STORE_LOG,F1T749P0,UNIQUE,NORMAL,VALID,VISIBLE,CISTS_01,NO,2026-01-16 02:05:46
CISADM,F1_PROC_STORE_LOG,F1T749S1,NONUNIQUE,NORMAL,VALID,VISIBLE,CISTS_01,NO,2026-01-16 02:05:46
CISADM,F1_PROC_STORE_LOG,F1T749S2,NONUNIQUE,NORMAL,VALID,VISIBLE,CISTS_01,NO,2026-01-16 02:05:46
CISADM,F1_PROC_STORE_LOG_PARM,F1T750P0,UNIQUE,NORMAL,VALID,VISIBLE,CISTS_01,NO,2026-01-16 02:05:42
CISADM,F1_REMOTE_MSG,F1T735P0,UNIQUE,NORMAL,VALID,VISIBLE,CISTS_01,NO,2026-01-08 02:13:01
CISADM,F1_REMOTE_MSG,F1T735S1,NONUNIQUE,NORMAL,VALID,VISIBLE,CISTS_01,NO,2026-01-08 02:13:02
CISADM,F1_REMOTE_MSG,F1T735S2,NONUNIQUE,NORMAL,VALID,VISIBLE,CISTS_01,NO,2026-01-08 02:13:01
CISADM,F1_REMOTE_MSG,F1T735S3,NONUNIQUE,NORMAL,VALID,VISIBLE,CISTS_01,NO,2026-01-08 02:13:01
CISADM,F1_REMOTE_MSG,F1T735S4,NONUNIQUE,NORMAL,VALID,VISIBLE,CISTS_01,NO,2026-01-08 02:13:01
CISADM,F1_REMOTE_MSG,F1T735S5,UNIQUE,NORMAL,VALID,VISIBLE,CISTS_01,NO,2026-01-08 02:13:02
CISADM,F1_REMOTE_MSG,F1T735S6,NONUNIQUE,NORMAL,VALID,VISIBLE,CISTS_01,NO,2026-01-08 02:13:01
CISADM,F1_REMOTE_MSG,F1T735S7,NONUNIQUE,NORMAL,VALID,VISIBLE,CISTS_01,NO,2026-01-08 02:13:01
CISADM,F1_REMOTE_MSG_CHAR,F1T736P0,UNIQUE,NORMAL,VALID,VISIBLE,CISTS_01,NO,2026-01-08 02:15:39
CISADM,F1_REMOTE_MSG_CHAR,F1T736S1,NONUNIQUE,NORMAL,VALID,VISIBLE,CISTS_01,NO,2026-01-08 02:15:39
CISADM,F1_REMOTE_MSG_K,F1T915P0,UNIQUE,IOT - TOP,VALID,VISIBLE,CISTS_01,NO,2026-01-08 02:17:28
CISADM,F1_REMOTE_MSG_LOG,F1T737P0,UNIQUE,NORMAL,VALID,VISIBLE,CISTS_01,NO,2026-01-08 02:10:40
CISADM,F1_REMOTE_MSG_LOG,F1T737S1,NONUNIQUE,NORMAL,VALID,VISIBLE,CISTS_01,NO,2026-01-08 02:10:40
CISADM,F1_REMOTE_MSG_LOG,F1T737S2,NONUNIQUE,NORMAL,VALID,VISIBLE,CISTS_01,NO,2026-01-08 02:10:40
CISADM,F1_REMOTE_MSG_LOG_PARM,F1T738P0,UNIQUE,NORMAL,VALID,VISIBLE,CISTS_01,NO,2026-01-08 02:12:03
CISADM,F1_REQ,FT070P0,UNIQUE,NORMAL,VALID,VISIBLE,CISTS_01,NO,2026-01-08 02:17:54
CISADM,F1_REQ,FT070S1,UNIQUE,NORMAL,VALID,VISIBLE,CISTS_01,NO,2026-01-08 02:17:54
CISADM,F1_REQ_CHAR,F1T909P0,UNIQUE,NORMAL,VALID,VISIBLE,CISTS_01,NO,2026-01-08 02:17:43
CISADM,F1_REQ_CHAR,F1T909S1,NONUNIQUE,NORMAL,VALID,VISIBLE,CISTS_01,NO,2026-01-08 02:17:43
CISADM,F1_REQ_K,FT077P0,UNIQUE,IOT - TOP,VALID,VISIBLE,CISTS_01,NO,2026-01-08 02:17:24
CISADM,F1_REQ_LOG,FT071P0,UNIQUE,NORMAL,VALID,VISIBLE,CISTS_01,NO,2026-01-08 02:18:37
CISADM,F1_REQ_LOG,FT071S1,NONUNIQUE,NORMAL,VALID,VISIBLE,CISTS_01,NO,2026-01-08 02:18:37
CISADM,F1_REQ_LOG,FT071S2,NONUNIQUE,NORMAL,VALID,VISIBLE,CISTS_01,NO,2026-01-08 02:18:37
CISADM,F1_REQ_LOG_PARM,FT072P0,UNIQUE,NORMAL,VALID,VISIBLE,CISTS_01,NO,2026-01-08 02:17:40
CISADM,F1_REQ_TYPE,FC410P0,UNIQUE,NORMAL,VALID,VISIBLE,CISTS_01,NO,2026-01-08 02:26:31
CISADM,F1_REQ_TYPE,FC410S1,UNIQUE,NORMAL,VALID,VISIBLE,CISTS_01,NO,2026-01-08 02:26:33
CISADM,F1_REQ_TYPE_L,FC412P0,UNIQUE,NORMAL,VALID,VISIBLE,CISTS_01,NO,2026-01-08 02:26:21
CISADM,F1_REQ_TYPE_LOG,FC413P0,UNIQUE,NORMAL,VALID,VISIBLE,CISTS_01,NO,2026-01-08 02:26:18
CISADM,F1_REQ_TYPE_LOG,FC413S1,NONUNIQUE,NORMAL,VALID,VISIBLE,CISTS_01,NO,2026-01-08 02:26:18
CISADM,F1_REQ_TYPE_LOG,FC413S2,NONUNIQUE,NORMAL,VALID,VISIBLE,CISTS_01,NO,2026-01-08 02:26:18
CISADM,F1_REQ_TYPE_LOG_PARM,FC414P0,UNIQUE,NORMAL,VALID,VISIBLE,CISTS_01,NO,2026-01-08 02:25:54
CISADM,F1_SCHEMA,FC020P0,UNIQUE,NORMAL,VALID,VISIBLE,CISTS_01,NO,2026-01-09 02:14:11
CISADM,F1_SCHEMA,FC020S1,NONUNIQUE,NORMAL,VALID,VISIBLE,CISTS_01,NO,2026-01-09 02:14:11
CISADM,F1_STATS,F1C700P0,UNIQUE,NORMAL,VALID,VISIBLE,CISTS_01,NO,2026-01-08 02:26:10
CISADM,F1_STATS,F1C700S1,UNIQUE,NORMAL,VALID,VISIBLE,CISTS_01,NO,2026-01-08 02:26:10
CISADM,F1_STATS_CHAR,F1C702P0,UNIQUE,NORMAL,VALID,VISIBLE,CISTS_01,NO,2026-01-08 02:25:50
CISADM,F1_STATS_CHAR,F1C702S1,NONUNIQUE,NORMAL,VALID,VISIBLE,CISTS_01,NO,2026-01-08 02:25:50
CISADM,F1_STATS_L,F1C701P0,UNIQUE,NORMAL,VALID,VISIBLE,CISTS_01,NO,2026-01-08 02:26:09
CISADM,F1_STATS_LOG,F1C703P0,UNIQUE,NORMAL,VALID,VISIBLE,CISTS_01,NO,2026-01-08 02:26:32
CISADM,F1_STATS_LOG,F1C703S1,NONUNIQUE,NORMAL,VALID,VISIBLE,CISTS_01,NO,2026-01-08 02:26:32
CISADM,F1_STATS_LOG,F1C703S2,NONUNIQUE,NORMAL,VALID,VISIBLE,CISTS_01,NO,2026-01-08 02:26:32
CISADM,F1_STATS_LOG_PARM,F1C704P0,UNIQUE,NORMAL,VALID,VISIBLE,CISTS_01,NO,2026-01-08 02:26:14
CISADM,F1_STATS_REL_OBJ,F1C705P0,UNIQUE,NORMAL,VALID,VISIBLE,CISTS_01,NO,2026-01-08 02:25:50
CISADM,F1_STATS_SNPSHT,F1C706P0,UNIQUE,NORMAL,VALID,VISIBLE,CISTS_01,NO,2026-01-08 02:09:03
CISADM,F1_STATS_SNPSHT,F1C706S1,UNIQUE,NORMAL,VALID,VISIBLE,CISTS_01,NO,2026-01-08 02:09:03
CISADM,F1_STATS_SNPSHT_CHAR,F1C707P0,UNIQUE,NORMAL,VALID,VISIBLE,CISTS_01,NO,2026-01-08 02:15:05
CISADM,F1_STATS_SNPSHT_CHAR,F1C707S1,NONUNIQUE,NORMAL,VALID,VISIBLE,CISTS_01,NO,2026-01-08 02:15:05
CISADM,F1_STATS_SNPSHT_K,F1T911P0,UNIQUE,IOT - TOP,VALID,VISIBLE,CISTS_01,NO,2026-01-08 02:17:31
CISADM,F1_STATS_SNPSHT_LOG,F1C708P0,UNIQUE,NORMAL,VALID,VISIBLE,CISTS_01,NO,2026-01-08 02:08:54
CISADM,F1_STATS_SNPSHT_LOG,F1C708S1,NONUNIQUE,NORMAL,VALID,VISIBLE,CISTS_01,NO,2026-01-08 02:08:54
CISADM,F1_STATS_SNPSHT_LOG,F1C708S2,NONUNIQUE,NORMAL,VALID,VISIBLE,CISTS_01,NO,2026-01-08 02:08:54
CISADM,F1_STATS_SNPSHT_LOG_PARM,F1C709P0,UNIQUE,NORMAL,VALID,VISIBLE,CISTS_01,NO,2026-01-08 02:10:50
CISADM,F1_STATS_SNPSHT_REL_OBJ,F1C710P0,UNIQUE,NORMAL,VALID,VISIBLE,CISTS_01,NO,2026-01-08 02:11:32
CISADM,F1_SVC_CATALOG,F1C711P0,UNIQUE,NORMAL,VALID,VISIBLE,CISTS_01,NO,2026-01-08 02:26:38
CISADM,F1_SVC_TASK,F1C474P0,UNIQUE,NORMAL,VALID,VISIBLE,CISTS_01,NO,2026-01-31 22:17:38
CISADM,F1_SVC_TASK,F1C474S1,NONUNIQUE,NORMAL,VALID,VISIBLE,CISTS_01,NO,2026-01-31 22:17:42
CISADM,F1_SVC_TASK,F1C474S2,NONUNIQUE,NORMAL,VALID,VISIBLE,CISTS_01,NO,2026-01-31 22:17:40
CISADM,F1_SVC_TASK_CHAR,F1C476P0,UNIQUE,NORMAL,VALID,VISIBLE,CISTS_01,NO,2026-01-16 02:08:35
CISADM,F1_SVC_TASK_CHAR,F1C476S1,NONUNIQUE,NORMAL,VALID,VISIBLE,CISTS_01,NO,2026-01-16 02:08:36
CISADM,F1_SVC_TASK_K,F1C475P0,UNIQUE,IOT - TOP,VALID,VISIBLE,CISTS_01,NO,2026-01-08 02:20:43
CISADM,F1_SVC_TASK_LOG,F1C477P0,UNIQUE,NORMAL,VALID,VISIBLE,CISTS_01,NO,2026-01-16 02:09:22
CISADM,F1_SVC_TASK_LOG,F1C477S1,NONUNIQUE,NORMAL,VALID,VISIBLE,CISTS_01,NO,2026-01-16 02:09:21
CISADM,F1_SVC_TASK_LOG,F1C477S2,NONUNIQUE,NORMAL,VALID,VISIBLE,CISTS_01,NO,2026-01-16 02:09:23
CISADM,F1_SVC_TASK_LOG_PARM,F1C478P0,UNIQUE,NORMAL,VALID,VISIBLE,CISTS_01,NO,2026-01-09 02:15:40
CISADM,F1_SVC_TASK_REL_OBJ,F1C479P0,UNIQUE,NORMAL,VALID,VISIBLE,CISTS_01,NO,2026-01-09 02:15:25
CISADM,F1_SVC_TASK_REL_OBJ,F1C479S1,NONUNIQUE,NORMAL,VALID,VISIBLE,CISTS_01,NO,2026-01-09 02:15:29
CISADM,F1_SVC_TASK_TYPE,F1C471P0,UNIQUE,NORMAL,VALID,VISIBLE,CISTS_01,NO,2026-01-09 02:12:42
CISADM,F1_SVC_TASK_TYPE,F1C471S1,NONUNIQUE,NORMAL,VALID,VISIBLE,CISTS_01,NO,2026-01-09 02:12:42
CISADM,F1_SVC_TASK_TYPE,F1C471S2,NONUNIQUE,NORMAL,VALID,VISIBLE,CISTS_01,NO,2026-01-09 02:12:42
CISADM,F1_SVC_TASK_TYPE_CHAR,F1C473P0,UNIQUE,NORMAL,VALID,VISIBLE,CISTS_01,NO,2026-02-13 02:16:58
CISADM,F1_SVC_TASK_TYPE_CHAR,F1C473S1,NONUNIQUE,NORMAL,VALID,VISIBLE,CISTS_01,NO,2026-02-13 02:16:58
CISADM,F1_SVC_TASK_TYPE_L,F1C472P0,UNIQUE,NORMAL,VALID,VISIBLE,CISTS_01,NO,2026-01-09 02:12:17
CISADM,F1_SYNC_REQ,F1T014P0,UNIQUE,NORMAL,VALID,VISIBLE,CISTS_01,NO,2026-02-27 02:15:21
CISADM,F1_SYNC_REQ,F1T014S1,UNIQUE,NORMAL,VALID,VISIBLE,CISTS_01,NO,2026-02-27 02:15:22
CISADM,F1_SYNC_REQ,F1T014S2,NONUNIQUE,NORMAL,VALID,VISIBLE,CISTS_01,NO,2026-02-27 02:15:23
CISADM,F1_SYNC_REQ,F1T014S3,UNIQUE,NORMAL,VALID,VISIBLE,CISTS_01,NO,2026-02-27 02:15:20
CISADM,F1_SYNC_REQ_CHAR,F1T017P0,UNIQUE,NORMAL,VALID,VISIBLE,CISTS_01,NO,2026-01-08 02:09:31
CISADM,F1_SYNC_REQ_CHAR,F1T017S1,NONUNIQUE,NORMAL,VALID,VISIBLE,CISTS_01,NO,2026-01-08 02:09:31
CISADM,F1_SYNC_REQ_EXTRACT,F1T019P0,UNIQUE,NORMAL,VALID,VISIBLE,CISTS_01,NO,2026-01-08 02:18:34
CISADM,F1_SYNC_REQ_IN,F1T191P0,UNIQUE,NORMAL,VALID,VISIBLE,CISTS_01,NO,2026-01-16 02:12:01
CISADM,F1_SYNC_REQ_IN,F1T191S1,UNIQUE,NORMAL,VALID,VISIBLE,CISTS_01,NO,2026-01-16 02:11:59
CISADM,F1_SYNC_REQ_IN,F1T191S2,NONUNIQUE,NORMAL,VALID,VISIBLE,CISTS_01,NO,2026-01-16 02:11:58
CISADM,F1_SYNC_REQ_IN,F1T191S3,NONUNIQUE,NORMAL,VALID,VISIBLE,CISTS_01,NO,2026-01-16 02:12:00
CISADM,F1_SYNC_REQ_IN_CHAR,F1T193P0,UNIQUE,NORMAL,VALID,VISIBLE,CISTS_01,NO,2026-01-08 02:19:04
CISADM,F1_SYNC_REQ_IN_CHAR,F1T193S1,NONUNIQUE,NORMAL,VALID,VISIBLE,CISTS_01,NO,2026-01-08 02:19:04
CISADM,F1_SYNC_REQ_IN_EXCP,F1T197P0,UNIQUE,NORMAL,VALID,VISIBLE,CISTS_01,NO,2026-01-08 02:17:55
CISADM,F1_SYNC_REQ_IN_EXCP_PARM,F1T198P0,UNIQUE,NORMAL,VALID,VISIBLE,CISTS_01,NO,2026-01-08 02:18:35
CISADM,F1_SYNC_REQ_IN_K,F1T196P0,UNIQUE,IOT - TOP,VALID,VISIBLE,CISTS_01,NO,2026-01-08 02:19:49
CISADM,F1_SYNC_REQ_IN_LOG,F1T194P0,UNIQUE,NORMAL,VALID,VISIBLE,CISTS_01,NO,2026-01-16 02:08:26
CISADM,F1_SYNC_REQ_IN_LOG,F1T194S1,NONUNIQUE,NORMAL,VALID,VISIBLE,CISTS_01,NO,2026-01-16 02:08:25
CISADM,F1_SYNC_REQ_IN_LOG,F1T194S2,NONUNIQUE,NORMAL,VALID,VISIBLE,CISTS_01,NO,2026-01-16 02:08:27
CISADM,F1_SYNC_REQ_IN_LOG_PARM,F1T195P0,UNIQUE,NORMAL,VALID,VISIBLE,CISTS_01,NO,2026-01-08 02:25:29
CISADM,F1_SYNC_REQ_IN_REL_OBJ,F1T192P0,UNIQUE,NORMAL,VALID,VISIBLE,CISTS_01,NO,2026-01-08 02:12:05
CISADM,F1_SYNC_REQ_IN_REL_OBJ,F1T192S1,NONUNIQUE,NORMAL,VALID,VISIBLE,CISTS_01,NO,2026-01-08 02:12:06
CISADM,F1_SYNC_REQ_K,F1T018P0,UNIQUE,IOT - TOP,VALID,VISIBLE,CISTS_01,NO,2026-01-08 02:20:54
CISADM,F1_SYNC_REQ_LOG,F1T015P0,UNIQUE,NORMAL,VALID,VISIBLE,CISTS_01,NO,2026-01-16 02:09:53
CISADM,F1_SYNC_REQ_LOG,F1T015S1,NONUNIQUE,NORMAL,VALID,VISIBLE,CISTS_01,NO,2026-01-16 02:09:52
CISADM,F1_SYNC_REQ_LOG,F1T015S2,NONUNIQUE,NORMAL,VALID,VISIBLE,CISTS_01,NO,2026-01-16 02:09:55
CISADM,F1_SYNC_REQ_LOG,F1T015S3,NONUNIQUE,NORMAL,VALID,VISIBLE,CISTS_01,NO,2026-01-16 02:09:58
CISADM,F1_SYNC_REQ_LOG_PARM,F1T016P0,UNIQUE,NORMAL,VALID,VISIBLE,CISTS_01,NO,2026-01-16 02:07:47
CISADM,F1_TAG,F1C795P0,UNIQUE,NORMAL,VALID,VISIBLE,CISTS_01,NO,2026-01-08 02:26:41
CISADM,F1_TAGGED_ENTITY,F1C798P0,UNIQUE,NORMAL,VALID,VISIBLE,CISTS_01,NO,2026-01-08 02:26:43
CISADM,F1_TAGGED_ENTITY,F1C798S1,NONUNIQUE,NORMAL,VALID,VISIBLE,CISTS_01,NO,2026-01-08 02:26:43
CISADM,F1_TAG_CHAR,F1C797P0,UNIQUE,NORMAL,VALID,VISIBLE,CISTS_01,NO,2026-01-08 02:26:17
CISADM,F1_TAG_L,F1C796P0,UNIQUE,NORMAL,VALID,VISIBLE,CISTS_01,NO,2026-01-08 02:26:16
CISADM,F1_TIME_D,F1T917P0,UNIQUE,NORMAL,VALID,VISIBLE,CISTS_01,NO,2026-01-08 02:09:40
CISADM,F1_TREE,F1C790P0,UNIQUE,NORMAL,VALID,VISIBLE,CISTS_01,NO,2026-01-09 02:12:18
CISADM,F1_TREE_L,F1C791P0,UNIQUE,NORMAL,VALID,VISIBLE,CISTS_01,NO,2026-01-08 02:26:22
CISADM,F1_TREE_NODE,F1C792P0,UNIQUE,NORMAL,VALID,VISIBLE,CISTS_01,NO,2026-01-24 22:15:05
CISADM,F1_TREE_NODE_ALG,F1C794P0,UNIQUE,NORMAL,VALID,VISIBLE,CISTS_01,NO,2026-01-09 02:12:15
CISADM,F1_TREE_NODE_L,F1C793P0,UNIQUE,NORMAL,VALID,VISIBLE,CISTS_01,NO,2026-01-08 02:25:59
CISADM,F1_TSPACE_ENTRY,FT001P0,UNIQUE,NORMAL,VALID,VISIBLE,CISTS_01,NO,2026-02-27 02:12:55
CISADM,F1_WEB_CAT,F1C740P0,UNIQUE,NORMAL,VALID,VISIBLE,CISTS_01,NO,2026-01-28 02:15:06
CISADM,F1_WEB_CAT_INCL_SVC,F1C742P0,UNIQUE,NORMAL,VALID,VISIBLE,CISTS_01,NO,2026-01-28 02:15:06
CISADM,F1_WEB_CAT_L,F1C741P0,UNIQUE,NORMAL,VALID,VISIBLE,CISTS_01,NO,2026-01-28 02:15:05
CISADM,F1_WEB_SVC,F1C064P0,UNIQUE,NORMAL,VALID,VISIBLE,CISTS_01,NO,2026-01-08 02:26:19
CISADM,F1_WEB_SVC,F1C064S1,UNIQUE,NORMAL,VALID,VISIBLE,CISTS_01,NO,2026-01-08 02:26:20
CISADM,F1_WEB_SVC_CHAR,F1C068P0,UNIQUE,NORMAL,VALID,VISIBLE,CISTS_01,NO,2026-01-08 02:26:18
CISADM,F1_WEB_SVC_CHAR,F1C068S1,NONUNIQUE,NORMAL,VALID,VISIBLE,CISTS_01,NO,2026-01-08 02:26:18
CISADM,F1_WEB_SVC_L,F1C065P0,UNIQUE,NORMAL,VALID,VISIBLE,CISTS_01,NO,2026-01-08 02:26:13
CISADM,F1_WEB_SVC_LOG,F1C066P0,UNIQUE,NORMAL,VALID,VISIBLE,CISTS_01,NO,2026-01-08 02:26:11
CISADM,F1_WEB_SVC_LOG,F1C066S1,NONUNIQUE,NORMAL,VALID,VISIBLE,CISTS_01,NO,2026-01-08 02:26:11
CISADM,F1_WEB_SVC_LOG,F1C066S2,NONUNIQUE,NORMAL,VALID,VISIBLE,CISTS_01,NO,2026-01-08 02:26:11
CISADM,F1_WEB_SVC_LOG_PARM,F1C067P0,UNIQUE,NORMAL,VALID,VISIBLE,CISTS_01,NO,2026-01-08 02:26:39
CISADM,F1_WEB_SVC_OPERATIONS,F1C069P0,UNIQUE,NORMAL,VALID,VISIBLE,CISTS_01,NO,2026-01-08 02:26:00
CISADM,SC_ACCESS_CNTL,XC286P0,UNIQUE,NORMAL,VALID,VISIBLE,CISTS_01,NO,2026-01-09 02:13:28
CISADM,SC_APP_SERVICE,XC287P0,UNIQUE,NORMAL,VALID,VISIBLE,CISTS_01,NO,2026-01-09 02:12:44
CISADM,SC_APP_SERVICE_L,XC592P0,UNIQUE,NORMAL,VALID,VISIBLE,CISTS_01,NO,2026-01-09 02:12:44
CISADM,SC_USER,FC303S1,UNIQUE,NORMAL,VALID,VISIBLE,CISTS_01,NO,2026-02-18 02:12:26
CISADM,SC_USER,XC301P0,UNIQUE,NORMAL,VALID,VISIBLE,CISTS_01,NO,2026-02-18 02:12:26
CISADM,SC_USER_CHAR,FC034P0,UNIQUE,NORMAL,VALID,VISIBLE,CISTS_01,NO,2026-02-27 02:13:22
CISADM,SC_USER_CHAR,FC034S1,NONUNIQUE,NORMAL,VALID,VISIBLE,CISTS_01,NO,2026-02-27 02:13:22
CISADM,SC_USER_GROUP,XC302P0,UNIQUE,NORMAL,VALID,VISIBLE,CISTS_01,NO,2026-02-21 22:16:49
CISADM,SC_USER_GROUP_L,XC593P0,UNIQUE,NORMAL,VALID,VISIBLE,CISTS_01,NO,2026-01-17 22:11:34
CISADM,SC_USR_GRP_PROF,XC293P0,UNIQUE,NORMAL,VALID,VISIBLE,CISTS_01,NO,2026-01-09 02:12:58
CISADM,SC_USR_GRP_PROF,XC293S1,NONUNIQUE,NORMAL,VALID,VISIBLE,CISTS_01,NO,2026-01-09 02:12:58
CISADM,SC_USR_GRP_USR,XC294P0,UNIQUE,NORMAL,VALID,VISIBLE,CISTS_01,NO,2026-01-09 02:12:39
CISADM,SC_USR_GRP_USR,XC294S1,NONUNIQUE,NORMAL,VALID,VISIBLE,CISTS_01,NO,2026-01-09 02:12:39
CISADM,TMP_TAB_CNV_SA_PREM,IDXTMP010201,UNIQUE,NORMAL,VALID,VISIBLE,CISTS_01,NO,2026-01-08 02:26:29
CISADM,W1_ACPT_LINE,W1T475P0,UNIQUE,NORMAL,VALID,VISIBLE,CISTS_01,NO,2026-01-08 02:11:08
CISADM,W1_ACPT_LINE,W1T475S1,UNIQUE,NORMAL,VALID,VISIBLE,CISTS_01,NO,2026-01-08 02:11:08
CISADM,W1_ACPT_LINE,W1T475S2,UNIQUE,NORMAL,VALID,VISIBLE,CISTS_01,NO,2026-01-08 02:11:08
CISADM,W1_ACPT_LINE_ASSET,W1T476P0,UNIQUE,NORMAL,VALID,VISIBLE,CISTS_01,NO,2026-01-08 02:11:45
CISADM,W1_ACPT_LINE_CHAR,W1T478P0,UNIQUE,NORMAL,VALID,VISIBLE,CISTS_01,NO,2026-01-08 02:08:59
CISADM,W1_ACPT_LINE_CHAR,W1T478S1,NONUNIQUE,NORMAL,VALID,VISIBLE,CISTS_01,NO,2026-01-08 02:08:59
CISADM,W1_ACPT_LINE_K,W1T482P0,UNIQUE,IOT - TOP,VALID,VISIBLE,CISTS_01,NO,2026-01-07 21:35:04
CISADM,W1_ACPT_LINE_LOG,W1T479P0,UNIQUE,NORMAL,VALID,VISIBLE,CISTS_01,NO,2026-01-08 02:15:08
CISADM,W1_ACPT_LINE_LOG,W1T479S1,NONUNIQUE,NORMAL,VALID,VISIBLE,CISTS_01,NO,2026-01-08 02:15:08
CISADM,W1_ACPT_LINE_LOG,W1T479S2,NONUNIQUE,NORMAL,VALID,VISIBLE,CISTS_01,NO,2026-01-08 02:15:08
CISADM,W1_ACPT_LINE_LOG_PARM,W1T480P0,UNIQUE,NORMAL,VALID,VISIBLE,CISTS_01,NO,2026-01-08 02:08:38
CISADM,W1_ACPT_LINE_LOT,W1T477P0,UNIQUE,NORMAL,VALID,VISIBLE,CISTS_01,NO,2026-01-08 02:13:42
CISADM,W1_ACTIVITY,W1T244P0,UNIQUE,NORMAL,VALID,VISIBLE,CISTS_01,NO,2026-02-04 02:18:25
CISADM,W1_ACTIVITY,W1T244S1,NONUNIQUE,NORMAL,VALID,VISIBLE,CISTS_01,NO,2026-02-04 02:18:25
CISADM,W1_ACTIVITY,W1T244S10,NONUNIQUE,NORMAL,VALID,VISIBLE,CISTS_01,NO,2026-02-04 02:18:25
CISADM,W1_ACTIVITY,W1T244S11,NONUNIQUE,NORMAL,VALID,VISIBLE,CISTS_01,NO,2026-02-04 02:18:25
CISADM,W1_ACTIVITY,W1T244S13,UNIQUE,NORMAL,VALID,VISIBLE,CISTS_01,NO,2026-02-04 02:18:25
CISADM,W1_ACTIVITY,W1T244S14,NONUNIQUE,NORMAL,VALID,VISIBLE,CISTS_01,NO,2026-02-04 02:18:25
CISADM,W1_ACTIVITY,W1T244S15,NONUNIQUE,NORMAL,VALID,VISIBLE,CISTS_01,NO,2026-02-04 02:18:25
CISADM,W1_ACTIVITY,W1T244S16,NONUNIQUE,NORMAL,VALID,VISIBLE,CISTS_01,NO,2026-02-04 02:18:25
CISADM,W1_ACTIVITY,W1T244S17,NONUNIQUE,NORMAL,VALID,VISIBLE,CISTS_01,NO,2026-02-04 02:18:25
CISADM,W1_ACTIVITY,W1T244S18,NONUNIQUE,NORMAL,VALID,VISIBLE,CISTS_01,NO,2026-02-04 02:18:25
CISADM,W1_ACTIVITY,W1T244S19,NONUNIQUE,NORMAL,VALID,VISIBLE,CISTS_01,NO,2026-02-04 02:18:25
CISADM,W1_ACTIVITY,W1T244S2,UNIQUE,NORMAL,VALID,VISIBLE,CISTS_01,NO,2026-02-04 02:18:25
CISADM,W1_ACTIVITY,W1T244S20,NONUNIQUE,NORMAL,VALID,VISIBLE,CISTS_01,NO,2026-02-04 02:18:25
CISADM,W1_ACTIVITY,W1T244S4,NONUNIQUE,NORMAL,VALID,VISIBLE,CISTS_01,NO,2026-02-04 02:18:25
CISADM,W1_ACTIVITY,W1T244S5,NONUNIQUE,NORMAL,VALID,VISIBLE,CISTS_01,NO,2026-02-04 02:18:25
CISADM,W1_ACTIVITY,W1T244S6,NONUNIQUE,NORMAL,VALID,VISIBLE,CISTS_01,NO,2026-02-04 02:18:25
CISADM,W1_ACTIVITY,W1T244S7,NONUNIQUE,NORMAL,VALID,VISIBLE,CISTS_01,NO,2026-02-04 02:18:25
CISADM,W1_ACTIVITY,W1T244S8,NONUNIQUE,NORMAL,VALID,VISIBLE,CISTS_01,NO,2026-02-04 02:18:25
CISADM,W1_ACTIVITY,W1T244S9,NONUNIQUE,NORMAL,VALID,VISIBLE,CISTS_01,NO,2026-02-04 02:18:25
CISADM,W1_ACTIVITY_ASSET,W1T366P0,UNIQUE,NORMAL,VALID,VISIBLE,CISTS_01,NO,2026-01-08 02:09:15
CISADM,W1_ACTIVITY_ASSET,W1T366S1,NONUNIQUE,NORMAL,VALID,VISIBLE,CISTS_01,NO,2026-01-08 02:09:15
CISADM,W1_ACTIVITY_ATTACHMENT,W1T245P0,UNIQUE,NORMAL,VALID,VISIBLE,CISTS_01,NO,2026-01-08 02:15:07
CISADM,W1_ACTIVITY_CHAR,W1T246P0,UNIQUE,NORMAL,VALID,VISIBLE,CISTS_01,NO,2026-01-08 02:10:10
CISADM,W1_ACTIVITY_CHAR,W1T246S1,NONUNIQUE,NORMAL,VALID,VISIBLE,CISTS_01,NO,2026-01-08 02:10:10
CISADM,W1_ACTIVITY_COST_CENTER,W1T365P0,UNIQUE,NORMAL,VALID,VISIBLE,CISTS_01,NO,2026-01-08 02:11:00
CISADM,W1_ACTIVITY_DEPENDENCY,W1T367P0,UNIQUE,NORMAL,VALID,VISIBLE,CISTS_01,NO,2026-01-08 02:15:07
CISADM,W1_ACTIVITY_DOCUMENT,W1T369P0,UNIQUE,NORMAL,VALID,VISIBLE,CISTS_01,NO,2026-01-08 02:08:45
CISADM,W1_ACTIVITY_IDENTIFIER,W1T247P0,UNIQUE,NORMAL,VALID,VISIBLE,CISTS_01,NO,2026-01-08 02:09:33
CISADM,W1_ACTIVITY_IDENTIFIER,W1T247S0,NONUNIQUE,NORMAL,VALID,VISIBLE,CISTS_01,NO,2026-01-08 02:09:33
CISADM,W1_ACTIVITY_IDENTIFIER,W1T247S1,NONUNIQUE,FUNCTION-BASED NORMAL,VALID,VISIBLE,CISTS_01,NO,2026-01-08 02:16:47
CISADM,W1_ACTIVITY_K,W1T251P0,UNIQUE,IOT - TOP,VALID,VISIBLE,CISTS_01,NO,2026-01-08 02:17:32
CISADM,W1_ACTIVITY_LOG,W1T249P0,UNIQUE,NORMAL,VALID,VISIBLE,CISTS_01,NO,2026-01-08 02:18:30
CISADM,W1_ACTIVITY_LOG,W1T249S1,NONUNIQUE,NORMAL,VALID,VISIBLE,CISTS_01,NO,2026-01-08 02:18:30
CISADM,W1_ACTIVITY_LOG,W1T249S2,NONUNIQUE,NORMAL,VALID,VISIBLE,CISTS_01,NO,2026-01-08 02:18:30
CISADM,W1_ACTIVITY_LOG_PARM,W1T250P0,UNIQUE,NORMAL,VALID,VISIBLE,CISTS_01,NO,2026-01-08 02:18:27
CISADM,W1_ACTIVITY_MEASUREMENT_TYPE,W1T962P0,UNIQUE,NORMAL,VALID,VISIBLE,CISTS_01,NO,2026-01-08 02:09:16
CISADM,W1_ACTIVITY_NOTE,W1T368P0,UNIQUE,NORMAL,VALID,VISIBLE,CISTS_01,NO,2026-01-08 02:11:55
CISADM,W1_ACTIVITY_PLAN_SVC_HIST_TYPE,W1T526P0,UNIQUE,NORMAL,VALID,VISIBLE,CISTS_01,NO,2026-01-08 02:10:41
CISADM,W1_ACTIVITY_PLAN_SVC_HIST_TYPE,W1T526S1,NONUNIQUE,NORMAL,VALID,VISIBLE,CISTS_01,NO,2026-01-08 02:10:40
CISADM,W1_ACTIVITY_REL_OBJ,W1T248P0,UNIQUE,NORMAL,VALID,VISIBLE,CISTS_01,NO,2026-01-08 02:13:37
CISADM,W1_ACTIVITY_REL_OBJ,W1T248S1,NONUNIQUE,NORMAL,VALID,VISIBLE,CISTS_01,NO,2026-01-08 02:13:37
CISADM,W1_ACTIVITY_TYPE,W1C237P0,UNIQUE,NORMAL,VALID,VISIBLE,CISTS_01,NO,2026-02-04 02:18:26
CISADM,W1_ACTIVITY_TYPE,W1C237S2,NONUNIQUE,NORMAL,VALID,VISIBLE,CISTS_01,NO,2026-02-04 02:18:26
CISADM,W1_ACTIVITY_TYPE,W1C237S3,UNIQUE,NORMAL,VALID,VISIBLE,CISTS_01,NO,2026-02-04 02:18:26
CISADM,W1_ACTIVITY_TYPE_ATTACHMENT,W1C241P0,UNIQUE,NORMAL,VALID,VISIBLE,CISTS_01,NO,2026-01-08 02:26:22
CISADM,W1_ACTIVITY_TYPE_CEVT_TYPE,W1C239P0,UNIQUE,NORMAL,VALID,VISIBLE,CISTS_01,NO,2026-02-04 02:18:25
CISADM,W1_ACTIVITY_TYPE_CHAR,W1C243P0,UNIQUE,NORMAL,VALID,VISIBLE,CISTS_01,NO,2026-01-08 02:26:21
CISADM,W1_ACTIVITY_TYPE_CHAR,W1C243S1,NONUNIQUE,NORMAL,VALID,VISIBLE,CISTS_01,NO,2026-01-08 02:26:21
CISADM,W1_ACTIVITY_TYPE_DOCUMENT,W1C610P0,UNIQUE,NORMAL,VALID,VISIBLE,CISTS_01,NO,2026-01-08 02:26:02
CISADM,W1_ACTIVITY_TYPE_IDENTIFIER,W1C242P0,UNIQUE,NORMAL,VALID,VISIBLE,CISTS_01,NO,2026-01-08 02:25:57
CISADM,W1_ACTIVITY_TYPE_IDENTIFIER,W1C242S0,NONUNIQUE,NORMAL,VALID,VISIBLE,CISTS_01,NO,2026-01-08 02:25:57
CISADM,W1_ACTIVITY_TYPE_IDENTIFIER,W1C242S1,NONUNIQUE,FUNCTION-BASED NORMAL,VALID,VISIBLE,CISTS_01,NO,2026-01-08 02:26:53
CISADM,W1_ACTIVITY_TYPE_L,W1C238P0,UNIQUE,NORMAL,VALID,VISIBLE,CISTS_01,NO,2026-02-04 02:18:26
CISADM,W1_ACTIVITY_TYPE_OUTMSG_TYPE,W1C240P0,UNIQUE,NORMAL,VALID,VISIBLE,CISTS_01,NO,2026-01-08 02:25:55
CISADM,W1_ACTIVITY_TYPE_RESRC_REQMT,W1C638P0,UNIQUE,NORMAL,VALID,VISIBLE,CISTS_01,NO,2026-01-08 02:26:28
CISADM,W1_ACTIVITY_TYPE_SERVICE_CLASS,W1C538P0,UNIQUE,NORMAL,VALID,VISIBLE,CISTS_01,NO,2026-01-08 02:25:50
CISADM,W1_ACT_CONSTR_LOC,W1T780P0,UNIQUE,NORMAL,VALID,VISIBLE,CISTS_01,NO,2026-01-08 02:08:33
CISADM,W1_ACT_CONSTR_LOC_CHAR,W1T783P0,UNIQUE,NORMAL,VALID,VISIBLE,CISTS_01,NO,2026-01-08 02:10:54
CISADM,W1_ACT_CONSTR_LOC_CHAR,W1T783S1,NONUNIQUE,NORMAL,VALID,VISIBLE,CISTS_01,NO,2026-01-08 02:10:54
CISADM,W1_ACT_CONSTR_LOC_CU,W1T781P0,UNIQUE,NORMAL,VALID,VISIBLE,CISTS_01,NO,2026-01-08 02:09:40
CISADM,W1_ACT_CONSTR_LOC_CU_ASSET,W1T786P0,UNIQUE,NORMAL,VALID,VISIBLE,CISTS_01,NO,2026-01-08 02:15:58
CISADM,W1_ACT_CONSTR_LOC_CU_ASSET,W1T786S1,NONUNIQUE,NORMAL,VALID,VISIBLE,CISTS_01,NO,2026-01-08 02:15:57
CISADM,W1_ACT_CONSTR_LOC_K,W1T785P0,UNIQUE,IOT - TOP,VALID,VISIBLE,CISTS_01,NO,2026-01-07 21:35:06
CISADM,W1_ACT_RECON,W1T731P0,UNIQUE,NORMAL,VALID,VISIBLE,CISTS_01,NO,2026-01-08 02:11:54
CISADM,W1_ACT_RECON_CHAR,W1T734P0,UNIQUE,NORMAL,VALID,VISIBLE,CISTS_01,NO,2026-01-08 02:14:22
CISADM,W1_ACT_RECON_CHAR,W1T734S1,NONUNIQUE,NORMAL,VALID,VISIBLE,CISTS_01,NO,2026-01-08 02:14:22
CISADM,W1_ACT_RECON_COST_CENTER,W1T732P0,UNIQUE,NORMAL,VALID,VISIBLE,CISTS_01,NO,2026-01-08 02:08:35
CISADM,W1_ACT_RECON_DOCUMENT,W1T745P0,UNIQUE,NORMAL,VALID,VISIBLE,CISTS_01,NO,2026-01-08 02:09:49
CISADM,W1_ACT_RECON_IDENTIFIER,W1T782P0,UNIQUE,NORMAL,VALID,VISIBLE,CISTS_01,NO,2026-01-08 02:14:45
CISADM,W1_ACT_RECON_IDENTIFIER,W1T782S1,NONUNIQUE,NORMAL,VALID,VISIBLE,CISTS_01,NO,2026-01-08 02:14:45
CISADM,W1_ACT_RECON_K,W1T739P0,UNIQUE,IOT - TOP,VALID,VISIBLE,CISTS_01,NO,2026-01-07 21:35:06
CISADM,W1_ACT_RECON_LOG,W1T735P0,UNIQUE,NORMAL,VALID,VISIBLE,CISTS_01,NO,2026-01-08 02:10:26
CISADM,W1_ACT_RECON_LOG,W1T735S1,NONUNIQUE,NORMAL,VALID,VISIBLE,CISTS_01,NO,2026-01-08 02:10:26
CISADM,W1_ACT_RECON_LOG,W1T735S2,NONUNIQUE,NORMAL,VALID,VISIBLE,CISTS_01,NO,2026-01-08 02:10:26
CISADM,W1_ACT_RECON_LOG_PARM,W1T736P0,UNIQUE,NORMAL,VALID,VISIBLE,CISTS_01,NO,2026-01-08 02:11:54
CISADM,W1_ACT_RECON_NOTE,W1T738P0,UNIQUE,NORMAL,VALID,VISIBLE,CISTS_01,NO,2026-01-08 02:13:41
CISADM,W1_ACT_RECON_PROP_UNIT,W1T733P0,UNIQUE,NORMAL,VALID,VISIBLE,CISTS_01,NO,2026-01-08 02:11:17
CISADM,W1_ACT_RESRC_REQMT,W1T370P0,UNIQUE,NORMAL,VALID,VISIBLE,CISTS_01,NO,2026-01-08 02:10:15
CISADM,W1_ACT_RESRC_REQMT,W1T370S1,UNIQUE,NORMAL,VALID,VISIBLE,CISTS_01,NO,2026-01-08 02:10:15
CISADM,W1_ACT_RESRC_REQMT,W1T370S2,NONUNIQUE,NORMAL,VALID,VISIBLE,CISTS_01,NO,2026-01-08 02:10:15
CISADM,W1_ACT_RESRC_REQMT_CHAR,W1T374P0,UNIQUE,NORMAL,VALID,VISIBLE,CISTS_01,NO,2026-01-08 02:13:21
CISADM,W1_ACT_RESRC_REQMT_CHAR,W1T374S1,NONUNIQUE,NORMAL,VALID,VISIBLE,CISTS_01,NO,2026-01-08 02:13:20
CISADM,W1_ACT_RESRC_REQMT_DOCUMENT,W1T373P0,UNIQUE,NORMAL,VALID,VISIBLE,CISTS_01,NO,2026-01-08 02:13:50
CISADM,W1_ACT_RESRC_REQMT_DTL,W1T784P0,UNIQUE,NORMAL,VALID,VISIBLE,CISTS_01,NO,2026-01-08 02:09:03
CISADM,W1_ACT_RESRC_REQMT_IDENTIFIER,W1T375P0,UNIQUE,NORMAL,VALID,VISIBLE,CISTS_01,NO,2026-01-08 02:08:12
CISADM,W1_ACT_RESRC_REQMT_IDENTIFIER,W1T375S0,NONUNIQUE,NORMAL,VALID,VISIBLE,CISTS_01,NO,2026-01-08 02:08:12
CISADM,W1_ACT_RESRC_REQMT_IDENTIFIER,W1T375S1,NONUNIQUE,FUNCTION-BASED NORMAL,VALID,VISIBLE,CISTS_01,NO,2026-01-08 02:16:37
CISADM,W1_ACT_RESRC_REQMT_K,W1T371P0,UNIQUE,IOT - TOP,VALID,VISIBLE,CISTS_01,NO,2026-01-07 21:35:07
CISADM,W1_ACT_RESRC_REQMT_LOG,W1T376P0,UNIQUE,NORMAL,VALID,VISIBLE,CISTS_01,NO,2026-01-08 02:15:08
CISADM,W1_ACT_RESRC_REQMT_LOG,W1T376S1,NONUNIQUE,NORMAL,VALID,VISIBLE,CISTS_01,NO,2026-01-08 02:15:08
CISADM,W1_ACT_RESRC_REQMT_LOG,W1T376S2,NONUNIQUE,NORMAL,VALID,VISIBLE,CISTS_01,NO,2026-01-08 02:15:08
CISADM,W1_ACT_RESRC_REQMT_LOG_PARM,W1T377P0,UNIQUE,NORMAL,VALID,VISIBLE,CISTS_01,NO,2026-01-08 02:15:03
CISADM,W1_ACT_RESRC_REQMT_NOTE,W1T372P0,UNIQUE,NORMAL,VALID,VISIBLE,CISTS_01,NO,2026-01-08 02:13:29
CISADM,W1_ACT_TYPE_PLAN_SVC_HIST_TYPE,W1C007P0,UNIQUE,NORMAL,VALID,VISIBLE,CISTS_01,NO,2026-01-08 02:26:18
CISADM,W1_ADJUSTMENT,W1C890P0,UNIQUE,NORMAL,VALID,VISIBLE,CISTS_01,NO,2026-01-08 02:09:07
CISADM,W1_ADJUSTMENT_CHAR,W1C892P0,UNIQUE,NORMAL,VALID,VISIBLE,CISTS_01,NO,2026-01-08 02:09:12
CISADM,W1_ADJUSTMENT_DOCUMENT,W1C895P0,UNIQUE,NORMAL,VALID,VISIBLE,CISTS_01,NO,2026-01-08 02:09:25
CISADM,W1_ADJUSTMENT_DTL,W1C891P0,UNIQUE,NORMAL,VALID,VISIBLE,CISTS_01,NO,2026-01-08 02:09:11
CISADM,W1_ADJUSTMENT_IDENTIFIER,W1C893P0,UNIQUE,NORMAL,VALID,VISIBLE,CISTS_01,NO,2026-01-08 02:13:40
CISADM,W1_ADJUSTMENT_LOG,W1C896P0,UNIQUE,NORMAL,VALID,VISIBLE,CISTS_01,NO,2026-01-08 02:11:18
CISADM,W1_ADJUSTMENT_LOG_PARM,W1C897P0,UNIQUE,NORMAL,VALID,VISIBLE,CISTS_01,NO,2026-01-08 02:14:46
CISADM,W1_ADJUSTMENT_TYPE,W1889P0,UNIQUE,NORMAL,VALID,VISIBLE,CISTS_01,NO,2026-01-08 02:26:12
CISADM,W1_ADJUSTMENT_TYPE_CHAR,W1C892S1,NONUNIQUE,NORMAL,VALID,VISIBLE,CISTS_01,NO,2026-01-08 02:26:27
CISADM,W1_ADJUSTMENT_TYPE_CHAR,W1C900P0,UNIQUE,NORMAL,VALID,VISIBLE,CISTS_01,NO,2026-01-08 02:26:27
CISADM,W1_ADJUSTMENT_TYPE_L,W1C899P0,UNIQUE,NORMAL,VALID,VISIBLE,CISTS_01,NO,2026-01-08 02:26:17
CISADM,W1_APPROVAL_PROF,W1C556P0,UNIQUE,NORMAL,VALID,VISIBLE,CISTS_01,NO,2026-01-08 02:26:08
CISADM,W1_APPROVAL_PROF_CHAR,W1C559P0,UNIQUE,NORMAL,VALID,VISIBLE,CISTS_01,NO,2026-01-08 02:25:56
CISADM,W1_APPROVAL_PROF_CHAR,W1C559S1,NONUNIQUE,NORMAL,VALID,VISIBLE,CISTS_01,NO,2026-01-08 02:25:56
CISADM,W1_APPROVAL_PROF_IDENTIFIER,W1C560P0,UNIQUE,NORMAL,VALID,VISIBLE,CISTS_01,NO,2026-01-08 02:26:19
CISADM,W1_APPROVAL_PROF_IDENTIFIER,W1C560S0,NONUNIQUE,NORMAL,VALID,VISIBLE,CISTS_01,NO,2026-01-08 02:26:19
CISADM,W1_APPROVAL_PROF_IDENTIFIER,W1C560S1,NONUNIQUE,FUNCTION-BASED NORMAL,VALID,VISIBLE,CISTS_01,NO,2026-01-08 02:26:53
CISADM,W1_APPROVAL_PROF_L,W1C557P0,UNIQUE,NORMAL,VALID,VISIBLE,CISTS_01,NO,2026-01-08 02:26:14
CISADM,W1_APPROVAL_PROF_USER_GROUP,W1C558P0,UNIQUE,NORMAL,VALID,VISIBLE,CISTS_01,NO,2026-01-08 02:26:12
CISADM,W1_APPROVAL_REQ,W1T291P0,UNIQUE,NORMAL,VALID,VISIBLE,CISTS_01,NO,2026-01-08 02:12:40
CISADM,W1_APPROVAL_REQ,W1T291S1,UNIQUE,NORMAL,VALID,VISIBLE,CISTS_01,NO,2026-01-08 02:12:39
CISADM,W1_APPROVAL_REQ,W1T291S2,UNIQUE,NORMAL,VALID,VISIBLE,CISTS_01,NO,2026-01-08 02:12:39
CISADM,W1_APPROVAL_REQ_APPROVER,W1T293P0,UNIQUE,NORMAL,VALID,VISIBLE,CISTS_01,NO,2026-01-08 02:14:38
CISADM,W1_APPROVAL_REQ_CHAR,W1T295P0,UNIQUE,NORMAL,VALID,VISIBLE,CISTS_01,NO,2026-01-08 02:14:45
CISADM,W1_APPROVAL_REQ_CHAR,W1T295S1,NONUNIQUE,NORMAL,VALID,VISIBLE,CISTS_01,NO,2026-01-08 02:14:45
CISADM,W1_APPROVAL_REQ_IDENTIFIER,W1T294P0,UNIQUE,NORMAL,VALID,VISIBLE,CISTS_01,NO,2026-01-08 02:08:08
CISADM,W1_APPROVAL_REQ_IDENTIFIER,W1T294S0,NONUNIQUE,NORMAL,VALID,VISIBLE,CISTS_01,NO,2026-01-08 02:08:09
CISADM,W1_APPROVAL_REQ_IDENTIFIER,W1T294S1,NONUNIQUE,FUNCTION-BASED NORMAL,VALID,VISIBLE,CISTS_01,NO,2026-01-08 02:16:22
CISADM,W1_APPROVAL_REQ_K,W1T292P0,UNIQUE,IOT - TOP,VALID,VISIBLE,CISTS_01,NO,2026-01-07 21:35:08
CISADM,W1_APPROVAL_REQ_LOG,W1T296P0,UNIQUE,NORMAL,VALID,VISIBLE,CISTS_01,NO,2026-01-08 02:14:44
CISADM,W1_APPROVAL_REQ_LOG_PARM,W1T297P0,UNIQUE,NORMAL,VALID,VISIBLE,CISTS_01,NO,2026-01-08 02:09:18
CISADM,W1_ASSESS_CLASS,W1C504P0,UNIQUE,NORMAL,VALID,VISIBLE,CISTS_01,NO,2026-01-08 02:25:56
CISADM,W1_ASSESS_CLASS,W1C504S1,UNIQUE,NORMAL,VALID,VISIBLE,CISTS_01,NO,2026-01-08 02:25:56
CISADM,W1_ASSESS_CLASS_ASSESS_GRP,W1C507P0,UNIQUE,NORMAL,VALID,VISIBLE,CISTS_01,NO,2026-01-08 02:26:07
CISADM,W1_ASSESS_CLASS_CHAR,W1C506P0,UNIQUE,NORMAL,VALID,VISIBLE,CISTS_01,NO,2026-01-08 02:26:20
CISADM,W1_ASSESS_CLASS_L,W1C505P0,UNIQUE,NORMAL,VALID,VISIBLE,CISTS_01,NO,2026-01-08 02:26:28
CISADM,W1_ASSESS_CLASS_LOG,W1C683P0,UNIQUE,NORMAL,VALID,VISIBLE,CISTS_01,NO,2026-01-08 02:26:23
CISADM,W1_ASSESS_CLASS_LOG,W1C683S1,NONUNIQUE,NORMAL,VALID,VISIBLE,CISTS_01,NO,2026-01-08 02:26:23
CISADM,W1_ASSESS_CLASS_LOG,W1C683S2,NONUNIQUE,NORMAL,VALID,VISIBLE,CISTS_01,NO,2026-01-08 02:26:23
CISADM,W1_ASSESS_CLASS_LOG_PARM,W1C684P0,UNIQUE,NORMAL,VALID,VISIBLE,CISTS_01,NO,2026-01-08 02:26:18
CISADM,W1_ASSESS_GRP,W1C508P0,UNIQUE,NORMAL,VALID,VISIBLE,CISTS_01,NO,2026-01-08 02:26:05
CISADM,W1_ASSESS_GRP_AGING_FACTOR,W1C512P0,UNIQUE,NORMAL,VALID,VISIBLE,CISTS_01,NO,2026-01-08 02:25:57
CISADM,W1_ASSESS_GRP_CHAR,W1C510P0,UNIQUE,NORMAL,VALID,VISIBLE,CISTS_01,NO,2026-01-08 02:25:52
CISADM,W1_ASSESS_GRP_L,W1C509P0,UNIQUE,NORMAL,VALID,VISIBLE,CISTS_01,NO,2026-01-08 02:25:50
CISADM,W1_ASSESS_GRP_SVC_HIST_TYPE,W1C511P0,UNIQUE,NORMAL,VALID,VISIBLE,CISTS_01,NO,2026-01-08 02:26:25
CISADM,W1_ASSET,W1M007P0,UNIQUE,NORMAL,VALID,VISIBLE,CISTS_01,NO,2026-01-28 02:15:17
CISADM,W1_ASSET,W1M007S1,UNIQUE,NORMAL,VALID,VISIBLE,CISTS_01,NO,2026-01-28 02:15:18
CISADM,W1_ASSET,W1M007S2,UNIQUE,NORMAL,VALID,VISIBLE,CISTS_01,NO,2026-01-28 02:15:17
CISADM,W1_ASSET,W1M007S3,UNIQUE,NORMAL,VALID,VISIBLE,CISTS_01,NO,2026-01-28 02:15:18
CISADM,W1_ASSET,W1M007S4,UNIQUE,NORMAL,VALID,VISIBLE,CISTS_01,NO,2026-01-28 02:15:19
CISADM,W1_ASSET,W1M007S5,NONUNIQUE,NORMAL,VALID,VISIBLE,CISTS_01,NO,2026-01-28 02:15:18
CISADM,W1_ASSET,W1M007S6,UNIQUE,NORMAL,VALID,VISIBLE,CISTS_01,NO,2026-01-28 02:15:19
CISADM,W1_ASSET,W1M007S7,NONUNIQUE,NORMAL,VALID,VISIBLE,CISTS_01,NO,2026-01-28 02:15:18
CISADM,W1_ASSET,W1M007S8,NONUNIQUE,NORMAL,VALID,VISIBLE,CISTS_01,NO,2026-01-28 02:15:19
CISADM,W1_ASSET_ATTACHMENT,W1M009P0,UNIQUE,NORMAL,VALID,VISIBLE,CISTS_01,NO,2026-01-08 02:09:22
CISADM,W1_ASSET_ATTRIBUTE,W1T843P0,UNIQUE,NORMAL,VALID,VISIBLE,CISTS_01,NO,2026-01-16 02:05:33
CISADM,W1_ASSET_ATTRIBUTE,W1T843S1,NONUNIQUE,NORMAL,VALID,VISIBLE,CISTS_01,NO,2026-01-16 02:05:33
CISADM,W1_ASSET_ATTRIBUTE,W1T843S2,NONUNIQUE,NORMAL,VALID,VISIBLE,CISTS_01,NO,2026-01-16 02:05:33
CISADM,W1_ASSET_ATTRIBUTE,W1T843S3,NONUNIQUE,NORMAL,VALID,VISIBLE,CISTS_01,NO,2026-01-16 02:05:33
CISADM,W1_ASSET_ATTRIBUTE,W1T843S4,NONUNIQUE,NORMAL,VALID,VISIBLE,CISTS_01,NO,2026-01-16 02:05:33
CISADM,W1_ASSET_CHAR,W1M015P0,UNIQUE,NORMAL,VALID,VISIBLE,CISTS_01,NO,2026-01-08 02:15:53
CISADM,W1_ASSET_CHAR,W1M015S1,NONUNIQUE,NORMAL,VALID,VISIBLE,CISTS_01,NO,2026-01-08 02:15:53
CISADM,W1_ASSET_CHAR2,W1T518P0,UNIQUE,NORMAL,VALID,VISIBLE,CISTS_01,NO,2026-01-08 02:09:06
CISADM,W1_ASSET_DOCUMENT,W1M586P0,UNIQUE,NORMAL,VALID,VISIBLE,CISTS_01,NO,2026-01-08 02:10:05
CISADM,W1_ASSET_EMPLOYEE,W1M510P0,UNIQUE,NORMAL,VALID,VISIBLE,CISTS_01,NO,2026-01-08 02:15:06
CISADM,W1_ASSET_EMPLOYEE,W1M510S1,NONUNIQUE,NORMAL,VALID,VISIBLE,CISTS_01,NO,2026-01-08 02:15:06
CISADM,W1_ASSET_IDENTIFIER,W1M014P0,UNIQUE,NORMAL,VALID,VISIBLE,CISTS_01,NO,2026-01-17 22:11:44
CISADM,W1_ASSET_IDENTIFIER,W1M014S0,NONUNIQUE,NORMAL,VALID,VISIBLE,CISTS_01,NO,2026-01-17 22:11:45
CISADM,W1_ASSET_IDENTIFIER,W1M014S1,NONUNIQUE,FUNCTION-BASED NORMAL,VALID,VISIBLE,CISTS_01,NO,2026-01-17 22:11:46
CISADM,W1_ASSET_K,W1M011P0,UNIQUE,IOT - TOP,VALID,VISIBLE,CISTS_01,NO,2026-01-08 02:19:18
CISADM,W1_ASSET_LOG,W1M016P0,UNIQUE,NORMAL,VALID,VISIBLE,CISTS_01,NO,2026-01-08 02:20:53
CISADM,W1_ASSET_LOG_PARM,W1M017P0,UNIQUE,NORMAL,VALID,VISIBLE,CISTS_01,NO,2026-01-08 02:19:35
CISADM,W1_ASSET_MAINT_TRIGGER_FCST,W1M704P0,UNIQUE,NORMAL,VALID,VISIBLE,CISTS_01,NO,2026-01-08 02:08:42
CISADM,W1_ASSET_MEASUREMENT_TYPE,W1M499P0,UNIQUE,NORMAL,VALID,VISIBLE,CISTS_01,NO,2026-01-08 02:12:39
CISADM,W1_ASSET_NODE,W1M008P0,UNIQUE,NORMAL,VALID,VISIBLE,CISTS_01,NO,2026-01-17 22:11:42
CISADM,W1_ASSET_NODE,W1M008S3,NONUNIQUE,NORMAL,VALID,VISIBLE,CISTS_01,NO,2026-01-17 22:11:41
CISADM,W1_ASSET_NODE,W1M008S4,NONUNIQUE,NORMAL,VALID,VISIBLE,CISTS_01,NO,2026-01-17 22:11:41
CISADM,W1_ASSET_NODE,W1M008S5,NONUNIQUE,NORMAL,VALID,VISIBLE,CISTS_01,NO,2026-01-17 22:11:41
CISADM,W1_ASSET_NODE,W1M008S7,NONUNIQUE,NORMAL,VALID,VISIBLE,CISTS_01,NO,2026-01-17 22:11:41
CISADM,W1_ASSET_NODE,W1M008S8,NONUNIQUE,NORMAL,VALID,VISIBLE,CISTS_01,NO,2026-01-17 22:11:42
CISADM,W1_ASSET_NOTE,W1M585P0,UNIQUE,NORMAL,VALID,VISIBLE,CISTS_01,NO,2026-01-08 02:10:37
CISADM,W1_ASSET_TYPE,W1C002P0,UNIQUE,NORMAL,VALID,VISIBLE,CISTS_01,NO,2026-02-04 02:18:25
CISADM,W1_ASSET_TYPE,W1T144S1,NONUNIQUE,NORMAL,VALID,VISIBLE,CISTS_01,NO,2026-02-04 02:18:25
CISADM,W1_ASSET_TYPE_ATTRIBUTE,W1C006P0,UNIQUE,NORMAL,VALID,VISIBLE,CISTS_01,NO,2026-01-08 02:26:24
CISADM,W1_ASSET_TYPE_CHAR,W1C005P0,UNIQUE,NORMAL,VALID,VISIBLE,CISTS_01,NO,2026-01-08 02:26:04
CISADM,W1_ASSET_TYPE_CHAR,W1C005S1,NONUNIQUE,NORMAL,VALID,VISIBLE,CISTS_01,NO,2026-01-08 02:26:04
CISADM,W1_ASSET_TYPE_L,W1C003P0,UNIQUE,NORMAL,VALID,VISIBLE,CISTS_01,NO,2026-01-31 22:17:15
CISADM,W1_ASSET_TYPE_NODE_TYPE,W1C004P0,UNIQUE,NORMAL,VALID,VISIBLE,CISTS_01,NO,2026-01-08 02:26:26
CISADM,W1_ASSET_TYPE_STATS,W1C650P0,UNIQUE,NORMAL,VALID,VISIBLE,CISTS_01,NO,2026-01-08 02:26:34
CISADM,W1_ASSET_TYPE_STATS_CHAR,W1C651P0,UNIQUE,NORMAL,VALID,VISIBLE,CISTS_01,NO,2026-01-08 02:25:58
CISADM,W1_ASSET_TYPE_STATS_CHAR,W1C651S1,NONUNIQUE,NORMAL,VALID,VISIBLE,CISTS_01,NO,2026-01-08 02:25:58
CISADM,W1_ASSET_TYPE_SVC_HIST_TYPE,W1C018P0,UNIQUE,NORMAL,VALID,VISIBLE,CISTS_01,NO,2026-01-08 02:25:49
CISADM,W1_BC_ACCESS_LIST,W1C634P0,UNIQUE,NORMAL,VALID,VISIBLE,CISTS_01,NO,2026-01-08 02:25:57
CISADM,W1_BC_ACCESS_LIST_CHAR,W1C636P0,UNIQUE,NORMAL,VALID,VISIBLE,CISTS_01,NO,2026-01-08 02:26:41
CISADM,W1_BC_ACCESS_LIST_CHAR,W1C636S1,NONUNIQUE,NORMAL,VALID,VISIBLE,CISTS_01,NO,2026-01-08 02:26:42
CISADM,W1_BC_ACCESS_LIST_L,W1C637P0,UNIQUE,NORMAL,VALID,VISIBLE,CISTS_01,NO,2026-01-08 02:26:06
CISADM,W1_BC_ACCESS_LIST_USER,W1C635P0,UNIQUE,NORMAL,VALID,VISIBLE,CISTS_01,NO,2026-01-08 02:26:34
CISADM,W1_BC_HEADER,W1T346P0,UNIQUE,NORMAL,VALID,VISIBLE,CISTS_01,NO,2026-01-08 02:09:30
CISADM,W1_BC_HEADER,W1T346S1,NONUNIQUE,NORMAL,VALID,VISIBLE,CISTS_01,NO,2026-01-08 02:09:30
CISADM,W1_BC_HEADER,W1T346S2,NONUNIQUE,NORMAL,VALID,VISIBLE,CISTS_01,NO,2026-01-08 02:09:30
CISADM,W1_BC_HEADER,W1T346S3,UNIQUE,NORMAL,VALID,VISIBLE,CISTS_01,NO,2026-01-08 02:09:29
CISADM,W1_BC_HEADER_CHAR,W1T350P0,UNIQUE,NORMAL,VALID,VISIBLE,CISTS_01,NO,2026-01-08 02:14:56
CISADM,W1_BC_HEADER_CHAR,W1T350S1,NONUNIQUE,NORMAL,VALID,VISIBLE,CISTS_01,NO,2026-01-08 02:14:56
CISADM,W1_BC_HEADER_DOCUMENT,W1T354P0,UNIQUE,NORMAL,VALID,VISIBLE,CISTS_01,NO,2026-01-08 02:09:00
CISADM,W1_BC_HEADER_IDENTIFIER,W1T349P0,UNIQUE,NORMAL,VALID,VISIBLE,CISTS_01,NO,2026-01-08 02:08:59
CISADM,W1_BC_HEADER_IDENTIFIER,W1T349S0,NONUNIQUE,NORMAL,VALID,VISIBLE,CISTS_01,NO,2026-01-08 02:08:59
CISADM,W1_BC_HEADER_IDENTIFIER,W1T349S1,NONUNIQUE,FUNCTION-BASED NORMAL,VALID,VISIBLE,CISTS_01,NO,2026-01-08 02:16:29
CISADM,W1_BC_HEADER_K,W1T347P0,UNIQUE,IOT - TOP,VALID,VISIBLE,CISTS_01,NO,2026-01-07 21:35:12
CISADM,W1_BC_HEADER_LOG,W1T351P0,UNIQUE,NORMAL,VALID,VISIBLE,CISTS_01,NO,2026-01-08 02:10:36
CISADM,W1_BC_HEADER_LOG,W1T351S1,NONUNIQUE,NORMAL,VALID,VISIBLE,CISTS_01,NO,2026-01-08 02:10:36
CISADM,W1_BC_HEADER_LOG,W1T351S2,NONUNIQUE,NORMAL,VALID,VISIBLE,CISTS_01,NO,2026-01-08 02:10:36
CISADM,W1_BC_HEADER_LOG_PARM,W1T352P0,UNIQUE,NORMAL,VALID,VISIBLE,CISTS_01,NO,2026-01-08 02:10:16
CISADM,W1_BC_HEADER_NOTE,W1T353P0,UNIQUE,NORMAL,VALID,VISIBLE,CISTS_01,NO,2026-01-08 02:15:04
CISADM,W1_BC_LINE,W1T355P0,UNIQUE,NORMAL,VALID,VISIBLE,CISTS_01,NO,2026-01-08 02:15:53
CISADM,W1_BC_LINE,W1T355S1,UNIQUE,NORMAL,VALID,VISIBLE,CISTS_01,NO,2026-01-08 02:15:53
CISADM,W1_BC_LINE,W1T355S2,UNIQUE,NORMAL,VALID,VISIBLE,CISTS_01,NO,2026-01-08 02:15:53
CISADM,W1_BC_LINE,W1T355S3,UNIQUE,NORMAL,VALID,VISIBLE,CISTS_01,NO,2026-01-08 02:15:53
CISADM,W1_BC_LINE_CHAR,W1T359P0,UNIQUE,NORMAL,VALID,VISIBLE,CISTS_01,NO,2026-01-08 02:10:43
CISADM,W1_BC_LINE_CHAR,W1T359S1,NONUNIQUE,NORMAL,VALID,VISIBLE,CISTS_01,NO,2026-01-08 02:10:43
CISADM,W1_BC_LINE_DOCUMENT,W1T362P0,UNIQUE,NORMAL,VALID,VISIBLE,CISTS_01,NO,2026-01-08 02:10:14
CISADM,W1_BC_LINE_K,W1T356P0,UNIQUE,IOT - TOP,VALID,VISIBLE,CISTS_01,NO,2026-01-07 21:35:12
CISADM,W1_BC_LINE_LOG,W1T360P0,UNIQUE,NORMAL,VALID,VISIBLE,CISTS_01,NO,2026-01-08 02:11:15
CISADM,W1_BC_LINE_LOG,W1T360S1,NONUNIQUE,NORMAL,VALID,VISIBLE,CISTS_01,NO,2026-01-08 02:11:15
CISADM,W1_BC_LINE_LOG,W1T360S2,NONUNIQUE,NORMAL,VALID,VISIBLE,CISTS_01,NO,2026-01-08 02:11:15
CISADM,W1_BC_LINE_LOG_PARM,W1T361P0,UNIQUE,NORMAL,VALID,VISIBLE,CISTS_01,NO,2026-01-08 02:14:46
CISADM,W1_BC_LINE_MFR,W1T358P0,UNIQUE,NORMAL,VALID,VISIBLE,CISTS_01,NO,2026-01-08 02:09:37
CISADM,W1_BKT_CONFIG,W1C499P0,UNIQUE,NORMAL,VALID,VISIBLE,CISTS_01,NO,2026-01-08 02:25:55
CISADM,W1_BKT_CONFIG_L,W1C500P0,UNIQUE,NORMAL,VALID,VISIBLE,CISTS_01,NO,2026-01-08 02:26:04
CISADM,W1_BKT_CONFIG_REL_OBJ,W1C501P0,UNIQUE,NORMAL,VALID,VISIBLE,CISTS_01,NO,2026-01-08 02:26:41
CISADM,W1_BKT_CONFIG_VAL,W1C502P0,UNIQUE,NORMAL,VALID,VISIBLE,CISTS_01,NO,2026-01-08 02:26:34
CISADM,W1_BKT_CONFIG_VAL_L,W1C503P0,UNIQUE,NORMAL,VALID,VISIBLE,CISTS_01,NO,2026-01-08 02:26:10
CISADM,W1_BOM_ASSEMBLY,W1M534P0,UNIQUE,NORMAL,VALID,VISIBLE,CISTS_01,NO,2026-01-08 02:10:41
CISADM,W1_BOM_CHAR,W1C555P0,UNIQUE,NORMAL,VALID,VISIBLE,CISTS_01,NO,2026-01-08 02:08:08
CISADM,W1_BOM_DOCUMENT,W1M711P0,UNIQUE,NORMAL,VALID,VISIBLE,CISTS_01,NO,2026-01-08 02:08:11
CISADM,W1_BOM_IDENTIFIER,W1C554P0,UNIQUE,NORMAL,VALID,VISIBLE,CISTS_01,NO,2026-01-08 02:14:34
CISADM,W1_BOM_K,W1M533P0,UNIQUE,IOT - TOP,VALID,VISIBLE,CISTS_01,NO,2026-01-07 21:35:13
CISADM,W1_BOM_NOTE,W1M552P0,UNIQUE,NORMAL,VALID,VISIBLE,CISTS_01,NO,2026-01-08 02:08:36
CISADM,W1_BOM_PART,W1M532P0,UNIQUE,NORMAL,VALID,VISIBLE,CISTS_01,NO,2026-01-08 02:09:12
CISADM,W1_BOM_PART,W1M532S1,UNIQUE,NORMAL,VALID,VISIBLE,CISTS_01,NO,2026-01-08 02:09:12
CISADM,W1_BUSINESS_UNIT,W1C628P0,UNIQUE,NORMAL,VALID,VISIBLE,CISTS_01,NO,2026-01-08 02:25:51
CISADM,W1_BUSINESS_UNIT_CHAR,W1C630P0,UNIQUE,NORMAL,VALID,VISIBLE,CISTS_01,NO,2026-01-08 02:26:43
CISADM,W1_BUSINESS_UNIT_CHAR,W1C630S1,NONUNIQUE,NORMAL,VALID,VISIBLE,CISTS_01,NO,2026-01-08 02:26:43
CISADM,W1_BUSINESS_UNIT_L,W1C629P0,UNIQUE,NORMAL,VALID,VISIBLE,CISTS_01,NO,2026-01-08 02:25:56
CISADM,W1_BUYER,W1C675P0,UNIQUE,NORMAL,VALID,VISIBLE,CISTS_01,NO,2026-01-08 02:26:43
CISADM,W1_BUYER_CHAR,W1C678P0,UNIQUE,NORMAL,VALID,VISIBLE,CISTS_01,NO,2026-01-08 02:26:15
CISADM,W1_BUYER_CHAR,W1C678S1,NONUNIQUE,NORMAL,VALID,VISIBLE,CISTS_01,NO,2026-01-08 02:26:13
CISADM,W1_BUYER_EMAIL,W1C680P0,UNIQUE,NORMAL,VALID,VISIBLE,CISTS_01,NO,2026-01-08 02:25:58
CISADM,W1_BUYER_EMAIL,W1C680S1,NONUNIQUE,NORMAL,VALID,VISIBLE,CISTS_01,NO,2026-01-08 02:25:58
CISADM,W1_BUYER_IDENTIFIER,W1C677P0,UNIQUE,NORMAL,VALID,VISIBLE,CISTS_01,NO,2026-01-08 02:26:40
CISADM,W1_BUYER_IDENTIFIER,W1C677S0,NONUNIQUE,NORMAL,VALID,VISIBLE,CISTS_01,NO,2026-01-08 02:26:40
CISADM,W1_BUYER_IDENTIFIER,W1C677S1,NONUNIQUE,FUNCTION-BASED NORMAL,VALID,VISIBLE,CISTS_01,NO,2026-01-08 02:26:53
CISADM,W1_BUYER_L,W1C676P0,UNIQUE,NORMAL,VALID,VISIBLE,CISTS_01,NO,2026-01-08 02:26:07
CISADM,W1_BUYER_LOG,W1C681P0,UNIQUE,NORMAL,VALID,VISIBLE,CISTS_01,NO,2026-01-08 02:26:26
CISADM,W1_BUYER_LOG,W1C681S1,NONUNIQUE,NORMAL,VALID,VISIBLE,CISTS_01,NO,2026-01-08 02:26:26
CISADM,W1_BUYER_LOG,W1C681S2,NONUNIQUE,NORMAL,VALID,VISIBLE,CISTS_01,NO,2026-01-08 02:26:26
CISADM,W1_BUYER_LOG_PARM,W1C682P0,UNIQUE,NORMAL,VALID,VISIBLE,CISTS_01,NO,2026-01-08 02:26:33
CISADM,W1_BUYER_PHONE,W1C679P0,UNIQUE,NORMAL,VALID,VISIBLE,CISTS_01,NO,2026-01-08 02:25:49
CISADM,W1_BUYER_PHONE,W1C679S1,NONUNIQUE,NORMAL,VALID,VISIBLE,CISTS_01,NO,2026-01-08 02:25:49
CISADM,W1_CALENDAR,W1C545P0,UNIQUE,NORMAL,VALID,VISIBLE,CISTS_01,NO,2026-01-08 02:26:44
CISADM,W1_CALENDAR_CHAR,W1C546P0,UNIQUE,NORMAL,VALID,VISIBLE,CISTS_01,NO,2026-01-08 02:26:44
CISADM,W1_CALENDAR_CHAR,W1C546S1,NONUNIQUE,NORMAL,VALID,VISIBLE,CISTS_01,NO,2026-01-08 02:26:44
CISADM,W1_CALENDAR_L,W1C547P0,UNIQUE,NORMAL,VALID,VISIBLE,CISTS_01,NO,2026-01-08 02:26:41
CISADM,W1_CALENDAR_PERIOD,W1C548P0,UNIQUE,NORMAL,VALID,VISIBLE,CISTS_01,NO,2026-01-08 02:26:12
CISADM,W1_CALENDAR_PERIOD_L,W1C549P0,UNIQUE,NORMAL,VALID,VISIBLE,CISTS_01,NO,2026-01-08 02:26:29
CISADM,W1_CAPABILITY_TYPE,W1C641P0,UNIQUE,NORMAL,VALID,VISIBLE,CISTS_01,NO,2026-01-08 02:26:33
CISADM,W1_CAPABILITY_TYPE_CHAR,W1C643P0,UNIQUE,NORMAL,VALID,VISIBLE,CISTS_01,NO,2026-01-08 02:26:35
CISADM,W1_CAPABILITY_TYPE_CHAR,W1C643S1,NONUNIQUE,NORMAL,VALID,VISIBLE,CISTS_01,NO,2026-01-08 02:26:35
CISADM,W1_CAPABILITY_TYPE_L,W1C642P0,UNIQUE,NORMAL,VALID,VISIBLE,CISTS_01,NO,2026-01-08 02:25:50
CISADM,W1_CHANGE_REQ,W1T936P0,UNIQUE,NORMAL,VALID,VISIBLE,CISTS_01,NO,2026-01-08 02:12:28
CISADM,W1_CHANGE_REQ,W1T936S1,UNIQUE,NORMAL,VALID,VISIBLE,CISTS_01,NO,2026-01-08 02:12:27
CISADM,W1_CHANGE_REQ,W1T936S2,UNIQUE,NORMAL,VALID,VISIBLE,CISTS_01,NO,2026-01-08 02:12:27
CISADM,W1_CHANGE_REQ,W1T936S3,UNIQUE,NORMAL,VALID,VISIBLE,CISTS_01,NO,2026-01-08 02:12:28
CISADM,W1_CHANGE_REQ,W1T936S4,UNIQUE,NORMAL,VALID,VISIBLE,CISTS_01,NO,2026-01-08 02:12:27
CISADM,W1_CHANGE_REQ,W1T936S5,UNIQUE,NORMAL,VALID,VISIBLE,CISTS_01,NO,2026-01-08 02:12:27
CISADM,W1_CHANGE_REQ,W1T936S6,NONUNIQUE,NORMAL,VALID,VISIBLE,CISTS_01,NO,2026-01-08 02:12:27
CISADM,W1_CHANGE_REQ_APPR_PROF,W1C935P0,UNIQUE,NORMAL,VALID,VISIBLE,CISTS_01,NO,2026-01-08 02:25:50
CISADM,W1_CHANGE_REQ_CHAR,W1T937P0,UNIQUE,NORMAL,VALID,VISIBLE,CISTS_01,NO,2026-01-08 02:12:59
CISADM,W1_CHANGE_REQ_CHAR,W1T937S1,NONUNIQUE,NORMAL,VALID,VISIBLE,CISTS_01,NO,2026-01-08 02:12:58
CISADM,W1_CHANGE_REQ_DOCUMENT,W1T940P0,UNIQUE,NORMAL,VALID,VISIBLE,CISTS_01,NO,2026-01-08 02:09:45
CISADM,W1_CHANGE_REQ_K,W1T941P0,UNIQUE,IOT - TOP,VALID,VISIBLE,CISTS_01,NO,2026-01-07 21:35:14
CISADM,W1_CHANGE_REQ_LOG,W1T938P0,UNIQUE,NORMAL,VALID,VISIBLE,CISTS_01,NO,2026-01-08 02:15:14
CISADM,W1_CHANGE_REQ_LOG,W1T938S1,NONUNIQUE,NORMAL,VALID,VISIBLE,CISTS_01,NO,2026-01-08 02:15:14
CISADM,W1_CHANGE_REQ_LOG,W1T938S2,NONUNIQUE,NORMAL,VALID,VISIBLE,CISTS_01,NO,2026-01-08 02:15:14
CISADM,W1_CHANGE_REQ_LOG_PARM,W1T939P0,UNIQUE,NORMAL,VALID,VISIBLE,CISTS_01,NO,2026-01-08 02:09:40
CISADM,W1_CHANGE_REQ_TYPE,W1C932P0,UNIQUE,NORMAL,VALID,VISIBLE,CISTS_01,NO,2026-01-08 02:26:15
CISADM,W1_CHANGE_REQ_TYPE_CHAR,W1C934P0,UNIQUE,NORMAL,VALID,VISIBLE,CISTS_01,NO,2026-01-08 02:26:00
CISADM,W1_CHANGE_REQ_TYPE_CHAR,W1C934S1,NONUNIQUE,NORMAL,VALID,VISIBLE,CISTS_01,NO,2026-01-08 02:26:00
CISADM,W1_CHANGE_REQ_TYPE_L,W1C933P0,UNIQUE,NORMAL,VALID,VISIBLE,CISTS_01,NO,2026-01-08 02:26:39
CISADM,W1_CHILD_SPEC,W1C278P0,UNIQUE,NORMAL,VALID,VISIBLE,CISTS_01,NO,2026-01-08 02:26:01
CISADM,W1_CHILD_SPEC,W1C278S1,NONUNIQUE,NORMAL,VALID,VISIBLE,CISTS_01,NO,2026-01-08 02:26:01
CISADM,W1_CHILD_SPEC,W1C278S2,NONUNIQUE,NORMAL,VALID,VISIBLE,CISTS_01,NO,2026-01-08 02:26:01
CISADM,W1_CHILD_SPEC_CHAR,W1C281P0,UNIQUE,NORMAL,VALID,VISIBLE,CISTS_01,NO,2026-01-08 02:26:35
CISADM,W1_CHILD_SPEC_CHAR,W1C281S1,NONUNIQUE,NORMAL,VALID,VISIBLE,CISTS_01,NO,2026-01-08 02:26:35
CISADM,W1_CHILD_SPEC_CHAR,W1C281S2,NONUNIQUE,NORMAL,VALID,VISIBLE,CISTS_01,NO,2026-01-08 02:26:35
CISADM,W1_CHILD_SPEC_IDENTIFIER,W1C280P0,UNIQUE,NORMAL,VALID,VISIBLE,CISTS_01,NO,2026-01-08 02:25:54
CISADM,W1_CHILD_SPEC_IDENTIFIER,W1C280S1,NONUNIQUE,NORMAL,VALID,VISIBLE,CISTS_01,NO,2026-01-08 02:25:54
CISADM,W1_CHILD_SPEC_L,W1C279P0,UNIQUE,NORMAL,VALID,VISIBLE,CISTS_01,NO,2026-01-08 02:26:03
CISADM,W1_CHILD_SPEC_L,W1C279S1,NONUNIQUE,NORMAL,VALID,VISIBLE,CISTS_01,NO,2026-01-08 02:26:04
CISADM,W1_CHILD_SPEC_L,W1C279S2,NONUNIQUE,NORMAL,VALID,VISIBLE,CISTS_01,NO,2026-01-08 02:26:04
CISADM,W1_CHILD_SPEC_LOG,W1C282P0,UNIQUE,NORMAL,VALID,VISIBLE,CISTS_01,NO,2026-01-08 02:26:11
CISADM,W1_CHILD_SPEC_LOG,W1C282S1,NONUNIQUE,NORMAL,VALID,VISIBLE,CISTS_01,NO,2026-01-08 02:26:11
CISADM,W1_CHILD_SPEC_LOG,W1C282S2,NONUNIQUE,NORMAL,VALID,VISIBLE,CISTS_01,NO,2026-01-08 02:26:11
CISADM,W1_CHILD_SPEC_LOG,W1C282S3,NONUNIQUE,NORMAL,VALID,VISIBLE,CISTS_01,NO,2026-01-08 02:26:11
CISADM,W1_CHILD_SPEC_LOG,W1C282S4,NONUNIQUE,NORMAL,VALID,VISIBLE,CISTS_01,NO,2026-01-08 02:26:11
CISADM,W1_CHILD_SPEC_LOG_PARM,W1C283P0,UNIQUE,NORMAL,VALID,VISIBLE,CISTS_01,NO,2026-01-08 02:26:25
CISADM,W1_CHILD_SPEC_LOG_PARM,W1C283S1,NONUNIQUE,NORMAL,VALID,VISIBLE,CISTS_01,NO,2026-01-08 02:26:25
CISADM,W1_CHKLST,W1T807P0,UNIQUE,NORMAL,VALID,VISIBLE,CISTS_01,NO,2026-01-08 02:09:35
CISADM,W1_CHKLST_CHAR,W1T808P0,UNIQUE,NORMAL,VALID,VISIBLE,CISTS_01,NO,2026-01-08 02:12:57
CISADM,W1_CHKLST_CHAR,W1T808S1,NONUNIQUE,NORMAL,VALID,VISIBLE,CISTS_01,NO,2026-01-08 02:12:57
CISADM,W1_CHKLST_IDENTIFIER,W1T809P0,UNIQUE,NORMAL,VALID,VISIBLE,CISTS_01,NO,2026-01-08 02:10:41
CISADM,W1_CHKLST_IDENTIFIER,W1T809S1,UNIQUE,NORMAL,VALID,VISIBLE,CISTS_01,NO,2026-01-08 02:10:41
CISADM,W1_CHKLST_K,W1T814P0,UNIQUE,IOT - TOP,VALID,VISIBLE,CISTS_01,NO,2026-01-07 21:35:14
CISADM,W1_CHKLST_LINE_ITEM,W1T811P0,UNIQUE,NORMAL,VALID,VISIBLE,CISTS_01,NO,2026-01-08 02:15:06
CISADM,W1_CHKLST_LOG,W1T812P0,UNIQUE,NORMAL,VALID,VISIBLE,CISTS_01,NO,2026-01-08 02:09:39
CISADM,W1_CHKLST_LOG,W1T812S1,NONUNIQUE,NORMAL,VALID,VISIBLE,CISTS_01,NO,2026-01-08 02:09:38
CISADM,W1_CHKLST_LOG,W1T812S2,NONUNIQUE,NORMAL,VALID,VISIBLE,CISTS_01,NO,2026-01-08 02:09:39
CISADM,W1_CHKLST_LOG_PARM,W1T813P0,UNIQUE,NORMAL,VALID,VISIBLE,CISTS_01,NO,2026-01-08 02:15:07
CISADM,W1_CHKLST_REL_OBJ,W1T810P0,UNIQUE,NORMAL,VALID,VISIBLE,CISTS_01,NO,2026-01-08 02:09:22
CISADM,W1_CHKLST_REL_OBJ,W1T810S1,NONUNIQUE,NORMAL,VALID,VISIBLE,CISTS_01,NO,2026-01-08 02:09:22
CISADM,W1_CHKLST_TYP,W1C811P0,UNIQUE,NORMAL,VALID,VISIBLE,CISTS_01,NO,2026-01-08 02:26:31
CISADM,W1_CHKLST_TYP_CHAR,W1C813P0,UNIQUE,NORMAL,VALID,VISIBLE,CISTS_01,NO,2026-01-08 02:26:35
CISADM,W1_CHKLST_TYP_CHAR,W1C813S1,NONUNIQUE,NORMAL,VALID,VISIBLE,CISTS_01,NO,2026-01-08 02:26:35
CISADM,W1_CHKLST_TYP_CONST_BO_STATE,W1C814P0,UNIQUE,NORMAL,VALID,VISIBLE,CISTS_01,NO,2026-01-08 02:25:55
CISADM,W1_CHKLST_TYP_DFLT_LINE_ITEM,W1C815P0,UNIQUE,NORMAL,VALID,VISIBLE,CISTS_01,NO,2026-01-08 02:26:36
CISADM,W1_CHKLST_TYP_L,W1C812P0,UNIQUE,NORMAL,VALID,VISIBLE,CISTS_01,NO,2026-01-08 02:25:50
CISADM,W1_CMDTY_CAT,W1C576P0,UNIQUE,NORMAL,VALID,VISIBLE,CISTS_01,NO,2026-01-08 02:26:43
CISADM,W1_CMDTY_CAT_CHAR,W1C578P0,UNIQUE,NORMAL,VALID,VISIBLE,CISTS_01,NO,2026-01-08 02:26:25
CISADM,W1_CMDTY_CAT_CHAR,W1C578S1,NONUNIQUE,NORMAL,VALID,VISIBLE,CISTS_01,NO,2026-01-08 02:26:25
CISADM,W1_CMDTY_CAT_L,W1C577P0,UNIQUE,NORMAL,VALID,VISIBLE,CISTS_01,NO,2026-01-08 02:26:14
CISADM,W1_CMDTY_CMP,W1C585P0,UNIQUE,NORMAL,VALID,VISIBLE,CISTS_01,NO,2026-01-08 02:26:45
CISADM,W1_CMDTY_CMP_CHAR,W1C587P0,UNIQUE,NORMAL,VALID,VISIBLE,CISTS_01,NO,2026-01-08 02:26:42
CISADM,W1_CMDTY_CMP_CHAR,W1C587S1,NONUNIQUE,NORMAL,VALID,VISIBLE,CISTS_01,NO,2026-01-08 02:26:42
CISADM,W1_CMDTY_CMP_L,W1C586P0,UNIQUE,NORMAL,VALID,VISIBLE,CISTS_01,NO,2026-01-08 02:26:45
CISADM,W1_CMDTY_NAME,W1C579P0,UNIQUE,NORMAL,VALID,VISIBLE,CISTS_01,NO,2026-01-08 02:26:07
CISADM,W1_CMDTY_NAME_CHAR,W1C581P0,UNIQUE,NORMAL,VALID,VISIBLE,CISTS_01,NO,2026-01-08 02:26:11
CISADM,W1_CMDTY_NAME_CHAR,W1C581S1,NONUNIQUE,NORMAL,VALID,VISIBLE,CISTS_01,NO,2026-01-08 02:26:11
CISADM,W1_CMDTY_NAME_L,W1C580P0,UNIQUE,NORMAL,VALID,VISIBLE,CISTS_01,NO,2026-01-08 02:25:57
CISADM,W1_CMDTY_TYPE,W1C582P0,UNIQUE,NORMAL,VALID,VISIBLE,CISTS_01,NO,2026-01-08 02:26:29
CISADM,W1_CMDTY_TYPE_CHAR,W1C584P0,UNIQUE,NORMAL,VALID,VISIBLE,CISTS_01,NO,2026-01-08 02:25:56
CISADM,W1_CMDTY_TYPE_CHAR,W1C584S1,NONUNIQUE,NORMAL,VALID,VISIBLE,CISTS_01,NO,2026-01-08 02:25:56
CISADM,W1_CMDTY_TYPE_L,W1C583P0,UNIQUE,NORMAL,VALID,VISIBLE,CISTS_01,NO,2026-01-08 02:25:55
CISADM,W1_CMPL_EVT,W1T257P0,UNIQUE,NORMAL,VALID,VISIBLE,CISTS_01,NO,2026-01-08 02:17:46
CISADM,W1_CMPL_EVT,W1T257S1,NONUNIQUE,NORMAL,VALID,VISIBLE,CISTS_01,NO,2026-01-08 02:17:46
CISADM,W1_CMPL_EVT,W1T257S2,UNIQUE,NORMAL,VALID,VISIBLE,CISTS_01,NO,2026-01-08 02:17:46
CISADM,W1_CMPL_EVT,W1T257S3,NONUNIQUE,NORMAL,VALID,VISIBLE,CISTS_01,NO,2026-01-08 02:17:46
CISADM,W1_CMPL_EVT,W1T257S4,NONUNIQUE,NORMAL,VALID,VISIBLE,CISTS_01,NO,2026-01-08 02:17:46
CISADM,W1_CMPL_EVT,W1T257S5,NONUNIQUE,NORMAL,VALID,VISIBLE,CISTS_01,NO,2026-01-08 02:17:46
CISADM,W1_CMPL_EVT,W1T257S6,NONUNIQUE,NORMAL,VALID,VISIBLE,CISTS_01,NO,2026-01-08 02:17:46
CISADM,W1_CMPL_EVT,W1T257S7,UNIQUE,NORMAL,VALID,VISIBLE,CISTS_01,NO,2026-01-08 02:17:46
CISADM,W1_CMPL_EVT,W1T257S8,NONUNIQUE,NORMAL,VALID,VISIBLE,CISTS_01,NO,2026-01-08 02:17:46
CISADM,W1_CMPL_EVT_CHAR,W1T258P0,UNIQUE,NORMAL,VALID,VISIBLE,CISTS_01,NO,2026-01-08 02:10:10
CISADM,W1_CMPL_EVT_CHAR,W1T258S1,NONUNIQUE,NORMAL,VALID,VISIBLE,CISTS_01,NO,2026-01-08 02:10:10
CISADM,W1_CMPL_EVT_K,W1T272P0,UNIQUE,IOT - TOP,VALID,VISIBLE,CISTS_01,NO,2026-01-08 02:17:27
CISADM,W1_CMPL_EVT_LOG,W1T260P0,UNIQUE,NORMAL,VALID,VISIBLE,CISTS_01,NO,2026-01-08 02:18:37
CISADM,W1_CMPL_EVT_LOG,W1T260S1,NONUNIQUE,NORMAL,VALID,VISIBLE,CISTS_01,NO,2026-01-08 02:18:37
CISADM,W1_CMPL_EVT_LOG,W1T260S2,NONUNIQUE,NORMAL,VALID,VISIBLE,CISTS_01,NO,2026-01-08 02:18:37
CISADM,W1_CMPL_EVT_LOG_PARM,W1T261P0,UNIQUE,NORMAL,VALID,VISIBLE,CISTS_01,NO,2026-01-08 02:18:33
CISADM,W1_CMPL_EVT_REL_OBJ,W1T259P0,UNIQUE,NORMAL,VALID,VISIBLE,CISTS_01,NO,2026-01-08 02:14:21
CISADM,W1_CMPL_EVT_REL_OBJ,W1T259S1,NONUNIQUE,NORMAL,VALID,VISIBLE,CISTS_01,NO,2026-01-08 02:14:21
CISADM,W1_CMPL_EVT_TYPE,W1C252P0,UNIQUE,NORMAL,VALID,VISIBLE,CISTS_01,NO,2026-01-08 02:26:19
CISADM,W1_CMPL_EVT_TYPE,W1C252S1,NONUNIQUE,NORMAL,VALID,VISIBLE,CISTS_01,NO,2026-01-08 02:26:19
CISADM,W1_CMPL_EVT_TYPE_CHAR,W1C256P0,UNIQUE,NORMAL,VALID,VISIBLE,CISTS_01,NO,2026-01-08 02:26:21
CISADM,W1_CMPL_EVT_TYPE_CHAR,W1C256S1,NONUNIQUE,NORMAL,VALID,VISIBLE,CISTS_01,NO,2026-01-08 02:26:23
CISADM,W1_CMPL_EVT_TYPE_IDENTIFIER,W1C254P0,UNIQUE,NORMAL,VALID,VISIBLE,CISTS_01,NO,2026-01-08 02:26:38
CISADM,W1_CMPL_EVT_TYPE_L,W1C253P0,UNIQUE,NORMAL,VALID,VISIBLE,CISTS_01,NO,2026-02-03 02:14:28
CISADM,W1_COLOR,W1C591P0,UNIQUE,NORMAL,VALID,VISIBLE,CISTS_01,NO,2026-01-08 02:25:58
CISADM,W1_COLOR_CHAR,W1C592P0,UNIQUE,NORMAL,VALID,VISIBLE,CISTS_01,NO,2026-01-08 02:26:23
CISADM,W1_COLOR_CHAR,W1C592S1,NONUNIQUE,NORMAL,VALID,VISIBLE,CISTS_01,NO,2026-01-08 02:26:23
CISADM,W1_COLOR_L,W1C593P0,UNIQUE,NORMAL,VALID,VISIBLE,CISTS_01,NO,2026-01-08 02:26:36
CISADM,W1_COMMUNICATION,W1T860P0,UNIQUE,NORMAL,VALID,VISIBLE,CISTS_01,NO,2026-01-08 02:10:22
CISADM,W1_COMMUNICATION_CHAR,W1T861P0,UNIQUE,NORMAL,VALID,VISIBLE,CISTS_01,NO,2026-01-08 02:12:28
CISADM,W1_COMMUNICATION_K,W1T865P0,UNIQUE,IOT - TOP,VALID,VISIBLE,CISTS_01,NO,2026-01-07 21:35:16
CISADM,W1_COMMUNICATION_LOG,W1T866P0,UNIQUE,NORMAL,VALID,VISIBLE,CISTS_01,NO,2026-01-08 02:14:56
CISADM,W1_COMMUNICATION_LOG_PARM,W1T867P0,UNIQUE,NORMAL,VALID,VISIBLE,CISTS_01,NO,2026-01-08 02:09:39
CISADM,W1_COMMUNICATION_PHONE,W1T862P0,UNIQUE,NORMAL,VALID,VISIBLE,CISTS_01,NO,2026-01-08 02:09:28
CISADM,W1_COMMUNICATION_REL_OBJ,W1T863P0,UNIQUE,NORMAL,VALID,VISIBLE,CISTS_01,NO,2026-01-08 02:15:13
CISADM,W1_COMM_IN,W1C265P0,UNIQUE,NORMAL,VALID,VISIBLE,CISTS_01,NO,2026-01-08 02:12:29
CISADM,W1_COMM_IN,W1T265S3,UNIQUE,NORMAL,VALID,VISIBLE,CISTS_01,NO,2026-01-08 02:12:29
CISADM,W1_COMM_IN,W1T265S5,NONUNIQUE,NORMAL,VALID,VISIBLE,CISTS_01,NO,2026-01-08 02:12:29
CISADM,W1_COMM_IN,W1T265S6,NONUNIQUE,NORMAL,VALID,VISIBLE,CISTS_01,NO,2026-01-08 02:12:29
CISADM,W1_COMM_IN,W1T265S7,NONUNIQUE,NORMAL,VALID,VISIBLE,CISTS_01,NO,2026-01-08 02:12:29
CISADM,W1_COMM_IN,W1T265S8,UNIQUE,NORMAL,VALID,VISIBLE,CISTS_01,NO,2026-01-08 02:12:29
CISADM,W1_COMM_IN_CHAR,W1C266P0,UNIQUE,NORMAL,VALID,VISIBLE,CISTS_01,NO,2026-01-08 02:09:29
CISADM,W1_COMM_IN_CHAR,W1T266S1,NONUNIQUE,NORMAL,VALID,VISIBLE,CISTS_01,NO,2026-01-08 02:09:29
CISADM,W1_COMM_IN_IDENTIFIER,W1C267P0,UNIQUE,NORMAL,VALID,VISIBLE,CISTS_01,NO,2026-01-08 02:16:00
CISADM,W1_COMM_IN_IDENTIFIER,W1T267S1,NONUNIQUE,NORMAL,VALID,VISIBLE,CISTS_01,NO,2026-01-08 02:16:00
CISADM,W1_COMM_IN_IDENTIFIER,W1T267S2,NONUNIQUE,NORMAL,VALID,VISIBLE,CISTS_01,NO,2026-01-08 02:16:00
CISADM,W1_COMM_IN_K,W1T271P0,UNIQUE,IOT - TOP,VALID,VISIBLE,CISTS_01,NO,2026-01-07 21:35:16
CISADM,W1_COMM_IN_LOG,W1T269P0,UNIQUE,NORMAL,VALID,VISIBLE,CISTS_01,NO,2026-01-08 02:11:05
CISADM,W1_COMM_IN_LOG,W1T269S1,NONUNIQUE,NORMAL,VALID,VISIBLE,CISTS_01,NO,2026-01-08 02:11:06
CISADM,W1_COMM_IN_LOG,W1T269S2,NONUNIQUE,NORMAL,VALID,VISIBLE,CISTS_01,NO,2026-01-08 02:11:05
CISADM,W1_COMM_IN_LOG_PARM,W1T270P0,UNIQUE,NORMAL,VALID,VISIBLE,CISTS_01,NO,2026-01-08 02:13:17
CISADM,W1_COMM_IN_REL_OBJ,W1T268P0,UNIQUE,NORMAL,VALID,VISIBLE,CISTS_01,NO,2026-01-08 02:10:18
CISADM,W1_COMM_IN_REL_OBJ,W1T268S1,NONUNIQUE,NORMAL,VALID,VISIBLE,CISTS_01,NO,2026-01-08 02:10:18
CISADM,W1_COMM_TYPE,W1C262P0,UNIQUE,NORMAL,VALID,VISIBLE,CISTS_01,NO,2026-01-08 02:26:00
CISADM,W1_COMM_TYPE,W1C262S1,NONUNIQUE,NORMAL,VALID,VISIBLE,CISTS_01,NO,2026-01-08 02:26:00
CISADM,W1_COMM_TYPE_CHAR,W1C264P0,UNIQUE,NORMAL,VALID,VISIBLE,CISTS_01,NO,2026-01-08 02:26:38
CISADM,W1_COMM_TYPE_CHAR,W1C264S1,NONUNIQUE,NORMAL,VALID,VISIBLE,CISTS_01,NO,2026-01-08 02:26:39
CISADM,W1_COMM_TYPE_L,W1C263P0,UNIQUE,NORMAL,VALID,VISIBLE,CISTS_01,NO,2026-01-08 02:26:29
CISADM,W1_COMPLIANCE_CAT,W1C854P0,UNIQUE,NORMAL,VALID,VISIBLE,CISTS_01,NO,2026-01-08 02:26:40
CISADM,W1_COMPLIANCE_CAT_CHAR,W1C855P0,UNIQUE,NORMAL,VALID,VISIBLE,CISTS_01,NO,2026-01-08 02:25:51
CISADM,W1_COMPLIANCE_CAT_L,W1C856P0,UNIQUE,NORMAL,VALID,VISIBLE,CISTS_01,NO,2026-01-08 02:25:56
CISADM,W1_COMPLIANCE_TYPE,W1C844P0,UNIQUE,NORMAL,VALID,VISIBLE,CISTS_01,NO,2026-01-08 02:26:40
CISADM,W1_COMPLIANCE_TYPE_CHAR,W1C845P0,UNIQUE,NORMAL,VALID,VISIBLE,CISTS_01,NO,2026-01-08 02:26:31
CISADM,W1_COMPLIANCE_TYPE_L,W1C846P0,UNIQUE,NORMAL,VALID,VISIBLE,CISTS_01,NO,2026-01-08 02:26:17
CISADM,W1_COMPLIANCE_TYPE_REGT_AGCY,W1C857P0,UNIQUE,NORMAL,VALID,VISIBLE,CISTS_01,NO,2026-01-08 02:26:25
CISADM,W1_CONFIG,W1M486P0,UNIQUE,NORMAL,VALID,VISIBLE,CISTS_01,NO,2026-01-08 02:08:47
CISADM,W1_CONFIG,W1M486S1,UNIQUE,NORMAL,VALID,VISIBLE,CISTS_01,NO,2026-01-08 02:08:47
CISADM,W1_CONFIG,W1M486S2,UNIQUE,NORMAL,VALID,VISIBLE,CISTS_01,NO,2026-01-08 02:08:47
CISADM,W1_CONFIG,W1M486S3,NONUNIQUE,NORMAL,VALID,VISIBLE,CISTS_01,NO,2026-01-08 02:08:47
CISADM,W1_CONFIG_CHAR,W1M488P0,UNIQUE,NORMAL,VALID,VISIBLE,CISTS_01,NO,2026-01-08 02:10:17
CISADM,W1_CONFIG_CHAR,W1M488S1,NONUNIQUE,NORMAL,VALID,VISIBLE,CISTS_01,NO,2026-01-08 02:10:17
CISADM,W1_CONFIG_CHAR2,W1T522P0,UNIQUE,NORMAL,VALID,VISIBLE,CISTS_01,NO,2026-01-08 02:15:56
CISADM,W1_CONFIG_IDENTIFIER,W1M487P0,UNIQUE,NORMAL,VALID,VISIBLE,CISTS_01,NO,2026-01-08 02:12:13
CISADM,W1_CONFIG_IDENTIFIER,W1M487S0,NONUNIQUE,NORMAL,VALID,VISIBLE,CISTS_01,NO,2026-01-08 02:12:13
CISADM,W1_CONFIG_IDENTIFIER,W1M487S1,NONUNIQUE,FUNCTION-BASED NORMAL,VALID,VISIBLE,CISTS_01,NO,2026-01-08 02:16:47
CISADM,W1_CONFIG_K,W1M491P0,UNIQUE,IOT - TOP,VALID,VISIBLE,CISTS_01,NO,2026-01-07 21:35:17
CISADM,W1_CONFIG_LOG,W1M489P0,UNIQUE,NORMAL,VALID,VISIBLE,CISTS_01,NO,2026-01-08 02:09:00
CISADM,W1_CONFIG_LOG_PARM,W1M490P0,UNIQUE,NORMAL,VALID,VISIBLE,CISTS_01,NO,2026-01-08 02:15:12
CISADM,W1_CONFIG_RPT,W1M492P0,UNIQUE,NORMAL,VALID,VISIBLE,CISTS_01,NO,2026-01-08 02:08:11
CISADM,W1_CONFIG_RPT,W1M492S1,NONUNIQUE,NORMAL,VALID,VISIBLE,CISTS_01,NO,2026-01-08 02:08:11
CISADM,W1_CONFIG_RPT,W1M492S2,UNIQUE,NORMAL,VALID,VISIBLE,CISTS_01,NO,2026-01-08 02:08:11
CISADM,W1_CONFIG_RPT,W1M492S3,NONUNIQUE,NORMAL,VALID,VISIBLE,CISTS_01,NO,2026-01-08 02:08:11
CISADM,W1_CONFIG_RPT,W1M492S4,NONUNIQUE,NORMAL,VALID,VISIBLE,CISTS_01,NO,2026-01-08 02:08:11
CISADM,W1_CONFIG_RPT,W1M492S5,NONUNIQUE,NORMAL,VALID,VISIBLE,CISTS_01,NO,2026-01-08 02:08:11
CISADM,W1_CONFIG_RPT,W1M492S6,NONUNIQUE,NORMAL,VALID,VISIBLE,CISTS_01,NO,2026-01-08 02:08:11
CISADM,W1_CONFIG_RPT_CHAR,W1M495P0,UNIQUE,NORMAL,VALID,VISIBLE,CISTS_01,NO,2026-01-08 02:11:15
CISADM,W1_CONFIG_RPT_CHAR,W1M495S1,NONUNIQUE,NORMAL,VALID,VISIBLE,CISTS_01,NO,2026-01-08 02:11:14
CISADM,W1_CONFIG_RPT_CHAR2,W1T523P0,UNIQUE,NORMAL,VALID,VISIBLE,CISTS_01,NO,2026-01-08 02:09:50
CISADM,W1_CONFIG_RPT_IDENTIFIER,W1M494P0,UNIQUE,NORMAL,VALID,VISIBLE,CISTS_01,NO,2026-01-08 02:09:17
CISADM,W1_CONFIG_RPT_IDENTIFIER,W1M494S0,NONUNIQUE,NORMAL,VALID,VISIBLE,CISTS_01,NO,2026-01-08 02:09:17
CISADM,W1_CONFIG_RPT_IDENTIFIER,W1M494S1,NONUNIQUE,FUNCTION-BASED NORMAL,VALID,VISIBLE,CISTS_01,NO,2026-01-08 02:16:29
CISADM,W1_CONFIG_RPT_K,W1M498P0,UNIQUE,IOT - TOP,VALID,VISIBLE,CISTS_01,NO,2026-01-07 21:35:17
CISADM,W1_CONFIG_RPT_LOG,W1M496P0,UNIQUE,NORMAL,VALID,VISIBLE,CISTS_01,NO,2026-01-08 02:11:12
CISADM,W1_CONFIG_RPT_LOG_PARM,W1M497P0,UNIQUE,NORMAL,VALID,VISIBLE,CISTS_01,NO,2026-01-08 02:09:08
CISADM,W1_CONFIG_RPT_SPECIFICATION,W1M493P0,UNIQUE,NORMAL,VALID,VISIBLE,CISTS_01,NO,2026-01-08 02:10:23
CISADM,W1_CONFIG_RPT_SPECIFICATION,W1M493S1,UNIQUE,NORMAL,VALID,VISIBLE,CISTS_01,NO,2026-01-08 02:10:23
CISADM,W1_CONFIG_TYPE,W1C482P0,UNIQUE,NORMAL,VALID,VISIBLE,CISTS_01,NO,2026-01-08 02:25:59
CISADM,W1_CONFIG_TYPE_CHAR,W1C485P0,UNIQUE,NORMAL,VALID,VISIBLE,CISTS_01,NO,2026-01-08 02:26:11
CISADM,W1_CONFIG_TYPE_CHAR,W1C485S1,NONUNIQUE,NORMAL,VALID,VISIBLE,CISTS_01,NO,2026-01-08 02:26:11
CISADM,W1_CONFIG_TYPE_IDENTIFIER,W1C484P0,UNIQUE,NORMAL,VALID,VISIBLE,CISTS_01,NO,2026-01-08 02:26:16
CISADM,W1_CONFIG_TYPE_L,W1C483P0,UNIQUE,NORMAL,VALID,VISIBLE,CISTS_01,NO,2026-01-08 02:26:05
CISADM,W1_CONTACT,W1M213P0,UNIQUE,NORMAL,VALID,VISIBLE,CISTS_01,NO,2026-01-16 02:06:14
CISADM,W1_CONTACT,W1M213S1,NONUNIQUE,NORMAL,VALID,VISIBLE,CISTS_01,NO,2026-01-16 02:06:14
CISADM,W1_CONTACT,W1M213S2,NONUNIQUE,NORMAL,VALID,VISIBLE,CISTS_01,NO,2026-01-16 02:06:14
CISADM,W1_CONTACT,W1M213S3,NONUNIQUE,NORMAL,VALID,VISIBLE,CISTS_01,NO,2026-01-16 02:06:14
CISADM,W1_CONTACT_CHAR,W1M214P0,UNIQUE,NORMAL,VALID,VISIBLE,CISTS_01,NO,2026-01-08 02:11:16
CISADM,W1_CONTACT_CHAR,W1M214S1,NONUNIQUE,NORMAL,VALID,VISIBLE,CISTS_01,NO,2026-01-08 02:11:16
CISADM,W1_CONTACT_CHAR2,W1T520P0,UNIQUE,NORMAL,VALID,VISIBLE,CISTS_01,NO,2026-01-08 02:10:55
CISADM,W1_CONTACT_EMAIL,W1M218P0,UNIQUE,NORMAL,VALID,VISIBLE,CISTS_01,NO,2026-01-16 02:05:31
CISADM,W1_CONTACT_EMAIL,W1M218S1,NONUNIQUE,NORMAL,VALID,VISIBLE,CISTS_01,NO,2026-01-16 02:05:31
CISADM,W1_CONTACT_IDENTIFIER,W1M216P0,UNIQUE,NORMAL,VALID,VISIBLE,CISTS_01,NO,2026-01-17 22:11:38
CISADM,W1_CONTACT_IDENTIFIER,W1M216S1,NONUNIQUE,NORMAL,VALID,VISIBLE,CISTS_01,NO,2026-01-17 22:11:38
CISADM,W1_CONTACT_K,W1M480P0,UNIQUE,IOT - TOP,VALID,VISIBLE,CISTS_01,NO,2026-01-08 02:19:17
CISADM,W1_CONTACT_NAME,W1M215P0,UNIQUE,NORMAL,VALID,VISIBLE,CISTS_01,NO,2026-01-16 02:05:53
CISADM,W1_CONTACT_NAME,W1M215S1,NONUNIQUE,NORMAL,VALID,VISIBLE,CISTS_01,NO,2026-01-16 02:05:53
CISADM,W1_CONTACT_NAME,W1M215S2,NONUNIQUE,NORMAL,VALID,VISIBLE,CISTS_01,NO,2026-01-16 02:05:53
CISADM,W1_CONTACT_PHONE,W1M217P0,UNIQUE,NORMAL,VALID,VISIBLE,CISTS_01,NO,2026-01-16 02:05:33
CISADM,W1_CONTACT_PHONE,W1M217S1,NONUNIQUE,NORMAL,VALID,VISIBLE,CISTS_01,NO,2026-01-16 02:05:33
CISADM,W1_CONTACT_RELATIONSHIP,W1M864P0,UNIQUE,NORMAL,VALID,VISIBLE,CISTS_01,NO,2026-01-08 02:13:37
CISADM,W1_CONTACT_TYPE,W1C219P0,UNIQUE,NORMAL,VALID,VISIBLE,CISTS_01,NO,2026-01-08 02:26:02
CISADM,W1_CONTACT_TYPE,W1C219S2,NONUNIQUE,NORMAL,VALID,VISIBLE,CISTS_01,NO,2026-01-08 02:26:02
CISADM,W1_CONTACT_TYPE_CHAR,W1C221P0,UNIQUE,NORMAL,VALID,VISIBLE,CISTS_01,NO,2026-01-08 02:26:02
CISADM,W1_CONTACT_TYPE_CHAR,W1C221S1,NONUNIQUE,NORMAL,VALID,VISIBLE,CISTS_01,NO,2026-01-08 02:26:02
CISADM,W1_CONTACT_TYPE_L,W1C220P0,UNIQUE,NORMAL,VALID,VISIBLE,CISTS_01,NO,2026-02-03 02:14:27
CISADM,W1_COST_CATEGORY,W1C594P0,UNIQUE,NORMAL,VALID,VISIBLE,CISTS_01,NO,2026-01-08 02:26:16
CISADM,W1_COST_CATEGORY_CHAR,W1C595P0,UNIQUE,NORMAL,VALID,VISIBLE,CISTS_01,NO,2026-01-08 02:26:27
CISADM,W1_COST_CATEGORY_CHAR,W1C595S1,NONUNIQUE,NORMAL,VALID,VISIBLE,CISTS_01,NO,2026-01-08 02:26:27
CISADM,W1_COST_CATEGORY_L,W1C596P0,UNIQUE,NORMAL,VALID,VISIBLE,CISTS_01,NO,2026-01-08 02:26:41
CISADM,W1_COST_CENTER,W1C600P0,UNIQUE,NORMAL,VALID,VISIBLE,CISTS_01,NO,2026-01-08 02:26:34
CISADM,W1_COST_CENTER_CHAR,W1C602P0,UNIQUE,NORMAL,VALID,VISIBLE,CISTS_01,NO,2026-01-08 02:25:50
CISADM,W1_COST_CENTER_CHAR,W1C602S1,NONUNIQUE,NORMAL,VALID,VISIBLE,CISTS_01,NO,2026-01-08 02:25:50
CISADM,W1_COST_CENTER_EXPCD,W1C601P0,UNIQUE,NORMAL,VALID,VISIBLE,CISTS_01,NO,2026-01-08 02:26:25
CISADM,W1_COST_CENTER_IDENTIFIER,W1M708P0,UNIQUE,NORMAL,VALID,VISIBLE,CISTS_01,NO,2026-01-08 02:26:06
CISADM,W1_COST_CENTER_IDENTIFIER,W1M708S1,NONUNIQUE,NORMAL,VALID,VISIBLE,CISTS_01,NO,2026-01-08 02:26:06
CISADM,W1_COST_CENTER_IDENTIFIER,W1M708S2,NONUNIQUE,FUNCTION-BASED NORMAL,VALID,VISIBLE,CISTS_01,NO,2026-01-08 02:26:53
CISADM,W1_COST_CENTER_L,W1C603P0,UNIQUE,NORMAL,VALID,VISIBLE,CISTS_01,NO,2026-01-08 02:26:14
CISADM,W1_COST_CENTER_LOG,W1C604P0,UNIQUE,NORMAL,VALID,VISIBLE,CISTS_01,NO,2026-01-08 02:25:57
CISADM,W1_COST_CENTER_LOG_PARM,W1C605P0,UNIQUE,NORMAL,VALID,VISIBLE,CISTS_01,NO,2026-01-08 02:26:39
CISADM,W1_CREW,W1M518P0,UNIQUE,NORMAL,VALID,VISIBLE,CISTS_01,NO,2026-01-08 02:13:15
CISADM,W1_CREW,W1M518S1,UNIQUE,NORMAL,VALID,VISIBLE,CISTS_01,NO,2026-01-08 02:13:15
CISADM,W1_CREW,W1M518S2,UNIQUE,NORMAL,VALID,VISIBLE,CISTS_01,NO,2026-01-08 02:13:15
CISADM,W1_CREW,W1M518S3,NONUNIQUE,NORMAL,VALID,VISIBLE,CISTS_01,NO,2026-01-08 02:13:15
CISADM,W1_CREW_CHAR,W1M520P0,UNIQUE,NORMAL,VALID,VISIBLE,CISTS_01,NO,2026-01-08 02:11:11
CISADM,W1_CREW_CHAR,W1M520S1,NONUNIQUE,NORMAL,VALID,VISIBLE,CISTS_01,NO,2026-01-08 02:11:10
CISADM,W1_CREW_DEFAULT_MEMBER,W1M816P0,UNIQUE,NORMAL,VALID,VISIBLE,CISTS_01,NO,2026-01-08 02:13:20
CISADM,W1_CREW_IDENTIFIER,W1M519P0,UNIQUE,NORMAL,VALID,VISIBLE,CISTS_01,NO,2026-01-08 02:09:21
CISADM,W1_CREW_IDENTIFIER,W1M519S0,NONUNIQUE,NORMAL,VALID,VISIBLE,CISTS_01,NO,2026-01-08 02:09:21
CISADM,W1_CREW_IDENTIFIER,W1M519S1,NONUNIQUE,FUNCTION-BASED NORMAL,VALID,VISIBLE,CISTS_01,NO,2026-01-08 02:16:46
CISADM,W1_CREW_K,W1M523P0,UNIQUE,IOT - TOP,VALID,VISIBLE,CISTS_01,NO,2026-01-07 21:35:18
CISADM,W1_CREW_LOG,W1M521P0,UNIQUE,NORMAL,VALID,VISIBLE,CISTS_01,NO,2026-01-08 02:15:01
CISADM,W1_CREW_LOG,W1M521S1,NONUNIQUE,NORMAL,VALID,VISIBLE,CISTS_01,NO,2026-01-08 02:15:01
CISADM,W1_CREW_LOG,W1M521S2,NONUNIQUE,NORMAL,VALID,VISIBLE,CISTS_01,NO,2026-01-08 02:15:01
CISADM,W1_CREW_LOG_PARM,W1M522P0,UNIQUE,NORMAL,VALID,VISIBLE,CISTS_01,NO,2026-01-08 02:15:47
CISADM,W1_CREW_SHIFT,W1T278P0,UNIQUE,NORMAL,VALID,VISIBLE,CISTS_01,NO,2026-01-08 02:08:16
CISADM,W1_CREW_SHIFT,W1T278S1,UNIQUE,NORMAL,VALID,VISIBLE,CISTS_01,NO,2026-01-08 02:08:16
CISADM,W1_CREW_SHIFT,W1T278S2,UNIQUE,NORMAL,VALID,VISIBLE,CISTS_01,NO,2026-01-08 02:08:16
CISADM,W1_CREW_SHIFT,W1T278S3,NONUNIQUE,NORMAL,VALID,VISIBLE,CISTS_01,NO,2026-01-08 02:08:16
CISADM,W1_CREW_SHIFT,W1T278S4,NONUNIQUE,NORMAL,VALID,VISIBLE,CISTS_01,NO,2026-01-08 02:08:16
CISADM,W1_CREW_SHIFT_ACT_SCHED,W1T311P0,UNIQUE,NORMAL,VALID,VISIBLE,CISTS_01,NO,2026-01-08 02:08:11
CISADM,W1_CREW_SHIFT_CHAR,W1T282P0,UNIQUE,NORMAL,VALID,VISIBLE,CISTS_01,NO,2026-01-08 02:15:38
CISADM,W1_CREW_SHIFT_CHAR,W1T282S1,NONUNIQUE,NORMAL,VALID,VISIBLE,CISTS_01,NO,2026-01-08 02:15:38
CISADM,W1_CREW_SHIFT_K,W1T285P0,UNIQUE,IOT - TOP,VALID,VISIBLE,CISTS_01,NO,2026-01-07 21:35:19
CISADM,W1_CREW_SHIFT_LOG,W1T283P0,UNIQUE,NORMAL,VALID,VISIBLE,CISTS_01,NO,2026-01-08 02:15:23
CISADM,W1_CREW_SHIFT_LOG,W1T283S1,NONUNIQUE,NORMAL,VALID,VISIBLE,CISTS_01,NO,2026-01-08 02:15:23
CISADM,W1_CREW_SHIFT_LOG,W1T283S2,NONUNIQUE,NORMAL,VALID,VISIBLE,CISTS_01,NO,2026-01-08 02:15:23
CISADM,W1_CREW_SHIFT_LOG_PARM,W1T284P0,UNIQUE,NORMAL,VALID,VISIBLE,CISTS_01,NO,2026-01-08 02:08:51
CISADM,W1_CREW_SHIFT_MEMBER,W1T279P0,UNIQUE,NORMAL,VALID,VISIBLE,CISTS_01,NO,2026-01-08 02:09:07
CISADM,W1_CREW_SHIFT_MEMBER,W1T279S1,NONUNIQUE,NORMAL,VALID,VISIBLE,CISTS_01,NO,2026-01-08 02:09:07
CISADM,W1_CREW_SHIFT_MEMBER,W1T279S2,NONUNIQUE,NORMAL,VALID,VISIBLE,CISTS_01,NO,2026-01-08 02:09:07
CISADM,W1_CREW_SHIFT_SERVICE_AREA,W1T280P0,UNIQUE,NORMAL,VALID,VISIBLE,CISTS_01,NO,2026-01-08 02:10:06
CISADM,W1_CREW_SHIFT_SERVICE_AREA,W1T280S1,UNIQUE,NORMAL,VALID,VISIBLE,CISTS_01,NO,2026-01-08 02:10:06
CISADM,W1_CREW_SHIFT_SERVICE_CLASS,W1T281P0,UNIQUE,NORMAL,VALID,VISIBLE,CISTS_01,NO,2026-01-08 02:15:10
CISADM,W1_CREW_SHIFT_SERVICE_CLASS,W1T281S1,UNIQUE,NORMAL,VALID,VISIBLE,CISTS_01,NO,2026-01-08 02:15:10
CISADM,W1_CREW_SHIFT_TYPE,W1C542P0,UNIQUE,NORMAL,VALID,VISIBLE,CISTS_01,NO,2026-01-08 02:26:20
CISADM,W1_CREW_SHIFT_TYPE_CHAR,W1C544P0,UNIQUE,NORMAL,VALID,VISIBLE,CISTS_01,NO,2026-01-08 02:26:40
CISADM,W1_CREW_SHIFT_TYPE_CHAR,W1C544S1,NONUNIQUE,NORMAL,VALID,VISIBLE,CISTS_01,NO,2026-01-08 02:26:40
CISADM,W1_CREW_SHIFT_TYPE_L,W1C543P0,UNIQUE,NORMAL,VALID,VISIBLE,CISTS_01,NO,2026-01-08 02:26:18
CISADM,W1_CREW_STR_ASSN,W1M919P0,UNIQUE,NORMAL,VALID,VISIBLE,CISTS_01,NO,2026-01-08 02:12:54
CISADM,W1_CREW_TYPE,W1C539P0,UNIQUE,NORMAL,VALID,VISIBLE,CISTS_01,NO,2026-01-08 02:26:27
CISADM,W1_CREW_TYPE_CHAR,W1C541P0,UNIQUE,NORMAL,VALID,VISIBLE,CISTS_01,NO,2026-01-08 02:26:13
CISADM,W1_CREW_TYPE_CHAR,W1C541S1,NONUNIQUE,NORMAL,VALID,VISIBLE,CISTS_01,NO,2026-01-08 02:26:13
CISADM,W1_CREW_TYPE_L,W1C540P0,UNIQUE,NORMAL,VALID,VISIBLE,CISTS_01,NO,2026-01-08 02:25:56
CISADM,W1_CREW_TYPE_RESRC_PROFILE,W1M779P0,UNIQUE,NORMAL,VALID,VISIBLE,CISTS_01,NO,2026-01-08 02:26:36
CISADM,W1_CREW_VALID_MEMBER,W1M817P0,UNIQUE,NORMAL,VALID,VISIBLE,CISTS_01,NO,2026-01-08 02:15:06
CISADM,W1_CU,W1M746P0,UNIQUE,NORMAL,VALID,VISIBLE,CISTS_01,NO,2026-01-08 02:12:35
CISADM,W1_CU,W1M746S1,NONUNIQUE,NORMAL,VALID,VISIBLE,CISTS_01,NO,2026-01-08 02:12:35
CISADM,W1_CU,W1M746S2,NONUNIQUE,NORMAL,VALID,VISIBLE,CISTS_01,NO,2026-01-08 02:12:34
CISADM,W1_CU_CATEGORY,W1C765P0,UNIQUE,NORMAL,VALID,VISIBLE,CISTS_01,NO,2026-01-08 02:26:02
CISADM,W1_CU_CATEGORY_CHAR,W1C767P0,UNIQUE,NORMAL,VALID,VISIBLE,CISTS_01,NO,2026-01-08 02:25:59
CISADM,W1_CU_CATEGORY_CHAR,W1C767S1,NONUNIQUE,NORMAL,VALID,VISIBLE,CISTS_01,NO,2026-01-08 02:25:59
CISADM,W1_CU_CATEGORY_L,W1C766P0,UNIQUE,NORMAL,VALID,VISIBLE,CISTS_01,NO,2026-01-08 02:26:35
CISADM,W1_CU_CHAR,W1M747P0,UNIQUE,NORMAL,VALID,VISIBLE,CISTS_01,NO,2026-01-08 02:09:18
CISADM,W1_CU_CHAR,W1M747S1,NONUNIQUE,NORMAL,VALID,VISIBLE,CISTS_01,NO,2026-01-08 02:09:18
CISADM,W1_CU_CNTRCTR_BID,W1M771P0,UNIQUE,NORMAL,VALID,VISIBLE,CISTS_01,NO,2026-01-08 02:15:49
CISADM,W1_CU_CNTRCTR_BID_CHAR,W1M772P0,UNIQUE,NORMAL,VALID,VISIBLE,CISTS_01,NO,2026-01-08 02:08:59
CISADM,W1_CU_CNTRCTR_BID_CHAR,W1M772S1,NONUNIQUE,NORMAL,VALID,VISIBLE,CISTS_01,NO,2026-01-08 02:08:59
CISADM,W1_CU_CNTRCTR_BID_DOCUMENT,W1M776P0,UNIQUE,NORMAL,VALID,VISIBLE,CISTS_01,NO,2026-01-08 02:09:31
CISADM,W1_CU_CNTRCTR_BID_IDENTIFIER,W1M773P0,UNIQUE,NORMAL,VALID,VISIBLE,CISTS_01,NO,2026-01-08 02:11:39
CISADM,W1_CU_CNTRCTR_BID_IDENTIFIER,W1M773S1,NONUNIQUE,NORMAL,VALID,VISIBLE,CISTS_01,NO,2026-01-08 02:11:39
CISADM,W1_CU_CNTRCTR_BID_K,W1M778P0,UNIQUE,IOT - TOP,VALID,VISIBLE,CISTS_01,NO,2026-01-07 21:35:20
CISADM,W1_CU_CNTRCTR_BID_LOG,W1M774P0,UNIQUE,NORMAL,VALID,VISIBLE,CISTS_01,NO,2026-01-08 02:10:06
CISADM,W1_CU_CNTRCTR_BID_LOG,W1M774S1,NONUNIQUE,NORMAL,VALID,VISIBLE,CISTS_01,NO,2026-01-08 02:10:06
CISADM,W1_CU_CNTRCTR_BID_LOG,W1M774S2,NONUNIQUE,NORMAL,VALID,VISIBLE,CISTS_01,NO,2026-01-08 02:10:06
CISADM,W1_CU_CNTRCTR_BID_LOG_PARM,W1M775P0,UNIQUE,NORMAL,VALID,VISIBLE,CISTS_01,NO,2026-01-08 02:14:33
CISADM,W1_CU_CNTRCTR_BID_NOTE,W1M777P0,UNIQUE,NORMAL,VALID,VISIBLE,CISTS_01,NO,2026-01-08 02:12:28
CISADM,W1_CU_COST_CENTER,W1M755P0,UNIQUE,NORMAL,VALID,VISIBLE,CISTS_01,NO,2026-01-08 02:08:12
CISADM,W1_CU_DOCUMENT,W1M751P0,UNIQUE,NORMAL,VALID,VISIBLE,CISTS_01,NO,2026-01-08 02:11:52
CISADM,W1_CU_IDENTIFIER,W1M748P0,UNIQUE,NORMAL,VALID,VISIBLE,CISTS_01,NO,2026-01-08 02:08:44
CISADM,W1_CU_IDENTIFIER,W1M748S1,NONUNIQUE,NORMAL,VALID,VISIBLE,CISTS_01,NO,2026-01-08 02:08:44
CISADM,W1_CU_K,W1M756P0,UNIQUE,IOT - TOP,VALID,VISIBLE,CISTS_01,NO,2026-01-07 21:35:20
CISADM,W1_CU_LOG,W1M749P0,UNIQUE,NORMAL,VALID,VISIBLE,CISTS_01,NO,2026-01-08 02:10:23
CISADM,W1_CU_LOG,W1M749S1,NONUNIQUE,NORMAL,VALID,VISIBLE,CISTS_01,NO,2026-01-08 02:10:23
CISADM,W1_CU_LOG,W1M749S2,NONUNIQUE,NORMAL,VALID,VISIBLE,CISTS_01,NO,2026-01-08 02:10:23
CISADM,W1_CU_LOG_PARM,W1M750P0,UNIQUE,NORMAL,VALID,VISIBLE,CISTS_01,NO,2026-01-08 02:09:49
CISADM,W1_CU_NOTE,W1M752P0,UNIQUE,NORMAL,VALID,VISIBLE,CISTS_01,NO,2026-01-08 02:13:47
CISADM,W1_CU_REF_CU,W1M754P0,UNIQUE,NORMAL,VALID,VISIBLE,CISTS_01,NO,2026-01-08 02:09:33
CISADM,W1_CU_RESRC_TYPE,W1M753P0,UNIQUE,NORMAL,VALID,VISIBLE,CISTS_01,NO,2026-01-08 02:09:40
CISADM,W1_CU_SET,W1C757P0,UNIQUE,NORMAL,VALID,VISIBLE,CISTS_01,NO,2026-01-08 02:25:55
CISADM,W1_CU_SET_CHAR,W1C758P0,UNIQUE,NORMAL,VALID,VISIBLE,CISTS_01,NO,2026-01-08 02:25:55
CISADM,W1_CU_SET_CHAR,W1C758S1,NONUNIQUE,NORMAL,VALID,VISIBLE,CISTS_01,NO,2026-01-08 02:25:55
CISADM,W1_CU_SET_DOCUMENT,W1C762P0,UNIQUE,NORMAL,VALID,VISIBLE,CISTS_01,NO,2026-01-08 02:25:50
CISADM,W1_CU_SET_IDENTIFIER,W1C759P0,UNIQUE,NORMAL,VALID,VISIBLE,CISTS_01,NO,2026-01-08 02:26:04
CISADM,W1_CU_SET_IDENTIFIER,W1C759S1,NONUNIQUE,NORMAL,VALID,VISIBLE,CISTS_01,NO,2026-01-08 02:26:04
CISADM,W1_CU_SET_L,W1C764P0,UNIQUE,NORMAL,VALID,VISIBLE,CISTS_01,NO,2026-01-08 02:26:01
CISADM,W1_CU_SET_LOG,W1C760P0,UNIQUE,NORMAL,VALID,VISIBLE,CISTS_01,NO,2026-01-08 02:26:39
CISADM,W1_CU_SET_LOG,W1C760S1,NONUNIQUE,NORMAL,VALID,VISIBLE,CISTS_01,NO,2026-01-08 02:26:39
CISADM,W1_CU_SET_LOG,W1C760S2,NONUNIQUE,NORMAL,VALID,VISIBLE,CISTS_01,NO,2026-01-08 02:26:39
CISADM,W1_CU_SET_LOG_PARM,W1C761P0,UNIQUE,NORMAL,VALID,VISIBLE,CISTS_01,NO,2026-01-08 02:26:23
CISADM,W1_CU_SET_NOTE,W1M763P0,UNIQUE,NORMAL,VALID,VISIBLE,CISTS_01,NO,2026-01-08 02:25:49
CISADM,W1_CU_USAGE,W1C807P0,UNIQUE,NORMAL,VALID,VISIBLE,CISTS_01,NO,2026-01-08 02:26:17
CISADM,W1_CU_USAGE_CHAR,W1C809P0,UNIQUE,NORMAL,VALID,VISIBLE,CISTS_01,NO,2026-01-08 02:26:15
CISADM,W1_CU_USAGE_CHAR,W1C809S1,NONUNIQUE,NORMAL,VALID,VISIBLE,CISTS_01,NO,2026-01-08 02:26:15
CISADM,W1_CU_USAGE_COST_CENTER,W1C810P0,UNIQUE,NORMAL,VALID,VISIBLE,CISTS_01,NO,2026-01-08 02:25:54
CISADM,W1_CU_USAGE_L,W1C808P0,UNIQUE,NORMAL,VALID,VISIBLE,CISTS_01,NO,2026-01-08 02:25:58
CISADM,W1_DESIGN_ELEMENT,W1T796P0,UNIQUE,NORMAL,VALID,VISIBLE,CISTS_01,NO,2026-01-08 02:09:59
CISADM,W1_DESIGN_ELEMENT,W1T796S1,NONUNIQUE,NORMAL,VALID,VISIBLE,CISTS_01,NO,2026-01-08 02:09:59
CISADM,W1_DESIGN_ELEMENT_CHAR,W1M799P0,UNIQUE,NORMAL,VALID,VISIBLE,CISTS_01,NO,2026-01-08 02:09:43
CISADM,W1_DESIGN_ELEMENT_CU,W1T798P0,UNIQUE,NORMAL,VALID,VISIBLE,CISTS_01,NO,2026-01-08 02:08:12
CISADM,W1_DESIGN_ELEMENT_DOCUMENT,W1M803P0,UNIQUE,NORMAL,VALID,VISIBLE,CISTS_01,NO,2026-01-08 02:10:25
CISADM,W1_DESIGN_ELEMENT_IDENTIFIER,W1M800P0,UNIQUE,NORMAL,VALID,VISIBLE,CISTS_01,NO,2026-01-08 02:08:36
CISADM,W1_DESIGN_ELEMENT_ITEMS,W1T797P0,UNIQUE,NORMAL,VALID,VISIBLE,CISTS_01,NO,2026-01-08 02:14:34
CISADM,W1_DESIGN_ELEMENT_K,W1T806P0,UNIQUE,IOT - TOP,VALID,VISIBLE,CISTS_01,NO,2026-01-07 21:35:21
CISADM,W1_DESIGN_ELEMENT_LOG,W1M801P0,UNIQUE,NORMAL,VALID,VISIBLE,CISTS_01,NO,2026-01-08 02:10:39
CISADM,W1_DESIGN_ELEMENT_LOG_PARM,W1M802P0,UNIQUE,NORMAL,VALID,VISIBLE,CISTS_01,NO,2026-01-08 02:12:45
CISADM,W1_DESIGN_ELEMENT_NOTE,W1M804P0,UNIQUE,NORMAL,VALID,VISIBLE,CISTS_01,NO,2026-01-08 02:13:42
CISADM,W1_DIST_CODE,W1C615P0,UNIQUE,NORMAL,VALID,VISIBLE,CISTS_01,NO,2026-01-08 02:26:08
CISADM,W1_DIST_CODE_CHAR,W1C617P0,UNIQUE,NORMAL,VALID,VISIBLE,CISTS_01,NO,2026-01-08 02:26:39
CISADM,W1_DIST_CODE_CHAR,W1C617S1,NONUNIQUE,NORMAL,VALID,VISIBLE,CISTS_01,NO,2026-01-08 02:26:39
CISADM,W1_DIST_CODE_GL_DETAIL,W1C618P0,UNIQUE,NORMAL,VALID,VISIBLE,CISTS_01,NO,2026-01-08 02:26:30
CISADM,W1_DIST_CODE_L,W1C616P0,UNIQUE,NORMAL,VALID,VISIBLE,CISTS_01,NO,2026-01-08 02:26:43
CISADM,W1_DOCUMENT,W1M577P0,UNIQUE,NORMAL,VALID,VISIBLE,CISTS_01,NO,2026-01-08 02:10:43
CISADM,W1_DOCUMENT,W1M577S1,UNIQUE,NORMAL,VALID,VISIBLE,CISTS_01,NO,2026-01-08 02:10:43
CISADM,W1_DOCUMENT_CHAR,W1M579P0,UNIQUE,NORMAL,VALID,VISIBLE,CISTS_01,NO,2026-01-08 02:10:17
CISADM,W1_DOCUMENT_CHAR,W1M579S1,NONUNIQUE,NORMAL,VALID,VISIBLE,CISTS_01,NO,2026-01-08 02:10:17
CISADM,W1_DOCUMENT_IDENTIFIER,W1M580P0,UNIQUE,NORMAL,VALID,VISIBLE,CISTS_01,NO,2026-01-08 02:15:43
CISADM,W1_DOCUMENT_IDENTIFIER,W1M580S1,NONUNIQUE,NORMAL,VALID,VISIBLE,CISTS_01,NO,2026-01-08 02:15:43
CISADM,W1_DOCUMENT_IDENTIFIER,W1M580S2,NONUNIQUE,FUNCTION-BASED NORMAL,VALID,VISIBLE,CISTS_01,NO,2026-01-08 02:16:28
CISADM,W1_DOCUMENT_K,W1M578P0,UNIQUE,IOT - TOP,VALID,VISIBLE,CISTS_01,NO,2026-01-07 21:35:21
CISADM,W1_DOCUMENT_LOG,W1M581P0,UNIQUE,NORMAL,VALID,VISIBLE,CISTS_01,NO,2026-01-08 02:09:35
CISADM,W1_DOCUMENT_LOG_PARM,W1M582P0,UNIQUE,NORMAL,VALID,VISIBLE,CISTS_01,NO,2026-01-08 02:15:39
CISADM,W1_DOCUMENT_TYPE,W1C606P0,UNIQUE,NORMAL,VALID,VISIBLE,CISTS_01,NO,2026-01-08 02:26:14
CISADM,W1_DOCUMENT_TYPE_CHAR,W1C608P0,UNIQUE,NORMAL,VALID,VISIBLE,CISTS_01,NO,2026-01-08 02:25:58
CISADM,W1_DOCUMENT_TYPE_CHAR,W1C608S1,NONUNIQUE,NORMAL,VALID,VISIBLE,CISTS_01,NO,2026-01-08 02:25:58
CISADM,W1_DOCUMENT_TYPE_L,W1C607P0,UNIQUE,NORMAL,VALID,VISIBLE,CISTS_01,NO,2026-01-08 02:26:26
CISADM,W1_EMPLOYEE,W1M500P0,UNIQUE,NORMAL,VALID,VISIBLE,CISTS_01,NO,2026-01-08 02:12:41
CISADM,W1_EMPLOYEE,W1M500S1,UNIQUE,NORMAL,VALID,VISIBLE,CISTS_01,NO,2026-01-08 02:12:42
CISADM,W1_EMPLOYEE,W1M500S2,UNIQUE,NORMAL,VALID,VISIBLE,CISTS_01,NO,2026-01-08 02:12:41
CISADM,W1_EMPLOYEE,W1M500S3,NONUNIQUE,NORMAL,VALID,VISIBLE,CISTS_01,NO,2026-01-08 02:12:41
CISADM,W1_EMPLOYEE,W1M500S4,NONUNIQUE,NORMAL,VALID,VISIBLE,CISTS_01,NO,2026-01-08 02:12:41
CISADM,W1_EMPLOYEE_BILLABLE_RATE,W1M503P0,UNIQUE,NORMAL,VALID,VISIBLE,CISTS_01,NO,2026-01-08 02:09:13
CISADM,W1_EMPLOYEE_CHAR,W1M506P0,UNIQUE,NORMAL,VALID,VISIBLE,CISTS_01,NO,2026-01-08 02:15:15
CISADM,W1_EMPLOYEE_CHAR,W1M506S1,NONUNIQUE,NORMAL,VALID,VISIBLE,CISTS_01,NO,2026-01-08 02:15:15
CISADM,W1_EMPLOYEE_IDENTIFIER,W1M505P0,UNIQUE,NORMAL,VALID,VISIBLE,CISTS_01,NO,2026-01-08 02:09:04
CISADM,W1_EMPLOYEE_IDENTIFIER,W1M505S0,NONUNIQUE,NORMAL,VALID,VISIBLE,CISTS_01,NO,2026-01-08 02:09:04
CISADM,W1_EMPLOYEE_IDENTIFIER,W1M505S1,NONUNIQUE,FUNCTION-BASED NORMAL,VALID,VISIBLE,CISTS_01,NO,2026-01-08 02:16:28
CISADM,W1_EMPLOYEE_K,W1M509P0,UNIQUE,IOT - TOP,VALID,VISIBLE,CISTS_01,NO,2026-01-07 21:35:21
CISADM,W1_EMPLOYEE_LOG,W1M507P0,UNIQUE,NORMAL,VALID,VISIBLE,CISTS_01,NO,2026-01-08 02:08:41
CISADM,W1_EMPLOYEE_LOG,W1M507S1,NONUNIQUE,NORMAL,VALID,VISIBLE,CISTS_01,NO,2026-01-08 02:08:41
CISADM,W1_EMPLOYEE_LOG,W1M507S2,NONUNIQUE,NORMAL,VALID,VISIBLE,CISTS_01,NO,2026-01-08 02:08:41
CISADM,W1_EMPLOYEE_LOG_PARM,W1M508P0,UNIQUE,NORMAL,VALID,VISIBLE,CISTS_01,NO,2026-01-08 02:09:00
CISADM,W1_EMPLOYEE_PHONE,W1M504P0,UNIQUE,NORMAL,VALID,VISIBLE,CISTS_01,NO,2026-01-08 02:09:30
CISADM,W1_EMPLOYEE_PHONE,W1M504S1,UNIQUE,NORMAL,VALID,VISIBLE,CISTS_01,NO,2026-01-08 02:09:30
CISADM,W1_EMPLOYEE_TRAINING,W1M502P0,UNIQUE,NORMAL,VALID,VISIBLE,CISTS_01,NO,2026-01-08 02:13:00
CISADM,W1_EMPLOYEE_TYPE,W1C526P0,UNIQUE,NORMAL,VALID,VISIBLE,CISTS_01,NO,2026-01-08 02:26:44
CISADM,W1_EMPLOYEE_TYPE_CHAR,W1C528P0,UNIQUE,NORMAL,VALID,VISIBLE,CISTS_01,NO,2026-01-08 02:25:55
CISADM,W1_EMPLOYEE_TYPE_CHAR,W1C528S1,NONUNIQUE,NORMAL,VALID,VISIBLE,CISTS_01,NO,2026-01-08 02:25:55
CISADM,W1_EMPLOYEE_TYPE_L,W1C527P0,UNIQUE,NORMAL,VALID,VISIBLE,CISTS_01,NO,2026-01-08 02:26:09
CISADM,W1_EMPLOYEE_WORK_AREA,W1M501P0,UNIQUE,NORMAL,VALID,VISIBLE,CISTS_01,NO,2026-01-08 02:14:23
CISADM,W1_EMP_AUTO_TIMESHEET,W1M954P0,UNIQUE,NORMAL,VALID,VISIBLE,CISTS_01,NO,2026-01-08 02:14:23
CISADM,W1_EQUIP_GROUP,W1C768P0,UNIQUE,NORMAL,VALID,VISIBLE,CISTS_01,NO,2026-01-08 02:26:37
CISADM,W1_EQUIP_GROUP_CHAR,W1C770P0,UNIQUE,NORMAL,VALID,VISIBLE,CISTS_01,NO,2026-01-08 02:26:01
CISADM,W1_EQUIP_GROUP_CHAR,W1C770S1,NONUNIQUE,NORMAL,VALID,VISIBLE,CISTS_01,NO,2026-01-08 02:26:01
CISADM,W1_EQUIP_GROUP_L,W1C769P0,UNIQUE,NORMAL,VALID,VISIBLE,CISTS_01,NO,2026-01-08 02:26:07
CISADM,W1_ERP_INTEGRATION,W1C689P0,UNIQUE,NORMAL,VALID,VISIBLE,CISTS_01,NO,2026-01-08 02:26:11
CISADM,W1_ERP_INTEGRATION_CHAR,W1C690P0,UNIQUE,NORMAL,VALID,VISIBLE,CISTS_01,NO,2026-01-08 02:26:01
CISADM,W1_ERP_INTEGRATION_CHAR,W1C690S1,NONUNIQUE,NORMAL,VALID,VISIBLE,CISTS_01,NO,2026-01-08 02:26:01
CISADM,W1_ERP_INTEGRATION_LOG,W1T496P0,UNIQUE,NORMAL,VALID,VISIBLE,CISTS_01,NO,2026-01-08 02:26:13
CISADM,W1_ERP_INTEGRATION_LOG,W1T496S1,NONUNIQUE,NORMAL,VALID,VISIBLE,CISTS_01,NO,2026-01-08 02:26:13
CISADM,W1_ERP_INTEGRATION_LOG,W1T496S2,NONUNIQUE,NORMAL,VALID,VISIBLE,CISTS_01,NO,2026-01-08 02:26:13
CISADM,W1_ERP_INTEGRATION_LOG_PARM,W1T497P0,UNIQUE,NORMAL,VALID,VISIBLE,CISTS_01,NO,2026-01-08 02:26:01
CISADM,W1_EU,W1M511P0,UNIQUE,NORMAL,VALID,VISIBLE,CISTS_01,NO,2026-01-08 02:15:57
CISADM,W1_EU,W1M511S1,UNIQUE,NORMAL,VALID,VISIBLE,CISTS_01,NO,2026-01-08 02:15:57
CISADM,W1_EU,W1M511S2,UNIQUE,NORMAL,VALID,VISIBLE,CISTS_01,NO,2026-01-08 02:15:57
CISADM,W1_EU,W1M511S3,NONUNIQUE,NORMAL,VALID,VISIBLE,CISTS_01,NO,2026-01-08 02:15:57
CISADM,W1_EU,W1M511S4,NONUNIQUE,NORMAL,VALID,VISIBLE,CISTS_01,NO,2026-01-08 02:15:57
CISADM,W1_EU,W1M511S5,NONUNIQUE,NORMAL,VALID,VISIBLE,CISTS_01,NO,2026-01-08 02:15:57
CISADM,W1_EU_CHAR,W1M514P0,UNIQUE,NORMAL,VALID,VISIBLE,CISTS_01,NO,2026-01-08 02:16:03
CISADM,W1_EU_CHAR,W1M514S1,NONUNIQUE,NORMAL,VALID,VISIBLE,CISTS_01,NO,2026-01-08 02:16:03
CISADM,W1_EU_EMPLOYEE,W1M512P0,UNIQUE,NORMAL,VALID,VISIBLE,CISTS_01,NO,2026-01-08 02:12:35
CISADM,W1_EU_IDENTIFIER,W1M513P0,UNIQUE,NORMAL,VALID,VISIBLE,CISTS_01,NO,2026-01-08 02:11:01
CISADM,W1_EU_IDENTIFIER,W1M513S0,NONUNIQUE,NORMAL,VALID,VISIBLE,CISTS_01,NO,2026-01-08 02:11:01
CISADM,W1_EU_IDENTIFIER,W1M513S1,NONUNIQUE,FUNCTION-BASED NORMAL,VALID,VISIBLE,CISTS_01,NO,2026-01-08 02:16:26
CISADM,W1_EU_K,W1M517P0,UNIQUE,IOT - TOP,VALID,VISIBLE,CISTS_01,NO,2026-01-07 21:35:22
CISADM,W1_EU_LOG,W1M515P0,UNIQUE,NORMAL,VALID,VISIBLE,CISTS_01,NO,2026-01-08 02:15:45
CISADM,W1_EU_LOG,W1M515S1,NONUNIQUE,NORMAL,VALID,VISIBLE,CISTS_01,NO,2026-01-08 02:15:45
CISADM,W1_EU_LOG,W1M515S2,NONUNIQUE,NORMAL,VALID,VISIBLE,CISTS_01,NO,2026-01-08 02:15:45
CISADM,W1_EU_LOG_PARM,W1M516P0,UNIQUE,NORMAL,VALID,VISIBLE,CISTS_01,NO,2026-01-08 02:14:22
CISADM,W1_EU_TIMESHEET,W1M961P0,UNIQUE,NORMAL,VALID,VISIBLE,CISTS_01,NO,2026-01-08 02:10:08
CISADM,W1_EU_TYPE,W1C529P0,UNIQUE,NORMAL,VALID,VISIBLE,CISTS_01,NO,2026-01-08 02:26:16
CISADM,W1_EU_TYPE_CHAR,W1C531P0,UNIQUE,NORMAL,VALID,VISIBLE,CISTS_01,NO,2026-01-08 02:26:27
CISADM,W1_EU_TYPE_CHAR,W1C531S1,NONUNIQUE,NORMAL,VALID,VISIBLE,CISTS_01,NO,2026-01-08 02:26:27
CISADM,W1_EU_TYPE_L,W1C530P0,UNIQUE,NORMAL,VALID,VISIBLE,CISTS_01,NO,2026-01-08 02:25:49
CISADM,W1_EXPEDITE,W1T428P0,UNIQUE,NORMAL,VALID,VISIBLE,CISTS_01,NO,2026-01-08 02:12:07
CISADM,W1_EXPEDITE_CHAR,W1T431P0,UNIQUE,NORMAL,VALID,VISIBLE,CISTS_01,NO,2026-01-08 02:09:50
CISADM,W1_EXPEDITE_CHAR,W1T431S1,NONUNIQUE,NORMAL,VALID,VISIBLE,CISTS_01,NO,2026-01-08 02:09:50
CISADM,W1_EXPEDITE_IDENTIFIER,W1T499P0,UNIQUE,NORMAL,VALID,VISIBLE,CISTS_01,NO,2026-01-08 02:13:40
CISADM,W1_EXPEDITE_IDENTIFIER,W1T499S0,NONUNIQUE,NORMAL,VALID,VISIBLE,CISTS_01,NO,2026-01-08 02:13:40
CISADM,W1_EXPEDITE_IDENTIFIER,W1T499S1,NONUNIQUE,FUNCTION-BASED NORMAL,VALID,VISIBLE,CISTS_01,NO,2026-01-08 02:16:22
CISADM,W1_EXPEDITE_K,W1T429P0,UNIQUE,IOT - TOP,VALID,VISIBLE,CISTS_01,NO,2026-01-07 21:35:22
CISADM,W1_EXPEDITE_LOG,W1T432P0,UNIQUE,NORMAL,VALID,VISIBLE,CISTS_01,NO,2026-01-08 02:11:59
CISADM,W1_EXPEDITE_LOG,W1T432S1,NONUNIQUE,NORMAL,VALID,VISIBLE,CISTS_01,NO,2026-01-08 02:11:59
CISADM,W1_EXPEDITE_LOG,W1T432S2,NONUNIQUE,NORMAL,VALID,VISIBLE,CISTS_01,NO,2026-01-08 02:11:59
CISADM,W1_EXPEDITE_LOG_PARM,W1T433P0,UNIQUE,NORMAL,VALID,VISIBLE,CISTS_01,NO,2026-01-08 02:09:30
CISADM,W1_EXPEDITE_PO_LINE,W1T430P0,UNIQUE,NORMAL,VALID,VISIBLE,CISTS_01,NO,2026-01-08 02:15:19
CISADM,W1_EXPENSE_CD,W1C597P0,UNIQUE,NORMAL,VALID,VISIBLE,CISTS_01,NO,2026-01-08 02:26:43
CISADM,W1_EXPENSE_CD_CHAR,W1C598P0,UNIQUE,NORMAL,VALID,VISIBLE,CISTS_01,NO,2026-01-08 02:26:01
CISADM,W1_EXPENSE_CD_CHAR,W1C598S1,NONUNIQUE,NORMAL,VALID,VISIBLE,CISTS_01,NO,2026-01-08 02:26:01
CISADM,W1_EXPENSE_CD_IDENTIFIER,W1M709P0,UNIQUE,NORMAL,VALID,VISIBLE,CISTS_01,NO,2026-01-08 02:26:18
CISADM,W1_EXPENSE_CD_IDENTIFIER,W1M709S1,NONUNIQUE,NORMAL,VALID,VISIBLE,CISTS_01,NO,2026-01-08 02:26:18
CISADM,W1_EXPENSE_CD_IDENTIFIER,W1M709S2,NONUNIQUE,FUNCTION-BASED NORMAL,VALID,VISIBLE,CISTS_01,NO,2026-01-08 02:26:53
CISADM,W1_EXPENSE_CD_L,W1C599P0,UNIQUE,NORMAL,VALID,VISIBLE,CISTS_01,NO,2026-01-08 02:26:45
CISADM,W1_EXPENSE_CD_LOG,W1C613P0,UNIQUE,NORMAL,VALID,VISIBLE,CISTS_01,NO,2026-01-08 02:26:34
CISADM,W1_EXPENSE_CD_LOG_PARM,W1C614P0,UNIQUE,NORMAL,VALID,VISIBLE,CISTS_01,NO,2026-01-08 02:26:04
CISADM,W1_FACTOR,W1C570P0,UNIQUE,NORMAL,VALID,VISIBLE,CISTS_01,NO,2026-01-08 02:26:33
CISADM,W1_FACTOR_CHAR,W1C573P0,UNIQUE,NORMAL,VALID,VISIBLE,CISTS_01,NO,2026-01-08 02:26:01
CISADM,W1_FACTOR_CHAR,W1C573S1,NONUNIQUE,NORMAL,VALID,VISIBLE,CISTS_01,NO,2026-01-08 02:26:01
CISADM,W1_FACTOR_CHAR_VAL,W1C572P0,UNIQUE,NORMAL,VALID,VISIBLE,CISTS_01,NO,2026-01-08 02:26:23
CISADM,W1_FACTOR_L,W1C571P0,UNIQUE,NORMAL,VALID,VISIBLE,CISTS_01,NO,2026-01-08 02:26:26
CISADM,W1_FACTOR_VAL,W1C574P0,UNIQUE,NORMAL,VALID,VISIBLE,CISTS_01,NO,2026-01-08 02:26:09
CISADM,W1_FACTOR_VAL_CHAR,W1C575P0,UNIQUE,NORMAL,VALID,VISIBLE,CISTS_01,NO,2026-01-08 02:25:52
CISADM,W1_FACTOR_VAL_CHAR,W1C575S1,NONUNIQUE,NORMAL,VALID,VISIBLE,CISTS_01,NO,2026-01-08 02:25:52
CISADM,W1_FAILURE_COMP,W1C665P0,UNIQUE,NORMAL,VALID,VISIBLE,CISTS_01,NO,2026-01-08 02:26:31
CISADM,W1_FAILURE_COMP_CHAR,W1C667P0,UNIQUE,NORMAL,VALID,VISIBLE,CISTS_01,NO,2026-01-08 02:26:45
CISADM,W1_FAILURE_COMP_CHAR,W1C667S1,NONUNIQUE,NORMAL,VALID,VISIBLE,CISTS_01,NO,2026-01-08 02:26:45
CISADM,W1_FAILURE_COMP_L,W1C666P0,UNIQUE,NORMAL,VALID,VISIBLE,CISTS_01,NO,2026-01-08 02:26:44
CISADM,W1_FAILURE_MODE,W1C656P0,UNIQUE,NORMAL,VALID,VISIBLE,CISTS_01,NO,2026-01-08 02:25:55
CISADM,W1_FAILURE_MODE_CHAR,W1C658P0,UNIQUE,NORMAL,VALID,VISIBLE,CISTS_01,NO,2026-01-08 02:25:57
CISADM,W1_FAILURE_MODE_CHAR,W1C658S1,NONUNIQUE,NORMAL,VALID,VISIBLE,CISTS_01,NO,2026-01-08 02:25:57
CISADM,W1_FAILURE_MODE_L,W1C657P0,UNIQUE,NORMAL,VALID,VISIBLE,CISTS_01,NO,2026-01-08 02:25:58
CISADM,W1_FAILURE_PROF,W1C668P0,UNIQUE,NORMAL,VALID,VISIBLE,CISTS_01,NO,2026-01-08 02:25:57
CISADM,W1_FAILURE_PROF_CHAR,W1C670P0,UNIQUE,NORMAL,VALID,VISIBLE,CISTS_01,NO,2026-01-08 02:26:12
CISADM,W1_FAILURE_PROF_CHAR,W1C670S1,NONUNIQUE,NORMAL,VALID,VISIBLE,CISTS_01,NO,2026-01-08 02:26:12
CISADM,W1_FAILURE_PROF_FAILURE_COMP,W1C674P0,UNIQUE,NORMAL,VALID,VISIBLE,CISTS_01,NO,2026-01-08 02:26:35
CISADM,W1_FAILURE_PROF_FAILURE_MODE,W1C671P0,UNIQUE,NORMAL,VALID,VISIBLE,CISTS_01,NO,2026-01-08 02:26:36
CISADM,W1_FAILURE_PROF_FAILURE_REPAIR,W1C673P0,UNIQUE,NORMAL,VALID,VISIBLE,CISTS_01,NO,2026-01-08 02:26:00
CISADM,W1_FAILURE_PROF_FAILURE_TYPE,W1C672P0,UNIQUE,NORMAL,VALID,VISIBLE,CISTS_01,NO,2026-01-08 02:26:40
CISADM,W1_FAILURE_PROF_L,W1C669P0,UNIQUE,NORMAL,VALID,VISIBLE,CISTS_01,NO,2026-01-08 02:25:50
CISADM,W1_FAILURE_REPAIR,W1C662P0,UNIQUE,NORMAL,VALID,VISIBLE,CISTS_01,NO,2026-01-08 02:26:04
CISADM,W1_FAILURE_REPAIR_CHAR,W1C664P0,UNIQUE,NORMAL,VALID,VISIBLE,CISTS_01,NO,2026-01-08 02:26:32
CISADM,W1_FAILURE_REPAIR_CHAR,W1C664S1,NONUNIQUE,NORMAL,VALID,VISIBLE,CISTS_01,NO,2026-01-08 02:26:33
CISADM,W1_FAILURE_REPAIR_L,W1C663P0,UNIQUE,NORMAL,VALID,VISIBLE,CISTS_01,NO,2026-01-08 02:26:00
CISADM,W1_FAILURE_TYPE,W1C659P0,UNIQUE,NORMAL,VALID,VISIBLE,CISTS_01,NO,2026-01-08 02:26:12
CISADM,W1_FAILURE_TYPE_CHAR,W1C661P0,UNIQUE,NORMAL,VALID,VISIBLE,CISTS_01,NO,2026-01-08 02:26:25
CISADM,W1_FAILURE_TYPE_CHAR,W1C661S1,NONUNIQUE,NORMAL,VALID,VISIBLE,CISTS_01,NO,2026-01-08 02:26:25
CISADM,W1_FAILURE_TYPE_L,W1C660P0,UNIQUE,NORMAL,VALID,VISIBLE,CISTS_01,NO,2026-01-08 02:26:38
CISADM,W1_FOB,W1C644P0,UNIQUE,NORMAL,VALID,VISIBLE,CISTS_01,NO,2026-01-08 02:26:28
CISADM,W1_FOB_CHAR,W1C646P0,UNIQUE,NORMAL,VALID,VISIBLE,CISTS_01,NO,2026-01-08 02:25:56
CISADM,W1_FOB_CHAR,W1C646S1,NONUNIQUE,NORMAL,VALID,VISIBLE,CISTS_01,NO,2026-01-08 02:25:56
CISADM,W1_FOB_L,W1C645P0,UNIQUE,NORMAL,VALID,VISIBLE,CISTS_01,NO,2026-01-08 02:25:58
CISADM,W1_FT,W1T312P0,UNIQUE,NORMAL,VALID,VISIBLE,CISTS_01,NO,2026-01-08 02:12:03
CISADM,W1_FT_CHAR,W1T313P0,UNIQUE,NORMAL,VALID,VISIBLE,CISTS_01,NO,2026-01-08 02:09:12
CISADM,W1_FT_CHAR,W1T313S1,NONUNIQUE,NORMAL,VALID,VISIBLE,CISTS_01,NO,2026-01-08 02:09:12
CISADM,W1_FT_GL_DTL,W1T315P0,UNIQUE,NORMAL,VALID,VISIBLE,CISTS_01,NO,2026-01-08 02:10:31
CISADM,W1_FT_K,W1T318P0,UNIQUE,IOT - TOP,VALID,VISIBLE,CISTS_01,NO,2026-01-07 21:35:24
CISADM,W1_FT_LOG,W1T316P0,UNIQUE,NORMAL,VALID,VISIBLE,CISTS_01,NO,2026-01-08 02:15:55
CISADM,W1_FT_LOG_PARM,W1T317P0,UNIQUE,NORMAL,VALID,VISIBLE,CISTS_01,NO,2026-01-08 02:09:14
CISADM,W1_FT_PROCESS,W1T314P0,UNIQUE,NORMAL,VALID,VISIBLE,CISTS_01,NO,2026-01-08 02:12:40
CISADM,W1_GIS_BATCH_DTLS,W1T533P0,UNIQUE,NORMAL,VALID,VISIBLE,CISTS_01,NO,2026-01-08 02:15:39
CISADM,W1_GIS_ID_DTLS,W1C698P0,UNIQUE,NORMAL,VALID,VISIBLE,CISTS_01,NO,2026-01-08 02:26:41
CISADM,W1_INVOICE_GROUP,W1T528P0,UNIQUE,NORMAL,VALID,VISIBLE,CISTS_01,NO,2026-01-08 02:13:28
CISADM,W1_INVOICE_GROUP,W1T528S1,UNIQUE,NORMAL,VALID,VISIBLE,CISTS_01,NO,2026-01-08 02:13:28
CISADM,W1_INVOICE_GROUP_CHAR,W1T530P0,UNIQUE,NORMAL,VALID,VISIBLE,CISTS_01,NO,2026-01-08 02:09:18
CISADM,W1_INVOICE_GROUP_CHAR,W1T530S1,NONUNIQUE,NORMAL,VALID,VISIBLE,CISTS_01,NO,2026-01-08 02:09:18
CISADM,W1_INVOICE_GROUP_IDENTIFIER,W1T529P0,UNIQUE,NORMAL,VALID,VISIBLE,CISTS_01,NO,2026-01-08 02:14:43
CISADM,W1_INVOICE_GROUP_IDENTIFIER,W1T529S1,UNIQUE,NORMAL,VALID,VISIBLE,CISTS_01,NO,2026-01-08 02:14:43
CISADM,W1_INVOICE_GROUP_LOG,W1T531P0,UNIQUE,NORMAL,VALID,VISIBLE,CISTS_01,NO,2026-01-08 02:10:15
CISADM,W1_INVOICE_GROUP_LOG,W1T531S1,NONUNIQUE,NORMAL,VALID,VISIBLE,CISTS_01,NO,2026-01-08 02:10:15
CISADM,W1_INVOICE_GROUP_LOG,W1T531S2,NONUNIQUE,NORMAL,VALID,VISIBLE,CISTS_01,NO,2026-01-08 02:10:15
CISADM,W1_INVOICE_GROUP_LOG_PARM,W1T532P0,UNIQUE,NORMAL,VALID,VISIBLE,CISTS_01,NO,2026-01-08 02:09:32
CISADM,W1_INVOICE_HEADER,W1T500P0,UNIQUE,NORMAL,VALID,VISIBLE,CISTS_01,NO,2026-01-08 02:08:26
CISADM,W1_INVOICE_HEADER,W1T500S1,UNIQUE,NORMAL,VALID,VISIBLE,CISTS_01,NO,2026-01-08 02:08:27
CISADM,W1_INVOICE_HEADER,W1T500S2,UNIQUE,NORMAL,VALID,VISIBLE,CISTS_01,NO,2026-01-08 02:08:26
CISADM,W1_INVOICE_HEADER_CHAR,W1T502P0,UNIQUE,NORMAL,VALID,VISIBLE,CISTS_01,NO,2026-01-08 02:13:53
CISADM,W1_INVOICE_HEADER_CHAR,W1T502S1,NONUNIQUE,NORMAL,VALID,VISIBLE,CISTS_01,NO,2026-01-08 02:13:53
CISADM,W1_INVOICE_HEADER_COST_CENTER,W1T508P0,UNIQUE,NORMAL,VALID,VISIBLE,CISTS_01,NO,2026-01-08 02:09:29
CISADM,W1_INVOICE_HEADER_DOCUMENT,W1T506P0,UNIQUE,NORMAL,VALID,VISIBLE,CISTS_01,NO,2026-01-08 02:13:20
CISADM,W1_INVOICE_HEADER_IDENTIFIER,W1T503P0,UNIQUE,NORMAL,VALID,VISIBLE,CISTS_01,NO,2026-01-08 02:09:28
CISADM,W1_INVOICE_HEADER_IDENTIFIER,W1T503S0,NONUNIQUE,NORMAL,VALID,VISIBLE,CISTS_01,NO,2026-01-08 02:09:27
CISADM,W1_INVOICE_HEADER_IDENTIFIER,W1T503S1,NONUNIQUE,FUNCTION-BASED NORMAL,VALID,VISIBLE,CISTS_01,NO,2026-01-08 02:16:27
CISADM,W1_INVOICE_HEADER_K,W1T501P0,UNIQUE,IOT - TOP,VALID,VISIBLE,CISTS_01,NO,2026-01-07 21:35:25
CISADM,W1_INVOICE_HEADER_LOG,W1T504P0,UNIQUE,NORMAL,VALID,VISIBLE,CISTS_01,NO,2026-01-08 02:12:28
CISADM,W1_INVOICE_HEADER_LOG,W1T504S1,NONUNIQUE,NORMAL,VALID,VISIBLE,CISTS_01,NO,2026-01-08 02:12:28
CISADM,W1_INVOICE_HEADER_LOG,W1T504S2,NONUNIQUE,NORMAL,VALID,VISIBLE,CISTS_01,NO,2026-01-08 02:12:28
CISADM,W1_INVOICE_HEADER_LOG_PARM,W1T505P0,UNIQUE,NORMAL,VALID,VISIBLE,CISTS_01,NO,2026-01-08 02:15:03
CISADM,W1_INVOICE_HEADER_NOTE,W1T507P0,UNIQUE,NORMAL,VALID,VISIBLE,CISTS_01,NO,2026-01-08 02:08:51
CISADM,W1_INVOICE_LINE,W1T509P0,UNIQUE,NORMAL,VALID,VISIBLE,CISTS_01,NO,2026-01-08 02:09:11
CISADM,W1_INVOICE_LINE,W1T509S1,UNIQUE,NORMAL,VALID,VISIBLE,CISTS_01,NO,2026-01-08 02:09:11
CISADM,W1_INVOICE_LINE,W1T509S2,UNIQUE,NORMAL,VALID,VISIBLE,CISTS_01,NO,2026-01-08 02:09:11
CISADM,W1_INVOICE_LINE,W1T509S3,NONUNIQUE,NORMAL,VALID,VISIBLE,CISTS_01,NO,2026-01-08 02:09:11
CISADM,W1_INVOICE_LINE,W1T509S4,UNIQUE,NORMAL,VALID,VISIBLE,CISTS_01,NO,2026-01-08 02:09:11
CISADM,W1_INVOICE_LINE,W1T509S5,NONUNIQUE,NORMAL,VALID,VISIBLE,CISTS_01,NO,2026-01-08 02:09:11
CISADM,W1_INVOICE_LINE_CHAR,W1T511P0,UNIQUE,NORMAL,VALID,VISIBLE,CISTS_01,NO,2026-01-08 02:08:36
CISADM,W1_INVOICE_LINE_CHAR,W1T511S1,NONUNIQUE,NORMAL,VALID,VISIBLE,CISTS_01,NO,2026-01-08 02:08:37
CISADM,W1_INVOICE_LINE_COST_CENTER,W1T516P0,UNIQUE,NORMAL,VALID,VISIBLE,CISTS_01,NO,2026-01-08 02:15:02
CISADM,W1_INVOICE_LINE_DOCUMENT,W1T514P0,UNIQUE,NORMAL,VALID,VISIBLE,CISTS_01,NO,2026-01-08 02:13:12
CISADM,W1_INVOICE_LINE_IDENTIFIER,W1T527P0,UNIQUE,NORMAL,VALID,VISIBLE,CISTS_01,NO,2026-01-08 02:12:25
CISADM,W1_INVOICE_LINE_IDENTIFIER,W1T527S1,NONUNIQUE,NORMAL,VALID,VISIBLE,CISTS_01,NO,2026-01-08 02:12:25
CISADM,W1_INVOICE_LINE_IDENTIFIER,W1T527S2,NONUNIQUE,FUNCTION-BASED NORMAL,VALID,VISIBLE,CISTS_01,NO,2026-01-08 02:16:35
CISADM,W1_INVOICE_LINE_K,W1T510P0,UNIQUE,IOT - TOP,VALID,VISIBLE,CISTS_01,NO,2026-01-07 21:35:25
CISADM,W1_INVOICE_LINE_LOG,W1T512P0,UNIQUE,NORMAL,VALID,VISIBLE,CISTS_01,NO,2026-01-08 02:12:55
CISADM,W1_INVOICE_LINE_LOG,W1T512S1,NONUNIQUE,NORMAL,VALID,VISIBLE,CISTS_01,NO,2026-01-08 02:12:55
CISADM,W1_INVOICE_LINE_LOG,W1T512S2,NONUNIQUE,NORMAL,VALID,VISIBLE,CISTS_01,NO,2026-01-08 02:12:55
CISADM,W1_INVOICE_LINE_LOG_PARM,W1T513P0,UNIQUE,NORMAL,VALID,VISIBLE,CISTS_01,NO,2026-01-08 02:15:44
CISADM,W1_INVOICE_LINE_NOTE,W1T515P0,UNIQUE,NORMAL,VALID,VISIBLE,CISTS_01,NO,2026-01-08 02:15:44
CISADM,W1_INVOICE_LINE_TAX_LINE,W1T517P0,UNIQUE,NORMAL,VALID,VISIBLE,CISTS_01,NO,2026-01-08 02:13:34
CISADM,W1_INV_ADJ,W1T490P0,UNIQUE,NORMAL,VALID,VISIBLE,CISTS_01,NO,2026-01-08 02:12:35
CISADM,W1_INV_ADJ,W1T490S1,UNIQUE,NORMAL,VALID,VISIBLE,CISTS_01,NO,2026-01-08 02:12:35
CISADM,W1_INV_ADJ,W1T490S2,NONUNIQUE,NORMAL,VALID,VISIBLE,CISTS_01,NO,2026-01-08 02:12:35
CISADM,W1_INV_ADJ,W1T490S3,NONUNIQUE,NORMAL,VALID,VISIBLE,CISTS_01,NO,2026-01-08 02:12:35
CISADM,W1_INV_ADJ_ASSET,W1T524P0,UNIQUE,NORMAL,VALID,VISIBLE,CISTS_01,NO,2026-01-08 02:09:49
CISADM,W1_INV_ADJ_CHAR,W1T492P0,UNIQUE,NORMAL,VALID,VISIBLE,CISTS_01,NO,2026-01-08 02:13:54
CISADM,W1_INV_ADJ_CHAR,W1T492S1,NONUNIQUE,NORMAL,VALID,VISIBLE,CISTS_01,NO,2026-01-08 02:13:54
CISADM,W1_INV_ADJ_K,W1T495P0,UNIQUE,IOT - TOP,VALID,VISIBLE,CISTS_01,NO,2026-01-07 21:35:25
CISADM,W1_INV_ADJ_LOG,W1T493P0,UNIQUE,NORMAL,VALID,VISIBLE,CISTS_01,NO,2026-01-08 02:15:02
CISADM,W1_INV_ADJ_LOG,W1T493S1,NONUNIQUE,NORMAL,VALID,VISIBLE,CISTS_01,NO,2026-01-08 02:15:02
CISADM,W1_INV_ADJ_LOG,W1T493S2,NONUNIQUE,NORMAL,VALID,VISIBLE,CISTS_01,NO,2026-01-08 02:15:02
CISADM,W1_INV_ADJ_LOG_PARM,W1T494P0,UNIQUE,NORMAL,VALID,VISIBLE,CISTS_01,NO,2026-01-08 02:09:41
CISADM,W1_INV_ADJ_LOT,W1T491P0,UNIQUE,NORMAL,VALID,VISIBLE,CISTS_01,NO,2026-01-08 02:09:30
CISADM,W1_LABOR_EARNING_TYPE,W1C622P0,UNIQUE,NORMAL,VALID,VISIBLE,CISTS_01,NO,2026-01-08 02:26:31
CISADM,W1_LABOR_EARNING_TYPE_CHAR,W1C624P0,UNIQUE,NORMAL,VALID,VISIBLE,CISTS_01,NO,2026-01-08 02:26:20
CISADM,W1_LABOR_EARNING_TYPE_CHAR,W1C624S1,NONUNIQUE,NORMAL,VALID,VISIBLE,CISTS_01,NO,2026-01-08 02:26:21
CISADM,W1_LABOR_EARNING_TYPE_L,W1C623P0,UNIQUE,NORMAL,VALID,VISIBLE,CISTS_01,NO,2026-01-08 02:25:58
CISADM,W1_MAINTMGR,W1C694P0,UNIQUE,NORMAL,VALID,VISIBLE,CISTS_01,NO,2026-01-08 02:26:15
CISADM,W1_MAINTMGR_CHAR,W1C696P0,UNIQUE,NORMAL,VALID,VISIBLE,CISTS_01,NO,2026-01-08 02:26:16
CISADM,W1_MAINTMGR_CHAR,W1C696S1,NONUNIQUE,NORMAL,VALID,VISIBLE,CISTS_01,NO,2026-01-08 02:26:17
CISADM,W1_MAINTMGR_L,W1C695P0,UNIQUE,NORMAL,VALID,VISIBLE,CISTS_01,NO,2026-01-08 02:25:56
CISADM,W1_MAINT_EVENT,W1M714P0,UNIQUE,NORMAL,VALID,VISIBLE,CISTS_01,NO,2026-01-08 02:09:31
CISADM,W1_MAINT_EVENT,W1M714S1,UNIQUE,NORMAL,VALID,VISIBLE,CISTS_01,NO,2026-01-08 02:09:31
CISADM,W1_MAINT_EVENT,W1M714S2,NONUNIQUE,NORMAL,VALID,VISIBLE,CISTS_01,NO,2026-01-08 02:09:31
CISADM,W1_MAINT_EVENT_CHAR,W1M715P0,UNIQUE,NORMAL,VALID,VISIBLE,CISTS_01,NO,2026-01-08 02:15:01
CISADM,W1_MAINT_EVENT_CHAR,W1M715S1,NONUNIQUE,NORMAL,VALID,VISIBLE,CISTS_01,NO,2026-01-08 02:15:01
CISADM,W1_MAINT_EVENT_IDENTIFIER,W1M716P0,UNIQUE,NORMAL,VALID,VISIBLE,CISTS_01,NO,2026-01-08 02:14:56
CISADM,W1_MAINT_EVENT_IDENTIFIER,W1M716S0,NONUNIQUE,NORMAL,VALID,VISIBLE,CISTS_01,NO,2026-01-08 02:14:56
CISADM,W1_MAINT_EVENT_IDENTIFIER,W1M716S1,NONUNIQUE,FUNCTION-BASED NORMAL,VALID,VISIBLE,CISTS_01,NO,2026-01-08 02:16:25
CISADM,W1_MAINT_EVENT_K,W1M717P0,UNIQUE,IOT - TOP,VALID,VISIBLE,CISTS_01,NO,2026-01-07 21:35:26
CISADM,W1_MAINT_EVENT_LOG,W1M718P0,UNIQUE,NORMAL,VALID,VISIBLE,CISTS_01,NO,2026-01-08 02:15:58
CISADM,W1_MAINT_EVENT_LOG,W1M718S1,NONUNIQUE,NORMAL,VALID,VISIBLE,CISTS_01,NO,2026-01-08 02:15:58
CISADM,W1_MAINT_EVENT_LOG,W1M718S2,NONUNIQUE,NORMAL,VALID,VISIBLE,CISTS_01,NO,2026-01-08 02:15:58
CISADM,W1_MAINT_EVENT_LOG_PARM,W1M719P0,UNIQUE,NORMAL,VALID,VISIBLE,CISTS_01,NO,2026-01-08 02:09:30
CISADM,W1_MAINT_EVENT_MAINT_PLAN,W1M720P0,UNIQUE,NORMAL,VALID,VISIBLE,CISTS_01,NO,2026-01-08 02:12:17
CISADM,W1_MAINT_SCHEDULE,W1M652P0,UNIQUE,NORMAL,VALID,VISIBLE,CISTS_01,NO,2026-01-08 02:13:34
CISADM,W1_MAINT_SCHEDULE,W1M652S1,UNIQUE,NORMAL,VALID,VISIBLE,CISTS_01,NO,2026-01-08 02:13:34
CISADM,W1_MAINT_SCHEDULE,W1M652S2,NONUNIQUE,NORMAL,VALID,VISIBLE,CISTS_01,NO,2026-01-08 02:13:34
CISADM,W1_MAINT_SCHEDULE_CHAR,W1M654P0,UNIQUE,NORMAL,VALID,VISIBLE,CISTS_01,NO,2026-01-08 02:11:09
CISADM,W1_MAINT_SCHEDULE_CHAR,W1M654S1,NONUNIQUE,NORMAL,VALID,VISIBLE,CISTS_01,NO,2026-01-08 02:11:09
CISADM,W1_MAINT_SCHEDULE_IDENTIFIER,W1M655P0,UNIQUE,NORMAL,VALID,VISIBLE,CISTS_01,NO,2026-01-08 02:14:38
CISADM,W1_MAINT_SCHEDULE_IDENTIFIER,W1M655S0,NONUNIQUE,NORMAL,VALID,VISIBLE,CISTS_01,NO,2026-01-08 02:14:39
CISADM,W1_MAINT_SCHEDULE_IDENTIFIER,W1M655S1,NONUNIQUE,FUNCTION-BASED NORMAL,VALID,VISIBLE,CISTS_01,NO,2026-01-08 02:16:30
CISADM,W1_MAINT_SCHEDULE_K,W1M653P0,UNIQUE,IOT - TOP,VALID,VISIBLE,CISTS_01,NO,2026-01-07 21:35:26
CISADM,W1_MAINT_SCHEDULE_LOG,W1M656P0,UNIQUE,NORMAL,VALID,VISIBLE,CISTS_01,NO,2026-01-08 02:13:53
CISADM,W1_MAINT_SCHEDULE_LOG,W1M656S1,NONUNIQUE,NORMAL,VALID,VISIBLE,CISTS_01,NO,2026-01-08 02:13:53
CISADM,W1_MAINT_SCHEDULE_LOG,W1M656S2,NONUNIQUE,NORMAL,VALID,VISIBLE,CISTS_01,NO,2026-01-08 02:13:53
CISADM,W1_MAINT_SCHEDULE_LOG_PARM,W1M657P0,UNIQUE,NORMAL,VALID,VISIBLE,CISTS_01,NO,2026-01-08 02:09:33
CISADM,W1_MAINT_TRIGGER,W1M658P0,UNIQUE,NORMAL,VALID,VISIBLE,CISTS_01,NO,2026-01-08 02:13:39
CISADM,W1_MAINT_TRIGGER,W1M658S1,UNIQUE,NORMAL,VALID,VISIBLE,CISTS_01,NO,2026-01-08 02:13:39
CISADM,W1_MAINT_TRIGGER,W1M658S2,NONUNIQUE,NORMAL,VALID,VISIBLE,CISTS_01,NO,2026-01-08 02:13:39
CISADM,W1_MAINT_TRIGGER,W1M658S3,NONUNIQUE,NORMAL,VALID,VISIBLE,CISTS_01,NO,2026-01-08 02:13:39
CISADM,W1_MAINT_TRIGGER_CHAR,W1M700P0,UNIQUE,NORMAL,VALID,VISIBLE,CISTS_01,NO,2026-01-08 02:09:06
CISADM,W1_MAINT_TRIGGER_CHAR,W1M700S1,NONUNIQUE,NORMAL,VALID,VISIBLE,CISTS_01,NO,2026-01-08 02:09:06
CISADM,W1_MAINT_TRIGGER_IDENTIFIER,W1M701P0,UNIQUE,NORMAL,VALID,VISIBLE,CISTS_01,NO,2026-01-08 02:13:44
CISADM,W1_MAINT_TRIGGER_IDENTIFIER,W1M701S0,NONUNIQUE,NORMAL,VALID,VISIBLE,CISTS_01,NO,2026-01-08 02:13:44
CISADM,W1_MAINT_TRIGGER_IDENTIFIER,W1M701S1,NONUNIQUE,FUNCTION-BASED NORMAL,VALID,VISIBLE,CISTS_01,NO,2026-01-08 02:16:27
CISADM,W1_MAINT_TRIGGER_K,W1M659P0,UNIQUE,IOT - TOP,VALID,VISIBLE,CISTS_01,NO,2026-01-07 21:35:26
CISADM,W1_MAINT_TRIGGER_LOG,W1M702P0,UNIQUE,NORMAL,VALID,VISIBLE,CISTS_01,NO,2026-01-08 02:08:40
CISADM,W1_MAINT_TRIGGER_LOG,W1M702S1,NONUNIQUE,NORMAL,VALID,VISIBLE,CISTS_01,NO,2026-01-08 02:08:40
CISADM,W1_MAINT_TRIGGER_LOG,W1M702S2,NONUNIQUE,NORMAL,VALID,VISIBLE,CISTS_01,NO,2026-01-08 02:08:40
CISADM,W1_MAINT_TRIGGER_LOG_PARM,W1M703P0,UNIQUE,NORMAL,VALID,VISIBLE,CISTS_01,NO,2026-01-08 02:15:57
CISADM,W1_MAINT_TRIGGER_PLN_FAIL_INFO,W1M706P0,UNIQUE,NORMAL,VALID,VISIBLE,CISTS_01,NO,2026-01-08 02:15:57
CISADM,W1_MANUFACTURER,W1C223P0,UNIQUE,NORMAL,VALID,VISIBLE,CISTS_01,NO,2026-01-08 02:26:03
CISADM,W1_MANUFACTURER_CHAR,W1C226P0,UNIQUE,NORMAL,VALID,VISIBLE,CISTS_01,NO,2026-01-08 02:25:55
CISADM,W1_MANUFACTURER_CHAR,W1C226S1,NONUNIQUE,NORMAL,VALID,VISIBLE,CISTS_01,NO,2026-01-08 02:25:54
CISADM,W1_MANUFACTURER_IDENTIFIER,W1C225P0,UNIQUE,NORMAL,VALID,VISIBLE,CISTS_01,NO,2026-01-08 02:26:01
CISADM,W1_MANUFACTURER_IDENTIFIER,W1C225S0,NONUNIQUE,NORMAL,VALID,VISIBLE,CISTS_01,NO,2026-01-08 02:26:02
CISADM,W1_MANUFACTURER_IDENTIFIER,W1C225S1,NONUNIQUE,FUNCTION-BASED NORMAL,VALID,VISIBLE,CISTS_01,NO,2026-01-08 02:26:53
CISADM,W1_MANUFACTURER_IDENTIFIER,W1C225S2,NONUNIQUE,NORMAL,VALID,VISIBLE,CISTS_01,NO,2026-01-08 02:26:01
CISADM,W1_MANUFACTURER_L,W1C224P0,UNIQUE,NORMAL,VALID,VISIBLE,CISTS_01,NO,2026-01-08 02:26:05
CISADM,W1_MAT_DISP,W1T453P0,UNIQUE,NORMAL,VALID,VISIBLE,CISTS_01,NO,2026-01-08 02:09:15
CISADM,W1_MAT_DISP,W1T453S1,UNIQUE,NORMAL,VALID,VISIBLE,CISTS_01,NO,2026-01-08 02:09:15
CISADM,W1_MAT_DISP,W1T453S2,NONUNIQUE,NORMAL,VALID,VISIBLE,CISTS_01,NO,2026-01-08 02:09:15
CISADM,W1_MAT_DISP_CHAR,W1T456P0,UNIQUE,NORMAL,VALID,VISIBLE,CISTS_01,NO,2026-01-08 02:10:26
CISADM,W1_MAT_DISP_CHAR,W1T456S1,NONUNIQUE,NORMAL,VALID,VISIBLE,CISTS_01,NO,2026-01-08 02:10:25
CISADM,W1_MAT_DISP_IDENTIFIER,W1T459P0,UNIQUE,NORMAL,VALID,VISIBLE,CISTS_01,NO,2026-01-08 02:08:55
CISADM,W1_MAT_DISP_IDENTIFIER,W1T459S0,NONUNIQUE,NORMAL,VALID,VISIBLE,CISTS_01,NO,2026-01-08 02:08:54
CISADM,W1_MAT_DISP_IDENTIFIER,W1T459S1,NONUNIQUE,FUNCTION-BASED NORMAL,VALID,VISIBLE,CISTS_01,NO,2026-01-08 02:16:45
CISADM,W1_MAT_DISP_K,W1T454P0,UNIQUE,IOT - TOP,VALID,VISIBLE,CISTS_01,NO,2026-01-07 21:35:27
CISADM,W1_MAT_DISP_LINE,W1T455P0,UNIQUE,NORMAL,VALID,VISIBLE,CISTS_01,NO,2026-01-08 02:13:19
CISADM,W1_MAT_DISP_LOG,W1T457P0,UNIQUE,NORMAL,VALID,VISIBLE,CISTS_01,NO,2026-01-08 02:15:09
CISADM,W1_MAT_DISP_LOG,W1T457S1,NONUNIQUE,NORMAL,VALID,VISIBLE,CISTS_01,NO,2026-01-08 02:15:09
CISADM,W1_MAT_DISP_LOG,W1T457S2,NONUNIQUE,NORMAL,VALID,VISIBLE,CISTS_01,NO,2026-01-08 02:15:09
CISADM,W1_MAT_DISP_LOG_PARM,W1T458P0,UNIQUE,NORMAL,VALID,VISIBLE,CISTS_01,NO,2026-01-08 02:12:34
CISADM,W1_MAT_ISS_LINE,W1T389P0,UNIQUE,NORMAL,VALID,VISIBLE,CISTS_01,NO,2026-01-08 02:11:55
CISADM,W1_MAT_ISS_LINE,W1T389S1,UNIQUE,NORMAL,VALID,VISIBLE,CISTS_01,NO,2026-01-08 02:11:55
CISADM,W1_MAT_ISS_LINE,W1T389S2,NONUNIQUE,NORMAL,VALID,VISIBLE,CISTS_01,NO,2026-01-08 02:11:55
CISADM,W1_MAT_ISS_LINE,W1T389S3,NONUNIQUE,NORMAL,VALID,VISIBLE,CISTS_01,NO,2026-01-08 02:11:55
CISADM,W1_MAT_ISS_LINE,W1T389S4,UNIQUE,NORMAL,VALID,VISIBLE,CISTS_01,NO,2026-01-08 02:11:55
CISADM,W1_MAT_ISS_LINE_CHAR,W1T390P0,UNIQUE,NORMAL,VALID,VISIBLE,CISTS_01,NO,2026-01-08 02:16:18
CISADM,W1_MAT_ISS_LINE_CHAR,W1T390S1,NONUNIQUE,NORMAL,VALID,VISIBLE,CISTS_01,NO,2026-01-08 02:16:18
CISADM,W1_MAT_ISS_LINE_K,W1T393P0,UNIQUE,IOT - TOP,VALID,VISIBLE,CISTS_01,NO,2026-01-07 21:35:27
CISADM,W1_MAT_ISS_LINE_LOG,W1T391P0,UNIQUE,NORMAL,VALID,VISIBLE,CISTS_01,NO,2026-01-08 02:15:46
CISADM,W1_MAT_ISS_LINE_LOG_PARM,W1T392P0,UNIQUE,NORMAL,VALID,VISIBLE,CISTS_01,NO,2026-01-08 02:14:34
CISADM,W1_MAT_REQ_HEADER,W1T378P0,UNIQUE,NORMAL,VALID,VISIBLE,CISTS_01,NO,2026-01-08 02:11:00
CISADM,W1_MAT_REQ_HEADER,W1T378S1,UNIQUE,NORMAL,VALID,VISIBLE,CISTS_01,NO,2026-01-08 02:11:00
CISADM,W1_MAT_REQ_HEADER,W1T378S2,UNIQUE,NORMAL,VALID,VISIBLE,CISTS_01,NO,2026-01-08 02:11:01
CISADM,W1_MAT_REQ_HEADER_CHAR,W1T381P0,UNIQUE,NORMAL,VALID,VISIBLE,CISTS_01,NO,2026-01-08 02:09:11
CISADM,W1_MAT_REQ_HEADER_CHAR,W1T381S1,NONUNIQUE,NORMAL,VALID,VISIBLE,CISTS_01,NO,2026-01-08 02:09:11
CISADM,W1_MAT_REQ_HEADER_COST_CENTER,W1T380P0,UNIQUE,NORMAL,VALID,VISIBLE,CISTS_01,NO,2026-01-08 02:12:47
CISADM,W1_MAT_REQ_HEADER_K,W1T379P0,UNIQUE,IOT - TOP,VALID,VISIBLE,CISTS_01,NO,2026-01-07 21:35:27
CISADM,W1_MAT_REQ_HEADER_LOG,W1T382P0,UNIQUE,NORMAL,VALID,VISIBLE,CISTS_01,NO,2026-01-08 02:11:31
CISADM,W1_MAT_REQ_HEADER_LOG_PARM,W1T383P0,UNIQUE,NORMAL,VALID,VISIBLE,CISTS_01,NO,2026-01-08 02:10:36
CISADM,W1_MAT_REQ_LINE,W1T384P0,UNIQUE,NORMAL,VALID,VISIBLE,CISTS_01,NO,2026-01-08 02:15:56
CISADM,W1_MAT_REQ_LINE,W1T384S1,UNIQUE,NORMAL,VALID,VISIBLE,CISTS_01,NO,2026-01-08 02:15:56
CISADM,W1_MAT_REQ_LINE,W1T384S2,UNIQUE,NORMAL,VALID,VISIBLE,CISTS_01,NO,2026-01-08 02:15:56
CISADM,W1_MAT_REQ_LINE,W1T384S3,NONUNIQUE,NORMAL,VALID,VISIBLE,CISTS_01,NO,2026-01-08 02:15:56
CISADM,W1_MAT_REQ_LINE,W1T384S4,NONUNIQUE,NORMAL,VALID,VISIBLE,CISTS_01,NO,2026-01-08 02:15:56
CISADM,W1_MAT_REQ_LINE,W1T384S5,NONUNIQUE,NORMAL,VALID,VISIBLE,CISTS_01,NO,2026-01-08 02:15:56
CISADM,W1_MAT_REQ_LINE_CHAR,W1T385P0,UNIQUE,NORMAL,VALID,VISIBLE,CISTS_01,NO,2026-01-08 02:09:41
CISADM,W1_MAT_REQ_LINE_CHAR,W1T385S1,NONUNIQUE,NORMAL,VALID,VISIBLE,CISTS_01,NO,2026-01-08 02:09:41
CISADM,W1_MAT_REQ_LINE_K,W1T388P0,UNIQUE,IOT - TOP,VALID,VISIBLE,CISTS_01,NO,2026-01-07 21:35:28
CISADM,W1_MAT_REQ_LINE_LOG,W1T386P0,UNIQUE,NORMAL,VALID,VISIBLE,CISTS_01,NO,2026-01-08 02:14:44
CISADM,W1_MAT_REQ_LINE_LOG_PARM,W1T387P0,UNIQUE,NORMAL,VALID,VISIBLE,CISTS_01,NO,2026-01-08 02:11:04
CISADM,W1_MAT_REQ_TMPL,W1M646P0,UNIQUE,NORMAL,VALID,VISIBLE,CISTS_01,NO,2026-01-08 02:14:25
CISADM,W1_MAT_REQ_TMPL_CHAR,W1M649P0,UNIQUE,NORMAL,VALID,VISIBLE,CISTS_01,NO,2026-01-08 02:12:58
CISADM,W1_MAT_REQ_TMPL_CHAR,W1M649S1,NONUNIQUE,NORMAL,VALID,VISIBLE,CISTS_01,NO,2026-01-08 02:12:58
CISADM,W1_MAT_REQ_TMPL_K,W1M647P0,UNIQUE,IOT - TOP,VALID,VISIBLE,CISTS_01,NO,2026-01-07 21:35:28
CISADM,W1_MAT_REQ_TMPL_LOG,W1M650P0,UNIQUE,NORMAL,VALID,VISIBLE,CISTS_01,NO,2026-01-08 02:13:41
CISADM,W1_MAT_REQ_TMPL_LOG_PARM,W1M651P0,UNIQUE,NORMAL,VALID,VISIBLE,CISTS_01,NO,2026-01-08 02:08:37
CISADM,W1_MAT_REQ_TMPL_MAT,W1M648P0,UNIQUE,NORMAL,VALID,VISIBLE,CISTS_01,NO,2026-01-08 02:12:45
CISADM,W1_MAT_RET_HEADER,W1T394P0,UNIQUE,NORMAL,VALID,VISIBLE,CISTS_01,NO,2026-01-08 02:15:01
CISADM,W1_MAT_RET_HEADER,W1T394S1,UNIQUE,NORMAL,VALID,VISIBLE,CISTS_01,NO,2026-01-08 02:15:01
CISADM,W1_MAT_RET_HEADER,W1T394S2,UNIQUE,NORMAL,VALID,VISIBLE,CISTS_01,NO,2026-01-08 02:15:01
CISADM,W1_MAT_RET_HEADER,W1T394S3,NONUNIQUE,NORMAL,VALID,VISIBLE,CISTS_01,NO,2026-01-08 02:15:01
CISADM,W1_MAT_RET_HEADER_CHAR,W1T397P0,UNIQUE,NORMAL,VALID,VISIBLE,CISTS_01,NO,2026-01-08 02:08:12
CISADM,W1_MAT_RET_HEADER_CHAR,W1T397S1,NONUNIQUE,NORMAL,VALID,VISIBLE,CISTS_01,NO,2026-01-08 02:08:12
CISADM,W1_MAT_RET_HEADER_COST_CENTER,W1T396P0,UNIQUE,NORMAL,VALID,VISIBLE,CISTS_01,NO,2026-01-08 02:10:09
CISADM,W1_MAT_RET_HEADER_K,W1T395P0,UNIQUE,IOT - TOP,VALID,VISIBLE,CISTS_01,NO,2026-01-07 21:35:28
CISADM,W1_MAT_RET_HEADER_LOG,W1T398P0,UNIQUE,NORMAL,VALID,VISIBLE,CISTS_01,NO,2026-01-08 02:09:40
CISADM,W1_MAT_RET_HEADER_LOG_PARM,W1T399P0,UNIQUE,NORMAL,VALID,VISIBLE,CISTS_01,NO,2026-01-08 02:12:45
CISADM,W1_MAT_RET_LINE,W1T400P0,UNIQUE,NORMAL,VALID,VISIBLE,CISTS_01,NO,2026-01-08 02:15:05
CISADM,W1_MAT_RET_LINE,W1T400S1,UNIQUE,NORMAL,VALID,VISIBLE,CISTS_01,NO,2026-01-08 02:15:05
CISADM,W1_MAT_RET_LINE_CHAR,W1T401P0,UNIQUE,NORMAL,VALID,VISIBLE,CISTS_01,NO,2026-01-08 02:13:16
CISADM,W1_MAT_RET_LINE_CHAR,W1T401S1,NONUNIQUE,NORMAL,VALID,VISIBLE,CISTS_01,NO,2026-01-08 02:13:16
CISADM,W1_MAT_RET_LINE_K,W1T404P0,UNIQUE,IOT - TOP,VALID,VISIBLE,CISTS_01,NO,2026-01-07 21:35:28
CISADM,W1_MAT_RET_LINE_LOG,W1T402P0,UNIQUE,NORMAL,VALID,VISIBLE,CISTS_01,NO,2026-01-08 02:12:26
CISADM,W1_MAT_RET_LINE_LOG_PARM,W1T403P0,UNIQUE,NORMAL,VALID,VISIBLE,CISTS_01,NO,2026-01-08 02:15:17
CISADM,W1_MEASUREMENT,W1T273P0,UNIQUE,NORMAL,VALID,VISIBLE,CISTS_01,NO,2026-01-08 02:16:13
CISADM,W1_MEASUREMENT,W1T273S1,UNIQUE,NORMAL,VALID,VISIBLE,CISTS_01,NO,2026-01-08 02:16:13
CISADM,W1_MEASUREMENT,W1T273S2,UNIQUE,NORMAL,VALID,VISIBLE,CISTS_01,NO,2026-01-08 02:16:13
CISADM,W1_MEASUREMENT,W1T273S3,NONUNIQUE,NORMAL,VALID,VISIBLE,CISTS_01,NO,2026-01-08 02:16:13
CISADM,W1_MEASUREMENT,W1T273S4,NONUNIQUE,NORMAL,VALID,VISIBLE,CISTS_01,NO,2026-01-08 02:16:13
CISADM,W1_MEASUREMENT_CHAR,W1T274P0,UNIQUE,NORMAL,VALID,VISIBLE,CISTS_01,NO,2026-01-08 02:08:09
CISADM,W1_MEASUREMENT_CHAR,W1T274S1,NONUNIQUE,NORMAL,VALID,VISIBLE,CISTS_01,NO,2026-01-08 02:08:09
CISADM,W1_MEASUREMENT_K,W1T277P0,UNIQUE,IOT - TOP,VALID,VISIBLE,CISTS_01,NO,2026-01-07 21:35:28
CISADM,W1_MEASUREMENT_LOG,W1T275P0,UNIQUE,NORMAL,VALID,VISIBLE,CISTS_01,NO,2026-01-08 02:15:01
CISADM,W1_MEASUREMENT_LOG,W1T275S1,NONUNIQUE,NORMAL,VALID,VISIBLE,CISTS_01,NO,2026-01-08 02:15:01
CISADM,W1_MEASUREMENT_LOG,W1T275S2,NONUNIQUE,NORMAL,VALID,VISIBLE,CISTS_01,NO,2026-01-08 02:15:01
CISADM,W1_MEASUREMENT_LOG_PARM,W1T276P0,UNIQUE,NORMAL,VALID,VISIBLE,CISTS_01,NO,2026-01-08 02:14:44
CISADM,W1_MEASUREMENT_TYPE,W1C519P0,UNIQUE,NORMAL,VALID,VISIBLE,CISTS_01,NO,2026-01-08 02:26:02
CISADM,W1_MEASUREMENT_TYPE_CHAR,W1C521P0,UNIQUE,NORMAL,VALID,VISIBLE,CISTS_01,NO,2026-01-08 02:25:55
CISADM,W1_MEASUREMENT_TYPE_CHAR,W1C521S1,NONUNIQUE,NORMAL,VALID,VISIBLE,CISTS_01,NO,2026-01-08 02:25:55
CISADM,W1_MEASUREMENT_TYPE_IDENTIFIER,W1C522P0,UNIQUE,NORMAL,VALID,VISIBLE,CISTS_01,NO,2026-01-08 02:26:05
CISADM,W1_MEASUREMENT_TYPE_IDENTIFIER,W1C522S0,NONUNIQUE,NORMAL,VALID,VISIBLE,CISTS_01,NO,2026-01-08 02:26:05
CISADM,W1_MEASUREMENT_TYPE_IDENTIFIER,W1C522S1,NONUNIQUE,FUNCTION-BASED NORMAL,VALID,VISIBLE,CISTS_01,NO,2026-01-08 02:26:53
CISADM,W1_MEASUREMENT_TYPE_L,W1C520P0,UNIQUE,NORMAL,VALID,VISIBLE,CISTS_01,NO,2026-01-08 02:26:09
CISADM,W1_MEASUREMENT_UOM,W1C523P0,UNIQUE,NORMAL,VALID,VISIBLE,CISTS_01,NO,2026-01-08 02:26:17
CISADM,W1_MEASUREMENT_UOM_CHAR,W1C525P0,UNIQUE,NORMAL,VALID,VISIBLE,CISTS_01,NO,2026-01-08 02:26:13
CISADM,W1_MEASUREMENT_UOM_CHAR,W1C525S1,NONUNIQUE,NORMAL,VALID,VISIBLE,CISTS_01,NO,2026-01-08 02:26:13
CISADM,W1_MEASUREMENT_UOM_L,W1C524P0,UNIQUE,NORMAL,VALID,VISIBLE,CISTS_01,NO,2026-01-08 02:26:02
CISADM,W1_MOBILE_SUBSCR,W1T815P0,UNIQUE,NORMAL,VALID,VISIBLE,CISTS_01,NO,2026-01-08 02:15:52
CISADM,W1_MOBILE_SUBSCR_CHAR,W1T816P0,UNIQUE,NORMAL,VALID,VISIBLE,CISTS_01,NO,2026-01-08 02:13:41
CISADM,W1_MOBILE_SUBSCR_CHAR,W1T816S1,NONUNIQUE,NORMAL,VALID,VISIBLE,CISTS_01,NO,2026-01-08 02:13:41
CISADM,W1_MOBILE_SUBSCR_K,W1T819P0,UNIQUE,IOT - TOP,VALID,VISIBLE,CISTS_01,NO,2026-01-07 21:35:29
CISADM,W1_MOBILE_SUBSCR_LOG,W1T817P0,UNIQUE,NORMAL,VALID,VISIBLE,CISTS_01,NO,2026-01-08 02:09:31
CISADM,W1_MOBILE_SUBSCR_LOG,W1T817S1,NONUNIQUE,NORMAL,VALID,VISIBLE,CISTS_01,NO,2026-01-08 02:09:30
CISADM,W1_MOBILE_SUBSCR_LOG,W1T817S2,NONUNIQUE,NORMAL,VALID,VISIBLE,CISTS_01,NO,2026-01-08 02:09:31
CISADM,W1_MOBILE_SUBSCR_LOG_PARM,W1T818P0,UNIQUE,NORMAL,VALID,VISIBLE,CISTS_01,NO,2026-01-08 02:08:08
CISADM,W1_NODE,W1M205P0,UNIQUE,NORMAL,VALID,VISIBLE,CISTS_01,NO,2026-02-18 02:13:55
CISADM,W1_NODE,W1M205S0,NONUNIQUE,NORMAL,VALID,VISIBLE,CISTS_01,NO,2026-02-18 02:13:55
CISADM,W1_NODE,W1M205S1,NONUNIQUE,NORMAL,VALID,VISIBLE,CISTS_01,NO,2026-02-18 02:13:54
CISADM,W1_NODE,W1M205S10,NONUNIQUE,NORMAL,VALID,VISIBLE,CISTS_01,NO,2026-02-18 02:13:54
CISADM,W1_NODE,W1M205S11,NONUNIQUE,NORMAL,VALID,VISIBLE,CISTS_01,NO,2026-02-18 02:13:55
CISADM,W1_NODE,W1M205S2,UNIQUE,NORMAL,VALID,VISIBLE,CISTS_01,NO,2026-02-18 02:13:54
CISADM,W1_NODE,W1M205S3,UNIQUE,NORMAL,VALID,VISIBLE,CISTS_01,NO,2026-02-18 02:13:54
CISADM,W1_NODE,W1M205S4,NONUNIQUE,NORMAL,VALID,VISIBLE,CISTS_01,NO,2026-02-18 02:13:55
CISADM,W1_NODE,W1M205S5,NONUNIQUE,NORMAL,VALID,VISIBLE,CISTS_01,NO,2026-02-18 02:13:55
CISADM,W1_NODE,W1M205S6,UNIQUE,NORMAL,VALID,VISIBLE,CISTS_01,NO,2026-02-18 02:13:55
CISADM,W1_NODE,W1M205S7,UNIQUE,NORMAL,VALID,VISIBLE,CISTS_01,NO,2026-02-18 02:13:55
CISADM,W1_NODE,W1M205S8,UNIQUE,NORMAL,VALID,VISIBLE,CISTS_01,NO,2026-02-18 02:13:54
CISADM,W1_NODE,W1M205S9,NONUNIQUE,NORMAL,VALID,VISIBLE,CISTS_01,NO,2026-02-18 02:13:55
CISADM,W1_NODE_ATTACHMENT,W1M207P0,UNIQUE,NORMAL,VALID,VISIBLE,CISTS_01,NO,2026-01-08 02:15:56
CISADM,W1_NODE_CHAR,W1M209P0,UNIQUE,NORMAL,VALID,VISIBLE,CISTS_01,NO,2026-01-08 02:15:15
CISADM,W1_NODE_CHAR,W1M209S1,NONUNIQUE,NORMAL,VALID,VISIBLE,CISTS_01,NO,2026-01-08 02:15:15
CISADM,W1_NODE_CHAR2,W1T519P0,UNIQUE,NORMAL,VALID,VISIBLE,CISTS_01,NO,2026-01-08 02:09:06
CISADM,W1_NODE_CONTACT,W1M222P0,UNIQUE,NORMAL,VALID,VISIBLE,CISTS_01,NO,2026-02-13 02:17:04
CISADM,W1_NODE_CONTACT,W1M222S1,NONUNIQUE,NORMAL,VALID,VISIBLE,CISTS_01,NO,2026-02-13 02:17:04
CISADM,W1_NODE_CONTACT,W1M222S2,NONUNIQUE,NORMAL,VALID,VISIBLE,CISTS_01,NO,2026-02-13 02:17:04
CISADM,W1_NODE_COST_CENTER,W1T363P0,UNIQUE,NORMAL,VALID,VISIBLE,CISTS_01,NO,2026-01-08 02:08:08
CISADM,W1_NODE_DOCUMENT,W1M583P0,UNIQUE,NORMAL,VALID,VISIBLE,CISTS_01,NO,2026-01-08 02:12:59
CISADM,W1_NODE_IDENTIFIER,W1M208P0,UNIQUE,NORMAL,VALID,VISIBLE,CISTS_01,NO,2026-02-18 02:13:51
CISADM,W1_NODE_IDENTIFIER,W1M208S1,NONUNIQUE,NORMAL,VALID,VISIBLE,CISTS_01,NO,2026-02-18 02:13:51
CISADM,W1_NODE_K,W1M212P0,UNIQUE,IOT - TOP,VALID,VISIBLE,CISTS_01,NO,2026-01-08 02:19:10
CISADM,W1_NODE_LOG,W1M210P0,UNIQUE,NORMAL,VALID,VISIBLE,CISTS_01,NO,2026-02-12 02:14:30
CISADM,W1_NODE_LOG_PARM,W1M211P0,UNIQUE,NORMAL,VALID,VISIBLE,CISTS_01,NO,2026-01-08 02:15:57
CISADM,W1_NODE_MAINT_TRIGGER,W1M705P0,UNIQUE,NORMAL,VALID,VISIBLE,CISTS_01,NO,2026-01-08 02:15:23
CISADM,W1_NODE_TYPE,W1C200P0,UNIQUE,NORMAL,VALID,VISIBLE,CISTS_01,NO,2026-02-13 02:16:58
CISADM,W1_NODE_TYPE,W1C200S1,UNIQUE,NORMAL,VALID,VISIBLE,CISTS_01,NO,2026-02-13 02:16:58
CISADM,W1_NODE_TYPE_CHAR,W1C204P0,UNIQUE,NORMAL,VALID,VISIBLE,CISTS_01,NO,2026-01-08 02:25:55
CISADM,W1_NODE_TYPE_CHAR,W1C204S1,NONUNIQUE,NORMAL,VALID,VISIBLE,CISTS_01,NO,2026-01-08 02:25:54
CISADM,W1_NODE_TYPE_L,W1C201P0,UNIQUE,NORMAL,VALID,VISIBLE,CISTS_01,NO,2026-02-18 02:13:50
CISADM,W1_ODC,W1T334P0,UNIQUE,NORMAL,VALID,VISIBLE,CISTS_01,NO,2026-01-08 02:09:05
CISADM,W1_ODC,W1T334S1,UNIQUE,NORMAL,VALID,VISIBLE,CISTS_01,NO,2026-01-08 02:09:05
CISADM,W1_ODC,W1T334S2,NONUNIQUE,NORMAL,VALID,VISIBLE,CISTS_01,NO,2026-01-08 02:09:05
CISADM,W1_ODC_CHAR,W1T337P0,UNIQUE,NORMAL,VALID,VISIBLE,CISTS_01,NO,2026-01-08 02:08:08
CISADM,W1_ODC_CHAR,W1T337S1,NONUNIQUE,NORMAL,VALID,VISIBLE,CISTS_01,NO,2026-01-08 02:08:08
CISADM,W1_ODC_DTL,W1T340P0,UNIQUE,NORMAL,VALID,VISIBLE,CISTS_01,NO,2026-01-08 02:13:37
CISADM,W1_ODC_DTL,W1T340S1,UNIQUE,NORMAL,VALID,VISIBLE,CISTS_01,NO,2026-01-08 02:13:37
CISADM,W1_ODC_DTL,W1T340S2,UNIQUE,NORMAL,VALID,VISIBLE,CISTS_01,NO,2026-01-08 02:13:37
CISADM,W1_ODC_DTL_CHAR,W1T342P0,UNIQUE,NORMAL,VALID,VISIBLE,CISTS_01,NO,2026-01-08 02:11:14
CISADM,W1_ODC_DTL_CHAR,W1T342S1,NONUNIQUE,NORMAL,VALID,VISIBLE,CISTS_01,NO,2026-01-08 02:11:14
CISADM,W1_ODC_DTL_COST,W1T345P0,UNIQUE,NORMAL,VALID,VISIBLE,CISTS_01,NO,2026-01-08 02:11:02
CISADM,W1_ODC_DTL_K,W1T341P0,UNIQUE,IOT - TOP,VALID,VISIBLE,CISTS_01,NO,2026-01-07 21:35:31
CISADM,W1_ODC_DTL_LOG,W1T343P0,UNIQUE,NORMAL,VALID,VISIBLE,CISTS_01,NO,2026-01-08 02:08:15
CISADM,W1_ODC_DTL_LOG_PARM,W1T344P0,UNIQUE,NORMAL,VALID,VISIBLE,CISTS_01,NO,2026-01-08 02:09:19
CISADM,W1_ODC_IDENTIFIER,W1T335P0,UNIQUE,NORMAL,VALID,VISIBLE,CISTS_01,NO,2026-01-08 02:12:54
CISADM,W1_ODC_IDENTIFIER,W1T335S0,NONUNIQUE,NORMAL,VALID,VISIBLE,CISTS_01,NO,2026-01-08 02:12:54
CISADM,W1_ODC_IDENTIFIER,W1T335S1,NONUNIQUE,FUNCTION-BASED NORMAL,VALID,VISIBLE,CISTS_01,NO,2026-01-08 02:16:45
CISADM,W1_ODC_K,W1T336P0,UNIQUE,IOT - TOP,VALID,VISIBLE,CISTS_01,NO,2026-01-07 21:35:31
CISADM,W1_ODC_LOG,W1T338P0,UNIQUE,NORMAL,VALID,VISIBLE,CISTS_01,NO,2026-01-08 02:09:00
CISADM,W1_ODC_LOG_PARM,W1T339P0,UNIQUE,NORMAL,VALID,VISIBLE,CISTS_01,NO,2026-01-08 02:08:57
CISADM,W1_OVERHEAD,W1C742P0,UNIQUE,NORMAL,VALID,VISIBLE,CISTS_01,NO,2026-01-08 02:26:26
CISADM,W1_OVERHEAD_CHAR,W1T744P0,UNIQUE,NORMAL,VALID,VISIBLE,CISTS_01,NO,2026-01-08 02:26:44
CISADM,W1_OVERHEAD_CHAR,W1T744S1,NONUNIQUE,NORMAL,VALID,VISIBLE,CISTS_01,NO,2026-01-08 02:26:44
CISADM,W1_OVERHEAD_L,W1C743P0,UNIQUE,NORMAL,VALID,VISIBLE,CISTS_01,NO,2026-01-08 02:26:07
CISADM,W1_OVERHEAD_RESRC,W1C745P0,UNIQUE,NORMAL,VALID,VISIBLE,CISTS_01,NO,2026-01-08 02:26:46
CISADM,W1_OVERTIME_TYPE,W1C625P0,UNIQUE,NORMAL,VALID,VISIBLE,CISTS_01,NO,2026-01-08 02:26:41
CISADM,W1_OVERTIME_TYPE_CHAR,W1C627P0,UNIQUE,NORMAL,VALID,VISIBLE,CISTS_01,NO,2026-01-08 02:26:24
CISADM,W1_OVERTIME_TYPE_CHAR,W1C627S1,NONUNIQUE,NORMAL,VALID,VISIBLE,CISTS_01,NO,2026-01-08 02:26:24
CISADM,W1_OVERTIME_TYPE_L,W1C626P0,UNIQUE,NORMAL,VALID,VISIBLE,CISTS_01,NO,2026-01-08 02:25:56
CISADM,W1_PARENT_NODE_TYPE,W1C202P0,UNIQUE,NORMAL,VALID,VISIBLE,CISTS_01,NO,2026-01-08 02:25:51
CISADM,W1_PAYMENT_TERM,W1C647P0,UNIQUE,NORMAL,VALID,VISIBLE,CISTS_01,NO,2026-01-08 02:25:56
CISADM,W1_PAYMENT_TERM_CHAR,W1C649P0,UNIQUE,NORMAL,VALID,VISIBLE,CISTS_01,NO,2026-01-08 02:26:21
CISADM,W1_PAYMENT_TERM_CHAR,W1C649S1,NONUNIQUE,NORMAL,VALID,VISIBLE,CISTS_01,NO,2026-01-08 02:26:21
CISADM,W1_PAYMENT_TERM_L,W1C648P0,UNIQUE,NORMAL,VALID,VISIBLE,CISTS_01,NO,2026-01-08 02:26:08
CISADM,W1_PEER_NODE,W1M206P0,UNIQUE,NORMAL,VALID,VISIBLE,CISTS_01,NO,2026-01-08 02:12:28
CISADM,W1_PEER_NODE_TYPE,W1C203P0,UNIQUE,NORMAL,VALID,VISIBLE,CISTS_01,NO,2026-01-08 02:25:52
CISADM,W1_PEER_SPECIFICATION,W1C277P0,UNIQUE,NORMAL,VALID,VISIBLE,CISTS_01,NO,2026-01-08 02:26:36
CISADM,W1_PEER_SPECIFICATION,W1C277S1,NONUNIQUE,NORMAL,VALID,VISIBLE,CISTS_01,NO,2026-01-08 02:26:36
CISADM,W1_PEER_SPECIFICATION,W1C277S2,NONUNIQUE,NORMAL,VALID,VISIBLE,CISTS_01,NO,2026-01-08 02:26:37
CISADM,W1_PERMIT,W1T872P0,UNIQUE,NORMAL,VALID,VISIBLE,CISTS_01,NO,2026-01-08 02:16:16
CISADM,W1_PERMIT_ASSET_LOCATION,W1M875P0,UNIQUE,NORMAL,VALID,VISIBLE,CISTS_01,NO,2026-01-08 02:11:04
CISADM,W1_PERMIT_CHAR,W1M879P0,UNIQUE,NORMAL,VALID,VISIBLE,CISTS_01,NO,2026-01-08 02:08:10
CISADM,W1_PERMIT_CLASS,W1C869P0P0,UNIQUE,NORMAL,VALID,VISIBLE,CISTS_01,NO,2026-01-08 02:26:42
CISADM,W1_PERMIT_CLASS_CHAR,W1C870P0,UNIQUE,NORMAL,VALID,VISIBLE,CISTS_01,NO,2026-01-08 02:26:09
CISADM,W1_PERMIT_CLASS_L,W1C871P0P0,UNIQUE,NORMAL,VALID,VISIBLE,CISTS_01,NO,2026-01-08 02:26:11
CISADM,W1_PERMIT_DOCUMENT,W1M877P0,UNIQUE,NORMAL,VALID,VISIBLE,CISTS_01,NO,2026-01-08 02:10:18
CISADM,W1_PERMIT_EMPLOYEE_LOG,W1M873P0,UNIQUE,NORMAL,VALID,VISIBLE,CISTS_01,NO,2026-01-08 02:09:52
CISADM,W1_PERMIT_IDENTIFIER,W1M880P0,UNIQUE,NORMAL,VALID,VISIBLE,CISTS_01,NO,2026-01-08 02:08:09
CISADM,W1_PERMIT_K,W1T883P0,UNIQUE,IOT - TOP,VALID,VISIBLE,CISTS_01,NO,2026-01-07 21:35:32
CISADM,W1_PERMIT_LOG,W1M881P0,UNIQUE,NORMAL,VALID,VISIBLE,CISTS_01,NO,2026-01-08 02:14:43
CISADM,W1_PERMIT_LOG_PARM,W1M882P0,UNIQUE,NORMAL,VALID,VISIBLE,CISTS_01,NO,2026-01-08 02:08:37
CISADM,W1_PERMIT_NOTE,W1M878P0,UNIQUE,NORMAL,VALID,VISIBLE,CISTS_01,NO,2026-01-08 02:09:31
CISADM,W1_PERMIT_RESOURCE,W1M874P0,UNIQUE,NORMAL,VALID,VISIBLE,CISTS_01,NO,2026-01-08 02:10:09
CISADM,W1_PERMIT_TMPL,W1C872P0,UNIQUE,NORMAL,VALID,VISIBLE,CISTS_01,NO,2026-01-08 02:26:06
CISADM,W1_PERMIT_TMPL_CHAR,W1C874P0,UNIQUE,NORMAL,VALID,VISIBLE,CISTS_01,NO,2026-01-08 02:26:24
CISADM,W1_PERMIT_TMPL_CHAR,W1C874S1,NONUNIQUE,NORMAL,VALID,VISIBLE,CISTS_01,NO,2026-01-08 02:26:24
CISADM,W1_PERMIT_TMPL_CHKLST,W1C875P0,UNIQUE,NORMAL,VALID,VISIBLE,CISTS_01,NO,2026-01-08 02:26:09
CISADM,W1_PERMIT_TMPL_DOCUMENT,W1C878P0,UNIQUE,NORMAL,VALID,VISIBLE,CISTS_01,NO,2026-01-08 02:26:02
CISADM,W1_PERMIT_TMPL_L,W1C873P0,UNIQUE,NORMAL,VALID,VISIBLE,CISTS_01,NO,2026-01-08 02:25:58
CISADM,W1_PERMIT_TMPL_NOTE,W1C879P0,UNIQUE,NORMAL,VALID,VISIBLE,CISTS_01,NO,2026-01-08 02:26:19
CISADM,W1_PERMIT_TMPL_RESRC,W1C876P0,UNIQUE,NORMAL,VALID,VISIBLE,CISTS_01,NO,2026-01-08 02:26:19
CISADM,W1_PERMIT_TMPL_SVC_HIST_TYPE,W1C877P0,UNIQUE,NORMAL,VALID,VISIBLE,CISTS_01,NO,2026-01-08 02:26:10
CISADM,W1_PI_CNT_LINE,W1T329P0,UNIQUE,NORMAL,VALID,VISIBLE,CISTS_01,NO,2026-01-08 02:16:10
CISADM,W1_PI_CNT_LINE,W1T329S1,UNIQUE,NORMAL,VALID,VISIBLE,CISTS_01,NO,2026-01-08 02:16:10
CISADM,W1_PI_CNT_LINE,W1T329S2,UNIQUE,NORMAL,VALID,VISIBLE,CISTS_01,NO,2026-01-08 02:16:10
CISADM,W1_PI_CNT_LINE_CHAR,W1T330P0,UNIQUE,NORMAL,VALID,VISIBLE,CISTS_01,NO,2026-01-08 02:10:37
CISADM,W1_PI_CNT_LINE_CHAR,W1T330S1,NONUNIQUE,NORMAL,VALID,VISIBLE,CISTS_01,NO,2026-01-08 02:10:38
CISADM,W1_PI_CNT_LINE_K,W1T333P0,UNIQUE,IOT - TOP,VALID,VISIBLE,CISTS_01,NO,2026-01-07 21:35:32
CISADM,W1_PI_CNT_LINE_LOG,W1T331P0,UNIQUE,NORMAL,VALID,VISIBLE,CISTS_01,NO,2026-01-08 02:14:32
CISADM,W1_PI_CNT_LINE_LOG_PARM,W1T332P0,UNIQUE,NORMAL,VALID,VISIBLE,CISTS_01,NO,2026-01-08 02:10:29
CISADM,W1_PI_CNT_MST,W1T324P0,UNIQUE,NORMAL,VALID,VISIBLE,CISTS_01,NO,2026-01-08 02:15:57
CISADM,W1_PI_CNT_MST,W1T324S1,UNIQUE,NORMAL,VALID,VISIBLE,CISTS_01,NO,2026-01-08 02:15:57
CISADM,W1_PI_CNT_MST,W1T324S2,UNIQUE,NORMAL,VALID,VISIBLE,CISTS_01,NO,2026-01-08 02:15:57
CISADM,W1_PI_CNT_MST,W1T324S3,NONUNIQUE,NORMAL,VALID,VISIBLE,CISTS_01,NO,2026-01-08 02:15:57
CISADM,W1_PI_CNT_MST_CHAR,W1T325P0,UNIQUE,NORMAL,VALID,VISIBLE,CISTS_01,NO,2026-01-08 02:09:44
CISADM,W1_PI_CNT_MST_CHAR,W1T325S1,NONUNIQUE,NORMAL,VALID,VISIBLE,CISTS_01,NO,2026-01-08 02:09:44
CISADM,W1_PI_CNT_MST_K,W1T328P0,UNIQUE,IOT - TOP,VALID,VISIBLE,CISTS_01,NO,2026-01-07 21:35:33
CISADM,W1_PI_CNT_MST_LOG,W1T326P0,UNIQUE,NORMAL,VALID,VISIBLE,CISTS_01,NO,2026-01-08 02:16:03
CISADM,W1_PI_CNT_MST_LOG_PARM,W1T327P0,UNIQUE,NORMAL,VALID,VISIBLE,CISTS_01,NO,2026-01-08 02:13:48
CISADM,W1_PI_HEADER,W1T319P0,UNIQUE,NORMAL,VALID,VISIBLE,CISTS_01,NO,2026-01-08 02:13:52
CISADM,W1_PI_HEADER,W1T319S1,UNIQUE,NORMAL,VALID,VISIBLE,CISTS_01,NO,2026-01-08 02:13:52
CISADM,W1_PI_HEADER,W1T319S2,UNIQUE,NORMAL,VALID,VISIBLE,CISTS_01,NO,2026-01-08 02:13:52
CISADM,W1_PI_HEADER_CHAR,W1T320P0,UNIQUE,NORMAL,VALID,VISIBLE,CISTS_01,NO,2026-01-08 02:15:01
CISADM,W1_PI_HEADER_CHAR,W1T320S1,NONUNIQUE,NORMAL,VALID,VISIBLE,CISTS_01,NO,2026-01-08 02:15:01
CISADM,W1_PI_HEADER_K,W1T323P0,UNIQUE,IOT - TOP,VALID,VISIBLE,CISTS_01,NO,2026-01-07 21:35:33
CISADM,W1_PI_HEADER_LOG,W1T321P0,UNIQUE,NORMAL,VALID,VISIBLE,CISTS_01,NO,2026-01-08 02:15:59
CISADM,W1_PI_HEADER_LOG_PARM,W1T322P0,UNIQUE,NORMAL,VALID,VISIBLE,CISTS_01,NO,2026-01-08 02:13:20
CISADM,W1_PLANNER,W1C691P0,UNIQUE,NORMAL,VALID,VISIBLE,CISTS_01,NO,2026-01-08 02:26:43
CISADM,W1_PLANNER_CHAR,W1C693P0,UNIQUE,NORMAL,VALID,VISIBLE,CISTS_01,NO,2026-01-08 02:25:51
CISADM,W1_PLANNER_CHAR,W1C693S1,NONUNIQUE,NORMAL,VALID,VISIBLE,CISTS_01,NO,2026-01-08 02:25:51
CISADM,W1_PLANNER_L,W1C692P0,UNIQUE,NORMAL,VALID,VISIBLE,CISTS_01,NO,2026-01-08 02:26:15
CISADM,W1_PO_HEADER,W1T410P0,UNIQUE,NORMAL,VALID,VISIBLE,CISTS_01,NO,2026-01-08 02:09:26
CISADM,W1_PO_HEADER,W1T410S1,NONUNIQUE,NORMAL,VALID,VISIBLE,CISTS_01,NO,2026-01-08 02:09:26
CISADM,W1_PO_HEADER,W1T410S2,UNIQUE,NORMAL,VALID,VISIBLE,CISTS_01,NO,2026-01-08 02:09:26
CISADM,W1_PO_HEADER,W1T410S3,NONUNIQUE,NORMAL,VALID,VISIBLE,CISTS_01,NO,2026-01-08 02:09:26
CISADM,W1_PO_HEADER,W1T410S4,NONUNIQUE,NORMAL,VALID,VISIBLE,CISTS_01,NO,2026-01-08 02:09:26
CISADM,W1_PO_HEADER,W1T410S5,UNIQUE,NORMAL,VALID,VISIBLE,CISTS_01,NO,2026-01-08 02:09:26
CISADM,W1_PO_HEADER_CHAR,W1T413P0,UNIQUE,NORMAL,VALID,VISIBLE,CISTS_01,NO,2026-01-08 02:13:38
CISADM,W1_PO_HEADER_CHAR,W1T413S1,NONUNIQUE,NORMAL,VALID,VISIBLE,CISTS_01,NO,2026-01-08 02:13:38
CISADM,W1_PO_HEADER_COST_CENTER,W1T412P0,UNIQUE,NORMAL,VALID,VISIBLE,CISTS_01,NO,2026-01-08 02:09:20
CISADM,W1_PO_HEADER_DOCUMENT,W1T417P0,UNIQUE,NORMAL,VALID,VISIBLE,CISTS_01,NO,2026-01-08 02:11:53
CISADM,W1_PO_HEADER_IDENTIFIER,W1T525P0,UNIQUE,NORMAL,VALID,VISIBLE,CISTS_01,NO,2026-01-08 02:12:15
CISADM,W1_PO_HEADER_IDENTIFIER,W1T525S0,NONUNIQUE,NORMAL,VALID,VISIBLE,CISTS_01,NO,2026-01-08 02:12:15
CISADM,W1_PO_HEADER_IDENTIFIER,W1T525S1,NONUNIQUE,FUNCTION-BASED NORMAL,VALID,VISIBLE,CISTS_01,NO,2026-01-08 02:16:24
CISADM,W1_PO_HEADER_K,W1T411P0,UNIQUE,IOT - TOP,VALID,VISIBLE,CISTS_01,NO,2026-01-07 21:35:33
CISADM,W1_PO_HEADER_LOG,W1T414P0,UNIQUE,NORMAL,VALID,VISIBLE,CISTS_01,NO,2026-01-08 02:14:39
CISADM,W1_PO_HEADER_LOG,W1T414S1,NONUNIQUE,NORMAL,VALID,VISIBLE,CISTS_01,NO,2026-01-08 02:14:39
CISADM,W1_PO_HEADER_LOG,W1T414S2,NONUNIQUE,NORMAL,VALID,VISIBLE,CISTS_01,NO,2026-01-08 02:14:39
CISADM,W1_PO_HEADER_LOG_PARM,W1T415P0,UNIQUE,NORMAL,VALID,VISIBLE,CISTS_01,NO,2026-01-08 02:09:29
CISADM,W1_PO_HEADER_NOTE,W1T416P0,UNIQUE,NORMAL,VALID,VISIBLE,CISTS_01,NO,2026-01-08 02:09:06
CISADM,W1_PO_LINE,W1T418P0,UNIQUE,NORMAL,VALID,VISIBLE,CISTS_01,NO,2026-01-08 02:08:48
CISADM,W1_PO_LINE,W1T418S1,NONUNIQUE,NORMAL,VALID,VISIBLE,CISTS_01,NO,2026-01-08 02:08:48
CISADM,W1_PO_LINE,W1T418S2,UNIQUE,NORMAL,VALID,VISIBLE,CISTS_01,NO,2026-01-08 02:08:48
CISADM,W1_PO_LINE,W1T418S3,UNIQUE,NORMAL,VALID,VISIBLE,CISTS_01,NO,2026-01-08 02:08:48
CISADM,W1_PO_LINE,W1T418S4,UNIQUE,NORMAL,VALID,VISIBLE,CISTS_01,NO,2026-01-08 02:08:48
CISADM,W1_PO_LINE,W1T418S5,UNIQUE,NORMAL,VALID,VISIBLE,CISTS_01,NO,2026-01-08 02:08:48
CISADM,W1_PO_LINE,W1T418S6,UNIQUE,NORMAL,VALID,VISIBLE,CISTS_01,NO,2026-01-08 02:08:48
CISADM,W1_PO_LINE,W1T418S7,UNIQUE,NORMAL,VALID,VISIBLE,CISTS_01,NO,2026-01-08 02:08:48
CISADM,W1_PO_LINE,W1T418S8,UNIQUE,NORMAL,VALID,VISIBLE,CISTS_01,NO,2026-01-08 02:08:48
CISADM,W1_PO_LINE_CHAR,W1T421P0,UNIQUE,NORMAL,VALID,VISIBLE,CISTS_01,NO,2026-01-08 02:09:31
CISADM,W1_PO_LINE_CHAR,W1T421S1,NONUNIQUE,NORMAL,VALID,VISIBLE,CISTS_01,NO,2026-01-08 02:09:31
CISADM,W1_PO_LINE_COST_CENTER,W1T420P0,UNIQUE,NORMAL,VALID,VISIBLE,CISTS_01,NO,2026-01-08 02:15:21
CISADM,W1_PO_LINE_DOCUMENT,W1T427P0,UNIQUE,NORMAL,VALID,VISIBLE,CISTS_01,NO,2026-01-08 02:10:09
CISADM,W1_PO_LINE_K,W1T419P0,UNIQUE,IOT - TOP,VALID,VISIBLE,CISTS_01,NO,2026-01-07 21:35:34
CISADM,W1_PO_LINE_LOG,W1T422P0,UNIQUE,NORMAL,VALID,VISIBLE,CISTS_01,NO,2026-01-08 02:15:12
CISADM,W1_PO_LINE_LOG,W1T422S1,NONUNIQUE,NORMAL,VALID,VISIBLE,CISTS_01,NO,2026-01-08 02:15:12
CISADM,W1_PO_LINE_LOG,W1T422S2,NONUNIQUE,NORMAL,VALID,VISIBLE,CISTS_01,NO,2026-01-08 02:15:12
CISADM,W1_PO_LINE_LOG_PARM,W1T423P0,UNIQUE,NORMAL,VALID,VISIBLE,CISTS_01,NO,2026-01-08 02:14:57
CISADM,W1_PO_LINE_MFR,W1T424P0,UNIQUE,NORMAL,VALID,VISIBLE,CISTS_01,NO,2026-01-08 02:09:13
CISADM,W1_PO_LINE_NOTE,W1T426P0,UNIQUE,NORMAL,VALID,VISIBLE,CISTS_01,NO,2026-01-08 02:09:13
CISADM,W1_PO_LINE_TAX_LINE,W1T425P0,UNIQUE,NORMAL,VALID,VISIBLE,CISTS_01,NO,2026-01-08 02:15:45
CISADM,W1_PROCESS,W1M923P0,UNIQUE,NORMAL,VALID,VISIBLE,CISTS_01,NO,2026-01-08 02:09:31
CISADM,W1_PROCESS_CHAR,W1M926P0,UNIQUE,NORMAL,VALID,VISIBLE,CISTS_01,NO,2026-01-08 02:12:06
CISADM,W1_PROCESS_DOCUMENT,W1M930P0,UNIQUE,NORMAL,VALID,VISIBLE,CISTS_01,NO,2026-01-08 02:11:06
CISADM,W1_PROCESS_IDENTIFIER,W1M927P0,UNIQUE,NORMAL,VALID,VISIBLE,CISTS_01,NO,2026-01-08 02:09:27
CISADM,W1_PROCESS_K,W1M924P0,UNIQUE,IOT - TOP,VALID,VISIBLE,CISTS_01,NO,2026-01-07 21:35:34
CISADM,W1_PROCESS_LOC,W1M925P0,UNIQUE,NORMAL,VALID,VISIBLE,CISTS_01,NO,2026-01-08 02:15:49
CISADM,W1_PROCESS_LOG,W1M928P0,UNIQUE,NORMAL,VALID,VISIBLE,CISTS_01,NO,2026-01-08 02:11:40
CISADM,W1_PROCESS_LOG_PARM,W1M929P0,UNIQUE,NORMAL,VALID,VISIBLE,CISTS_01,NO,2026-01-08 02:11:02
CISADM,W1_PROCESS_TYPE,W1C920P0,UNIQUE,NORMAL,VALID,VISIBLE,CISTS_01,NO,2026-01-08 02:26:29
CISADM,W1_PROCESS_TYPE_CHAR,W1C921P0,UNIQUE,NORMAL,VALID,VISIBLE,CISTS_01,NO,2026-01-08 02:26:28
CISADM,W1_PROCESS_TYPE_L,W1C922P0,UNIQUE,NORMAL,VALID,VISIBLE,CISTS_01,NO,2026-01-08 02:25:56
CISADM,W1_PROJECT,W1M601P0,UNIQUE,NORMAL,VALID,VISIBLE,CISTS_01,NO,2026-01-08 02:15:43
CISADM,W1_PROJECT,W1M601S1,UNIQUE,NORMAL,VALID,VISIBLE,CISTS_01,NO,2026-01-08 02:15:43
CISADM,W1_PROJECT,W1M601S10,NONUNIQUE,NORMAL,VALID,VISIBLE,CISTS_01,NO,2026-01-08 02:15:43
CISADM,W1_PROJECT,W1M601S11,NONUNIQUE,NORMAL,VALID,VISIBLE,CISTS_01,NO,2026-01-08 02:15:43
CISADM,W1_PROJECT,W1M601S12,NONUNIQUE,NORMAL,VALID,VISIBLE,CISTS_01,NO,2026-01-08 02:15:42
CISADM,W1_PROJECT,W1M601S2,NONUNIQUE,NORMAL,VALID,VISIBLE,CISTS_01,NO,2026-01-08 02:15:42
CISADM,W1_PROJECT,W1M601S3,NONUNIQUE,NORMAL,VALID,VISIBLE,CISTS_01,NO,2026-01-08 02:15:43
CISADM,W1_PROJECT,W1M601S4,NONUNIQUE,NORMAL,VALID,VISIBLE,CISTS_01,NO,2026-01-08 02:15:42
CISADM,W1_PROJECT,W1M601S5,NONUNIQUE,NORMAL,VALID,VISIBLE,CISTS_01,NO,2026-01-08 02:15:43
CISADM,W1_PROJECT,W1M601S6,NONUNIQUE,NORMAL,VALID,VISIBLE,CISTS_01,NO,2026-01-08 02:15:43
CISADM,W1_PROJECT,W1M601S7,NONUNIQUE,NORMAL,VALID,VISIBLE,CISTS_01,NO,2026-01-08 02:15:43
CISADM,W1_PROJECT,W1M601S8,NONUNIQUE,NORMAL,VALID,VISIBLE,CISTS_01,NO,2026-01-08 02:15:43
CISADM,W1_PROJECT,W1M601S9,NONUNIQUE,NORMAL,VALID,VISIBLE,CISTS_01,NO,2026-01-08 02:15:42
CISADM,W1_PROJECT_CATEGORY,W1C631P0,UNIQUE,NORMAL,VALID,VISIBLE,CISTS_01,NO,2026-01-08 02:26:01
CISADM,W1_PROJECT_CATEGORY_CHAR,W1C633P0,UNIQUE,NORMAL,VALID,VISIBLE,CISTS_01,NO,2026-01-08 02:26:40
CISADM,W1_PROJECT_CATEGORY_CHAR,W1C633S1,NONUNIQUE,NORMAL,VALID,VISIBLE,CISTS_01,NO,2026-01-08 02:26:40
CISADM,W1_PROJECT_CATEGORY_L,W1C632P0,UNIQUE,NORMAL,VALID,VISIBLE,CISTS_01,NO,2026-01-08 02:25:49
CISADM,W1_PROJECT_CATEGORY_LOG,W1C963P0,UNIQUE,NORMAL,VALID,VISIBLE,CISTS_01,NO,2026-01-08 02:25:54
CISADM,W1_PROJECT_CATEGORY_LOG_PARM,W1C964P0,UNIQUE,NORMAL,VALID,VISIBLE,CISTS_01,NO,2026-01-08 02:26:34
CISADM,W1_PROJECT_CHAR,W1M604P0,UNIQUE,NORMAL,VALID,VISIBLE,CISTS_01,NO,2026-01-08 02:11:09
CISADM,W1_PROJECT_CHAR,W1M604S1,NONUNIQUE,NORMAL,VALID,VISIBLE,CISTS_01,NO,2026-01-08 02:11:09
CISADM,W1_PROJECT_COST_CENTER,W1M602P0,UNIQUE,NORMAL,VALID,VISIBLE,CISTS_01,NO,2026-01-08 02:15:20
CISADM,W1_PROJECT_DOCUMENT,W1M608P0,UNIQUE,NORMAL,VALID,VISIBLE,CISTS_01,NO,2026-01-08 02:14:46
CISADM,W1_PROJECT_IDENTIFIER,W1M603P0,UNIQUE,NORMAL,VALID,VISIBLE,CISTS_01,NO,2026-01-08 02:10:01
CISADM,W1_PROJECT_IDENTIFIER,W1M603S0,NONUNIQUE,NORMAL,VALID,VISIBLE,CISTS_01,NO,2026-01-08 02:10:01
CISADM,W1_PROJECT_IDENTIFIER,W1M603S1,NONUNIQUE,FUNCTION-BASED NORMAL,VALID,VISIBLE,CISTS_01,NO,2026-01-08 02:16:27
CISADM,W1_PROJECT_K,W1M609P0,UNIQUE,IOT - TOP,VALID,VISIBLE,CISTS_01,NO,2026-01-07 21:35:35
CISADM,W1_PROJECT_LOG,W1M605P0,UNIQUE,NORMAL,VALID,VISIBLE,CISTS_01,NO,2026-01-08 02:14:04
CISADM,W1_PROJECT_LOG,W1M605S1,NONUNIQUE,NORMAL,VALID,VISIBLE,CISTS_01,NO,2026-01-08 02:14:04
CISADM,W1_PROJECT_LOG,W1M605S2,NONUNIQUE,NORMAL,VALID,VISIBLE,CISTS_01,NO,2026-01-08 02:14:04
CISADM,W1_PROJECT_LOG_PARM,W1M606P0,UNIQUE,NORMAL,VALID,VISIBLE,CISTS_01,NO,2026-01-08 02:08:56
CISADM,W1_PROJECT_NOTE,W1M607P0,UNIQUE,NORMAL,VALID,VISIBLE,CISTS_01,NO,2026-01-08 02:11:32
CISADM,W1_PROPERTY_UNIT,W1C739P0,UNIQUE,NORMAL,VALID,VISIBLE,CISTS_01,NO,2026-01-08 02:26:34
CISADM,W1_PROPERTY_UNIT_CHAR,W1T741P0,UNIQUE,NORMAL,VALID,VISIBLE,CISTS_01,NO,2026-01-08 02:26:30
CISADM,W1_PROPERTY_UNIT_CHAR,W1T741S1,NONUNIQUE,NORMAL,VALID,VISIBLE,CISTS_01,NO,2026-01-08 02:26:30
CISADM,W1_PROPERTY_UNIT_L,W1C740P0,UNIQUE,NORMAL,VALID,VISIBLE,CISTS_01,NO,2026-01-08 02:26:06
CISADM,W1_PR_HDR,W1T434P0,UNIQUE,NORMAL,VALID,VISIBLE,CISTS_01,NO,2026-01-08 02:09:51
CISADM,W1_PR_HDR,W1T434S1,UNIQUE,NORMAL,VALID,VISIBLE,CISTS_01,NO,2026-01-08 02:09:52
CISADM,W1_PR_HDR,W1T434S2,NONUNIQUE,NORMAL,VALID,VISIBLE,CISTS_01,NO,2026-01-08 02:09:49
CISADM,W1_PR_HDR,W1T434S3,NONUNIQUE,NORMAL,VALID,VISIBLE,CISTS_01,NO,2026-01-08 02:09:49
CISADM,W1_PR_HDR,W1T434S4,NONUNIQUE,NORMAL,VALID,VISIBLE,CISTS_01,NO,2026-01-08 02:09:50
CISADM,W1_PR_HDR,W1T434S5,UNIQUE,NORMAL,VALID,VISIBLE,CISTS_01,NO,2026-01-08 02:09:50
CISADM,W1_PR_HDR_CHAR,W1T437P0,UNIQUE,NORMAL,VALID,VISIBLE,CISTS_01,NO,2026-01-08 02:09:06
CISADM,W1_PR_HDR_CHAR,W1T437S1,NONUNIQUE,NORMAL,VALID,VISIBLE,CISTS_01,NO,2026-01-08 02:09:06
CISADM,W1_PR_HDR_COST_CTR,W1T442P0,UNIQUE,NORMAL,VALID,VISIBLE,CISTS_01,NO,2026-01-08 02:14:38
CISADM,W1_PR_HDR_DOCUMENT,W1T441P0,UNIQUE,NORMAL,VALID,VISIBLE,CISTS_01,NO,2026-01-08 02:12:40
CISADM,W1_PR_HDR_IDENTIFIER,W1T436P0,UNIQUE,NORMAL,VALID,VISIBLE,CISTS_01,NO,2026-01-08 02:12:55
CISADM,W1_PR_HDR_IDENTIFIER,W1T436S1,NONUNIQUE,NORMAL,VALID,VISIBLE,CISTS_01,NO,2026-01-08 02:12:55
CISADM,W1_PR_HDR_IDENTIFIER,W1T436S2,NONUNIQUE,FUNCTION-BASED NORMAL,VALID,VISIBLE,CISTS_01,NO,2026-01-08 02:16:42
CISADM,W1_PR_HDR_K,W1T435P0,UNIQUE,IOT - TOP,VALID,VISIBLE,CISTS_01,NO,2026-01-07 21:35:35
CISADM,W1_PR_HDR_LOG,W1T438P0,UNIQUE,NORMAL,VALID,VISIBLE,CISTS_01,NO,2026-01-08 02:12:32
CISADM,W1_PR_HDR_LOG_PARM,W1T439P0,UNIQUE,NORMAL,VALID,VISIBLE,CISTS_01,NO,2026-01-08 02:09:00
CISADM,W1_PR_HDR_NOTE,W1T440P0,UNIQUE,NORMAL,VALID,VISIBLE,CISTS_01,NO,2026-01-08 02:09:28
CISADM,W1_PR_LINE,W1T443P0,UNIQUE,NORMAL,VALID,VISIBLE,CISTS_01,NO,2026-01-08 02:09:26
CISADM,W1_PR_LINE,W1T443S1,UNIQUE,NORMAL,VALID,VISIBLE,CISTS_01,NO,2026-01-08 02:09:25
CISADM,W1_PR_LINE,W1T443S2,UNIQUE,NORMAL,VALID,VISIBLE,CISTS_01,NO,2026-01-08 02:09:26
CISADM,W1_PR_LINE,W1T443S3,UNIQUE,NORMAL,VALID,VISIBLE,CISTS_01,NO,2026-01-08 02:09:26
CISADM,W1_PR_LINE_CHAR,W1T446P0,UNIQUE,NORMAL,VALID,VISIBLE,CISTS_01,NO,2026-01-08 02:11:01
CISADM,W1_PR_LINE_CHAR,W1T446S1,NONUNIQUE,NORMAL,VALID,VISIBLE,CISTS_01,NO,2026-01-08 02:11:01
CISADM,W1_PR_LINE_COST,W1T445P0,UNIQUE,NORMAL,VALID,VISIBLE,CISTS_01,NO,2026-01-08 02:09:41
CISADM,W1_PR_LINE_DOCUMENT,W1T452P0,UNIQUE,NORMAL,VALID,VISIBLE,CISTS_01,NO,2026-01-08 02:09:18
CISADM,W1_PR_LINE_K,W1T444P0,UNIQUE,IOT - TOP,VALID,VISIBLE,CISTS_01,NO,2026-01-07 21:35:35
CISADM,W1_PR_LINE_LOG,W1T447P0,UNIQUE,NORMAL,VALID,VISIBLE,CISTS_01,NO,2026-01-08 02:09:37
CISADM,W1_PR_LINE_LOG_PARM,W1T448P0,UNIQUE,NORMAL,VALID,VISIBLE,CISTS_01,NO,2026-01-08 02:10:50
CISADM,W1_PR_LINE_MFR,W1T449P0,UNIQUE,NORMAL,VALID,VISIBLE,CISTS_01,NO,2026-01-08 02:10:23
CISADM,W1_PR_LINE_NOTE,W1T451P0,UNIQUE,NORMAL,VALID,VISIBLE,CISTS_01,NO,2026-01-08 02:12:31
CISADM,W1_PR_LINE_TXLN,W1T450P0,UNIQUE,NORMAL,VALID,VISIBLE,CISTS_01,NO,2026-01-08 02:09:15
CISADM,W1_PURCHASE_CMDTY,W1C588P0,UNIQUE,NORMAL,VALID,VISIBLE,CISTS_01,NO,2026-01-08 02:25:50
CISADM,W1_PURCHASE_CMDTY_CHAR,W1C590P0,UNIQUE,NORMAL,VALID,VISIBLE,CISTS_01,NO,2026-01-08 02:26:01
CISADM,W1_PURCHASE_CMDTY_CHAR,W1C590S1,NONUNIQUE,NORMAL,VALID,VISIBLE,CISTS_01,NO,2026-01-08 02:26:02
CISADM,W1_PURCHASE_CMDTY_L,W1C589P0,UNIQUE,NORMAL,VALID,VISIBLE,CISTS_01,NO,2026-01-08 02:26:15
CISADM,W1_QUESTION,W1C513P0,UNIQUE,NORMAL,VALID,VISIBLE,CISTS_01,NO,2026-01-08 02:26:42
CISADM,W1_QUESTION_ANSWER,W1C515P0,UNIQUE,NORMAL,VALID,VISIBLE,CISTS_01,NO,2026-01-08 02:26:38
CISADM,W1_QUESTION_ANSWER_L,W1C516P0,UNIQUE,NORMAL,VALID,VISIBLE,CISTS_01,NO,2026-01-08 02:26:38
CISADM,W1_QUESTION_L,W1C514P0,UNIQUE,NORMAL,VALID,VISIBLE,CISTS_01,NO,2026-01-08 02:26:12
CISADM,W1_RCPT_HDR,W1T460P0,UNIQUE,NORMAL,VALID,VISIBLE,CISTS_01,NO,2026-01-08 02:09:20
CISADM,W1_RCPT_HDR,W1T460S1,UNIQUE,NORMAL,VALID,VISIBLE,CISTS_01,NO,2026-01-08 02:09:21
CISADM,W1_RCPT_HDR,W1T460S2,NONUNIQUE,NORMAL,VALID,VISIBLE,CISTS_01,NO,2026-01-08 02:09:21
CISADM,W1_RCPT_HDR,W1T460S3,UNIQUE,NORMAL,VALID,VISIBLE,CISTS_01,NO,2026-01-08 02:09:21
CISADM,W1_RCPT_HDR_CHAR,W1T464P0,UNIQUE,NORMAL,VALID,VISIBLE,CISTS_01,NO,2026-01-08 02:12:48
CISADM,W1_RCPT_HDR_CHAR,W1T464S1,NONUNIQUE,NORMAL,VALID,VISIBLE,CISTS_01,NO,2026-01-08 02:12:48
CISADM,W1_RCPT_HDR_DOCUMENT,W1T463P0,UNIQUE,NORMAL,VALID,VISIBLE,CISTS_01,NO,2026-01-08 02:09:31
CISADM,W1_RCPT_HDR_IDENTIFIER,W1T462P0,UNIQUE,NORMAL,VALID,VISIBLE,CISTS_01,NO,2026-01-08 02:09:01
CISADM,W1_RCPT_HDR_IDENTIFIER,W1T462S0,NONUNIQUE,NORMAL,VALID,VISIBLE,CISTS_01,NO,2026-01-08 02:09:01
CISADM,W1_RCPT_HDR_IDENTIFIER,W1T462S1,NONUNIQUE,FUNCTION-BASED NORMAL,VALID,VISIBLE,CISTS_01,NO,2026-01-08 02:16:28
CISADM,W1_RCPT_HDR_K,W1T467P0,UNIQUE,IOT - TOP,VALID,VISIBLE,CISTS_01,NO,2026-01-07 21:35:36
CISADM,W1_RCPT_HDR_LOG,W1T465P0,UNIQUE,NORMAL,VALID,VISIBLE,CISTS_01,NO,2026-01-08 02:09:28
CISADM,W1_RCPT_HDR_LOG,W1T465S1,NONUNIQUE,NORMAL,VALID,VISIBLE,CISTS_01,NO,2026-01-08 02:09:28
CISADM,W1_RCPT_HDR_LOG,W1T465S2,NONUNIQUE,NORMAL,VALID,VISIBLE,CISTS_01,NO,2026-01-08 02:09:28
CISADM,W1_RCPT_HDR_LOG_PARM,W1T466P0,UNIQUE,NORMAL,VALID,VISIBLE,CISTS_01,NO,2026-01-08 02:08:10
CISADM,W1_RCPT_HDR_NOTE,W1T461P0,UNIQUE,NORMAL,VALID,VISIBLE,CISTS_01,NO,2026-01-08 02:08:09
CISADM,W1_RCPT_LINE,W1T468P0,UNIQUE,NORMAL,VALID,VISIBLE,CISTS_01,NO,2026-01-08 02:13:52
CISADM,W1_RCPT_LINE,W1T468S1,UNIQUE,NORMAL,VALID,VISIBLE,CISTS_01,NO,2026-01-08 02:13:52
CISADM,W1_RCPT_LINE,W1T468S2,UNIQUE,NORMAL,VALID,VISIBLE,CISTS_01,NO,2026-01-08 02:13:51
CISADM,W1_RCPT_LINE,W1T468S3,UNIQUE,NORMAL,VALID,VISIBLE,CISTS_01,NO,2026-01-08 02:13:52
CISADM,W1_RCPT_LINE_CHAR,W1T469P0,UNIQUE,NORMAL,VALID,VISIBLE,CISTS_01,NO,2026-01-08 02:09:15
CISADM,W1_RCPT_LINE_CHAR,W1T469S1,NONUNIQUE,NORMAL,VALID,VISIBLE,CISTS_01,NO,2026-01-08 02:09:15
CISADM,W1_RCPT_LINE_DOCUMENT,W1T473P0,UNIQUE,NORMAL,VALID,VISIBLE,CISTS_01,NO,2026-01-08 02:11:15
CISADM,W1_RCPT_LINE_K,W1T474P0,UNIQUE,IOT - TOP,VALID,VISIBLE,CISTS_01,NO,2026-01-07 21:35:36
CISADM,W1_RCPT_LINE_LOG,W1T470P0,UNIQUE,NORMAL,VALID,VISIBLE,CISTS_01,NO,2026-01-08 02:11:09
CISADM,W1_RCPT_LINE_LOG,W1T470S1,NONUNIQUE,NORMAL,VALID,VISIBLE,CISTS_01,NO,2026-01-08 02:11:09
CISADM,W1_RCPT_LINE_LOG,W1T470S2,NONUNIQUE,NORMAL,VALID,VISIBLE,CISTS_01,NO,2026-01-08 02:11:09
CISADM,W1_RCPT_LINE_LOG_PARM,W1T471P0,UNIQUE,NORMAL,VALID,VISIBLE,CISTS_01,NO,2026-01-08 02:12:59
CISADM,W1_RCPT_LINE_NOTE,W1T472P0,UNIQUE,NORMAL,VALID,VISIBLE,CISTS_01,NO,2026-01-08 02:14:21
CISADM,W1_RCPT_LINE_SHIP_DEFICIENCY,W1T916P0,UNIQUE,NORMAL,VALID,VISIBLE,CISTS_01,NO,2026-01-08 02:13:38
CISADM,W1_REPORT_QUEUE,W1M707P0,UNIQUE,NORMAL,VALID,VISIBLE,CISTS_01,NO,2026-01-08 02:09:07
CISADM,W1_RESRC_TYPE,W1M555P0,UNIQUE,NORMAL,VALID,VISIBLE,CISTS_01,NO,2026-01-08 02:08:47
CISADM,W1_RESRC_TYPE,W1M555S1,UNIQUE,NORMAL,VALID,VISIBLE,CISTS_01,NO,2026-01-08 02:08:47
CISADM,W1_RESRC_TYPE_ALT,W1M563P0,UNIQUE,NORMAL,VALID,VISIBLE,CISTS_01,NO,2026-01-08 02:12:45
CISADM,W1_RESRC_TYPE_CHAR,W1M557P0,UNIQUE,NORMAL,VALID,VISIBLE,CISTS_01,NO,2026-01-08 02:12:30
CISADM,W1_RESRC_TYPE_CHAR,W1M557S1,NONUNIQUE,NORMAL,VALID,VISIBLE,CISTS_01,NO,2026-01-08 02:12:31
CISADM,W1_RESRC_TYPE_DOCUMENT,W1M567P0,UNIQUE,NORMAL,VALID,VISIBLE,CISTS_01,NO,2026-01-08 02:09:05
CISADM,W1_RESRC_TYPE_IDENTIFIER,W1M558P0,UNIQUE,NORMAL,VALID,VISIBLE,CISTS_01,NO,2026-01-08 02:09:16
CISADM,W1_RESRC_TYPE_IDENTIFIER,W1M558S0,NONUNIQUE,NORMAL,VALID,VISIBLE,CISTS_01,NO,2026-01-08 02:09:16
CISADM,W1_RESRC_TYPE_IDENTIFIER,W1M558S1,NONUNIQUE,FUNCTION-BASED NORMAL,VALID,VISIBLE,CISTS_01,NO,2026-01-08 02:16:38
CISADM,W1_RESRC_TYPE_K,W1M561P0,UNIQUE,IOT - TOP,VALID,VISIBLE,CISTS_01,NO,2026-01-07 21:35:37
CISADM,W1_RESRC_TYPE_L,W1M556P0,UNIQUE,NORMAL,VALID,VISIBLE,CISTS_01,NO,2026-01-08 02:09:07
CISADM,W1_RESRC_TYPE_LOG,W1M559P0,UNIQUE,NORMAL,VALID,VISIBLE,CISTS_01,NO,2026-01-08 02:13:37
CISADM,W1_RESRC_TYPE_LOG,W1M559S1,NONUNIQUE,NORMAL,VALID,VISIBLE,CISTS_01,NO,2026-01-08 02:13:37
CISADM,W1_RESRC_TYPE_LOG,W1M559S2,NONUNIQUE,NORMAL,VALID,VISIBLE,CISTS_01,NO,2026-01-08 02:13:36
CISADM,W1_RESRC_TYPE_LOG_PARM,W1M560P0,UNIQUE,NORMAL,VALID,VISIBLE,CISTS_01,NO,2026-01-08 02:15:06
CISADM,W1_RESRC_TYPE_MFR,W1M565P0,UNIQUE,NORMAL,VALID,VISIBLE,CISTS_01,NO,2026-01-08 02:11:09
CISADM,W1_RESRC_TYPE_NOTE,W1M566P0,UNIQUE,NORMAL,VALID,VISIBLE,CISTS_01,NO,2026-01-08 02:12:30
CISADM,W1_RESRC_TYPE_UNIT_PRICE,W1M562P0,UNIQUE,NORMAL,VALID,VISIBLE,CISTS_01,NO,2026-01-08 02:09:07
CISADM,W1_RESRC_TYPE_VENDOR_LOC,W1M564P0,UNIQUE,NORMAL,VALID,VISIBLE,CISTS_01,NO,2026-01-08 02:15:16
CISADM,W1_RESRC_UOM,W1C561P0,UNIQUE,NORMAL,VALID,VISIBLE,CISTS_01,NO,2026-01-08 02:25:57
CISADM,W1_RESRC_UOM_CHAR,W1C563P0,UNIQUE,NORMAL,VALID,VISIBLE,CISTS_01,NO,2026-01-08 02:26:03
CISADM,W1_RESRC_UOM_CHAR,W1C563S1,NONUNIQUE,NORMAL,VALID,VISIBLE,CISTS_01,NO,2026-01-08 02:26:03
CISADM,W1_RESRC_UOM_L,W1C562P0,UNIQUE,NORMAL,VALID,VISIBLE,CISTS_01,NO,2026-01-08 02:26:41
CISADM,W1_RR,W1T405P0,UNIQUE,NORMAL,VALID,VISIBLE,CISTS_01,NO,2026-01-08 02:13:41
CISADM,W1_RR,W1T405S1,UNIQUE,NORMAL,VALID,VISIBLE,CISTS_01,NO,2026-01-08 02:13:41
CISADM,W1_RR_CHAR,W1T406P0,UNIQUE,NORMAL,VALID,VISIBLE,CISTS_01,NO,2026-01-08 02:10:36
CISADM,W1_RR_CHAR,W1T406S1,NONUNIQUE,NORMAL,VALID,VISIBLE,CISTS_01,NO,2026-01-08 02:10:36
CISADM,W1_RR_K,W1T409P0,UNIQUE,IOT - TOP,VALID,VISIBLE,CISTS_01,NO,2026-01-07 21:35:37
CISADM,W1_RR_LOG,W1T407P0,UNIQUE,NORMAL,VALID,VISIBLE,CISTS_01,NO,2026-01-08 02:10:18
CISADM,W1_RR_LOG,W1T407S1,NONUNIQUE,NORMAL,VALID,VISIBLE,CISTS_01,NO,2026-01-08 02:10:18
CISADM,W1_RR_LOG,W1T407S2,NONUNIQUE,NORMAL,VALID,VISIBLE,CISTS_01,NO,2026-01-08 02:10:18
CISADM,W1_RR_LOG_PARM,W1T408P0,UNIQUE,NORMAL,VALID,VISIBLE,CISTS_01,NO,2026-01-08 02:10:48
CISADM,W1_RTN_LINE,W1T483P0,UNIQUE,NORMAL,VALID,VISIBLE,CISTS_01,NO,2026-01-08 02:09:15
CISADM,W1_RTN_LINE,W1T483S1,UNIQUE,NORMAL,VALID,VISIBLE,CISTS_01,NO,2026-01-08 02:09:14
CISADM,W1_RTN_LINE,W1T483S2,UNIQUE,NORMAL,VALID,VISIBLE,CISTS_01,NO,2026-01-08 02:09:14
CISADM,W1_RTN_LINE,W1T483S3,UNIQUE,NORMAL,VALID,VISIBLE,CISTS_01,NO,2026-01-08 02:09:15
CISADM,W1_RTN_LINE,W1T483S4,NONUNIQUE,NORMAL,VALID,VISIBLE,CISTS_01,NO,2026-01-08 02:09:14
CISADM,W1_RTN_LINE,W1T483S5,NONUNIQUE,NORMAL,VALID,VISIBLE,CISTS_01,NO,2026-01-08 02:09:15
CISADM,W1_RTN_LINE,W1T483S6,NONUNIQUE,NORMAL,VALID,VISIBLE,CISTS_01,NO,2026-01-08 02:09:15
CISADM,W1_RTN_LINE_ASSET,W1T484P0,UNIQUE,NORMAL,VALID,VISIBLE,CISTS_01,NO,2026-01-08 02:16:03
CISADM,W1_RTN_LINE_CHAR,W1T486P0,UNIQUE,NORMAL,VALID,VISIBLE,CISTS_01,NO,2026-01-08 02:15:22
CISADM,W1_RTN_LINE_CHAR,W1T486S1,NONUNIQUE,NORMAL,VALID,VISIBLE,CISTS_01,NO,2026-01-08 02:15:22
CISADM,W1_RTN_LINE_K,W1T489P0,UNIQUE,IOT - TOP,VALID,VISIBLE,CISTS_01,NO,2026-01-07 21:35:38
CISADM,W1_RTN_LINE_LOG,W1T487P0,UNIQUE,NORMAL,VALID,VISIBLE,CISTS_01,NO,2026-01-08 02:13:53
CISADM,W1_RTN_LINE_LOG,W1T487S1,NONUNIQUE,NORMAL,VALID,VISIBLE,CISTS_01,NO,2026-01-08 02:13:53
CISADM,W1_RTN_LINE_LOG,W1T487S2,NONUNIQUE,NORMAL,VALID,VISIBLE,CISTS_01,NO,2026-01-08 02:13:54
CISADM,W1_RTN_LINE_LOG_PARM,W1T488P0,UNIQUE,NORMAL,VALID,VISIBLE,CISTS_01,NO,2026-01-08 02:15:17
CISADM,W1_RTN_LINE_LOT,W1T485P0,UNIQUE,NORMAL,VALID,VISIBLE,CISTS_01,NO,2026-01-08 02:15:42
CISADM,W1_SERVICE_AREA,W1C535P0,UNIQUE,NORMAL,VALID,VISIBLE,CISTS_01,NO,2026-01-08 02:26:00
CISADM,W1_SERVICE_AREA_CHAR,W1C537P0,UNIQUE,NORMAL,VALID,VISIBLE,CISTS_01,NO,2026-01-08 02:26:36
CISADM,W1_SERVICE_AREA_CHAR,W1C537S1,NONUNIQUE,NORMAL,VALID,VISIBLE,CISTS_01,NO,2026-01-08 02:26:36
CISADM,W1_SERVICE_AREA_L,W1C536P0,UNIQUE,NORMAL,VALID,VISIBLE,CISTS_01,NO,2026-01-08 02:26:14
CISADM,W1_SERVICE_CALL_CATEGORY,W1C850P0,UNIQUE,NORMAL,VALID,VISIBLE,CISTS_01,NO,2026-01-08 02:26:34
CISADM,W1_SERVICE_CALL_CATEGORY_CHAR,W1C852P0,UNIQUE,NORMAL,VALID,VISIBLE,CISTS_01,NO,2026-01-08 02:26:44
CISADM,W1_SERVICE_CALL_CATEGORY_L,W1C851P0,UNIQUE,NORMAL,VALID,VISIBLE,CISTS_01,NO,2026-01-08 02:26:32
CISADM,W1_SERVICE_CLASS,W1C532P0,UNIQUE,NORMAL,VALID,VISIBLE,CISTS_01,NO,2026-01-08 02:25:57
CISADM,W1_SERVICE_CLASS_CHAR,W1C534P0,UNIQUE,NORMAL,VALID,VISIBLE,CISTS_01,NO,2026-01-08 02:26:14
CISADM,W1_SERVICE_CLASS_CHAR,W1C534S1,NONUNIQUE,NORMAL,VALID,VISIBLE,CISTS_01,NO,2026-01-08 02:26:13
CISADM,W1_SERVICE_CLASS_L,W1C533P0,UNIQUE,NORMAL,VALID,VISIBLE,CISTS_01,NO,2026-01-08 02:26:44
CISADM,W1_SERVICE_CODE,W1C847P0,UNIQUE,NORMAL,VALID,VISIBLE,CISTS_01,NO,2026-01-08 02:26:45
CISADM,W1_SERVICE_CODE_CHAR,W1C849P0,UNIQUE,NORMAL,VALID,VISIBLE,CISTS_01,NO,2026-01-08 02:26:21
CISADM,W1_SERVICE_CODE_L,W1C848P0,UNIQUE,NORMAL,VALID,VISIBLE,CISTS_01,NO,2026-01-08 02:25:56
CISADM,W1_SHAPE,W1M587P0,UNIQUE,NORMAL,VALID,VISIBLE,CISTS_01,NO,2026-01-08 02:26:20
CISADM,W1_SHAPE_L,W1M588P0,UNIQUE,NORMAL,VALID,VISIBLE,CISTS_01,NO,2026-01-08 02:26:03
CISADM,W1_SHIFT_WEEKLY_TMPL,W1T286P0,UNIQUE,NORMAL,VALID,VISIBLE,CISTS_01,NO,2026-01-08 02:08:37
CISADM,W1_SHIFT_WEEKLY_TMPL,W1T286S1,UNIQUE,NORMAL,VALID,VISIBLE,CISTS_01,NO,2026-01-08 02:08:37
CISADM,W1_SHIFT_WEEKLY_TMPL,W1T286S2,NONUNIQUE,NORMAL,VALID,VISIBLE,CISTS_01,NO,2026-01-08 02:08:37
CISADM,W1_SHIFT_WEEKLY_TMPL,W1T286S3,NONUNIQUE,NORMAL,VALID,VISIBLE,CISTS_01,NO,2026-01-08 02:08:37
CISADM,W1_SHIFT_WEEKLY_TMPL_CHAR,W1T287P0,UNIQUE,NORMAL,VALID,VISIBLE,CISTS_01,NO,2026-01-08 02:09:57
CISADM,W1_SHIFT_WEEKLY_TMPL_CHAR,W1T287S1,NONUNIQUE,NORMAL,VALID,VISIBLE,CISTS_01,NO,2026-01-08 02:09:57
CISADM,W1_SHIFT_WEEKLY_TMPL_K,W1T290P0,UNIQUE,IOT - TOP,VALID,VISIBLE,CISTS_01,NO,2026-01-07 21:35:38
CISADM,W1_SHIFT_WEEKLY_TMPL_LOG,W1T288P0,UNIQUE,NORMAL,VALID,VISIBLE,CISTS_01,NO,2026-01-08 02:16:10
CISADM,W1_SHIFT_WEEKLY_TMPL_LOG,W1T288S1,NONUNIQUE,NORMAL,VALID,VISIBLE,CISTS_01,NO,2026-01-08 02:16:10
CISADM,W1_SHIFT_WEEKLY_TMPL_LOG,W1T288S2,NONUNIQUE,NORMAL,VALID,VISIBLE,CISTS_01,NO,2026-01-08 02:16:10
CISADM,W1_SHIFT_WEEKLY_TMPL_LOG_PARM,W1T289P0,UNIQUE,NORMAL,VALID,VISIBLE,CISTS_01,NO,2026-01-08 02:14:43
CISADM,W1_SHIPPING_LINE,W1T911P0,UNIQUE,NORMAL,VALID,VISIBLE,CISTS_01,NO,2026-01-08 02:08:45
CISADM,W1_SHIPPING_LINE,W1T911S1,UNIQUE,NORMAL,VALID,VISIBLE,CISTS_01,NO,2026-01-08 02:08:45
CISADM,W1_SHIPPING_LINE,W1T911S2,NONUNIQUE,NORMAL,VALID,VISIBLE,CISTS_01,NO,2026-01-08 02:08:45
CISADM,W1_SHIPPING_LINE,W1T911S3,NONUNIQUE,NORMAL,VALID,VISIBLE,CISTS_01,NO,2026-01-08 02:08:45
CISADM,W1_SHIPPING_LINE,W1T911S4,NONUNIQUE,NORMAL,VALID,VISIBLE,CISTS_01,NO,2026-01-08 02:08:45
CISADM,W1_SHIPPING_LINE,W1T911S5,NONUNIQUE,NORMAL,VALID,VISIBLE,CISTS_01,NO,2026-01-08 02:08:45
CISADM,W1_SHIPPING_LINE,W1T911S6,UNIQUE,NORMAL,VALID,VISIBLE,CISTS_01,NO,2026-01-08 02:08:45
CISADM,W1_SHIPPING_LINE_ASSET,W1T913P0,UNIQUE,NORMAL,VALID,VISIBLE,CISTS_01,NO,2026-01-08 02:10:36
CISADM,W1_SHIPPING_LINE_ASSET,W1T913S1,NONUNIQUE,NORMAL,VALID,VISIBLE,CISTS_01,NO,2026-01-08 02:10:36
CISADM,W1_SHIPPING_LINE_ASSET,W1T913S2,NONUNIQUE,NORMAL,VALID,VISIBLE,CISTS_01,NO,2026-01-08 02:10:35
CISADM,W1_SHIPPING_LINE_CHAR,W1T914P0,UNIQUE,NORMAL,VALID,VISIBLE,CISTS_01,NO,2026-01-08 02:11:13
CISADM,W1_SHIPPING_LINE_CHAR,W1T914S1,NONUNIQUE,NORMAL,VALID,VISIBLE,CISTS_01,NO,2026-01-08 02:11:13
CISADM,W1_SHIPPING_LINE_K,W1T915P0,UNIQUE,IOT - TOP,VALID,VISIBLE,CISTS_01,NO,2026-01-07 21:35:39
CISADM,W1_SHIPPING_LINE_LOT,W1T912P0,UNIQUE,NORMAL,VALID,VISIBLE,CISTS_01,NO,2026-01-08 02:09:11
CISADM,W1_SHIPPING_LINE_LOT,W1T912S1,NONUNIQUE,NORMAL,VALID,VISIBLE,CISTS_01,NO,2026-01-08 02:09:11
CISADM,W1_SHIPPING_LINE_LOT,W1T912S2,NONUNIQUE,NORMAL,VALID,VISIBLE,CISTS_01,NO,2026-01-08 02:09:11
CISADM,W1_SHIPPING_MEMO,W1T903P0,UNIQUE,NORMAL,VALID,VISIBLE,CISTS_01,NO,2026-01-08 02:15:40
CISADM,W1_SHIPPING_MEMO,W1T903S2,NONUNIQUE,NORMAL,VALID,VISIBLE,CISTS_01,NO,2026-01-08 02:15:40
CISADM,W1_SHIPPING_MEMO,W1T903S3,NONUNIQUE,NORMAL,VALID,VISIBLE,CISTS_01,NO,2026-01-08 02:15:41
CISADM,W1_SHIPPING_MEMO,W1T903S4,NONUNIQUE,NORMAL,VALID,VISIBLE,CISTS_01,NO,2026-01-08 02:15:41
CISADM,W1_SHIPPING_MEMO,W1T903S5,NONUNIQUE,NORMAL,VALID,VISIBLE,CISTS_01,NO,2026-01-08 02:15:41
CISADM,W1_SHIPPING_MEMO,W1T903S6,NONUNIQUE,NORMAL,VALID,VISIBLE,CISTS_01,NO,2026-01-08 02:15:40
CISADM,W1_SHIPPING_MEMO,W1T903S7,NONUNIQUE,NORMAL,VALID,VISIBLE,CISTS_01,NO,2026-01-08 02:15:40
CISADM,W1_SHIPPING_MEMO_CHAR,W1T904P0,UNIQUE,NORMAL,VALID,VISIBLE,CISTS_01,NO,2026-01-08 02:10:54
CISADM,W1_SHIPPING_MEMO_CHAR,W1T904S1,NONUNIQUE,NORMAL,VALID,VISIBLE,CISTS_01,NO,2026-01-08 02:10:54
CISADM,W1_SHIPPING_MEMO_DOCUMENT,W1T908P0,UNIQUE,NORMAL,VALID,VISIBLE,CISTS_01,NO,2026-01-08 02:14:43
CISADM,W1_SHIPPING_MEMO_IDENTIFIER,W1T905P0,UNIQUE,NORMAL,VALID,VISIBLE,CISTS_01,NO,2026-01-08 02:12:30
CISADM,W1_SHIPPING_MEMO_IDENTIFIER,W1T905S1,UNIQUE,NORMAL,VALID,VISIBLE,CISTS_01,NO,2026-01-08 02:12:30
CISADM,W1_SHIPPING_MEMO_K,W1T910P0,UNIQUE,IOT - TOP,VALID,VISIBLE,CISTS_01,NO,2026-01-07 21:35:39
CISADM,W1_SHIPPING_MEMO_LOG,W1T906P0,UNIQUE,NORMAL,VALID,VISIBLE,CISTS_01,NO,2026-01-08 02:09:30
CISADM,W1_SHIPPING_MEMO_LOG,W1T906S1,NONUNIQUE,NORMAL,VALID,VISIBLE,CISTS_01,NO,2026-01-08 02:09:30
CISADM,W1_SHIPPING_MEMO_LOG,W1T906S2,NONUNIQUE,NORMAL,VALID,VISIBLE,CISTS_01,NO,2026-01-08 02:09:30
CISADM,W1_SHIPPING_MEMO_LOG_PARM,W1T907P0,UNIQUE,NORMAL,VALID,VISIBLE,CISTS_01,NO,2026-01-08 02:09:06
CISADM,W1_SHIPPING_MEMO_NOTE,W1T909P0,UNIQUE,NORMAL,VALID,VISIBLE,CISTS_01,NO,2026-01-08 02:16:04
CISADM,W1_SHIP_DEFICIENCY_TYPE,W1C923P0,UNIQUE,NORMAL,VALID,VISIBLE,CISTS_01,NO,2026-01-08 02:25:57
CISADM,W1_SHIP_DEFICIENCY_TYPE_CHAR,W1C924P0,UNIQUE,NORMAL,VALID,VISIBLE,CISTS_01,NO,2026-01-08 02:26:31
CISADM,W1_SHIP_DEFICIENCY_TYPE_CHAR,W1C924S1,NONUNIQUE,NORMAL,VALID,VISIBLE,CISTS_01,NO,2026-01-08 02:26:31
CISADM,W1_SHIP_DEFICIENCY_TYPE_L,W1C925P0,UNIQUE,NORMAL,VALID,VISIBLE,CISTS_01,NO,2026-01-08 02:26:37
CISADM,W1_SPECIFICATION,W1C227P0,UNIQUE,NORMAL,VALID,VISIBLE,CISTS_01,NO,2026-01-27 02:21:53
CISADM,W1_SPECIFICATION,W1C227S1,NONUNIQUE,NORMAL,VALID,VISIBLE,CISTS_01,NO,2026-01-27 02:21:53
CISADM,W1_SPECIFICATION,W1C227S2,NONUNIQUE,NORMAL,VALID,VISIBLE,CISTS_01,NO,2026-01-27 02:21:53
CISADM,W1_SPECIFICATION,W1C227S3,NONUNIQUE,NORMAL,VALID,VISIBLE,CISTS_01,NO,2026-01-27 02:21:53
CISADM,W1_SPECIFICATION,W1C227S4,NONUNIQUE,NORMAL,VALID,VISIBLE,CISTS_01,NO,2026-01-27 02:21:53
CISADM,W1_SPECIFICATION_ATTACHMENT,W1C230P0,UNIQUE,NORMAL,VALID,VISIBLE,CISTS_01,NO,2026-01-08 02:26:34
CISADM,W1_SPECIFICATION_ATTACHMENT,W1C230S1,NONUNIQUE,NORMAL,VALID,VISIBLE,CISTS_01,NO,2026-01-08 02:26:34
CISADM,W1_SPECIFICATION_CHAR,W1C231P0,UNIQUE,NORMAL,VALID,VISIBLE,CISTS_01,NO,2026-01-08 02:26:38
CISADM,W1_SPECIFICATION_CHAR,W1C231S1,NONUNIQUE,NORMAL,VALID,VISIBLE,CISTS_01,NO,2026-01-08 02:26:38
CISADM,W1_SPECIFICATION_CHAR,W1C231S2,NONUNIQUE,NORMAL,VALID,VISIBLE,CISTS_01,NO,2026-01-08 02:26:38
CISADM,W1_SPECIFICATION_CHAR,W1C231S3,NONUNIQUE,NORMAL,VALID,VISIBLE,CISTS_01,NO,2026-01-08 02:26:38
CISADM,W1_SPECIFICATION_DOCUMENT,W1C609P0,UNIQUE,NORMAL,VALID,VISIBLE,CISTS_01,NO,2026-01-08 02:26:37
CISADM,W1_SPECIFICATION_IDENTIFIER,W1C229P0,UNIQUE,NORMAL,VALID,VISIBLE,CISTS_01,NO,2026-01-08 02:25:50
CISADM,W1_SPECIFICATION_IDENTIFIER,W1C229S0,NONUNIQUE,NORMAL,VALID,VISIBLE,CISTS_01,NO,2026-01-08 02:25:50
CISADM,W1_SPECIFICATION_IDENTIFIER,W1C229S1,NONUNIQUE,FUNCTION-BASED NORMAL,VALID,VISIBLE,CISTS_01,NO,2026-01-08 02:26:54
CISADM,W1_SPECIFICATION_IDENTIFIER,W1C229S2,NONUNIQUE,NORMAL,VALID,VISIBLE,CISTS_01,NO,2026-01-08 02:25:50
CISADM,W1_SPECIFICATION_L,W1C228P0,UNIQUE,NORMAL,VALID,VISIBLE,CISTS_01,NO,2026-01-28 02:15:06
CISADM,W1_SPECIFICATION_MAINT_SCHED,W1C655P0,UNIQUE,NORMAL,VALID,VISIBLE,CISTS_01,NO,2026-01-08 02:26:33
CISADM,W1_SPECIFICATION_MAINT_SCHED,W1C655S1,NONUNIQUE,NORMAL,VALID,VISIBLE,CISTS_01,NO,2026-01-08 02:26:33
CISADM,W1_STATISTIC,W1C685P0,UNIQUE,NORMAL,VALID,VISIBLE,CISTS_01,NO,2026-01-08 02:26:38
CISADM,W1_STATISTIC_CHAR,W1C686P0,UNIQUE,NORMAL,VALID,VISIBLE,CISTS_01,NO,2026-01-08 02:25:49
CISADM,W1_STATISTIC_CHAR,W1C686S1,NONUNIQUE,NORMAL,VALID,VISIBLE,CISTS_01,NO,2026-01-08 02:25:51
CISADM,W1_STATISTIC_LOG,W1C687P0,UNIQUE,NORMAL,VALID,VISIBLE,CISTS_01,NO,2026-01-08 02:25:55
CISADM,W1_STATISTIC_LOG,W1C687S1,NONUNIQUE,NORMAL,VALID,VISIBLE,CISTS_01,NO,2026-01-08 02:25:55
CISADM,W1_STATISTIC_LOG,W1C687S2,NONUNIQUE,NORMAL,VALID,VISIBLE,CISTS_01,NO,2026-01-08 02:25:55
CISADM,W1_STATISTIC_LOG_PARM,W1C688P0,UNIQUE,NORMAL,VALID,VISIBLE,CISTS_01,NO,2026-01-08 02:25:51
CISADM,W1_STOCK_ITEM_DTL,W1M568P0,UNIQUE,NORMAL,VALID,VISIBLE,CISTS_01,NO,2026-01-08 02:10:52
CISADM,W1_STOCK_ITEM_DTL,W1M568S1,UNIQUE,NORMAL,VALID,VISIBLE,CISTS_01,NO,2026-01-08 02:10:52
CISADM,W1_STOCK_ITEM_DTL,W1M568S2,UNIQUE,NORMAL,VALID,VISIBLE,CISTS_01,NO,2026-01-08 02:10:52
CISADM,W1_STOCK_ITEM_DTL,W1M568S3,NONUNIQUE,NORMAL,VALID,VISIBLE,CISTS_01,NO,2026-01-08 02:10:52
CISADM,W1_STOCK_ITEM_DTL,W1M568S4,NONUNIQUE,NORMAL,VALID,VISIBLE,CISTS_01,NO,2026-01-08 02:10:52
CISADM,W1_STOCK_ITEM_DTL,W1M568S5,NONUNIQUE,NORMAL,VALID,VISIBLE,CISTS_01,NO,2026-01-08 02:10:52
CISADM,W1_STOCK_ITEM_DTL_BIN,W1M574P0,UNIQUE,NORMAL,VALID,VISIBLE,CISTS_01,NO,2026-01-08 02:13:40
CISADM,W1_STOCK_ITEM_DTL_CHAR,W1M569P0,UNIQUE,NORMAL,VALID,VISIBLE,CISTS_01,NO,2026-01-08 02:09:30
CISADM,W1_STOCK_ITEM_DTL_CHAR,W1M569S1,NONUNIQUE,NORMAL,VALID,VISIBLE,CISTS_01,NO,2026-01-08 02:09:31
CISADM,W1_STOCK_ITEM_DTL_DOCUMENT,W1M576P0,UNIQUE,NORMAL,VALID,VISIBLE,CISTS_01,NO,2026-01-08 02:08:08
CISADM,W1_STOCK_ITEM_DTL_IDENTIFIER,W1M712P0,UNIQUE,NORMAL,VALID,VISIBLE,CISTS_01,NO,2026-01-08 02:08:07
CISADM,W1_STOCK_ITEM_DTL_IDENTIFIER,W1M712S0,NONUNIQUE,NORMAL,VALID,VISIBLE,CISTS_01,NO,2026-01-08 02:08:07
CISADM,W1_STOCK_ITEM_DTL_IDENTIFIER,W1M712S1,NONUNIQUE,FUNCTION-BASED NORMAL,VALID,VISIBLE,CISTS_01,NO,2026-01-08 02:16:36
CISADM,W1_STOCK_ITEM_DTL_K,W1M572P0,UNIQUE,IOT - TOP,VALID,VISIBLE,CISTS_01,NO,2026-01-07 21:35:40
CISADM,W1_STOCK_ITEM_DTL_LOG,W1M570P0,UNIQUE,NORMAL,VALID,VISIBLE,CISTS_01,NO,2026-01-08 02:09:42
CISADM,W1_STOCK_ITEM_DTL_LOG,W1M570S1,NONUNIQUE,NORMAL,VALID,VISIBLE,CISTS_01,NO,2026-01-08 02:09:42
CISADM,W1_STOCK_ITEM_DTL_LOG,W1M570S2,NONUNIQUE,NORMAL,VALID,VISIBLE,CISTS_01,NO,2026-01-08 02:09:42
CISADM,W1_STOCK_ITEM_DTL_LOG_PARM,W1M571P0,UNIQUE,NORMAL,VALID,VISIBLE,CISTS_01,NO,2026-01-08 02:15:56
CISADM,W1_STOCK_ITEM_DTL_NOTE,W1M575P0,UNIQUE,NORMAL,VALID,VISIBLE,CISTS_01,NO,2026-01-08 02:13:20
CISADM,W1_STOCK_ITEM_DTL_VENDOR_LOC,W1M573P0,UNIQUE,NORMAL,VALID,VISIBLE,CISTS_01,NO,2026-01-08 02:14:21
CISADM,W1_STOCK_TRANS,W1T306P0,UNIQUE,NORMAL,VALID,VISIBLE,CISTS_01,NO,2026-01-08 02:13:01
CISADM,W1_STOCK_TRANS,W1T306S1,UNIQUE,NORMAL,VALID,VISIBLE,CISTS_01,NO,2026-01-08 02:13:01
CISADM,W1_STOCK_TRANS,W1T306S2,NONUNIQUE,NORMAL,VALID,VISIBLE,CISTS_01,NO,2026-01-08 02:13:01
CISADM,W1_STOCK_TRANS,W1T306S3,NONUNIQUE,NORMAL,VALID,VISIBLE,CISTS_01,NO,2026-01-08 02:13:01
CISADM,W1_STOCK_TRANS,W1T306S4,NONUNIQUE,NORMAL,VALID,VISIBLE,CISTS_01,NO,2026-01-08 02:13:01
CISADM,W1_STOCK_TRANS,W1T306S5,NONUNIQUE,NORMAL,VALID,VISIBLE,CISTS_01,NO,2026-01-08 02:13:01
CISADM,W1_STOCK_TRANS_CHAR,W1T307P0,UNIQUE,NORMAL,VALID,VISIBLE,CISTS_01,NO,2026-01-08 02:10:16
CISADM,W1_STOCK_TRANS_CHAR,W1T307S1,NONUNIQUE,NORMAL,VALID,VISIBLE,CISTS_01,NO,2026-01-08 02:10:16
CISADM,W1_STOCK_TRANS_K,W1T310P0,UNIQUE,IOT - TOP,VALID,VISIBLE,CISTS_01,NO,2026-01-07 21:35:40
CISADM,W1_STOCK_TRANS_LOG,W1T308P0,UNIQUE,NORMAL,VALID,VISIBLE,CISTS_01,NO,2026-01-08 02:10:00
CISADM,W1_STOCK_TRANS_LOG,W1T308S1,NONUNIQUE,NORMAL,VALID,VISIBLE,CISTS_01,NO,2026-01-08 02:10:00
CISADM,W1_STOCK_TRANS_LOG,W1T308S2,NONUNIQUE,NORMAL,VALID,VISIBLE,CISTS_01,NO,2026-01-08 02:09:59
CISADM,W1_STOCK_TRANS_LOG_PARM,W1T309P0,UNIQUE,NORMAL,VALID,VISIBLE,CISTS_01,NO,2026-01-08 02:11:06
CISADM,W1_SVC_CALL_CAT_SVC_CODE,W1C853P0,UNIQUE,NORMAL,VALID,VISIBLE,CISTS_01,NO,2026-01-08 02:26:43
CISADM,W1_SVC_HIST,W1M277P0,UNIQUE,NORMAL,VALID,VISIBLE,CISTS_01,NO,2026-01-08 02:13:43
CISADM,W1_SVC_HIST,W1M277S1,NONUNIQUE,NORMAL,VALID,VISIBLE,CISTS_01,NO,2026-01-08 02:13:43
CISADM,W1_SVC_HIST,W1M277S2,NONUNIQUE,NORMAL,VALID,VISIBLE,CISTS_01,NO,2026-01-08 02:13:43
CISADM,W1_SVC_HIST,W1M277S3,NONUNIQUE,NORMAL,VALID,VISIBLE,CISTS_01,NO,2026-01-08 02:13:42
CISADM,W1_SVC_HIST,W1M277S4,NONUNIQUE,NORMAL,VALID,VISIBLE,CISTS_01,NO,2026-01-08 02:13:43
CISADM,W1_SVC_HIST,W1M277S5,UNIQUE,NORMAL,VALID,VISIBLE,CISTS_01,NO,2026-01-08 02:13:43
CISADM,W1_SVC_HIST,W1M277S6,NONUNIQUE,NORMAL,VALID,VISIBLE,CISTS_01,NO,2026-01-08 02:13:42
CISADM,W1_SVC_HIST,W1M277S7,NONUNIQUE,NORMAL,VALID,VISIBLE,CISTS_01,NO,2026-01-08 02:13:43
CISADM,W1_SVC_HIST,W1M277S8,NONUNIQUE,NORMAL,VALID,VISIBLE,CISTS_01,NO,2026-01-08 02:13:43
CISADM,W1_SVC_HIST,W1M277S9,NONUNIQUE,NORMAL,VALID,VISIBLE,CISTS_01,NO,2026-01-08 02:13:43
CISADM,W1_SVC_HIST_ATTACHMENT,W1M278P0,UNIQUE,NORMAL,VALID,VISIBLE,CISTS_01,NO,2026-01-08 02:08:09
CISADM,W1_SVC_HIST_ATTACHMENT,W1M278S1,NONUNIQUE,NORMAL,VALID,VISIBLE,CISTS_01,NO,2026-01-08 02:08:09
CISADM,W1_SVC_HIST_ATTACHMENT,W1M278S2,NONUNIQUE,NORMAL,VALID,VISIBLE,CISTS_01,NO,2026-01-08 02:08:09
CISADM,W1_SVC_HIST_ATTACHMENT,W1M278S3,NONUNIQUE,NORMAL,VALID,VISIBLE,CISTS_01,NO,2026-01-08 02:08:09
CISADM,W1_SVC_HIST_CHAR,W1M279P0,UNIQUE,NORMAL,VALID,VISIBLE,CISTS_01,NO,2026-01-08 02:12:50
CISADM,W1_SVC_HIST_CHAR,W1M279S1,NONUNIQUE,NORMAL,VALID,VISIBLE,CISTS_01,NO,2026-01-08 02:12:49
CISADM,W1_SVC_HIST_CHAR2,W1T521P0,UNIQUE,NORMAL,VALID,VISIBLE,CISTS_01,NO,2026-01-08 02:13:36
CISADM,W1_SVC_HIST_DOCUMENT,W1M584P0,UNIQUE,NORMAL,VALID,VISIBLE,CISTS_01,NO,2026-01-08 02:09:41
CISADM,W1_SVC_HIST_IDENTIFIER,W1M280P0,UNIQUE,NORMAL,VALID,VISIBLE,CISTS_01,NO,2026-01-08 02:09:04
CISADM,W1_SVC_HIST_IDENTIFIER,W1M280S0,NONUNIQUE,NORMAL,VALID,VISIBLE,CISTS_01,NO,2026-01-08 02:09:04
CISADM,W1_SVC_HIST_IDENTIFIER,W1M280S1,NONUNIQUE,FUNCTION-BASED NORMAL,VALID,VISIBLE,CISTS_01,NO,2026-01-08 02:16:43
CISADM,W1_SVC_HIST_K,W1M482P0,UNIQUE,IOT - TOP,VALID,VISIBLE,CISTS_01,NO,2026-01-07 21:35:40
CISADM,W1_SVC_HIST_LOG,W1M282P0,UNIQUE,NORMAL,VALID,VISIBLE,CISTS_01,NO,2026-01-08 02:12:25
CISADM,W1_SVC_HIST_LOG,W1M282S1,NONUNIQUE,NORMAL,VALID,VISIBLE,CISTS_01,NO,2026-01-08 02:12:24
CISADM,W1_SVC_HIST_LOG,W1M282S2,NONUNIQUE,NORMAL,VALID,VISIBLE,CISTS_01,NO,2026-01-08 02:12:25
CISADM,W1_SVC_HIST_LOG_PARM,W1M283P0,UNIQUE,NORMAL,VALID,VISIBLE,CISTS_01,NO,2026-01-08 02:12:41
CISADM,W1_SVC_HIST_PARTICIPANT,W1T868P0,UNIQUE,NORMAL,VALID,VISIBLE,CISTS_01,NO,2026-01-08 02:09:40
CISADM,W1_SVC_HIST_QSTN_ANSR,W1C518P0,UNIQUE,NORMAL,VALID,VISIBLE,CISTS_01,NO,2026-01-08 02:15:08
CISADM,W1_SVC_HIST_QSTN_ANSR,W1C518S1,NONUNIQUE,NORMAL,VALID,VISIBLE,CISTS_01,NO,2026-01-08 02:15:08
CISADM,W1_SVC_HIST_QSTN_ANSR,W1C518S2,NONUNIQUE,NORMAL,VALID,VISIBLE,CISTS_01,NO,2026-01-08 02:15:08
CISADM,W1_SVC_HIST_REL_OBJ,W1M281P0,UNIQUE,NORMAL,VALID,VISIBLE,CISTS_01,NO,2026-01-08 02:12:16
CISADM,W1_SVC_HIST_REL_OBJ,W1M281S1,NONUNIQUE,NORMAL,VALID,VISIBLE,CISTS_01,NO,2026-01-08 02:12:16
CISADM,W1_SVC_HIST_REL_OBJ,W1M281S2,NONUNIQUE,NORMAL,VALID,VISIBLE,CISTS_01,NO,2026-01-08 02:12:16
CISADM,W1_SVC_HIST_TYPE,W1C273P0,UNIQUE,NORMAL,VALID,VISIBLE,CISTS_01,NO,2026-01-08 02:25:59
CISADM,W1_SVC_HIST_TYPE,W1C273S1,NONUNIQUE,NORMAL,VALID,VISIBLE,CISTS_01,NO,2026-01-08 02:25:59
CISADM,W1_SVC_HIST_TYPE,W1C273S2,NONUNIQUE,NORMAL,VALID,VISIBLE,CISTS_01,NO,2026-01-08 02:25:59
CISADM,W1_SVC_HIST_TYPE_CHAR,W1C276P0,UNIQUE,NORMAL,VALID,VISIBLE,CISTS_01,NO,2026-01-08 02:26:22
CISADM,W1_SVC_HIST_TYPE_CHAR,W1C276S1,NONUNIQUE,NORMAL,VALID,VISIBLE,CISTS_01,NO,2026-01-08 02:26:22
CISADM,W1_SVC_HIST_TYPE_FLLW_UP_ACTN,W1C858P0,UNIQUE,NORMAL,VALID,VISIBLE,CISTS_01,NO,2026-01-08 02:26:39
CISADM,W1_SVC_HIST_TYPE_L,W1C275P0,UNIQUE,NORMAL,VALID,VISIBLE,CISTS_01,NO,2026-02-18 02:13:50
CISADM,W1_SVC_HIST_TYPE_L,W1C275S1,NONUNIQUE,NORMAL,VALID,VISIBLE,CISTS_01,NO,2026-02-18 02:13:50
CISADM,W1_SVC_HIST_TYPE_QSTN,W1C517P0,UNIQUE,NORMAL,VALID,VISIBLE,CISTS_01,NO,2026-01-08 02:26:41
CISADM,W1_SVC_HIST_TYPE_REL_SH_TYPE,W1C859P0,UNIQUE,NORMAL,VALID,VISIBLE,CISTS_01,NO,2026-01-08 02:25:56
CISADM,W1_SVC_SCHED,W1C274P0,UNIQUE,NORMAL,VALID,VISIBLE,CISTS_01,NO,2026-01-08 02:26:42
CISADM,W1_SVC_SCHED,W1C274S1,NONUNIQUE,NORMAL,VALID,VISIBLE,CISTS_01,NO,2026-01-08 02:26:42
CISADM,W1_TAX_RATE_COMP,W1C568P0,UNIQUE,NORMAL,VALID,VISIBLE,CISTS_01,NO,2026-01-08 02:26:16
CISADM,W1_TAX_RATE_COMP_L,W1C569P0,UNIQUE,NORMAL,VALID,VISIBLE,CISTS_01,NO,2026-01-08 02:25:51
CISADM,W1_TAX_RATE_EFFDT,W1C567P0,UNIQUE,NORMAL,VALID,VISIBLE,CISTS_01,NO,2026-01-08 02:25:49
CISADM,W1_TAX_RATE_SCHED,W1C564P0,UNIQUE,NORMAL,VALID,VISIBLE,CISTS_01,NO,2026-01-08 02:25:50
CISADM,W1_TAX_RATE_SCHED_CHAR,W1C566P0,UNIQUE,NORMAL,VALID,VISIBLE,CISTS_01,NO,2026-01-08 02:26:20
CISADM,W1_TAX_RATE_SCHED_CHAR,W1C566S1,NONUNIQUE,NORMAL,VALID,VISIBLE,CISTS_01,NO,2026-01-08 02:26:20
CISADM,W1_TAX_RATE_SCHED_L,W1C565P0,UNIQUE,NORMAL,VALID,VISIBLE,CISTS_01,NO,2026-01-08 02:26:41
CISADM,W1_TIMEKEEPER,W1C948P0,UNIQUE,NORMAL,VALID,VISIBLE,CISTS_01,NO,2026-01-08 02:26:34
CISADM,W1_TIMEKEEPER_CHAR,W1C950P0,UNIQUE,NORMAL,VALID,VISIBLE,CISTS_01,NO,2026-01-08 02:26:02
CISADM,W1_TIMEKEEPER_EMP,W1C949P0,UNIQUE,NORMAL,VALID,VISIBLE,CISTS_01,NO,2026-01-08 02:25:50
CISADM,W1_TIMEKEEPER_L,W1C951P0,UNIQUE,NORMAL,VALID,VISIBLE,CISTS_01,NO,2026-01-08 02:25:49
CISADM,W1_TIMEKEEPER_LOG,W1C952P0,UNIQUE,NORMAL,VALID,VISIBLE,CISTS_01,NO,2026-01-08 02:26:07
CISADM,W1_TIMEKEEPER_LOG_PARM,W1C953P0,UNIQUE,NORMAL,VALID,VISIBLE,CISTS_01,NO,2026-01-08 02:26:30
CISADM,W1_TIMESHEET,W1M589P0,UNIQUE,NORMAL,VALID,VISIBLE,CISTS_01,NO,2026-01-08 02:09:17
CISADM,W1_TIMESHEET,W1M589S1,UNIQUE,NORMAL,VALID,VISIBLE,CISTS_01,NO,2026-01-08 02:09:17
CISADM,W1_TIMESHEET_CHAR,W1M591P0,UNIQUE,NORMAL,VALID,VISIBLE,CISTS_01,NO,2026-01-08 02:09:42
CISADM,W1_TIMESHEET_CHAR,W1M591S1,NONUNIQUE,NORMAL,VALID,VISIBLE,CISTS_01,NO,2026-01-08 02:09:42
CISADM,W1_TIMESHEET_DETAIL,W1M595P0,UNIQUE,NORMAL,VALID,VISIBLE,CISTS_01,NO,2026-01-08 02:12:42
CISADM,W1_TIMESHEET_DETAIL,W1M595S1,UNIQUE,NORMAL,VALID,VISIBLE,CISTS_01,NO,2026-01-08 02:12:42
CISADM,W1_TIMESHEET_DETAIL,W1M595S2,UNIQUE,NORMAL,VALID,VISIBLE,CISTS_01,NO,2026-01-08 02:12:42
CISADM,W1_TIMESHEET_DETAIL,W1M595S3,NONUNIQUE,NORMAL,VALID,VISIBLE,CISTS_01,NO,2026-01-08 02:12:42
CISADM,W1_TIMESHEET_DETAIL_CHAR,W1M598P0,UNIQUE,NORMAL,VALID,VISIBLE,CISTS_01,NO,2026-01-08 02:12:24
CISADM,W1_TIMESHEET_DETAIL_CHAR,W1M598S1,NONUNIQUE,NORMAL,VALID,VISIBLE,CISTS_01,NO,2026-01-08 02:12:24
CISADM,W1_TIMESHEET_DETAIL_K,W1M596P0,UNIQUE,IOT - TOP,VALID,VISIBLE,CISTS_01,NO,2026-01-07 21:35:42
CISADM,W1_TIMESHEET_DETAIL_LOG,W1M599P0,UNIQUE,NORMAL,VALID,VISIBLE,CISTS_01,NO,2026-01-08 02:13:40
CISADM,W1_TIMESHEET_DETAIL_LOG_PARM,W1M600P0,UNIQUE,NORMAL,VALID,VISIBLE,CISTS_01,NO,2026-01-08 02:12:34
CISADM,W1_TIMESHEET_IDENTIFIER,W1M590P0,UNIQUE,NORMAL,VALID,VISIBLE,CISTS_01,NO,2026-01-08 02:12:46
CISADM,W1_TIMESHEET_IDENTIFIER,W1M590S0,NONUNIQUE,NORMAL,VALID,VISIBLE,CISTS_01,NO,2026-01-08 02:12:46
CISADM,W1_TIMESHEET_IDENTIFIER,W1M590S1,NONUNIQUE,FUNCTION-BASED NORMAL,VALID,VISIBLE,CISTS_01,NO,2026-01-08 02:16:41
CISADM,W1_TIMESHEET_K,W1M594P0,UNIQUE,IOT - TOP,VALID,VISIBLE,CISTS_01,NO,2026-01-07 21:35:42
CISADM,W1_TIMESHEET_LOG,W1M592P0,UNIQUE,NORMAL,VALID,VISIBLE,CISTS_01,NO,2026-01-08 02:13:43
CISADM,W1_TIMESHEET_LOG_PARM,W1M593P0,UNIQUE,NORMAL,VALID,VISIBLE,CISTS_01,NO,2026-01-08 02:12:31
CISADM,W1_TIME_PERIOD,W1C619P0,UNIQUE,NORMAL,VALID,VISIBLE,CISTS_01,NO,2026-01-08 02:26:06
CISADM,W1_TIME_PERIOD_CHAR,W1C621P0,UNIQUE,NORMAL,VALID,VISIBLE,CISTS_01,NO,2026-01-08 02:26:14
CISADM,W1_TIME_PERIOD_CHAR,W1C621S1,NONUNIQUE,NORMAL,VALID,VISIBLE,CISTS_01,NO,2026-01-08 02:26:14
CISADM,W1_TIME_PERIOD_L,W1C620P0,UNIQUE,NORMAL,VALID,VISIBLE,CISTS_01,NO,2026-01-08 02:26:45
CISADM,W1_TIMSHEETDTL_COST_CTR,W1M597P0,UNIQUE,NORMAL,VALID,VISIBLE,CISTS_01,NO,2026-01-08 02:14:24
CISADM,W1_TMPL_ACT,W1M617P0,UNIQUE,NORMAL,VALID,VISIBLE,CISTS_01,NO,2026-01-08 02:15:06
CISADM,W1_TMPL_ACT,W1M617S1,NONUNIQUE,NORMAL,VALID,VISIBLE,CISTS_01,NO,2026-01-08 02:15:06
CISADM,W1_TMPL_ACT_CHAR,W1M622P0,UNIQUE,NORMAL,VALID,VISIBLE,CISTS_01,NO,2026-01-08 02:16:03
CISADM,W1_TMPL_ACT_CHAR,W1M622S1,NONUNIQUE,NORMAL,VALID,VISIBLE,CISTS_01,NO,2026-01-08 02:16:04
CISADM,W1_TMPL_ACT_CHKLST_TYP,W1M805P0,UNIQUE,NORMAL,VALID,VISIBLE,CISTS_01,NO,2026-01-08 02:09:40
CISADM,W1_TMPL_ACT_COST_CENTER,W1M619P0,UNIQUE,NORMAL,VALID,VISIBLE,CISTS_01,NO,2026-01-08 02:09:06
CISADM,W1_TMPL_ACT_COST_DIST,W1M710P0,UNIQUE,NORMAL,VALID,VISIBLE,CISTS_01,NO,2026-01-08 02:12:31
CISADM,W1_TMPL_ACT_DOCUMENT,W1M620P0,UNIQUE,NORMAL,VALID,VISIBLE,CISTS_01,NO,2026-01-08 02:10:19
CISADM,W1_TMPL_ACT_IDENTIFIER,W1M621P0,UNIQUE,NORMAL,VALID,VISIBLE,CISTS_01,NO,2026-01-08 02:10:17
CISADM,W1_TMPL_ACT_IDENTIFIER,W1M621S0,NONUNIQUE,NORMAL,VALID,VISIBLE,CISTS_01,NO,2026-01-08 02:10:17
CISADM,W1_TMPL_ACT_IDENTIFIER,W1M621S1,NONUNIQUE,FUNCTION-BASED NORMAL,VALID,VISIBLE,CISTS_01,NO,2026-01-08 02:16:22
CISADM,W1_TMPL_ACT_K,W1M625P0,UNIQUE,IOT - TOP,VALID,VISIBLE,CISTS_01,NO,2026-01-07 21:35:42
CISADM,W1_TMPL_ACT_LOG,W1M623P0,UNIQUE,NORMAL,VALID,VISIBLE,CISTS_01,NO,2026-01-08 02:11:18
CISADM,W1_TMPL_ACT_LOG,W1M623S1,NONUNIQUE,NORMAL,VALID,VISIBLE,CISTS_01,NO,2026-01-08 02:11:18
CISADM,W1_TMPL_ACT_LOG,W1M623S2,NONUNIQUE,NORMAL,VALID,VISIBLE,CISTS_01,NO,2026-01-08 02:11:18
CISADM,W1_TMPL_ACT_LOG_PARM,W1M624P0,UNIQUE,NORMAL,VALID,VISIBLE,CISTS_01,NO,2026-01-08 02:13:47
CISADM,W1_TMPL_ACT_NOTE,W1M618P0,UNIQUE,NORMAL,VALID,VISIBLE,CISTS_01,NO,2026-01-08 02:09:03
CISADM,W1_TMPL_ACT_PLAN_SVC_HIST_TYPE,W1M713P0,UNIQUE,NORMAL,VALID,VISIBLE,CISTS_01,NO,2026-01-08 02:15:03
CISADM,W1_TMPL_ACT_RSRC,W1M626P0,UNIQUE,NORMAL,VALID,VISIBLE,CISTS_01,NO,2026-01-08 02:10:51
CISADM,W1_TMPL_ACT_RSRC_CHAR,W1M630P0,UNIQUE,NORMAL,VALID,VISIBLE,CISTS_01,NO,2026-01-08 02:15:56
CISADM,W1_TMPL_ACT_RSRC_CHAR,W1M630S1,NONUNIQUE,NORMAL,VALID,VISIBLE,CISTS_01,NO,2026-01-08 02:15:56
CISADM,W1_TMPL_ACT_RSRC_DOCUMENT,W1M628P0,UNIQUE,NORMAL,VALID,VISIBLE,CISTS_01,NO,2026-01-08 02:09:02
CISADM,W1_TMPL_ACT_RSRC_IDENTIFIER,W1M629P0,UNIQUE,NORMAL,VALID,VISIBLE,CISTS_01,NO,2026-01-08 02:11:05
CISADM,W1_TMPL_ACT_RSRC_IDENTIFIER,W1M629S0,NONUNIQUE,NORMAL,VALID,VISIBLE,CISTS_01,NO,2026-01-08 02:11:05
CISADM,W1_TMPL_ACT_RSRC_IDENTIFIER,W1M629S1,NONUNIQUE,FUNCTION-BASED NORMAL,VALID,VISIBLE,CISTS_01,NO,2026-01-08 02:16:22
CISADM,W1_TMPL_ACT_RSRC_K,W1M633P0,UNIQUE,IOT - TOP,VALID,VISIBLE,CISTS_01,NO,2026-01-07 21:35:42
CISADM,W1_TMPL_ACT_RSRC_LOG,W1M631P0,UNIQUE,NORMAL,VALID,VISIBLE,CISTS_01,NO,2026-01-08 02:10:10
CISADM,W1_TMPL_ACT_RSRC_LOG,W1M631S1,NONUNIQUE,NORMAL,VALID,VISIBLE,CISTS_01,NO,2026-01-08 02:10:11
CISADM,W1_TMPL_ACT_RSRC_LOG,W1M631S2,NONUNIQUE,NORMAL,VALID,VISIBLE,CISTS_01,NO,2026-01-08 02:10:11
CISADM,W1_TMPL_ACT_RSRC_LOG_PARM,W1M632P0,UNIQUE,NORMAL,VALID,VISIBLE,CISTS_01,NO,2026-01-08 02:10:16
CISADM,W1_TMPL_ACT_RSRC_NOTE,W1M627P0,UNIQUE,NORMAL,VALID,VISIBLE,CISTS_01,NO,2026-01-08 02:09:04
CISADM,W1_TMPL_WO,W1M610P0,UNIQUE,NORMAL,VALID,VISIBLE,CISTS_01,NO,2026-01-08 02:13:26
CISADM,W1_TMPL_WO,W1M610S1,UNIQUE,NORMAL,VALID,VISIBLE,CISTS_01,NO,2026-01-08 02:13:26
CISADM,W1_TMPL_WO,W1M610S2,NONUNIQUE,NORMAL,VALID,VISIBLE,CISTS_01,NO,2026-01-08 02:13:27
CISADM,W1_TMPL_WO,W1M610S3,NONUNIQUE,NORMAL,VALID,VISIBLE,CISTS_01,NO,2026-01-08 02:13:27
CISADM,W1_TMPL_WO_CHAR,W1M613P0,UNIQUE,NORMAL,VALID,VISIBLE,CISTS_01,NO,2026-01-08 02:15:47
CISADM,W1_TMPL_WO_CHAR,W1M613S1,NONUNIQUE,NORMAL,VALID,VISIBLE,CISTS_01,NO,2026-01-08 02:15:47
CISADM,W1_TMPL_WO_IDENTIFIER,W1M612P0,UNIQUE,NORMAL,VALID,VISIBLE,CISTS_01,NO,2026-01-08 02:10:40
CISADM,W1_TMPL_WO_IDENTIFIER,W1M612S0,NONUNIQUE,NORMAL,VALID,VISIBLE,CISTS_01,NO,2026-01-08 02:10:40
CISADM,W1_TMPL_WO_IDENTIFIER,W1M612S1,NONUNIQUE,FUNCTION-BASED NORMAL,VALID,VISIBLE,CISTS_01,NO,2026-01-08 02:16:38
CISADM,W1_TMPL_WO_K,W1M616P0,UNIQUE,IOT - TOP,VALID,VISIBLE,CISTS_01,NO,2026-01-07 21:35:43
CISADM,W1_TMPL_WO_LOG,W1M614P0,UNIQUE,NORMAL,VALID,VISIBLE,CISTS_01,NO,2026-01-08 02:13:21
CISADM,W1_TMPL_WO_LOG,W1M614S1,NONUNIQUE,NORMAL,VALID,VISIBLE,CISTS_01,NO,2026-01-08 02:13:21
CISADM,W1_TMPL_WO_LOG,W1M614S2,NONUNIQUE,NORMAL,VALID,VISIBLE,CISTS_01,NO,2026-01-08 02:13:21
CISADM,W1_TMPL_WO_LOG_PARM,W1M615P0,UNIQUE,NORMAL,VALID,VISIBLE,CISTS_01,NO,2026-01-08 02:13:52
CISADM,W1_TMPL_WO_NOTE,W1M611P0,UNIQUE,NORMAL,VALID,VISIBLE,CISTS_01,NO,2026-01-08 02:11:14
CISADM,W1_VENDOR,W1M634P0,UNIQUE,NORMAL,VALID,VISIBLE,CISTS_01,NO,2026-01-08 02:13:17
CISADM,W1_VENDOR_CHAR,W1M636P0,UNIQUE,NORMAL,VALID,VISIBLE,CISTS_01,NO,2026-01-08 02:08:37
CISADM,W1_VENDOR_CHAR,W1M636S1,NONUNIQUE,NORMAL,VALID,VISIBLE,CISTS_01,NO,2026-01-08 02:08:37
CISADM,W1_VENDOR_IDENTIFIER,W1M635P0,UNIQUE,NORMAL,VALID,VISIBLE,CISTS_01,NO,2026-01-08 02:09:12
CISADM,W1_VENDOR_IDENTIFIER,W1M635S1,NONUNIQUE,NORMAL,VALID,VISIBLE,CISTS_01,NO,2026-01-08 02:09:12
CISADM,W1_VENDOR_IDENTIFIER,W1M635S2,NONUNIQUE,FUNCTION-BASED NORMAL,VALID,VISIBLE,CISTS_01,NO,2026-01-08 02:16:41
CISADM,W1_VENDOR_LOC,W1M637P0,UNIQUE,NORMAL,VALID,VISIBLE,CISTS_01,NO,2026-01-08 02:15:48
CISADM,W1_VENDOR_LOC,W1M637S1,UNIQUE,NORMAL,VALID,VISIBLE,CISTS_01,NO,2026-01-08 02:15:48
CISADM,W1_VENDOR_LOC_CAPABILITY,W1M644P0,UNIQUE,NORMAL,VALID,VISIBLE,CISTS_01,NO,2026-01-08 02:09:05
CISADM,W1_VENDOR_LOC_CHAR,W1M640P0,UNIQUE,NORMAL,VALID,VISIBLE,CISTS_01,NO,2026-01-08 02:10:09
CISADM,W1_VENDOR_LOC_CHAR,W1M640S1,NONUNIQUE,NORMAL,VALID,VISIBLE,CISTS_01,NO,2026-01-08 02:10:09
CISADM,W1_VENDOR_LOC_CMDTY,W1M645P0,UNIQUE,NORMAL,VALID,VISIBLE,CISTS_01,NO,2026-01-08 02:09:40
CISADM,W1_VENDOR_LOC_CONTACT,W1M641P0,UNIQUE,NORMAL,VALID,VISIBLE,CISTS_01,NO,2026-01-08 02:15:44
CISADM,W1_VENDOR_LOC_DOCUMENT,W1M643P0,UNIQUE,NORMAL,VALID,VISIBLE,CISTS_01,NO,2026-01-08 02:12:31
CISADM,W1_VENDOR_LOC_IDENTIFIER,W1M639P0,UNIQUE,NORMAL,VALID,VISIBLE,CISTS_01,NO,2026-01-08 02:11:18
CISADM,W1_VENDOR_LOC_IDENTIFIER,W1M639S1,NONUNIQUE,NORMAL,VALID,VISIBLE,CISTS_01,NO,2026-01-08 02:11:18
CISADM,W1_VENDOR_LOC_IDENTIFIER,W1M639S2,NONUNIQUE,FUNCTION-BASED NORMAL,VALID,VISIBLE,CISTS_01,NO,2026-01-08 02:16:22
CISADM,W1_VENDOR_LOC_K,W1M638P0,UNIQUE,IOT - TOP,VALID,VISIBLE,CISTS_01,NO,2026-01-07 21:35:43
CISADM,W1_VENDOR_LOC_LOG,W1C639P0,UNIQUE,NORMAL,VALID,VISIBLE,CISTS_01,NO,2026-01-08 02:13:49
CISADM,W1_VENDOR_LOC_LOG_PARM,W1C640P0,UNIQUE,NORMAL,VALID,VISIBLE,CISTS_01,NO,2026-01-08 02:13:49
CISADM,W1_VENDOR_LOC_NOTE,W1M642P0,UNIQUE,NORMAL,VALID,VISIBLE,CISTS_01,NO,2026-01-08 02:10:11
CISADM,W1_VENDOR_LOC_PAYTO_LOC,W1M955P0,UNIQUE,NORMAL,VALID,VISIBLE,CISTS_01,NO,2026-01-08 02:09:31
CISADM,W1_VENDOR_LOG,W1M943P0,UNIQUE,NORMAL,VALID,VISIBLE,CISTS_01,NO,2026-01-08 02:08:56
CISADM,W1_VENDOR_LOG,W1M943S1,NONUNIQUE,NORMAL,VALID,VISIBLE,CISTS_01,NO,2026-01-08 02:08:56
CISADM,W1_VENDOR_LOG,W1M943S2,NONUNIQUE,NORMAL,VALID,VISIBLE,CISTS_01,NO,2026-01-08 02:08:56
CISADM,W1_VENDOR_LOG_PARM,W1M944P0,UNIQUE,NORMAL,VALID,VISIBLE,CISTS_01,NO,2026-01-08 02:15:42
CISADM,W1_WARRANTY,W1C524S2,UNIQUE,NORMAL,VALID,VISIBLE,CISTS_01,NO,2026-01-08 02:09:50
CISADM,W1_WARRANTY,W1M524P0,UNIQUE,NORMAL,VALID,VISIBLE,CISTS_01,NO,2026-01-08 02:09:50
CISADM,W1_WARRANTY,W1M524S1,UNIQUE,NORMAL,VALID,VISIBLE,CISTS_01,NO,2026-01-08 02:09:50
CISADM,W1_WARRANTY_ATTACHMENT,W1M530P0,UNIQUE,NORMAL,VALID,VISIBLE,CISTS_01,NO,2026-01-08 02:15:54
CISADM,W1_WARRANTY_CHAR,W1M526P0,UNIQUE,NORMAL,VALID,VISIBLE,CISTS_01,NO,2026-01-08 02:11:35
CISADM,W1_WARRANTY_CHAR,W1M526S1,NONUNIQUE,NORMAL,VALID,VISIBLE,CISTS_01,NO,2026-01-08 02:11:35
CISADM,W1_WARRANTY_DOCUMENT,W1M820P0,UNIQUE,NORMAL,VALID,VISIBLE,CISTS_01,NO,2026-01-08 02:10:48
CISADM,W1_WARRANTY_IDENTIFIER,W1M525P0,UNIQUE,NORMAL,VALID,VISIBLE,CISTS_01,NO,2026-01-08 02:08:36
CISADM,W1_WARRANTY_IDENTIFIER,W1M525S0,NONUNIQUE,NORMAL,VALID,VISIBLE,CISTS_01,NO,2026-01-08 02:08:36
CISADM,W1_WARRANTY_IDENTIFIER,W1M525S1,NONUNIQUE,FUNCTION-BASED NORMAL,VALID,VISIBLE,CISTS_01,NO,2026-01-08 02:16:25
CISADM,W1_WARRANTY_K,W1M531P0,UNIQUE,IOT - TOP,VALID,VISIBLE,CISTS_01,NO,2026-01-07 21:35:44
CISADM,W1_WARRANTY_LOG,W1M527P0,UNIQUE,NORMAL,VALID,VISIBLE,CISTS_01,NO,2026-01-08 02:11:58
CISADM,W1_WARRANTY_LOG,W1M527S1,NONUNIQUE,NORMAL,VALID,VISIBLE,CISTS_01,NO,2026-01-08 02:11:58
CISADM,W1_WARRANTY_LOG,W1M527S2,NONUNIQUE,NORMAL,VALID,VISIBLE,CISTS_01,NO,2026-01-08 02:11:58
CISADM,W1_WARRANTY_LOG_PARM,W1M528P0,UNIQUE,NORMAL,VALID,VISIBLE,CISTS_01,NO,2026-01-08 02:08:40
CISADM,W1_WARRANTY_NOTE,W1M529P0,UNIQUE,NORMAL,VALID,VISIBLE,CISTS_01,NO,2026-01-08 02:09:49
CISADM,W1_WARRANTY_TERM,W1C550P0,UNIQUE,NORMAL,VALID,VISIBLE,CISTS_01,NO,2026-01-08 02:26:38
CISADM,W1_WARRANTY_TERM,W1C550S1,UNIQUE,NORMAL,VALID,VISIBLE,CISTS_01,NO,2026-01-08 02:26:38
CISADM,W1_WARRANTY_TERM,W1C550S2,UNIQUE,NORMAL,VALID,VISIBLE,CISTS_01,NO,2026-01-08 02:26:38
CISADM,W1_WARRANTY_TERM,W1C550S3,NONUNIQUE,NORMAL,VALID,VISIBLE,CISTS_01,NO,2026-01-08 02:26:38
CISADM,W1_WARRANTY_TERM_CHAR,W1C552P0,UNIQUE,NORMAL,VALID,VISIBLE,CISTS_01,NO,2026-01-08 02:25:54
CISADM,W1_WARRANTY_TERM_CHAR,W1C552S1,NONUNIQUE,NORMAL,VALID,VISIBLE,CISTS_01,NO,2026-01-08 02:25:54
CISADM,W1_WARRANTY_TERM_DOCUMENT,W1C553P0,UNIQUE,NORMAL,VALID,VISIBLE,CISTS_01,NO,2026-01-08 02:26:36
CISADM,W1_WARRANTY_TERM_L,W1C551P0,UNIQUE,NORMAL,VALID,VISIBLE,CISTS_01,NO,2026-01-08 02:26:44
CISADM,W1_WO,W1T232P0,UNIQUE,NORMAL,VALID,VISIBLE,CISTS_01,NO,2026-01-08 02:15:57
CISADM,W1_WO,W1T232S1,NONUNIQUE,NORMAL,VALID,VISIBLE,CISTS_01,NO,2026-01-08 02:15:57
CISADM,W1_WO,W1T232S10,NONUNIQUE,NORMAL,VALID,VISIBLE,CISTS_01,NO,2026-01-08 02:15:56
CISADM,W1_WO,W1T232S11,NONUNIQUE,NORMAL,VALID,VISIBLE,CISTS_01,NO,2026-01-08 02:15:56
CISADM,W1_WO,W1T232S12,NONUNIQUE,NORMAL,VALID,VISIBLE,CISTS_01,NO,2026-01-08 02:15:56
CISADM,W1_WO,W1T232S13,UNIQUE,NORMAL,VALID,VISIBLE,CISTS_01,NO,2026-01-08 02:15:56
CISADM,W1_WO,W1T232S14,NONUNIQUE,NORMAL,VALID,VISIBLE,CISTS_01,NO,2026-01-08 02:15:56
CISADM,W1_WO,W1T232S2,NONUNIQUE,NORMAL,VALID,VISIBLE,CISTS_01,NO,2026-01-08 02:15:56
CISADM,W1_WO,W1T232S3,NONUNIQUE,NORMAL,VALID,VISIBLE,CISTS_01,NO,2026-01-08 02:15:56
CISADM,W1_WO,W1T232S4,NONUNIQUE,NORMAL,VALID,VISIBLE,CISTS_01,NO,2026-01-08 02:15:56
CISADM,W1_WO,W1T232S5,NONUNIQUE,NORMAL,VALID,VISIBLE,CISTS_01,NO,2026-01-08 02:15:57
CISADM,W1_WO,W1T232S6,UNIQUE,NORMAL,VALID,VISIBLE,CISTS_01,NO,2026-01-08 02:15:56
CISADM,W1_WO,W1T232S7,NONUNIQUE,NORMAL,VALID,VISIBLE,CISTS_01,NO,2026-01-08 02:15:56
CISADM,W1_WO,W1T232S8,NONUNIQUE,NORMAL,VALID,VISIBLE,CISTS_01,NO,2026-01-08 02:15:56
CISADM,W1_WO,W1T232S9,NONUNIQUE,NORMAL,VALID,VISIBLE,CISTS_01,NO,2026-01-08 02:15:56
CISADM,W1_WORK_CAL,W1C652P0,UNIQUE,NORMAL,VALID,VISIBLE,CISTS_01,NO,2026-01-08 02:26:12
CISADM,W1_WORK_CAL_L,W1C653P0,UNIQUE,NORMAL,VALID,VISIBLE,CISTS_01,NO,2026-01-08 02:26:31
CISADM,W1_WORK_CAL_SCHED_DATE,W1C654P0,UNIQUE,NORMAL,VALID,VISIBLE,CISTS_01,NO,2026-01-08 02:26:26
CISADM,W1_WORK_CATEGORY,W1C818P0,UNIQUE,NORMAL,VALID,VISIBLE,CISTS_01,NO,2026-01-08 02:25:49
CISADM,W1_WORK_CATEGORY_CHAR,W1C820P0,UNIQUE,NORMAL,VALID,VISIBLE,CISTS_01,NO,2026-01-08 02:26:17
CISADM,W1_WORK_CATEGORY_CHAR,W1C820S1,NONUNIQUE,NORMAL,VALID,VISIBLE,CISTS_01,NO,2026-01-08 02:26:17
CISADM,W1_WORK_CATEGORY_L,W1C819P0,UNIQUE,NORMAL,VALID,VISIBLE,CISTS_01,NO,2026-01-08 02:25:53
CISADM,W1_WORK_CLASS,W1C821P0,UNIQUE,NORMAL,VALID,VISIBLE,CISTS_01,NO,2026-01-08 02:26:40
CISADM,W1_WORK_CLASS_CHAR,W1C823P0,UNIQUE,NORMAL,VALID,VISIBLE,CISTS_01,NO,2026-01-08 02:25:56
CISADM,W1_WORK_CLASS_L,W1C822P0,UNIQUE,NORMAL,VALID,VISIBLE,CISTS_01,NO,2026-01-08 02:26:03
CISADM,W1_WORK_CLASS_WORK_CATEGORY,W1C824P0,UNIQUE,NORMAL,VALID,VISIBLE,CISTS_01,NO,2026-01-08 02:26:14
CISADM,W1_WORK_DESIGN,W1T787P0,UNIQUE,NORMAL,VALID,VISIBLE,CISTS_01,NO,2026-01-08 02:10:45
CISADM,W1_WORK_DESIGN,W1T787S1,NONUNIQUE,NORMAL,VALID,VISIBLE,CISTS_01,NO,2026-01-08 02:10:45
CISADM,W1_WORK_DESIGN_CHAR,W1M790P0,UNIQUE,NORMAL,VALID,VISIBLE,CISTS_01,NO,2026-01-08 02:12:27
CISADM,W1_WORK_DESIGN_DOCUMENT,W1M794P0,UNIQUE,NORMAL,VALID,VISIBLE,CISTS_01,NO,2026-01-08 02:10:45
CISADM,W1_WORK_DESIGN_IDENTIFIER,W1M791P0,UNIQUE,NORMAL,VALID,VISIBLE,CISTS_01,NO,2026-01-08 02:09:22
CISADM,W1_WORK_DESIGN_K,W1T805P0,UNIQUE,IOT - TOP,VALID,VISIBLE,CISTS_01,NO,2026-01-07 21:35:44
CISADM,W1_WORK_DESIGN_LOG,W1M792P0,UNIQUE,NORMAL,VALID,VISIBLE,CISTS_01,NO,2026-01-08 02:09:02
CISADM,W1_WORK_DESIGN_LOG_PARM,W1M793P0,UNIQUE,NORMAL,VALID,VISIBLE,CISTS_01,NO,2026-01-08 02:12:28
CISADM,W1_WORK_DESIGN_NOTE,W1M795P0,UNIQUE,NORMAL,VALID,VISIBLE,CISTS_01,NO,2026-01-08 02:09:33
CISADM,W1_WORK_DESIGN_OTHER_COST,W1T789P0,UNIQUE,NORMAL,VALID,VISIBLE,CISTS_01,NO,2026-01-08 02:15:04
CISADM,W1_WORK_DESIGN_RSRC_COST,W1T788P0,UNIQUE,NORMAL,VALID,VISIBLE,CISTS_01,NO,2026-01-08 02:09:33
CISADM,W1_WORK_LOC,W1M721P0,UNIQUE,NORMAL,VALID,VISIBLE,CISTS_01,NO,2026-01-08 02:08:54
CISADM,W1_WORK_LOC_CHAR,W1M723P0,UNIQUE,NORMAL,VALID,VISIBLE,CISTS_01,NO,2026-01-08 02:14:22
CISADM,W1_WORK_LOC_CHAR,W1M723S0,NONUNIQUE,NORMAL,VALID,VISIBLE,CISTS_01,NO,2026-01-08 02:14:21
CISADM,W1_WORK_LOC_IDENTIFIER,W1M725P0,UNIQUE,NORMAL,VALID,VISIBLE,CISTS_01,NO,2026-01-08 02:10:37
CISADM,W1_WORK_LOC_IDENTIFIER,W1M725S0,NONUNIQUE,NORMAL,VALID,VISIBLE,CISTS_01,NO,2026-01-08 02:10:37
CISADM,W1_WORK_LOC_IDENTIFIER,W1M725S1,NONUNIQUE,FUNCTION-BASED NORMAL,VALID,VISIBLE,CISTS_01,NO,2026-01-08 02:16:34
CISADM,W1_WORK_LOC_K,W1M726P0,UNIQUE,IOT - TOP,VALID,VISIBLE,CISTS_01,NO,2026-01-07 21:35:45
CISADM,W1_WORK_LOC_LOG,W1M722P0,UNIQUE,NORMAL,VALID,VISIBLE,CISTS_01,NO,2026-01-08 02:15:07
CISADM,W1_WORK_LOC_LOG_PARM,W1M724P0,UNIQUE,NORMAL,VALID,VISIBLE,CISTS_01,NO,2026-01-08 02:15:19
CISADM,W1_WORK_REQ,W1T298P0,UNIQUE,NORMAL,VALID,VISIBLE,CISTS_01,NO,2026-01-08 02:13:21
CISADM,W1_WORK_REQ,W1T298S1,UNIQUE,NORMAL,VALID,VISIBLE,CISTS_01,NO,2026-01-08 02:13:21
CISADM,W1_WORK_REQ,W1T298S2,NONUNIQUE,NORMAL,VALID,VISIBLE,CISTS_01,NO,2026-01-08 02:13:21
CISADM,W1_WORK_REQ,W1T298S3,NONUNIQUE,NORMAL,VALID,VISIBLE,CISTS_01,NO,2026-01-08 02:13:21
CISADM,W1_WORK_REQ,W1T298S4,NONUNIQUE,NORMAL,VALID,VISIBLE,CISTS_01,NO,2026-01-08 02:13:21
CISADM,W1_WORK_REQ,W1T298S5,NONUNIQUE,NORMAL,VALID,VISIBLE,CISTS_01,NO,2026-01-08 02:13:21
CISADM,W1_WORK_REQ,W1T298S6,NONUNIQUE,NORMAL,VALID,VISIBLE,CISTS_01,NO,2026-01-08 02:13:21
CISADM,W1_WORK_REQ,W1T298S7,NONUNIQUE,NORMAL,VALID,VISIBLE,CISTS_01,NO,2026-01-08 02:13:21
CISADM,W1_WORK_REQ,W1T298S8,NONUNIQUE,NORMAL,VALID,VISIBLE,CISTS_01,NO,2026-01-08 02:13:21
CISADM,W1_WORK_REQ_CHAR,W1T301P0,UNIQUE,NORMAL,VALID,VISIBLE,CISTS_01,NO,2026-01-08 02:15:53
CISADM,W1_WORK_REQ_CHAR,W1T301S1,NONUNIQUE,NORMAL,VALID,VISIBLE,CISTS_01,NO,2026-01-08 02:15:53
CISADM,W1_WORK_REQ_DOCUMENT,W1T305P0,UNIQUE,NORMAL,VALID,VISIBLE,CISTS_01,NO,2026-01-08 02:08:16
CISADM,W1_WORK_REQ_IDENTIFIER,W1T299P0,UNIQUE,NORMAL,VALID,VISIBLE,CISTS_01,NO,2026-01-08 02:09:31
CISADM,W1_WORK_REQ_IDENTIFIER,W1T299S0,NONUNIQUE,NORMAL,VALID,VISIBLE,CISTS_01,NO,2026-01-08 02:09:31
CISADM,W1_WORK_REQ_IDENTIFIER,W1T299S1,NONUNIQUE,FUNCTION-BASED NORMAL,VALID,VISIBLE,CISTS_01,NO,2026-01-08 02:16:36
CISADM,W1_WORK_REQ_K,W1T300P0,UNIQUE,IOT - TOP,VALID,VISIBLE,CISTS_01,NO,2026-01-07 21:35:45
CISADM,W1_WORK_REQ_LOG,W1T302P0,UNIQUE,NORMAL,VALID,VISIBLE,CISTS_01,NO,2026-01-08 02:13:41
CISADM,W1_WORK_REQ_LOG_PARM,W1T303P0,UNIQUE,NORMAL,VALID,VISIBLE,CISTS_01,NO,2026-01-08 02:15:12
CISADM,W1_WORK_REQ_PHONE,W1T304P0,UNIQUE,NORMAL,VALID,VISIBLE,CISTS_01,NO,2026-01-08 02:12:44
CISADM,W1_WORK_REQ_PHONE,W1T304S1,NONUNIQUE,NORMAL,VALID,VISIBLE,CISTS_01,NO,2026-01-08 02:12:44
CISADM,W1_WO_CHAR,W1T234P0,UNIQUE,NORMAL,VALID,VISIBLE,CISTS_01,NO,2026-01-08 02:09:30
CISADM,W1_WO_CHAR,W1T234S1,NONUNIQUE,NORMAL,VALID,VISIBLE,CISTS_01,NO,2026-01-08 02:09:30
CISADM,W1_WO_COST_CENTER,W1T498P0,UNIQUE,NORMAL,VALID,VISIBLE,CISTS_01,NO,2026-01-08 02:16:16
CISADM,W1_WO_IDENTIFIER,W1T233P0,UNIQUE,NORMAL,VALID,VISIBLE,CISTS_01,NO,2026-01-08 02:12:51
CISADM,W1_WO_IDENTIFIER,W1T233S0,NONUNIQUE,NORMAL,VALID,VISIBLE,CISTS_01,NO,2026-01-08 02:12:51
CISADM,W1_WO_IDENTIFIER,W1T233S1,NONUNIQUE,FUNCTION-BASED NORMAL,VALID,VISIBLE,CISTS_01,NO,2026-01-08 02:16:39
CISADM,W1_WO_K,W1T481P0,UNIQUE,IOT - TOP,VALID,VISIBLE,CISTS_01,NO,2026-01-07 21:35:46
CISADM,W1_WO_LOG,W1T235P0,UNIQUE,NORMAL,VALID,VISIBLE,CISTS_01,NO,2026-01-08 02:14:32
CISADM,W1_WO_LOG,W1T235S1,NONUNIQUE,NORMAL,VALID,VISIBLE,CISTS_01,NO,2026-01-08 02:14:32
CISADM,W1_WO_LOG,W1T235S2,NONUNIQUE,NORMAL,VALID,VISIBLE,CISTS_01,NO,2026-01-08 02:14:32
CISADM,W1_WO_LOG_PARM,W1T236P0,UNIQUE,NORMAL,VALID,VISIBLE,CISTS_01,NO,2026-01-08 02:09:11
CISADM,W1_WO_NOTE,W1T364P0,UNIQUE,NORMAL,VALID,VISIBLE,CISTS_01,NO,2026-01-08 02:16:10
