INDEX_OWNER,TABLE_NAME,INDEX_NAME,COLUMN_POSITION,COLUMN_NAME,DESCEND
CISADM,C0_INSTALLATION,XC790P0,1,INSTALL_OPT_ID,ASC
CISADM,C1_BI_FTGL_MONTHLY_A,C1T159P0,1,ACCOUNTING_MONTH,ASC
CISADM,C1_BI_FTGL_MONTHLY_A,C1T159P0,2,GL_DIVISION,ASC
CISADM,C1_BI_FTGL_MONTHLY_A,C1T159P0,3,CIS_DIVISION,ASC
CISADM,C1_BI_FTGL_MONTHLY_A,C1T159P0,4,CUST_CL_CD,ASC
CISADM,C1_BI_FTGL_MONTHLY_A,C1T159P0,5,SA_TYPE_CD,ASC
CISADM,C1_BI_FTGL_MONTHLY_A,C1T159P0,6,RS_CD,ASC
CISADM,C1_BI_FTGL_MONTHLY_A,C1T159P0,7,FT_TYPE_FLG,ASC
CISADM,C1_BI_FTGL_MONTHLY_A,C1T159P0,8,GL_ACCT,ASC
CISADM,C1_BI_FTGL_MONTHLY_A,C1T159P0,9,DST_ID,ASC
CISADM,C1_BI_FT_MONTHLY_A,C1T158P0,1,ACCOUNTING_MONTH,ASC
CISADM,C1_BI_FT_MONTHLY_A,C1T158P0,2,GL_DIVISION,ASC
CISADM,C1_BI_FT_MONTHLY_A,C1T158P0,3,CIS_DIVISION,ASC
CISADM,C1_BI_FT_MONTHLY_A,C1T158P0,4,CUST_CL_CD,ASC
CISADM,C1_BI_FT_MONTHLY_A,C1T158P0,5,SA_TYPE_CD,ASC
CISADM,C1_BI_FT_MONTHLY_A,C1T158P0,6,RS_CD,ASC
CISADM,C1_BI_FT_MONTHLY_A,C1T158P0,7,FT_TYPE_FLG,ASC
CISADM,C1_BI_SA_SNAPSHOT,C1M020P0,1,SA_ID,ASC
CISADM,C1_BI_SA_SNAPSHOT,C1M020P0,2,C1_SNAPSHOT_DT,ASC
CISADM,C1_BI_SA_SNAPSHOT,C1M020P0,3,C1_SNAPSHOT_TYPE_FLG,ASC
CISADM,C1_BI_SA_SNAPSHOT,C1M020S1,1,SA_ID,ASC
CISADM,C1_BI_SA_SNAPSHOT,C1M020S2,1,ACCT_ID,ASC
CISADM,C1_BI_SA_SNAPSHOT,C1M020S3,1,PER_ID,ASC
CISADM,C1_BI_SA_SNAPSHOT,C1M020S4,1,CURRENCY_CD,ASC
CISADM,C1_CALC_GRP,C1C012P0,1,CALC_GRP_CD,ASC
CISADM,C1_CALC_GRP,C1C012S1,1,BUS_OBJ_CD,ASC
CISADM,C1_CALC_GRP_CHAR,C1C011P0,1,CALC_GRP_CD,ASC
CISADM,C1_CALC_GRP_CHAR,C1C011P0,2,CHAR_TYPE_CD,ASC
CISADM,C1_CALC_GRP_CHAR,C1C011P0,3,SEQ_NUM,ASC
CISADM,C1_CALC_GRP_CHAR,C1C011S1,1,SRCH_CHAR_VAL,ASC
CISADM,C1_CALC_GRP_L,C1C013P0,1,CALC_GRP_CD,ASC
CISADM,C1_CALC_GRP_L,C1C013P0,2,LANGUAGE_CD,ASC
CISADM,C1_CALC_RULE,C1C016P0,1,CALC_GRP_CD,ASC
CISADM,C1_CALC_RULE,C1C016P0,2,CALC_RULE_CD,ASC
CISADM,C1_CALC_RULE,C1C016S1,1,BUS_OBJ_CD,ASC
CISADM,C1_CALC_RULE_CHAR,C1C022P0,1,CALC_GRP_CD,ASC
CISADM,C1_CALC_RULE_CHAR,C1C022P0,2,CALC_RULE_CD,ASC
CISADM,C1_CALC_RULE_CHAR,C1C022P0,3,CHAR_TYPE_CD,ASC
CISADM,C1_CALC_RULE_CHAR,C1C022S1,1,SRCH_CHAR_VAL,ASC
CISADM,C1_CALC_RULE_CRT,C1C023P0,1,CALC_GRP_CD,ASC
CISADM,C1_CALC_RULE_CRT,C1C023P0,2,CALC_RULE_CD,ASC
CISADM,C1_CALC_RULE_CRT,C1C023P0,3,CR_CRT_EXEC_SEQ,ASC
CISADM,C1_CALC_RULE_CRT,C1C023S1,1,BUS_OBJ_CD,ASC
CISADM,C1_CALC_RULE_CRT_CHAR,C1C025P0,1,CALC_GRP_CD,ASC
CISADM,C1_CALC_RULE_CRT_CHAR,C1C025P0,2,CALC_RULE_CD,ASC
CISADM,C1_CALC_RULE_CRT_CHAR,C1C025P0,3,CR_CRT_EXEC_SEQ,ASC
CISADM,C1_CALC_RULE_CRT_CHAR,C1C025P0,4,CHAR_TYPE_CD,ASC
CISADM,C1_CALC_RULE_CRT_CHAR,C1C025P0,5,SEQ_NUM,ASC
CISADM,C1_CALC_RULE_CRT_CHAR,C1C025S1,1,SRCH_CHAR_VAL,ASC
CISADM,C1_CALC_RULE_CRT_L,C1C024P0,1,CALC_GRP_CD,ASC
CISADM,C1_CALC_RULE_CRT_L,C1C024P0,2,CALC_RULE_CD,ASC
CISADM,C1_CALC_RULE_CRT_L,C1C024P0,3,CR_CRT_EXEC_SEQ,ASC
CISADM,C1_CALC_RULE_CRT_L,C1C024P0,4,LANGUAGE_CD,ASC
CISADM,C1_CALC_RULE_L,C1C021P0,1,CALC_GRP_CD,ASC
CISADM,C1_CALC_RULE_L,C1C021P0,2,CALC_RULE_CD,ASC
CISADM,C1_CALC_RULE_L,C1C021P0,3,LANGUAGE_CD,ASC
CISADM,C1_CALC_RULE_MBR_CAT,C1C017P0,1,CALC_GRP_CD,ASC
CISADM,C1_CALC_RULE_MBR_CAT,C1C017P0,2,CALC_RULE_CD,ASC
CISADM,C1_CALC_RULE_MBR_CAT,C1C017P0,3,CL_CAT_TYPE_CD,ASC
CISADM,C1_CALC_RULE_MBR_CAT,C1C017P0,4,CL_CAT_VAL,ASC
CISADM,C1_CALC_RULE_TRGT_CAT,C1C020P0,1,CALC_GRP_CD,ASC
CISADM,C1_CALC_RULE_TRGT_CAT,C1C020P0,2,CALC_RULE_CD,ASC
CISADM,C1_CALC_RULE_TRGT_CAT,C1C020P0,3,CL_CAT_TYPE_CD,ASC
CISADM,C1_CALC_RULE_TRGT_CAT,C1C020P0,4,CL_CAT_VAL,ASC
CISADM,C1_CIS_DIV_RTYP,C1C005P0,1,CIS_DIVISION,ASC
CISADM,C1_CIS_DIV_RTYP,C1C005P0,2,BILL_RTE_TYPE_CD,ASC
CISADM,C1_CIS_DIV_RTYP,C1C005P0,3,QTE_RTE_TYPE_CD,ASC
CISADM,C1_CIS_DIV_RTYP,C1C005P0,4,APAY_RTE_TYPE_CD,ASC
CISADM,C1_CIS_DIV_SEQ_CHAR,C1C006P0,1,CIS_DIVISION,ASC
CISADM,C1_CIS_DIV_SEQ_CHAR,C1C006P0,2,CHAR_TYPE_CD,ASC
CISADM,C1_CIS_DIV_SEQ_CHAR,C1C006P0,3,SEQ_NUM,ASC
CISADM,C1_CIS_DIV_SEQ_CHAR,C1C006S1,1,SRCH_CHAR_VAL,ASC
CISADM,C1_CL_CAT_TYPE,C1C026P0,1,CL_CAT_TYPE_CD,ASC
CISADM,C1_CL_CAT_TYPE,C1C026S1,1,BUS_OBJ_CD,ASC
CISADM,C1_CL_CAT_TYPE_CHAR,C1C028P0,1,CL_CAT_TYPE_CD,ASC
CISADM,C1_CL_CAT_TYPE_CHAR,C1C028P0,2,CHAR_TYPE_CD,ASC
CISADM,C1_CL_CAT_TYPE_CHAR,C1C028P0,3,SEQ_NUM,ASC
CISADM,C1_CL_CAT_TYPE_CHAR,C1C028S1,1,SRCH_CHAR_VAL,ASC
CISADM,C1_CL_CAT_TYPE_L,C1C027P0,1,CL_CAT_TYPE_CD,ASC
CISADM,C1_CL_CAT_TYPE_L,C1C027P0,2,LANGUAGE_CD,ASC
CISADM,C1_CL_CAT_VAL,C1C029P0,1,CL_CAT_TYPE_CD,ASC
CISADM,C1_CL_CAT_VAL,C1C029P0,2,CL_CAT_VAL,ASC
CISADM,C1_CL_CAT_VAL_L,C1C030P0,1,CL_CAT_TYPE_CD,ASC
CISADM,C1_CL_CAT_VAL_L,C1C030P0,2,CL_CAT_VAL,ASC
CISADM,C1_CL_CAT_VAL_L,C1C030P0,3,LANGUAGE_CD,ASC
CISADM,C1_COMM_RTE_TYPE,C1C077P0,1,COMM_RTE_TYPE_CD,ASC
CISADM,C1_COMM_RTE_TYPE,C1C077S1,1,BUS_OBJ_CD,ASC
CISADM,C1_COMM_RTE_TYPE_CHAR,C1C076P0,1,COMM_RTE_TYPE_CD,ASC
CISADM,C1_COMM_RTE_TYPE_CHAR,C1C076P0,2,CHAR_TYPE_CD,ASC
CISADM,C1_COMM_RTE_TYPE_CHAR,C1C076P0,3,SEQ_NUM,ASC
CISADM,C1_COMM_RTE_TYPE_CHAR,C1C076S1,1,SRCH_CHAR_VAL,ASC
CISADM,C1_COMM_RTE_TYPE_DVTYP,C1C066P0,1,COMM_RTE_TYPE_CD,ASC
CISADM,C1_COMM_RTE_TYPE_DVTYP,C1C066P0,2,C1_SS_DELIVERY_TYPE,ASC
CISADM,C1_COMM_RTE_TYPE_L,C1C065P0,1,COMM_RTE_TYPE_CD,ASC
CISADM,C1_COMM_RTE_TYPE_L,C1C065P0,2,LANGUAGE_CD,ASC
CISADM,C1_CONT,C1M017P0,1,CONT_ID,ASC
CISADM,C1_CONT,C1M017S1,1,CONT_ID,ASC
CISADM,C1_CONT,C1M017S1,2,BUS_OBJ_CD,ASC
CISADM,C1_CONT,C1M017S1,3,BO_STATUS_CD,ASC
CISADM,C1_CONT,C1M017S2,1,CONT_TYPE_CD,ASC
CISADM,C1_CONT,C1M017S2,2,CONT_ID,ASC
CISADM,C1_CONT_CHAR,C1T029P0,1,CONT_ID,ASC
CISADM,C1_CONT_CHAR,C1T029P0,2,CHAR_TYPE_CD,ASC
CISADM,C1_CONT_CHAR,C1T029P0,3,EFF_DT,ASC
CISADM,C1_CONT_CHAR,C1T029S1,1,SRCH_CHAR_VAL,ASC
CISADM,C1_CONT_ID,C1T028P0,1,CONT_ID,ASC
CISADM,C1_CONT_ID,C1T028P0,2,CONT_ID_TYPE_FLG,ASC
CISADM,C1_CONT_ID,C1T028S1,1,CONT_ID_VALUE,ASC
CISADM,C1_CONT_ID,C1T028S1,2,CONT_ID_TYPE_FLG,ASC
CISADM,C1_CONT_K,C1M019P0,1,CONT_ID,ASC
CISADM,C1_CONT_K,C1M019P0,2,ENV_ID,ASC
CISADM,C1_CONT_LOG,C1T034P0,1,CONT_ID,ASC
CISADM,C1_CONT_LOG,C1T034P0,2,SEQNO,ASC
CISADM,C1_CONT_LOG,C1T034S1,1,CHAR_TYPE_CD,ASC
CISADM,C1_CONT_LOG,C1T034S1,2,CHAR_VAL,ASC
CISADM,C1_CONT_LOG,C1T034S2,1,CHAR_TYPE_CD,ASC
CISADM,C1_CONT_LOG,C1T034S2,2,CHAR_VAL_FK1,ASC
CISADM,C1_CONT_LOG_PARM,C1T035P0,1,CONT_ID,ASC
CISADM,C1_CONT_LOG_PARM,C1T035P0,2,SEQNO,ASC
CISADM,C1_CONT_LOG_PARM,C1T035P0,3,PARM_SEQ,ASC
CISADM,C1_CONT_MS,C1T030P0,1,CONT_ID,ASC
CISADM,C1_CONT_MS,C1T030P0,2,CONT_MS_TYPE_CD,ASC
CISADM,C1_CONT_MS,C1T030P0,3,CONT_MS_DT,ASC
CISADM,C1_CONT_MS,C1T030S1,1,CONT_ID,ASC
CISADM,C1_CONT_MS,C1T030S2,1,CONT_MS_TYPE_CD,ASC
CISADM,C1_CONT_MS,C1T030S2,2,CONT_ID,ASC
CISADM,C1_CONT_MS_PROD,C1T031P0,1,CONT_ID,ASC
CISADM,C1_CONT_MS_PROD,C1T031P0,2,CONT_MS_TYPE_CD,ASC
CISADM,C1_CONT_MS_PROD,C1T031P0,3,CONT_MS_DT,ASC
CISADM,C1_CONT_MS_PROD,C1T031P0,4,CONT_PROD_ID,ASC
CISADM,C1_CONT_MS_PROD,C1T031S1,1,CONT_PROD_ID,ASC
CISADM,C1_CONT_MS_PROD,C1T031S2,1,CONT_MS_TYPE_CD,ASC
CISADM,C1_CONT_MS_PROD,C1T031S2,2,CONT_ID,ASC
CISADM,C1_CONT_MS_TYPE,C1C097P0,1,CONT_MS_TYPE_CD,ASC
CISADM,C1_CONT_MS_TYPE,C1C097S1,1,BUS_OBJ_CD,ASC
CISADM,C1_CONT_MS_TYPE_CHAR,C1C099P0,1,CONT_MS_TYPE_CD,ASC
CISADM,C1_CONT_MS_TYPE_CHAR,C1C099P0,2,CHAR_TYPE_CD,ASC
CISADM,C1_CONT_MS_TYPE_CHAR,C1C099P0,3,SEQ_NUM,ASC
CISADM,C1_CONT_MS_TYPE_CHAR,C1C099S1,1,SRCH_CHAR_VAL,ASC
CISADM,C1_CONT_MS_TYPE_L,C1C098P0,1,CONT_MS_TYPE_CD,ASC
CISADM,C1_CONT_MS_TYPE_L,C1C098P0,2,LANGUAGE_CD,ASC
CISADM,C1_CONT_PROD,C1T032P0,1,CONT_PROD_ID,ASC
CISADM,C1_CONT_PROD,C1T032S1,1,SYS_NC00012$,ASC
CISADM,C1_CONT_PROD,C1T032S2,1,CONT_ID,ASC
CISADM,C1_CONT_PROD,C1T032S3,1,ACCT_ID,ASC
CISADM,C1_CONT_PROD,C1T032S4,1,PROD_VER_ID,ASC
CISADM,C1_CONT_PROD_CHAR,C1T033P0,1,CONT_PROD_ID,ASC
CISADM,C1_CONT_PROD_CHAR,C1T033P0,2,CHAR_TYPE_CD,ASC
CISADM,C1_CONT_PROD_CHAR,C1T033P0,3,SEQ_NUM,ASC
CISADM,C1_CONT_PROD_CHAR,C1T033S1,1,SRCH_CHAR_VAL,ASC
CISADM,C1_CONT_PROD_K,C1T122P0,1,CONT_PROD_ID,ASC
CISADM,C1_CONT_PROD_K,C1T122P0,2,ENV_ID,ASC
CISADM,C1_CONT_RULE,C1C113P0,1,CONT_RULE_CD,ASC
CISADM,C1_CONT_RULE,C1C113S1,1,BUS_OBJ_CD,ASC
CISADM,C1_CONT_RULE_CHAR,C1C115P0,1,CONT_RULE_CD,ASC
CISADM,C1_CONT_RULE_CHAR,C1C115P0,2,CHAR_TYPE_CD,ASC
CISADM,C1_CONT_RULE_CHAR,C1C115P0,3,SEQ_NUM,ASC
CISADM,C1_CONT_RULE_CHAR,C1C115S1,1,SRCH_CHAR_VAL,ASC
CISADM,C1_CONT_RULE_L,C1C116P0,1,CONT_RULE_CD,ASC
CISADM,C1_CONT_RULE_L,C1C116P0,2,LANGUAGE_CD,ASC
CISADM,C1_CONT_TYPE,C1C093P0,1,CONT_TYPE_CD,ASC
CISADM,C1_CONT_TYPE,C1C093S1,1,BUS_OBJ_CD,ASC
CISADM,C1_CONT_TYPE,C1C093S2,1,CONT_BUS_OBJ_CD,ASC
CISADM,C1_CONT_TYPE_CHAR,C1C095P0,1,CONT_TYPE_CD,ASC
CISADM,C1_CONT_TYPE_CHAR,C1C095P0,2,CHAR_TYPE_CD,ASC
CISADM,C1_CONT_TYPE_CHAR,C1C095P0,3,SEQ_NUM,ASC
CISADM,C1_CONT_TYPE_CHAR,C1C095S1,1,SRCH_CHAR_VAL,ASC
CISADM,C1_CONT_TYPE_L,C1C096P0,1,CONT_TYPE_CD,ASC
CISADM,C1_CONT_TYPE_L,C1C096P0,2,LANGUAGE_CD,ASC
CISADM,C1_CONT_TYPE_VALID_PROD,C1C094P0,1,CONT_TYPE_CD,ASC
CISADM,C1_CONT_TYPE_VALID_PROD,C1C094P0,2,PROD_CD,ASC
CISADM,C1_CS_REQ,C1T043P0,1,CS_REQ_ID,ASC
CISADM,C1_CS_REQ,C1T043S1,1,CS_REQ_ID,ASC
CISADM,C1_CS_REQ,C1T043S1,2,BUS_OBJ_CD,ASC
CISADM,C1_CS_REQ,C1T043S1,3,BO_STATUS_CD,ASC
CISADM,C1_CS_REQ,C1T043S2,1,C1_CREATED_BY_USER,ASC
CISADM,C1_CS_REQ,C1T043S3,1,C1_FINAL_USER,ASC
CISADM,C1_CS_REQ,C1T043S4,1,CS_REQ_TYPE_CD,ASC
CISADM,C1_CS_REQ,C1T043S5,1,CS_REQ_EXT_REF_ID,ASC
CISADM,C1_CS_REQ,C1T043S5,2,CS_REQ_ID,ASC
CISADM,C1_CS_REQ,C1T043S6,1,CRE_DTTM,ASC
CISADM,C1_CS_REQ,C1T043S6,2,CS_REQ_ID,ASC
CISADM,C1_CS_REQ_ACCT,C1T079P0,1,CS_REQ_ACCT_ID,ASC
CISADM,C1_CS_REQ_ACCT,C1T079S1,1,CS_REQ_ACCT_ID,ASC
CISADM,C1_CS_REQ_ACCT,C1T079S1,2,BUS_OBJ_CD,ASC
CISADM,C1_CS_REQ_ACCT,C1T079S1,3,BO_STATUS_CD,ASC
CISADM,C1_CS_REQ_ACCT,C1T079S2,1,CS_REQ_ID,ASC
CISADM,C1_CS_REQ_ACCT,C1T079S3,1,MAILING_PREM_ID,ASC
CISADM,C1_CS_REQ_ACCT,C1T079S4,1,ACCT_ID,ASC
CISADM,C1_CS_REQ_ACCT,C1T079S5,1,BILL_PRT_INTERCEPT,ASC
CISADM,C1_CS_REQ_ACCT_ALERT,C1T081P0,1,CS_REQ_ACCT_ID,ASC
CISADM,C1_CS_REQ_ACCT_ALERT,C1T081P0,2,CS_REQ_SEQ_NUM,ASC
CISADM,C1_CS_REQ_ACCT_APAY,C1T082P0,1,CS_REQ_ACCT_ID,ASC
CISADM,C1_CS_REQ_ACCT_APAY,C1T082P0,2,CS_REQ_SEQ_NUM,ASC
CISADM,C1_CS_REQ_ACCT_CHAR,C1T083P0,1,CS_REQ_ACCT_ID,ASC
CISADM,C1_CS_REQ_ACCT_CHAR,C1T083P0,2,CS_REQ_SEQ_NUM,ASC
CISADM,C1_CS_REQ_ACCT_CHAR,C1T083S1,1,SRCH_CHAR_VAL,ASC
CISADM,C1_CS_REQ_ACCT_K,C1T080P0,1,CS_REQ_ACCT_ID,ASC
CISADM,C1_CS_REQ_ACCT_K,C1T080P0,2,ENV_ID,ASC
CISADM,C1_CS_REQ_ACCT_LOG,C1T090P0,1,CS_REQ_ACCT_ID,ASC
CISADM,C1_CS_REQ_ACCT_LOG,C1T090P0,2,SEQNO,ASC
CISADM,C1_CS_REQ_ACCT_LOG,C1T090S1,1,CHAR_TYPE_CD,ASC
CISADM,C1_CS_REQ_ACCT_LOG,C1T090S1,2,CHAR_VAL_FK1,ASC
CISADM,C1_CS_REQ_ACCT_LOG,C1T090S2,1,CHAR_TYPE_CD,ASC
CISADM,C1_CS_REQ_ACCT_LOG,C1T090S2,2,CHAR_VAL,ASC
CISADM,C1_CS_REQ_ACCT_LOG_PARM,C1T091P0,1,CS_REQ_ACCT_ID,ASC
CISADM,C1_CS_REQ_ACCT_LOG_PARM,C1T091P0,2,SEQNO,ASC
CISADM,C1_CS_REQ_ACCT_LOG_PARM,C1T091P0,3,PARM_SEQ,ASC
CISADM,C1_CS_REQ_ACCT_MSG,C1T084P0,1,CS_REQ_ACCT_ID,ASC
CISADM,C1_CS_REQ_ACCT_MSG,C1T084P0,2,CS_REQ_SEQ_NUM,ASC
CISADM,C1_CS_REQ_ACCT_MSG_PARM,C1T085P0,1,CS_REQ_ACCT_ID,ASC
CISADM,C1_CS_REQ_ACCT_MSG_PARM,C1T085P0,2,CS_REQ_SEQ_NUM,ASC
CISADM,C1_CS_REQ_ACCT_MSG_PARM,C1T085P0,3,CS_REQ_MSG_PARM_SEQ,ASC
CISADM,C1_CS_REQ_ACCT_NCD,C1T089P0,1,CS_REQ_ACCT_ID,ASC
CISADM,C1_CS_REQ_ACCT_NCD,C1T089P0,2,CS_REQ_SEQ_NUM,ASC
CISADM,C1_CS_REQ_ACCT_PER,C1T086P0,1,CS_REQ_ACCT_PER_ID,ASC
CISADM,C1_CS_REQ_ACCT_PER,C1T086S1,1,CS_REQ_ACCT_ID,ASC
CISADM,C1_CS_REQ_ACCT_PER,C1T086S2,1,CS_REQ_PER_ID,ASC
CISADM,C1_CS_REQ_ACCT_PER,C1T086S3,1,PER_ID,ASC
CISADM,C1_CS_REQ_ACCT_PER_ADDR,C1T088P0,1,CS_REQ_ACCT_PER_ID,ASC
CISADM,C1_CS_REQ_ACCT_PER_K,C1T087P0,1,CS_REQ_ACCT_PER_ID,ASC
CISADM,C1_CS_REQ_ACCT_PER_K,C1T087P0,2,ENV_ID,ASC
CISADM,C1_CS_REQ_CHAR,C1T044P0,1,CS_REQ_ID,ASC
CISADM,C1_CS_REQ_CHAR,C1T044P0,2,CHAR_TYPE_CD,ASC
CISADM,C1_CS_REQ_CHAR,C1T044P0,3,SEQ_NUM,ASC
CISADM,C1_CS_REQ_CHAR,C1T044S1,1,SRCH_CHAR_VAL,ASC
CISADM,C1_CS_REQ_CONT,C1T055P0,1,CS_REQ_CONT_ID,ASC
CISADM,C1_CS_REQ_CONT,C1T055S1,1,CS_REQ_CONT_ID,ASC
CISADM,C1_CS_REQ_CONT,C1T055S1,2,BUS_OBJ_CD,ASC
CISADM,C1_CS_REQ_CONT,C1T055S1,3,BO_STATUS_CD,ASC
CISADM,C1_CS_REQ_CONT,C1T055S2,1,CS_REQ_ID,ASC
CISADM,C1_CS_REQ_CONT,C1T055S3,1,CONT_ID,ASC
CISADM,C1_CS_REQ_CONT_CHAR,C1T058P0,1,CS_REQ_CONT_ID,ASC
CISADM,C1_CS_REQ_CONT_CHAR,C1T058P0,2,CS_REQ_SEQ_NUM,ASC
CISADM,C1_CS_REQ_CONT_CHAR,C1T058S1,1,SRCH_CHAR_VAL,ASC
CISADM,C1_CS_REQ_CONT_ID,C1T057P0,1,CS_REQ_CONT_ID,ASC
CISADM,C1_CS_REQ_CONT_ID,C1T057P0,2,CS_REQ_SEQ_NUM,ASC
CISADM,C1_CS_REQ_CONT_K,C1T056P0,1,CS_REQ_CONT_ID,ASC
CISADM,C1_CS_REQ_CONT_K,C1T056P0,2,ENV_ID,ASC
CISADM,C1_CS_REQ_CONT_LOG,C1T062P0,1,CS_REQ_CONT_ID,ASC
CISADM,C1_CS_REQ_CONT_LOG,C1T062P0,2,SEQNO,ASC
CISADM,C1_CS_REQ_CONT_LOG,C1T062S1,1,CHAR_TYPE_CD,ASC
CISADM,C1_CS_REQ_CONT_LOG,C1T062S1,2,CHAR_VAL_FK1,ASC
CISADM,C1_CS_REQ_CONT_LOG,C1T062S2,1,CHAR_TYPE_CD,ASC
CISADM,C1_CS_REQ_CONT_LOG,C1T062S2,2,CHAR_VAL,ASC
CISADM,C1_CS_REQ_CONT_LOG_PARM,C1T064P0,1,CS_REQ_CONT_ID,ASC
CISADM,C1_CS_REQ_CONT_LOG_PARM,C1T064P0,2,SEQNO,ASC
CISADM,C1_CS_REQ_CONT_LOG_PARM,C1T064P0,3,PARM_SEQ,ASC
CISADM,C1_CS_REQ_CONT_MS,C1T059P0,1,CS_REQ_CONT_ID,ASC
CISADM,C1_CS_REQ_CONT_MS,C1T059P0,2,CS_REQ_SEQ_NUM,ASC
CISADM,C1_CS_REQ_CONT_MS_PROD,C1T061P0,1,CS_REQ_CONT_ID,ASC
CISADM,C1_CS_REQ_CONT_MS_PROD,C1T061P0,2,CS_REQ_SEQ_NUM,ASC
CISADM,C1_CS_REQ_CONT_MS_PROD,C1T061P0,3,SEQ_NUM,ASC
CISADM,C1_CS_REQ_CONT_MS_PROD,C1T061S1,1,CONT_PROD_ID,ASC
CISADM,C1_CS_REQ_CONT_PROD,C1T065P0,1,CS_REQ_CONT_PROD_ID,ASC
CISADM,C1_CS_REQ_CONT_PROD,C1T065S1,1,CS_REQ_CONT_PROD_ID,ASC
CISADM,C1_CS_REQ_CONT_PROD,C1T065S1,2,BUS_OBJ_CD,ASC
CISADM,C1_CS_REQ_CONT_PROD,C1T065S1,3,BO_STATUS_CD,ASC
CISADM,C1_CS_REQ_CONT_PROD,C1T065S2,1,CS_REQ_ID,ASC
CISADM,C1_CS_REQ_CONT_PROD,C1T065S3,1,CONT_ID,ASC
CISADM,C1_CS_REQ_CONT_PROD,C1T065S4,1,ACCT_ID,ASC
CISADM,C1_CS_REQ_CONT_PROD,C1T065S5,1,CS_REQ_ACCT_ID,ASC
CISADM,C1_CS_REQ_CONT_PROD,C1T065S6,1,CONT_PROD_ID,ASC
CISADM,C1_CS_REQ_CONT_PROD,C1T065S7,1,CS_REQ_CONT_ID,ASC
CISADM,C1_CS_REQ_CONT_PROD_CHAR,C1T067P0,1,CS_REQ_CONT_PROD_ID,ASC
CISADM,C1_CS_REQ_CONT_PROD_CHAR,C1T067P0,2,CS_REQ_SEQ_NUM,ASC
CISADM,C1_CS_REQ_CONT_PROD_CHAR,C1T067S1,1,SRCH_CHAR_VAL,ASC
CISADM,C1_CS_REQ_CONT_PROD_K,C1T066P0,1,CS_REQ_CONT_PROD_ID,ASC
CISADM,C1_CS_REQ_CONT_PROD_K,C1T066P0,2,ENV_ID,ASC
CISADM,C1_CS_REQ_CONT_PROD_LOG,C1T068P0,1,CS_REQ_CONT_PROD_ID,ASC
CISADM,C1_CS_REQ_CONT_PROD_LOG,C1T068P0,2,SEQNO,ASC
CISADM,C1_CS_REQ_CONT_PROD_LOG,C1T068S1,1,CHAR_TYPE_CD,ASC
CISADM,C1_CS_REQ_CONT_PROD_LOG,C1T068S1,2,CHAR_VAL_FK1,ASC
CISADM,C1_CS_REQ_CONT_PROD_LOG,C1T068S2,1,CHAR_TYPE_CD,ASC
CISADM,C1_CS_REQ_CONT_PROD_LOG,C1T068S2,2,CHAR_VAL,ASC
CISADM,C1_CS_REQ_CONT_PROD_LOG_PARM,C1T069P0,1,CS_REQ_CONT_PROD_ID,ASC
CISADM,C1_CS_REQ_CONT_PROD_LOG_PARM,C1T069P0,2,SEQNO,ASC
CISADM,C1_CS_REQ_CONT_PROD_LOG_PARM,C1T069P0,3,PARM_SEQ,ASC
CISADM,C1_CS_REQ_K,C1T048P0,1,CS_REQ_ID,ASC
CISADM,C1_CS_REQ_K,C1T048P0,2,ENV_ID,ASC
CISADM,C1_CS_REQ_LOG,C1T046P0,1,CS_REQ_ID,ASC
CISADM,C1_CS_REQ_LOG,C1T046P0,2,SEQNO,ASC
CISADM,C1_CS_REQ_LOG,C1T046S1,1,CHAR_TYPE_CD,ASC
CISADM,C1_CS_REQ_LOG,C1T046S1,2,CHAR_VAL_FK1,ASC
CISADM,C1_CS_REQ_LOG,C1T046S2,1,CHAR_TYPE_CD,ASC
CISADM,C1_CS_REQ_LOG,C1T046S2,2,CHAR_VAL,ASC
CISADM,C1_CS_REQ_LOG_PARM,C1T047P0,1,CS_REQ_ID,ASC
CISADM,C1_CS_REQ_LOG_PARM,C1T047P0,2,SEQNO,ASC
CISADM,C1_CS_REQ_LOG_PARM,C1T047P0,3,PARM_SEQ,ASC
CISADM,C1_CS_REQ_PER,C1T070P0,1,CS_REQ_PER_ID,ASC
CISADM,C1_CS_REQ_PER,C1T070S1,1,CS_REQ_PER_ID,ASC
CISADM,C1_CS_REQ_PER,C1T070S1,2,BUS_OBJ_CD,ASC
CISADM,C1_CS_REQ_PER,C1T070S1,3,BO_STATUS_CD,ASC
CISADM,C1_CS_REQ_PER,C1T070S2,1,CS_REQ_ID,ASC
CISADM,C1_CS_REQ_PER,C1T070S3,1,PER_ID,ASC
CISADM,C1_CS_REQ_PER_ADDR_SEAS,C1T074P0,1,CS_REQ_PER_ID,ASC
CISADM,C1_CS_REQ_PER_ADDR_SEAS,C1T074P0,2,CS_REQ_SEQ_NUM,ASC
CISADM,C1_CS_REQ_PER_CHAR,C1T075P0,1,CS_REQ_PER_ID,ASC
CISADM,C1_CS_REQ_PER_CHAR,C1T075P0,2,CS_REQ_SEQ_NUM,ASC
CISADM,C1_CS_REQ_PER_CHAR,C1T075S1,1,SRCH_CHAR_VAL,ASC
CISADM,C1_CS_REQ_PER_CONTDET,C1T073P0,1,CS_REQ_PER_ID,ASC
CISADM,C1_CS_REQ_PER_CONTDET,C1T073P0,2,CS_REQ_SEQ_NUM,ASC
CISADM,C1_CS_REQ_PER_ID,C1T072P0,1,CS_REQ_PER_ID,ASC
CISADM,C1_CS_REQ_PER_ID,C1T072P0,2,CS_REQ_SEQ_NUM,ASC
CISADM,C1_CS_REQ_PER_K,C1T021P0,1,CS_REQ_PER_ID,ASC
CISADM,C1_CS_REQ_PER_K,C1T021P0,2,ENV_ID,ASC
CISADM,C1_CS_REQ_PER_LOG,C1T077P0,1,CS_REQ_PER_ID,ASC
CISADM,C1_CS_REQ_PER_LOG,C1T077P0,2,SEQNO,ASC
CISADM,C1_CS_REQ_PER_LOG,C1T077S1,1,CHAR_TYPE_CD,ASC
CISADM,C1_CS_REQ_PER_LOG,C1T077S1,2,CHAR_VAL_FK1,ASC
CISADM,C1_CS_REQ_PER_LOG,C1T077S2,1,CHAR_TYPE_CD,ASC
CISADM,C1_CS_REQ_PER_LOG,C1T077S2,2,CHAR_VAL,ASC
CISADM,C1_CS_REQ_PER_LOG_PARM,C1T078P0,1,CS_REQ_PER_ID,ASC
CISADM,C1_CS_REQ_PER_LOG_PARM,C1T078P0,2,SEQNO,ASC
CISADM,C1_CS_REQ_PER_LOG_PARM,C1T078P0,3,PARM_SEQ,ASC
CISADM,C1_CS_REQ_PER_NAME,C1T071P0,1,CS_REQ_PER_ID,ASC
CISADM,C1_CS_REQ_PER_NAME,C1T071P0,2,CS_REQ_SEQ_NUM,ASC
CISADM,C1_CS_REQ_PER_NAME,C1T071S1,1,ENTITY_NAME_UPR,ASC
CISADM,C1_CS_REQ_PER_NAME,C1T071S1,2,CS_REQ_PER_ID,ASC
CISADM,C1_CS_REQ_PER_NAME,C1T071S1,3,CS_REQ_SEQ_NUM,ASC
CISADM,C1_CS_REQ_PER_NAME,C1T071S2,1,CS_REQ_PER_ID,ASC
CISADM,C1_CS_REQ_PER_NAME,C1T071S2,2,NAME_TYPE_FLG,ASC
CISADM,C1_CS_REQ_PER_NAME,C1T071S2,3,ENTITY_NAME,ASC
CISADM,C1_CS_REQ_PER_NAME,C1T071S3,1,ENTITY_NAME_UPR,ASC
CISADM,C1_CS_REQ_PER_PER,C1T076P0,1,CS_REQ_PER_ID,ASC
CISADM,C1_CS_REQ_PER_PER,C1T076P0,2,CS_REQ_SEQ_NUM,ASC
CISADM,C1_CS_REQ_PREM,C1T092P0,1,CS_REQ_PREM_ID,ASC
CISADM,C1_CS_REQ_PREM,C1T092S1,1,BUS_OBJ_CD,ASC
CISADM,C1_CS_REQ_PREM,C1T092S1,2,BO_STATUS_CD,ASC
CISADM,C1_CS_REQ_PREM,C1T092S1,3,CS_REQ_PREM_ID,ASC
CISADM,C1_CS_REQ_PREM,C1T092S10,1,LL_ID,ASC
CISADM,C1_CS_REQ_PREM,C1T092S2,1,CS_REQ_ID,ASC
CISADM,C1_CS_REQ_PREM,C1T092S3,1,PREM_ID,ASC
CISADM,C1_CS_REQ_PREM,C1T092S4,1,ADDRESS1_UPR,ASC
CISADM,C1_CS_REQ_PREM,C1T092S4,2,CITY_UPR,ASC
CISADM,C1_CS_REQ_PREM,C1T092S4,3,POSTAL,ASC
CISADM,C1_CS_REQ_PREM,C1T092S5,1,CITY_UPR,ASC
CISADM,C1_CS_REQ_PREM,C1T092S5,2,POSTAL,ASC
CISADM,C1_CS_REQ_PREM,C1T092S6,1,POSTAL,ASC
CISADM,C1_CS_REQ_PREM,C1T092S7,1,ADDRESS1_UPR,ASC
CISADM,C1_CS_REQ_PREM,C1T092S8,1,CITY_UPR,ASC
CISADM,C1_CS_REQ_PREM,C1T092S9,1,PRNT_PREM_ID,ASC
CISADM,C1_CS_REQ_PREM_ALT_ADDR,C1T095P0,1,CS_REQ_PREM_ID,ASC
CISADM,C1_CS_REQ_PREM_ALT_ADDR,C1T095P0,2,CS_REQ_SEQ_NUM,ASC
CISADM,C1_CS_REQ_PREM_CHAR,C1T093P0,1,CS_REQ_PREM_ID,ASC
CISADM,C1_CS_REQ_PREM_CHAR,C1T093P0,2,CS_REQ_SEQ_NUM,ASC
CISADM,C1_CS_REQ_PREM_CHAR,C1T093S1,1,SRCH_CHAR_VAL,ASC
CISADM,C1_CS_REQ_PREM_GEO,C1T094P0,1,CS_REQ_PREM_ID,ASC
CISADM,C1_CS_REQ_PREM_GEO,C1T094P0,2,CS_REQ_SEQ_NUM,ASC
CISADM,C1_CS_REQ_PREM_K,C1T098P0,1,CS_REQ_PREM_ID,ASC
CISADM,C1_CS_REQ_PREM_K,C1T098P0,2,ENV_ID,ASC
CISADM,C1_CS_REQ_PREM_LOG,C1T096P0,1,CS_REQ_PREM_ID,ASC
CISADM,C1_CS_REQ_PREM_LOG,C1T096P0,2,SEQNO,ASC
CISADM,C1_CS_REQ_PREM_LOG,C1T096S1,1,CHAR_TYPE_CD,ASC
CISADM,C1_CS_REQ_PREM_LOG,C1T096S1,2,CHAR_VAL_FK1,ASC
CISADM,C1_CS_REQ_PREM_LOG,C1T096S2,1,CHAR_TYPE_CD,ASC
CISADM,C1_CS_REQ_PREM_LOG,C1T096S2,2,CHAR_VAL,ASC
CISADM,C1_CS_REQ_PREM_LOG_PARM,C1T097P0,1,CS_REQ_PREM_ID,ASC
CISADM,C1_CS_REQ_PREM_LOG_PARM,C1T097P0,2,SEQNO,ASC
CISADM,C1_CS_REQ_PREM_LOG_PARM,C1T097P0,3,PARM_SEQ,ASC
CISADM,C1_CS_REQ_REL_OBJ,C1T045P0,1,CS_REQ_ID,ASC
CISADM,C1_CS_REQ_REL_OBJ,C1T045P0,2,CS_REQ_REL_OBJ_TYPE_FLG,ASC
CISADM,C1_CS_REQ_REL_OBJ,C1T045P0,3,SEQ_NUM,ASC
CISADM,C1_CS_REQ_REL_OBJ,C1T045S1,1,MAINT_OBJ_CD,ASC
CISADM,C1_CS_REQ_REL_OBJ,C1T045S1,2,PK_VALUE1,ASC
CISADM,C1_CS_REQ_REL_OBJ,C1T045S1,3,PK_VALUE2,ASC
CISADM,C1_CS_REQ_REL_OBJ,C1T045S2,1,PK_VALUE1,ASC
CISADM,C1_CS_REQ_REL_OBJ,C1T045S2,2,CS_REQ_REL_OBJ_TYPE_FLG,ASC
CISADM,C1_CS_REQ_REL_OBJ,C1T045S2,3,MAINT_OBJ_CD,ASC
CISADM,C1_CS_REQ_SA,C1T141P0,1,CS_REQ_SA_ID,ASC
CISADM,C1_CS_REQ_SA,C1T141S1,1,CS_REQ_SA_ID,ASC
CISADM,C1_CS_REQ_SA,C1T141S1,2,BUS_OBJ_CD,ASC
CISADM,C1_CS_REQ_SA,C1T141S1,3,BO_STATUS_CD,ASC
CISADM,C1_CS_REQ_SA,C1T141S2,1,CS_REQ_ID,ASC
CISADM,C1_CS_REQ_SA,C1T141S3,1,SA_ID,ASC
CISADM,C1_CS_REQ_SA,C1T141S4,1,ACCT_ID,ASC
CISADM,C1_CS_REQ_SA,C1T141S5,1,CHAR_PREM_ID,ASC
CISADM,C1_CS_REQ_SA,C1T141S6,1,ENRL_ID,ASC
CISADM,C1_CS_REQ_SA,C1T141S7,1,CS_REQ_ACCT_ID,ASC
CISADM,C1_CS_REQ_SA,C1T141S8,1,SA_REL_ID,ASC
CISADM,C1_CS_REQ_SA_CHAR,C1T143P0,1,CS_REQ_SA_ID,ASC
CISADM,C1_CS_REQ_SA_CHAR,C1T143P0,2,CS_REQ_SEQ_NUM,ASC
CISADM,C1_CS_REQ_SA_CHAR,C1T143S1,1,SRCH_CHAR_VAL,ASC
CISADM,C1_CS_REQ_SA_CONTERM,C1T151P0,1,CS_REQ_SA_ID,ASC
CISADM,C1_CS_REQ_SA_CONTERM,C1T151P0,2,CS_REQ_SEQ_NUM,ASC
CISADM,C1_CS_REQ_SA_CONT_QTY,C1T149P0,1,CS_REQ_SA_ID,ASC
CISADM,C1_CS_REQ_SA_CONT_QTY,C1T149P0,2,CS_REQ_SEQ_NUM,ASC
CISADM,C1_CS_REQ_SA_COP,C1T153P0,1,CS_REQ_SA_ID,ASC
CISADM,C1_CS_REQ_SA_COP,C1T153P0,2,CS_REQ_SEQ_NUM,ASC
CISADM,C1_CS_REQ_SA_COP_OVRD,C1T154P0,1,CS_REQ_SA_ID,ASC
CISADM,C1_CS_REQ_SA_COP_OVRD,C1T154P0,2,CS_REQ_SEQ_NUM,ASC
CISADM,C1_CS_REQ_SA_COP_OVRD,C1T154P0,3,SEQ_NUM,ASC
CISADM,C1_CS_REQ_SA_K,C1T142P0,1,CS_REQ_SA_ID,ASC
CISADM,C1_CS_REQ_SA_K,C1T142P0,2,ENV_ID,ASC
CISADM,C1_CS_REQ_SA_LOG,C1T156P0,1,CS_REQ_SA_ID,ASC
CISADM,C1_CS_REQ_SA_LOG,C1T156P0,2,SEQNO,ASC
CISADM,C1_CS_REQ_SA_LOG,C1T156S1,1,CHAR_TYPE_CD,ASC
CISADM,C1_CS_REQ_SA_LOG,C1T156S1,2,CHAR_VAL_FK1,ASC
CISADM,C1_CS_REQ_SA_LOG,C1T156S2,1,CHAR_TYPE_CD,ASC
CISADM,C1_CS_REQ_SA_LOG,C1T156S2,2,CHAR_VAL,ASC
CISADM,C1_CS_REQ_SA_LOG_PARM,C1T157P0,1,CS_REQ_SA_ID,ASC
CISADM,C1_CS_REQ_SA_LOG_PARM,C1T157P0,2,SEQNO,ASC
CISADM,C1_CS_REQ_SA_LOG_PARM,C1T157P0,3,PARM_SEQ,ASC
CISADM,C1_CS_REQ_SA_MSG,C1T155P0,1,CS_REQ_SA_ID,ASC
CISADM,C1_CS_REQ_SA_MSG,C1T155P0,2,CS_REQ_SEQ_NUM,ASC
CISADM,C1_CS_REQ_SA_RCHG,C1T150P0,1,CS_REQ_SA_ID,ASC
CISADM,C1_CS_REQ_SA_RCHG,C1T150P0,2,CS_REQ_SEQ_NUM,ASC
CISADM,C1_CS_REQ_SA_RS,C1T148P0,1,CS_REQ_SA_ID,ASC
CISADM,C1_CS_REQ_SA_RS,C1T148P0,2,CS_REQ_SEQ_NUM,ASC
CISADM,C1_CS_REQ_SA_SP,C1T144P0,1,CS_REQ_SA_SP_ID,ASC
CISADM,C1_CS_REQ_SA_SP,C1T144S1,1,CS_REQ_SA_ID,ASC
CISADM,C1_CS_REQ_SA_SP,C1T144S2,1,SA_ID,ASC
CISADM,C1_CS_REQ_SA_SP,C1T144S3,1,SP_ID,ASC
CISADM,C1_CS_REQ_SA_SP,C1T144S4,1,START_MR_ID,ASC
CISADM,C1_CS_REQ_SA_SP,C1T144S5,1,STOP_MR_ID,ASC
CISADM,C1_CS_REQ_SA_SP_CHAR,C1T147P0,1,CS_REQ_SA_SP_ID,ASC
CISADM,C1_CS_REQ_SA_SP_CHAR,C1T147P0,2,CS_REQ_SEQ_NUM,ASC
CISADM,C1_CS_REQ_SA_SP_FA,C1T146P0,1,CS_REQ_SA_SP_ID,ASC
CISADM,C1_CS_REQ_SA_SP_FA,C1T146P0,2,CS_REQ_SEQ_NUM,ASC
CISADM,C1_CS_REQ_SA_SP_FA,C1T146S1,1,CS_REQ_SA_SP_ID,ASC
CISADM,C1_CS_REQ_SA_SP_FA,C1T146S2,1,SA_ID,ASC
CISADM,C1_CS_REQ_SA_SP_FA,C1T146S3,1,SP_ID,ASC
CISADM,C1_CS_REQ_SA_SP_FA,C1T146S4,1,FA_ID,ASC
CISADM,C1_CS_REQ_SA_SP_K,C1T145P0,1,CS_REQ_SA_SP_ID,ASC
CISADM,C1_CS_REQ_SA_SP_K,C1T145P0,2,ENV_ID,ASC
CISADM,C1_CS_REQ_SA_TOU_CONT_VAL,C1T152P0,1,CS_REQ_SA_ID,ASC
CISADM,C1_CS_REQ_SA_TOU_CONT_VAL,C1T152P0,2,CS_REQ_SEQ_NUM,ASC
CISADM,C1_CS_REQ_SA_TOU_CONT_VAL,C1T152P0,3,SEQ_NUM,ASC
CISADM,C1_CS_REQ_SVC_LOC,C1T049P0,1,CS_REQ_SVC_LOC_ID,ASC
CISADM,C1_CS_REQ_SVC_LOC,C1T049S1,1,CS_REQ_SVC_LOC_ID,ASC
CISADM,C1_CS_REQ_SVC_LOC,C1T049S1,2,BUS_OBJ_CD,ASC
CISADM,C1_CS_REQ_SVC_LOC,C1T049S1,3,BO_STATUS_CD,ASC
CISADM,C1_CS_REQ_SVC_LOC,C1T049S2,1,CS_REQ_ID,ASC
CISADM,C1_CS_REQ_SVC_LOC,C1T049S3,1,SP_ID,ASC
CISADM,C1_CS_REQ_SVC_LOC,C1T049S4,1,C1_MKT_RP_ID,ASC
CISADM,C1_CS_REQ_SVC_LOC,C1T049S5,1,PREM_ID,ASC
CISADM,C1_CS_REQ_SVC_LOC,C1T049S6,1,CONT_ID,ASC
CISADM,C1_CS_REQ_SVC_LOC,C1T049S7,1,CS_REQ_PREM_ID,ASC
CISADM,C1_CS_REQ_SVC_LOC,C1T049S8,1,CS_REQ_CONT_ID,ASC
CISADM,C1_CS_REQ_SVC_LOC_CHAR,C1T051P0,1,CS_REQ_SVC_LOC_ID,ASC
CISADM,C1_CS_REQ_SVC_LOC_CHAR,C1T051P0,2,CHAR_TYPE_CD,ASC
CISADM,C1_CS_REQ_SVC_LOC_CHAR,C1T051P0,3,SEQ_NUM,ASC
CISADM,C1_CS_REQ_SVC_LOC_CHAR,C1T051S1,1,SRCH_CHAR_VAL,ASC
CISADM,C1_CS_REQ_SVC_LOC_CONT_PROD,C1T052P0,1,CS_REQ_SVC_LOC_ID,ASC
CISADM,C1_CS_REQ_SVC_LOC_CONT_PROD,C1T052P0,2,CS_REQ_SEQ_NUM,ASC
CISADM,C1_CS_REQ_SVC_LOC_CONT_PROD,C1T052S1,1,CONT_PROD_ID,ASC
CISADM,C1_CS_REQ_SVC_LOC_CONT_PROD,C1T052S2,1,CS_REQ_CONT_PROD_ID,ASC
CISADM,C1_CS_REQ_SVC_LOC_CONT_PROD,C1T052S3,1,CS_REQ_ACCT_ID,ASC
CISADM,C1_CS_REQ_SVC_LOC_CONT_PROD,C1T052S4,1,ACCT_ID,ASC
CISADM,C1_CS_REQ_SVC_LOC_K,C1T050P0,1,CS_REQ_SVC_LOC_ID,ASC
CISADM,C1_CS_REQ_SVC_LOC_K,C1T050P0,2,ENV_ID,ASC
CISADM,C1_CS_REQ_SVC_LOC_LOG,C1T053P0,1,CS_REQ_SVC_LOC_ID,ASC
CISADM,C1_CS_REQ_SVC_LOC_LOG,C1T053P0,2,SEQNO,ASC
CISADM,C1_CS_REQ_SVC_LOC_LOG,C1T053S1,1,CHAR_TYPE_CD,ASC
CISADM,C1_CS_REQ_SVC_LOC_LOG,C1T053S1,2,CHAR_VAL_FK1,ASC
CISADM,C1_CS_REQ_SVC_LOC_LOG,C1T053S2,1,CHAR_TYPE_CD,ASC
CISADM,C1_CS_REQ_SVC_LOC_LOG,C1T053S2,2,CHAR_VAL,ASC
CISADM,C1_CS_REQ_SVC_LOC_LOG_PARM,C1T054P0,1,CS_REQ_SVC_LOC_ID,ASC
CISADM,C1_CS_REQ_SVC_LOC_LOG_PARM,C1T054P0,2,SEQNO,ASC
CISADM,C1_CS_REQ_SVC_LOC_LOG_PARM,C1T054P0,3,PARM_SEQ,ASC
CISADM,C1_CS_REQ_TYPE,C1C110P0,1,CS_REQ_TYPE_CD,ASC
CISADM,C1_CS_REQ_TYPE,C1C110S1,1,BUS_OBJ_CD,ASC
CISADM,C1_CS_REQ_TYPE,C1C110S2,1,CS_REQ_BUS_OBJ_CD,ASC
CISADM,C1_CS_REQ_TYPE_ALG,C1C126P0,1,CS_REQ_TYPE_CD,ASC
CISADM,C1_CS_REQ_TYPE_ALG,C1C126P0,2,CS_REQ_ALG_ENTITY_FLG,ASC
CISADM,C1_CS_REQ_TYPE_ALG,C1C126P0,3,SEQ_NUM,ASC
CISADM,C1_CS_REQ_TYPE_ALG_CUST_CL,C1C136P0,1,CS_REQ_TYPE_CD,ASC
CISADM,C1_CS_REQ_TYPE_ALG_CUST_CL,C1C136P0,2,CS_REQ_ALG_ENTITY_FLG,ASC
CISADM,C1_CS_REQ_TYPE_ALG_CUST_CL,C1C136P0,3,SEQ_NUM,ASC
CISADM,C1_CS_REQ_TYPE_ALG_CUST_CL,C1C136P0,4,CUST_CL_CD,ASC
CISADM,C1_CS_REQ_TYPE_ALG_PER_BUS,C1C135P0,1,CS_REQ_TYPE_CD,ASC
CISADM,C1_CS_REQ_TYPE_ALG_PER_BUS,C1C135P0,2,CS_REQ_ALG_ENTITY_FLG,ASC
CISADM,C1_CS_REQ_TYPE_ALG_PER_BUS,C1C135P0,3,SEQ_NUM,ASC
CISADM,C1_CS_REQ_TYPE_ALG_PER_BUS,C1C135P0,4,PER_OR_BUS_FLG,ASC
CISADM,C1_CS_REQ_TYPE_CHAR,C1C111P0,1,CS_REQ_TYPE_CD,ASC
CISADM,C1_CS_REQ_TYPE_CHAR,C1C111P0,2,CHAR_TYPE_CD,ASC
CISADM,C1_CS_REQ_TYPE_CHAR,C1C111P0,3,SEQ_NUM,ASC
CISADM,C1_CS_REQ_TYPE_CHAR,C1C111S1,1,SRCH_CHAR_VAL,ASC
CISADM,C1_CS_REQ_TYPE_CUST_CL,C1C138P0,1,CS_REQ_TYPE_CD,ASC
CISADM,C1_CS_REQ_TYPE_CUST_CL,C1C138P0,2,CUST_CL_CD,ASC
CISADM,C1_CS_REQ_TYPE_L,C1C112P0,1,CS_REQ_TYPE_CD,ASC
CISADM,C1_CS_REQ_TYPE_L,C1C112P0,2,LANGUAGE_CD,ASC
CISADM,C1_CS_REQ_TYPE_PER_BUS,C1C137P0,1,CS_REQ_TYPE_CD,ASC
CISADM,C1_CS_REQ_TYPE_PER_BUS,C1C137P0,2,PER_OR_BUS_FLG,ASC
CISADM,C1_CS_REQ_TYPE_SVC_LOC_BO,C1C114P0,1,CS_REQ_TYPE_CD,ASC
CISADM,C1_CS_REQ_TYPE_SVC_LOC_BO,C1C114P0,2,C1_MKT_CD,ASC
CISADM,C1_CS_REQ_TYPE_SVC_LOC_BO,C1C114P0,3,CS_REQ_SVC_LOC_ACT_FLG,ASC
CISADM,C1_CUST_REL_REQ,C1T017P0,1,CUST_REL_REQ_ID,ASC
CISADM,C1_CUST_REL_REQ,C1T017S1,1,CUST_REL_REQ_ID,ASC
CISADM,C1_CUST_REL_REQ,C1T017S1,2,BUS_OBJ_CD,ASC
CISADM,C1_CUST_REL_REQ,C1T017S1,3,BO_STATUS_CD,ASC
CISADM,C1_CUST_REL_REQ_CHAR,C1T014P0,1,CUST_REL_REQ_ID,ASC
CISADM,C1_CUST_REL_REQ_CHAR,C1T014P0,2,CHAR_TYPE_CD,ASC
CISADM,C1_CUST_REL_REQ_CHAR,C1T014P0,3,SEQ_NUM,ASC
CISADM,C1_CUST_REL_REQ_CHAR,C1T014S1,1,SRCH_CHAR_VAL,ASC
CISADM,C1_CUST_REL_REQ_K,C1T019P0,1,CUST_REL_REQ_ID,ASC
CISADM,C1_CUST_REL_REQ_K,C1T019P0,2,ENV_ID,ASC
CISADM,C1_CUST_REL_REQ_LOG,C1T015P0,1,CUST_REL_REQ_ID,ASC
CISADM,C1_CUST_REL_REQ_LOG,C1T015P0,2,SEQNO,ASC
CISADM,C1_CUST_REL_REQ_LOG,C1T015S1,1,CHAR_TYPE_CD,ASC
CISADM,C1_CUST_REL_REQ_LOG,C1T015S1,2,CHAR_VAL_FK1,ASC
CISADM,C1_CUST_REL_REQ_LOG,C1T015S2,1,CHAR_TYPE_CD,ASC
CISADM,C1_CUST_REL_REQ_LOG,C1T015S2,2,CHAR_VAL,ASC
CISADM,C1_CUST_REL_REQ_LOG_PARM,C1T016P0,1,CUST_REL_REQ_ID,ASC
CISADM,C1_CUST_REL_REQ_LOG_PARM,C1T016P0,2,SEQNO,ASC
CISADM,C1_CUST_REL_REQ_LOG_PARM,C1T016P0,3,PARM_SEQ,ASC
CISADM,C1_CUST_REL_REQ_REL_OBJ,C1T018P0,1,CUST_REL_REQ_ID,ASC
CISADM,C1_CUST_REL_REQ_REL_OBJ,C1T018P0,2,CRR_REL_OBJ_TY_FLG,ASC
CISADM,C1_CUST_REL_REQ_REL_OBJ,C1T018P0,3,SEQ_NUM,ASC
CISADM,C1_CUST_REL_REQ_TYPE,C1C010P0,1,CUST_REL_REQ_TYPE_CD,ASC
CISADM,C1_CUST_REL_REQ_TYPE_CHAR,C1C009P0,1,CUST_REL_REQ_TYPE_CD,ASC
CISADM,C1_CUST_REL_REQ_TYPE_CHAR,C1C009P0,2,CHAR_TYPE_CD,ASC
CISADM,C1_CUST_REL_REQ_TYPE_CHAR,C1C009P0,3,SEQ_NUM,ASC
CISADM,C1_CUST_REL_REQ_TYPE_CHAR,C1C009S1,1,SRCH_CHAR_VAL,ASC
CISADM,C1_CUST_REL_REQ_TYPE_L,C1C008P0,1,CUST_REL_REQ_TYPE_CD,ASC
CISADM,C1_CUST_REL_REQ_TYPE_L,C1C008P0,2,LANGUAGE_CD,ASC
CISADM,C1_ENRL_CONTDET,C1T011P0,1,C1_ENRL_CONTACT_ID,ASC
CISADM,C1_ENRL_CONTDET,C1T011S1,1,PER_ID,ASC
CISADM,C1_ENRL_CONTDET_K,C1T013P0,1,C1_ENRL_CONTACT_ID,ASC
CISADM,C1_ENRL_CONTDET_K,C1T013P0,2,ENV_ID,ASC
CISADM,C1_INITIATIVE,C1C055P0,1,C1_INITIATIVE_CD,ASC
CISADM,C1_INITIATIVE,C1C328S1,1,BUS_OBJ_CD,ASC
CISADM,C1_INITIATIVE,C1C328S2,1,C1_REPRESENTATIVE_CD,ASC
CISADM,C1_INITIATIVE,C1C328S4,1,C1_PARENT_INITIATIVE_CD,ASC
CISADM,C1_INITIATIVE,C1C335S3,1,C1_INITIATIVE_CD,ASC
CISADM,C1_INITIATIVE,C1C335S3,2,BUS_OBJ_CD,ASC
CISADM,C1_INITIATIVE,C1C335S3,3,BO_STATUS_CD,ASC
CISADM,C1_INITIATIVE,C1C335S5,1,C1_PARENT_INITIATIVE_CD,ASC
CISADM,C1_INITIATIVE,C1C335S5,2,C1_INITIATIVE_CD,ASC
CISADM,C1_INITIATIVE,C1C335S6,1,C1_INITIATIVE_CD,ASC
CISADM,C1_INITIATIVE,C1C335S6,2,C1_PARENT_INITIATIVE_CD,ASC
CISADM,C1_INITIATIVE_CHAR,C1C058P0,1,C1_INITIATIVE_CD,ASC
CISADM,C1_INITIATIVE_CHAR,C1C058P0,2,CHAR_TYPE_CD,ASC
CISADM,C1_INITIATIVE_CHAR,C1C058P0,3,SEQ_NUM,ASC
CISADM,C1_INITIATIVE_CHAR,C1C329S1,1,SRCH_CHAR_VAL,ASC
CISADM,C1_INITIATIVE_CRITERIA,C1C073P0,1,C1_INITIATIVE_CD,ASC
CISADM,C1_INITIATIVE_CRITERIA,C1C073P0,2,C1_INITV_CRITERIA_TYPE_FLG,ASC
CISADM,C1_INITIATIVE_CRITERIA,C1C073P0,3,CR_CRT_EXEC_SEQ,ASC
CISADM,C1_INITIATIVE_CRITERIA,C1C338S1,1,BUS_OBJ_CD,ASC
CISADM,C1_INITIATIVE_CRITERIA_CHAR,C1C075P0,1,C1_INITIATIVE_CD,ASC
CISADM,C1_INITIATIVE_CRITERIA_CHAR,C1C075P0,2,C1_INITV_CRITERIA_TYPE_FLG,ASC
CISADM,C1_INITIATIVE_CRITERIA_CHAR,C1C075P0,3,CR_CRT_EXEC_SEQ,ASC
CISADM,C1_INITIATIVE_CRITERIA_CHAR,C1C075P0,4,CHAR_TYPE_CD,ASC
CISADM,C1_INITIATIVE_CRITERIA_CHAR,C1C075P0,5,SEQ_NUM,ASC
CISADM,C1_INITIATIVE_CRITERIA_CHAR,C1C339S1,1,SRCH_CHAR_VAL,ASC
CISADM,C1_INITIATIVE_CRITERIA_L,C1C074P0,1,C1_INITIATIVE_CD,ASC
CISADM,C1_INITIATIVE_CRITERIA_L,C1C074P0,2,C1_INITV_CRITERIA_TYPE_FLG,ASC
CISADM,C1_INITIATIVE_CRITERIA_L,C1C074P0,3,CR_CRT_EXEC_SEQ,ASC
CISADM,C1_INITIATIVE_CRITERIA_L,C1C074P0,4,LANGUAGE_CD,ASC
CISADM,C1_INITIATIVE_L,C1C057P0,1,C1_INITIATIVE_CD,ASC
CISADM,C1_INITIATIVE_L,C1C057P0,2,LANGUAGE_CD,ASC
CISADM,C1_INITIATIVE_LEAD_DEFN,C1C056P0,1,C1_INITIATIVE_CD,ASC
CISADM,C1_INITIATIVE_LEAD_DEFN,C1C056P0,2,EVT_SEQ,ASC
CISADM,C1_INITIATIVE_LOG,C1C059P0,1,C1_INITIATIVE_CD,ASC
CISADM,C1_INITIATIVE_LOG,C1C059P0,2,SEQNO,ASC
CISADM,C1_INITIATIVE_LOG,C1C330S1,1,CHAR_TYPE_CD,ASC
CISADM,C1_INITIATIVE_LOG,C1C330S1,2,CHAR_VAL_FK1,ASC
CISADM,C1_INITIATIVE_LOG,C1C330S2,1,CHAR_TYPE_CD,ASC
CISADM,C1_INITIATIVE_LOG,C1C330S2,2,CHAR_VAL,ASC
CISADM,C1_INITIATIVE_LOG_PARM,C1C060P0,1,C1_INITIATIVE_CD,ASC
CISADM,C1_INITIATIVE_LOG_PARM,C1C060P0,2,SEQNO,ASC
CISADM,C1_INITIATIVE_LOG_PARM,C1C060P0,3,PARM_SEQ,ASC
CISADM,C1_INITIATIVE_REL_OBJ,C1T119P0,1,C1_INITIATIVE_CD,ASC
CISADM,C1_INITIATIVE_REL_OBJ,C1T119P0,2,MAINT_OBJ_CD,ASC
CISADM,C1_INITIATIVE_REL_OBJ,C1T119P0,3,C1_INTV_REL_OBJ_TYPE_FLG,ASC
CISADM,C1_INITIATIVE_REL_OBJ,C1T119S1,1,MAINT_OBJ_CD,ASC
CISADM,C1_INITIATIVE_REL_OBJ,C1T119S1,2,PK_VALUE1,ASC
CISADM,C1_INITIATIVE_REL_OBJ,C1T119S1,3,PK_VALUE2,ASC
CISADM,C1_INITIATIVE_REL_OBJ,C1T119S1,4,PK_VALUE3,ASC
CISADM,C1_INITIATIVE_REL_OBJ,C1T119S1,5,PK_VALUE4,ASC
CISADM,C1_INITIATIVE_REL_OBJ,C1T119S1,6,PK_VALUE5,ASC
CISADM,C1_INTV_DATA_GTT,C1T060P0,1,INTV_DATA_DTTM,ASC
CISADM,C1_ISS_CTR,XC804P0,1,ISS_CTR_CD,ASC
CISADM,C1_ISS_CTR_CHAR,XC805P0,1,ISS_CTR_CD,ASC
CISADM,C1_ISS_CTR_CHAR,XC805P0,2,CHAR_TYPE_CD,ASC
CISADM,C1_ISS_CTR_CHAR,XC805P0,3,SEQ_NUM,ASC
CISADM,C1_ISS_CTR_CHAR,XC805S1,1,SRCH_CHAR_VAL,ASC
CISADM,C1_ISS_CTR_DTL,XC812P0,1,ISS_CTR_CD,ASC
CISADM,C1_ISS_CTR_DTL,XC812P0,2,SVC_CAT_NAME,ASC
CISADM,C1_ISS_CTR_DTL,XC812P0,3,START_DT,ASC
CISADM,C1_ISS_CTR_L,XC806P0,1,ISS_CTR_CD,ASC
CISADM,C1_ISS_CTR_L,XC806P0,2,LANGUAGE_CD,ASC
CISADM,C1_ISS_CTR_LOG,XC807P0,1,ISS_CTR_CD,ASC
CISADM,C1_ISS_CTR_LOG,XC807P0,2,SEQNO,ASC
CISADM,C1_ISS_CTR_LOG,XC807S1,1,CHAR_TYPE_CD,ASC
CISADM,C1_ISS_CTR_LOG,XC807S1,2,CHAR_VAL_FK1,ASC
CISADM,C1_ISS_CTR_LOG_PARM,XC808P0,1,ISS_CTR_CD,ASC
CISADM,C1_ISS_CTR_LOG_PARM,XC808P0,2,SEQNO,ASC
CISADM,C1_ISS_CTR_LOG_PARM,XC808P0,3,PARM_SEQ,ASC
CISADM,C1_LEAD,C1T108P0,1,C1_LEAD_ID,ASC
CISADM,C1_LEAD,C1T108S1,1,C1_INITIATIVE_CD,ASC
CISADM,C1_LEAD,C1T108S1,2,C1_LEAD_ID,ASC
CISADM,C1_LEAD,C1T108S2,1,BUS_OBJ_CD,ASC
CISADM,C1_LEAD,C1T108S2,2,BO_STATUS_CD,ASC
CISADM,C1_LEAD,C1T108S2,3,C1_LEAD_ID,ASC
CISADM,C1_LEAD,C1T108S3,1,BO_STATUS_REASON_CD,ASC
CISADM,C1_LEAD,C1T108S4,1,C1_FINAL_DTTM,ASC
CISADM,C1_LEAD,C1T108S5,1,C1_REPRESENTATIVE_CD,ASC
CISADM,C1_LEAD,C1T108S5,2,C1_INITIATIVE_CD,ASC
CISADM,C1_LEAD,C1T108S5,3,C1_LEAD_ID,ASC
CISADM,C1_LEAD,C1T108S6,1,THRD_PTY_REP_CD,ASC
CISADM,C1_LEAD,C1T108S6,2,C1_INITIATIVE_CD,ASC
CISADM,C1_LEAD_CHAR,C1T109P0,1,C1_LEAD_ID,ASC
CISADM,C1_LEAD_CHAR,C1T109P0,2,CHAR_TYPE_CD,ASC
CISADM,C1_LEAD_CHAR,C1T109P0,3,SEQ_NUM,ASC
CISADM,C1_LEAD_CHAR,C1T109S1,1,SRCH_CHAR_VAL,ASC
CISADM,C1_LEAD_EVT,C1T113P0,1,C1_LEAD_EVT_ID,ASC
CISADM,C1_LEAD_EVT,C1T113S1,1,C1_LEAD_EVT_TYPE_CD,ASC
CISADM,C1_LEAD_EVT,C1T113S2,1,C1_LEAD_ID,ASC
CISADM,C1_LEAD_EVT,C1T113S3,1,BUS_OBJ_CD,ASC
CISADM,C1_LEAD_EVT,C1T113S3,2,BO_STATUS_CD,ASC
CISADM,C1_LEAD_EVT,C1T113S3,3,C1_LEAD_EVT_ID,ASC
CISADM,C1_LEAD_EVT,C1T113S4,1,C1_FINAL_DTTM,ASC
CISADM,C1_LEAD_EVT,C1T113S5,1,C1_LEAD_ID,ASC
CISADM,C1_LEAD_EVT,C1T113S5,2,TRIGGER_DT,ASC
CISADM,C1_LEAD_EVT,C1T113S5,3,C1_LEAD_EVT_TYPE_CD,ASC
CISADM,C1_LEAD_EVT,C1T113S6,1,C1_LEAD_ID,ASC
CISADM,C1_LEAD_EVT,C1T113S6,2,C1_PRIM_COM_CH_FLG,ASC
CISADM,C1_LEAD_EVT_CHAR,C1T114P0,1,C1_LEAD_EVT_ID,ASC
CISADM,C1_LEAD_EVT_CHAR,C1T114P0,2,CHAR_TYPE_CD,ASC
CISADM,C1_LEAD_EVT_CHAR,C1T114P0,3,SEQ_NUM,ASC
CISADM,C1_LEAD_EVT_CHAR,C1T114S1,1,SRCH_CHAR_VAL,ASC
CISADM,C1_LEAD_EVT_K,C1T118P0,1,C1_LEAD_EVT_ID,ASC
CISADM,C1_LEAD_EVT_K,C1T118P0,2,ENV_ID,ASC
CISADM,C1_LEAD_EVT_LOG,C1T115P0,1,C1_LEAD_EVT_ID,ASC
CISADM,C1_LEAD_EVT_LOG,C1T115P0,2,SEQNO,ASC
CISADM,C1_LEAD_EVT_LOG,C1T115S1,1,CHAR_TYPE_CD,ASC
CISADM,C1_LEAD_EVT_LOG,C1T115S1,2,CHAR_VAL_FK1,ASC
CISADM,C1_LEAD_EVT_LOG,C1T115S2,1,CHAR_TYPE_CD,ASC
CISADM,C1_LEAD_EVT_LOG,C1T115S2,2,CHAR_VAL,ASC
CISADM,C1_LEAD_EVT_LOG_PARM,C1T116P0,1,C1_LEAD_EVT_ID,ASC
CISADM,C1_LEAD_EVT_LOG_PARM,C1T116P0,2,SEQNO,ASC
CISADM,C1_LEAD_EVT_LOG_PARM,C1T116P0,3,PARM_SEQ,ASC
CISADM,C1_LEAD_EVT_STEP,C1T063P0,1,LEAD_EVT_STEP_ID,ASC
CISADM,C1_LEAD_EVT_STEP,C1T063S1,1,C1_LEAD_EVT_TYPE_CD,ASC
CISADM,C1_LEAD_EVT_STEP,C1T063S1,2,LEAD_EVT_STEP_TYPE_CD,ASC
CISADM,C1_LEAD_EVT_STEP,C1T063S1,3,LEAD_EVT_STEP_SEQ,ASC
CISADM,C1_LEAD_EVT_STEP,C1T063S2,1,C1_LEAD_EVT_ID,ASC
CISADM,C1_LEAD_EVT_STEP_K,C1T120P0,1,LEAD_EVT_STEP_ID,ASC
CISADM,C1_LEAD_EVT_STEP_K,C1T120P0,2,ENV_ID,ASC
CISADM,C1_LEAD_EVT_TYPE,C1C052P0,1,C1_LEAD_EVT_TYPE_CD,ASC
CISADM,C1_LEAD_EVT_TYPE,C1C326S1,1,BUS_OBJ_CD,ASC
CISADM,C1_LEAD_EVT_TYPE,C1C326S2,1,TRANS_BUS_OBJ_CD,ASC
CISADM,C1_LEAD_EVT_TYPE_CHAR,C1C054P0,1,C1_LEAD_EVT_TYPE_CD,ASC
CISADM,C1_LEAD_EVT_TYPE_CHAR,C1C054P0,2,CHAR_TYPE_CD,ASC
CISADM,C1_LEAD_EVT_TYPE_CHAR,C1C054P0,3,SEQ_NUM,ASC
CISADM,C1_LEAD_EVT_TYPE_CHAR,C1C327S1,1,SRCH_CHAR_VAL,ASC
CISADM,C1_LEAD_EVT_TYPE_L,C1C053P0,1,C1_LEAD_EVT_TYPE_CD,ASC
CISADM,C1_LEAD_EVT_TYPE_L,C1C053P0,2,LANGUAGE_CD,ASC
CISADM,C1_LEAD_K,C1T117P0,1,C1_LEAD_ID,ASC
CISADM,C1_LEAD_K,C1T117P0,2,ENV_ID,ASC
CISADM,C1_LEAD_LOG,C1T110P0,1,C1_LEAD_ID,ASC
CISADM,C1_LEAD_LOG,C1T110P0,2,SEQNO,ASC
CISADM,C1_LEAD_LOG,C1T110S1,1,CHAR_TYPE_CD,ASC
CISADM,C1_LEAD_LOG,C1T110S1,2,CHAR_VAL_FK1,ASC
CISADM,C1_LEAD_LOG,C1T110S2,1,CHAR_TYPE_CD,ASC
CISADM,C1_LEAD_LOG,C1T110S2,2,CHAR_VAL,ASC
CISADM,C1_LEAD_LOG_PARM,C1T111P0,1,C1_LEAD_ID,ASC
CISADM,C1_LEAD_LOG_PARM,C1T111P0,2,SEQNO,ASC
CISADM,C1_LEAD_LOG_PARM,C1T111P0,3,PARM_SEQ,ASC
CISADM,C1_LEAD_REL_OBJ,C1T112P0,1,C1_LEAD_ID,ASC
CISADM,C1_LEAD_REL_OBJ,C1T112P0,2,MAINT_OBJ_CD,ASC
CISADM,C1_LEAD_REL_OBJ,C1T112P0,3,C1_LEAD_REL_OBJ_TYPE_FLG,ASC
CISADM,C1_LEAD_REL_OBJ,C1T112S1,1,MAINT_OBJ_CD,ASC
CISADM,C1_LEAD_REL_OBJ,C1T112S1,2,PK_VALUE1,ASC
CISADM,C1_LEAD_REL_OBJ,C1T112S1,3,PK_VALUE2,ASC
CISADM,C1_LEAD_REL_OBJ,C1T112S1,4,PK_VALUE3,ASC
CISADM,C1_LEAD_REL_OBJ,C1T112S1,5,PK_VALUE4,ASC
CISADM,C1_LEAD_REL_OBJ,C1T112S1,6,PK_VALUE5,ASC
CISADM,C1_LETY_STEP_TYPE,C1C061P0,1,C1_LEAD_EVT_TYPE_CD,ASC
CISADM,C1_LETY_STEP_TYPE,C1C061P0,2,LEAD_EVT_STEP_TYPE_CD,ASC
CISADM,C1_LETY_STEP_TYPE,C1C061P0,3,LEAD_EVT_STEP_SEQ,ASC
CISADM,C1_LETY_STEP_TYPE_L,C1C062P0,1,C1_LEAD_EVT_TYPE_CD,ASC
CISADM,C1_LETY_STEP_TYPE_L,C1C062P0,2,LEAD_EVT_STEP_TYPE_CD,ASC
CISADM,C1_LETY_STEP_TYPE_L,C1C062P0,3,LEAD_EVT_STEP_SEQ,ASC
CISADM,C1_LETY_STEP_TYPE_L,C1C062P0,4,LANGUAGE_CD,ASC
CISADM,C1_LTR_TMPL_REC,C1C086P0,1,LTR_TMPL_CD,ASC
CISADM,C1_LTR_TMPL_REC,C1C086P0,2,LTR_RECORD_CD,ASC
CISADM,C1_LTR_TMPL_REC_L,C1C087P0,1,LTR_TMPL_CD,ASC
CISADM,C1_LTR_TMPL_REC_L,C1C087P0,2,LTR_RECORD_CD,ASC
CISADM,C1_LTR_TMPL_REC_L,C1C087P0,3,LANGUAGE_CD,ASC
CISADM,C1_MKT,C1C088P0,1,C1_MKT_CD,ASC
CISADM,C1_MKT,C1C088S1,1,BUS_OBJ_CD,ASC
CISADM,C1_MKTMSG_CHG,C1T135P0,1,MKTMSG_CHG_ID,ASC
CISADM,C1_MKTMSG_CHG,C1T135S1,1,MKTMSG_CHG_ID,ASC
CISADM,C1_MKTMSG_CHG,C1T135S1,2,BUS_OBJ_CD,ASC
CISADM,C1_MKTMSG_CHG,C1T135S1,3,BO_STATUS_CD,ASC
CISADM,C1_MKTMSG_CHG,C1T135S2,1,MKTMSG_ID,ASC
CISADM,C1_MKTMSG_CHG_DTL,C1T137P0,1,MKTMSG_CHG_ID,ASC
CISADM,C1_MKTMSG_CHG_DTL,C1T137P0,2,MKT_SEQNO,ASC
CISADM,C1_MKTMSG_CHG_DTL,C1T137S1,1,BSEG_ID,ASC
CISADM,C1_MKTMSG_CHG_DTL,C1T137S2,1,ADJ_ID,ASC
CISADM,C1_MKTMSG_CHG_DTL,C1T137S3,1,BILLABLE_CHG_ID,ASC
CISADM,C1_MKTMSG_CHG_DTL,C1T137S4,1,UOM_CD,ASC
CISADM,C1_MKTMSG_CHG_K,C1T136P0,1,MKTMSG_CHG_ID,ASC
CISADM,C1_MKTMSG_CHG_K,C1T136P0,2,ENV_ID,ASC
CISADM,C1_MKTMSG_CHG_LOG,C1T139P0,1,MKTMSG_CHG_ID,ASC
CISADM,C1_MKTMSG_CHG_LOG,C1T139P0,2,SEQNO,ASC
CISADM,C1_MKTMSG_CHG_LOG,C1T139S1,1,CHAR_TYPE_CD,ASC
CISADM,C1_MKTMSG_CHG_LOG,C1T139S1,2,CHAR_VAL_FK1,ASC
CISADM,C1_MKTMSG_CHG_LOG,C1T139S2,1,CHAR_TYPE_CD,ASC
CISADM,C1_MKTMSG_CHG_LOG,C1T139S2,2,CHAR_VAL,ASC
CISADM,C1_MKTMSG_CHG_LOG_PARM,C1T140P0,1,MKTMSG_CHG_ID,ASC
CISADM,C1_MKTMSG_CHG_LOG_PARM,C1T140P0,2,SEQNO,ASC
CISADM,C1_MKTMSG_CHG_LOG_PARM,C1T140P0,3,PARM_SEQ,ASC
CISADM,C1_MKTMSG_CHG_REL_OBJ,C1T138P0,1,MKTMSG_CHG_ID,ASC
CISADM,C1_MKTMSG_CHG_REL_OBJ,C1T138P0,2,MKT_REL_OBJ_TYPE_FLG,ASC
CISADM,C1_MKTMSG_CHG_REL_OBJ,C1T138P0,3,SEQNO,ASC
CISADM,C1_MKTMSG_CHG_REL_OBJ,C1T138S1,1,MAINT_OBJ_CD,ASC
CISADM,C1_MKTMSG_CHG_REL_OBJ,C1T138S1,2,MKT_REL_OBJ_TYPE_FLG,ASC
CISADM,C1_MKTMSG_CHG_REL_OBJ,C1T138S1,3,PK_VALUE1,ASC
CISADM,C1_MKTMSG_CHG_REL_OBJ,C1T138S2,1,PK_VALUE1,ASC
CISADM,C1_MKTMSG_CHG_REL_OBJ,C1T138S2,2,MKT_REL_OBJ_TYPE_FLG,ASC
CISADM,C1_MKTMSG_CHG_REL_OBJ,C1T138S2,3,MAINT_OBJ_CD,ASC
CISADM,C1_MKTMSG_PAY,C1T129P0,1,MKTMSG_PAY_ID,ASC
CISADM,C1_MKTMSG_PAY,C1T129S1,1,MKTMSG_PAY_ID,ASC
CISADM,C1_MKTMSG_PAY,C1T129S1,2,BUS_OBJ_CD,ASC
CISADM,C1_MKTMSG_PAY,C1T129S1,3,BO_STATUS_CD,ASC
CISADM,C1_MKTMSG_PAY,C1T129S2,1,MKTMSG_ID,ASC
CISADM,C1_MKTMSG_PAY_DTL,C1T131P0,1,MKTMSG_PAY_ID,ASC
CISADM,C1_MKTMSG_PAY_DTL,C1T131P0,2,MKT_SEQNO,ASC
CISADM,C1_MKTMSG_PAY_DTL,C1T131S1,1,ACCT_ID,ASC
CISADM,C1_MKTMSG_PAY_DTL,C1T131S2,1,BILL_ID,ASC
CISADM,C1_MKTMSG_PAY_DTL,C1T131S3,1,MKT_ADJ_ID,ASC
CISADM,C1_MKTMSG_PAY_K,C1T130P0,1,MKTMSG_PAY_ID,ASC
CISADM,C1_MKTMSG_PAY_K,C1T130P0,2,ENV_ID,ASC
CISADM,C1_MKTMSG_PAY_LOG,C1T133P0,1,MKTMSG_PAY_ID,ASC
CISADM,C1_MKTMSG_PAY_LOG,C1T133P0,2,SEQNO,ASC
CISADM,C1_MKTMSG_PAY_LOG,C1T133S1,1,CHAR_TYPE_CD,ASC
CISADM,C1_MKTMSG_PAY_LOG,C1T133S1,2,CHAR_VAL_FK1,ASC
CISADM,C1_MKTMSG_PAY_LOG,C1T133S2,1,CHAR_TYPE_CD,ASC
CISADM,C1_MKTMSG_PAY_LOG,C1T133S2,2,CHAR_VAL,ASC
CISADM,C1_MKTMSG_PAY_LOG_PARM,C1T134P0,1,MKTMSG_PAY_ID,ASC
CISADM,C1_MKTMSG_PAY_LOG_PARM,C1T134P0,2,SEQNO,ASC
CISADM,C1_MKTMSG_PAY_LOG_PARM,C1T134P0,3,PARM_SEQ,ASC
CISADM,C1_MKTMSG_PAY_REL_OBJ,C1T132P0,1,MKTMSG_PAY_ID,ASC
CISADM,C1_MKTMSG_PAY_REL_OBJ,C1T132P0,2,MKT_REL_OBJ_TYPE_FLG,ASC
CISADM,C1_MKTMSG_PAY_REL_OBJ,C1T132P0,3,SEQNO,ASC
CISADM,C1_MKTMSG_PAY_REL_OBJ,C1T132S1,1,MAINT_OBJ_CD,ASC
CISADM,C1_MKTMSG_PAY_REL_OBJ,C1T132S1,2,MKT_REL_OBJ_TYPE_FLG,ASC
CISADM,C1_MKTMSG_PAY_REL_OBJ,C1T132S1,3,PK_VALUE1,ASC
CISADM,C1_MKTMSG_PAY_REL_OBJ,C1T132S2,1,PK_VALUE1,ASC
CISADM,C1_MKTMSG_PAY_REL_OBJ,C1T132S2,2,MKT_REL_OBJ_TYPE_FLG,ASC
CISADM,C1_MKTMSG_PAY_REL_OBJ,C1T132S2,3,MAINT_OBJ_CD,ASC
CISADM,C1_MKTMSG_USG,C1T123P0,1,MKTMSG_USG_ID,ASC
CISADM,C1_MKTMSG_USG,C1T123S1,1,MKTMSG_USG_ID,ASC
CISADM,C1_MKTMSG_USG,C1T123S1,2,BUS_OBJ_CD,ASC
CISADM,C1_MKTMSG_USG,C1T123S1,3,BO_STATUS_CD,ASC
CISADM,C1_MKTMSG_USG,C1T123S2,1,MKTMSG_ID,ASC
CISADM,C1_MKTMSG_USG_DTL,C1T125P0,1,MKTMSG_USG_ID,ASC
CISADM,C1_MKTMSG_USG_DTL,C1T125P0,2,MKT_SEQNO,ASC
CISADM,C1_MKTMSG_USG_K,C1T124P0,1,MKTMSG_USG_ID,ASC
CISADM,C1_MKTMSG_USG_K,C1T124P0,2,ENV_ID,ASC
CISADM,C1_MKTMSG_USG_LOG,C1T127P0,1,MKTMSG_USG_ID,ASC
CISADM,C1_MKTMSG_USG_LOG,C1T127P0,2,SEQNO,ASC
CISADM,C1_MKTMSG_USG_LOG,C1T127S1,1,CHAR_TYPE_CD,ASC
CISADM,C1_MKTMSG_USG_LOG,C1T127S1,2,CHAR_VAL_FK1,ASC
CISADM,C1_MKTMSG_USG_LOG,C1T127S2,1,CHAR_TYPE_CD,ASC
CISADM,C1_MKTMSG_USG_LOG,C1T127S2,2,CHAR_VAL,ASC
CISADM,C1_MKTMSG_USG_LOG_PARM,C1T128P0,1,MKTMSG_USG_ID,ASC
CISADM,C1_MKTMSG_USG_LOG_PARM,C1T128P0,2,SEQNO,ASC
CISADM,C1_MKTMSG_USG_LOG_PARM,C1T128P0,3,PARM_SEQ,ASC
CISADM,C1_MKTMSG_USG_REL_OBJ,C1T126P0,1,MKTMSG_USG_ID,ASC
CISADM,C1_MKTMSG_USG_REL_OBJ,C1T126P0,2,MKT_REL_OBJ_TYPE_FLG,ASC
CISADM,C1_MKTMSG_USG_REL_OBJ,C1T126P0,3,SEQNO,ASC
CISADM,C1_MKTMSG_USG_REL_OBJ,C1T126S1,1,MAINT_OBJ_CD,ASC
CISADM,C1_MKTMSG_USG_REL_OBJ,C1T126S1,2,MKT_REL_OBJ_TYPE_FLG,ASC
CISADM,C1_MKTMSG_USG_REL_OBJ,C1T126S1,3,PK_VALUE1,ASC
CISADM,C1_MKTMSG_USG_REL_OBJ,C1T126S2,1,PK_VALUE1,ASC
CISADM,C1_MKTMSG_USG_REL_OBJ,C1T126S2,2,MKT_REL_OBJ_TYPE_FLG,ASC
CISADM,C1_MKTMSG_USG_REL_OBJ,C1T126S2,3,MAINT_OBJ_CD,ASC
CISADM,C1_MKT_CHAR,C1C090P0,1,C1_MKT_CD,ASC
CISADM,C1_MKT_CHAR,C1C090P0,2,CHAR_TYPE_CD,ASC
CISADM,C1_MKT_CHAR,C1C090P0,3,SEQ_NUM,ASC
CISADM,C1_MKT_CHAR,C1C090S1,1,SRCH_CHAR_VAL,ASC
CISADM,C1_MKT_FALLBACK_SPR,C1C091P0,1,C1_MKT_CD,ASC
CISADM,C1_MKT_FALLBACK_SPR,C1C091P0,2,C1_MKT_REL_TYPE_FLG,ASC
CISADM,C1_MKT_FALLBACK_SPR,C1C091P0,3,SPR_CD,ASC
CISADM,C1_MKT_FALLBACK_SPR,C1C091P0,4,START_DT,ASC
CISADM,C1_MKT_L,C1C089P0,1,C1_MKT_CD,ASC
CISADM,C1_MKT_L,C1C089P0,2,LANGUAGE_CD,ASC
CISADM,C1_MKT_PROV_CONFIG_OPT,C1C129P0,1,C1_MKT_CD,ASC
CISADM,C1_MKT_PROV_CONFIG_OPT,C1C129P0,2,PROV_CONFIG_OPT_CD,ASC
CISADM,C1_MKT_PROV_CONFIG_OPT,C1C129P0,3,SA_REL_TYPE_CD,ASC
CISADM,C1_MKT_PROV_CONFIG_OPT,C1C129P0,4,MKT_SPR_CD,ASC
CISADM,C1_MKT_PROV_CONFIG_OPT,C1C129S1,1,BUS_OBJ_CD,ASC
CISADM,C1_MKT_PROV_CONFIG_OPT_L,C1C130P0,1,C1_MKT_CD,ASC
CISADM,C1_MKT_PROV_CONFIG_OPT_L,C1C130P0,2,PROV_CONFIG_OPT_CD,ASC
CISADM,C1_MKT_PROV_CONFIG_OPT_L,C1C130P0,3,SA_REL_TYPE_CD,ASC
CISADM,C1_MKT_PROV_CONFIG_OPT_L,C1C130P0,4,MKT_SPR_CD,ASC
CISADM,C1_MKT_PROV_CONFIG_OPT_L,C1C130P0,5,LANGUAGE_CD,ASC
CISADM,C1_MKT_RP,C1M009P0,1,C1_MKT_RP_ID,ASC
CISADM,C1_MKT_RP,C1M009S1,1,C1_MKT_RP_ID,ASC
CISADM,C1_MKT_RP,C1M009S1,2,BUS_OBJ_CD,ASC
CISADM,C1_MKT_RP,C1M009S1,3,BO_STATUS_CD,ASC
CISADM,C1_MKT_RP,C1M009S2,1,ADDRESS1_UPR,ASC
CISADM,C1_MKT_RP,C1M009S2,2,CITY_UPR,ASC
CISADM,C1_MKT_RP,C1M009S2,3,POSTAL,ASC
CISADM,C1_MKT_RP,C1M009S3,1,CITY_UPR,ASC
CISADM,C1_MKT_RP,C1M009S3,2,POSTAL,ASC
CISADM,C1_MKT_RP,C1M009S4,1,POSTAL,ASC
CISADM,C1_MKT_RP,C1M009S5,1,ADDRESS1_UPR,ASC
CISADM,C1_MKT_RP,C1M009S6,1,CITY_UPR,ASC
CISADM,C1_MKT_RP,C1M009S7,1,MKT_REG_NBR,ASC
CISADM,C1_MKT_RP_ATTR,C1M013P0,1,C1_MKT_RP_ID,ASC
CISADM,C1_MKT_RP_ATTR,C1M013P0,2,CHAR_TYPE_CD,ASC
CISADM,C1_MKT_RP_ATTR,C1M013P0,3,SEQ_NUM,ASC
CISADM,C1_MKT_RP_ATTR,C1M013S1,1,SRCH_CHAR_VAL,ASC
CISADM,C1_MKT_RP_CHAR,C1M012P0,1,C1_MKT_RP_ID,ASC
CISADM,C1_MKT_RP_CHAR,C1M012P0,2,CHAR_TYPE_CD,ASC
CISADM,C1_MKT_RP_CHAR,C1M012P0,3,EFFDT,ASC
CISADM,C1_MKT_RP_CHAR,C1M012S1,1,SRCH_CHAR_VAL,ASC
CISADM,C1_MKT_RP_K,C1M016P0,1,C1_MKT_RP_ID,ASC
CISADM,C1_MKT_RP_K,C1M016P0,2,ENV_ID,ASC
CISADM,C1_MKT_RP_LOG,C1M010P0,1,C1_MKT_RP_ID,ASC
CISADM,C1_MKT_RP_LOG,C1M010P0,2,SEQNO,ASC
CISADM,C1_MKT_RP_LOG,C1M010S1,1,CHAR_TYPE_CD,ASC
CISADM,C1_MKT_RP_LOG,C1M010S1,2,CHAR_VAL_FK1,ASC
CISADM,C1_MKT_RP_LOG,C1M010S2,1,CHAR_TYPE_CD,ASC
CISADM,C1_MKT_RP_LOG,C1M010S2,2,CHAR_VAL,ASC
CISADM,C1_MKT_RP_LOG_PARM,C1M011P0,1,C1_MKT_RP_ID,ASC
CISADM,C1_MKT_RP_LOG_PARM,C1M011P0,2,SEQNO,ASC
CISADM,C1_MKT_RP_LOG_PARM,C1M011P0,3,PARM_SEQ,ASC
CISADM,C1_MKT_RP_REL,C1M015P0,1,C1_MKT_RP_ID,ASC
CISADM,C1_MKT_RP_REL,C1M015P0,2,C1_MKT_REL_TYPE_FLG,ASC
CISADM,C1_MKT_RP_REL,C1M015P0,3,START_DT,ASC
CISADM,C1_MKT_RP_REL_OBJ,C1M014P0,1,C1_MKT_RP_ID,ASC
CISADM,C1_MKT_RP_REL_OBJ,C1M014P0,2,C1_MKT_RP_REL_OBJ_TYPE_FLG,ASC
CISADM,C1_MKT_RP_REL_OBJ,C1M014P0,3,SEQNO,ASC
CISADM,C1_MKT_RP_REL_OBJ,C1M014S1,1,MAINT_OBJ_CD,ASC
CISADM,C1_MKT_RP_REL_OBJ,C1M014S1,2,C1_MKT_RP_REL_OBJ_TYPE_FLG,ASC
CISADM,C1_MKT_RP_REL_OBJ,C1M014S1,3,PK_VALUE1,ASC
CISADM,C1_MKT_RP_REL_OBJ,C1M014S2,1,PK_VALUE1,ASC
CISADM,C1_MKT_RP_REL_OBJ,C1M014S2,2,C1_MKT_RP_REL_OBJ_TYPE_FLG,ASC
CISADM,C1_MKT_RP_REL_OBJ,C1M014S2,3,MAINT_OBJ_CD,ASC
CISADM,C1_MKT_VALID_SPR,C1C092P0,1,C1_MKT_CD,ASC
CISADM,C1_MKT_VALID_SPR,C1C092P0,2,C1_MKT_REL_TYPE_FLG,ASC
CISADM,C1_MKT_VALID_SPR,C1C092P0,3,SPR_CD,ASC
CISADM,C1_MKT_VALID_SPR,C1C092P0,4,START_DT,ASC
CISADM,C1_NTF_PREF,C1T002P0,1,NTF_PREF_ID,ASC
CISADM,C1_NTF_PREF,C1T002S1,1,ACCT_ID,ASC
CISADM,C1_NTF_PREF,C1T002S2,1,NTF_PREF_ID,ASC
CISADM,C1_NTF_PREF,C1T002S2,2,BO_STATUS_CD,ASC
CISADM,C1_NTF_PREF,C1T002S2,3,STATUS_UPD_DTTM,ASC
CISADM,C1_NTF_PREF,C1T002S3,1,C1_CONTACT_ID,ASC
CISADM,C1_NTF_PREF,C1T002S4,1,F1_SVC_TASK_ID,ASC
CISADM,C1_NTF_PREF_CHAR,C1T003P0,1,NTF_PREF_ID,ASC
CISADM,C1_NTF_PREF_CHAR,C1T003P0,2,CHAR_TYPE_CD,ASC
CISADM,C1_NTF_PREF_CHAR,C1T003P0,3,SEQ_NUM,ASC
CISADM,C1_NTF_PREF_CHAR,C1T003S1,1,SRCH_CHAR_VAL,ASC
CISADM,C1_NTF_PREF_ID,C1T006P0,1,NTF_PREF_ID,ASC
CISADM,C1_NTF_PREF_ID,C1T006P0,2,NTF_PREF_ID_TYPE_FLG,ASC
CISADM,C1_NTF_PREF_K,C1T008P0,1,NTF_PREF_ID,ASC
CISADM,C1_NTF_PREF_K,C1T008P0,2,ENV_ID,ASC
CISADM,C1_NTF_PREF_LOG,C1T004P0,1,NTF_PREF_ID,ASC
CISADM,C1_NTF_PREF_LOG,C1T004P0,2,SEQNO,ASC
CISADM,C1_NTF_PREF_LOG,C1T004S1,1,CHAR_TYPE_CD,ASC
CISADM,C1_NTF_PREF_LOG,C1T004S1,2,CHAR_VAL_FK1,ASC
CISADM,C1_NTF_PREF_LOG,C1T004S2,1,CHAR_TYPE_CD,ASC
CISADM,C1_NTF_PREF_LOG,C1T004S2,2,CHAR_VAL,ASC
CISADM,C1_NTF_PREF_LOG_PARM,C1T005P0,1,NTF_PREF_ID,ASC
CISADM,C1_NTF_PREF_LOG_PARM,C1T005P0,2,SEQNO,ASC
CISADM,C1_NTF_PREF_LOG_PARM,C1T005P0,3,PARM_SEQ,ASC
CISADM,C1_NTF_TYPE,C1C014P0,1,NTF_TYPE_CD,ASC
CISADM,C1_NTF_TYPE,C1C014S1,1,BUS_OBJ_CD,ASC
CISADM,C1_NTF_TYPE,C1C014S2,1,CC_CL_CD,ASC
CISADM,C1_NTF_TYPE,C1C014S3,1,CC_CL_CD,ASC
CISADM,C1_NTF_TYPE,C1C014S3,2,CC_TYPE_CD,ASC
CISADM,C1_NTF_TYPE,C1C014S4,1,F1_STASK_TYPE_CD,ASC
CISADM,C1_NTF_TYPE,C1C014S5,1,BILL_RTE_TYPE_CD,ASC
CISADM,C1_NTF_TYPE,C1C014S6,1,QTE_RTE_TYPE_CD,ASC
CISADM,C1_NTF_TYPE_ALG,C1C019P0,1,NTF_TYPE_CD,ASC
CISADM,C1_NTF_TYPE_ALG,C1C019P0,2,NTF_ALG_ENTITY_FLG,ASC
CISADM,C1_NTF_TYPE_ALG,C1C019P0,3,SEQ_NUM,ASC
CISADM,C1_NTF_TYPE_CHAR,C1C064P0,1,NTF_TYPE_CD,ASC
CISADM,C1_NTF_TYPE_CHAR,C1C064P0,2,CHAR_TYPE_CD,ASC
CISADM,C1_NTF_TYPE_CHAR,C1C064P0,3,SEQ_NUM,ASC
CISADM,C1_NTF_TYPE_CHAR,C1C064S1,1,SRCH_CHAR_VAL,ASC
CISADM,C1_NTF_TYPE_COMM_RTE_TYPE,C1C018P0,1,NTF_TYPE_CD,ASC
CISADM,C1_NTF_TYPE_COMM_RTE_TYPE,C1C018P0,2,COMM_RTE_TYPE_CD,ASC
CISADM,C1_NTF_TYPE_DVTYP,C1C063P0,1,NTF_TYPE_CD,ASC
CISADM,C1_NTF_TYPE_DVTYP,C1C063P0,2,C1_SS_DELIVERY_TYPE,ASC
CISADM,C1_NTF_TYPE_L,C1C015P0,1,NTF_TYPE_CD,ASC
CISADM,C1_NTF_TYPE_L,C1C015P0,2,LANGUAGE_CD,ASC
CISADM,C1_OFFCYC_BGEN,XT197P0,1,OFFCYC_BGEN_ID,ASC
CISADM,C1_OFFCYC_BGEN,XT197S1,1,ACCT_ID,ASC
CISADM,C1_OFFCYC_BGEN_ADJ,XT285P0,1,OFFCYC_BGEN_ID,ASC
CISADM,C1_OFFCYC_BGEN_ADJ,XT285P0,2,ADJ_ID,ASC
CISADM,C1_OFFCYC_BGEN_ADJ,XT285S1,1,ADJ_ID,ASC
CISADM,C1_OFFCYC_BGEN_BCHG,XT326P0,1,OFFCYC_BGEN_ID,ASC
CISADM,C1_OFFCYC_BGEN_BCHG,XT326P0,2,BILLABLE_CHG_ID,ASC
CISADM,C1_OFFCYC_BGEN_BCHG,XT326S1,1,BILLABLE_CHG_ID,ASC
CISADM,C1_OFFCYC_BGEN_BSEG,C1T160P0,1,OFFCYC_BGEN_ID,ASC
CISADM,C1_OFFCYC_BGEN_BSEG,C1T160P0,2,BSEG_CLASS_FLG,ASC
CISADM,C1_OFFCYC_BGEN_BSEG,C1T160P0,3,BSEG_ID,ASC
CISADM,C1_OFFCYC_BGEN_CHAR,XT343P0,1,OFFCYC_BGEN_ID,ASC
CISADM,C1_OFFCYC_BGEN_CHAR,XT343P0,2,CHAR_TYPE_CD,ASC
CISADM,C1_OFFCYC_BGEN_CHAR,XT343P0,3,SEQ_NUM,ASC
CISADM,C1_OFFCYC_BGEN_CHAR,XT343S1,1,SRCH_CHAR_VAL,ASC
CISADM,C1_OFFCYC_BGEN_K,XT367P0,1,OFFCYC_BGEN_ID,ASC
CISADM,C1_OFFCYC_BGEN_K,XT367P0,2,ENV_ID,ASC
CISADM,C1_OFFCYC_BGEN_LOG,XT344P0,1,OFFCYC_BGEN_ID,ASC
CISADM,C1_OFFCYC_BGEN_LOG,XT344P0,2,SEQNO,ASC
CISADM,C1_OFFCYC_BGEN_LOG,XT344S1,1,CHAR_TYPE_CD,ASC
CISADM,C1_OFFCYC_BGEN_LOG,XT344S1,2,CHAR_VAL_FK1,ASC
CISADM,C1_OFFCYC_BGEN_LOG_PARM,XT357P0,1,OFFCYC_BGEN_ID,ASC
CISADM,C1_OFFCYC_BGEN_LOG_PARM,XT357P0,2,SEQNO,ASC
CISADM,C1_OFFCYC_BGEN_LOG_PARM,XT357P0,3,PARM_SEQ,ASC
CISADM,C1_OFFCYC_BGEN_SA,XT359P0,1,OFFCYC_BGEN_ID,ASC
CISADM,C1_OFFCYC_BGEN_SA,XT359P0,2,SA_ID,ASC
CISADM,C1_OFFCYC_BGEN_SA,XT359S1,1,SA_ID,ASC
CISADM,C1_PA_RQST,C1T020P0,1,PA_RQST_ID,ASC
CISADM,C1_PA_RQST,C1T020S1,1,PA_RQST_ID,ASC
CISADM,C1_PA_RQST,C1T020S1,2,BUS_OBJ_CD,ASC
CISADM,C1_PA_RQST,C1T020S1,3,BO_STATUS_CD,ASC
CISADM,C1_PA_RQST,C1T020S2,1,ACCT_ID,ASC
CISADM,C1_PA_RQST_CHAR,C1T024P0,1,PA_RQST_ID,ASC
CISADM,C1_PA_RQST_CHAR,C1T024P0,2,CHAR_TYPE_CD,ASC
CISADM,C1_PA_RQST_CHAR,C1T024P0,3,SEQ_NUM,ASC
CISADM,C1_PA_RQST_CHAR,C1T024S1,1,SRCH_CHAR_VAL,ASC
CISADM,C1_PA_RQST_ELIG_RSLT,C1T022P0,1,PA_RQST_ID,ASC
CISADM,C1_PA_RQST_ELIG_RSLT,C1T022P0,2,PA_RQST_ELIG_CRIT_SEQ,ASC
CISADM,C1_PA_RQST_K,C1T027P0,1,PA_RQST_ID,ASC
CISADM,C1_PA_RQST_K,C1T027P0,2,ENV_ID,ASC
CISADM,C1_PA_RQST_LOG,C1T025P0,1,PA_RQST_ID,ASC
CISADM,C1_PA_RQST_LOG,C1T025P0,2,SEQNO,ASC
CISADM,C1_PA_RQST_LOG,C1T025S1,1,CHAR_TYPE_CD,ASC
CISADM,C1_PA_RQST_LOG,C1T025S1,2,CHAR_VAL_FK1,ASC
CISADM,C1_PA_RQST_LOG,C1T025S2,1,CHAR_TYPE_CD,ASC
CISADM,C1_PA_RQST_LOG,C1T025S2,2,CHAR_VAL,ASC
CISADM,C1_PA_RQST_LOG_PARM,C1T026P0,1,PA_RQST_ID,ASC
CISADM,C1_PA_RQST_LOG_PARM,C1T026P0,2,SEQNO,ASC
CISADM,C1_PA_RQST_LOG_PARM,C1T026P0,3,PARM_SEQ,ASC
CISADM,C1_PA_RQST_REL_OBJ,C1T023P0,1,PA_RQST_ID,ASC
CISADM,C1_PA_RQST_REL_OBJ,C1T023P0,2,PA_RQST_REL_OBJ_TYPE_FLG,ASC
CISADM,C1_PA_RQST_REL_OBJ,C1T023P0,3,SEQ_NUM,ASC
CISADM,C1_PA_RQST_TYPE,C1C080P0,1,PA_RQST_TYPE_CD,ASC
CISADM,C1_PA_RQST_TYPE,C1C080S1,1,BUS_OBJ_CD,ASC
CISADM,C1_PA_RQST_TYPE,C1C080S2,1,TRANS_BUS_OBJ_CD,ASC
CISADM,C1_PA_RQST_TYPE_ALG,C1C084P0,1,PA_RQST_TYPE_CD,ASC
CISADM,C1_PA_RQST_TYPE_ALG,C1C084P0,2,PA_RQST_ALG_ENTITY_FLG,ASC
CISADM,C1_PA_RQST_TYPE_ALG,C1C084P0,3,SEQ_NUM,ASC
CISADM,C1_PA_RQST_TYPE_CHAR,C1C085P0,1,PA_RQST_TYPE_CD,ASC
CISADM,C1_PA_RQST_TYPE_CHAR,C1C085P0,2,CHAR_TYPE_CD,ASC
CISADM,C1_PA_RQST_TYPE_CHAR,C1C085P0,3,SEQ_NUM,ASC
CISADM,C1_PA_RQST_TYPE_CHAR,C1C085S1,1,SRCH_CHAR_VAL,ASC
CISADM,C1_PA_RQST_TYPE_DOWN_PAY_OPT,C1C082P0,1,PA_RQST_TYPE_CD,ASC
CISADM,C1_PA_RQST_TYPE_DOWN_PAY_OPT,C1C082P0,2,SEQ_NUM,ASC
CISADM,C1_PA_RQST_TYPE_DOWN_PAY_OPT_L,C1C083P0,1,PA_RQST_TYPE_CD,ASC
CISADM,C1_PA_RQST_TYPE_DOWN_PAY_OPT_L,C1C083P0,2,SEQ_NUM,ASC
CISADM,C1_PA_RQST_TYPE_DOWN_PAY_OPT_L,C1C083P0,3,LANGUAGE_CD,ASC
CISADM,C1_PA_RQST_TYPE_L,C1C081P0,1,PA_RQST_TYPE_CD,ASC
CISADM,C1_PA_RQST_TYPE_L,C1C081P0,2,LANGUAGE_CD,ASC
CISADM,C1_PER_CONTDET,C1T009P0,1,C1_CONTACT_ID,ASC
CISADM,C1_PER_CONTDET,C1T009S1,1,PER_ID,ASC
CISADM,C1_PER_CONTDET,C1T009S2,1,CONTACT_VALUE,ASC
CISADM,C1_PER_CONT_DET_K,C1T010P0,1,C1_CONTACT_ID,ASC
CISADM,C1_PER_CONT_DET_K,C1T010P0,2,ENV_ID,ASC
CISADM,C1_PER_SS_PAYOPT,C1M007P0,1,PER_PAY_OPT_ID,ASC
CISADM,C1_PER_SS_PAYOPT,C1M007S1,1,PER_ID,ASC
CISADM,C1_PER_SS_PAYOPT,C1M007S2,1,PER_PAY_OPT_NAME,ASC
CISADM,C1_PER_SS_PAYOPT_K,C1T121P0,1,PER_PAY_OPT_ID,ASC
CISADM,C1_PER_SS_PAYOPT_K,C1T121P0,2,ENV_ID,ASC
CISADM,C1_PREM_ACTIVITY_GTT,C1T001P0,1,CRE_DTTM,ASC
CISADM,C1_PREM_ACTIVITY_GTT,C1T001P0,2,SCHED_DTTM,ASC
CISADM,C1_PREM_ACTIVITY_GTT,C1T001P0,3,SEQNO,ASC
CISADM,C1_PROD,C1C100P0,1,PROD_CD,ASC
CISADM,C1_PROD,C1C100S1,1,BUS_OBJ_CD,ASC
CISADM,C1_PROD_CHAR,C1C101P0,1,PROD_CD,ASC
CISADM,C1_PROD_CHAR,C1C101P0,2,CHAR_TYPE_CD,ASC
CISADM,C1_PROD_CHAR,C1C101P0,3,SEQ_NUM,ASC
CISADM,C1_PROD_CHAR,C1C101S1,1,SRCH_CHAR_VAL,ASC
CISADM,C1_PROD_COMP,C1C001P0,1,PROD_COMP_CD,ASC
CISADM,C1_PROD_COMP,C1C001S1,1,BUS_OBJ_CD,ASC
CISADM,C1_PROD_COMP_CHAR,C1C003P0,1,PROD_COMP_CD,ASC
CISADM,C1_PROD_COMP_CHAR,C1C003P0,2,CHAR_TYPE_CD,ASC
CISADM,C1_PROD_COMP_CHAR,C1C003P0,3,SEQ_NUM,ASC
CISADM,C1_PROD_COMP_CHAR,C1C003S1,1,SRCH_CHAR_VAL,ASC
CISADM,C1_PROD_COMP_CHILD,C1C002P0,1,PROD_COMP_CD,ASC
CISADM,C1_PROD_COMP_CHILD,C1C002P0,2,SEQ_NUM,ASC
CISADM,C1_PROD_COMP_ELIG_CRIT,C1C120P0,1,PROD_COMP_CD,ASC
CISADM,C1_PROD_COMP_ELIG_CRIT,C1C120P0,2,PROD_COMP_CRIT_SEQ,ASC
CISADM,C1_PROD_COMP_ELIG_CRIT,C1C120S1,1,BUS_OBJ_CD,ASC
CISADM,C1_PROD_COMP_ELIG_CRIT_CHAR,C1C121P0,1,PROD_COMP_CD,ASC
CISADM,C1_PROD_COMP_ELIG_CRIT_CHAR,C1C121P0,2,PROD_COMP_CRIT_SEQ,ASC
CISADM,C1_PROD_COMP_ELIG_CRIT_CHAR,C1C121P0,3,CHAR_TYPE_CD,ASC
CISADM,C1_PROD_COMP_ELIG_CRIT_CHAR,C1C121P0,4,SEQ_NUM,ASC
CISADM,C1_PROD_COMP_ELIG_CRIT_CHAR,C1C121S1,1,SRCH_CHAR_VAL,ASC
CISADM,C1_PROD_COMP_ELIG_CRIT_L,C1C122P0,1,PROD_COMP_CD,ASC
CISADM,C1_PROD_COMP_ELIG_CRIT_L,C1C122P0,2,PROD_COMP_CRIT_SEQ,ASC
CISADM,C1_PROD_COMP_ELIG_CRIT_L,C1C122P0,3,LANGUAGE_CD,ASC
CISADM,C1_PROD_COMP_L,C1C004P0,1,PROD_COMP_CD,ASC
CISADM,C1_PROD_COMP_L,C1C004P0,2,LANGUAGE_CD,ASC
CISADM,C1_PROD_ELIG_CRIT,C1C123P0,1,PROD_CD,ASC
CISADM,C1_PROD_ELIG_CRIT,C1C123P0,2,PROD_CRIT_SEQ,ASC
CISADM,C1_PROD_ELIG_CRIT,C1C123S1,1,BUS_OBJ_CD,ASC
CISADM,C1_PROD_ELIG_CRIT_CHAR,C1C124P0,1,PROD_CD,ASC
CISADM,C1_PROD_ELIG_CRIT_CHAR,C1C124P0,2,PROD_CRIT_SEQ,ASC
CISADM,C1_PROD_ELIG_CRIT_CHAR,C1C124P0,3,CHAR_TYPE_CD,ASC
CISADM,C1_PROD_ELIG_CRIT_CHAR,C1C124P0,4,SEQ_NUM,ASC
CISADM,C1_PROD_ELIG_CRIT_CHAR,C1C124S1,1,SRCH_CHAR_VAL,ASC
CISADM,C1_PROD_ELIG_CRIT_L,C1C125P0,1,PROD_CD,ASC
CISADM,C1_PROD_ELIG_CRIT_L,C1C125P0,2,PROD_CRIT_SEQ,ASC
CISADM,C1_PROD_ELIG_CRIT_L,C1C125P0,3,LANGUAGE_CD,ASC
CISADM,C1_PROD_L,C1C102P0,1,PROD_CD,ASC
CISADM,C1_PROD_L,C1C102P0,2,LANGUAGE_CD,ASC
CISADM,C1_PROD_RULE,C1C117P0,1,PROD_RULE_CD,ASC
CISADM,C1_PROD_RULE,C1C117S1,1,BUS_OBJ_CD,ASC
CISADM,C1_PROD_RULE_CHAR,C1C118P0,1,PROD_RULE_CD,ASC
CISADM,C1_PROD_RULE_CHAR,C1C118P0,2,CHAR_TYPE_CD,ASC
CISADM,C1_PROD_RULE_CHAR,C1C118P0,3,SEQ_NUM,ASC
CISADM,C1_PROD_RULE_CHAR,C1C118S1,1,SRCH_CHAR_VAL,ASC
CISADM,C1_PROD_RULE_L,C1C119P0,1,PROD_RULE_CD,ASC
CISADM,C1_PROD_RULE_L,C1C119P0,2,LANGUAGE_CD,ASC
CISADM,C1_PROD_VER,C1C103P0,1,PROD_VER_ID,ASC
CISADM,C1_PROD_VER,C1C103S1,1,PROD_VER_ID,ASC
CISADM,C1_PROD_VER,C1C103S1,2,BUS_OBJ_CD,ASC
CISADM,C1_PROD_VER,C1C103S1,3,BO_STATUS_CD,ASC
CISADM,C1_PROD_VER_CHAR,C1C105P0,1,PROD_VER_ID,ASC
CISADM,C1_PROD_VER_CHAR,C1C105P0,2,CHAR_TYPE_CD,ASC
CISADM,C1_PROD_VER_CHAR,C1C105P0,3,SEQ_NUM,ASC
CISADM,C1_PROD_VER_CHAR,C1C105S1,1,SRCH_CHAR_VAL,ASC
CISADM,C1_PROD_VER_K,C1C109P0,1,PROD_VER_ID,ASC
CISADM,C1_PROD_VER_K,C1C109P0,2,ENV_ID,ASC
CISADM,C1_PROD_VER_L,C1C106P0,1,PROD_VER_ID,ASC
CISADM,C1_PROD_VER_L,C1C106P0,2,LANGUAGE_CD,ASC
CISADM,C1_PROD_VER_LOG,C1C107P0,1,PROD_VER_ID,ASC
CISADM,C1_PROD_VER_LOG,C1C107P0,2,SEQNO,ASC
CISADM,C1_PROD_VER_LOG,C1C107S1,1,CHAR_TYPE_CD,ASC
CISADM,C1_PROD_VER_LOG,C1C107S1,2,CHAR_VAL_FK1,ASC
CISADM,C1_PROD_VER_LOG,C1C107S2,1,CHAR_TYPE_CD,ASC
CISADM,C1_PROD_VER_LOG,C1C107S2,2,CHAR_VAL,ASC
CISADM,C1_PROD_VER_LOG_PARM,C1C108P0,1,PROD_VER_ID,ASC
CISADM,C1_PROD_VER_LOG_PARM,C1C108P0,2,SEQNO,ASC
CISADM,C1_PROD_VER_LOG_PARM,C1C108P0,3,PARM_SEQ,ASC
CISADM,C1_PROD_VER_RULE,C1C104P0,1,PROD_VER_ID,ASC
CISADM,C1_PROD_VER_RULE,C1C104P0,2,PROD_RULE_CL_FLG,ASC
CISADM,C1_PROD_VER_RULE,C1C104P0,3,SEQNO,ASC
CISADM,C1_PROV_CONFIG_OPT,C1C127P0,1,PROV_CONFIG_OPT_CD,ASC
CISADM,C1_PROV_CONFIG_OPT,C1C127S1,1,BUS_OBJ_CD,ASC
CISADM,C1_PROV_CONFIG_OPT_L,C1C128P0,1,PROV_CONFIG_OPT_CD,ASC
CISADM,C1_PROV_CONFIG_OPT_L,C1C128P0,2,LANGUAGE_CD,ASC
CISADM,C1_PROV_CONFIG_SATY,C1C132P0,1,CIS_DIVISION,ASC
CISADM,C1_PROV_CONFIG_SATY,C1C132P0,2,SA_TYPE_CD,ASC
CISADM,C1_PROV_CONFIG_SATY,C1C132P0,3,SA_REL_TYPE_CD,ASC
CISADM,C1_PROV_CONFIG_SATY,C1C132P0,4,PROV_CONFIG_OPT_CD,ASC
CISADM,C1_PROV_CONFIG_SATY_OVRD,C1C133P0,1,CIS_DIVISION,ASC
CISADM,C1_PROV_CONFIG_SATY_OVRD,C1C133P0,2,SA_TYPE_CD,ASC
CISADM,C1_PROV_CONFIG_SATY_OVRD,C1C133P0,3,SA_REL_TYPE_CD,ASC
CISADM,C1_PROV_CONFIG_SATY_OVRD,C1C133P0,4,PROV_CONFIG_OPT_CD,ASC
CISADM,C1_PROV_CONFIG_SATY_OVRD,C1C133P0,5,SPR_CD,ASC
CISADM,C1_RC_CALC_GTT,C1T102P0,1,HEADER_SEQ,ASC
CISADM,C1_RC_CALC_LN_GTT,C1T103P0,1,HEADER_SEQ,ASC
CISADM,C1_RC_CALC_LN_GTT,C1T103P0,2,SEQNO,ASC
CISADM,C1_RC_CHAR_GTT,C1T106P0,1,CHAR_TYPE_CD,ASC
CISADM,C1_RC_READ_GTT,C1T105P0,1,SEQNO,ASC
CISADM,C1_RC_SQ_GTT,C1T104P0,1,UOM_CD,ASC
CISADM,C1_RC_SQ_GTT,C1T104P0,2,TOU_CD,ASC
CISADM,C1_RC_SQ_GTT,C1T104P0,3,SQI_CD,ASC
CISADM,C1_RC_TRACE_GTT,C1T107P0,1,SEQ_NUM,ASC
CISADM,C1_REPRESENTATIVE,C1C067P0,1,C1_REPRESENTATIVE_CD,ASC
CISADM,C1_REPRESENTATIVE,C1C335S1,1,BUS_OBJ_CD,ASC
CISADM,C1_REPRESENTATIVE_CHAR,C1C070P0,1,C1_REPRESENTATIVE_CD,ASC
CISADM,C1_REPRESENTATIVE_CHAR,C1C070P0,2,CHAR_TYPE_CD,ASC
CISADM,C1_REPRESENTATIVE_CHAR,C1C070P0,3,SEQ_NUM,ASC
CISADM,C1_REPRESENTATIVE_CHAR,C1C336S1,1,SRCH_CHAR_VAL,ASC
CISADM,C1_REPRESENTATIVE_L,C1C069P0,1,C1_REPRESENTATIVE_CD,ASC
CISADM,C1_REPRESENTATIVE_L,C1C069P0,2,LANGUAGE_CD,ASC
CISADM,C1_REPRESENTATIVE_LOG,C1C071P0,1,C1_REPRESENTATIVE_CD,ASC
CISADM,C1_REPRESENTATIVE_LOG,C1C071P0,2,SEQNO,ASC
CISADM,C1_REPRESENTATIVE_LOG,C1C337S1,1,CHAR_TYPE_CD,ASC
CISADM,C1_REPRESENTATIVE_LOG,C1C337S1,2,CHAR_VAL_FK1,ASC
CISADM,C1_REPRESENTATIVE_LOG,C1C337S2,1,CHAR_TYPE_CD,ASC
CISADM,C1_REPRESENTATIVE_LOG,C1C337S2,2,CHAR_VAL,ASC
CISADM,C1_REPRESENTATIVE_LOG_PARM,C1C072P0,1,C1_REPRESENTATIVE_CD,ASC
CISADM,C1_REPRESENTATIVE_LOG_PARM,C1C072P0,2,SEQNO,ASC
CISADM,C1_REPRESENTATIVE_LOG_PARM,C1C072P0,3,PARM_SEQ,ASC
CISADM,C1_REP_GRP_MEM,C1C068P0,1,C1_REPRESENTATIVE_CD,ASC
CISADM,C1_REP_GRP_MEM,C1C068P0,2,C1_IND_REPRESENTATIVE_CD,ASC
CISADM,C1_RS_POST_PROC,C1C033P0,1,RS_CD,ASC
CISADM,C1_RS_POST_PROC,C1C033P0,2,RS_PROC_SEQ,ASC
CISADM,C1_RS_POST_PROC_L,C1C034P0,1,RS_CD,ASC
CISADM,C1_RS_POST_PROC_L,C1C034P0,2,RS_PROC_SEQ,ASC
CISADM,C1_RS_POST_PROC_L,C1C034P0,3,LANGUAGE_CD,ASC
CISADM,C1_RS_PRE_PROC,C1C031P0,1,RS_CD,ASC
CISADM,C1_RS_PRE_PROC,C1C031P0,2,RS_PROC_SEQ,ASC
CISADM,C1_RS_PRE_PROC_L,C1C032P0,1,RS_CD,ASC
CISADM,C1_RS_PRE_PROC_L,C1C032P0,2,RS_PROC_SEQ,ASC
CISADM,C1_RS_PRE_PROC_L,C1C032P0,3,LANGUAGE_CD,ASC
CISADM,C1_RS_RV2,C1C035P0,1,RS_CD,ASC
CISADM,C1_RS_RV2,C1C035P0,2,EFFDT,ASC
CISADM,C1_RS_RV2_L,C1C036P0,1,RS_CD,ASC
CISADM,C1_RS_RV2_L,C1C036P0,2,EFFDT,ASC
CISADM,C1_RS_RV2_L,C1C036P0,3,LANGUAGE_CD,ASC
CISADM,C1_SA_CONT_PROD,C1M018P0,1,SA_ID,ASC
CISADM,C1_SA_CONT_PROD,C1M018P0,2,CONT_PROD_ID,ASC
CISADM,C1_SA_CONT_PROD,C1M018P0,3,EFF_DT,ASC
CISADM,C1_SA_CONT_PROD,C1M018S1,1,CONT_PROD_ID,ASC
CISADM,C1_SPR_MKT_OPT,C1C131P0,1,C1_MKT_CD,ASC
CISADM,C1_SPR_MKT_OPT,C1C131P0,2,PROV_CONFIG_OPT_CD,ASC
CISADM,C1_SPR_MKT_OPT,C1C131P0,3,SA_REL_TYPE_CD,ASC
CISADM,C1_SPR_MKT_OPT,C1C131P0,4,MKT_SPR_CD,ASC
CISADM,C1_SPR_MKT_OPT,C1C131P0,5,SPR_CD,ASC
CISADM,C1_SPR_MKT_OPT,C1C131S1,1,BUS_OBJ_CD,ASC
CISADM,C1_SPR_MKT_OPT_SA,C1C134P0,1,C1_MKT_CD,ASC
CISADM,C1_SPR_MKT_OPT_SA,C1C134P0,2,PROV_CONFIG_OPT_CD,ASC
CISADM,C1_SPR_MKT_OPT_SA,C1C134P0,3,SA_REL_TYPE_CD,ASC
CISADM,C1_SPR_MKT_OPT_SA,C1C134P0,4,MKT_SPR_CD,ASC
CISADM,C1_SPR_MKT_OPT_SA,C1C134P0,5,SPR_CD,ASC
CISADM,C1_SPR_MKT_OPT_SA,C1C134P0,6,SPR_MKT_OPT_SA_ROLE_FLG,ASC
CISADM,C1_SS_CONT_OVRD,C1M001P0,1,C1_SS_CONTACT_ID,ASC
CISADM,C1_SS_CONT_OVRD,C1M001S1,1,PER_ID,ASC
CISADM,C1_SS_CONT_OVRD_K,C1T012P0,1,C1_SS_CONTACT_ID,ASC
CISADM,C1_SS_CONT_OVRD_K,C1T012P0,2,ENV_ID,ASC
CISADM,C1_TOU_MAP,C1C044P0,1,C1_TOU_MAP_ID,ASC
CISADM,C1_TOU_MAP,C1C044S1,1,C1_TOU_MAP_TYPE_CD,ASC
CISADM,C1_TOU_MAP,C1C044S2,1,C1_TOU_MAP_TMPLT_CD,ASC
CISADM,C1_TOU_MAP_CHAR,C1C046P0,1,C1_TOU_MAP_ID,ASC
CISADM,C1_TOU_MAP_CHAR,C1C046P0,2,CHAR_TYPE_CD,ASC
CISADM,C1_TOU_MAP_CHAR,C1C046P0,3,EFFDT,ASC
CISADM,C1_TOU_MAP_DATA,C1C049P0,1,C1_TOU_MAP_ID,ASC
CISADM,C1_TOU_MAP_DATA,C1C049P0,2,C1_TOU_MAP_DATA_DTTM,ASC
CISADM,C1_TOU_MAP_DATA_CHAR,C1C050P0,1,C1_TOU_MAP_ID,ASC
CISADM,C1_TOU_MAP_DATA_CHAR,C1C050P0,2,C1_TOU_MAP_DATA_DTTM,ASC
CISADM,C1_TOU_MAP_DATA_CHAR,C1C050P0,3,CHAR_TYPE_CD,ASC
CISADM,C1_TOU_MAP_DATA_CHAR,C1C050P0,4,SEQ_NUM,ASC
CISADM,C1_TOU_MAP_K,C1C051P0,1,C1_TOU_MAP_ID,ASC
CISADM,C1_TOU_MAP_K,C1C051P0,2,ENV_ID,ASC
CISADM,C1_TOU_MAP_L,C1C045P0,1,C1_TOU_MAP_ID,ASC
CISADM,C1_TOU_MAP_L,C1C045P0,2,LANGUAGE_CD,ASC
CISADM,C1_TOU_MAP_L,C1C045S1,1,DESCR100,ASC
CISADM,C1_TOU_MAP_LOG,C1C047P0,1,C1_TOU_MAP_ID,ASC
CISADM,C1_TOU_MAP_LOG,C1C047P0,2,SEQNO,ASC
CISADM,C1_TOU_MAP_LOG_PARM,C1C048P0,1,C1_TOU_MAP_ID,ASC
CISADM,C1_TOU_MAP_LOG_PARM,C1C048P0,2,SEQNO,ASC
CISADM,C1_TOU_MAP_LOG_PARM,C1C048P0,3,PARM_SEQ,ASC
CISADM,C1_TOU_MAP_TMPLT,C1C037P0,1,C1_TOU_MAP_TMPLT_CD,ASC
CISADM,C1_TOU_MAP_TMPLT,C1C037S1,1,TOU_GRP_CD,ASC
CISADM,C1_TOU_MAP_TMPLT,C1C037S2,1,TOU_CD,ASC
CISADM,C1_TOU_MAP_TMPLT_CHAR,C1C039P0,1,C1_TOU_MAP_TMPLT_CD,ASC
CISADM,C1_TOU_MAP_TMPLT_CHAR,C1C039P0,2,CHAR_TYPE_CD,ASC
CISADM,C1_TOU_MAP_TMPLT_CHAR,C1C039P0,3,SEQ_NUM,ASC
CISADM,C1_TOU_MAP_TMPLT_L,C1C038P0,1,C1_TOU_MAP_TMPLT_CD,ASC
CISADM,C1_TOU_MAP_TMPLT_L,C1C038P0,2,LANGUAGE_CD,ASC
CISADM,C1_TOU_MAP_TYPE,C1C040P0,1,C1_TOU_MAP_TYPE_CD,ASC
CISADM,C1_TOU_MAP_TYPE,C1C040S1,1,C1_TOU_MAP_TMPLT_CD,ASC
CISADM,C1_TOU_MAP_TYPE_CHAR,C1C043P0,1,C1_TOU_MAP_TYPE_CD,ASC
CISADM,C1_TOU_MAP_TYPE_CHAR,C1C043P0,2,CHAR_TYPE_CD,ASC
CISADM,C1_TOU_MAP_TYPE_CHAR,C1C043P0,3,SEQ_NUM,ASC
CISADM,C1_TOU_MAP_TYPE_L,C1C041P0,1,C1_TOU_MAP_TYPE_CD,ASC
CISADM,C1_TOU_MAP_TYPE_L,C1C041P0,2,LANGUAGE_CD,ASC
CISADM,C1_TOU_MAP_TYPE_TMPLT,C1C042P0,1,C1_TOU_MAP_TYPE_CD,ASC
CISADM,C1_TOU_MAP_TYPE_TMPLT,C1C042P0,2,C1_TOU_MAP_TMPLT_CD,ASC
CISADM,C1_USAGE,CT368S2,1,BSEG_ID,ASC
CISADM,C1_USAGE,CT368S3,1,USER_ID,ASC
CISADM,C1_USAGE,CT368S3,2,USAGE_ID,ASC
CISADM,C1_USAGE,CT368S4,1,MASTER_USAGE_ID,ASC
CISADM,C1_USAGE,CT368S5,1,SA_REL_ID,ASC
CISADM,C1_USAGE,XT368P0,1,USAGE_ID,ASC
CISADM,C1_USAGE,XT368S1,1,BUS_OBJ_CD,ASC
CISADM,C1_USAGE,XT368S1,2,BO_STATUS_CD,ASC
CISADM,C1_USAGE,XT368S1,3,WIN_START_DT,ASC
CISADM,C1_USAGE,XT368S1,4,BILL_CYC_CD,ASC
CISADM,C1_USAGE,XT368S1,5,USAGE_ID,ASC
CISADM,C1_USAGE,XT368S4,1,SA_ID,ASC
CISADM,C1_USAGE_CHAR,XT387P0,1,USAGE_ID,ASC
CISADM,C1_USAGE_CHAR,XT387P0,2,CHAR_TYPE_CD,ASC
CISADM,C1_USAGE_CHAR,XT387P0,3,SEQ_NUM,ASC
CISADM,C1_USAGE_CHAR,XT387S1,1,SRCH_CHAR_VAL,ASC
CISADM,C1_USAGE_K,XT390P0,1,USAGE_ID,ASC
CISADM,C1_USAGE_K,XT390P0,2,ENV_ID,ASC
CISADM,C1_USAGE_LOG,XT388P0,1,USAGE_ID,ASC
CISADM,C1_USAGE_LOG,XT388P0,2,SEQNO,ASC
CISADM,C1_USAGE_LOG,XT388S1,1,CHAR_TYPE_CD,ASC
CISADM,C1_USAGE_LOG,XT388S1,2,CHAR_VAL_FK1,ASC
CISADM,C1_USAGE_LOG_PARM,XT389P0,1,USAGE_ID,ASC
CISADM,C1_USAGE_LOG_PARM,XT389P0,2,SEQNO,ASC
CISADM,C1_USAGE_LOG_PARM,XT389P0,3,PARM_SEQ,ASC
CISADM,C1_USER_CIS_DIV,C1C007P0,1,USER_ID,ASC
CISADM,C1_USER_CIS_DIV,C1C007P0,2,CIS_DIVISION,ASC
CISADM,C1_USER_TNDR_SRCE,XC811P0,1,USER_ID,ASC
CISADM,C1_USER_TNDR_SRCE,XC811P0,2,TNDR_SOURCE_CD,ASC
CISADM,C1_WEB_USER,C1T036P0,1,C1_WEB_USER_ID,ASC
CISADM,C1_WEB_USER,C1T036S1,1,CLIENT_WEB_USER_ID,ASC
CISADM,C1_WEB_USER,C1T036S2,1,C1_CONTACT_ID,ASC
CISADM,C1_WEB_USER,C1T036S3,1,WEB_USER_NAME,ASC
CISADM,C1_WEB_USER_ACCT,C1T040P0,1,ACCT_ID,ASC
CISADM,C1_WEB_USER_ACCT,C1T040P0,2,C1_WEB_USER_ID,ASC
CISADM,C1_WEB_USER_ACCT_LOG,C1T041P0,1,ACCT_ID,ASC
CISADM,C1_WEB_USER_ACCT_LOG,C1T041P0,2,C1_WEB_USER_ID,ASC
CISADM,C1_WEB_USER_ACCT_LOG,C1T041P0,3,SEQNO,ASC
CISADM,C1_WEB_USER_ACCT_LOG_PARM,C1T042P0,1,ACCT_ID,ASC
CISADM,C1_WEB_USER_ACCT_LOG_PARM,C1T042P0,2,C1_WEB_USER_ID,ASC
CISADM,C1_WEB_USER_ACCT_LOG_PARM,C1T042P0,3,SEQNO,ASC
CISADM,C1_WEB_USER_ACCT_LOG_PARM,C1T042P0,4,PARM_SEQ,ASC
CISADM,C1_WEB_USER_K,C1T037P0,1,C1_WEB_USER_ID,ASC
CISADM,C1_WEB_USER_K,C1T037P0,2,ENV_ID,ASC
CISADM,C1_WEB_USER_LOG,C1T038P0,1,C1_WEB_USER_ID,ASC
CISADM,C1_WEB_USER_LOG,C1T038P0,2,SEQNO,ASC
CISADM,C1_WEB_USER_LOG_PARM,C1T039P0,1,C1_WEB_USER_ID,ASC
CISADM,C1_WEB_USER_LOG_PARM,C1T039P0,2,SEQNO,ASC
CISADM,C1_WEB_USER_LOG_PARM,C1T039P0,3,PARM_SEQ,ASC
CISADM,CI_ACCT,XM148P0,1,ACCT_ID,ASC
CISADM,CI_ACCT,XM148S1,1,BILL_CYC_CD,ASC
CISADM,CI_ACCT,XM148S1,2,ACCT_ID,ASC
CISADM,CI_ACCT,XM148S2,1,MAILING_PREM_ID,ASC
CISADM,CI_ACCT_ALERT,XT076P0,1,ACCT_ID,ASC
CISADM,CI_ACCT_ALERT,XT076P0,2,ALERT_TYPE_CD,ASC
CISADM,CI_ACCT_ALERT,XT076P0,3,START_DT,ASC
CISADM,CI_ACCT_APAY,XT002P0,1,ACCT_APAY_ID,ASC
CISADM,CI_ACCT_APAY,XT002S1,1,ACCT_ID,ASC
CISADM,CI_ACCT_APAY,XT002S2,1,EXPIRE_DT,ASC
CISADM,CI_ACCT_APAY_K,XT500P0,1,ACCT_APAY_ID,ASC
CISADM,CI_ACCT_APAY_K,XT500P0,2,ENV_ID,ASC
CISADM,CI_ACCT_CHAR,C1M008S1,1,SRCH_CHAR_VAL,ASC
CISADM,CI_ACCT_CHAR,XM064P0,1,ACCT_ID,ASC
CISADM,CI_ACCT_CHAR,XM064P0,2,CHAR_TYPE_CD,ASC
CISADM,CI_ACCT_CHAR,XM064P0,3,EFFDT,ASC
CISADM,CI_ACCT_K,XM500P0,1,ACCT_ID,ASC
CISADM,CI_ACCT_K,XM500P0,2,ENV_ID,ASC
CISADM,CI_ACCT_MGMT_GR,XC402P0,1,ACCT_MGMT_GRP_CD,ASC
CISADM,CI_ACCT_MGMT_GR_L,XC403P0,1,ACCT_MGMT_GRP_CD,ASC
CISADM,CI_ACCT_MGMT_GR_L,XC403P0,2,LANGUAGE_CD,ASC
CISADM,CI_ACCT_MGRP_RL,XC019P0,1,TD_TYPE_CD,ASC
CISADM,CI_ACCT_MGRP_RL,XC019P0,2,ACCT_MGMT_GRP_CD,ASC
CISADM,CI_ACCT_MSG,XM022P0,1,ACCT_ID,ASC
CISADM,CI_ACCT_MSG,XM022P0,2,BILL_MSG_CD,ASC
CISADM,CI_ACCT_MSG_PRM,XT077P0,1,ACCT_ID,ASC
CISADM,CI_ACCT_MSG_PRM,XT077P0,2,BILL_MSG_CD,ASC
CISADM,CI_ACCT_MSG_PRM,XT077P0,3,SEQ_NUM,ASC
CISADM,CI_ACCT_PER,XM150P0,1,ACCT_ID,ASC
CISADM,CI_ACCT_PER,XM150P0,2,PER_ID,ASC
CISADM,CI_ACCT_PER,XM150S1,1,PER_ID,ASC
CISADM,CI_ACCT_PER,XM150S1,2,ACCT_ID,ASC
CISADM,CI_ACCT_PER,XM150S1,3,MAIN_CUST_SW,ASC
CISADM,CI_ACCT_REL_TYP,XC010P0,1,ACCT_REL_TYPE_CD,ASC
CISADM,CI_ACCT_REL_TYP_L,XC595P0,1,ACCT_REL_TYPE_CD,ASC
CISADM,CI_ACCT_REL_TYP_L,XC595P0,2,LANGUAGE_CD,ASC
CISADM,CI_ACC_GRP,XC667P0,1,ACCESS_GRP_CD,ASC
CISADM,CI_ACC_GRP_DAR,XC692P0,1,ACCESS_GRP_CD,ASC
CISADM,CI_ACC_GRP_DAR,XC692P0,2,DAR_CD,ASC
CISADM,CI_ACC_GRP_L,XC668P0,1,ACCESS_GRP_CD,ASC
CISADM,CI_ACC_GRP_L,XC668P0,2,LANGUAGE_CD,ASC
CISADM,CI_ACC_GRP_ROLE,F1C776P0,1,ACCESS_GRP_CD,ASC
CISADM,CI_ACC_GRP_ROLE,F1C776P0,2,TD_TYPE_CD,ASC
CISADM,CI_ADJ,XT012P0,1,ADJ_ID,ASC
CISADM,CI_ADJ,XT012S1,1,SA_ID,ASC
CISADM,CI_ADJ,XT012S1,2,ADJ_TYPE_CD,ASC
CISADM,CI_ADJ,XT012S2,1,XFER_ADJ_ID,ASC
CISADM,CI_ADJ,XT012S2,2,ADJ_ID,ASC
CISADM,CI_ADJ,XT012S4,1,APPR_REQ_ID,ASC
CISADM,CI_ADJ,XT012S4,2,ADJ_ID,ASC
CISADM,CI_ADJT_ADJTPRF,XC017P0,1,ADJ_TYPE_PROF_CD,ASC
CISADM,CI_ADJT_ADJTPRF,XC017P0,2,ADJ_TYPE_CD,ASC
CISADM,CI_ADJT_ADJTPRF,XC017S1,1,ADJ_TYPE_CD,ASC
CISADM,CI_ADJT_ADJTPRF,XC017S1,2,ADJ_TYPE_PROF_CD,ASC
CISADM,CI_ADJ_APREQ,XT160P0,1,AP_REQ_ID,ASC
CISADM,CI_ADJ_APREQ,XT160S1,1,ADJ_ID,ASC
CISADM,CI_ADJ_APREQ,XT160S2,1,BATCH_CD,ASC
CISADM,CI_ADJ_APREQ,XT160S2,2,BATCH_NBR,ASC
CISADM,CI_ADJ_APREQ_K,XT502P0,1,AP_REQ_ID,ASC
CISADM,CI_ADJ_APREQ_K,XT502P0,2,ENV_ID,ASC
CISADM,CI_ADJ_CALC_LN,XT310P0,1,ADJ_ID,ASC
CISADM,CI_ADJ_CALC_LN,XT310P0,2,SEQNO,ASC
CISADM,CI_ADJ_CAN_RSN,XC014P0,1,CAN_RSN_CD,ASC
CISADM,CI_ADJ_CAN_RSN_L,XC594P0,1,CAN_RSN_CD,ASC
CISADM,CI_ADJ_CAN_RSN_L,XC594P0,2,LANGUAGE_CD,ASC
CISADM,CI_ADJ_CHAR,XC781P0,1,ADJ_ID,ASC
CISADM,CI_ADJ_CHAR,XC781P0,2,CHAR_TYPE_CD,ASC
CISADM,CI_ADJ_CHAR,XC781P0,3,SEQ_NUM,ASC
CISADM,CI_ADJ_CHAR,XC781S1,1,SRCH_CHAR_VAL,ASC
CISADM,CI_ADJ_CL_CHAR,XT309P0,1,ADJ_ID,ASC
CISADM,CI_ADJ_CL_CHAR,XT309P0,2,SEQNO,ASC
CISADM,CI_ADJ_CL_CHAR,XT309P0,3,CHAR_TYPE_CD,ASC
CISADM,CI_ADJ_K,XT501P0,1,ADJ_ID,ASC
CISADM,CI_ADJ_K,XT501P0,2,ENV_ID,ASC
CISADM,CI_ADJ_STG_CTL,XT351P0,1,ADJ_STG_CTL_ID,ASC
CISADM,CI_ADJ_STG_CTL,XT351S1,1,CRE_DTTM,ASC
CISADM,CI_ADJ_STG_CTL,XT351S1,2,ADJ_STG_CTL_STATUS_FLG,ASC
CISADM,CI_ADJ_STG_CTL_CHAR,XT352P0,1,ADJ_STG_CTL_ID,ASC
CISADM,CI_ADJ_STG_CTL_CHAR,XT352P0,2,CHAR_TYPE_CD,ASC
CISADM,CI_ADJ_STG_CTL_CHAR,XT352P0,3,SEQ_NUM,ASC
CISADM,CI_ADJ_STG_CTL_CHAR,XT352S1,1,SRCH_CHAR_VAL,ASC
CISADM,CI_ADJ_STG_CTL_MSGP,XT353P0,1,ADJ_STG_CTL_ID,ASC
CISADM,CI_ADJ_STG_CTL_MSGP,XT353P0,2,PARM_SEQ,ASC
CISADM,CI_ADJ_STG_UP,XT354P0,1,ADJ_STG_UP_ID,ASC
CISADM,CI_ADJ_STG_UP,XT354S1,1,CREATE_DT,ASC
CISADM,CI_ADJ_STG_UP,XT354S1,2,ADJ_STG_UP_STATUS_FLG,ASC
CISADM,CI_ADJ_STG_UP,XT354S1,3,ADJ_TYPE_CD,ASC
CISADM,CI_ADJ_STG_UP,XT354S2,1,SUSPENSE_ADJ_ID,ASC
CISADM,CI_ADJ_STG_UP,XT354S2,2,ADJ_STG_UP_STATUS_FLG,ASC
CISADM,CI_ADJ_STG_UP_CHAR,XT355P0,1,ADJ_STG_UP_ID,ASC
CISADM,CI_ADJ_STG_UP_CHAR,XT355P0,2,CHAR_TYPE_CD,ASC
CISADM,CI_ADJ_STG_UP_CHAR,XT355P0,3,SEQ_NUM,ASC
CISADM,CI_ADJ_STG_UP_CHAR,XT355S1,1,SRCH_CHAR_VAL,ASC
CISADM,CI_ADJ_STG_UP_MSGP,XT356P0,1,ADJ_STG_UP_ID,ASC
CISADM,CI_ADJ_STG_UP_MSGP,XT356P0,2,PARM_SEQ,ASC
CISADM,CI_ADJ_TYPE,XC016P0,1,ADJ_TYPE_CD,ASC
CISADM,CI_ADJ_TYPE_L,XC597P0,1,ADJ_TYPE_CD,ASC
CISADM,CI_ADJ_TYPE_L,XC597P0,2,LANGUAGE_CD,ASC
CISADM,CI_ADJ_TYP_PROF,XC015P0,1,ADJ_TYPE_PROF_CD,ASC
CISADM,CI_ADJ_TYP_PROF_L,XC596P0,1,ADJ_TYPE_PROF_CD,ASC
CISADM,CI_ADJ_TYP_PROF_L,XC596P0,2,LANGUAGE_CD,ASC
CISADM,CI_ADJ_TY_ALG,XC696P0,1,ADJ_TYPE_CD,ASC
CISADM,CI_ADJ_TY_ALG,XC696P0,2,ATY_ALG_ENTITY_FLG,ASC
CISADM,CI_ADJ_TY_ALG,XC696P0,3,SEQ_NUM,ASC
CISADM,CI_ADJ_TY_CHAR,XC297P0,1,ADJ_TYPE_CD,ASC
CISADM,CI_ADJ_TY_CHAR,XC297P0,2,CHAR_TYPE_CD,ASC
CISADM,CI_ADJ_TY_CHAR,XC297P0,3,SEQ_NUM,ASC
CISADM,CI_ADM_RVW_SCH,XM210P0,1,ACCT_ID,ASC
CISADM,CI_ADM_RVW_SCH,XM210P0,2,NEXT_CR_RVW_DT,ASC
CISADM,CI_ALERT_TYPE,XC226P0,1,ALERT_TYPE_CD,ASC
CISADM,CI_ALERT_TYPE_L,XC018P0,1,ALERT_TYPE_CD,ASC
CISADM,CI_ALERT_TYPE_L,XC018P0,2,LANGUAGE_CD,ASC
CISADM,CI_ALG,XC305P0,1,ALG_CD,ASC
CISADM,CI_ALG_L,XC321P0,1,ALG_CD,ASC
CISADM,CI_ALG_L,XC321P0,2,LANGUAGE_CD,ASC
CISADM,CI_ALG_PARM,XC306P0,1,ALG_CD,ASC
CISADM,CI_ALG_PARM,XC306P0,2,EFFDT,ASC
CISADM,CI_ALG_PARM,XC306P0,3,SEQNO,ASC
CISADM,CI_ALG_TYPE,XC307P0,1,ALG_TYPE_CD,ASC
CISADM,CI_ALG_TYPE_L,XC327P0,1,ALG_TYPE_CD,ASC
CISADM,CI_ALG_TYPE_L,XC327P0,2,LANGUAGE_CD,ASC
CISADM,CI_ALG_TYPE_PRM,XC308P0,1,ALG_TYPE_CD,ASC
CISADM,CI_ALG_TYPE_PRM,XC308P0,2,SEQNO,ASC
CISADM,CI_ALG_TYPE_PRM_L,XC330P0,1,ALG_TYPE_CD,ASC
CISADM,CI_ALG_TYPE_PRM_L,XC330P0,2,SEQNO,ASC
CISADM,CI_ALG_TYPE_PRM_L,XC330P0,3,LANGUAGE_CD,ASC
CISADM,CI_ALG_VER,XC309P0,1,ALG_CD,ASC
CISADM,CI_ALG_VER,XC309P0,2,EFFDT,ASC
CISADM,CI_AM_ACTIVITY_TYPE,XC794P0,1,AM_ACTIVITY_TYPE_CD,ASC
CISADM,CI_AM_ACTIVITY_TYPE_L,XC795P0,1,AM_ACTIVITY_TYPE_CD,ASC
CISADM,CI_AM_ACTIVITY_TYPE_L,XC795P0,2,LANGUAGE_CD,ASC
CISADM,CI_AM_REQ,XT604P0,1,AM_REQ_ID,ASC
CISADM,CI_AM_REQ,XT604S1,1,AM_ACTIVITY_TYPE_CD,ASC
CISADM,CI_AM_REQ_K,XT607P0,1,AM_REQ_ID,ASC
CISADM,CI_AM_REQ_K,XT607P0,2,ENV_ID,ASC
CISADM,CI_AM_REQ_LOG,XT620P0,1,AM_REQ_ID,ASC
CISADM,CI_AM_REQ_LOG,XT620P0,2,SEQNO,ASC
CISADM,CI_AM_REQ_LOG,XT620S1,1,CHAR_TYPE_CD,ASC
CISADM,CI_AM_REQ_LOG,XT620S1,2,CHAR_VAL_FK1,ASC
CISADM,CI_AM_REQ_LOG_PARM,XT621P0,1,AM_REQ_ID,ASC
CISADM,CI_AM_REQ_LOG_PARM,XT621P0,2,SEQNO,ASC
CISADM,CI_AM_REQ_LOG_PARM,XT621P0,3,PARM_SEQ,ASC
CISADM,CI_APAY_CLR_STG,XT003P0,1,APAY_CLR_ID,ASC
CISADM,CI_APAY_CLR_STG,XT003S1,1,BILL_ID,ASC
CISADM,CI_APAY_CLR_STG,XT003S2,1,PAY_TENDER_ID,ASC
CISADM,CI_APAY_CLR_STG,XT003S3,1,BATCH_CD,ASC
CISADM,CI_APAY_CLR_STG,XT003S3,2,BATCH_NBR,ASC
CISADM,CI_APAY_CLR_STG,XT003S3,3,SCHED_EXTRACT_DT,ASC
CISADM,CI_APAY_CLR_STG,XT003S4,1,ACCT_APAY_ID,ASC
CISADM,CI_APAY_CLR_STG_K,XT503P0,1,APAY_CLR_ID,ASC
CISADM,CI_APAY_CLR_STG_K,XT503P0,2,ENV_ID,ASC
CISADM,CI_APAY_RT_TYPE,XC022P0,1,APAY_RTE_TYPE_CD,ASC
CISADM,CI_APAY_RT_TYPE_L,XC028P0,1,APAY_RTE_TYPE_CD,ASC
CISADM,CI_APAY_RT_TYPE_L,XC028P0,2,LANGUAGE_CD,ASC
CISADM,CI_APAY_SRC,XC029P0,1,APAY_SRC_CD,ASC
CISADM,CI_APAY_SRC_L,XC033P0,1,APAY_SRC_CD,ASC
CISADM,CI_APAY_SRC_L,XC033P0,2,LANGUAGE_CD,ASC
CISADM,CI_APPR_PROF,XC984P0,1,APPR_PROF_CD,ASC
CISADM,CI_APPR_PROF_L,XC985P0,1,APPR_PROF_CD,ASC
CISADM,CI_APPR_PROF_L,XC985P0,2,LANGUAGE_CD,ASC
CISADM,CI_APPR_REQ,XT600P0,1,APPR_REQ_ID,ASC
CISADM,CI_APPR_REQ_CHAR,XT601P0,1,APPR_REQ_ID,ASC
CISADM,CI_APPR_REQ_CHAR,XT601P0,2,CHAR_TYPE_CD,ASC
CISADM,CI_APPR_REQ_CHAR,XT601P0,3,SEQ_NUM,ASC
CISADM,CI_APPR_REQ_CHAR,XT601S1,1,SRCH_CHAR_VAL,ASC
CISADM,CI_APPR_REQ_K,XT605P0,1,APPR_REQ_ID,ASC
CISADM,CI_APPR_REQ_K,XT605P0,2,ENV_ID,ASC
CISADM,CI_APPR_REQ_LOG,XT602P0,1,APPR_REQ_ID,ASC
CISADM,CI_APPR_REQ_LOG,XT602P0,2,SEQNO,ASC
CISADM,CI_APPR_REQ_LOG,XT602S1,1,CHAR_TYPE_CD,ASC
CISADM,CI_APPR_REQ_LOG,XT602S1,2,CHAR_VAL_FK1,ASC
CISADM,CI_APPR_REQ_LOG_PARM,XT603P0,1,APPR_REQ_ID,ASC
CISADM,CI_APPR_REQ_LOG_PARM,XT603P0,2,SEQNO,ASC
CISADM,CI_APPR_REQ_LOG_PARM,XT603P0,3,PARM_SEQ,ASC
CISADM,CI_APP_SVC_ACC,XC999P0,1,APP_SVC_ID,ASC
CISADM,CI_APP_SVC_ACC,XC999P0,2,ACCESS_MODE,ASC
CISADM,CI_APP_SVC_SCTY,XC366P0,1,APP_SVC_ID,ASC
CISADM,CI_APP_SVC_SCTY,XC366P0,2,SC_TYPE_CD,ASC
CISADM,CI_APREQ_TYPE,XC023P0,1,AP_REQ_TYPE_CD,ASC
CISADM,CI_APREQ_TYPE_L,XC626P0,1,AP_REQ_TYPE_CD,ASC
CISADM,CI_APREQ_TYPE_L,XC626P0,2,LANGUAGE_CD,ASC
CISADM,CI_ARC_ROOT_INST,XT256P0,1,ARC_ROOT_INST_ID,ASC
CISADM,CI_ARC_ROOT_INST,XT256S1,1,PRIM_ROOT_OBJ_ID,ASC
CISADM,CI_ARC_ROOT_INST,XT256S2,1,ARC_ROOT_OBJ_ID,ASC
CISADM,CI_ARC_ROOT_INST,XT256S3,1,DB_PROC_CD,ASC
CISADM,CI_ARC_ROOT_INST,XT256S3,2,LEVEL_NBR,ASC
CISADM,CI_ARC_ROOT_INST_K,XT504P0,1,ARC_ROOT_INST_ID,ASC
CISADM,CI_ARC_ROOT_INST_K,XT504P0,2,ENV_ID,ASC
CISADM,CI_ARC_ROOT_OBJ,XT257P0,1,ARC_ROOT_OBJ_ID,ASC
CISADM,CI_ARC_ROOT_OBJ,XT257S1,1,MAINT_OBJ_CD,ASC
CISADM,CI_ARC_ROOT_OBJ,XT257S1,2,ARC_ROOT_STAT_FLG,ASC
CISADM,CI_ARC_ROOT_OBJ,XT257S2,1,ENV_REF_CD,ASC
CISADM,CI_ARC_ROOT_OBJ,XT257S2,2,ARC_ROOT_STAT_FLG,ASC
CISADM,CI_ARC_ROOT_OBJ_K,XT505P0,1,ARC_ROOT_OBJ_ID,ASC
CISADM,CI_ARC_ROOT_OBJ_K,XT505P0,2,ENV_ID,ASC
CISADM,CI_ARC_ROOT_PK,XT258P0,1,ARC_ROOT_OBJ_ID,ASC
CISADM,CI_ARC_ROOT_PK,XT258P0,2,CONST_ID,ASC
CISADM,CI_ARC_ROOT_PK,XT258P0,3,OWNER_FLG,ASC
CISADM,CI_ARC_ROOT_PK,XT258P0,4,SEQ_NUM,ASC
CISADM,CI_ARC_ROOT_PK,XT258S1,1,CONST_ID,ASC
CISADM,CI_ARC_ROOT_PK,XT258S1,2,OWNER_FLG,ASC
CISADM,CI_ARC_ROOT_PK,XT258S1,3,SEQ_NUM,ASC
CISADM,CI_ARC_ROOT_PK,XT258S1,4,FIELD_VAL,ASC
CISADM,CI_AUDIT,XT021P0,1,AUDIT_ID,ASC
CISADM,CI_AUDIT,XT021S1,1,USER_ID,ASC
CISADM,CI_AUDIT,XT021S1,2,CRE_DTTM,ASC
CISADM,CI_AUDIT,XT021S2,1,AUDIT_TBL_NAME,ASC
CISADM,CI_AUDIT,XT021S2,2,AUDIT_FLD_NAME,ASC
CISADM,CI_AUDIT,XT021S2,3,PK_VALUE1,ASC
CISADM,CI_AUDIT,XT021S2,4,PK_VALUE2,ASC
CISADM,CI_AUDIT,XT021S3,1,AUDIT_TBL_NAME,ASC
CISADM,CI_AUDIT,XT021S3,2,AUDIT_FLD_NAME,ASC
CISADM,CI_AUDIT,XT021S3,3,CRE_DTTM,ASC
CISADM,CI_AUDIT,XT021S4,1,AUDIT_TBL_NAME,ASC
CISADM,CI_AUDIT,XT021S4,2,AUDIT_FLD_NAME,ASC
CISADM,CI_AUDIT,XT021S4,3,PK_VALUE2,ASC
CISADM,CI_AUDIT,XT021S4,4,PK_VALUE1,ASC
CISADM,CI_AUDIT_K,XT506P0,1,AUDIT_ID,ASC
CISADM,CI_AUDIT_K,XT506P0,2,ENV_ID,ASC
CISADM,CI_BAL_CTL_GRP,XT064P0,1,BAL_CTL_GRP_ID,ASC
CISADM,CI_BAL_CTL_GRP,XT064S1,1,BALANCING_STAT_FLG,ASC
CISADM,CI_BAL_CTL_GRP,XT064S1,2,BAL_CTL_GRP_ID,ASC
CISADM,CI_BAL_CTL_MEM,XT004P0,1,BAL_CTL_GRP_ID,ASC
CISADM,CI_BAL_CTL_MEM,XT004P0,2,CIS_DIVISION,ASC
CISADM,CI_BAL_CTL_MEM,XT004P0,3,SA_TYPE_CD,ASC
CISADM,CI_BAL_CTL_MEM,XT004P0,4,FT_TYPE_FLG,ASC
CISADM,CI_BAL_CTL_MEM,XT004P0,5,BAL_CTL_TYPE_FLG,ASC
CISADM,CI_BAL_CTL_MEM,XT004P0,6,BATCH_THREAD_NBR,ASC
CISADM,CI_BAL_CTL_TMP,XT005P0,1,BAL_CTL_GRP_ID,ASC
CISADM,CI_BAL_CTL_TMP,XT005P0,2,CIS_DIVISION,ASC
CISADM,CI_BAL_CTL_TMP,XT005P0,3,SA_TYPE_CD,ASC
CISADM,CI_BAL_CTL_TMP,XT005P0,4,FT_TYPE_FLG,ASC
CISADM,CI_BAL_CTL_TMP,XT005P0,5,BAL_CTL_TYPE_FLG,ASC
CISADM,CI_BANK,XC003P0,1,BANK_CD,ASC
CISADM,CI_BANK_ACCOUNT,XC002P0,1,BANK_CD,ASC
CISADM,CI_BANK_ACCOUNT,XC002P0,2,BANK_ACCT_KEY,ASC
CISADM,CI_BANK_ACCOUNT_L,XC333P0,1,BANK_ACCT_KEY,ASC
CISADM,CI_BANK_ACCOUNT_L,XC333P0,2,BANK_CD,ASC
CISADM,CI_BANK_ACCOUNT_L,XC333P0,3,LANGUAGE_CD,ASC
CISADM,CI_BANK_L,XC334P0,1,BANK_CD,ASC
CISADM,CI_BANK_L,XC334P0,2,LANGUAGE_CD,ASC
CISADM,CI_BATCH_CTRL,XC026P0,1,BATCH_CD,ASC
CISADM,CI_BATCH_CTRL_ALG,FC436P0,1,BATCH_CD,ASC
CISADM,CI_BATCH_CTRL_ALG,FC436P0,2,F1_BATCH_CTRL_SEVT_FLG,ASC
CISADM,CI_BATCH_CTRL_ALG,FC436P0,3,SEQ_NUM,ASC
CISADM,CI_BATCH_CTRL_L,XC335P0,1,BATCH_CD,ASC
CISADM,CI_BATCH_CTRL_L,XC335P0,2,LANGUAGE_CD,ASC
CISADM,CI_BATCH_CTRL_P,XC372P0,1,BATCH_CD,ASC
CISADM,CI_BATCH_CTRL_P,XC372P0,2,SEQ_NUM,ASC
CISADM,CI_BATCH_CTRL_P_L,XC373P0,1,BATCH_CD,ASC
CISADM,CI_BATCH_CTRL_P_L,XC373P0,2,SEQ_NUM,ASC
CISADM,CI_BATCH_CTRL_P_L,XC373P0,3,LANGUAGE_CD,ASC
CISADM,CI_BATCH_INST,XT071P0,1,BATCH_CD,ASC
CISADM,CI_BATCH_INST,XT071P0,2,BATCH_NBR,ASC
CISADM,CI_BATCH_INST,XT071P0,3,BATCH_RERUN_NBR,ASC
CISADM,CI_BATCH_INST,XT071P0,4,BATCH_THREAD_NBR,ASC
CISADM,CI_BATCH_INST,XT071P0,5,SCHEDULER_ID,ASC
CISADM,CI_BATCH_JOB,XT240P0,1,BATCH_JOB_ID,ASC
CISADM,CI_BATCH_JOB,XT240S1,1,BATCH_CD,ASC
CISADM,CI_BATCH_JOB,XT240S1,2,BATCH_JOB_STAT_FLG,ASC
CISADM,CI_BATCH_JOB,XT240S2,1,USER_ID,ASC
CISADM,CI_BATCH_JOB_K,XT507P0,1,BATCH_JOB_ID,ASC
CISADM,CI_BATCH_JOB_K,XT507P0,2,ENV_ID,ASC
CISADM,CI_BATCH_JOB_PRM,XT241P0,1,BATCH_JOB_ID,ASC
CISADM,CI_BATCH_JOB_PRM,XT241P0,2,SEQ_NUM,ASC
CISADM,CI_BATCH_RUN,XT028P0,1,BATCH_CD,ASC
CISADM,CI_BATCH_RUN,XT028P0,2,BATCH_NBR,ASC
CISADM,CI_BATCH_RUN,XT028P0,3,BATCH_RERUN_NBR,ASC
CISADM,CI_BATCH_RUN,XT028S1,1,RUN_STATUS,ASC
CISADM,CI_BATCH_THD,XT029P0,1,BATCH_CD,ASC
CISADM,CI_BATCH_THD,XT029P0,2,BATCH_NBR,ASC
CISADM,CI_BATCH_THD,XT029P0,3,BATCH_RERUN_NBR,ASC
CISADM,CI_BATCH_THD,XT029P0,4,BATCH_THREAD_NBR,ASC
CISADM,CI_BCHG_LINE_UP,XT006P0,1,BCHG_UP_ID,ASC
CISADM,CI_BCHG_LINE_UP,XT006P0,2,LINE_SEQ,ASC
CISADM,CI_BCHG_READ,XT271P0,1,BILLABLE_CHG_ID,ASC
CISADM,CI_BCHG_READ,XT271P0,2,SP_ID,ASC
CISADM,CI_BCHG_READ,XT271P0,3,SEQNO,ASC
CISADM,CI_BCHG_READ,XT271S1,1,START_REG_READ_ID,ASC
CISADM,CI_BCHG_READ,XT271S2,1,END_REG_READ_ID,ASC
CISADM,CI_BCHG_SQ,XT081P0,1,BILLABLE_CHG_ID,ASC
CISADM,CI_BCHG_SQ,XT081P0,2,SEQ_NUM,ASC
CISADM,CI_BCHG_UP,XT007P0,1,BCHG_UP_ID,ASC
CISADM,CI_BCHG_UP,XT007S1,1,BCHG_UP_STAT_FLG,ASC
CISADM,CI_BCHG_UP,XT007S1,2,SA_ID,ASC
CISADM,CI_BCHG_UP,XT007S2,1,SA_EXT_REF_ID,ASC
CISADM,CI_BCHG_UP,XT007S3,1,SA_ID,ASC
CISADM,CI_BCHG_UP_EXCP,XT008P0,1,BCHG_UP_ID,ASC
CISADM,CI_BCHG_UP_OVRD,XC168P0,1,CIS_DIVISION,ASC
CISADM,CI_BCHG_UP_OVRD,XC168P0,2,SA_TYPE_CD,ASC
CISADM,CI_BCHG_UP_OVRD,XC168P0,3,BCHG_UP_XTYPE,ASC
CISADM,CI_BCHG_UP_READ,XT270P0,1,BCHG_UP_ID,ASC
CISADM,CI_BCHG_UP_READ,XT270P0,2,SP_ID,ASC
CISADM,CI_BCHG_UP_READ,XT270P0,3,SEQNO,ASC
CISADM,CI_BCHG_UP_READ,XT270S1,1,START_REG_READ_ID,ASC
CISADM,CI_BCHG_UP_READ,XT270S2,1,END_REG_READ_ID,ASC
CISADM,CI_BCHG_UP_SQ,XT082P0,1,BCHG_UP_ID,ASC
CISADM,CI_BCHG_UP_SQ,XT082P0,2,SEQ_NUM,ASC
CISADM,CI_BCHG_UP_XTYP,XC035P0,1,BCHG_UP_XTYPE,ASC
CISADM,CI_BCHG_UP_XTYP_L,XC038P0,1,BCHG_UP_XTYPE,ASC
CISADM,CI_BCHG_UP_XTYP_L,XC038P0,2,LANGUAGE_CD,ASC
CISADM,CI_BF,XC030P0,1,BF_CD,ASC
CISADM,CI_BFCH_TOUGRP,XC404P0,1,BF_CD,ASC
CISADM,CI_BFCH_TOUGRP,XC404P0,2,CHAR_TYPE_CD,ASC
CISADM,CI_BFCH_TOUGRP,XC404P0,3,CHAR_VAL,ASC
CISADM,CI_BFCH_TOUGRP,XC404P0,4,TOU_GRP_CD,ASC
CISADM,CI_BF_CHAR,XC031P0,1,BF_CD,ASC
CISADM,CI_BF_CHAR,XC031P0,2,CHAR_TYPE_CD,ASC
CISADM,CI_BF_CHAR,XC031P0,3,CHAR_VAL,ASC
CISADM,CI_BF_CHAR_DST,XC039P0,1,BF_CD,ASC
CISADM,CI_BF_CHAR_DST,XC039P0,2,CHAR_TYPE_CD,ASC
CISADM,CI_BF_CHAR_DST,XC039P0,3,CHAR_VAL,ASC
CISADM,CI_BF_CHAR_DST,XC039P0,4,REV_CL_CD,ASC
CISADM,CI_BF_L,XC336P0,1,BF_CD,ASC
CISADM,CI_BF_L,XC336P0,2,LANGUAGE_CD,ASC
CISADM,CI_BF_VAL,XC032P0,1,BF_CD,ASC
CISADM,CI_BF_VAL,XC032P0,2,CHAR_TYPE_CD,ASC
CISADM,CI_BF_VAL,XC032P0,3,CHAR_VAL,ASC
CISADM,CI_BF_VAL,XC032P0,4,TOU_GRP_CD,ASC
CISADM,CI_BF_VAL,XC032P0,5,EFFDT,ASC
CISADM,CI_BILL,CM_XT112S3,1,BILL_STAT_FLG,ASC
CISADM,CI_BILL,CM_XT112S3,2,ACCT_ID,ASC
CISADM,CI_BILL,CM_XT112S3,3,BILL_ID,ASC
CISADM,CI_BILL,XT033P0,1,BILL_ID,ASC
CISADM,CI_BILL,XT033S1,1,ACCT_ID,ASC
CISADM,CI_BILL,XT033S1,2,BILL_STAT_FLG,ASC
CISADM,CI_BILL,XT033S1,3,BILL_CYC_CD,ASC
CISADM,CI_BILL,XT033S1,4,WIN_START_DT,ASC
CISADM,CI_BILL,XT033S1,5,CR_NOTE_FR_BILL_ID,ASC
CISADM,CI_BILL,XT033S2,1,CR_NOTE_FR_BILL_ID,ASC
CISADM,CI_BILL,XT033S2,2,BILL_ID,ASC
CISADM,CI_BILL,XT033S3,1,ALT_BILL_ID,ASC
CISADM,CI_BILL,XT033S3,2,BILL_STAT_FLG,ASC
CISADM,CI_BILL,XT033S3,3,BILL_ID,ASC
CISADM,CI_BILL,XT033S4,1,OFFCYC_BGEN_ID,ASC
CISADM,CI_BILL,XT033S4,2,BILL_ID,ASC
CISADM,CI_BILL,XT033S5,1,DOC_ID,ASC
CISADM,CI_BILL,XT033S5,2,DOC_TYPE_FLG,ASC
CISADM,CI_BILL,XT033S5,3,BILL_STAT_FLG,ASC
CISADM,CI_BILL,XT033S5,4,BILL_ID,ASC
CISADM,CI_BILL,XT033S7,1,ACCT_ID,ASC
CISADM,CI_BILL,XT033S7,2,OFFCYC_BGEN_ID,ASC
CISADM,CI_BILL,XT033S7,3,CRE_DTTM,ASC
CISADM,CI_BILL,XT033S8,1,LATE_PAY_CHARGE_SW,ASC
CISADM,CI_BILL,XT033S8,2,LATE_PAY_CHARGE_DT,ASC
CISADM,CI_BILL,XT033S8,3,BILL_ID,ASC
CISADM,CI_BILL_CAN_RSN,XC034P0,1,CAN_RSN_CD,ASC
CISADM,CI_BILL_CAN_RSN_L,XC337P0,1,CAN_RSN_CD,ASC
CISADM,CI_BILL_CAN_RSN_L,XC337P0,2,LANGUAGE_CD,ASC
CISADM,CI_BILL_CHAR,XT313P0,1,BILL_ID,ASC
CISADM,CI_BILL_CHAR,XT313P0,2,CHAR_TYPE_CD,ASC
CISADM,CI_BILL_CHAR,XT313P0,3,SEQ_NUM,ASC
CISADM,CI_BILL_CHAR,XT313S1,1,SRCH_CHAR_VAL,ASC
CISADM,CI_BILL_CHG,XT035P0,1,BILLABLE_CHG_ID,ASC
CISADM,CI_BILL_CHG,XT035S1,1,SA_ID,ASC
CISADM,CI_BILL_CHG_K,XT509P0,1,BILLABLE_CHG_ID,ASC
CISADM,CI_BILL_CHG_K,XT509P0,2,ENV_ID,ASC
CISADM,CI_BILL_CYC,XC036P0,1,BILL_CYC_CD,ASC
CISADM,CI_BILL_CYC_L,XC338P0,1,BILL_CYC_CD,ASC
CISADM,CI_BILL_CYC_L,XC338P0,2,LANGUAGE_CD,ASC
CISADM,CI_BILL_CYC_SCH,XC037P0,1,BILL_CYC_CD,ASC
CISADM,CI_BILL_CYC_SCH,XC037P0,2,WIN_START_DT,ASC
CISADM,CI_BILL_CYC_SCH,XC037S1,1,WIN_START_DT,ASC
CISADM,CI_BILL_CYC_SCH,XC037S1,2,WIN_END_DT,ASC
CISADM,CI_BILL_CYC_SCH,XC037S1,3,BILL_CYC_CD,ASC
CISADM,CI_BILL_CYC_SEC,C1C078P0,1,BILL_CYC_CD,ASC
CISADM,CI_BILL_CYC_SEC,C1C078P0,2,SEQNO,ASC
CISADM,CI_BILL_EXCP,XT038P0,1,BILL_ID,ASC
CISADM,CI_BILL_K,XT508P0,1,BILL_ID,ASC
CISADM,CI_BILL_K,XT508P0,2,ENV_ID,ASC
CISADM,CI_BILL_MSG,XC040P0,1,BILL_MSG_CD,ASC
CISADM,CI_BILL_MSGS,XT091P0,1,BILL_ID,ASC
CISADM,CI_BILL_MSGS,XT091P0,2,BILL_MSG_CD,ASC
CISADM,CI_BILL_MSG_L,XC349P0,1,BILL_MSG_CD,ASC
CISADM,CI_BILL_MSG_L,XC349P0,2,LANGUAGE_CD,ASC
CISADM,CI_BILL_MSG_PRM,XT085P0,1,BILL_ID,ASC
CISADM,CI_BILL_MSG_PRM,XT085P0,2,BILL_MSG_CD,ASC
CISADM,CI_BILL_MSG_PRM,XT085P0,3,SEQ_NUM,ASC
CISADM,CI_BILL_PERIOD,XC043P0,1,BILL_PERIOD_CD,ASC
CISADM,CI_BILL_PERIOD_L,XC350P0,1,BILL_PERIOD_CD,ASC
CISADM,CI_BILL_PERIOD_L,XC350P0,2,LANGUAGE_CD,ASC
CISADM,CI_BILL_PER_SCH,XC042P0,1,BILL_PERIOD_CD,ASC
CISADM,CI_BILL_PER_SCH,XC042P0,2,BILL_DT,ASC
CISADM,CI_BILL_ROUTING,XT075P0,1,BILL_ID,ASC
CISADM,CI_BILL_ROUTING,XT075P0,2,SEQNO,ASC
CISADM,CI_BILL_ROUTING,XT075S1,1,BATCH_CD,ASC
CISADM,CI_BILL_ROUTING,XT075S1,2,BATCH_NBR,ASC
CISADM,CI_BILL_ROUTING,XT075S1,3,BILL_ID,ASC
CISADM,CI_BILL_ROUTING,XT075S1,4,NO_BATCH_PRT_SW,ASC
CISADM,CI_BILL_RT_TYPE,XC045P0,1,BILL_RTE_TYPE_CD,ASC
CISADM,CI_BILL_RT_TYPE_L,XC360P0,1,BILL_RTE_TYPE_CD,ASC
CISADM,CI_BILL_RT_TYPE_L,XC360P0,2,LANGUAGE_CD,ASC
CISADM,CI_BILL_RVW_SCH,XT219P0,1,BILL_ID,ASC
CISADM,CI_BILL_RVW_SCH,XT219P0,2,BILL_RVW_DT,ASC
CISADM,CI_BILL_RVW_SCH,XT219P0,3,BATCH_CD,ASC
CISADM,CI_BILL_RVW_SCH,XT219S1,1,BATCH_CD,ASC
CISADM,CI_BILL_RVW_SCH,XT219S1,2,BILL_RVW_DT,ASC
CISADM,CI_BILL_SA,XT046P0,1,BILL_ID,ASC
CISADM,CI_BILL_SA,XT046P0,2,SA_ID,ASC
CISADM,CI_BILL_SA,XT046S1,1,SA_ID,ASC
CISADM,CI_BILL_SCNR,XT173P0,1,BILL_SCNR_ID,ASC
CISADM,CI_BILL_SCNR,XT173S1,1,SA_ID,ASC
CISADM,CI_BILL_SCNR_K,XT510P0,1,BILL_SCNR_ID,ASC
CISADM,CI_BILL_SCNR_K,XT510P0,2,ENV_ID,ASC
CISADM,CI_BILL_SCNR_SQ,XT174P0,1,BILL_SCNR_ID,ASC
CISADM,CI_BILL_SCNR_SQ,XT174P0,2,SEQNO,ASC
CISADM,CI_BILL_SEG_TYP,CC047S1,1,BS_INFO_ALG_CD,ASC
CISADM,CI_BILL_SEG_TYP,XC047P0,1,BILL_SEG_TYPE_CD,ASC
CISADM,CI_BILL_SEG_TYP_L,XC500P0,1,BILL_SEG_TYPE_CD,ASC
CISADM,CI_BILL_SEG_TYP_L,XC500P0,2,LANGUAGE_CD,ASC
CISADM,CI_BPRT_GRP,XM406P0,1,BILL_PRT_GRP_CD,ASC
CISADM,CI_BPRT_GRP,XM406S1,1,ACCT_ID,ASC
CISADM,CI_BPRT_GRP,XM406S1,2,EFFDT,ASC
CISADM,CI_BPRT_GRP,XM406S1,3,EFF_STATUS,ASC
CISADM,CI_BPRT_GRP_K,XM501P0,1,BILL_PRT_GRP_CD,ASC
CISADM,CI_BPRT_GRP_K,XM501P0,2,ENV_ID,ASC
CISADM,CI_BPRT_SGRP_SA,XM408P0,1,SA_ID,ASC
CISADM,CI_BPRT_SGRP_SA,XM408P0,2,BILL_PRT_GRP_CD,ASC
CISADM,CI_BPRT_SGRP_SA,XM408P0,3,BILL_PRT_SUBGRP_CD,ASC
CISADM,CI_BPRT_SUBGRP,XM407P0,1,BILL_PRT_GRP_CD,ASC
CISADM,CI_BPRT_SUBGRP,XM407P0,2,BILL_PRT_SUBGRP_CD,ASC
CISADM,CI_BSEG,CM_XT048S1,1,PREM_ID,ASC
CISADM,CI_BSEG,XT048P0,1,BSEG_ID,ASC
CISADM,CI_BSEG,XT048S1,1,BILL_ID,ASC
CISADM,CI_BSEG,XT048S2,1,SA_ID,ASC
CISADM,CI_BSEG,XT048S3,1,QUOTE_DTL_ID,ASC
CISADM,CI_BSEG,XT048S3,2,BSEG_ID,ASC
CISADM,CI_BSEG_CALC,XT072P0,1,BSEG_ID,ASC
CISADM,CI_BSEG_CALC,XT072P0,2,HEADER_SEQ,ASC
CISADM,CI_BSEG_CALC,XT072S1,1,BILLABLE_CHG_ID,ASC
CISADM,CI_BSEG_CALC,XT072S1,2,BSEG_ID,ASC
CISADM,CI_BSEG_CALC_LN,XT050P0,1,BSEG_ID,ASC
CISADM,CI_BSEG_CALC_LN,XT050P0,2,HEADER_SEQ,ASC
CISADM,CI_BSEG_CALC_LN,XT050P0,3,SEQNO,ASC
CISADM,CI_BSEG_CL_CHAR,XT056P0,1,BSEG_ID,ASC
CISADM,CI_BSEG_CL_CHAR,XT056P0,2,HEADER_SEQ,ASC
CISADM,CI_BSEG_CL_CHAR,XT056P0,3,SEQNO,ASC
CISADM,CI_BSEG_CL_CHAR,XT056P0,4,CHAR_TYPE_CD,ASC
CISADM,CI_BSEG_EXCP,XT051P0,1,BSEG_ID,ASC
CISADM,CI_BSEG_ITEM,XT053P0,1,BSEG_ID,ASC
CISADM,CI_BSEG_ITEM,XT053P0,2,SEQNO,ASC
CISADM,CI_BSEG_K,XT511P0,1,BSEG_ID,ASC
CISADM,CI_BSEG_K,XT511P0,2,ENV_ID,ASC
CISADM,CI_BSEG_MSG,XT080P0,1,BSEG_ID,ASC
CISADM,CI_BSEG_MSG,XT080P0,2,BILL_MSG_CD,ASC
CISADM,CI_BSEG_READ,XT054P0,1,BSEG_ID,ASC
CISADM,CI_BSEG_READ,XT054P0,2,SP_ID,ASC
CISADM,CI_BSEG_READ,XT054P0,3,SEQNO,ASC
CISADM,CI_BSEG_READ,XT054S1,1,SP_ID,ASC
CISADM,CI_BSEG_READ,XT054S2,1,START_REG_READ_ID,ASC
CISADM,CI_BSEG_READ,XT054S3,1,END_REG_READ_ID,ASC
CISADM,CI_BSEG_SQ,XT055P0,1,BSEG_ID,ASC
CISADM,CI_BSEG_SQ,XT055P0,2,UOM_CD,ASC
CISADM,CI_BSEG_SQ,XT055P0,3,TOU_CD,ASC
CISADM,CI_BSEG_SQ,XT055P0,4,SQI_CD,ASC
CISADM,CI_BUD_PLAN,XC052P0,1,BUD_PLAN_CD,ASC
CISADM,CI_BUD_PLAN_L,XC053P0,1,BUD_PLAN_CD,ASC
CISADM,CI_BUD_PLAN_L,XC053P0,2,LANGUAGE_CD,ASC
CISADM,CI_BUD_RVW,XT009P0,1,ACCT_ID,ASC
CISADM,CI_BUD_RVW,XT009S1,1,REVIEW_DT,ASC
CISADM,CI_BUD_RVW,XT009S1,2,ACCT_ID,ASC
CISADM,CI_B_CHG_LINE,XT001P0,1,BILLABLE_CHG_ID,ASC
CISADM,CI_B_CHG_LINE,XT001P0,2,LINE_SEQ,ASC
CISADM,CI_B_CHG_TMPLT,XC024P0,1,BILL_CHG_TMPLT_CD,ASC
CISADM,CI_B_CHG_TMPLT_L,XC331P0,1,BILL_CHG_TMPLT_CD,ASC
CISADM,CI_B_CHG_TMPLT_L,XC331P0,2,LANGUAGE_CD,ASC
CISADM,CI_B_LN_CHAR,XT083P0,1,BILLABLE_CHG_ID,ASC
CISADM,CI_B_LN_CHAR,XT083P0,2,LINE_SEQ,ASC
CISADM,CI_B_LN_CHAR,XT083P0,3,CHAR_TYPE_CD,ASC
CISADM,CI_B_LN_UP_CHAR,XT084P0,1,BCHG_UP_ID,ASC
CISADM,CI_B_LN_UP_CHAR,XT084P0,2,LINE_SEQ,ASC
CISADM,CI_B_LN_UP_CHAR,XT084P0,3,CHAR_TYPE_CD,ASC
CISADM,CI_B_TMPLT_LINE,XC025P0,1,BILL_CHG_TMPLT_CD,ASC
CISADM,CI_B_TMPLT_LINE,XC025P0,2,LINE_SEQ,ASC
CISADM,CI_B_TMPLT_LINE,XC025S1,1,CURRENCY_CD,ASC
CISADM,CI_B_TMPLT_LINE,XC025S2,1,DST_ID,ASC
CISADM,CI_B_TMPLT_LINE_L,XC332P0,1,BILL_CHG_TMPLT_CD,ASC
CISADM,CI_B_TMPLT_LINE_L,XC332P0,2,LINE_SEQ,ASC
CISADM,CI_B_TMPLT_LINE_L,XC332P0,3,LANGUAGE_CD,ASC
CISADM,CI_B_TMPLT_SQ,XC346P0,1,BILL_CHG_TMPLT_CD,ASC
CISADM,CI_B_TMPLT_SQ,XC346P0,2,SEQ_NUM,ASC
CISADM,CI_B_TM_LN_CHA,XC296P0,1,BILL_CHG_TMPLT_CD,ASC
CISADM,CI_B_TM_LN_CHA,XC296P0,2,LINE_SEQ,ASC
CISADM,CI_B_TM_LN_CHA,XC296P0,3,CHAR_TYPE_CD,ASC
CISADM,CI_CAL_GL,XC004P0,1,CALENDAR_ID,ASC
CISADM,CI_CAL_GL_L,XC503P0,1,CALENDAR_ID,ASC
CISADM,CI_CAL_GL_L,XC503P0,2,LANGUAGE_CD,ASC
CISADM,CI_CAL_HOL,XC056P0,1,CALENDAR_CD,ASC
CISADM,CI_CAL_HOL,XC056P0,2,HOLIDAY_DT,ASC
CISADM,CI_CAL_HOL_L,XC504P0,1,CALENDAR_CD,ASC
CISADM,CI_CAL_HOL_L,XC504P0,2,HOLIDAY_DT,ASC
CISADM,CI_CAL_HOL_L,XC504P0,3,LANGUAGE_CD,ASC
CISADM,CI_CAL_PERIOD,XC005P0,1,CALENDAR_ID,ASC
CISADM,CI_CAL_PERIOD,XC005P0,2,FISCAL_YEAR,ASC
CISADM,CI_CAL_PERIOD,XC005P0,3,ACCOUNTING_PERIOD,ASC
CISADM,CI_CAL_PERIOD_L,XC505P0,1,CALENDAR_ID,ASC
CISADM,CI_CAL_PERIOD_L,XC505P0,2,FISCAL_YEAR,ASC
CISADM,CI_CAL_PERIOD_L,XC505P0,3,ACCOUNTING_PERIOD,ASC
CISADM,CI_CAL_PERIOD_L,XC505P0,4,LANGUAGE_CD,ASC
CISADM,CI_CAL_WORK,XC320P0,1,CALENDAR_CD,ASC
CISADM,CI_CAL_WORK_L,XC506P0,1,CALENDAR_CD,ASC
CISADM,CI_CAL_WORK_L,XC506P0,2,LANGUAGE_CD,ASC
CISADM,CI_CAMPAIGN,XC641P0,1,CAMPAIGN_CD,ASC
CISADM,CI_CAMPAIGN_L,XC645P0,1,CAMPAIGN_CD,ASC
CISADM,CI_CAMPAIGN_L,XC645P0,2,LANGUAGE_CD,ASC
CISADM,CI_CAMP_ALG,XC599P0,1,CAMPAIGN_CD,ASC
CISADM,CI_CAMP_ALG,XC599P0,2,CAMP_ALG_ENT_FLG,ASC
CISADM,CI_CAMP_ALG,XC599P0,3,SEQ_NUM,ASC
CISADM,CI_CAMP_FLD_TYPE,XC644P0,1,CAMPAIGN_CD,ASC
CISADM,CI_CAMP_FLD_TYPE,XC644P0,2,SEQ_NUM,ASC
CISADM,CI_CAMP_FLD_TYPE_L,XC647P0,1,CAMPAIGN_CD,ASC
CISADM,CI_CAMP_FLD_TYPE_L,XC647P0,2,SEQ_NUM,ASC
CISADM,CI_CAMP_FLD_TYPE_L,XC647P0,3,LANGUAGE_CD,ASC
CISADM,CI_CASE,XT220P0,1,CASE_ID,ASC
CISADM,CI_CASE,XT220S1,1,PER_ID,ASC
CISADM,CI_CASE,XT220S2,1,ACCT_ID,ASC
CISADM,CI_CASE,XT220S3,1,PREM_ID,ASC
CISADM,CI_CASE,XT220S4,1,USER_ID,ASC
CISADM,CI_CASE_CHAR,XT222P0,1,CASE_ID,ASC
CISADM,CI_CASE_CHAR,XT222P0,2,CHAR_TYPE_CD,ASC
CISADM,CI_CASE_CHAR,XT222P0,3,SEQ_NUM,ASC
CISADM,CI_CASE_CHAR,XT222S1,1,SRCH_CHAR_VAL,ASC
CISADM,CI_CASE_K,XT223P0,1,CASE_ID,ASC
CISADM,CI_CASE_K,XT223P0,2,ENV_ID,ASC
CISADM,CI_CASE_LOG,XT221P0,1,CASE_ID,ASC
CISADM,CI_CASE_LOG,XT221P0,2,SEQ_NUM,ASC
CISADM,CI_CASE_LOG,XT221S1,1,CHAR_TYPE_CD,ASC
CISADM,CI_CASE_LOG,XT221S1,2,CHAR_VAL_FK1,ASC
CISADM,CI_CASE_LOG_PARM,XT290P0,1,CASE_ID,ASC
CISADM,CI_CASE_LOG_PARM,XT290P0,2,SEQ_NUM,ASC
CISADM,CI_CASE_LOG_PARM,XT290P0,3,PARM_SEQ,ASC
CISADM,CI_CASE_STATUS,XC708P0,1,CASE_TYPE_CD,ASC
CISADM,CI_CASE_STATUS,XC708P0,2,CASE_STATUS_CD,ASC
CISADM,CI_CASE_STATUS_L,XC750P0,1,CASE_TYPE_CD,ASC
CISADM,CI_CASE_STATUS_L,XC750P0,2,CASE_STATUS_CD,ASC
CISADM,CI_CASE_STATUS_L,XC750P0,3,LANGUAGE_CD,ASC
CISADM,CI_CASE_ST_ALG,XC711P0,1,CASE_TYPE_CD,ASC
CISADM,CI_CASE_ST_ALG,XC711P0,2,CASE_STATUS_CD,ASC
CISADM,CI_CASE_ST_ALG,XC711P0,3,CASE_ST_SEVT_FLG,ASC
CISADM,CI_CASE_ST_ALG,XC711P0,4,SEQ_NUM,ASC
CISADM,CI_CASE_ST_CHTY,XC710P0,1,CASE_TYPE_CD,ASC
CISADM,CI_CASE_ST_CHTY,XC710P0,2,CASE_STATUS_CD,ASC
CISADM,CI_CASE_ST_CHTY,XC710P0,3,CHAR_TYPE_CD,ASC
CISADM,CI_CASE_TR_RULE,XC709P0,1,CASE_TYPE_CD,ASC
CISADM,CI_CASE_TR_RULE,XC709P0,2,CASE_STATUS_CD,ASC
CISADM,CI_CASE_TR_RULE,XC709P0,3,NEXT_STATUS_CD,ASC
CISADM,CI_CASE_TR_RULE_L,XC739P0,1,CASE_TYPE_CD,ASC
CISADM,CI_CASE_TR_RULE_L,XC739P0,2,CASE_STATUS_CD,ASC
CISADM,CI_CASE_TR_RULE_L,XC739P0,3,NEXT_STATUS_CD,ASC
CISADM,CI_CASE_TR_RULE_L,XC739P0,4,LANGUAGE_CD,ASC
CISADM,CI_CASE_TYPE,XC702P0,1,CASE_TYPE_CD,ASC
CISADM,CI_CASE_TYPE_ALG,XC783P0,1,CASE_TYPE_CD,ASC
CISADM,CI_CASE_TYPE_ALG,XC783P0,2,CASE_TY_SEVT_FLG,ASC
CISADM,CI_CASE_TYPE_ALG,XC783P0,3,SEQ_NUM,ASC
CISADM,CI_CASE_TYPE_L,XC703P0,1,CASE_TYPE_CD,ASC
CISADM,CI_CASE_TYPE_L,XC703P0,2,LANGUAGE_CD,ASC
CISADM,CI_CC,XT057P0,1,CC_ID,ASC
CISADM,CI_CC,XT057S1,1,PER_ID,ASC
CISADM,CI_CC,XT057S2,1,BATCH_CD,ASC
CISADM,CI_CC,XT057S2,2,BATCH_NBR,ASC
CISADM,CI_CC,XT057S2,3,CC_ID,ASC
CISADM,CI_CC,XT057S2,4,PRINT_LETTER_SW,ASC
CISADM,CI_CC,XT057S3,1,CC_TYPE_CD,ASC
CISADM,CI_CC,XT057S3,2,CC_CL_CD,ASC
CISADM,CI_CC,XT057S3,3,CC_ID,ASC
CISADM,CI_CC,XT057S4,1,ACCT_ID,ASC
CISADM,CI_CC,XT057S5,1,PREM_ID,ASC
CISADM,CI_CC,XT057S6,1,C1_CONTACT_ID,ASC
CISADM,CI_CCL_CTL_ALG,XC329P0,1,CIS_DIVISION,ASC
CISADM,CI_CCL_CTL_ALG,XC329P0,2,CUST_CL_CD,ASC
CISADM,CI_CCL_CTL_ALG,XC329P0,3,CCL_ALG_ENTITY_FLG,ASC
CISADM,CI_CCL_CTL_ALG,XC329P0,4,SEQ_NUM,ASC
CISADM,CI_CC_CHAR,C1T007S1,1,SRCH_CHAR_VAL,ASC
CISADM,CI_CC_CHAR,XT280P0,1,CC_ID,ASC
CISADM,CI_CC_CHAR,XT280P0,2,CHAR_TYPE_CD,ASC
CISADM,CI_CC_CL,XC058P0,1,CC_CL_CD,ASC
CISADM,CI_CC_CL_L,XC507P0,1,CC_CL_CD,ASC
CISADM,CI_CC_CL_L,XC507P0,2,LANGUAGE_CD,ASC
CISADM,CI_CC_K,XT512P0,1,CC_ID,ASC
CISADM,CI_CC_K,XT512P0,2,ENV_ID,ASC
CISADM,CI_CC_LOG,XT281P0,1,CC_LOG_ID,ASC
CISADM,CI_CC_LOG,XT281S1,1,CC_ID,ASC
CISADM,CI_CC_LOG_K,XT513P0,1,CC_LOG_ID,ASC
CISADM,CI_CC_LOG_K,XT513P0,2,ENV_ID,ASC
CISADM,CI_CC_TYPE,XC059P0,1,CC_CL_CD,ASC
CISADM,CI_CC_TYPE,XC059P0,2,CC_TYPE_CD,ASC
CISADM,CI_CC_TYPE,XC059S2,1,LTR_TMPL_CD,ASC
CISADM,CI_CC_TYPE,XC059S2,2,CC_CL_CD,ASC
CISADM,CI_CC_TYPE,XC059S2,3,CC_TYPE_CD,ASC
CISADM,CI_CC_TYPE,XC059S2,4,CC_ACTION_FLG,ASC
CISADM,CI_CC_TYPE_L,XC508P0,1,CC_CL_CD,ASC
CISADM,CI_CC_TYPE_L,XC508P0,2,CC_TYPE_CD,ASC
CISADM,CI_CC_TYPE_L,XC508P0,3,LANGUAGE_CD,ASC
CISADM,CI_CEVT_CAN_RSN,XC779P0,1,CEVT_CAN_RSN_CD,ASC
CISADM,CI_CEVT_CAN_RSN_L,XC768P0,1,CEVT_CAN_RSN_CD,ASC
CISADM,CI_CEVT_CAN_RSN_L,XC768P0,2,LANGUAGE_CD,ASC
CISADM,CI_CHAR_DFLT,XC060P0,1,POSTAL_CD_FROM,ASC
CISADM,CI_CHAR_DFLT,XC060P0,2,COUNTRY,ASC
CISADM,CI_CHAR_DFLT,XC060P0,3,CHAR_TYPE_CD,ASC
CISADM,CI_CHAR_DFLT_SV,XC061P0,1,POSTAL_CD_FROM,ASC
CISADM,CI_CHAR_DFLT_SV,XC061P0,2,COUNTRY,ASC
CISADM,CI_CHAR_DFLT_SV,XC061P0,3,SVC_TYPE_CD,ASC
CISADM,CI_CHAR_DFLT_SV,XC061P0,4,CHAR_TYPE_CD,ASC
CISADM,CI_CHAR_ENTITY,XC317P0,1,CHAR_ENTITY_FLG,ASC
CISADM,CI_CHAR_ENTITY,XC317P0,2,CHAR_TYPE_CD,ASC
CISADM,CI_CHAR_TYPE,XC062P0,1,CHAR_TYPE_CD,ASC
CISADM,CI_CHAR_TYPE,XC062S1,1,CHAR_TYPE_CD,ASC
CISADM,CI_CHAR_TYPE,XC062S1,2,CHAR_TYPE_FLG,ASC
CISADM,CI_CHAR_TYPE_L,XC509P0,1,CHAR_TYPE_CD,ASC
CISADM,CI_CHAR_TYPE_L,XC509P0,2,LANGUAGE_CD,ASC
CISADM,CI_CHAR_VAL,XC063P0,1,CHAR_TYPE_CD,ASC
CISADM,CI_CHAR_VAL,XC063P0,2,CHAR_VAL,ASC
CISADM,CI_CHAR_VAL_L,XC510P0,1,CHAR_TYPE_CD,ASC
CISADM,CI_CHAR_VAL_L,XC510P0,2,CHAR_VAL,ASC
CISADM,CI_CHAR_VAL_L,XC510P0,3,LANGUAGE_CD,ASC
CISADM,CI_CHG_LOG,XT100P0,1,CHG_LOG_ID,ASC
CISADM,CI_CHG_LOG,XT100S1,1,BATCH_CD,ASC
CISADM,CI_CHG_LOG,XT100S1,2,BATCH_NBR,ASC
CISADM,CI_CHG_LOG,XT100S1,3,PK_VAL1,ASC
CISADM,CI_CHG_LOG,XT100S1,4,PK_VAL2,ASC
CISADM,CI_CHG_LOG,XT100S1,5,PK_VAL3,ASC
CISADM,CI_CHG_LOG,XT100S1,6,PK_VAL4,ASC
CISADM,CI_CHG_LOG,XT100S1,7,PK_VAL5,ASC
CISADM,CI_CHG_LOG,XT100S1,8,CHG_DTTM,ASC
CISADM,CI_CHTY_ADJTY,XC782P0,1,ADJ_TYPE_CD,ASC
CISADM,CI_CHTY_ADJTY,XC782P0,2,CHAR_TYPE_CD,ASC
CISADM,CI_CHTY_CASETY,XC704P0,1,CASE_TYPE_CD,ASC
CISADM,CI_CHTY_CASETY,XC704P0,2,CHAR_TYPE_CD,ASC
CISADM,CI_CHTY_CCTY,XC265P0,1,CC_CL_CD,ASC
CISADM,CI_CHTY_CCTY,XC265P0,2,CC_TYPE_CD,ASC
CISADM,CI_CHTY_CCTY,XC265P0,3,CHAR_TYPE_CD,ASC
CISADM,CI_CHTY_COPTY,XC621P0,1,CONT_OPT_TYPE_CD,ASC
CISADM,CI_CHTY_COPTY,XC621P0,2,CHAR_TYPE_CD,ASC
CISADM,CI_CHTY_COP_ETY,XC978P0,1,CONT_OPT_EVT_TY_CD,ASC
CISADM,CI_CHTY_COP_ETY,XC978P0,2,CHAR_TYPE_CD,ASC
CISADM,CI_CHTY_DV_TTYP,C1C054S1,1,CHAR_TYPE_CD,ASC
CISADM,CI_CHTY_DV_TTYP,C1C054S1,2,CHAR_VAL,ASC
CISADM,CI_CHTY_DV_TTYP,XC054P0,1,DV_TEST_TYPE_CD,ASC
CISADM,CI_CHTY_DV_TTYP,XC054P0,2,CHAR_TYPE_CD,ASC
CISADM,CI_CHTY_FATY,XC467P0,1,FA_TYPE_CD,ASC
CISADM,CI_CHTY_FATY,XC467P0,2,CHAR_TYPE_CD,ASC
CISADM,CI_CHTY_ITTY,C1C318S1,1,CHAR_TYPE_CD,ASC
CISADM,CI_CHTY_ITTY,C1C318S1,2,CHAR_VAL,ASC
CISADM,CI_CHTY_ITTY,XC318P0,1,ITEM_TYPE_CD,ASC
CISADM,CI_CHTY_ITTY,XC318P0,2,CHAR_TYPE_CD,ASC
CISADM,CI_CHTY_MTTY,C1C325S1,1,CHAR_TYPE_CD,ASC
CISADM,CI_CHTY_MTTY,C1C325S1,2,CHAR_VAL,ASC
CISADM,CI_CHTY_MTTY,XC325P0,1,MTR_TYPE_CD,ASC
CISADM,CI_CHTY_MTTY,XC325P0,2,CHAR_TYPE_CD,ASC
CISADM,CI_CHTY_SCMTY,XC426P0,1,SCM_TYPE_CD,ASC
CISADM,CI_CHTY_SCMTY,XC426P0,2,CHAR_TYPE_CD,ASC
CISADM,CI_CHTY_SPTY,C1C324S1,1,CHAR_TYPE_CD,ASC
CISADM,CI_CHTY_SPTY,C1C324S1,2,CHAR_VAL,ASC
CISADM,CI_CHTY_SPTY,XC324P0,1,SP_TYPE_CD,ASC
CISADM,CI_CHTY_SPTY,XC324P0,2,CHAR_TYPE_CD,ASC
CISADM,CI_CHTY_TDTY,XC374P0,1,TD_TYPE_CD,ASC
CISADM,CI_CHTY_TDTY,XC374P0,2,CHAR_TYPE_CD,ASC
CISADM,CI_CHTY_TOSTY,XC723P0,1,TOS_TYPE_CD,ASC
CISADM,CI_CHTY_TOSTY,XC723P0,2,CHAR_TYPE_CD,ASC
CISADM,CI_CHTY_UATY,XC724P0,1,UA_TYPE_CD,ASC
CISADM,CI_CHTY_UATY,XC724P0,2,CHAR_TYPE_CD,ASC
CISADM,CI_CIS_DIVISION,C1C267S1,1,BUS_OBJ_CD,ASC
CISADM,CI_CIS_DIVISION,XC267P0,1,CIS_DIVISION,ASC
CISADM,CI_CIS_DIVISION_L,XC511P0,1,CIS_DIVISION,ASC
CISADM,CI_CIS_DIVISION_L,XC511P0,2,LANGUAGE_CD,ASC
CISADM,CI_CIS_DIV_CHAR,XC607P0,1,CIS_DIVISION,ASC
CISADM,CI_CIS_DIV_CHAR,XC607P0,2,CHAR_TYPE_CD,ASC
CISADM,CI_CIS_DIV_CHAR,XC607P0,3,EFFDT,ASC
CISADM,CI_CNV_DUP_KEY,XT810P0,1,TBL_NAME,ASC
CISADM,CI_CNV_DUP_KEY,XT810P0,2,CX_ID,ASC
CISADM,CI_CNV_KEY_TMP,XT817P0,1,TBL_NAME,ASC
CISADM,CI_CNV_KEY_TMP,XT817P0,2,CX_ID,ASC
CISADM,CI_CNV_KEY_TMP,XT817S1,1,TBL_NAME,ASC
CISADM,CI_CNV_KEY_TMP,XT817S1,2,CI_ID,ASC
CISADM,CI_COLL_AGY,XC055P0,1,COLL_AGY_CD,ASC
CISADM,CI_COLL_AGY_HIS,XT010P0,1,COLL_AGY_REF_ID,ASC
CISADM,CI_COLL_AGY_HIS,XT010P0,2,SEQ_NUM,ASC
CISADM,CI_COLL_AGY_HIS,XT010S1,1,REF_HIST_RSN_FLG,ASC
CISADM,CI_COLL_AGY_HIS,XT010S1,2,COLL_AGY_REF_ID,ASC
CISADM,CI_COLL_AGY_L,XC057P0,1,COLL_AGY_CD,ASC
CISADM,CI_COLL_AGY_L,XC057P0,2,LANGUAGE_CD,ASC
CISADM,CI_COLL_AGY_REF,XT011P0,1,COLL_AGY_REF_ID,ASC
CISADM,CI_COLL_AGY_REF,XT011S1,1,ACCT_ID,ASC
CISADM,CI_COLL_AGY_REF,XT011S2,1,WO_PROC_ID,ASC
CISADM,CI_COLL_AGY_REF,XT011S2,2,EVT_SEQ,ASC
CISADM,CI_COLL_AGY_REF,XT011S3,1,REF_STATUS_FLG,ASC
CISADM,CI_COLL_AGY_REF,XT011S3,2,COLL_AGY_CD,ASC
CISADM,CI_COLL_AGY_REF_K,XT514P0,1,COLL_AGY_REF_ID,ASC
CISADM,CI_COLL_AGY_REF_K,XT514P0,2,ENV_ID,ASC
CISADM,CI_COLL_CL,XC065P0,1,COLL_CL_CD,ASC
CISADM,CI_COLL_CL_CNTL,XC066P0,1,COLL_CL_CNTL_CD,ASC
CISADM,CI_COLL_CL_CNTL,XC066S1,1,COLL_CL_CD,ASC
CISADM,CI_COLL_CL_CNTL,XC066S1,2,COLL_CL_CNTL_CD,ASC
CISADM,CI_COLL_CL_CNTL,XC066S1,3,DEBT_CL_CD,ASC
CISADM,CI_COLL_CL_CNTL,XC066S1,4,CURRENCY_CD,ASC
CISADM,CI_COLL_CL_CNTL,XC066S1,5,CIS_DIVISION,ASC
CISADM,CI_COLL_CL_CNTL_L,XC512P0,1,COLL_CL_CNTL_CD,ASC
CISADM,CI_COLL_CL_CNTL_L,XC512P0,2,LANGUAGE_CD,ASC
CISADM,CI_COLL_CL_L,XC513P0,1,COLL_CL_CD,ASC
CISADM,CI_COLL_CL_L,XC513P0,2,LANGUAGE_CD,ASC
CISADM,CI_COLL_CRIT,XC067P0,1,COLL_CL_CNTL_CD,ASC
CISADM,CI_COLL_CRIT,XC067P0,2,COLL_CAT_PRIO_FLG,ASC
CISADM,CI_COLL_CRIT,XC067P0,3,CRIT_PRIO_FLG,ASC
CISADM,CI_COLL_CRIT,XC067S2,1,COLL_PROC_TMPL_CD,ASC
CISADM,CI_COLL_CRIT_CT,XC068P0,1,COLL_CL_CNTL_CD,ASC
CISADM,CI_COLL_CRIT_CT,XC068P0,2,COLL_CAT_PRIO_FLG,ASC
CISADM,CI_COLL_EVT,XT069P0,1,COLL_PROC_ID,ASC
CISADM,CI_COLL_EVT,XT069P0,2,EVT_SEQ,ASC
CISADM,CI_COLL_EVT,XT069S0,1,TRIGGER_BP_SW,ASC
CISADM,CI_COLL_EVT,XT069S0,2,COLL_PROC_ID,ASC
CISADM,CI_COLL_EVT,XT069S0,3,EVT_SEQ,ASC
CISADM,CI_COLL_EVT,XT069S0,4,COLL_EVT_TYP_CD,ASC
CISADM,CI_COLL_EVT_CC,XT070P0,1,COLL_PROC_ID,ASC
CISADM,CI_COLL_EVT_CC,XT070P0,2,EVT_SEQ,ASC
CISADM,CI_COLL_EVT_CC,XT070P0,3,CC_ID,ASC
CISADM,CI_COLL_EVT_CC,XT070S1,1,CC_ID,ASC
CISADM,CI_COLL_EVT_TYP,XC071P0,1,COLL_EVT_TYP_CD,ASC
CISADM,CI_COLL_EVT_TYP,XC071S1,1,COLL_EVT_TYPE_FLG,ASC
CISADM,CI_COLL_EVT_TYP,XC071S1,2,COLL_EVT_TYP_CD,ASC
CISADM,CI_COLL_EVT_TYP_L,XC514P0,1,COLL_EVT_TYP_CD,ASC
CISADM,CI_COLL_EVT_TYP_L,XC514P0,2,LANGUAGE_CD,ASC
CISADM,CI_COLL_PROC,XT073P0,1,COLL_PROC_ID,ASC
CISADM,CI_COLL_PROC,XT073S1,1,ACCT_ID,ASC
CISADM,CI_COLL_PROC,XT073S1,2,COLL_STATUS_FLG,ASC
CISADM,CI_COLL_PROC_K,XT515P0,1,COLL_PROC_ID,ASC
CISADM,CI_COLL_PROC_K,XT515P0,2,ENV_ID,ASC
CISADM,CI_COLL_PROC_SA,XT074P0,1,COLL_PROC_ID,ASC
CISADM,CI_COLL_PROC_SA,XT074P0,2,SA_ID,ASC
CISADM,CI_COLL_PROC_SA,XT074S1,1,SA_ID,ASC
CISADM,CI_COLL_PROC_TM,XC075P0,1,COLL_PROC_TMPL_CD,ASC
CISADM,CI_COLL_PROC_TM_L,XC515P0,1,COLL_PROC_TMPL_CD,ASC
CISADM,CI_COLL_PROC_TM_L,XC515P0,2,LANGUAGE_CD,ASC
CISADM,CI_COLL_RESP,XC076P0,1,COLL_PROC_TMPL_CD,ASC
CISADM,CI_COLL_RESP,XC076P0,2,EVT_SEQ,ASC
CISADM,CI_COL_REF,XC642P0,1,COL_REF_CD,ASC
CISADM,CI_COL_REF_ALG,XC319P0,1,COL_REF_CD,ASC
CISADM,CI_COL_REF_ALG,XC319P0,2,COLREF_ALG_ENT_FLG,ASC
CISADM,CI_COL_REF_ALG,XC319P0,3,SEQ_NUM,ASC
CISADM,CI_COL_REF_L,XC643P0,1,COL_REF_CD,ASC
CISADM,CI_COL_REF_L,XC643P0,2,LANGUAGE_CD,ASC
CISADM,CI_CONSV_PROG,XC987P0,1,CONSV_PROG_CD,ASC
CISADM,CI_CONSV_PROG_CHAR,XC470P0,1,CONSV_PROG_CD,ASC
CISADM,CI_CONSV_PROG_CHAR,XC470P0,2,CHAR_TYPE_CD,ASC
CISADM,CI_CONSV_PROG_CHAR,XC470P0,3,SEQ_NUM,ASC
CISADM,CI_CONSV_PROG_CHAR,XC470S1,1,SRCH_CHAR_VAL,ASC
CISADM,CI_CONSV_PROG_L,XC989P0,1,CONSV_PROG_CD,ASC
CISADM,CI_CONSV_PROG_L,XC989P0,2,LANGUAGE_CD,ASC
CISADM,CI_CONT_QTY_TMP,XC354P0,1,CIS_DIVISION,ASC
CISADM,CI_CONT_QTY_TMP,XC354P0,2,SA_TYPE_CD,ASC
CISADM,CI_CONT_QTY_TMP,XC354P0,3,START_OPT_CD,ASC
CISADM,CI_CONT_QTY_TMP,XC354P0,4,EFFDT,ASC
CISADM,CI_CONT_QTY_TMP,XC354P0,5,CONT_QTY_TYPE_CD,ASC
CISADM,CI_CONT_QTY_TYP,XC077P0,1,CONT_QTY_TYPE_CD,ASC
CISADM,CI_CONT_QTY_TYP_L,XC520P0,1,CONT_QTY_TYPE_CD,ASC
CISADM,CI_CONT_QTY_TYP_L,XC520P0,2,LANGUAGE_CD,ASC
CISADM,CI_COP,XM211P0,1,CONT_OPT_ID,ASC
CISADM,CI_COP,XM211S1,1,CRE_SA_ID,ASC
CISADM,CI_COP,XM211S1,2,CONT_OPT_ID,ASC
CISADM,CI_COP_CHAR,XM213P0,1,CONT_OPT_ID,ASC
CISADM,CI_COP_CHAR,XM213P0,2,CHAR_TYPE_CD,ASC
CISADM,CI_COP_CHAR,XM213P0,3,EFFDT,ASC
CISADM,CI_COP_EVT,XT208P0,1,CONT_OPT_EVT_ID,ASC
CISADM,CI_COP_EVT,XT208S1,1,CONT_OPT_ID,ASC
CISADM,CI_COP_EVT,XT208S1,2,START_DTTM,ASC
CISADM,CI_COP_EVT,XT208S1,3,COP_EVT_STATUS_FLG,ASC
CISADM,CI_COP_EVT_CHAR,XT209P0,1,CONT_OPT_EVT_ID,ASC
CISADM,CI_COP_EVT_CHAR,XT209P0,2,CHAR_TYPE_CD,ASC
CISADM,CI_COP_EVT_EXC,XT210P0,1,CONT_OPT_EVT_ID,ASC
CISADM,CI_COP_EVT_EXP,XT211P0,1,CONT_OPT_EVT_ID,ASC
CISADM,CI_COP_EVT_EXP,XT211P0,2,PARM_SEQ,ASC
CISADM,CI_COP_EVT_K,XT517P0,1,CONT_OPT_EVT_ID,ASC
CISADM,CI_COP_EVT_K,XT517P0,2,ENV_ID,ASC
CISADM,CI_COP_EVT_TYPE,XC622P0,1,CONT_OPT_EVT_TY_CD,ASC
CISADM,CI_COP_EVT_TYPE_L,XC623P0,1,LANGUAGE_CD,ASC
CISADM,CI_COP_EVT_TYPE_L,XC623P0,2,CONT_OPT_EVT_TY_CD,ASC
CISADM,CI_COP_K,XM502P0,1,CONT_OPT_ID,ASC
CISADM,CI_COP_K,XM502P0,2,ENV_ID,ASC
CISADM,CI_COP_L,XM212P0,1,CONT_OPT_ID,ASC
CISADM,CI_COP_L,XM212P0,2,LANGUAGE_CD,ASC
CISADM,CI_COP_TYPE,XC618P0,1,CONT_OPT_TYPE_CD,ASC
CISADM,CI_COP_TYPE_ALG,XC620P0,1,CONT_OPT_TYPE_CD,ASC
CISADM,CI_COP_TYPE_ALG,XC620P0,2,COP_ALG_ENTITY_FLG,ASC
CISADM,CI_COP_TYPE_ALG,XC620P0,3,SEQ_NUM,ASC
CISADM,CI_COP_TYPE_L,XC619P0,1,CONT_OPT_TYPE_CD,ASC
CISADM,CI_COP_TYPE_L,XC619P0,2,LANGUAGE_CD,ASC
CISADM,CI_COUNTRY,XC269P0,1,COUNTRY,ASC
CISADM,CI_COUNTRY_L,XC521P0,1,COUNTRY,ASC
CISADM,CI_COUNTRY_L,XC521P0,2,LANGUAGE_CD,ASC
CISADM,CI_CR_RAT_HIST,XT078P0,1,CR_RATING_HIST_ID,ASC
CISADM,CI_CR_RAT_HIST,XT078S1,1,ACCT_ID,ASC
CISADM,CI_CR_RAT_HIST,XT078S2,1,COLL_PROC_ID,ASC
CISADM,CI_CR_RAT_HIST,XT078S2,2,EVT_SEQ,ASC
CISADM,CI_CR_RAT_HIST,XT078S3,1,SEV_PROC_ID,ASC
CISADM,CI_CR_RAT_HIST,XT078S3,2,EVT_SEQ,ASC
CISADM,CI_CR_RAT_HIST_K,XT518P0,1,CR_RATING_HIST_ID,ASC
CISADM,CI_CR_RAT_HIST_K,XT518P0,2,ENV_ID,ASC
CISADM,CI_CR_UNIT,XC412P0,1,CR_UNIT_CD,ASC
CISADM,CI_CR_UNIT_L,XC413P0,1,CR_UNIT_CD,ASC
CISADM,CI_CR_UNIT_L,XC413P0,2,LANGUAGE_CD,ASC
CISADM,CI_CURRENCY_CD,XC270P0,1,CURRENCY_CD,ASC
CISADM,CI_CURRENCY_CD_L,XC522P0,1,CURRENCY_CD,ASC
CISADM,CI_CURRENCY_CD_L,XC522P0,2,LANGUAGE_CD,ASC
CISADM,CI_CUST_CL,XC080P0,1,CUST_CL_CD,ASC
CISADM,CI_CUST_CL_CTRL,XC316P0,1,CIS_DIVISION,ASC
CISADM,CI_CUST_CL_CTRL,XC316P0,2,CUST_CL_CD,ASC
CISADM,CI_CUST_CL_L,XC523P0,1,CUST_CL_CD,ASC
CISADM,CI_CUST_CL_L,XC523P0,2,LANGUAGE_CD,ASC
CISADM,CI_CUST_CL_MSG,XC082P0,1,CUST_CL_CD,ASC
CISADM,CI_CUST_CL_MSG,XC082P0,2,BILL_MSG_CD,ASC
CISADM,CI_CUST_CL_MSG,XC082P0,3,START_DT,ASC
CISADM,CI_CUT_EVT,XT322P0,1,CUT_PROC_ID,ASC
CISADM,CI_CUT_EVT,XT322P0,2,EVT_SEQ,ASC
CISADM,CI_CUT_EVT_DEP,XT323P0,1,CUT_PROC_ID,ASC
CISADM,CI_CUT_EVT_DEP,XT323P0,2,EVT_SEQ,ASC
CISADM,CI_CUT_EVT_DEP,XT323P0,3,SEQ_NUM,ASC
CISADM,CI_CUT_EVT_TYPE,XC775P0,1,CUT_EVT_TYPE_CD,ASC
CISADM,CI_CUT_EVT_TYPE_L,XC776P0,1,CUT_EVT_TYPE_CD,ASC
CISADM,CI_CUT_EVT_TYPE_L,XC776P0,2,LANGUAGE_CD,ASC
CISADM,CI_CUT_EVT_TYP_ALG,XC777P0,1,CUT_EVT_TYPE_CD,ASC
CISADM,CI_CUT_EVT_TYP_ALG,XC777P0,2,CUT_EVTTY_SEVT_FLG,ASC
CISADM,CI_CUT_EVT_TYP_ALG,XC777P0,3,SEQ_NUM,ASC
CISADM,CI_CUT_PROC,XT324P0,1,CUT_PROC_ID,ASC
CISADM,CI_CUT_PROC,XT324S1,1,OD_PROC_ID,ASC
CISADM,CI_CUT_PROC,XT324S1,2,OD_EVT_SEQ,ASC
CISADM,CI_CUT_PROC,XT324S2,1,SA_ID,ASC
CISADM,CI_CUT_PROC,XT324S2,2,CUT_PROC_ID,ASC
CISADM,CI_CUT_PROC_K,XT325P0,1,CUT_PROC_ID,ASC
CISADM,CI_CUT_PROC_K,XT325P0,2,ENV_ID,ASC
CISADM,CI_CUT_PROC_TMP,XC770P0,1,CUT_PROC_TMP_CD,ASC
CISADM,CI_CUT_PROC_TMP_L,XC771P0,1,CUT_PROC_TMP_CD,ASC
CISADM,CI_CUT_PROC_TMP_L,XC771P0,2,LANGUAGE_CD,ASC
CISADM,CI_CUT_PROC_TM_ALG,XC774P0,1,CUT_PROC_TMP_CD,ASC
CISADM,CI_CUT_PROC_TM_ALG,XC774P0,2,CUT_PR_TM_SEVT_FLG,ASC
CISADM,CI_CUT_PROC_TM_ALG,XC774P0,3,SEQ_NUM,ASC
CISADM,CI_CUT_RESP,XC772P0,1,CUT_PROC_TMP_CD,ASC
CISADM,CI_CUT_RESP,XC772P0,2,EVT_SEQ,ASC
CISADM,CI_CUT_RESP_DEP,XC773P0,1,CUT_PROC_TMP_CD,ASC
CISADM,CI_CUT_RESP_DEP,XC773P0,2,EVT_SEQ,ASC
CISADM,CI_CUT_RESP_DEP,XC773P0,3,SEQ_NUM,ASC
CISADM,CI_CVAL_TMPL,XC083P0,1,CIS_DIVISION,ASC
CISADM,CI_CVAL_TMPL,XC083P0,2,SA_TYPE_CD,ASC
CISADM,CI_CVAL_TMPL,XC083P0,3,START_OPT_CD,ASC
CISADM,CI_CVAL_TMPL,XC083P0,4,EFFDT,ASC
CISADM,CI_CVAL_TMPL,XC083P0,5,BF_CD,ASC
CISADM,CI_CVAL_TMPL,XC083P0,6,TOU_GRP_CD,ASC
CISADM,CI_CVAL_TOU_TMP,XC608P0,1,CIS_DIVISION,ASC
CISADM,CI_CVAL_TOU_TMP,XC608P0,2,SA_TYPE_CD,ASC
CISADM,CI_CVAL_TOU_TMP,XC608P0,3,START_OPT_CD,ASC
CISADM,CI_CVAL_TOU_TMP,XC608P0,4,EFFDT,ASC
CISADM,CI_CVAL_TOU_TMP,XC608P0,5,BF_CD,ASC
CISADM,CI_CVAL_TOU_TMP,XC608P0,6,TOU_GRP_CD,ASC
CISADM,CI_CVAL_TOU_TMP,XC608P0,7,TOU_CD,ASC
CISADM,CI_DAR,XC689P0,1,DAR_CD,ASC
CISADM,CI_DAR_L,XC690P0,1,DAR_CD,ASC
CISADM,CI_DAR_L,XC690P0,2,LANGUAGE_CD,ASC
CISADM,CI_DAR_USR,XC691P0,1,DAR_CD,ASC
CISADM,CI_DAR_USR,XC691P0,2,USER_ID,ASC
CISADM,CI_DAR_USR,XC691S1,1,USER_ID,ASC
CISADM,CI_DAR_USR,XC691S1,2,DAR_CD,ASC
CISADM,CI_DAR_USR,XC691S1,3,EXPIRE_DT,ASC
CISADM,CI_DATA_DIFF,XT305P0,1,DATA_DIFF_ID,ASC
CISADM,CI_DATA_DIFF,XT305S1,1,TBL_NAME,ASC
CISADM,CI_DATA_DIFF,XT305S1,2,STMT_TYPE_FLG,ASC
CISADM,CI_DATA_DIFF,XT305S1,3,DATA_DIFF_INFO,ASC
CISADM,CI_DATA_DIFF_PK,XT306P0,1,DATA_DIFF_ID,ASC
CISADM,CI_DATA_DIFF_PK,XT306P0,2,CONST_ID,ASC
CISADM,CI_DATA_DIFF_PK,XT306P0,3,OWNER_FLG,ASC
CISADM,CI_DATA_DIFF_PK,XT306P0,4,SEQ_NUM,ASC
CISADM,CI_DB_INSTR,XC243P0,1,DB_PROC_CD,ASC
CISADM,CI_DB_INSTR,XC243P0,2,INSTR_SEQ,ASC
CISADM,CI_DB_INSTR_ALG,XC255P0,1,DB_PROC_CD,ASC
CISADM,CI_DB_INSTR_ALG,XC255P0,2,INSTR_SEQ,ASC
CISADM,CI_DB_INSTR_ALG,XC255P0,3,DBI_ALG_ENTITY_FLG,ASC
CISADM,CI_DB_INSTR_ALG,XC255P0,4,SEQ_NUM,ASC
CISADM,CI_DB_INSTR_L,XC245P0,1,DB_PROC_CD,ASC
CISADM,CI_DB_INSTR_L,XC245P0,2,INSTR_SEQ,ASC
CISADM,CI_DB_INSTR_L,XC245P0,3,LANGUAGE_CD,ASC
CISADM,CI_DB_INST_OVRD,XC256P0,1,DB_PROC_CD,ASC
CISADM,CI_DB_INST_OVRD,XC256P0,2,INSTR_SEQ,ASC
CISADM,CI_DB_INST_OVRD,XC256P0,3,MAINT_OBJ_CD,ASC
CISADM,CI_DB_INST_OVRD,XC256P0,4,TBL_NAME,ASC
CISADM,CI_DB_PROC,XC241P0,1,DB_PROC_CD,ASC
CISADM,CI_DB_PROC_L,XC242P0,1,DB_PROC_CD,ASC
CISADM,CI_DB_PROC_L,XC242P0,2,LANGUAGE_CD,ASC
CISADM,CI_DCL,XM302P0,1,DCL_ID,ASC
CISADM,CI_DCL,XM302S1,1,ACCT_ID,ASC
CISADM,CI_DCL,XM302S1,2,PREM_ID,ASC
CISADM,CI_DCL,XM302S2,1,PREM_ID,ASC
CISADM,CI_DCL_K,XM303P0,1,DCL_ID,ASC
CISADM,CI_DCL_K,XM303P0,2,ENV_ID,ASC
CISADM,CI_DC_ALG,XC341P0,1,DEBT_CL_CD,ASC
CISADM,CI_DC_ALG,XC341P0,2,DC_ALG_ENTITY_FLG,ASC
CISADM,CI_DC_ALG,XC341P0,3,SEQ_NUM,ASC
CISADM,CI_DEBT_CL,XC084P0,1,DEBT_CL_CD,ASC
CISADM,CI_DEBT_CL_L,XC524P0,1,LANGUAGE_CD,ASC
CISADM,CI_DEBT_CL_L,XC524P0,2,DEBT_CL_CD,ASC
CISADM,CI_DEG_DAY,XC085P0,1,TREND_AREA_CD,ASC
CISADM,CI_DEG_DAY,XC085P0,2,DEG_DAY_DT,ASC
CISADM,CI_DEP_CL,XC064P0,1,DEP_CL_CD,ASC
CISADM,CI_DEP_CL_L,XC069P0,1,DEP_CL_CD,ASC
CISADM,CI_DEP_CL_L,XC069P0,2,LANGUAGE_CD,ASC
CISADM,CI_DEP_CTL,XT086P0,1,DEP_CTL_ID,ASC
CISADM,CI_DEP_CTL,XT086S1,1,CRE_DTTM,ASC
CISADM,CI_DEP_CTL,XT086S2,1,TNDR_SRCE_TYPE_FLG,ASC
CISADM,CI_DEP_CTL,XT086S2,2,DEP_CTL_ID,ASC
CISADM,CI_DEP_CTL,XT086S3,1,DEP_CTL_STATUS_FLG,ASC
CISADM,CI_DEP_CTL,XT086S3,2,DEP_CTL_ID,ASC
CISADM,CI_DEP_CTL_CHAR,XC624P0,1,DEP_CTL_ID,ASC
CISADM,CI_DEP_CTL_CHAR,XC624P0,2,CHAR_TYPE_CD,ASC
CISADM,CI_DEP_CTL_CHAR,XC624P0,3,SEQ_NUM,ASC
CISADM,CI_DEP_CTL_CHAR,XC624S1,1,SRCH_CHAR_VAL,ASC
CISADM,CI_DEP_CTL_K,XT519P0,1,DEP_CTL_ID,ASC
CISADM,CI_DEP_CTL_K,XT519P0,2,ENV_ID,ASC
CISADM,CI_DEP_CTL_ST,XT087P0,1,EXT_SOURCE_ID,ASC
CISADM,CI_DEP_CTL_ST,XT087P0,2,EXT_TRANSMIT_ID,ASC
CISADM,CI_DEP_CTL_ST,XT087S1,1,DEP_CTL_ID,ASC
CISADM,CI_DEP_CTL_ST,XT087S2,1,TRANSMIT_DTTM,ASC
CISADM,CI_DEP_CTL_ST,XT087S2,2,DEP_CTL_STG_ST_FLG,ASC
CISADM,CI_DEP_CTL_ST,XT087S3,1,LAST_UPDATE_INST,ASC
CISADM,CI_DEP_RVW,XT013P0,1,ACCT_ID,ASC
CISADM,CI_DEP_RVW,XT013P0,2,DEP_CL_CD,ASC
CISADM,CI_DEP_RVW,XT013S1,1,REVIEW_DT,ASC
CISADM,CI_DEP_RVW,XT013S1,2,RCMEND_WORKED_SW,ASC
CISADM,CI_DEP_RVW,XT013S2,1,RCMEND_WORKED_SW,ASC
CISADM,CI_DEP_RVW,XT013S2,2,REVIEW_DT,ASC
CISADM,CI_DG_APP_SCHED,XC698P0,1,APP_SCHED_ID,ASC
CISADM,CI_DG_APP_SCHED,XC698S1,1,DISP_GRP_CD,ASC
CISADM,CI_DG_APP_SCHED,XC698S1,2,START_DTTM,ASC
CISADM,CI_DG_APP_SCHED,XC698S1,3,END_DTTM,ASC
CISADM,CI_DG_APP_SCHED_K,XC436P0,1,APP_SCHED_ID,ASC
CISADM,CI_DG_APP_SCHED_K,XC436P0,2,ENV_ID,ASC
CISADM,CI_DISCON_LOC,XC088P0,1,DISCON_LOC_CD,ASC
CISADM,CI_DISCON_LOC_L,XC525P0,1,DISCON_LOC_CD,ASC
CISADM,CI_DISCON_LOC_L,XC525P0,2,LANGUAGE_CD,ASC
CISADM,CI_DISP_GRP,XC089P0,1,DISP_GRP_CD,ASC
CISADM,CI_DISP_GRP,XC089S2,1,BATCH_CD,ASC
CISADM,CI_DISP_GRP,XC089S2,2,DISP_GRP_CD,ASC
CISADM,CI_DISP_GRP,XC089S2,3,ALLOW_DISPATCH_SW,ASC
CISADM,CI_DISP_GRP_ALG,XC697P0,1,DISP_GRP_CD,ASC
CISADM,CI_DISP_GRP_ALG,XC697P0,2,DG_ALG_ENTITY_FLG,ASC
CISADM,CI_DISP_GRP_ALG,XC697P0,3,SEQ_NUM,ASC
CISADM,CI_DISP_GRP_L,XC526P0,1,DISP_GRP_CD,ASC
CISADM,CI_DISP_GRP_L,XC526P0,2,LANGUAGE_CD,ASC
CISADM,CI_DISP_GRP_REP,XC090P0,1,DISP_GRP_CD,ASC
CISADM,CI_DISP_GRP_REP,XC090P0,2,REP_CD,ASC
CISADM,CI_DISP_GRP_REP,XC090S1,1,REP_CD,ASC
CISADM,CI_DISP_GRP_REP,XC090S1,2,DISP_GRP_CD,ASC
CISADM,CI_DISP_ICON,XC663P0,1,DISP_ICON_CD,ASC
CISADM,CI_DISP_ICON_L,XC664P0,1,DISP_ICON_CD,ASC
CISADM,CI_DISP_ICON_L,XC664P0,2,LANGUAGE_CD,ASC
CISADM,CI_DISP_PROF,XC299P0,1,DISP_PROF_CD,ASC
CISADM,CI_DISP_PROF_L,XC598P0,1,DISP_PROF_CD,ASC
CISADM,CI_DISP_PROF_L,XC598P0,2,LANGUAGE_CD,ASC
CISADM,CI_DIV_TD_ROLE,XC169P0,1,TD_TYPE_CD,ASC
CISADM,CI_DIV_TD_ROLE,XC169P0,2,CIS_DIVISION,ASC
CISADM,CI_DST_CD_CHAR,XC163P0,1,DST_ID,ASC
CISADM,CI_DST_CD_CHAR,XC163P0,2,EFFDT,ASC
CISADM,CI_DST_CD_CHAR,XC163P0,3,CHAR_TYPE_CD,ASC
CISADM,CI_DST_CODE,XC092P0,1,DST_ID,ASC
CISADM,CI_DST_CODE_EFF,XC093P0,1,DST_ID,ASC
CISADM,CI_DST_CODE_EFF,XC093P0,2,EFFDT,ASC
CISADM,CI_DST_CODE_L,XC162P0,1,LANGUAGE_CD,ASC
CISADM,CI_DST_CODE_L,XC162P0,2,DST_ID,ASC
CISADM,CI_DST_RULE,XC785P0,1,DST_RULE_CD,ASC
CISADM,CI_DST_RULE_ALG,XC787P0,1,DST_RULE_CD,ASC
CISADM,CI_DST_RULE_ALG,XC787P0,2,DST_RULE_SEVT_FLG,ASC
CISADM,CI_DST_RULE_ALG,XC787P0,3,SEQ_NUM,ASC
CISADM,CI_DST_RULE_L,XC786P0,1,DST_RULE_CD,ASC
CISADM,CI_DST_RULE_L,XC786P0,2,LANGUAGE_CD,ASC
CISADM,CI_DV_TEST,XT014P0,1,DV_TEST_ID,ASC
CISADM,CI_DV_TEST,XT014S1,1,TEST_START_DTTM,ASC
CISADM,CI_DV_TEST,XT014S2,1,DV_TEST_TYPE_CD,ASC
CISADM,CI_DV_TEST,XT014S2,2,DV_TEST_ID,ASC
CISADM,CI_DV_TEST,XT014S3,1,MTR_ID,ASC
CISADM,CI_DV_TEST,XT014S3,2,TEST_START_DTTM,ASC
CISADM,CI_DV_TEST,XT014S4,1,ITEM_ID,ASC
CISADM,CI_DV_TEST,XT014S4,2,TEST_START_DTTM,ASC
CISADM,CI_DV_TEST_CHAR,XT015P0,1,DV_TEST_ID,ASC
CISADM,CI_DV_TEST_CHAR,XT015P0,2,CHAR_TYPE_CD,ASC
CISADM,CI_DV_TEST_CHAR,XT015P0,3,SEQ_NUM,ASC
CISADM,CI_DV_TEST_COMP,XT016P0,1,DV_TEST_ID,ASC
CISADM,CI_DV_TEST_COMP,XT016P0,2,SEQNO,ASC
CISADM,CI_DV_TEST_EXCP,XT017P0,1,DV_TEST_ID,ASC
CISADM,CI_DV_TEST_K,XT520P0,1,DV_TEST_ID,ASC
CISADM,CI_DV_TEST_K,XT520P0,2,ENV_ID,ASC
CISADM,CI_DV_TEST_RES,XT018P0,1,DV_TEST_ID,ASC
CISADM,CI_DV_TEST_RES,XT018P0,2,SEQNO,ASC
CISADM,CI_DV_TEST_RES,XT018P0,3,TST_COMP_TYP_CD,ASC
CISADM,CI_DV_TEST_RES,XT018P0,4,RES_SEQNO,ASC
CISADM,CI_DV_TEST_RES,XT018S1,1,REG_READ_ID,ASC
CISADM,CI_DV_TEST_SEL,XT019P0,1,TEST_SEL_ID,ASC
CISADM,CI_DV_TEST_SEL,XT019S2,1,TEST_SEL_STAT_FLG,ASC
CISADM,CI_DV_TEST_SEL,XT019S2,2,TEST_SEL_ID,ASC
CISADM,CI_DV_TEST_SEL,XT019S3,1,DESCR,ASC
CISADM,CI_DV_TEST_SEL,XT019S3,2,TEST_SEL_ID,ASC
CISADM,CI_DV_TEST_SEL,XT019S3,3,TEST_SEL_STAT_FLG,ASC
CISADM,CI_DV_TEST_SEL_K,XT521P0,1,TEST_SEL_ID,ASC
CISADM,CI_DV_TEST_SEL_K,XT521P0,2,ENV_ID,ASC
CISADM,CI_DV_TEST_TYPE,XC070P0,1,DV_TEST_TYPE_CD,ASC
CISADM,CI_DV_TEST_TYPE_L,XC001P0,1,DV_TEST_TYPE_CD,ASC
CISADM,CI_DV_TEST_TYPE_L,XC001P0,2,LANGUAGE_CD,ASC
CISADM,CI_DV_TTYP_CHAR,XC295P0,1,DV_TEST_TYPE_CD,ASC
CISADM,CI_DV_TTYP_CHAR,XC295P0,2,CHAR_TYPE_CD,ASC
CISADM,CI_DV_TTYP_CHAR,XC295P0,3,SEQ_NUM,ASC
CISADM,CI_DV_TTYP_COMP,XC072P0,1,DV_TEST_TYPE_CD,ASC
CISADM,CI_DV_TTYP_COMP,XC072P0,2,SEQNO,ASC
CISADM,CI_DV_TTYP_ITEM,XC073P0,1,ITEM_TYPE_CD,ASC
CISADM,CI_DV_TTYP_ITEM,XC073P0,2,DV_TEST_TYPE_CD,ASC
CISADM,CI_DV_TTYP_MTR,XC074P0,1,MTR_TYPE_CD,ASC
CISADM,CI_DV_TTYP_MTR,XC074P0,2,DV_TEST_TYPE_CD,ASC
CISADM,CI_ENRL,XT193P0,1,ENRL_ID,ASC
CISADM,CI_ENRL,XT193S1,1,PER_ID,ASC
CISADM,CI_ENRL,XT193S2,1,ACCT_ID,ASC
CISADM,CI_ENRL,XT193S3,1,PREM_ID,ASC
CISADM,CI_ENRL_ADDR,XT200P0,1,ENRL_ID,ASC
CISADM,CI_ENRL_ADDR,XT200P0,2,ENRL_ADDR_ENT_FLG,ASC
CISADM,CI_ENRL_ADDR,XT200S1,1,ADDRESS1_UPR,ASC
CISADM,CI_ENRL_ADDR,XT200S1,2,ENRL_ID,ASC
CISADM,CI_ENRL_ADDR,XT200S2,1,CITY_UPR,ASC
CISADM,CI_ENRL_ADDR,XT200S2,2,ENRL_ID,ASC
CISADM,CI_ENRL_CAN_RSN,XC658P0,1,ENRL_CAN_RSN_CD,ASC
CISADM,CI_ENRL_CAN_RSN_L,XC659P0,1,ENRL_CAN_RSN_CD,ASC
CISADM,CI_ENRL_CAN_RSN_L,XC659P0,2,LANGUAGE_CD,ASC
CISADM,CI_ENRL_CBK_RSN,XC660P0,1,ENRL_CALLBK_RSN_CD,ASC
CISADM,CI_ENRL_CBK_RSN_L,XC661P0,1,ENRL_CALLBK_RSN_CD,ASC
CISADM,CI_ENRL_CBK_RSN_L,XC661P0,2,LANGUAGE_CD,ASC
CISADM,CI_ENRL_FLD,XT191P0,1,ENRL_ID,ASC
CISADM,CI_ENRL_FLD,XT191P0,2,SEQ_NUM,ASC
CISADM,CI_ENRL_K,XT522P0,1,ENRL_ID,ASC
CISADM,CI_ENRL_K,XT522P0,2,ENV_ID,ASC
CISADM,CI_ENRL_LOG,XT198P0,1,ENRL_ID,ASC
CISADM,CI_ENRL_LOG,XT198P0,2,SEQ_NUM,ASC
CISADM,CI_ENRL_PER_ID,XT199P0,1,ENRL_ID,ASC
CISADM,CI_ENRL_PER_ID,XT199P0,2,ID_TYPE_CD,ASC
CISADM,CI_ENRL_PER_ID,XT199S1,1,HASH_PER_ID_NBR,ASC
CISADM,CI_ENRL_PER_ID,XT199S1,2,ENRL_ID,ASC
CISADM,CI_ENRL_PER_ID,XT199S1,3,ID_TYPE_CD,ASC
CISADM,CI_ENRL_PER_NM,XT194P0,1,ENRL_ID,ASC
CISADM,CI_ENRL_PER_NM,XT194P0,2,SEQ_NUM,ASC
CISADM,CI_ENRL_PER_NM,XT194S1,1,ENTITY_NAME_UPR,ASC
CISADM,CI_ENRL_PER_NM,XT194S1,2,ENRL_ID,ASC
CISADM,CI_ENRL_PER_PHN,XT195P0,1,ENRL_ID,ASC
CISADM,CI_ENRL_PER_PHN,XT195P0,2,SEQ_NUM,ASC
CISADM,CI_ENV_REF,XC391P0,1,ENV_REF_CD,ASC
CISADM,CI_ENV_REF_L,XC356P0,1,ENV_REF_CD,ASC
CISADM,CI_ENV_REF_L,XC356P0,2,LANGUAGE_CD,ASC
CISADM,CI_FA,XT094P0,1,FA_ID,ASC
CISADM,CI_FA,XT094S1,1,SP_ID,ASC
CISADM,CI_FA,XT094S1,2,FO_ID,ASC
CISADM,CI_FA,XT094S2,1,FO_ID,ASC
CISADM,CI_FA,XT094S2,2,FA_ID,ASC
CISADM,CI_FA,XT094S3,1,FA_STATUS_FLG,ASC
CISADM,CI_FA,XT094S3,2,ELIG_DISPATCH_SW,ASC
CISADM,CI_FA,XT094S3,3,FO_ID,ASC
CISADM,CI_FA,XT094S3,4,FA_ID,ASC
CISADM,CI_FA,XT094S4,1,APP_SCHED_ID,ASC
CISADM,CI_FA,XT094S4,2,FA_ID,ASC
CISADM,CI_FA,XT094S5,1,TEST_SEL_ID,ASC
CISADM,CI_FA,XT094S5,2,FA_ID,ASC
CISADM,CI_FA,XT094S7,1,FA_EXT_ID,ASC
CISADM,CI_FA,XT094S7,2,FA_ID,ASC
CISADM,CI_FAC_LVL_1,XC101P0,1,SVC_TYPE_CD,ASC
CISADM,CI_FAC_LVL_1,XC101P0,2,FAC_LVL_1_CD,ASC
CISADM,CI_FAC_LVL_1_2,XC102P0,1,SVC_TYPE_CD,ASC
CISADM,CI_FAC_LVL_1_2,XC102P0,2,FAC_LVL_1_CD,ASC
CISADM,CI_FAC_LVL_1_2,XC102P0,3,FAC_LVL_2_CD,ASC
CISADM,CI_FAC_LVL_1_2,XC102S1,1,FAC_LVL_2_CD,ASC
CISADM,CI_FAC_LVL_1_L,XC531P0,1,SVC_TYPE_CD,ASC
CISADM,CI_FAC_LVL_1_L,XC531P0,2,FAC_LVL_1_CD,ASC
CISADM,CI_FAC_LVL_1_L,XC531P0,3,LANGUAGE_CD,ASC
CISADM,CI_FAC_LVL_2,XC103P0,1,SVC_TYPE_CD,ASC
CISADM,CI_FAC_LVL_2,XC103P0,2,FAC_LVL_2_CD,ASC
CISADM,CI_FAC_LVL_2_3,XC104P0,1,SVC_TYPE_CD,ASC
CISADM,CI_FAC_LVL_2_3,XC104P0,2,FAC_LVL_2_CD,ASC
CISADM,CI_FAC_LVL_2_3,XC104P0,3,FAC_LVL_3_CD,ASC
CISADM,CI_FAC_LVL_2_3,XC104S1,1,FAC_LVL_3_CD,ASC
CISADM,CI_FAC_LVL_2_L,XC532P0,1,SVC_TYPE_CD,ASC
CISADM,CI_FAC_LVL_2_L,XC532P0,2,FAC_LVL_2_CD,ASC
CISADM,CI_FAC_LVL_2_L,XC532P0,3,LANGUAGE_CD,ASC
CISADM,CI_FAC_LVL_3,XC105P0,1,SVC_TYPE_CD,ASC
CISADM,CI_FAC_LVL_3,XC105P0,2,FAC_LVL_3_CD,ASC
CISADM,CI_FAC_LVL_3_L,XC533P0,1,SVC_TYPE_CD,ASC
CISADM,CI_FAC_LVL_3_L,XC533P0,2,FAC_LVL_3_CD,ASC
CISADM,CI_FAC_LVL_3_L,XC533P0,3,LANGUAGE_CD,ASC
CISADM,CI_FAC_LVL_NAME,XC106P0,1,SVC_TYPE_CD,ASC
CISADM,CI_FAC_LVL_NAME,XC106P0,2,FAC_LVL_FLG,ASC
CISADM,CI_FAC_LVL_NAME_L,XC534P0,1,SVC_TYPE_CD,ASC
CISADM,CI_FAC_LVL_NAME_L,XC534P0,2,FAC_LVL_FLG,ASC
CISADM,CI_FAC_LVL_NAME_L,XC534P0,3,LANGUAGE_CD,ASC
CISADM,CI_FAPR_FATY,XC107P0,1,FA_TYPE_PROF_CD,ASC
CISADM,CI_FAPR_FATY,XC107P0,2,FA_TYPE_CD,ASC
CISADM,CI_FAPR_TMPL,XC108P0,1,FA_TYPE_PROF_CD,ASC
CISADM,CI_FAPR_TMPL,XC108P0,2,CUST_EVT_FLG,ASC
CISADM,CI_FAPR_TMPL,XC108P0,3,SP_COND_FLG,ASC
CISADM,CI_FAPR_TMPL,XC108P0,4,DISCON_LOC_CD,ASC
CISADM,CI_FAPR_TMPL,XC108P0,5,SEQ_NUM,ASC
CISADM,CI_FAPR_TMPL,XC108S1,1,FA_TYPE_CD,ASC
CISADM,CI_FAPR_TMPL,XC108S1,2,FA_TYPE_PROF_CD,ASC
CISADM,CI_FAPR_TMPL,XC108S1,3,CUST_EVT_FLG,ASC
CISADM,CI_FAPR_TMPL,XC108S1,4,SP_COND_FLG,ASC
CISADM,CI_FAPR_TMPL,XC108S1,5,DISCON_LOC_CD,ASC
CISADM,CI_FAPR_TMPL,XC108S1,6,SEQ_NUM,ASC
CISADM,CI_FA_CAN_RSN,XC271P0,1,FA_CAN_RSN_CD,ASC
CISADM,CI_FA_CAN_RSN_L,XC272P0,1,FA_CAN_RSN_CD,ASC
CISADM,CI_FA_CAN_RSN_L,XC272P0,2,LANGUAGE_CD,ASC
CISADM,CI_FA_CHAR,XT406P0,1,FA_ID,ASC
CISADM,CI_FA_CHAR,XT406P0,2,CHAR_TYPE_CD,ASC
CISADM,CI_FA_CHAR,XT406P0,3,SEQ_NUM,ASC
CISADM,CI_FA_CHAR,XT406S1,1,SRCH_CHAR_VAL,ASC
CISADM,CI_FA_CMPL_CTRL,XC315P0,1,CIS_DIVISION,ASC
CISADM,CI_FA_CMPL_CTRL,XC315P0,2,FA_TYPE_CD,ASC
CISADM,CI_FA_CMPL_CTRL,XC315P0,3,SEQNO,ASC
CISADM,CI_FA_K,XT523P0,1,FA_ID,ASC
CISADM,CI_FA_K,XT523P0,2,ENV_ID,ASC
CISADM,CI_FA_LOG,XT350P0,1,FA_ID,ASC
CISADM,CI_FA_LOG,XT350P0,2,SEQ_NUM,ASC
CISADM,CI_FA_REM,XT407P0,1,FA_ID,ASC
CISADM,CI_FA_REM,XT407P0,2,FA_REM_CD,ASC
CISADM,CI_FA_REM_ALG,XC375P0,1,FA_REM_CD,ASC
CISADM,CI_FA_REM_ALG,XC375P0,2,FAR_ALG_ENTITY_FLG,ASC
CISADM,CI_FA_REM_ALG,XC375P0,3,SEQ_NUM,ASC
CISADM,CI_FA_REM_CD,XC376P0,1,FA_REM_CD,ASC
CISADM,CI_FA_REM_CD_L,XC377P0,1,FA_REM_CD,ASC
CISADM,CI_FA_REM_CD_L,XC377P0,2,LANGUAGE_CD,ASC
CISADM,CI_FA_REM_EXC,XT312P0,1,FA_ID,ASC
CISADM,CI_FA_REM_EXC,XT312P0,2,FA_REM_CD,ASC
CISADM,CI_FA_REM_EXP,XT405P0,1,FA_ID,ASC
CISADM,CI_FA_REM_EXP,XT405P0,2,FA_REM_CD,ASC
CISADM,CI_FA_REM_EXP,XT405P0,3,PARM_SEQ,ASC
CISADM,CI_FA_RESCHED_RSN,XC898P0,1,FA_RESCHED_RSN_CD,ASC
CISADM,CI_FA_RESCHED_RSN_L,XC897P0,1,FA_RESCHED_RSN_CD,ASC
CISADM,CI_FA_RESCHED_RSN_L,XC897P0,2,LANGUAGE_CD,ASC
CISADM,CI_FA_STAGE_UP,XT806P0,1,FA_ID,ASC
CISADM,CI_FA_STEP,XT095P0,1,FA_ID,ASC
CISADM,CI_FA_STEP,XT095P0,2,STEP_SEQ_NBR,ASC
CISADM,CI_FA_STEP,XT095S1,1,CC_ID,ASC
CISADM,CI_FA_STEP,XT095S2,1,SPAWNED_FA_ID,ASC
CISADM,CI_FA_STEP,XT095S2,2,FA_ID,ASC
CISADM,CI_FA_STEP,XT095S3,1,MR_ID,ASC
CISADM,CI_FA_STEP_TYPE,XC200P0,1,FA_TYPE_CD,ASC
CISADM,CI_FA_STEP_TYPE,XC200P0,2,STEP_SEQ_NBR,ASC
CISADM,CI_FA_STEP_TYPE_L,XC528P0,1,FA_TYPE_CD,ASC
CISADM,CI_FA_STEP_TYPE_L,XC528P0,2,STEP_SEQ_NBR,ASC
CISADM,CI_FA_STEP_TYPE_L,XC528P0,3,LANGUAGE_CD,ASC
CISADM,CI_FA_STGUP_CHAR,XT725P0,1,FA_ID,ASC
CISADM,CI_FA_STGUP_CHAR,XT725P0,2,CHAR_TYPE_CD,ASC
CISADM,CI_FA_STGUP_CHAR,XT725P0,3,SEQ_NUM,ASC
CISADM,CI_FA_STGUP_EXC,XT808P0,1,FA_ID,ASC
CISADM,CI_FA_STGUP_EXC,XT808P0,2,STEP_SEQ_NBR,ASC
CISADM,CI_FA_STGUP_REM,XT723P0,1,FA_ID,ASC
CISADM,CI_FA_STGUP_REM,XT723P0,2,FA_REM_CD,ASC
CISADM,CI_FA_STP_STGUP,XT807P0,1,FA_ID,ASC
CISADM,CI_FA_STP_STGUP,XT807P0,2,STEP_SEQ_NBR,ASC
CISADM,CI_FA_TYPE,XC006P0,1,FA_TYPE_CD,ASC
CISADM,CI_FA_TYPE,XC006S1,1,ELIG_DISPATCH_SW,ASC
CISADM,CI_FA_TYPE,XC006S1,2,FA_TYPE_CD,ASC
CISADM,CI_FA_TYPE_CHAR,XC400P0,1,FA_TYPE_CD,ASC
CISADM,CI_FA_TYPE_CHAR,XC400P0,2,CHAR_TYPE_CD,ASC
CISADM,CI_FA_TYPE_CHAR,XC400P0,3,SEQ_NUM,ASC
CISADM,CI_FA_TYPE_L,XC529P0,1,FA_TYPE_CD,ASC
CISADM,CI_FA_TYPE_L,XC529P0,2,LANGUAGE_CD,ASC
CISADM,CI_FA_TYPE_PROF,XC099P0,1,FA_TYPE_PROF_CD,ASC
CISADM,CI_FA_TYPE_PROF_L,XC530P0,1,FA_TYPE_PROF_CD,ASC
CISADM,CI_FA_TYPE_PROF_L,XC530P0,2,LANGUAGE_CD,ASC
CISADM,CI_FK_REF,XC605P0,1,FK_REF_CD,ASC
CISADM,CI_FK_REF_L,XC606P0,1,LANGUAGE_CD,ASC
CISADM,CI_FK_REF_L,XC606P0,2,FK_REF_CD,ASC
CISADM,CI_FO,XT109P0,1,FO_ID,ASC
CISADM,CI_FO,XT109S1,1,PREM_ID,ASC
CISADM,CI_FO,XT109S2,1,SCHED_DTTM,ASC
CISADM,CI_FO,XT109S3,1,DISP_GRP_CD,ASC
CISADM,CI_FO,XT109S3,2,FO_STATUS_FLG,ASC
CISADM,CI_FO,XT109S3,3,SCHED_DTTM,ASC
CISADM,CI_FO_K,XT524P0,1,FO_ID,ASC
CISADM,CI_FO_K,XT524P0,2,ENV_ID,ASC
CISADM,CI_FO_STG_DWN,XT110P0,1,BATCH_CD,ASC
CISADM,CI_FO_STG_DWN,XT110P0,2,BATCH_NBR,ASC
CISADM,CI_FO_STG_DWN,XT110P0,3,FO_ID,ASC
CISADM,CI_FREQ,XC111P0,1,FREQ_CD,ASC
CISADM,CI_FREQ_L,XC535P0,1,FREQ_CD,ASC
CISADM,CI_FREQ_L,XC535P0,2,LANGUAGE_CD,ASC
CISADM,CI_FS_CL,XC313P0,1,FS_CL_CD,ASC
CISADM,CI_FS_CL_DFLT,XC314P0,1,POSTAL_CD_FROM,ASC
CISADM,CI_FS_CL_DFLT,XC314P0,2,COUNTRY,ASC
CISADM,CI_FS_CL_DFLT,XC314P0,3,SVC_TYPE_CD,ASC
CISADM,CI_FS_CL_DFLT,XC314P0,4,FS_CL_CD,ASC
CISADM,CI_FS_CL_L,XC536P0,1,FS_CL_CD,ASC
CISADM,CI_FS_CL_L,XC536P0,2,LANGUAGE_CD,ASC
CISADM,CI_FS_CTRL,XC098P0,1,SP_TYPE_CD,ASC
CISADM,CI_FS_CTRL,XC098P0,2,FA_TYPE_CD,ASC
CISADM,CI_FS_CTRL,XC098P0,3,OP_AREA_CD,ASC
CISADM,CI_FS_DGRP,XC007P0,1,OP_AREA_CD,ASC
CISADM,CI_FS_DGRP,XC007P0,2,SP_TYPE_CD,ASC
CISADM,CI_FS_DGRP,XC007P0,3,FA_TYPE_CD,ASC
CISADM,CI_FS_DGRP,XC007P0,4,DGRP_PRIO_FLG,ASC
CISADM,CI_FS_OP_AREA,XC312P0,1,FS_CL_CD,ASC
CISADM,CI_FS_OP_AREA,XC312P0,2,OP_AREA_CD,ASC
CISADM,CI_FT,CM_XT112S1,1,FT_TYPE_FLG,ASC
CISADM,CI_FT,CM_XT112S1,2,FREEZE_SW,ASC
CISADM,CI_FT,CM_XT112S2,1,FT_TYPE_FLG,ASC
CISADM,CI_FT,CM_XT112S2,2,FREEZE_SW,ASC
CISADM,CI_FT,CM_XT112S2,3,SA_ID,ASC
CISADM,CI_FT,CM_XT112S2,4,BILL_ID,ASC
CISADM,CI_FT,XT112P0,1,FT_ID,ASC
CISADM,CI_FT,XT112S1,1,SA_ID,ASC
CISADM,CI_FT,XT112S1,2,REDUNDANT_SW,ASC
CISADM,CI_FT,XT112S1,3,BILL_ID,ASC
CISADM,CI_FT,XT112S2,1,BILL_ID,ASC
CISADM,CI_FT,XT112S3,1,PARENT_ID,ASC
CISADM,CI_FT,XT112S4,1,SIBLING_ID,ASC
CISADM,CI_FT,XT112S5,1,MATCH_EVT_ID,ASC
CISADM,CI_FT,XT112S5,2,FT_ID,ASC
CISADM,CI_FT,XT112S6,1,GL_DISTRIB_STATUS,ASC
CISADM,CI_FT,XT112S6,2,SCHED_DISTRIB_DT,ASC
CISADM,CI_FT,XT112S6,3,FT_ID,ASC
CISADM,CI_FT,XT112S7,1,BAL_CTL_GRP_ID,ASC
CISADM,CI_FT,XT112S7,2,FT_ID,ASC
CISADM,CI_FT,XT112S8,1,ACCOUNTING_DT,ASC
CISADM,CI_FT,XT112S8,2,SA_ID,ASC
CISADM,CI_FT_GL,XT113P0,1,FT_ID,ASC
CISADM,CI_FT_GL,XT113P0,2,GL_SEQ_NBR,ASC
CISADM,CI_FT_GL,XT113S1,1,GL_ACCT,ASC
CISADM,CI_FT_GL,XT113S1,2,FT_ID,ASC
CISADM,CI_FT_K,XT525P0,1,FT_ID,ASC
CISADM,CI_FT_K,XT525P0,2,ENV_ID,ASC
CISADM,CI_FT_PROC,XT097P0,1,FT_ID,ASC
CISADM,CI_FT_PROC,XT097P0,2,SEQ_NUM,ASC
CISADM,CI_FT_PROC,XT097S1,1,BATCH_CD,ASC
CISADM,CI_FT_PROC,XT097S1,2,BATCH_NBR,ASC
CISADM,CI_FUNC,XC751P0,1,FUNC_CD,ASC
CISADM,CI_FUNC,XC751S1,1,SVC_NAME,ASC
CISADM,CI_FUNC_FLD,XC752P0,1,FUNC_CD,ASC
CISADM,CI_FUNC_FLD,XC752P0,2,FUNC_FLD_NAME,ASC
CISADM,CI_FUNC_FLD_L,XC756P0,1,FUNC_CD,ASC
CISADM,CI_FUNC_FLD_L,XC756P0,2,FUNC_FLD_NAME,ASC
CISADM,CI_FUNC_FLD_L,XC756P0,3,LANGUAGE_CD,ASC
CISADM,CI_FUNC_L,XC753P0,1,FUNC_CD,ASC
CISADM,CI_FUNC_L,XC753P0,2,LANGUAGE_CD,ASC
CISADM,CI_FUND,XC788P0,1,FUND_CD,ASC
CISADM,CI_FUND_L,XC789P0,1,FUND_CD,ASC
CISADM,CI_FUND_L,XC789P0,2,LANGUAGE_CD,ASC
CISADM,CI_GEO_DFLT_SVC,XC114P0,1,POSTAL_CD_FROM,ASC
CISADM,CI_GEO_DFLT_SVC,XC114P0,2,COUNTRY,ASC
CISADM,CI_GEO_DFLT_SVC,XC114P0,3,SVC_TYPE_CD,ASC
CISADM,CI_GEO_DFLT_SVC,XC114P0,4,GEO_TYPE_CD,ASC
CISADM,CI_GEO_TYPE,XC116P0,1,GEO_TYPE_CD,ASC
CISADM,CI_GEO_TYPE_L,XC537P0,1,GEO_TYPE_CD,ASC
CISADM,CI_GEO_TYPE_L,XC537P0,2,LANGUAGE_CD,ASC
CISADM,CI_GEO_TYP_DFLT,XC115P0,1,POSTAL_CD_FROM,ASC
CISADM,CI_GEO_TYP_DFLT,XC115P0,2,COUNTRY,ASC
CISADM,CI_GEO_TYP_DFLT,XC115P0,3,GEO_TYPE_CD,ASC
CISADM,CI_GEO_TYP_DFLT,XC115S1,1,GEO_TYPE_CD,ASC
CISADM,CI_GL_DIVISION,XC282P0,1,GL_DIVISION,ASC
CISADM,CI_GL_DIVISION,XC282S1,1,CALENDAR_ID,ASC
CISADM,CI_GL_DIVISION_L,XC538P0,1,GL_DIVISION,ASC
CISADM,CI_GL_DIVISION_L,XC538P0,2,LANGUAGE_CD,ASC
CISADM,CI_HI_LO_FACTOR,XC117P0,1,UOM_CD,ASC
CISADM,CI_HI_LO_FACTOR,XC117P0,2,READ_TYPE_FLG,ASC
CISADM,CI_ID_TYPE,XC008P0,1,ID_TYPE_CD,ASC
CISADM,CI_ID_TYPE_L,XC539P0,1,ID_TYPE_CD,ASC
CISADM,CI_ID_TYPE_L,XC539P0,2,LANGUAGE_CD,ASC
CISADM,CI_INSTALL_ALG,XC222P0,1,INSTALL_OPT_ID,ASC
CISADM,CI_INSTALL_ALG,XC222P0,2,INS_ALG_ENTITY_FLG,ASC
CISADM,CI_INSTALL_ALG,XC222P0,3,SEQ_NUM,ASC
CISADM,CI_INSTALL_MSG,XC164P0,1,INSTALL_OPT_ID,ASC
CISADM,CI_INSTALL_MSG,XC164P0,2,INST_MSG_TYPE_FLG,ASC
CISADM,CI_INSTALL_MSG,XC164P0,3,SEQ_NUM,ASC
CISADM,CI_INSTALL_MSG_L,XC167P0,1,INSTALL_OPT_ID,ASC
CISADM,CI_INSTALL_MSG_L,XC167P0,2,INST_MSG_TYPE_FLG,ASC
CISADM,CI_INSTALL_MSG_L,XC167P0,3,SEQ_NUM,ASC
CISADM,CI_INSTALL_MSG_L,XC167P0,4,LANGUAGE_CD,ASC
CISADM,CI_INSTALL_PROD,FC001P0,1,INSTALL_OPT_ID,ASC
CISADM,CI_INSTALL_PROD,FC001P0,2,OWNER_FLG,ASC
CISADM,CI_INTV_DATA,XT234P0,1,INTV_DATA_SET_ID,ASC
CISADM,CI_INTV_DATA,XT234P0,2,INTV_DATA_DTTM,ASC
CISADM,CI_INTV_DATA_SET,XT233P0,1,INTV_DATA_SET_ID,ASC
CISADM,CI_INTV_DATA_SET,XT233S1,1,INTV_PF_ID,ASC
CISADM,CI_INTV_DATA_SET,XT233S1,2,SET_DTTM,ASC
CISADM,CI_INTV_DATA_SET,XT233S1,3,SET_STATUS_FLG,ASC
CISADM,CI_INTV_DATA_SET,XT233S1,4,INTV_DS_EXT_ID,ASC
CISADM,CI_INTV_DATA_SET,XT233S1,5,INTV_DS_TYPE_FLG,ASC
CISADM,CI_INTV_DATA_SET,XT233S1,6,INTV_DATA_SET_ID,ASC
CISADM,CI_INTV_DATA_SET,XT233S2,1,INTV_DS_EXT_ID,ASC
CISADM,CI_INTV_DATA_SET_K,XT526P0,1,INTV_DATA_SET_ID,ASC
CISADM,CI_INTV_DATA_SET_K,XT526P0,2,ENV_ID,ASC
CISADM,CI_INTV_DS_EXC,XT079P0,1,INTV_DATA_SET_ID,ASC
CISADM,CI_INTV_PF,XM208P0,1,INTV_PF_ID,ASC
CISADM,CI_INTV_PF,XM208S1,1,INTV_PF_TYP_CD,ASC
CISADM,CI_INTV_PF,XM208S2,1,INTV_PF_EXT_ID,ASC
CISADM,CI_INTV_PF,XM208S3,1,SA_ID,ASC
CISADM,CI_INTV_PFRELTY,XC173P0,1,INTV_PF_REL_TYP_CD,ASC
CISADM,CI_INTV_PFRELTY_L,XC174P0,1,INTV_PF_REL_TYP_CD,ASC
CISADM,CI_INTV_PFRELTY_L,XC174P0,2,LANGUAGE_CD,ASC
CISADM,CI_INTV_PF_ALG,XC192P0,1,INTV_PF_TYP_CD,ASC
CISADM,CI_INTV_PF_ALG,XC192P0,2,PF_ALG_ENTITY_FLG,ASC
CISADM,CI_INTV_PF_ALG,XC192P0,3,SEQ_NUM,ASC
CISADM,CI_INTV_PF_K,XM503P0,1,INTV_PF_ID,ASC
CISADM,CI_INTV_PF_K,XM503P0,2,ENV_ID,ASC
CISADM,CI_INTV_PF_L,XM207P0,1,INTV_PF_ID,ASC
CISADM,CI_INTV_PF_L,XM207P0,2,LANGUAGE_CD,ASC
CISADM,CI_INTV_PF_TYP,XC170P0,1,INTV_PF_TYP_CD,ASC
CISADM,CI_INTV_PF_TYP_L,XC171P0,1,INTV_PF_TYP_CD,ASC
CISADM,CI_INTV_PF_TYP_L,XC171P0,2,LANGUAGE_CD,ASC
CISADM,CI_INTV_REG_ALG,XC410P0,1,INTV_REG_TYPE_CD,ASC
CISADM,CI_INTV_REG_ALG,XC410P0,2,REG_ALG_ENTITY_FLG,ASC
CISADM,CI_INTV_REG_ALG,XC410P0,3,SEQ_NUM,ASC
CISADM,CI_INTV_REG_TYP,XC408P0,1,INTV_REG_TYPE_CD,ASC
CISADM,CI_INTV_REG_TYP_L,XC409P0,1,INTV_REG_TYPE_CD,ASC
CISADM,CI_INTV_REG_TYP_L,XC409P0,2,LANGUAGE_CD,ASC
CISADM,CI_INTV_VAL,XT066P0,1,INTV_VAL_SET_ID,ASC
CISADM,CI_INTV_VAL,XT066P0,2,INTV_VAL_DTTM,ASC
CISADM,CI_INTV_VAL_SET,XT065P0,1,INTV_VAL_SET_ID,ASC
CISADM,CI_INTV_VAL_SET,XT065S1,1,BF_CD,ASC
CISADM,CI_INTV_VAL_SET,XT065S1,2,CHAR_TYPE_CD,ASC
CISADM,CI_INTV_VAL_SET,XT065S1,3,CHAR_VAL,ASC
CISADM,CI_INTV_VAL_SET,XT065S1,4,SET_DTTM,ASC
CISADM,CI_INTV_VAL_SET_K,XT036P0,1,INTV_VAL_SET_ID,ASC
CISADM,CI_INTV_VAL_SET_K,XT036P0,2,ENV_ID,ASC
CISADM,CI_ITEM,XM120P0,1,ITEM_ID,ASC
CISADM,CI_ITEM,XM120S1,1,BADGE_NBR,ASC
CISADM,CI_ITEM,XM120S2,1,ITEM_TYPE_CD,ASC
CISADM,CI_ITEM,XM120S2,2,ITEM_ID,ASC
CISADM,CI_ITEM_CHAR,C1M006S1,1,SRCH_CHAR_VAL,ASC
CISADM,CI_ITEM_CHAR,XM119P0,1,ITEM_ID,ASC
CISADM,CI_ITEM_CHAR,XM119P0,2,CHAR_TYPE_CD,ASC
CISADM,CI_ITEM_CHAR,XM119P0,3,EFFDT,ASC
CISADM,CI_ITEM_EQ,XM001P0,1,ITEM_ID,ASC
CISADM,CI_ITEM_EQ,XM001P0,2,ITEM_ID_EQ,ASC
CISADM,CI_ITEM_EQ,XM001P0,3,INSTALL_DT,ASC
CISADM,CI_ITEM_EQ,XM001S1,1,ITEM_ID_EQ,ASC
CISADM,CI_ITEM_K,XM504P0,1,ITEM_ID,ASC
CISADM,CI_ITEM_K,XM504P0,2,ENV_ID,ASC
CISADM,CI_ITEM_LOC_HIS,XT273P0,1,ITEM_LOC_HIST_ID,ASC
CISADM,CI_ITEM_LOC_HIS,XT273S1,1,ITEM_ID,ASC
CISADM,CI_ITEM_LOC_HIS,XT273S1,2,LOC_DTTM,ASC
CISADM,CI_ITEM_LOC_HIS,XT273S2,1,LOC_DTTM,ASC
CISADM,CI_ITEM_LOC_HIS,XT273S2,2,STK_LOC_CD,ASC
CISADM,CI_ITEM_LOC_HIS_K,XM278P0,1,ITEM_LOC_HIST_ID,ASC
CISADM,CI_ITEM_LOC_HIS_K,XM278P0,2,ENV_ID,ASC
CISADM,CI_ITEM_SQ_EST,XM096P0,1,ITEM_TYPE_CD,ASC
CISADM,CI_ITEM_SQ_EST,XM096P0,2,EFFDT,ASC
CISADM,CI_ITEM_STK_LOC,C1T100P0,1,ITEM_ID,ASC
CISADM,CI_ITEM_STK_LOC,C1T100S0,1,STK_LOC_CD,ASC
CISADM,CI_ITEM_STK_LOC,C1T100S0,2,ITEM_ID,ASC
CISADM,CI_ITEM_TYPE,XC123P0,1,ITEM_TYPE_CD,ASC
CISADM,CI_ITEM_TYPE_EQ,XC078P0,1,ITEM_TYPE_CD,ASC
CISADM,CI_ITEM_TYPE_EQ,XC078P0,2,ITEM_TYPE_CD_EQ,ASC
CISADM,CI_ITEM_TYPE_L,XC540P0,1,ITEM_TYPE_CD,ASC
CISADM,CI_ITEM_TYPE_L,XC540P0,2,LANGUAGE_CD,ASC
CISADM,CI_ITEM_TYP_CHA,XC122P0,1,ITEM_TYPE_CD,ASC
CISADM,CI_ITEM_TYP_CHA,XC122P0,2,CHAR_TYPE_CD,ASC
CISADM,CI_ITEM_TYP_CHA,XC122P0,3,SEQ_NUM,ASC
CISADM,CI_LANDLORD,XM126P0,1,LL_ID,ASC
CISADM,CI_LANDLORD,XM126S2,1,ACCT_ID,ASC
CISADM,CI_LANDLORD,XM126S2,2,LL_ID,ASC
CISADM,CI_LANDLORD,XM126S3,1,DESCR_UPR,ASC
CISADM,CI_LANDLORD_K,XM505P0,1,LL_ID,ASC
CISADM,CI_LANDLORD_K,XM505P0,2,ENV_ID,ASC
CISADM,CI_LANGUAGE,XC290P0,1,LANGUAGE_CD,ASC
CISADM,CI_LETTER_TMPL,XC128P0,1,LTR_TMPL_CD,ASC
CISADM,CI_LETTER_TMPL_L,XC541P0,1,LTR_TMPL_CD,ASC
CISADM,CI_LETTER_TMPL_L,XC541P0,2,LANGUAGE_CD,ASC
CISADM,CI_LL_DETAIL,XM129P0,1,LL_ID,ASC
CISADM,CI_LL_DETAIL,XM129P0,2,SVC_TYPE_CD,ASC
CISADM,CI_LL_DETAIL,XM129S1,1,SVC_TYPE_CD,ASC
CISADM,CI_LOOKUP_FIELD,XC352P0,1,FIELD_NAME,ASC
CISADM,CI_LOOKUP_VAL,XC699P0,1,FIELD_NAME,ASC
CISADM,CI_LOOKUP_VAL,XC699P0,2,FIELD_VALUE,ASC
CISADM,CI_LOOKUP_VAL_L,XC353P0,1,FIELD_NAME,ASC
CISADM,CI_LOOKUP_VAL_L,XC353P0,2,FIELD_VALUE,ASC
CISADM,CI_LOOKUP_VAL_L,XC353P0,3,LANGUAGE_CD,ASC
CISADM,CI_MATCH_EVT,XT266P0,1,MATCH_EVT_ID,ASC
CISADM,CI_MATCH_EVT,XT266S1,1,ACCT_ID,ASC
CISADM,CI_MATCH_EVT,XT266S1,2,MEVT_STATUS_FLG,ASC
CISADM,CI_MATCH_EVT,XT266S2,1,PAY_ID,ASC
CISADM,CI_MATCH_EVT_K,XT527P0,1,MATCH_EVT_ID,ASC
CISADM,CI_MATCH_EVT_K,XT527P0,2,ENV_ID,ASC
CISADM,CI_MATCH_TYPE,XC250P0,1,MATCH_TYPE_CD,ASC
CISADM,CI_MATCH_TYPE_L,XC251P0,1,MATCH_TYPE_CD,ASC
CISADM,CI_MATCH_TYPE_L,XC251P0,2,LANGUAGE_CD,ASC
CISADM,CI_MD_ATT_TY,XC455P0,1,AT_NAME,ASC
CISADM,CI_MD_AT_DTL,XC456P0,1,AT_NAME,ASC
CISADM,CI_MD_AT_DTL,XC456P0,2,SEQ_NUM,ASC
CISADM,CI_MD_AT_DTL_L,XC457P0,1,AT_NAME,ASC
CISADM,CI_MD_AT_DTL_L,XC457P0,2,SEQ_NUM,ASC
CISADM,CI_MD_AT_DTL_L,XC457P0,3,LANGUAGE_CD,ASC
CISADM,CI_MD_CONST,XC616P0,1,CONST_ID,ASC
CISADM,CI_MD_CONST,XC616P0,2,OWNER_FLG,ASC
CISADM,CI_MD_CONST,XC616S1,1,TBL_NAME,ASC
CISADM,CI_MD_CONST,XC616S1,2,CONST_TYPE_FLG,ASC
CISADM,CI_MD_CONST,XC616S2,1,REF_CONST_ID,ASC
CISADM,CI_MD_CONST,XC616S2,2,REF_CONST_OWNER,ASC
CISADM,CI_MD_CONST_FLD,XC617P0,1,CONST_ID,ASC
CISADM,CI_MD_CONST_FLD,XC617P0,2,OWNER_FLG,ASC
CISADM,CI_MD_CONST_FLD,XC617P0,3,SEQ_NUM,ASC
CISADM,CI_MD_CTL,XC908P0,1,PLUG_IN_NAME,ASC
CISADM,CI_MD_CTL,XC908P0,2,SEQ_NUM,ASC
CISADM,CI_MD_CTL_L,XC909P0,1,PLUG_IN_NAME,ASC
CISADM,CI_MD_CTL_L,XC909P0,2,SEQ_NUM,ASC
CISADM,CI_MD_CTL_L,XC909P0,3,LANGUAGE_CD,ASC
CISADM,CI_MD_CTL_TMPL,XC258P0,1,PLUG_IN_NAME,ASC
CISADM,CI_MD_CTL_TMPL,XC258P0,2,SEQ_NUM,ASC
CISADM,CI_MD_CTL_TMPL,XC258P0,3,TMPL_CD,ASC
CISADM,CI_MD_ELTY,XC910P0,1,ELEM_TYPE_CD,ASC
CISADM,CI_MD_ELTY_AT,XC911P0,1,ELEM_TYPE_CD,ASC
CISADM,CI_MD_ELTY_AT,XC911P0,2,AT_NAME,ASC
CISADM,CI_MD_ELTY_L,XC912P0,1,LANGUAGE_CD,ASC
CISADM,CI_MD_ELTY_L,XC912P0,2,ELEM_TYPE_CD,ASC
CISADM,CI_MD_FLD,XC904P0,1,FLD_NAME,ASC
CISADM,CI_MD_FLD_L,XC902P0,1,FLD_NAME,ASC
CISADM,CI_MD_FLD_L,XC902P0,2,LANGUAGE_CD,ASC
CISADM,CI_MD_IDX,F1C799P0,1,IDX_CD,ASC
CISADM,CI_MD_IDX_FLD,F1C800P0,1,IDX_CD,ASC
CISADM,CI_MD_IDX_FLD,F1C800P0,2,SEQ_NUM,ASC
CISADM,CI_MD_IDX_FLD,F1C800S1,1,IDX_CD,ASC
CISADM,CI_MD_IDX_FLD,F1C800S1,2,FLD_NAME,ASC
CISADM,CI_MD_LOOKUP_F,XC914P0,1,FIELD_NAME,ASC
CISADM,CI_MD_MENU,XC939P0,1,MENU_NAME,ASC
CISADM,CI_MD_MENU_IMOD,XC615P0,1,MENU_ITEM_ID,ASC
CISADM,CI_MD_MENU_IMOD,XC615P0,2,MODULE_FLG,ASC
CISADM,CI_MD_MENU_ITEM,XC941P0,1,MENU_ITEM_ID,ASC
CISADM,CI_MD_MENU_ITEM,XC941S1,1,MENU_LINE_ID,ASC
CISADM,CI_MD_MENU_ITEM,XC941S1,2,SEQ_NUM,ASC
CISADM,CI_MD_MENU_ITEM,XC941S2,1,SUB_MENU_NAME,ASC
CISADM,CI_MD_MENU_ITEM,XC941S3,1,NAV_OPT_CD,ASC
CISADM,CI_MD_MENU_ITEM_L,XC942P0,1,MENU_ITEM_ID,ASC
CISADM,CI_MD_MENU_ITEM_L,XC942P0,2,LANGUAGE_CD,ASC
CISADM,CI_MD_MENU_L,XC940P0,1,MENU_NAME,ASC
CISADM,CI_MD_MENU_L,XC940P0,2,LANGUAGE_CD,ASC
CISADM,CI_MD_MENU_LINE,XC944P0,1,MENU_LINE_ID,ASC
CISADM,CI_MD_MENU_LINE,XC944S1,1,MENU_NAME,ASC
CISADM,CI_MD_MENU_LINE_L,XC435P0,1,MENU_LINE_ID,ASC
CISADM,CI_MD_MENU_LINE_L,XC435P0,2,LANGUAGE_CD,ASC
CISADM,CI_MD_MENU_MOD,XC371P0,1,MENU_NAME,ASC
CISADM,CI_MD_MENU_MOD,XC371P0,2,MODULE_FLG,ASC
CISADM,CI_MD_MO,XC027P0,1,MAINT_OBJ_CD,ASC
CISADM,CI_MD_MO_ALG,FC048P0,1,MAINT_OBJ_CD,ASC
CISADM,CI_MD_MO_ALG,FC048P0,2,MAINT_OBJ_SEVT_FLG,ASC
CISADM,CI_MD_MO_ALG,FC048P0,3,SEQ_NUM,ASC
CISADM,CI_MD_MO_ALG,FC048P0,4,ALG_CD,ASC
CISADM,CI_MD_MO_L,XC048P0,1,MAINT_OBJ_CD,ASC
CISADM,CI_MD_MO_L,XC048P0,2,LANGUAGE_CD,ASC
CISADM,CI_MD_MO_OPT,FC040P0,1,MAINT_OBJ_CD,ASC
CISADM,CI_MD_MO_OPT,FC040P0,2,MAINT_OBJ_OPT_FLG,ASC
CISADM,CI_MD_MO_OPT,FC040P0,3,SEQ_NUM,ASC
CISADM,CI_MD_MO_OPT,FC040P0,4,MAINT_OBJ_OPT_VAL,ASC
CISADM,CI_MD_MO_TBL,XC079P0,1,MAINT_OBJ_CD,ASC
CISADM,CI_MD_MO_TBL,XC079P0,2,TBL_NAME,ASC
CISADM,CI_MD_MO_TBL,XC079S1,1,PRNT_CONST_ID,ASC
CISADM,CI_MD_MO_TBL,XC079S1,2,PRNT_OWNER_FLG,ASC
CISADM,CI_MD_MO_WRK,XC444P0,1,MAINT_OBJ_CD,ASC
CISADM,CI_MD_MO_WRK,XC444P0,2,WRK_TBL_NAME,ASC
CISADM,CI_MD_MSG,XC915P0,1,MD_MSG_ID,ASC
CISADM,CI_MD_MSG_L,XC916P0,1,MD_MSG_ID,ASC
CISADM,CI_MD_MSG_L,XC916P0,2,LANGUAGE_CD,ASC
CISADM,CI_MD_NAV,XC945P0,1,NAVIGATION_KEY,ASC
CISADM,CI_MD_NAV,XC945S1,1,PROG_COM_ID,ASC
CISADM,CI_MD_NAV,XC945S2,1,URL_LOC_FLG,ASC
CISADM,CI_MD_NAV,XC945S2,2,NAV_KEY_OVRD,ASC
CISADM,CI_MD_NAV,XC945S3,1,URL_LOC_FLG,ASC
CISADM,CI_MD_NAV,XC945S3,2,NAVIGATION_KEY,ASC
CISADM,CI_MD_NAV,XC945S4,1,NAV_KEY_OVRD,ASC
CISADM,CI_MD_PDF,XC463P0,1,PDF_CD,ASC
CISADM,CI_MD_PDF_VAL,XC464P0,1,PDF_CD,ASC
CISADM,CI_MD_PDF_VAL,XC464P0,2,PDF_VAL,ASC
CISADM,CI_MD_PDF_VAL,XC464P0,3,LANGUAGE_CD,ASC
CISADM,CI_MD_PRG_COM,XC917P0,1,PROG_COM_ID,ASC
CISADM,CI_MD_PRG_COM,XC917S1,1,PROG_COM_NAME,ASC
CISADM,CI_MD_PRG_COM,XC917S2,1,TMPL_CD,ASC
CISADM,CI_MD_PRG_COM,XC917S2,2,PROG_COM_ID,ASC
CISADM,CI_MD_PRG_ELEM,XC918P0,1,PROG_COM_ID,ASC
CISADM,CI_MD_PRG_ELEM,XC918P0,2,SEC_NAME,ASC
CISADM,CI_MD_PRG_ELEM,XC918P0,3,ELEM_NAME,ASC
CISADM,CI_MD_PRG_EL_AT,XC920P0,1,PROG_COM_ID,ASC
CISADM,CI_MD_PRG_EL_AT,XC920P0,2,SEC_NAME,ASC
CISADM,CI_MD_PRG_EL_AT,XC920P0,3,ELEM_NAME,ASC
CISADM,CI_MD_PRG_EL_AT,XC920P0,4,AT_NAME,ASC
CISADM,CI_MD_PRG_EL_AT,XC920P0,5,ATT_SEQ_NUM,ASC
CISADM,CI_MD_PRG_LOC,XC921P0,1,LOC_ID,ASC
CISADM,CI_MD_PRG_MOD,XC370P0,1,PROG_COM_ID,ASC
CISADM,CI_MD_PRG_MOD,XC370P0,2,MODULE_FLG,ASC
CISADM,CI_MD_PRG_SEC,XC922P0,1,PROG_COM_ID,ASC
CISADM,CI_MD_PRG_SEC,XC922P0,2,SEC_NAME,ASC
CISADM,CI_MD_PRG_SQL,XC906P0,1,PROG_COM_ID,ASC
CISADM,CI_MD_PRG_SQL,XC906P0,2,SQL_STMT_NAME,ASC
CISADM,CI_MD_PRG_SQL,XC906P0,3,STMT_TYPE_FLG,ASC
CISADM,CI_MD_PRG_TAB,XC923P0,1,PROG_COM_ID,ASC
CISADM,CI_MD_PRG_TAB,XC923P0,2,TAB_NAME,ASC
CISADM,CI_MD_PRG_TAB,XC923S1,1,URL,ASC
CISADM,CI_MD_PRG_VAR,XC926P0,1,PROG_COM_ID,ASC
CISADM,CI_MD_PRG_VAR,XC926P0,2,VAR_NAME,ASC
CISADM,CI_MD_PRG_VAR,XC926P0,3,VAR_SEQ_NUM,ASC
CISADM,CI_MD_RPT,XC392P0,1,REPORT_CD,ASC
CISADM,CI_MD_RPT_L,XC393P0,1,REPORT_CD,ASC
CISADM,CI_MD_RPT_L,XC393P0,2,LANGUAGE_CD,ASC
CISADM,CI_MD_RPT_LBL,XC396P0,1,REPORT_CD,ASC
CISADM,CI_MD_RPT_LBL,XC396P0,2,SEQ_NUM,ASC
CISADM,CI_MD_RPT_PARM,XC395P0,1,REPORT_CD,ASC
CISADM,CI_MD_RPT_PARM,XC395P0,2,SEQ_NUM,ASC
CISADM,CI_MD_RPT_PARM_L,XC397P0,1,REPORT_CD,ASC
CISADM,CI_MD_RPT_PARM_L,XC397P0,2,SEQ_NUM,ASC
CISADM,CI_MD_RPT_PARM_L,XC397P0,3,LANGUAGE_CD,ASC
CISADM,CI_MD_SO,XC445P0,1,SO_CD,ASC
CISADM,CI_MD_SOCG,XC449P0,1,SO_CD,ASC
CISADM,CI_MD_SOCG,XC449P0,2,SEARCH_TYPE_FLG,ASC
CISADM,CI_MD_SOCG_FLD,XC450P0,1,SO_CD,ASC
CISADM,CI_MD_SOCG_FLD,XC450P0,2,SEARCH_TYPE_FLG,ASC
CISADM,CI_MD_SOCG_FLD,XC450P0,3,FIELD_ALIAS,ASC
CISADM,CI_MD_SOCG_FLDAT,XC451P0,1,SO_CD,ASC
CISADM,CI_MD_SOCG_FLDAT,XC451P0,2,SEARCH_TYPE_FLG,ASC
CISADM,CI_MD_SOCG_FLDAT,XC451P0,3,FIELD_ALIAS,ASC
CISADM,CI_MD_SOCG_FLDAT,XC451P0,4,AT_NAME,ASC
CISADM,CI_MD_SOCG_FLDAT,XC451P0,5,ATT_SEQ_NUM,ASC
CISADM,CI_MD_SOCG_L,XC516P0,1,SO_CD,ASC
CISADM,CI_MD_SOCG_L,XC516P0,2,SEARCH_TYPE_FLG,ASC
CISADM,CI_MD_SOCG_L,XC516P0,3,LANGUAGE_CD,ASC
CISADM,CI_MD_SOCG_SORT,XC452P0,1,SO_CD,ASC
CISADM,CI_MD_SOCG_SORT,XC452P0,2,SEARCH_TYPE_FLG,ASC
CISADM,CI_MD_SOCG_SORT,XC452P0,3,FIELD_ALIAS,ASC
CISADM,CI_MD_SO_L,XC446P0,1,SO_CD,ASC
CISADM,CI_MD_SO_L,XC446P0,2,LANGUAGE_CD,ASC
CISADM,CI_MD_SO_RSFLD,XC447P0,1,SO_CD,ASC
CISADM,CI_MD_SO_RSFLD,XC447P0,2,FIELD_ALIAS,ASC
CISADM,CI_MD_SO_RSFLDAT,XC448P0,1,SO_CD,ASC
CISADM,CI_MD_SO_RSFLDAT,XC448P0,2,FIELD_ALIAS,ASC
CISADM,CI_MD_SO_RSFLDAT,XC448P0,3,AT_NAME,ASC
CISADM,CI_MD_SO_RSFLDAT,XC448P0,4,ATT_SEQ_NUM,ASC
CISADM,CI_MD_SRC_TYPE,XC927P0,1,SRC_TYPE_CD,ASC
CISADM,CI_MD_SRC_TYPE_L,XC928P0,1,SRC_TYPE_CD,ASC
CISADM,CI_MD_SRC_TYPE_L,XC928P0,2,LANGUAGE_CD,ASC
CISADM,CI_MD_SVC,XC929P0,1,SVC_NAME,ASC
CISADM,CI_MD_SVC_L,XC931P0,1,SVC_NAME,ASC
CISADM,CI_MD_SVC_L,XC931P0,2,LANGUAGE_CD,ASC
CISADM,CI_MD_SVC_PRG,XC932P0,1,SVC_NAME,ASC
CISADM,CI_MD_SVC_PRG,XC932P0,2,PROG_COM_ID,ASC
CISADM,CI_MD_SVC_PRG,XC932S1,1,PROG_COM_ID,ASC
CISADM,CI_MD_SVC_PRG,XC932S1,2,SVC_NAME,ASC
CISADM,CI_MD_TAB_MOD,XC369P0,1,PROG_COM_ID,ASC
CISADM,CI_MD_TAB_MOD,XC369P0,2,TAB_NAME,ASC
CISADM,CI_MD_TAB_MOD,XC369P0,3,MODULE_FLG,ASC
CISADM,CI_MD_TBL,XC905P0,1,TBL_NAME,ASC
CISADM,CI_MD_TBL,XC905S1,1,KEY_TBL_NAME,ASC
CISADM,CI_MD_TBL_ADDTL,F1C906P0,1,TBL_NAME,ASC
CISADM,CI_MD_TBL_FLD,XC903P0,1,TBL_NAME,ASC
CISADM,CI_MD_TBL_FLD,XC903P0,2,FLD_NAME,ASC
CISADM,CI_MD_TBL_FLD_L,XC901P0,1,TBL_NAME,ASC
CISADM,CI_MD_TBL_FLD_L,XC901P0,2,FLD_NAME,ASC
CISADM,CI_MD_TBL_FLD_L,XC901P0,3,LANGUAGE_CD,ASC
CISADM,CI_MD_TBL_L,XC900P0,1,TBL_NAME,ASC
CISADM,CI_MD_TBL_L,XC900P0,2,LANGUAGE_CD,ASC
CISADM,CI_MD_TMPL,XC935P0,1,TMPL_CD,ASC
CISADM,CI_MD_TMPL_ELTY,XC458P0,1,TMPL_CD,ASC
CISADM,CI_MD_TMPL_ELTY,XC458P0,2,ELEM_TYPE_CD,ASC
CISADM,CI_MD_TMPL_L,XC936P0,1,TMPL_CD,ASC
CISADM,CI_MD_TMPL_L,XC936P0,2,LANGUAGE_CD,ASC
CISADM,CI_MD_TMPL_VAR,XC937P0,1,TMPL_CD,ASC
CISADM,CI_MD_TMPL_VAR,XC937P0,2,VAR_NAME,ASC
CISADM,CI_MD_TMPL_VAR_L,XC938P0,1,TMPL_CD,ASC
CISADM,CI_MD_TMPL_VAR_L,XC938P0,2,VAR_NAME,ASC
CISADM,CI_MD_TMPL_VAR_L,XC938P0,3,LANGUAGE_CD,ASC
CISADM,CI_MD_TOOLREP_XML,XC726P0,1,OBJECT_NAME,ASC
CISADM,CI_MD_TOOLREP_XML,XC726P0,2,OBJECT_TYPE_FLG,ASC
CISADM,CI_MD_TOOLREP_XML,XC726P0,3,SEQ_NUM,ASC
CISADM,CI_MD_TOOL_REP,XC725P0,1,OBJECT_NAME,ASC
CISADM,CI_MD_TOOL_REP,XC725P0,2,OBJECT_TYPE_FLG,ASC
CISADM,CI_MD_VAR,XC459P0,1,VAR_NAME,ASC
CISADM,CI_MD_VAR_DTL,XC460P0,1,VAR_NAME,ASC
CISADM,CI_MD_VAR_DTL,XC460P0,2,SEQ_NUM,ASC
CISADM,CI_MD_VAR_DTL_L,XC461P0,1,VAR_NAME,ASC
CISADM,CI_MD_VAR_DTL_L,XC461P0,2,SEQ_NUM,ASC
CISADM,CI_MD_VAR_DTL_L,XC461P0,3,LANGUAGE_CD,ASC
CISADM,CI_MD_WRK_TBL,XC453P0,1,WRK_TBL_NAME,ASC
CISADM,CI_MD_WRK_TBLFLD,XC462P0,1,WRK_TBL_NAME,ASC
CISADM,CI_MD_WRK_TBLFLD,XC462P0,2,FLD_NAME,ASC
CISADM,CI_MD_WRK_TBL_L,XC454P0,1,WRK_TBL_NAME,ASC
CISADM,CI_MD_WRK_TBL_L,XC454P0,2,LANGUAGE_CD,ASC
CISADM,CI_MEVT_CAN_RSN,XC252P0,1,MEVT_CAN_RSN_CD,ASC
CISADM,CI_MEVT_CAN_RSN_L,XC253P0,1,MEVT_CAN_RSN_CD,ASC
CISADM,CI_MEVT_CAN_RSN_L,XC253P0,2,LANGUAGE_CD,ASC
CISADM,CI_MFG,XC130P0,1,MFG_CD,ASC
CISADM,CI_MFG_L,XC542P0,1,MFG_CD,ASC
CISADM,CI_MFG_L,XC542P0,2,LANGUAGE_CD,ASC
CISADM,CI_MKTMSG_TYPE,XC800P0,1,MKTMSG_TYPE_CD,ASC
CISADM,CI_MKTMSG_TYPE_ALG,XC801P0,1,MKTMSG_TYPE_CD,ASC
CISADM,CI_MKTMSG_TYPE_ALG,XC801P0,2,MKTMSG_TY_SEVT_FLG,ASC
CISADM,CI_MKTMSG_TYPE_ALG,XC801P0,3,SEQ_NUM,ASC
CISADM,CI_MKTMSG_TYPE_CHAR,XC802P0,1,MKTMSG_TYPE_CD,ASC
CISADM,CI_MKTMSG_TYPE_CHAR,XC802P0,2,CHAR_TYPE_CD,ASC
CISADM,CI_MKTMSG_TYPE_CHAR,XC802P0,3,SEQ_NUM,ASC
CISADM,CI_MKTMSG_TYPE_CHAR,XC802S1,1,SRCH_CHAR_VAL,ASC
CISADM,CI_MKTMSG_TYPE_L,XC803P0,1,MKTMSG_TYPE_CD,ASC
CISADM,CI_MKTMSG_TYPE_L,XC803P0,2,LANGUAGE_CD,ASC
CISADM,CI_MODEL,XC131P0,1,MFG_CD,ASC
CISADM,CI_MODEL,XC131P0,2,MODEL_CD,ASC
CISADM,CI_MODEL,XC131S1,1,SVC_TYPE_CD,ASC
CISADM,CI_MODEL,XC131S1,2,MFG_CD,ASC
CISADM,CI_MODEL,XC131S1,3,MODEL_CD,ASC
CISADM,CI_MODEL_L,XC543P0,1,MFG_CD,ASC
CISADM,CI_MODEL_L,XC543P0,2,MODEL_CD,ASC
CISADM,CI_MODEL_L,XC543P0,3,LANGUAGE_CD,ASC
CISADM,CI_MPL_EXC,XT818P0,1,MPL_EXC_ID,ASC
CISADM,CI_MR,XT132P0,1,MR_ID,ASC
CISADM,CI_MR,XT132S1,1,MTR_CONFIG_ID,ASC
CISADM,CI_MR,XT132S1,2,USE_ON_BILL_SW,ASC
CISADM,CI_MR,XT132S1,3,READ_DTTM,ASC
CISADM,CI_MR,XT132S1,4,MR_ID,ASC
CISADM,CI_MRR_STGE_UP,XT145P0,1,MR_STAGE_UP_ID,ASC
CISADM,CI_MRR_STGE_UP,XT145P0,2,READER_REM_CD,ASC
CISADM,CI_MR_CHAR,XT410P0,1,MR_ID,ASC
CISADM,CI_MR_CHAR,XT410P0,2,CHAR_TYPE_CD,ASC
CISADM,CI_MR_CHAR,XT410P0,3,SEQ_NUM,ASC
CISADM,CI_MR_CHAR,XT410S1,1,SRCH_CHAR_VAL,ASC
CISADM,CI_MR_CYC,XC133P0,1,MR_CYC_CD,ASC
CISADM,CI_MR_CYC_L,XC544P0,1,MR_CYC_CD,ASC
CISADM,CI_MR_CYC_L,XC544P0,2,LANGUAGE_CD,ASC
CISADM,CI_MR_INSTR,XC134P0,1,MR_INSTR_CD,ASC
CISADM,CI_MR_INSTR_L,XC545P0,1,MR_INSTR_CD,ASC
CISADM,CI_MR_INSTR_L,XC545P0,2,LANGUAGE_CD,ASC
CISADM,CI_MR_K,XT528P0,1,MR_ID,ASC
CISADM,CI_MR_K,XT528P0,2,ENV_ID,ASC
CISADM,CI_MR_REM,XT135P0,1,MR_ID,ASC
CISADM,CI_MR_REM,XT135P0,2,READER_REM_CD,ASC
CISADM,CI_MR_REM_ACTN,XC603P0,1,READER_REM_CD,ASC
CISADM,CI_MR_REM_ACTN,XC603P0,2,SEQNO,ASC
CISADM,CI_MR_REM_BMSG,XC160P0,1,READER_REM_CD,ASC
CISADM,CI_MR_REM_BMSG,XC160P0,2,BILL_MSG_CD,ASC
CISADM,CI_MR_REM_BMSG,XC160P0,3,START_DT,ASC
CISADM,CI_MR_REM_EXCP,XT024P0,1,MR_ID,ASC
CISADM,CI_MR_REM_EXCP,XT024P0,2,READER_REM_CD,ASC
CISADM,CI_MR_RTE,XC136P0,1,MR_CYC_CD,ASC
CISADM,CI_MR_RTE,XC136P0,2,MR_RTE_CD,ASC
CISADM,CI_MR_RTE,XC136S2,1,MR_RTE_TYPE_CD,ASC
CISADM,CI_MR_RTE,XC136S2,2,MR_CYC_CD,ASC
CISADM,CI_MR_RTE,XC136S2,3,MR_RTE_CD,ASC
CISADM,CI_MR_RTE_CHAR,XC791P0,1,MR_CYC_CD,ASC
CISADM,CI_MR_RTE_CHAR,XC791P0,2,MR_RTE_CD,ASC
CISADM,CI_MR_RTE_CHAR,XC791P0,3,CHAR_TYPE_CD,ASC
CISADM,CI_MR_RTE_CHAR,XC791P0,4,EFFDT,ASC
CISADM,CI_MR_RTE_CHAR,XC791S1,1,SRCH_CHAR_VAL,ASC
CISADM,CI_MR_RTE_L,XC546P0,1,MR_CYC_CD,ASC
CISADM,CI_MR_RTE_L,XC546P0,2,MR_RTE_CD,ASC
CISADM,CI_MR_RTE_L,XC546P0,3,LANGUAGE_CD,ASC
CISADM,CI_MR_RTE_SEC,C1C079P0,1,MR_CYC_CD,ASC
CISADM,CI_MR_RTE_SEC,C1C079P0,2,MR_RTE_CD,ASC
CISADM,CI_MR_RTE_SEC,C1C079P0,3,SEQNO,ASC
CISADM,CI_MR_RTE_TYPE,XC137P0,1,MR_RTE_TYPE_CD,ASC
CISADM,CI_MR_RTE_TYPE_L,XC547P0,1,MR_RTE_TYPE_CD,ASC
CISADM,CI_MR_RTE_TYPE_L,XC547P0,2,LANGUAGE_CD,ASC
CISADM,CI_MR_SCHED,XC138P0,1,MR_CYC_CD,ASC
CISADM,CI_MR_SCHED,XC138P0,2,SCHED_SEL_DT,ASC
CISADM,CI_MR_SCHED,XC138S1,1,SCHED_SEL_DT,ASC
CISADM,CI_MR_SCHED,XC138S1,2,MR_CYC_CD,ASC
CISADM,CI_MR_SCHED_RTE,XC139P0,1,MR_CYC_CD,ASC
CISADM,CI_MR_SCHED_RTE,XC139P0,2,SCHED_SEL_DT,ASC
CISADM,CI_MR_SCHED_RTE,XC139P0,3,MR_RTE_CD,ASC
CISADM,CI_MR_SCHED_RTE,XC139S2,1,MR_CYC_CD,ASC
CISADM,CI_MR_SCHED_RTE,XC139S2,2,MR_RTE_CD,ASC
CISADM,CI_MR_SOURCE,XC086P0,1,MR_SOURCE_CD,ASC
CISADM,CI_MR_SOURCE_L,XC087P0,1,MR_SOURCE_CD,ASC
CISADM,CI_MR_SOURCE_L,XC087P0,2,LANGUAGE_CD,ASC
CISADM,CI_MR_STAGE_DWN,XT140P0,1,MR_CYC_CD,ASC
CISADM,CI_MR_STAGE_DWN,XT140P0,2,SCHED_SEL_DT,ASC
CISADM,CI_MR_STAGE_DWN,XT140P0,3,MR_RTE_CD,ASC
CISADM,CI_MR_STAGE_DWN,XT140P0,4,SP_MTR_HIST_ID,ASC
CISADM,CI_MR_STAGE_DWN,XT140S1,1,SCHED_SEL_DT,ASC
CISADM,CI_MR_STAGE_DWN,XT140S1,2,MR_CYC_CD,ASC
CISADM,CI_MR_STAGE_DWN,XT140S2,1,BATCH_CD,ASC
CISADM,CI_MR_STAGE_DWN,XT140S2,2,BATCH_NBR,ASC
CISADM,CI_MR_STAGE_DWN,XT140S2,3,SP_MTR_HIST_ID,ASC
CISADM,CI_MR_STAGE_UP,XT141P0,1,MR_STAGE_UP_ID,ASC
CISADM,CI_MR_STAGE_UP,XT141S1,1,MR_UP_STATUS_FLG,ASC
CISADM,CI_MR_STAGE_UP,XT141S1,2,MTR_CONFIG_ID,ASC
CISADM,CI_MR_STAGE_UP,XT141S2,1,READ_DTTM,ASC
CISADM,CI_MR_STAGE_UP,XT141S2,2,MTR_ID_NBR,ASC
CISADM,CI_MR_STAGE_UP,XT141S2,3,MTR_ID_TYPE_CD,ASC
CISADM,CI_MR_STAGE_UP,XT141S3,1,BADGE_NBR,ASC
CISADM,CI_MR_STGUP_CHAR,XT411P0,1,MR_STAGE_UP_ID,ASC
CISADM,CI_MR_STGUP_CHAR,XT411P0,2,CHAR_TYPE_CD,ASC
CISADM,CI_MR_STGUP_CHAR,XT411P0,3,SEQ_NUM,ASC
CISADM,CI_MR_STGUP_CHAR,XT411S1,1,SRCH_CHAR_VAL,ASC
CISADM,CI_MR_STGUP_EXC,XT142P0,1,MR_STAGE_UP_ID,ASC
CISADM,CI_MR_WARN,XC009P0,1,MR_WARN_CD,ASC
CISADM,CI_MR_WARN_L,XC548P0,1,MR_WARN_CD,ASC
CISADM,CI_MR_WARN_L,XC548P0,2,LANGUAGE_CD,ASC
CISADM,CI_MSG,XC291P0,1,MESSAGE_CAT_NBR,ASC
CISADM,CI_MSG,XC291P0,2,MESSAGE_NBR,ASC
CISADM,CI_MSG_CATEGORY,XC292P0,1,MESSAGE_CAT_NBR,ASC
CISADM,CI_MSG_CATEGORY_L,XC549P0,1,MESSAGE_CAT_NBR,ASC
CISADM,CI_MSG_CATEGORY_L,XC549P0,2,LANGUAGE_CD,ASC
CISADM,CI_MSG_L,XC550P0,1,MESSAGE_CAT_NBR,ASC
CISADM,CI_MSG_L,XC550P0,2,MESSAGE_NBR,ASC
CISADM,CI_MSG_L,XC550P0,3,LANGUAGE_CD,ASC
CISADM,CI_MSG_LOG,XT300P0,1,SCHEDULER_ID,ASC
CISADM,CI_MSG_LOG,XT300P0,2,MESSAGE_SEQ,ASC
CISADM,CI_MSG_LOG,XT300S1,1,MESSAGE_SEQ,ASC
CISADM,CI_MSG_LOG,XT300S1,2,PROGRAM_NAME,ASC
CISADM,CI_MSG_LOGPARM,XT301P0,1,SCHEDULER_ID,ASC
CISADM,CI_MSG_LOGPARM,XT301P0,2,MESSAGE_SEQ,ASC
CISADM,CI_MSG_LOGPARM,XT301P0,3,PARM_SEQ,ASC
CISADM,CI_MSG_LOG_PK,XT302P0,1,SCHEDULER_ID,ASC
CISADM,CI_MSG_LOG_PK,XT302P0,2,MESSAGE_SEQ,ASC
CISADM,CI_MSG_LOG_PK,XT302P0,3,PK_SEQ,ASC
CISADM,CI_MTR,XM146P0,1,MTR_ID,ASC
CISADM,CI_MTR,XM146S1,1,BADGE_NBR,ASC
CISADM,CI_MTR,XM146S2,1,SERIAL_NBR,ASC
CISADM,CI_MTR,XM146S3,1,MTR_TYPE_CD,ASC
CISADM,CI_MTR,XM146S3,2,MFG_CD,ASC
CISADM,CI_MTR,XM146S3,3,MODEL_CD,ASC
CISADM,CI_MTR_CFGTY_RL,XC219P0,1,MTR_CONFIG_TY_CD,ASC
CISADM,CI_MTR_CFGTY_RL,XC219P0,2,UOM_CD,ASC
CISADM,CI_MTR_CFGTY_RL,XC219P0,3,TOU_CD,ASC
CISADM,CI_MTR_CFGTY_RL,XC219P0,4,INTV_REG_TYPE_CD,ASC
CISADM,CI_MTR_CHAR,C1M005S1,1,SRCH_CHAR_VAL,ASC
CISADM,CI_MTR_CHAR,XM147P0,1,MTR_ID,ASC
CISADM,CI_MTR_CHAR,XM147P0,2,CHAR_TYPE_CD,ASC
CISADM,CI_MTR_CHAR,XM147P0,3,EFFDT,ASC
CISADM,CI_MTR_CONFIG,XM143P0,1,MTR_CONFIG_ID,ASC
CISADM,CI_MTR_CONFIG,XM143S1,1,MTR_ID,ASC
CISADM,CI_MTR_CONFIG,XM143S1,2,EFF_DTTM,ASC
CISADM,CI_MTR_CONFIG_K,XM507P0,1,MTR_CONFIG_ID,ASC
CISADM,CI_MTR_CONFIG_K,XM507P0,2,ENV_ID,ASC
CISADM,CI_MTR_CONFIG_TY,XC216P0,1,MTR_CONFIG_TY_CD,ASC
CISADM,CI_MTR_CONFIG_TY_L,XC217P0,1,MTR_CONFIG_TY_CD,ASC
CISADM,CI_MTR_CONFIG_TY_L,XC217P0,2,LANGUAGE_CD,ASC
CISADM,CI_MTR_EQ,XM002P0,1,MTR_ID,ASC
CISADM,CI_MTR_EQ,XM002P0,2,ITEM_ID_EQ,ASC
CISADM,CI_MTR_EQ,XM002P0,3,INSTALL_DT,ASC
CISADM,CI_MTR_EQ,XM002S1,1,ITEM_ID_EQ,ASC
CISADM,CI_MTR_ID,XM144P0,1,MTR_ID,ASC
CISADM,CI_MTR_ID,XM144P0,2,MTR_ID_TYPE_CD,ASC
CISADM,CI_MTR_ID,XM144S1,1,MTR_ID_TYPE_CD,ASC
CISADM,CI_MTR_ID,XM144S1,2,MTR_ID_NBR,ASC
CISADM,CI_MTR_ID_TYPE,XC011P0,1,MTR_ID_TYPE_CD,ASC
CISADM,CI_MTR_ID_TYPE_L,XC551P0,1,MTR_ID_TYPE_CD,ASC
CISADM,CI_MTR_ID_TYPE_L,XC551P0,2,LANGUAGE_CD,ASC
CISADM,CI_MTR_K,XM506P0,1,MTR_ID,ASC
CISADM,CI_MTR_K,XM506P0,2,ENV_ID,ASC
CISADM,CI_MTR_LOC,XC149P0,1,MTR_LOC_CD,ASC
CISADM,CI_MTR_LOC_HIS,XT274P0,1,MTR_LOC_HIST_ID,ASC
CISADM,CI_MTR_LOC_HIS,XT274S1,1,MTR_ID,ASC
CISADM,CI_MTR_LOC_HIS,XT274S1,2,LOC_DTTM,ASC
CISADM,CI_MTR_LOC_HIS,XT274S2,1,STK_LOC_CD,ASC
CISADM,CI_MTR_LOC_HIS,XT274S2,2,LOC_DTTM,ASC
CISADM,CI_MTR_LOC_HIS_K,XM277P0,1,MTR_LOC_HIST_ID,ASC
CISADM,CI_MTR_LOC_HIS_K,XM277P0,2,ENV_ID,ASC
CISADM,CI_MTR_LOC_L,XC552P0,1,MTR_LOC_CD,ASC
CISADM,CI_MTR_LOC_L,XC552P0,2,LANGUAGE_CD,ASC
CISADM,CI_MTR_STK_LOC,C1T101P0,1,MTR_ID,ASC
CISADM,CI_MTR_STK_LOC,C1T101S0,1,STK_LOC_CD,ASC
CISADM,CI_MTR_STK_LOC,C1T101S0,2,MTR_ID,ASC
CISADM,CI_MTR_TYPE,XC152P0,1,MTR_TYPE_CD,ASC
CISADM,CI_MTR_TYPE,XC152S1,1,SVC_TYPE_CD,ASC
CISADM,CI_MTR_TYPE,XC152S1,2,MTR_TYPE_CD,ASC
CISADM,CI_MTR_TYPE_EQ,XC091P0,1,MTR_TYPE_CD,ASC
CISADM,CI_MTR_TYPE_EQ,XC091P0,2,ITEM_TYPE_CD_EQ,ASC
CISADM,CI_MTR_TYPE_L,XC553P0,1,MTR_TYPE_CD,ASC
CISADM,CI_MTR_TYPE_L,XC553P0,2,LANGUAGE_CD,ASC
CISADM,CI_MTR_TYP_CHAR,XC151P0,1,MTR_TYPE_CD,ASC
CISADM,CI_MTR_TYP_CHAR,XC151P0,2,CHAR_TYPE_CD,ASC
CISADM,CI_MTR_TYP_CHAR,XC151P0,3,SEQ_NUM,ASC
CISADM,CI_MTR_TYP_CHAR,XC151S1,1,CHAR_TYPE_CD,ASC
CISADM,CI_MTR_TY_CFGTY,XC199P0,1,MTR_TYPE_CD,ASC
CISADM,CI_MTR_TY_CFGTY,XC199P0,2,MTR_CONFIG_TY_CD,ASC
CISADM,CI_MULT_ITEM,XM153P0,1,SP_ID,ASC
CISADM,CI_MULT_ITEM,XM153P0,2,EFFDT,ASC
CISADM,CI_MULT_ITEM,XM153P0,3,ITEM_TYPE_CD,ASC
CISADM,CI_NAV_OPT,XC682P0,1,NAV_OPT_CD,ASC
CISADM,CI_NAV_OPT,XC682S1,1,SEARCH_NAV_KEY,ASC
CISADM,CI_NAV_OPT,XC682S2,1,TARGET_NAV_KEY,ASC
CISADM,CI_NAV_OPT_CTXT,XC684P0,1,NAV_OPT_CD,ASC
CISADM,CI_NAV_OPT_CTXT,XC684P0,2,FLD_NAME,ASC
CISADM,CI_NAV_OPT_L,XC683P0,1,NAV_OPT_CD,ASC
CISADM,CI_NAV_OPT_L,XC683P0,2,LANGUAGE_CD,ASC
CISADM,CI_NAV_OPT_USG,XC465P0,1,NAV_OPT_CD,ASC
CISADM,CI_NAV_OPT_USG,XC465P0,2,NAV_OPT_USAGE_FLG,ASC
CISADM,CI_NB_RULE,XC430P0,1,NB_RULE_CD,ASC
CISADM,CI_NB_RULE_L,XC431P0,1,NB_RULE_CD,ASC
CISADM,CI_NB_RULE_L,XC431P0,2,LANGUAGE_CD,ASC
CISADM,CI_NB_RULE_PARM,XC433P0,1,NB_RULE_CD,ASC
CISADM,CI_NB_RULE_PARM,XC433P0,2,EFFDT,ASC
CISADM,CI_NB_RULE_PARM,XC433P0,3,SEQNO,ASC
CISADM,CI_NB_RULE_VER,XC432P0,1,NB_RULE_CD,ASC
CISADM,CI_NB_RULE_VER,XC432P0,2,EFFDT,ASC
CISADM,CI_NB_SA,XM244P0,1,SA_ID,ASC
CISADM,CI_NB_SA,XM244P0,2,CVRD_SA_ID,ASC
CISADM,CI_NB_SA,XM244S1,1,CVRD_SA_ID,ASC
CISADM,CI_NB_SA,XM244S1,2,SA_ID,ASC
CISADM,CI_NB_SCHED_PAY,XM301P0,1,NB_SCHED_PAY_ID,ASC
CISADM,CI_NB_SCHED_PAY,XM301S1,1,SA_ID,ASC
CISADM,CI_NB_SCHED_PAY,XM301S1,2,NB_SCHED_PAY_DT,ASC
CISADM,CI_NB_SCHED_PAY,XM301S2,1,APAY_CLR_ID,ASC
CISADM,CI_NB_SCHED_PAY_K,XM010P0,1,NB_SCHED_PAY_ID,ASC
CISADM,CI_NB_SCHED_PAY_K,XM010P0,2,ENV_ID,ASC
CISADM,CI_NCD,XT025P0,1,ACCT_ID,ASC
CISADM,CI_NCD,XT025P0,2,SEQNO,ASC
CISADM,CI_NCD_TYPE,XC094P0,1,NCD_TYPE_CD,ASC
CISADM,CI_NCD_TYPE_L,XC095P0,1,NCD_TYPE_CD,ASC
CISADM,CI_NCD_TYPE_L,XC095P0,2,LANGUAGE_CD,ASC
CISADM,CI_NT_DNTY_CTXT,XC600P0,1,NT_DWN_TYPE_CD,ASC
CISADM,CI_NT_DNTY_CTXT,XC600P0,2,NT_DWN_CTXT_FLG,ASC
CISADM,CI_NT_DNTY_CTXT,XC600P0,3,CTXT_VAL,ASC
CISADM,CI_NT_DWN,XT026P0,1,NT_DWN_ID,ASC
CISADM,CI_NT_DWN,XT026S1,1,NT_DWN_BATCH_CD,ASC
CISADM,CI_NT_DWN,XT026S1,2,NT_DWN_BATCH_NBR,ASC
CISADM,CI_NT_DWN,XT026S2,1,NT_XID_CD,ASC
CISADM,CI_NT_DWN,XT026S3,1,NT_PROC_METH_FLG,ASC
CISADM,CI_NT_DWN,XT026S3,2,NT_DWN_STATUS_FLG,ASC
CISADM,CI_NT_DWN,XT026S4,1,NT_DWN_STATUS_FLG,ASC
CISADM,CI_NT_DWN,XT026S4,2,NT_DWN_ID,ASC
CISADM,CI_NT_DWN,XT026S5,1,SPR_CD,ASC
CISADM,CI_NT_DWN,XT026S5,2,CRE_DTTM,ASC
CISADM,CI_NT_DWN_CHAR,XT190P0,1,NT_DWN_ID,ASC
CISADM,CI_NT_DWN_CHAR,XT190P0,2,CHAR_TYPE_CD,ASC
CISADM,CI_NT_DWN_CHAR,XT190P0,3,SEQ_NUM,ASC
CISADM,CI_NT_DWN_CHAR,XT190S1,1,SRCH_CHAR_VAL,ASC
CISADM,CI_NT_DWN_CTXT,XT027P0,1,NT_DWN_ID,ASC
CISADM,CI_NT_DWN_CTXT,XT027P0,2,NT_DWN_CTXT_FLG,ASC
CISADM,CI_NT_DWN_CTXT,XT027P0,3,CTXT_VAL,ASC
CISADM,CI_NT_DWN_CTXT,XT027S1,1,CTXT_VAL,ASC
CISADM,CI_NT_DWN_CTXT,XT027S1,2,NT_DWN_CTXT_FLG,ASC
CISADM,CI_NT_DWN_EXC,XT034P0,1,NT_DWN_ID,ASC
CISADM,CI_NT_DWN_EXP,XT403P0,1,NT_DWN_ID,ASC
CISADM,CI_NT_DWN_EXP,XT403P0,2,PARM_SEQ,ASC
CISADM,CI_NT_DWN_FORM,XC096P0,1,NT_DWN_PROF_CD,ASC
CISADM,CI_NT_DWN_FORM,XC096P0,2,NT_DWN_TYPE_CD,ASC
CISADM,CI_NT_DWN_FORM_L,XC097P0,1,LANGUAGE_CD,ASC
CISADM,CI_NT_DWN_FORM_L,XC097P0,2,NT_DWN_PROF_CD,ASC
CISADM,CI_NT_DWN_FORM_L,XC097P0,3,NT_DWN_TYPE_CD,ASC
CISADM,CI_NT_DWN_K,XT530P0,1,NT_DWN_ID,ASC
CISADM,CI_NT_DWN_K,XT530P0,2,ENV_ID,ASC
CISADM,CI_NT_DWN_PROF,XC041P0,1,NT_DWN_PROF_CD,ASC
CISADM,CI_NT_DWN_PROF_L,XC554P0,1,LANGUAGE_CD,ASC
CISADM,CI_NT_DWN_PROF_L,XC554P0,2,NT_DWN_PROF_CD,ASC
CISADM,CI_NT_DWN_TYPE,XC110P0,1,NT_DWN_TYPE_CD,ASC
CISADM,CI_NT_DWN_TYPE_L,XC112P0,1,LANGUAGE_CD,ASC
CISADM,CI_NT_DWN_TYPE_L,XC112P0,2,NT_DWN_TYPE_CD,ASC
CISADM,CI_NT_UP,XT030P0,1,NT_UP_ID,ASC
CISADM,CI_NT_UP,XT030S2,1,NT_UP_STAT_FLG,ASC
CISADM,CI_NT_UP,XT030S2,2,CRE_DTTM,ASC
CISADM,CI_NT_UP_CHAR,XT148P0,1,NT_UP_ID,ASC
CISADM,CI_NT_UP_CHAR,XT148P0,2,CHAR_TYPE_CD,ASC
CISADM,CI_NT_UP_CHAR,XT148P0,3,SEQ_NUM,ASC
CISADM,CI_NT_UP_CHAR,XT148S1,1,CHAR_VAL_FK1,ASC
CISADM,CI_NT_UP_CHAR,XT148S1,2,CHAR_TYPE_CD,ASC
CISADM,CI_NT_UP_CHAR,XT148S2,1,ADHOC_CHAR_VAL,ASC
CISADM,CI_NT_UP_CHAR,XT148S2,2,CHAR_TYPE_CD,ASC
CISADM,CI_NT_UP_CTXT,XT401P0,1,NT_UP_ID,ASC
CISADM,CI_NT_UP_CTXT,XT401P0,2,NT_UP_CTXT_FLG,ASC
CISADM,CI_NT_UP_CTXT,XT401P0,3,CTXT_VAL,ASC
CISADM,CI_NT_UP_EXCP,XT031P0,1,NT_UP_ID,ASC
CISADM,CI_NT_UP_XSPL,XT032P0,1,NT_UP_ID,ASC
CISADM,CI_NT_UP_XTYPE,XC113P0,1,NT_UP_XTYPE_CD,ASC
CISADM,CI_NT_UP_XTYPE_L,XC118P0,1,LANGUAGE_CD,ASC
CISADM,CI_NT_UP_XTYPE_L,XC118P0,2,NT_UP_XTYPE_CD,ASC
CISADM,CI_NT_XID,XC049P0,1,NT_XID_CD,ASC
CISADM,CI_NT_XID_L,XC555P0,1,LANGUAGE_CD,ASC
CISADM,CI_NT_XID_L,XC555P0,2,NT_XID_CD,ASC
CISADM,CI_OD_EVT,XT318P0,1,OD_PROC_ID,ASC
CISADM,CI_OD_EVT,XT318P0,2,EVT_SEQ,ASC
CISADM,CI_OD_EVT_DEP,XT319P0,1,OD_PROC_ID,ASC
CISADM,CI_OD_EVT_DEP,XT319P0,2,EVT_SEQ,ASC
CISADM,CI_OD_EVT_DEP,XT319P0,3,SEQ_NUM,ASC
CISADM,CI_OD_EVT_TYPE,XC762P0,1,OD_EVT_TYPE_CD,ASC
CISADM,CI_OD_EVT_TYPE_ALG,XC764P0,1,OD_EVT_TYPE_CD,ASC
CISADM,CI_OD_EVT_TYPE_ALG,XC764P0,2,OD_EVT_TY_SEVT_FLG,ASC
CISADM,CI_OD_EVT_TYPE_ALG,XC764P0,3,SEQ_NUM,ASC
CISADM,CI_OD_EVT_TYPE_L,XC763P0,1,OD_EVT_TYPE_CD,ASC
CISADM,CI_OD_EVT_TYPE_L,XC763P0,2,LANGUAGE_CD,ASC
CISADM,CI_OD_PROC,XT315P0,1,OD_PROC_ID,ASC
CISADM,CI_OD_PROC,XT315S1,1,ACCT_ID,ASC
CISADM,CI_OD_PROC,XT315S1,2,OD_STATUS_FLG,ASC
CISADM,CI_OD_PROC_K,XT316P0,1,OD_PROC_ID,ASC
CISADM,CI_OD_PROC_K,XT316P0,2,ENV_ID,ASC
CISADM,CI_OD_PROC_LOG,XT320P0,1,OD_PROC_ID,ASC
CISADM,CI_OD_PROC_LOG,XT320P0,2,LOG_SEQ,ASC
CISADM,CI_OD_PROC_LOG,XT320S1,1,CHAR_TYPE_CD,ASC
CISADM,CI_OD_PROC_LOG,XT320S1,2,CHAR_VAL_FK1,ASC
CISADM,CI_OD_PROC_LOGPARM,XT321P0,1,OD_PROC_ID,ASC
CISADM,CI_OD_PROC_LOGPARM,XT321P0,2,LOG_SEQ,ASC
CISADM,CI_OD_PROC_LOGPARM,XT321P0,3,PARM_SEQ,ASC
CISADM,CI_OD_PROC_OBJ,XT317P0,1,OD_PROC_ID,ASC
CISADM,CI_OD_PROC_OBJ,XT317P0,2,SEQ_NUM,ASC
CISADM,CI_OD_PROC_TMP,XC757P0,1,OD_PROC_TMP_CD,ASC
CISADM,CI_OD_PROC_TMP_ALG,XC761P0,1,OD_PROC_TMP_CD,ASC
CISADM,CI_OD_PROC_TMP_ALG,XC761P0,2,OD_PR_TMP_SEVT_FLG,ASC
CISADM,CI_OD_PROC_TMP_ALG,XC761P0,3,SEQ_NUM,ASC
CISADM,CI_OD_PROC_TMP_L,XC758P0,1,OD_PROC_TMP_CD,ASC
CISADM,CI_OD_PROC_TMP_L,XC758P0,2,LANGUAGE_CD,ASC
CISADM,CI_OD_RESP,XC759P0,1,OD_PROC_TMP_CD,ASC
CISADM,CI_OD_RESP,XC759P0,2,EVT_SEQ,ASC
CISADM,CI_OD_RESP_DEP,XC760P0,1,OD_PROC_TMP_CD,ASC
CISADM,CI_OD_RESP_DEP,XC760P0,2,EVT_SEQ,ASC
CISADM,CI_OD_RESP_DEP,XC760P0,3,SEQ_NUM,ASC
CISADM,CI_OD_RULE_ALG,XC765P0,1,COLL_CL_CD,ASC
CISADM,CI_OD_RULE_ALG,XC765P0,2,CIS_DIVISION,ASC
CISADM,CI_OD_RULE_ALG,XC765P0,3,CURRENCY_CD,ASC
CISADM,CI_OD_RULE_ALG,XC765P0,4,OD_RULE_SEVT_FLG,ASC
CISADM,CI_OD_RULE_ALG,XC765P0,5,SEQ_NUM,ASC
CISADM,CI_OEVT_CAN_RSN,XC766P0,1,OEVT_CAN_RSN_CD,ASC
CISADM,CI_OEVT_CAN_RSN_L,XC767P0,1,OEVT_CAN_RSN_CD,ASC
CISADM,CI_OEVT_CAN_RSN_L,XC767P0,2,LANGUAGE_CD,ASC
CISADM,CI_OP_AREA,XC155P0,1,OP_AREA_CD,ASC
CISADM,CI_OP_AREA_L,XC556P0,1,OP_AREA_CD,ASC
CISADM,CI_OP_AREA_L,XC556P0,2,LANGUAGE_CD,ASC
CISADM,CI_PAY,XT156P0,1,PAY_ID,ASC
CISADM,CI_PAY,XT156S1,1,ACCT_ID,ASC
CISADM,CI_PAY,XT156S2,1,PAY_EVENT_ID,ASC
CISADM,CI_PAY,XT156S3,1,PAY_AMT,ASC
CISADM,CI_PAY,XT156S3,2,PAY_ID,ASC
CISADM,CI_PAY_CAN_RSN,XC157P0,1,CAN_RSN_CD,ASC
CISADM,CI_PAY_CAN_RSN_L,XC557P0,1,CAN_RSN_CD,ASC
CISADM,CI_PAY_CAN_RSN_L,XC557P0,2,LANGUAGE_CD,ASC
CISADM,CI_PAY_CHAR,XT412P0,1,PAY_ID,ASC
CISADM,CI_PAY_CHAR,XT412P0,2,CHAR_TYPE_CD,ASC
CISADM,CI_PAY_CHAR,XT412P0,3,SEQ_NUM,ASC
CISADM,CI_PAY_CHAR,XT412S1,1,SRCH_CHAR_VAL,ASC
CISADM,CI_PAY_EVENT,XT159P0,1,PAY_EVENT_ID,ASC
CISADM,CI_PAY_EVENT,XT159S1,1,PAY_EVENT_ID,ASC
CISADM,CI_PAY_EVENT,XT159S1,2,PAY_DT,ASC
CISADM,CI_PAY_EVENT,XT159S2,1,DOC_ID,ASC
CISADM,CI_PAY_EVENT,XT159S2,2,PAY_EVENT_ID,ASC
CISADM,CI_PAY_EVENT_K,XT533P0,1,PAY_EVENT_ID,ASC
CISADM,CI_PAY_EVENT_K,XT533P0,2,ENV_ID,ASC
CISADM,CI_PAY_EVT_CHAR,XT244P0,1,PAY_EVENT_ID,ASC
CISADM,CI_PAY_EVT_CHAR,XT244P0,2,CHAR_TYPE_CD,ASC
CISADM,CI_PAY_EVT_CHAR,XT244P0,3,SEQ_NUM,ASC
CISADM,CI_PAY_EVT_CHAR,XT244S1,1,SRCH_CHAR_VAL,ASC
CISADM,CI_PAY_EVT_EXCP,XT161P0,1,PAY_EVENT_ID,ASC
CISADM,CI_PAY_EXCP,XT163P0,1,PAY_ID,ASC
CISADM,CI_PAY_K,XT532P0,1,PAY_ID,ASC
CISADM,CI_PAY_K,XT532P0,2,ENV_ID,ASC
CISADM,CI_PAY_METH,XC227P0,1,PAY_METH_CD,ASC
CISADM,CI_PAY_METH_L,XC228P0,1,PAY_METH_CD,ASC
CISADM,CI_PAY_METH_L,XC228P0,2,LANGUAGE_CD,ASC
CISADM,CI_PAY_SEG,XT165P0,1,PAY_SEG_ID,ASC
CISADM,CI_PAY_SEG,XT165S1,1,PAY_ID,ASC
CISADM,CI_PAY_SEG,XT165S2,1,SA_ID,ASC
CISADM,CI_PAY_SEG_K,XT534P0,1,PAY_SEG_ID,ASC
CISADM,CI_PAY_SEG_K,XT534P0,2,ENV_ID,ASC
CISADM,CI_PAY_SEG_TYPE,XC166P0,1,PAY_SEG_TYPE_CD,ASC
CISADM,CI_PAY_SEG_TYPE_L,XC558P0,1,PAY_SEG_TYPE_CD,ASC
CISADM,CI_PAY_SEG_TYPE_L,XC558P0,2,LANGUAGE_CD,ASC
CISADM,CI_PAY_ST,XT167P0,1,EXT_SOURCE_ID,ASC
CISADM,CI_PAY_ST,XT167P0,2,EXT_TRANSMIT_ID,ASC
CISADM,CI_PAY_ST,XT167P0,3,EXT_BATCH_ID,ASC
CISADM,CI_PAY_ST,XT167P0,4,EXT_REFERENCE_ID,ASC
CISADM,CI_PAY_ST,XT167P0,5,CUST_ID,ASC
CISADM,CI_PAY_ST,XT167P0,6,MATCH_TYPE_CD,ASC
CISADM,CI_PAY_ST,XT167P0,7,MATCH_VAL,ASC
CISADM,CI_PAY_ST,XT167S1,1,EXT_REFERENCE_ID,ASC
CISADM,CI_PAY_TMPL,XC743P0,1,PAY_TMPL_CD,ASC
CISADM,CI_PAY_TMPL_L,XC744P0,1,PAY_TMPL_CD,ASC
CISADM,CI_PAY_TMPL_L,XC744P0,2,LANGUAGE_CD,ASC
CISADM,CI_PAY_TNDR,XT265P0,1,PAY_TENDER_ID,ASC
CISADM,CI_PAY_TNDR,XT265S1,1,MICR_ID,ASC
CISADM,CI_PAY_TNDR,XT265S2,1,TENDER_AMT,ASC
CISADM,CI_PAY_TNDR,XT265S2,2,PAY_TENDER_ID,ASC
CISADM,CI_PAY_TNDR,XT265S3,1,PAY_EVENT_ID,ASC
CISADM,CI_PAY_TNDR,XT265S4,1,PAYOR_ACCT_ID,ASC
CISADM,CI_PAY_TNDR,XT265S4,2,TENDER_AMT,ASC
CISADM,CI_PAY_TNDR,XT265S5,1,TNDR_CTL_ID,ASC
CISADM,CI_PAY_TNDR,XT265S5,2,PAY_EVENT_ID,ASC
CISADM,CI_PAY_TNDR,XT265S6,1,ADJ_ID,ASC
CISADM,CI_PAY_TNDR,XT265S7,1,HASH_MICR_ID,ASC
CISADM,CI_PAY_TNDR,XT265S7,2,PAY_TENDER_ID,ASC
CISADM,CI_PAY_TNDR_CHAR,XT413P0,1,PAY_TENDER_ID,ASC
CISADM,CI_PAY_TNDR_CHAR,XT413P0,2,CHAR_TYPE_CD,ASC
CISADM,CI_PAY_TNDR_CHAR,XT413P0,3,SEQ_NUM,ASC
CISADM,CI_PAY_TNDR_CHAR,XT413S1,1,SRCH_CHAR_VAL,ASC
CISADM,CI_PAY_TNDR_K,XT535P0,1,PAY_TENDER_ID,ASC
CISADM,CI_PAY_TNDR_K,XT535P0,2,ENV_ID,ASC
CISADM,CI_PAY_TNDR_ST,XT168P0,1,EXT_SOURCE_ID,ASC
CISADM,CI_PAY_TNDR_ST,XT168P0,2,EXT_TRANSMIT_ID,ASC
CISADM,CI_PAY_TNDR_ST,XT168P0,3,EXT_BATCH_ID,ASC
CISADM,CI_PAY_TNDR_ST,XT168P0,4,EXT_REFERENCE_ID,ASC
CISADM,CI_PAY_TNDR_ST,XT168S1,1,PAY_TENDER_ID,ASC
CISADM,CI_PAY_TNDR_ST,XT168S2,1,EXT_REFERENCE_ID,ASC
CISADM,CI_PAY_TNDR_ST,XT168S3,1,TENDER_AMT,ASC
CISADM,CI_PAY_TNDR_ST,XT168S3,2,CUST_ID,ASC
CISADM,CI_PAY_TNDR_ST,XT168S4,1,NAME1,ASC
CISADM,CI_PAY_TNDR_ST,XT168S4,2,CUST_ID,ASC
CISADM,CI_PAY_TNDR_ST,XT168S5,1,CHECK_NBR,ASC
CISADM,CI_PAY_TNDR_ST,XT168S5,2,CUST_ID,ASC
CISADM,CI_PAY_TNDR_ST,XT168S6,1,CUST_ID,ASC
CISADM,CI_PAY_TNDR_ST_CHAR,CI_CXT169P0,1,EXT_SOURCE_ID,ASC
CISADM,CI_PAY_TNDR_ST_CHAR,CI_CXT169P0,2,EXT_TRANSMIT_ID,ASC
CISADM,CI_PAY_TNDR_ST_CHAR,CI_CXT169P0,3,EXT_BATCH_ID,ASC
CISADM,CI_PAY_TNDR_ST_CHAR,CI_CXT169P0,4,EXT_REFERENCE_ID,ASC
CISADM,CI_PAY_TNDR_ST_CHAR,CI_CXT169P0,5,PAY_CHAR_ENT_FLG,ASC
CISADM,CI_PAY_TNDR_ST_CHAR,CI_CXT169P0,6,CHAR_TYPE_CD,ASC
CISADM,CI_PAY_TNDR_ST_CHAR,CI_CXT169P0,7,SEQ_NUM,ASC
CISADM,CI_PER,XM169P0,1,PER_ID,ASC
CISADM,CI_PER_ADDR_OVRD,XM230P0,1,ACCT_ID,ASC
CISADM,CI_PER_ADDR_OVRD,XM230P0,2,PER_ID,ASC
CISADM,CI_PER_ADDR_SEAS,XM235P0,1,PER_ID,ASC
CISADM,CI_PER_ADDR_SEAS,XM235P0,2,SEQ_NUM,ASC
CISADM,CI_PER_CHAR,C1M004S1,1,SRCH_CHAR_VAL,ASC
CISADM,CI_PER_CHAR,XM168P0,1,PER_ID,ASC
CISADM,CI_PER_CHAR,XM168P0,2,CHAR_TYPE_CD,ASC
CISADM,CI_PER_CHAR,XM168P0,3,EFFDT,ASC
CISADM,CI_PER_ID,XM170P0,1,PER_ID,ASC
CISADM,CI_PER_ID,XM170P0,2,ID_TYPE_CD,ASC
CISADM,CI_PER_ID,XM170S1,1,PER_ID_NBR,ASC
CISADM,CI_PER_ID,XM170S1,2,ID_TYPE_CD,ASC
CISADM,CI_PER_ID,XM170S2,1,HASH_PER_ID_NBR,ASC
CISADM,CI_PER_ID,XM170S2,2,ID_TYPE_CD,ASC
CISADM,CI_PER_ID,XM170S2,3,PER_ID,ASC
CISADM,CI_PER_K,XM508P0,1,PER_ID,ASC
CISADM,CI_PER_K,XM508P0,2,ENV_ID,ASC
CISADM,CI_PER_NAME,XM171P0,1,PER_ID,ASC
CISADM,CI_PER_NAME,XM171P0,2,SEQ_NUM,ASC
CISADM,CI_PER_NAME,XM171S1,1,ENTITY_NAME_UPR,ASC
CISADM,CI_PER_NAME,XM171S1,2,PER_ID,ASC
CISADM,CI_PER_NAME,XM171S1,3,SEQ_NUM,ASC
CISADM,CI_PER_NAME,XM171S2,1,PER_ID,ASC
CISADM,CI_PER_NAME,XM171S2,2,NAME_TYPE_FLG,ASC
CISADM,CI_PER_NAME,XM171S2,3,ENTITY_NAME,ASC
CISADM,CI_PER_NAME,XM171S3,1,ENTITY_NAME_UPR,ASC
CISADM,CI_PER_PER,XM008P0,1,PER_ID1,ASC
CISADM,CI_PER_PER,XM008P0,2,PER_ID2,ASC
CISADM,CI_PER_PER,XM008P0,3,PER_REL_TYPE_CD,ASC
CISADM,CI_PER_PER,XM008P0,4,START_DT,ASC
CISADM,CI_PER_PER,XM008S1,1,PER_ID2,ASC
CISADM,CI_PER_PHONE,XM172P0,1,PER_ID,ASC
CISADM,CI_PER_PHONE,XM172P0,2,SEQ_NUM,ASC
CISADM,CI_PER_PHONE,XM172S1,1,PHONE,ASC
CISADM,CI_PER_REL_TYPE,XC275P0,1,PER_REL_TYPE_CD,ASC
CISADM,CI_PER_REL_TYPE_L,XC276P0,1,PER_REL_TYPE_CD,ASC
CISADM,CI_PER_REL_TYPE_L,XC276P0,2,LANGUAGE_CD,ASC
CISADM,CI_PEVT_DST_DTL,XT730P0,1,PAY_EVENT_ID,ASC
CISADM,CI_PEVT_DST_DTL,XT730P0,2,SEQ_NUM,ASC
CISADM,CI_PEVT_DST_DTL,XT730S1,1,SRCH_CHAR_VAL,ASC
CISADM,CI_PEVT_DTL_ST,XT732P0,1,EXT_SOURCE_ID,ASC
CISADM,CI_PEVT_DTL_ST,XT732P0,2,EXT_TRANSMIT_ID,ASC
CISADM,CI_PEVT_DTL_ST,XT732P0,3,PEVT_DTL_SEQ,ASC
CISADM,CI_PEVT_DTL_ST,XT732S1,1,PEVT_PROCESS_ID,ASC
CISADM,CI_PEVT_DTL_ST,XT732S2,1,PAY_EVENT_ID,ASC
CISADM,CI_PEVT_DTL_ST,XT732S3,1,ACCOUNTING_DT,ASC
CISADM,CI_PEVT_DTL_ST,XT732S4,1,DST_RULE_VALUE,ASC
CISADM,CI_PFRELTY_PFTY,XC175P0,1,INTV_PF_REL_TYP_CD,ASC
CISADM,CI_PFRELTY_PFTY,XC175P0,2,INTV_PF_TYP_CD,ASC
CISADM,CI_PHONE_TYPE,XC220P0,1,PHONE_TYPE_CD,ASC
CISADM,CI_PHONE_TYPE_L,XC233P0,1,PHONE_TYPE_CD,ASC
CISADM,CI_PHONE_TYPE_L,XC233P0,2,LANGUAGE_CD,ASC
CISADM,CI_PKG,XC648P0,1,PACKAGE_ID,ASC
CISADM,CI_PKG_CRT,XC657P0,1,PACKAGE_ID,ASC
CISADM,CI_PKG_CRT,XC657P0,2,PKG_CRT_GRP_NBR,ASC
CISADM,CI_PKG_CRT,XC657P0,3,SEQ_NUM,ASC
CISADM,CI_PKG_CRT_GRP,XC655P0,1,PACKAGE_ID,ASC
CISADM,CI_PKG_CRT_GRP,XC655P0,2,PKG_CRT_GRP_NBR,ASC
CISADM,CI_PKG_CRT_GRP_L,XC656P0,1,PACKAGE_ID,ASC
CISADM,CI_PKG_CRT_GRP_L,XC656P0,2,PKG_CRT_GRP_NBR,ASC
CISADM,CI_PKG_CRT_GRP_L,XC656P0,3,LANGUAGE_CD,ASC
CISADM,CI_PKG_FLD_OVRD,XC653P0,1,PACKAGE_ID,ASC
CISADM,CI_PKG_FLD_OVRD,XC653P0,2,SEQ_NUM,ASC
CISADM,CI_PKG_FLD_OVRD_L,XC662P0,1,PACKAGE_ID,ASC
CISADM,CI_PKG_FLD_OVRD_L,XC662P0,2,SEQ_NUM,ASC
CISADM,CI_PKG_FLD_OVRD_L,XC662P0,3,LANGUAGE_CD,ASC
CISADM,CI_PKG_INSTR,XC665P0,1,PACKAGE_ID,ASC
CISADM,CI_PKG_INSTR,XC665P0,2,SEQ_NUM,ASC
CISADM,CI_PKG_INSTR_L,XC666P0,1,PACKAGE_ID,ASC
CISADM,CI_PKG_INSTR_L,XC666P0,2,SEQ_NUM,ASC
CISADM,CI_PKG_INSTR_L,XC666P0,3,LANGUAGE_CD,ASC
CISADM,CI_PKG_K,XC439P0,1,PACKAGE_ID,ASC
CISADM,CI_PKG_K,XC439P0,2,ENV_ID,ASC
CISADM,CI_PKG_L,XC649P0,1,PACKAGE_ID,ASC
CISADM,CI_PKG_L,XC649P0,2,LANGUAGE_CD,ASC
CISADM,CI_PKG_SA_TYPE,XC654P0,1,PACKAGE_ID,ASC
CISADM,CI_PKG_SA_TYPE,XC654P0,2,SEQ_NUM,ASC
CISADM,CI_PORTAL,XC670P0,1,PORTAL_CD,ASC
CISADM,CI_PORTAL_L,XC671P0,1,PORTAL_CD,ASC
CISADM,CI_PORTAL_L,XC671P0,2,LANGUAGE_CD,ASC
CISADM,CI_PORTAL_OPT,F1C199P0,1,PORTAL_CD,ASC
CISADM,CI_PORTAL_OPT,F1C199P0,2,PORTAL_OPT_FLG,ASC
CISADM,CI_PORTAL_OPT,F1C199P0,3,SEQ_NUM,ASC
CISADM,CI_PORTAL_ZONE,XC672P0,1,PORTAL_CD,ASC
CISADM,CI_PORTAL_ZONE,XC672P0,2,ZONE_CD,ASC
CISADM,CI_POST_DFLT,XC012P0,1,POSTAL_CD_FROM,ASC
CISADM,CI_POST_DFLT,XC012P0,2,COUNTRY,ASC
CISADM,CI_PP,XM005P0,1,PP_ID,ASC
CISADM,CI_PP,XM005S1,1,PP_TYPE_CD,ASC
CISADM,CI_PP,XM005S1,2,PP_ID,ASC
CISADM,CI_PP,XM005S2,1,ACCT_ID,ASC
CISADM,CI_PP_K,XM509P0,1,PP_ID,ASC
CISADM,CI_PP_K,XM509P0,2,ENV_ID,ASC
CISADM,CI_PP_SCHED_PAY,XM006P0,1,PP_ID,ASC
CISADM,CI_PP_SCHED_PAY,XM006P0,2,PP_SCHED_DT,ASC
CISADM,CI_PP_SCHED_PAY,XM006S1,1,APAY_CLR_ID,ASC
CISADM,CI_PP_TYPE,XC229P0,1,PP_TYPE_CD,ASC
CISADM,CI_PP_TYPE_L,XC230P0,1,PP_TYPE_CD,ASC
CISADM,CI_PP_TYPE_L,XC230P0,2,LANGUAGE_CD,ASC
CISADM,CI_PREM,XM174P0,1,PREM_ID,ASC
CISADM,CI_PREM,XM174S1,1,ADDRESS1_UPR,ASC
CISADM,CI_PREM,XM174S1,2,CITY_UPR,ASC
CISADM,CI_PREM,XM174S1,3,POSTAL,ASC
CISADM,CI_PREM,XM174S2,1,CITY_UPR,ASC
CISADM,CI_PREM,XM174S2,2,POSTAL,ASC
CISADM,CI_PREM,XM174S3,1,POSTAL,ASC
CISADM,CI_PREM,XM174S4,1,PRNT_PREM_ID,ASC
CISADM,CI_PREM,XM174S5,1,LL_ID,ASC
CISADM,CI_PREM,XM174S6,1,ADDRESS1_UPR,ASC
CISADM,CI_PREM,XM174S7,1,CITY_UPR,ASC
CISADM,CI_PREM_CHAR,C1M003S1,1,SRCH_CHAR_VAL,ASC
CISADM,CI_PREM_CHAR,XM175P0,1,PREM_ID,ASC
CISADM,CI_PREM_CHAR,XM175P0,2,CHAR_TYPE_CD,ASC
CISADM,CI_PREM_CHAR,XM175P0,3,EFFDT,ASC
CISADM,CI_PREM_GEO,XM176P0,1,PREM_ID,ASC
CISADM,CI_PREM_GEO,XM176P0,2,GEO_TYPE_CD,ASC
CISADM,CI_PREM_GEO,XM176S1,1,GEO_TYPE_CD,ASC
CISADM,CI_PREM_GEO,XM176S1,2,GEO_VAL,ASC
CISADM,CI_PREM_K,XM510P0,1,PREM_ID,ASC
CISADM,CI_PREM_K,XM510P0,2,ENV_ID,ASC
CISADM,CI_PREM_TYPE,XC177P0,1,PREM_TYPE_CD,ASC
CISADM,CI_PREM_TYPE_L,XC559P0,1,PREM_TYPE_CD,ASC
CISADM,CI_PREM_TYPE_L,XC559P0,2,LANGUAGE_CD,ASC
CISADM,CI_PRM_ALT_ADDR,XM409P0,1,PRM_ALT_ADDR_ID,ASC
CISADM,CI_PRM_ALT_ADDR,XM409S1,1,ADDRESS1_UPR,ASC
CISADM,CI_PRM_ALT_ADDR,XM409S1,2,CITY_UPR,ASC
CISADM,CI_PRM_ALT_ADDR,XM409S1,3,POSTAL,ASC
CISADM,CI_PRM_ALT_ADDR,XM409S2,1,CITY_UPR,ASC
CISADM,CI_PRM_ALT_ADDR,XM409S2,2,POSTAL,ASC
CISADM,CI_PRM_ALT_ADDR,XM409S3,1,POSTAL,ASC
CISADM,CI_PRM_ALT_ADDR,XM409S4,1,PREM_ID,ASC
CISADM,CI_PRM_ALT_ADDR,XM409S5,1,ADDRESS1_UPR,ASC
CISADM,CI_PRM_ALT_ADDR,XM409S6,1,CITY_UPR,ASC
CISADM,CI_PRM_ALT_ADDR_K,XM007P0,1,PRM_ALT_ADDR_ID,ASC
CISADM,CI_PRM_ALT_ADDR_K,XM007P0,2,ENV_ID,ASC
CISADM,CI_PROP_DCL_RSN,XC259P0,1,PROP_DCL_RSN_CD,ASC
CISADM,CI_PROP_DCL_RSN_L,XC261P0,1,PROP_DCL_RSN_CD,ASC
CISADM,CI_PROP_DCL_RSN_L,XC261P0,2,LANGUAGE_CD,ASC
CISADM,CI_PROTOCOL,XC178P0,1,PROTOCOL_CD,ASC
CISADM,CI_PROTOCOL_L,XC560P0,1,PROTOCOL_CD,ASC
CISADM,CI_PROTOCOL_L,XC560P0,2,LANGUAGE_CD,ASC
CISADM,CI_QTE_RTE_TYPE,XC266P0,1,QTE_RTE_TYPE_CD,ASC
CISADM,CI_QTE_RTE_TYPE_L,XC280P0,1,QTE_RTE_TYPE_CD,ASC
CISADM,CI_QTE_RTE_TYPE_L,XC280P0,2,LANGUAGE_CD,ASC
CISADM,CI_QUOTE,XT170P0,1,QUOTE_ID,ASC
CISADM,CI_QUOTE,XT170S1,1,ACCT_ID,ASC
CISADM,CI_QUOTE_DTL,XT171P0,1,QUOTE_DTL_ID,ASC
CISADM,CI_QUOTE_DTL,XT171S1,1,QUOTE_ID,ASC
CISADM,CI_QUOTE_DTL,XT171S2,1,SA_ID,ASC
CISADM,CI_QUOTE_DTL_K,XT537P0,1,QUOTE_DTL_ID,ASC
CISADM,CI_QUOTE_DTL_K,XT537P0,2,ENV_ID,ASC
CISADM,CI_QUOTE_K,XT536P0,1,QUOTE_ID,ASC
CISADM,CI_QUOTE_K,XT536P0,2,ENV_ID,ASC
CISADM,CI_QUOTE_RTG,XT102P0,1,QUOTE_ID,ASC
CISADM,CI_QUOTE_RTG,XT102P0,2,SEQNO,ASC
CISADM,CI_RC,XC179P0,1,RS_CD,ASC
CISADM,CI_RC,XC179P0,2,EFFDT,ASC
CISADM,CI_RC,XC179P0,3,RC_SEQ,ASC
CISADM,CI_RC,XC179S1,1,BF_CD,ASC
CISADM,CI_RC_CHAR,XC298P0,1,RS_CD,ASC
CISADM,CI_RC_CHAR,XC298P0,2,EFFDT,ASC
CISADM,CI_RC_CHAR,XC298P0,3,RC_SEQ,ASC
CISADM,CI_RC_CHAR,XC298P0,4,CHAR_TYPE_CD,ASC
CISADM,CI_RC_CRT,XC693P0,1,RS_CD,ASC
CISADM,CI_RC_CRT,XC693P0,2,EFFDT,ASC
CISADM,CI_RC_CRT,XC693P0,3,RC_SEQ,ASC
CISADM,CI_RC_CRT,XC693P0,4,RC_CRT_GRP_NBR,ASC
CISADM,CI_RC_CRT,XC693P0,5,SEQ_NUM,ASC
CISADM,CI_RC_CRT_GRP,XC694P0,1,RS_CD,ASC
CISADM,CI_RC_CRT_GRP,XC694P0,2,EFFDT,ASC
CISADM,CI_RC_CRT_GRP,XC694P0,3,RC_SEQ,ASC
CISADM,CI_RC_CRT_GRP,XC694P0,4,RC_CRT_GRP_NBR,ASC
CISADM,CI_RC_CRT_GRP_L,XC695P0,1,RS_CD,ASC
CISADM,CI_RC_CRT_GRP_L,XC695P0,2,EFFDT,ASC
CISADM,CI_RC_CRT_GRP_L,XC695P0,3,RC_SEQ,ASC
CISADM,CI_RC_CRT_GRP_L,XC695P0,4,RC_CRT_GRP_NBR,ASC
CISADM,CI_RC_CRT_GRP_L,XC695P0,5,LANGUAGE_CD,ASC
CISADM,CI_RC_GL_DST,XC180P0,1,RS_CD,ASC
CISADM,CI_RC_GL_DST,XC180P0,2,EFFDT,ASC
CISADM,CI_RC_GL_DST,XC180P0,3,RC_SEQ,ASC
CISADM,CI_RC_GL_DST,XC180P0,4,REV_CL_CD,ASC
CISADM,CI_RC_L,XC561P0,1,RS_CD,ASC
CISADM,CI_RC_L,XC561P0,2,EFFDT,ASC
CISADM,CI_RC_L,XC561P0,3,RC_SEQ,ASC
CISADM,CI_RC_L,XC561P0,4,LANGUAGE_CD,ASC
CISADM,CI_RC_XREF,XC181P0,1,RS_CD,ASC
CISADM,CI_RC_XREF,XC181P0,2,EFFDT,ASC
CISADM,CI_RC_XREF,XC181P0,3,RC_SEQ,ASC
CISADM,CI_RC_XREF,XC181P0,4,REF_RC_SEQ,ASC
CISADM,CI_RDR_TMPL,XC182P0,1,CIS_DIVISION,ASC
CISADM,CI_RDR_TMPL,XC182P0,2,SA_TYPE_CD,ASC
CISADM,CI_RDR_TMPL,XC182P0,3,START_OPT_CD,ASC
CISADM,CI_RDR_TMPL,XC182P0,4,EFFDT,ASC
CISADM,CI_RDR_TMPL,XC182P0,5,BF_CD,ASC
CISADM,CI_READER_REM,XC184P0,1,READER_REM_CD,ASC
CISADM,CI_READER_REM_L,XC563P0,1,READER_REM_CD,ASC
CISADM,CI_READER_REM_L,XC563P0,2,LANGUAGE_CD,ASC
CISADM,CI_READ_OUT_TYP,XC183P0,1,READ_OUT_TYPE_CD,ASC
CISADM,CI_READ_OUT_TYP_L,XC562P0,1,READ_OUT_TYPE_CD,ASC
CISADM,CI_READ_OUT_TYP_L,XC562P0,2,LANGUAGE_CD,ASC
CISADM,CI_REBATE_CLAIM,XT610P0,1,REBATE_CLAIM_ID,ASC
CISADM,CI_REBATE_CLAIM,XT610S1,1,ACCT_ID,ASC
CISADM,CI_REBATE_CLAIM,XT610S2,1,CONSV_PROG_CD,ASC
CISADM,CI_REBATE_CLAIM_CHAR,XT612P0,1,REBATE_CLAIM_ID,ASC
CISADM,CI_REBATE_CLAIM_CHAR,XT612P0,2,CHAR_TYPE_CD,ASC
CISADM,CI_REBATE_CLAIM_CHAR,XT612P0,3,SEQ_NUM,ASC
CISADM,CI_REBATE_CLAIM_CHAR,XT612S1,1,SRCH_CHAR_VAL,ASC
CISADM,CI_REBATE_CLAIM_K,XT611P0,1,REBATE_CLAIM_ID,ASC
CISADM,CI_REBATE_CLAIM_K,XT611P0,2,ENV_ID,ASC
CISADM,CI_REBATE_CLAIM_LOG,XT613P0,1,REBATE_CLAIM_ID,ASC
CISADM,CI_REBATE_CLAIM_LOG,XT613P0,2,SEQNO,ASC
CISADM,CI_REBATE_CLAIM_LOG,XT613S1,1,CHAR_TYPE_CD,ASC
CISADM,CI_REBATE_CLAIM_LOG,XT613S1,2,CHAR_VAL_FK1,ASC
CISADM,CI_REBATE_CLAIM_LOG_PARM,XT614P0,1,REBATE_CLAIM_ID,ASC
CISADM,CI_REBATE_CLAIM_LOG_PARM,XT614P0,2,SEQNO,ASC
CISADM,CI_REBATE_CLAIM_LOG_PARM,XT614P0,3,PARM_SEQ,ASC
CISADM,CI_REBATE_DEFN,XC986P0,1,CONSV_PROG_CD,ASC
CISADM,CI_REBATE_DEFN,XC986P0,2,SEQ_NUM,ASC
CISADM,CI_REBATE_DEFN_L,XC990P0,1,CONSV_PROG_CD,ASC
CISADM,CI_REBATE_DEFN_L,XC990P0,2,SEQ_NUM,ASC
CISADM,CI_REBATE_DEFN_L,XC990P0,3,LANGUAGE_CD,ASC
CISADM,CI_REBATE_LINE,XT616P0,1,REBATE_CLAIM_ID,ASC
CISADM,CI_REBATE_LINE,XT616P0,2,LINE_SEQ,ASC
CISADM,CI_REBATE_LINE_CHAR,XT617P0,1,REBATE_CLAIM_ID,ASC
CISADM,CI_REBATE_LINE_CHAR,XT617P0,2,LINE_SEQ,ASC
CISADM,CI_REBATE_LINE_CHAR,XT617P0,3,CHAR_TYPE_CD,ASC
CISADM,CI_REBATE_LINE_CHAR,XT617P0,4,SEQ_NUM,ASC
CISADM,CI_REBATE_LINE_CHAR,XT617S1,1,SRCH_CHAR_VAL,ASC
CISADM,CI_REG,XM185P0,1,REG_ID,ASC
CISADM,CI_REG,XM185S1,1,MTR_ID,ASC
CISADM,CI_REG,XM185S1,2,EFF_DTTM,ASC
CISADM,CI_REG,XM185S1,3,READ_SEQ,ASC
CISADM,CI_REG,XM185S2,1,VIRTUAL_CHAN_ID,ASC
CISADM,CI_REG_CHAR,XT415P0,1,REG_ID,ASC
CISADM,CI_REG_CHAR,XT415P0,2,CHAR_TYPE_CD,ASC
CISADM,CI_REG_CHAR,XT415P0,3,SEQ_NUM,ASC
CISADM,CI_REG_CHAR,XT415S1,1,SRCH_CHAR_VAL,ASC
CISADM,CI_REG_DATA,XT121P0,1,REG_DATA_SET_ID,ASC
CISADM,CI_REG_DATA,XT121P0,2,REG_DATA_DTTM,ASC
CISADM,CI_REG_DATA_SET,XT120P0,1,REG_DATA_SET_ID,ASC
CISADM,CI_REG_DATA_SET,XT120S1,1,REG_ID,ASC
CISADM,CI_REG_DATA_SET,XT120S1,2,SET_DTTM,ASC
CISADM,CI_REG_DATA_SET,XT120S1,3,REG_DS_EXT_ID,ASC
CISADM,CI_REG_DATA_SET,XT120S2,1,REG_DS_EXT_ID,ASC
CISADM,CI_REG_DATA_SET_K,XT538P0,1,REG_DATA_SET_ID,ASC
CISADM,CI_REG_DATA_SET_K,XT538P0,2,ENV_ID,ASC
CISADM,CI_REG_DS_EXC,XT122P0,1,REG_DATA_SET_ID,ASC
CISADM,CI_REG_DS_EXP,XT123P0,1,REG_DATA_SET_ID,ASC
CISADM,CI_REG_DS_EXP,XT123P0,2,PARM_SEQ,ASC
CISADM,CI_REG_K,XM511P0,1,REG_ID,ASC
CISADM,CI_REG_K,XM511P0,2,ENV_ID,ASC
CISADM,CI_REG_READ,XT186P0,1,REG_READ_ID,ASC
CISADM,CI_REG_READ,XT186S1,1,MR_ID,ASC
CISADM,CI_REG_READ,XT186S2,1,REVIEW_HILO_SW,ASC
CISADM,CI_REG_READ,XT186S2,2,TRENDED_SW,ASC
CISADM,CI_REG_READ,XT186S2,3,REG_READ_ID,ASC
CISADM,CI_REG_READ,XT186S3,1,REG_ID,ASC
CISADM,CI_REG_READ_K,XT023P0,1,REG_READ_ID,ASC
CISADM,CI_REG_READ_K,XT023P0,2,ENV_ID,ASC
CISADM,CI_REG_RULE,XC013P0,1,REG_RULE_CD,ASC
CISADM,CI_REG_RULE_L,XC564P0,1,REG_RULE_CD,ASC
CISADM,CI_REG_RULE_L,XC564P0,2,LANGUAGE_CD,ASC
CISADM,CI_REP,XC188P0,1,REP_CD,ASC
CISADM,CI_REPL_ACCT,XC119P0,1,REPL_CNTL_ID,ASC
CISADM,CI_REPL_ACCT,XC119P0,2,ACCT_ID,ASC
CISADM,CI_REPL_CNTL,XC120P0,1,REPL_CNTL_ID,ASC
CISADM,CI_REP_L,XC565P0,1,REP_CD,ASC
CISADM,CI_REP_L,XC565P0,2,LANGUAGE_CD,ASC
CISADM,CI_RETIRE_RSN,XC051P0,1,RETIRE_RSN_CD,ASC
CISADM,CI_RETIRE_RSN_L,XC159P0,1,RETIRE_RSN_CD,ASC
CISADM,CI_RETIRE_RSN_L,XC159P0,2,LANGUAGE_CD,ASC
CISADM,CI_REV_CL,XC191P0,1,REV_CL_CD,ASC
CISADM,CI_REV_CL_L,XC566P0,1,REV_CL_CD,ASC
CISADM,CI_REV_CL_L,XC566P0,2,LANGUAGE_CD,ASC
CISADM,CI_ROLE,XC328P0,1,ROLE_ID,ASC
CISADM,CI_ROLE_L,XC567P0,1,ROLE_ID,ASC
CISADM,CI_ROLE_L,XC567P0,2,LANGUAGE_CD,ASC
CISADM,CI_ROLE_USER,F1C121S1,1,USER_ID,ASC
CISADM,CI_ROLE_USER,F1C121S1,2,ROLE_ID,ASC
CISADM,CI_ROLE_USER,XC121P0,1,ROLE_ID,ASC
CISADM,CI_ROLE_USER,XC121P0,2,USER_ID,ASC
CISADM,CI_ROOT_DIFF,XT307P0,1,DATA_DIFF_ID,ASC
CISADM,CI_ROOT_DIFF,XT307P0,2,ROOT_OBJ_ID,ASC
CISADM,CI_ROOT_DIFF,XT307S1,1,ROOT_OBJ_ID,ASC
CISADM,CI_ROOT_INSTR,XT201P0,1,ROOT_INSTR_ID,ASC
CISADM,CI_ROOT_INSTR,XT201S1,1,PRIM_ROOT_OBJ_ID,ASC
CISADM,CI_ROOT_INSTR,XT201S2,1,ROOT_OBJ_ID,ASC
CISADM,CI_ROOT_INSTR,XT201S3,1,DB_PROC_CD,ASC
CISADM,CI_ROOT_INSTR,XT201S3,2,LEVEL_NBR,ASC
CISADM,CI_ROOT_INSTR_K,XT539P0,1,ROOT_INSTR_ID,ASC
CISADM,CI_ROOT_INSTR_K,XT539P0,2,ENV_ID,ASC
CISADM,CI_ROOT_OBJ,XT202P0,1,ROOT_OBJ_ID,ASC
CISADM,CI_ROOT_OBJ,XT202S1,1,MAINT_OBJ_CD,ASC
CISADM,CI_ROOT_OBJ,XT202S2,1,BATCH_NBR,ASC
CISADM,CI_ROOT_OBJ,XT202S2,2,BATCH_CD,ASC
CISADM,CI_ROOT_OBJ,XT202S2,3,ENV_REF_CD,ASC
CISADM,CI_ROOT_OBJ,XT202S3,1,ROOT_PK_INFO,ASC
CISADM,CI_ROOT_OBJ_EXC,XT204P0,1,ROOT_OBJ_ID,ASC
CISADM,CI_ROOT_OBJ_EXP,XT206P0,1,ROOT_OBJ_ID,ASC
CISADM,CI_ROOT_OBJ_EXP,XT206P0,2,PARM_SEQ,ASC
CISADM,CI_ROOT_OBJ_K,XT540P0,1,ROOT_OBJ_ID,ASC
CISADM,CI_ROOT_OBJ_K,XT540P0,2,ENV_ID,ASC
CISADM,CI_ROOT_OBJ_PK,XT203P0,1,ROOT_OBJ_ID,ASC
CISADM,CI_ROOT_OBJ_PK,XT203P0,2,CONST_ID,ASC
CISADM,CI_ROOT_OBJ_PK,XT203P0,3,OWNER_FLG,ASC
CISADM,CI_ROOT_OBJ_PK,XT203P0,4,SEQ_NUM,ASC
CISADM,CI_ROOT_OBJ_PK,XT203S1,1,FIELD_VAL,ASC
CISADM,CI_ROOT_OBJ_PK,XT203S1,2,CONST_ID,ASC
CISADM,CI_ROOT_OBJ_PK,XT203S1,3,OWNER_FLG,ASC
CISADM,CI_ROOT_OBJ_PK,XT203S1,4,SEQ_NUM,ASC
CISADM,CI_RPT_OPTION,XC427P0,1,RPT_OPT_FLG,ASC
CISADM,CI_RR_STAGE_UP,XT192P0,1,MR_STAGE_UP_ID,ASC
CISADM,CI_RR_STAGE_UP,XT192P0,2,READ_SEQ,ASC
CISADM,CI_RS,XC193P0,1,RS_CD,ASC
CISADM,CI_RS_BMSG,XC109P0,1,RS_CD,ASC
CISADM,CI_RS_BMSG,XC109P0,2,BILL_MSG_CD,ASC
CISADM,CI_RS_BMSG,XC109P0,3,START_DT,ASC
CISADM,CI_RS_L,XC568P0,1,RS_CD,ASC
CISADM,CI_RS_L,XC568P0,2,LANGUAGE_CD,ASC
CISADM,CI_RS_MTR_CFGTY,XC218P0,1,RS_CD,ASC
CISADM,CI_RS_MTR_CFGTY,XC218P0,2,MTR_CONFIG_TY_CD,ASC
CISADM,CI_RS_REG_RULE,XC194P0,1,RS_CD,ASC
CISADM,CI_RS_REG_RULE,XC194P0,2,SEQUENCE_NBR,ASC
CISADM,CI_RS_REG_RULE,XC194S2,1,REG_RULE_CD,ASC
CISADM,CI_RS_SQ_RULE,XC195P0,1,RS_CD,ASC
CISADM,CI_RS_SQ_RULE,XC195P0,2,SEQUENCE_NBR,ASC
CISADM,CI_RS_SQ_RULE,XC195S2,1,SQ_RULE_CD,ASC
CISADM,CI_RS_SUB_RS,XC810P0,1,RS_CD,ASC
CISADM,CI_RS_SUB_RS,XC810P0,2,SEQ_NUM,ASC
CISADM,CI_RS_SUB_RS,XC810S1,1,SUB_RS_CD,ASC
CISADM,CI_RV,XC198P0,1,RS_CD,ASC
CISADM,CI_RV,XC198P0,2,EFFDT,ASC
CISADM,CI_RV_L,XC569P0,1,LANGUAGE_CD,ASC
CISADM,CI_RV_L,XC569P0,2,RS_CD,ASC
CISADM,CI_RV_L,XC569P0,3,EFFDT,ASC
CISADM,CI_SA,CM_XM199S1,1,CIS_DIVISION,ASC
CISADM,CI_SA,CM_XM199S1,2,SA_TYPE_CD,ASC
CISADM,CI_SA,XM199P0,1,SA_ID,ASC
CISADM,CI_SA,XM199S1,1,ACCT_ID,ASC
CISADM,CI_SA,XM199S1,2,SA_STATUS_FLG,ASC
CISADM,CI_SA,XM199S2,1,CHAR_PREM_ID,ASC
CISADM,CI_SA,XM199S3,1,OLD_ACCT_ID,ASC
CISADM,CI_SA,XM199S3,2,ACCT_ID,ASC
CISADM,CI_SA,XM199S4,1,SA_REL_ID,ASC
CISADM,CI_SA,XM199S4,2,SA_ID,ASC
CISADM,CI_SATY_ALG,XC351P0,1,CIS_DIVISION,ASC
CISADM,CI_SATY_ALG,XC351P0,2,SA_TYPE_CD,ASC
CISADM,CI_SATY_ALG,XC351P0,3,SAT_ALG_ENTITY_FLG,ASC
CISADM,CI_SATY_ALG,XC351P0,4,SEQ_NUM,ASC
CISADM,CI_SATY_COPTY,XC640P0,1,CIS_DIVISION,ASC
CISADM,CI_SATY_COPTY,XC640P0,2,SA_TYPE_CD,ASC
CISADM,CI_SATY_COPTY,XC640P0,3,CONT_OPT_TYPE_CD,ASC
CISADM,CI_SATY_SARELTY,XC345P0,1,CIS_DIVISION,ASC
CISADM,CI_SATY_SARELTY,XC345P0,2,SA_TYPE_CD,ASC
CISADM,CI_SATY_SARELTY,XC345P0,3,SA_REL_TYPE_CD,ASC
CISADM,CI_SATY_SARELTY,XC345S1,1,BUS_OBJ_CD,ASC
CISADM,CI_SATY_TMAPRTY,XC215P0,1,CIS_DIVISION,ASC
CISADM,CI_SATY_TMAPRTY,XC215P0,2,SA_TYPE_CD,ASC
CISADM,CI_SATY_TMAPRTY,XC215P0,3,TMAP_REL_TYPE_CD,ASC
CISADM,CI_SAT_ADJ_PROF,XC212P0,1,CIS_DIVISION,ASC
CISADM,CI_SAT_ADJ_PROF,XC212P0,2,SA_TYPE_CD,ASC
CISADM,CI_SAT_ADJ_PROF,XC212P0,3,ADJ_TYPE_PROF_CD,ASC
CISADM,CI_SAT_ADJ_PROF,XC212S1,1,ADJ_TYPE_PROF_CD,ASC
CISADM,CI_SAT_ADJ_PROF,XC212S1,2,SA_TYPE_CD,ASC
CISADM,CI_SAT_NB_RULE,XC434P0,1,CIS_DIVISION,ASC
CISADM,CI_SAT_NB_RULE,XC434P0,2,SA_TYPE_CD,ASC
CISADM,CI_SAT_NB_RULE,XC434P0,3,NB_RULE_CD,ASC
CISADM,CI_SAT_PFRELTY,XC196P0,1,CIS_DIVISION,ASC
CISADM,CI_SAT_PFRELTY,XC196P0,2,SA_TYPE_CD,ASC
CISADM,CI_SAT_PFRELTY,XC196P0,3,INTV_PF_REL_TYP_CD,ASC
CISADM,CI_SA_CHAR,XM187P0,1,SA_ID,ASC
CISADM,CI_SA_CHAR,XM187P0,2,CHAR_TYPE_CD,ASC
CISADM,CI_SA_CHAR,XM187P0,3,EFFDT,ASC
CISADM,CI_SA_CHAR,XM187S1,1,SRCH_CHAR_VAL,ASC
CISADM,CI_SA_CHAR_TMP,XC355P0,1,CIS_DIVISION,ASC
CISADM,CI_SA_CHAR_TMP,XC355P0,2,SA_TYPE_CD,ASC
CISADM,CI_SA_CHAR_TMP,XC355P0,3,START_OPT_CD,ASC
CISADM,CI_SA_CHAR_TMP,XC355P0,4,EFFDT,ASC
CISADM,CI_SA_CHAR_TMP,XC355P0,5,CHAR_TYPE_CD,ASC
CISADM,CI_SA_CONTERM,XM201P0,1,SA_ID,ASC
CISADM,CI_SA_CONTERM,XM201P0,2,CONTERM_TYPE_FLG,ASC
CISADM,CI_SA_CONTERM,XM201P0,3,BF_CD,ASC
CISADM,CI_SA_CONTERM,XM201P0,4,TOU_GRP_CD,ASC
CISADM,CI_SA_CONTERM,XM201P0,5,START_DT,ASC
CISADM,CI_SA_CONTERM,XM201S1,1,BF_CD,ASC
CISADM,CI_SA_CONTERM,XM201S1,2,CONTERM_TYPE_FLG,ASC
CISADM,CI_SA_CONT_QTY,XM202P0,1,SA_ID,ASC
CISADM,CI_SA_CONT_QTY,XM202P0,2,CONT_QTY_TYPE_CD,ASC
CISADM,CI_SA_CONT_QTY,XM202P0,3,EFFDT,ASC
CISADM,CI_SA_COP,XM401P0,1,SA_CONT_OPT_ID,ASC
CISADM,CI_SA_COP,XM401S1,1,SA_ID,ASC
CISADM,CI_SA_COP,XM401S1,2,CONT_OPT_ID,ASC
CISADM,CI_SA_COP,XM401S1,3,EFF_DTTM,ASC
CISADM,CI_SA_COP_K,XM011P0,1,SA_CONT_OPT_ID,ASC
CISADM,CI_SA_COP_K,XM011P0,2,ENV_ID,ASC
CISADM,CI_SA_COP_OVRD,XM402P0,1,SA_CONT_OPT_ID,ASC
CISADM,CI_SA_COP_OVRD,XM402P0,2,CONT_OPT_EVT_ID,ASC
CISADM,CI_SA_COP_OVRD,XM402P0,3,OVRD_DTTM,ASC
CISADM,CI_SA_INTV_PF,C1M179S1,1,INTV_PF_ID,ASC
CISADM,CI_SA_INTV_PF,XM179P0,1,SA_ID,ASC
CISADM,CI_SA_INTV_PF,XM179P0,2,INTV_PF_REL_TYP_CD,ASC
CISADM,CI_SA_INTV_PF,XM179P0,3,START_DTTM,ASC
CISADM,CI_SA_INTV_PF,XM179P0,4,INTV_PF_ID,ASC
CISADM,CI_SA_K,XM512P0,1,SA_ID,ASC
CISADM,CI_SA_K,XM512P0,2,ENV_ID,ASC
CISADM,CI_SA_MSG,XM004P0,1,SA_ID,ASC
CISADM,CI_SA_MSG,XM004P0,2,BILL_MSG_CD,ASC
CISADM,CI_SA_NB_PARM,XM300P0,1,SA_ID,ASC
CISADM,CI_SA_NB_PARM,XM300P0,2,SEQNO,ASC
CISADM,CI_SA_RCHG_HIST,XM204P0,1,SA_ID,ASC
CISADM,CI_SA_RCHG_HIST,XM204P0,2,EFFDT,ASC
CISADM,CI_SA_REL,XM158P0,1,SA_REL_ID,ASC
CISADM,CI_SA_REL,XM158S1,1,SA_ID,ASC
CISADM,CI_SA_REL,XM158S1,2,SA_EXT_REF_ID,ASC
CISADM,CI_SA_REL,XM158S2,1,SPR_CD,ASC
CISADM,CI_SA_REL,XM158S3,1,C1_MKT_CD,ASC
CISADM,CI_SA_REL,XM158S3,2,PROV_CONFIG_OPT_CD,ASC
CISADM,CI_SA_REL,XM158S3,3,SA_REL_TYPE_CD,ASC
CISADM,CI_SA_REL,XM158S3,4,MKT_SPR_CD,ASC
CISADM,CI_SA_REL,XM158S3,5,SPR_CD,ASC
CISADM,CI_SA_REL_K,XM513P0,1,SA_REL_ID,ASC
CISADM,CI_SA_REL_K,XM513P0,2,ENV_ID,ASC
CISADM,CI_SA_REL_TYPE,XC342P0,1,SA_REL_TYPE_CD,ASC
CISADM,CI_SA_REL_TYPE_L,XC570P0,1,LANGUAGE_CD,ASC
CISADM,CI_SA_REL_TYPE_L,XC570P0,2,SA_REL_TYPE_CD,ASC
CISADM,CI_SA_RS_HIST,CM_XM205S1,1,RS_CD,ASC
CISADM,CI_SA_RS_HIST,CM_XM205S1,2,SA_ID,ASC
CISADM,CI_SA_RS_HIST,XM205P0,1,SA_ID,ASC
CISADM,CI_SA_RS_HIST,XM205P0,2,EFFDT,ASC
CISADM,CI_SA_SP,XM206P0,1,SA_SP_ID,ASC
CISADM,CI_SA_SP,XM206S1,1,SA_ID,ASC
CISADM,CI_SA_SP,XM206S2,1,SP_ID,ASC
CISADM,CI_SA_SP,XM206S3,1,START_MR_ID,ASC
CISADM,CI_SA_SP,XM206S4,1,STOP_MR_ID,ASC
CISADM,CI_SA_SP_CHAR,XM209P0,1,SA_SP_ID,ASC
CISADM,CI_SA_SP_CHAR,XM209P0,2,CHAR_TYPE_CD,ASC
CISADM,CI_SA_SP_CHAR,XM209P0,3,EFFDT,ASC
CISADM,CI_SA_SP_FA,XT207P0,1,SA_SP_ID,ASC
CISADM,CI_SA_SP_FA,XT207P0,2,FA_ID,ASC
CISADM,CI_SA_SP_FA,XT207S1,1,SA_ID,ASC
CISADM,CI_SA_SP_FA,XT207S2,1,SP_ID,ASC
CISADM,CI_SA_SP_FA,XT207S3,1,FA_ID,ASC
CISADM,CI_SA_SP_K,XM514P0,1,SA_SP_ID,ASC
CISADM,CI_SA_SP_K,XM514P0,2,ENV_ID,ASC
CISADM,CI_SA_SP_TYPE,XC208P0,1,CIS_DIVISION,ASC
CISADM,CI_SA_SP_TYPE,XC208P0,2,SA_TYPE_CD,ASC
CISADM,CI_SA_SP_TYPE,XC208P0,3,SP_TYPE_CD,ASC
CISADM,CI_SA_SP_TYPE,XC208S1,1,SP_TYPE_CD,ASC
CISADM,CI_SA_SP_TYPE,XC208S1,2,SA_TYPE_CD,ASC
CISADM,CI_SA_TC,XM009P0,1,SA_ID,ASC
CISADM,CI_SA_TC,XM009P0,2,TC_TYPE_CD,ASC
CISADM,CI_SA_TC,XM009P0,3,START_DT,ASC
CISADM,CI_SA_TOU_MAP,XM177P0,1,SA_ID,ASC
CISADM,CI_SA_TOU_MAP,XM177P0,2,TMAP_REL_TYPE_CD,ASC
CISADM,CI_SA_TOU_MAP,XM177P0,3,START_DTTM,ASC
CISADM,CI_SA_TOU_MAP,XM177P0,4,TOU_MAP_ID,ASC
CISADM,CI_SA_TYPE,XC209P0,1,CIS_DIVISION,ASC
CISADM,CI_SA_TYPE,XC209P0,2,SA_TYPE_CD,ASC
CISADM,CI_SA_TYPE,XC209S1,1,SA_TYPE_CD,ASC
CISADM,CI_SA_TYPE,XC209S1,2,SVC_TYPE_CD,ASC
CISADM,CI_SA_TYPE,XC209S1,3,DEBT_CL_CD,ASC
CISADM,CI_SA_TYPE,XC209S2,1,SVC_TYPE_CD,ASC
CISADM,CI_SA_TYPE,XC209S2,2,SA_TYPE_CD,ASC
CISADM,CI_SA_TYPE,XC209S2,3,DEBT_CL_CD,ASC
CISADM,CI_SA_TYPE,XC209S3,1,DEBT_CL_CD,ASC
CISADM,CI_SA_TYPE,XC209S3,2,SA_TYPE_CD,ASC
CISADM,CI_SA_TYPE,XC209S3,3,SVC_TYPE_CD,ASC
CISADM,CI_SA_TYPE,XC209S4,1,SPECIAL_ROLE_FLG,ASC
CISADM,CI_SA_TYPE,XC209S4,2,CIS_DIVISION,ASC
CISADM,CI_SA_TYPE_BC,XC210P0,1,CIS_DIVISION,ASC
CISADM,CI_SA_TYPE_BC,XC210P0,2,SA_TYPE_CD,ASC
CISADM,CI_SA_TYPE_BC,XC210P0,3,BILL_CHG_TMPLT_CD,ASC
CISADM,CI_SA_TYPE_CHAR,XC323P0,1,CIS_DIVISION,ASC
CISADM,CI_SA_TYPE_CHAR,XC323P0,2,SA_TYPE_CD,ASC
CISADM,CI_SA_TYPE_CHAR,XC323P0,3,CHAR_TYPE_CD,ASC
CISADM,CI_SA_TYPE_CHAR,XC323P0,4,SEQ_NUM,ASC
CISADM,CI_SA_TYPE_L,XC571P0,1,CIS_DIVISION,ASC
CISADM,CI_SA_TYPE_L,XC571P0,2,SA_TYPE_CD,ASC
CISADM,CI_SA_TYPE_L,XC571P0,3,LANGUAGE_CD,ASC
CISADM,CI_SA_TYPE_RS,XC211P0,1,CIS_DIVISION,ASC
CISADM,CI_SA_TYPE_RS,XC211P0,2,SA_TYPE_CD,ASC
CISADM,CI_SA_TYPE_RS,XC211P0,3,RS_CD,ASC
CISADM,CI_SCM,XM240P0,1,SCM_ID,ASC
CISADM,CI_SCMTY_SATY,XC422P0,1,SCM_TYPE_CD,ASC
CISADM,CI_SCMTY_SATY,XC422P0,2,CIS_DIVISION,ASC
CISADM,CI_SCMTY_SATY,XC422P0,3,SA_TYPE_CD,ASC
CISADM,CI_SCMTY_SUBCAT,XC423P0,1,SCM_TYPE_CD,ASC
CISADM,CI_SCMTY_SUBCAT,XC423P0,2,SCMTY_SUBCAT_NAME,ASC
CISADM,CI_SCMTY_SUBCAT,XC423S1,1,SCMTY_SUBCAT_NAME,ASC
CISADM,CI_SCMTY_SUBCAT_L,XC424P0,1,SCM_TYPE_CD,ASC
CISADM,CI_SCMTY_SUBCAT_L,XC424P0,2,SCMTY_SUBCAT_NAME,ASC
CISADM,CI_SCMTY_SUBCAT_L,XC424P0,3,LANGUAGE_CD,ASC
CISADM,CI_SCM_ACCT,XM241P0,1,SCM_ID,ASC
CISADM,CI_SCM_ACCT,XM241P0,2,ACCT_ID,ASC
CISADM,CI_SCM_ACCT,XM241S1,1,ACCT_ID,ASC
CISADM,CI_SCM_ACCT,XM241S1,2,SCM_ID,ASC
CISADM,CI_SCM_CHAR,XM242P0,1,SCM_ID,ASC
CISADM,CI_SCM_CHAR,XM242P0,2,CHAR_TYPE_CD,ASC
CISADM,CI_SCM_CHAR,XM242P0,3,EFFDT,ASC
CISADM,CI_SCM_CHAR,XM242S1,1,CHAR_TYPE_CD,ASC
CISADM,CI_SCM_CHAR,XM242S1,2,SRCH_CHAR_VAL,ASC
CISADM,CI_SCM_K,XM515P0,1,SCM_ID,ASC
CISADM,CI_SCM_K,XM515P0,2,ENV_ID,ASC
CISADM,CI_SCM_NCTV_RSN,XC417P0,1,SCM_INACTV_RSN_CD,ASC
CISADM,CI_SCM_NCTV_RSN_L,XC418P0,1,SCM_INACTV_RSN_CD,ASC
CISADM,CI_SCM_NCTV_RSN_L,XC418P0,2,LANGUAGE_CD,ASC
CISADM,CI_SCM_TYPE,XC419P0,1,SCM_TYPE_CD,ASC
CISADM,CI_SCM_TYPE_ALG,XC420P0,1,SCM_TYPE_CD,ASC
CISADM,CI_SCM_TYPE_ALG,XC420P0,2,SCM_ALG_ENTITY_FLG,ASC
CISADM,CI_SCM_TYPE_ALG,XC420P0,3,SEQ_NUM,ASC
CISADM,CI_SCM_TYPE_L,XC421P0,1,SCM_TYPE_CD,ASC
CISADM,CI_SCM_TYPE_L,XC421P0,2,LANGUAGE_CD,ASC
CISADM,CI_SCR,XC381P0,1,SCR_CD,ASC
CISADM,CI_SCR_CRT,XC441P0,1,SCR_CD,ASC
CISADM,CI_SCR_CRT,XC441P0,2,SCR_CRT_GRP_NBR,ASC
CISADM,CI_SCR_CRT,XC441P0,3,SEQ_NUM,ASC
CISADM,CI_SCR_CRT_GRP,XC442P0,1,SCR_CD,ASC
CISADM,CI_SCR_CRT_GRP,XC442P0,2,SCR_CRT_GRP_NBR,ASC
CISADM,CI_SCR_CRT_GRP_L,XC443P0,1,SCR_CD,ASC
CISADM,CI_SCR_CRT_GRP_L,XC443P0,2,SCR_CRT_GRP_NBR,ASC
CISADM,CI_SCR_CRT_GRP_L,XC443P0,3,LANGUAGE_CD,ASC
CISADM,CI_SCR_DA,FC010P0,1,SCR_CD,ASC
CISADM,CI_SCR_DA,FC010P0,2,DA_NAME,ASC
CISADM,CI_SCR_FLD_MAP,XC754P0,1,SCR_CD,ASC
CISADM,CI_SCR_FLD_MAP,XC754P0,2,STEP_SEQ_NUM,ASC
CISADM,CI_SCR_FLD_MAP,XC754P0,3,FUNC_CD,ASC
CISADM,CI_SCR_FLD_MAP,XC754P0,4,FUNC_FLD_NAME,ASC
CISADM,CI_SCR_L,XC382P0,1,SCR_CD,ASC
CISADM,CI_SCR_L,XC382P0,2,LANGUAGE_CD,ASC
CISADM,CI_SCR_PRMPT,XC383P0,1,SCR_CD,ASC
CISADM,CI_SCR_PRMPT,XC383P0,2,STEP_SEQ_NUM,ASC
CISADM,CI_SCR_PRMPT,XC383P0,3,SEQ_NUM,ASC
CISADM,CI_SCR_PRMPT_L,XC384P0,1,SCR_CD,ASC
CISADM,CI_SCR_PRMPT_L,XC384P0,2,STEP_SEQ_NUM,ASC
CISADM,CI_SCR_PRMPT_L,XC384P0,3,SEQ_NUM,ASC
CISADM,CI_SCR_PRMPT_L,XC384P0,4,LANGUAGE_CD,ASC
CISADM,CI_SCR_STEP,XC385P0,1,SCR_CD,ASC
CISADM,CI_SCR_STEP,XC385P0,2,STEP_SEQ_NUM,ASC
CISADM,CI_SCR_STEP_L,XC358P0,1,SCR_CD,ASC
CISADM,CI_SCR_STEP_L,XC358P0,2,STEP_SEQ_NUM,ASC
CISADM,CI_SCR_STEP_L,XC358P0,3,LANGUAGE_CD,ASC
CISADM,CI_SC_AUTH_LVL,XC363P0,1,SC_TYPE_CD,ASC
CISADM,CI_SC_AUTH_LVL,XC363P0,2,AUTH_LEVEL_NBR,ASC
CISADM,CI_SC_AUTH_LVL_L,XC364P0,1,SC_TYPE_CD,ASC
CISADM,CI_SC_AUTH_LVL_L,XC364P0,2,AUTH_LEVEL_NBR,ASC
CISADM,CI_SC_AUTH_LVL_L,XC364P0,3,LANGUAGE_CD,ASC
CISADM,CI_SC_EVT,XT242P0,1,SC_EVT_ID,ASC
CISADM,CI_SC_EVT,XT242S1,1,SCM_ID,ASC
CISADM,CI_SC_EVT,XT242S1,2,SC_EVT_STATUS_FLG,ASC
CISADM,CI_SC_EVTTY_ALG,XC416P0,1,SC_EVT_TYPE_CD,ASC
CISADM,CI_SC_EVTTY_ALG,XC416P0,2,SCE_ALG_ENTITY_FLG,ASC
CISADM,CI_SC_EVTTY_ALG,XC416P0,3,SEQ_NUM,ASC
CISADM,CI_SC_EVT_FT,XM243P0,1,SC_EVT_FT_ID,ASC
CISADM,CI_SC_EVT_FT,XM243S1,1,SC_EVT_ID,ASC
CISADM,CI_SC_EVT_FT_K,XM516P0,1,SC_EVT_FT_ID,ASC
CISADM,CI_SC_EVT_FT_K,XM516P0,2,ENV_ID,ASC
CISADM,CI_SC_EVT_K,XT541P0,1,SC_EVT_ID,ASC
CISADM,CI_SC_EVT_K,XT541P0,2,ENV_ID,ASC
CISADM,CI_SC_EVT_TYPE,XC414P0,1,SC_EVT_TYPE_CD,ASC
CISADM,CI_SC_EVT_TYPE_L,XC415P0,1,SC_EVT_TYPE_CD,ASC
CISADM,CI_SC_EVT_TYPE_L,XC415P0,2,LANGUAGE_CD,ASC
CISADM,CI_SC_TYPE,XC361P0,1,SC_TYPE_CD,ASC
CISADM,CI_SC_TYPE_L,XC362P0,1,SC_TYPE_CD,ASC
CISADM,CI_SC_TYPE_L,XC362P0,2,LANGUAGE_CD,ASC
CISADM,CI_SEAS_SHIFT,XC651P0,1,SEASON_TM_SHIFT_CD,ASC
CISADM,CI_SEAS_SHIFT,XC651P0,2,EFF_DTTM,ASC
CISADM,CI_SEAS_TM_SHIFT,XC650P0,1,SEASON_TM_SHIFT_CD,ASC
CISADM,CI_SEAS_TM_SHIFT_L,XC609P0,1,SEASON_TM_SHIFT_CD,ASC
CISADM,CI_SEAS_TM_SHIFT_L,XC609P0,2,LANGUAGE_CD,ASC
CISADM,CI_SEQ,XC268P0,1,SEQ_NAME,ASC
CISADM,CI_SEV_CRIT,XC213P0,1,CIS_DIVISION,ASC
CISADM,CI_SEV_CRIT,XC213P0,2,SA_TYPE_CD,ASC
CISADM,CI_SEV_CRIT,XC213P0,3,CRIT_PRIO_FLG,ASC
CISADM,CI_SEV_EVT,XT214P0,1,SEV_PROC_ID,ASC
CISADM,CI_SEV_EVT,XT214P0,2,EVT_SEQ,ASC
CISADM,CI_SEV_EVT_CC,XT215P0,1,SEV_PROC_ID,ASC
CISADM,CI_SEV_EVT_CC,XT215P0,2,EVT_SEQ,ASC
CISADM,CI_SEV_EVT_CC,XT215P0,3,CC_ID,ASC
CISADM,CI_SEV_EVT_CC,XT215S1,1,CC_ID,ASC
CISADM,CI_SEV_EVT_DEP,XT216P0,1,SEV_PROC_ID,ASC
CISADM,CI_SEV_EVT_DEP,XT216P0,2,EVT_SEQ,ASC
CISADM,CI_SEV_EVT_DEP,XT216P0,3,SEQ_NUM,ASC
CISADM,CI_SEV_EVT_FA,XT217P0,1,SEV_PROC_ID,ASC
CISADM,CI_SEV_EVT_FA,XT217P0,2,EVT_SEQ,ASC
CISADM,CI_SEV_EVT_FA,XT217P0,3,FA_ID,ASC
CISADM,CI_SEV_EVT_FA,XT217S1,1,FA_ID,ASC
CISADM,CI_SEV_EVT_TYPE,XC020P0,1,SEV_EVT_TYPE_CD,ASC
CISADM,CI_SEV_EVT_TYPE,XC020S1,1,CC_CL_CD,ASC
CISADM,CI_SEV_EVT_TYPE,XC020S1,2,CC_TYPE_CD,ASC
CISADM,CI_SEV_EVT_TYPE,XC020S1,3,SEV_EVT_TYPE_CD,ASC
CISADM,CI_SEV_EVT_TYPE,XC020S1,4,SEV_EVT_TYPE_FLG,ASC
CISADM,CI_SEV_EVT_TYPE,XC020S3,1,SEV_EVT_TYPE_FLG,ASC
CISADM,CI_SEV_EVT_TYPE,XC020S3,2,CUST_EVT_FLG,ASC
CISADM,CI_SEV_EVT_TYPE_L,XC572P0,1,SEV_EVT_TYPE_CD,ASC
CISADM,CI_SEV_EVT_TYPE_L,XC572P0,2,LANGUAGE_CD,ASC
CISADM,CI_SEV_PROC,XT118P0,1,SEV_PROC_ID,ASC
CISADM,CI_SEV_PROC,XT118S1,1,SA_ID,ASC
CISADM,CI_SEV_PROC,XT118S1,2,SEV_PROC_ID,ASC
CISADM,CI_SEV_PROC,XT118S2,1,COLL_PROC_ID,ASC
CISADM,CI_SEV_PROC,XT118S2,2,EVT_SEQ,ASC
CISADM,CI_SEV_PROC_K,XT542P0,1,SEV_PROC_ID,ASC
CISADM,CI_SEV_PROC_K,XT542P0,2,ENV_ID,ASC
CISADM,CI_SEV_PROC_TMP,XC221P0,1,SEV_PROC_TMPL_CD,ASC
CISADM,CI_SEV_PROC_TMP_L,XC573P0,1,LANGUAGE_CD,ASC
CISADM,CI_SEV_PROC_TMP_L,XC573P0,2,SEV_PROC_TMPL_CD,ASC
CISADM,CI_SEV_RESP,XC223P0,1,SEV_PROC_TMPL_CD,ASC
CISADM,CI_SEV_RESP,XC223P0,2,EVT_SEQ,ASC
CISADM,CI_SEV_RESP_DEP,XC224P0,1,SEV_PROC_TMPL_CD,ASC
CISADM,CI_SEV_RESP_DEP,XC224P0,2,EVT_SEQ,ASC
CISADM,CI_SEV_RESP_DEP,XC224P0,3,SEQ_NUM,ASC
CISADM,CI_SIC,XC225P0,1,SIC_CD,ASC
CISADM,CI_SIC_L,XC574P0,1,SIC_CD,ASC
CISADM,CI_SIC_L,XC574P0,2,LANGUAGE_CD,ASC
CISADM,CI_SP,CM_XM226S1,1,PREM_ID,ASC
CISADM,CI_SP,CM_XM226S1,2,SP_ID,ASC
CISADM,CI_SP,CM_XM226S1,3,SP_TYPE_CD,ASC
CISADM,CI_SP,XM226P0,1,SP_ID,ASC
CISADM,CI_SP,XM226S1,1,PREM_ID,ASC
CISADM,CI_SP,XM226S2,1,MR_CYC_CD,ASC
CISADM,CI_SP,XM226S2,2,MR_RTE_CD,ASC
CISADM,CI_SP,XM226S2,3,MR_CYC_RTE_SEQ,ASC
CISADM,CI_SP,XM266S3,1,SP_TYPE_CD,ASC
CISADM,CI_SP,XM266S3,2,SP_ID,ASC
CISADM,CI_SPR,XC339P0,1,SPR_CD,ASC
CISADM,CI_SPR,XC339S1,1,NT_XID_CD,ASC
CISADM,CI_SPR,XC339S2,1,BUS_OBJ_CD,ASC
CISADM,CI_SPR_BMSG,XC161P0,1,SPR_CD,ASC
CISADM,CI_SPR_BMSG,XC161P0,2,BILL_MSG_CD,ASC
CISADM,CI_SPR_BMSG,XC161P0,3,START_DT,ASC
CISADM,CI_SPR_CHAR,XC311P0,1,SPR_CD,ASC
CISADM,CI_SPR_CHAR,XC311P0,2,CHAR_TYPE_CD,ASC
CISADM,CI_SPR_CHAR,XC311P0,3,EFFDT,ASC
CISADM,CI_SPR_CHAR,XC311S1,1,SRCH_CHAR_VAL,ASC
CISADM,CI_SPR_L,XC576P0,1,LANGUAGE_CD,ASC
CISADM,CI_SPR_L,XC576P0,2,SPR_CD,ASC
CISADM,CI_SPR_POST,XC340P0,1,SPR_CD,ASC
CISADM,CI_SPR_POST,XC340P0,2,SA_REL_TYPE_CD,ASC
CISADM,CI_SPR_POST,XC340P0,3,POSTAL_CD_FROM,ASC
CISADM,CI_SPR_SARELTY,XC021P0,1,SPR_CD,ASC
CISADM,CI_SPR_SARELTY,XC021P0,2,SA_REL_TYPE_CD,ASC
CISADM,CI_SPR_VALID,XC348P0,1,CIS_DIVISION,ASC
CISADM,CI_SPR_VALID,XC348P0,2,SA_TYPE_CD,ASC
CISADM,CI_SPR_VALID,XC348P0,3,SA_REL_TYPE_CD,ASC
CISADM,CI_SPR_VALID,XC348P0,4,SPR_CD,ASC
CISADM,CI_SPTY_ITEMTY,XC237P0,1,SP_TYPE_CD,ASC
CISADM,CI_SPTY_ITEMTY,XC237P0,2,ITEM_TYPE_CD,ASC
CISADM,CI_SPTY_MTRTY,XC238P0,1,SP_TYPE_CD,ASC
CISADM,CI_SPTY_MTRTY,XC238P0,2,MTR_TYPE_CD,ASC
CISADM,CI_SPTY_MTRTY,XC238S1,1,MTR_TYPE_CD,ASC
CISADM,CI_SPTY_MTRTY,XC238S1,2,SP_TYPE_CD,ASC
CISADM,CI_SP_CHAR,C1M002S1,1,SRCH_CHAR_VAL,ASC
CISADM,CI_SP_CHAR,XM227P0,1,SP_ID,ASC
CISADM,CI_SP_CHAR,XM227P0,2,CHAR_TYPE_CD,ASC
CISADM,CI_SP_CHAR,XM227P0,3,EFFDT,ASC
CISADM,CI_SP_EQ,XM003P0,1,SP_ID,ASC
CISADM,CI_SP_EQ,XM003P0,2,ITEM_ID_EQ,ASC
CISADM,CI_SP_EQ,XM003P0,3,INSTALL_DT,ASC
CISADM,CI_SP_GEO,XM228P0,1,SP_ID,ASC
CISADM,CI_SP_GEO,XM228P0,2,GEO_TYPE_CD,ASC
CISADM,CI_SP_GEO,XM228S1,1,GEO_TYPE_CD,ASC
CISADM,CI_SP_GEO,XM228S1,2,GEO_VAL,ASC
CISADM,CI_SP_ITEM_EVT,XT229P0,1,SP_ITEM_HIST_ID,ASC
CISADM,CI_SP_ITEM_EVT,XT229P0,2,SEQNO,ASC
CISADM,CI_SP_ITEM_HIST,XT230P0,1,SP_ITEM_HIST_ID,ASC
CISADM,CI_SP_ITEM_HIST,XT230S1,1,SP_ID,ASC
CISADM,CI_SP_ITEM_HIST,XT230S2,1,ITEM_ID,ASC
CISADM,CI_SP_ITEM_HIST_K,XT543P0,1,SP_ITEM_HIST_ID,ASC
CISADM,CI_SP_ITEM_HIST_K,XT543P0,2,ENV_ID,ASC
CISADM,CI_SP_K,XM517P0,1,SP_ID,ASC
CISADM,CI_SP_K,XM517P0,2,ENV_ID,ASC
CISADM,CI_SP_MTR_EVT,XT231P0,1,SP_MTR_HIST_ID,ASC
CISADM,CI_SP_MTR_EVT,XT231P0,2,SEQNO,ASC
CISADM,CI_SP_MTR_EVT,XT231S1,1,MR_ID,ASC
CISADM,CI_SP_MTR_EVT,XT231S1,2,SP_MTR_EVT_FLG,ASC
CISADM,CI_SP_MTR_EVT,XT231S2,1,SP_MTR_HIST_ID,ASC
CISADM,CI_SP_MTR_EVT,XT231S2,2,SP_MTR_EVT_FLG,ASC
CISADM,CI_SP_MTR_EVT,XT231S2,3,MR_ID,ASC
CISADM,CI_SP_MTR_HIST,XT232P0,1,SP_MTR_HIST_ID,ASC
CISADM,CI_SP_MTR_HIST,XT232S1,1,SP_ID,ASC
CISADM,CI_SP_MTR_HIST,XT232S2,1,MTR_CONFIG_ID,ASC
CISADM,CI_SP_MTR_HIST_K,XT544P0,1,SP_MTR_HIST_ID,ASC
CISADM,CI_SP_MTR_HIST_K,XT544P0,2,ENV_ID,ASC
CISADM,CI_SP_MULT_ITEM,XM233P0,1,SP_ID,ASC
CISADM,CI_SP_MULT_ITEM,XM233P0,2,EFFDT,ASC
CISADM,CI_SP_OP_AREA,XM149P0,1,SP_ID,ASC
CISADM,CI_SP_OP_AREA,XM149P0,2,FS_CL_CD,ASC
CISADM,CI_SP_RTE,XC792P0,1,SP_ID,ASC
CISADM,CI_SP_RTE,XC792P0,2,EFFDT,ASC
CISADM,CI_SP_RTE,XC792P0,3,SVC_CYC_CD,ASC
CISADM,CI_SP_RTE,XC792P0,4,SVC_RTE_CD,ASC
CISADM,CI_SP_RTE_CFG,XC793P0,1,SP_ID,ASC
CISADM,CI_SP_RTE_CFG,XC793P0,2,EFFDT,ASC
CISADM,CI_SP_TYPE,XC235P0,1,SP_TYPE_CD,ASC
CISADM,CI_SP_TYPE,XC235S2,1,SVC_TYPE_CD,ASC
CISADM,CI_SP_TYPE,XC235S2,2,SP_TYPE_CD,ASC
CISADM,CI_SP_TYPE,XC235S3,1,SP_SUBTYPE_FLG,ASC
CISADM,CI_SP_TYPE,XC235S3,2,SP_TYPE_CD,ASC
CISADM,CI_SP_TYPE,XC235S5,1,FA_TYPE_PROF_CD,ASC
CISADM,CI_SP_TYPE,XC235S5,2,SP_TYPE_CD,ASC
CISADM,CI_SP_TYPE_CHAR,XC236P0,1,SP_TYPE_CD,ASC
CISADM,CI_SP_TYPE_CHAR,XC236P0,2,CHAR_TYPE_CD,ASC
CISADM,CI_SP_TYPE_CHAR,XC236P0,3,SEQ_NUM,ASC
CISADM,CI_SP_TYPE_EQ,XC124P0,1,SP_TYPE_CD,ASC
CISADM,CI_SP_TYPE_EQ,XC124P0,2,ITEM_TYPE_CD_EQ,ASC
CISADM,CI_SP_TYPE_L,XC575P0,1,SP_TYPE_CD,ASC
CISADM,CI_SP_TYPE_L,XC575P0,2,LANGUAGE_CD,ASC
CISADM,CI_SQI,XC240P0,1,SQI_CD,ASC
CISADM,CI_SQI_L,XC578P0,1,SQI_CD,ASC
CISADM,CI_SQI_L,XC578P0,2,LANGUAGE_CD,ASC
CISADM,CI_SQ_RULE,XC239P0,1,SQ_RULE_CD,ASC
CISADM,CI_SQ_RULE,XC239S1,1,TOU_CD,ASC
CISADM,CI_SQ_RULE,XC239S1,2,UOM_CD,ASC
CISADM,CI_SQ_RULE,XC239S1,3,SQI_CD,ASC
CISADM,CI_SQ_RULE,XC239S1,4,SQ_RULE_CD,ASC
CISADM,CI_SQ_RULE_L,XC577P0,1,SQ_RULE_CD,ASC
CISADM,CI_SQ_RULE_L,XC577P0,2,LANGUAGE_CD,ASC
CISADM,CI_SS_ADDR_OVRD,XM200P0,1,ACCT_ID,ASC
CISADM,CI_SS_OPT,XC244P0,1,CIS_DIVISION,ASC
CISADM,CI_SS_OPT,XC244P0,2,SA_TYPE_CD,ASC
CISADM,CI_SS_OPT,XC244P0,3,START_OPT_CD,ASC
CISADM,CI_SS_OPT,XC244P0,4,EFFDT,ASC
CISADM,CI_SS_OPT_COP,XC411P0,1,CIS_DIVISION,ASC
CISADM,CI_SS_OPT_COP,XC411P0,2,SA_TYPE_CD,ASC
CISADM,CI_SS_OPT_COP,XC411P0,3,START_OPT_CD,ASC
CISADM,CI_SS_OPT_COP,XC411P0,4,EFFDT,ASC
CISADM,CI_SS_OPT_COP,XC411P0,5,CONT_OPT_TYPE_CD,ASC
CISADM,CI_SS_OPT_COP,XC411P0,6,CONT_OPT_ID,ASC
CISADM,CI_SS_OPT_IP,XC189P0,1,CIS_DIVISION,ASC
CISADM,CI_SS_OPT_IP,XC189P0,2,SA_TYPE_CD,ASC
CISADM,CI_SS_OPT_IP,XC189P0,3,START_OPT_CD,ASC
CISADM,CI_SS_OPT_IP,XC189P0,4,EFFDT,ASC
CISADM,CI_SS_OPT_IP,XC189P0,5,INTV_PF_REL_TYP_CD,ASC
CISADM,CI_SS_OPT_L,XC579P0,1,LANGUAGE_CD,ASC
CISADM,CI_SS_OPT_L,XC579P0,2,CIS_DIVISION,ASC
CISADM,CI_SS_OPT_L,XC579P0,3,SA_TYPE_CD,ASC
CISADM,CI_SS_OPT_L,XC579P0,4,START_OPT_CD,ASC
CISADM,CI_SS_OPT_L,XC579P0,5,EFFDT,ASC
CISADM,CI_SS_OPT_TC,XC310P0,1,CIS_DIVISION,ASC
CISADM,CI_SS_OPT_TC,XC310P0,2,SA_TYPE_CD,ASC
CISADM,CI_SS_OPT_TC,XC310P0,3,START_OPT_CD,ASC
CISADM,CI_SS_OPT_TC,XC310P0,4,EFFDT,ASC
CISADM,CI_SS_OPT_TC,XC310P0,5,TC_TYPE_CD,ASC
CISADM,CI_SS_OPT_TMAP,XC190P0,1,CIS_DIVISION,ASC
CISADM,CI_SS_OPT_TMAP,XC190P0,2,SA_TYPE_CD,ASC
CISADM,CI_SS_OPT_TMAP,XC190P0,3,START_OPT_CD,ASC
CISADM,CI_SS_OPT_TMAP,XC190P0,4,EFFDT,ASC
CISADM,CI_SS_OPT_TMAP,XC190P0,5,TMAP_REL_TYPE_CD,ASC
CISADM,CI_SS_PHONE_OVRD,XM267P0,1,ACCT_ID,ASC
CISADM,CI_SS_PHONE_OVRD,XM267P0,2,SEQ_NUM,ASC
CISADM,CI_STATE,XC304P0,1,COUNTRY,ASC
CISADM,CI_STATE,XC304P0,2,STATE,ASC
CISADM,CI_STATE_L,XC580P0,1,STATE,ASC
CISADM,CI_STATE_L,XC580P0,2,COUNTRY,ASC
CISADM,CI_STATE_L,XC580P0,3,LANGUAGE_CD,ASC
CISADM,CI_STK_LOC,XM250P0,1,STK_LOC_CD,ASC
CISADM,CI_STK_LOC,XM250S1,1,PARENT_STK_LOC_CD,ASC
CISADM,CI_STK_LOC_CHAR,XM252P0,1,STK_LOC_CD,ASC
CISADM,CI_STK_LOC_CHAR,XM252P0,2,CHAR_TYPE_CD,ASC
CISADM,CI_STK_LOC_CHAR,XM252P0,3,EFFDT,ASC
CISADM,CI_STK_LOC_CHAR,XM252S1,1,SRCH_CHAR_VAL,ASC
CISADM,CI_STK_LOC_L,XM251P0,1,STK_LOC_CD,ASC
CISADM,CI_STK_LOC_L,XM251P0,2,LANGUAGE_CD,ASC
CISADM,CI_STK_LOC_L,XM251S1,1,DESCR,ASC
CISADM,CI_STK_LOC_L,XM251S1,2,LANGUAGE_CD,ASC
CISADM,CI_STM,XT088P0,1,STM_ID,ASC
CISADM,CI_STM_CNST,XM121P0,1,STM_CNST_ID,ASC
CISADM,CI_STM_CNST_DTL,XM122P0,1,STM_CNST_DTL_ID,ASC
CISADM,CI_STM_CNST_DTL,XM122S1,1,STM_CNST_ID,ASC
CISADM,CI_STM_CNST_DTL_K,XM519P0,1,STM_CNST_DTL_ID,ASC
CISADM,CI_STM_CNST_DTL_K,XM519P0,2,ENV_ID,ASC
CISADM,CI_STM_CNST_K,XM518P0,1,STM_CNST_ID,ASC
CISADM,CI_STM_CNST_K,XM518P0,2,ENV_ID,ASC
CISADM,CI_STM_CYC,XC289P0,1,STM_CYC_CD,ASC
CISADM,CI_STM_CYC_L,XC303P0,1,STM_CYC_CD,ASC
CISADM,CI_STM_CYC_L,XC303P0,2,LANGUAGE_CD,ASC
CISADM,CI_STM_CYC_SCH,XC288P0,1,STM_CYC_CD,ASC
CISADM,CI_STM_CYC_SCH,XC288P0,2,PROC_DT,ASC
CISADM,CI_STM_DTL,XT119P0,1,STM_DTL_ID,ASC
CISADM,CI_STM_DTL,XT119S1,1,STM_ID,ASC
CISADM,CI_STM_DTL_K,XT546P0,1,STM_DTL_ID,ASC
CISADM,CI_STM_DTL_K,XT546P0,2,ENV_ID,ASC
CISADM,CI_STM_K,XT545P0,1,STM_ID,ASC
CISADM,CI_STM_K,XT545P0,2,ENV_ID,ASC
CISADM,CI_STM_RTE_TY,XC278P0,1,STM_RTE_TYPE_CD,ASC
CISADM,CI_STM_RTE_TY_L,XC277P0,1,STM_RTE_TYPE_CD,ASC
CISADM,CI_STM_RTE_TY_L,XC277P0,2,LANGUAGE_CD,ASC
CISADM,CI_SVC_RTE_STG_DWN,XT790P0,1,SVC_RTE_STG_DWN_ID,ASC
CISADM,CI_SVC_RTE_STG_DWN_K,XT791P0,1,SVC_RTE_STG_DWN_ID,ASC
CISADM,CI_SVC_RTE_STG_DWN_K,XT791P0,2,ENV_ID,ASC
CISADM,CI_SVC_TYPE,XC247P0,1,SVC_TYPE_CD,ASC
CISADM,CI_SVC_TYPE_L,XC581P0,1,SVC_TYPE_CD,ASC
CISADM,CI_SVC_TYPE_L,XC581P0,2,LANGUAGE_CD,ASC
CISADM,CI_SVC_TYP_DFLT,XC246P0,1,POSTAL_CD_FROM,ASC
CISADM,CI_SVC_TYP_DFLT,XC246P0,2,COUNTRY,ASC
CISADM,CI_SVC_TYP_DFLT,XC246P0,3,SVC_TYPE_CD,ASC
CISADM,CI_SYSDATA_LOG,F1T900S2,1,LOG_STATUS_FLG,ASC
CISADM,CI_SYSDATA_LOG,F1T900S2,2,GROUP_FIX_NAME,ASC
CISADM,CI_SYSDATA_LOG,F1T900S3,1,PK_VAL1,ASC
CISADM,CI_SYSDATA_LOG,F1T900S3,2,PK_VAL2,ASC
CISADM,CI_SYSDATA_LOG,XT900P0,1,SYSDATA_LOG_ID,ASC
CISADM,CI_SYSDATA_LOG,XT900S1,1,LOG_CRE_USER,ASC
CISADM,CI_SYSDATA_LOG,XT900S1,2,CHANGE_REF_NAME,ASC
CISADM,CI_SYSDATA_LOG,XT900S1,3,LOG_STATUS_FLG,ASC
CISADM,CI_TAX_EX_TYPE,XC248P0,1,TAX_EX_TYPE_CD,ASC
CISADM,CI_TAX_EX_TYPE_L,XC582P0,1,TAX_EX_TYPE_CD,ASC
CISADM,CI_TAX_EX_TYPE_L,XC582P0,2,LANGUAGE_CD,ASC
CISADM,CI_TC,XC281P0,1,TC_TYPE_CD,ASC
CISADM,CI_TC_L,XC284P0,1,TC_TYPE_CD,ASC
CISADM,CI_TC_L,XC284P0,2,LANGUAGE_CD,ASC
CISADM,CI_TD_DRLKEY,XT037P0,1,TD_ENTRY_ID,ASC
CISADM,CI_TD_DRLKEY,XT037P0,2,SEQ_NUM,ASC
CISADM,CI_TD_DRLKEY,XT037S1,1,KEY_VALUE,ASC
CISADM,CI_TD_DRLKEY,XT037S1,2,TD_ENTRY_ID,ASC
CISADM,CI_TD_DRLKEY_TY,XC125P0,1,TD_TYPE_CD,ASC
CISADM,CI_TD_DRLKEY_TY,XC125P0,2,SEQ_NUM,ASC
CISADM,CI_TD_ENTRY,XT039P0,1,TD_ENTRY_ID,ASC
CISADM,CI_TD_ENTRY,XT039S2,1,ASSIGNED_TO,ASC
CISADM,CI_TD_ENTRY,XT039S2,2,TD_ENTRY_ID,ASC
CISADM,CI_TD_ENTRY,XT039S3,1,ENTRY_STATUS_FLG,ASC
CISADM,CI_TD_ENTRY,XT039S3,2,ASSIGNED_TO,ASC
CISADM,CI_TD_ENTRY,XT039S3,3,TD_TYPE_CD,ASC
CISADM,CI_TD_ENTRY,XT039S4,1,ROLE_ID,ASC
CISADM,CI_TD_ENTRY,XT039S4,2,TD_TYPE_CD,ASC
CISADM,CI_TD_ENTRY,XT039S4,3,ENTRY_STATUS_FLG,ASC
CISADM,CI_TD_ENTRY,XT039S4,4,TD_PRIORITY_FLG,ASC
CISADM,CI_TD_ENTRY,XT039S4,5,ASSIGNED_TO,ASC
CISADM,CI_TD_ENTRY,XT039S4,6,CRE_DTTM,ASC
CISADM,CI_TD_ENTRY,XT039S5,1,BATCH_CD,ASC
CISADM,CI_TD_ENTRY,XT039S5,2,BATCH_NBR,ASC
CISADM,CI_TD_ENTRY,XT039S5,3,ENTRY_STATUS_FLG,ASC
CISADM,CI_TD_ENTRY,XT039S6,1,TD_ENTRY_ID,ASC
CISADM,CI_TD_ENTRY,XT039S6,2,ASSIGNED_TO,ASC
CISADM,CI_TD_ENTRY,XT039S6,3,ENTRY_STATUS_FLG,ASC
CISADM,CI_TD_ENTRY,XT039S7,1,COMPLETE_USER_ID,ASC
CISADM,CI_TD_ENTRY,XT039S7,2,COMPLETE_DTTM,ASC
CISADM,CI_TD_ENTRY,XT039S7,3,TD_ENTRY_ID,ASC
CISADM,CI_TD_ENTRY,XT039S8,1,ENTRY_STATUS_FLG,ASC
CISADM,CI_TD_ENTRY,XT039S8,2,TD_TYPE_CD,ASC
CISADM,CI_TD_ENTRY,XT039S8,3,MESSAGE_CAT_NBR,ASC
CISADM,CI_TD_ENTRY,XT039S8,4,MESSAGE_NBR,ASC
CISADM,CI_TD_ENTRY_CHA,XT701P0,1,TD_ENTRY_ID,ASC
CISADM,CI_TD_ENTRY_CHA,XT701P0,2,CHAR_TYPE_CD,ASC
CISADM,CI_TD_ENTRY_CHA,XT701P0,3,SEQ_NUM,ASC
CISADM,CI_TD_ENTRY_CHA,XT701S1,1,SRCH_CHAR_VAL,ASC
CISADM,CI_TD_ENTRY_CHA,XT701S1,2,CHAR_TYPE_CD,ASC
CISADM,CI_TD_ENTRY_CHA,XT701S1,3,TD_ENTRY_ID,ASC
CISADM,CI_TD_ENTRY_CHA,XT701S2,1,CHAR_VAL_FK1,ASC
CISADM,CI_TD_ENTRY_K,XT547P0,1,TD_ENTRY_ID,ASC
CISADM,CI_TD_ENTRY_K,XT547P0,2,ENV_ID,ASC
CISADM,CI_TD_EX_LIST,XC652P0,1,TD_TYPE_CD,ASC
CISADM,CI_TD_EX_LIST,XC652P0,2,MESSAGE_CAT_NBR,ASC
CISADM,CI_TD_EX_LIST,XC652P0,3,MESSAGE_NBR,ASC
CISADM,CI_TD_LOG,XT721P0,1,TD_ENTRY_ID,ASC
CISADM,CI_TD_LOG,XT721P0,2,SEQ_NUM,ASC
CISADM,CI_TD_LOG,XT721S1,1,LOG_DTTM,ASC
CISADM,CI_TD_LOG,XT721S1,2,USER_ID,ASC
CISADM,CI_TD_LOG,XT721S1,3,LOG_TYPE_FLG,ASC
CISADM,CI_TD_LOG,XT721S1,4,TD_ENTRY_ID,ASC
CISADM,CI_TD_MSG_PARM,XT040P0,1,TD_ENTRY_ID,ASC
CISADM,CI_TD_MSG_PARM,XT040P0,2,SEQ_NUM,ASC
CISADM,CI_TD_SRTKEY,XT041P0,1,TD_ENTRY_ID,ASC
CISADM,CI_TD_SRTKEY,XT041P0,2,SEQ_NUM,ASC
CISADM,CI_TD_SRTKEY,XT041S1,1,KEY_VALUE,ASC
CISADM,CI_TD_SRTKEY,XT041S1,2,TD_ENTRY_ID,ASC
CISADM,CI_TD_SRTKEY_TY,XC126P0,1,TD_TYPE_CD,ASC
CISADM,CI_TD_SRTKEY_TY,XC126P0,2,SEQ_NUM,ASC
CISADM,CI_TD_SRTKEY_TY_L,XC165P0,1,TD_TYPE_CD,ASC
CISADM,CI_TD_SRTKEY_TY_L,XC165P0,2,SEQ_NUM,ASC
CISADM,CI_TD_SRTKEY_TY_L,XC165P0,3,LANGUAGE_CD,ASC
CISADM,CI_TD_TYPE,XC129P0,1,TD_TYPE_CD,ASC
CISADM,CI_TD_TYPE_ALG,FC030P0,1,TD_TYPE_CD,ASC
CISADM,CI_TD_TYPE_ALG,FC030P0,2,TD_TYPE_SEVT_FLG,ASC
CISADM,CI_TD_TYPE_ALG,FC030P0,3,SEQ_NUM,ASC
CISADM,CI_TD_TYPE_CHAR,FC031P0,1,TD_TYPE_CD,ASC
CISADM,CI_TD_TYPE_CHAR,FC031P0,2,CHAR_TYPE_CD,ASC
CISADM,CI_TD_TYPE_CHAR,FC031P0,3,SEQ_NUM,ASC
CISADM,CI_TD_TYPE_CHAR,FC031S1,1,SRCH_CHAR_VAL,ASC
CISADM,CI_TD_TYPE_L,XC132P0,1,TD_TYPE_CD,ASC
CISADM,CI_TD_TYPE_L,XC132P0,2,LANGUAGE_CD,ASC
CISADM,CI_TD_VAL_ROLE,XC100P0,1,TD_TYPE_CD,ASC
CISADM,CI_TD_VAL_ROLE,XC100P0,2,ROLE_ID,ASC
CISADM,CI_TENDER_TYPE,XC249P0,1,TENDER_TYPE_CD,ASC
CISADM,CI_TENDER_TYPE_L,XC583P0,1,TENDER_TYPE_CD,ASC
CISADM,CI_TENDER_TYPE_L,XC583P0,2,LANGUAGE_CD,ASC
CISADM,CI_THRD_PTY,XC231P0,1,THRD_PTY_PAYOR_CD,ASC
CISADM,CI_THRD_PTY_L,XC232P0,1,THRD_PTY_PAYOR_CD,ASC
CISADM,CI_THRD_PTY_L,XC232P0,2,LANGUAGE_CD,ASC
CISADM,CI_TIME_ZONE,XC185P0,1,TIME_ZONE_CD,ASC
CISADM,CI_TIME_ZONE_L,XC186P0,1,TIME_ZONE_CD,ASC
CISADM,CI_TIME_ZONE_L,XC186P0,2,LANGUAGE_CD,ASC
CISADM,CI_TMAP_COM_CAL,XC612P0,1,TMAP_TMPL_CD,ASC
CISADM,CI_TMAP_COM_CAL,XC612P0,2,START_SEQ_NBR,ASC
CISADM,CI_TMAP_COM_CAL,XC612P0,3,START_MMDD,ASC
CISADM,CI_TMAP_COM_CAL,XC612P0,4,START_TM,ASC
CISADM,CI_TMAP_COM_DAY,XC614P0,1,TMAP_TMPL_CD,ASC
CISADM,CI_TMAP_COM_DAY,XC614P0,2,START_SEQ_NBR,ASC
CISADM,CI_TMAP_COM_DAY,XC614P0,3,START_TM,ASC
CISADM,CI_TMAP_COM_WK,XC613P0,1,TMAP_TMPL_CD,ASC
CISADM,CI_TMAP_COM_WK,XC613P0,2,START_SEQ_NBR,ASC
CISADM,CI_TMAP_COM_WK,XC613P0,3,START_WK_DAY_NUM,ASC
CISADM,CI_TMAP_COM_WK,XC613P0,4,START_TM,ASC
CISADM,CI_TMAP_REL,XC205P0,1,TMAP_REL_TYPE_CD,ASC
CISADM,CI_TMAP_REL,XC205P0,2,TOU_MAP_TYPE_CD,ASC
CISADM,CI_TMAP_RELTY,XC201P0,1,TMAP_REL_TYPE_CD,ASC
CISADM,CI_TMAP_RELTY_L,XC202P0,1,TMAP_REL_TYPE_CD,ASC
CISADM,CI_TMAP_RELTY_L,XC202P0,2,LANGUAGE_CD,ASC
CISADM,CI_TMAP_TMPL,XC610P0,1,TMAP_TMPL_CD,ASC
CISADM,CI_TMAP_TMPL_L,XC611P0,1,TMAP_TMPL_CD,ASC
CISADM,CI_TMAP_TMPL_L,XC611P0,2,LANGUAGE_CD,ASC
CISADM,CI_TMAP_TYPE,XC203P0,1,TOU_MAP_TYPE_CD,ASC
CISADM,CI_TMAP_TYPE_L,XC204P0,1,TOU_MAP_TYPE_CD,ASC
CISADM,CI_TMAP_TYPE_L,XC204P0,2,LANGUAGE_CD,ASC
CISADM,CI_TMAP_TYP_ALG,XC625P0,1,TOU_MAP_TYPE_CD,ASC
CISADM,CI_TMAP_TYP_ALG,XC625P0,2,TM_ALG_ENTITY_FLG,ASC
CISADM,CI_TMAP_TYP_ALG,XC625P0,3,SEQ_NUM,ASC
CISADM,CI_TNDR_CTL,XT251P0,1,TNDR_CTL_ID,ASC
CISADM,CI_TNDR_CTL,XT251S1,1,DEP_CTL_ID,ASC
CISADM,CI_TNDR_CTL,XT251S1,2,TNDR_CTL_ID,ASC
CISADM,CI_TNDR_CTL,XT251S2,1,TNDR_CTL_ST_FLG,ASC
CISADM,CI_TNDR_CTL,XT251S2,2,ALL_OPERATORS_SW,ASC
CISADM,CI_TNDR_CTL,XT251S2,3,TNDR_CTL_ID,ASC
CISADM,CI_TNDR_CTL,XT251S3,1,USER_ID,ASC
CISADM,CI_TNDR_CTL,XT251S3,2,TNDR_CTL_ID,ASC
CISADM,CI_TNDR_CTL,XT251S4,1,BATCH_CD,ASC
CISADM,CI_TNDR_CTL,XT251S4,2,BATCH_NBR,ASC
CISADM,CI_TNDR_CTL,XT251S4,3,TNDR_CTL_ID,ASC
CISADM,CI_TNDR_CTL_CHAR,XT414P0,1,TNDR_CTL_ID,ASC
CISADM,CI_TNDR_CTL_CHAR,XT414P0,2,CHAR_TYPE_CD,ASC
CISADM,CI_TNDR_CTL_CHAR,XT414P0,3,SEQ_NUM,ASC
CISADM,CI_TNDR_CTL_CHAR,XT414S1,1,SRCH_CHAR_VAL,ASC
CISADM,CI_TNDR_CTL_K,XT548P0,1,TNDR_CTL_ID,ASC
CISADM,CI_TNDR_CTL_K,XT548P0,2,ENV_ID,ASC
CISADM,CI_TNDR_CTL_ST,C1M252S1,1,TND_CTL_STG_ST_FLG,ASC
CISADM,CI_TNDR_CTL_ST,C1M252S1,2,TNDR_CTL_ID,ASC
CISADM,CI_TNDR_CTL_ST,XT252P0,1,EXT_SOURCE_ID,ASC
CISADM,CI_TNDR_CTL_ST,XT252P0,2,EXT_TRANSMIT_ID,ASC
CISADM,CI_TNDR_CTL_ST,XT252P0,3,EXT_BATCH_ID,ASC
CISADM,CI_TNDR_DEP,XT253P0,1,TNDR_DEP_ID,ASC
CISADM,CI_TNDR_DEP_K,XT549P0,1,TNDR_DEP_ID,ASC
CISADM,CI_TNDR_DEP_K,XT549P0,2,ENV_ID,ASC
CISADM,CI_TNDR_END_BAL,XT022P0,1,TNDR_CTL_ID,ASC
CISADM,CI_TNDR_END_BAL,XT022P0,2,TENDER_TYPE_CD,ASC
CISADM,CI_TNDR_SRCE,XC254P0,1,TNDR_SOURCE_CD,ASC
CISADM,CI_TNDR_SRCE,XC254S2,1,TNDR_SRCE_TYPE_FLG,ASC
CISADM,CI_TNDR_SRCE,XC254S2,2,TNDR_SOURCE_CD,ASC
CISADM,CI_TNDR_SRCE,XC254S3,1,EXT_SOURCE_ID,ASC
CISADM,CI_TNDR_SRCE,XC254S3,2,TNDR_SOURCE_CD,ASC
CISADM,CI_TNDR_SRCE_L,XC584P0,1,TNDR_SOURCE_CD,ASC
CISADM,CI_TNDR_SRCE_L,XC584P0,2,LANGUAGE_CD,ASC
CISADM,CI_TNDR_ST_EXCP,XT255P0,1,EXT_SOURCE_ID,ASC
CISADM,CI_TNDR_ST_EXCP,XT255P0,2,EXT_TRANSMIT_ID,ASC
CISADM,CI_TNDR_ST_EXCP,XT255P0,3,EXT_BATCH_ID,ASC
CISADM,CI_TNDR_ST_EXCP,XT255P0,4,EXT_REFERENCE_ID,ASC
CISADM,CI_TOS,XM304P0,1,TOS_ID,ASC
CISADM,CI_TOS,XM304S1,1,DESCR_UPR,ASC
CISADM,CI_TOS,XM304S2,1,UA_ID,ASC
CISADM,CI_TOS_CAN_RSN,XC712P0,1,TOS_CAN_RSN_CD,ASC
CISADM,CI_TOS_CAN_RSN_L,XC713P0,1,TOS_CAN_RSN_CD,ASC
CISADM,CI_TOS_CAN_RSN_L,XC713P0,2,LANGUAGE_CD,ASC
CISADM,CI_TOS_CE,XM305P0,1,TOS_ID,ASC
CISADM,CI_TOS_CE,XM305P0,2,CHAR_TYPE_CD,ASC
CISADM,CI_TOS_CE,XM305P0,3,SEQ_NUM,ASC
CISADM,CI_TOS_CE,XM305S1,1,SRCH_CHAR_VAL,ASC
CISADM,CI_TOS_CHAR,XM306P0,1,TOS_ID,ASC
CISADM,CI_TOS_CHAR,XM306P0,2,CHAR_TYPE_CD,ASC
CISADM,CI_TOS_CHAR,XM306P0,3,SEQ_NUM,ASC
CISADM,CI_TOS_CHAR,XM306S1,1,SRCH_CHAR_VAL,ASC
CISADM,CI_TOS_K,XM320P0,1,TOS_ID,ASC
CISADM,CI_TOS_K,XM320P0,2,ENV_ID,ASC
CISADM,CI_TOS_SA,XM308P0,1,TOS_ID,ASC
CISADM,CI_TOS_SA,XM308P0,2,SA_ID,ASC
CISADM,CI_TOS_SA,XM308S1,1,SA_ID,ASC
CISADM,CI_TOS_TYPE,XC717P0,1,TOS_TYPE_CD,ASC
CISADM,CI_TOS_TYPE_CE,XC721P0,1,TOS_TYPE_CD,ASC
CISADM,CI_TOS_TYPE_CE,XC721P0,2,CHAR_TYPE_CD,ASC
CISADM,CI_TOS_TYPE_L,XC718P0,1,TOS_TYPE_CD,ASC
CISADM,CI_TOS_TYPE_L,XC718P0,2,LANGUAGE_CD,ASC
CISADM,CI_TOU,XC260P0,1,TOU_CD,ASC
CISADM,CI_TOU_BF_VAL,XC279P0,1,BF_CD,ASC
CISADM,CI_TOU_BF_VAL,XC279P0,2,CHAR_TYPE_CD,ASC
CISADM,CI_TOU_BF_VAL,XC279P0,3,CHAR_VAL,ASC
CISADM,CI_TOU_BF_VAL,XC279P0,4,EFFDT,ASC
CISADM,CI_TOU_BF_VAL,XC279P0,5,TOU_GRP_CD,ASC
CISADM,CI_TOU_BF_VAL,XC279P0,6,TOU_CD,ASC
CISADM,CI_TOU_CONT_VAL,XM130P0,1,SA_ID,ASC
CISADM,CI_TOU_CONT_VAL,XM130P0,2,CONTERM_TYPE_FLG,ASC
CISADM,CI_TOU_CONT_VAL,XM130P0,3,START_DT,ASC
CISADM,CI_TOU_CONT_VAL,XM130P0,4,BF_CD,ASC
CISADM,CI_TOU_CONT_VAL,XM130P0,5,TOU_GRP_CD,ASC
CISADM,CI_TOU_CONT_VAL,XM130P0,6,TOU_CD,ASC
CISADM,CI_TOU_DATA,XT236P0,1,TOU_DATA_SET_ID,ASC
CISADM,CI_TOU_DATA,XT236P0,2,TOU_DATA_DTTM,ASC
CISADM,CI_TOU_DATA_SET,XT235P0,1,TOU_DATA_SET_ID,ASC
CISADM,CI_TOU_DATA_SET,XT235S1,1,TOU_MAP_ID,ASC
CISADM,CI_TOU_DATA_SET,XT235S1,2,SET_DTTM,ASC
CISADM,CI_TOU_DATA_SET_K,XT550P0,1,TOU_DATA_SET_ID,ASC
CISADM,CI_TOU_DATA_SET_K,XT550P0,2,ENV_ID,ASC
CISADM,CI_TOU_DS_EXC,XT237P0,1,TOU_DATA_SET_ID,ASC
CISADM,CI_TOU_DS_EXP,XT238P0,1,TOU_DATA_SET_ID,ASC
CISADM,CI_TOU_DS_EXP,XT238P0,2,PARM_SEQ,ASC
CISADM,CI_TOU_GRP,XC206P0,1,TOU_GRP_CD,ASC
CISADM,CI_TOU_GRP_L,XC207P0,1,TOU_GRP_CD,ASC
CISADM,CI_TOU_GRP_L,XC207P0,2,LANGUAGE_CD,ASC
CISADM,CI_TOU_GRP_TOU,XC214P0,1,TOU_GRP_CD,ASC
CISADM,CI_TOU_GRP_TOU,XC214P0,2,TOU_CD,ASC
CISADM,CI_TOU_L,XC586P0,1,TOU_CD,ASC
CISADM,CI_TOU_L,XC586P0,2,LANGUAGE_CD,ASC
CISADM,CI_TOU_MAP,XM178P0,1,TOU_MAP_ID,ASC
CISADM,CI_TOU_MAP,XM178S1,1,TOU_MAP_TYPE_CD,ASC
CISADM,CI_TOU_MAP,XM178S1,2,TOU_MAP_ID,ASC
CISADM,CI_TOU_MAP,XM178S2,1,EXT_TOU_MAP_ID,ASC
CISADM,CI_TOU_MAP_K,XM520P0,1,TOU_MAP_ID,ASC
CISADM,CI_TOU_MAP_K,XM520P0,2,ENV_ID,ASC
CISADM,CI_TOU_MAP_L,XM180P0,1,TOU_MAP_ID,ASC
CISADM,CI_TOU_MAP_L,XM180P0,2,LANGUAGE_CD,ASC
CISADM,CI_TREND,XT261P0,1,BATCH_THREAD_NBR,ASC
CISADM,CI_TREND,XT261P0,2,TREND_AREA_CD,ASC
CISADM,CI_TREND,XT261P0,3,TREND_CL_CD,ASC
CISADM,CI_TREND,XT261P0,4,UOM_CD,ASC
CISADM,CI_TREND,XT261P0,5,TOU_CD,ASC
CISADM,CI_TREND,XT261P0,6,READ_DT,ASC
CISADM,CI_TREND,XT261S1,1,TREND_AREA_CD,ASC
CISADM,CI_TREND,XT261S1,2,TREND_CL_CD,ASC
CISADM,CI_TREND,XT261S1,3,UOM_CD,ASC
CISADM,CI_TREND,XT261S1,4,TOU_CD,ASC
CISADM,CI_TREND,XT261S1,5,READ_DT,ASC
CISADM,CI_TREND_AREA,XC262P0,1,TREND_AREA_CD,ASC
CISADM,CI_TREND_AREA_L,XC587P0,1,TREND_AREA_CD,ASC
CISADM,CI_TREND_AREA_L,XC587P0,2,LANGUAGE_CD,ASC
CISADM,CI_TREND_CL,XC263P0,1,TREND_CL_CD,ASC
CISADM,CI_TREND_CL_L,XC588P0,1,TREND_CL_CD,ASC
CISADM,CI_TREND_CL_L,XC588P0,2,LANGUAGE_CD,ASC
CISADM,CI_TRG,XC982P0,1,BATCH_CD,ASC
CISADM,CI_TRG,XC982P0,2,TBL_NAME,ASC
CISADM,CI_TRG,XC982S1,1,TRIG_NAME,ASC
CISADM,CI_TRG_FLD,XC983P0,1,BATCH_CD,ASC
CISADM,CI_TRG_FLD,XC983P0,2,TBL_NAME,ASC
CISADM,CI_TRG_FLD,XC983P0,3,SEQ_NUM,ASC
CISADM,CI_TST_COMP_TYP,XC158P0,1,TST_COMP_TYP_CD,ASC
CISADM,CI_TST_COMP_TYP_L,XC046P0,1,TST_COMP_TYP_CD,ASC
CISADM,CI_TST_COMP_TYP_L,XC046P0,2,LANGUAGE_CD,ASC
CISADM,CI_TST_RES_TYP,XC135P0,1,TST_COMP_TYP_CD,ASC
CISADM,CI_TST_RES_TYP,XC135P0,2,RES_SEQNO,ASC
CISADM,CI_TST_RES_TYP_L,XC050P0,1,TST_COMP_TYP_CD,ASC
CISADM,CI_TST_RES_TYP_L,XC050P0,2,RES_SEQNO,ASC
CISADM,CI_TST_RES_TYP_L,XC050P0,3,LANGUAGE_CD,ASC
CISADM,CI_TURN_IN,XT020P0,1,TURN_IN_ID,ASC
CISADM,CI_TURN_IN,XT020S1,1,TNDR_CTL_ID,ASC
CISADM,CI_TURN_IN_K,XT551P0,1,TURN_IN_ID,ASC
CISADM,CI_TURN_IN_K,XT551P0,2,ENV_ID,ASC
CISADM,CI_UA,XM309P0,1,UA_ID,ASC
CISADM,CI_UA,XM309S1,1,RENEWAL_DT,ASC
CISADM,CI_UA,XM309S1,2,UA_STATUS_FLG,ASC
CISADM,CI_UA,XM309S2,1,DESCR_UPR,ASC
CISADM,CI_UATY_TOSTY,XC716P0,1,UA_TYPE_CD,ASC
CISADM,CI_UATY_TOSTY,XC716P0,2,TOS_TYPE_CD,ASC
CISADM,CI_UA_CHAR,XM310P0,1,UA_ID,ASC
CISADM,CI_UA_CHAR,XM310P0,2,CHAR_TYPE_CD,ASC
CISADM,CI_UA_CHAR,XM310P0,3,SEQ_NUM,ASC
CISADM,CI_UA_CHAR,XM310S1,1,SRCH_CHAR_VAL,ASC
CISADM,CI_UA_K,XM321P0,1,UA_ID,ASC
CISADM,CI_UA_K,XM321P0,2,ENV_ID,ASC
CISADM,CI_UA_PER,XM311P0,1,UA_ID,ASC
CISADM,CI_UA_PER,XM311P0,2,PER_ID,ASC
CISADM,CI_UA_TYPE,XC714P0,1,UA_TYPE_CD,ASC
CISADM,CI_UA_TYPE_ALG,XC722P0,1,UA_TYPE_CD,ASC
CISADM,CI_UA_TYPE_ALG,XC722P0,2,UA_TYPE_SEVT_FLG,ASC
CISADM,CI_UA_TYPE_ALG,XC722P0,3,SEQ_NUM,ASC
CISADM,CI_UA_TYPE_L,XC715P0,1,UA_TYPE_CD,ASC
CISADM,CI_UA_TYPE_L,XC715P0,2,LANGUAGE_CD,ASC
CISADM,CI_UI_ZONE,XC686P0,1,NAVIGATION_KEY,ASC
CISADM,CI_UI_ZONE,XC686P0,2,ZONE_CD,ASC
CISADM,CI_UOM,XC264P0,1,UOM_CD,ASC
CISADM,CI_UOM,XC264S1,1,SVC_TYPE_CD,ASC
CISADM,CI_UOM,XC264S1,2,UOM_CD,ASC
CISADM,CI_UOM_L,XC589P0,1,UOM_CD,ASC
CISADM,CI_UOM_L,XC589P0,2,LANGUAGE_CD,ASC
CISADM,CI_USR_BOOKMARK,F1C674P0,1,USER_ID,ASC
CISADM,CI_USR_BOOKMARK,F1C674P0,2,BOOKMARK_KEY,ASC
CISADM,CI_USR_GRP_SC,XC365P0,1,USR_GRP_ID,ASC
CISADM,CI_USR_GRP_SC,XC365P0,2,APP_SVC_ID,ASC
CISADM,CI_USR_GRP_SC,XC365P0,3,SC_TYPE_CD,ASC
CISADM,CI_USR_NAV_LINK,XC687P0,1,USER_ID,ASC
CISADM,CI_USR_NAV_LINK,XC687P0,2,NAV_OPT_CD,ASC
CISADM,CI_USR_PORTAL,XC673P0,1,USER_ID,ASC
CISADM,CI_USR_PORTAL,XC673P0,2,PORTAL_CD,ASC
CISADM,CI_USR_SCR,XC428P0,1,USER_ID,ASC
CISADM,CI_USR_SCR,XC428P0,2,SCR_CD,ASC
CISADM,CI_USR_ZONE,XC674P0,1,USER_ID,ASC
CISADM,CI_USR_ZONE,XC674P0,2,PORTAL_CD,ASC
CISADM,CI_USR_ZONE,XC674P0,3,ZONE_CD,ASC
CISADM,CI_USR_ZONE_SAVE,F1C901P0,1,USER_ID,ASC
CISADM,CI_USR_ZONE_SAVE,F1C901P0,2,PORTAL_CD,ASC
CISADM,CI_USR_ZONE_SAVE,F1C901P0,3,ZONE_CD,ASC
CISADM,CI_USR_ZONE_SAVE,F1C901P0,4,ZONE_SAVE_KEY,ASC
CISADM,CI_UT_INSTL,XT695P0,1,INSTL_LOG_ID,ASC
CISADM,CI_UT_INSTL_DTL,XT696P0,1,INSTL_LOG_ID,ASC
CISADM,CI_UT_INSTL_DTL,XT696P0,2,SEQ_NUM,ASC
CISADM,CI_UT_INSTL_DTL,XT696S1,1,SCRIPT_FILE_NAME,ASC
CISADM,CI_VAL_ERR,XT811P0,1,TBL_NAME,ASC
CISADM,CI_VAL_ERR,XT811P0,2,CI_ID,ASC
CISADM,CI_VAL_ERR,XT811P0,3,MESSAGE_CAT_NBR,ASC
CISADM,CI_VAL_ERR,XT811P0,4,MESSAGE_NBR,ASC
CISADM,CI_VAL_FK_ERR,XT304P0,1,TBL_NAME,ASC
CISADM,CI_VAL_FK_ERR,XT304P0,2,VAL_FK_ERR_ID,ASC
CISADM,CI_VAL_FK_ERR,XT304S1,1,TBL_NAME,ASC
CISADM,CI_VAL_FK_ERR,XT304S1,2,FK_FLD_NAME1,ASC
CISADM,CI_VAL_FK_ERR,XT304S1,3,FK_FLD_NAME2,ASC
CISADM,CI_VAL_FK_ERR,XT304S1,4,FK_FLD_NAME3,ASC
CISADM,CI_VAL_FK_ERR,XT304S1,5,FK_FLD_NAME4,ASC
CISADM,CI_VAL_FK_ERR,XT304S1,6,FK_FLD_NAME5,ASC
CISADM,CI_VAL_FK_ERR,XT304S1,7,FK_FLD_NAME6,ASC
CISADM,CI_VAL_SUB_SATY,XC347P0,1,CIS_DIVISION,ASC
CISADM,CI_VAL_SUB_SATY,XC347P0,2,SA_TYPE_CD,ASC
CISADM,CI_VAL_SUB_SATY,XC347P0,3,SA_REL_TYPE_CD,ASC
CISADM,CI_VAL_SUB_SATY,XC347P0,4,SPR_CD,ASC
CISADM,CI_VAL_SUB_SATY,XC347P0,5,SUBSA_CIS_DIVISION,ASC
CISADM,CI_VAL_SUB_SATY,XC347P0,6,SUBSA_SA_TYPE_CD,ASC
CISADM,CI_WFM,XC735P0,1,WFM_NAME,ASC
CISADM,CI_WFM_L,XC736P0,1,WFM_NAME,ASC
CISADM,CI_WFM_L,XC736P0,2,LANGUAGE_CD,ASC
CISADM,CI_WFM_MSG,XC737P0,1,WFM_NAME,ASC
CISADM,CI_WFM_MSG,XC737P0,2,WFM_MSG_CAT_FLG,ASC
CISADM,CI_WFM_MSG,XC737P0,3,WFM_MSG_CD,ASC
CISADM,CI_WFM_OPT,XC738P0,1,WFM_NAME,ASC
CISADM,CI_WFM_OPT,XC738P0,2,EXT_OPT_TYPE,ASC
CISADM,CI_WFM_OPT,XC738P0,3,SEQ_NUM,ASC
CISADM,CI_WF_EVT,XT042P0,1,WF_PROC_ID,ASC
CISADM,CI_WF_EVT,XT042P0,2,EVT_SEQ,ASC
CISADM,CI_WF_EVT_CHAR,XT147P0,1,WF_PROC_ID,ASC
CISADM,CI_WF_EVT_CHAR,XT147P0,2,EVT_SEQ,ASC
CISADM,CI_WF_EVT_CHAR,XT147P0,3,CHAR_TYPE_CD,ASC
CISADM,CI_WF_EVT_CHAR,XT147P0,4,SEQ_NUM,ASC
CISADM,CI_WF_EVT_CTXT,XT043P0,1,WF_PROC_ID,ASC
CISADM,CI_WF_EVT_CTXT,XT043P0,2,EVT_SEQ,ASC
CISADM,CI_WF_EVT_CTXT,XT043P0,3,WF_EVT_CTXT_FLG,ASC
CISADM,CI_WF_EVT_CTXT,XT043P0,4,CTXT_VAL,ASC
CISADM,CI_WF_EVT_CTXT,XT043S1,1,CTXT_VAL,ASC
CISADM,CI_WF_EVT_CTXT,XT043S1,2,WF_EVT_CTXT_FLG,ASC
CISADM,CI_WF_EVT_CTXT,XT043S1,3,EVT_SEQ,ASC
CISADM,CI_WF_EVT_CTXT,XT043S1,4,WF_PROC_ID,ASC
CISADM,CI_WF_EVT_DEP,XT044P0,1,WF_PROC_ID,ASC
CISADM,CI_WF_EVT_DEP,XT044P0,2,EVT_SEQ,ASC
CISADM,CI_WF_EVT_DEP,XT044P0,3,SEQ_NUM,ASC
CISADM,CI_WF_EVT_EXC,XT098P0,1,WF_PROC_ID,ASC
CISADM,CI_WF_EVT_EXC,XT098P0,2,EVT_SEQ,ASC
CISADM,CI_WF_EVT_EXP,XT099P0,1,WF_PROC_ID,ASC
CISADM,CI_WF_EVT_EXP,XT099P0,2,EVT_SEQ,ASC
CISADM,CI_WF_EVT_EXP,XT099P0,3,PARM_SEQ,ASC
CISADM,CI_WF_EVT_TYPE,XC140P0,1,WF_EVT_TYPE_CD,ASC
CISADM,CI_WF_EVT_TYPE_L,XC141P0,1,LANGUAGE_CD,ASC
CISADM,CI_WF_EVT_TYPE_L,XC141P0,2,WF_EVT_TYPE_CD,ASC
CISADM,CI_WF_PP,XC127P0,1,WF_PP_CD,ASC
CISADM,CI_WF_PP_L,XC591P0,1,LANGUAGE_CD,ASC
CISADM,CI_WF_PP_L,XC591P0,2,WF_PP_CD,ASC
CISADM,CI_WF_PP_NT,XC274P0,1,WF_PP_CD,ASC
CISADM,CI_WF_PP_NT,XC274P0,2,NT_UP_XTYPE_CD,ASC
CISADM,CI_WF_PP_NT_CRT,XC273P0,1,WF_PP_CD,ASC
CISADM,CI_WF_PP_NT_CRT,XC273P0,2,NT_UP_XTYPE_CD,ASC
CISADM,CI_WF_PP_NT_CRT,XC273P0,3,CRIT_PRIO_FLG,ASC
CISADM,CI_WF_PROC,XT049P0,1,WF_PROC_ID,ASC
CISADM,CI_WF_PROC,XT049S1,1,CR_BY_WF_PROC_ID,ASC
CISADM,CI_WF_PROC,XT049S1,2,CR_BY_WF_EVT_SEQ,ASC
CISADM,CI_WF_PROC_CHAR,XT146P0,1,WF_PROC_ID,ASC
CISADM,CI_WF_PROC_CHAR,XT146P0,2,CHAR_TYPE_CD,ASC
CISADM,CI_WF_PROC_CHAR,XT146P0,3,SEQ_NUM,ASC
CISADM,CI_WF_PROC_CHAR,XT146S1,1,SRCH_CHAR_VAL,ASC
CISADM,CI_WF_PROC_CTXT,XT052P0,1,WF_PROC_ID,ASC
CISADM,CI_WF_PROC_CTXT,XT052P0,2,WF_PROC_CTXT_FLG,ASC
CISADM,CI_WF_PROC_CTXT,XT052P0,3,CTXT_VAL,ASC
CISADM,CI_WF_PROC_CTXT,XT052S1,1,WF_PROC_CTXT_FLG,ASC
CISADM,CI_WF_PROC_CTXT,XT052S1,2,CTXT_VAL,ASC
CISADM,CI_WF_PROC_K,XT552P0,1,WF_PROC_ID,ASC
CISADM,CI_WF_PROC_K,XT552P0,2,ENV_ID,ASC
CISADM,CI_WF_PROC_MSGP,XT308P0,1,WF_PROC_ID,ASC
CISADM,CI_WF_PROC_MSGP,XT308P0,2,PARM_SEQ,ASC
CISADM,CI_WF_PROC_SCHED,XC741P0,1,WF_PROC_SCHED_ID,ASC
CISADM,CI_WF_PROC_SCHED_K,XC742P0,1,WF_PROC_SCHED_ID,ASC
CISADM,CI_WF_PROC_SCHED_K,XC742P0,2,ENV_ID,ASC
CISADM,CI_WF_PROC_TMPL,XC142P0,1,WF_PROC_TMPL_CD,ASC
CISADM,CI_WF_PROC_TMPL_L,XC143P0,1,LANGUAGE_CD,ASC
CISADM,CI_WF_PROC_TMPL_L,XC143P0,2,WF_PROC_TMPL_CD,ASC
CISADM,CI_WF_RESP,XC602P0,1,WF_PROC_TMPL_CD,ASC
CISADM,CI_WF_RESP,XC602P0,2,EVT_SEQ,ASC
CISADM,CI_WF_RESP_DEP,XC604P0,1,WF_PROC_TMPL_CD,ASC
CISADM,CI_WF_RESP_DEP,XC604P0,2,EVT_SEQ,ASC
CISADM,CI_WF_RESP_DEP,XC604P0,3,SEQ_NUM,ASC
CISADM,CI_WO_CNTL,XC144P0,1,WO_CNTL_CD,ASC
CISADM,CI_WO_CNTL_L,XC145P0,1,WO_CNTL_CD,ASC
CISADM,CI_WO_CNTL_L,XC145P0,2,LANGUAGE_CD,ASC
CISADM,CI_WO_CRIT,XC146P0,1,WO_CNTL_CD,ASC
CISADM,CI_WO_CRIT,XC146P0,2,CRIT_PRIO_FLG,ASC
CISADM,CI_WO_DEBT_CL,XC147P0,1,WO_DEBT_CL_CD,ASC
CISADM,CI_WO_DEBT_CL_L,XC148P0,1,WO_DEBT_CL_CD,ASC
CISADM,CI_WO_DEBT_CL_L,XC148P0,2,LANGUAGE_CD,ASC
CISADM,CI_WO_EVT,XT059P0,1,WO_PROC_ID,ASC
CISADM,CI_WO_EVT,XT059P0,2,EVT_SEQ,ASC
CISADM,CI_WO_EVT_CC,XT060P0,1,WO_PROC_ID,ASC
CISADM,CI_WO_EVT_CC,XT060P0,2,EVT_SEQ,ASC
CISADM,CI_WO_EVT_CC,XT060P0,3,CC_ID,ASC
CISADM,CI_WO_EVT_CC,XT060S1,1,CC_ID,ASC
CISADM,CI_WO_EVT_TYP,XC150P0,1,WO_EVT_TYP_CD,ASC
CISADM,CI_WO_EVT_TYP_L,XC153P0,1,WO_EVT_TYP_CD,ASC
CISADM,CI_WO_EVT_TYP_L,XC153P0,2,LANGUAGE_CD,ASC
CISADM,CI_WO_PROC,XT061P0,1,WO_PROC_ID,ASC
CISADM,CI_WO_PROC,XT061S1,1,ACCT_ID,ASC
CISADM,CI_WO_PROC,XT061S1,2,WO_STATUS_FLG,ASC
CISADM,CI_WO_PROC_K,XT553P0,1,WO_PROC_ID,ASC
CISADM,CI_WO_PROC_K,XT553P0,2,ENV_ID,ASC
CISADM,CI_WO_PROC_SA,XT062P0,1,WO_PROC_ID,ASC
CISADM,CI_WO_PROC_SA,XT062P0,2,SA_ID,ASC
CISADM,CI_WO_PROC_SA,XT062S1,1,SA_ID,ASC
CISADM,CI_WO_PROC_SA,XT062S1,2,WO_SA_STAT_FLG,ASC
CISADM,CI_WO_PROC_TMPL,XC154P0,1,WO_PROC_TMPL_CD,ASC
CISADM,CI_WO_PROC_TMPL_L,XC156P0,1,WO_PROC_TMPL_CD,ASC
CISADM,CI_WO_PROC_TMPL_L,XC156P0,2,LANGUAGE_CD,ASC
CISADM,CI_WO_RESP,XC601P0,1,WO_PROC_TMPL_CD,ASC
CISADM,CI_WO_RESP,XC601P0,2,EVT_SEQ,ASC
CISADM,CI_XAI_ADAPTER,XC953P0,1,XAI_ADAPTER_ID,ASC
CISADM,CI_XAI_ADAPTER_L,XC954P0,1,XAI_ADAPTER_ID,ASC
CISADM,CI_XAI_ADAPTER_L,XC954P0,2,LANGUAGE_CD,ASC
CISADM,CI_XAI_CLASS,XC972P0,1,XAI_CLASS_ID,ASC
CISADM,CI_XAI_CLASS_L,XC973P0,1,XAI_CLASS_ID,ASC
CISADM,CI_XAI_CLASS_L,XC973P0,2,LANGUAGE_CD,ASC
CISADM,CI_XAI_DWN,XT400P0,1,NT_DWN_ID,ASC
CISADM,CI_XAI_DWN,XT400P0,2,XAI_RT_TYPE_CD,ASC
CISADM,CI_XAI_DWN_EXC,XT090P0,1,NT_DWN_ID,ASC
CISADM,CI_XAI_DWN_EXC,XT090P0,2,XAI_RT_TYPE_CD,ASC
CISADM,CI_XAI_DWN_EXP,XT092P0,1,NT_DWN_ID,ASC
CISADM,CI_XAI_DWN_EXP,XT092P0,2,XAI_RT_TYPE_CD,ASC
CISADM,CI_XAI_DWN_EXP,XT092P0,3,PARM_SEQ,ASC
CISADM,CI_XAI_ENV_HNDL,XC957P0,1,XAI_ENV_HNDL_ID,ASC
CISADM,CI_XAI_ENV_HNDL_L,XC955P0,1,XAI_ENV_HNDL_ID,ASC
CISADM,CI_XAI_ENV_HNDL_L,XC955P0,2,LANGUAGE_CD,ASC
CISADM,CI_XAI_EXECUTER,XC958P0,1,XAI_EXECUTER_ID,ASC
CISADM,CI_XAI_EXECUTER_L,XC949P0,1,XAI_EXECUTER_ID,ASC
CISADM,CI_XAI_EXECUTER_L,XC949P0,2,LANGUAGE_CD,ASC
CISADM,CI_XAI_FORMAT,XC959P0,1,XAI_FORMAT_ID,ASC
CISADM,CI_XAI_FORMAT_L,XC960P0,1,XAI_FORMAT_ID,ASC
CISADM,CI_XAI_FORMAT_L,XC960P0,2,LANGUAGE_CD,ASC
CISADM,CI_XAI_IN_SVC,XC951P0,1,XAI_IN_SVC_ID,ASC
CISADM,CI_XAI_IN_SVC,XC951S1,1,XAI_IN_SVC_NAME,ASC
CISADM,CI_XAI_IN_SVC_L,XC952P0,1,XAI_IN_SVC_ID,ASC
CISADM,CI_XAI_IN_SVC_L,XC952P0,2,LANGUAGE_CD,ASC
CISADM,CI_XAI_JDBC_CON,XC974P0,1,XAI_JDBC_CON_ID,ASC
CISADM,CI_XAI_JDBC_CON_L,XC975P0,1,XAI_JDBC_CON_ID,ASC
CISADM,CI_XAI_JDBC_CON_L,XC975P0,2,LANGUAGE_CD,ASC
CISADM,CI_XAI_JMS_CON,XC976P0,1,XAI_JMS_CON_ID,ASC
CISADM,CI_XAI_JMS_CON_L,XC948P0,1,XAI_JMS_CON_ID,ASC
CISADM,CI_XAI_JMS_CON_L,XC948P0,2,LANGUAGE_CD,ASC
CISADM,CI_XAI_JMS_Q,XC966P0,1,XAI_JMS_QUEUE_ID,ASC
CISADM,CI_XAI_JMS_Q_L,XC967P0,1,XAI_JMS_QUEUE_ID,ASC
CISADM,CI_XAI_JMS_Q_L,XC967P0,2,LANGUAGE_CD,ASC
CISADM,CI_XAI_JMS_TPC,XC962P0,1,XAI_JMS_TOPIC_ID,ASC
CISADM,CI_XAI_JMS_TPC_L,XC963P0,1,XAI_JMS_TOPIC_ID,ASC
CISADM,CI_XAI_JMS_TPC_L,XC963P0,2,LANGUAGE_CD,ASC
CISADM,CI_XAI_JNDI_SVR,XC961P0,1,XAI_JNDI_SVR_ID,ASC
CISADM,CI_XAI_JNDI_SVR_L,XC964P0,1,LANGUAGE_CD,ASC
CISADM,CI_XAI_JNDI_SVR_L,XC964P0,2,XAI_JNDI_SVR_ID,ASC
CISADM,CI_XAI_OPTION,XC950P0,1,XAI_OPTION_FLG,ASC
CISADM,CI_XAI_RCVR,XC965P0,1,XAI_RCVR_ID,ASC
CISADM,CI_XAI_RCVR_CTX,XC981P0,1,XAI_RCVR_ID,ASC
CISADM,CI_XAI_RCVR_CTX,XC981P0,2,SEQNO,ASC
CISADM,CI_XAI_RCVR_L,XC899P0,1,XAI_RCVR_ID,ASC
CISADM,CI_XAI_RCVR_L,XC899P0,2,LANGUAGE_CD,ASC
CISADM,CI_XAI_RCVR_RGRP,XC720P0,1,XAI_RCVR_ID,ASC
CISADM,CI_XAI_RCVR_RGRP,XC720P0,2,XAI_RGRP_CD,ASC
CISADM,CI_XAI_RCVR_RSP,XC969P0,1,XAI_RCVR_ID,ASC
CISADM,CI_XAI_RCVR_RSP,XC969P0,2,XAI_SENDER_ID,ASC
CISADM,CI_XAI_RCVR_RSP,XC969P0,3,ON_EVENT_FLG,ASC
CISADM,CI_XAI_RGRP,XC700P0,1,XAI_RGRP_CD,ASC
CISADM,CI_XAI_RGRP_ATT,XC707P0,1,XAI_RGRP_CD,ASC
CISADM,CI_XAI_RGRP_ATT,XC707P0,2,SEQ_NUM,ASC
CISADM,CI_XAI_RGRP_L,XC701P0,1,XAI_RGRP_CD,ASC
CISADM,CI_XAI_RGRP_L,XC701P0,2,LANGUAGE_CD,ASC
CISADM,CI_XAI_ROUTING,XC996P0,1,NT_DWN_PROF_CD,ASC
CISADM,CI_XAI_ROUTING,XC996P0,2,NT_DWN_TYPE_CD,ASC
CISADM,CI_XAI_ROUTING,XC996P0,3,XAI_RT_TYPE_CD,ASC
CISADM,CI_XAI_RT_TYPE,XC998P0,1,XAI_RT_TYPE_CD,ASC
CISADM,CI_XAI_RT_TYPE_L,XC997P0,1,XAI_RT_TYPE_CD,ASC
CISADM,CI_XAI_RT_TYPE_L,XC997P0,2,LANGUAGE_CD,ASC
CISADM,CI_XAI_RULE,XC705P0,1,XAI_RGRP_CD,ASC
CISADM,CI_XAI_RULE,XC705P0,2,SEQ_NUM,ASC
CISADM,CI_XAI_SENDER,XC968P0,1,XAI_SENDER_ID,ASC
CISADM,CI_XAI_SENDER_L,XC971P0,1,XAI_SENDER_ID,ASC
CISADM,CI_XAI_SENDER_L,XC971P0,2,LANGUAGE_CD,ASC
CISADM,CI_XAI_SNDR_CTX,XC995P0,1,XAI_SENDER_ID,ASC
CISADM,CI_XAI_SNDR_CTX,XC995P0,2,SEQNO,ASC
CISADM,CI_XAI_SVC_PARM,XC970P0,1,XAI_IN_SVC_ID,ASC
CISADM,CI_XAI_SVC_PARM,XC970P0,2,XAI_SVC_PARM,ASC
CISADM,CI_XML_STGCTL_P,XT977P0,1,XML_STG_CTL_ID,ASC
CISADM,CI_XML_STGCTL_P,XT977P0,2,XML_STG_CTL_PARM,ASC
CISADM,CI_XML_STGUP,XT813P0,1,XML_STGUP_ID,ASC
CISADM,CI_XML_STGUP,XT813S0,1,NT_DWN_ID,ASC
CISADM,CI_XML_STGUP,XT813S0,2,XML_STGUP_ID,ASC
CISADM,CI_XML_STGUP,XT813S1,1,XML_STG_STATUS_FLG,ASC
CISADM,CI_XML_STGUP,XT813S1,2,XML_STG_CTL_ID,ASC
CISADM,CI_XML_STGUPEXP,XT812P0,1,XML_STGUP_ID,ASC
CISADM,CI_XML_STGUPEXP,XT812P0,2,PARM_SEQ,ASC
CISADM,CI_XML_STGUP_EX,XT814P0,1,XML_STGUP_ID,ASC
CISADM,CI_XML_STG_CTL,XT815P0,1,XML_STG_CTL_ID,ASC
CISADM,CI_XML_STG_CTL,XT815S1,1,XML_STG_STATUS_FLG,ASC
CISADM,CI_XML_STG_CTL,XT815S1,2,XAI_IN_SVC_ID,ASC
CISADM,CI_ZONE,XC675P0,1,ZONE_CD,ASC
CISADM,CI_ZONE_HDL,XC676P0,1,ZONE_HDL_CD,ASC
CISADM,CI_ZONE_HDL_L,XC677P0,1,ZONE_HDL_CD,ASC
CISADM,CI_ZONE_HDL_L,XC677P0,2,LANGUAGE_CD,ASC
CISADM,CI_ZONE_HDL_PRM,XC678P0,1,ZONE_HDL_CD,ASC
CISADM,CI_ZONE_HDL_PRM,XC678P0,2,ZONE_HDL_PRM_NAME,ASC
CISADM,CI_ZONE_HDL_PRM_L,XC679P0,1,ZONE_HDL_CD,ASC
CISADM,CI_ZONE_HDL_PRM_L,XC679P0,2,ZONE_HDL_PRM_NAME,ASC
CISADM,CI_ZONE_HDL_PRM_L,XC679P0,3,LANGUAGE_CD,ASC
CISADM,CI_ZONE_L,XC680P0,1,ZONE_CD,ASC
CISADM,CI_ZONE_L,XC680P0,2,LANGUAGE_CD,ASC
CISADM,CI_ZONE_PRM,XC681P0,1,ZONE_CD,ASC
CISADM,CI_ZONE_PRM,XC681P0,2,ZONE_HDL_CD,ASC
CISADM,CI_ZONE_PRM,XC681P0,3,ZONE_HDL_PRM_NAME,ASC
CISADM,CMS_SA_SNAPSHOT,PK_CMS_SA_SNAPSHOT,1,SA_ID,ASC
CISADM,CMS_SA_SNAPSHOT,PK_CMS_SA_SNAPSHOT,2,C1_SNAPSHOT_DT,ASC
CISADM,D1_ACTIVITY,D1T319P0,1,D1_ACTIVITY_ID,ASC
CISADM,D1_ACTIVITY,D1T319S0,1,BUS_OBJ_CD,ASC
CISADM,D1_ACTIVITY,D1T319S0,2,BO_STATUS_CD,ASC
CISADM,D1_ACTIVITY,D1T319S0,3,D1_ACTIVITY_ID,ASC
CISADM,D1_ACTIVITY_ADJ_TYPE,D1C607P0,1,ACTIVITY_TYPE_CD,ASC
CISADM,D1_ACTIVITY_ADJ_TYPE,D1C607P0,2,D1_ADJ_TYPE_CD,ASC
CISADM,D1_ACTIVITY_ADJ_TYPE,D1C607P0,3,SEQ_NUM,ASC
CISADM,D1_ACTIVITY_CHAR,D1T320P0,1,D1_ACTIVITY_ID,ASC
CISADM,D1_ACTIVITY_CHAR,D1T320P0,2,CHAR_TYPE_CD,ASC
CISADM,D1_ACTIVITY_CHAR,D1T320P0,3,SEQ_NUM,ASC
CISADM,D1_ACTIVITY_CHAR,D1T320S0,1,SRCH_CHAR_VAL,ASC
CISADM,D1_ACTIVITY_IDENTIFIER,D1T330P0,1,D1_ACTIVITY_ID,ASC
CISADM,D1_ACTIVITY_IDENTIFIER,D1T330P0,2,ACTIVITY_ID_TYPE_FLG,ASC
CISADM,D1_ACTIVITY_IDENTIFIER,D1T330S0,1,ID_VALUE,ASC
CISADM,D1_ACTIVITY_IDENTIFIER,D1T330S1,1,SYS_NC00005$,ASC
CISADM,D1_ACTIVITY_K,D1T328P0,1,D1_ACTIVITY_ID,ASC
CISADM,D1_ACTIVITY_K,D1T328P0,2,ENV_ID,ASC
CISADM,D1_ACTIVITY_LOG,D1T321P0,1,D1_ACTIVITY_ID,ASC
CISADM,D1_ACTIVITY_LOG,D1T321P0,2,SEQNO,ASC
CISADM,D1_ACTIVITY_LOG,D1T321S1,1,CHAR_TYPE_CD,ASC
CISADM,D1_ACTIVITY_LOG,D1T321S1,2,CHAR_VAL_FK1,ASC
CISADM,D1_ACTIVITY_LOG,D1T321S2,1,CHAR_TYPE_CD,ASC
CISADM,D1_ACTIVITY_LOG,D1T321S2,2,CHAR_VAL,ASC
CISADM,D1_ACTIVITY_LOG_PARM,D1T322P0,1,D1_ACTIVITY_ID,ASC
CISADM,D1_ACTIVITY_LOG_PARM,D1T322P0,2,SEQNO,ASC
CISADM,D1_ACTIVITY_LOG_PARM,D1T322P0,3,PARM_SEQ,ASC
CISADM,D1_ACTIVITY_REL,D1T323P0,1,D1_ACTIVITY_ID,ASC
CISADM,D1_ACTIVITY_REL,D1T323P0,2,ACTIVITY_REL_TYPE_FLG,ASC
CISADM,D1_ACTIVITY_REL,D1T323S0,1,REL_ACTIVITY_ID,ASC
CISADM,D1_ACTIVITY_REL_OBJ,D1T324P0,1,D1_ACTIVITY_ID,ASC
CISADM,D1_ACTIVITY_REL_OBJ,D1T324P0,2,MAINT_OBJ_CD,ASC
CISADM,D1_ACTIVITY_REL_OBJ,D1T324P0,3,ACTIVITY_REL_OBJ_TYPE_FLG,ASC
CISADM,D1_ACTIVITY_REL_OBJ,D1T324S0,1,PK_VALUE1,ASC
CISADM,D1_ACTIVITY_REL_OBJ,D1T324S0,2,PK_VALUE2,ASC
CISADM,D1_ACTIVITY_REL_OBJ,D1T324S0,3,PK_VALUE3,ASC
CISADM,D1_ACTIVITY_REL_OBJ,D1T324S0,4,PK_VALUE4,ASC
CISADM,D1_ACTIVITY_REL_OBJ,D1T324S0,5,PK_VALUE5,ASC
CISADM,D1_ACTIVITY_REL_OBJ,D1T324S0,6,MAINT_OBJ_CD,ASC
CISADM,D1_ACTIVITY_STAT_MV,D1T432P0,1,D1_ACTIVITY_ID,ASC
CISADM,D1_ACTIVITY_TYPE,D1C325P0,1,ACTIVITY_TYPE_CD,ASC
CISADM,D1_ACTIVITY_TYPE_CHAR,D1C327P0,1,ACTIVITY_TYPE_CD,ASC
CISADM,D1_ACTIVITY_TYPE_CHAR,D1C327P0,2,CHAR_TYPE_CD,ASC
CISADM,D1_ACTIVITY_TYPE_CHAR,D1C327P0,3,SEQ_NUM,ASC
CISADM,D1_ACTIVITY_TYPE_CHAR,D1C327S0,1,SRCH_CHAR_VAL,ASC
CISADM,D1_ACTIVITY_TYPE_DIV,D1C636P0,1,ACTIVITY_TYPE_CD,ASC
CISADM,D1_ACTIVITY_TYPE_DIV,D1C636P0,2,DIVISION_CD,ASC
CISADM,D1_ACTIVITY_TYPE_FLD_TASK_TYPE,D1C631P0,1,ACTIVITY_TYPE_CD,ASC
CISADM,D1_ACTIVITY_TYPE_FLD_TASK_TYPE,D1C631P0,2,SP_DVC_COND_FLG,ASC
CISADM,D1_ACTIVITY_TYPE_FLD_TASK_TYPE,D1C631P0,3,SEQNO,ASC
CISADM,D1_ACTIVITY_TYPE_L,D1C326P0,1,ACTIVITY_TYPE_CD,ASC
CISADM,D1_ACTIVITY_TYPE_L,D1C326P0,2,LANGUAGE_CD,ASC
CISADM,D1_ADS,D1T589P0,1,ADS_ID,ASC
CISADM,D1_ADS_IDENTIFIER,D1T590P0,1,ADS_ID,ASC
CISADM,D1_ADS_IDENTIFIER,D1T590P0,2,ADS_ID_TYPE_FLG,ASC
CISADM,D1_ADS_IDENTIFIER,D1T590P0,3,SEQ_NUM,ASC
CISADM,D1_ADS_K,D1T591P0,1,ADS_ID,ASC
CISADM,D1_ADS_K,D1T591P0,2,ENV_ID,ASC
CISADM,D1_ADS_LOG,D1T592P0,1,ADS_ID,ASC
CISADM,D1_ADS_LOG,D1T592P0,2,SEQNO,ASC
CISADM,D1_ADS_LOG_PARM,D1T593P0,1,ADS_ID,ASC
CISADM,D1_ADS_LOG_PARM,D1T593P0,2,SEQNO,ASC
CISADM,D1_ADS_LOG_PARM,D1T593P0,3,PARM_SEQ,ASC
CISADM,D1_ADS_TYPE,D1C587P0,1,ADS_TYPE_CD,ASC
CISADM,D1_ADS_TYPE_L,D1C588P0,1,ADS_TYPE_CD,ASC
CISADM,D1_ADS_TYPE_L,D1C588P0,2,LANGUAGE_CD,ASC
CISADM,D1_AGG_GROUP,D1C458P0,1,D1_AGG_GROUP_CD,ASC
CISADM,D1_AGG_GROUP_CHAR,D1C460P0,1,D1_AGG_GROUP_CD,ASC
CISADM,D1_AGG_GROUP_CHAR,D1C460P0,2,CHAR_TYPE_CD,ASC
CISADM,D1_AGG_GROUP_CHAR,D1C460P0,3,SEQ_NUM,ASC
CISADM,D1_AGG_GROUP_CHAR,D1C460S1,1,SRCH_CHAR_VAL,ASC
CISADM,D1_AGG_GROUP_L,D1C459P0,1,D1_AGG_GROUP_CD,ASC
CISADM,D1_AGG_GROUP_L,D1C459P0,2,LANGUAGE_CD,ASC
CISADM,D1_AGG_GROUP_LOG,D1C461P0,1,D1_AGG_GROUP_CD,ASC
CISADM,D1_AGG_GROUP_LOG,D1C461P0,2,SEQNO,ASC
CISADM,D1_AGG_GROUP_LOG_PARM,D1C462P0,1,D1_AGG_GROUP_CD,ASC
CISADM,D1_AGG_GROUP_LOG_PARM,D1C462P0,2,SEQNO,ASC
CISADM,D1_AGG_GROUP_LOG_PARM,D1C462P0,3,PARM_SEQ,ASC
CISADM,D1_AGG_GROUP_RUN,D1T501P0,1,D1_AGG_GROUP_CD,ASC
CISADM,D1_AGG_GROUP_RUN,D1T501P0,2,D1_AGG_GROUP_RUN_NUM,ASC
CISADM,D1_AGG_GROUP_RUN_MC_SET,D1T502P0,1,D1_AGG_GROUP_CD,ASC
CISADM,D1_AGG_GROUP_RUN_MC_SET,D1T502P0,2,D1_AGG_GROUP_RUN_NUM,ASC
CISADM,D1_AGG_GROUP_RUN_MC_SET,D1T502P0,3,SEQNO,ASC
CISADM,D1_AGG_MSRMT,D1T447P0,1,MEASR_COMP_ID,ASC
CISADM,D1_AGG_MSRMT,D1T447P0,2,MSRMT_DTTM,ASC
CISADM,D1_ATTR_GRP,D1C596P0,1,ATTR_GRP_TYPE_CD,ASC
CISADM,D1_ATTR_GRP_CHAR,D1C598P0,1,ATTR_GRP_TYPE_CD,ASC
CISADM,D1_ATTR_GRP_CHAR,D1C598P0,2,CHAR_TYPE_CD,ASC
CISADM,D1_ATTR_GRP_CHAR,D1C598P0,3,EFFDT,ASC
CISADM,D1_ATTR_GRP_L,D1C597P0,1,ATTR_GRP_TYPE_CD,ASC
CISADM,D1_ATTR_GRP_L,D1C597P0,2,LANGUAGE_CD,ASC
CISADM,D1_ATTR_VAL,D1T599P0,1,ATTR_VAL_ID,ASC
CISADM,D1_ATTR_VAL_K,D1T600P0,1,ATTR_VAL_ID,ASC
CISADM,D1_ATTR_VAL_K,D1T600P0,2,ENV_ID,ASC
CISADM,D1_ATTR_VAL_LOG,D1T601P0,1,ATTR_VAL_ID,ASC
CISADM,D1_ATTR_VAL_LOG,D1T601P0,2,SEQNO,ASC
CISADM,D1_ATTR_VAL_LOG_PARM,D1T602P0,1,ATTR_VAL_ID,ASC
CISADM,D1_ATTR_VAL_LOG_PARM,D1T602P0,2,SEQNO,ASC
CISADM,D1_ATTR_VAL_LOG_PARM,D1T602P0,3,PARM_SEQ,ASC
CISADM,D1_BILL_CYC,D1T449P0,1,D1_BILL_CYC_CD,ASC
CISADM,D1_BILL_CYC_CHAR,D1T451P0,1,D1_BILL_CYC_CD,ASC
CISADM,D1_BILL_CYC_CHAR,D1T451P0,2,CHAR_TYPE_CD,ASC
CISADM,D1_BILL_CYC_CHAR,D1T451P0,3,SEQ_NUM,ASC
CISADM,D1_BILL_CYC_CHAR,D1T451S1,1,SRCH_CHAR_VAL,ASC
CISADM,D1_BILL_CYC_L,D1T450P0,1,D1_BILL_CYC_CD,ASC
CISADM,D1_BILL_CYC_L,D1T450P0,2,LANGUAGE_CD,ASC
CISADM,D1_BILL_CYC_SCH,D1T452P0,1,D1_BILL_CYC_CD,ASC
CISADM,D1_BILL_CYC_SCH,D1T452P0,2,WINDOW_START_DT,ASC
CISADM,D1_COMMAND_SET,D1T454P0,1,D1_CMD_SET_CD,ASC
CISADM,D1_COMMAND_SET_BUS_OBJ,D1T457P0,1,D1_CMD_SET_CD,ASC
CISADM,D1_COMMAND_SET_BUS_OBJ,D1T457P0,2,CMD_BUS_OBJ_CD,ASC
CISADM,D1_COMMAND_SET_CHAR,D1T456P0,1,D1_CMD_SET_CD,ASC
CISADM,D1_COMMAND_SET_CHAR,D1T456P0,2,CHAR_TYPE_CD,ASC
CISADM,D1_COMMAND_SET_CHAR,D1T456P0,3,SEQ_NUM,ASC
CISADM,D1_COMMAND_SET_CHAR,D1T456S1,1,SRCH_CHAR_VAL,ASC
CISADM,D1_COMMAND_SET_L,D1T455P0,1,D1_CMD_SET_CD,ASC
CISADM,D1_COMMAND_SET_L,D1T455P0,2,LANGUAGE_CD,ASC
CISADM,D1_COMM_IN,D1T386P0,1,D1_COMM_ID,ASC
CISADM,D1_COMM_IN_CHAR,D1T387P0,1,D1_COMM_ID,ASC
CISADM,D1_COMM_IN_CHAR,D1T387P0,2,CHAR_TYPE_CD,ASC
CISADM,D1_COMM_IN_CHAR,D1T387P0,3,SEQ_NUM,ASC
CISADM,D1_COMM_IN_CHAR,D1T387S0,1,SRCH_CHAR_VAL,ASC
CISADM,D1_COMM_IN_IDENTIFIER,D1T391P0,1,D1_COMM_ID,ASC
CISADM,D1_COMM_IN_IDENTIFIER,D1T391P0,2,COMM_ID_TYPE_FLG,ASC
CISADM,D1_COMM_IN_IDENTIFIER,D1T391S0,1,ID_VALUE,ASC
CISADM,D1_COMM_IN_IDENTIFIER,D1T391S1,1,SYS_NC00005$,ASC
CISADM,D1_COMM_IN_K,D1T410P0,1,D1_COMM_ID,ASC
CISADM,D1_COMM_IN_K,D1T410P0,2,ENV_ID,ASC
CISADM,D1_COMM_IN_LOG,D1T388P0,1,D1_COMM_ID,ASC
CISADM,D1_COMM_IN_LOG,D1T388P0,2,SEQNO,ASC
CISADM,D1_COMM_IN_LOG,D1T388S1,1,CHAR_TYPE_CD,ASC
CISADM,D1_COMM_IN_LOG,D1T388S1,2,CHAR_VAL_FK1,ASC
CISADM,D1_COMM_IN_LOG,D1T388S2,1,CHAR_TYPE_CD,ASC
CISADM,D1_COMM_IN_LOG,D1T388S2,2,CHAR_VAL,ASC
CISADM,D1_COMM_IN_LOG_PARM,D1T389P0,1,D1_COMM_ID,ASC
CISADM,D1_COMM_IN_LOG_PARM,D1T389P0,2,SEQNO,ASC
CISADM,D1_COMM_IN_LOG_PARM,D1T389P0,3,PARM_SEQ,ASC
CISADM,D1_COMM_IN_REL_OBJ,D1T390P0,1,D1_COMM_ID,ASC
CISADM,D1_COMM_IN_REL_OBJ,D1T390P0,2,MAINT_OBJ_CD,ASC
CISADM,D1_COMM_IN_REL_OBJ,D1T390P0,3,COMM_REL_OBJ_TYPE_FLG,ASC
CISADM,D1_COMM_IN_REL_OBJ,D1T390S0,1,PK_VALUE1,ASC
CISADM,D1_COMM_IN_REL_OBJ,D1T390S0,2,PK_VALUE2,ASC
CISADM,D1_COMM_IN_REL_OBJ,D1T390S0,3,PK_VALUE3,ASC
CISADM,D1_COMM_IN_REL_OBJ,D1T390S0,4,PK_VALUE4,ASC
CISADM,D1_COMM_IN_REL_OBJ,D1T390S0,5,PK_VALUE5,ASC
CISADM,D1_COMM_IN_REL_OBJ,D1T390S0,6,MAINT_OBJ_CD,ASC
CISADM,D1_COMM_OUT,D1T380P0,1,D1_COMM_ID,ASC
CISADM,D1_COMM_OUT_CHAR,D1T381P0,1,D1_COMM_ID,ASC
CISADM,D1_COMM_OUT_CHAR,D1T381P0,2,CHAR_TYPE_CD,ASC
CISADM,D1_COMM_OUT_CHAR,D1T381P0,3,SEQ_NUM,ASC
CISADM,D1_COMM_OUT_CHAR,D1T381S0,1,SRCH_CHAR_VAL,ASC
CISADM,D1_COMM_OUT_IDENTIFIER,D1T385P0,1,D1_COMM_ID,ASC
CISADM,D1_COMM_OUT_IDENTIFIER,D1T385P0,2,COMM_ID_TYPE_FLG,ASC
CISADM,D1_COMM_OUT_IDENTIFIER,D1T385S0,1,ID_VALUE,ASC
CISADM,D1_COMM_OUT_IDENTIFIER,D1T385S1,1,SYS_NC00005$,ASC
CISADM,D1_COMM_OUT_K,D1T411P0,1,D1_COMM_ID,ASC
CISADM,D1_COMM_OUT_K,D1T411P0,2,ENV_ID,ASC
CISADM,D1_COMM_OUT_LOG,D1T382P0,1,D1_COMM_ID,ASC
CISADM,D1_COMM_OUT_LOG,D1T382P0,2,SEQNO,ASC
CISADM,D1_COMM_OUT_LOG,D1T382S1,1,CHAR_TYPE_CD,ASC
CISADM,D1_COMM_OUT_LOG,D1T382S1,2,CHAR_VAL_FK1,ASC
CISADM,D1_COMM_OUT_LOG,D1T382S2,1,CHAR_TYPE_CD,ASC
CISADM,D1_COMM_OUT_LOG,D1T382S2,2,CHAR_VAL,ASC
CISADM,D1_COMM_OUT_LOG_PARM,D1T383P0,1,D1_COMM_ID,ASC
CISADM,D1_COMM_OUT_LOG_PARM,D1T383P0,2,SEQNO,ASC
CISADM,D1_COMM_OUT_LOG_PARM,D1T383P0,3,PARM_SEQ,ASC
CISADM,D1_COMM_OUT_REL_OBJ,D1T384P0,1,D1_COMM_ID,ASC
CISADM,D1_COMM_OUT_REL_OBJ,D1T384P0,2,MAINT_OBJ_CD,ASC
CISADM,D1_COMM_OUT_REL_OBJ,D1T384P0,3,COMM_REL_OBJ_TYPE_FLG,ASC
CISADM,D1_COMM_OUT_REL_OBJ,D1T384S0,1,PK_VALUE1,ASC
CISADM,D1_COMM_OUT_REL_OBJ,D1T384S0,2,PK_VALUE2,ASC
CISADM,D1_COMM_OUT_REL_OBJ,D1T384S0,3,PK_VALUE3,ASC
CISADM,D1_COMM_OUT_REL_OBJ,D1T384S0,4,PK_VALUE4,ASC
CISADM,D1_COMM_OUT_REL_OBJ,D1T384S0,5,PK_VALUE5,ASC
CISADM,D1_COMM_OUT_REL_OBJ,D1T384S0,6,MAINT_OBJ_CD,ASC
CISADM,D1_COMM_TYPE,D1C359P0,1,COMM_TYPE_CD,ASC
CISADM,D1_COMM_TYPE_CHAR,D1C361P0,1,COMM_TYPE_CD,ASC
CISADM,D1_COMM_TYPE_CHAR,D1C361P0,2,CHAR_TYPE_CD,ASC
CISADM,D1_COMM_TYPE_CHAR,D1C361P0,3,SEQ_NUM,ASC
CISADM,D1_COMM_TYPE_CHAR,D1C361S1,1,SRCH_CHAR_VAL,ASC
CISADM,D1_COMM_TYPE_L,D1C360P0,1,COMM_TYPE_CD,ASC
CISADM,D1_COMM_TYPE_L,D1C360P0,2,LANGUAGE_CD,ASC
CISADM,D1_COMPL_EVT,D1T340P0,1,COMPL_EVT_ID,ASC
CISADM,D1_COMPL_EVT,D1T340S0,1,D1_ACTIVITY_ID,ASC
CISADM,D1_COMPL_EVT_CHAR,D1T341P0,1,COMPL_EVT_ID,ASC
CISADM,D1_COMPL_EVT_CHAR,D1T341P0,2,CHAR_TYPE_CD,ASC
CISADM,D1_COMPL_EVT_CHAR,D1T341P0,3,SEQ_NUM,ASC
CISADM,D1_COMPL_EVT_CHAR,D1T341S1,1,SRCH_CHAR_VAL,ASC
CISADM,D1_COMPL_EVT_K,D1T416P0,1,COMPL_EVT_ID,ASC
CISADM,D1_COMPL_EVT_K,D1T416P0,2,ENV_ID,ASC
CISADM,D1_COMPL_EVT_LOG,D1T342P0,1,COMPL_EVT_ID,ASC
CISADM,D1_COMPL_EVT_LOG,D1T342P0,2,SEQNO,ASC
CISADM,D1_COMPL_EVT_LOG,D1T342S1,1,CHAR_TYPE_CD,ASC
CISADM,D1_COMPL_EVT_LOG,D1T342S1,2,CHAR_VAL_FK1,ASC
CISADM,D1_COMPL_EVT_LOG,D1T342S2,1,CHAR_TYPE_CD,ASC
CISADM,D1_COMPL_EVT_LOG,D1T342S2,2,CHAR_VAL,ASC
CISADM,D1_COMPL_EVT_LOG_PARM,D1T343P0,1,COMPL_EVT_ID,ASC
CISADM,D1_COMPL_EVT_LOG_PARM,D1T343P0,2,SEQNO,ASC
CISADM,D1_COMPL_EVT_LOG_PARM,D1T343P0,3,PARM_SEQ,ASC
CISADM,D1_COMPL_EVT_REL_OBJ,D1T344P0,1,COMPL_EVT_ID,ASC
CISADM,D1_COMPL_EVT_REL_OBJ,D1T344P0,2,MAINT_OBJ_CD,ASC
CISADM,D1_COMPL_EVT_REL_OBJ,D1T344P0,3,COMPL_EVT_REL_OBJ_TYP_FLG,ASC
CISADM,D1_COMPL_EVT_REL_OBJ,D1T344S0,1,PK_VALUE1,ASC
CISADM,D1_COMPL_EVT_REL_OBJ,D1T344S0,2,PK_VALUE2,ASC
CISADM,D1_COMPL_EVT_REL_OBJ,D1T344S0,3,PK_VALUE3,ASC
CISADM,D1_COMPL_EVT_REL_OBJ,D1T344S0,4,PK_VALUE4,ASC
CISADM,D1_COMPL_EVT_REL_OBJ,D1T344S0,5,PK_VALUE5,ASC
CISADM,D1_COMPL_EVT_REL_OBJ,D1T344S0,6,MAINT_OBJ_CD,ASC
CISADM,D1_CONS_EXT_TYPE,D1C410P0,1,CONS_EXT_TYPE_CD,ASC
CISADM,D1_CONS_EXT_TYPE,D1C410S0,1,INITIAL_LOAD_BATCH_CTRL_CD,ASC
CISADM,D1_CONS_EXT_TYPE,D1C410S1,1,HIST_CORR_BATCH_CTRL_CD,ASC
CISADM,D1_CONS_EXT_TYPE_ALG,D1C414P0,1,CONS_EXT_TYPE_CD,ASC
CISADM,D1_CONS_EXT_TYPE_ALG,D1C414P0,2,SEQ_NUM,ASC
CISADM,D1_CONS_EXT_TYPE_ALG,D1C414P0,3,SYS_EVT_FLG,ASC
CISADM,D1_CONS_EXT_TYPE_ALG,D1C414P0,4,ALG_CD,ASC
CISADM,D1_CONS_EXT_TYPE_CHAR,D1C412P0,1,CONS_EXT_TYPE_CD,ASC
CISADM,D1_CONS_EXT_TYPE_CHAR,D1C412P0,2,CHAR_TYPE_CD,ASC
CISADM,D1_CONS_EXT_TYPE_CHAR,D1C412P0,3,SEQ_NUM,ASC
CISADM,D1_CONS_EXT_TYPE_CHAR,D1C412S1,1,SRCH_CHAR_VAL,ASC
CISADM,D1_CONS_EXT_TYPE_IRR_DATA_MAP,D1C617P0,1,CONS_EXT_TYPE_CD,ASC
CISADM,D1_CONS_EXT_TYPE_IRR_DATA_MAP,D1C617P0,2,SEQ_NUM,ASC
CISADM,D1_CONS_EXT_TYPE_L,D1C411P0,1,CONS_EXT_TYPE_CD,ASC
CISADM,D1_CONS_EXT_TYPE_L,D1C411P0,2,LANGUAGE_CD,ASC
CISADM,D1_CONS_EXT_TYPE_MDS_TYPE,D1C619P0,1,CONS_EXT_TYPE_CD,ASC
CISADM,D1_CONS_EXT_TYPE_MDS_TYPE,D1C619P0,2,MSRMT_DATA_SNAP_TYPE_CD,ASC
CISADM,D1_CONS_EXT_TYPE_SP_TYPE,D1C413P0,1,CONS_EXT_TYPE_CD,ASC
CISADM,D1_CONS_EXT_TYPE_SP_TYPE,D1C413P0,2,SEQ_NUM,ASC
CISADM,D1_CONS_EXT_TYPE_SP_TYPE,D1C413S0,1,D1_SP_TYPE_CD,ASC
CISADM,D1_CONS_EXT_TYPE_US_TYPE,D1C618P0,1,CONS_EXT_TYPE_CD,ASC
CISADM,D1_CONS_EXT_TYPE_US_TYPE,D1C618P0,2,SEQ_NUM,ASC
CISADM,D1_CONTACT,D1C180P0,1,CONTACT_ID,ASC
CISADM,D1_CONTACT_CHAR,D1C181P0,1,CONTACT_ID,ASC
CISADM,D1_CONTACT_CHAR,D1C181P0,2,CHAR_TYPE_CD,ASC
CISADM,D1_CONTACT_CHAR,D1C181P0,3,EFFDT,ASC
CISADM,D1_CONTACT_CHAR,D1C181S1,1,SRCH_CHAR_VAL,ASC
CISADM,D1_CONTACT_EMAIL,D1M185P0,1,CONTACT_ID,ASC
CISADM,D1_CONTACT_EMAIL,D1M185P0,2,SEQNO,ASC
CISADM,D1_CONTACT_IDENTIFIER,D1C183P0,1,CONTACT_ID,ASC
CISADM,D1_CONTACT_IDENTIFIER,D1C183P0,2,CONTACT_ID_TYPE_FLG,ASC
CISADM,D1_CONTACT_IDENTIFIER,D1C183S0,1,ID_VALUE,ASC
CISADM,D1_CONTACT_IDENTIFIER,D1C183S1,1,SYS_NC00005$,ASC
CISADM,D1_CONTACT_K,D1T288P0,1,CONTACT_ID,ASC
CISADM,D1_CONTACT_K,D1T288P0,2,ENV_ID,ASC
CISADM,D1_CONTACT_NAME,D1C182P0,1,CONTACT_ID,ASC
CISADM,D1_CONTACT_NAME,D1C182P0,2,SEQNO,ASC
CISADM,D1_CONTACT_NAME,D1C182S0,1,NAME_VALUE_UPPER,ASC
CISADM,D1_CONTACT_PHONE,D1M184P0,1,CONTACT_ID,ASC
CISADM,D1_CONTACT_PHONE,D1M184P0,2,SEQNO,ASC
CISADM,D1_CONTACT_TYPE,D1C186P0,1,CONTACT_TYPE_CD,ASC
CISADM,D1_CONTACT_TYPE_CHAR,D1C188P0,1,CONTACT_TYPE_CD,ASC
CISADM,D1_CONTACT_TYPE_CHAR,D1C188P0,2,CHAR_TYPE_CD,ASC
CISADM,D1_CONTACT_TYPE_CHAR,D1C188P0,3,SEQ_NUM,ASC
CISADM,D1_CONTACT_TYPE_CHAR,D1C188S1,1,SRCH_CHAR_VAL,ASC
CISADM,D1_CONTACT_TYPE_L,D1C187P0,1,CONTACT_TYPE_CD,ASC
CISADM,D1_CONTACT_TYPE_L,D1C187P0,2,LANGUAGE_CD,ASC
CISADM,D1_DATA_SRC,D1C463P0,1,DATA_SRC_CD,ASC
CISADM,D1_DATA_SRC_CHAR,D1C465P0,1,DATA_SRC_CD,ASC
CISADM,D1_DATA_SRC_CHAR,D1C465P0,2,CHAR_TYPE_CD,ASC
CISADM,D1_DATA_SRC_CHAR,D1C465P0,3,SEQ_NUM,ASC
CISADM,D1_DATA_SRC_CHAR,D1C465S1,1,SRCH_CHAR_VAL,ASC
CISADM,D1_DATA_SRC_ITEM_TYPE,D1C466P0,1,DATA_SRC_CD,ASC
CISADM,D1_DATA_SRC_ITEM_TYPE,D1C466P0,2,SEQ_NUM,ASC
CISADM,D1_DATA_SRC_L,D1C464P0,1,DATA_SRC_CD,ASC
CISADM,D1_DATA_SRC_L,D1C464P0,2,LANGUAGE_CD,ASC
CISADM,D1_DATA_SRC_MC_SET,D1C469P0,1,DATA_SRC_CD,ASC
CISADM,D1_DATA_SRC_MC_SET,D1C469P0,2,SEQ_NUM,ASC
CISADM,D1_DATA_SRC_MC_TYPE,D1C468P0,1,DATA_SRC_CD,ASC
CISADM,D1_DATA_SRC_MC_TYPE,D1C468P0,2,SEQ_NUM,ASC
CISADM,D1_DATA_SRC_MSRMT_DATA_SNAP,D1C572P0,1,DATA_SRC_CD,ASC
CISADM,D1_DATA_SRC_MSRMT_DATA_SNAP,D1C572P0,2,SEQ_NUM,ASC
CISADM,D1_DATA_SRC_SP_QTY,D1C553P0,1,DATA_SRC_CD,ASC
CISADM,D1_DATA_SRC_SP_QTY,D1C553P0,2,SEQ_NUM,ASC
CISADM,D1_DATA_SRC_US_QTY,D1C606P0,1,DATA_SRC_CD,ASC
CISADM,D1_DATA_SRC_US_QTY,D1C606P0,2,SEQ_NUM,ASC
CISADM,D1_DATA_SRC_US_TYPE,D1C467P0,1,DATA_SRC_CD,ASC
CISADM,D1_DATA_SRC_US_TYPE,D1C467P0,2,SEQ_NUM,ASC
CISADM,D1_DIVISION,D1C584P0,1,DIVISION_CD,ASC
CISADM,D1_DIVISION_CHAR,D1C586P0,1,DIVISION_CD,ASC
CISADM,D1_DIVISION_CHAR,D1C586P0,2,CHAR_TYPE_CD,ASC
CISADM,D1_DIVISION_CHAR,D1C586P0,3,EFFDT,ASC
CISADM,D1_DIVISION_L,D1C585P0,1,DIVISION_CD,ASC
CISADM,D1_DIVISION_L,D1C585P0,2,LANGUAGE_CD,ASC
CISADM,D1_DVC,D1M235P0,1,D1_DEVICE_ID,ASC
CISADM,D1_DVC_CFG,D1M244P0,1,DEVICE_CONFIG_ID,ASC
CISADM,D1_DVC_CFG,D1M244S2,1,D1_DEVICE_ID,ASC
CISADM,D1_DVC_CFG,D1M244S3,1,D1_DEVICE_ID,ASC
CISADM,D1_DVC_CFG,D1M244S3,2,EFF_DTTM,ASC
CISADM,D1_DVC_CFG_CHAR,D1M245P0,1,DEVICE_CONFIG_ID,ASC
CISADM,D1_DVC_CFG_CHAR,D1M245P0,2,CHAR_TYPE_CD,ASC
CISADM,D1_DVC_CFG_CHAR,D1M245P0,3,EFFDT,ASC
CISADM,D1_DVC_CFG_CHAR,D1M245S1,1,SRCH_CHAR_VAL,ASC
CISADM,D1_DVC_CFG_K,D1T290P0,1,DEVICE_CONFIG_ID,ASC
CISADM,D1_DVC_CFG_K,D1T290P0,2,ENV_ID,ASC
CISADM,D1_DVC_CFG_LOG,D1M246P0,1,DEVICE_CONFIG_ID,ASC
CISADM,D1_DVC_CFG_LOG,D1M246P0,2,SEQNO,ASC
CISADM,D1_DVC_CFG_LOG,D1M246S1,1,CHAR_TYPE_CD,ASC
CISADM,D1_DVC_CFG_LOG,D1M246S1,2,CHAR_VAL_FK1,ASC
CISADM,D1_DVC_CFG_LOG,D1M246S2,1,CHAR_TYPE_CD,ASC
CISADM,D1_DVC_CFG_LOG,D1M246S2,2,CHAR_VAL,ASC
CISADM,D1_DVC_CFG_LOG_PARM,D1M247P0,1,DEVICE_CONFIG_ID,ASC
CISADM,D1_DVC_CFG_LOG_PARM,D1M247P0,2,SEQNO,ASC
CISADM,D1_DVC_CFG_LOG_PARM,D1M247P0,3,PARM_SEQ,ASC
CISADM,D1_DVC_CFG_TYPE,D1C248P0,1,DEVICE_CONFIG_TYPE_CD,ASC
CISADM,D1_DVC_CFG_TYPE_CHAR,D1C251P0,1,DEVICE_CONFIG_TYPE_CD,ASC
CISADM,D1_DVC_CFG_TYPE_CHAR,D1C251P0,2,CHAR_TYPE_CD,ASC
CISADM,D1_DVC_CFG_TYPE_CHAR,D1C251P0,3,SEQ_NUM,ASC
CISADM,D1_DVC_CFG_TYPE_CHAR,D1C251S1,1,SRCH_CHAR_VAL,ASC
CISADM,D1_DVC_CFG_TYPE_L,D1C250P0,1,DEVICE_CONFIG_TYPE_CD,ASC
CISADM,D1_DVC_CFG_TYPE_L,D1C250P0,2,LANGUAGE_CD,ASC
CISADM,D1_DVC_CFG_TYPE_MC_TYPE,D1C249P0,1,DEVICE_CONFIG_TYPE_CD,ASC
CISADM,D1_DVC_CFG_TYPE_MC_TYPE,D1C249P0,2,MEASR_COMP_TYPE_CD,ASC
CISADM,D1_DVC_CHAR,D1M237P0,1,D1_DEVICE_ID,ASC
CISADM,D1_DVC_CHAR,D1M237P0,2,CHAR_TYPE_CD,ASC
CISADM,D1_DVC_CHAR,D1M237P0,3,EFFDT,ASC
CISADM,D1_DVC_CHAR,D1M237S1,1,SRCH_CHAR_VAL,ASC
CISADM,D1_DVC_EQPMNT,D1M629P0,1,D1_DEVICE_ID,ASC
CISADM,D1_DVC_EQPMNT,D1M629P0,2,D1_EQPMNT_ID,ASC
CISADM,D1_DVC_EQPMNT,D1M629P0,3,D1_INSTALL_DTTM,ASC
CISADM,D1_DVC_EQPMNT,D1M629S0,1,D1_EQPMNT_ID,ASC
CISADM,D1_DVC_EQPMNT,D1M629S0,2,D1_INSTALL_DTTM,ASC
CISADM,D1_DVC_EVT,D1T400P0,1,DVC_EVT_ID,ASC
CISADM,D1_DVC_EVT,D1T400S1,1,BUS_OBJ_CD,ASC
CISADM,D1_DVC_EVT,D1T400S1,2,BO_STATUS_CD,ASC
CISADM,D1_DVC_EVT,D1T400S1,3,DVC_EVT_ID,ASC
CISADM,D1_DVC_EVT,D1T400S2,1,D1_DEVICE_ID,ASC
CISADM,D1_DVC_EVT,D1T400S2,2,DVC_EVT_DTTM,ASC
CISADM,D1_DVC_EVT,D1T400S3,1,BUS_OBJ_CD,ASC
CISADM,D1_DVC_EVT,D1T400S3,2,BO_STATUS_CD,ASC
CISADM,D1_DVC_EVT,D1T400S3,3,D1_DEVICE_ID,ASC
CISADM,D1_DVC_EVT,D1T400S3,4,DVC_EVT_ID,ASC
CISADM,D1_DVC_EVT_CHAR,D1T401P0,1,DVC_EVT_ID,ASC
CISADM,D1_DVC_EVT_CHAR,D1T401P0,2,CHAR_TYPE_CD,ASC
CISADM,D1_DVC_EVT_CHAR,D1T401P0,3,SEQ_NUM,ASC
CISADM,D1_DVC_EVT_CHAR,D1T401S0,1,SRCH_CHAR_VAL,ASC
CISADM,D1_DVC_EVT_IDENTIFIER,D1T405P0,1,DVC_EVT_ID,ASC
CISADM,D1_DVC_EVT_IDENTIFIER,D1T405P0,2,DVC_EVT_ID_TYPE_FLG,ASC
CISADM,D1_DVC_EVT_IDENTIFIER,D1T405S0,1,ID_VALUE,ASC
CISADM,D1_DVC_EVT_IDENTIFIER,D1T405S1,1,SYS_NC00005$,ASC
CISADM,D1_DVC_EVT_K,D1T412P0,1,DVC_EVT_ID,ASC
CISADM,D1_DVC_EVT_K,D1T412P0,2,ENV_ID,ASC
CISADM,D1_DVC_EVT_LOG,D1T402P0,1,DVC_EVT_ID,ASC
CISADM,D1_DVC_EVT_LOG,D1T402P0,2,SEQNO,ASC
CISADM,D1_DVC_EVT_LOG,D1T402S1,1,CHAR_TYPE_CD,ASC
CISADM,D1_DVC_EVT_LOG,D1T402S1,2,CHAR_VAL_FK1,ASC
CISADM,D1_DVC_EVT_LOG,D1T402S2,1,CHAR_TYPE_CD,ASC
CISADM,D1_DVC_EVT_LOG,D1T402S2,2,CHAR_VAL,ASC
CISADM,D1_DVC_EVT_LOG_PARM,D1T403P0,1,DVC_EVT_ID,ASC
CISADM,D1_DVC_EVT_LOG_PARM,D1T403P0,2,SEQNO,ASC
CISADM,D1_DVC_EVT_LOG_PARM,D1T403P0,3,PARM_SEQ,ASC
CISADM,D1_DVC_EVT_REL_OBJ,D1T404P0,1,DVC_EVT_ID,ASC
CISADM,D1_DVC_EVT_REL_OBJ,D1T404P0,2,MAINT_OBJ_CD,ASC
CISADM,D1_DVC_EVT_REL_OBJ,D1T404P0,3,DVC_EVT_REL_OBJ_TYPE_FLG,ASC
CISADM,D1_DVC_EVT_REL_OBJ,D1T404S0,1,PK_VALUE1,ASC
CISADM,D1_DVC_EVT_REL_OBJ,D1T404S0,2,PK_VALUE2,ASC
CISADM,D1_DVC_EVT_REL_OBJ,D1T404S0,3,PK_VALUE3,ASC
CISADM,D1_DVC_EVT_REL_OBJ,D1T404S0,4,PK_VALUE4,ASC
CISADM,D1_DVC_EVT_REL_OBJ,D1T404S0,5,PK_VALUE5,ASC
CISADM,D1_DVC_EVT_REL_OBJ,D1T404S0,6,MAINT_OBJ_CD,ASC
CISADM,D1_DVC_EVT_TYPE,D1C406P0,1,DVC_EVT_TYPE_CD,ASC
CISADM,D1_DVC_EVT_TYPE_CHAR,D1C408P0,1,DVC_EVT_TYPE_CD,ASC
CISADM,D1_DVC_EVT_TYPE_CHAR,D1C408P0,2,CHAR_TYPE_CD,ASC
CISADM,D1_DVC_EVT_TYPE_CHAR,D1C408P0,3,SEQ_NUM,ASC
CISADM,D1_DVC_EVT_TYPE_CHAR,D1C408S1,1,SRCH_CHAR_VAL,ASC
CISADM,D1_DVC_EVT_TYPE_L,D1C407P0,1,DVC_EVT_TYPE_CD,ASC
CISADM,D1_DVC_EVT_TYPE_L,D1C407P0,2,LANGUAGE_CD,ASC
CISADM,D1_DVC_IDENTIFIER,D1M236P0,1,D1_DEVICE_ID,ASC
CISADM,D1_DVC_IDENTIFIER,D1M236P0,2,DVC_ID_TYPE_FLG,ASC
CISADM,D1_DVC_IDENTIFIER,D1M236S0,1,ID_VALUE,ASC
CISADM,D1_DVC_IDENTIFIER,D1M236S1,1,SYS_NC00005$,ASC
CISADM,D1_DVC_K,D1T289P0,1,D1_DEVICE_ID,ASC
CISADM,D1_DVC_K,D1T289P0,2,ENV_ID,ASC
CISADM,D1_DVC_LOG,D1M267P0,1,D1_DEVICE_ID,ASC
CISADM,D1_DVC_LOG,D1M267P0,2,SEQNO,ASC
CISADM,D1_DVC_LOG,D1M267S1,1,CHAR_TYPE_CD,ASC
CISADM,D1_DVC_LOG,D1M267S1,2,CHAR_VAL_FK1,ASC
CISADM,D1_DVC_LOG,D1M267S2,1,CHAR_TYPE_CD,ASC
CISADM,D1_DVC_LOG,D1M267S2,2,CHAR_VAL,ASC
CISADM,D1_DVC_LOG_PARM,D1M238P0,1,D1_DEVICE_ID,ASC
CISADM,D1_DVC_LOG_PARM,D1M238P0,2,SEQNO,ASC
CISADM,D1_DVC_LOG_PARM,D1M238P0,3,PARM_SEQ,ASC
CISADM,D1_DVC_TYPE,D1C239P0,1,DEVICE_TYPE_CD,ASC
CISADM,D1_DVC_TYPE,D1C239S1,1,D1_SVC_TYPE_CD,ASC
CISADM,D1_DVC_TYPE_CFG_TYPE,D1C240P0,1,DEVICE_TYPE_CD,ASC
CISADM,D1_DVC_TYPE_CFG_TYPE,D1C240P0,2,DEVICE_CONFIG_TYPE_CD,ASC
CISADM,D1_DVC_TYPE_CHAR,D1C243P0,1,DEVICE_TYPE_CD,ASC
CISADM,D1_DVC_TYPE_CHAR,D1C243P0,2,CHAR_TYPE_CD,ASC
CISADM,D1_DVC_TYPE_CHAR,D1C243P0,3,SEQ_NUM,ASC
CISADM,D1_DVC_TYPE_CHAR,D1C243S1,1,SRCH_CHAR_VAL,ASC
CISADM,D1_DVC_TYPE_L,D1C242P0,1,DEVICE_TYPE_CD,ASC
CISADM,D1_DVC_TYPE_L,D1C242P0,2,LANGUAGE_CD,ASC
CISADM,D1_DVC_TYPE_L,D1C242S0,1,DEVICE_TYPE_CD,ASC
CISADM,D1_DVC_TYPE_SPR,D1C241P0,1,DEVICE_TYPE_CD,ASC
CISADM,D1_DVC_TYPE_SPR,D1C241P0,2,D1_SPR_CD,ASC
CISADM,D1_DVC_TYPE_SQ,D1T429P0,1,DEVICE_TYPE_CD,ASC
CISADM,D1_DVC_TYPE_SQ,D1T429P0,2,EFF_DTTM,ASC
CISADM,D1_DVC_TYPE_SQ_CHAR,D1T430P0,1,DEVICE_TYPE_CD,ASC
CISADM,D1_DVC_TYPE_SQ_CHAR,D1T430P0,2,EFF_DTTM,ASC
CISADM,D1_DVC_TYPE_SQ_CHAR,D1T430P0,3,CHAR_TYPE_CD,ASC
CISADM,D1_DVC_TYPE_SQ_CHAR,D1T430P0,4,SEQ_NUM,ASC
CISADM,D1_DVC_TYPE_VALID_DVC_CHAR,D1C634P0,1,DEVICE_TYPE_CD,ASC
CISADM,D1_DVC_TYPE_VALID_DVC_CHAR,D1C634P0,2,CHAR_TYPE_CD,ASC
CISADM,D1_DVC_TYPE_VALID_DVC_CHAR,D1C634S1,1,CHAR_TYPE_CD,ASC
CISADM,D1_DVC_TYPE_VALID_DVC_CHAR,D1C634S1,2,CHAR_VAL,ASC
CISADM,D1_DYN_OPT,D1M230P0,1,DYN_OPT_ID,ASC
CISADM,D1_DYN_OPT_CHAR,D1M232P0,1,DYN_OPT_ID,ASC
CISADM,D1_DYN_OPT_CHAR,D1M232P0,2,CHAR_TYPE_CD,ASC
CISADM,D1_DYN_OPT_CHAR,D1M232P0,3,EFFDT,ASC
CISADM,D1_DYN_OPT_CHAR,D1M232S1,1,SRCH_CHAR_VAL,ASC
CISADM,D1_DYN_OPT_EVENT,D1T230P0,1,DYN_OPT_EVENT_ID,ASC
CISADM,D1_DYN_OPT_EVENT_CHAR,D1T231P0,1,DYN_OPT_EVENT_ID,ASC
CISADM,D1_DYN_OPT_EVENT_CHAR,D1T231P0,2,CHAR_TYPE_CD,ASC
CISADM,D1_DYN_OPT_EVENT_CHAR,D1T231P0,3,SEQ_NUM,ASC
CISADM,D1_DYN_OPT_EVENT_CHAR,D1T231S1,1,SRCH_CHAR_VAL,ASC
CISADM,D1_DYN_OPT_EVENT_K,D1T297P0,1,DYN_OPT_EVENT_ID,ASC
CISADM,D1_DYN_OPT_EVENT_K,D1T297P0,2,ENV_ID,ASC
CISADM,D1_DYN_OPT_EVENT_LOG,D1T232P0,1,DYN_OPT_EVENT_ID,ASC
CISADM,D1_DYN_OPT_EVENT_LOG,D1T232P0,2,SEQNO,ASC
CISADM,D1_DYN_OPT_EVENT_LOG,D1T232S1,1,CHAR_TYPE_CD,ASC
CISADM,D1_DYN_OPT_EVENT_LOG,D1T232S1,2,CHAR_VAL_FK1,ASC
CISADM,D1_DYN_OPT_EVENT_LOG,D1T232S2,1,CHAR_TYPE_CD,ASC
CISADM,D1_DYN_OPT_EVENT_LOG,D1T232S2,2,CHAR_VAL,ASC
CISADM,D1_DYN_OPT_EVENT_LOG_PARM,D1T233P0,1,DYN_OPT_EVENT_ID,ASC
CISADM,D1_DYN_OPT_EVENT_LOG_PARM,D1T233P0,2,SEQNO,ASC
CISADM,D1_DYN_OPT_EVENT_LOG_PARM,D1T233P0,3,PARM_SEQ,ASC
CISADM,D1_DYN_OPT_K,D1T291P0,1,DYN_OPT_ID,ASC
CISADM,D1_DYN_OPT_K,D1T291P0,2,ENV_ID,ASC
CISADM,D1_DYN_OPT_L,D1M231P0,1,DYN_OPT_ID,ASC
CISADM,D1_DYN_OPT_L,D1M231P0,2,LANGUAGE_CD,ASC
CISADM,D1_DYN_OPT_LOG,D1M233P0,1,DYN_OPT_ID,ASC
CISADM,D1_DYN_OPT_LOG,D1M233P0,2,SEQNO,ASC
CISADM,D1_DYN_OPT_LOG,D1M233S1,1,CHAR_TYPE_CD,ASC
CISADM,D1_DYN_OPT_LOG,D1M233S1,2,CHAR_VAL_FK1,ASC
CISADM,D1_DYN_OPT_LOG,D1M233S2,1,CHAR_TYPE_CD,ASC
CISADM,D1_DYN_OPT_LOG,D1M233S2,2,CHAR_VAL,ASC
CISADM,D1_DYN_OPT_LOG_PARM,D1M234P0,1,DYN_OPT_ID,ASC
CISADM,D1_DYN_OPT_LOG_PARM,D1M234P0,2,SEQNO,ASC
CISADM,D1_DYN_OPT_LOG_PARM,D1M234P0,3,PARM_SEQ,ASC
CISADM,D1_DYN_OPT_TYPE,D1C230P0,1,DYN_OPT_TYPE_CD,ASC
CISADM,D1_DYN_OPT_TYPE_CHAR,D1C232P0,1,DYN_OPT_TYPE_CD,ASC
CISADM,D1_DYN_OPT_TYPE_CHAR,D1C232P0,2,CHAR_TYPE_CD,ASC
CISADM,D1_DYN_OPT_TYPE_CHAR,D1C232P0,3,SEQ_NUM,ASC
CISADM,D1_DYN_OPT_TYPE_CHAR,D1C232S1,1,SRCH_CHAR_VAL,ASC
CISADM,D1_DYN_OPT_TYPE_L,D1C231P0,1,DYN_OPT_TYPE_CD,ASC
CISADM,D1_DYN_OPT_TYPE_L,D1C231P0,2,LANGUAGE_CD,ASC
CISADM,D1_EXCP_TYPE,D1C311P0,1,EXCP_TYPE_CD,ASC
CISADM,D1_EXCP_TYPE_CHAR,D1C313P0,1,EXCP_TYPE_CD,ASC
CISADM,D1_EXCP_TYPE_CHAR,D1C313P0,2,CHAR_TYPE_CD,ASC
CISADM,D1_EXCP_TYPE_CHAR,D1C313P0,3,SEQ_NUM,ASC
CISADM,D1_EXCP_TYPE_CHAR,D1C313S1,1,SRCH_CHAR_VAL,ASC
CISADM,D1_EXCP_TYPE_L,D1C312P0,1,EXCP_TYPE_CD,ASC
CISADM,D1_EXCP_TYPE_L,D1C312P0,2,LANGUAGE_CD,ASC
CISADM,D1_FACILITY,D1M422P0,1,FACILITY_ID,ASC
CISADM,D1_FACILITY_CHAR,D1M424P0,1,FACILITY_ID,ASC
CISADM,D1_FACILITY_CHAR,D1M424P0,2,CHAR_TYPE_CD,ASC
CISADM,D1_FACILITY_CHAR,D1M424P0,3,EFFDT,ASC
CISADM,D1_FACILITY_IDENTIFIER,D1M423P0,1,FACILITY_ID,ASC
CISADM,D1_FACILITY_IDENTIFIER,D1M423P0,2,FACILITY_ID_TYPE_FLG,ASC
CISADM,D1_FACILITY_K,D1T428P0,1,FACILITY_ID,ASC
CISADM,D1_FACILITY_K,D1T428P0,2,ENV_ID,ASC
CISADM,D1_FACILITY_L,D1M425P0,1,FACILITY_ID,ASC
CISADM,D1_FACILITY_L,D1M425P0,2,LANGUAGE_CD,ASC
CISADM,D1_FACILITY_LOG,D1M427P0,1,FACILITY_ID,ASC
CISADM,D1_FACILITY_LOG,D1M427P0,2,SEQNO,ASC
CISADM,D1_FACILITY_LOG_PARM,D1M428P0,1,FACILITY_ID,ASC
CISADM,D1_FACILITY_LOG_PARM,D1M428P0,2,SEQNO,ASC
CISADM,D1_FACILITY_LOG_PARM,D1M428P0,3,PARM_SEQ,ASC
CISADM,D1_FACILITY_SP,D1T633P0,1,FACILITY_ID,ASC
CISADM,D1_FACILITY_SP,D1T633P0,2,D1_SP_ID,ASC
CISADM,D1_FACTOR,D1C223P0,1,FACTOR_CD,ASC
CISADM,D1_FACTOR_CHAR,D1C226P0,1,FACTOR_CD,ASC
CISADM,D1_FACTOR_CHAR,D1C226P0,2,CHAR_TYPE_CD,ASC
CISADM,D1_FACTOR_CHAR,D1C226P0,3,SEQ_NUM,ASC
CISADM,D1_FACTOR_CHAR,D1C226S1,1,SRCH_CHAR_VAL,ASC
CISADM,D1_FACTOR_CHAR_VALUE,D1C225P0,1,FACTOR_CD,ASC
CISADM,D1_FACTOR_CHAR_VALUE,D1C225P0,2,FACTOR_CHAR_TYPE_CD,ASC
CISADM,D1_FACTOR_CHAR_VALUE,D1C225P0,3,FACTOR_CHAR_VAL,ASC
CISADM,D1_FACTOR_L,D1C224P0,1,FACTOR_CD,ASC
CISADM,D1_FACTOR_L,D1C224P0,2,LANGUAGE_CD,ASC
CISADM,D1_FACTOR_VALUE,D1C227P0,1,FACTOR_CD,ASC
CISADM,D1_FACTOR_VALUE,D1C227P0,2,FACTOR_CHAR_TYPE_CD,ASC
CISADM,D1_FACTOR_VALUE,D1C227P0,3,FACTOR_CHAR_VAL,ASC
CISADM,D1_FACTOR_VALUE,D1C227P0,4,EFF_DTTM,ASC
CISADM,D1_FACTOR_VALUE_CHAR,D1C228P0,1,FACTOR_CD,ASC
CISADM,D1_FACTOR_VALUE_CHAR,D1C228P0,2,FACTOR_CHAR_TYPE_CD,ASC
CISADM,D1_FACTOR_VALUE_CHAR,D1C228P0,3,FACTOR_CHAR_VAL,ASC
CISADM,D1_FACTOR_VALUE_CHAR,D1C228P0,4,EFF_DTTM,ASC
CISADM,D1_FACTOR_VALUE_CHAR,D1C228P0,5,CHAR_TYPE_CD,ASC
CISADM,D1_FACTOR_VALUE_CHAR,D1C228S1,1,SRCH_CHAR_VAL,ASC
CISADM,D1_GTT1,D1T413P0,1,MEASR_COMP_ID,ASC
CISADM,D1_GTT1,D1T413P0,2,START_DTTM,ASC
CISADM,D1_GTT1,D1T413P0,3,END_DTTM,ASC
CISADM,D1_GTT10,D1T605P0,1,US_ID,ASC
CISADM,D1_GTT10,D1T605P0,2,MSRMT_DATA_SNAP_TYPE_CD,ASC
CISADM,D1_GTT10,D1T605P0,3,MSRMT_DTTM,ASC
CISADM,D1_GTT2,D1T414P0,1,MEASR_COMP_ID,ASC
CISADM,D1_GTT2,D1T414P0,2,MSRMT_DTTM,ASC
CISADM,D1_GTT3,D1T406S0,1,MAINT_OBJ_CD,ASC
CISADM,D1_GTT3,D1T406S0,2,D1_DEVICE_ID,ASC
CISADM,D1_GTT3,D1T406S0,3,D1_SP_ID,ASC
CISADM,D1_GTT3,D1T406S0,4,DEVICE_TYPE_CD,ASC
CISADM,D1_GTT3,D1T406S0,5,START_DTTM,ASC
CISADM,D1_GTT3,D1T406S0,6,END_DTTM,ASC
CISADM,D1_GTT4,D1T407S0,1,MAINT_OBJ_CD,ASC
CISADM,D1_GTT4,D1T407S0,2,D1_DEVICE_ID,ASC
CISADM,D1_GTT4,D1T407S0,3,D1_SP_ID,ASC
CISADM,D1_GTT4,D1T407S0,4,DEVICE_TYPE_CD,ASC
CISADM,D1_GTT4,D1T407S0,5,MSRMT_DTTM,ASC
CISADM,D1_GTT5,D1T526P0,1,US_ID,ASC
CISADM,D1_GTT5,D1T526P0,2,D1_USAGE_ID,ASC
CISADM,D1_GTT5,D1T526P0,3,START_DTTM,ASC
CISADM,D1_GTT5,D1T526P0,4,END_DTTM,ASC
CISADM,D1_GTT6,D1T534P0,1,US_ID,ASC
CISADM,D1_GTT6,D1T534P0,2,D1_USAGE_ID,ASC
CISADM,D1_GTT6,D1T534P0,3,START_DTTM,ASC
CISADM,D1_GTT6,D1T534P0,4,END_DTTM,ASC
CISADM,D1_GTT7,D1T554S0,1,D1_SP_ID,ASC
CISADM,D1_GTT7,D1T554S0,2,D1_SP_TYPE_CD,ASC
CISADM,D1_GTT7,D1T554S0,3,START_DTTM,ASC
CISADM,D1_GTT7,D1T554S0,4,END_DTTM,ASC
CISADM,D1_GTT7,D1T554S0,5,TIME_ZONE_CD,ASC
CISADM,D1_GTT7,D1T554S0,6,US_ID,ASC
CISADM,D1_GTT7,D1T554S0,7,US_TYPE_CD,ASC
CISADM,D1_GTT8,D1T555S0,1,D1_SP_ID,ASC
CISADM,D1_GTT8,D1T555S0,2,MSRMT_DTTM,ASC
CISADM,D1_GTT8,D1T555S0,3,D1_QUANTITY1,ASC
CISADM,D1_GTT8,D1T555S0,4,D1_QUANTITY2,ASC
CISADM,D1_GTT8,D1T555S0,5,D1_QUANTITY3,ASC
CISADM,D1_GTT8,D1T555S0,6,D1_QUANTITY4,ASC
CISADM,D1_GTT8,D1T555S0,7,D1_QUANTITY5,ASC
CISADM,D1_GTT8,D1T555S0,8,US_ID,ASC
CISADM,D1_GTT9,D1T604P0,1,US_ID,ASC
CISADM,D1_GTT9,D1T604P0,2,START_DTTM,ASC
CISADM,D1_GTT9,D1T604P0,3,END_DTTM,ASC
CISADM,D1_IMD_CTRL,D1T418P0,1,INIT_MSRMT_DATA_ID,ASC
CISADM,D1_IMD_CTRL,D1T418S1,1,IMD_CTRL_DC_ID,ASC
CISADM,D1_IMD_CTRL,D1T418S1,2,BUS_OBJ_CD,ASC
CISADM,D1_IMD_CTRL,D1T418S1,3,BO_STATUS_CD,ASC
CISADM,D1_IMD_CTRL,D1T418S2,1,IMD_CTRL_MC_ID,ASC
CISADM,D1_IMD_CTRL_SEEDER,D1T500P0,1,INIT_MSRMT_DATA_ID,ASC
CISADM,D1_IMD_CTRL_SEEDER,D1T500S1,1,BUS_OBJ_CD,ASC
CISADM,D1_IMD_CTRL_SEEDER,D1T500S1,2,BO_STATUS_CD,ASC
CISADM,D1_IMD_CTRL_SEEDER,D1T500S1,3,INIT_MSRMT_DATA_ID,ASC
CISADM,D1_INIT_MSRMT_DATA,D1T304P0,1,INIT_MSRMT_DATA_ID,ASC
CISADM,D1_INIT_MSRMT_DATA,D1T304S1,1,MEASR_COMP_ID,ASC
CISADM,D1_INIT_MSRMT_DATA,D1T304S1,2,D1_TO_DTTM,ASC
CISADM,D1_INIT_MSRMT_DATA_CHAR,D1T305P0,1,INIT_MSRMT_DATA_ID,ASC
CISADM,D1_INIT_MSRMT_DATA_CHAR,D1T305P0,2,CHAR_TYPE_CD,ASC
CISADM,D1_INIT_MSRMT_DATA_CHAR,D1T305P0,3,SEQ_NUM,ASC
CISADM,D1_INIT_MSRMT_DATA_CHAR,D1T305S1,1,SRCH_CHAR_VAL,ASC
CISADM,D1_INIT_MSRMT_DATA_K,D1T314P0,1,INIT_MSRMT_DATA_ID,ASC
CISADM,D1_INIT_MSRMT_DATA_K,D1T314P0,2,ENV_ID,ASC
CISADM,D1_INIT_MSRMT_DATA_LOG,D1T306P0,1,INIT_MSRMT_DATA_ID,ASC
CISADM,D1_INIT_MSRMT_DATA_LOG,D1T306P0,2,SEQNO,ASC
CISADM,D1_INIT_MSRMT_DATA_LOG_PARM,D1T307P0,1,INIT_MSRMT_DATA_ID,ASC
CISADM,D1_INIT_MSRMT_DATA_LOG_PARM,D1T307P0,2,SEQNO,ASC
CISADM,D1_INIT_MSRMT_DATA_LOG_PARM,D1T307P0,3,PARM_SEQ,ASC
CISADM,D1_INIT_MSRMT_SNAP,D1T622P0,1,INIT_MSRMT_SNAP_ID,ASC
CISADM,D1_INIT_MSRMT_SNAP_CHAR,D1T624P0,1,INIT_MSRMT_SNAP_ID,ASC
CISADM,D1_INIT_MSRMT_SNAP_CHAR,D1T624P0,2,CHAR_TYPE_CD,ASC
CISADM,D1_INIT_MSRMT_SNAP_CHAR,D1T624P0,3,SEQ_NUM,ASC
CISADM,D1_INIT_MSRMT_SNAP_K,D1T623P0,1,INIT_MSRMT_SNAP_ID,ASC
CISADM,D1_INIT_MSRMT_SNAP_K,D1T623P0,2,ENV_ID,ASC
CISADM,D1_INIT_MSRMT_SNAP_LOG,D1T625P0,1,INIT_MSRMT_SNAP_ID,ASC
CISADM,D1_INIT_MSRMT_SNAP_LOG,D1T625P0,2,SEQNO,ASC
CISADM,D1_INIT_MSRMT_SNAP_LOG_PARM,D1T626P0,1,INIT_MSRMT_SNAP_ID,ASC
CISADM,D1_INIT_MSRMT_SNAP_LOG_PARM,D1T626P0,2,SEQNO,ASC
CISADM,D1_INIT_MSRMT_SNAP_LOG_PARM,D1T626P0,3,PARM_SEQ,ASC
CISADM,D1_INSTALL_EVT,D1M107P0,1,INSTALL_EVT_ID,ASC
CISADM,D1_INSTALL_EVT,D1M107S2,1,D1_SP_ID,ASC
CISADM,D1_INSTALL_EVT,D1M107S2,2,D1_INSTALL_DTTM,ASC
CISADM,D1_INSTALL_EVT,D1M107S2,3,D1_REMOVAL_DTTM,ASC
CISADM,D1_INSTALL_EVT,D1M107S2,4,INSTALL_EVT_ID,ASC
CISADM,D1_INSTALL_EVT,D1M107S3,1,DEVICE_CONFIG_ID,ASC
CISADM,D1_INSTALL_EVT,D1M107S3,2,D1_INSTALL_DTTM,ASC
CISADM,D1_INSTALL_EVT,D1M107S3,3,D1_REMOVAL_DTTM,ASC
CISADM,D1_INSTALL_EVT,D1M107S3,4,INSTALL_EVT_ID,ASC
CISADM,D1_INSTALL_EVT_CHAR,D1M108P0,1,INSTALL_EVT_ID,ASC
CISADM,D1_INSTALL_EVT_CHAR,D1M108P0,2,CHAR_TYPE_CD,ASC
CISADM,D1_INSTALL_EVT_CHAR,D1M108P0,3,EFFDT,ASC
CISADM,D1_INSTALL_EVT_CHAR,D1M108S1,1,SRCH_CHAR_VAL,ASC
CISADM,D1_INSTALL_EVT_K,D1T292P0,1,INSTALL_EVT_ID,ASC
CISADM,D1_INSTALL_EVT_K,D1T292P0,2,ENV_ID,ASC
CISADM,D1_INSTALL_EVT_LOG,D1M109P0,1,INSTALL_EVT_ID,ASC
CISADM,D1_INSTALL_EVT_LOG,D1M109P0,2,SEQNO,ASC
CISADM,D1_INSTALL_EVT_LOG,D1M109S1,1,CHAR_TYPE_CD,ASC
CISADM,D1_INSTALL_EVT_LOG,D1M109S1,2,CHAR_VAL_FK1,ASC
CISADM,D1_INSTALL_EVT_LOG,D1M109S2,1,CHAR_TYPE_CD,ASC
CISADM,D1_INSTALL_EVT_LOG,D1M109S2,2,CHAR_VAL,ASC
CISADM,D1_INSTALL_EVT_LOG_PARM,D1M110P0,1,INSTALL_EVT_ID,ASC
CISADM,D1_INSTALL_EVT_LOG_PARM,D1M110P0,2,SEQNO,ASC
CISADM,D1_INSTALL_EVT_LOG_PARM,D1M110P0,3,PARM_SEQ,ASC
CISADM,D1_INT_SNAP_MAP,D1T620P0,1,SEC_PER_INTRVL,ASC
CISADM,D1_INT_SNAP_MAP,D1T620P0,2,MSRMT_DTTM,ASC
CISADM,D1_MANUFACTURER,D1C264P0,1,MANUFACTURER_CD,ASC
CISADM,D1_MANUFACTURER_L,D1C265P0,1,MANUFACTURER_CD,ASC
CISADM,D1_MANUFACTURER_L,D1C265P0,2,LANGUAGE_CD,ASC
CISADM,D1_MC_COMPAR_PERIOD,D1M541P0,1,COMPAR_PERIOD_ID,ASC
CISADM,D1_MC_COMPAR_PERIOD_LOG,D1M542P0,1,COMPAR_PERIOD_ID,ASC
CISADM,D1_MC_COMPAR_PERIOD_LOG,D1M542P0,2,SEQNO,ASC
CISADM,D1_MC_COMPAR_TYPE,D1C538P0,1,COMPAR_TYPE_CD,ASC
CISADM,D1_MC_COMPAR_TYPE_L,D1C539P0,1,COMPAR_TYPE_CD,ASC
CISADM,D1_MC_COMPAR_TYPE_L,D1C539P0,2,LANGUAGE_CD,ASC
CISADM,D1_MC_COMPAR_TYPE_REL_OBJ,D1C540P0,1,COMPAR_TYPE_CD,ASC
CISADM,D1_MC_COMPAR_TYPE_REL_OBJ,D1C540P0,2,MAINT_OBJ_CD,ASC
CISADM,D1_MC_COMPAR_TYPE_REL_OBJ,D1C540P0,3,MC_COMPAR_TYPE_REL_OBJ_FLG,ASC
CISADM,D1_MC_COMPAR_TYPE_REL_OBJ,D1C540P0,4,SEQUENCE,ASC
CISADM,D1_MC_TYPE_VALUE_IDENTIFIER,D1C258P0,1,MEASR_COMP_TYPE_CD,ASC
CISADM,D1_MC_TYPE_VALUE_IDENTIFIER,D1C258P0,2,VALUE_ID_TYPE_FLG,ASC
CISADM,D1_MC_TYPE_VALUE_IDENTIFIER_L,D1C259P0,1,MEASR_COMP_TYPE_CD,ASC
CISADM,D1_MC_TYPE_VALUE_IDENTIFIER_L,D1C259P0,2,VALUE_ID_TYPE_FLG,ASC
CISADM,D1_MC_TYPE_VALUE_IDENTIFIER_L,D1C259P0,3,LANGUAGE_CD,ASC
CISADM,D1_MDSI,D1T565P0,1,D1_MDSI_ID,ASC
CISADM,D1_MDSI_K,D1T627P0,1,D1_MDSI_ID,ASC
CISADM,D1_MDSI_K,D1T627P0,2,ENV_ID,ASC
CISADM,D1_MDSS,D1T594P0,1,D1_MDSS_ID,ASC
CISADM,D1_MDSS_K,D1T628P0,1,D1_MDSS_ID,ASC
CISADM,D1_MDSS_K,D1T628P0,2,ENV_ID,ASC
CISADM,D1_MEASR_COMP,D1M252P0,1,MEASR_COMP_ID,ASC
CISADM,D1_MEASR_COMP,D1M252S0,1,DEVICE_CONFIG_ID,ASC
CISADM,D1_MEASR_COMP,D1M252S0,2,MEASR_COMP_TYPE_CD,ASC
CISADM,D1_MEASR_COMP,D1M252S0,3,MEASR_COMP_ID,ASC
CISADM,D1_MEASR_COMP,D1M252S1,1,BO_STATUS_CD,ASC
CISADM,D1_MEASR_COMP,D1M252S1,2,BUS_OBJ_CD,ASC
CISADM,D1_MEASR_COMP,D1M252S1,3,MEASR_COMP_ID,ASC
CISADM,D1_MEASR_COMP,D1M252S2,1,BUS_OBJ_CD,ASC
CISADM,D1_MEASR_COMP,D1M252S2,2,MEASR_COMP_TYPE_CD,ASC
CISADM,D1_MEASR_COMP,D1M252S2,3,MEASR_COMP_ID,ASC
CISADM,D1_MEASR_COMP_ATTRIBUTES,D1M479P0,1,MEASR_COMP_ID,ASC
CISADM,D1_MEASR_COMP_ATTRIBUTES,D1M479P0,2,SEQNO,ASC
CISADM,D1_MEASR_COMP_CHAR,D1M255P0,1,MEASR_COMP_ID,ASC
CISADM,D1_MEASR_COMP_CHAR,D1M255P0,2,CHAR_TYPE_CD,ASC
CISADM,D1_MEASR_COMP_CHAR,D1M255P0,3,EFFDT,ASC
CISADM,D1_MEASR_COMP_CHAR,D1M255S1,1,SRCH_CHAR_VAL,ASC
CISADM,D1_MEASR_COMP_IDENTIFIER,D1M253P0,1,MEASR_COMP_ID,ASC
CISADM,D1_MEASR_COMP_IDENTIFIER,D1M253P0,2,MC_ID_TYPE_FLG,ASC
CISADM,D1_MEASR_COMP_IDENTIFIER,D1M253S0,1,ID_VALUE,ASC
CISADM,D1_MEASR_COMP_IDENTIFIER,D1M253S1,1,SYS_NC00005$,ASC
CISADM,D1_MEASR_COMP_K,D1T293P0,1,MEASR_COMP_ID,ASC
CISADM,D1_MEASR_COMP_K,D1T293P0,2,ENV_ID,ASC
CISADM,D1_MEASR_COMP_LOG,D1M256P0,1,MEASR_COMP_ID,ASC
CISADM,D1_MEASR_COMP_LOG,D1M256P0,2,SEQNO,ASC
CISADM,D1_MEASR_COMP_LOG,D1M256S1,1,CHAR_TYPE_CD,ASC
CISADM,D1_MEASR_COMP_LOG,D1M256S1,2,CHAR_VAL_FK1,ASC
CISADM,D1_MEASR_COMP_LOG,D1M256S2,1,CHAR_TYPE_CD,ASC
CISADM,D1_MEASR_COMP_LOG,D1M256S2,2,CHAR_VAL,ASC
CISADM,D1_MEASR_COMP_LOG_PARM,D1M268P0,1,MEASR_COMP_ID,ASC
CISADM,D1_MEASR_COMP_LOG_PARM,D1M268P0,2,SEQNO,ASC
CISADM,D1_MEASR_COMP_LOG_PARM,D1M268P0,3,PARM_SEQ,ASC
CISADM,D1_MEASR_COMP_REL,D1M318P0,1,MEASR_COMP_ID,ASC
CISADM,D1_MEASR_COMP_REL,D1M318P0,2,MC_REL_TYPE_FLG,ASC
CISADM,D1_MEASR_COMP_REL,D1M318S0,1,REL_MEASR_COMP_ID,ASC
CISADM,D1_MEASR_COMP_REL,D1M318S1,1,MC_REL_TYPE_FLG,ASC
CISADM,D1_MEASR_COMP_REL,D1M318S1,2,REL_MEASR_COMP_ID,ASC
CISADM,D1_MEASR_COMP_SET,D1C470P0,1,MEASR_COMP_SET_CD,ASC
CISADM,D1_MEASR_COMP_SET_CHAR,D1C472P0,1,MEASR_COMP_SET_CD,ASC
CISADM,D1_MEASR_COMP_SET_CHAR,D1C472P0,2,CHAR_TYPE_CD,ASC
CISADM,D1_MEASR_COMP_SET_CHAR,D1C472P0,3,SEQ_NUM,ASC
CISADM,D1_MEASR_COMP_SET_CHAR,D1C472S1,1,SRCH_CHAR_VAL,ASC
CISADM,D1_MEASR_COMP_SET_CRIT,D1C476P0,1,MEASR_COMP_SET_CD,ASC
CISADM,D1_MEASR_COMP_SET_CRIT,D1C476P0,2,CRIT_SEQ,ASC
CISADM,D1_MEASR_COMP_SET_DIMENSION,D1C477P0,1,MEASR_COMP_SET_CD,ASC
CISADM,D1_MEASR_COMP_SET_DIMENSION,D1C477P0,2,SEQ_NUM,ASC
CISADM,D1_MEASR_COMP_SET_L,D1C471P0,1,MEASR_COMP_SET_CD,ASC
CISADM,D1_MEASR_COMP_SET_L,D1C471P0,2,LANGUAGE_CD,ASC
CISADM,D1_MEASR_COMP_SET_LOG,D1C473P0,1,MEASR_COMP_SET_CD,ASC
CISADM,D1_MEASR_COMP_SET_LOG,D1C473P0,2,SEQNO,ASC
CISADM,D1_MEASR_COMP_SET_LOG_PARM,D1C474P0,1,MEASR_COMP_SET_CD,ASC
CISADM,D1_MEASR_COMP_SET_LOG_PARM,D1C474P0,2,SEQNO,ASC
CISADM,D1_MEASR_COMP_SET_LOG_PARM,D1C474P0,3,PARM_SEQ,ASC
CISADM,D1_MEASR_COMP_SET_PARTICIPANT,D1C478P0,1,MEASR_COMP_ID,ASC
CISADM,D1_MEASR_COMP_SET_PARTICIPANT,D1C478P0,2,MEASR_COMP_SET_CD,ASC
CISADM,D1_MEASR_COMP_SET_REL,D1C475P0,1,MEASR_COMP_SET_CD,ASC
CISADM,D1_MEASR_COMP_SET_REL,D1C475P0,2,MEASR_COMP_SET_REL_TYPE_FLG,ASC
CISADM,D1_MEASR_COMP_SET_REL,D1C475P0,3,SEQ_NUM,ASC
CISADM,D1_MEASR_COMP_TYPE,D1C257P0,1,MEASR_COMP_TYPE_CD,ASC
CISADM,D1_MEASR_COMP_TYPE_CHAR,D1C263P0,1,MEASR_COMP_TYPE_CD,ASC
CISADM,D1_MEASR_COMP_TYPE_CHAR,D1C263P0,2,CHAR_TYPE_CD,ASC
CISADM,D1_MEASR_COMP_TYPE_CHAR,D1C263P0,3,SEQ_NUM,ASC
CISADM,D1_MEASR_COMP_TYPE_CHAR,D1C263S1,1,SRCH_CHAR_VAL,ASC
CISADM,D1_MEASR_COMP_TYPE_L,D1C262P0,1,MEASR_COMP_TYPE_CD,ASC
CISADM,D1_MEASR_COMP_TYPE_L,D1C262P0,2,LANGUAGE_CD,ASC
CISADM,D1_MEASR_COMP_TYPE_VEE_GRP,D1C260P0,1,MEASR_COMP_TYPE_CD,ASC
CISADM,D1_MEASR_COMP_TYPE_VEE_GRP,D1C260P0,2,VEE_GRP_CD,ASC
CISADM,D1_MEASR_COMP_TYP_FBK_VEE_GRP,D1C261P0,1,MEASR_COMP_TYPE_CD,ASC
CISADM,D1_MEASR_COMP_TYP_FBK_VEE_GRP,D1C261P0,2,VEE_GROUP_ROLE_FLG,ASC
CISADM,D1_MEASR_COMP_VEE_GROUP,D1M254P0,1,MEASR_COMP_ID,ASC
CISADM,D1_MEASR_COMP_VEE_GROUP,D1M254P0,2,VEE_GROUP_ROLE_FLG,ASC
CISADM,D1_MKT,D1C269P0,1,MKT_CD,ASC
CISADM,D1_MKT_AWARD,D1T511P0,1,MKT_AWARD_ID,ASC
CISADM,D1_MKT_AWARD_CHAR,D1T515P0,1,MKT_AWARD_ID,ASC
CISADM,D1_MKT_AWARD_CHAR,D1T515P0,2,CHAR_TYPE_CD,ASC
CISADM,D1_MKT_AWARD_CHAR,D1T515P0,3,SEQ_NUM,ASC
CISADM,D1_MKT_AWARD_CONTRACT,D1T512P0,1,MKT_AWARD_ID,ASC
CISADM,D1_MKT_AWARD_CONTRACT,D1T512P0,2,MKT_CONTRACT_ID,ASC
CISADM,D1_MKT_AWARD_DT_CHAR,D1T564P0,1,MKT_AWARD_ID,ASC
CISADM,D1_MKT_AWARD_DT_CHAR,D1T564P0,2,CHAR_TYPE_CD,ASC
CISADM,D1_MKT_AWARD_DT_CHAR,D1T564P0,3,EFFDT,ASC
CISADM,D1_MKT_AWARD_IDENTIFIER,D1T514P0,1,MKT_AWARD_ID,ASC
CISADM,D1_MKT_AWARD_IDENTIFIER,D1T514P0,2,MKT_AWARD_ID_TYPE_FLG,ASC
CISADM,D1_MKT_AWARD_K,D1T513P0,1,MKT_AWARD_ID,ASC
CISADM,D1_MKT_AWARD_K,D1T513P0,2,ENV_ID,ASC
CISADM,D1_MKT_AWARD_LOG,D1T516P0,1,MKT_AWARD_ID,ASC
CISADM,D1_MKT_AWARD_LOG,D1T516P0,2,SEQNO,ASC
CISADM,D1_MKT_AWARD_LOG_PARM,D1T517P0,1,MKT_AWARD_ID,ASC
CISADM,D1_MKT_AWARD_LOG_PARM,D1T517P0,2,SEQNO,ASC
CISADM,D1_MKT_AWARD_LOG_PARM,D1T517P0,3,PARM_SEQ,ASC
CISADM,D1_MKT_CHAR,D1C273P0,1,MKT_CD,ASC
CISADM,D1_MKT_CHAR,D1C273P0,2,CHAR_TYPE_CD,ASC
CISADM,D1_MKT_CHAR,D1C273P0,3,SEQ_NUM,ASC
CISADM,D1_MKT_CHAR,D1C273S1,1,SRCH_CHAR_VAL,ASC
CISADM,D1_MKT_CONTRACT,D1M489P0,1,MKT_CONTRACT_ID,ASC
CISADM,D1_MKT_CONTRACT_CHAR,D1M492P0,1,MKT_CONTRACT_ID,ASC
CISADM,D1_MKT_CONTRACT_CHAR,D1M492P0,2,CHAR_TYPE_CD,ASC
CISADM,D1_MKT_CONTRACT_CHAR,D1M492P0,3,EFFDT,ASC
CISADM,D1_MKT_CONTRACT_IDENTIFIER,D1M491P0,1,MKT_CONTRACT_ID,ASC
CISADM,D1_MKT_CONTRACT_IDENTIFIER,D1M491P0,2,MKT_CONTRACT_ID_TYPE_FLG,ASC
CISADM,D1_MKT_CONTRACT_K,D1M490P0,1,MKT_CONTRACT_ID,ASC
CISADM,D1_MKT_CONTRACT_K,D1M490P0,2,ENV_ID,ASC
CISADM,D1_MKT_CONTRACT_LOG,D1M493P0,1,MKT_CONTRACT_ID,ASC
CISADM,D1_MKT_CONTRACT_LOG,D1M493P0,2,SEQNO,ASC
CISADM,D1_MKT_CONTRACT_LOG_PARM,D1M494P0,1,MKT_CONTRACT_ID,ASC
CISADM,D1_MKT_CONTRACT_LOG_PARM,D1M494P0,2,SEQNO,ASC
CISADM,D1_MKT_CONTRACT_LOG_PARM,D1M494P0,3,PARM_SEQ,ASC
CISADM,D1_MKT_CONTRACT_TYPE,D1C486P0,1,MKT_CONTRACT_TYPE_CD,ASC
CISADM,D1_MKT_CONTRACT_TYPE_CHAR,D1C488P0,1,MKT_CONTRACT_TYPE_CD,ASC
CISADM,D1_MKT_CONTRACT_TYPE_CHAR,D1C488P0,2,CHAR_TYPE_CD,ASC
CISADM,D1_MKT_CONTRACT_TYPE_CHAR,D1C488P0,3,SEQ_NUM,ASC
CISADM,D1_MKT_CONTRACT_TYPE_L,D1C487P0,1,MKT_CONTRACT_TYPE_CD,ASC
CISADM,D1_MKT_CONTRACT_TYPE_L,D1C487P0,2,LANGUAGE_CD,ASC
CISADM,D1_MKT_FALLBACK_SPR,D1C272P0,1,MKT_CD,ASC
CISADM,D1_MKT_FALLBACK_SPR,D1C272P0,2,MKT_REL_TYPE_FLG,ASC
CISADM,D1_MKT_FALLBACK_SPR,D1C272P0,3,D1_SPR_CD,ASC
CISADM,D1_MKT_FALLBACK_SPR,D1C272P0,4,START_DT,ASC
CISADM,D1_MKT_L,D1C274P0,1,MKT_CD,ASC
CISADM,D1_MKT_L,D1C274P0,2,LANGUAGE_CD,ASC
CISADM,D1_MKT_PRODUCT,D1T518P0,1,MKT_PRODUCT_ID,ASC
CISADM,D1_MKT_PRODUCT_CHAR,D1T523P0,1,MKT_PRODUCT_ID,ASC
CISADM,D1_MKT_PRODUCT_CHAR,D1T523P0,2,CHAR_TYPE_CD,ASC
CISADM,D1_MKT_PRODUCT_CHAR,D1T523P0,3,SEQ_NUM,ASC
CISADM,D1_MKT_PRODUCT_IDENTIFIER,D1T522P0,1,MKT_PRODUCT_ID,ASC
CISADM,D1_MKT_PRODUCT_IDENTIFIER,D1T522P0,2,MKT_PRODUCT_ID_TYPE_FLG,ASC
CISADM,D1_MKT_PRODUCT_K,D1T521P0,1,MKT_PRODUCT_ID,ASC
CISADM,D1_MKT_PRODUCT_K,D1T521P0,2,ENV_ID,ASC
CISADM,D1_MKT_PRODUCT_L,D1T520P0,1,MKT_PRODUCT_ID,ASC
CISADM,D1_MKT_PRODUCT_L,D1T520P0,2,LANGUAGE_CD,ASC
CISADM,D1_MKT_PRODUCT_LOG,D1T524P0,1,MKT_PRODUCT_ID,ASC
CISADM,D1_MKT_PRODUCT_LOG,D1T524P0,2,SEQNO,ASC
CISADM,D1_MKT_PRODUCT_LOG_PARM,D1T525P0,1,MKT_PRODUCT_ID,ASC
CISADM,D1_MKT_PRODUCT_LOG_PARM,D1T525P0,2,SEQNO,ASC
CISADM,D1_MKT_PRODUCT_LOG_PARM,D1T525P0,3,PARM_SEQ,ASC
CISADM,D1_MKT_PRODUCT_SET,D1C508P0,1,MKT_PRODUCT_SET_CD,ASC
CISADM,D1_MKT_PRODUCT_SET_CHAR,D1C510P0,1,MKT_PRODUCT_SET_CD,ASC
CISADM,D1_MKT_PRODUCT_SET_CHAR,D1C510P0,2,CHAR_TYPE_CD,ASC
CISADM,D1_MKT_PRODUCT_SET_CHAR,D1C510P0,3,SEQ_NUM,ASC
CISADM,D1_MKT_PRODUCT_SET_L,D1C509P0,1,MKT_PRODUCT_SET_CD,ASC
CISADM,D1_MKT_PRODUCT_SET_L,D1C509P0,2,LANGUAGE_CD,ASC
CISADM,D1_MKT_PRODUCT_TYPE,D1C505P0,1,MKT_PRODUCT_TYPE_CD,ASC
CISADM,D1_MKT_PRODUCT_TYPE_CHAR,D1C507P0,1,MKT_PRODUCT_TYPE_CD,ASC
CISADM,D1_MKT_PRODUCT_TYPE_CHAR,D1C507P0,2,CHAR_TYPE_CD,ASC
CISADM,D1_MKT_PRODUCT_TYPE_CHAR,D1C507P0,3,SEQ_NUM,ASC
CISADM,D1_MKT_PRODUCT_TYPE_L,D1C506P0,1,MKT_PRODUCT_TYPE_CD,ASC
CISADM,D1_MKT_PRODUCT_TYPE_L,D1C506P0,2,LANGUAGE_CD,ASC
CISADM,D1_MKT_REL_TYPE,D1C270P0,1,MKT_CD,ASC
CISADM,D1_MKT_REL_TYPE,D1C270P0,2,MKT_REL_TYPE_FLG,ASC
CISADM,D1_MKT_RP,D1M608P0,1,D1_MKT_RP_ID,ASC
CISADM,D1_MKT_RP_ATTR,D1M612P0,1,D1_MKT_RP_ID,ASC
CISADM,D1_MKT_RP_ATTR,D1M612P0,2,CHAR_TYPE_CD,ASC
CISADM,D1_MKT_RP_ATTR,D1M612P0,3,SEQ_NUM,ASC
CISADM,D1_MKT_RP_CHAR,D1M611P0,1,D1_MKT_RP_ID,ASC
CISADM,D1_MKT_RP_CHAR,D1M611P0,2,EFFDT,ASC
CISADM,D1_MKT_RP_CHAR,D1M611P0,3,CHAR_TYPE_CD,ASC
CISADM,D1_MKT_RP_IDENTIFIER,D1M615P0,1,D1_MKT_RP_ID,ASC
CISADM,D1_MKT_RP_IDENTIFIER,D1M615P0,2,D1_MKT_RP_ID_TYPE_FLG,ASC
CISADM,D1_MKT_RP_K,D1M616P0,1,D1_MKT_RP_ID,ASC
CISADM,D1_MKT_RP_K,D1M616P0,2,ENV_ID,ASC
CISADM,D1_MKT_RP_LOG,D1M609P0,1,D1_MKT_RP_ID,ASC
CISADM,D1_MKT_RP_LOG,D1M609P0,2,SEQNO,ASC
CISADM,D1_MKT_RP_LOG_PARM,D1M610P0,1,D1_MKT_RP_ID,ASC
CISADM,D1_MKT_RP_LOG_PARM,D1M610P0,2,SEQNO,ASC
CISADM,D1_MKT_RP_LOG_PARM,D1M610P0,3,PARM_SEQ,ASC
CISADM,D1_MKT_RP_REL,D1M614P0,1,D1_MKT_RP_ID,ASC
CISADM,D1_MKT_RP_REL,D1M614P0,2,MKT_REL_TYPE_FLG,ASC
CISADM,D1_MKT_RP_REL,D1M614P0,3,START_DT,ASC
CISADM,D1_MKT_RP_REL_OBJ,D1M613P0,1,D1_MKT_RP_ID,ASC
CISADM,D1_MKT_RP_REL_OBJ,D1M613P0,2,SEQNO,ASC
CISADM,D1_MKT_RP_REL_OBJ,D1M613P0,3,D1_MKT_RP_REL_OBJ_TYPE_FLG,ASC
CISADM,D1_MKT_VALID_SPR,D1C271P0,1,MKT_CD,ASC
CISADM,D1_MKT_VALID_SPR,D1C271P0,2,MKT_REL_TYPE_FLG,ASC
CISADM,D1_MKT_VALID_SPR,D1C271P0,3,D1_SPR_CD,ASC
CISADM,D1_MKT_VALID_SPR,D1C271P0,4,START_DT,ASC
CISADM,D1_MODEL,D1C266P0,1,D1_MODEL_CD,ASC
CISADM,D1_MODEL,D1C266P0,2,MANUFACTURER_CD,ASC
CISADM,D1_MODEL_L,D1C267P0,1,D1_MODEL_CD,ASC
CISADM,D1_MODEL_L,D1C267P0,2,MANUFACTURER_CD,ASC
CISADM,D1_MODEL_L,D1C267P0,3,LANGUAGE_CD,ASC
CISADM,D1_MSRMT,D1T298P0,1,MEASR_COMP_ID,ASC
CISADM,D1_MSRMT,D1T298P0,2,MSRMT_DTTM,ASC
CISADM,D1_MSRMT_CHAR,D1T299P0,1,MEASR_COMP_ID,ASC
CISADM,D1_MSRMT_CHAR,D1T299P0,2,MSRMT_DTTM,ASC
CISADM,D1_MSRMT_CHAR,D1T299P0,3,CHAR_TYPE_CD,ASC
CISADM,D1_MSRMT_CHAR,D1T299P0,4,SEQ_NUM,ASC
CISADM,D1_MSRMT_CHAR,D1T299S1,1,SRCH_CHAR_VAL,ASC
CISADM,D1_MSRMT_CYC,D1C328P0,1,MSRMT_CYC_CD,ASC
CISADM,D1_MSRMT_CYC_BILL_CYC,D1T453P0,1,MSRMT_CYC_CD,ASC
CISADM,D1_MSRMT_CYC_BILL_CYC,D1T453P0,2,D1_BILL_CYC_CD,ASC
CISADM,D1_MSRMT_CYC_CHAR,D1C331P0,1,MSRMT_CYC_CD,ASC
CISADM,D1_MSRMT_CYC_CHAR,D1C331P0,2,CHAR_TYPE_CD,ASC
CISADM,D1_MSRMT_CYC_CHAR,D1C331P0,3,SEQ_NUM,ASC
CISADM,D1_MSRMT_CYC_CHAR,D1C331S1,1,SRCH_CHAR_VAL,ASC
CISADM,D1_MSRMT_CYC_L,D1C330P0,1,MSRMT_CYC_CD,ASC
CISADM,D1_MSRMT_CYC_L,D1C330P0,2,LANGUAGE_CD,ASC
CISADM,D1_MSRMT_CYC_MCR,D1C329P0,1,MSRMT_CYC_CD,ASC
CISADM,D1_MSRMT_CYC_MCR,D1C329P0,2,MSRMT_CYC_RTE_BO_CD,ASC
CISADM,D1_MSRMT_CYC_RTE,D1C332P0,1,MSRMT_CYC_CD,ASC
CISADM,D1_MSRMT_CYC_RTE,D1C332P0,2,MSRMT_CYC_RTE_CD,ASC
CISADM,D1_MSRMT_CYC_RTE_CHAR,D1C334P0,1,MSRMT_CYC_CD,ASC
CISADM,D1_MSRMT_CYC_RTE_CHAR,D1C334P0,2,MSRMT_CYC_RTE_CD,ASC
CISADM,D1_MSRMT_CYC_RTE_CHAR,D1C334P0,3,CHAR_TYPE_CD,ASC
CISADM,D1_MSRMT_CYC_RTE_CHAR,D1C334P0,4,SEQ_NUM,ASC
CISADM,D1_MSRMT_CYC_RTE_CHAR,D1C334S1,1,SRCH_CHAR_VAL,ASC
CISADM,D1_MSRMT_CYC_RTE_L,D1C333P0,1,MSRMT_CYC_CD,ASC
CISADM,D1_MSRMT_CYC_RTE_L,D1C333P0,2,MSRMT_CYC_RTE_CD,ASC
CISADM,D1_MSRMT_CYC_RTE_L,D1C333P0,3,LANGUAGE_CD,ASC
CISADM,D1_MSRMT_CYC_SCHED,D1C335P0,1,MSRMT_CYC_CD,ASC
CISADM,D1_MSRMT_CYC_SCHED,D1C335P0,2,SCHED_SELECTION_DT,ASC
CISADM,D1_MSRMT_CYC_SCHED_CHAR,D1C336P0,1,MSRMT_CYC_CD,ASC
CISADM,D1_MSRMT_CYC_SCHED_CHAR,D1C336P0,2,SCHED_SELECTION_DT,ASC
CISADM,D1_MSRMT_CYC_SCHED_CHAR,D1C336P0,3,CHAR_TYPE_CD,ASC
CISADM,D1_MSRMT_CYC_SCHED_CHAR,D1C336P0,4,SEQ_NUM,ASC
CISADM,D1_MSRMT_CYC_SCHED_CHAR,D1C336S1,1,SRCH_CHAR_VAL,ASC
CISADM,D1_MSRMT_CYC_SCHED_RTE,D1C337P0,1,MSRMT_CYC_CD,ASC
CISADM,D1_MSRMT_CYC_SCHED_RTE,D1C337P0,2,SCHED_SELECTION_DT,ASC
CISADM,D1_MSRMT_CYC_SCHED_RTE,D1C337P0,3,MSRMT_CYC_RTE_CD,ASC
CISADM,D1_MSRMT_DATA_SNAP_TYPE,D1C573P0,1,MSRMT_DATA_SNAP_TYPE_CD,ASC
CISADM,D1_MSRMT_DATA_SNAP_TYPE_CHAR,D1C575P0,1,MSRMT_DATA_SNAP_TYPE_CD,ASC
CISADM,D1_MSRMT_DATA_SNAP_TYPE_CHAR,D1C575P0,2,CHAR_TYPE_CD,ASC
CISADM,D1_MSRMT_DATA_SNAP_TYPE_CHAR,D1C575P0,3,SEQ_NUM,ASC
CISADM,D1_MSRMT_DATA_SNAP_TYPE_L,D1C574P0,1,MSRMT_DATA_SNAP_TYPE_CD,ASC
CISADM,D1_MSRMT_DATA_SNAP_TYPE_L,D1C574P0,2,LANGUAGE_CD,ASC
CISADM,D1_MSRMT_LOG,D1T300P0,1,MEASR_COMP_ID,ASC
CISADM,D1_MSRMT_LOG,D1T300P0,2,MSRMT_DTTM,ASC
CISADM,D1_MSRMT_LOG,D1T300P0,3,SEQNO,ASC
CISADM,D1_MSRMT_LOG_PARM,D1T301P0,1,MEASR_COMP_ID,ASC
CISADM,D1_MSRMT_LOG_PARM,D1T301P0,2,MSRMT_DTTM,ASC
CISADM,D1_MSRMT_LOG_PARM,D1T301P0,3,SEQNO,ASC
CISADM,D1_MSRMT_LOG_PARM,D1T301P0,4,PARM_SEQ,ASC
CISADM,D1_MULTI_VAR_FACTOR,D1C535P0,1,MULTI_VAR_FACTOR_CD,ASC
CISADM,D1_MULTI_VAR_FACTOR_L,D1C563P0,1,MULTI_VAR_FACTOR_CD,ASC
CISADM,D1_MULTI_VAR_FACTOR_L,D1C563P0,2,LANGUAGE_CD,ASC
CISADM,D1_MULTI_VAR_FACTOR_VAL,D1C536P0,1,SETT_UNIT_CD,ASC
CISADM,D1_MULTI_VAR_FACTOR_VAL,D1C536P0,2,MULTI_VAR_FACTOR_CD,ASC
CISADM,D1_MULTI_VAR_FACTOR_VAL,D1C536P0,3,DIM_COMB_SEQ_NO,ASC
CISADM,D1_MULTI_VAR_FACTOR_VAL,D1C536P0,4,EFF_DTTM,ASC
CISADM,D1_MULTI_VAR_FACTOR_VAL_CHAR,D1C537P0,1,SETT_UNIT_CD,ASC
CISADM,D1_MULTI_VAR_FACTOR_VAL_CHAR,D1C537P0,2,MULTI_VAR_FACTOR_CD,ASC
CISADM,D1_MULTI_VAR_FACTOR_VAL_CHAR,D1C537P0,3,DIM_COMB_SEQ_NO,ASC
CISADM,D1_MULTI_VAR_FACTOR_VAL_CHAR,D1C537P0,4,EFF_DTTM,ASC
CISADM,D1_MULTI_VAR_FACTOR_VAL_CHAR,D1C537P0,5,SEQ_NUM,ASC
CISADM,D1_NW_LOC,D1T421P0,1,NETWORK_LOCATION_ID,ASC
CISADM,D1_NW_LOC_CHAR,D1T424P0,1,NETWORK_LOCATION_ID,ASC
CISADM,D1_NW_LOC_CHAR,D1T424P0,2,CHAR_TYPE_CD,ASC
CISADM,D1_NW_LOC_CHAR,D1T424P0,3,SEQ_NUM,ASC
CISADM,D1_NW_LOC_IDENTIFIER,D1T422P0,1,NETWORK_LOCATION_ID,ASC
CISADM,D1_NW_LOC_IDENTIFIER,D1T422P0,2,NW_LOC_ID_TYPE_FLG,ASC
CISADM,D1_NW_LOC_K,D1T427P0,1,NETWORK_LOCATION_ID,ASC
CISADM,D1_NW_LOC_K,D1T427P0,2,ENV_ID,ASC
CISADM,D1_NW_LOC_LOG,D1T425P0,1,NETWORK_LOCATION_ID,ASC
CISADM,D1_NW_LOC_LOG,D1T425P0,2,SEQNO,ASC
CISADM,D1_NW_LOC_LOG_PARM,D1T426P0,1,NETWORK_LOCATION_ID,ASC
CISADM,D1_NW_LOC_LOG_PARM,D1T426P0,2,SEQNO,ASC
CISADM,D1_NW_LOC_LOG_PARM,D1T426P0,3,PARM_SEQ,ASC
CISADM,D1_NW_NODE,D1T423P0,1,NETWORK_LOCATION_ID,ASC
CISADM,D1_NW_NODE,D1T423P0,2,SEQ_NUM,ASC
CISADM,D1_ON_OFF_HIST,D1M111P0,1,INSTALL_EVT_ID,ASC
CISADM,D1_ON_OFF_HIST,D1M111P0,2,SEQNO,ASC
CISADM,D1_PROC_MTHD,D1C278P0,1,D1_SPR_CD,ASC
CISADM,D1_PROC_MTHD,D1C278P0,2,PROC_ROLE_FLG,ASC
CISADM,D1_PROC_MTHD_CHAR,D1C280P0,1,D1_SPR_CD,ASC
CISADM,D1_PROC_MTHD_CHAR,D1C280P0,2,PROC_ROLE_FLG,ASC
CISADM,D1_PROC_MTHD_CHAR,D1C280P0,3,CHAR_TYPE_CD,ASC
CISADM,D1_PROC_MTHD_CHAR,D1C280P0,4,SEQ_NUM,ASC
CISADM,D1_PROC_MTHD_CHAR,D1C280S1,1,SRCH_CHAR_VAL,ASC
CISADM,D1_PROC_MTHD_L,D1C279P0,1,D1_SPR_CD,ASC
CISADM,D1_PROC_MTHD_L,D1C279P0,2,PROC_ROLE_FLG,ASC
CISADM,D1_PROC_MTHD_L,D1C279P0,3,LANGUAGE_CD,ASC
CISADM,D1_PROC_TIMETABLE_TYPE,D1C503P0,1,PROC_TIMETABLE_TYPE_CD,ASC
CISADM,D1_PROC_TIMETABLE_TYPE_L,D1C504P0,1,PROC_TIMETABLE_TYPE_CD,ASC
CISADM,D1_PROC_TIMETABLE_TYPE_L,D1C504P0,2,LANGUAGE_CD,ASC
CISADM,D1_REFERENCED_MKT_PRODUCT,D1T519P0,1,PARENT_MKT_PRODUCT_ID,ASC
CISADM,D1_REFERENCED_MKT_PRODUCT,D1T519P0,2,CHILD_MKT_PRODUCT_ID,ASC
CISADM,D1_SETT_UNIT,D1C527P0,1,SETT_UNIT_CD,ASC
CISADM,D1_SETT_UNIT_CHAR,D1C529P0,1,SETT_UNIT_CD,ASC
CISADM,D1_SETT_UNIT_CHAR,D1C529P0,2,CHAR_TYPE_CD,ASC
CISADM,D1_SETT_UNIT_CHAR,D1C529P0,3,SEQ_NUM,ASC
CISADM,D1_SETT_UNIT_DIMENSION,D1C531P0,1,SETT_UNIT_CD,ASC
CISADM,D1_SETT_UNIT_DIMENSION,D1C531P0,2,DIM_SEQ_NO,ASC
CISADM,D1_SETT_UNIT_DIM_COMB,D1C532P0,1,SETT_UNIT_CD,ASC
CISADM,D1_SETT_UNIT_DIM_COMB,D1C532P0,2,DIM_COMB_SEQ_NO,ASC
CISADM,D1_SETT_UNIT_DIM_VAL,D1C533P0,1,SETT_UNIT_CD,ASC
CISADM,D1_SETT_UNIT_DIM_VAL,D1C533P0,2,DIM_COMB_SEQ_NO,ASC
CISADM,D1_SETT_UNIT_DIM_VAL,D1C533P0,3,DIM_SEQ_NO,ASC
CISADM,D1_SETT_UNIT_L,D1C528P0,1,SETT_UNIT_CD,ASC
CISADM,D1_SETT_UNIT_L,D1C528P0,2,LANGUAGE_CD,ASC
CISADM,D1_SNAPSHOT_DL_CTRL,D1T433P0,1,SNAPSHOT_FACT_NAME_CD,ASC
CISADM,D1_SNAPSHOT_DL_CTRL,D1T433P0,2,SNAPSHOT_DTTM,ASC
CISADM,D1_SP,D1M100P0,1,D1_SP_ID,ASC
CISADM,D1_SP,D1M100S11,1,ADDRESS1_UPPER,ASC
CISADM,D1_SP,D1M100S12,1,ADDRESS1_UPPER,ASC
CISADM,D1_SP,D1M100S12,2,CITY_UPPER,ASC
CISADM,D1_SP,D1M100S12,3,POSTAL,ASC
CISADM,D1_SP,D1M100S13,1,MSRMT_CYC_CD,ASC
CISADM,D1_SP,D1M100S13,2,MSRMT_CYC_RTE_CD,ASC
CISADM,D1_SP,D1M100S13,3,D1_SP_ID,ASC
CISADM,D1_SPR,D1C275P0,1,D1_SPR_CD,ASC
CISADM,D1_SPR_CHAR,D1C277P0,1,D1_SPR_CD,ASC
CISADM,D1_SPR_CHAR,D1C277P0,2,CHAR_TYPE_CD,ASC
CISADM,D1_SPR_CHAR,D1C277P0,3,SEQ_NUM,ASC
CISADM,D1_SPR_CHAR,D1C277S1,1,SRCH_CHAR_VAL,ASC
CISADM,D1_SPR_DT_CHAR,D1M496P0,1,D1_SPR_CD,ASC
CISADM,D1_SPR_DT_CHAR,D1M496P0,2,CHAR_TYPE_CD,ASC
CISADM,D1_SPR_DT_CHAR,D1M496P0,3,EFFDT,ASC
CISADM,D1_SPR_L,D1C276P0,1,D1_SPR_CD,ASC
CISADM,D1_SPR_L,D1C276P0,2,LANGUAGE_CD,ASC
CISADM,D1_SP_CHAR,D1M101P0,1,D1_SP_ID,ASC
CISADM,D1_SP_CHAR,D1M101P0,2,CHAR_TYPE_CD,ASC
CISADM,D1_SP_CHAR,D1M101P0,3,EFFDT,ASC
CISADM,D1_SP_CHAR,D1M101S1,1,SRCH_CHAR_VAL,ASC
CISADM,D1_SP_CONTACT,D1M106P0,1,D1_SP_ID,ASC
CISADM,D1_SP_CONTACT,D1M106P0,2,CONTACT_ID,ASC
CISADM,D1_SP_CONTACT,D1M106P0,3,SP_CNTCT_REL_FLG,ASC
CISADM,D1_SP_CONTACT,D1M106S0,1,CONTACT_ID,ASC
CISADM,D1_SP_CONTACT,D1M106S0,2,D1_SP_ID,ASC
CISADM,D1_SP_EQPMNT,D1M621P0,1,D1_SP_ID,ASC
CISADM,D1_SP_EQPMNT,D1M621P0,2,D1_DEVICE_ID,ASC
CISADM,D1_SP_EQPMNT,D1M621P0,3,D1_INSTALL_DTTM,ASC
CISADM,D1_SP_FACILITY,D1M426P0,1,D1_SP_ID,ASC
CISADM,D1_SP_IDENTIFIER,D1M104P0,1,D1_SP_ID,ASC
CISADM,D1_SP_IDENTIFIER,D1M104P0,2,SP_ID_TYPE_FLG,ASC
CISADM,D1_SP_IDENTIFIER,D1M104S0,1,ID_VALUE,ASC
CISADM,D1_SP_IDENTIFIER,D1M104S1,1,SYS_NC00005$,ASC
CISADM,D1_SP_K,D1T294P0,1,D1_SP_ID,ASC
CISADM,D1_SP_K,D1T294P0,2,ENV_ID,ASC
CISADM,D1_SP_LOG,D1M102P0,1,D1_SP_ID,ASC
CISADM,D1_SP_LOG,D1M102P0,2,SEQNO,ASC
CISADM,D1_SP_LOG,D1M102S1,1,CHAR_TYPE_CD,ASC
CISADM,D1_SP_LOG,D1M102S1,2,CHAR_VAL_FK1,ASC
CISADM,D1_SP_LOG,D1M102S2,1,CHAR_TYPE_CD,ASC
CISADM,D1_SP_LOG,D1M102S2,2,CHAR_VAL,ASC
CISADM,D1_SP_LOG_PARM,D1M103P0,1,D1_SP_ID,ASC
CISADM,D1_SP_LOG_PARM,D1M103P0,2,PARM_SEQ,ASC
CISADM,D1_SP_LOG_PARM,D1M103P0,3,SEQNO,ASC
CISADM,D1_SP_MKT_PARTICIPANT,D1M105P0,1,D1_SP_ID,ASC
CISADM,D1_SP_MKT_PARTICIPANT,D1M105P0,2,MKT_REL_TYPE_FLG,ASC
CISADM,D1_SP_MKT_PARTICIPANT,D1M105P0,3,D1_SPR_CD,ASC
CISADM,D1_SP_MKT_PARTICIPANT,D1M105P0,4,START_DTTM,ASC
CISADM,D1_SP_MSRMT_CYC_SCHED_RTE,D1T417P0,1,D1_SP_ID,ASC
CISADM,D1_SP_MSRMT_CYC_SCHED_RTE,D1T417P0,2,MSRMT_CYC_CD,ASC
CISADM,D1_SP_MSRMT_CYC_SCHED_RTE,D1T417P0,3,SCHED_SELECTION_DT,ASC
CISADM,D1_SP_MSRMT_CYC_SCHED_RTE,D1T417P0,4,MSRMT_CYC_RTE_CD,ASC
CISADM,D1_SP_QTY,D1T549P0,1,D1_SP_QTY_ID,ASC
CISADM,D1_SP_QTY_K,D1T552P0,1,D1_SP_QTY_ID,ASC
CISADM,D1_SP_QTY_K,D1T552P0,2,ENV_ID,ASC
CISADM,D1_SP_QTY_LOG,D1T550P0,1,D1_SP_QTY_ID,ASC
CISADM,D1_SP_QTY_LOG,D1T550P0,2,SEQNO,ASC
CISADM,D1_SP_QTY_LOG_PARM,D1T551P0,1,D1_SP_QTY_ID,ASC
CISADM,D1_SP_QTY_LOG_PARM,D1T551P0,2,SEQNO,ASC
CISADM,D1_SP_QTY_LOG_PARM,D1T551P0,3,PARM_SEQ,ASC
CISADM,D1_SP_QTY_TYPE,D1C545P0,1,D1_SP_QTY_TYPE_CD,ASC
CISADM,D1_SP_QTY_TYPE_IDENTIFIER,D1C546P0,1,D1_SP_QTY_TYPE_CD,ASC
CISADM,D1_SP_QTY_TYPE_IDENTIFIER,D1C546P0,2,QTY_ID_TYPE_FLG,ASC
CISADM,D1_SP_QTY_TYPE_IDENTIFIER_L,D1C548P0,1,D1_SP_QTY_TYPE_CD,ASC
CISADM,D1_SP_QTY_TYPE_IDENTIFIER_L,D1C548P0,2,QTY_ID_TYPE_FLG,ASC
CISADM,D1_SP_QTY_TYPE_IDENTIFIER_L,D1C548P0,3,LANGUAGE_CD,ASC
CISADM,D1_SP_QTY_TYPE_L,D1C547P0,1,D1_SP_QTY_TYPE_CD,ASC
CISADM,D1_SP_QTY_TYPE_L,D1C547P0,2,LANGUAGE_CD,ASC
CISADM,D1_SP_REL,D1M317P0,1,D1_SP_ID,ASC
CISADM,D1_SP_REL,D1M317P0,2,SP_REL_TYPE_FLG,ASC
CISADM,D1_SP_REL,D1M317S1,1,SP_REL_TYPE_FLG,ASC
CISADM,D1_SP_REL,D1M317S1,2,REL_SP_ID,ASC
CISADM,D1_SP_REL,D1M317S1,3,D1_SP_ID,ASC
CISADM,D1_SP_SNAP_DL,D1T434P0,1,SP_SNAP_ID,ASC
CISADM,D1_SP_SNAP_DL,D1T434S0,1,D1_SP_ID,ASC
CISADM,D1_SP_SNAP_DL,D1T434S0,2,SNAPSHOT_DTTM,ASC
CISADM,D1_SP_SNAP_DL,D1T434S0,3,SNAPSHOT_TYPE_FLG,ASC
CISADM,D1_SP_SNAP_DL_K,D1T435P0,1,SP_SNAP_ID,ASC
CISADM,D1_SP_SNAP_DL_K,D1T435P0,2,ENV_ID,ASC
CISADM,D1_SP_TYPE,D1C189P0,1,D1_SP_TYPE_CD,ASC
CISADM,D1_SP_TYPE_CHAR,D1C191P0,1,D1_SP_TYPE_CD,ASC
CISADM,D1_SP_TYPE_CHAR,D1C191P0,2,CHAR_TYPE_CD,ASC
CISADM,D1_SP_TYPE_CHAR,D1C191P0,3,SEQ_NUM,ASC
CISADM,D1_SP_TYPE_CHAR,D1C191S1,1,SRCH_CHAR_VAL,ASC
CISADM,D1_SP_TYPE_DEVICE_TYPE,D1C192P0,1,D1_SP_TYPE_CD,ASC
CISADM,D1_SP_TYPE_DEVICE_TYPE,D1C192P0,2,DEVICE_TYPE_CD,ASC
CISADM,D1_SP_TYPE_DISCONNECT_LOCATION,D1C637P0,1,D1_SP_TYPE_CD,ASC
CISADM,D1_SP_TYPE_DISCONNECT_LOCATION,D1C637P0,2,DISCONN_LOC_FLG,ASC
CISADM,D1_SP_TYPE_DIV,D1C635P0,1,D1_SP_TYPE_CD,ASC
CISADM,D1_SP_TYPE_DIV,D1C635P0,2,DIVISION_CD,ASC
CISADM,D1_SP_TYPE_FIELD_TASK_TYPE,D1M630P0,1,D1_SP_TYPE_CD,ASC
CISADM,D1_SP_TYPE_FIELD_TASK_TYPE,D1M630P0,2,FIELD_TASK_TYPE,ASC
CISADM,D1_SP_TYPE_L,D1C190P0,1,D1_SP_TYPE_CD,ASC
CISADM,D1_SP_TYPE_L,D1C190P0,2,LANGUAGE_CD,ASC
CISADM,D1_SP_UNR_USG_SNAP_DL,D1T438P0,1,SP_UNR_USG_SNAP_ID,ASC
CISADM,D1_SP_UNR_USG_SNAP_DL,D1T438S0,1,D1_SP_ID,ASC
CISADM,D1_SP_UNR_USG_SNAP_DL,D1T438S0,2,SNAPSHOT_DTTM,ASC
CISADM,D1_SP_UNR_USG_SNAP_DL,D1T438S0,3,UNR_USG_SNAPSHOT_TYPE_FLG,ASC
CISADM,D1_SP_UNR_USG_SNAP_DL,D1T438S0,4,SNAPSHOT_TYPE_FLG,ASC
CISADM,D1_SP_UNR_USG_SNAP_DL_K,D1T439P0,1,SP_UNR_USG_SNAP_ID,ASC
CISADM,D1_SP_UNR_USG_SNAP_DL_K,D1T439P0,2,ENV_ID,ASC
CISADM,D1_SP_USG_SNAP_DL,D1T436P0,1,SP_USG_SNAP_ID,ASC
CISADM,D1_SP_USG_SNAP_DL,D1T436S0,1,D1_SP_ID,ASC
CISADM,D1_SP_USG_SNAP_DL,D1T436S0,2,SNAPSHOT_DTTM,ASC
CISADM,D1_SP_USG_SNAP_DL,D1T436S0,3,MEASR_COMP_ID,ASC
CISADM,D1_SP_USG_SNAP_DL,D1T436S0,4,USG_SNAPSHOT_TYPE_FLG,ASC
CISADM,D1_SP_USG_SNAP_DL,D1T436S0,5,D1_TOU_CD,ASC
CISADM,D1_SP_USG_SNAP_DL,D1T436S0,6,MSRMT_COND_FLG,ASC
CISADM,D1_SP_USG_SNAP_DL,D1T436S0,7,SNAPSHOT_TYPE_FLG,ASC
CISADM,D1_SP_USG_SNAP_DL_K,D1T437P0,1,SP_USG_SNAP_ID,ASC
CISADM,D1_SP_USG_SNAP_DL_K,D1T437P0,2,ENV_ID,ASC
CISADM,D1_SP_VEE_EXCP_SNAP_DL,D1T440P0,1,SP_VEE_EXCP_SNAP_ID,ASC
CISADM,D1_SP_VEE_EXCP_SNAP_DL,D1T440S0,1,D1_SP_ID,ASC
CISADM,D1_SP_VEE_EXCP_SNAP_DL,D1T440S0,2,SNAPSHOT_DTTM,ASC
CISADM,D1_SP_VEE_EXCP_SNAP_DL,D1T440S0,3,MEASR_COMP_ID,ASC
CISADM,D1_SP_VEE_EXCP_SNAP_DL,D1T440S0,4,EXCP_TYPE_CD,ASC
CISADM,D1_SP_VEE_EXCP_SNAP_DL,D1T440S0,5,D1_IMD_TYPE_FLG,ASC
CISADM,D1_SP_VEE_EXCP_SNAP_DL,D1T440S0,6,EXCP_SEVERITY_FLG,ASC
CISADM,D1_SP_VEE_EXCP_SNAP_DL,D1T440S0,7,VEE_GRP_CD,ASC
CISADM,D1_SP_VEE_EXCP_SNAP_DL,D1T440S0,8,VEE_RULE_CD,ASC
CISADM,D1_SP_VEE_EXCP_SNAP_DL,D1T440S0,9,SNAPSHOT_TYPE_FLG,ASC
CISADM,D1_SP_VEE_EXCP_SNAP_DL_K,D1T441P0,1,SP_VEE_EXCP_SNAP_ID,ASC
CISADM,D1_SP_VEE_EXCP_SNAP_DL_K,D1T441P0,2,ENV_ID,ASC
CISADM,D1_SQI,D1C129P0,1,D1_SQI_CD,ASC
CISADM,D1_SQI_L,D1C130P0,1,D1_SQI_CD,ASC
CISADM,D1_SQI_L,D1C130P0,2,LANGUAGE_CD,ASC
CISADM,D1_STG_MSRMT,D1T543P0,1,MEASR_COMP_ID,ASC
CISADM,D1_STG_MSRMT,D1T543P0,2,MSRMT_DTTM,ASC
CISADM,D1_SVC_TYPE,D1C123P0,1,D1_SVC_TYPE_CD,ASC
CISADM,D1_SVC_TYPE_L,D1C124P0,1,D1_SVC_TYPE_CD,ASC
CISADM,D1_SVC_TYPE_L,D1C124P0,2,LANGUAGE_CD,ASC
CISADM,D1_TOU,D1C127P0,1,D1_TOU_CD,ASC
CISADM,D1_TOU_GRP,D1C140P0,1,D1_TOU_GRP_CD,ASC
CISADM,D1_TOU_GRP_CHAR,D1C143P0,1,D1_TOU_GRP_CD,ASC
CISADM,D1_TOU_GRP_CHAR,D1C143P0,2,CHAR_TYPE_CD,ASC
CISADM,D1_TOU_GRP_CHAR,D1C143P0,3,SEQ_NUM,ASC
CISADM,D1_TOU_GRP_CHAR,D1C143S1,1,SRCH_CHAR_VAL,ASC
CISADM,D1_TOU_GRP_L,D1C141P0,1,D1_TOU_GRP_CD,ASC
CISADM,D1_TOU_GRP_L,D1C141P0,2,LANGUAGE_CD,ASC
CISADM,D1_TOU_GRP_TOU,D1C142P0,1,D1_TOU_GRP_CD,ASC
CISADM,D1_TOU_GRP_TOU,D1C142P0,2,D1_TOU_CD,ASC
CISADM,D1_TOU_L,D1C128P0,1,D1_TOU_CD,ASC
CISADM,D1_TOU_L,D1C128P0,2,LANGUAGE_CD,ASC
CISADM,D1_TOU_MAP,D1C160P0,1,D1_TOU_MAP_ID,ASC
CISADM,D1_TOU_MAP,D1C160S3,1,D1_TOU_MAP_TYPE_CD,ASC
CISADM,D1_TOU_MAP,D1C160S4,1,TOU_MAP_TMPLT_CD,ASC
CISADM,D1_TOU_MAP_CHAR,D1C164P0,1,D1_TOU_MAP_ID,ASC
CISADM,D1_TOU_MAP_CHAR,D1C164P0,2,CHAR_TYPE_CD,ASC
CISADM,D1_TOU_MAP_CHAR,D1C164P0,3,EFFDT,ASC
CISADM,D1_TOU_MAP_CHAR,D1C164S1,1,SRCH_CHAR_VAL,ASC
CISADM,D1_TOU_MAP_DATA,D1T170P0,1,D1_TOU_MAP_ID,ASC
CISADM,D1_TOU_MAP_DATA,D1T170P0,2,TOU_MAP_DATA_DTTM,ASC
CISADM,D1_TOU_MAP_DATA_CHAR,D1C171P0,1,D1_TOU_MAP_ID,ASC
CISADM,D1_TOU_MAP_DATA_CHAR,D1C171P0,2,TOU_MAP_DATA_DTTM,ASC
CISADM,D1_TOU_MAP_DATA_CHAR,D1C171P0,3,CHAR_TYPE_CD,ASC
CISADM,D1_TOU_MAP_DATA_CHAR,D1C171P0,4,SEQ_NUM,ASC
CISADM,D1_TOU_MAP_DATA_CHAR,D1C171S1,1,SRCH_CHAR_VAL,ASC
CISADM,D1_TOU_MAP_DATA_TMP,D1T329P0,1,D1_TOU_MAP_ID,ASC
CISADM,D1_TOU_MAP_DATA_TMP,D1T329P0,2,TOU_MAP_DATA_DTTM,ASC
CISADM,D1_TOU_MAP_DATA_TMP2,D1T345P0,1,TOU_MAP_DATA_DTTM,ASC
CISADM,D1_TOU_MAP_DYN_OPT,D1M162P0,1,D1_TOU_MAP_ID,ASC
CISADM,D1_TOU_MAP_DYN_OPT,D1M162P0,2,DYN_OPT_ID,ASC
CISADM,D1_TOU_MAP_DYN_OPT,D1M162S1,1,DYN_TOU_MAP_ID,ASC
CISADM,D1_TOU_MAP_K,D1T295P0,1,D1_TOU_MAP_ID,ASC
CISADM,D1_TOU_MAP_K,D1T295P0,2,ENV_ID,ASC
CISADM,D1_TOU_MAP_L,D1C161P0,1,D1_TOU_MAP_ID,ASC
CISADM,D1_TOU_MAP_L,D1C161P0,2,LANGUAGE_CD,ASC
CISADM,D1_TOU_MAP_L,D1C161S1,1,DESCR100,ASC
CISADM,D1_TOU_MAP_LOG,D1C165P0,1,D1_TOU_MAP_ID,ASC
CISADM,D1_TOU_MAP_LOG,D1C165P0,2,SEQNO,ASC
CISADM,D1_TOU_MAP_LOG,D1C165S1,1,CHAR_TYPE_CD,ASC
CISADM,D1_TOU_MAP_LOG,D1C165S1,2,CHAR_VAL_FK1,ASC
CISADM,D1_TOU_MAP_LOG,D1C165S2,1,CHAR_TYPE_CD,ASC
CISADM,D1_TOU_MAP_LOG,D1C165S2,2,CHAR_VAL,ASC
CISADM,D1_TOU_MAP_LOG_PARM,D1C163P0,1,D1_TOU_MAP_ID,ASC
CISADM,D1_TOU_MAP_LOG_PARM,D1C163P0,2,SEQNO,ASC
CISADM,D1_TOU_MAP_LOG_PARM,D1C163P0,3,PARM_SEQ,ASC
CISADM,D1_TOU_MAP_TMPLT,D1C150P0,1,TOU_MAP_TMPLT_CD,ASC
CISADM,D1_TOU_MAP_TMPLT,D1C150S2,1,D1_TOU_GRP_CD,ASC
CISADM,D1_TOU_MAP_TMPLT,D1C150S4,1,D1_TOU_CD,ASC
CISADM,D1_TOU_MAP_TMPLT_CHAR,D1C152P0,1,TOU_MAP_TMPLT_CD,ASC
CISADM,D1_TOU_MAP_TMPLT_CHAR,D1C152P0,2,CHAR_TYPE_CD,ASC
CISADM,D1_TOU_MAP_TMPLT_CHAR,D1C152P0,3,SEQ_NUM,ASC
CISADM,D1_TOU_MAP_TMPLT_CHAR,D1C152S1,1,SRCH_CHAR_VAL,ASC
CISADM,D1_TOU_MAP_TMPLT_L,D1C151P0,1,TOU_MAP_TMPLT_CD,ASC
CISADM,D1_TOU_MAP_TMPLT_L,D1C151P0,2,LANGUAGE_CD,ASC
CISADM,D1_TOU_MAP_TYPE,D1C153P0,1,D1_TOU_MAP_TYPE_CD,ASC
CISADM,D1_TOU_MAP_TYPE,D1C153S4,1,TOU_MAP_TMPLT_CD,ASC
CISADM,D1_TOU_MAP_TYPE_CHAR,D1C156P0,1,D1_TOU_MAP_TYPE_CD,ASC
CISADM,D1_TOU_MAP_TYPE_CHAR,D1C156P0,2,CHAR_TYPE_CD,ASC
CISADM,D1_TOU_MAP_TYPE_CHAR,D1C156P0,3,SEQ_NUM,ASC
CISADM,D1_TOU_MAP_TYPE_CHAR,D1C156S1,1,SRCH_CHAR_VAL,ASC
CISADM,D1_TOU_MAP_TYPE_L,D1C154P0,1,D1_TOU_MAP_TYPE_CD,ASC
CISADM,D1_TOU_MAP_TYPE_L,D1C154P0,2,LANGUAGE_CD,ASC
CISADM,D1_TOU_MAP_TYPE_TMPLT,D1C155P0,1,D1_TOU_MAP_TYPE_CD,ASC
CISADM,D1_TOU_MAP_TYPE_TMPLT,D1C155P0,2,TOU_MAP_TMPLT_CD,ASC
CISADM,D1_UOM,D1C125P0,1,D1_UOM_CD,ASC
CISADM,D1_UOM,D1C125S1,1,D1_SVC_TYPE_CD,ASC
CISADM,D1_UOM_L,D1C126P0,1,D1_UOM_CD,ASC
CISADM,D1_UOM_L,D1C126P0,2,LANGUAGE_CD,ASC
CISADM,D1_US,D1M211P0,1,US_ID,ASC
CISADM,D1_USAGE,D1T281P0,1,D1_USAGE_ID,ASC
CISADM,D1_USAGE,D1T281S0,1,US_ID,ASC
CISADM,D1_USAGE,D1T281S0,2,START_DTTM,ASC
CISADM,D1_USAGE,D1T281S1,1,BUS_OBJ_CD,ASC
CISADM,D1_USAGE,D1T281S1,2,BO_STATUS_CD,ASC
CISADM,D1_USAGE,D1T281S1,3,D1_USAGE_ID,ASC
CISADM,D1_USAGE,D1T419S1,1,USG_EXT_ID,ASC
CISADM,D1_USAGE,D1T419S1,2,D1_USAGE_ID,ASC
CISADM,D1_USAGE_CAL_TYPE_CTRL,D1T562P0,1,D1_USAGE_ID,ASC
CISADM,D1_USAGE_CHAR,D1T285P0,1,D1_USAGE_ID,ASC
CISADM,D1_USAGE_CHAR,D1T285P0,2,CHAR_TYPE_CD,ASC
CISADM,D1_USAGE_CHAR,D1T285P0,3,SEQ_NUM,ASC
CISADM,D1_USAGE_CHAR,D1T285S1,1,SRCH_CHAR_VAL,ASC
CISADM,D1_USAGE_CTRL,D1T448P0,1,D1_USAGE_ID,ASC
CISADM,D1_USAGE_CTRL,D1T448S1,1,US_ID,ASC
CISADM,D1_USAGE_CTRL,D1T448S1,2,BUS_OBJ_CD,ASC
CISADM,D1_USAGE_EXCP,D1T443P0,1,USAGE_EXCP_ID,ASC
CISADM,D1_USAGE_EXCP,D1T443S1,1,D1_USAGE_ID,ASC
CISADM,D1_USAGE_EXCP_CHAR,D1T446P0,1,USAGE_EXCP_ID,ASC
CISADM,D1_USAGE_EXCP_CHAR,D1T446P0,2,CHAR_TYPE_CD,ASC
CISADM,D1_USAGE_EXCP_CHAR,D1T446P0,3,SEQ_NUM,ASC
CISADM,D1_USAGE_EXCP_CHAR,D1T446S1,1,SRCH_CHAR_VAL,ASC
CISADM,D1_USAGE_EXCP_K,D1T444P0,1,USAGE_EXCP_ID,ASC
CISADM,D1_USAGE_EXCP_K,D1T444P0,2,ENV_ID,ASC
CISADM,D1_USAGE_EXCP_PARM,D1T445P0,1,USAGE_EXCP_ID,ASC
CISADM,D1_USAGE_EXCP_PARM,D1T445P0,2,PARM_SEQ,ASC
CISADM,D1_USAGE_EXCP_TYPE,D1C415P0,1,USAGE_EXCP_TYPE_CD,ASC
CISADM,D1_USAGE_EXCP_TYPE_CHAR,D1C417P0,1,USAGE_EXCP_TYPE_CD,ASC
CISADM,D1_USAGE_EXCP_TYPE_CHAR,D1C417P0,2,CHAR_TYPE_CD,ASC
CISADM,D1_USAGE_EXCP_TYPE_CHAR,D1C417P0,3,SEQ_NUM,ASC
CISADM,D1_USAGE_EXCP_TYPE_CHAR,D1C417S1,1,SRCH_CHAR_VAL,ASC
CISADM,D1_USAGE_EXCP_TYPE_L,D1C416P0,1,USAGE_EXCP_TYPE_CD,ASC
CISADM,D1_USAGE_EXCP_TYPE_L,D1C416P0,2,LANGUAGE_CD,ASC
CISADM,D1_USAGE_K,D1T296P0,1,D1_USAGE_ID,ASC
CISADM,D1_USAGE_K,D1T296P0,2,ENV_ID,ASC
CISADM,D1_USAGE_LOG,D1T286P0,1,D1_USAGE_ID,ASC
CISADM,D1_USAGE_LOG,D1T286P0,2,SEQNO,ASC
CISADM,D1_USAGE_LOG,D1T286S1,1,CHAR_TYPE_CD,ASC
CISADM,D1_USAGE_LOG,D1T286S1,2,CHAR_VAL_FK1,ASC
CISADM,D1_USAGE_LOG,D1T286S2,1,CHAR_TYPE_CD,ASC
CISADM,D1_USAGE_LOG,D1T286S2,2,CHAR_VAL,ASC
CISADM,D1_USAGE_LOG_PARM,D1T287P0,1,D1_USAGE_ID,ASC
CISADM,D1_USAGE_LOG_PARM,D1T287P0,2,SEQNO,ASC
CISADM,D1_USAGE_LOG_PARM,D1T287P0,3,PARM_SEQ,ASC
CISADM,D1_USAGE_PERIOD,D1T283P0,1,D1_USAGE_ID,ASC
CISADM,D1_USAGE_PERIOD,D1T283P0,2,PERIOD_SEQ_NUM,ASC
CISADM,D1_USAGE_PERIOD_ITEM_DET,D1T431P0,1,D1_USAGE_ID,ASC
CISADM,D1_USAGE_PERIOD_ITEM_DET,D1T431P0,2,PERIOD_SEQ_NUM,ASC
CISADM,D1_USAGE_PERIOD_ITEM_DET,D1T431P0,3,ITEM_SEQ_NUM,ASC
CISADM,D1_USAGE_PERIOD_SQ,D1T284P0,1,D1_USAGE_ID,ASC
CISADM,D1_USAGE_PERIOD_SQ,D1T284P0,2,PERIOD_SEQ_NUM,ASC
CISADM,D1_USAGE_PERIOD_SQ,D1T284P0,3,SQ_SEQ_NUM,ASC
CISADM,D1_USAGE_PERIOD_SQ_DATA,D1T497P0,1,D1_USAGE_ID,ASC
CISADM,D1_USAGE_PERIOD_SQ_DATA,D1T497P0,2,PERIOD_SEQ_NUM,ASC
CISADM,D1_USAGE_PERIOD_SQ_DATA,D1T497P0,3,SQ_SEQ_NUM,ASC
CISADM,D1_USAGE_PERIOD_SQ_DATA,D1T497P0,4,SQ_DATA_DTTM,ASC
CISADM,D1_USAGE_REL,D1T316P0,1,D1_USAGE_ID,ASC
CISADM,D1_USAGE_REL,D1T316P0,2,USAGE_REL_TYPE_FLG,ASC
CISADM,D1_USAGE_REL,D1T316S0,1,REL_USAGE_ID,ASC
CISADM,D1_USAGE_REL,D1T316S0,2,USAGE_REL_TYPE_FLG,ASC
CISADM,D1_USAGE_REL,D1T316S0,3,D1_USAGE_ID,ASC
CISADM,D1_USAGE_SCALAR_DTL,D1T282P0,1,D1_USAGE_ID,ASC
CISADM,D1_USAGE_SCALAR_DTL,D1T282P0,2,D1_SP_ID,ASC
CISADM,D1_USAGE_SCALAR_DTL,D1T282P0,3,SEQ_NUM,ASC
CISADM,D1_USER_DIV,D1C603P0,1,USER_ID,ASC
CISADM,D1_USER_DIV,D1C603P0,2,DIVISION_CD,ASC
CISADM,D1_USG_CAL_TYPE,D1C556P0,1,D1_USG_CAL_TYPE_CD,ASC
CISADM,D1_USG_CAL_TYPE_CHAR,D1C560P0,1,D1_USG_CAL_TYPE_CD,ASC
CISADM,D1_USG_CAL_TYPE_CHAR,D1C560P0,2,CHAR_TYPE_CD,ASC
CISADM,D1_USG_CAL_TYPE_CHAR,D1C560P0,3,SEQ_NUM,ASC
CISADM,D1_USG_CAL_TYPE_L,D1C557P0,1,D1_USG_CAL_TYPE_CD,ASC
CISADM,D1_USG_CAL_TYPE_L,D1C557P0,2,LANGUAGE_CD,ASC
CISADM,D1_USG_CAL_TYPE_REQ_TYPE,D1C558P0,1,D1_USG_CAL_TYPE_CD,ASC
CISADM,D1_USG_CAL_TYPE_USTYPE_USG_GRP,D1C561P0,1,US_TYPE_CD,ASC
CISADM,D1_USG_CAL_TYPE_USTYPE_USG_GRP,D1C561P0,2,D1_USG_CAL_TYPE_CD,ASC
CISADM,D1_USG_CAL_TYPE_USTYPE_USG_GRP,D1C561P0,3,US_TYPE_SEQ,ASC
CISADM,D1_USG_CAL_TYPE_USTYPE_USG_GRP,D1C561P0,4,SEQNO,ASC
CISADM,D1_USG_CAL_TYPE_US_TYPE,D1C559P0,1,D1_USG_CAL_TYPE_CD,ASC
CISADM,D1_USG_CAL_TYPE_US_TYPE,D1C559P0,2,US_TYPE_CD,ASC
CISADM,D1_USG_CAL_TYPE_US_TYPE,D1C559P0,3,US_TYPE_SEQ,ASC
CISADM,D1_USG_GRP,D1C194P0,1,USG_GRP_CD,ASC
CISADM,D1_USG_GRP_CHAR,D1C197P0,1,USG_GRP_CD,ASC
CISADM,D1_USG_GRP_CHAR,D1C197P0,2,CHAR_TYPE_CD,ASC
CISADM,D1_USG_GRP_CHAR,D1C197P0,3,SEQ_NUM,ASC
CISADM,D1_USG_GRP_CHAR,D1C197S1,1,SRCH_CHAR_VAL,ASC
CISADM,D1_USG_GRP_L,D1C195P0,1,USG_GRP_CD,ASC
CISADM,D1_USG_GRP_L,D1C195P0,2,LANGUAGE_CD,ASC
CISADM,D1_USG_GRP_VAL_DC_TYPE,D1C196P0,1,USG_GRP_CD,ASC
CISADM,D1_USG_GRP_VAL_DC_TYPE,D1C196P0,2,DEVICE_CONFIG_TYPE_CD,ASC
CISADM,D1_USG_RULE,D1C198P0,1,USG_GRP_CD,ASC
CISADM,D1_USG_RULE,D1C198P0,2,USG_RULE_CD,ASC
CISADM,D1_USG_RULE_CHAR,D1C200P0,1,USG_GRP_CD,ASC
CISADM,D1_USG_RULE_CHAR,D1C200P0,2,USG_RULE_CD,ASC
CISADM,D1_USG_RULE_CHAR,D1C200P0,3,CHAR_TYPE_CD,ASC
CISADM,D1_USG_RULE_CHAR,D1C200P0,4,SEQ_NUM,ASC
CISADM,D1_USG_RULE_CHAR,D1C200S1,1,SRCH_CHAR_VAL,ASC
CISADM,D1_USG_RULE_ELIG_CRIT,D1C201P0,1,USG_GRP_CD,ASC
CISADM,D1_USG_RULE_ELIG_CRIT,D1C201P0,2,USG_RULE_CD,ASC
CISADM,D1_USG_RULE_ELIG_CRIT,D1C201P0,3,CRIT_SEQ,ASC
CISADM,D1_USG_RULE_ELIG_CRIT_CHAR,D1C203P0,1,USG_GRP_CD,ASC
CISADM,D1_USG_RULE_ELIG_CRIT_CHAR,D1C203P0,2,USG_RULE_CD,ASC
CISADM,D1_USG_RULE_ELIG_CRIT_CHAR,D1C203P0,3,CRIT_SEQ,ASC
CISADM,D1_USG_RULE_ELIG_CRIT_CHAR,D1C203P0,4,CHAR_TYPE_CD,ASC
CISADM,D1_USG_RULE_ELIG_CRIT_CHAR,D1C203P0,5,SEQ_NUM,ASC
CISADM,D1_USG_RULE_ELIG_CRIT_CHAR,D1C203S1,1,SRCH_CHAR_VAL,ASC
CISADM,D1_USG_RULE_ELIG_CRIT_L,D1C202P0,1,USG_GRP_CD,ASC
CISADM,D1_USG_RULE_ELIG_CRIT_L,D1C202P0,2,USG_RULE_CD,ASC
CISADM,D1_USG_RULE_ELIG_CRIT_L,D1C202P0,3,CRIT_SEQ,ASC
CISADM,D1_USG_RULE_ELIG_CRIT_L,D1C202P0,4,LANGUAGE_CD,ASC
CISADM,D1_USG_RULE_L,D1C199P0,1,USG_GRP_CD,ASC
CISADM,D1_USG_RULE_L,D1C199P0,2,USG_RULE_CD,ASC
CISADM,D1_USG_RULE_L,D1C199P0,3,LANGUAGE_CD,ASC
CISADM,D1_US_CHAR,D1M218P0,1,US_ID,ASC
CISADM,D1_US_CHAR,D1M218P0,2,CHAR_TYPE_CD,ASC
CISADM,D1_US_CHAR,D1M218P0,3,EFFDT,ASC
CISADM,D1_US_CHAR,D1M218S1,1,SRCH_CHAR_VAL,ASC
CISADM,D1_US_CONTACT,D1M215P0,1,US_ID,ASC
CISADM,D1_US_CONTACT,D1M215P0,2,CONTACT_ID,ASC
CISADM,D1_US_CONTACT,D1M215P0,3,US_CNTCT_REL_FLG,ASC
CISADM,D1_US_CONTACT,D1M215S0,1,CONTACT_ID,ASC
CISADM,D1_US_CONTACT,D1M215S0,2,US_ID,ASC
CISADM,D1_US_DYN_OPT,D1M420P0,1,US_ID,ASC
CISADM,D1_US_DYN_OPT,D1M420P0,2,DYN_OPT_ID,ASC
CISADM,D1_US_DYN_OPT,D1M420P0,3,EFF_DTTM,ASC
CISADM,D1_US_DYN_OPT,D1M420S1,1,DYN_OPT_ID,ASC
CISADM,D1_US_DYN_OPT_OVRRD,D1M421P0,1,US_ID,ASC
CISADM,D1_US_DYN_OPT_OVRRD,D1M421P0,2,DYN_OPT_ID,ASC
CISADM,D1_US_DYN_OPT_OVRRD,D1M421P0,3,EFF_DTTM,ASC
CISADM,D1_US_DYN_OPT_OVRRD,D1M421P0,4,DYN_OPT_EVENT_ID,ASC
CISADM,D1_US_DYN_OPT_OVRRD,D1M421P0,5,OVRRD_DTTM,ASC
CISADM,D1_US_DYN_OPT_OVRRD,D1M421S1,1,DYN_OPT_ID,ASC
CISADM,D1_US_DYN_OPT_OVRRD,D1M421S2,1,DYN_OPT_EVENT_ID,ASC
CISADM,D1_US_FACTOR_OVRD,D1M214P0,1,US_ID,ASC
CISADM,D1_US_FACTOR_OVRD,D1M214P0,2,FACTOR_CD,ASC
CISADM,D1_US_FACTOR_OVRD,D1M214P0,3,START_DTTM,ASC
CISADM,D1_US_IDENTIFIER,D1M213P0,1,US_ID,ASC
CISADM,D1_US_IDENTIFIER,D1M213P0,2,US_ID_TYPE_FLG,ASC
CISADM,D1_US_IDENTIFIER,D1M213S0,1,ID_VALUE,ASC
CISADM,D1_US_IDENTIFIER,D1M213S1,1,SYS_NC00005$,ASC
CISADM,D1_US_K,D1T221P0,1,US_ID,ASC
CISADM,D1_US_K,D1T221P0,2,ENV_ID,ASC
CISADM,D1_US_LOG,D1M219P0,1,US_ID,ASC
CISADM,D1_US_LOG,D1M219P0,2,SEQNO,ASC
CISADM,D1_US_LOG,D1M219S1,1,CHAR_TYPE_CD,ASC
CISADM,D1_US_LOG,D1M219S1,2,CHAR_VAL_FK1,ASC
CISADM,D1_US_LOG,D1M219S2,1,CHAR_TYPE_CD,ASC
CISADM,D1_US_LOG,D1M219S2,2,CHAR_VAL,ASC
CISADM,D1_US_LOG_PARM,D1M220P0,1,US_ID,ASC
CISADM,D1_US_LOG_PARM,D1M220P0,2,SEQNO,ASC
CISADM,D1_US_LOG_PARM,D1M220P0,3,PARM_SEQ,ASC
CISADM,D1_US_MC,D1M268S1,1,MEASR_COMP_ID,ASC
CISADM,D1_US_MC,D1M268S1,2,US_ID,ASC
CISADM,D1_US_MC,D1M319S0,1,US_ID,ASC
CISADM,D1_US_MC,D1M429P0,1,US_ID,ASC
CISADM,D1_US_MC,D1M429P0,2,US_MC_REL_TYPE_FLG,ASC
CISADM,D1_US_MC_SET,D1M495P0,1,US_ID,ASC
CISADM,D1_US_MC_SET,D1M495P0,2,US_MCSET_REL_TYPE_FLG,ASC
CISADM,D1_US_MKT_PART,D1M480P0,1,US_MP_ID,ASC
CISADM,D1_US_MKT_PART_CHAR,D1M483P0,1,US_MP_ID,ASC
CISADM,D1_US_MKT_PART_CHAR,D1M483P0,2,CHAR_TYPE_CD,ASC
CISADM,D1_US_MKT_PART_CHAR,D1M483P0,3,EFFDT,ASC
CISADM,D1_US_MKT_PART_IDENTIFIER,D1M482P0,1,US_MP_ID,ASC
CISADM,D1_US_MKT_PART_IDENTIFIER,D1M482P0,2,US_MP_ID_TYPE_FLG,ASC
CISADM,D1_US_MKT_PART_K,D1M481P0,1,US_MP_ID,ASC
CISADM,D1_US_MKT_PART_K,D1M481P0,2,ENV_ID,ASC
CISADM,D1_US_MKT_PART_LOG,D1M484P0,1,US_MP_ID,ASC
CISADM,D1_US_MKT_PART_LOG,D1M484P0,2,SEQNO,ASC
CISADM,D1_US_MKT_PART_LOG_PARM,D1M485P0,1,US_MP_ID,ASC
CISADM,D1_US_MKT_PART_LOG_PARM,D1M485P0,2,SEQNO,ASC
CISADM,D1_US_MKT_PART_LOG_PARM,D1M485P0,3,PARM_SEQ,ASC
CISADM,D1_US_QTY,D1M576P0,1,D1_US_QTY_ID,ASC
CISADM,D1_US_QTY_K,D1M577P0,1,D1_US_QTY_ID,ASC
CISADM,D1_US_QTY_K,D1M577P0,2,ENV_ID,ASC
CISADM,D1_US_QTY_LOG,D1M578P0,1,D1_US_QTY_ID,ASC
CISADM,D1_US_QTY_LOG,D1M578P0,2,SEQNO,ASC
CISADM,D1_US_QTY_LOG_PARM,D1M579P0,1,D1_US_QTY_ID,ASC
CISADM,D1_US_QTY_LOG_PARM,D1M579P0,2,SEQNO,ASC
CISADM,D1_US_QTY_LOG_PARM,D1M579P0,3,PARM_SEQ,ASC
CISADM,D1_US_QTY_TYPE,D1C580P0,1,D1_US_QTY_TYPE_CD,ASC
CISADM,D1_US_QTY_TYPE_IDENTIFIER,D1C581P0,1,D1_US_QTY_TYPE_CD,ASC
CISADM,D1_US_QTY_TYPE_IDENTIFIER,D1C581P0,2,US_QTY_ID_TYPE_FLG,ASC
CISADM,D1_US_QTY_TYPE_IDENTIFIER_L,D1C583P0,1,D1_US_QTY_TYPE_CD,ASC
CISADM,D1_US_QTY_TYPE_IDENTIFIER_L,D1C583P0,2,US_QTY_ID_TYPE_FLG,ASC
CISADM,D1_US_QTY_TYPE_IDENTIFIER_L,D1C583P0,3,LANGUAGE_CD,ASC
CISADM,D1_US_QTY_TYPE_L,D1C582P0,1,D1_US_QTY_TYPE_CD,ASC
CISADM,D1_US_QTY_TYPE_L,D1C582P0,2,LANGUAGE_CD,ASC
CISADM,D1_US_REL,D1M419P0,1,D1_US_ID,ASC
CISADM,D1_US_REL,D1M419P0,2,US_REL_TYPE_FLG,ASC
CISADM,D1_US_RS_CLASS,D1M595P0,1,US_ID,ASC
CISADM,D1_US_RS_CLASS,D1M595P0,2,EFFDT,ASC
CISADM,D1_US_SP,D1M216P0,1,US_ID,ASC
CISADM,D1_US_SP,D1M216P0,2,D1_SP_ID,ASC
CISADM,D1_US_SP,D1M216P0,3,START_DTTM,ASC
CISADM,D1_US_SP,D1M216S0,1,US_ID,ASC
CISADM,D1_US_SP,D1M216S1,1,D1_SP_ID,ASC
CISADM,D1_US_SP,D1M216S1,2,US_ID,ASC
CISADM,D1_US_SP_CHAR,D1M217P0,1,US_ID,ASC
CISADM,D1_US_SP_CHAR,D1M217P0,2,D1_SP_ID,ASC
CISADM,D1_US_SP_CHAR,D1M217P0,3,CHAR_TYPE_CD,ASC
CISADM,D1_US_SP_CHAR,D1M217P0,4,START_DTTM,ASC
CISADM,D1_US_SP_CHAR,D1M217P0,5,EFFDT,ASC
CISADM,D1_US_SP_CHAR,D1M217S1,1,SRCH_CHAR_VAL,ASC
CISADM,D1_US_TYPE,D1C204P0,1,US_TYPE_CD,ASC
CISADM,D1_US_TYPE_CHAR,D1C206P0,1,US_TYPE_CD,ASC
CISADM,D1_US_TYPE_CHAR,D1C206P0,2,CHAR_TYPE_CD,ASC
CISADM,D1_US_TYPE_CHAR,D1C206P0,3,SEQ_NUM,ASC
CISADM,D1_US_TYPE_CHAR,D1C206S1,1,SRCH_CHAR_VAL,ASC
CISADM,D1_US_TYPE_FB_USG_GRP,D1C210P0,1,US_TYPE_CD,ASC
CISADM,D1_US_TYPE_FB_USG_GRP,D1C210P0,2,EFFDT,ASC
CISADM,D1_US_TYPE_L,D1C205P0,1,US_TYPE_CD,ASC
CISADM,D1_US_TYPE_L,D1C205P0,2,LANGUAGE_CD,ASC
CISADM,D1_US_TYPE_VAL_DYN_OPT_TYPE,D1C409P0,1,US_TYPE_CD,ASC
CISADM,D1_US_TYPE_VAL_DYN_OPT_TYPE,D1C409P0,2,DYN_OPT_TYPE_CD,ASC
CISADM,D1_US_TYPE_VAL_DYN_OPT_TYPE,D1C409S1,1,DYN_OPT_TYPE_CD,ASC
CISADM,D1_US_TYPE_VAL_SPR,D1C208P0,1,US_TYPE_CD,ASC
CISADM,D1_US_TYPE_VAL_SPR,D1C208P0,2,D1_SPR_CD,ASC
CISADM,D1_US_TYPE_VAL_SP_TYPE,D1C207P0,1,US_TYPE_CD,ASC
CISADM,D1_US_TYPE_VAL_SP_TYPE,D1C207P0,2,D1_SP_TYPE_CD,ASC
CISADM,D1_US_TYPE_VAL_USG_GRP,D1C209P0,1,US_TYPE_CD,ASC
CISADM,D1_US_TYPE_VAL_USG_GRP,D1C209P0,2,USG_GRP_CD,ASC
CISADM,D1_US_USG_GRP,D1M212P0,1,US_ID,ASC
CISADM,D1_US_USG_GRP,D1M212P0,2,EFF_DTTM,ASC
CISADM,D1_US_USG_GRP_DL,D1T442P0,1,US_ID,ASC
CISADM,D1_US_USG_GRP_DL,D1T442P0,2,EFF_START_DTTM,ASC
CISADM,D1_US_USG_GRP_SEQ,D1M544P0,1,US_ID,ASC
CISADM,D1_US_USG_GRP_SEQ,D1M544P0,2,USG_GRP_CD,ASC
CISADM,D1_VALID_MULTI_VAR_FACTOR,D1C530P0,1,SETT_UNIT_CD,ASC
CISADM,D1_VALID_MULTI_VAR_FACTOR,D1C530P0,2,MULTI_VAR_FACTOR_CD,ASC
CISADM,D1_VEE_ELIG_CRIT,D1C120P0,1,VEE_GRP_CD,ASC
CISADM,D1_VEE_ELIG_CRIT,D1C120P0,2,VEE_RULE_CD,ASC
CISADM,D1_VEE_ELIG_CRIT,D1C120P0,3,CRIT_SEQ,ASC
CISADM,D1_VEE_ELIG_CRIT_CHAR,D1C122P0,1,VEE_GRP_CD,ASC
CISADM,D1_VEE_ELIG_CRIT_CHAR,D1C122P0,2,VEE_RULE_CD,ASC
CISADM,D1_VEE_ELIG_CRIT_CHAR,D1C122P0,3,CRIT_SEQ,ASC
CISADM,D1_VEE_ELIG_CRIT_CHAR,D1C122P0,4,CHAR_TYPE_CD,ASC
CISADM,D1_VEE_ELIG_CRIT_CHAR,D1C122P0,5,SEQ_NUM,ASC
CISADM,D1_VEE_ELIG_CRIT_CHAR,D1C122S1,1,SRCH_CHAR_VAL,ASC
CISADM,D1_VEE_ELIG_CRIT_L,D1C121P0,1,VEE_GRP_CD,ASC
CISADM,D1_VEE_ELIG_CRIT_L,D1C121P0,2,VEE_RULE_CD,ASC
CISADM,D1_VEE_ELIG_CRIT_L,D1C121P0,3,CRIT_SEQ,ASC
CISADM,D1_VEE_ELIG_CRIT_L,D1C121P0,4,LANGUAGE_CD,ASC
CISADM,D1_VEE_EXCP,D1T308P0,1,VEE_EXCP_ID,ASC
CISADM,D1_VEE_EXCP,D1T308S1,1,INIT_MSRMT_DATA_ID,ASC
CISADM,D1_VEE_EXCP_CHAR,D1T310P0,1,VEE_EXCP_ID,ASC
CISADM,D1_VEE_EXCP_CHAR,D1T310P0,2,CHAR_TYPE_CD,ASC
CISADM,D1_VEE_EXCP_CHAR,D1T310P0,3,SEQ_NUM,ASC
CISADM,D1_VEE_EXCP_CHAR,D1T310S1,1,SRCH_CHAR_VAL,ASC
CISADM,D1_VEE_EXCP_K,D1T315P0,1,VEE_EXCP_ID,ASC
CISADM,D1_VEE_EXCP_K,D1T315P0,2,ENV_ID,ASC
CISADM,D1_VEE_EXCP_PARM,D1T309P0,1,VEE_EXCP_ID,ASC
CISADM,D1_VEE_EXCP_PARM,D1T309P0,2,PARM_SEQ,ASC
CISADM,D1_VEE_GRP,D1C100P0,1,VEE_GRP_CD,ASC
CISADM,D1_VEE_GRP_CHAR,D1C102P0,1,VEE_GRP_CD,ASC
CISADM,D1_VEE_GRP_CHAR,D1C102P0,2,CHAR_TYPE_CD,ASC
CISADM,D1_VEE_GRP_CHAR,D1C102P0,3,SEQ_NUM,ASC
CISADM,D1_VEE_GRP_CHAR,D1C102S1,1,SRCH_CHAR_VAL,ASC
CISADM,D1_VEE_GRP_L,D1C101P0,1,VEE_GRP_CD,ASC
CISADM,D1_VEE_GRP_L,D1C101P0,2,LANGUAGE_CD,ASC
CISADM,D1_VEE_RULE,D1C110P0,1,VEE_GRP_CD,ASC
CISADM,D1_VEE_RULE,D1C110P0,2,VEE_RULE_CD,ASC
CISADM,D1_VEE_RULE_CHAR,D1C112P0,1,VEE_GRP_CD,ASC
CISADM,D1_VEE_RULE_CHAR,D1C112P0,2,VEE_RULE_CD,ASC
CISADM,D1_VEE_RULE_CHAR,D1C112P0,3,CHAR_TYPE_CD,ASC
CISADM,D1_VEE_RULE_CHAR,D1C112P0,4,SEQ_NUM,ASC
CISADM,D1_VEE_RULE_CHAR,D1C112S1,1,SRCH_CHAR_VAL,ASC
CISADM,D1_VEE_RULE_L,D1C111P0,1,VEE_GRP_CD,ASC
CISADM,D1_VEE_RULE_L,D1C111P0,2,VEE_RULE_CD,ASC
CISADM,D1_VEE_RULE_L,D1C111P0,3,LANGUAGE_CD,ASC
CISADM,F1_ACTION_METHOD,F1C777P0,1,ACTION_METHOD_CD,ASC
CISADM,F1_ACTION_METHOD_CHAR,F1C779P0,1,ACTION_METHOD_CD,ASC
CISADM,F1_ACTION_METHOD_CHAR,F1C779P0,2,CHAR_TYPE_CD,ASC
CISADM,F1_ACTION_METHOD_CHAR,F1C779P0,3,SEQ_NUM,ASC
CISADM,F1_ACTION_METHOD_CHAR,F1C779S1,1,SRCH_CHAR_VAL,ASC
CISADM,F1_ACTION_METHOD_L,F1C778P0,1,ACTION_METHOD_CD,ASC
CISADM,F1_ACTION_METHOD_L,F1C778P0,2,LANGUAGE_CD,ASC
CISADM,F1_ARC_TBL_PARTITION_HIST,F1M632P0,1,TBL_OWNER,ASC
CISADM,F1_ARC_TBL_PARTITION_HIST,F1M632P0,2,TBL_NAME,ASC
CISADM,F1_ARC_TBL_PARTITION_HIST,F1M632P0,3,PART_OR_SUBPART_NAME,ASC
CISADM,F1_ARC_TBL_PARTITION_HIST,F1M632P0,4,CRE_DTTM,ASC
CISADM,F1_ATTACHMENT,F1T819P0,1,ATTACHMENT_ID,ASC
CISADM,F1_ATTACHMENT,F1T819S1,1,MAINT_OBJ_CD,ASC
CISADM,F1_ATTACHMENT,F1T819S1,2,PK_VAL1,ASC
CISADM,F1_ATTACHMENT,F1T819S1,3,PK_VAL2,ASC
CISADM,F1_ATTACHMENT,F1T819S1,4,PK_VAL3,ASC
CISADM,F1_ATTACHMENT,F1T819S1,5,PK_VAL4,ASC
CISADM,F1_ATTACHMENT,F1T819S1,6,PK_VAL5,ASC
CISADM,F1_ATTACHMENT,F1T819S1,7,ATTACHMENT_ID,ASC
CISADM,F1_ATTACHMENT,F1T819S2,1,ATTACHMENT_EXT_ID,ASC
CISADM,F1_ATTACHMENT,F1T819S2,2,ATTACHMENT_ID,ASC
CISADM,F1_ATTACHMENT,F1T819S3,1,ATTACHMENT_FILE_NAME,ASC
CISADM,F1_ATTACHMENT,F1T819S3,2,ATTACHMENT_ID,ASC
CISADM,F1_ATTACHMENT_CHAR,F1T820P0,1,ATTACHMENT_ID,ASC
CISADM,F1_ATTACHMENT_CHAR,F1T820P0,2,CHAR_TYPE_CD,ASC
CISADM,F1_ATTACHMENT_CHAR,F1T820P0,3,SEQ_NUM,ASC
CISADM,F1_ATTACHMENT_CHAR,F1T820S1,1,SRCH_CHAR_VAL,ASC
CISADM,F1_ATTACHMENT_K,F1T910P0,1,ATTACHMENT_ID,ASC
CISADM,F1_ATTACHMENT_K,F1T910P0,2,ENV_ID,ASC
CISADM,F1_BKT_CONFIG,F1C492P0,1,BKT_CONFIG_CD,ASC
CISADM,F1_BKT_CONFIG,F1C492S1,1,BUS_OBJ_CD,ASC
CISADM,F1_BKT_CONFIG_L,F1C493P0,1,BKT_CONFIG_CD,ASC
CISADM,F1_BKT_CONFIG_L,F1C493P0,2,LANGUAGE_CD,ASC
CISADM,F1_BKT_CONFIG_REL_OBJ,F1C494P0,1,BKT_CONFIG_CD,ASC
CISADM,F1_BKT_CONFIG_REL_OBJ,F1C494P0,2,MAINT_OBJ_CD,ASC
CISADM,F1_BKT_CONFIG_REL_OBJ,F1C494S1,1,MAINT_OBJ_CD,ASC
CISADM,F1_BKT_CONFIG_REL_OBJ,F1C494S1,2,PK_VALUE1,ASC
CISADM,F1_BKT_CONFIG_VAL,F1C495P0,1,BKT_CONFIG_CD,ASC
CISADM,F1_BKT_CONFIG_VAL,F1C495P0,2,SEQ_NUM,ASC
CISADM,F1_BKT_CONFIG_VAL_L,F1C496P0,1,BKT_CONFIG_CD,ASC
CISADM,F1_BKT_CONFIG_VAL_L,F1C496P0,2,SEQ_NUM,ASC
CISADM,F1_BKT_CONFIG_VAL_L,F1C496P0,3,LANGUAGE_CD,ASC
CISADM,F1_BNDL,FT050P0,1,BNDL_ID,ASC
CISADM,F1_BNDL,FT050S1,1,BO_STATUS_CD,ASC
CISADM,F1_BNDL,FT050S1,2,BUS_OBJ_CD,ASC
CISADM,F1_BNDL,FT050S1,3,BNDL_ID,ASC
CISADM,F1_BNDL_CHAR,FT051P0,1,BNDL_ID,ASC
CISADM,F1_BNDL_CHAR,FT051P0,2,CHAR_TYPE_CD,ASC
CISADM,F1_BNDL_CHAR,FT051P0,3,SEQ_NUM,ASC
CISADM,F1_BNDL_CHAR,FT051S1,1,SRCH_CHAR_VAL,ASC
CISADM,F1_BNDL_ENTITY,FT055P0,1,BNDL_ID,ASC
CISADM,F1_BNDL_ENTITY,FT055P0,2,SEQNO,ASC
CISADM,F1_BNDL_ENTITY,FT055S1,1,BNDL_ID,ASC
CISADM,F1_BNDL_ENTITY,FT055S1,2,PROC_SEQ,ASC
CISADM,F1_BNDL_ENTITY,FT055S2,1,MAINT_OBJ_CD,ASC
CISADM,F1_BNDL_ENTITY,FT055S2,2,PK_VALUE1,ASC
CISADM,F1_BNDL_ENTITY,FT055S2,3,PK_VALUE2,ASC
CISADM,F1_BNDL_ENTITY,FT055S2,4,PK_VALUE3,ASC
CISADM,F1_BNDL_ENTITY,FT055S2,5,PK_VALUE4,ASC
CISADM,F1_BNDL_ENTITY,FT055S2,6,PK_VALUE5,ASC
CISADM,F1_BNDL_ENTITY,FT055S2,7,BNDL_ID,ASC
CISADM,F1_BNDL_K,FT060P0,1,BNDL_ID,ASC
CISADM,F1_BNDL_K,FT060P0,2,ENV_ID,ASC
CISADM,F1_BNDL_LOG,FT053P0,1,BNDL_ID,ASC
CISADM,F1_BNDL_LOG,FT053P0,2,SEQNO,ASC
CISADM,F1_BNDL_LOG_PARM,FT054P0,1,BNDL_ID,ASC
CISADM,F1_BNDL_LOG_PARM,FT054P0,2,SEQNO,ASC
CISADM,F1_BNDL_LOG_PARM,FT054P0,3,PARM_SEQ,ASC
CISADM,F1_BUS_EVT_LOG,FT020P0,1,BUS_EVT_LOG_ID,ASC
CISADM,F1_BUS_EVT_LOG,FT020S1,1,USER_ID,ASC
CISADM,F1_BUS_EVT_LOG,FT020S2,1,MAINT_OBJ_CD,ASC
CISADM,F1_BUS_EVT_LOG,FT020S2,2,PK_VALUE1,ASC
CISADM,F1_BUS_EVT_LOG,FT020S2,3,PK_VALUE2,ASC
CISADM,F1_BUS_EVT_LOG,FT020S2,4,PK_VALUE3,ASC
CISADM,F1_BUS_EVT_LOG,FT020S2,5,PK_VALUE4,ASC
CISADM,F1_BUS_EVT_LOG,FT020S2,6,PK_VALUE5,ASC
CISADM,F1_BUS_EVT_LOG_CHAR,FT021P0,1,BUS_EVT_LOG_ID,ASC
CISADM,F1_BUS_EVT_LOG_CHAR,FT021P0,2,CHAR_TYPE_CD,ASC
CISADM,F1_BUS_EVT_LOG_CHAR,FT021P0,3,SEQ_NUM,ASC
CISADM,F1_BUS_EVT_LOG_CHAR,FT021S1,1,SRCH_CHAR_VAL,ASC
CISADM,F1_BUS_EVT_LOG_K,FT025P0,1,BUS_EVT_LOG_ID,ASC
CISADM,F1_BUS_EVT_LOG_K,FT025P0,2,ENV_ID,ASC
CISADM,F1_BUS_EVT_LOG_MSG_PARM,FT022P0,1,BUS_EVT_LOG_ID,ASC
CISADM,F1_BUS_EVT_LOG_MSG_PARM,FT022P0,2,PARM_SEQ,ASC
CISADM,F1_BUS_FLG,F1T681P0,1,BUS_FLG_ID,ASC
CISADM,F1_BUS_FLG,F1T681S1,1,BO_STATUS_CD,ASC
CISADM,F1_BUS_FLG,F1T681S1,2,BUS_OBJ_CD,ASC
CISADM,F1_BUS_FLG,F1T681S1,3,BUS_FLG_ID,ASC
CISADM,F1_BUS_FLG_CHAR,F1T684P0,1,BUS_FLG_ID,ASC
CISADM,F1_BUS_FLG_CHAR,F1T684P0,2,CHAR_TYPE_CD,ASC
CISADM,F1_BUS_FLG_CHAR,F1T684P0,3,SEQ_NUM,ASC
CISADM,F1_BUS_FLG_CHAR,F1T684S0,1,SRCH_CHAR_VAL,ASC
CISADM,F1_BUS_FLG_K,F1T687P0,1,BUS_FLG_ID,ASC
CISADM,F1_BUS_FLG_K,F1T687P0,2,ENV_ID,ASC
CISADM,F1_BUS_FLG_LOG,F1T685P0,1,BUS_FLG_ID,ASC
CISADM,F1_BUS_FLG_LOG,F1T685P0,2,SEQNO,ASC
CISADM,F1_BUS_FLG_LOG,F1T685S1,1,CHAR_TYPE_CD,ASC
CISADM,F1_BUS_FLG_LOG,F1T685S1,2,CHAR_VAL_FK1,ASC
CISADM,F1_BUS_FLG_LOG,F1T685S2,1,CHAR_TYPE_CD,ASC
CISADM,F1_BUS_FLG_LOG,F1T685S2,2,CHAR_VAL,ASC
CISADM,F1_BUS_FLG_LOG_PARM,F1T686P0,1,BUS_FLG_ID,ASC
CISADM,F1_BUS_FLG_LOG_PARM,F1T686P0,2,SEQNO,ASC
CISADM,F1_BUS_FLG_LOG_PARM,F1T686P0,3,PARM_SEQ,ASC
CISADM,F1_BUS_FLG_REL,F1T682P0,1,BUS_FLG_ID,ASC
CISADM,F1_BUS_FLG_REL,F1T682P0,2,BUS_FLG_REL_TYPE_FLG,ASC
CISADM,F1_BUS_FLG_REL,F1T682P0,3,SEQ_NUM,ASC
CISADM,F1_BUS_FLG_REL_OBJ,F1T683P0,1,BUS_FLG_ID,ASC
CISADM,F1_BUS_FLG_REL_OBJ,F1T683P0,2,BUS_FLG_REL_OBJ_TYPE_FLG,ASC
CISADM,F1_BUS_FLG_REL_OBJ,F1T683P0,3,SEQ_NUM,ASC
CISADM,F1_BUS_FLG_TYPE,F1C677P0,1,BUS_FLG_TYPE_CD,ASC
CISADM,F1_BUS_FLG_TYPE_ALG,F1C678P0,1,BUS_FLG_TYPE_CD,ASC
CISADM,F1_BUS_FLG_TYPE_ALG,F1C678P0,2,BUS_FLG_TYPE_SEVT_FLG,ASC
CISADM,F1_BUS_FLG_TYPE_ALG,F1C678P0,3,SEQ_NUM,ASC
CISADM,F1_BUS_FLG_TYPE_BUS_PROC,F1C689P0,1,BUS_FLG_TYPE_CD,ASC
CISADM,F1_BUS_FLG_TYPE_BUS_PROC,F1C689P0,2,BUS_PROC,ASC
CISADM,F1_BUS_FLG_TYPE_CHAR,F1C679P0,1,BUS_FLG_TYPE_CD,ASC
CISADM,F1_BUS_FLG_TYPE_CHAR,F1C679P0,2,CHAR_TYPE_CD,ASC
CISADM,F1_BUS_FLG_TYPE_CHAR,F1C679P0,3,SEQ_NUM,ASC
CISADM,F1_BUS_FLG_TYPE_CHAR,F1C679S1,1,SRCH_CHAR_VAL,ASC
CISADM,F1_BUS_FLG_TYPE_L,F1C680P0,1,BUS_FLG_TYPE_CD,ASC
CISADM,F1_BUS_FLG_TYPE_L,F1C680P0,2,LANGUAGE_CD,ASC
CISADM,F1_BUS_OBJ,FC023P0,1,BUS_OBJ_CD,ASC
CISADM,F1_BUS_OBJ,FC023S1,1,BUS_OBJ_CD,ASC
CISADM,F1_BUS_OBJ,FC023S1,2,LIFE_CYCLE_BO_CD,ASC
CISADM,F1_BUS_OBJ_ALG,FC041P0,1,BUS_OBJ_CD,ASC
CISADM,F1_BUS_OBJ_ALG,FC041P0,2,BO_SEVT_FLG,ASC
CISADM,F1_BUS_OBJ_ALG,FC041P0,3,SEQ_NUM,ASC
CISADM,F1_BUS_OBJ_ALG,FC041P0,4,ALG_CD,ASC
CISADM,F1_BUS_OBJ_L,FC026P0,1,BUS_OBJ_CD,ASC
CISADM,F1_BUS_OBJ_L,FC026P0,2,LANGUAGE_CD,ASC
CISADM,F1_BUS_OBJ_OPT,FC100P0,1,BUS_OBJ_CD,ASC
CISADM,F1_BUS_OBJ_OPT,FC100P0,2,BUS_OBJ_OPT_FLG,ASC
CISADM,F1_BUS_OBJ_OPT,FC100P0,3,SEQ_NUM,ASC
CISADM,F1_BUS_OBJ_OPT,FC100P0,4,BUS_OBJ_OPT_VAL,ASC
CISADM,F1_BUS_OBJ_STATUS,FC045P0,1,BUS_OBJ_CD,ASC
CISADM,F1_BUS_OBJ_STATUS,FC045P0,2,BO_STATUS_CD,ASC
CISADM,F1_BUS_OBJ_STATUS,FC045S1,1,BO_STATUS_CD,ASC
CISADM,F1_BUS_OBJ_STATUS,FC045S1,2,BUS_OBJ_CD,ASC
CISADM,F1_BUS_OBJ_STATUS,FC045S1,3,BATCH_CD,ASC
CISADM,F1_BUS_OBJ_STATUS_ALG,FC049P0,1,BUS_OBJ_CD,ASC
CISADM,F1_BUS_OBJ_STATUS_ALG,FC049P0,2,BO_STATUS_CD,ASC
CISADM,F1_BUS_OBJ_STATUS_ALG,FC049P0,3,BO_STATUS_SEVT_FLG,ASC
CISADM,F1_BUS_OBJ_STATUS_ALG,FC049P0,4,SEQ_NUM,ASC
CISADM,F1_BUS_OBJ_STATUS_ALG,FC049P0,5,ALG_CD,ASC
CISADM,F1_BUS_OBJ_STATUS_L,FC047P0,1,BUS_OBJ_CD,ASC
CISADM,F1_BUS_OBJ_STATUS_L,FC047P0,2,BO_STATUS_CD,ASC
CISADM,F1_BUS_OBJ_STATUS_L,FC047P0,3,LANGUAGE_CD,ASC
CISADM,F1_BUS_OBJ_STATUS_OPT,FC053P0,1,BUS_OBJ_CD,ASC
CISADM,F1_BUS_OBJ_STATUS_OPT,FC053P0,2,BO_STATUS_CD,ASC
CISADM,F1_BUS_OBJ_STATUS_OPT,FC053P0,3,BO_OPT_FLG,ASC
CISADM,F1_BUS_OBJ_STATUS_OPT,FC053P0,4,SEQ_NUM,ASC
CISADM,F1_BUS_OBJ_STATUS_OPT,FC053P0,5,BO_OPT_VAL,ASC
CISADM,F1_BUS_OBJ_STATUS_RSN,FC400P0,1,BO_STATUS_REASON_CD,ASC
CISADM,F1_BUS_OBJ_STATUS_RSN,FC400S1,1,BO_STATUS_BO_CD,ASC
CISADM,F1_BUS_OBJ_STATUS_RSN,FC400S1,2,BO_STATUS_CD,ASC
CISADM,F1_BUS_OBJ_STATUS_RSN_CHAR,FC401P0,1,BO_STATUS_REASON_CD,ASC
CISADM,F1_BUS_OBJ_STATUS_RSN_CHAR,FC401P0,2,CHAR_TYPE_CD,ASC
CISADM,F1_BUS_OBJ_STATUS_RSN_CHAR,FC401P0,3,SEQ_NUM,ASC
CISADM,F1_BUS_OBJ_STATUS_RSN_CHAR,FC401S1,1,SRCH_CHAR_VAL,ASC
CISADM,F1_BUS_OBJ_STATUS_RSN_L,FC402P0,1,BO_STATUS_REASON_CD,ASC
CISADM,F1_BUS_OBJ_STATUS_RSN_L,FC402P0,2,LANGUAGE_CD,ASC
CISADM,F1_BUS_OBJ_TR_RULE,FC051P0,1,BUS_OBJ_CD,ASC
CISADM,F1_BUS_OBJ_TR_RULE,FC051P0,2,BO_STATUS_CD,ASC
CISADM,F1_BUS_OBJ_TR_RULE,FC051P0,3,BO_NEXT_STATUS_CD,ASC
CISADM,F1_BUS_OBJ_TR_RULE_L,FC052P0,1,BUS_OBJ_CD,ASC
CISADM,F1_BUS_OBJ_TR_RULE_L,FC052P0,2,BO_STATUS_CD,ASC
CISADM,F1_BUS_OBJ_TR_RULE_L,FC052P0,3,BO_NEXT_STATUS_CD,ASC
CISADM,F1_BUS_OBJ_TR_RULE_L,FC052P0,4,LANGUAGE_CD,ASC
CISADM,F1_BUS_SVC,FC022P0,1,BUS_SVC_CD,ASC
CISADM,F1_BUS_SVC,FC022S1,1,APP_SVC_ID,ASC
CISADM,F1_BUS_SVC_L,FC027P0,1,BUS_SVC_CD,ASC
CISADM,F1_BUS_SVC_L,FC027P0,2,LANGUAGE_CD,ASC
CISADM,F1_CALENDAR_D,F1T916P0,1,F1_DAY_DT,ASC
CISADM,F1_CALENDAR_D,F1T916S1,1,F1_WEEK_KEY,ASC
CISADM,F1_CALENDAR_D,F1T916S1,2,F1_DAY_DT,ASC
CISADM,F1_CALENDAR_D,F1T916S2,1,F1_MONTH_KEY,ASC
CISADM,F1_CALENDAR_D,F1T916S2,2,F1_DAY_DT,ASC
CISADM,F1_CALENDAR_D,F1T916S3,1,F1_CAL_QUARTER_KEY,ASC
CISADM,F1_CALENDAR_D,F1T916S3,2,F1_DAY_DT,ASC
CISADM,F1_CALENDAR_D,F1T916S4,1,F1_CAL_YEAR,ASC
CISADM,F1_CALENDAR_D,F1T916S4,2,F1_DAY_DT,ASC
CISADM,F1_CALENDAR_D,F1T916S5,1,F1_FISC_PERIOD_KEY,ASC
CISADM,F1_CALENDAR_D,F1T916S5,2,F1_DAY_DT,ASC
CISADM,F1_CALENDAR_D,F1T916S6,1,F1_FISC_QUARTER_KEY,ASC
CISADM,F1_CALENDAR_D,F1T916S6,2,F1_DAY_DT,ASC
CISADM,F1_CALENDAR_D,F1T916S7,1,F1_FISC_YEAR,ASC
CISADM,F1_CALENDAR_D,F1T916S7,2,F1_DAY_DT,ASC
CISADM,F1_CALENDAR_D,F1T916S8,1,F1_DAY_KEY,ASC
CISADM,F1_COLOR_OPT,F1C787P0,1,COLOR_OPT_CD,ASC
CISADM,F1_COLOR_OPT_ITEM,F1C789P0,1,COLOR_OPT_CD,ASC
CISADM,F1_COLOR_OPT_ITEM,F1C789P0,2,SEQNO,ASC
CISADM,F1_COLOR_OPT_L,F1C788P0,1,COLOR_OPT_CD,ASC
CISADM,F1_COLOR_OPT_L,F1C788P0,2,LANGUAGE_CD,ASC
CISADM,F1_CRYPTO_KEY,F1C753P0,1,KEY_RING_CD,ASC
CISADM,F1_CRYPTO_KEY,F1C753P0,2,SEQNO,ASC
CISADM,F1_CRYPTO_KEY_RING,F1C749P0,1,KEY_RING_CD,ASC
CISADM,F1_CRYPTO_KEY_RING,F1C749S1,1,BO_STATUS_CD,ASC
CISADM,F1_CRYPTO_KEY_RING,F1C749S1,2,BUS_OBJ_CD,ASC
CISADM,F1_CRYPTO_KEY_RING,F1C749S1,3,KEY_RING_CD,ASC
CISADM,F1_CRYPTO_KEY_RING_L,F1C750P0,1,KEY_RING_CD,ASC
CISADM,F1_CRYPTO_KEY_RING_L,F1C750P0,2,LANGUAGE_CD,ASC
CISADM,F1_CRYPTO_KEY_RING_LINK,F1C754P0,1,EXT_KEY_RING_CD,ASC
CISADM,F1_CRYPTO_KEY_RING_LINK,F1C754P0,2,INT_KEY_RING_CD,ASC
CISADM,F1_CRYPTO_KEY_RING_LOG,F1C751P0,1,KEY_RING_CD,ASC
CISADM,F1_CRYPTO_KEY_RING_LOG,F1C751P0,2,SEQNO,ASC
CISADM,F1_CRYPTO_KEY_RING_LOG,F1C751S1,1,CHAR_TYPE_CD,ASC
CISADM,F1_CRYPTO_KEY_RING_LOG,F1C751S1,2,CHAR_VAL_FK1,ASC
CISADM,F1_CRYPTO_KEY_RING_LOG,F1C751S2,1,CHAR_TYPE_CD,ASC
CISADM,F1_CRYPTO_KEY_RING_LOG,F1C751S2,2,CHAR_VAL,ASC
CISADM,F1_CRYPTO_KEY_RING_LOG_PARM,F1C752P0,1,KEY_RING_CD,ASC
CISADM,F1_CRYPTO_KEY_RING_LOG_PARM,F1C752P0,2,SEQNO,ASC
CISADM,F1_CRYPTO_KEY_RING_LOG_PARM,F1C752P0,3,PARM_SEQ,ASC
CISADM,F1_CUBE_TYPE,F1C747P0,1,CUBE_TYPE_CD,ASC
CISADM,F1_CUBE_TYPE_L,F1C748P0,1,CUBE_TYPE_CD,ASC
CISADM,F1_CUBE_TYPE_L,F1C748P0,2,LANGUAGE_CD,ASC
CISADM,F1_CUBE_VIEW,F1T752P0,1,CUBE_VIEW_CD,ASC
CISADM,F1_CUBE_VIEW,F1T752S1,1,BO_STATUS_CD,ASC
CISADM,F1_CUBE_VIEW,F1T752S1,2,BUS_OBJ_CD,ASC
CISADM,F1_CUBE_VIEW,F1T752S1,3,CUBE_VIEW_CD,ASC
CISADM,F1_CUBE_VIEW_L,F1T753P0,1,CUBE_VIEW_CD,ASC
CISADM,F1_CUBE_VIEW_L,F1T753P0,2,LANGUAGE_CD,ASC
CISADM,F1_CUBE_VIEW_LOG,F1T754P0,1,CUBE_VIEW_CD,ASC
CISADM,F1_CUBE_VIEW_LOG,F1T754P0,2,SEQNO,ASC
CISADM,F1_CUBE_VIEW_LOG,F1T754S1,1,CHAR_TYPE_CD,ASC
CISADM,F1_CUBE_VIEW_LOG,F1T754S1,2,CHAR_VAL_FK1,ASC
CISADM,F1_CUBE_VIEW_LOG,F1T754S2,1,CHAR_TYPE_CD,ASC
CISADM,F1_CUBE_VIEW_LOG,F1T754S2,2,CHAR_VAL,ASC
CISADM,F1_CUBE_VIEW_LOG_PARM,F1T755P0,1,CUBE_VIEW_CD,ASC
CISADM,F1_CUBE_VIEW_LOG_PARM,F1T755P0,2,SEQNO,ASC
CISADM,F1_CUBE_VIEW_LOG_PARM,F1T755P0,3,PARM_SEQ,ASC
CISADM,F1_DATA_AREA,FC025P0,1,DATA_AREA_CD,ASC
CISADM,F1_DATA_AREA_L,FC208P0,1,DATA_AREA_CD,ASC
CISADM,F1_DATA_AREA_L,FC208P0,2,LANGUAGE_CD,ASC
CISADM,F1_DATA_EXPORT_CTRL,F1C765P0,1,F1_DATA_EXPORT_CD,ASC
CISADM,F1_DATA_EXPORT_CTRL,F1C765S1,1,MAINT_OBJ_CD,ASC
CISADM,F1_DATA_EXPORT_CTRL_LOG,F1C766P0,1,F1_DATA_EXPORT_CD,ASC
CISADM,F1_DATA_EXPORT_CTRL_LOG,F1C766P0,2,SEQNO,ASC
CISADM,F1_DATA_EXPORT_CTRL_LOG,F1C766S1,1,CHAR_TYPE_CD,ASC
CISADM,F1_DATA_EXPORT_CTRL_LOG,F1C766S1,2,CHAR_VAL_FK1,ASC
CISADM,F1_DATA_EXPORT_CTRL_LOG,F1C766S2,1,CHAR_TYPE_CD,ASC
CISADM,F1_DATA_EXPORT_CTRL_LOG,F1C766S2,2,CHAR_VAL,ASC
CISADM,F1_DATA_EXPORT_CTRL_LOG_PARM,F1C767P0,1,F1_DATA_EXPORT_CD,ASC
CISADM,F1_DATA_EXPORT_CTRL_LOG_PARM,F1C767P0,2,SEQNO,ASC
CISADM,F1_DATA_EXPORT_CTRL_LOG_PARM,F1C767P0,3,PARM_SEQ,ASC
CISADM,F1_DB_OBJECTS_REPO,F1C009P0,1,DB_OBJECT_NAME,ASC
CISADM,F1_DB_OBJECTS_REPO,F1C009P0,2,SEQNO,ASC
CISADM,F1_DB_OBJECTS_REPO,F1C009S1,1,TBL_NAME,ASC
CISADM,F1_DEPLOYMENT,F1T718P0,1,F1_DEPLOYMENT_ID,ASC
CISADM,F1_DEPLOYMENT_ITEM,F1T717P0,1,F1_DEPLOYMENT_PART_CD,ASC
CISADM,F1_DEPLOYMENT_ITEM,F1T717P0,2,SEQ_NUM,ASC
CISADM,F1_DEPLOYMENT_ITEM,F1T717S1,1,F1_DEPLOYMENT_PART_CD,ASC
CISADM,F1_DEPLOYMENT_ITEM_METADATA,F1T719P0,1,F1_DEPLOYMENT_ID,ASC
CISADM,F1_DEPLOYMENT_ITEM_METADATA,F1T719P0,2,MAINT_OBJ_CD,ASC
CISADM,F1_DEPLOYMENT_ITEM_METADATA,F1T719P0,3,PK_VALUE1,ASC
CISADM,F1_DEPLOYMENT_ITEM_METADATA,F1T719P0,4,PK_VALUE2,ASC
CISADM,F1_DEPLOYMENT_ITEM_METADATA,F1T719P0,5,PK_VALUE3,ASC
CISADM,F1_DEPLOYMENT_ITEM_METADATA,F1T719P0,6,PK_VALUE4,ASC
CISADM,F1_DEPLOYMENT_ITEM_METADATA,F1T719P0,7,PK_VALUE5,ASC
CISADM,F1_DEPLOYMENT_K,F1T913P0,1,F1_DEPLOYMENT_ID,ASC
CISADM,F1_DEPLOYMENT_K,F1T913P0,2,ENV_ID,ASC
CISADM,F1_DEPLOYMENT_PART,F1M715P0,1,F1_DEPLOYMENT_PART_CD,ASC
CISADM,F1_DEPLOYMENT_PART_L,F1M716P0,1,F1_DEPLOYMENT_PART_CD,ASC
CISADM,F1_DEPLOYMENT_PART_L,F1M716P0,2,LANGUAGE_CD,ASC
CISADM,F1_DEPLOYMENT_PART_L,F1M716S1,1,DESCR,ASC
CISADM,F1_DEPLOYMENT_TYPE,F1M720P0,1,F1_DEPLOYMENT_TYPE_CD,ASC
CISADM,F1_DEPLOYMENT_TYPE_L,F1M721P0,1,F1_DEPLOYMENT_TYPE_CD,ASC
CISADM,F1_DEPLOYMENT_TYPE_L,F1M721P0,2,LANGUAGE_CD,ASC
CISADM,F1_DEPTYP_DEPPART,F1T722P0,1,F1_DEPLOYMENT_TYPE_CD,ASC
CISADM,F1_DEPTYP_DEPPART,F1T722P0,2,F1_DEPLOYMENT_PART_CD,ASC
CISADM,F1_DEPTYP_MDT_TYPE,F1T723P0,1,F1_DEPLOYMENT_TYPE_CD,ASC
CISADM,F1_DEPTYP_MDT_TYPE,F1T723P0,2,F1_MDT_TYPE_CD,ASC
CISADM,F1_DEPTYP_MSG_CAT,F1T724P0,1,F1_DEPLOYMENT_TYPE_CD,ASC
CISADM,F1_DEPTYP_MSG_CAT,F1T724P0,2,MESSAGE_CAT_NBR,ASC
CISADM,F1_DEPTYP_USR_GRP,F1T725P0,1,F1_DEPLOYMENT_TYPE_CD,ASC
CISADM,F1_DEPTYP_USR_GRP,F1T725P0,2,USR_GRP_ID,ASC
CISADM,F1_ERASURE_SCHED,F1T756P0,1,ERASURE_SCHED_ID,ASC
CISADM,F1_ERASURE_SCHED,F1T756S1,1,BO_STATUS_CD,ASC
CISADM,F1_ERASURE_SCHED,F1T756S1,2,BUS_OBJ_CD,ASC
CISADM,F1_ERASURE_SCHED,F1T756S1,3,ERASURE_SCHED_ID,ASC
CISADM,F1_ERASURE_SCHED_K,F1T912P0,1,ERASURE_SCHED_ID,ASC
CISADM,F1_ERASURE_SCHED_K,F1T912P0,2,ENV_ID,ASC
CISADM,F1_ERASURE_SCHED_LOG,F1T757P0,1,ERASURE_SCHED_ID,ASC
CISADM,F1_ERASURE_SCHED_LOG,F1T757P0,2,SEQNO,ASC
CISADM,F1_ERASURE_SCHED_LOG,F1T757S1,1,CHAR_TYPE_CD,ASC
CISADM,F1_ERASURE_SCHED_LOG,F1T757S1,2,CHAR_VAL_FK1,ASC
CISADM,F1_ERASURE_SCHED_LOG,F1T757S2,1,CHAR_TYPE_CD,ASC
CISADM,F1_ERASURE_SCHED_LOG,F1T757S2,2,CHAR_VAL,ASC
CISADM,F1_ERASURE_SCHED_LOG_PARM,F1T758P0,1,ERASURE_SCHED_ID,ASC
CISADM,F1_ERASURE_SCHED_LOG_PARM,F1T758P0,2,SEQNO,ASC
CISADM,F1_ERASURE_SCHED_LOG_PARM,F1T758P0,3,PARM_SEQ,ASC
CISADM,F1_ETL_MP_CTRL,F1C688P0,1,TARGET_TBL,ASC
CISADM,F1_ETL_MP_CTRL,F1C688P0,2,TARGET_COL,ASC
CISADM,F1_EXTSYS_OUTMSG_PROF,FC013P0,1,NT_XID_CD,ASC
CISADM,F1_EXTSYS_OUTMSG_PROF,FC013P0,2,OUTMSG_TYPE_CD,ASC
CISADM,F1_EXT_LOOKUP_VAL,FC336P0,1,BUS_OBJ_CD,ASC
CISADM,F1_EXT_LOOKUP_VAL,FC336P0,2,F1_EXT_LOOKUP_VALUE,ASC
CISADM,F1_EXT_LOOKUP_VAL_CHAR,F1C675P0,1,BUS_OBJ_CD,ASC
CISADM,F1_EXT_LOOKUP_VAL_CHAR,F1C675P0,2,F1_EXT_LOOKUP_VALUE,ASC
CISADM,F1_EXT_LOOKUP_VAL_CHAR,F1C675P0,3,CHAR_TYPE_CD,ASC
CISADM,F1_EXT_LOOKUP_VAL_CHAR,F1C675P0,4,SEQ_NUM,ASC
CISADM,F1_EXT_LOOKUP_VAL_CHAR,F1C675S1,1,SRCH_CHAR_VAL,ASC
CISADM,F1_EXT_LOOKUP_VAL_L,FC337P0,1,BUS_OBJ_CD,ASC
CISADM,F1_EXT_LOOKUP_VAL_L,FC337P0,2,F1_EXT_LOOKUP_VALUE,ASC
CISADM,F1_EXT_LOOKUP_VAL_L,FC337P0,3,LANGUAGE_CD,ASC
CISADM,F1_FACT,FT030P0,1,FACT_ID,ASC
CISADM,F1_FACT,FT030S1,1,BO_STATUS_CD,ASC
CISADM,F1_FACT,FT030S1,2,BUS_OBJ_CD,ASC
CISADM,F1_FACT,FT030S1,3,FACT_ID,ASC
CISADM,F1_FACT_CHAR,FT033P0,1,FACT_ID,ASC
CISADM,F1_FACT_CHAR,FT033P0,2,CHAR_TYPE_CD,ASC
CISADM,F1_FACT_CHAR,FT033P0,3,SEQ_NUM,ASC
CISADM,F1_FACT_CHAR,FT033S1,1,SRCH_CHAR_VAL,ASC
CISADM,F1_FACT_K,FT034P0,1,FACT_ID,ASC
CISADM,F1_FACT_K,FT034P0,2,ENV_ID,ASC
CISADM,F1_FACT_LOG,FT031P0,1,FACT_ID,ASC
CISADM,F1_FACT_LOG,FT031P0,2,SEQNO,ASC
CISADM,F1_FACT_LOG,FT031S1,1,CHAR_TYPE_CD,ASC
CISADM,F1_FACT_LOG,FT031S1,2,CHAR_VAL_FK1,ASC
CISADM,F1_FACT_LOG,FT031S2,1,CHAR_TYPE_CD,ASC
CISADM,F1_FACT_LOG,FT031S2,2,CHAR_VAL,ASC
CISADM,F1_FACT_LOG_PARM,FT032P0,1,FACT_ID,ASC
CISADM,F1_FACT_LOG_PARM,FT032P0,2,SEQNO,ASC
CISADM,F1_FACT_LOG_PARM,FT032P0,3,PARM_SEQ,ASC
CISADM,F1_FILE_INT_REC,F1C773P0,1,FILE_INT_TYPE_CD,ASC
CISADM,F1_FILE_INT_REC,F1C773P0,2,FILE_INT_REC_CD,ASC
CISADM,F1_FILE_INT_REC_ALG,F1C775P0,1,FILE_INT_TYPE_CD,ASC
CISADM,F1_FILE_INT_REC_ALG,F1C775P0,2,FILE_INT_REC_CD,ASC
CISADM,F1_FILE_INT_REC_ALG,F1C775P0,3,FILE_INT_REC_SEVT_FLG,ASC
CISADM,F1_FILE_INT_REC_ALG,F1C775P0,4,SEQ_NUM,ASC
CISADM,F1_FILE_INT_REC_ALG,F1C775P0,5,ALG_CD,ASC
CISADM,F1_FILE_INT_REC_L,F1C774P0,1,FILE_INT_TYPE_CD,ASC
CISADM,F1_FILE_INT_REC_L,F1C774P0,2,FILE_INT_REC_CD,ASC
CISADM,F1_FILE_INT_REC_L,F1C774P0,3,LANGUAGE_CD,ASC
CISADM,F1_FILE_INT_TYPE,F1C771P0,1,FILE_INT_TYPE_CD,ASC
CISADM,F1_FILE_INT_TYPE_L,F1C772P0,1,FILE_INT_TYPE_CD,ASC
CISADM,F1_FILE_INT_TYPE_L,F1C772P0,2,LANGUAGE_CD,ASC
CISADM,F1_GEN_PROC,F1T064P0,1,GEN_PROC_ID,ASC
CISADM,F1_GEN_PROC,F1T064S1,1,BATCH_CD,ASC
CISADM,F1_GEN_PROC,F1T064S1,2,BATCH_NBR,ASC
CISADM,F1_GEN_PROC,F1T064S1,3,GEN_PROC_ID,ASC
CISADM,F1_GEN_PROC,F1T064S2,1,MAINT_OBJ_CD,ASC
CISADM,F1_GEN_PROC,F1T064S2,2,BATCH_CD,ASC
CISADM,F1_GEN_PROC,F1T064S2,3,PK_VALUE1,ASC
CISADM,F1_GEN_PROC,F1T064S2,4,BATCH_NBR,ASC
CISADM,F1_GEN_PROC_K,F1T065P0,1,GEN_PROC_ID,ASC
CISADM,F1_GEN_PROC_K,F1T065P0,2,ENV_ID,ASC
CISADM,F1_GNRL_AUDIT,F1T901P0,1,AUDIT_ID,ASC
CISADM,F1_GNRL_AUDIT,F1T901S1,1,USER_ID,ASC
CISADM,F1_GNRL_AUDIT,F1T901S2,1,AUDIT_ID,ASC
CISADM,F1_GNRL_AUDIT,F1T901S2,2,USER_ID,ASC
CISADM,F1_GNRL_AUDIT,F1T901S2,3,CRE_DTTM,ASC
CISADM,F1_GNRL_AUDIT_CHAR,F1C504P0,1,AUDIT_ID,ASC
CISADM,F1_GNRL_AUDIT_CHAR,F1C504P0,2,CHAR_TYPE_CD,ASC
CISADM,F1_GNRL_AUDIT_CHAR,F1C504P0,3,SEQ_NUM,ASC
CISADM,F1_GNRL_AUDIT_CHAR,F1C504S1,1,SRCH_CHAR_VAL,ASC
CISADM,F1_GNRL_AUDIT_K,F1T903P0,1,AUDIT_ID,ASC
CISADM,F1_GNRL_AUDIT_K,F1T903P0,2,ENV_ID,ASC
CISADM,F1_GNRL_AUDIT_VAL,F1T902P0,1,AUDIT_ID,ASC
CISADM,F1_GNRL_AUDIT_VAL,F1T902P0,2,FLD_NAME,ASC
CISADM,F1_GNRL_AUDIT_VAL,F1T902S1,1,AUDIT_ID,ASC
CISADM,F1_GNRL_AUDIT_VAL,F1T902S1,2,FLD_NAME,ASC
CISADM,F1_GNRL_AUDIT_VAL,F1T902S1,3,FLD_VAL,ASC
CISADM,F1_INSIGHT_GRP,F1C801P0,1,INSIGHT_GRP_CD,ASC
CISADM,F1_INSIGHT_GRP_CHAR,F1C803P0,1,INSIGHT_GRP_CD,ASC
CISADM,F1_INSIGHT_GRP_CHAR,F1C803P0,2,CHAR_TYPE_CD,ASC
CISADM,F1_INSIGHT_GRP_CHAR,F1C803P0,3,SEQ_NUM,ASC
CISADM,F1_INSIGHT_GRP_CHAR,F1C803S1,1,SRCH_CHAR_VAL,ASC
CISADM,F1_INSIGHT_GRP_L,F1C802P0,1,INSIGHT_GRP_CD,ASC
CISADM,F1_INSIGHT_GRP_L,F1C802P0,2,LANGUAGE_CD,ASC
CISADM,F1_INSIGHT_GRP_TYPE,F1C805P0,1,INSIGHT_GRP_CD,ASC
CISADM,F1_INSIGHT_GRP_TYPE,F1C805P0,2,INSIGHT_TYPE_CD,ASC
CISADM,F1_INSIGHT_GRP_VISUAL_STR,F1C804P0,1,INSIGHT_GRP_CD,ASC
CISADM,F1_INSIGHT_GRP_VISUAL_STR,F1C804P0,2,VISUAL_STRUCTURE_FLG,ASC
CISADM,F1_INSIGHT_TYPE,F1C780P0,1,INSIGHT_TYPE_CD,ASC
CISADM,F1_INSIGHT_TYPE_ALG,F1C783P0,1,INSIGHT_TYPE_CD,ASC
CISADM,F1_INSIGHT_TYPE_ALG,F1C783P0,2,INSIGHT_SEVT_FLG,ASC
CISADM,F1_INSIGHT_TYPE_ALG,F1C783P0,3,SEQ_NUM,ASC
CISADM,F1_INSIGHT_TYPE_CHAR,F1C781P0,1,INSIGHT_TYPE_CD,ASC
CISADM,F1_INSIGHT_TYPE_CHAR,F1C781P0,2,CHAR_TYPE_CD,ASC
CISADM,F1_INSIGHT_TYPE_CHAR,F1C781P0,3,SEQ_NUM,ASC
CISADM,F1_INSIGHT_TYPE_CHAR,F1C781S1,1,SRCH_CHAR_VAL,ASC
CISADM,F1_INSIGHT_TYPE_L,F1C782P0,1,INSIGHT_TYPE_CD,ASC
CISADM,F1_INSIGHT_TYPE_L,F1C782P0,2,LANGUAGE_CD,ASC
CISADM,F1_INSIGHT_TYPE_USER_ACT,F1C784P0,1,INSIGHT_TYPE_CD,ASC
CISADM,F1_INSIGHT_TYPE_USER_ACT,F1C784P0,2,INSIGHT_ACT_CD,ASC
CISADM,F1_INSIGHT_TYPE_USER_ACT_ALG,F1C785P0,1,INSIGHT_TYPE_CD,ASC
CISADM,F1_INSIGHT_TYPE_USER_ACT_ALG,F1C785P0,2,INSIGHT_ACT_CD,ASC
CISADM,F1_INSIGHT_TYPE_USER_ACT_ALG,F1C785P0,3,INSIGHT_ACT_SEVT_FLG,ASC
CISADM,F1_INSIGHT_TYPE_USER_ACT_ALG,F1C785P0,4,SEQ_NUM,ASC
CISADM,F1_INSIGHT_TYPE_VISUAL_SETTING,F1C786P0,1,INSIGHT_TYPE_CD,ASC
CISADM,F1_INSIGHT_TYPE_VISUAL_SETTING,F1C786P0,2,SEQ_NUM,ASC
CISADM,F1_INSTALLATION,XC283P0,1,INSTALL_OPT_ID,ASC
CISADM,F1_IWS_ANN,F1C487P0,1,ANN_CD,ASC
CISADM,F1_IWS_ANN_L,F1C484P0,1,ANN_CD,ASC
CISADM,F1_IWS_ANN_L,F1C484P0,2,LANGUAGE_CD,ASC
CISADM,F1_IWS_ANN_PARM,F1C485P0,1,ANN_CD,ASC
CISADM,F1_IWS_ANN_PARM,F1C485P0,2,SEQ_NUM,ASC
CISADM,F1_IWS_ANN_TYPE,F1C490P0,1,ANN_TYPE_CD,ASC
CISADM,F1_IWS_ANN_TYPE_L,F1C489P0,1,ANN_TYPE_CD,ASC
CISADM,F1_IWS_ANN_TYPE_L,F1C489P0,2,LANGUAGE_CD,ASC
CISADM,F1_IWS_ANN_TYPE_PARM,F1C491P0,1,ANN_TYPE_CD,ASC
CISADM,F1_IWS_ANN_TYPE_PARM,F1C491P0,2,SEQ_NUM,ASC
CISADM,F1_IWS_ANN_TYPE_PARM_L,F1C488P0,1,ANN_TYPE_CD,ASC
CISADM,F1_IWS_ANN_TYPE_PARM_L,F1C488P0,2,SEQ_NUM,ASC
CISADM,F1_IWS_ANN_TYPE_PARM_L,F1C488P0,3,LANGUAGE_CD,ASC
CISADM,F1_IWS_SVC,F1C481P0,1,IN_SVC_NAME,ASC
CISADM,F1_IWS_SVC_ANN,F1C486P0,1,IN_SVC_NAME,ASC
CISADM,F1_IWS_SVC_ANN,F1C486P0,2,ANN_CD,ASC
CISADM,F1_IWS_SVC_CHAR,F1C501P0,1,IN_SVC_NAME,ASC
CISADM,F1_IWS_SVC_CHAR,F1C501P0,2,CHAR_TYPE_CD,ASC
CISADM,F1_IWS_SVC_CHAR,F1C501P0,3,SEQ_NUM,ASC
CISADM,F1_IWS_SVC_CHAR,F1C501S1,1,SRCH_CHAR_VAL,ASC
CISADM,F1_IWS_SVC_FLDTEXT,F1C903P0,1,IN_SVC_NAME,ASC
CISADM,F1_IWS_SVC_FLDTEXT,F1C903P0,2,TEXT_NAME,ASC
CISADM,F1_IWS_SVC_L,F1C480P0,1,IN_SVC_NAME,ASC
CISADM,F1_IWS_SVC_L,F1C480P0,2,LANGUAGE_CD,ASC
CISADM,F1_IWS_SVC_LOG,F1C502P0,1,IN_SVC_NAME,ASC
CISADM,F1_IWS_SVC_LOG,F1C502P0,2,SEQNO,ASC
CISADM,F1_IWS_SVC_LOG,F1C502S1,1,CHAR_TYPE_CD,ASC
CISADM,F1_IWS_SVC_LOG,F1C502S1,2,CHAR_VAL_FK1,ASC
CISADM,F1_IWS_SVC_LOG,F1C502S2,1,CHAR_TYPE_CD,ASC
CISADM,F1_IWS_SVC_LOG,F1C502S2,2,CHAR_VAL,ASC
CISADM,F1_IWS_SVC_LOG_PARM,F1C503P0,1,IN_SVC_NAME,ASC
CISADM,F1_IWS_SVC_LOG_PARM,F1C503P0,2,SEQNO,ASC
CISADM,F1_IWS_SVC_LOG_PARM,F1C503P0,3,PARM_SEQ,ASC
CISADM,F1_IWS_SVC_OPER,F1C483P0,1,IN_SVC_NAME,ASC
CISADM,F1_IWS_SVC_OPER,F1C483P0,2,OPERATION_NAME,ASC
CISADM,F1_IWS_SVC_OPER_L,F1C904P0,1,IN_SVC_NAME,ASC
CISADM,F1_IWS_SVC_OPER_L,F1C904P0,2,OPERATION_NAME,ASC
CISADM,F1_IWS_SVC_OPER_L,F1C904P0,3,LANGUAGE_CD,ASC
CISADM,F1_IWS_SVC_OPER_OPT,F1C905P0,1,IN_SVC_NAME,ASC
CISADM,F1_IWS_SVC_OPER_OPT,F1C905P0,2,OPERATION_NAME,ASC
CISADM,F1_IWS_SVC_OPER_OPT,F1C905P0,3,IWS_OPR_OPT_FLG,ASC
CISADM,F1_IWS_SVC_OPER_OPT,F1C905P0,4,SEQ_NUM,ASC
CISADM,F1_IWS_SVC_OPER_OPT,F1C905P0,5,OWNER_FLG,ASC
CISADM,F1_IWS_SVC_OPER_PARM,F1C918P0,1,IN_SVC_NAME,ASC
CISADM,F1_IWS_SVC_OPER_PARM,F1C918P0,2,OPERATION_NAME,ASC
CISADM,F1_IWS_SVC_OPER_PARM,F1C918P0,3,PARM_EXT_REF,ASC
CISADM,F1_IWS_SVC_SCHEMA,F1C902P0,1,IN_SVC_NAME,ASC
CISADM,F1_IWS_SVC_SCHEMA,F1C902P0,2,IWS_SCHEMA_NAME,ASC
CISADM,F1_IWS_SVC_SCHEMA,F1C902P0,3,IWS_SCHEMA_TYPE_FLG,ASC
CISADM,F1_IWS_SVC_SCHEMA,F1C902P0,4,OWNER_FLG,ASC
CISADM,F1_KEY_HASH,F1T905P0,1,F1_KEY_CD,ASC
CISADM,F1_LGCY_OBJ,F1C712P0,1,LGCY_OBJ_ID,ASC
CISADM,F1_LGCY_OBJ,F1C712S1,1,MAINT_OBJ_CD,ASC
CISADM,F1_LGCY_OBJ,F1C712S1,2,PK_VAL1,ASC
CISADM,F1_LGCY_OBJ,F1C712S1,3,PK_VAL2,ASC
CISADM,F1_LGCY_OBJ,F1C712S1,4,PK_VAL3,ASC
CISADM,F1_LGCY_OBJ,F1C712S1,5,PK_VAL4,ASC
CISADM,F1_LGCY_OBJ,F1C712S1,6,PK_VAL5,ASC
CISADM,F1_MANAG_CONTENT,FC404P0,1,MANAG_CONTENT_CD,ASC
CISADM,F1_MANAG_CONTENT_L,FC405P0,1,MANAG_CONTENT_CD,ASC
CISADM,F1_MANAG_CONTENT_L,FC405P0,2,LANGUAGE_CD,ASC
CISADM,F1_MAP,FC035P0,1,MAP_CD,ASC
CISADM,F1_MAP_L,FC037P0,1,MAP_CD,ASC
CISADM,F1_MAP_L,FC037P0,2,LANGUAGE_CD,ASC
CISADM,F1_MAP_OVRD,F1C036P0,1,MAP_CD,ASC
CISADM,F1_MAP_OVRD,F1C036P0,2,OWNER_FLG,ASC
CISADM,F1_MDT,F1T726P0,1,F1_MDT_ID,ASC
CISADM,F1_MDT,F1T726S1,1,F1_MDT_TYPE_CD,ASC
CISADM,F1_MDT,F1T726S2,1,F1_DEPLOYMENT_ID,ASC
CISADM,F1_MDT_CHAR,F1T727P0,1,F1_MDT_ID,ASC
CISADM,F1_MDT_CHAR,F1T727P0,2,CHAR_TYPE_CD,ASC
CISADM,F1_MDT_CHAR,F1T727P0,3,SEQ_NUM,ASC
CISADM,F1_MDT_CHAR,F1T727S1,1,SRCH_CHAR_VAL,ASC
CISADM,F1_MDT_K,F1T914P0,1,F1_MDT_ID,ASC
CISADM,F1_MDT_K,F1T914P0,2,ENV_ID,ASC
CISADM,F1_MDT_TYPE,F1M728P0,1,F1_MDT_TYPE_CD,ASC
CISADM,F1_MDT_TYPE_CHAR,F1M730P0,1,F1_MDT_TYPE_CD,ASC
CISADM,F1_MDT_TYPE_CHAR,F1M730P0,2,CHAR_TYPE_CD,ASC
CISADM,F1_MDT_TYPE_CHAR,F1M730P0,3,SEQ_NUM,ASC
CISADM,F1_MDT_TYPE_CHAR,F1M730S1,1,SRCH_CHAR_VAL,ASC
CISADM,F1_MDT_TYPE_L,F1M729P0,1,F1_MDT_TYPE_CD,ASC
CISADM,F1_MDT_TYPE_L,F1M729P0,2,LANGUAGE_CD,ASC
CISADM,F1_MD_BI_TBL,F1C768P0,1,F1_BI_TBL_NAME,ASC
CISADM,F1_MD_BI_TBL_FLD,F1C770P0,1,F1_BI_TBL_NAME,ASC
CISADM,F1_MD_BI_TBL_FLD,F1C770P0,2,SEQ_NUM,ASC
CISADM,F1_MD_BI_TBL_L,F1C769P0,1,F1_BI_TBL_NAME,ASC
CISADM,F1_MD_BI_TBL_L,F1C769P0,2,LANGUAGE_CD,ASC
CISADM,F1_MD_DB_OBJ,FC006P0,1,DB_OBJ_NAME,ASC
CISADM,F1_MIGR_DATA_ST,F1T182P0,1,MIGR_DATA_SET_ID,ASC
CISADM,F1_MIGR_DATA_ST,F1T182S1,1,BO_STATUS_CD,ASC
CISADM,F1_MIGR_DATA_ST,F1T182S1,2,BUS_OBJ_CD,ASC
CISADM,F1_MIGR_DATA_ST,F1T182S1,3,MIGR_DATA_SET_ID,ASC
CISADM,F1_MIGR_DATA_ST_ALG,F1T187P0,1,MIGR_DATA_SET_ID,ASC
CISADM,F1_MIGR_DATA_ST_ALG,F1T187P0,2,ALG_CD,ASC
CISADM,F1_MIGR_DATA_ST_K,F1T186P0,1,MIGR_DATA_SET_ID,ASC
CISADM,F1_MIGR_DATA_ST_K,F1T186P0,2,ENV_ID,ASC
CISADM,F1_MIGR_DATA_ST_LOG,F1T184P0,1,MIGR_DATA_SET_ID,ASC
CISADM,F1_MIGR_DATA_ST_LOG,F1T184P0,2,SEQNO,ASC
CISADM,F1_MIGR_DATA_ST_LOG,F1T184S1,1,CHAR_TYPE_CD,ASC
CISADM,F1_MIGR_DATA_ST_LOG,F1T184S1,2,CHAR_VAL_FK1,ASC
CISADM,F1_MIGR_DATA_ST_LOG,F1T184S2,1,CHAR_TYPE_CD,ASC
CISADM,F1_MIGR_DATA_ST_LOG,F1T184S2,2,CHAR_VAL,ASC
CISADM,F1_MIGR_DATA_ST_LOG_PARM,F1T185P0,1,MIGR_DATA_SET_ID,ASC
CISADM,F1_MIGR_DATA_ST_LOG_PARM,F1T185P0,2,SEQNO,ASC
CISADM,F1_MIGR_DATA_ST_LOG_PARM,F1T185P0,3,PARM_SEQ,ASC
CISADM,F1_MIGR_DATA_ST_TBL,F1T183P0,1,MIGR_DATA_SET_ID,ASC
CISADM,F1_MIGR_DATA_ST_TBL,F1T183P0,2,TBL_NAME,ASC
CISADM,F1_MIGR_OBJ,F1T188P0,1,MIGR_OBJ_ID,ASC
CISADM,F1_MIGR_OBJ,F1T188S1,1,BO_STATUS_CD,ASC
CISADM,F1_MIGR_OBJ,F1T188S1,2,BUS_OBJ_CD,ASC
CISADM,F1_MIGR_OBJ,F1T188S1,3,MIGR_OBJ_ID,ASC
CISADM,F1_MIGR_OBJ,F1T188S2,1,MIGR_DATA_SET_ID,ASC
CISADM,F1_MIGR_OBJ,F1T188S2,2,MIGR_TRANS_ID,ASC
CISADM,F1_MIGR_OBJ_ALG,F1T190P0,1,MIGR_OBJ_ID,ASC
CISADM,F1_MIGR_OBJ_ALG,F1T190P0,2,PROC_SEQ,ASC
CISADM,F1_MIGR_OBJ_CLOB,F1T202P0,1,MIGR_OBJ_ID,ASC
CISADM,F1_MIGR_OBJ_CLOB,F1T202P0,2,STMT_SEQ,ASC
CISADM,F1_MIGR_OBJ_CLOB,F1T202P0,3,SEQ_NUM,ASC
CISADM,F1_MIGR_OBJ_K,F1T205P0,1,MIGR_OBJ_ID,ASC
CISADM,F1_MIGR_OBJ_K,F1T205P0,2,ENV_ID,ASC
CISADM,F1_MIGR_OBJ_LOG,F1T203P0,1,MIGR_OBJ_ID,ASC
CISADM,F1_MIGR_OBJ_LOG,F1T203P0,2,SEQNO,ASC
CISADM,F1_MIGR_OBJ_LOG,F1T203S1,1,CHAR_TYPE_CD,ASC
CISADM,F1_MIGR_OBJ_LOG,F1T203S1,2,CHAR_VAL_FK1,ASC
CISADM,F1_MIGR_OBJ_LOG,F1T203S2,1,CHAR_TYPE_CD,ASC
CISADM,F1_MIGR_OBJ_LOG,F1T203S2,2,CHAR_VAL,ASC
CISADM,F1_MIGR_OBJ_LOG_PARM,F1T204P0,1,MIGR_OBJ_ID,ASC
CISADM,F1_MIGR_OBJ_LOG_PARM,F1T204P0,2,SEQNO,ASC
CISADM,F1_MIGR_OBJ_LOG_PARM,F1T204P0,3,PARM_SEQ,ASC
CISADM,F1_MIGR_OBJ_SQL,F1T201P0,1,MIGR_OBJ_ID,ASC
CISADM,F1_MIGR_OBJ_SQL,F1T201P0,2,STMT_SEQ,ASC
CISADM,F1_MIGR_OBJ_SQL_PK,F1T713P0,1,MIGR_OBJ_ID,ASC
CISADM,F1_MIGR_OBJ_SQL_PK,F1T713P0,2,STMT_SEQ,ASC
CISADM,F1_MIGR_OBJ_SQL_PK,F1T713P0,3,SEQ_NUM,ASC
CISADM,F1_MIGR_PLAN,F1C168P0,1,MIGR_PLAN_CD,ASC
CISADM,F1_MIGR_PLAN_INSTR,F1C169P0,1,MIGR_PLAN_CD,ASC
CISADM,F1_MIGR_PLAN_INSTR,F1C169P0,2,PLAN_INSTR_SEQ,ASC
CISADM,F1_MIGR_PLAN_INSTR_ALG,F1C170P0,1,MIGR_PLAN_CD,ASC
CISADM,F1_MIGR_PLAN_INSTR_ALG,F1C170P0,2,PLAN_INSTR_SEQ,ASC
CISADM,F1_MIGR_PLAN_INSTR_ALG,F1C170P0,3,ALG_PROC_TYPE_FLG,ASC
CISADM,F1_MIGR_PLAN_INSTR_ALG,F1C170P0,4,PROC_SEQ,ASC
CISADM,F1_MIGR_PLAN_INSTR_L,F1C175P0,1,MIGR_PLAN_CD,ASC
CISADM,F1_MIGR_PLAN_INSTR_L,F1C175P0,2,PLAN_INSTR_SEQ,ASC
CISADM,F1_MIGR_PLAN_INSTR_L,F1C175P0,3,LANGUAGE_CD,ASC
CISADM,F1_MIGR_PLAN_L,F1C174P0,1,MIGR_PLAN_CD,ASC
CISADM,F1_MIGR_PLAN_L,F1C174P0,2,LANGUAGE_CD,ASC
CISADM,F1_MIGR_REQ,F1C171P0,1,MIGR_REQ_CD,ASC
CISADM,F1_MIGR_REQ_INCL_REQ,F1C714P0,1,MIGR_REQ_CD,ASC
CISADM,F1_MIGR_REQ_INCL_REQ,F1C714P0,2,INCL_MIGR_REQ_CD,ASC
CISADM,F1_MIGR_REQ_INSTR,F1C172P0,1,MIGR_REQ_CD,ASC
CISADM,F1_MIGR_REQ_INSTR,F1C172P0,2,REQ_INSTR_SEQ,ASC
CISADM,F1_MIGR_REQ_INSTR_ENTITY,F1C173P0,1,MIGR_REQ_CD,ASC
CISADM,F1_MIGR_REQ_INSTR_ENTITY,F1C173P0,2,REQ_INSTR_SEQ,ASC
CISADM,F1_MIGR_REQ_INSTR_ENTITY,F1C173P0,3,ENTITY_SEQ,ASC
CISADM,F1_MIGR_REQ_INSTR_ENTITY,F1C173S1,1,MAINT_OBJ_CD,ASC
CISADM,F1_MIGR_REQ_INSTR_ENTITY,F1C173S1,2,PK_VALUE1,ASC
CISADM,F1_MIGR_REQ_INSTR_ENTITY,F1C173S1,3,PK_VALUE2,ASC
CISADM,F1_MIGR_REQ_INSTR_ENTITY,F1C173S1,4,PK_VALUE3,ASC
CISADM,F1_MIGR_REQ_INSTR_ENTITY,F1C173S1,5,PK_VALUE4,ASC
CISADM,F1_MIGR_REQ_INSTR_ENTITY,F1C173S1,6,PK_VALUE5,ASC
CISADM,F1_MIGR_REQ_INSTR_L,F1C177P0,1,MIGR_REQ_CD,ASC
CISADM,F1_MIGR_REQ_INSTR_L,F1C177P0,2,REQ_INSTR_SEQ,ASC
CISADM,F1_MIGR_REQ_INSTR_L,F1C177P0,3,LANGUAGE_CD,ASC
CISADM,F1_MIGR_REQ_L,F1C176P0,1,MIGR_REQ_CD,ASC
CISADM,F1_MIGR_REQ_L,F1C176P0,2,LANGUAGE_CD,ASC
CISADM,F1_MIGR_TRANS,F1T178P0,1,MIGR_TRANS_ID,ASC
CISADM,F1_MIGR_TRANS,F1T178S1,1,BO_STATUS_CD,ASC
CISADM,F1_MIGR_TRANS,F1T178S1,2,BUS_OBJ_CD,ASC
CISADM,F1_MIGR_TRANS,F1T178S1,3,MIGR_TRANS_ID,ASC
CISADM,F1_MIGR_TRANS,F1T178S2,1,MIGR_DATA_SET_ID,ASC
CISADM,F1_MIGR_TRANS_K,F1T181P0,1,MIGR_TRANS_ID,ASC
CISADM,F1_MIGR_TRANS_K,F1T181P0,2,ENV_ID,ASC
CISADM,F1_MIGR_TRANS_LOG,F1T179P0,1,MIGR_TRANS_ID,ASC
CISADM,F1_MIGR_TRANS_LOG,F1T179P0,2,SEQNO,ASC
CISADM,F1_MIGR_TRANS_LOG,F1T179S1,1,CHAR_TYPE_CD,ASC
CISADM,F1_MIGR_TRANS_LOG,F1T179S1,2,CHAR_VAL_FK1,ASC
CISADM,F1_MIGR_TRANS_LOG,F1T179S2,1,CHAR_TYPE_CD,ASC
CISADM,F1_MIGR_TRANS_LOG,F1T179S2,2,CHAR_VAL,ASC
CISADM,F1_MIGR_TRANS_LOG_PARM,F1T180P0,1,MIGR_TRANS_ID,ASC
CISADM,F1_MIGR_TRANS_LOG_PARM,F1T180P0,2,SEQNO,ASC
CISADM,F1_MIGR_TRANS_LOG_PARM,F1T180P0,3,PARM_SEQ,ASC
CISADM,F1_MKTCFG,F1C755P0,1,BUS_OBJ_CD,ASC
CISADM,F1_MKTCFG,F1C755P0,2,F1_MKTCFG_CD,ASC
CISADM,F1_MKTCFG_CHAR,F1C757P0,1,F1_MKTCFG_CD,ASC
CISADM,F1_MKTCFG_CHAR,F1C757P0,2,BUS_OBJ_CD,ASC
CISADM,F1_MKTCFG_CHAR,F1C757P0,3,CHAR_TYPE_CD,ASC
CISADM,F1_MKTCFG_CHAR,F1C757P0,4,SEQ_NUM,ASC
CISADM,F1_MKTCFG_CHAR,F1C757S1,1,SRCH_CHAR_VAL,ASC
CISADM,F1_MKTCFG_L,F1C756P0,1,F1_MKTCFG_CD,ASC
CISADM,F1_MKTCFG_L,F1C756P0,2,BUS_OBJ_CD,ASC
CISADM,F1_MKTCFG_L,F1C756P0,3,LANGUAGE_CD,ASC
CISADM,F1_MKTMSG_IN,F1T759P0,1,MKTMSG_ID,ASC
CISADM,F1_MKTMSG_IN,F1T759S1,1,BO_STATUS_CD,ASC
CISADM,F1_MKTMSG_IN,F1T759S1,2,BUS_OBJ_CD,ASC
CISADM,F1_MKTMSG_IN,F1T759S1,3,MKTMSG_ID,ASC
CISADM,F1_MKTMSG_IN,F1T759S2,1,CRE_DTTM,ASC
CISADM,F1_MKTMSG_IN,F1T759S2,2,F1_MKTMSG_TYPE_CD,ASC
CISADM,F1_MKTMSG_IN,F1T759S2,3,MKT_PARTCPT,ASC
CISADM,F1_MKTMSG_IN_CHAR,F1T760P0,1,MKTMSG_ID,ASC
CISADM,F1_MKTMSG_IN_CHAR,F1T760P0,2,CHAR_TYPE_CD,ASC
CISADM,F1_MKTMSG_IN_CHAR,F1T760P0,3,SEQ_NUM,ASC
CISADM,F1_MKTMSG_IN_CHAR,F1T760S1,1,SRCH_CHAR_VAL,ASC
CISADM,F1_MKTMSG_IN_DATA,F1T761P0,1,MKTMSG_ID,ASC
CISADM,F1_MKTMSG_IN_DATA,F1T761P0,2,MKT_DATA_TYPE_FLG,ASC
CISADM,F1_MKTMSG_IN_EXT_REF,F1T762P0,1,MKTMSG_ID,ASC
CISADM,F1_MKTMSG_IN_EXT_REF,F1T762P0,2,MKT_REF_TYPE_FLG,ASC
CISADM,F1_MKTMSG_IN_EXT_REF,F1T762P0,3,SEQNO,ASC
CISADM,F1_MKTMSG_IN_EXT_REF,F1T762S1,1,MKT_REF_TYPE_FLG,ASC
CISADM,F1_MKTMSG_IN_EXT_REF,F1T762S1,2,EXT_REF_VAL,ASC
CISADM,F1_MKTMSG_IN_ID,F1T763P0,1,MKTMSG_ID,ASC
CISADM,F1_MKTMSG_IN_ID,F1T763P0,2,MKT_ID_TYPE_FLG,ASC
CISADM,F1_MKTMSG_IN_ID,F1T763S1,1,MKT_ID_TYPE_FLG,ASC
CISADM,F1_MKTMSG_IN_ID,F1T763S1,2,MKT_ID_VALUE,ASC
CISADM,F1_MKTMSG_IN_K,F1T764P0,1,MKTMSG_ID,ASC
CISADM,F1_MKTMSG_IN_K,F1T764P0,2,ENV_ID,ASC
CISADM,F1_MKTMSG_IN_LOG,F1T765P0,1,MKTMSG_ID,ASC
CISADM,F1_MKTMSG_IN_LOG,F1T765P0,2,SEQNO,ASC
CISADM,F1_MKTMSG_IN_LOG,F1T765S1,1,CHAR_TYPE_CD,ASC
CISADM,F1_MKTMSG_IN_LOG,F1T765S1,2,CHAR_VAL_FK1,ASC
CISADM,F1_MKTMSG_IN_LOG,F1T765S2,1,CHAR_TYPE_CD,ASC
CISADM,F1_MKTMSG_IN_LOG,F1T765S2,2,CHAR_VAL,ASC
CISADM,F1_MKTMSG_IN_LOG_PARM,F1T766P0,1,MKTMSG_ID,ASC
CISADM,F1_MKTMSG_IN_LOG_PARM,F1T766P0,2,SEQNO,ASC
CISADM,F1_MKTMSG_IN_LOG_PARM,F1T766P0,3,PARM_SEQ,ASC
CISADM,F1_MKTMSG_IN_REL_OBJ,F1T767P0,1,MKTMSG_ID,ASC
CISADM,F1_MKTMSG_IN_REL_OBJ,F1T767P0,2,MKT_REL_OBJ_TYPE_FLG,ASC
CISADM,F1_MKTMSG_IN_REL_OBJ,F1T767P0,3,SEQNO,ASC
CISADM,F1_MKTMSG_IN_REL_OBJ,F1T767S1,1,MAINT_OBJ_CD,ASC
CISADM,F1_MKTMSG_IN_REL_OBJ,F1T767S1,2,MKT_REL_OBJ_TYPE_FLG,ASC
CISADM,F1_MKTMSG_IN_REL_OBJ,F1T767S1,3,PK_VALUE1,ASC
CISADM,F1_MKTMSG_OUT,F1T782P0,1,MKTMSG_ID,ASC
CISADM,F1_MKTMSG_OUT,F1T782S1,1,BO_STATUS_CD,ASC
CISADM,F1_MKTMSG_OUT,F1T782S1,2,BUS_OBJ_CD,ASC
CISADM,F1_MKTMSG_OUT,F1T782S1,3,MKTMSG_ID,ASC
CISADM,F1_MKTMSG_OUT,F1T782S2,1,MKT_PARTCPT,ASC
CISADM,F1_MKTMSG_OUT,F1T782S2,2,F1_MKTMSG_TYPE_CD,ASC
CISADM,F1_MKTMSG_OUT,F1T782S2,3,CRE_DTTM,ASC
CISADM,F1_MKTMSG_OUT_CHAR,F1T783P0,1,MKTMSG_ID,ASC
CISADM,F1_MKTMSG_OUT_CHAR,F1T783P0,2,CHAR_TYPE_CD,ASC
CISADM,F1_MKTMSG_OUT_CHAR,F1T783P0,3,SEQ_NUM,ASC
CISADM,F1_MKTMSG_OUT_CHAR,F1T783S1,1,SRCH_CHAR_VAL,ASC
CISADM,F1_MKTMSG_OUT_DATA,F1T784P0,1,MKTMSG_ID,ASC
CISADM,F1_MKTMSG_OUT_DATA,F1T784P0,2,MKT_DATA_TYPE_FLG,ASC
CISADM,F1_MKTMSG_OUT_EXT_REF,F1T785P0,1,MKTMSG_ID,ASC
CISADM,F1_MKTMSG_OUT_EXT_REF,F1T785P0,2,MKT_REF_TYPE_FLG,ASC
CISADM,F1_MKTMSG_OUT_EXT_REF,F1T785P0,3,SEQNO,ASC
CISADM,F1_MKTMSG_OUT_EXT_REF,F1T785S1,1,MKT_REF_TYPE_FLG,ASC
CISADM,F1_MKTMSG_OUT_EXT_REF,F1T785S1,2,EXT_REF_VAL,ASC
CISADM,F1_MKTMSG_OUT_ID,F1T786P0,1,MKTMSG_ID,ASC
CISADM,F1_MKTMSG_OUT_ID,F1T786P0,2,MKT_ID_TYPE_FLG,ASC
CISADM,F1_MKTMSG_OUT_ID,F1T786S1,1,MKT_ID_TYPE_FLG,ASC
CISADM,F1_MKTMSG_OUT_ID,F1T786S1,2,MKT_ID_VALUE,ASC
CISADM,F1_MKTMSG_OUT_K,F1T787P0,1,MKTMSG_ID,ASC
CISADM,F1_MKTMSG_OUT_K,F1T787P0,2,ENV_ID,ASC
CISADM,F1_MKTMSG_OUT_LOG,F1T788P0,1,MKTMSG_ID,ASC
CISADM,F1_MKTMSG_OUT_LOG,F1T788P0,2,SEQNO,ASC
CISADM,F1_MKTMSG_OUT_LOG,F1T788S1,1,CHAR_TYPE_CD,ASC
CISADM,F1_MKTMSG_OUT_LOG,F1T788S1,2,CHAR_VAL_FK1,ASC
CISADM,F1_MKTMSG_OUT_LOG,F1T788S2,1,CHAR_TYPE_CD,ASC
CISADM,F1_MKTMSG_OUT_LOG,F1T788S2,2,CHAR_VAL,ASC
CISADM,F1_MKTMSG_OUT_LOG_PARM,F1T789P0,1,MKTMSG_ID,ASC
CISADM,F1_MKTMSG_OUT_LOG_PARM,F1T789P0,2,SEQNO,ASC
CISADM,F1_MKTMSG_OUT_LOG_PARM,F1T789P0,3,PARM_SEQ,ASC
CISADM,F1_MKTMSG_OUT_REL_OBJ,F1T790P0,1,MKTMSG_ID,ASC
CISADM,F1_MKTMSG_OUT_REL_OBJ,F1T790P0,2,MKT_REL_OBJ_TYPE_FLG,ASC
CISADM,F1_MKTMSG_OUT_REL_OBJ,F1T790P0,3,SEQNO,ASC
CISADM,F1_MKTMSG_OUT_REL_OBJ,F1T790S1,1,MAINT_OBJ_CD,ASC
CISADM,F1_MKTMSG_OUT_REL_OBJ,F1T790S1,2,MKT_REL_OBJ_TYPE_FLG,ASC
CISADM,F1_MKTMSG_OUT_REL_OBJ,F1T790S1,3,PK_VALUE1,ASC
CISADM,F1_MKTMSG_TYPE,F1C758P0,1,F1_MKTMSG_TYPE_CD,ASC
CISADM,F1_MKTMSG_TYPE_CHAR,F1C759P0,1,F1_MKTMSG_TYPE_CD,ASC
CISADM,F1_MKTMSG_TYPE_CHAR,F1C759P0,2,CHAR_TYPE_CD,ASC
CISADM,F1_MKTMSG_TYPE_CHAR,F1C759P0,3,SEQ_NUM,ASC
CISADM,F1_MKTMSG_TYPE_CHAR,F1C759S1,1,SRCH_CHAR_VAL,ASC
CISADM,F1_MKTMSG_TYPE_L,F1C760P0,1,F1_MKTMSG_TYPE_CD,ASC
CISADM,F1_MKTMSG_TYPE_L,F1C760P0,2,LANGUAGE_CD,ASC
CISADM,F1_MKTPROC,F1T768P0,1,MKTPROC_ID,ASC
CISADM,F1_MKTPROC,F1T768S1,1,BO_STATUS_CD,ASC
CISADM,F1_MKTPROC,F1T768S1,2,BUS_OBJ_CD,ASC
CISADM,F1_MKTPROC,F1T768S1,3,MKTPROC_ID,ASC
CISADM,F1_MKTPROC,F1T768S2,1,MKTPROC_TYPE_CD,ASC
CISADM,F1_MKTPROC,F1T768S2,2,CRE_DTTM,ASC
CISADM,F1_MKTPROC_CHAR,F1T769P0,1,MKTPROC_ID,ASC
CISADM,F1_MKTPROC_CHAR,F1T769P0,2,CHAR_TYPE_CD,ASC
CISADM,F1_MKTPROC_CHAR,F1T769P0,3,SEQ_NUM,ASC
CISADM,F1_MKTPROC_CHAR,F1T769S1,1,SRCH_CHAR_VAL,ASC
CISADM,F1_MKTPROC_EVT,F1T776P0,1,MKTPROC_EVT_ID,ASC
CISADM,F1_MKTPROC_EVT,F1T776S1,1,MKTPROC_ID,ASC
CISADM,F1_MKTPROC_EVT,F1T776S2,1,MKT_REG_NBR,ASC
CISADM,F1_MKTPROC_EVT,F1T776S2,2,BUS_OBJ_CD,ASC
CISADM,F1_MKTPROC_EVT,F1T776S2,3,BO_STATUS_CD,ASC
CISADM,F1_MKTPROC_EVT,F1T776S3,1,BO_STATUS_CD,ASC
CISADM,F1_MKTPROC_EVT,F1T776S3,2,BUS_OBJ_CD,ASC
CISADM,F1_MKTPROC_EVT,F1T776S3,3,MKTPROC_EVT_ID,ASC
CISADM,F1_MKTPROC_EVT_CHAR,F1T777P0,1,MKTPROC_EVT_ID,ASC
CISADM,F1_MKTPROC_EVT_CHAR,F1T777P0,2,CHAR_TYPE_CD,ASC
CISADM,F1_MKTPROC_EVT_CHAR,F1T777P0,3,SEQ_NUM,ASC
CISADM,F1_MKTPROC_EVT_CHAR,F1T777S1,1,SRCH_CHAR_VAL,ASC
CISADM,F1_MKTPROC_EVT_K,F1T778P0,1,MKTPROC_EVT_ID,ASC
CISADM,F1_MKTPROC_EVT_K,F1T778P0,2,ENV_ID,ASC
CISADM,F1_MKTPROC_EVT_LOG,F1T779P0,1,MKTPROC_EVT_ID,ASC
CISADM,F1_MKTPROC_EVT_LOG,F1T779P0,2,SEQNO,ASC
CISADM,F1_MKTPROC_EVT_LOG,F1T779S1,1,CHAR_TYPE_CD,ASC
CISADM,F1_MKTPROC_EVT_LOG,F1T779S1,2,CHAR_VAL_FK1,ASC
CISADM,F1_MKTPROC_EVT_LOG,F1T779S2,1,CHAR_TYPE_CD,ASC
CISADM,F1_MKTPROC_EVT_LOG,F1T779S2,2,CHAR_VAL,ASC
CISADM,F1_MKTPROC_EVT_LOG_PARM,F1T780P0,1,MKTPROC_EVT_ID,ASC
CISADM,F1_MKTPROC_EVT_LOG_PARM,F1T780P0,2,SEQNO,ASC
CISADM,F1_MKTPROC_EVT_LOG_PARM,F1T780P0,3,PARM_SEQ,ASC
CISADM,F1_MKTPROC_EVT_REL_OBJ,F1T781P0,1,MKTPROC_EVT_ID,ASC
CISADM,F1_MKTPROC_EVT_REL_OBJ,F1T781P0,2,MKT_REL_OBJ_TYPE_FLG,ASC
CISADM,F1_MKTPROC_EVT_REL_OBJ,F1T781P0,3,SEQNO,ASC
CISADM,F1_MKTPROC_EVT_REL_OBJ,F1T781S1,1,MAINT_OBJ_CD,ASC
CISADM,F1_MKTPROC_EVT_REL_OBJ,F1T781S1,2,PK_VALUE1,ASC
CISADM,F1_MKTPROC_EVT_REL_OBJ,F1T781S1,3,PK_VALUE2,ASC
CISADM,F1_MKTPROC_EVT_REL_OBJ,F1T781S1,4,PK_VALUE3,ASC
CISADM,F1_MKTPROC_EVT_REL_OBJ,F1T781S1,5,PK_VALUE4,ASC
CISADM,F1_MKTPROC_EVT_REL_OBJ,F1T781S1,6,PK_VALUE5,ASC
CISADM,F1_MKTPROC_EVT_REL_OBJ,F1T781S2,1,MAINT_OBJ_CD,ASC
CISADM,F1_MKTPROC_EVT_REL_OBJ,F1T781S2,2,MKT_REL_OBJ_TYPE_FLG,ASC
CISADM,F1_MKTPROC_EVT_REL_OBJ,F1T781S2,3,PK_VALUE1,ASC
CISADM,F1_MKTPROC_ID,F1T770P0,1,MKTPROC_ID,ASC
CISADM,F1_MKTPROC_ID,F1T770P0,2,MKT_ID_TYPE_FLG,ASC
CISADM,F1_MKTPROC_ID,F1T770S1,1,MKT_ID_TYPE_FLG,ASC
CISADM,F1_MKTPROC_ID,F1T770S1,2,MKT_ID_VALUE,ASC
CISADM,F1_MKTPROC_K,F1T771P0,1,MKTPROC_ID,ASC
CISADM,F1_MKTPROC_K,F1T771P0,2,ENV_ID,ASC
CISADM,F1_MKTPROC_LOG,F1T772P0,1,MKTPROC_ID,ASC
CISADM,F1_MKTPROC_LOG,F1T772P0,2,SEQNO,ASC
CISADM,F1_MKTPROC_LOG,F1T772S1,1,CHAR_TYPE_CD,ASC
CISADM,F1_MKTPROC_LOG,F1T772S1,2,CHAR_VAL_FK1,ASC
CISADM,F1_MKTPROC_LOG,F1T772S2,1,CHAR_TYPE_CD,ASC
CISADM,F1_MKTPROC_LOG,F1T772S2,2,CHAR_VAL,ASC
CISADM,F1_MKTPROC_LOG_PARM,F1T773P0,1,MKTPROC_ID,ASC
CISADM,F1_MKTPROC_LOG_PARM,F1T773P0,2,SEQNO,ASC
CISADM,F1_MKTPROC_LOG_PARM,F1T773P0,3,PARM_SEQ,ASC
CISADM,F1_MKTPROC_REL_OBJ,F1T775P0,1,MKTPROC_ID,ASC
CISADM,F1_MKTPROC_REL_OBJ,F1T775P0,2,MKT_REL_OBJ_TYPE_FLG,ASC
CISADM,F1_MKTPROC_REL_OBJ,F1T775P0,3,SEQNO,ASC
CISADM,F1_MKTPROC_REL_PROC,F1T774P0,1,MKTPROC_ID,ASC
CISADM,F1_MKTPROC_REL_PROC,F1T774P0,2,MKTPROC_REL_ID,ASC
CISADM,F1_MKTPROC_REL_PROC,F1T774P0,3,MKTPROC_REL_TYPE_FLG,ASC
CISADM,F1_MKTPROC_TYPE,F1C761P0,1,MKTPROC_TYPE_CD,ASC
CISADM,F1_MKTPROC_TYPE_CHAR,F1C762P0,1,MKTPROC_TYPE_CD,ASC
CISADM,F1_MKTPROC_TYPE_CHAR,F1C762P0,2,CHAR_TYPE_CD,ASC
CISADM,F1_MKTPROC_TYPE_CHAR,F1C762P0,3,SEQ_NUM,ASC
CISADM,F1_MKTPROC_TYPE_CHAR,F1C762S1,1,SRCH_CHAR_VAL,ASC
CISADM,F1_MKTPROC_TYPE_EVT,F1C763P0,1,MKTPROC_TYPE_CD,ASC
CISADM,F1_MKTPROC_TYPE_EVT,F1C763P0,2,SEQNO,ASC
CISADM,F1_MKTPROC_TYPE_L,F1C764P0,1,MKTPROC_TYPE_CD,ASC
CISADM,F1_MKTPROC_TYPE_L,F1C764P0,2,LANGUAGE_CD,ASC
CISADM,F1_MOBILE_COMPONENT,F1C731P0,1,F1_COMPONENT_NAME_CD,ASC
CISADM,F1_MOBILE_COMPONENT,F1C731S1,1,F1_MOB_COMP_BUS_OBJ_CD,ASC
CISADM,F1_MOBILE_COMPONENT,F1C731S2,1,F1_MOB_COMP_TYPE_CD,ASC
CISADM,F1_MOBILE_COMPONENT_L,F1C732P0,1,F1_COMPONENT_NAME_CD,ASC
CISADM,F1_MOBILE_COMPONENT_L,F1C732P0,2,LANGUAGE_CD,ASC
CISADM,F1_MOBILE_COMPONENT_L,F1C732S1,1,DESCR254,ASC
CISADM,F1_MOB_COMP_CHAR,F1C734P0,1,F1_COMPONENT_NAME_CD,ASC
CISADM,F1_MOB_COMP_CHAR,F1C734P0,2,CHAR_TYPE_CD,ASC
CISADM,F1_MOB_COMP_CHAR,F1C734P0,3,SEQ_NUM,ASC
CISADM,F1_MOB_COMP_CHAR,F1C734S1,1,SRCH_CHAR_VAL,ASC
CISADM,F1_MOB_COMP_CNT,F1C739P0,1,F1_COMPONENT_NAME_CD,ASC
CISADM,F1_MOB_COMP_CNT,F1C739P0,2,F1_CONTENT_TYPE_FLG,ASC
CISADM,F1_MOB_COMP_CNT,F1C739P0,3,SEQ_NUM,ASC
CISADM,F1_MST_CONFIG,FC120P0,1,BUS_OBJ_CD,ASC
CISADM,F1_OBJ_REV,FT035P0,1,REV_ID,ASC
CISADM,F1_OBJ_REV,FT035S1,1,BO_STATUS_CD,ASC
CISADM,F1_OBJ_REV,FT035S1,2,BUS_OBJ_CD,ASC
CISADM,F1_OBJ_REV,FT035S1,3,REV_ID,ASC
CISADM,F1_OBJ_REV,FT035S2,1,MAINT_OBJ_CD,ASC
CISADM,F1_OBJ_REV,FT035S2,2,PK_VALUE1,ASC
CISADM,F1_OBJ_REV,FT035S3,1,EXT_REFERENCE_ID,ASC
CISADM,F1_OBJ_REV,FT035S3,2,MAINT_OBJ_CD,ASC
CISADM,F1_OBJ_REV,FT035S4,1,USER_ID,ASC
CISADM,F1_OBJ_REV,FT035S4,2,MAINT_OBJ_CD,ASC
CISADM,F1_OBJ_REV,FT035S5,1,PK_VALUE1,ASC
CISADM,F1_OBJ_REV_CHAR,FT037P0,1,REV_ID,ASC
CISADM,F1_OBJ_REV_CHAR,FT037P0,2,CHAR_TYPE_CD,ASC
CISADM,F1_OBJ_REV_CHAR,FT037P0,3,SEQ_NUM,ASC
CISADM,F1_OBJ_REV_CHAR,FT037S1,1,SRCH_CHAR_VAL,ASC
CISADM,F1_OBJ_REV_LOG,FT039P0,1,REV_ID,ASC
CISADM,F1_OBJ_REV_LOG,FT039P0,2,SEQNO,ASC
CISADM,F1_OBJ_REV_LOG_PARM,FT040P0,1,REV_ID,ASC
CISADM,F1_OBJ_REV_LOG_PARM,FT040P0,2,SEQNO,ASC
CISADM,F1_OBJ_REV_LOG_PARM,FT040P0,3,PARM_SEQ,ASC
CISADM,F1_OUTMSG,FT010P0,1,OUTMSG_ID,ASC
CISADM,F1_OUTMSG,FT010S1,1,OUTMSG_STATUS_FLG,ASC
CISADM,F1_OUTMSG,FT010S1,2,OUTMSG_TYPE_CD,ASC
CISADM,F1_OUTMSG_ERRPARM,FT011P0,1,OUTMSG_ID,ASC
CISADM,F1_OUTMSG_ERRPARM,FT011P0,2,PARM_SEQ,ASC
CISADM,F1_OUTMSG_K,FT012P0,1,OUTMSG_ID,ASC
CISADM,F1_OUTMSG_K,FT012P0,2,ENV_ID,ASC
CISADM,F1_OUTMSG_TYPE,FC011P0,1,OUTMSG_TYPE_CD,ASC
CISADM,F1_OUTMSG_TYPE_L,FC012P0,1,OUTMSG_TYPE_CD,ASC
CISADM,F1_OUTMSG_TYPE_L,FC012P0,2,LANGUAGE_CD,ASC
CISADM,F1_PERF_TGT,F1C693P0,1,PERF_TARGET_CD,ASC
CISADM,F1_PERF_TGT,F1C693S1,1,BO_STATUS_CD,ASC
CISADM,F1_PERF_TGT,F1C693S1,2,BUS_OBJ_CD,ASC
CISADM,F1_PERF_TGT,F1C693S1,3,PERF_TARGET_CD,ASC
CISADM,F1_PERF_TGT_CHAR,F1C695P0,1,PERF_TARGET_CD,ASC
CISADM,F1_PERF_TGT_CHAR,F1C695P0,2,CHAR_TYPE_CD,ASC
CISADM,F1_PERF_TGT_CHAR,F1C695P0,3,SEQ_NUM,ASC
CISADM,F1_PERF_TGT_CHAR,F1C695S1,1,SRCH_CHAR_VAL,ASC
CISADM,F1_PERF_TGT_L,F1C694P0,1,PERF_TARGET_CD,ASC
CISADM,F1_PERF_TGT_L,F1C694P0,2,LANGUAGE_CD,ASC
CISADM,F1_PERF_TGT_LOG,F1C696P0,1,PERF_TARGET_CD,ASC
CISADM,F1_PERF_TGT_LOG,F1C696P0,2,SEQNO,ASC
CISADM,F1_PERF_TGT_LOG,F1C696S1,1,CHAR_TYPE_CD,ASC
CISADM,F1_PERF_TGT_LOG,F1C696S1,2,CHAR_VAL_FK1,ASC
CISADM,F1_PERF_TGT_LOG,F1C696S2,1,CHAR_TYPE_CD,ASC
CISADM,F1_PERF_TGT_LOG,F1C696S2,2,CHAR_VAL,ASC
CISADM,F1_PERF_TGT_LOG_PARM,F1C697P0,1,PERF_TARGET_CD,ASC
CISADM,F1_PERF_TGT_LOG_PARM,F1C697P0,2,SEQNO,ASC
CISADM,F1_PERF_TGT_LOG_PARM,F1C697P0,3,PARM_SEQ,ASC
CISADM,F1_PERF_TGT_REL_OBJ,F1C698P0,1,PERF_TARGET_CD,ASC
CISADM,F1_PERF_TGT_REL_OBJ,F1C698P0,2,PERF_TARGET_REL_OBJ_TYPE_FLG,ASC
CISADM,F1_PERF_TGT_REL_OBJ,F1C698P0,3,SEQ_NUM,ASC
CISADM,F1_PERF_TGT_TYPE,F1C690P0,1,PERF_TARGET_TYPE_CD,ASC
CISADM,F1_PERF_TGT_TYPE_CHAR,F1C692P0,1,PERF_TARGET_TYPE_CD,ASC
CISADM,F1_PERF_TGT_TYPE_CHAR,F1C692P0,2,CHAR_TYPE_CD,ASC
CISADM,F1_PERF_TGT_TYPE_CHAR,F1C692P0,3,SEQ_NUM,ASC
CISADM,F1_PERF_TGT_TYPE_CHAR,F1C692S1,1,SRCH_CHAR_VAL,ASC
CISADM,F1_PERF_TGT_TYPE_L,F1C691P0,1,PERF_TARGET_TYPE_CD,ASC
CISADM,F1_PERF_TGT_TYPE_L,F1C691P0,2,LANGUAGE_CD,ASC
CISADM,F1_PROC_DEFN,F1C743P0,1,PROCESS_CD,ASC
CISADM,F1_PROC_DEFN_L,F1C744P0,1,PROCESS_CD,ASC
CISADM,F1_PROC_DEFN_L,F1C744P0,2,LANGUAGE_CD,ASC
CISADM,F1_PROC_NEXT_PANEL,F1C746P0,1,PROCESS_CD,ASC
CISADM,F1_PROC_NEXT_PANEL,F1C746P0,2,PANEL_NAME,ASC
CISADM,F1_PROC_NEXT_PANEL,F1C746P0,3,NEXT_PANEL_NAME,ASC
CISADM,F1_PROC_PANEL,F1C745P0,1,PROCESS_CD,ASC
CISADM,F1_PROC_PANEL,F1C745P0,2,PANEL_NAME,ASC
CISADM,F1_PROC_STORE,F1T747P0,1,PROC_STORE_ID,ASC
CISADM,F1_PROC_STORE,F1T747S1,1,BO_STATUS_CD,ASC
CISADM,F1_PROC_STORE,F1T747S1,2,BUS_OBJ_CD,ASC
CISADM,F1_PROC_STORE,F1T747S1,3,PROC_STORE_ID,ASC
CISADM,F1_PROC_STORE_DTL_ELEMENTS,F1T748P0,1,PROC_STORE_ID,ASC
CISADM,F1_PROC_STORE_DTL_ELEMENTS,F1T748P0,2,CHAR_TYPE_CD,ASC
CISADM,F1_PROC_STORE_DTL_ELEMENTS,F1T748P0,3,SEQ_NUM,ASC
CISADM,F1_PROC_STORE_DTL_ELEMENTS,F1T748S1,1,SRCH_CHAR_VAL,ASC
CISADM,F1_PROC_STORE_K,F1T751P0,1,PROC_STORE_ID,ASC
CISADM,F1_PROC_STORE_K,F1T751P0,2,ENV_ID,ASC
CISADM,F1_PROC_STORE_LOG,F1T749P0,1,PROC_STORE_ID,ASC
CISADM,F1_PROC_STORE_LOG,F1T749P0,2,SEQNO,ASC
CISADM,F1_PROC_STORE_LOG,F1T749S1,1,CHAR_TYPE_CD,ASC
CISADM,F1_PROC_STORE_LOG,F1T749S1,2,CHAR_VAL_FK1,ASC
CISADM,F1_PROC_STORE_LOG,F1T749S2,1,CHAR_TYPE_CD,ASC
CISADM,F1_PROC_STORE_LOG,F1T749S2,2,CHAR_VAL,ASC
CISADM,F1_PROC_STORE_LOG_PARM,F1T750P0,1,PROC_STORE_ID,ASC
CISADM,F1_PROC_STORE_LOG_PARM,F1T750P0,2,SEQNO,ASC
CISADM,F1_PROC_STORE_LOG_PARM,F1T750P0,3,PARM_SEQ,ASC
CISADM,F1_REMOTE_MSG,F1T735P0,1,F1_REMOTE_MSG_ID,ASC
CISADM,F1_REMOTE_MSG,F1T735S1,1,CRE_DTTM,ASC
CISADM,F1_REMOTE_MSG,F1T735S2,1,F1_MDT_ID,ASC
CISADM,F1_REMOTE_MSG,F1T735S3,1,MAINT_OBJ_CD,ASC
CISADM,F1_REMOTE_MSG,F1T735S4,1,PK_VALUE1,ASC
CISADM,F1_REMOTE_MSG,F1T735S5,1,F1_DEVICE_MSG_ID,ASC
CISADM,F1_REMOTE_MSG,F1T735S6,1,F1_MDT_ID,ASC
CISADM,F1_REMOTE_MSG,F1T735S6,2,F1_MSG_CLASS_FLG,ASC
CISADM,F1_REMOTE_MSG,F1T735S6,3,F1_DELIVERY_STATE_FLG,ASC
CISADM,F1_REMOTE_MSG,F1T735S7,1,BO_STATUS_CD,ASC
CISADM,F1_REMOTE_MSG,F1T735S7,2,BUS_OBJ_CD,ASC
CISADM,F1_REMOTE_MSG,F1T735S7,3,F1_REMOTE_MSG_ID,ASC
CISADM,F1_REMOTE_MSG_CHAR,F1T736P0,1,F1_REMOTE_MSG_ID,ASC
CISADM,F1_REMOTE_MSG_CHAR,F1T736P0,2,CHAR_TYPE_CD,ASC
CISADM,F1_REMOTE_MSG_CHAR,F1T736P0,3,SEQ_NUM,ASC
CISADM,F1_REMOTE_MSG_CHAR,F1T736S1,1,SRCH_CHAR_VAL,ASC
CISADM,F1_REMOTE_MSG_K,F1T915P0,1,F1_REMOTE_MSG_ID,ASC
CISADM,F1_REMOTE_MSG_K,F1T915P0,2,ENV_ID,ASC
CISADM,F1_REMOTE_MSG_LOG,F1T737P0,1,F1_REMOTE_MSG_ID,ASC
CISADM,F1_REMOTE_MSG_LOG,F1T737P0,2,SEQNO,ASC
CISADM,F1_REMOTE_MSG_LOG,F1T737S1,1,CHAR_TYPE_CD,ASC
CISADM,F1_REMOTE_MSG_LOG,F1T737S1,2,CHAR_VAL_FK1,ASC
CISADM,F1_REMOTE_MSG_LOG,F1T737S2,1,CHAR_TYPE_CD,ASC
CISADM,F1_REMOTE_MSG_LOG,F1T737S2,2,CHAR_VAL,ASC
CISADM,F1_REMOTE_MSG_LOG_PARM,F1T738P0,1,F1_REMOTE_MSG_ID,ASC
CISADM,F1_REMOTE_MSG_LOG_PARM,F1T738P0,2,SEQNO,ASC
CISADM,F1_REMOTE_MSG_LOG_PARM,F1T738P0,3,PARM_SEQ,ASC
CISADM,F1_REQ,FT070P0,1,REQ_ID,ASC
CISADM,F1_REQ,FT070S1,1,BO_STATUS_CD,ASC
CISADM,F1_REQ,FT070S1,2,BUS_OBJ_CD,ASC
CISADM,F1_REQ,FT070S1,3,REQ_ID,ASC
CISADM,F1_REQ_CHAR,F1T909P0,1,REQ_ID,ASC
CISADM,F1_REQ_CHAR,F1T909P0,2,CHAR_TYPE_CD,ASC
CISADM,F1_REQ_CHAR,F1T909P0,3,SEQ_NUM,ASC
CISADM,F1_REQ_CHAR,F1T909S1,1,SRCH_CHAR_VAL,ASC
CISADM,F1_REQ_K,FT077P0,1,REQ_ID,ASC
CISADM,F1_REQ_K,FT077P0,2,ENV_ID,ASC
CISADM,F1_REQ_LOG,FT071P0,1,REQ_ID,ASC
CISADM,F1_REQ_LOG,FT071P0,2,SEQNO,ASC
CISADM,F1_REQ_LOG,FT071S1,1,CHAR_TYPE_CD,ASC
CISADM,F1_REQ_LOG,FT071S1,2,CHAR_VAL_FK1,ASC
CISADM,F1_REQ_LOG,FT071S2,1,CHAR_TYPE_CD,ASC
CISADM,F1_REQ_LOG,FT071S2,2,CHAR_VAL,ASC
CISADM,F1_REQ_LOG_PARM,FT072P0,1,REQ_ID,ASC
CISADM,F1_REQ_LOG_PARM,FT072P0,2,SEQNO,ASC
CISADM,F1_REQ_LOG_PARM,FT072P0,3,PARM_SEQ,ASC
CISADM,F1_REQ_TYPE,FC410P0,1,REQ_TYPE_CD,ASC
CISADM,F1_REQ_TYPE,FC410S1,1,BO_STATUS_CD,ASC
CISADM,F1_REQ_TYPE,FC410S1,2,BUS_OBJ_CD,ASC
CISADM,F1_REQ_TYPE,FC410S1,3,REQ_TYPE_CD,ASC
CISADM,F1_REQ_TYPE_L,FC412P0,1,REQ_TYPE_CD,ASC
CISADM,F1_REQ_TYPE_L,FC412P0,2,LANGUAGE_CD,ASC
CISADM,F1_REQ_TYPE_LOG,FC413P0,1,REQ_TYPE_CD,ASC
CISADM,F1_REQ_TYPE_LOG,FC413P0,2,SEQNO,ASC
CISADM,F1_REQ_TYPE_LOG,FC413S1,1,CHAR_TYPE_CD,ASC
CISADM,F1_REQ_TYPE_LOG,FC413S1,2,CHAR_VAL_FK1,ASC
CISADM,F1_REQ_TYPE_LOG,FC413S2,1,CHAR_TYPE_CD,ASC
CISADM,F1_REQ_TYPE_LOG,FC413S2,2,CHAR_VAL,ASC
CISADM,F1_REQ_TYPE_LOG_PARM,FC414P0,1,REQ_TYPE_CD,ASC
CISADM,F1_REQ_TYPE_LOG_PARM,FC414P0,2,SEQNO,ASC
CISADM,F1_REQ_TYPE_LOG_PARM,FC414P0,3,PARM_SEQ,ASC
CISADM,F1_SCHEMA,FC020P0,1,SCHEMA_NAME,ASC
CISADM,F1_SCHEMA,FC020P0,2,SCHEMA_TYPE_FLG,ASC
CISADM,F1_SCHEMA,FC020S1,1,SCHEMA_TYPE_FLG,ASC
CISADM,F1_SCHEMA,FC020S1,2,SCHEMA_NAME,ASC
CISADM,F1_STATS,F1C700P0,1,F1_STATISTIC_CD,ASC
CISADM,F1_STATS,F1C700S1,1,BUS_OBJ_CD,ASC
CISADM,F1_STATS,F1C700S1,2,BO_STATUS_CD,ASC
CISADM,F1_STATS,F1C700S1,3,F1_STATISTIC_CD,ASC
CISADM,F1_STATS_CHAR,F1C702P0,1,F1_STATISTIC_CD,ASC
CISADM,F1_STATS_CHAR,F1C702P0,2,CHAR_TYPE_CD,ASC
CISADM,F1_STATS_CHAR,F1C702P0,3,SEQ_NUM,ASC
CISADM,F1_STATS_CHAR,F1C702S1,1,SRCH_CHAR_VAL,ASC
CISADM,F1_STATS_L,F1C701P0,1,F1_STATISTIC_CD,ASC
CISADM,F1_STATS_L,F1C701P0,2,LANGUAGE_CD,ASC
CISADM,F1_STATS_LOG,F1C703P0,1,F1_STATISTIC_CD,ASC
CISADM,F1_STATS_LOG,F1C703P0,2,SEQNO,ASC
CISADM,F1_STATS_LOG,F1C703S1,1,CHAR_TYPE_CD,ASC
CISADM,F1_STATS_LOG,F1C703S1,2,CHAR_VAL_FK1,ASC
CISADM,F1_STATS_LOG,F1C703S2,1,CHAR_TYPE_CD,ASC
CISADM,F1_STATS_LOG,F1C703S2,2,CHAR_VAL,ASC
CISADM,F1_STATS_LOG_PARM,F1C704P0,1,F1_STATISTIC_CD,ASC
CISADM,F1_STATS_LOG_PARM,F1C704P0,2,SEQNO,ASC
CISADM,F1_STATS_LOG_PARM,F1C704P0,3,PARM_SEQ,ASC
CISADM,F1_STATS_REL_OBJ,F1C705P0,1,F1_STATISTIC_CD,ASC
CISADM,F1_STATS_REL_OBJ,F1C705P0,2,STATS_REL_OBJ_TYPE_FLG,ASC
CISADM,F1_STATS_REL_OBJ,F1C705P0,3,SEQ_NUM,ASC
CISADM,F1_STATS_SNPSHT,F1C706P0,1,SNAPSHOT_ID,ASC
CISADM,F1_STATS_SNPSHT,F1C706S1,1,BUS_OBJ_CD,ASC
CISADM,F1_STATS_SNPSHT,F1C706S1,2,BO_STATUS_CD,ASC
CISADM,F1_STATS_SNPSHT,F1C706S1,3,SNAPSHOT_ID,ASC
CISADM,F1_STATS_SNPSHT_CHAR,F1C707P0,1,SNAPSHOT_ID,ASC
CISADM,F1_STATS_SNPSHT_CHAR,F1C707P0,2,CHAR_TYPE_CD,ASC
CISADM,F1_STATS_SNPSHT_CHAR,F1C707P0,3,SEQ_NUM,ASC
CISADM,F1_STATS_SNPSHT_CHAR,F1C707S1,1,SRCH_CHAR_VAL,ASC
CISADM,F1_STATS_SNPSHT_K,F1T911P0,1,SNAPSHOT_ID,ASC
CISADM,F1_STATS_SNPSHT_K,F1T911P0,2,ENV_ID,ASC
CISADM,F1_STATS_SNPSHT_LOG,F1C708P0,1,SNAPSHOT_ID,ASC
CISADM,F1_STATS_SNPSHT_LOG,F1C708P0,2,SEQNO,ASC
CISADM,F1_STATS_SNPSHT_LOG,F1C708S1,1,CHAR_TYPE_CD,ASC
CISADM,F1_STATS_SNPSHT_LOG,F1C708S1,2,CHAR_VAL_FK1,ASC
CISADM,F1_STATS_SNPSHT_LOG,F1C708S2,1,CHAR_TYPE_CD,ASC
CISADM,F1_STATS_SNPSHT_LOG,F1C708S2,2,CHAR_VAL,ASC
CISADM,F1_STATS_SNPSHT_LOG_PARM,F1C709P0,1,SNAPSHOT_ID,ASC
CISADM,F1_STATS_SNPSHT_LOG_PARM,F1C709P0,2,SEQNO,ASC
CISADM,F1_STATS_SNPSHT_LOG_PARM,F1C709P0,3,PARM_SEQ,ASC
CISADM,F1_STATS_SNPSHT_REL_OBJ,F1C710P0,1,SNAPSHOT_ID,ASC
CISADM,F1_STATS_SNPSHT_REL_OBJ,F1C710P0,2,STATS_SNPSHT_REL_OBJ_TYPE_FLG,ASC
CISADM,F1_STATS_SNPSHT_REL_OBJ,F1C710P0,3,SEQ_NUM,ASC
CISADM,F1_SVC_CATALOG,F1C711P0,1,WEB_SVC_CAT_ID,ASC
CISADM,F1_SVC_TASK,F1C474P0,1,F1_SVC_TASK_ID,ASC
CISADM,F1_SVC_TASK,F1C474S1,1,F1_STASK_TYPE_CD,ASC
CISADM,F1_SVC_TASK,F1C474S2,1,BUS_OBJ_CD,ASC
CISADM,F1_SVC_TASK_CHAR,F1C476P0,1,F1_SVC_TASK_ID,ASC
CISADM,F1_SVC_TASK_CHAR,F1C476P0,2,CHAR_TYPE_CD,ASC
CISADM,F1_SVC_TASK_CHAR,F1C476P0,3,SEQ_NUM,ASC
CISADM,F1_SVC_TASK_CHAR,F1C476S1,1,SRCH_CHAR_VAL,ASC
CISADM,F1_SVC_TASK_K,F1C475P0,1,F1_SVC_TASK_ID,ASC
CISADM,F1_SVC_TASK_K,F1C475P0,2,ENV_ID,ASC
CISADM,F1_SVC_TASK_LOG,F1C477P0,1,F1_SVC_TASK_ID,ASC
CISADM,F1_SVC_TASK_LOG,F1C477P0,2,SEQNO,ASC
CISADM,F1_SVC_TASK_LOG,F1C477S1,1,CHAR_TYPE_CD,ASC
CISADM,F1_SVC_TASK_LOG,F1C477S1,2,CHAR_VAL_FK1,ASC
CISADM,F1_SVC_TASK_LOG,F1C477S2,1,CHAR_TYPE_CD,ASC
CISADM,F1_SVC_TASK_LOG,F1C477S2,2,CHAR_VAL,ASC
CISADM,F1_SVC_TASK_LOG_PARM,F1C478P0,1,F1_SVC_TASK_ID,ASC
CISADM,F1_SVC_TASK_LOG_PARM,F1C478P0,2,SEQNO,ASC
CISADM,F1_SVC_TASK_LOG_PARM,F1C478P0,3,PARM_SEQ,ASC
CISADM,F1_SVC_TASK_REL_OBJ,F1C479P0,1,F1_SVC_TASK_ID,ASC
CISADM,F1_SVC_TASK_REL_OBJ,F1C479P0,2,MAINT_OBJ_CD,ASC
CISADM,F1_SVC_TASK_REL_OBJ,F1C479P0,3,SEQ_NUM,ASC
CISADM,F1_SVC_TASK_REL_OBJ,F1C479S1,1,MAINT_OBJ_CD,ASC
CISADM,F1_SVC_TASK_REL_OBJ,F1C479S1,2,PK_VALUE1,ASC
CISADM,F1_SVC_TASK_REL_OBJ,F1C479S1,3,PK_VALUE2,ASC
CISADM,F1_SVC_TASK_REL_OBJ,F1C479S1,4,PK_VALUE3,ASC
CISADM,F1_SVC_TASK_REL_OBJ,F1C479S1,5,PK_VALUE4,ASC
CISADM,F1_SVC_TASK_REL_OBJ,F1C479S1,6,PK_VALUE5,ASC
CISADM,F1_SVC_TASK_TYPE,F1C471P0,1,F1_STASK_TYPE_CD,ASC
CISADM,F1_SVC_TASK_TYPE,F1C471S1,1,BUS_OBJ_CD,ASC
CISADM,F1_SVC_TASK_TYPE,F1C471S2,1,TRANS_BUS_OBJ_CD,ASC
CISADM,F1_SVC_TASK_TYPE_CHAR,F1C473P0,1,F1_STASK_TYPE_CD,ASC
CISADM,F1_SVC_TASK_TYPE_CHAR,F1C473P0,2,CHAR_TYPE_CD,ASC
CISADM,F1_SVC_TASK_TYPE_CHAR,F1C473P0,3,SEQ_NUM,ASC
CISADM,F1_SVC_TASK_TYPE_CHAR,F1C473S1,1,SRCH_CHAR_VAL,ASC
CISADM,F1_SVC_TASK_TYPE_L,F1C472P0,1,F1_STASK_TYPE_CD,ASC
CISADM,F1_SVC_TASK_TYPE_L,F1C472P0,2,LANGUAGE_CD,ASC
CISADM,F1_SYNC_REQ,F1T014P0,1,F1_SYNC_REQ_ID,ASC
CISADM,F1_SYNC_REQ,F1T014S1,1,BO_STATUS_CD,ASC
CISADM,F1_SYNC_REQ,F1T014S1,2,BUS_OBJ_CD,ASC
CISADM,F1_SYNC_REQ,F1T014S1,3,F1_SYNC_REQ_ID,ASC
CISADM,F1_SYNC_REQ,F1T014S2,1,BO_STATUS_REASON_CD,ASC
CISADM,F1_SYNC_REQ,F1T014S3,1,MAINT_OBJ_CD,ASC
CISADM,F1_SYNC_REQ,F1T014S3,2,PK_VALUE1,ASC
CISADM,F1_SYNC_REQ,F1T014S3,3,PK_VALUE2,ASC
CISADM,F1_SYNC_REQ,F1T014S3,4,F1_SYNC_REQ_ID,ASC
CISADM,F1_SYNC_REQ_CHAR,F1T017P0,1,F1_SYNC_REQ_ID,ASC
CISADM,F1_SYNC_REQ_CHAR,F1T017P0,2,CHAR_TYPE_CD,ASC
CISADM,F1_SYNC_REQ_CHAR,F1T017P0,3,SEQ_NUM,ASC
CISADM,F1_SYNC_REQ_CHAR,F1T017S1,1,SRCH_CHAR_VAL,ASC
CISADM,F1_SYNC_REQ_EXTRACT,F1T019P0,1,F1_SYNC_REQ_ID,ASC
CISADM,F1_SYNC_REQ_EXTRACT,F1T019P0,2,SEQ_NUM,ASC
CISADM,F1_SYNC_REQ_IN,F1T191P0,1,F1_SYNC_REQ_IN_ID,ASC
CISADM,F1_SYNC_REQ_IN,F1T191S1,1,BO_STATUS_CD,ASC
CISADM,F1_SYNC_REQ_IN,F1T191S1,2,BUS_OBJ_CD,ASC
CISADM,F1_SYNC_REQ_IN,F1T191S1,3,F1_SYNC_REQ_IN_ID,ASC
CISADM,F1_SYNC_REQ_IN,F1T191S2,1,MAINT_OBJ_CD,ASC
CISADM,F1_SYNC_REQ_IN,F1T191S2,2,EXT_PK_VALUE1,ASC
CISADM,F1_SYNC_REQ_IN,F1T191S2,3,NT_XID_CD,ASC
CISADM,F1_SYNC_REQ_IN,F1T191S2,4,PK_VALUE1,ASC
CISADM,F1_SYNC_REQ_IN,F1T191S3,1,EXT_REFERENCE_ID,ASC
CISADM,F1_SYNC_REQ_IN_CHAR,F1T193P0,1,F1_SYNC_REQ_IN_ID,ASC
CISADM,F1_SYNC_REQ_IN_CHAR,F1T193P0,2,CHAR_TYPE_CD,ASC
CISADM,F1_SYNC_REQ_IN_CHAR,F1T193P0,3,SEQ_NUM,ASC
CISADM,F1_SYNC_REQ_IN_CHAR,F1T193S1,1,SRCH_CHAR_VAL,ASC
CISADM,F1_SYNC_REQ_IN_EXCP,F1T197P0,1,F1_SYNC_REQ_IN_ID,ASC
CISADM,F1_SYNC_REQ_IN_EXCP,F1T197P0,2,SEQNO,ASC
CISADM,F1_SYNC_REQ_IN_EXCP_PARM,F1T198P0,1,F1_SYNC_REQ_IN_ID,ASC
CISADM,F1_SYNC_REQ_IN_EXCP_PARM,F1T198P0,2,SEQNO,ASC
CISADM,F1_SYNC_REQ_IN_EXCP_PARM,F1T198P0,3,PARM_SEQ,ASC
CISADM,F1_SYNC_REQ_IN_K,F1T196P0,1,F1_SYNC_REQ_IN_ID,ASC
CISADM,F1_SYNC_REQ_IN_K,F1T196P0,2,ENV_ID,ASC
CISADM,F1_SYNC_REQ_IN_LOG,F1T194P0,1,F1_SYNC_REQ_IN_ID,ASC
CISADM,F1_SYNC_REQ_IN_LOG,F1T194P0,2,SEQNO,ASC
CISADM,F1_SYNC_REQ_IN_LOG,F1T194S1,1,CHAR_TYPE_CD,ASC
CISADM,F1_SYNC_REQ_IN_LOG,F1T194S1,2,CHAR_VAL_FK1,ASC
CISADM,F1_SYNC_REQ_IN_LOG,F1T194S2,1,CHAR_TYPE_CD,ASC
CISADM,F1_SYNC_REQ_IN_LOG,F1T194S2,2,CHAR_VAL,ASC
CISADM,F1_SYNC_REQ_IN_LOG_PARM,F1T195P0,1,F1_SYNC_REQ_IN_ID,ASC
CISADM,F1_SYNC_REQ_IN_LOG_PARM,F1T195P0,2,SEQNO,ASC
CISADM,F1_SYNC_REQ_IN_LOG_PARM,F1T195P0,3,PARM_SEQ,ASC
CISADM,F1_SYNC_REQ_IN_REL_OBJ,F1T192P0,1,F1_SYNC_REQ_IN_ID,ASC
CISADM,F1_SYNC_REQ_IN_REL_OBJ,F1T192P0,2,MAINT_OBJ_CD,ASC
CISADM,F1_SYNC_REQ_IN_REL_OBJ,F1T192P0,3,REL_OBJ_TYPE_FLG,ASC
CISADM,F1_SYNC_REQ_IN_REL_OBJ,F1T192S1,1,PK_VALUE1,ASC
CISADM,F1_SYNC_REQ_K,F1T018P0,1,F1_SYNC_REQ_ID,ASC
CISADM,F1_SYNC_REQ_K,F1T018P0,2,ENV_ID,ASC
CISADM,F1_SYNC_REQ_LOG,F1T015P0,1,F1_SYNC_REQ_ID,ASC
CISADM,F1_SYNC_REQ_LOG,F1T015P0,2,SEQNO,ASC
CISADM,F1_SYNC_REQ_LOG,F1T015S1,1,CHAR_TYPE_CD,ASC
CISADM,F1_SYNC_REQ_LOG,F1T015S1,2,CHAR_VAL_FK1,ASC
CISADM,F1_SYNC_REQ_LOG,F1T015S2,1,CHAR_TYPE_CD,ASC
CISADM,F1_SYNC_REQ_LOG,F1T015S2,2,CHAR_VAL,ASC
CISADM,F1_SYNC_REQ_LOG,F1T015S3,1,BO_STATUS_REASON_CD,ASC
CISADM,F1_SYNC_REQ_LOG_PARM,F1T016P0,1,F1_SYNC_REQ_ID,ASC
CISADM,F1_SYNC_REQ_LOG_PARM,F1T016P0,2,SEQNO,ASC
CISADM,F1_SYNC_REQ_LOG_PARM,F1T016P0,3,PARM_SEQ,ASC
CISADM,F1_TAG,F1C795P0,1,ENTITY_TAG,ASC
CISADM,F1_TAGGED_ENTITY,F1C798P0,1,ENTITY_TAG,ASC
CISADM,F1_TAGGED_ENTITY,F1C798P0,2,OWNER_FLG,ASC
CISADM,F1_TAGGED_ENTITY,F1C798P0,3,MAINT_OBJ_CD,ASC
CISADM,F1_TAGGED_ENTITY,F1C798P0,4,KEYS,ASC
CISADM,F1_TAGGED_ENTITY,F1C798S1,1,MAINT_OBJ_CD,ASC
CISADM,F1_TAGGED_ENTITY,F1C798S1,2,PK_VALUE1,ASC
CISADM,F1_TAGGED_ENTITY,F1C798S1,3,PK_VALUE2,ASC
CISADM,F1_TAGGED_ENTITY,F1C798S1,4,PK_VALUE3,ASC
CISADM,F1_TAGGED_ENTITY,F1C798S1,5,PK_VALUE4,ASC
CISADM,F1_TAGGED_ENTITY,F1C798S1,6,PK_VALUE5,ASC
CISADM,F1_TAG_CHAR,F1C797P0,1,ENTITY_TAG,ASC
CISADM,F1_TAG_CHAR,F1C797P0,2,CHAR_TYPE_CD,ASC
CISADM,F1_TAG_CHAR,F1C797P0,3,SEQ_NUM,ASC
CISADM,F1_TAG_L,F1C796P0,1,ENTITY_TAG,ASC
CISADM,F1_TAG_L,F1C796P0,2,LANGUAGE_CD,ASC
CISADM,F1_TIME_D,F1T917P0,1,F1_TIME_KEY,ASC
CISADM,F1_TREE,F1C790P0,1,TREE_CD,ASC
CISADM,F1_TREE_L,F1C791P0,1,TREE_CD,ASC
CISADM,F1_TREE_L,F1C791P0,2,LANGUAGE_CD,ASC
CISADM,F1_TREE_NODE,F1C792P0,1,TREE_CD,ASC
CISADM,F1_TREE_NODE,F1C792P0,2,NODE_NAME,ASC
CISADM,F1_TREE_NODE_ALG,F1C794P0,1,TREE_CD,ASC
CISADM,F1_TREE_NODE_ALG,F1C794P0,2,NODE_NAME,ASC
CISADM,F1_TREE_NODE_ALG,F1C794P0,3,TREE_NODE_SEVT_FLG,ASC
CISADM,F1_TREE_NODE_ALG,F1C794P0,4,SEQ_NUM,ASC
CISADM,F1_TREE_NODE_L,F1C793P0,1,TREE_CD,ASC
CISADM,F1_TREE_NODE_L,F1C793P0,2,NODE_NAME,ASC
CISADM,F1_TREE_NODE_L,F1C793P0,3,LANGUAGE_CD,ASC
CISADM,F1_TSPACE_ENTRY,FT001P0,1,TSPACE_ENTRY_ID,ASC
CISADM,F1_WEB_CAT,F1C740P0,1,WEB_SVC_CAT_CD,ASC
CISADM,F1_WEB_CAT_INCL_SVC,F1C742P0,1,WEB_SVC_CAT_CD,ASC
CISADM,F1_WEB_CAT_INCL_SVC,F1C742P0,2,SEQNO,ASC
CISADM,F1_WEB_CAT_L,F1C741P0,1,WEB_SVC_CAT_CD,ASC
CISADM,F1_WEB_CAT_L,F1C741P0,2,LANGUAGE_CD,ASC
CISADM,F1_WEB_SVC,F1C064P0,1,WEB_SVC_NAME,ASC
CISADM,F1_WEB_SVC,F1C064S1,1,BO_STATUS_CD,ASC
CISADM,F1_WEB_SVC,F1C064S1,2,BUS_OBJ_CD,ASC
CISADM,F1_WEB_SVC,F1C064S1,3,WEB_SVC_NAME,ASC
CISADM,F1_WEB_SVC_CHAR,F1C068P0,1,WEB_SVC_NAME,ASC
CISADM,F1_WEB_SVC_CHAR,F1C068P0,2,CHAR_TYPE_CD,ASC
CISADM,F1_WEB_SVC_CHAR,F1C068P0,3,SEQ_NUM,ASC
CISADM,F1_WEB_SVC_CHAR,F1C068S1,1,SRCH_CHAR_VAL,ASC
CISADM,F1_WEB_SVC_L,F1C065P0,1,WEB_SVC_NAME,ASC
CISADM,F1_WEB_SVC_L,F1C065P0,2,LANGUAGE_CD,ASC
CISADM,F1_WEB_SVC_LOG,F1C066P0,1,WEB_SVC_NAME,ASC
CISADM,F1_WEB_SVC_LOG,F1C066P0,2,SEQNO,ASC
CISADM,F1_WEB_SVC_LOG,F1C066S1,1,CHAR_TYPE_CD,ASC
CISADM,F1_WEB_SVC_LOG,F1C066S1,2,CHAR_VAL_FK1,ASC
CISADM,F1_WEB_SVC_LOG,F1C066S2,1,CHAR_TYPE_CD,ASC
CISADM,F1_WEB_SVC_LOG,F1C066S2,2,CHAR_VAL,ASC
CISADM,F1_WEB_SVC_LOG_PARM,F1C067P0,1,WEB_SVC_NAME,ASC
CISADM,F1_WEB_SVC_LOG_PARM,F1C067P0,2,SEQNO,ASC
CISADM,F1_WEB_SVC_LOG_PARM,F1C067P0,3,PARM_SEQ,ASC
CISADM,F1_WEB_SVC_OPERATIONS,F1C069P0,1,WEB_SVC_NAME,ASC
CISADM,F1_WEB_SVC_OPERATIONS,F1C069P0,2,OPERATION_NAME,ASC
CISADM,SC_ACCESS_CNTL,XC286P0,1,USR_GRP_ID,ASC
CISADM,SC_ACCESS_CNTL,XC286P0,2,APP_SVC_ID,ASC
CISADM,SC_ACCESS_CNTL,XC286P0,3,ACCESS_MODE,ASC
CISADM,SC_APP_SERVICE,XC287P0,1,APP_SVC_ID,ASC
CISADM,SC_APP_SERVICE_L,XC592P0,1,APP_SVC_ID,ASC
CISADM,SC_APP_SERVICE_L,XC592P0,2,LANGUAGE_CD,ASC
CISADM,SC_USER,FC303S1,1,EXT_USER_ID,ASC
CISADM,SC_USER,XC301P0,1,USER_ID,ASC
CISADM,SC_USER_CHAR,FC034P0,1,USER_ID,ASC
CISADM,SC_USER_CHAR,FC034P0,2,CHAR_TYPE_CD,ASC
CISADM,SC_USER_CHAR,FC034P0,3,SEQ_NUM,ASC
CISADM,SC_USER_CHAR,FC034S1,1,SRCH_CHAR_VAL,ASC
CISADM,SC_USER_GROUP,XC302P0,1,USR_GRP_ID,ASC
CISADM,SC_USER_GROUP_L,XC593P0,1,USR_GRP_ID,ASC
CISADM,SC_USER_GROUP_L,XC593P0,2,LANGUAGE_CD,ASC
CISADM,SC_USR_GRP_PROF,XC293P0,1,USR_GRP_ID,ASC
CISADM,SC_USR_GRP_PROF,XC293P0,2,APP_SVC_ID,ASC
CISADM,SC_USR_GRP_PROF,XC293S1,1,APP_SVC_ID,ASC
CISADM,SC_USR_GRP_USR,XC294P0,1,USR_GRP_ID,ASC
CISADM,SC_USR_GRP_USR,XC294P0,2,USER_ID,ASC
CISADM,SC_USR_GRP_USR,XC294S1,1,USER_ID,ASC
CISADM,TMP_TAB_CNV_SA_PREM,IDXTMP010201,1,SA_ID,ASC
CISADM,TMP_TAB_CNV_SA_PREM,IDXTMP010201,2,SA_GRP,ASC
CISADM,W1_ACPT_LINE,W1T475P0,1,ACPT_LINE_ID,ASC
CISADM,W1_ACPT_LINE,W1T475S1,1,BUS_OBJ_CD,ASC
CISADM,W1_ACPT_LINE,W1T475S1,2,BO_STATUS_CD,ASC
CISADM,W1_ACPT_LINE,W1T475S1,3,ACPT_LINE_ID,ASC
CISADM,W1_ACPT_LINE,W1T475S2,1,RCPT_LINE_ID,ASC
CISADM,W1_ACPT_LINE,W1T475S2,2,ACPT_LINE_ID,ASC
CISADM,W1_ACPT_LINE_ASSET,W1T476P0,1,ACPT_LINE_ID,ASC
CISADM,W1_ACPT_LINE_ASSET,W1T476P0,2,ASSET_ID,ASC
CISADM,W1_ACPT_LINE_CHAR,W1T478P0,1,ACPT_LINE_ID,ASC
CISADM,W1_ACPT_LINE_CHAR,W1T478P0,2,CHAR_TYPE_CD,ASC
CISADM,W1_ACPT_LINE_CHAR,W1T478P0,3,SEQ_NUM,ASC
CISADM,W1_ACPT_LINE_CHAR,W1T478S1,1,SRCH_CHAR_VAL,ASC
CISADM,W1_ACPT_LINE_K,W1T482P0,1,ACPT_LINE_ID,ASC
CISADM,W1_ACPT_LINE_K,W1T482P0,2,ENV_ID,ASC
CISADM,W1_ACPT_LINE_LOG,W1T479P0,1,ACPT_LINE_ID,ASC
CISADM,W1_ACPT_LINE_LOG,W1T479P0,2,SEQNO,ASC
CISADM,W1_ACPT_LINE_LOG,W1T479S1,1,CHAR_TYPE_CD,ASC
CISADM,W1_ACPT_LINE_LOG,W1T479S1,2,CHAR_VAL_FK1,ASC
CISADM,W1_ACPT_LINE_LOG,W1T479S2,1,CHAR_TYPE_CD,ASC
CISADM,W1_ACPT_LINE_LOG,W1T479S2,2,CHAR_VAL,ASC
CISADM,W1_ACPT_LINE_LOG_PARM,W1T480P0,1,ACPT_LINE_ID,ASC
CISADM,W1_ACPT_LINE_LOG_PARM,W1T480P0,2,SEQNO,ASC
CISADM,W1_ACPT_LINE_LOG_PARM,W1T480P0,3,PARM_SEQ,ASC
CISADM,W1_ACPT_LINE_LOT,W1T477P0,1,ACPT_LINE_ID,ASC
CISADM,W1_ACPT_LINE_LOT,W1T477P0,2,LOT_ID,ASC
CISADM,W1_ACTIVITY,W1T244P0,1,ACT_ID,ASC
CISADM,W1_ACTIVITY,W1T244S1,1,ACT_TYPE_CD,ASC
CISADM,W1_ACTIVITY,W1T244S1,2,ACT_ID,ASC
CISADM,W1_ACTIVITY,W1T244S10,1,WORK_WIN_END_DTTM,ASC
CISADM,W1_ACTIVITY,W1T244S11,1,PRNT_ACT_ID,ASC
CISADM,W1_ACTIVITY,W1T244S13,1,FINAL_DTTM,ASC
CISADM,W1_ACTIVITY,W1T244S13,2,ACT_ID,ASC
CISADM,W1_ACTIVITY,W1T244S14,1,SERVICE_CLASS_CD,ASC
CISADM,W1_ACTIVITY,W1T244S15,1,WORK_REQ_ID,ASC
CISADM,W1_ACTIVITY,W1T244S16,1,W1_DESCR100_UPR,ASC
CISADM,W1_ACTIVITY,W1T244S17,1,WORK_LOC_ID,ASC
CISADM,W1_ACTIVITY,W1T244S18,1,PRJ_ID,ASC
CISADM,W1_ACTIVITY,W1T244S19,1,MAINT_SCHED_ID,ASC
CISADM,W1_ACTIVITY,W1T244S19,2,MAINT_TRIGGER_ID,ASC
CISADM,W1_ACTIVITY,W1T244S2,1,BUS_OBJ_CD,ASC
CISADM,W1_ACTIVITY,W1T244S2,2,BO_STATUS_CD,ASC
CISADM,W1_ACTIVITY,W1T244S2,3,ACT_ID,ASC
CISADM,W1_ACTIVITY,W1T244S20,1,PLANNER_CD,ASC
CISADM,W1_ACTIVITY,W1T244S4,1,WO_ID,ASC
CISADM,W1_ACTIVITY,W1T244S5,1,NODE_ID,ASC
CISADM,W1_ACTIVITY,W1T244S6,1,ASSET_ID,ASC
CISADM,W1_ACTIVITY,W1T244S7,1,CRE_DTTM,ASC
CISADM,W1_ACTIVITY,W1T244S8,1,ACTVN_DTTM,ASC
CISADM,W1_ACTIVITY,W1T244S9,1,WORK_WIN_START_DTTM,ASC
CISADM,W1_ACTIVITY_ASSET,W1T366P0,1,ACT_ID,ASC
CISADM,W1_ACTIVITY_ASSET,W1T366P0,2,NODE_ID,ASC
CISADM,W1_ACTIVITY_ASSET,W1T366P0,3,ASSET_ID,ASC
CISADM,W1_ACTIVITY_ASSET,W1T366S1,1,ASSET_ID,ASC
CISADM,W1_ACTIVITY_ASSET,W1T366S1,2,ACT_ID,ASC
CISADM,W1_ACTIVITY_ATTACHMENT,W1T245P0,1,ACT_ID,ASC
CISADM,W1_ACTIVITY_ATTACHMENT,W1T245P0,2,ACT_ATT_REL_TYPE_FLG,ASC
CISADM,W1_ACTIVITY_ATTACHMENT,W1T245P0,3,ATTACHMENT_ID,ASC
CISADM,W1_ACTIVITY_CHAR,W1T246P0,1,ACT_ID,ASC
CISADM,W1_ACTIVITY_CHAR,W1T246P0,2,CHAR_TYPE_CD,ASC
CISADM,W1_ACTIVITY_CHAR,W1T246P0,3,SEQ_NUM,ASC
CISADM,W1_ACTIVITY_CHAR,W1T246S1,1,SRCH_CHAR_VAL,ASC
CISADM,W1_ACTIVITY_COST_CENTER,W1T365P0,1,ACT_ID,ASC
CISADM,W1_ACTIVITY_COST_CENTER,W1T365P0,2,COST_CENTER_CD,ASC
CISADM,W1_ACTIVITY_DEPENDENCY,W1T367P0,1,ACT_ID,ASC
CISADM,W1_ACTIVITY_DEPENDENCY,W1T367P0,2,PREDECESSOR_ACT_ID,ASC
CISADM,W1_ACTIVITY_DEPENDENCY,W1T367P0,3,DEPENDENCY_TYPE_FLG,ASC
CISADM,W1_ACTIVITY_DOCUMENT,W1T369P0,1,ACT_ID,ASC
CISADM,W1_ACTIVITY_DOCUMENT,W1T369P0,2,ATTACHMENT_ID,ASC
CISADM,W1_ACTIVITY_DOCUMENT,W1T369P0,3,DOCUMENT_ID,ASC
CISADM,W1_ACTIVITY_IDENTIFIER,W1T247P0,1,ACT_ID,ASC
CISADM,W1_ACTIVITY_IDENTIFIER,W1T247P0,2,ACT_ID_TYPE_FLG,ASC
CISADM,W1_ACTIVITY_IDENTIFIER,W1T247S0,1,W1_ID_VALUE,ASC
CISADM,W1_ACTIVITY_IDENTIFIER,W1T247S0,2,ACT_ID_TYPE_FLG,ASC
CISADM,W1_ACTIVITY_IDENTIFIER,W1T247S1,1,ACT_ID_TYPE_FLG,ASC
CISADM,W1_ACTIVITY_IDENTIFIER,W1T247S1,2,SYS_NC00005$,ASC
CISADM,W1_ACTIVITY_K,W1T251P0,1,ACT_ID,ASC
CISADM,W1_ACTIVITY_K,W1T251P0,2,ENV_ID,ASC
CISADM,W1_ACTIVITY_LOG,W1T249P0,1,ACT_ID,ASC
CISADM,W1_ACTIVITY_LOG,W1T249P0,2,SEQNO,ASC
CISADM,W1_ACTIVITY_LOG,W1T249S1,1,CHAR_TYPE_CD,ASC
CISADM,W1_ACTIVITY_LOG,W1T249S1,2,CHAR_VAL_FK1,ASC
CISADM,W1_ACTIVITY_LOG,W1T249S2,1,CHAR_TYPE_CD,ASC
CISADM,W1_ACTIVITY_LOG,W1T249S2,2,CHAR_VAL,ASC
CISADM,W1_ACTIVITY_LOG_PARM,W1T250P0,1,ACT_ID,ASC
CISADM,W1_ACTIVITY_LOG_PARM,W1T250P0,2,SEQNO,ASC
CISADM,W1_ACTIVITY_LOG_PARM,W1T250P0,3,PARM_SEQ,ASC
CISADM,W1_ACTIVITY_MEASUREMENT_TYPE,W1T962P0,1,ACT_ID,ASC
CISADM,W1_ACTIVITY_MEASUREMENT_TYPE,W1T962P0,2,MEASUREMENT_TYPE_CD,ASC
CISADM,W1_ACTIVITY_NOTE,W1T368P0,1,ACT_ID,ASC
CISADM,W1_ACTIVITY_NOTE,W1T368P0,2,SEQNO,ASC
CISADM,W1_ACTIVITY_PLAN_SVC_HIST_TYPE,W1T526P0,1,ACT_ID,ASC
CISADM,W1_ACTIVITY_PLAN_SVC_HIST_TYPE,W1T526P0,2,SVC_HIST_TYPE_CD,ASC
CISADM,W1_ACTIVITY_PLAN_SVC_HIST_TYPE,W1T526S1,1,ACT_ID,ASC
CISADM,W1_ACTIVITY_PLAN_SVC_HIST_TYPE,W1T526S1,2,SVC_HIST_TYPE_REQ_FLG,ASC
CISADM,W1_ACTIVITY_REL_OBJ,W1T248P0,1,ACT_ID,ASC
CISADM,W1_ACTIVITY_REL_OBJ,W1T248P0,2,MAINT_OBJ_CD,ASC
CISADM,W1_ACTIVITY_REL_OBJ,W1T248P0,3,ACT_COMM_REL_OBJ_TYPE_FLG,ASC
CISADM,W1_ACTIVITY_REL_OBJ,W1T248S1,1,PK_VALUE1,ASC
CISADM,W1_ACTIVITY_REL_OBJ,W1T248S1,2,PK_VALUE2,ASC
CISADM,W1_ACTIVITY_REL_OBJ,W1T248S1,3,PK_VALUE3,ASC
CISADM,W1_ACTIVITY_REL_OBJ,W1T248S1,4,PK_VALUE4,ASC
CISADM,W1_ACTIVITY_REL_OBJ,W1T248S1,5,PK_VALUE5,ASC
CISADM,W1_ACTIVITY_REL_OBJ,W1T248S1,6,MAINT_OBJ_CD,ASC
CISADM,W1_ACTIVITY_TYPE,W1C237P0,1,ACT_TYPE_CD,ASC
CISADM,W1_ACTIVITY_TYPE,W1C237S2,1,ACT_BUS_OBJ_CD,ASC
CISADM,W1_ACTIVITY_TYPE,W1C237S3,1,CATEGORY_FLG,ASC
CISADM,W1_ACTIVITY_TYPE,W1C237S3,2,ACT_TYPE_CD,ASC
CISADM,W1_ACTIVITY_TYPE_ATTACHMENT,W1C241P0,1,ACT_TYPE_CD,ASC
CISADM,W1_ACTIVITY_TYPE_ATTACHMENT,W1C241P0,2,ACT_TYPE_ATT_REL_TYPE_FLG,ASC
CISADM,W1_ACTIVITY_TYPE_ATTACHMENT,W1C241P0,3,ATTACHMENT_ID,ASC
CISADM,W1_ACTIVITY_TYPE_CEVT_TYPE,W1C239P0,1,ACT_TYPE_CD,ASC
CISADM,W1_ACTIVITY_TYPE_CEVT_TYPE,W1C239P0,2,CMPL_EVT_TYPE_CD,ASC
CISADM,W1_ACTIVITY_TYPE_CHAR,W1C243P0,1,ACT_TYPE_CD,ASC
CISADM,W1_ACTIVITY_TYPE_CHAR,W1C243P0,2,CHAR_TYPE_CD,ASC
CISADM,W1_ACTIVITY_TYPE_CHAR,W1C243P0,3,SEQ_NUM,ASC
CISADM,W1_ACTIVITY_TYPE_CHAR,W1C243S1,1,SRCH_CHAR_VAL,ASC
CISADM,W1_ACTIVITY_TYPE_DOCUMENT,W1C610P0,1,ACT_TYPE_CD,ASC
CISADM,W1_ACTIVITY_TYPE_DOCUMENT,W1C610P0,2,ATTACHMENT_ID,ASC
CISADM,W1_ACTIVITY_TYPE_DOCUMENT,W1C610P0,3,DOCUMENT_ID,ASC
CISADM,W1_ACTIVITY_TYPE_IDENTIFIER,W1C242P0,1,ACT_TYPE_CD,ASC
CISADM,W1_ACTIVITY_TYPE_IDENTIFIER,W1C242P0,2,ACT_TYPE_ID_TYPE_FLG,ASC
CISADM,W1_ACTIVITY_TYPE_IDENTIFIER,W1C242S0,1,W1_ID_VALUE,ASC
CISADM,W1_ACTIVITY_TYPE_IDENTIFIER,W1C242S0,2,ACT_TYPE_ID_TYPE_FLG,ASC
CISADM,W1_ACTIVITY_TYPE_IDENTIFIER,W1C242S1,1,SYS_NC00006$,ASC
CISADM,W1_ACTIVITY_TYPE_IDENTIFIER,W1C242S1,2,ACT_TYPE_ID_TYPE_FLG,ASC
CISADM,W1_ACTIVITY_TYPE_L,W1C238P0,1,ACT_TYPE_CD,ASC
CISADM,W1_ACTIVITY_TYPE_L,W1C238P0,2,LANGUAGE_CD,ASC
CISADM,W1_ACTIVITY_TYPE_OUTMSG_TYPE,W1C240P0,1,ACT_TYPE_CD,ASC
CISADM,W1_ACTIVITY_TYPE_OUTMSG_TYPE,W1C240P0,2,OUTMSG_TYPE_CD,ASC
CISADM,W1_ACTIVITY_TYPE_OUTMSG_TYPE,W1C240P0,3,OUTMSG_USAGE_FLG,ASC
CISADM,W1_ACTIVITY_TYPE_RESRC_REQMT,W1C638P0,1,ACT_TYPE_CD,ASC
CISADM,W1_ACTIVITY_TYPE_RESRC_REQMT,W1C638P0,2,RESRC_TYPE_ID,ASC
CISADM,W1_ACTIVITY_TYPE_SERVICE_CLASS,W1C538P0,1,ACT_TYPE_CD,ASC
CISADM,W1_ACTIVITY_TYPE_SERVICE_CLASS,W1C538P0,2,SERVICE_CLASS_CD,ASC
CISADM,W1_ACT_CONSTR_LOC,W1T780P0,1,CONSTR_LOC_ID,ASC
CISADM,W1_ACT_CONSTR_LOC_CHAR,W1T783P0,1,CONSTR_LOC_ID,ASC
CISADM,W1_ACT_CONSTR_LOC_CHAR,W1T783P0,2,CHAR_TYPE_CD,ASC
CISADM,W1_ACT_CONSTR_LOC_CHAR,W1T783P0,3,SEQ_NUM,ASC
CISADM,W1_ACT_CONSTR_LOC_CHAR,W1T783S1,1,SRCH_CHAR_VAL,ASC
CISADM,W1_ACT_CONSTR_LOC_CU,W1T781P0,1,CONSTR_LOC_ID,ASC
CISADM,W1_ACT_CONSTR_LOC_CU,W1T781P0,2,CU_ID,ASC
CISADM,W1_ACT_CONSTR_LOC_CU,W1T781P0,3,SELECTED_CU_ID,ASC
CISADM,W1_ACT_CONSTR_LOC_CU_ASSET,W1T786P0,1,CONSTR_LOC_ID,ASC
CISADM,W1_ACT_CONSTR_LOC_CU_ASSET,W1T786P0,2,CU_ID,ASC
CISADM,W1_ACT_CONSTR_LOC_CU_ASSET,W1T786P0,3,SELECTED_CU_ID,ASC
CISADM,W1_ACT_CONSTR_LOC_CU_ASSET,W1T786P0,4,ASSET_ID,ASC
CISADM,W1_ACT_CONSTR_LOC_CU_ASSET,W1T786S1,1,ASSET_ID,ASC
CISADM,W1_ACT_CONSTR_LOC_CU_ASSET,W1T786S1,2,CONSTR_LOC_ID,ASC
CISADM,W1_ACT_CONSTR_LOC_K,W1T785P0,1,CONSTR_LOC_ID,ASC
CISADM,W1_ACT_CONSTR_LOC_K,W1T785P0,2,ENV_ID,ASC
CISADM,W1_ACT_RECON,W1T731P0,1,ACT_RECON_ID,ASC
CISADM,W1_ACT_RECON_CHAR,W1T734P0,1,ACT_RECON_ID,ASC
CISADM,W1_ACT_RECON_CHAR,W1T734P0,2,CHAR_TYPE_CD,ASC
CISADM,W1_ACT_RECON_CHAR,W1T734P0,3,SEQ_NUM,ASC
CISADM,W1_ACT_RECON_CHAR,W1T734S1,1,SRCH_CHAR_VAL,ASC
CISADM,W1_ACT_RECON_COST_CENTER,W1T732P0,1,ACT_RECON_ID,ASC
CISADM,W1_ACT_RECON_COST_CENTER,W1T732P0,2,COST_CENTER_CD,ASC
CISADM,W1_ACT_RECON_DOCUMENT,W1T745P0,1,ACT_RECON_ID,ASC
CISADM,W1_ACT_RECON_DOCUMENT,W1T745P0,2,ATTACHMENT_ID,ASC
CISADM,W1_ACT_RECON_DOCUMENT,W1T745P0,3,DOCUMENT_ID,ASC
CISADM,W1_ACT_RECON_IDENTIFIER,W1T782P0,1,ACT_RECON_ID,ASC
CISADM,W1_ACT_RECON_IDENTIFIER,W1T782P0,2,ACT_RECON_ID_TYPE_FLG,ASC
CISADM,W1_ACT_RECON_IDENTIFIER,W1T782S1,1,ACT_RECON_ID_TYPE_FLG,ASC
CISADM,W1_ACT_RECON_IDENTIFIER,W1T782S1,2,W1_ID_VALUE,ASC
CISADM,W1_ACT_RECON_K,W1T739P0,1,ACT_RECON_ID,ASC
CISADM,W1_ACT_RECON_K,W1T739P0,2,ENV_ID,ASC
CISADM,W1_ACT_RECON_LOG,W1T735P0,1,ACT_RECON_ID,ASC
CISADM,W1_ACT_RECON_LOG,W1T735P0,2,SEQNO,ASC
CISADM,W1_ACT_RECON_LOG,W1T735S1,1,CHAR_TYPE_CD,ASC
CISADM,W1_ACT_RECON_LOG,W1T735S1,2,CHAR_VAL_FK1,ASC
CISADM,W1_ACT_RECON_LOG,W1T735S2,1,CHAR_TYPE_CD,ASC
CISADM,W1_ACT_RECON_LOG,W1T735S2,2,CHAR_VAL,ASC
CISADM,W1_ACT_RECON_LOG_PARM,W1T736P0,1,ACT_RECON_ID,ASC
CISADM,W1_ACT_RECON_LOG_PARM,W1T736P0,2,SEQNO,ASC
CISADM,W1_ACT_RECON_LOG_PARM,W1T736P0,3,PARM_SEQ,ASC
CISADM,W1_ACT_RECON_NOTE,W1T738P0,1,ACT_RECON_ID,ASC
CISADM,W1_ACT_RECON_NOTE,W1T738P0,2,SEQNO,ASC
CISADM,W1_ACT_RECON_PROP_UNIT,W1T733P0,1,ACT_RECON_ID,ASC
CISADM,W1_ACT_RECON_PROP_UNIT,W1T733P0,2,CUSTOMER_CONTRIB_FLG,ASC
CISADM,W1_ACT_RECON_PROP_UNIT,W1T733P0,3,SEQNO,ASC
CISADM,W1_ACT_RESRC_REQMT,W1T370P0,1,ACT_RESRC_REQMT_ID,ASC
CISADM,W1_ACT_RESRC_REQMT,W1T370S1,1,BUS_OBJ_CD,ASC
CISADM,W1_ACT_RESRC_REQMT,W1T370S1,2,BO_STATUS_CD,ASC
CISADM,W1_ACT_RESRC_REQMT,W1T370S1,3,ACT_RESRC_REQMT_ID,ASC
CISADM,W1_ACT_RESRC_REQMT,W1T370S2,1,ACT_ID,ASC
CISADM,W1_ACT_RESRC_REQMT_CHAR,W1T374P0,1,ACT_RESRC_REQMT_ID,ASC
CISADM,W1_ACT_RESRC_REQMT_CHAR,W1T374P0,2,CHAR_TYPE_CD,ASC
CISADM,W1_ACT_RESRC_REQMT_CHAR,W1T374P0,3,SEQ_NUM,ASC
CISADM,W1_ACT_RESRC_REQMT_CHAR,W1T374S1,1,SRCH_CHAR_VAL,ASC
CISADM,W1_ACT_RESRC_REQMT_DOCUMENT,W1T373P0,1,ACT_RESRC_REQMT_ID,ASC
CISADM,W1_ACT_RESRC_REQMT_DOCUMENT,W1T373P0,2,ATTACHMENT_ID,ASC
CISADM,W1_ACT_RESRC_REQMT_DOCUMENT,W1T373P0,3,DOCUMENT_ID,ASC
CISADM,W1_ACT_RESRC_REQMT_DTL,W1T784P0,1,ACT_RESRC_REQMT_ID,ASC
CISADM,W1_ACT_RESRC_REQMT_DTL,W1T784P0,2,CONSTR_LOC_ID,ASC
CISADM,W1_ACT_RESRC_REQMT_DTL,W1T784P0,3,CU_ID,ASC
CISADM,W1_ACT_RESRC_REQMT_IDENTIFIER,W1T375P0,1,ACT_RESRC_REQMT_ID,ASC
CISADM,W1_ACT_RESRC_REQMT_IDENTIFIER,W1T375P0,2,ACT_RESRC_REQMT_ID_TYPE_FLG,ASC
CISADM,W1_ACT_RESRC_REQMT_IDENTIFIER,W1T375S0,1,W1_ID_VALUE,ASC
CISADM,W1_ACT_RESRC_REQMT_IDENTIFIER,W1T375S0,2,ACT_RESRC_REQMT_ID_TYPE_FLG,ASC
CISADM,W1_ACT_RESRC_REQMT_IDENTIFIER,W1T375S1,1,SYS_NC00005$,ASC
CISADM,W1_ACT_RESRC_REQMT_IDENTIFIER,W1T375S1,2,ACT_RESRC_REQMT_ID_TYPE_FLG,ASC
CISADM,W1_ACT_RESRC_REQMT_K,W1T371P0,1,ACT_RESRC_REQMT_ID,ASC
CISADM,W1_ACT_RESRC_REQMT_K,W1T371P0,2,ENV_ID,ASC
CISADM,W1_ACT_RESRC_REQMT_LOG,W1T376P0,1,ACT_RESRC_REQMT_ID,ASC
CISADM,W1_ACT_RESRC_REQMT_LOG,W1T376P0,2,SEQNO,ASC
CISADM,W1_ACT_RESRC_REQMT_LOG,W1T376S1,1,CHAR_TYPE_CD,ASC
CISADM,W1_ACT_RESRC_REQMT_LOG,W1T376S1,2,CHAR_VAL,ASC
CISADM,W1_ACT_RESRC_REQMT_LOG,W1T376S2,1,CHAR_TYPE_CD,ASC
CISADM,W1_ACT_RESRC_REQMT_LOG,W1T376S2,2,CHAR_VAL_FK1,ASC
CISADM,W1_ACT_RESRC_REQMT_LOG_PARM,W1T377P0,1,ACT_RESRC_REQMT_ID,ASC
CISADM,W1_ACT_RESRC_REQMT_LOG_PARM,W1T377P0,2,SEQNO,ASC
CISADM,W1_ACT_RESRC_REQMT_LOG_PARM,W1T377P0,3,PARM_SEQ,ASC
CISADM,W1_ACT_RESRC_REQMT_NOTE,W1T372P0,1,ACT_RESRC_REQMT_ID,ASC
CISADM,W1_ACT_RESRC_REQMT_NOTE,W1T372P0,2,SEQNO,ASC
CISADM,W1_ACT_TYPE_PLAN_SVC_HIST_TYPE,W1C007P0,1,ACT_TYPE_CD,ASC
CISADM,W1_ACT_TYPE_PLAN_SVC_HIST_TYPE,W1C007P0,2,SVC_HIST_TYPE_CD,ASC
CISADM,W1_ADJUSTMENT,W1C890P0,1,ADJUSTMENT_ID,ASC
CISADM,W1_ADJUSTMENT_CHAR,W1C892P0,1,ADJUSTMENT_ID,ASC
CISADM,W1_ADJUSTMENT_CHAR,W1C892P0,2,CHAR_TYPE_CD,ASC
CISADM,W1_ADJUSTMENT_CHAR,W1C892P0,3,SEQ_NUM,ASC
CISADM,W1_ADJUSTMENT_DOCUMENT,W1C895P0,1,ADJUSTMENT_ID,ASC
CISADM,W1_ADJUSTMENT_DOCUMENT,W1C895P0,2,DOCUMENT_ID,ASC
CISADM,W1_ADJUSTMENT_DOCUMENT,W1C895P0,3,ATTACHMENT_ID,ASC
CISADM,W1_ADJUSTMENT_DTL,W1C891P0,1,ADJUSTMENT_ID,ASC
CISADM,W1_ADJUSTMENT_DTL,W1C891P0,2,ACT_ID,ASC
CISADM,W1_ADJUSTMENT_DTL,W1C891P0,3,PRJ_ID,ASC
CISADM,W1_ADJUSTMENT_DTL,W1C891P0,4,COST_CENTER_CD,ASC
CISADM,W1_ADJUSTMENT_DTL,W1C891P0,5,EXPENSE_CD,ASC
CISADM,W1_ADJUSTMENT_IDENTIFIER,W1C893P0,1,ADJUSTMENT_ID,ASC
CISADM,W1_ADJUSTMENT_IDENTIFIER,W1C893P0,2,ADJUSTMENT_ID_TYPE_FLG,ASC
CISADM,W1_ADJUSTMENT_LOG,W1C896P0,1,ADJUSTMENT_ID,ASC
CISADM,W1_ADJUSTMENT_LOG,W1C896P0,2,SEQNO,ASC
CISADM,W1_ADJUSTMENT_LOG_PARM,W1C897P0,1,ADJUSTMENT_ID,ASC
CISADM,W1_ADJUSTMENT_LOG_PARM,W1C897P0,2,SEQNO,ASC
CISADM,W1_ADJUSTMENT_LOG_PARM,W1C897P0,3,PARM_SEQ,ASC
CISADM,W1_ADJUSTMENT_TYPE,W1889P0,1,ADJUSTMENT_TYPE_CD,ASC
CISADM,W1_ADJUSTMENT_TYPE_CHAR,W1C892S1,1,SRCH_CHAR_VAL,ASC
CISADM,W1_ADJUSTMENT_TYPE_CHAR,W1C900P0,1,ADJUSTMENT_TYPE_CD,ASC
CISADM,W1_ADJUSTMENT_TYPE_CHAR,W1C900P0,2,CHAR_TYPE_CD,ASC
CISADM,W1_ADJUSTMENT_TYPE_CHAR,W1C900P0,3,SEQ_NUM,ASC
CISADM,W1_ADJUSTMENT_TYPE_L,W1C899P0,1,ADJUSTMENT_TYPE_CD,ASC
CISADM,W1_ADJUSTMENT_TYPE_L,W1C899P0,2,LANGUAGE_CD,ASC
CISADM,W1_APPROVAL_PROF,W1C556P0,1,APPROVAL_PROF_CD,ASC
CISADM,W1_APPROVAL_PROF_CHAR,W1C559P0,1,APPROVAL_PROF_CD,ASC
CISADM,W1_APPROVAL_PROF_CHAR,W1C559P0,2,CHAR_TYPE_CD,ASC
CISADM,W1_APPROVAL_PROF_CHAR,W1C559P0,3,SEQ_NUM,ASC
CISADM,W1_APPROVAL_PROF_CHAR,W1C559S1,1,SRCH_CHAR_VAL,ASC
CISADM,W1_APPROVAL_PROF_IDENTIFIER,W1C560P0,1,APPROVAL_PROF_CD,ASC
CISADM,W1_APPROVAL_PROF_IDENTIFIER,W1C560P0,2,APPROVAL_PROF_ID_TYPE_FLG,ASC
CISADM,W1_APPROVAL_PROF_IDENTIFIER,W1C560S0,1,W1_ID_VALUE,ASC
CISADM,W1_APPROVAL_PROF_IDENTIFIER,W1C560S0,2,APPROVAL_PROF_ID_TYPE_FLG,ASC
CISADM,W1_APPROVAL_PROF_IDENTIFIER,W1C560S1,1,SYS_NC00005$,ASC
CISADM,W1_APPROVAL_PROF_IDENTIFIER,W1C560S1,2,APPROVAL_PROF_ID_TYPE_FLG,ASC
CISADM,W1_APPROVAL_PROF_L,W1C557P0,1,APPROVAL_PROF_CD,ASC
CISADM,W1_APPROVAL_PROF_L,W1C557P0,2,LANGUAGE_CD,ASC
CISADM,W1_APPROVAL_PROF_USER_GROUP,W1C558P0,1,APPROVAL_PROF_CD,ASC
CISADM,W1_APPROVAL_PROF_USER_GROUP,W1C558P0,2,USR_GRP_ID,ASC
CISADM,W1_APPROVAL_REQ,W1T291P0,1,APPROVAL_REQ_ID,ASC
CISADM,W1_APPROVAL_REQ,W1T291S1,1,APPROVAL_REQ_ID,ASC
CISADM,W1_APPROVAL_REQ,W1T291S1,2,APPROVAL_PROF_CD,ASC
CISADM,W1_APPROVAL_REQ,W1T291S2,1,BUS_OBJ_CD,ASC
CISADM,W1_APPROVAL_REQ,W1T291S2,2,BO_STATUS_CD,ASC
CISADM,W1_APPROVAL_REQ,W1T291S2,3,APPROVAL_REQ_ID,ASC
CISADM,W1_APPROVAL_REQ_APPROVER,W1T293P0,1,APPROVAL_REQ_ID,ASC
CISADM,W1_APPROVAL_REQ_APPROVER,W1T293P0,2,ROLE_ID,ASC
CISADM,W1_APPROVAL_REQ_CHAR,W1T295P0,1,APPROVAL_REQ_ID,ASC
CISADM,W1_APPROVAL_REQ_CHAR,W1T295P0,2,CHAR_TYPE_CD,ASC
CISADM,W1_APPROVAL_REQ_CHAR,W1T295P0,3,SEQ_NUM,ASC
CISADM,W1_APPROVAL_REQ_CHAR,W1T295S1,1,SRCH_CHAR_VAL,ASC
CISADM,W1_APPROVAL_REQ_IDENTIFIER,W1T294P0,1,APPROVAL_REQ_ID,ASC
CISADM,W1_APPROVAL_REQ_IDENTIFIER,W1T294P0,2,APPROVAL_REQ_ID_TYPE_FLG,ASC
CISADM,W1_APPROVAL_REQ_IDENTIFIER,W1T294S0,1,W1_ID_VALUE,ASC
CISADM,W1_APPROVAL_REQ_IDENTIFIER,W1T294S0,2,APPROVAL_REQ_ID_TYPE_FLG,ASC
CISADM,W1_APPROVAL_REQ_IDENTIFIER,W1T294S1,1,SYS_NC00005$,ASC
CISADM,W1_APPROVAL_REQ_IDENTIFIER,W1T294S1,2,APPROVAL_REQ_ID_TYPE_FLG,ASC
CISADM,W1_APPROVAL_REQ_K,W1T292P0,1,APPROVAL_REQ_ID,ASC
CISADM,W1_APPROVAL_REQ_K,W1T292P0,2,ENV_ID,ASC
CISADM,W1_APPROVAL_REQ_LOG,W1T296P0,1,APPROVAL_REQ_ID,ASC
CISADM,W1_APPROVAL_REQ_LOG,W1T296P0,2,SEQNO,ASC
CISADM,W1_APPROVAL_REQ_LOG_PARM,W1T297P0,1,APPROVAL_REQ_ID,ASC
CISADM,W1_APPROVAL_REQ_LOG_PARM,W1T297P0,2,SEQNO,ASC
CISADM,W1_APPROVAL_REQ_LOG_PARM,W1T297P0,3,PARM_SEQ,ASC
CISADM,W1_ASSESS_CLASS,W1C504P0,1,ASSESSMENT_CLASS_CD,ASC
CISADM,W1_ASSESS_CLASS,W1C504S1,1,BO_STATUS_CD,ASC
CISADM,W1_ASSESS_CLASS,W1C504S1,2,BUS_OBJ_CD,ASC
CISADM,W1_ASSESS_CLASS,W1C504S1,3,ASSESSMENT_CLASS_CD,ASC
CISADM,W1_ASSESS_CLASS_ASSESS_GRP,W1C507P0,1,ASSESSMENT_CLASS_CD,ASC
CISADM,W1_ASSESS_CLASS_ASSESS_GRP,W1C507P0,2,ASSESSMENT_GROUP_CD,ASC
CISADM,W1_ASSESS_CLASS_CHAR,W1C506P0,1,ASSESSMENT_CLASS_CD,ASC
CISADM,W1_ASSESS_CLASS_CHAR,W1C506P0,2,CHAR_TYPE_CD,ASC
CISADM,W1_ASSESS_CLASS_CHAR,W1C506P0,3,SEQ_NUM,ASC
CISADM,W1_ASSESS_CLASS_L,W1C505P0,1,ASSESSMENT_CLASS_CD,ASC
CISADM,W1_ASSESS_CLASS_L,W1C505P0,2,LANGUAGE_CD,ASC
CISADM,W1_ASSESS_CLASS_LOG,W1C683P0,1,ASSESSMENT_CLASS_CD,ASC
CISADM,W1_ASSESS_CLASS_LOG,W1C683P0,2,SEQNO,ASC
CISADM,W1_ASSESS_CLASS_LOG,W1C683S1,1,CHAR_TYPE_CD,ASC
CISADM,W1_ASSESS_CLASS_LOG,W1C683S1,2,CHAR_VAL_FK1,ASC
CISADM,W1_ASSESS_CLASS_LOG,W1C683S2,1,CHAR_TYPE_CD,ASC
CISADM,W1_ASSESS_CLASS_LOG,W1C683S2,2,CHAR_VAL,ASC
CISADM,W1_ASSESS_CLASS_LOG_PARM,W1C684P0,1,ASSESSMENT_CLASS_CD,ASC
CISADM,W1_ASSESS_CLASS_LOG_PARM,W1C684P0,2,SEQNO,ASC
CISADM,W1_ASSESS_CLASS_LOG_PARM,W1C684P0,3,PARM_SEQ,ASC
CISADM,W1_ASSESS_GRP,W1C508P0,1,ASSESSMENT_GROUP_CD,ASC
CISADM,W1_ASSESS_GRP_AGING_FACTOR,W1C512P0,1,ASSESSMENT_GROUP_CD,ASC
CISADM,W1_ASSESS_GRP_AGING_FACTOR,W1C512P0,2,SEQ_NUM,ASC
CISADM,W1_ASSESS_GRP_CHAR,W1C510P0,1,ASSESSMENT_GROUP_CD,ASC
CISADM,W1_ASSESS_GRP_CHAR,W1C510P0,2,CHAR_TYPE_CD,ASC
CISADM,W1_ASSESS_GRP_CHAR,W1C510P0,3,SEQ_NUM,ASC
CISADM,W1_ASSESS_GRP_L,W1C509P0,1,ASSESSMENT_GROUP_CD,ASC
CISADM,W1_ASSESS_GRP_L,W1C509P0,2,LANGUAGE_CD,ASC
CISADM,W1_ASSESS_GRP_SVC_HIST_TYPE,W1C511P0,1,ASSESSMENT_GROUP_CD,ASC
CISADM,W1_ASSESS_GRP_SVC_HIST_TYPE,W1C511P0,2,SVC_HIST_TYPE_CD,ASC
CISADM,W1_ASSET,W1M007P0,1,ASSET_ID,ASC
CISADM,W1_ASSET,W1M007S1,1,FINAL_DTTM,ASC
CISADM,W1_ASSET,W1M007S1,2,ASSET_ID,ASC
CISADM,W1_ASSET,W1M007S2,1,ASSET_TYPE_CD,ASC
CISADM,W1_ASSET,W1M007S2,2,ASSET_ID,ASC
CISADM,W1_ASSET,W1M007S3,1,BUS_OBJ_CD,ASC
CISADM,W1_ASSET,W1M007S3,2,BO_STATUS_CD,ASC
CISADM,W1_ASSET,W1M007S3,3,ASSET_ID,ASC
CISADM,W1_ASSET,W1M007S4,1,ASSET_COND_FLG,ASC
CISADM,W1_ASSET,W1M007S4,2,ASSET_ID,ASC
CISADM,W1_ASSET,W1M007S5,1,ACT_ID,ASC
CISADM,W1_ASSET,W1M007S6,1,SPECIFICATION_CD,ASC
CISADM,W1_ASSET,W1M007S6,2,ASSET_ID,ASC
CISADM,W1_ASSET,W1M007S7,1,SPECIFICATION_CD,ASC
CISADM,W1_ASSET,W1M007S8,1,MAINT_SPEC_CD,ASC
CISADM,W1_ASSET_ATTACHMENT,W1M009P0,1,ASSET_ID,ASC
CISADM,W1_ASSET_ATTACHMENT,W1M009P0,2,ASSET_ATT_REL_TYPE_FLG,ASC
CISADM,W1_ASSET_ATTACHMENT,W1M009P0,3,ATTACHMENT_ID,ASC
CISADM,W1_ASSET_ATTRIBUTE,W1T843P0,1,ASSET_ID,ASC
CISADM,W1_ASSET_ATTRIBUTE,W1T843P0,2,CHAR_TYPE_CD,ASC
CISADM,W1_ASSET_ATTRIBUTE,W1T843P0,3,SEQ_NUM,ASC
CISADM,W1_ASSET_ATTRIBUTE,W1T843S1,1,SRCH_CHAR_VAL,ASC
CISADM,W1_ASSET_ATTRIBUTE,W1T843S2,1,CHAR_TYPE_CD,ASC
CISADM,W1_ASSET_ATTRIBUTE,W1T843S3,1,CHAR_TYPE_CD,ASC
CISADM,W1_ASSET_ATTRIBUTE,W1T843S3,2,CHAR_VAL,ASC
CISADM,W1_ASSET_ATTRIBUTE,W1T843S4,1,CHAR_TYPE_CD,ASC
CISADM,W1_ASSET_ATTRIBUTE,W1T843S4,2,ADHOC_CHAR_VAL,ASC
CISADM,W1_ASSET_CHAR,W1M015P0,1,ASSET_ID,ASC
CISADM,W1_ASSET_CHAR,W1M015P0,2,CHAR_TYPE_CD,ASC
CISADM,W1_ASSET_CHAR,W1M015P0,3,EFFDT,ASC
CISADM,W1_ASSET_CHAR,W1M015S1,1,SRCH_CHAR_VAL,ASC
CISADM,W1_ASSET_CHAR2,W1T518P0,1,ASSET_ID,ASC
CISADM,W1_ASSET_CHAR2,W1T518P0,2,CHAR_TYPE_CD,ASC
CISADM,W1_ASSET_CHAR2,W1T518P0,3,SEQ_NUM,ASC
CISADM,W1_ASSET_DOCUMENT,W1M586P0,1,ASSET_ID,ASC
CISADM,W1_ASSET_DOCUMENT,W1M586P0,2,ATTACHMENT_ID,ASC
CISADM,W1_ASSET_DOCUMENT,W1M586P0,3,DOCUMENT_ID,ASC
CISADM,W1_ASSET_EMPLOYEE,W1M510P0,1,ASSET_ID,ASC
CISADM,W1_ASSET_EMPLOYEE,W1M510P0,2,EMPLOYEE_ID,ASC
CISADM,W1_ASSET_EMPLOYEE,W1M510S1,1,ASSET_ID,ASC
CISADM,W1_ASSET_EMPLOYEE,W1M510S1,2,ASSET_EMP_REL_TYPE_FLG,ASC
CISADM,W1_ASSET_EMPLOYEE,W1M510S1,3,EMPLOYEE_ID,ASC
CISADM,W1_ASSET_IDENTIFIER,W1M014P0,1,ASSET_ID,ASC
CISADM,W1_ASSET_IDENTIFIER,W1M014P0,2,ASSET_ID_TYPE_FLG,ASC
CISADM,W1_ASSET_IDENTIFIER,W1M014S0,1,W1_ID_VALUE,ASC
CISADM,W1_ASSET_IDENTIFIER,W1M014S0,2,ASSET_ID_TYPE_FLG,ASC
CISADM,W1_ASSET_IDENTIFIER,W1M014S1,1,SYS_NC00005$,ASC
CISADM,W1_ASSET_IDENTIFIER,W1M014S1,2,ASSET_ID_TYPE_FLG,ASC
CISADM,W1_ASSET_K,W1M011P0,1,ASSET_ID,ASC
CISADM,W1_ASSET_K,W1M011P0,2,ENV_ID,ASC
CISADM,W1_ASSET_LOG,W1M016P0,1,ASSET_ID,ASC
CISADM,W1_ASSET_LOG,W1M016P0,2,SEQNO,ASC
CISADM,W1_ASSET_LOG_PARM,W1M017P0,1,ASSET_ID,ASC
CISADM,W1_ASSET_LOG_PARM,W1M017P0,2,SEQNO,ASC
CISADM,W1_ASSET_LOG_PARM,W1M017P0,3,PARM_SEQ,ASC
CISADM,W1_ASSET_MAINT_TRIGGER_FCST,W1M704P0,1,ASSET_ID,ASC
CISADM,W1_ASSET_MAINT_TRIGGER_FCST,W1M704P0,2,MAINT_TRIGGER_ID,ASC
CISADM,W1_ASSET_MAINT_TRIGGER_FCST,W1M704P0,3,FORECAST_DT,ASC
CISADM,W1_ASSET_MEASUREMENT_TYPE,W1M499P0,1,ASSET_ID,ASC
CISADM,W1_ASSET_MEASUREMENT_TYPE,W1M499P0,2,MEASUREMENT_TYPE_CD,ASC
CISADM,W1_ASSET_NODE,W1M008P0,1,ASSET_ID,ASC
CISADM,W1_ASSET_NODE,W1M008P0,2,EFF_DTTM,ASC
CISADM,W1_ASSET_NODE,W1M008S3,1,CURR_ASSET_ID,ASC
CISADM,W1_ASSET_NODE,W1M008S4,1,CURR_NODE_ID,ASC
CISADM,W1_ASSET_NODE,W1M008S5,1,CURR_ATTCH_TO_ASSET_ID,ASC
CISADM,W1_ASSET_NODE,W1M008S7,1,NODE_ID,ASC
CISADM,W1_ASSET_NODE,W1M008S8,1,ACT_ID,ASC
CISADM,W1_ASSET_NOTE,W1M585P0,1,ASSET_ID,ASC
CISADM,W1_ASSET_NOTE,W1M585P0,2,SEQNO,ASC
CISADM,W1_ASSET_NOTE,W1M585P0,3,NOTE_TYPE_FLG,ASC
CISADM,W1_ASSET_TYPE,W1C002P0,1,ASSET_TYPE_CD,ASC
CISADM,W1_ASSET_TYPE,W1T144S1,1,ASSET_CLASS_FLG,ASC
CISADM,W1_ASSET_TYPE,W1T144S1,2,ASSET_TYPE_CD,ASC
CISADM,W1_ASSET_TYPE_ATTRIBUTE,W1C006P0,1,ASSET_TYPE_CD,ASC
CISADM,W1_ASSET_TYPE_ATTRIBUTE,W1C006P0,2,CHAR_TYPE_CD,ASC
CISADM,W1_ASSET_TYPE_CHAR,W1C005P0,1,ASSET_TYPE_CD,ASC
CISADM,W1_ASSET_TYPE_CHAR,W1C005P0,2,CHAR_TYPE_CD,ASC
CISADM,W1_ASSET_TYPE_CHAR,W1C005P0,3,SEQ_NUM,ASC
CISADM,W1_ASSET_TYPE_CHAR,W1C005S1,1,SRCH_CHAR_VAL,ASC
CISADM,W1_ASSET_TYPE_L,W1C003P0,1,ASSET_TYPE_CD,ASC
CISADM,W1_ASSET_TYPE_L,W1C003P0,2,LANGUAGE_CD,ASC
CISADM,W1_ASSET_TYPE_NODE_TYPE,W1C004P0,1,ASSET_TYPE_CD,ASC
CISADM,W1_ASSET_TYPE_NODE_TYPE,W1C004P0,2,ASSET_DPOS_FLG,ASC
CISADM,W1_ASSET_TYPE_NODE_TYPE,W1C004P0,3,NODE_TYPE_CD,ASC
CISADM,W1_ASSET_TYPE_NODE_TYPE,W1C004P0,4,ATTCH_TO_ASSET_TYPE_CD,ASC
CISADM,W1_ASSET_TYPE_STATS,W1C650P0,1,ASSET_TYPE_CD,ASC
CISADM,W1_ASSET_TYPE_STATS,W1C650P0,2,SERVICE_CLASS_CD,ASC
CISADM,W1_ASSET_TYPE_STATS_CHAR,W1C651P0,1,ASSET_TYPE_CD,ASC
CISADM,W1_ASSET_TYPE_STATS_CHAR,W1C651P0,2,SERVICE_CLASS_CD,ASC
CISADM,W1_ASSET_TYPE_STATS_CHAR,W1C651P0,3,CHAR_TYPE_CD,ASC
CISADM,W1_ASSET_TYPE_STATS_CHAR,W1C651P0,4,SEQ_NUM,ASC
CISADM,W1_ASSET_TYPE_STATS_CHAR,W1C651S1,1,SRCH_CHAR_VAL,ASC
CISADM,W1_ASSET_TYPE_SVC_HIST_TYPE,W1C018P0,1,ASSET_TYPE_CD,ASC
CISADM,W1_ASSET_TYPE_SVC_HIST_TYPE,W1C018P0,2,SVC_HIST_TYPE_CD,ASC
CISADM,W1_BC_ACCESS_LIST,W1C634P0,1,BC_ACCESS_LIST_CD,ASC
CISADM,W1_BC_ACCESS_LIST_CHAR,W1C636P0,1,BC_ACCESS_LIST_CD,ASC
CISADM,W1_BC_ACCESS_LIST_CHAR,W1C636P0,2,CHAR_TYPE_CD,ASC
CISADM,W1_BC_ACCESS_LIST_CHAR,W1C636P0,3,SEQ_NUM,ASC
CISADM,W1_BC_ACCESS_LIST_CHAR,W1C636S1,1,SRCH_CHAR_VAL,ASC
CISADM,W1_BC_ACCESS_LIST_L,W1C637P0,1,BC_ACCESS_LIST_CD,ASC
CISADM,W1_BC_ACCESS_LIST_L,W1C637P0,2,LANGUAGE_CD,ASC
CISADM,W1_BC_ACCESS_LIST_USER,W1C635P0,1,BC_ACCESS_LIST_CD,ASC
CISADM,W1_BC_ACCESS_LIST_USER,W1C635P0,2,USER_ID,ASC
CISADM,W1_BC_HEADER,W1T346P0,1,BC_HEADER_ID,ASC
CISADM,W1_BC_HEADER,W1T346S1,1,BC_NUM,ASC
CISADM,W1_BC_HEADER,W1T346S2,1,W1_DESCR100_UPR,ASC
CISADM,W1_BC_HEADER,W1T346S3,1,BUS_OBJ_CD,ASC
CISADM,W1_BC_HEADER,W1T346S3,2,BO_STATUS_CD,ASC
CISADM,W1_BC_HEADER,W1T346S3,3,BC_HEADER_ID,ASC
CISADM,W1_BC_HEADER_CHAR,W1T350P0,1,BC_HEADER_ID,ASC
CISADM,W1_BC_HEADER_CHAR,W1T350P0,2,CHAR_TYPE_CD,ASC
CISADM,W1_BC_HEADER_CHAR,W1T350P0,3,SEQ_NUM,ASC
CISADM,W1_BC_HEADER_CHAR,W1T350S1,1,SRCH_CHAR_VAL,ASC
CISADM,W1_BC_HEADER_DOCUMENT,W1T354P0,1,BC_HEADER_ID,ASC
CISADM,W1_BC_HEADER_DOCUMENT,W1T354P0,2,ATTACHMENT_ID,ASC
CISADM,W1_BC_HEADER_DOCUMENT,W1T354P0,3,DOCUMENT_ID,ASC
CISADM,W1_BC_HEADER_IDENTIFIER,W1T349P0,1,BC_HEADER_ID,ASC
CISADM,W1_BC_HEADER_IDENTIFIER,W1T349P0,2,BC_HEADER_ID_TYPE_FLG,ASC
CISADM,W1_BC_HEADER_IDENTIFIER,W1T349S0,1,W1_ID_VALUE,ASC
CISADM,W1_BC_HEADER_IDENTIFIER,W1T349S0,2,BC_HEADER_ID_TYPE_FLG,ASC
CISADM,W1_BC_HEADER_IDENTIFIER,W1T349S1,1,SYS_NC00005$,ASC
CISADM,W1_BC_HEADER_IDENTIFIER,W1T349S1,2,BC_HEADER_ID_TYPE_FLG,ASC
CISADM,W1_BC_HEADER_K,W1T347P0,1,BC_HEADER_ID,ASC
CISADM,W1_BC_HEADER_K,W1T347P0,2,ENV_ID,ASC
CISADM,W1_BC_HEADER_LOG,W1T351P0,1,BC_HEADER_ID,ASC
CISADM,W1_BC_HEADER_LOG,W1T351P0,2,SEQNO,ASC
CISADM,W1_BC_HEADER_LOG,W1T351S1,1,CHAR_TYPE_CD,ASC
CISADM,W1_BC_HEADER_LOG,W1T351S1,2,CHAR_VAL,ASC
CISADM,W1_BC_HEADER_LOG,W1T351S2,1,CHAR_TYPE_CD,ASC
CISADM,W1_BC_HEADER_LOG,W1T351S2,2,CHAR_VAL_FK1,ASC
CISADM,W1_BC_HEADER_LOG_PARM,W1T352P0,1,BC_HEADER_ID,ASC
CISADM,W1_BC_HEADER_LOG_PARM,W1T352P0,2,SEQNO,ASC
CISADM,W1_BC_HEADER_LOG_PARM,W1T352P0,3,PARM_SEQ,ASC
CISADM,W1_BC_HEADER_NOTE,W1T353P0,1,BC_HEADER_ID,ASC
CISADM,W1_BC_HEADER_NOTE,W1T353P0,2,SEQNO,ASC
CISADM,W1_BC_LINE,W1T355P0,1,BC_LINE_ID,ASC
CISADM,W1_BC_LINE,W1T355S1,1,BUS_OBJ_CD,ASC
CISADM,W1_BC_LINE,W1T355S1,2,BO_STATUS_CD,ASC
CISADM,W1_BC_LINE,W1T355S1,3,BC_LINE_ID,ASC
CISADM,W1_BC_LINE,W1T355S2,1,BC_HEADER_ID,ASC
CISADM,W1_BC_LINE,W1T355S2,2,BC_LINE_ID,ASC
CISADM,W1_BC_LINE,W1T355S3,1,BC_HEADER_ID,ASC
CISADM,W1_BC_LINE,W1T355S3,2,RESRC_TYPE_ID,ASC
CISADM,W1_BC_LINE,W1T355S3,3,BC_LINE_ID,ASC
CISADM,W1_BC_LINE_CHAR,W1T359P0,1,BC_LINE_ID,ASC
CISADM,W1_BC_LINE_CHAR,W1T359P0,2,CHAR_TYPE_CD,ASC
CISADM,W1_BC_LINE_CHAR,W1T359P0,3,SEQ_NUM,ASC
CISADM,W1_BC_LINE_CHAR,W1T359S1,1,SRCH_CHAR_VAL,ASC
CISADM,W1_BC_LINE_DOCUMENT,W1T362P0,1,BC_LINE_ID,ASC
CISADM,W1_BC_LINE_DOCUMENT,W1T362P0,2,ATTACHMENT_ID,ASC
CISADM,W1_BC_LINE_DOCUMENT,W1T362P0,3,DOCUMENT_ID,ASC
CISADM,W1_BC_LINE_K,W1T356P0,1,BC_LINE_ID,ASC
CISADM,W1_BC_LINE_K,W1T356P0,2,ENV_ID,ASC
CISADM,W1_BC_LINE_LOG,W1T360P0,1,BC_LINE_ID,ASC
CISADM,W1_BC_LINE_LOG,W1T360P0,2,SEQNO,ASC
CISADM,W1_BC_LINE_LOG,W1T360S1,1,CHAR_TYPE_CD,ASC
CISADM,W1_BC_LINE_LOG,W1T360S1,2,CHAR_VAL,ASC
CISADM,W1_BC_LINE_LOG,W1T360S2,1,CHAR_TYPE_CD,ASC
CISADM,W1_BC_LINE_LOG,W1T360S2,2,CHAR_VAL_FK1,ASC
CISADM,W1_BC_LINE_LOG_PARM,W1T361P0,1,BC_LINE_ID,ASC
CISADM,W1_BC_LINE_LOG_PARM,W1T361P0,2,SEQNO,ASC
CISADM,W1_BC_LINE_LOG_PARM,W1T361P0,3,PARM_SEQ,ASC
CISADM,W1_BC_LINE_MFR,W1T358P0,1,BC_LINE_ID,ASC
CISADM,W1_BC_LINE_MFR,W1T358P0,2,W1_MANUFACTURER_CD,ASC
CISADM,W1_BC_LINE_MFR,W1T358P0,3,MANUFACTURER_PART_NO,ASC
CISADM,W1_BKT_CONFIG,W1C499P0,1,BKT_CONFIG_CD,ASC
CISADM,W1_BKT_CONFIG_L,W1C500P0,1,BKT_CONFIG_CD,ASC
CISADM,W1_BKT_CONFIG_L,W1C500P0,2,LANGUAGE_CD,ASC
CISADM,W1_BKT_CONFIG_REL_OBJ,W1C501P0,1,BKT_CONFIG_CD,ASC
CISADM,W1_BKT_CONFIG_REL_OBJ,W1C501P0,2,MAINT_OBJ_CD,ASC
CISADM,W1_BKT_CONFIG_VAL,W1C502P0,1,BKT_CONFIG_CD,ASC
CISADM,W1_BKT_CONFIG_VAL,W1C502P0,2,SEQ_NUM,ASC
CISADM,W1_BKT_CONFIG_VAL_L,W1C503P0,1,BKT_CONFIG_CD,ASC
CISADM,W1_BKT_CONFIG_VAL_L,W1C503P0,2,SEQ_NUM,ASC
CISADM,W1_BKT_CONFIG_VAL_L,W1C503P0,3,LANGUAGE_CD,ASC
CISADM,W1_BOM_ASSEMBLY,W1M534P0,1,PRNT_BOM_PART_ID,ASC
CISADM,W1_BOM_ASSEMBLY,W1M534P0,2,CHILD_BOM_PART_ID,ASC
CISADM,W1_BOM_ASSEMBLY,W1M534P0,3,SEQ_NUM,ASC
CISADM,W1_BOM_CHAR,W1C555P0,1,BOM_PART_ID,ASC
CISADM,W1_BOM_CHAR,W1C555P0,2,CHAR_TYPE_CD,ASC
CISADM,W1_BOM_CHAR,W1C555P0,3,SEQ_NUM,ASC
CISADM,W1_BOM_DOCUMENT,W1M711P0,1,BOM_PART_ID,ASC
CISADM,W1_BOM_DOCUMENT,W1M711P0,2,ATTACHMENT_ID,ASC
CISADM,W1_BOM_DOCUMENT,W1M711P0,3,DOCUMENT_ID,ASC
CISADM,W1_BOM_IDENTIFIER,W1C554P0,1,BOM_PART_ID,ASC
CISADM,W1_BOM_IDENTIFIER,W1C554P0,2,BOM_ID_TYPE_FLG,ASC
CISADM,W1_BOM_K,W1M533P0,1,BOM_PART_ID,ASC
CISADM,W1_BOM_K,W1M533P0,2,ENV_ID,ASC
CISADM,W1_BOM_NOTE,W1M552P0,1,BOM_PART_ID,ASC
CISADM,W1_BOM_NOTE,W1M552P0,2,SEQNO,ASC
CISADM,W1_BOM_PART,W1M532P0,1,BOM_PART_ID,ASC
CISADM,W1_BOM_PART,W1M532S1,1,BUS_OBJ_CD,ASC
CISADM,W1_BOM_PART,W1M532S1,2,BO_STATUS_CD,ASC
CISADM,W1_BOM_PART,W1M532S1,3,BOM_PART_ID,ASC
CISADM,W1_BUSINESS_UNIT,W1C628P0,1,BUSINESS_UNIT_CD,ASC
CISADM,W1_BUSINESS_UNIT_CHAR,W1C630P0,1,BUSINESS_UNIT_CD,ASC
CISADM,W1_BUSINESS_UNIT_CHAR,W1C630P0,2,CHAR_TYPE_CD,ASC
CISADM,W1_BUSINESS_UNIT_CHAR,W1C630P0,3,SEQ_NUM,ASC
CISADM,W1_BUSINESS_UNIT_CHAR,W1C630S1,1,SRCH_CHAR_VAL,ASC
CISADM,W1_BUSINESS_UNIT_L,W1C629P0,1,BUSINESS_UNIT_CD,ASC
CISADM,W1_BUSINESS_UNIT_L,W1C629P0,2,LANGUAGE_CD,ASC
CISADM,W1_BUYER,W1C675P0,1,BUYER_CD,ASC
CISADM,W1_BUYER_CHAR,W1C678P0,1,BUYER_CD,ASC
CISADM,W1_BUYER_CHAR,W1C678P0,2,CHAR_TYPE_CD,ASC
CISADM,W1_BUYER_CHAR,W1C678P0,3,SEQ_NUM,ASC
CISADM,W1_BUYER_CHAR,W1C678S1,1,SRCH_CHAR_VAL,ASC
CISADM,W1_BUYER_EMAIL,W1C680P0,1,BUYER_CD,ASC
CISADM,W1_BUYER_EMAIL,W1C680P0,2,SEQNO,ASC
CISADM,W1_BUYER_EMAIL,W1C680S1,1,BUYER_CD,ASC
CISADM,W1_BUYER_EMAIL,W1C680S1,2,W1_EMAIL_TYPE_FLG,ASC
CISADM,W1_BUYER_IDENTIFIER,W1C677P0,1,BUYER_CD,ASC
CISADM,W1_BUYER_IDENTIFIER,W1C677P0,2,BUYER_ID_TYPE_FLG,ASC
CISADM,W1_BUYER_IDENTIFIER,W1C677S0,1,W1_ID_VALUE,ASC
CISADM,W1_BUYER_IDENTIFIER,W1C677S0,2,BUYER_ID_TYPE_FLG,ASC
CISADM,W1_BUYER_IDENTIFIER,W1C677S1,1,SYS_NC00005$,ASC
CISADM,W1_BUYER_IDENTIFIER,W1C677S1,2,BUYER_ID_TYPE_FLG,ASC
CISADM,W1_BUYER_L,W1C676P0,1,BUYER_CD,ASC
CISADM,W1_BUYER_L,W1C676P0,2,LANGUAGE_CD,ASC
CISADM,W1_BUYER_LOG,W1C681P0,1,BUYER_CD,ASC
CISADM,W1_BUYER_LOG,W1C681P0,2,SEQNO,ASC
CISADM,W1_BUYER_LOG,W1C681S1,1,CHAR_TYPE_CD,ASC
CISADM,W1_BUYER_LOG,W1C681S1,2,CHAR_VAL_FK1,ASC
CISADM,W1_BUYER_LOG,W1C681S2,1,CHAR_TYPE_CD,ASC
CISADM,W1_BUYER_LOG,W1C681S2,2,CHAR_VAL,ASC
CISADM,W1_BUYER_LOG_PARM,W1C682P0,1,BUYER_CD,ASC
CISADM,W1_BUYER_LOG_PARM,W1C682P0,2,SEQNO,ASC
CISADM,W1_BUYER_LOG_PARM,W1C682P0,3,PARM_SEQ,ASC
CISADM,W1_BUYER_PHONE,W1C679P0,1,BUYER_CD,ASC
CISADM,W1_BUYER_PHONE,W1C679P0,2,SEQNO,ASC
CISADM,W1_BUYER_PHONE,W1C679S1,1,BUYER_CD,ASC
CISADM,W1_BUYER_PHONE,W1C679S1,2,PHONE_TYPE_FLG,ASC
CISADM,W1_CALENDAR,W1C545P0,1,W1_CALENDAR_CD,ASC
CISADM,W1_CALENDAR_CHAR,W1C546P0,1,W1_CALENDAR_CD,ASC
CISADM,W1_CALENDAR_CHAR,W1C546P0,2,CHAR_TYPE_CD,ASC
CISADM,W1_CALENDAR_CHAR,W1C546P0,3,SEQ_NUM,ASC
CISADM,W1_CALENDAR_CHAR,W1C546S1,1,SEARCH_CHAR_VAL,ASC
CISADM,W1_CALENDAR_L,W1C547P0,1,W1_CALENDAR_CD,ASC
CISADM,W1_CALENDAR_L,W1C547P0,2,LANGUAGE_CD,ASC
CISADM,W1_CALENDAR_PERIOD,W1C548P0,1,W1_CALENDAR_CD,ASC
CISADM,W1_CALENDAR_PERIOD,W1C548P0,2,W1_FISCAL_YEAR,ASC
CISADM,W1_CALENDAR_PERIOD,W1C548P0,3,ACCTG_PERIOD,ASC
CISADM,W1_CALENDAR_PERIOD_L,W1C549P0,1,W1_CALENDAR_CD,ASC
CISADM,W1_CALENDAR_PERIOD_L,W1C549P0,2,W1_FISCAL_YEAR,ASC
CISADM,W1_CALENDAR_PERIOD_L,W1C549P0,3,ACCTG_PERIOD,ASC
CISADM,W1_CALENDAR_PERIOD_L,W1C549P0,4,LANGUAGE_CD,ASC
CISADM,W1_CAPABILITY_TYPE,W1C641P0,1,CAPABILITY_TYPE_CD,ASC
CISADM,W1_CAPABILITY_TYPE_CHAR,W1C643P0,1,CAPABILITY_TYPE_CD,ASC
CISADM,W1_CAPABILITY_TYPE_CHAR,W1C643P0,2,CHAR_TYPE_CD,ASC
CISADM,W1_CAPABILITY_TYPE_CHAR,W1C643P0,3,SEQ_NUM,ASC
CISADM,W1_CAPABILITY_TYPE_CHAR,W1C643S1,1,SRCH_CHAR_VAL,ASC
CISADM,W1_CAPABILITY_TYPE_L,W1C642P0,1,CAPABILITY_TYPE_CD,ASC
CISADM,W1_CAPABILITY_TYPE_L,W1C642P0,2,LANGUAGE_CD,ASC
CISADM,W1_CHANGE_REQ,W1T936P0,1,CHANGE_REQ_ID,ASC
CISADM,W1_CHANGE_REQ,W1T936S1,1,BUS_OBJ_CD,ASC
CISADM,W1_CHANGE_REQ,W1T936S1,2,BO_STATUS_CD,ASC
CISADM,W1_CHANGE_REQ,W1T936S1,3,CHANGE_REQ_ID,ASC
CISADM,W1_CHANGE_REQ,W1T936S2,1,CHANGE_REQ_NUM,ASC
CISADM,W1_CHANGE_REQ,W1T936S2,2,CHANGE_REQ_ID,ASC
CISADM,W1_CHANGE_REQ,W1T936S3,1,CHANGE_REQ_TYPE_CD,ASC
CISADM,W1_CHANGE_REQ,W1T936S3,2,CHANGE_REQ_ID,ASC
CISADM,W1_CHANGE_REQ,W1T936S4,1,MAINT_OBJ_CD,ASC
CISADM,W1_CHANGE_REQ,W1T936S4,2,PK_VALUE1,ASC
CISADM,W1_CHANGE_REQ,W1T936S4,3,CHANGE_REQ_ID,ASC
CISADM,W1_CHANGE_REQ,W1T936S5,1,FINAL_DTTM,ASC
CISADM,W1_CHANGE_REQ,W1T936S5,2,CHANGE_REQ_ID,ASC
CISADM,W1_CHANGE_REQ,W1T936S6,1,W1_DESCR100_UPR,ASC
CISADM,W1_CHANGE_REQ,W1T936S6,2,REQUESTOR_ID,ASC
CISADM,W1_CHANGE_REQ_APPR_PROF,W1C935P0,1,CHANGE_REQ_TYPE_CD,ASC
CISADM,W1_CHANGE_REQ_APPR_PROF,W1C935P0,2,APPROVAL_PROF_CD,ASC
CISADM,W1_CHANGE_REQ_CHAR,W1T937P0,1,CHANGE_REQ_ID,ASC
CISADM,W1_CHANGE_REQ_CHAR,W1T937P0,2,CHAR_TYPE_CD,ASC
CISADM,W1_CHANGE_REQ_CHAR,W1T937P0,3,SEQ_NUM,ASC
CISADM,W1_CHANGE_REQ_CHAR,W1T937S1,1,SRCH_CHAR_VAL,ASC
CISADM,W1_CHANGE_REQ_DOCUMENT,W1T940P0,1,CHANGE_REQ_ID,ASC
CISADM,W1_CHANGE_REQ_DOCUMENT,W1T940P0,2,ATTACHMENT_ID,ASC
CISADM,W1_CHANGE_REQ_DOCUMENT,W1T940P0,3,DOCUMENT_ID,ASC
CISADM,W1_CHANGE_REQ_K,W1T941P0,1,CHANGE_REQ_ID,ASC
CISADM,W1_CHANGE_REQ_K,W1T941P0,2,ENV_ID,ASC
CISADM,W1_CHANGE_REQ_LOG,W1T938P0,1,CHANGE_REQ_ID,ASC
CISADM,W1_CHANGE_REQ_LOG,W1T938P0,2,SEQNO,ASC
CISADM,W1_CHANGE_REQ_LOG,W1T938S1,1,CHAR_TYPE_CD,ASC
CISADM,W1_CHANGE_REQ_LOG,W1T938S1,2,CHAR_VAL_FK1,ASC
CISADM,W1_CHANGE_REQ_LOG,W1T938S2,1,CHAR_TYPE_CD,ASC
CISADM,W1_CHANGE_REQ_LOG,W1T938S2,2,CHAR_VAL,ASC
CISADM,W1_CHANGE_REQ_LOG_PARM,W1T939P0,1,CHANGE_REQ_ID,ASC
CISADM,W1_CHANGE_REQ_LOG_PARM,W1T939P0,2,SEQNO,ASC
CISADM,W1_CHANGE_REQ_LOG_PARM,W1T939P0,3,PARM_SEQ,ASC
CISADM,W1_CHANGE_REQ_TYPE,W1C932P0,1,CHANGE_REQ_TYPE_CD,ASC
CISADM,W1_CHANGE_REQ_TYPE_CHAR,W1C934P0,1,CHANGE_REQ_TYPE_CD,ASC
CISADM,W1_CHANGE_REQ_TYPE_CHAR,W1C934P0,2,CHAR_TYPE_CD,ASC
CISADM,W1_CHANGE_REQ_TYPE_CHAR,W1C934P0,3,SEQ_NUM,ASC
CISADM,W1_CHANGE_REQ_TYPE_CHAR,W1C934S1,1,SRCH_CHAR_VAL,ASC
CISADM,W1_CHANGE_REQ_TYPE_L,W1C933P0,1,CHANGE_REQ_TYPE_CD,ASC
CISADM,W1_CHANGE_REQ_TYPE_L,W1C933P0,2,LANGUAGE_CD,ASC
CISADM,W1_CHILD_SPEC,W1C278P0,1,SPECIFICATION_CD,ASC
CISADM,W1_CHILD_SPEC,W1C278P0,2,CHILD_SPEC_CD,ASC
CISADM,W1_CHILD_SPEC,W1C278S1,1,SPECIFICATION_CD,ASC
CISADM,W1_CHILD_SPEC,W1C278S2,1,BUS_OBJ_CD,ASC
CISADM,W1_CHILD_SPEC_CHAR,W1C281P0,1,SPECIFICATION_CD,ASC
CISADM,W1_CHILD_SPEC_CHAR,W1C281P0,2,CHILD_SPEC_CD,ASC
CISADM,W1_CHILD_SPEC_CHAR,W1C281P0,3,CHAR_TYPE_CD,ASC
CISADM,W1_CHILD_SPEC_CHAR,W1C281P0,4,SEQ_NUM,ASC
CISADM,W1_CHILD_SPEC_CHAR,W1C281S1,1,SPECIFICATION_CD,ASC
CISADM,W1_CHILD_SPEC_CHAR,W1C281S1,2,CHILD_SPEC_CD,ASC
CISADM,W1_CHILD_SPEC_CHAR,W1C281S2,1,CHAR_TYPE_CD,ASC
CISADM,W1_CHILD_SPEC_IDENTIFIER,W1C280P0,1,SPECIFICATION_CD,ASC
CISADM,W1_CHILD_SPEC_IDENTIFIER,W1C280P0,2,CHILD_SPEC_CD,ASC
CISADM,W1_CHILD_SPEC_IDENTIFIER,W1C280P0,3,CHILD_SPEC_ID_TYPE_FLG,ASC
CISADM,W1_CHILD_SPEC_IDENTIFIER,W1C280S1,1,SPECIFICATION_CD,ASC
CISADM,W1_CHILD_SPEC_IDENTIFIER,W1C280S1,2,CHILD_SPEC_CD,ASC
CISADM,W1_CHILD_SPEC_L,W1C279P0,1,SPECIFICATION_CD,ASC
CISADM,W1_CHILD_SPEC_L,W1C279P0,2,CHILD_SPEC_CD,ASC
CISADM,W1_CHILD_SPEC_L,W1C279P0,3,LANGUAGE_CD,ASC
CISADM,W1_CHILD_SPEC_L,W1C279S1,1,SPECIFICATION_CD,ASC
CISADM,W1_CHILD_SPEC_L,W1C279S1,2,CHILD_SPEC_CD,ASC
CISADM,W1_CHILD_SPEC_L,W1C279S2,1,LANGUAGE_CD,ASC
CISADM,W1_CHILD_SPEC_LOG,W1C282P0,1,SPECIFICATION_CD,ASC
CISADM,W1_CHILD_SPEC_LOG,W1C282P0,2,CHILD_SPEC_CD,ASC
CISADM,W1_CHILD_SPEC_LOG,W1C282P0,3,SEQNO,ASC
CISADM,W1_CHILD_SPEC_LOG,W1C282S1,1,SPECIFICATION_CD,ASC
CISADM,W1_CHILD_SPEC_LOG,W1C282S1,2,CHILD_SPEC_CD,ASC
CISADM,W1_CHILD_SPEC_LOG,W1C282S2,1,CHAR_TYPE_CD,ASC
CISADM,W1_CHILD_SPEC_LOG,W1C282S3,1,MESSAGE_CAT_NBR,ASC
CISADM,W1_CHILD_SPEC_LOG,W1C282S3,2,MESSAGE_NBR,ASC
CISADM,W1_CHILD_SPEC_LOG,W1C282S4,1,USER_ID,ASC
CISADM,W1_CHILD_SPEC_LOG_PARM,W1C283P0,1,SPECIFICATION_CD,ASC
CISADM,W1_CHILD_SPEC_LOG_PARM,W1C283P0,2,CHILD_SPEC_CD,ASC
CISADM,W1_CHILD_SPEC_LOG_PARM,W1C283P0,3,SEQNO,ASC
CISADM,W1_CHILD_SPEC_LOG_PARM,W1C283P0,4,PARM_SEQ,ASC
CISADM,W1_CHILD_SPEC_LOG_PARM,W1C283S1,1,SPECIFICATION_CD,ASC
CISADM,W1_CHILD_SPEC_LOG_PARM,W1C283S1,2,CHILD_SPEC_CD,ASC
CISADM,W1_CHILD_SPEC_LOG_PARM,W1C283S1,3,SEQNO,ASC
CISADM,W1_CHKLST,W1T807P0,1,CHECKLIST_ID,ASC
CISADM,W1_CHKLST_CHAR,W1T808P0,1,CHECKLIST_ID,ASC
CISADM,W1_CHKLST_CHAR,W1T808P0,2,CHAR_TYPE_CD,ASC
CISADM,W1_CHKLST_CHAR,W1T808P0,3,SEQ_NUM,ASC
CISADM,W1_CHKLST_CHAR,W1T808S1,1,SRCH_CHAR_VAL,ASC
CISADM,W1_CHKLST_IDENTIFIER,W1T809P0,1,CHECKLIST_ID,ASC
CISADM,W1_CHKLST_IDENTIFIER,W1T809P0,2,CHKLST_ID_TYPE_FLG,ASC
CISADM,W1_CHKLST_IDENTIFIER,W1T809S1,1,CHKLST_ID_TYPE_FLG,ASC
CISADM,W1_CHKLST_IDENTIFIER,W1T809S1,2,W1_ID_VALUE,ASC
CISADM,W1_CHKLST_K,W1T814P0,1,CHECKLIST_ID,ASC
CISADM,W1_CHKLST_K,W1T814P0,2,ENV_ID,ASC
CISADM,W1_CHKLST_LINE_ITEM,W1T811P0,1,CHECKLIST_ID,ASC
CISADM,W1_CHKLST_LINE_ITEM,W1T811P0,2,SEQNO,ASC
CISADM,W1_CHKLST_LOG,W1T812P0,1,CHECKLIST_ID,ASC
CISADM,W1_CHKLST_LOG,W1T812P0,2,SEQNO,ASC
CISADM,W1_CHKLST_LOG,W1T812S1,1,CHAR_TYPE_CD,ASC
CISADM,W1_CHKLST_LOG,W1T812S1,2,CHAR_VAL_FK1,ASC
CISADM,W1_CHKLST_LOG,W1T812S2,1,CHAR_TYPE_CD,ASC
CISADM,W1_CHKLST_LOG,W1T812S2,2,CHAR_VAL,ASC
CISADM,W1_CHKLST_LOG_PARM,W1T813P0,1,CHECKLIST_ID,ASC
CISADM,W1_CHKLST_LOG_PARM,W1T813P0,2,SEQNO,ASC
CISADM,W1_CHKLST_LOG_PARM,W1T813P0,3,PARM_SEQ,ASC
CISADM,W1_CHKLST_REL_OBJ,W1T810P0,1,CHECKLIST_ID,ASC
CISADM,W1_CHKLST_REL_OBJ,W1T810P0,2,MAINT_OBJ_CD,ASC
CISADM,W1_CHKLST_REL_OBJ,W1T810P0,3,CHKLST_REL_OBJ_TYPE_FLG,ASC
CISADM,W1_CHKLST_REL_OBJ,W1T810S1,1,PK_VALUE1,ASC
CISADM,W1_CHKLST_REL_OBJ,W1T810S1,2,PK_VALUE2,ASC
CISADM,W1_CHKLST_REL_OBJ,W1T810S1,3,PK_VALUE3,ASC
CISADM,W1_CHKLST_REL_OBJ,W1T810S1,4,PK_VALUE4,ASC
CISADM,W1_CHKLST_REL_OBJ,W1T810S1,5,PK_VALUE5,ASC
CISADM,W1_CHKLST_REL_OBJ,W1T810S1,6,MAINT_OBJ_CD,ASC
CISADM,W1_CHKLST_TYP,W1C811P0,1,CHECKLIST_TYPE_CD,ASC
CISADM,W1_CHKLST_TYP_CHAR,W1C813P0,1,CHECKLIST_TYPE_CD,ASC
CISADM,W1_CHKLST_TYP_CHAR,W1C813P0,2,CHAR_TYPE_CD,ASC
CISADM,W1_CHKLST_TYP_CHAR,W1C813P0,3,SEQ_NUM,ASC
CISADM,W1_CHKLST_TYP_CHAR,W1C813S1,1,SRCH_CHAR_VAL,ASC
CISADM,W1_CHKLST_TYP_CONST_BO_STATE,W1C814P0,1,CHECKLIST_TYPE_CD,ASC
CISADM,W1_CHKLST_TYP_CONST_BO_STATE,W1C814P0,2,BO_OPT_VAL,ASC
CISADM,W1_CHKLST_TYP_DFLT_LINE_ITEM,W1C815P0,1,CHECKLIST_TYPE_CD,ASC
CISADM,W1_CHKLST_TYP_DFLT_LINE_ITEM,W1C815P0,2,SEQNO,ASC
CISADM,W1_CHKLST_TYP_L,W1C812P0,1,CHECKLIST_TYPE_CD,ASC
CISADM,W1_CHKLST_TYP_L,W1C812P0,2,LANGUAGE_CD,ASC
CISADM,W1_CMDTY_CAT,W1C576P0,1,CMDTY_CAT_CD,ASC
CISADM,W1_CMDTY_CAT_CHAR,W1C578P0,1,CMDTY_CAT_CD,ASC
CISADM,W1_CMDTY_CAT_CHAR,W1C578P0,2,CHAR_TYPE_CD,ASC
CISADM,W1_CMDTY_CAT_CHAR,W1C578P0,3,SEQ_NUM,ASC
CISADM,W1_CMDTY_CAT_CHAR,W1C578S1,1,SRCH_CHAR_VAL,ASC
CISADM,W1_CMDTY_CAT_L,W1C577P0,1,CMDTY_CAT_CD,ASC
CISADM,W1_CMDTY_CAT_L,W1C577P0,2,LANGUAGE_CD,ASC
CISADM,W1_CMDTY_CMP,W1C585P0,1,CMDTY_CAT_CD,ASC
CISADM,W1_CMDTY_CMP,W1C585P0,2,CMDTY_NAME_CD,ASC
CISADM,W1_CMDTY_CMP,W1C585P0,3,CMDTY_TYPE_CD,ASC
CISADM,W1_CMDTY_CMP,W1C585P0,4,CMDTY_CMP_CD,ASC
CISADM,W1_CMDTY_CMP_CHAR,W1C587P0,1,CMDTY_CAT_CD,ASC
CISADM,W1_CMDTY_CMP_CHAR,W1C587P0,2,CMDTY_NAME_CD,ASC
CISADM,W1_CMDTY_CMP_CHAR,W1C587P0,3,CMDTY_TYPE_CD,ASC
CISADM,W1_CMDTY_CMP_CHAR,W1C587P0,4,CMDTY_CMP_CD,ASC
CISADM,W1_CMDTY_CMP_CHAR,W1C587P0,5,CHAR_TYPE_CD,ASC
CISADM,W1_CMDTY_CMP_CHAR,W1C587P0,6,SEQ_NUM,ASC
CISADM,W1_CMDTY_CMP_CHAR,W1C587S1,1,SRCH_CHAR_VAL,ASC
CISADM,W1_CMDTY_CMP_L,W1C586P0,1,CMDTY_CAT_CD,ASC
CISADM,W1_CMDTY_CMP_L,W1C586P0,2,CMDTY_NAME_CD,ASC
CISADM,W1_CMDTY_CMP_L,W1C586P0,3,CMDTY_TYPE_CD,ASC
CISADM,W1_CMDTY_CMP_L,W1C586P0,4,CMDTY_CMP_CD,ASC
CISADM,W1_CMDTY_CMP_L,W1C586P0,5,LANGUAGE_CD,ASC
CISADM,W1_CMDTY_NAME,W1C579P0,1,CMDTY_CAT_CD,ASC
CISADM,W1_CMDTY_NAME,W1C579P0,2,CMDTY_NAME_CD,ASC
CISADM,W1_CMDTY_NAME_CHAR,W1C581P0,1,CMDTY_CAT_CD,ASC
CISADM,W1_CMDTY_NAME_CHAR,W1C581P0,2,CMDTY_NAME_CD,ASC
CISADM,W1_CMDTY_NAME_CHAR,W1C581P0,3,CHAR_TYPE_CD,ASC
CISADM,W1_CMDTY_NAME_CHAR,W1C581P0,4,SEQ_NUM,ASC
CISADM,W1_CMDTY_NAME_CHAR,W1C581S1,1,SRCH_CHAR_VAL,ASC
CISADM,W1_CMDTY_NAME_L,W1C580P0,1,CMDTY_CAT_CD,ASC
CISADM,W1_CMDTY_NAME_L,W1C580P0,2,CMDTY_NAME_CD,ASC
CISADM,W1_CMDTY_NAME_L,W1C580P0,3,LANGUAGE_CD,ASC
CISADM,W1_CMDTY_TYPE,W1C582P0,1,CMDTY_CAT_CD,ASC
CISADM,W1_CMDTY_TYPE,W1C582P0,2,CMDTY_NAME_CD,ASC
CISADM,W1_CMDTY_TYPE,W1C582P0,3,CMDTY_TYPE_CD,ASC
CISADM,W1_CMDTY_TYPE_CHAR,W1C584P0,1,CMDTY_CAT_CD,ASC
CISADM,W1_CMDTY_TYPE_CHAR,W1C584P0,2,CMDTY_NAME_CD,ASC
CISADM,W1_CMDTY_TYPE_CHAR,W1C584P0,3,CMDTY_TYPE_CD,ASC
CISADM,W1_CMDTY_TYPE_CHAR,W1C584P0,4,CHAR_TYPE_CD,ASC
CISADM,W1_CMDTY_TYPE_CHAR,W1C584P0,5,SEQ_NUM,ASC
CISADM,W1_CMDTY_TYPE_CHAR,W1C584S1,1,SRCH_CHAR_VAL,ASC
CISADM,W1_CMDTY_TYPE_L,W1C583P0,1,CMDTY_CAT_CD,ASC
CISADM,W1_CMDTY_TYPE_L,W1C583P0,2,CMDTY_NAME_CD,ASC
CISADM,W1_CMDTY_TYPE_L,W1C583P0,3,CMDTY_TYPE_CD,ASC
CISADM,W1_CMDTY_TYPE_L,W1C583P0,4,LANGUAGE_CD,ASC
CISADM,W1_CMPL_EVT,W1T257P0,1,CMPL_EVT_ID,ASC
CISADM,W1_CMPL_EVT,W1T257S1,1,CMPL_EVT_TYPE_CD,ASC
CISADM,W1_CMPL_EVT,W1T257S1,2,CMPL_EVT_ID,ASC
CISADM,W1_CMPL_EVT,W1T257S2,1,BUS_OBJ_CD,ASC
CISADM,W1_CMPL_EVT,W1T257S2,2,BO_STATUS_CD,ASC
CISADM,W1_CMPL_EVT,W1T257S2,3,CMPL_EVT_ID,ASC
CISADM,W1_CMPL_EVT,W1T257S3,1,ACT_ID,ASC
CISADM,W1_CMPL_EVT,W1T257S4,1,NODE_ID,ASC
CISADM,W1_CMPL_EVT,W1T257S5,1,ASSET_ID,ASC
CISADM,W1_CMPL_EVT,W1T257S6,1,SVC_HIST_ID,ASC
CISADM,W1_CMPL_EVT,W1T257S7,1,FINAL_DTTM,ASC
CISADM,W1_CMPL_EVT,W1T257S7,2,CMPL_EVT_ID,ASC
CISADM,W1_CMPL_EVT,W1T257S8,1,WORK_REQ_ID,ASC
CISADM,W1_CMPL_EVT_CHAR,W1T258P0,1,CMPL_EVT_ID,ASC
CISADM,W1_CMPL_EVT_CHAR,W1T258P0,2,CHAR_TYPE_CD,ASC
CISADM,W1_CMPL_EVT_CHAR,W1T258P0,3,SEQ_NUM,ASC
CISADM,W1_CMPL_EVT_CHAR,W1T258S1,1,SRCH_CHAR_VAL,ASC
CISADM,W1_CMPL_EVT_K,W1T272P0,1,CMPL_EVT_ID,ASC
CISADM,W1_CMPL_EVT_K,W1T272P0,2,ENV_ID,ASC
CISADM,W1_CMPL_EVT_LOG,W1T260P0,1,CMPL_EVT_ID,ASC
CISADM,W1_CMPL_EVT_LOG,W1T260P0,2,SEQNO,ASC
CISADM,W1_CMPL_EVT_LOG,W1T260S1,1,CHAR_TYPE_CD,ASC
CISADM,W1_CMPL_EVT_LOG,W1T260S1,2,CHAR_VAL_FK1,ASC
CISADM,W1_CMPL_EVT_LOG,W1T260S2,1,CHAR_TYPE_CD,ASC
CISADM,W1_CMPL_EVT_LOG,W1T260S2,2,CHAR_VAL,ASC
CISADM,W1_CMPL_EVT_LOG_PARM,W1T261P0,1,CMPL_EVT_ID,ASC
CISADM,W1_CMPL_EVT_LOG_PARM,W1T261P0,2,SEQNO,ASC
CISADM,W1_CMPL_EVT_LOG_PARM,W1T261P0,3,PARM_SEQ,ASC
CISADM,W1_CMPL_EVT_REL_OBJ,W1T259P0,1,CMPL_EVT_ID,ASC
CISADM,W1_CMPL_EVT_REL_OBJ,W1T259P0,2,MAINT_OBJ_CD,ASC
CISADM,W1_CMPL_EVT_REL_OBJ,W1T259P0,3,CMPL_EVT_REL_OBJ_TYP_FLG,ASC
CISADM,W1_CMPL_EVT_REL_OBJ,W1T259S1,1,PK_VALUE1,ASC
CISADM,W1_CMPL_EVT_REL_OBJ,W1T259S1,2,PK_VALUE2,ASC
CISADM,W1_CMPL_EVT_REL_OBJ,W1T259S1,3,PK_VALUE3,ASC
CISADM,W1_CMPL_EVT_REL_OBJ,W1T259S1,4,PK_VALUE4,ASC
CISADM,W1_CMPL_EVT_REL_OBJ,W1T259S1,5,PK_VALUE5,ASC
CISADM,W1_CMPL_EVT_REL_OBJ,W1T259S1,6,MAINT_OBJ_CD,ASC
CISADM,W1_CMPL_EVT_TYPE,W1C252P0,1,CMPL_EVT_TYPE_CD,ASC
CISADM,W1_CMPL_EVT_TYPE,W1C252S1,1,CMPL_EVT_BUS_OBJ_CD,ASC
CISADM,W1_CMPL_EVT_TYPE_CHAR,W1C256P0,1,CMPL_EVT_TYPE_CD,ASC
CISADM,W1_CMPL_EVT_TYPE_CHAR,W1C256P0,2,CHAR_TYPE_CD,ASC
CISADM,W1_CMPL_EVT_TYPE_CHAR,W1C256P0,3,SEQ_NUM,ASC
CISADM,W1_CMPL_EVT_TYPE_CHAR,W1C256S1,1,SRCH_CHAR_VAL,ASC
CISADM,W1_CMPL_EVT_TYPE_IDENTIFIER,W1C254P0,1,CMPL_EVT_TYPE_CD,ASC
CISADM,W1_CMPL_EVT_TYPE_IDENTIFIER,W1C254P0,2,CMPL_EVT_TYPE_ID_TYPE_FLG,ASC
CISADM,W1_CMPL_EVT_TYPE_L,W1C253P0,1,CMPL_EVT_TYPE_CD,ASC
CISADM,W1_CMPL_EVT_TYPE_L,W1C253P0,2,LANGUAGE_CD,ASC
CISADM,W1_COLOR,W1C591P0,1,COLOR_CD,ASC
CISADM,W1_COLOR_CHAR,W1C592P0,1,COLOR_CD,ASC
CISADM,W1_COLOR_CHAR,W1C592P0,2,CHAR_TYPE_CD,ASC
CISADM,W1_COLOR_CHAR,W1C592P0,3,SEQ_NUM,ASC
CISADM,W1_COLOR_CHAR,W1C592S1,1,SRCH_CHAR_VAL,ASC
CISADM,W1_COLOR_L,W1C593P0,1,COLOR_CD,ASC
CISADM,W1_COLOR_L,W1C593P0,2,LANGUAGE_CD,ASC
CISADM,W1_COMMUNICATION,W1T860P0,1,COMMUNICATION_ID,ASC
CISADM,W1_COMMUNICATION_CHAR,W1T861P0,1,COMMUNICATION_ID,ASC
CISADM,W1_COMMUNICATION_CHAR,W1T861P0,2,CHAR_TYPE_CD,ASC
CISADM,W1_COMMUNICATION_CHAR,W1T861P0,3,SEQ_NUM,ASC
CISADM,W1_COMMUNICATION_K,W1T865P0,1,COMMUNICATION_ID,ASC
CISADM,W1_COMMUNICATION_K,W1T865P0,2,ENV_ID,ASC
CISADM,W1_COMMUNICATION_LOG,W1T866P0,1,COMMUNICATION_ID,ASC
CISADM,W1_COMMUNICATION_LOG,W1T866P0,2,SEQNO,ASC
CISADM,W1_COMMUNICATION_LOG_PARM,W1T867P0,1,COMMUNICATION_ID,ASC
CISADM,W1_COMMUNICATION_LOG_PARM,W1T867P0,2,SEQNO,ASC
CISADM,W1_COMMUNICATION_LOG_PARM,W1T867P0,3,PARM_SEQ,ASC
CISADM,W1_COMMUNICATION_PHONE,W1T862P0,1,COMMUNICATION_ID,ASC
CISADM,W1_COMMUNICATION_PHONE,W1T862P0,2,PHONE_TYPE_FLG,ASC
CISADM,W1_COMMUNICATION_REL_OBJ,W1T863P0,1,COMMUNICATION_ID,ASC
CISADM,W1_COMMUNICATION_REL_OBJ,W1T863P0,2,SEQNO,ASC
CISADM,W1_COMM_IN,W1C265P0,1,COMM_ID,ASC
CISADM,W1_COMM_IN,W1T265S3,1,BUS_OBJ_CD,ASC
CISADM,W1_COMM_IN,W1T265S3,2,BO_STATUS_CD,ASC
CISADM,W1_COMM_IN,W1T265S3,3,COMM_ID,ASC
CISADM,W1_COMM_IN,W1T265S5,1,ASSET_ID,ASC
CISADM,W1_COMM_IN,W1T265S6,1,NODE_ID,ASC
CISADM,W1_COMM_IN,W1T265S7,1,ACT_ID,ASC
CISADM,W1_COMM_IN,W1T265S8,1,FINAL_DTTM,ASC
CISADM,W1_COMM_IN,W1T265S8,2,COMM_ID,ASC
CISADM,W1_COMM_IN_CHAR,W1C266P0,1,COMM_ID,ASC
CISADM,W1_COMM_IN_CHAR,W1C266P0,2,CHAR_TYPE_CD,ASC
CISADM,W1_COMM_IN_CHAR,W1C266P0,3,SEQ_NUM,ASC
CISADM,W1_COMM_IN_CHAR,W1T266S1,1,SRCH_CHAR_VAL,ASC
CISADM,W1_COMM_IN_IDENTIFIER,W1C267P0,1,COMM_ID,ASC
CISADM,W1_COMM_IN_IDENTIFIER,W1C267P0,2,COMM_ID_TYP_FLG,ASC
CISADM,W1_COMM_IN_IDENTIFIER,W1T267S1,1,COMM_ID_TYP_FLG,ASC
CISADM,W1_COMM_IN_IDENTIFIER,W1T267S2,1,W1_ID_VALUE,ASC
CISADM,W1_COMM_IN_K,W1T271P0,1,COMM_ID,ASC
CISADM,W1_COMM_IN_K,W1T271P0,2,ENV_ID,ASC
CISADM,W1_COMM_IN_LOG,W1T269P0,1,COMM_ID,ASC
CISADM,W1_COMM_IN_LOG,W1T269P0,2,SEQNO,ASC
CISADM,W1_COMM_IN_LOG,W1T269S1,1,CHAR_TYPE_CD,ASC
CISADM,W1_COMM_IN_LOG,W1T269S1,2,CHAR_VAL_FK1,ASC
CISADM,W1_COMM_IN_LOG,W1T269S2,1,CHAR_TYPE_CD,ASC
CISADM,W1_COMM_IN_LOG,W1T269S2,2,CHAR_VAL,ASC
CISADM,W1_COMM_IN_LOG_PARM,W1T270P0,1,COMM_ID,ASC
CISADM,W1_COMM_IN_LOG_PARM,W1T270P0,2,SEQNO,ASC
CISADM,W1_COMM_IN_LOG_PARM,W1T270P0,3,PARM_SEQ,ASC
CISADM,W1_COMM_IN_REL_OBJ,W1T268P0,1,COMM_ID,ASC
CISADM,W1_COMM_IN_REL_OBJ,W1T268P0,2,MAINT_OBJ_CD,ASC
CISADM,W1_COMM_IN_REL_OBJ,W1T268P0,3,COMM_REL_OBJ_TYP_FLG,ASC
CISADM,W1_COMM_IN_REL_OBJ,W1T268S1,1,PK_VALUE1,ASC
CISADM,W1_COMM_IN_REL_OBJ,W1T268S1,2,PK_VALUE2,ASC
CISADM,W1_COMM_IN_REL_OBJ,W1T268S1,3,PK_VALUE3,ASC
CISADM,W1_COMM_IN_REL_OBJ,W1T268S1,4,PK_VALUE4,ASC
CISADM,W1_COMM_IN_REL_OBJ,W1T268S1,5,PK_VALUE5,ASC
CISADM,W1_COMM_IN_REL_OBJ,W1T268S1,6,MAINT_OBJ_CD,ASC
CISADM,W1_COMM_TYPE,W1C262P0,1,COMM_TYP_CD,ASC
CISADM,W1_COMM_TYPE,W1C262S1,1,COMM_IN_BUS_OBJ_CD,ASC
CISADM,W1_COMM_TYPE_CHAR,W1C264P0,1,COMM_TYP_CD,ASC
CISADM,W1_COMM_TYPE_CHAR,W1C264P0,2,CHAR_TYPE_CD,ASC
CISADM,W1_COMM_TYPE_CHAR,W1C264P0,3,SEQ_NUM,ASC
CISADM,W1_COMM_TYPE_CHAR,W1C264S1,1,SRCH_CHAR_VAL,ASC
CISADM,W1_COMM_TYPE_L,W1C263P0,1,COMM_TYP_CD,ASC
CISADM,W1_COMM_TYPE_L,W1C263P0,2,LANGUAGE_CD,ASC
CISADM,W1_COMPLIANCE_CAT,W1C854P0,1,COMPLIANCE_CAT_CD,ASC
CISADM,W1_COMPLIANCE_CAT_CHAR,W1C855P0,1,COMPLIANCE_CAT_CD,ASC
CISADM,W1_COMPLIANCE_CAT_CHAR,W1C855P0,2,CHAR_TYPE_CD,ASC
CISADM,W1_COMPLIANCE_CAT_CHAR,W1C855P0,3,SEQ_NUM,ASC
CISADM,W1_COMPLIANCE_CAT_L,W1C856P0,1,COMPLIANCE_CAT_CD,ASC
CISADM,W1_COMPLIANCE_CAT_L,W1C856P0,2,LANGUAGE_CD,ASC
CISADM,W1_COMPLIANCE_TYPE,W1C844P0,1,COMPLIANCE_TYPE_CD,ASC
CISADM,W1_COMPLIANCE_TYPE_CHAR,W1C845P0,1,COMPLIANCE_TYPE_CD,ASC
CISADM,W1_COMPLIANCE_TYPE_CHAR,W1C845P0,2,CHAR_TYPE_CD,ASC
CISADM,W1_COMPLIANCE_TYPE_CHAR,W1C845P0,3,SEQ_NUM,ASC
CISADM,W1_COMPLIANCE_TYPE_L,W1C846P0,1,COMPLIANCE_TYPE_CD,ASC
CISADM,W1_COMPLIANCE_TYPE_L,W1C846P0,2,LANGUAGE_CD,ASC
CISADM,W1_COMPLIANCE_TYPE_REGT_AGCY,W1C857P0,1,COMPLIANCE_TYPE_CD,ASC
CISADM,W1_COMPLIANCE_TYPE_REGT_AGCY,W1C857P0,2,REGULATORY_AGENCY_FLG,ASC
CISADM,W1_CONFIG,W1M486P0,1,CONFIG_ID,ASC
CISADM,W1_CONFIG,W1M486S1,1,CONFIG_TYPE_CD,ASC
CISADM,W1_CONFIG,W1M486S1,2,CONFIG_ID,ASC
CISADM,W1_CONFIG,W1M486S2,1,BUS_OBJ_CD,ASC
CISADM,W1_CONFIG,W1M486S2,2,BO_STATUS_CD,ASC
CISADM,W1_CONFIG,W1M486S2,3,CONFIG_ID,ASC
CISADM,W1_CONFIG,W1M486S3,1,W1_DESCR100_UPR,ASC
CISADM,W1_CONFIG_CHAR,W1M488P0,1,CONFIG_ID,ASC
CISADM,W1_CONFIG_CHAR,W1M488P0,2,CHAR_TYPE_CD,ASC
CISADM,W1_CONFIG_CHAR,W1M488P0,3,EFFDT,ASC
CISADM,W1_CONFIG_CHAR,W1M488S1,1,SRCH_CHAR_VAL,ASC
CISADM,W1_CONFIG_CHAR2,W1T522P0,1,CONFIG_ID,ASC
CISADM,W1_CONFIG_CHAR2,W1T522P0,2,CHAR_TYPE_CD,ASC
CISADM,W1_CONFIG_CHAR2,W1T522P0,3,SEQ_NUM,ASC
CISADM,W1_CONFIG_IDENTIFIER,W1M487P0,1,CONFIG_ID,ASC
CISADM,W1_CONFIG_IDENTIFIER,W1M487P0,2,CONFIG_ID_TYPE_FLG,ASC
CISADM,W1_CONFIG_IDENTIFIER,W1M487S0,1,W1_ID_VALUE,ASC
CISADM,W1_CONFIG_IDENTIFIER,W1M487S0,2,CONFIG_ID_TYPE_FLG,ASC
CISADM,W1_CONFIG_IDENTIFIER,W1M487S1,1,SYS_NC00005$,ASC
CISADM,W1_CONFIG_IDENTIFIER,W1M487S1,2,CONFIG_ID_TYPE_FLG,ASC
CISADM,W1_CONFIG_K,W1M491P0,1,CONFIG_ID,ASC
CISADM,W1_CONFIG_K,W1M491P0,2,ENV_ID,ASC
CISADM,W1_CONFIG_LOG,W1M489P0,1,CONFIG_ID,ASC
CISADM,W1_CONFIG_LOG,W1M489P0,2,SEQNO,ASC
CISADM,W1_CONFIG_LOG_PARM,W1M490P0,1,CONFIG_ID,ASC
CISADM,W1_CONFIG_LOG_PARM,W1M490P0,2,SEQNO,ASC
CISADM,W1_CONFIG_LOG_PARM,W1M490P0,3,PARM_SEQ,ASC
CISADM,W1_CONFIG_RPT,W1M492P0,1,CONFIG_RPT_ID,ASC
CISADM,W1_CONFIG_RPT,W1M492S1,1,W1_DESCR100_UPR,ASC
CISADM,W1_CONFIG_RPT,W1M492S2,1,BUS_OBJ_CD,ASC
CISADM,W1_CONFIG_RPT,W1M492S2,2,BO_STATUS_CD,ASC
CISADM,W1_CONFIG_RPT,W1M492S2,3,CONFIG_RPT_ID,ASC
CISADM,W1_CONFIG_RPT,W1M492S3,1,CRE_DTTM,ASC
CISADM,W1_CONFIG_RPT,W1M492S4,1,RPT_GEN_DTTM,ASC
CISADM,W1_CONFIG_RPT,W1M492S5,1,USER_ID,ASC
CISADM,W1_CONFIG_RPT,W1M492S6,1,RPT_MODE_FLG,ASC
CISADM,W1_CONFIG_RPT,W1M492S6,2,CONFIG_RPT_ID,ASC
CISADM,W1_CONFIG_RPT_CHAR,W1M495P0,1,CONFIG_RPT_ID,ASC
CISADM,W1_CONFIG_RPT_CHAR,W1M495P0,2,CHAR_TYPE_CD,ASC
CISADM,W1_CONFIG_RPT_CHAR,W1M495P0,3,EFFDT,ASC
CISADM,W1_CONFIG_RPT_CHAR,W1M495S1,1,SRCH_CHAR_VAL,ASC
CISADM,W1_CONFIG_RPT_CHAR2,W1T523P0,1,CONFIG_RPT_ID,ASC
CISADM,W1_CONFIG_RPT_CHAR2,W1T523P0,2,CHAR_TYPE_CD,ASC
CISADM,W1_CONFIG_RPT_CHAR2,W1T523P0,3,SEQ_NUM,ASC
CISADM,W1_CONFIG_RPT_IDENTIFIER,W1M494P0,1,CONFIG_RPT_ID,ASC
CISADM,W1_CONFIG_RPT_IDENTIFIER,W1M494P0,2,CFG_RPT_ID_TYPE_FLG,ASC
CISADM,W1_CONFIG_RPT_IDENTIFIER,W1M494S0,1,W1_ID_VALUE,ASC
CISADM,W1_CONFIG_RPT_IDENTIFIER,W1M494S0,2,CFG_RPT_ID_TYPE_FLG,ASC
CISADM,W1_CONFIG_RPT_IDENTIFIER,W1M494S1,1,SYS_NC00005$,ASC
CISADM,W1_CONFIG_RPT_IDENTIFIER,W1M494S1,2,CFG_RPT_ID_TYPE_FLG,ASC
CISADM,W1_CONFIG_RPT_K,W1M498P0,1,CONFIG_RPT_ID,ASC
CISADM,W1_CONFIG_RPT_K,W1M498P0,2,ENV_ID,ASC
CISADM,W1_CONFIG_RPT_LOG,W1M496P0,1,CONFIG_RPT_ID,ASC
CISADM,W1_CONFIG_RPT_LOG,W1M496P0,2,SEQNO,ASC
CISADM,W1_CONFIG_RPT_LOG_PARM,W1M497P0,1,CONFIG_RPT_ID,ASC
CISADM,W1_CONFIG_RPT_LOG_PARM,W1M497P0,2,SEQNO,ASC
CISADM,W1_CONFIG_RPT_LOG_PARM,W1M497P0,3,PARM_SEQ,ASC
CISADM,W1_CONFIG_RPT_SPECIFICATION,W1M493P0,1,CONFIG_RPT_ID,ASC
CISADM,W1_CONFIG_RPT_SPECIFICATION,W1M493P0,2,CFG_RPT_SPEC_REL_TYPE_FLG,ASC
CISADM,W1_CONFIG_RPT_SPECIFICATION,W1M493S1,1,SPECIFICATION_CD,ASC
CISADM,W1_CONFIG_RPT_SPECIFICATION,W1M493S1,2,CFG_RPT_SPEC_REL_TYPE_FLG,ASC
CISADM,W1_CONFIG_RPT_SPECIFICATION,W1M493S1,3,CONFIG_RPT_ID,ASC
CISADM,W1_CONFIG_TYPE,W1C482P0,1,CONFIG_TYPE_CD,ASC
CISADM,W1_CONFIG_TYPE_CHAR,W1C485P0,1,CONFIG_TYPE_CD,ASC
CISADM,W1_CONFIG_TYPE_CHAR,W1C485P0,2,CHAR_TYPE_CD,ASC
CISADM,W1_CONFIG_TYPE_CHAR,W1C485P0,3,SEQ_NUM,ASC
CISADM,W1_CONFIG_TYPE_CHAR,W1C485S1,1,SRCH_CHAR_VAL,ASC
CISADM,W1_CONFIG_TYPE_IDENTIFIER,W1C484P0,1,CONFIG_TYPE_CD,ASC
CISADM,W1_CONFIG_TYPE_IDENTIFIER,W1C484P0,2,CONFIG_TYPE_ID_TYPE_FLG,ASC
CISADM,W1_CONFIG_TYPE_L,W1C483P0,1,CONFIG_TYPE_CD,ASC
CISADM,W1_CONFIG_TYPE_L,W1C483P0,2,LANGUAGE_CD,ASC
CISADM,W1_CONTACT,W1M213P0,1,W1_CONTACT_ID,ASC
CISADM,W1_CONTACT,W1M213S1,1,W1_CONTACT_TYPE_CD,ASC
CISADM,W1_CONTACT,W1M213S2,1,BUS_OBJ_CD,ASC
CISADM,W1_CONTACT,W1M213S3,1,EMPLOYEE_ID,ASC
CISADM,W1_CONTACT_CHAR,W1M214P0,1,W1_CONTACT_ID,ASC
CISADM,W1_CONTACT_CHAR,W1M214P0,2,CHAR_TYPE_CD,ASC
CISADM,W1_CONTACT_CHAR,W1M214P0,3,EFFDT,ASC
CISADM,W1_CONTACT_CHAR,W1M214S1,1,SRCH_CHAR_VAL,ASC
CISADM,W1_CONTACT_CHAR2,W1T520P0,1,W1_CONTACT_ID,ASC
CISADM,W1_CONTACT_CHAR2,W1T520P0,2,CHAR_TYPE_CD,ASC
CISADM,W1_CONTACT_CHAR2,W1T520P0,3,SEQ_NUM,ASC
CISADM,W1_CONTACT_EMAIL,W1M218P0,1,W1_CONTACT_ID,ASC
CISADM,W1_CONTACT_EMAIL,W1M218P0,2,SEQNO,ASC
CISADM,W1_CONTACT_EMAIL,W1M218S1,1,W1_CONTACT_ID,ASC
CISADM,W1_CONTACT_EMAIL,W1M218S1,2,W1_EMAIL_TYPE_FLG,ASC
CISADM,W1_CONTACT_IDENTIFIER,W1M216P0,1,W1_CONTACT_ID,ASC
CISADM,W1_CONTACT_IDENTIFIER,W1M216P0,2,W1_CONTACT_ID_TYPE_FLG,ASC
CISADM,W1_CONTACT_IDENTIFIER,W1M216S1,1,W1_ID_VALUE,ASC
CISADM,W1_CONTACT_K,W1M480P0,1,W1_CONTACT_ID,ASC
CISADM,W1_CONTACT_K,W1M480P0,2,ENV_ID,ASC
CISADM,W1_CONTACT_NAME,W1M215P0,1,W1_CONTACT_ID,ASC
CISADM,W1_CONTACT_NAME,W1M215P0,2,SEQNO,ASC
CISADM,W1_CONTACT_NAME,W1M215S1,1,W1_NAME_VALUE_UPPER,ASC
CISADM,W1_CONTACT_NAME,W1M215S2,1,W1_CONTACT_ID,ASC
CISADM,W1_CONTACT_NAME,W1M215S2,2,W1_NAME_TYPE_FLG,ASC
CISADM,W1_CONTACT_PHONE,W1M217P0,1,W1_CONTACT_ID,ASC
CISADM,W1_CONTACT_PHONE,W1M217P0,2,SEQNO,ASC
CISADM,W1_CONTACT_PHONE,W1M217S1,1,W1_CONTACT_ID,ASC
CISADM,W1_CONTACT_PHONE,W1M217S1,2,PHONE_TYPE_FLG,ASC
CISADM,W1_CONTACT_RELATIONSHIP,W1M864P0,1,W1_CONTACT_ID,ASC
CISADM,W1_CONTACT_RELATIONSHIP,W1M864P0,2,SEQNO,ASC
CISADM,W1_CONTACT_TYPE,W1C219P0,1,W1_CONTACT_TYPE_CD,ASC
CISADM,W1_CONTACT_TYPE,W1C219S2,1,CONTACT_BUS_OBJ_CD,ASC
CISADM,W1_CONTACT_TYPE_CHAR,W1C221P0,1,W1_CONTACT_TYPE_CD,ASC
CISADM,W1_CONTACT_TYPE_CHAR,W1C221P0,2,CHAR_TYPE_CD,ASC
CISADM,W1_CONTACT_TYPE_CHAR,W1C221P0,3,SEQ_NUM,ASC
CISADM,W1_CONTACT_TYPE_CHAR,W1C221S1,1,SRCH_CHAR_VAL,ASC
CISADM,W1_CONTACT_TYPE_L,W1C220P0,1,W1_CONTACT_TYPE_CD,ASC
CISADM,W1_CONTACT_TYPE_L,W1C220P0,2,LANGUAGE_CD,ASC
CISADM,W1_COST_CATEGORY,W1C594P0,1,COST_CATEGORY_CD,ASC
CISADM,W1_COST_CATEGORY_CHAR,W1C595P0,1,COST_CATEGORY_CD,ASC
CISADM,W1_COST_CATEGORY_CHAR,W1C595P0,2,CHAR_TYPE_CD,ASC
CISADM,W1_COST_CATEGORY_CHAR,W1C595P0,3,SEQ_NUM,ASC
CISADM,W1_COST_CATEGORY_CHAR,W1C595S1,1,SRCH_CHAR_VAL,ASC
CISADM,W1_COST_CATEGORY_L,W1C596P0,1,COST_CATEGORY_CD,ASC
CISADM,W1_COST_CATEGORY_L,W1C596P0,2,LANGUAGE_CD,ASC
CISADM,W1_COST_CENTER,W1C600P0,1,COST_CENTER_CD,ASC
CISADM,W1_COST_CENTER_CHAR,W1C602P0,1,COST_CENTER_CD,ASC
CISADM,W1_COST_CENTER_CHAR,W1C602P0,2,CHAR_TYPE_CD,ASC
CISADM,W1_COST_CENTER_CHAR,W1C602P0,3,SEQ_NUM,ASC
CISADM,W1_COST_CENTER_CHAR,W1C602S1,1,SRCH_CHAR_VAL,ASC
CISADM,W1_COST_CENTER_EXPCD,W1C601P0,1,COST_CENTER_CD,ASC
CISADM,W1_COST_CENTER_EXPCD,W1C601P0,2,EXPENSE_CD,ASC
CISADM,W1_COST_CENTER_IDENTIFIER,W1M708P0,1,COST_CENTER_CD,ASC
CISADM,W1_COST_CENTER_IDENTIFIER,W1M708P0,2,COST_CENTER_ID_TYPE_FLG,ASC
CISADM,W1_COST_CENTER_IDENTIFIER,W1M708S1,1,W1_ID_VAL,ASC
CISADM,W1_COST_CENTER_IDENTIFIER,W1M708S1,2,COST_CENTER_ID_TYPE_FLG,ASC
CISADM,W1_COST_CENTER_IDENTIFIER,W1M708S2,1,SYS_NC00005$,ASC
CISADM,W1_COST_CENTER_IDENTIFIER,W1M708S2,2,COST_CENTER_ID_TYPE_FLG,ASC
CISADM,W1_COST_CENTER_L,W1C603P0,1,COST_CENTER_CD,ASC
CISADM,W1_COST_CENTER_L,W1C603P0,2,LANGUAGE_CD,ASC
CISADM,W1_COST_CENTER_LOG,W1C604P0,1,COST_CENTER_CD,ASC
CISADM,W1_COST_CENTER_LOG,W1C604P0,2,SEQNO,ASC
CISADM,W1_COST_CENTER_LOG_PARM,W1C605P0,1,COST_CENTER_CD,ASC
CISADM,W1_COST_CENTER_LOG_PARM,W1C605P0,2,SEQNO,ASC
CISADM,W1_COST_CENTER_LOG_PARM,W1C605P0,3,PARM_SEQ,ASC
CISADM,W1_CREW,W1M518P0,1,W1_CREW_ID,ASC
CISADM,W1_CREW,W1M518S1,1,W1_CREW_ID,ASC
CISADM,W1_CREW,W1M518S1,2,CREW_TYPE_CD,ASC
CISADM,W1_CREW,W1M518S2,1,BUS_OBJ_CD,ASC
CISADM,W1_CREW,W1M518S2,2,BO_STATUS_CD,ASC
CISADM,W1_CREW,W1M518S2,3,W1_CREW_ID,ASC
CISADM,W1_CREW,W1M518S3,1,W1_CREW_NAME_UPR,ASC
CISADM,W1_CREW_CHAR,W1M520P0,1,W1_CREW_ID,ASC
CISADM,W1_CREW_CHAR,W1M520P0,2,CHAR_TYPE_CD,ASC
CISADM,W1_CREW_CHAR,W1M520P0,3,SEQ_NUM,ASC
CISADM,W1_CREW_CHAR,W1M520S1,1,SRCH_CHAR_VAL,ASC
CISADM,W1_CREW_DEFAULT_MEMBER,W1M816P0,1,W1_CREW_ID,ASC
CISADM,W1_CREW_DEFAULT_MEMBER,W1M816P0,2,EMPLOYEE_ID,ASC
CISADM,W1_CREW_IDENTIFIER,W1M519P0,1,W1_CREW_ID,ASC
CISADM,W1_CREW_IDENTIFIER,W1M519P0,2,CREW_ID_TYPE_FLG,ASC
CISADM,W1_CREW_IDENTIFIER,W1M519S0,1,W1_ID_VALUE,ASC
CISADM,W1_CREW_IDENTIFIER,W1M519S0,2,CREW_ID_TYPE_FLG,ASC
CISADM,W1_CREW_IDENTIFIER,W1M519S1,1,SYS_NC00005$,ASC
CISADM,W1_CREW_IDENTIFIER,W1M519S1,2,CREW_ID_TYPE_FLG,ASC
CISADM,W1_CREW_K,W1M523P0,1,W1_CREW_ID,ASC
CISADM,W1_CREW_K,W1M523P0,2,ENV_ID,ASC
CISADM,W1_CREW_LOG,W1M521P0,1,W1_CREW_ID,ASC
CISADM,W1_CREW_LOG,W1M521P0,2,SEQNO,ASC
CISADM,W1_CREW_LOG,W1M521S1,1,CHAR_TYPE_CD,ASC
CISADM,W1_CREW_LOG,W1M521S1,2,CHAR_VAL_FK1,ASC
CISADM,W1_CREW_LOG,W1M521S2,1,CHAR_TYPE_CD,ASC
CISADM,W1_CREW_LOG,W1M521S2,2,CHAR_VAL,ASC
CISADM,W1_CREW_LOG_PARM,W1M522P0,1,W1_CREW_ID,ASC
CISADM,W1_CREW_LOG_PARM,W1M522P0,2,SEQNO,ASC
CISADM,W1_CREW_LOG_PARM,W1M522P0,3,PARM_SEQ,ASC
CISADM,W1_CREW_SHIFT,W1T278P0,1,CREW_SHIFT_ID,ASC
CISADM,W1_CREW_SHIFT,W1T278S1,1,CREW_SHIFT_ID,ASC
CISADM,W1_CREW_SHIFT,W1T278S1,2,CREW_SHIFT_TYPE_CD,ASC
CISADM,W1_CREW_SHIFT,W1T278S2,1,BUS_OBJ_CD,ASC
CISADM,W1_CREW_SHIFT,W1T278S2,2,BO_STATUS_CD,ASC
CISADM,W1_CREW_SHIFT,W1T278S2,3,CREW_SHIFT_ID,ASC
CISADM,W1_CREW_SHIFT,W1T278S3,1,PLANNED_START_DTTM,ASC
CISADM,W1_CREW_SHIFT,W1T278S4,1,PLANNED_END_DTTM,ASC
CISADM,W1_CREW_SHIFT_ACT_SCHED,W1T311P0,1,CREW_SHIFT_ID,ASC
CISADM,W1_CREW_SHIFT_ACT_SCHED,W1T311P0,2,ACT_RESRC_REQMT_ID,ASC
CISADM,W1_CREW_SHIFT_ACT_SCHED,W1T311P0,3,EMPLOYEE_ID,ASC
CISADM,W1_CREW_SHIFT_CHAR,W1T282P0,1,CREW_SHIFT_ID,ASC
CISADM,W1_CREW_SHIFT_CHAR,W1T282P0,2,CHAR_TYPE_CD,ASC
CISADM,W1_CREW_SHIFT_CHAR,W1T282P0,3,SEQ_NUM,ASC
CISADM,W1_CREW_SHIFT_CHAR,W1T282S1,1,SRCH_CHAR_VAL,ASC
CISADM,W1_CREW_SHIFT_K,W1T285P0,1,CREW_SHIFT_ID,ASC
CISADM,W1_CREW_SHIFT_K,W1T285P0,2,ENV_ID,ASC
CISADM,W1_CREW_SHIFT_LOG,W1T283P0,1,CREW_SHIFT_ID,ASC
CISADM,W1_CREW_SHIFT_LOG,W1T283P0,2,SEQNO,ASC
CISADM,W1_CREW_SHIFT_LOG,W1T283S1,1,CHAR_TYPE_CD,ASC
CISADM,W1_CREW_SHIFT_LOG,W1T283S1,2,CHAR_VAL_FK1,ASC
CISADM,W1_CREW_SHIFT_LOG,W1T283S2,1,CHAR_TYPE_CD,ASC
CISADM,W1_CREW_SHIFT_LOG,W1T283S2,2,CHAR_VAL,ASC
CISADM,W1_CREW_SHIFT_LOG_PARM,W1T284P0,1,CREW_SHIFT_ID,ASC
CISADM,W1_CREW_SHIFT_LOG_PARM,W1T284P0,2,SEQNO,ASC
CISADM,W1_CREW_SHIFT_LOG_PARM,W1T284P0,3,PARM_SEQ,ASC
CISADM,W1_CREW_SHIFT_MEMBER,W1T279P0,1,CREW_SHIFT_ID,ASC
CISADM,W1_CREW_SHIFT_MEMBER,W1T279P0,2,SEQNO,ASC
CISADM,W1_CREW_SHIFT_MEMBER,W1T279S1,1,EMPLOYEE_ID,ASC
CISADM,W1_CREW_SHIFT_MEMBER,W1T279S2,1,ROLE_FLG,ASC
CISADM,W1_CREW_SHIFT_SERVICE_AREA,W1T280P0,1,CREW_SHIFT_ID,ASC
CISADM,W1_CREW_SHIFT_SERVICE_AREA,W1T280P0,2,SEQNO,ASC
CISADM,W1_CREW_SHIFT_SERVICE_AREA,W1T280S1,1,SERVICE_AREA_CD,ASC
CISADM,W1_CREW_SHIFT_SERVICE_AREA,W1T280S1,2,CREW_SHIFT_ID,ASC
CISADM,W1_CREW_SHIFT_SERVICE_AREA,W1T280S1,3,SEQNO,ASC
CISADM,W1_CREW_SHIFT_SERVICE_CLASS,W1T281P0,1,CREW_SHIFT_ID,ASC
CISADM,W1_CREW_SHIFT_SERVICE_CLASS,W1T281P0,2,SEQNO,ASC
CISADM,W1_CREW_SHIFT_SERVICE_CLASS,W1T281S1,1,SERVICE_CLASS_CD,ASC
CISADM,W1_CREW_SHIFT_SERVICE_CLASS,W1T281S1,2,CREW_SHIFT_ID,ASC
CISADM,W1_CREW_SHIFT_SERVICE_CLASS,W1T281S1,3,SEQNO,ASC
CISADM,W1_CREW_SHIFT_TYPE,W1C542P0,1,CREW_SHIFT_TYPE_CD,ASC
CISADM,W1_CREW_SHIFT_TYPE_CHAR,W1C544P0,1,CREW_SHIFT_TYPE_CD,ASC
CISADM,W1_CREW_SHIFT_TYPE_CHAR,W1C544P0,2,CHAR_TYPE_CD,ASC
CISADM,W1_CREW_SHIFT_TYPE_CHAR,W1C544P0,3,SEQ_NUM,ASC
CISADM,W1_CREW_SHIFT_TYPE_CHAR,W1C544S1,1,SRCH_CHAR_VAL,ASC
CISADM,W1_CREW_SHIFT_TYPE_L,W1C543P0,1,CREW_SHIFT_TYPE_CD,ASC
CISADM,W1_CREW_SHIFT_TYPE_L,W1C543P0,2,LANGUAGE_CD,ASC
CISADM,W1_CREW_STR_ASSN,W1M919P0,1,W1_CREW_ID,ASC
CISADM,W1_CREW_STR_ASSN,W1M919P0,2,NODE_ID,ASC
CISADM,W1_CREW_TYPE,W1C539P0,1,CREW_TYPE_CD,ASC
CISADM,W1_CREW_TYPE_CHAR,W1C541P0,1,CREW_TYPE_CD,ASC
CISADM,W1_CREW_TYPE_CHAR,W1C541P0,2,CHAR_TYPE_CD,ASC
CISADM,W1_CREW_TYPE_CHAR,W1C541P0,3,SEQ_NUM,ASC
CISADM,W1_CREW_TYPE_CHAR,W1C541S1,1,SRCH_CHAR_VAL,ASC
CISADM,W1_CREW_TYPE_L,W1C540P0,1,CREW_TYPE_CD,ASC
CISADM,W1_CREW_TYPE_L,W1C540P0,2,LANGUAGE_CD,ASC
CISADM,W1_CREW_TYPE_RESRC_PROFILE,W1M779P0,1,CREW_TYPE_CD,ASC
CISADM,W1_CREW_TYPE_RESRC_PROFILE,W1M779P0,2,RESRC_TYPE_ID,ASC
CISADM,W1_CREW_VALID_MEMBER,W1M817P0,1,W1_CREW_ID,ASC
CISADM,W1_CREW_VALID_MEMBER,W1M817P0,2,EMPLOYEE_ID,ASC
CISADM,W1_CU,W1M746P0,1,CU_ID,ASC
CISADM,W1_CU,W1M746S1,1,CU_SET_CD,ASC
CISADM,W1_CU,W1M746S2,1,W1_DESCR100_UPR,ASC
CISADM,W1_CU_CATEGORY,W1C765P0,1,CU_CATEGORY_CD,ASC
CISADM,W1_CU_CATEGORY_CHAR,W1C767P0,1,CU_CATEGORY_CD,ASC
CISADM,W1_CU_CATEGORY_CHAR,W1C767P0,2,CHAR_TYPE_CD,ASC
CISADM,W1_CU_CATEGORY_CHAR,W1C767P0,3,SEQ_NUM,ASC
CISADM,W1_CU_CATEGORY_CHAR,W1C767S1,1,SRCH_CHAR_VAL,ASC
CISADM,W1_CU_CATEGORY_L,W1C766P0,1,CU_CATEGORY_CD,ASC
CISADM,W1_CU_CATEGORY_L,W1C766P0,2,LANGUAGE_CD,ASC
CISADM,W1_CU_CHAR,W1M747P0,1,CU_ID,ASC
CISADM,W1_CU_CHAR,W1M747P0,2,CHAR_TYPE_CD,ASC
CISADM,W1_CU_CHAR,W1M747P0,3,SEQ_NUM,ASC
CISADM,W1_CU_CHAR,W1M747S1,1,SRCH_CHAR_VAL,ASC
CISADM,W1_CU_CNTRCTR_BID,W1M771P0,1,CU_CNTRCTR_BID_ID,ASC
CISADM,W1_CU_CNTRCTR_BID_CHAR,W1M772P0,1,CU_CNTRCTR_BID_ID,ASC
CISADM,W1_CU_CNTRCTR_BID_CHAR,W1M772P0,2,CHAR_TYPE_CD,ASC
CISADM,W1_CU_CNTRCTR_BID_CHAR,W1M772P0,3,SEQ_NUM,ASC
CISADM,W1_CU_CNTRCTR_BID_CHAR,W1M772S1,1,SRCH_CHAR_VAL,ASC
CISADM,W1_CU_CNTRCTR_BID_DOCUMENT,W1M776P0,1,CU_CNTRCTR_BID_ID,ASC
CISADM,W1_CU_CNTRCTR_BID_DOCUMENT,W1M776P0,2,ATTACHMENT_ID,ASC
CISADM,W1_CU_CNTRCTR_BID_DOCUMENT,W1M776P0,3,DOCUMENT_ID,ASC
CISADM,W1_CU_CNTRCTR_BID_IDENTIFIER,W1M773P0,1,CU_CNTRCTR_BID_ID,ASC
CISADM,W1_CU_CNTRCTR_BID_IDENTIFIER,W1M773P0,2,CU_CNTRCTR_BID_ID_TYPE_FLG,ASC
CISADM,W1_CU_CNTRCTR_BID_IDENTIFIER,W1M773S1,1,CU_CNTRCTR_BID_ID_TYPE_FLG,ASC
CISADM,W1_CU_CNTRCTR_BID_IDENTIFIER,W1M773S1,2,W1_ID_VALUE,ASC
CISADM,W1_CU_CNTRCTR_BID_K,W1M778P0,1,CU_CNTRCTR_BID_ID,ASC
CISADM,W1_CU_CNTRCTR_BID_K,W1M778P0,2,ENV_ID,ASC
CISADM,W1_CU_CNTRCTR_BID_LOG,W1M774P0,1,CU_CNTRCTR_BID_ID,ASC
CISADM,W1_CU_CNTRCTR_BID_LOG,W1M774P0,2,SEQNO,ASC
CISADM,W1_CU_CNTRCTR_BID_LOG,W1M774S1,1,CHAR_TYPE_CD,ASC
CISADM,W1_CU_CNTRCTR_BID_LOG,W1M774S1,2,CHAR_VAL_FK1,ASC
CISADM,W1_CU_CNTRCTR_BID_LOG,W1M774S2,1,CHAR_TYPE_CD,ASC
CISADM,W1_CU_CNTRCTR_BID_LOG,W1M774S2,2,CHAR_VAL,ASC
CISADM,W1_CU_CNTRCTR_BID_LOG_PARM,W1M775P0,1,CU_CNTRCTR_BID_ID,ASC
CISADM,W1_CU_CNTRCTR_BID_LOG_PARM,W1M775P0,2,SEQNO,ASC
CISADM,W1_CU_CNTRCTR_BID_LOG_PARM,W1M775P0,3,PARM_SEQ,ASC
CISADM,W1_CU_CNTRCTR_BID_NOTE,W1M777P0,1,CU_CNTRCTR_BID_ID,ASC
CISADM,W1_CU_CNTRCTR_BID_NOTE,W1M777P0,2,SEQNO,ASC
CISADM,W1_CU_COST_CENTER,W1M755P0,1,CU_ID,ASC
CISADM,W1_CU_COST_CENTER,W1M755P0,2,COST_CENTER_CD,ASC
CISADM,W1_CU_COST_CENTER,W1M755P0,3,CU_ACCT_USAGE_FLG,ASC
CISADM,W1_CU_DOCUMENT,W1M751P0,1,CU_ID,ASC
CISADM,W1_CU_DOCUMENT,W1M751P0,2,ATTACHMENT_ID,ASC
CISADM,W1_CU_DOCUMENT,W1M751P0,3,DOCUMENT_ID,ASC
CISADM,W1_CU_IDENTIFIER,W1M748P0,1,CU_ID,ASC
CISADM,W1_CU_IDENTIFIER,W1M748P0,2,CU_ID_TYPE_FLG,ASC
CISADM,W1_CU_IDENTIFIER,W1M748S1,1,CU_ID_TYPE_FLG,ASC
CISADM,W1_CU_IDENTIFIER,W1M748S1,2,W1_ID_VALUE,ASC
CISADM,W1_CU_K,W1M756P0,1,CU_ID,ASC
CISADM,W1_CU_K,W1M756P0,2,ENV_ID,ASC
CISADM,W1_CU_LOG,W1M749P0,1,CU_ID,ASC
CISADM,W1_CU_LOG,W1M749P0,2,SEQNO,ASC
CISADM,W1_CU_LOG,W1M749S1,1,CHAR_TYPE_CD,ASC
CISADM,W1_CU_LOG,W1M749S1,2,CHAR_VAL_FK1,ASC
CISADM,W1_CU_LOG,W1M749S2,1,CHAR_TYPE_CD,ASC
CISADM,W1_CU_LOG,W1M749S2,2,CHAR_VAL,ASC
CISADM,W1_CU_LOG_PARM,W1M750P0,1,CU_ID,ASC
CISADM,W1_CU_LOG_PARM,W1M750P0,2,SEQNO,ASC
CISADM,W1_CU_LOG_PARM,W1M750P0,3,PARM_SEQ,ASC
CISADM,W1_CU_NOTE,W1M752P0,1,CU_ID,ASC
CISADM,W1_CU_NOTE,W1M752P0,2,SEQNO,ASC
CISADM,W1_CU_REF_CU,W1M754P0,1,CU_ID,ASC
CISADM,W1_CU_REF_CU,W1M754P0,2,REF_CU_ID,ASC
CISADM,W1_CU_RESRC_TYPE,W1M753P0,1,CU_ID,ASC
CISADM,W1_CU_RESRC_TYPE,W1M753P0,2,RESRC_TYPE_ID,ASC
CISADM,W1_CU_RESRC_TYPE,W1M753P0,3,MAT_ACTION_FLG,ASC
CISADM,W1_CU_SET,W1C757P0,1,CU_SET_CD,ASC
CISADM,W1_CU_SET_CHAR,W1C758P0,1,CU_SET_CD,ASC
CISADM,W1_CU_SET_CHAR,W1C758P0,2,CHAR_TYPE_CD,ASC
CISADM,W1_CU_SET_CHAR,W1C758P0,3,SEQ_NUM,ASC
CISADM,W1_CU_SET_CHAR,W1C758S1,1,SRCH_CHAR_VAL,ASC
CISADM,W1_CU_SET_DOCUMENT,W1C762P0,1,CU_SET_CD,ASC
CISADM,W1_CU_SET_DOCUMENT,W1C762P0,2,ATTACHMENT_ID,ASC
CISADM,W1_CU_SET_DOCUMENT,W1C762P0,3,DOCUMENT_ID,ASC
CISADM,W1_CU_SET_IDENTIFIER,W1C759P0,1,CU_SET_CD,ASC
CISADM,W1_CU_SET_IDENTIFIER,W1C759P0,2,CU_SET_ID_TYPE_FLG,ASC
CISADM,W1_CU_SET_IDENTIFIER,W1C759S1,1,CU_SET_ID_TYPE_FLG,ASC
CISADM,W1_CU_SET_IDENTIFIER,W1C759S1,2,W1_ID_VALUE,ASC
CISADM,W1_CU_SET_L,W1C764P0,1,CU_SET_CD,ASC
CISADM,W1_CU_SET_L,W1C764P0,2,LANGUAGE_CD,ASC
CISADM,W1_CU_SET_LOG,W1C760P0,1,CU_SET_CD,ASC
CISADM,W1_CU_SET_LOG,W1C760P0,2,SEQNO,ASC
CISADM,W1_CU_SET_LOG,W1C760S1,1,CHAR_TYPE_CD,ASC
CISADM,W1_CU_SET_LOG,W1C760S1,2,CHAR_VAL_FK1,ASC
CISADM,W1_CU_SET_LOG,W1C760S2,1,CHAR_TYPE_CD,ASC
CISADM,W1_CU_SET_LOG,W1C760S2,2,CHAR_VAL,ASC
CISADM,W1_CU_SET_LOG_PARM,W1C761P0,1,CU_SET_CD,ASC
CISADM,W1_CU_SET_LOG_PARM,W1C761P0,2,SEQNO,ASC
CISADM,W1_CU_SET_LOG_PARM,W1C761P0,3,PARM_SEQ,ASC
CISADM,W1_CU_SET_NOTE,W1M763P0,1,CU_SET_CD,ASC
CISADM,W1_CU_SET_NOTE,W1M763P0,2,SEQNO,ASC
CISADM,W1_CU_USAGE,W1C807P0,1,CU_USAGE_CD,ASC
CISADM,W1_CU_USAGE_CHAR,W1C809P0,1,CU_USAGE_CD,ASC
CISADM,W1_CU_USAGE_CHAR,W1C809P0,2,CHAR_TYPE_CD,ASC
CISADM,W1_CU_USAGE_CHAR,W1C809P0,3,SEQ_NUM,ASC
CISADM,W1_CU_USAGE_CHAR,W1C809S1,1,SRCH_CHAR_VAL,ASC
CISADM,W1_CU_USAGE_COST_CENTER,W1C810P0,1,CU_USAGE_CD,ASC
CISADM,W1_CU_USAGE_COST_CENTER,W1C810P0,2,COST_CENTER_CD,ASC
CISADM,W1_CU_USAGE_L,W1C808P0,1,CU_USAGE_CD,ASC
CISADM,W1_CU_USAGE_L,W1C808P0,2,LANGUAGE_CD,ASC
CISADM,W1_DESIGN_ELEMENT,W1T796P0,1,DESIGN_ELEMENT_ID,ASC
CISADM,W1_DESIGN_ELEMENT,W1T796S1,1,W1_DESCR100_UPR,ASC
CISADM,W1_DESIGN_ELEMENT_CHAR,W1M799P0,1,DESIGN_ELEMENT_ID,ASC
CISADM,W1_DESIGN_ELEMENT_CHAR,W1M799P0,2,CHAR_TYPE_CD,ASC
CISADM,W1_DESIGN_ELEMENT_CHAR,W1M799P0,3,SEQ_NUM,ASC
CISADM,W1_DESIGN_ELEMENT_CU,W1T798P0,1,DESIGN_ELEMENT_ID,ASC
CISADM,W1_DESIGN_ELEMENT_CU,W1T798P0,2,CU_ID,ASC
CISADM,W1_DESIGN_ELEMENT_DOCUMENT,W1M803P0,1,DESIGN_ELEMENT_ID,ASC
CISADM,W1_DESIGN_ELEMENT_DOCUMENT,W1M803P0,2,ATTACHMENT_ID,ASC
CISADM,W1_DESIGN_ELEMENT_DOCUMENT,W1M803P0,3,DOCUMENT_ID,ASC
CISADM,W1_DESIGN_ELEMENT_IDENTIFIER,W1M800P0,1,DESIGN_ELEMENT_ID,ASC
CISADM,W1_DESIGN_ELEMENT_IDENTIFIER,W1M800P0,2,DESIGN_ELEMENT_ID_TYPE_FLG,ASC
CISADM,W1_DESIGN_ELEMENT_ITEMS,W1T797P0,1,DESIGN_ELEMENT_ID,ASC
CISADM,W1_DESIGN_ELEMENT_ITEMS,W1T797P0,2,RESRC_TYPE_ID,ASC
CISADM,W1_DESIGN_ELEMENT_ITEMS,W1T797P0,3,CU_ID,ASC
CISADM,W1_DESIGN_ELEMENT_ITEMS,W1T797P0,4,MAT_ACTION_FLG,ASC
CISADM,W1_DESIGN_ELEMENT_K,W1T806P0,1,DESIGN_ELEMENT_ID,ASC
CISADM,W1_DESIGN_ELEMENT_K,W1T806P0,2,ENV_ID,ASC
CISADM,W1_DESIGN_ELEMENT_LOG,W1M801P0,1,DESIGN_ELEMENT_ID,ASC
CISADM,W1_DESIGN_ELEMENT_LOG,W1M801P0,2,SEQNO,ASC
CISADM,W1_DESIGN_ELEMENT_LOG_PARM,W1M802P0,1,DESIGN_ELEMENT_ID,ASC
CISADM,W1_DESIGN_ELEMENT_LOG_PARM,W1M802P0,2,SEQNO,ASC
CISADM,W1_DESIGN_ELEMENT_LOG_PARM,W1M802P0,3,PARM_SEQ,ASC
CISADM,W1_DESIGN_ELEMENT_NOTE,W1M804P0,1,DESIGN_ELEMENT_ID,ASC
CISADM,W1_DESIGN_ELEMENT_NOTE,W1M804P0,2,SEQNO,ASC
CISADM,W1_DIST_CODE,W1C615P0,1,DISTRIBUTION_CD,ASC
CISADM,W1_DIST_CODE_CHAR,W1C617P0,1,DISTRIBUTION_CD,ASC
CISADM,W1_DIST_CODE_CHAR,W1C617P0,2,CHAR_TYPE_CD,ASC
CISADM,W1_DIST_CODE_CHAR,W1C617P0,3,SEQ_NUM,ASC
CISADM,W1_DIST_CODE_CHAR,W1C617S1,1,SRCH_CHAR_VAL,ASC
CISADM,W1_DIST_CODE_GL_DETAIL,W1C618P0,1,DISTRIBUTION_CD,ASC
CISADM,W1_DIST_CODE_GL_DETAIL,W1C618P0,2,EFFDT,ASC
CISADM,W1_DIST_CODE_L,W1C616P0,1,DISTRIBUTION_CD,ASC
CISADM,W1_DIST_CODE_L,W1C616P0,2,LANGUAGE_CD,ASC
CISADM,W1_DOCUMENT,W1M577P0,1,DOCUMENT_ID,ASC
CISADM,W1_DOCUMENT,W1M577S1,1,BUS_OBJ_CD,ASC
CISADM,W1_DOCUMENT,W1M577S1,2,BO_STATUS_CD,ASC
CISADM,W1_DOCUMENT,W1M577S1,3,DOCUMENT_ID,ASC
CISADM,W1_DOCUMENT_CHAR,W1M579P0,1,DOCUMENT_ID,ASC
CISADM,W1_DOCUMENT_CHAR,W1M579P0,2,CHAR_TYPE_CD,ASC
CISADM,W1_DOCUMENT_CHAR,W1M579P0,3,EFF_DT,ASC
CISADM,W1_DOCUMENT_CHAR,W1M579S1,1,SRCH_CHAR_VAL,ASC
CISADM,W1_DOCUMENT_IDENTIFIER,W1M580P0,1,DOCUMENT_ID,ASC
CISADM,W1_DOCUMENT_IDENTIFIER,W1M580P0,2,DOCUMENT_ID_TYPE_FLG,ASC
CISADM,W1_DOCUMENT_IDENTIFIER,W1M580S1,1,W1_ID_VALUE,ASC
CISADM,W1_DOCUMENT_IDENTIFIER,W1M580S1,2,DOCUMENT_ID_TYPE_FLG,ASC
CISADM,W1_DOCUMENT_IDENTIFIER,W1M580S2,1,SYS_NC00005$,ASC
CISADM,W1_DOCUMENT_IDENTIFIER,W1M580S2,2,DOCUMENT_ID_TYPE_FLG,ASC
CISADM,W1_DOCUMENT_K,W1M578P0,1,DOCUMENT_ID,ASC
CISADM,W1_DOCUMENT_K,W1M578P0,2,ENV_ID,ASC
CISADM,W1_DOCUMENT_LOG,W1M581P0,1,DOCUMENT_ID,ASC
CISADM,W1_DOCUMENT_LOG,W1M581P0,2,SEQNO,ASC
CISADM,W1_DOCUMENT_LOG_PARM,W1M582P0,1,DOCUMENT_ID,ASC
CISADM,W1_DOCUMENT_LOG_PARM,W1M582P0,2,SEQNO,ASC
CISADM,W1_DOCUMENT_LOG_PARM,W1M582P0,3,PARM_SEQ,ASC
CISADM,W1_DOCUMENT_TYPE,W1C606P0,1,DOCUMENT_TYPE_CD,ASC
CISADM,W1_DOCUMENT_TYPE_CHAR,W1C608P0,1,DOCUMENT_TYPE_CD,ASC
CISADM,W1_DOCUMENT_TYPE_CHAR,W1C608P0,2,CHAR_TYPE_CD,ASC
CISADM,W1_DOCUMENT_TYPE_CHAR,W1C608P0,3,SEQ_NUM,ASC
CISADM,W1_DOCUMENT_TYPE_CHAR,W1C608S1,1,SRCH_CHAR_VAL,ASC
CISADM,W1_DOCUMENT_TYPE_L,W1C607P0,1,DOCUMENT_TYPE_CD,ASC
CISADM,W1_DOCUMENT_TYPE_L,W1C607P0,2,LANGUAGE_CD,ASC
CISADM,W1_EMPLOYEE,W1M500P0,1,EMPLOYEE_ID,ASC
CISADM,W1_EMPLOYEE,W1M500S1,1,EMPLOYEE_ID,ASC
CISADM,W1_EMPLOYEE,W1M500S1,2,EMPLOYEE_TYPE_CD,ASC
CISADM,W1_EMPLOYEE,W1M500S2,1,BUS_OBJ_CD,ASC
CISADM,W1_EMPLOYEE,W1M500S2,2,BO_STATUS_CD,ASC
CISADM,W1_EMPLOYEE,W1M500S2,3,EMPLOYEE_ID,ASC
CISADM,W1_EMPLOYEE,W1M500S3,1,W1_LAST_NAME_UPR,ASC
CISADM,W1_EMPLOYEE,W1M500S4,1,RESRC_TYPE_ID,ASC
CISADM,W1_EMPLOYEE_BILLABLE_RATE,W1M503P0,1,EMPLOYEE_ID,ASC
CISADM,W1_EMPLOYEE_BILLABLE_RATE,W1M503P0,2,EFFDT,ASC
CISADM,W1_EMPLOYEE_CHAR,W1M506P0,1,EMPLOYEE_ID,ASC
CISADM,W1_EMPLOYEE_CHAR,W1M506P0,2,CHAR_TYPE_CD,ASC
CISADM,W1_EMPLOYEE_CHAR,W1M506P0,3,SEQ_NUM,ASC
CISADM,W1_EMPLOYEE_CHAR,W1M506S1,1,SRCH_CHAR_VAL,ASC
CISADM,W1_EMPLOYEE_IDENTIFIER,W1M505P0,1,EMPLOYEE_ID,ASC
CISADM,W1_EMPLOYEE_IDENTIFIER,W1M505P0,2,EMPLOYEE_ID_TYPE_FLG,ASC
CISADM,W1_EMPLOYEE_IDENTIFIER,W1M505S0,1,W1_ID_VALUE,ASC
CISADM,W1_EMPLOYEE_IDENTIFIER,W1M505S0,2,EMPLOYEE_ID_TYPE_FLG,ASC
CISADM,W1_EMPLOYEE_IDENTIFIER,W1M505S1,1,SYS_NC00005$,ASC
CISADM,W1_EMPLOYEE_IDENTIFIER,W1M505S1,2,EMPLOYEE_ID_TYPE_FLG,ASC
CISADM,W1_EMPLOYEE_K,W1M509P0,1,EMPLOYEE_ID,ASC
CISADM,W1_EMPLOYEE_K,W1M509P0,2,ENV_ID,ASC
CISADM,W1_EMPLOYEE_LOG,W1M507P0,1,EMPLOYEE_ID,ASC
CISADM,W1_EMPLOYEE_LOG,W1M507P0,2,SEQNO,ASC
CISADM,W1_EMPLOYEE_LOG,W1M507S1,1,CHAR_TYPE_CD,ASC
CISADM,W1_EMPLOYEE_LOG,W1M507S1,2,CHAR_VAL_FK1,ASC
CISADM,W1_EMPLOYEE_LOG,W1M507S2,1,CHAR_TYPE_CD,ASC
CISADM,W1_EMPLOYEE_LOG,W1M507S2,2,CHAR_VAL,ASC
CISADM,W1_EMPLOYEE_LOG_PARM,W1M508P0,1,EMPLOYEE_ID,ASC
CISADM,W1_EMPLOYEE_LOG_PARM,W1M508P0,2,SEQNO,ASC
CISADM,W1_EMPLOYEE_LOG_PARM,W1M508P0,3,PARM_SEQ,ASC
CISADM,W1_EMPLOYEE_PHONE,W1M504P0,1,EMPLOYEE_ID,ASC
CISADM,W1_EMPLOYEE_PHONE,W1M504P0,2,SEQNO,ASC
CISADM,W1_EMPLOYEE_PHONE,W1M504S1,1,EMPLOYEE_ID,ASC
CISADM,W1_EMPLOYEE_PHONE,W1M504S1,2,PHONE_TYPE_FLG,ASC
CISADM,W1_EMPLOYEE_TRAINING,W1M502P0,1,EMPLOYEE_ID,ASC
CISADM,W1_EMPLOYEE_TRAINING,W1M502P0,2,COURSE_FLG,ASC
CISADM,W1_EMPLOYEE_TRAINING,W1M502P0,3,EFFECTIVE_DT,ASC
CISADM,W1_EMPLOYEE_TYPE,W1C526P0,1,EMPLOYEE_TYPE_CD,ASC
CISADM,W1_EMPLOYEE_TYPE_CHAR,W1C528P0,1,EMPLOYEE_TYPE_CD,ASC
CISADM,W1_EMPLOYEE_TYPE_CHAR,W1C528P0,2,CHAR_TYPE_CD,ASC
CISADM,W1_EMPLOYEE_TYPE_CHAR,W1C528P0,3,SEQ_NUM,ASC
CISADM,W1_EMPLOYEE_TYPE_CHAR,W1C528S1,1,SRCH_CHAR_VAL,ASC
CISADM,W1_EMPLOYEE_TYPE_L,W1C527P0,1,EMPLOYEE_TYPE_CD,ASC
CISADM,W1_EMPLOYEE_TYPE_L,W1C527P0,2,LANGUAGE_CD,ASC
CISADM,W1_EMPLOYEE_WORK_AREA,W1M501P0,1,EMPLOYEE_ID,ASC
CISADM,W1_EMPLOYEE_WORK_AREA,W1M501P0,2,SERVICE_AREA_CD,ASC
CISADM,W1_EMP_AUTO_TIMESHEET,W1M954P0,1,EMPLOYEE_ID,ASC
CISADM,W1_EMP_AUTO_TIMESHEET,W1M954P0,2,SEQNO,ASC
CISADM,W1_EQUIP_GROUP,W1C768P0,1,EQUIP_GROUP_CD,ASC
CISADM,W1_EQUIP_GROUP_CHAR,W1C770P0,1,EQUIP_GROUP_CD,ASC
CISADM,W1_EQUIP_GROUP_CHAR,W1C770P0,2,CHAR_TYPE_CD,ASC
CISADM,W1_EQUIP_GROUP_CHAR,W1C770P0,3,SEQ_NUM,ASC
CISADM,W1_EQUIP_GROUP_CHAR,W1C770S1,1,SRCH_CHAR_VAL,ASC
CISADM,W1_EQUIP_GROUP_L,W1C769P0,1,EQUIP_GROUP_CD,ASC
CISADM,W1_EQUIP_GROUP_L,W1C769P0,2,LANGUAGE_CD,ASC
CISADM,W1_ERP_INTEGRATION,W1C689P0,1,MAINT_OBJ_CD,ASC
CISADM,W1_ERP_INTEGRATION_CHAR,W1C690P0,1,MAINT_OBJ_CD,ASC
CISADM,W1_ERP_INTEGRATION_CHAR,W1C690P0,2,CHAR_TYPE_CD,ASC
CISADM,W1_ERP_INTEGRATION_CHAR,W1C690P0,3,SEQ_NUM,ASC
CISADM,W1_ERP_INTEGRATION_CHAR,W1C690S1,1,SRCH_CHAR_VAL,ASC
CISADM,W1_ERP_INTEGRATION_LOG,W1T496P0,1,MAINT_OBJ_CD,ASC
CISADM,W1_ERP_INTEGRATION_LOG,W1T496P0,2,SEQNO,ASC
CISADM,W1_ERP_INTEGRATION_LOG,W1T496S1,1,CHAR_TYPE_CD,ASC
CISADM,W1_ERP_INTEGRATION_LOG,W1T496S1,2,CHAR_VAL_FK1,ASC
CISADM,W1_ERP_INTEGRATION_LOG,W1T496S2,1,CHAR_TYPE_CD,ASC
CISADM,W1_ERP_INTEGRATION_LOG,W1T496S2,2,CHAR_VAL,ASC
CISADM,W1_ERP_INTEGRATION_LOG_PARM,W1T497P0,1,MAINT_OBJ_CD,ASC
CISADM,W1_ERP_INTEGRATION_LOG_PARM,W1T497P0,2,SEQNO,ASC
CISADM,W1_ERP_INTEGRATION_LOG_PARM,W1T497P0,3,PARM_SEQ,ASC
CISADM,W1_EU,W1M511P0,1,EU_ID,ASC
CISADM,W1_EU,W1M511S1,1,EU_ID,ASC
CISADM,W1_EU,W1M511S1,2,EU_TYPE_CD,ASC
CISADM,W1_EU,W1M511S2,1,BUS_OBJ_CD,ASC
CISADM,W1_EU,W1M511S2,2,BO_STATUS_CD,ASC
CISADM,W1_EU,W1M511S2,3,EU_ID,ASC
CISADM,W1_EU,W1M511S3,1,EU_START_DTTM,ASC
CISADM,W1_EU,W1M511S4,1,EU_END_DTTM,ASC
CISADM,W1_EU,W1M511S5,1,W1_DESCR100_UPR,ASC
CISADM,W1_EU_CHAR,W1M514P0,1,EU_ID,ASC
CISADM,W1_EU_CHAR,W1M514P0,2,CHAR_TYPE_CD,ASC
CISADM,W1_EU_CHAR,W1M514P0,3,SEQ_NUM,ASC
CISADM,W1_EU_CHAR,W1M514S1,1,SRCH_CHAR_VAL,ASC
CISADM,W1_EU_EMPLOYEE,W1M512P0,1,EU_ID,ASC
CISADM,W1_EU_EMPLOYEE,W1M512P0,2,EMPLOYEE_ID,ASC
CISADM,W1_EU_IDENTIFIER,W1M513P0,1,EU_ID,ASC
CISADM,W1_EU_IDENTIFIER,W1M513P0,2,EU_ID_TYPE_FLG,ASC
CISADM,W1_EU_IDENTIFIER,W1M513S0,1,W1_ID_VALUE,ASC
CISADM,W1_EU_IDENTIFIER,W1M513S0,2,EU_ID_TYPE_FLG,ASC
CISADM,W1_EU_IDENTIFIER,W1M513S1,1,SYS_NC00005$,ASC
CISADM,W1_EU_IDENTIFIER,W1M513S1,2,EU_ID_TYPE_FLG,ASC
CISADM,W1_EU_K,W1M517P0,1,EU_ID,ASC
CISADM,W1_EU_K,W1M517P0,2,ENV_ID,ASC
CISADM,W1_EU_LOG,W1M515P0,1,EU_ID,ASC
CISADM,W1_EU_LOG,W1M515P0,2,SEQNO,ASC
CISADM,W1_EU_LOG,W1M515S1,1,CHAR_TYPE_CD,ASC
CISADM,W1_EU_LOG,W1M515S1,2,CHAR_VAL_FK1,ASC
CISADM,W1_EU_LOG,W1M515S2,1,CHAR_TYPE_CD,ASC
CISADM,W1_EU_LOG,W1M515S2,2,CHAR_VAL,ASC
CISADM,W1_EU_LOG_PARM,W1M516P0,1,EU_ID,ASC
CISADM,W1_EU_LOG_PARM,W1M516P0,2,SEQNO,ASC
CISADM,W1_EU_LOG_PARM,W1M516P0,3,PARM_SEQ,ASC
CISADM,W1_EU_TIMESHEET,W1M961P0,1,EU_ID,ASC
CISADM,W1_EU_TIMESHEET,W1M961P0,2,EU_DT,ASC
CISADM,W1_EU_TYPE,W1C529P0,1,EU_TYPE_CD,ASC
CISADM,W1_EU_TYPE_CHAR,W1C531P0,1,EU_TYPE_CD,ASC
CISADM,W1_EU_TYPE_CHAR,W1C531P0,2,CHAR_TYPE_CD,ASC
CISADM,W1_EU_TYPE_CHAR,W1C531P0,3,SEQ_NUM,ASC
CISADM,W1_EU_TYPE_CHAR,W1C531S1,1,SRCH_CHAR_VAL,ASC
CISADM,W1_EU_TYPE_L,W1C530P0,1,EU_TYPE_CD,ASC
CISADM,W1_EU_TYPE_L,W1C530P0,2,LANGUAGE_CD,ASC
CISADM,W1_EXPEDITE,W1T428P0,1,EXPEDITE_ID,ASC
CISADM,W1_EXPEDITE_CHAR,W1T431P0,1,EXPEDITE_ID,ASC
CISADM,W1_EXPEDITE_CHAR,W1T431P0,2,CHAR_TYPE_CD,ASC
CISADM,W1_EXPEDITE_CHAR,W1T431P0,3,SEQ_NUM,ASC
CISADM,W1_EXPEDITE_CHAR,W1T431S1,1,SRCH_CHAR_VAL,ASC
CISADM,W1_EXPEDITE_IDENTIFIER,W1T499P0,1,EXPEDITE_ID,ASC
CISADM,W1_EXPEDITE_IDENTIFIER,W1T499P0,2,EXPEDITE_ID_TYPE_FLG,ASC
CISADM,W1_EXPEDITE_IDENTIFIER,W1T499S0,1,W1_ID_VALUE,ASC
CISADM,W1_EXPEDITE_IDENTIFIER,W1T499S0,2,EXPEDITE_ID_TYPE_FLG,ASC
CISADM,W1_EXPEDITE_IDENTIFIER,W1T499S1,1,SYS_NC00005$,ASC
CISADM,W1_EXPEDITE_IDENTIFIER,W1T499S1,2,EXPEDITE_ID_TYPE_FLG,ASC
CISADM,W1_EXPEDITE_K,W1T429P0,1,EXPEDITE_ID,ASC
CISADM,W1_EXPEDITE_K,W1T429P0,2,ENV_ID,ASC
CISADM,W1_EXPEDITE_LOG,W1T432P0,1,EXPEDITE_ID,ASC
CISADM,W1_EXPEDITE_LOG,W1T432P0,2,SEQNO,ASC
CISADM,W1_EXPEDITE_LOG,W1T432S1,1,CHAR_TYPE_CD,ASC
CISADM,W1_EXPEDITE_LOG,W1T432S1,2,CHAR_VAL_FK1,ASC
CISADM,W1_EXPEDITE_LOG,W1T432S2,1,CHAR_TYPE_CD,ASC
CISADM,W1_EXPEDITE_LOG,W1T432S2,2,CHAR_VAL,ASC
CISADM,W1_EXPEDITE_LOG_PARM,W1T433P0,1,EXPEDITE_ID,ASC
CISADM,W1_EXPEDITE_LOG_PARM,W1T433P0,2,SEQNO,ASC
CISADM,W1_EXPEDITE_LOG_PARM,W1T433P0,3,PARM_SEQ,ASC
CISADM,W1_EXPEDITE_PO_LINE,W1T430P0,1,EXPEDITE_ID,ASC
CISADM,W1_EXPEDITE_PO_LINE,W1T430P0,2,PO_LINE_ID,ASC
CISADM,W1_EXPEDITE_PO_LINE,W1T430P0,3,SEQNO,ASC
CISADM,W1_EXPENSE_CD,W1C597P0,1,EXPENSE_CD,ASC
CISADM,W1_EXPENSE_CD_CHAR,W1C598P0,1,EXPENSE_CD,ASC
CISADM,W1_EXPENSE_CD_CHAR,W1C598P0,2,CHAR_TYPE_CD,ASC
CISADM,W1_EXPENSE_CD_CHAR,W1C598P0,3,SEQ_NUM,ASC
CISADM,W1_EXPENSE_CD_CHAR,W1C598S1,1,SRCH_CHAR_VAL,ASC
CISADM,W1_EXPENSE_CD_IDENTIFIER,W1M709P0,1,EXPENSE_CD,ASC
CISADM,W1_EXPENSE_CD_IDENTIFIER,W1M709P0,2,EXPENSE_CD_ID_TYPE_FLG,ASC
CISADM,W1_EXPENSE_CD_IDENTIFIER,W1M709S1,1,W1_ID_VAL,ASC
CISADM,W1_EXPENSE_CD_IDENTIFIER,W1M709S1,2,EXPENSE_CD_ID_TYPE_FLG,ASC
CISADM,W1_EXPENSE_CD_IDENTIFIER,W1M709S2,1,SYS_NC00005$,ASC
CISADM,W1_EXPENSE_CD_IDENTIFIER,W1M709S2,2,EXPENSE_CD_ID_TYPE_FLG,ASC
CISADM,W1_EXPENSE_CD_L,W1C599P0,1,EXPENSE_CD,ASC
CISADM,W1_EXPENSE_CD_L,W1C599P0,2,LANGUAGE_CD,ASC
CISADM,W1_EXPENSE_CD_LOG,W1C613P0,1,EXPENSE_CD,ASC
CISADM,W1_EXPENSE_CD_LOG,W1C613P0,2,SEQNO,ASC
CISADM,W1_EXPENSE_CD_LOG_PARM,W1C614P0,1,EXPENSE_CD,ASC
CISADM,W1_EXPENSE_CD_LOG_PARM,W1C614P0,2,SEQNO,ASC
CISADM,W1_EXPENSE_CD_LOG_PARM,W1C614P0,3,PARM_SEQ,ASC
CISADM,W1_FACTOR,W1C570P0,1,W1_FACTOR_CD,ASC
CISADM,W1_FACTOR_CHAR,W1C573P0,1,W1_FACTOR_CD,ASC
CISADM,W1_FACTOR_CHAR,W1C573P0,2,CHAR_TYPE_CD,ASC
CISADM,W1_FACTOR_CHAR,W1C573P0,3,SEQ_NUM,ASC
CISADM,W1_FACTOR_CHAR,W1C573S1,1,SRCH_CHAR_VAL,ASC
CISADM,W1_FACTOR_CHAR_VAL,W1C572P0,1,W1_FACTOR_CD,ASC
CISADM,W1_FACTOR_CHAR_VAL,W1C572P0,2,FACT_CHAR_TYPE_CD,ASC
CISADM,W1_FACTOR_CHAR_VAL,W1C572P0,3,FACT_CHAR_VAL,ASC
CISADM,W1_FACTOR_L,W1C571P0,1,W1_FACTOR_CD,ASC
CISADM,W1_FACTOR_L,W1C571P0,2,LANGUAGE_CD,ASC
CISADM,W1_FACTOR_VAL,W1C574P0,1,W1_FACTOR_CD,ASC
CISADM,W1_FACTOR_VAL,W1C574P0,2,FACT_CHAR_TYPE_CD,ASC
CISADM,W1_FACTOR_VAL,W1C574P0,3,FACT_CHAR_VAL,ASC
CISADM,W1_FACTOR_VAL,W1C574P0,4,EFF_DTTM,ASC
CISADM,W1_FACTOR_VAL_CHAR,W1C575P0,1,W1_FACTOR_CD,ASC
CISADM,W1_FACTOR_VAL_CHAR,W1C575P0,2,FACT_CHAR_TYPE_CD,ASC
CISADM,W1_FACTOR_VAL_CHAR,W1C575P0,3,FACT_CHAR_VAL,ASC
CISADM,W1_FACTOR_VAL_CHAR,W1C575P0,4,EFF_DTTM,ASC
CISADM,W1_FACTOR_VAL_CHAR,W1C575P0,5,CHAR_TYPE_CD,ASC
CISADM,W1_FACTOR_VAL_CHAR,W1C575P0,6,SEQ_NUM,ASC
CISADM,W1_FACTOR_VAL_CHAR,W1C575S1,1,SRCH_CHAR_VAL,ASC
CISADM,W1_FAILURE_COMP,W1C665P0,1,FAILURE_COMP_CD,ASC
CISADM,W1_FAILURE_COMP_CHAR,W1C667P0,1,FAILURE_COMP_CD,ASC
CISADM,W1_FAILURE_COMP_CHAR,W1C667P0,2,CHAR_TYPE_CD,ASC
CISADM,W1_FAILURE_COMP_CHAR,W1C667P0,3,SEQ_NUM,ASC
CISADM,W1_FAILURE_COMP_CHAR,W1C667S1,1,SRCH_CHAR_VAL,ASC
CISADM,W1_FAILURE_COMP_L,W1C666P0,1,FAILURE_COMP_CD,ASC
CISADM,W1_FAILURE_COMP_L,W1C666P0,2,LANGUAGE_CD,ASC
CISADM,W1_FAILURE_MODE,W1C656P0,1,FAILURE_MODE_CD,ASC
CISADM,W1_FAILURE_MODE_CHAR,W1C658P0,1,FAILURE_MODE_CD,ASC
CISADM,W1_FAILURE_MODE_CHAR,W1C658P0,2,CHAR_TYPE_CD,ASC
CISADM,W1_FAILURE_MODE_CHAR,W1C658P0,3,SEQ_NUM,ASC
CISADM,W1_FAILURE_MODE_CHAR,W1C658S1,1,SRCH_CHAR_VAL,ASC
CISADM,W1_FAILURE_MODE_L,W1C657P0,1,FAILURE_MODE_CD,ASC
CISADM,W1_FAILURE_MODE_L,W1C657P0,2,LANGUAGE_CD,ASC
CISADM,W1_FAILURE_PROF,W1C668P0,1,FAILURE_PROFILE_CD,ASC
CISADM,W1_FAILURE_PROF_CHAR,W1C670P0,1,FAILURE_PROFILE_CD,ASC
CISADM,W1_FAILURE_PROF_CHAR,W1C670P0,2,CHAR_TYPE_CD,ASC
CISADM,W1_FAILURE_PROF_CHAR,W1C670P0,3,SEQ_NUM,ASC
CISADM,W1_FAILURE_PROF_CHAR,W1C670S1,1,SRCH_CHAR_VAL,ASC
CISADM,W1_FAILURE_PROF_FAILURE_COMP,W1C674P0,1,FAILURE_PROFILE_CD,ASC
CISADM,W1_FAILURE_PROF_FAILURE_COMP,W1C674P0,2,FAILURE_COMP_CD,ASC
CISADM,W1_FAILURE_PROF_FAILURE_MODE,W1C671P0,1,FAILURE_PROFILE_CD,ASC
CISADM,W1_FAILURE_PROF_FAILURE_MODE,W1C671P0,2,FAILURE_MODE_CD,ASC
CISADM,W1_FAILURE_PROF_FAILURE_REPAIR,W1C673P0,1,FAILURE_PROFILE_CD,ASC
CISADM,W1_FAILURE_PROF_FAILURE_REPAIR,W1C673P0,2,FAILURE_REPAIR_CD,ASC
CISADM,W1_FAILURE_PROF_FAILURE_TYPE,W1C672P0,1,FAILURE_PROFILE_CD,ASC
CISADM,W1_FAILURE_PROF_FAILURE_TYPE,W1C672P0,2,FAILURE_TYPE_CD,ASC
CISADM,W1_FAILURE_PROF_L,W1C669P0,1,FAILURE_PROFILE_CD,ASC
CISADM,W1_FAILURE_PROF_L,W1C669P0,2,LANGUAGE_CD,ASC
CISADM,W1_FAILURE_REPAIR,W1C662P0,1,FAILURE_REPAIR_CD,ASC
CISADM,W1_FAILURE_REPAIR_CHAR,W1C664P0,1,FAILURE_REPAIR_CD,ASC
CISADM,W1_FAILURE_REPAIR_CHAR,W1C664P0,2,CHAR_TYPE_CD,ASC
CISADM,W1_FAILURE_REPAIR_CHAR,W1C664P0,3,SEQ_NUM,ASC
CISADM,W1_FAILURE_REPAIR_CHAR,W1C664S1,1,SRCH_CHAR_VAL,ASC
CISADM,W1_FAILURE_REPAIR_L,W1C663P0,1,FAILURE_REPAIR_CD,ASC
CISADM,W1_FAILURE_REPAIR_L,W1C663P0,2,LANGUAGE_CD,ASC
CISADM,W1_FAILURE_TYPE,W1C659P0,1,FAILURE_TYPE_CD,ASC
CISADM,W1_FAILURE_TYPE_CHAR,W1C661P0,1,FAILURE_TYPE_CD,ASC
CISADM,W1_FAILURE_TYPE_CHAR,W1C661P0,2,CHAR_TYPE_CD,ASC
CISADM,W1_FAILURE_TYPE_CHAR,W1C661P0,3,SEQ_NUM,ASC
CISADM,W1_FAILURE_TYPE_CHAR,W1C661S1,1,SRCH_CHAR_VAL,ASC
CISADM,W1_FAILURE_TYPE_L,W1C660P0,1,FAILURE_TYPE_CD,ASC
CISADM,W1_FAILURE_TYPE_L,W1C660P0,2,LANGUAGE_CD,ASC
CISADM,W1_FOB,W1C644P0,1,FOB_CD,ASC
CISADM,W1_FOB_CHAR,W1C646P0,1,FOB_CD,ASC
CISADM,W1_FOB_CHAR,W1C646P0,2,CHAR_TYPE_CD,ASC
CISADM,W1_FOB_CHAR,W1C646P0,3,SEQ_NUM,ASC
CISADM,W1_FOB_CHAR,W1C646S1,1,SRCH_CHAR_VAL,ASC
CISADM,W1_FOB_L,W1C645P0,1,FOB_CD,ASC
CISADM,W1_FOB_L,W1C645P0,2,LANGUAGE_CD,ASC
CISADM,W1_FT,W1T312P0,1,W1_FT_ID,ASC
CISADM,W1_FT_CHAR,W1T313P0,1,W1_FT_ID,ASC
CISADM,W1_FT_CHAR,W1T313P0,2,CHAR_TYPE_CD,ASC
CISADM,W1_FT_CHAR,W1T313P0,3,SEQ_NUM,ASC
CISADM,W1_FT_CHAR,W1T313S1,1,SRCH_CHAR_VAL,ASC
CISADM,W1_FT_GL_DTL,W1T315P0,1,W1_FT_ID,ASC
CISADM,W1_FT_GL_DTL,W1T315P0,2,W1_GL_SEQ_NBR,ASC
CISADM,W1_FT_K,W1T318P0,1,W1_FT_ID,ASC
CISADM,W1_FT_K,W1T318P0,2,ENV_ID,ASC
CISADM,W1_FT_LOG,W1T316P0,1,W1_FT_ID,ASC
CISADM,W1_FT_LOG,W1T316P0,2,SEQNO,ASC
CISADM,W1_FT_LOG_PARM,W1T317P0,1,W1_FT_ID,ASC
CISADM,W1_FT_LOG_PARM,W1T317P0,2,SEQNO,ASC
CISADM,W1_FT_LOG_PARM,W1T317P0,3,PARM_SEQ,ASC
CISADM,W1_FT_PROCESS,W1T314P0,1,W1_FT_ID,ASC
CISADM,W1_FT_PROCESS,W1T314P0,2,BATCH_CD,ASC
CISADM,W1_GIS_BATCH_DTLS,W1T533P0,1,GIS_BATCH_JOB_ID,ASC
CISADM,W1_GIS_ID_DTLS,W1C698P0,1,GUID,ASC
CISADM,W1_GIS_ID_DTLS,W1C698P0,2,FEATURE_CLASS_CD,ASC
CISADM,W1_INVOICE_GROUP,W1T528P0,1,INVOICE_GROUP_ID,ASC
CISADM,W1_INVOICE_GROUP,W1T528S1,1,BUS_OBJ_CD,ASC
CISADM,W1_INVOICE_GROUP,W1T528S1,2,BO_STATUS_CD,ASC
CISADM,W1_INVOICE_GROUP,W1T528S1,3,INVOICE_GROUP_ID,ASC
CISADM,W1_INVOICE_GROUP_CHAR,W1T530P0,1,INVOICE_GROUP_ID,ASC
CISADM,W1_INVOICE_GROUP_CHAR,W1T530P0,2,CHAR_TYPE_CD,ASC
CISADM,W1_INVOICE_GROUP_CHAR,W1T530P0,3,SEQ_NUM,ASC
CISADM,W1_INVOICE_GROUP_CHAR,W1T530S1,1,SRCH_CHAR_VAL,ASC
CISADM,W1_INVOICE_GROUP_IDENTIFIER,W1T529P0,1,INVOICE_GROUP_ID,ASC
CISADM,W1_INVOICE_GROUP_IDENTIFIER,W1T529P0,2,INVOICE_GROUP_ID_TYPE_FLG,ASC
CISADM,W1_INVOICE_GROUP_IDENTIFIER,W1T529S1,1,INVOICE_GROUP_ID_TYPE_FLG,ASC
CISADM,W1_INVOICE_GROUP_IDENTIFIER,W1T529S1,2,INVOICE_GROUP_ID,ASC
CISADM,W1_INVOICE_GROUP_IDENTIFIER,W1T529S1,3,W1_ID_VALUE,ASC
CISADM,W1_INVOICE_GROUP_LOG,W1T531P0,1,INVOICE_GROUP_ID,ASC
CISADM,W1_INVOICE_GROUP_LOG,W1T531P0,2,SEQNO,ASC
CISADM,W1_INVOICE_GROUP_LOG,W1T531S1,1,CHAR_TYPE_CD,ASC
CISADM,W1_INVOICE_GROUP_LOG,W1T531S1,2,CHAR_VAL_FK1,ASC
CISADM,W1_INVOICE_GROUP_LOG,W1T531S2,1,CHAR_TYPE_CD,ASC
CISADM,W1_INVOICE_GROUP_LOG,W1T531S2,2,CHAR_VAL,ASC
CISADM,W1_INVOICE_GROUP_LOG_PARM,W1T532P0,1,INVOICE_GROUP_ID,ASC
CISADM,W1_INVOICE_GROUP_LOG_PARM,W1T532P0,2,SEQNO,ASC
CISADM,W1_INVOICE_GROUP_LOG_PARM,W1T532P0,3,PARM_SEQ,ASC
CISADM,W1_INVOICE_HEADER,W1T500P0,1,INVOICE_HEADER_ID,ASC
CISADM,W1_INVOICE_HEADER,W1T500S1,1,BUS_OBJ_CD,ASC
CISADM,W1_INVOICE_HEADER,W1T500S1,2,BO_STATUS_CD,ASC
CISADM,W1_INVOICE_HEADER,W1T500S1,3,INVOICE_HEADER_ID,ASC
CISADM,W1_INVOICE_HEADER,W1T500S2,1,PO_HEADER_ID,ASC
CISADM,W1_INVOICE_HEADER,W1T500S2,2,INVOICE_HEADER_ID,ASC
CISADM,W1_INVOICE_HEADER_CHAR,W1T502P0,1,INVOICE_HEADER_ID,ASC
CISADM,W1_INVOICE_HEADER_CHAR,W1T502P0,2,CHAR_TYPE_CD,ASC
CISADM,W1_INVOICE_HEADER_CHAR,W1T502P0,3,SEQ_NUM,ASC
CISADM,W1_INVOICE_HEADER_CHAR,W1T502S1,1,SRCH_CHAR_VAL,ASC
CISADM,W1_INVOICE_HEADER_COST_CENTER,W1T508P0,1,INVOICE_HEADER_ID,ASC
CISADM,W1_INVOICE_HEADER_COST_CENTER,W1T508P0,2,COST_CENTER_CD,ASC
CISADM,W1_INVOICE_HEADER_DOCUMENT,W1T506P0,1,INVOICE_HEADER_ID,ASC
CISADM,W1_INVOICE_HEADER_DOCUMENT,W1T506P0,2,ATTACHMENT_ID,ASC
CISADM,W1_INVOICE_HEADER_DOCUMENT,W1T506P0,3,DOCUMENT_ID,ASC
CISADM,W1_INVOICE_HEADER_IDENTIFIER,W1T503P0,1,INVOICE_HEADER_ID,ASC
CISADM,W1_INVOICE_HEADER_IDENTIFIER,W1T503P0,2,INVOICE_HEADER_ID_TYPE_FLG,ASC
CISADM,W1_INVOICE_HEADER_IDENTIFIER,W1T503S0,1,W1_ID_VALUE,ASC
CISADM,W1_INVOICE_HEADER_IDENTIFIER,W1T503S0,2,INVOICE_HEADER_ID_TYPE_FLG,ASC
CISADM,W1_INVOICE_HEADER_IDENTIFIER,W1T503S1,1,SYS_NC00005$,ASC
CISADM,W1_INVOICE_HEADER_IDENTIFIER,W1T503S1,2,INVOICE_HEADER_ID_TYPE_FLG,ASC
CISADM,W1_INVOICE_HEADER_K,W1T501P0,1,INVOICE_HEADER_ID,ASC
CISADM,W1_INVOICE_HEADER_K,W1T501P0,2,ENV_ID,ASC
CISADM,W1_INVOICE_HEADER_LOG,W1T504P0,1,INVOICE_HEADER_ID,ASC
CISADM,W1_INVOICE_HEADER_LOG,W1T504P0,2,SEQNO,ASC
CISADM,W1_INVOICE_HEADER_LOG,W1T504S1,1,CHAR_TYPE_CD,ASC
CISADM,W1_INVOICE_HEADER_LOG,W1T504S1,2,CHAR_VAL_FK1,ASC
CISADM,W1_INVOICE_HEADER_LOG,W1T504S2,1,CHAR_TYPE_CD,ASC
CISADM,W1_INVOICE_HEADER_LOG,W1T504S2,2,CHAR_VAL,ASC
CISADM,W1_INVOICE_HEADER_LOG_PARM,W1T505P0,1,INVOICE_HEADER_ID,ASC
CISADM,W1_INVOICE_HEADER_LOG_PARM,W1T505P0,2,SEQNO,ASC
CISADM,W1_INVOICE_HEADER_LOG_PARM,W1T505P0,3,PARM_SEQ,ASC
CISADM,W1_INVOICE_HEADER_NOTE,W1T507P0,1,INVOICE_HEADER_ID,ASC
CISADM,W1_INVOICE_HEADER_NOTE,W1T507P0,2,SEQNO,ASC
CISADM,W1_INVOICE_LINE,W1T509P0,1,INVOICE_LINE_ID,ASC
CISADM,W1_INVOICE_LINE,W1T509S1,1,BUS_OBJ_CD,ASC
CISADM,W1_INVOICE_LINE,W1T509S1,2,BO_STATUS_CD,ASC
CISADM,W1_INVOICE_LINE,W1T509S1,3,INVOICE_LINE_ID,ASC
CISADM,W1_INVOICE_LINE,W1T509S2,1,INVOICE_HEADER_ID,ASC
CISADM,W1_INVOICE_LINE,W1T509S2,2,INVOICE_LINE_ID,ASC
CISADM,W1_INVOICE_LINE,W1T509S3,1,INVOICE_ITEM_TYPE_FLG,ASC
CISADM,W1_INVOICE_LINE,W1T509S4,1,PO_LINE_ID,ASC
CISADM,W1_INVOICE_LINE,W1T509S4,2,INVOICE_LINE_ID,ASC
CISADM,W1_INVOICE_LINE,W1T509S5,1,CRE_DTTM,ASC
CISADM,W1_INVOICE_LINE_CHAR,W1T511P0,1,INVOICE_LINE_ID,ASC
CISADM,W1_INVOICE_LINE_CHAR,W1T511P0,2,CHAR_TYPE_CD,ASC
CISADM,W1_INVOICE_LINE_CHAR,W1T511P0,3,SEQ_NUM,ASC
CISADM,W1_INVOICE_LINE_CHAR,W1T511S1,1,SRCH_CHAR_VAL,ASC
CISADM,W1_INVOICE_LINE_COST_CENTER,W1T516P0,1,INVOICE_LINE_ID,ASC
CISADM,W1_INVOICE_LINE_COST_CENTER,W1T516P0,2,COST_CENTER_CD,ASC
CISADM,W1_INVOICE_LINE_COST_CENTER,W1T516P0,3,EXPENSE_CD,ASC
CISADM,W1_INVOICE_LINE_DOCUMENT,W1T514P0,1,INVOICE_LINE_ID,ASC
CISADM,W1_INVOICE_LINE_DOCUMENT,W1T514P0,2,ATTACHMENT_ID,ASC
CISADM,W1_INVOICE_LINE_DOCUMENT,W1T514P0,3,DOCUMENT_ID,ASC
CISADM,W1_INVOICE_LINE_IDENTIFIER,W1T527P0,1,INVOICE_LINE_ID,ASC
CISADM,W1_INVOICE_LINE_IDENTIFIER,W1T527P0,2,INVOICE_LINE_ID_TYPE_FLG,ASC
CISADM,W1_INVOICE_LINE_IDENTIFIER,W1T527S1,1,W1_ID_VALUE,ASC
CISADM,W1_INVOICE_LINE_IDENTIFIER,W1T527S1,2,INVOICE_LINE_ID_TYPE_FLG,ASC
CISADM,W1_INVOICE_LINE_IDENTIFIER,W1T527S2,1,SYS_NC00005$,ASC
CISADM,W1_INVOICE_LINE_IDENTIFIER,W1T527S2,2,INVOICE_LINE_ID_TYPE_FLG,ASC
CISADM,W1_INVOICE_LINE_K,W1T510P0,1,INVOICE_LINE_ID,ASC
CISADM,W1_INVOICE_LINE_K,W1T510P0,2,ENV_ID,ASC
CISADM,W1_INVOICE_LINE_LOG,W1T512P0,1,INVOICE_LINE_ID,ASC
CISADM,W1_INVOICE_LINE_LOG,W1T512P0,2,SEQNO,ASC
CISADM,W1_INVOICE_LINE_LOG,W1T512S1,1,CHAR_TYPE_CD,ASC
CISADM,W1_INVOICE_LINE_LOG,W1T512S1,2,CHAR_VAL_FK1,ASC
CISADM,W1_INVOICE_LINE_LOG,W1T512S2,1,CHAR_TYPE_CD,ASC
CISADM,W1_INVOICE_LINE_LOG,W1T512S2,2,CHAR_VAL,ASC
CISADM,W1_INVOICE_LINE_LOG_PARM,W1T513P0,1,INVOICE_LINE_ID,ASC
CISADM,W1_INVOICE_LINE_LOG_PARM,W1T513P0,2,SEQNO,ASC
CISADM,W1_INVOICE_LINE_LOG_PARM,W1T513P0,3,PARM_SEQ,ASC
CISADM,W1_INVOICE_LINE_NOTE,W1T515P0,1,INVOICE_LINE_ID,ASC
CISADM,W1_INVOICE_LINE_NOTE,W1T515P0,2,SEQNO,ASC
CISADM,W1_INVOICE_LINE_TAX_LINE,W1T517P0,1,INVOICE_LINE_ID,ASC
CISADM,W1_INVOICE_LINE_TAX_LINE,W1T517P0,2,SEQ_NUM,ASC
CISADM,W1_INVOICE_LINE_TAX_LINE,W1T517P0,3,TAX_RATE_SCHED_CD,ASC
CISADM,W1_INVOICE_LINE_TAX_LINE,W1T517P0,4,EFFDT,ASC
CISADM,W1_INV_ADJ,W1T490P0,1,INV_ADJ_ID,ASC
CISADM,W1_INV_ADJ,W1T490S1,1,BUS_OBJ_CD,ASC
CISADM,W1_INV_ADJ,W1T490S1,2,BO_STATUS_CD,ASC
CISADM,W1_INV_ADJ,W1T490S1,3,INV_ADJ_ID,ASC
CISADM,W1_INV_ADJ,W1T490S2,1,CRE_DTTM,ASC
CISADM,W1_INV_ADJ,W1T490S3,1,FINAL_DTTM,ASC
CISADM,W1_INV_ADJ_ASSET,W1T524P0,1,INV_ADJ_ID,ASC
CISADM,W1_INV_ADJ_ASSET,W1T524P0,2,ASSET_ID,ASC
CISADM,W1_INV_ADJ_CHAR,W1T492P0,1,INV_ADJ_ID,ASC
CISADM,W1_INV_ADJ_CHAR,W1T492P0,2,CHAR_TYPE_CD,ASC
CISADM,W1_INV_ADJ_CHAR,W1T492P0,3,SEQ_NUM,ASC
CISADM,W1_INV_ADJ_CHAR,W1T492S1,1,SRCH_CHAR_VAL,ASC
CISADM,W1_INV_ADJ_K,W1T495P0,1,INV_ADJ_ID,ASC
CISADM,W1_INV_ADJ_K,W1T495P0,2,ENV_ID,ASC
CISADM,W1_INV_ADJ_LOG,W1T493P0,1,INV_ADJ_ID,ASC
CISADM,W1_INV_ADJ_LOG,W1T493P0,2,SEQNO,ASC
CISADM,W1_INV_ADJ_LOG,W1T493S1,1,CHAR_TYPE_CD,ASC
CISADM,W1_INV_ADJ_LOG,W1T493S1,2,CHAR_VAL_FK1,ASC
CISADM,W1_INV_ADJ_LOG,W1T493S2,1,CHAR_TYPE_CD,ASC
CISADM,W1_INV_ADJ_LOG,W1T493S2,2,CHAR_VAL,ASC
CISADM,W1_INV_ADJ_LOG_PARM,W1T494P0,1,INV_ADJ_ID,ASC
CISADM,W1_INV_ADJ_LOG_PARM,W1T494P0,2,SEQNO,ASC
CISADM,W1_INV_ADJ_LOG_PARM,W1T494P0,3,PARM_SEQ,ASC
CISADM,W1_INV_ADJ_LOT,W1T491P0,1,INV_ADJ_ID,ASC
CISADM,W1_INV_ADJ_LOT,W1T491P0,2,STOCK_ITEM_DTL_ID,ASC
CISADM,W1_LABOR_EARNING_TYPE,W1C622P0,1,LABOR_EARNING_TYPE_CD,ASC
CISADM,W1_LABOR_EARNING_TYPE_CHAR,W1C624P0,1,LABOR_EARNING_TYPE_CD,ASC
CISADM,W1_LABOR_EARNING_TYPE_CHAR,W1C624P0,2,CHAR_TYPE_CD,ASC
CISADM,W1_LABOR_EARNING_TYPE_CHAR,W1C624P0,3,SEQ_NUM,ASC
CISADM,W1_LABOR_EARNING_TYPE_CHAR,W1C624S1,1,SRCH_CHAR_VAL,ASC
CISADM,W1_LABOR_EARNING_TYPE_L,W1C623P0,1,LABOR_EARNING_TYPE_CD,ASC
CISADM,W1_LABOR_EARNING_TYPE_L,W1C623P0,2,LANGUAGE_CD,ASC
CISADM,W1_MAINTMGR,W1C694P0,1,MAINTMGR_CD,ASC
CISADM,W1_MAINTMGR_CHAR,W1C696P0,1,MAINTMGR_CD,ASC
CISADM,W1_MAINTMGR_CHAR,W1C696P0,2,CHAR_TYPE_CD,ASC
CISADM,W1_MAINTMGR_CHAR,W1C696P0,3,SEQ_NUM,ASC
CISADM,W1_MAINTMGR_CHAR,W1C696S1,1,SRCH_CHAR_VAL,ASC
CISADM,W1_MAINTMGR_L,W1C695P0,1,MAINTMGR_CD,ASC
CISADM,W1_MAINTMGR_L,W1C695P0,2,LANGUAGE_CD,ASC
CISADM,W1_MAINT_EVENT,W1M714P0,1,MAINT_EVENT_ID,ASC
CISADM,W1_MAINT_EVENT,W1M714S1,1,BUS_OBJ_CD,ASC
CISADM,W1_MAINT_EVENT,W1M714S1,2,BO_STATUS_CD,ASC
CISADM,W1_MAINT_EVENT,W1M714S1,3,MAINT_EVENT_ID,ASC
CISADM,W1_MAINT_EVENT,W1M714S2,1,W1_DESCR100_UPR,ASC
CISADM,W1_MAINT_EVENT_CHAR,W1M715P0,1,MAINT_EVENT_ID,ASC
CISADM,W1_MAINT_EVENT_CHAR,W1M715P0,2,CHAR_TYPE_CD,ASC
CISADM,W1_MAINT_EVENT_CHAR,W1M715P0,3,SEQ_NUM,ASC
CISADM,W1_MAINT_EVENT_CHAR,W1M715S1,1,SRCH_CHAR_VAL,ASC
CISADM,W1_MAINT_EVENT_IDENTIFIER,W1M716P0,1,MAINT_EVENT_ID,ASC
CISADM,W1_MAINT_EVENT_IDENTIFIER,W1M716P0,2,MAINT_EVENT_ID_TYPE_FLG,ASC
CISADM,W1_MAINT_EVENT_IDENTIFIER,W1M716S0,1,W1_ID_VALUE,ASC
CISADM,W1_MAINT_EVENT_IDENTIFIER,W1M716S0,2,MAINT_EVENT_ID_TYPE_FLG,ASC
CISADM,W1_MAINT_EVENT_IDENTIFIER,W1M716S1,1,SYS_NC00005$,ASC
CISADM,W1_MAINT_EVENT_IDENTIFIER,W1M716S1,2,MAINT_EVENT_ID_TYPE_FLG,ASC
CISADM,W1_MAINT_EVENT_K,W1M717P0,1,MAINT_EVENT_ID,ASC
CISADM,W1_MAINT_EVENT_K,W1M717P0,2,ENV_ID,ASC
CISADM,W1_MAINT_EVENT_LOG,W1M718P0,1,MAINT_EVENT_ID,ASC
CISADM,W1_MAINT_EVENT_LOG,W1M718P0,2,SEQNO,ASC
CISADM,W1_MAINT_EVENT_LOG,W1M718S1,1,CHAR_TYPE_CD,ASC
CISADM,W1_MAINT_EVENT_LOG,W1M718S1,2,CHAR_VAL_FK1,ASC
CISADM,W1_MAINT_EVENT_LOG,W1M718S2,1,CHAR_TYPE_CD,ASC
CISADM,W1_MAINT_EVENT_LOG,W1M718S2,2,CHAR_VAL,ASC
CISADM,W1_MAINT_EVENT_LOG_PARM,W1M719P0,1,MAINT_EVENT_ID,ASC
CISADM,W1_MAINT_EVENT_LOG_PARM,W1M719P0,2,SEQNO,ASC
CISADM,W1_MAINT_EVENT_LOG_PARM,W1M719P0,3,PARM_SEQ,ASC
CISADM,W1_MAINT_EVENT_MAINT_PLAN,W1M720P0,1,MAINT_EVENT_ID,ASC
CISADM,W1_MAINT_EVENT_MAINT_PLAN,W1M720P0,2,MAINT_SCHED_ID,ASC
CISADM,W1_MAINT_SCHEDULE,W1M652P0,1,MAINT_SCHED_ID,ASC
CISADM,W1_MAINT_SCHEDULE,W1M652S1,1,BUS_OBJ_CD,ASC
CISADM,W1_MAINT_SCHEDULE,W1M652S1,2,BO_STATUS_CD,ASC
CISADM,W1_MAINT_SCHEDULE,W1M652S1,3,MAINT_SCHED_ID,ASC
CISADM,W1_MAINT_SCHEDULE,W1M652S2,1,W1_DESCR100_UPR,ASC
CISADM,W1_MAINT_SCHEDULE_CHAR,W1M654P0,1,MAINT_SCHED_ID,ASC
CISADM,W1_MAINT_SCHEDULE_CHAR,W1M654P0,2,CHAR_TYPE_CD,ASC
CISADM,W1_MAINT_SCHEDULE_CHAR,W1M654P0,3,SEQ_NUM,ASC
CISADM,W1_MAINT_SCHEDULE_CHAR,W1M654S1,1,SRCH_CHAR_VAL,ASC
CISADM,W1_MAINT_SCHEDULE_IDENTIFIER,W1M655P0,1,MAINT_SCHED_ID,ASC
CISADM,W1_MAINT_SCHEDULE_IDENTIFIER,W1M655P0,2,MAINT_SCHED_ID_TYPE_FLG,ASC
CISADM,W1_MAINT_SCHEDULE_IDENTIFIER,W1M655S0,1,W1_ID_VALUE,ASC
CISADM,W1_MAINT_SCHEDULE_IDENTIFIER,W1M655S0,2,MAINT_SCHED_ID_TYPE_FLG,ASC
CISADM,W1_MAINT_SCHEDULE_IDENTIFIER,W1M655S1,1,SYS_NC00005$,ASC
CISADM,W1_MAINT_SCHEDULE_IDENTIFIER,W1M655S1,2,MAINT_SCHED_ID_TYPE_FLG,ASC
CISADM,W1_MAINT_SCHEDULE_K,W1M653P0,1,MAINT_SCHED_ID,ASC
CISADM,W1_MAINT_SCHEDULE_K,W1M653P0,2,ENV_ID,ASC
CISADM,W1_MAINT_SCHEDULE_LOG,W1M656P0,1,MAINT_SCHED_ID,ASC
CISADM,W1_MAINT_SCHEDULE_LOG,W1M656P0,2,SEQNO,ASC
CISADM,W1_MAINT_SCHEDULE_LOG,W1M656S1,1,CHAR_TYPE_CD,ASC
CISADM,W1_MAINT_SCHEDULE_LOG,W1M656S1,2,CHAR_VAL_FK1,ASC
CISADM,W1_MAINT_SCHEDULE_LOG,W1M656S2,1,CHAR_TYPE_CD,ASC
CISADM,W1_MAINT_SCHEDULE_LOG,W1M656S2,2,CHAR_VAL,ASC
CISADM,W1_MAINT_SCHEDULE_LOG_PARM,W1M657P0,1,MAINT_SCHED_ID,ASC
CISADM,W1_MAINT_SCHEDULE_LOG_PARM,W1M657P0,2,SEQNO,ASC
CISADM,W1_MAINT_SCHEDULE_LOG_PARM,W1M657P0,3,PARM_SEQ,ASC
CISADM,W1_MAINT_TRIGGER,W1M658P0,1,MAINT_TRIGGER_ID,ASC
CISADM,W1_MAINT_TRIGGER,W1M658S1,1,BUS_OBJ_CD,ASC
CISADM,W1_MAINT_TRIGGER,W1M658S1,2,BO_STATUS_CD,ASC
CISADM,W1_MAINT_TRIGGER,W1M658S1,3,MAINT_TRIGGER_ID,ASC
CISADM,W1_MAINT_TRIGGER,W1M658S2,1,MEASUREMENT_UOM_CD,ASC
CISADM,W1_MAINT_TRIGGER,W1M658S3,1,TMPL_WO_ID,ASC
CISADM,W1_MAINT_TRIGGER_CHAR,W1M700P0,1,MAINT_TRIGGER_ID,ASC
CISADM,W1_MAINT_TRIGGER_CHAR,W1M700P0,2,CHAR_TYPE_CD,ASC
CISADM,W1_MAINT_TRIGGER_CHAR,W1M700P0,3,SEQ_NUM,ASC
CISADM,W1_MAINT_TRIGGER_CHAR,W1M700S1,1,SRCH_CHAR_VAL,ASC
CISADM,W1_MAINT_TRIGGER_IDENTIFIER,W1M701P0,1,MAINT_TRIGGER_ID,ASC
CISADM,W1_MAINT_TRIGGER_IDENTIFIER,W1M701P0,2,MAINT_TRIGGER_ID_TYPE_FLG,ASC
CISADM,W1_MAINT_TRIGGER_IDENTIFIER,W1M701S0,1,W1_ID_VALUE,ASC
CISADM,W1_MAINT_TRIGGER_IDENTIFIER,W1M701S0,2,MAINT_TRIGGER_ID_TYPE_FLG,ASC
CISADM,W1_MAINT_TRIGGER_IDENTIFIER,W1M701S1,1,SYS_NC00005$,ASC
CISADM,W1_MAINT_TRIGGER_IDENTIFIER,W1M701S1,2,MAINT_TRIGGER_ID_TYPE_FLG,ASC
CISADM,W1_MAINT_TRIGGER_K,W1M659P0,1,MAINT_TRIGGER_ID,ASC
CISADM,W1_MAINT_TRIGGER_K,W1M659P0,2,ENV_ID,ASC
CISADM,W1_MAINT_TRIGGER_LOG,W1M702P0,1,MAINT_TRIGGER_ID,ASC
CISADM,W1_MAINT_TRIGGER_LOG,W1M702P0,2,SEQNO,ASC
CISADM,W1_MAINT_TRIGGER_LOG,W1M702S1,1,CHAR_TYPE_CD,ASC
CISADM,W1_MAINT_TRIGGER_LOG,W1M702S1,2,CHAR_VAL_FK1,ASC
CISADM,W1_MAINT_TRIGGER_LOG,W1M702S2,1,CHAR_TYPE_CD,ASC
CISADM,W1_MAINT_TRIGGER_LOG,W1M702S2,2,CHAR_VAL,ASC
CISADM,W1_MAINT_TRIGGER_LOG_PARM,W1M703P0,1,MAINT_TRIGGER_ID,ASC
CISADM,W1_MAINT_TRIGGER_LOG_PARM,W1M703P0,2,SEQNO,ASC
CISADM,W1_MAINT_TRIGGER_LOG_PARM,W1M703P0,3,PARM_SEQ,ASC
CISADM,W1_MAINT_TRIGGER_PLN_FAIL_INFO,W1M706P0,1,MAINT_TRIGGER_ID,ASC
CISADM,W1_MAINT_TRIGGER_PLN_FAIL_INFO,W1M706P0,2,SEQ_NUM,ASC
CISADM,W1_MANUFACTURER,W1C223P0,1,W1_MANUFACTURER_CD,ASC
CISADM,W1_MANUFACTURER_CHAR,W1C226P0,1,W1_MANUFACTURER_CD,ASC
CISADM,W1_MANUFACTURER_CHAR,W1C226P0,2,CHAR_TYPE_CD,ASC
CISADM,W1_MANUFACTURER_CHAR,W1C226P0,3,SEQ_NUM,ASC
CISADM,W1_MANUFACTURER_CHAR,W1C226S1,1,SRCH_CHAR_VAL,ASC
CISADM,W1_MANUFACTURER_IDENTIFIER,W1C225P0,1,W1_MANUFACTURER_CD,ASC
CISADM,W1_MANUFACTURER_IDENTIFIER,W1C225P0,2,MANUFACTURER_ID_TYPE_FLG,ASC
CISADM,W1_MANUFACTURER_IDENTIFIER,W1C225S0,1,W1_ID_VALUE,ASC
CISADM,W1_MANUFACTURER_IDENTIFIER,W1C225S0,2,MANUFACTURER_ID_TYPE_FLG,ASC
CISADM,W1_MANUFACTURER_IDENTIFIER,W1C225S1,1,SYS_NC00005$,ASC
CISADM,W1_MANUFACTURER_IDENTIFIER,W1C225S1,2,MANUFACTURER_ID_TYPE_FLG,ASC
CISADM,W1_MANUFACTURER_IDENTIFIER,W1C225S2,1,W1_ID_VALUE,ASC
CISADM,W1_MANUFACTURER_L,W1C224P0,1,W1_MANUFACTURER_CD,ASC
CISADM,W1_MANUFACTURER_L,W1C224P0,2,LANGUAGE_CD,ASC
CISADM,W1_MAT_DISP,W1T453P0,1,MAT_DISP_ID,ASC
CISADM,W1_MAT_DISP,W1T453S1,1,BUS_OBJ_CD,ASC
CISADM,W1_MAT_DISP,W1T453S1,2,BO_STATUS_CD,ASC
CISADM,W1_MAT_DISP,W1T453S1,3,MAT_DISP_ID,ASC
CISADM,W1_MAT_DISP,W1T453S2,1,W1_DESCR100_UPR,ASC
CISADM,W1_MAT_DISP_CHAR,W1T456P0,1,MAT_DISP_ID,ASC
CISADM,W1_MAT_DISP_CHAR,W1T456P0,2,CHAR_TYPE_CD,ASC
CISADM,W1_MAT_DISP_CHAR,W1T456P0,3,SEQ_NUM,ASC
CISADM,W1_MAT_DISP_CHAR,W1T456S1,1,SRCH_CHAR_VAL,ASC
CISADM,W1_MAT_DISP_IDENTIFIER,W1T459P0,1,MAT_DISP_ID,ASC
CISADM,W1_MAT_DISP_IDENTIFIER,W1T459P0,2,MAT_DISP_ID_TYPE_FLG,ASC
CISADM,W1_MAT_DISP_IDENTIFIER,W1T459S0,1,W1_ID_VALUE,ASC
CISADM,W1_MAT_DISP_IDENTIFIER,W1T459S0,2,MAT_DISP_ID_TYPE_FLG,ASC
CISADM,W1_MAT_DISP_IDENTIFIER,W1T459S1,1,SYS_NC00005$,ASC
CISADM,W1_MAT_DISP_IDENTIFIER,W1T459S1,2,MAT_DISP_ID_TYPE_FLG,ASC
CISADM,W1_MAT_DISP_K,W1T454P0,1,MAT_DISP_ID,ASC
CISADM,W1_MAT_DISP_K,W1T454P0,2,ENV_ID,ASC
CISADM,W1_MAT_DISP_LINE,W1T455P0,1,MAT_DISP_ID,ASC
CISADM,W1_MAT_DISP_LINE,W1T455P0,2,ASSET_ID,ASC
CISADM,W1_MAT_DISP_LOG,W1T457P0,1,MAT_DISP_ID,ASC
CISADM,W1_MAT_DISP_LOG,W1T457P0,2,SEQNO,ASC
CISADM,W1_MAT_DISP_LOG,W1T457S1,1,CHAR_TYPE_CD,ASC
CISADM,W1_MAT_DISP_LOG,W1T457S1,2,CHAR_VAL_FK1,ASC
CISADM,W1_MAT_DISP_LOG,W1T457S2,1,CHAR_TYPE_CD,ASC
CISADM,W1_MAT_DISP_LOG,W1T457S2,2,CHAR_VAL,ASC
CISADM,W1_MAT_DISP_LOG_PARM,W1T458P0,1,MAT_DISP_ID,ASC
CISADM,W1_MAT_DISP_LOG_PARM,W1T458P0,2,SEQNO,ASC
CISADM,W1_MAT_DISP_LOG_PARM,W1T458P0,3,PARM_SEQ,ASC
CISADM,W1_MAT_ISS_LINE,W1T389P0,1,MAT_ISS_LINE_ID,ASC
CISADM,W1_MAT_ISS_LINE,W1T389S1,1,MAT_ISS_LINE_ID,ASC
CISADM,W1_MAT_ISS_LINE,W1T389S1,2,BUS_OBJ_CD,ASC
CISADM,W1_MAT_ISS_LINE,W1T389S1,3,BO_STATUS_CD,ASC
CISADM,W1_MAT_ISS_LINE,W1T389S2,1,MAT_REQ_LINE_ID,ASC
CISADM,W1_MAT_ISS_LINE,W1T389S3,1,STOCK_ITEM_DTL_ID,ASC
CISADM,W1_MAT_ISS_LINE,W1T389S4,1,MAT_REQ_LINE_ID,ASC
CISADM,W1_MAT_ISS_LINE,W1T389S4,2,MAT_ISS_LINE_ID,ASC
CISADM,W1_MAT_ISS_LINE_CHAR,W1T390P0,1,MAT_ISS_LINE_ID,ASC
CISADM,W1_MAT_ISS_LINE_CHAR,W1T390P0,2,CHAR_TYPE_CD,ASC
CISADM,W1_MAT_ISS_LINE_CHAR,W1T390P0,3,SEQ_NUM,ASC
CISADM,W1_MAT_ISS_LINE_CHAR,W1T390S1,1,SRCH_CHAR_VAL,ASC
CISADM,W1_MAT_ISS_LINE_K,W1T393P0,1,MAT_ISS_LINE_ID,ASC
CISADM,W1_MAT_ISS_LINE_K,W1T393P0,2,ENV_ID,ASC
CISADM,W1_MAT_ISS_LINE_LOG,W1T391P0,1,MAT_ISS_LINE_ID,ASC
CISADM,W1_MAT_ISS_LINE_LOG,W1T391P0,2,SEQNO,ASC
CISADM,W1_MAT_ISS_LINE_LOG_PARM,W1T392P0,1,MAT_ISS_LINE_ID,ASC
CISADM,W1_MAT_ISS_LINE_LOG_PARM,W1T392P0,2,SEQNO,ASC
CISADM,W1_MAT_ISS_LINE_LOG_PARM,W1T392P0,3,PARM_SEQ,ASC
CISADM,W1_MAT_REQ_HEADER,W1T378P0,1,MAT_REQ_HEADER_ID,ASC
CISADM,W1_MAT_REQ_HEADER,W1T378S1,1,MAT_REQ_HEADER_ID,ASC
CISADM,W1_MAT_REQ_HEADER,W1T378S1,2,BUS_OBJ_CD,ASC
CISADM,W1_MAT_REQ_HEADER,W1T378S1,3,BO_STATUS_CD,ASC
CISADM,W1_MAT_REQ_HEADER,W1T378S2,1,MAT_REQ_HEADER_NUM,ASC
CISADM,W1_MAT_REQ_HEADER,W1T378S2,2,MAT_REQ_HEADER_ID,ASC
CISADM,W1_MAT_REQ_HEADER_CHAR,W1T381P0,1,MAT_REQ_HEADER_ID,ASC
CISADM,W1_MAT_REQ_HEADER_CHAR,W1T381P0,2,CHAR_TYPE_CD,ASC
CISADM,W1_MAT_REQ_HEADER_CHAR,W1T381P0,3,SEQ_NUM,ASC
CISADM,W1_MAT_REQ_HEADER_CHAR,W1T381S1,1,SRCH_CHAR_VAL,ASC
CISADM,W1_MAT_REQ_HEADER_COST_CENTER,W1T380P0,1,MAT_REQ_HEADER_ID,ASC
CISADM,W1_MAT_REQ_HEADER_COST_CENTER,W1T380P0,2,COST_CENTER_CD,ASC
CISADM,W1_MAT_REQ_HEADER_K,W1T379P0,1,MAT_REQ_HEADER_ID,ASC
CISADM,W1_MAT_REQ_HEADER_K,W1T379P0,2,ENV_ID,ASC
CISADM,W1_MAT_REQ_HEADER_LOG,W1T382P0,1,MAT_REQ_HEADER_ID,ASC
CISADM,W1_MAT_REQ_HEADER_LOG,W1T382P0,2,SEQNO,ASC
CISADM,W1_MAT_REQ_HEADER_LOG_PARM,W1T383P0,1,MAT_REQ_HEADER_ID,ASC
CISADM,W1_MAT_REQ_HEADER_LOG_PARM,W1T383P0,2,SEQNO,ASC
CISADM,W1_MAT_REQ_HEADER_LOG_PARM,W1T383P0,3,PARM_SEQ,ASC
CISADM,W1_MAT_REQ_LINE,W1T384P0,1,MAT_REQ_LINE_ID,ASC
CISADM,W1_MAT_REQ_LINE,W1T384S1,1,MAT_REQ_HEADER_ID,ASC
CISADM,W1_MAT_REQ_LINE,W1T384S1,2,MAT_REQ_LINE_ID,ASC
CISADM,W1_MAT_REQ_LINE,W1T384S2,1,MAT_REQ_LINE_ID,ASC
CISADM,W1_MAT_REQ_LINE,W1T384S2,2,BUS_OBJ_CD,ASC
CISADM,W1_MAT_REQ_LINE,W1T384S2,3,BO_STATUS_CD,ASC
CISADM,W1_MAT_REQ_LINE,W1T384S3,1,MAT_REQ_HEADER_ID,ASC
CISADM,W1_MAT_REQ_LINE,W1T384S4,1,STOCK_ITEM_DTL_ID,ASC
CISADM,W1_MAT_REQ_LINE,W1T384S5,1,ACT_RESRC_REQMT_ID,ASC
CISADM,W1_MAT_REQ_LINE_CHAR,W1T385P0,1,MAT_REQ_LINE_ID,ASC
CISADM,W1_MAT_REQ_LINE_CHAR,W1T385P0,2,CHAR_TYPE_CD,ASC
CISADM,W1_MAT_REQ_LINE_CHAR,W1T385P0,3,SEQ_NUM,ASC
CISADM,W1_MAT_REQ_LINE_CHAR,W1T385S1,1,SRCH_CHAR_VAL,ASC
CISADM,W1_MAT_REQ_LINE_K,W1T388P0,1,MAT_REQ_LINE_ID,ASC
CISADM,W1_MAT_REQ_LINE_K,W1T388P0,2,ENV_ID,ASC
CISADM,W1_MAT_REQ_LINE_LOG,W1T386P0,1,MAT_REQ_LINE_ID,ASC
CISADM,W1_MAT_REQ_LINE_LOG,W1T386P0,2,SEQNO,ASC
CISADM,W1_MAT_REQ_LINE_LOG_PARM,W1T387P0,1,MAT_REQ_LINE_ID,ASC
CISADM,W1_MAT_REQ_LINE_LOG_PARM,W1T387P0,2,SEQNO,ASC
CISADM,W1_MAT_REQ_LINE_LOG_PARM,W1T387P0,3,PARM_SEQ,ASC
CISADM,W1_MAT_REQ_TMPL,W1M646P0,1,MAT_REQ_TMPL_ID,ASC
CISADM,W1_MAT_REQ_TMPL_CHAR,W1M649P0,1,MAT_REQ_TMPL_ID,ASC
CISADM,W1_MAT_REQ_TMPL_CHAR,W1M649P0,2,CHAR_TYPE_CD,ASC
CISADM,W1_MAT_REQ_TMPL_CHAR,W1M649P0,3,SEQ_NUM,ASC
CISADM,W1_MAT_REQ_TMPL_CHAR,W1M649S1,1,SRCH_CHAR_VAL,ASC
CISADM,W1_MAT_REQ_TMPL_K,W1M647P0,1,MAT_REQ_TMPL_ID,ASC
CISADM,W1_MAT_REQ_TMPL_K,W1M647P0,2,ENV_ID,ASC
CISADM,W1_MAT_REQ_TMPL_LOG,W1M650P0,1,MAT_REQ_TMPL_ID,ASC
CISADM,W1_MAT_REQ_TMPL_LOG,W1M650P0,2,SEQNO,ASC
CISADM,W1_MAT_REQ_TMPL_LOG_PARM,W1M651P0,1,MAT_REQ_TMPL_ID,ASC
CISADM,W1_MAT_REQ_TMPL_LOG_PARM,W1M651P0,2,SEQNO,ASC
CISADM,W1_MAT_REQ_TMPL_LOG_PARM,W1M651P0,3,PARM_SEQ,ASC
CISADM,W1_MAT_REQ_TMPL_MAT,W1M648P0,1,MAT_REQ_TMPL_ID,ASC
CISADM,W1_MAT_REQ_TMPL_MAT,W1M648P0,2,STOCK_ITEM_DTL_ID,ASC
CISADM,W1_MAT_RET_HEADER,W1T394P0,1,MAT_RET_HEADER_ID,ASC
CISADM,W1_MAT_RET_HEADER,W1T394S1,1,MAT_RET_HEADER_ID,ASC
CISADM,W1_MAT_RET_HEADER,W1T394S1,2,BUS_OBJ_CD,ASC
CISADM,W1_MAT_RET_HEADER,W1T394S1,3,BO_STATUS_CD,ASC
CISADM,W1_MAT_RET_HEADER,W1T394S2,1,MAT_RET_HEADER_ID,ASC
CISADM,W1_MAT_RET_HEADER,W1T394S2,2,MAT_REQ_HEADER_ID,ASC
CISADM,W1_MAT_RET_HEADER,W1T394S3,1,MAT_REQ_HEADER_ID,ASC
CISADM,W1_MAT_RET_HEADER_CHAR,W1T397P0,1,MAT_RET_HEADER_ID,ASC
CISADM,W1_MAT_RET_HEADER_CHAR,W1T397P0,2,CHAR_TYPE_CD,ASC
CISADM,W1_MAT_RET_HEADER_CHAR,W1T397P0,3,SEQ_NUM,ASC
CISADM,W1_MAT_RET_HEADER_CHAR,W1T397S1,1,SRCH_CHAR_VAL,ASC
CISADM,W1_MAT_RET_HEADER_COST_CENTER,W1T396P0,1,MAT_RET_HEADER_ID,ASC
CISADM,W1_MAT_RET_HEADER_COST_CENTER,W1T396P0,2,COST_CENTER_CD,ASC
CISADM,W1_MAT_RET_HEADER_K,W1T395P0,1,MAT_RET_HEADER_ID,ASC
CISADM,W1_MAT_RET_HEADER_K,W1T395P0,2,ENV_ID,ASC
CISADM,W1_MAT_RET_HEADER_LOG,W1T398P0,1,MAT_RET_HEADER_ID,ASC
CISADM,W1_MAT_RET_HEADER_LOG,W1T398P0,2,SEQNO,ASC
CISADM,W1_MAT_RET_HEADER_LOG_PARM,W1T399P0,1,MAT_RET_HEADER_ID,ASC
CISADM,W1_MAT_RET_HEADER_LOG_PARM,W1T399P0,2,SEQNO,ASC
CISADM,W1_MAT_RET_HEADER_LOG_PARM,W1T399P0,3,PARM_SEQ,ASC
CISADM,W1_MAT_RET_LINE,W1T400P0,1,MAT_RET_LINE_ID,ASC
CISADM,W1_MAT_RET_LINE,W1T400S1,1,MAT_RET_HEADER_ID,ASC
CISADM,W1_MAT_RET_LINE,W1T400S1,2,MAT_RET_LINE_ID,ASC
CISADM,W1_MAT_RET_LINE_CHAR,W1T401P0,1,MAT_RET_LINE_ID,ASC
CISADM,W1_MAT_RET_LINE_CHAR,W1T401P0,2,CHAR_TYPE_CD,ASC
CISADM,W1_MAT_RET_LINE_CHAR,W1T401P0,3,SEQ_NUM,ASC
CISADM,W1_MAT_RET_LINE_CHAR,W1T401S1,1,SRCH_CHAR_VAL,ASC
CISADM,W1_MAT_RET_LINE_K,W1T404P0,1,MAT_RET_LINE_ID,ASC
CISADM,W1_MAT_RET_LINE_K,W1T404P0,2,ENV_ID,ASC
CISADM,W1_MAT_RET_LINE_LOG,W1T402P0,1,MAT_RET_LINE_ID,ASC
CISADM,W1_MAT_RET_LINE_LOG,W1T402P0,2,SEQNO,ASC
CISADM,W1_MAT_RET_LINE_LOG_PARM,W1T403P0,1,MAT_RET_LINE_ID,ASC
CISADM,W1_MAT_RET_LINE_LOG_PARM,W1T403P0,2,SEQNO,ASC
CISADM,W1_MAT_RET_LINE_LOG_PARM,W1T403P0,3,PARM_SEQ,ASC
CISADM,W1_MEASUREMENT,W1T273P0,1,MEASUREMENT_ID,ASC
CISADM,W1_MEASUREMENT,W1T273S1,1,MEASUREMENT_ID,ASC
CISADM,W1_MEASUREMENT,W1T273S1,2,MEASUREMENT_TYPE_CD,ASC
CISADM,W1_MEASUREMENT,W1T273S2,1,BUS_OBJ_CD,ASC
CISADM,W1_MEASUREMENT,W1T273S2,2,BO_STATUS_CD,ASC
CISADM,W1_MEASUREMENT,W1T273S2,3,MEASUREMENT_ID,ASC
CISADM,W1_MEASUREMENT,W1T273S3,1,FINAL_DTTM,ASC
CISADM,W1_MEASUREMENT,W1T273S4,1,CRE_DTTM,ASC
CISADM,W1_MEASUREMENT_CHAR,W1T274P0,1,MEASUREMENT_ID,ASC
CISADM,W1_MEASUREMENT_CHAR,W1T274P0,2,CHAR_TYPE_CD,ASC
CISADM,W1_MEASUREMENT_CHAR,W1T274P0,3,SEQ_NUM,ASC
CISADM,W1_MEASUREMENT_CHAR,W1T274S1,1,SRCH_CHAR_VAL,ASC
CISADM,W1_MEASUREMENT_K,W1T277P0,1,MEASUREMENT_ID,ASC
CISADM,W1_MEASUREMENT_K,W1T277P0,2,ENV_ID,ASC
CISADM,W1_MEASUREMENT_LOG,W1T275P0,1,MEASUREMENT_ID,ASC
CISADM,W1_MEASUREMENT_LOG,W1T275P0,2,SEQNO,ASC
CISADM,W1_MEASUREMENT_LOG,W1T275S1,1,CHAR_TYPE_CD,ASC
CISADM,W1_MEASUREMENT_LOG,W1T275S1,2,CHAR_VAL_FK1,ASC
CISADM,W1_MEASUREMENT_LOG,W1T275S2,1,CHAR_TYPE_CD,ASC
CISADM,W1_MEASUREMENT_LOG,W1T275S2,2,CHAR_VAL,ASC
CISADM,W1_MEASUREMENT_LOG_PARM,W1T276P0,1,MEASUREMENT_ID,ASC
CISADM,W1_MEASUREMENT_LOG_PARM,W1T276P0,2,SEQNO,ASC
CISADM,W1_MEASUREMENT_LOG_PARM,W1T276P0,3,PARM_SEQ,ASC
CISADM,W1_MEASUREMENT_TYPE,W1C519P0,1,MEASUREMENT_TYPE_CD,ASC
CISADM,W1_MEASUREMENT_TYPE_CHAR,W1C521P0,1,MEASUREMENT_TYPE_CD,ASC
CISADM,W1_MEASUREMENT_TYPE_CHAR,W1C521P0,2,CHAR_TYPE_CD,ASC
CISADM,W1_MEASUREMENT_TYPE_CHAR,W1C521P0,3,SEQ_NUM,ASC
CISADM,W1_MEASUREMENT_TYPE_CHAR,W1C521S1,1,SRCH_CHAR_VAL,ASC
CISADM,W1_MEASUREMENT_TYPE_IDENTIFIER,W1C522P0,1,MEASUREMENT_TYPE_CD,ASC
CISADM,W1_MEASUREMENT_TYPE_IDENTIFIER,W1C522P0,2,MEASUREMENT_TYPE_ID_TYPE_FLG,ASC
CISADM,W1_MEASUREMENT_TYPE_IDENTIFIER,W1C522S0,1,W1_ID_VALUE,ASC
CISADM,W1_MEASUREMENT_TYPE_IDENTIFIER,W1C522S0,2,MEASUREMENT_TYPE_ID_TYPE_FLG,ASC
CISADM,W1_MEASUREMENT_TYPE_IDENTIFIER,W1C522S1,1,SYS_NC00005$,ASC
CISADM,W1_MEASUREMENT_TYPE_IDENTIFIER,W1C522S1,2,MEASUREMENT_TYPE_ID_TYPE_FLG,ASC
CISADM,W1_MEASUREMENT_TYPE_L,W1C520P0,1,MEASUREMENT_TYPE_CD,ASC
CISADM,W1_MEASUREMENT_TYPE_L,W1C520P0,2,LANGUAGE_CD,ASC
CISADM,W1_MEASUREMENT_UOM,W1C523P0,1,MEASUREMENT_UOM_CD,ASC
CISADM,W1_MEASUREMENT_UOM_CHAR,W1C525P0,1,MEASUREMENT_UOM_CD,ASC
CISADM,W1_MEASUREMENT_UOM_CHAR,W1C525P0,2,CHAR_TYPE_CD,ASC
CISADM,W1_MEASUREMENT_UOM_CHAR,W1C525P0,3,SEQ_NUM,ASC
CISADM,W1_MEASUREMENT_UOM_CHAR,W1C525S1,1,SRCH_CHAR_VAL,ASC
CISADM,W1_MEASUREMENT_UOM_L,W1C524P0,1,MEASUREMENT_UOM_CD,ASC
CISADM,W1_MEASUREMENT_UOM_L,W1C524P0,2,LANGUAGE_CD,ASC
CISADM,W1_MOBILE_SUBSCR,W1T815P0,1,MOBILE_SUBSCR_ID,ASC
CISADM,W1_MOBILE_SUBSCR_CHAR,W1T816P0,1,MOBILE_SUBSCR_ID,ASC
CISADM,W1_MOBILE_SUBSCR_CHAR,W1T816P0,2,CHAR_TYPE_CD,ASC
CISADM,W1_MOBILE_SUBSCR_CHAR,W1T816P0,3,SEQ_NUM,ASC
CISADM,W1_MOBILE_SUBSCR_CHAR,W1T816S1,1,SRCH_CHAR_VAL,ASC
CISADM,W1_MOBILE_SUBSCR_K,W1T819P0,1,MOBILE_SUBSCR_ID,ASC
CISADM,W1_MOBILE_SUBSCR_K,W1T819P0,2,ENV_ID,ASC
CISADM,W1_MOBILE_SUBSCR_LOG,W1T817P0,1,MOBILE_SUBSCR_ID,ASC
CISADM,W1_MOBILE_SUBSCR_LOG,W1T817P0,2,SEQNO,ASC
CISADM,W1_MOBILE_SUBSCR_LOG,W1T817S1,1,CHAR_TYPE_CD,ASC
CISADM,W1_MOBILE_SUBSCR_LOG,W1T817S1,2,CHAR_VAL_FK1,ASC
CISADM,W1_MOBILE_SUBSCR_LOG,W1T817S2,1,CHAR_TYPE_CD,ASC
CISADM,W1_MOBILE_SUBSCR_LOG,W1T817S2,2,CHAR_VAL,ASC
CISADM,W1_MOBILE_SUBSCR_LOG_PARM,W1T818P0,1,MOBILE_SUBSCR_ID,ASC
CISADM,W1_MOBILE_SUBSCR_LOG_PARM,W1T818P0,2,SEQNO,ASC
CISADM,W1_MOBILE_SUBSCR_LOG_PARM,W1T818P0,3,PARM_SEQ,ASC
CISADM,W1_NODE,W1M205P0,1,NODE_ID,ASC
CISADM,W1_NODE,W1M205S0,1,POSTAL,ASC
CISADM,W1_NODE,W1M205S0,2,NODE_DPOS_FLG,ASC
CISADM,W1_NODE,W1M205S1,1,W1_DESCR100_UPR,ASC
CISADM,W1_NODE,W1M205S10,1,NODE_TYPE_CD,ASC
CISADM,W1_NODE,W1M205S10,2,NODE_DPOS_FLG,ASC
CISADM,W1_NODE,W1M205S11,1,BUILDING,ASC
CISADM,W1_NODE,W1M205S2,1,NODE_TYPE_CD,ASC
CISADM,W1_NODE,W1M205S2,2,NODE_ID,ASC
CISADM,W1_NODE,W1M205S3,1,BUS_OBJ_CD,ASC
CISADM,W1_NODE,W1M205S3,2,NODE_ID,ASC
CISADM,W1_NODE,W1M205S4,1,PARENT_NODE_ID,ASC
CISADM,W1_NODE,W1M205S5,1,W1_ADDRESS1_UPR,ASC
CISADM,W1_NODE,W1M205S6,1,W1_CITY_UPR,ASC
CISADM,W1_NODE,W1M205S6,2,NODE_ID,ASC
CISADM,W1_NODE,W1M205S7,1,POSTAL,ASC
CISADM,W1_NODE,W1M205S7,2,NODE_ID,ASC
CISADM,W1_NODE,W1M205S8,1,NODE_DPOS_FLG,ASC
CISADM,W1_NODE,W1M205S8,2,NODE_ID,ASC
CISADM,W1_NODE,W1M205S9,1,SERVICE_AREA_CD,ASC
CISADM,W1_NODE_ATTACHMENT,W1M207P0,1,NODE_ID,ASC
CISADM,W1_NODE_ATTACHMENT,W1M207P0,2,NODE_ATT_REL_TYPE_FLG,ASC
CISADM,W1_NODE_ATTACHMENT,W1M207P0,3,ATTACHMENT_ID,ASC
CISADM,W1_NODE_CHAR,W1M209P0,1,NODE_ID,ASC
CISADM,W1_NODE_CHAR,W1M209P0,2,CHAR_TYPE_CD,ASC
CISADM,W1_NODE_CHAR,W1M209P0,3,EFFDT,ASC
CISADM,W1_NODE_CHAR,W1M209S1,1,SRCH_CHAR_VAL,ASC
CISADM,W1_NODE_CHAR2,W1T519P0,1,NODE_ID,ASC
CISADM,W1_NODE_CHAR2,W1T519P0,2,CHAR_TYPE_CD,ASC
CISADM,W1_NODE_CHAR2,W1T519P0,3,SEQ_NUM,ASC
CISADM,W1_NODE_CONTACT,W1M222P0,1,NODE_ID,ASC
CISADM,W1_NODE_CONTACT,W1M222P0,2,NODE_CONTACT_REL_FLG,ASC
CISADM,W1_NODE_CONTACT,W1M222P0,3,W1_CONTACT_ID,ASC
CISADM,W1_NODE_CONTACT,W1M222S1,1,W1_CONTACT_ID,ASC
CISADM,W1_NODE_CONTACT,W1M222S2,1,NODE_ID,ASC
CISADM,W1_NODE_CONTACT,W1M222S2,2,NODE_CONTACT_REL_FLG,ASC
CISADM,W1_NODE_COST_CENTER,W1T363P0,1,NODE_ID,ASC
CISADM,W1_NODE_COST_CENTER,W1T363P0,2,COST_CENTER_CD,ASC
CISADM,W1_NODE_DOCUMENT,W1M583P0,1,NODE_ID,ASC
CISADM,W1_NODE_DOCUMENT,W1M583P0,2,ATTACHMENT_ID,ASC
CISADM,W1_NODE_DOCUMENT,W1M583P0,3,DOCUMENT_ID,ASC
CISADM,W1_NODE_IDENTIFIER,W1M208P0,1,NODE_ID,ASC
CISADM,W1_NODE_IDENTIFIER,W1M208P0,2,NODE_ID_TYPE_FLG,ASC
CISADM,W1_NODE_IDENTIFIER,W1M208S1,1,W1_ID_VALUE,ASC
CISADM,W1_NODE_K,W1M212P0,1,NODE_ID,ASC
CISADM,W1_NODE_K,W1M212P0,2,ENV_ID,ASC
CISADM,W1_NODE_LOG,W1M210P0,1,NODE_ID,ASC
CISADM,W1_NODE_LOG,W1M210P0,2,SEQNO,ASC
CISADM,W1_NODE_LOG_PARM,W1M211P0,1,NODE_ID,ASC
CISADM,W1_NODE_LOG_PARM,W1M211P0,2,SEQNO,ASC
CISADM,W1_NODE_LOG_PARM,W1M211P0,3,PARM_SEQ,ASC
CISADM,W1_NODE_MAINT_TRIGGER,W1M705P0,1,NODE_ID,ASC
CISADM,W1_NODE_MAINT_TRIGGER,W1M705P0,2,MAINT_TRIGGER_ID,ASC
CISADM,W1_NODE_TYPE,W1C200P0,1,NODE_TYPE_CD,ASC
CISADM,W1_NODE_TYPE,W1C200S1,1,NODE_SUBCLASS_FLG,ASC
CISADM,W1_NODE_TYPE,W1C200S1,2,NODE_BUS_OBJ_CD,ASC
CISADM,W1_NODE_TYPE,W1C200S1,3,NODE_TYPE_CD,ASC
CISADM,W1_NODE_TYPE_CHAR,W1C204P0,1,NODE_TYPE_CD,ASC
CISADM,W1_NODE_TYPE_CHAR,W1C204P0,2,CHAR_TYPE_CD,ASC
CISADM,W1_NODE_TYPE_CHAR,W1C204P0,3,SEQ_NUM,ASC
CISADM,W1_NODE_TYPE_CHAR,W1C204S1,1,SRCH_CHAR_VAL,ASC
CISADM,W1_NODE_TYPE_L,W1C201P0,1,NODE_TYPE_CD,ASC
CISADM,W1_NODE_TYPE_L,W1C201P0,2,LANGUAGE_CD,ASC
CISADM,W1_ODC,W1T334P0,1,ODC_ID,ASC
CISADM,W1_ODC,W1T334S1,1,BUS_OBJ_CD,ASC
CISADM,W1_ODC,W1T334S1,2,BO_STATUS_CD,ASC
CISADM,W1_ODC,W1T334S1,3,ODC_ID,ASC
CISADM,W1_ODC,W1T334S2,1,W1_DESCR100_UPR,ASC
CISADM,W1_ODC_CHAR,W1T337P0,1,ODC_ID,ASC
CISADM,W1_ODC_CHAR,W1T337P0,2,CHAR_TYPE_CD,ASC
CISADM,W1_ODC_CHAR,W1T337P0,3,SEQ_NUM,ASC
CISADM,W1_ODC_CHAR,W1T337S1,1,SRCH_CHAR_VAL,ASC
CISADM,W1_ODC_DTL,W1T340P0,1,ODC_DTL_ID,ASC
CISADM,W1_ODC_DTL,W1T340S1,1,BUS_OBJ_CD,ASC
CISADM,W1_ODC_DTL,W1T340S1,2,BO_STATUS_CD,ASC
CISADM,W1_ODC_DTL,W1T340S1,3,ODC_DTL_ID,ASC
CISADM,W1_ODC_DTL,W1T340S2,1,ODC_ID,ASC
CISADM,W1_ODC_DTL,W1T340S2,2,ODC_DTL_ID,ASC
CISADM,W1_ODC_DTL_CHAR,W1T342P0,1,ODC_DTL_ID,ASC
CISADM,W1_ODC_DTL_CHAR,W1T342P0,2,CHAR_TYPE_CD,ASC
CISADM,W1_ODC_DTL_CHAR,W1T342P0,3,SEQ_NUM,ASC
CISADM,W1_ODC_DTL_CHAR,W1T342S1,1,SRCH_CHAR_VAL,ASC
CISADM,W1_ODC_DTL_COST,W1T345P0,1,ODC_DTL_ID,ASC
CISADM,W1_ODC_DTL_COST,W1T345P0,2,COST_CENTER_CD,ASC
CISADM,W1_ODC_DTL_K,W1T341P0,1,ODC_DTL_ID,ASC
CISADM,W1_ODC_DTL_K,W1T341P0,2,ENV_ID,ASC
CISADM,W1_ODC_DTL_LOG,W1T343P0,1,ODC_DTL_ID,ASC
CISADM,W1_ODC_DTL_LOG,W1T343P0,2,SEQNO,ASC
CISADM,W1_ODC_DTL_LOG_PARM,W1T344P0,1,ODC_DTL_ID,ASC
CISADM,W1_ODC_DTL_LOG_PARM,W1T344P0,2,SEQNO,ASC
CISADM,W1_ODC_DTL_LOG_PARM,W1T344P0,3,PARM_SEQ,ASC
CISADM,W1_ODC_IDENTIFIER,W1T335P0,1,ODC_ID,ASC
CISADM,W1_ODC_IDENTIFIER,W1T335P0,2,ODC_ID_TYPE_FLG,ASC
CISADM,W1_ODC_IDENTIFIER,W1T335S0,1,W1_ID_VALUE,ASC
CISADM,W1_ODC_IDENTIFIER,W1T335S0,2,ODC_ID_TYPE_FLG,ASC
CISADM,W1_ODC_IDENTIFIER,W1T335S1,1,SYS_NC00005$,ASC
CISADM,W1_ODC_IDENTIFIER,W1T335S1,2,ODC_ID_TYPE_FLG,ASC
CISADM,W1_ODC_K,W1T336P0,1,ODC_ID,ASC
CISADM,W1_ODC_K,W1T336P0,2,ENV_ID,ASC
CISADM,W1_ODC_LOG,W1T338P0,1,ODC_ID,ASC
CISADM,W1_ODC_LOG,W1T338P0,2,SEQNO,ASC
CISADM,W1_ODC_LOG_PARM,W1T339P0,1,ODC_ID,ASC
CISADM,W1_ODC_LOG_PARM,W1T339P0,2,SEQNO,ASC
CISADM,W1_ODC_LOG_PARM,W1T339P0,3,PARM_SEQ,ASC
CISADM,W1_OVERHEAD,W1C742P0,1,OVERHEAD_CD,ASC
CISADM,W1_OVERHEAD_CHAR,W1T744P0,1,OVERHEAD_CD,ASC
CISADM,W1_OVERHEAD_CHAR,W1T744P0,2,CHAR_TYPE_CD,ASC
CISADM,W1_OVERHEAD_CHAR,W1T744P0,3,SEQ_NUM,ASC
CISADM,W1_OVERHEAD_CHAR,W1T744S1,1,SRCH_CHAR_VAL,ASC
CISADM,W1_OVERHEAD_L,W1C743P0,1,OVERHEAD_CD,ASC
CISADM,W1_OVERHEAD_L,W1C743P0,2,LANGUAGE_CD,ASC
CISADM,W1_OVERHEAD_RESRC,W1C745P0,1,OVERHEAD_CD,ASC
CISADM,W1_OVERHEAD_RESRC,W1C745P0,2,W1_RESRC_CLASS_FLG,ASC
CISADM,W1_OVERTIME_TYPE,W1C625P0,1,OVERTIME_TYPE_CD,ASC
CISADM,W1_OVERTIME_TYPE_CHAR,W1C627P0,1,OVERTIME_TYPE_CD,ASC
CISADM,W1_OVERTIME_TYPE_CHAR,W1C627P0,2,CHAR_TYPE_CD,ASC
CISADM,W1_OVERTIME_TYPE_CHAR,W1C627P0,3,SEQ_NUM,ASC
CISADM,W1_OVERTIME_TYPE_CHAR,W1C627S1,1,SRCH_CHAR_VAL,ASC
CISADM,W1_OVERTIME_TYPE_L,W1C626P0,1,OVERTIME_TYPE_CD,ASC
CISADM,W1_OVERTIME_TYPE_L,W1C626P0,2,LANGUAGE_CD,ASC
CISADM,W1_PARENT_NODE_TYPE,W1C202P0,1,NODE_TYPE_CD,ASC
CISADM,W1_PARENT_NODE_TYPE,W1C202P0,2,PARENT_NODE_TYPE_CD,ASC
CISADM,W1_PAYMENT_TERM,W1C647P0,1,PAYMENT_TERM_CD,ASC
CISADM,W1_PAYMENT_TERM_CHAR,W1C649P0,1,PAYMENT_TERM_CD,ASC
CISADM,W1_PAYMENT_TERM_CHAR,W1C649P0,2,CHAR_TYPE_CD,ASC
CISADM,W1_PAYMENT_TERM_CHAR,W1C649P0,3,SEQ_NUM,ASC
CISADM,W1_PAYMENT_TERM_CHAR,W1C649S1,1,SRCH_CHAR_VAL,ASC
CISADM,W1_PAYMENT_TERM_L,W1C648P0,1,PAYMENT_TERM_CD,ASC
CISADM,W1_PAYMENT_TERM_L,W1C648P0,2,LANGUAGE_CD,ASC
CISADM,W1_PEER_NODE,W1M206P0,1,NODE_ID,ASC
CISADM,W1_PEER_NODE,W1M206P0,2,PEER_NODE_ID,ASC
CISADM,W1_PEER_NODE,W1M206P0,3,PEER_NODE_REL_TYP_FLG,ASC
CISADM,W1_PEER_NODE_TYPE,W1C203P0,1,NODE_TYPE_CD,ASC
CISADM,W1_PEER_NODE_TYPE,W1C203P0,2,PEER_NODE_TYPE_CD,ASC
CISADM,W1_PEER_NODE_TYPE,W1C203P0,3,PEER_NODE_REL_TYP_FLG,ASC
CISADM,W1_PEER_SPECIFICATION,W1C277P0,1,SPECIFICATION_CD,ASC
CISADM,W1_PEER_SPECIFICATION,W1C277P0,2,SPEC_REL_TYPE_FLG,ASC
CISADM,W1_PEER_SPECIFICATION,W1C277P0,3,PEER_SPECIFICATION_CD,ASC
CISADM,W1_PEER_SPECIFICATION,W1C277S1,1,SPEC_REL_TYPE_FLG,ASC
CISADM,W1_PEER_SPECIFICATION,W1C277S2,1,PEER_SPECIFICATION_CD,ASC
CISADM,W1_PERMIT,W1T872P0,1,PERMIT_ID,ASC
CISADM,W1_PERMIT_ASSET_LOCATION,W1M875P0,1,PERMIT_ID,ASC
CISADM,W1_PERMIT_ASSET_LOCATION,W1M875P0,2,ASSET_ID,ASC
CISADM,W1_PERMIT_ASSET_LOCATION,W1M875P0,3,NODE_ID,ASC
CISADM,W1_PERMIT_CHAR,W1M879P0,1,PERMIT_ID,ASC
CISADM,W1_PERMIT_CHAR,W1M879P0,2,CHAR_TYPE_CD,ASC
CISADM,W1_PERMIT_CHAR,W1M879P0,3,SEQ_NUM,ASC
CISADM,W1_PERMIT_CLASS,W1C869P0P0,1,PERMIT_CLASS_CD,ASC
CISADM,W1_PERMIT_CLASS_CHAR,W1C870P0,1,PERMIT_CLASS_CD,ASC
CISADM,W1_PERMIT_CLASS_CHAR,W1C870P0,2,CHAR_TYPE_CD,ASC
CISADM,W1_PERMIT_CLASS_CHAR,W1C870P0,3,SEQ_NUM,ASC
CISADM,W1_PERMIT_CLASS_L,W1C871P0P0,1,PERMIT_CLASS_CD,ASC
CISADM,W1_PERMIT_CLASS_L,W1C871P0P0,2,LANGUAGE_CD,ASC
CISADM,W1_PERMIT_DOCUMENT,W1M877P0,1,PERMIT_ID,ASC
CISADM,W1_PERMIT_DOCUMENT,W1M877P0,2,DOCUMENT_ID,ASC
CISADM,W1_PERMIT_DOCUMENT,W1M877P0,3,ATTACHMENT_ID,ASC
CISADM,W1_PERMIT_EMPLOYEE_LOG,W1M873P0,1,PERMIT_ID,ASC
CISADM,W1_PERMIT_EMPLOYEE_LOG,W1M873P0,2,EMPLOYEE_ID,ASC
CISADM,W1_PERMIT_EMPLOYEE_LOG,W1M873P0,3,W1_ROLE_FLG,ASC
CISADM,W1_PERMIT_EMPLOYEE_LOG,W1M873P0,4,EFF_DTTM,ASC
CISADM,W1_PERMIT_IDENTIFIER,W1M880P0,1,PERMIT_ID,ASC
CISADM,W1_PERMIT_IDENTIFIER,W1M880P0,2,PERMIT_ID_TYPE_FLG,ASC
CISADM,W1_PERMIT_K,W1T883P0,1,PERMIT_ID,ASC
CISADM,W1_PERMIT_K,W1T883P0,2,ENV_ID,ASC
CISADM,W1_PERMIT_LOG,W1M881P0,1,PERMIT_ID,ASC
CISADM,W1_PERMIT_LOG,W1M881P0,2,SEQNO,ASC
CISADM,W1_PERMIT_LOG_PARM,W1M882P0,1,PERMIT_ID,ASC
CISADM,W1_PERMIT_LOG_PARM,W1M882P0,2,SEQNO,ASC
CISADM,W1_PERMIT_LOG_PARM,W1M882P0,3,PARM_SEQ,ASC
CISADM,W1_PERMIT_NOTE,W1M878P0,1,PERMIT_ID,ASC
CISADM,W1_PERMIT_NOTE,W1M878P0,2,SEQNO,ASC
CISADM,W1_PERMIT_RESOURCE,W1M874P0,1,PERMIT_ID,ASC
CISADM,W1_PERMIT_RESOURCE,W1M874P0,2,RESRC_TYPE_ID,ASC
CISADM,W1_PERMIT_RESOURCE,W1M874P0,3,W1_ROLE_FLG,ASC
CISADM,W1_PERMIT_TMPL,W1C872P0,1,PERMIT_TMPL_CD,ASC
CISADM,W1_PERMIT_TMPL_CHAR,W1C874P0,1,PERMIT_TMPL_CD,ASC
CISADM,W1_PERMIT_TMPL_CHAR,W1C874P0,2,CHAR_TYPE_CD,ASC
CISADM,W1_PERMIT_TMPL_CHAR,W1C874P0,3,SEQ_NUM,ASC
CISADM,W1_PERMIT_TMPL_CHAR,W1C874S1,1,SRCH_CHAR_VAL,ASC
CISADM,W1_PERMIT_TMPL_CHKLST,W1C875P0,1,PERMIT_TMPL_CD,ASC
CISADM,W1_PERMIT_TMPL_CHKLST,W1C875P0,2,CHECKLIST_TYPE_CD,ASC
CISADM,W1_PERMIT_TMPL_DOCUMENT,W1C878P0,1,PERMIT_TMPL_CD,ASC
CISADM,W1_PERMIT_TMPL_DOCUMENT,W1C878P0,2,ATTACHMENT_ID,ASC
CISADM,W1_PERMIT_TMPL_DOCUMENT,W1C878P0,3,DOCUMENT_ID,ASC
CISADM,W1_PERMIT_TMPL_L,W1C873P0,1,PERMIT_TMPL_CD,ASC
CISADM,W1_PERMIT_TMPL_L,W1C873P0,2,LANGUAGE_CD,ASC
CISADM,W1_PERMIT_TMPL_NOTE,W1C879P0,1,PERMIT_TMPL_CD,ASC
CISADM,W1_PERMIT_TMPL_NOTE,W1C879P0,2,SEQNO,ASC
CISADM,W1_PERMIT_TMPL_RESRC,W1C876P0,1,PERMIT_TMPL_CD,ASC
CISADM,W1_PERMIT_TMPL_RESRC,W1C876P0,2,RESRC_TYPE_ID,ASC
CISADM,W1_PERMIT_TMPL_RESRC,W1C876P0,3,W1_ROLE_FLG,ASC
CISADM,W1_PERMIT_TMPL_SVC_HIST_TYPE,W1C877P0,1,PERMIT_TMPL_CD,ASC
CISADM,W1_PERMIT_TMPL_SVC_HIST_TYPE,W1C877P0,2,SVC_HIST_TYPE_CD,ASC
CISADM,W1_PI_CNT_LINE,W1T329P0,1,PI_CNT_LINE_ID,ASC
CISADM,W1_PI_CNT_LINE,W1T329S1,1,BUS_OBJ_CD,ASC
CISADM,W1_PI_CNT_LINE,W1T329S1,2,BO_STATUS_CD,ASC
CISADM,W1_PI_CNT_LINE,W1T329S1,3,PI_CNT_LINE_ID,ASC
CISADM,W1_PI_CNT_LINE,W1T329S2,1,PI_CNT_MST_ID,ASC
CISADM,W1_PI_CNT_LINE,W1T329S2,2,PI_CNT_LINE_ID,ASC
CISADM,W1_PI_CNT_LINE_CHAR,W1T330P0,1,PI_CNT_LINE_ID,ASC
CISADM,W1_PI_CNT_LINE_CHAR,W1T330P0,2,CHAR_TYPE_CD,ASC
CISADM,W1_PI_CNT_LINE_CHAR,W1T330P0,3,SEQ_NUM,ASC
CISADM,W1_PI_CNT_LINE_CHAR,W1T330S1,1,SRCH_CHAR_VAL,ASC
CISADM,W1_PI_CNT_LINE_K,W1T333P0,1,PI_CNT_LINE_ID,ASC
CISADM,W1_PI_CNT_LINE_K,W1T333P0,2,ENV_ID,ASC
CISADM,W1_PI_CNT_LINE_LOG,W1T331P0,1,PI_CNT_LINE_ID,ASC
CISADM,W1_PI_CNT_LINE_LOG,W1T331P0,2,SEQNO,ASC
CISADM,W1_PI_CNT_LINE_LOG_PARM,W1T332P0,1,PI_CNT_LINE_ID,ASC
CISADM,W1_PI_CNT_LINE_LOG_PARM,W1T332P0,2,SEQNO,ASC
CISADM,W1_PI_CNT_LINE_LOG_PARM,W1T332P0,3,PARM_SEQ,ASC
CISADM,W1_PI_CNT_MST,W1T324P0,1,PI_CNT_MST_ID,ASC
CISADM,W1_PI_CNT_MST,W1T324S1,1,BUS_OBJ_CD,ASC
CISADM,W1_PI_CNT_MST,W1T324S1,2,BO_STATUS_CD,ASC
CISADM,W1_PI_CNT_MST,W1T324S1,3,PI_CNT_MST_ID,ASC
CISADM,W1_PI_CNT_MST,W1T324S2,1,PI_HEADER_ID,ASC
CISADM,W1_PI_CNT_MST,W1T324S2,2,PI_CNT_MST_ID,ASC
CISADM,W1_PI_CNT_MST,W1T324S3,1,STOCK_ITEM_DTL_ID,ASC
CISADM,W1_PI_CNT_MST_CHAR,W1T325P0,1,PI_CNT_MST_ID,ASC
CISADM,W1_PI_CNT_MST_CHAR,W1T325P0,2,CHAR_TYPE_CD,ASC
CISADM,W1_PI_CNT_MST_CHAR,W1T325P0,3,SEQ_NUM,ASC
CISADM,W1_PI_CNT_MST_CHAR,W1T325S1,1,SRCH_CHAR_VAL,ASC
CISADM,W1_PI_CNT_MST_K,W1T328P0,1,PI_CNT_MST_ID,ASC
CISADM,W1_PI_CNT_MST_K,W1T328P0,2,ENV_ID,ASC
CISADM,W1_PI_CNT_MST_LOG,W1T326P0,1,PI_CNT_MST_ID,ASC
CISADM,W1_PI_CNT_MST_LOG,W1T326P0,2,SEQNO,ASC
CISADM,W1_PI_CNT_MST_LOG_PARM,W1T327P0,1,PI_CNT_MST_ID,ASC
CISADM,W1_PI_CNT_MST_LOG_PARM,W1T327P0,2,SEQNO,ASC
CISADM,W1_PI_CNT_MST_LOG_PARM,W1T327P0,3,PARM_SEQ,ASC
CISADM,W1_PI_HEADER,W1T319P0,1,PI_HEADER_ID,ASC
CISADM,W1_PI_HEADER,W1T319S1,1,BUS_OBJ_CD,ASC
CISADM,W1_PI_HEADER,W1T319S1,2,BO_STATUS_CD,ASC
CISADM,W1_PI_HEADER,W1T319S1,3,PI_HEADER_ID,ASC
CISADM,W1_PI_HEADER,W1T319S2,1,PI_HEADER_NUM,ASC
CISADM,W1_PI_HEADER,W1T319S2,2,PI_HEADER_ID,ASC
CISADM,W1_PI_HEADER_CHAR,W1T320P0,1,PI_HEADER_ID,ASC
CISADM,W1_PI_HEADER_CHAR,W1T320P0,2,CHAR_TYPE_CD,ASC
CISADM,W1_PI_HEADER_CHAR,W1T320P0,3,SEQ_NUM,ASC
CISADM,W1_PI_HEADER_CHAR,W1T320S1,1,SRCH_CHAR_VAL,ASC
CISADM,W1_PI_HEADER_K,W1T323P0,1,PI_HEADER_ID,ASC
CISADM,W1_PI_HEADER_K,W1T323P0,2,ENV_ID,ASC
CISADM,W1_PI_HEADER_LOG,W1T321P0,1,PI_HEADER_ID,ASC
CISADM,W1_PI_HEADER_LOG,W1T321P0,2,SEQNO,ASC
CISADM,W1_PI_HEADER_LOG_PARM,W1T322P0,1,PI_HEADER_ID,ASC
CISADM,W1_PI_HEADER_LOG_PARM,W1T322P0,2,SEQNO,ASC
CISADM,W1_PI_HEADER_LOG_PARM,W1T322P0,3,PARM_SEQ,ASC
CISADM,W1_PLANNER,W1C691P0,1,PLANNER_CD,ASC
CISADM,W1_PLANNER_CHAR,W1C693P0,1,PLANNER_CD,ASC
CISADM,W1_PLANNER_CHAR,W1C693P0,2,CHAR_TYPE_CD,ASC
CISADM,W1_PLANNER_CHAR,W1C693P0,3,SEQ_NUM,ASC
CISADM,W1_PLANNER_CHAR,W1C693S1,1,SRCH_CHAR_VAL,ASC
CISADM,W1_PLANNER_L,W1C692P0,1,PLANNER_CD,ASC
CISADM,W1_PLANNER_L,W1C692P0,2,LANGUAGE_CD,ASC
CISADM,W1_PO_HEADER,W1T410P0,1,PO_HEADER_ID,ASC
CISADM,W1_PO_HEADER,W1T410S1,1,PO_NUM,ASC
CISADM,W1_PO_HEADER,W1T410S1,2,REVISION_NUM,ASC
CISADM,W1_PO_HEADER,W1T410S2,1,BUS_OBJ_CD,ASC
CISADM,W1_PO_HEADER,W1T410S2,2,BO_STATUS_CD,ASC
CISADM,W1_PO_HEADER,W1T410S2,3,PO_HEADER_ID,ASC
CISADM,W1_PO_HEADER,W1T410S3,1,VENDOR_LOC_ID,ASC
CISADM,W1_PO_HEADER,W1T410S4,1,CURRENCY_CD,ASC
CISADM,W1_PO_HEADER,W1T410S5,1,BC_HEADER_ID,ASC
CISADM,W1_PO_HEADER,W1T410S5,2,PO_HEADER_ID,ASC
CISADM,W1_PO_HEADER_CHAR,W1T413P0,1,PO_HEADER_ID,ASC
CISADM,W1_PO_HEADER_CHAR,W1T413P0,2,CHAR_TYPE_CD,ASC
CISADM,W1_PO_HEADER_CHAR,W1T413P0,3,SEQ_NUM,ASC
CISADM,W1_PO_HEADER_CHAR,W1T413S1,1,SRCH_CHAR_VAL,ASC
CISADM,W1_PO_HEADER_COST_CENTER,W1T412P0,1,PO_HEADER_ID,ASC
CISADM,W1_PO_HEADER_COST_CENTER,W1T412P0,2,COST_CENTER_CD,ASC
CISADM,W1_PO_HEADER_DOCUMENT,W1T417P0,1,PO_HEADER_ID,ASC
CISADM,W1_PO_HEADER_DOCUMENT,W1T417P0,2,ATTACHMENT_ID,ASC
CISADM,W1_PO_HEADER_DOCUMENT,W1T417P0,3,DOCUMENT_ID,ASC
CISADM,W1_PO_HEADER_IDENTIFIER,W1T525P0,1,PO_HEADER_ID,ASC
CISADM,W1_PO_HEADER_IDENTIFIER,W1T525P0,2,PO_HEADER_ID_TYPE_FLG,ASC
CISADM,W1_PO_HEADER_IDENTIFIER,W1T525S0,1,W1_ID_VALUE,ASC
CISADM,W1_PO_HEADER_IDENTIFIER,W1T525S0,2,PO_HEADER_ID_TYPE_FLG,ASC
CISADM,W1_PO_HEADER_IDENTIFIER,W1T525S1,1,SYS_NC00005$,ASC
CISADM,W1_PO_HEADER_IDENTIFIER,W1T525S1,2,PO_HEADER_ID_TYPE_FLG,ASC
CISADM,W1_PO_HEADER_K,W1T411P0,1,PO_HEADER_ID,ASC
CISADM,W1_PO_HEADER_K,W1T411P0,2,ENV_ID,ASC
CISADM,W1_PO_HEADER_LOG,W1T414P0,1,PO_HEADER_ID,ASC
CISADM,W1_PO_HEADER_LOG,W1T414P0,2,SEQNO,ASC
CISADM,W1_PO_HEADER_LOG,W1T414S1,1,CHAR_TYPE_CD,ASC
CISADM,W1_PO_HEADER_LOG,W1T414S1,2,CHAR_VAL_FK1,ASC
CISADM,W1_PO_HEADER_LOG,W1T414S2,1,CHAR_TYPE_CD,ASC
CISADM,W1_PO_HEADER_LOG,W1T414S2,2,CHAR_VAL,ASC
CISADM,W1_PO_HEADER_LOG_PARM,W1T415P0,1,PO_HEADER_ID,ASC
CISADM,W1_PO_HEADER_LOG_PARM,W1T415P0,2,SEQNO,ASC
CISADM,W1_PO_HEADER_LOG_PARM,W1T415P0,3,PARM_SEQ,ASC
CISADM,W1_PO_HEADER_NOTE,W1T416P0,1,PO_HEADER_ID,ASC
CISADM,W1_PO_HEADER_NOTE,W1T416P0,2,SEQNO,ASC
CISADM,W1_PO_LINE,W1T418P0,1,PO_LINE_ID,ASC
CISADM,W1_PO_LINE,W1T418S1,1,ITEM_NUM,ASC
CISADM,W1_PO_LINE,W1T418S2,1,PO_HEADER_ID,ASC
CISADM,W1_PO_LINE,W1T418S2,2,PO_LINE_ID,ASC
CISADM,W1_PO_LINE,W1T418S3,1,ACT_ID,ASC
CISADM,W1_PO_LINE,W1T418S3,2,PO_LINE_ID,ASC
CISADM,W1_PO_LINE,W1T418S4,1,BUS_OBJ_CD,ASC
CISADM,W1_PO_LINE,W1T418S4,2,BO_STATUS_CD,ASC
CISADM,W1_PO_LINE,W1T418S4,3,PO_LINE_ID,ASC
CISADM,W1_PO_LINE,W1T418S5,1,RESRC_TYPE_ID,ASC
CISADM,W1_PO_LINE,W1T418S5,2,PO_LINE_ID,ASC
CISADM,W1_PO_LINE,W1T418S6,1,STOCK_ITEM_DTL_ID,ASC
CISADM,W1_PO_LINE,W1T418S6,2,PO_LINE_ID,ASC
CISADM,W1_PO_LINE,W1T418S7,1,BC_LINE_ID,ASC
CISADM,W1_PO_LINE,W1T418S7,2,PO_LINE_ID,ASC
CISADM,W1_PO_LINE,W1T418S8,1,PR_LINE_ID,ASC
CISADM,W1_PO_LINE,W1T418S8,2,PO_LINE_ID,ASC
CISADM,W1_PO_LINE_CHAR,W1T421P0,1,PO_LINE_ID,ASC
CISADM,W1_PO_LINE_CHAR,W1T421P0,2,CHAR_TYPE_CD,ASC
CISADM,W1_PO_LINE_CHAR,W1T421P0,3,SEQ_NUM,ASC
CISADM,W1_PO_LINE_CHAR,W1T421S1,1,SRCH_CHAR_VAL,ASC
CISADM,W1_PO_LINE_COST_CENTER,W1T420P0,1,PO_LINE_ID,ASC
CISADM,W1_PO_LINE_COST_CENTER,W1T420P0,2,COST_CENTER_CD,ASC
CISADM,W1_PO_LINE_COST_CENTER,W1T420P0,3,EXPENSE_CD,ASC
CISADM,W1_PO_LINE_DOCUMENT,W1T427P0,1,PO_LINE_ID,ASC
CISADM,W1_PO_LINE_DOCUMENT,W1T427P0,2,ATTACHMENT_ID,ASC
CISADM,W1_PO_LINE_DOCUMENT,W1T427P0,3,DOCUMENT_ID,ASC
CISADM,W1_PO_LINE_K,W1T419P0,1,PO_LINE_ID,ASC
CISADM,W1_PO_LINE_K,W1T419P0,2,ENV_ID,ASC
CISADM,W1_PO_LINE_LOG,W1T422P0,1,PO_LINE_ID,ASC
CISADM,W1_PO_LINE_LOG,W1T422P0,2,SEQNO,ASC
CISADM,W1_PO_LINE_LOG,W1T422S1,1,CHAR_TYPE_CD,ASC
CISADM,W1_PO_LINE_LOG,W1T422S1,2,CHAR_VAL_FK1,ASC
CISADM,W1_PO_LINE_LOG,W1T422S2,1,CHAR_TYPE_CD,ASC
CISADM,W1_PO_LINE_LOG,W1T422S2,2,CHAR_VAL,ASC
CISADM,W1_PO_LINE_LOG_PARM,W1T423P0,1,PO_LINE_ID,ASC
CISADM,W1_PO_LINE_LOG_PARM,W1T423P0,2,SEQNO,ASC
CISADM,W1_PO_LINE_LOG_PARM,W1T423P0,3,PARM_SEQ,ASC
CISADM,W1_PO_LINE_MFR,W1T424P0,1,PO_LINE_ID,ASC
CISADM,W1_PO_LINE_MFR,W1T424P0,2,W1_MANUFACTURER_CD,ASC
CISADM,W1_PO_LINE_MFR,W1T424P0,3,MANUFACTURER_PART_NO,ASC
CISADM,W1_PO_LINE_NOTE,W1T426P0,1,PO_LINE_ID,ASC
CISADM,W1_PO_LINE_NOTE,W1T426P0,2,SEQNO,ASC
CISADM,W1_PO_LINE_TAX_LINE,W1T425P0,1,PO_LINE_ID,ASC
CISADM,W1_PO_LINE_TAX_LINE,W1T425P0,2,SEQ_NUM,ASC
CISADM,W1_PO_LINE_TAX_LINE,W1T425P0,3,TAX_RATE_SCHED_CD,ASC
CISADM,W1_PO_LINE_TAX_LINE,W1T425P0,4,EFFDT,ASC
CISADM,W1_PROCESS,W1M923P0,1,PROCESS_ID,ASC
CISADM,W1_PROCESS_CHAR,W1M926P0,1,PROCESS_ID,ASC
CISADM,W1_PROCESS_CHAR,W1M926P0,2,CHAR_TYPE_CD,ASC
CISADM,W1_PROCESS_CHAR,W1M926P0,3,SEQ_NUM,ASC
CISADM,W1_PROCESS_DOCUMENT,W1M930P0,1,PROCESS_ID,ASC
CISADM,W1_PROCESS_DOCUMENT,W1M930P0,2,DOCUMENT_ID,ASC
CISADM,W1_PROCESS_DOCUMENT,W1M930P0,3,ATTACHMENT_ID,ASC
CISADM,W1_PROCESS_IDENTIFIER,W1M927P0,1,PROCESS_ID,ASC
CISADM,W1_PROCESS_IDENTIFIER,W1M927P0,2,PROCESS_ID_TYPE_FLG,ASC
CISADM,W1_PROCESS_K,W1M924P0,1,PROCESS_ID,ASC
CISADM,W1_PROCESS_K,W1M924P0,2,ENV_ID,ASC
CISADM,W1_PROCESS_LOC,W1M925P0,1,PROCESS_ID,ASC
CISADM,W1_PROCESS_LOC,W1M925P0,2,NODE_ID,ASC
CISADM,W1_PROCESS_LOG,W1M928P0,1,PROCESS_ID,ASC
CISADM,W1_PROCESS_LOG,W1M928P0,2,SEQNO,ASC
CISADM,W1_PROCESS_LOG_PARM,W1M929P0,1,PROCESS_ID,ASC
CISADM,W1_PROCESS_LOG_PARM,W1M929P0,2,SEQNO,ASC
CISADM,W1_PROCESS_LOG_PARM,W1M929P0,3,PARM_SEQ,ASC
CISADM,W1_PROCESS_TYPE,W1C920P0,1,PROCESS_TYPE_CD,ASC
CISADM,W1_PROCESS_TYPE_CHAR,W1C921P0,1,PROCESS_TYPE_CD,ASC
CISADM,W1_PROCESS_TYPE_CHAR,W1C921P0,2,CHAR_TYPE_CD,ASC
CISADM,W1_PROCESS_TYPE_CHAR,W1C921P0,3,SEQ_NUM,ASC
CISADM,W1_PROCESS_TYPE_L,W1C922P0,1,PROCESS_TYPE_CD,ASC
CISADM,W1_PROCESS_TYPE_L,W1C922P0,2,LANGUAGE_CD,ASC
CISADM,W1_PROJECT,W1M601P0,1,PRJ_ID,ASC
CISADM,W1_PROJECT,W1M601S1,1,BUS_OBJ_CD,ASC
CISADM,W1_PROJECT,W1M601S1,2,BO_STATUS_CD,ASC
CISADM,W1_PROJECT,W1M601S1,3,PRJ_ID,ASC
CISADM,W1_PROJECT,W1M601S10,1,ALLOW_CHARGE_FLG,ASC
CISADM,W1_PROJECT,W1M601S11,1,W1_DESCR100_UPR,ASC
CISADM,W1_PROJECT,W1M601S12,1,PRJ_NUM,ASC
CISADM,W1_PROJECT,W1M601S2,1,PRJ_CAT_CD,ASC
CISADM,W1_PROJECT,W1M601S3,1,EST_START_DT,ASC
CISADM,W1_PROJECT,W1M601S4,1,EST_END_DT,ASC
CISADM,W1_PROJECT,W1M601S5,1,ACT_START_DT,ASC
CISADM,W1_PROJECT,W1M601S6,1,ACT_END_DT,ASC
CISADM,W1_PROJECT,W1M601S7,1,CRE_DTTM,ASC
CISADM,W1_PROJECT,W1M601S8,1,FINAL_DTTM,ASC
CISADM,W1_PROJECT,W1M601S9,1,PRNT_PRJ_ID,ASC
CISADM,W1_PROJECT_CATEGORY,W1C631P0,1,PRJ_CAT_CD,ASC
CISADM,W1_PROJECT_CATEGORY_CHAR,W1C633P0,1,PRJ_CAT_CD,ASC
CISADM,W1_PROJECT_CATEGORY_CHAR,W1C633P0,2,CHAR_TYPE_CD,ASC
CISADM,W1_PROJECT_CATEGORY_CHAR,W1C633P0,3,SEQ_NUM,ASC
CISADM,W1_PROJECT_CATEGORY_CHAR,W1C633S1,1,SRCH_CHAR_VAL,ASC
CISADM,W1_PROJECT_CATEGORY_L,W1C632P0,1,PRJ_CAT_CD,ASC
CISADM,W1_PROJECT_CATEGORY_L,W1C632P0,2,LANGUAGE_CD,ASC
CISADM,W1_PROJECT_CATEGORY_LOG,W1C963P0,1,PRJ_CAT_CD,ASC
CISADM,W1_PROJECT_CATEGORY_LOG,W1C963P0,2,SEQNO,ASC
CISADM,W1_PROJECT_CATEGORY_LOG_PARM,W1C964P0,1,PRJ_CAT_CD,ASC
CISADM,W1_PROJECT_CATEGORY_LOG_PARM,W1C964P0,2,SEQNO,ASC
CISADM,W1_PROJECT_CATEGORY_LOG_PARM,W1C964P0,3,PARM_SEQ,ASC
CISADM,W1_PROJECT_CHAR,W1M604P0,1,PRJ_ID,ASC
CISADM,W1_PROJECT_CHAR,W1M604P0,2,CHAR_TYPE_CD,ASC
CISADM,W1_PROJECT_CHAR,W1M604P0,3,SEQ_NUM,ASC
CISADM,W1_PROJECT_CHAR,W1M604S1,1,SRCH_CHAR_VAL,ASC
CISADM,W1_PROJECT_COST_CENTER,W1M602P0,1,PRJ_ID,ASC
CISADM,W1_PROJECT_COST_CENTER,W1M602P0,2,COST_CENTER_CD,ASC
CISADM,W1_PROJECT_DOCUMENT,W1M608P0,1,PRJ_ID,ASC
CISADM,W1_PROJECT_DOCUMENT,W1M608P0,2,ATTACHMENT_ID,ASC
CISADM,W1_PROJECT_DOCUMENT,W1M608P0,3,DOCUMENT_ID,ASC
CISADM,W1_PROJECT_IDENTIFIER,W1M603P0,1,PRJ_ID,ASC
CISADM,W1_PROJECT_IDENTIFIER,W1M603P0,2,PRJ_ID_TYPE_FLG,ASC
CISADM,W1_PROJECT_IDENTIFIER,W1M603S0,1,W1_ID_VALUE,ASC
CISADM,W1_PROJECT_IDENTIFIER,W1M603S0,2,PRJ_ID_TYPE_FLG,ASC
CISADM,W1_PROJECT_IDENTIFIER,W1M603S1,1,SYS_NC00005$,ASC
CISADM,W1_PROJECT_IDENTIFIER,W1M603S1,2,PRJ_ID_TYPE_FLG,ASC
CISADM,W1_PROJECT_K,W1M609P0,1,PRJ_ID,ASC
CISADM,W1_PROJECT_K,W1M609P0,2,ENV_ID,ASC
CISADM,W1_PROJECT_LOG,W1M605P0,1,PRJ_ID,ASC
CISADM,W1_PROJECT_LOG,W1M605P0,2,SEQNO,ASC
CISADM,W1_PROJECT_LOG,W1M605S1,1,CHAR_TYPE_CD,ASC
CISADM,W1_PROJECT_LOG,W1M605S1,2,CHAR_VAL_FK1,ASC
CISADM,W1_PROJECT_LOG,W1M605S2,1,CHAR_TYPE_CD,ASC
CISADM,W1_PROJECT_LOG,W1M605S2,2,CHAR_VAL,ASC
CISADM,W1_PROJECT_LOG_PARM,W1M606P0,1,PRJ_ID,ASC
CISADM,W1_PROJECT_LOG_PARM,W1M606P0,2,SEQNO,ASC
CISADM,W1_PROJECT_LOG_PARM,W1M606P0,3,PARM_SEQ,ASC
CISADM,W1_PROJECT_NOTE,W1M607P0,1,PRJ_ID,ASC
CISADM,W1_PROJECT_NOTE,W1M607P0,2,SEQNO,ASC
CISADM,W1_PROPERTY_UNIT,W1C739P0,1,PROPERTY_UNIT_CD,ASC
CISADM,W1_PROPERTY_UNIT_CHAR,W1T741P0,1,PROPERTY_UNIT_CD,ASC
CISADM,W1_PROPERTY_UNIT_CHAR,W1T741P0,2,CHAR_TYPE_CD,ASC
CISADM,W1_PROPERTY_UNIT_CHAR,W1T741P0,3,SEQ_NUM,ASC
CISADM,W1_PROPERTY_UNIT_CHAR,W1T741S1,1,SRCH_CHAR_VAL,ASC
CISADM,W1_PROPERTY_UNIT_L,W1C740P0,1,PROPERTY_UNIT_CD,ASC
CISADM,W1_PROPERTY_UNIT_L,W1C740P0,2,LANGUAGE_CD,ASC
CISADM,W1_PR_HDR,W1T434P0,1,PR_HDR_ID,ASC
CISADM,W1_PR_HDR,W1T434S1,1,PR_NMBR,ASC
CISADM,W1_PR_HDR,W1T434S2,1,W1_DESCR100_UPR,ASC
CISADM,W1_PR_HDR,W1T434S3,1,REQSTR_UPR,ASC
CISADM,W1_PR_HDR,W1T434S4,1,DELIVER_TO_UPR,ASC
CISADM,W1_PR_HDR,W1T434S5,1,BUS_OBJ_CD,ASC
CISADM,W1_PR_HDR,W1T434S5,2,BO_STATUS_CD,ASC
CISADM,W1_PR_HDR,W1T434S5,3,PR_HDR_ID,ASC
CISADM,W1_PR_HDR_CHAR,W1T437P0,1,PR_HDR_ID,ASC
CISADM,W1_PR_HDR_CHAR,W1T437P0,2,CHAR_TYPE_CD,ASC
CISADM,W1_PR_HDR_CHAR,W1T437P0,3,SEQ_NUM,ASC
CISADM,W1_PR_HDR_CHAR,W1T437S1,1,SRCH_CHAR_VAL,ASC
CISADM,W1_PR_HDR_COST_CTR,W1T442P0,1,PR_HDR_ID,ASC
CISADM,W1_PR_HDR_COST_CTR,W1T442P0,2,COST_CENTER_CD,ASC
CISADM,W1_PR_HDR_DOCUMENT,W1T441P0,1,PR_HDR_ID,ASC
CISADM,W1_PR_HDR_DOCUMENT,W1T441P0,2,ATTACHMENT_ID,ASC
CISADM,W1_PR_HDR_DOCUMENT,W1T441P0,3,DOCUMENT_ID,ASC
CISADM,W1_PR_HDR_IDENTIFIER,W1T436P0,1,PR_HDR_ID,ASC
CISADM,W1_PR_HDR_IDENTIFIER,W1T436P0,2,PR_HDR_ID_TYPE_FLG,ASC
CISADM,W1_PR_HDR_IDENTIFIER,W1T436S1,1,W1_ID_VALUE,ASC
CISADM,W1_PR_HDR_IDENTIFIER,W1T436S1,2,PR_HDR_ID_TYPE_FLG,ASC
CISADM,W1_PR_HDR_IDENTIFIER,W1T436S2,1,SYS_NC00005$,ASC
CISADM,W1_PR_HDR_IDENTIFIER,W1T436S2,2,PR_HDR_ID_TYPE_FLG,ASC
CISADM,W1_PR_HDR_K,W1T435P0,1,PR_HDR_ID,ASC
CISADM,W1_PR_HDR_K,W1T435P0,2,ENV_ID,ASC
CISADM,W1_PR_HDR_LOG,W1T438P0,1,PR_HDR_ID,ASC
CISADM,W1_PR_HDR_LOG,W1T438P0,2,SEQNO,ASC
CISADM,W1_PR_HDR_LOG_PARM,W1T439P0,1,PR_HDR_ID,ASC
CISADM,W1_PR_HDR_LOG_PARM,W1T439P0,2,SEQNO,ASC
CISADM,W1_PR_HDR_LOG_PARM,W1T439P0,3,PARM_SEQ,ASC
CISADM,W1_PR_HDR_NOTE,W1T440P0,1,PR_HDR_ID,ASC
CISADM,W1_PR_HDR_NOTE,W1T440P0,2,SEQNO,ASC
CISADM,W1_PR_LINE,W1T443P0,1,PR_LINE_ID,ASC
CISADM,W1_PR_LINE,W1T443S1,1,BUS_OBJ_CD,ASC
CISADM,W1_PR_LINE,W1T443S1,2,BO_STATUS_CD,ASC
CISADM,W1_PR_LINE,W1T443S1,3,PR_LINE_ID,ASC
CISADM,W1_PR_LINE,W1T443S2,1,PR_HDR_ID,ASC
CISADM,W1_PR_LINE,W1T443S2,2,PR_LINE_ID,ASC
CISADM,W1_PR_LINE,W1T443S3,1,STOCK_ITEM_DTL_ID,ASC
CISADM,W1_PR_LINE,W1T443S3,2,PR_LINE_ID,ASC
CISADM,W1_PR_LINE_CHAR,W1T446P0,1,PR_LINE_ID,ASC
CISADM,W1_PR_LINE_CHAR,W1T446P0,2,CHAR_TYPE_CD,ASC
CISADM,W1_PR_LINE_CHAR,W1T446P0,3,SEQ_NUM,ASC
CISADM,W1_PR_LINE_CHAR,W1T446S1,1,SRCH_CHAR_VAL,ASC
CISADM,W1_PR_LINE_COST,W1T445P0,1,PR_LINE_ID,ASC
CISADM,W1_PR_LINE_COST,W1T445P0,2,COST_CENTER_CD,ASC
CISADM,W1_PR_LINE_COST,W1T445P0,3,EXPENSE_CD,ASC
CISADM,W1_PR_LINE_DOCUMENT,W1T452P0,1,PR_LINE_ID,ASC
CISADM,W1_PR_LINE_DOCUMENT,W1T452P0,2,ATTACHMENT_ID,ASC
CISADM,W1_PR_LINE_DOCUMENT,W1T452P0,3,DOCUMENT_ID,ASC
CISADM,W1_PR_LINE_K,W1T444P0,1,PR_LINE_ID,ASC
CISADM,W1_PR_LINE_K,W1T444P0,2,ENV_ID,ASC
CISADM,W1_PR_LINE_LOG,W1T447P0,1,PR_LINE_ID,ASC
CISADM,W1_PR_LINE_LOG,W1T447P0,2,SEQNO,ASC
CISADM,W1_PR_LINE_LOG_PARM,W1T448P0,1,PR_LINE_ID,ASC
CISADM,W1_PR_LINE_LOG_PARM,W1T448P0,2,SEQNO,ASC
CISADM,W1_PR_LINE_LOG_PARM,W1T448P0,3,PARM_SEQ,ASC
CISADM,W1_PR_LINE_MFR,W1T449P0,1,PR_LINE_ID,ASC
CISADM,W1_PR_LINE_MFR,W1T449P0,2,W1_MANUFACTURER_CD,ASC
CISADM,W1_PR_LINE_MFR,W1T449P0,3,MANUFACTURER_PART_NO,ASC
CISADM,W1_PR_LINE_NOTE,W1T451P0,1,PR_LINE_ID,ASC
CISADM,W1_PR_LINE_NOTE,W1T451P0,2,SEQNO,ASC
CISADM,W1_PR_LINE_TXLN,W1T450P0,1,PR_LINE_ID,ASC
CISADM,W1_PR_LINE_TXLN,W1T450P0,2,TAX_RATE_SCHED_CD,ASC
CISADM,W1_PR_LINE_TXLN,W1T450P0,3,EFFDT,ASC
CISADM,W1_PR_LINE_TXLN,W1T450P0,4,SEQ_NUM,ASC
CISADM,W1_PURCHASE_CMDTY,W1C588P0,1,PURCHASE_CMDTY_CD,ASC
CISADM,W1_PURCHASE_CMDTY_CHAR,W1C590P0,1,PURCHASE_CMDTY_CD,ASC
CISADM,W1_PURCHASE_CMDTY_CHAR,W1C590P0,2,CHAR_TYPE_CD,ASC
CISADM,W1_PURCHASE_CMDTY_CHAR,W1C590P0,3,SEQ_NUM,ASC
CISADM,W1_PURCHASE_CMDTY_CHAR,W1C590S1,1,SRCH_CHAR_VAL,ASC
CISADM,W1_PURCHASE_CMDTY_L,W1C589P0,1,PURCHASE_CMDTY_CD,ASC
CISADM,W1_PURCHASE_CMDTY_L,W1C589P0,2,LANGUAGE_CD,ASC
CISADM,W1_QUESTION,W1C513P0,1,QUESTION_CD,ASC
CISADM,W1_QUESTION_ANSWER,W1C515P0,1,QUESTION_CD,ASC
CISADM,W1_QUESTION_ANSWER,W1C515P0,2,ANSWER_CD,ASC
CISADM,W1_QUESTION_ANSWER_L,W1C516P0,1,QUESTION_CD,ASC
CISADM,W1_QUESTION_ANSWER_L,W1C516P0,2,ANSWER_CD,ASC
CISADM,W1_QUESTION_ANSWER_L,W1C516P0,3,LANGUAGE_CD,ASC
CISADM,W1_QUESTION_L,W1C514P0,1,QUESTION_CD,ASC
CISADM,W1_QUESTION_L,W1C514P0,2,LANGUAGE_CD,ASC
CISADM,W1_RCPT_HDR,W1T460P0,1,RCPT_HDR_ID,ASC
CISADM,W1_RCPT_HDR,W1T460S1,1,BUS_OBJ_CD,ASC
CISADM,W1_RCPT_HDR,W1T460S1,2,BO_STATUS_CD,ASC
CISADM,W1_RCPT_HDR,W1T460S1,3,RCPT_HDR_ID,ASC
CISADM,W1_RCPT_HDR,W1T460S2,1,W1_DESCR100_UPR,ASC
CISADM,W1_RCPT_HDR,W1T460S3,1,PO_HEADER_ID,ASC
CISADM,W1_RCPT_HDR,W1T460S3,2,RCPT_HDR_ID,ASC
CISADM,W1_RCPT_HDR_CHAR,W1T464P0,1,RCPT_HDR_ID,ASC
CISADM,W1_RCPT_HDR_CHAR,W1T464P0,2,CHAR_TYPE_CD,ASC
CISADM,W1_RCPT_HDR_CHAR,W1T464P0,3,SEQ_NUM,ASC
CISADM,W1_RCPT_HDR_CHAR,W1T464S1,1,SRCH_CHAR_VAL,ASC
CISADM,W1_RCPT_HDR_DOCUMENT,W1T463P0,1,RCPT_HDR_ID,ASC
CISADM,W1_RCPT_HDR_DOCUMENT,W1T463P0,2,ATTACHMENT_ID,ASC
CISADM,W1_RCPT_HDR_DOCUMENT,W1T463P0,3,DOCUMENT_ID,ASC
CISADM,W1_RCPT_HDR_IDENTIFIER,W1T462P0,1,RCPT_HDR_ID,ASC
CISADM,W1_RCPT_HDR_IDENTIFIER,W1T462P0,2,RCPT_HDR_ID_TYPE_FLG,ASC
CISADM,W1_RCPT_HDR_IDENTIFIER,W1T462S0,1,W1_ID_VALUE,ASC
CISADM,W1_RCPT_HDR_IDENTIFIER,W1T462S0,2,RCPT_HDR_ID_TYPE_FLG,ASC
CISADM,W1_RCPT_HDR_IDENTIFIER,W1T462S1,1,SYS_NC00005$,ASC
CISADM,W1_RCPT_HDR_IDENTIFIER,W1T462S1,2,RCPT_HDR_ID_TYPE_FLG,ASC
CISADM,W1_RCPT_HDR_K,W1T467P0,1,RCPT_HDR_ID,ASC
CISADM,W1_RCPT_HDR_K,W1T467P0,2,ENV_ID,ASC
CISADM,W1_RCPT_HDR_LOG,W1T465P0,1,RCPT_HDR_ID,ASC
CISADM,W1_RCPT_HDR_LOG,W1T465P0,2,SEQNO,ASC
CISADM,W1_RCPT_HDR_LOG,W1T465S1,1,CHAR_TYPE_CD,ASC
CISADM,W1_RCPT_HDR_LOG,W1T465S1,2,CHAR_VAL_FK1,ASC
CISADM,W1_RCPT_HDR_LOG,W1T465S2,1,CHAR_TYPE_CD,ASC
CISADM,W1_RCPT_HDR_LOG,W1T465S2,2,CHAR_VAL,ASC
CISADM,W1_RCPT_HDR_LOG_PARM,W1T466P0,1,RCPT_HDR_ID,ASC
CISADM,W1_RCPT_HDR_LOG_PARM,W1T466P0,2,SEQNO,ASC
CISADM,W1_RCPT_HDR_LOG_PARM,W1T466P0,3,PARM_SEQ,ASC
CISADM,W1_RCPT_HDR_NOTE,W1T461P0,1,RCPT_HDR_ID,ASC
CISADM,W1_RCPT_HDR_NOTE,W1T461P0,2,SEQNO,ASC
CISADM,W1_RCPT_LINE,W1T468P0,1,RCPT_LINE_ID,ASC
CISADM,W1_RCPT_LINE,W1T468S1,1,BUS_OBJ_CD,ASC
CISADM,W1_RCPT_LINE,W1T468S1,2,BO_STATUS_CD,ASC
CISADM,W1_RCPT_LINE,W1T468S1,3,RCPT_LINE_ID,ASC
CISADM,W1_RCPT_LINE,W1T468S2,1,RCPT_HDR_ID,ASC
CISADM,W1_RCPT_LINE,W1T468S2,2,RCPT_LINE_ID,ASC
CISADM,W1_RCPT_LINE,W1T468S3,1,PO_LINE_ID,ASC
CISADM,W1_RCPT_LINE,W1T468S3,2,RCPT_LINE_ID,ASC
CISADM,W1_RCPT_LINE_CHAR,W1T469P0,1,RCPT_LINE_ID,ASC
CISADM,W1_RCPT_LINE_CHAR,W1T469P0,2,CHAR_TYPE_CD,ASC
CISADM,W1_RCPT_LINE_CHAR,W1T469P0,3,SEQ_NUM,ASC
CISADM,W1_RCPT_LINE_CHAR,W1T469S1,1,SRCH_CHAR_VAL,ASC
CISADM,W1_RCPT_LINE_DOCUMENT,W1T473P0,1,RCPT_LINE_ID,ASC
CISADM,W1_RCPT_LINE_DOCUMENT,W1T473P0,2,ATTACHMENT_ID,ASC
CISADM,W1_RCPT_LINE_DOCUMENT,W1T473P0,3,DOCUMENT_ID,ASC
CISADM,W1_RCPT_LINE_K,W1T474P0,1,RCPT_LINE_ID,ASC
CISADM,W1_RCPT_LINE_K,W1T474P0,2,ENV_ID,ASC
CISADM,W1_RCPT_LINE_LOG,W1T470P0,1,RCPT_LINE_ID,ASC
CISADM,W1_RCPT_LINE_LOG,W1T470P0,2,SEQNO,ASC
CISADM,W1_RCPT_LINE_LOG,W1T470S1,1,CHAR_TYPE_CD,ASC
CISADM,W1_RCPT_LINE_LOG,W1T470S1,2,CHAR_VAL_FK1,ASC
CISADM,W1_RCPT_LINE_LOG,W1T470S2,1,CHAR_TYPE_CD,ASC
CISADM,W1_RCPT_LINE_LOG,W1T470S2,2,CHAR_VAL,ASC
CISADM,W1_RCPT_LINE_LOG_PARM,W1T471P0,1,RCPT_LINE_ID,ASC
CISADM,W1_RCPT_LINE_LOG_PARM,W1T471P0,2,SEQNO,ASC
CISADM,W1_RCPT_LINE_LOG_PARM,W1T471P0,3,PARM_SEQ,ASC
CISADM,W1_RCPT_LINE_NOTE,W1T472P0,1,RCPT_LINE_ID,ASC
CISADM,W1_RCPT_LINE_NOTE,W1T472P0,2,SEQNO,ASC
CISADM,W1_RCPT_LINE_SHIP_DEFICIENCY,W1T916P0,1,RCPT_LINE_ID,ASC
CISADM,W1_RCPT_LINE_SHIP_DEFICIENCY,W1T916P0,2,SHIPMENT_DEFICIENCY_TYPE_CD,ASC
CISADM,W1_REPORT_QUEUE,W1M707P0,1,REPORT_QUEUE_ID,ASC
CISADM,W1_RESRC_TYPE,W1M555P0,1,RESRC_TYPE_ID,ASC
CISADM,W1_RESRC_TYPE,W1M555S1,1,BUS_OBJ_CD,ASC
CISADM,W1_RESRC_TYPE,W1M555S1,2,BO_STATUS_CD,ASC
CISADM,W1_RESRC_TYPE,W1M555S1,3,RESRC_TYPE_ID,ASC
CISADM,W1_RESRC_TYPE_ALT,W1M563P0,1,RESRC_TYPE_ID,ASC
CISADM,W1_RESRC_TYPE_ALT,W1M563P0,2,ALT_RESRC_TYPE_ID,ASC
CISADM,W1_RESRC_TYPE_CHAR,W1M557P0,1,RESRC_TYPE_ID,ASC
CISADM,W1_RESRC_TYPE_CHAR,W1M557P0,2,CHAR_TYPE_CD,ASC
CISADM,W1_RESRC_TYPE_CHAR,W1M557P0,3,SEQ_NUM,ASC
CISADM,W1_RESRC_TYPE_CHAR,W1M557S1,1,SRCH_CHAR_VAL,ASC
CISADM,W1_RESRC_TYPE_DOCUMENT,W1M567P0,1,RESRC_TYPE_ID,ASC
CISADM,W1_RESRC_TYPE_DOCUMENT,W1M567P0,2,ATTACHMENT_ID,ASC
CISADM,W1_RESRC_TYPE_DOCUMENT,W1M567P0,3,DOCUMENT_ID,ASC
CISADM,W1_RESRC_TYPE_IDENTIFIER,W1M558P0,1,RESRC_TYPE_ID,ASC
CISADM,W1_RESRC_TYPE_IDENTIFIER,W1M558P0,2,RESRC_TYPE_ID_TYPE_FLG,ASC
CISADM,W1_RESRC_TYPE_IDENTIFIER,W1M558S0,1,W1_ID_VALUE,ASC
CISADM,W1_RESRC_TYPE_IDENTIFIER,W1M558S0,2,RESRC_TYPE_ID_TYPE_FLG,ASC
CISADM,W1_RESRC_TYPE_IDENTIFIER,W1M558S1,1,SYS_NC00005$,ASC
CISADM,W1_RESRC_TYPE_IDENTIFIER,W1M558S1,2,RESRC_TYPE_ID_TYPE_FLG,ASC
CISADM,W1_RESRC_TYPE_K,W1M561P0,1,RESRC_TYPE_ID,ASC
CISADM,W1_RESRC_TYPE_K,W1M561P0,2,ENV_ID,ASC
CISADM,W1_RESRC_TYPE_L,W1M556P0,1,RESRC_TYPE_ID,ASC
CISADM,W1_RESRC_TYPE_L,W1M556P0,2,LANGUAGE_CD,ASC
CISADM,W1_RESRC_TYPE_LOG,W1M559P0,1,RESRC_TYPE_ID,ASC
CISADM,W1_RESRC_TYPE_LOG,W1M559P0,2,SEQNO,ASC
CISADM,W1_RESRC_TYPE_LOG,W1M559S1,1,CHAR_TYPE_CD,ASC
CISADM,W1_RESRC_TYPE_LOG,W1M559S1,2,CHAR_VAL,ASC
CISADM,W1_RESRC_TYPE_LOG,W1M559S2,1,CHAR_TYPE_CD,ASC
CISADM,W1_RESRC_TYPE_LOG,W1M559S2,2,CHAR_VAL_FK1,ASC
CISADM,W1_RESRC_TYPE_LOG_PARM,W1M560P0,1,RESRC_TYPE_ID,ASC
CISADM,W1_RESRC_TYPE_LOG_PARM,W1M560P0,2,SEQNO,ASC
CISADM,W1_RESRC_TYPE_LOG_PARM,W1M560P0,3,PARM_SEQ,ASC
CISADM,W1_RESRC_TYPE_MFR,W1M565P0,1,RESRC_TYPE_ID,ASC
CISADM,W1_RESRC_TYPE_MFR,W1M565P0,2,W1_MANUFACTURER_CD,ASC
CISADM,W1_RESRC_TYPE_MFR,W1M565P0,3,MANUFACTURER_PART_NO,ASC
CISADM,W1_RESRC_TYPE_NOTE,W1M566P0,1,RESRC_TYPE_ID,ASC
CISADM,W1_RESRC_TYPE_NOTE,W1M566P0,2,SEQNO,ASC
CISADM,W1_RESRC_TYPE_UNIT_PRICE,W1M562P0,1,RESRC_TYPE_ID,ASC
CISADM,W1_RESRC_TYPE_UNIT_PRICE,W1M562P0,2,EFFDT,ASC
CISADM,W1_RESRC_TYPE_VENDOR_LOC,W1M564P0,1,RESRC_TYPE_ID,ASC
CISADM,W1_RESRC_TYPE_VENDOR_LOC,W1M564P0,2,VENDOR_LOC_ID,ASC
CISADM,W1_RESRC_UOM,W1C561P0,1,RESRC_UOM_CD,ASC
CISADM,W1_RESRC_UOM_CHAR,W1C563P0,1,RESRC_UOM_CD,ASC
CISADM,W1_RESRC_UOM_CHAR,W1C563P0,2,CHAR_TYPE_CD,ASC
CISADM,W1_RESRC_UOM_CHAR,W1C563P0,3,SEQ_NUM,ASC
CISADM,W1_RESRC_UOM_CHAR,W1C563S1,1,SRCH_CHAR_VAL,ASC
CISADM,W1_RESRC_UOM_L,W1C562P0,1,RESRC_UOM_CD,ASC
CISADM,W1_RESRC_UOM_L,W1C562P0,2,LANGUAGE_CD,ASC
CISADM,W1_RR,W1T405P0,1,RR_ID,ASC
CISADM,W1_RR,W1T405S1,1,BUS_OBJ_CD,ASC
CISADM,W1_RR,W1T405S1,2,BO_STATUS_CD,ASC
CISADM,W1_RR,W1T405S1,3,RR_ID,ASC
CISADM,W1_RR_CHAR,W1T406P0,1,RR_ID,ASC
CISADM,W1_RR_CHAR,W1T406P0,2,CHAR_TYPE_CD,ASC
CISADM,W1_RR_CHAR,W1T406P0,3,SEQ_NUM,ASC
CISADM,W1_RR_CHAR,W1T406S1,1,SRCH_CHAR_VAL,ASC
CISADM,W1_RR_K,W1T409P0,1,RR_ID,ASC
CISADM,W1_RR_K,W1T409P0,2,ENV_ID,ASC
CISADM,W1_RR_LOG,W1T407P0,1,RR_ID,ASC
CISADM,W1_RR_LOG,W1T407P0,2,SEQNO,ASC
CISADM,W1_RR_LOG,W1T407S1,1,CHAR_TYPE_CD,ASC
CISADM,W1_RR_LOG,W1T407S1,2,CHAR_VAL_FK1,ASC
CISADM,W1_RR_LOG,W1T407S2,1,CHAR_TYPE_CD,ASC
CISADM,W1_RR_LOG,W1T407S2,2,CHAR_VAL,ASC
CISADM,W1_RR_LOG_PARM,W1T408P0,1,RR_ID,ASC
CISADM,W1_RR_LOG_PARM,W1T408P0,2,SEQNO,ASC
CISADM,W1_RR_LOG_PARM,W1T408P0,3,PARM_SEQ,ASC
CISADM,W1_RTN_LINE,W1T483P0,1,RTN_LINE_ID,ASC
CISADM,W1_RTN_LINE,W1T483S1,1,BUS_OBJ_CD,ASC
CISADM,W1_RTN_LINE,W1T483S1,2,BO_STATUS_CD,ASC
CISADM,W1_RTN_LINE,W1T483S1,3,RTN_LINE_ID,ASC
CISADM,W1_RTN_LINE,W1T483S2,1,PO_LINE_ID,ASC
CISADM,W1_RTN_LINE,W1T483S2,2,RTN_LINE_ID,ASC
CISADM,W1_RTN_LINE,W1T483S3,1,RCPT_LINE_ID,ASC
CISADM,W1_RTN_LINE,W1T483S3,2,RTN_LINE_ID,ASC
CISADM,W1_RTN_LINE,W1T483S4,1,TYPE_OF_RTN_FLG,ASC
CISADM,W1_RTN_LINE,W1T483S5,1,TYPE_OF_ADJUST_FLG,ASC
CISADM,W1_RTN_LINE,W1T483S6,1,STOCK_ITEM_DTL_ID,ASC
CISADM,W1_RTN_LINE_ASSET,W1T484P0,1,RTN_LINE_ID,ASC
CISADM,W1_RTN_LINE_ASSET,W1T484P0,2,ASSET_ID,ASC
CISADM,W1_RTN_LINE_CHAR,W1T486P0,1,RTN_LINE_ID,ASC
CISADM,W1_RTN_LINE_CHAR,W1T486P0,2,CHAR_TYPE_CD,ASC
CISADM,W1_RTN_LINE_CHAR,W1T486P0,3,SEQ_NUM,ASC
CISADM,W1_RTN_LINE_CHAR,W1T486S1,1,SRCH_CHAR_VAL,ASC
CISADM,W1_RTN_LINE_K,W1T489P0,1,RTN_LINE_ID,ASC
CISADM,W1_RTN_LINE_K,W1T489P0,2,ENV_ID,ASC
CISADM,W1_RTN_LINE_LOG,W1T487P0,1,RTN_LINE_ID,ASC
CISADM,W1_RTN_LINE_LOG,W1T487P0,2,SEQNO,ASC
CISADM,W1_RTN_LINE_LOG,W1T487S1,1,CHAR_TYPE_CD,ASC
CISADM,W1_RTN_LINE_LOG,W1T487S1,2,CHAR_VAL,ASC
CISADM,W1_RTN_LINE_LOG,W1T487S2,1,CHAR_TYPE_CD,ASC
CISADM,W1_RTN_LINE_LOG,W1T487S2,2,CHAR_VAL_FK1,ASC
CISADM,W1_RTN_LINE_LOG_PARM,W1T488P0,1,RTN_LINE_ID,ASC
CISADM,W1_RTN_LINE_LOG_PARM,W1T488P0,2,SEQNO,ASC
CISADM,W1_RTN_LINE_LOG_PARM,W1T488P0,3,PARM_SEQ,ASC
CISADM,W1_RTN_LINE_LOT,W1T485P0,1,RTN_LINE_ID,ASC
CISADM,W1_RTN_LINE_LOT,W1T485P0,2,STOCK_ITEM_DTL_ID,ASC
CISADM,W1_SERVICE_AREA,W1C535P0,1,SERVICE_AREA_CD,ASC
CISADM,W1_SERVICE_AREA_CHAR,W1C537P0,1,SERVICE_AREA_CD,ASC
CISADM,W1_SERVICE_AREA_CHAR,W1C537P0,2,CHAR_TYPE_CD,ASC
CISADM,W1_SERVICE_AREA_CHAR,W1C537P0,3,SEQ_NUM,ASC
CISADM,W1_SERVICE_AREA_CHAR,W1C537S1,1,SRCH_CHAR_VAL,ASC
CISADM,W1_SERVICE_AREA_L,W1C536P0,1,SERVICE_AREA_CD,ASC
CISADM,W1_SERVICE_AREA_L,W1C536P0,2,LANGUAGE_CD,ASC
CISADM,W1_SERVICE_CALL_CATEGORY,W1C850P0,1,SERVICE_CAT_CD,ASC
CISADM,W1_SERVICE_CALL_CATEGORY_CHAR,W1C852P0,1,SERVICE_CAT_CD,ASC
CISADM,W1_SERVICE_CALL_CATEGORY_CHAR,W1C852P0,2,CHAR_TYPE_CD,ASC
CISADM,W1_SERVICE_CALL_CATEGORY_CHAR,W1C852P0,3,SEQ_NUM,ASC
CISADM,W1_SERVICE_CALL_CATEGORY_L,W1C851P0,1,SERVICE_CAT_CD,ASC
CISADM,W1_SERVICE_CALL_CATEGORY_L,W1C851P0,2,LANGUAGE_CD,ASC
CISADM,W1_SERVICE_CLASS,W1C532P0,1,SERVICE_CLASS_CD,ASC
CISADM,W1_SERVICE_CLASS_CHAR,W1C534P0,1,SERVICE_CLASS_CD,ASC
CISADM,W1_SERVICE_CLASS_CHAR,W1C534P0,2,CHAR_TYPE_CD,ASC
CISADM,W1_SERVICE_CLASS_CHAR,W1C534P0,3,SEQ_NUM,ASC
CISADM,W1_SERVICE_CLASS_CHAR,W1C534S1,1,SRCH_CHAR_VAL,ASC
CISADM,W1_SERVICE_CLASS_L,W1C533P0,1,SERVICE_CLASS_CD,ASC
CISADM,W1_SERVICE_CLASS_L,W1C533P0,2,LANGUAGE_CD,ASC
CISADM,W1_SERVICE_CODE,W1C847P0,1,SERVICE_CD,ASC
CISADM,W1_SERVICE_CODE_CHAR,W1C849P0,1,SERVICE_CD,ASC
CISADM,W1_SERVICE_CODE_CHAR,W1C849P0,2,CHAR_TYPE_CD,ASC
CISADM,W1_SERVICE_CODE_CHAR,W1C849P0,3,SEQ_NUM,ASC
CISADM,W1_SERVICE_CODE_L,W1C848P0,1,SERVICE_CD,ASC
CISADM,W1_SERVICE_CODE_L,W1C848P0,2,LANGUAGE_CD,ASC
CISADM,W1_SHAPE,W1M587P0,1,SHAPE_CD,ASC
CISADM,W1_SHAPE_L,W1M588P0,1,SHAPE_CD,ASC
CISADM,W1_SHAPE_L,W1M588P0,2,LANGUAGE_CD,ASC
CISADM,W1_SHIFT_WEEKLY_TMPL,W1T286P0,1,SHIFT_WEEKLY_TMPL_ID,ASC
CISADM,W1_SHIFT_WEEKLY_TMPL,W1T286S1,1,BUS_OBJ_CD,ASC
CISADM,W1_SHIFT_WEEKLY_TMPL,W1T286S1,2,BO_STATUS_CD,ASC
CISADM,W1_SHIFT_WEEKLY_TMPL,W1T286S1,3,SHIFT_WEEKLY_TMPL_ID,ASC
CISADM,W1_SHIFT_WEEKLY_TMPL,W1T286S2,1,W1_DESCR100_UPR,ASC
CISADM,W1_SHIFT_WEEKLY_TMPL,W1T286S3,1,EFF_DT,ASC
CISADM,W1_SHIFT_WEEKLY_TMPL_CHAR,W1T287P0,1,SHIFT_WEEKLY_TMPL_ID,ASC
CISADM,W1_SHIFT_WEEKLY_TMPL_CHAR,W1T287P0,2,CHAR_TYPE_CD,ASC
CISADM,W1_SHIFT_WEEKLY_TMPL_CHAR,W1T287P0,3,SEQ_NUM,ASC
CISADM,W1_SHIFT_WEEKLY_TMPL_CHAR,W1T287S1,1,SRCH_CHAR_VAL,ASC
CISADM,W1_SHIFT_WEEKLY_TMPL_K,W1T290P0,1,SHIFT_WEEKLY_TMPL_ID,ASC
CISADM,W1_SHIFT_WEEKLY_TMPL_K,W1T290P0,2,ENV_ID,ASC
CISADM,W1_SHIFT_WEEKLY_TMPL_LOG,W1T288P0,1,SHIFT_WEEKLY_TMPL_ID,ASC
CISADM,W1_SHIFT_WEEKLY_TMPL_LOG,W1T288P0,2,SEQNO,ASC
CISADM,W1_SHIFT_WEEKLY_TMPL_LOG,W1T288S1,1,CHAR_TYPE_CD,ASC
CISADM,W1_SHIFT_WEEKLY_TMPL_LOG,W1T288S1,2,CHAR_VAL_FK1,ASC
CISADM,W1_SHIFT_WEEKLY_TMPL_LOG,W1T288S2,1,CHAR_TYPE_CD,ASC
CISADM,W1_SHIFT_WEEKLY_TMPL_LOG,W1T288S2,2,CHAR_VAL,ASC
CISADM,W1_SHIFT_WEEKLY_TMPL_LOG_PARM,W1T289P0,1,SHIFT_WEEKLY_TMPL_ID,ASC
CISADM,W1_SHIFT_WEEKLY_TMPL_LOG_PARM,W1T289P0,2,SEQNO,ASC
CISADM,W1_SHIFT_WEEKLY_TMPL_LOG_PARM,W1T289P0,3,PARM_SEQ,ASC
CISADM,W1_SHIPPING_LINE,W1T911P0,1,SHIPPING_LINE_ID,ASC
CISADM,W1_SHIPPING_LINE,W1T911S1,1,BUS_OBJ_CD,ASC
CISADM,W1_SHIPPING_LINE,W1T911S1,2,SHIPPING_LINE_ID,ASC
CISADM,W1_SHIPPING_LINE,W1T911S2,1,SHIPPING_MEMO_ID,ASC
CISADM,W1_SHIPPING_LINE,W1T911S3,1,MAT_ISS_LINE_ID,ASC
CISADM,W1_SHIPPING_LINE,W1T911S4,1,RTN_LINE_ID,ASC
CISADM,W1_SHIPPING_LINE,W1T911S5,1,RESRC_TYPE_ID,ASC
CISADM,W1_SHIPPING_LINE,W1T911S6,1,SHIPPING_MEMO_ID,ASC
CISADM,W1_SHIPPING_LINE,W1T911S6,2,SHIPPING_LINE_ID,ASC
CISADM,W1_SHIPPING_LINE_ASSET,W1T913P0,1,SHIPPING_LINE_ID,ASC
CISADM,W1_SHIPPING_LINE_ASSET,W1T913P0,2,MAT_ISS_LINE_ID,ASC
CISADM,W1_SHIPPING_LINE_ASSET,W1T913P0,3,ASSET_ID,ASC
CISADM,W1_SHIPPING_LINE_ASSET,W1T913S1,1,MAT_ISS_LINE_ID,ASC
CISADM,W1_SHIPPING_LINE_ASSET,W1T913S2,1,ASSET_ID,ASC
CISADM,W1_SHIPPING_LINE_CHAR,W1T914P0,1,SHIPPING_LINE_ID,ASC
CISADM,W1_SHIPPING_LINE_CHAR,W1T914P0,2,CHAR_TYPE_CD,ASC
CISADM,W1_SHIPPING_LINE_CHAR,W1T914P0,3,SEQ_NUM,ASC
CISADM,W1_SHIPPING_LINE_CHAR,W1T914S1,1,SRCH_CHAR_VAL,ASC
CISADM,W1_SHIPPING_LINE_K,W1T915P0,1,SHIPPING_LINE_ID,ASC
CISADM,W1_SHIPPING_LINE_K,W1T915P0,2,ENV_ID,ASC
CISADM,W1_SHIPPING_LINE_LOT,W1T912P0,1,SHIPPING_LINE_ID,ASC
CISADM,W1_SHIPPING_LINE_LOT,W1T912P0,2,MAT_ISS_LINE_ID,ASC
CISADM,W1_SHIPPING_LINE_LOT,W1T912P0,3,LOT_ID,ASC
CISADM,W1_SHIPPING_LINE_LOT,W1T912S1,1,MAT_ISS_LINE_ID,ASC
CISADM,W1_SHIPPING_LINE_LOT,W1T912S2,1,LOT_ID,ASC
CISADM,W1_SHIPPING_MEMO,W1T903P0,1,SHIPPING_MEMO_ID,ASC
CISADM,W1_SHIPPING_MEMO,W1T903S2,1,MAT_REQ_HEADER_ID,ASC
CISADM,W1_SHIPPING_MEMO,W1T903S3,1,PO_HEADER_ID,ASC
CISADM,W1_SHIPPING_MEMO,W1T903S4,1,SHIPPING_MEMO_NUM,ASC
CISADM,W1_SHIPPING_MEMO,W1T903S5,1,VENDOR_LOC_ID,ASC
CISADM,W1_SHIPPING_MEMO,W1T903S6,1,RMA_NUM,ASC
CISADM,W1_SHIPPING_MEMO,W1T903S7,1,SHIP_TO_VENDOR_LOC_ID,ASC
CISADM,W1_SHIPPING_MEMO_CHAR,W1T904P0,1,SHIPPING_MEMO_ID,ASC
CISADM,W1_SHIPPING_MEMO_CHAR,W1T904P0,2,CHAR_TYPE_CD,ASC
CISADM,W1_SHIPPING_MEMO_CHAR,W1T904P0,3,SEQ_NUM,ASC
CISADM,W1_SHIPPING_MEMO_CHAR,W1T904S1,1,SRCH_CHAR_VAL,ASC
CISADM,W1_SHIPPING_MEMO_DOCUMENT,W1T908P0,1,SHIPPING_MEMO_ID,ASC
CISADM,W1_SHIPPING_MEMO_DOCUMENT,W1T908P0,2,ATTACHMENT_ID,ASC
CISADM,W1_SHIPPING_MEMO_DOCUMENT,W1T908P0,3,DOCUMENT_ID,ASC
CISADM,W1_SHIPPING_MEMO_IDENTIFIER,W1T905P0,1,SHIPPING_MEMO_ID,ASC
CISADM,W1_SHIPPING_MEMO_IDENTIFIER,W1T905P0,2,SHIPPING_MEMO_ID_TYPE_FLG,ASC
CISADM,W1_SHIPPING_MEMO_IDENTIFIER,W1T905S1,1,SHIPPING_MEMO_ID_TYPE_FLG,ASC
CISADM,W1_SHIPPING_MEMO_IDENTIFIER,W1T905S1,2,SHIPPING_MEMO_ID,ASC
CISADM,W1_SHIPPING_MEMO_IDENTIFIER,W1T905S1,3,W1_ID_VALUE,ASC
CISADM,W1_SHIPPING_MEMO_K,W1T910P0,1,SHIPPING_MEMO_ID,ASC
CISADM,W1_SHIPPING_MEMO_K,W1T910P0,2,ENV_ID,ASC
CISADM,W1_SHIPPING_MEMO_LOG,W1T906P0,1,SHIPPING_MEMO_ID,ASC
CISADM,W1_SHIPPING_MEMO_LOG,W1T906P0,2,SEQNO,ASC
CISADM,W1_SHIPPING_MEMO_LOG,W1T906S1,1,CHAR_TYPE_CD,ASC
CISADM,W1_SHIPPING_MEMO_LOG,W1T906S1,2,CHAR_VAL_FK1,ASC
CISADM,W1_SHIPPING_MEMO_LOG,W1T906S2,1,CHAR_TYPE_CD,ASC
CISADM,W1_SHIPPING_MEMO_LOG,W1T906S2,2,CHAR_VAL,ASC
CISADM,W1_SHIPPING_MEMO_LOG_PARM,W1T907P0,1,SHIPPING_MEMO_ID,ASC
CISADM,W1_SHIPPING_MEMO_LOG_PARM,W1T907P0,2,SEQNO,ASC
CISADM,W1_SHIPPING_MEMO_LOG_PARM,W1T907P0,3,PARM_SEQ,ASC
CISADM,W1_SHIPPING_MEMO_NOTE,W1T909P0,1,SHIPPING_MEMO_ID,ASC
CISADM,W1_SHIPPING_MEMO_NOTE,W1T909P0,2,SEQNO,ASC
CISADM,W1_SHIP_DEFICIENCY_TYPE,W1C923P0,1,SHIPMENT_DEFICIENCY_TYPE_CD,ASC
CISADM,W1_SHIP_DEFICIENCY_TYPE_CHAR,W1C924P0,1,SHIPMENT_DEFICIENCY_TYPE_CD,ASC
CISADM,W1_SHIP_DEFICIENCY_TYPE_CHAR,W1C924P0,2,CHAR_TYPE_CD,ASC
CISADM,W1_SHIP_DEFICIENCY_TYPE_CHAR,W1C924P0,3,SEQ_NUM,ASC
CISADM,W1_SHIP_DEFICIENCY_TYPE_CHAR,W1C924S1,1,SRCH_CHAR_VAL,ASC
CISADM,W1_SHIP_DEFICIENCY_TYPE_L,W1C925P0,1,SHIPMENT_DEFICIENCY_TYPE_CD,ASC
CISADM,W1_SHIP_DEFICIENCY_TYPE_L,W1C925P0,2,LANGUAGE_CD,ASC
CISADM,W1_SPECIFICATION,W1C227P0,1,SPECIFICATION_CD,ASC
CISADM,W1_SPECIFICATION,W1C227S1,1,ASSET_TYPE_CD,ASC
CISADM,W1_SPECIFICATION,W1C227S2,1,W1_MANUFACTURER_CD,ASC
CISADM,W1_SPECIFICATION,W1C227S3,1,SPECIFICATION_CD,ASC
CISADM,W1_SPECIFICATION,W1C227S3,2,SPEC_CLASS_FLG,ASC
CISADM,W1_SPECIFICATION,W1C227S4,1,SPECIFICATION_CD,ASC
CISADM,W1_SPECIFICATION,W1C227S4,2,SPEC_ASSET_REL_FLG,ASC
CISADM,W1_SPECIFICATION_ATTACHMENT,W1C230P0,1,SPECIFICATION_CD,ASC
CISADM,W1_SPECIFICATION_ATTACHMENT,W1C230P0,2,SPEC_ATT_REL_TYPE_FLG,ASC
CISADM,W1_SPECIFICATION_ATTACHMENT,W1C230P0,3,ATTACHMENT_ID,ASC
CISADM,W1_SPECIFICATION_ATTACHMENT,W1C230S1,1,SPEC_ATT_REL_TYPE_FLG,ASC
CISADM,W1_SPECIFICATION_CHAR,W1C231P0,1,SPECIFICATION_CD,ASC
CISADM,W1_SPECIFICATION_CHAR,W1C231P0,2,CHAR_TYPE_CD,ASC
CISADM,W1_SPECIFICATION_CHAR,W1C231P0,3,SEQ_NUM,ASC
CISADM,W1_SPECIFICATION_CHAR,W1C231S1,1,CHAR_TYPE_CD,ASC
CISADM,W1_SPECIFICATION_CHAR,W1C231S2,1,CHAR_VAL,ASC
CISADM,W1_SPECIFICATION_CHAR,W1C231S3,1,SRCH_CHAR_VAL,ASC
CISADM,W1_SPECIFICATION_DOCUMENT,W1C609P0,1,SPECIFICATION_CD,ASC
CISADM,W1_SPECIFICATION_DOCUMENT,W1C609P0,2,ATTACHMENT_ID,ASC
CISADM,W1_SPECIFICATION_DOCUMENT,W1C609P0,3,DOCUMENT_ID,ASC
CISADM,W1_SPECIFICATION_IDENTIFIER,W1C229P0,1,SPECIFICATION_CD,ASC
CISADM,W1_SPECIFICATION_IDENTIFIER,W1C229P0,2,SPECIFICATION_ID_TYPE_FLG,ASC
CISADM,W1_SPECIFICATION_IDENTIFIER,W1C229S0,1,W1_ID_VALUE,ASC
CISADM,W1_SPECIFICATION_IDENTIFIER,W1C229S0,2,SPECIFICATION_ID_TYPE_FLG,ASC
CISADM,W1_SPECIFICATION_IDENTIFIER,W1C229S1,1,SYS_NC00005$,ASC
CISADM,W1_SPECIFICATION_IDENTIFIER,W1C229S1,2,SPECIFICATION_ID_TYPE_FLG,ASC
CISADM,W1_SPECIFICATION_IDENTIFIER,W1C229S2,1,W1_ID_VALUE,ASC
CISADM,W1_SPECIFICATION_L,W1C228P0,1,SPECIFICATION_CD,ASC
CISADM,W1_SPECIFICATION_L,W1C228P0,2,LANGUAGE_CD,ASC
CISADM,W1_SPECIFICATION_MAINT_SCHED,W1C655P0,1,SPECIFICATION_CD,ASC
CISADM,W1_SPECIFICATION_MAINT_SCHED,W1C655P0,2,SEQNO,ASC
CISADM,W1_SPECIFICATION_MAINT_SCHED,W1C655S1,1,SPECIFICATION_CD,ASC
CISADM,W1_SPECIFICATION_MAINT_SCHED,W1C655S1,2,MAINT_SCHED_ID,ASC
CISADM,W1_STATISTIC,W1C685P0,1,BUS_OBJ_CD,ASC
CISADM,W1_STATISTIC_CHAR,W1C686P0,1,BUS_OBJ_CD,ASC
CISADM,W1_STATISTIC_CHAR,W1C686P0,2,CHAR_TYPE_CD,ASC
CISADM,W1_STATISTIC_CHAR,W1C686P0,3,SEQ_NUM,ASC
CISADM,W1_STATISTIC_CHAR,W1C686S1,1,SRCH_CHAR_VAL,ASC
CISADM,W1_STATISTIC_LOG,W1C687P0,1,BUS_OBJ_CD,ASC
CISADM,W1_STATISTIC_LOG,W1C687P0,2,SEQNO,ASC
CISADM,W1_STATISTIC_LOG,W1C687S1,1,CHAR_TYPE_CD,ASC
CISADM,W1_STATISTIC_LOG,W1C687S1,2,CHAR_VAL_FK1,ASC
CISADM,W1_STATISTIC_LOG,W1C687S2,1,CHAR_TYPE_CD,ASC
CISADM,W1_STATISTIC_LOG,W1C687S2,2,CHAR_VAL,ASC
CISADM,W1_STATISTIC_LOG_PARM,W1C688P0,1,BUS_OBJ_CD,ASC
CISADM,W1_STATISTIC_LOG_PARM,W1C688P0,2,SEQNO,ASC
CISADM,W1_STATISTIC_LOG_PARM,W1C688P0,3,PARM_SEQ,ASC
CISADM,W1_STOCK_ITEM_DTL,W1M568P0,1,STOCK_ITEM_DTL_ID,ASC
CISADM,W1_STOCK_ITEM_DTL,W1M568S1,1,BUS_OBJ_CD,ASC
CISADM,W1_STOCK_ITEM_DTL,W1M568S1,2,BO_STATUS_CD,ASC
CISADM,W1_STOCK_ITEM_DTL,W1M568S1,3,STOCK_ITEM_DTL_ID,ASC
CISADM,W1_STOCK_ITEM_DTL,W1M568S2,1,NODE_ID,ASC
CISADM,W1_STOCK_ITEM_DTL,W1M568S2,2,RESRC_TYPE_ID,ASC
CISADM,W1_STOCK_ITEM_DTL,W1M568S2,3,STOCK_ITEM_DTL_ID,ASC
CISADM,W1_STOCK_ITEM_DTL,W1M568S3,1,MASTER_STOCK_ITEM_DTL_ID,ASC
CISADM,W1_STOCK_ITEM_DTL,W1M568S4,1,SID_CLASS_FLG,ASC
CISADM,W1_STOCK_ITEM_DTL,W1M568S5,1,RESRC_TYPE_ID,ASC
CISADM,W1_STOCK_ITEM_DTL_BIN,W1M574P0,1,STOCK_ITEM_DTL_ID,ASC
CISADM,W1_STOCK_ITEM_DTL_BIN,W1M574P0,2,SEQNO,ASC
CISADM,W1_STOCK_ITEM_DTL_CHAR,W1M569P0,1,STOCK_ITEM_DTL_ID,ASC
CISADM,W1_STOCK_ITEM_DTL_CHAR,W1M569P0,2,CHAR_TYPE_CD,ASC
CISADM,W1_STOCK_ITEM_DTL_CHAR,W1M569P0,3,SEQ_NUM,ASC
CISADM,W1_STOCK_ITEM_DTL_CHAR,W1M569S1,1,SRCH_CHAR_VAL,ASC
CISADM,W1_STOCK_ITEM_DTL_DOCUMENT,W1M576P0,1,STOCK_ITEM_DTL_ID,ASC
CISADM,W1_STOCK_ITEM_DTL_DOCUMENT,W1M576P0,2,ATTACHMENT_ID,ASC
CISADM,W1_STOCK_ITEM_DTL_DOCUMENT,W1M576P0,3,DOCUMENT_ID,ASC
CISADM,W1_STOCK_ITEM_DTL_IDENTIFIER,W1M712P0,1,STOCK_ITEM_DTL_ID,ASC
CISADM,W1_STOCK_ITEM_DTL_IDENTIFIER,W1M712P0,2,STOCK_ITEM_DTL_ID_TYPE_FLG,ASC
CISADM,W1_STOCK_ITEM_DTL_IDENTIFIER,W1M712S0,1,W1_ID_VALUE,ASC
CISADM,W1_STOCK_ITEM_DTL_IDENTIFIER,W1M712S0,2,STOCK_ITEM_DTL_ID_TYPE_FLG,ASC
CISADM,W1_STOCK_ITEM_DTL_IDENTIFIER,W1M712S1,1,SYS_NC00005$,ASC
CISADM,W1_STOCK_ITEM_DTL_IDENTIFIER,W1M712S1,2,STOCK_ITEM_DTL_ID_TYPE_FLG,ASC
CISADM,W1_STOCK_ITEM_DTL_K,W1M572P0,1,STOCK_ITEM_DTL_ID,ASC
CISADM,W1_STOCK_ITEM_DTL_K,W1M572P0,2,ENV_ID,ASC
CISADM,W1_STOCK_ITEM_DTL_LOG,W1M570P0,1,STOCK_ITEM_DTL_ID,ASC
CISADM,W1_STOCK_ITEM_DTL_LOG,W1M570P0,2,SEQNO,ASC
CISADM,W1_STOCK_ITEM_DTL_LOG,W1M570S1,1,CHAR_TYPE_CD,ASC
CISADM,W1_STOCK_ITEM_DTL_LOG,W1M570S1,2,CHAR_VAL,ASC
CISADM,W1_STOCK_ITEM_DTL_LOG,W1M570S2,1,CHAR_TYPE_CD,ASC
CISADM,W1_STOCK_ITEM_DTL_LOG,W1M570S2,2,CHAR_VAL_FK1,ASC
CISADM,W1_STOCK_ITEM_DTL_LOG_PARM,W1M571P0,1,STOCK_ITEM_DTL_ID,ASC
CISADM,W1_STOCK_ITEM_DTL_LOG_PARM,W1M571P0,2,SEQNO,ASC
CISADM,W1_STOCK_ITEM_DTL_LOG_PARM,W1M571P0,3,PARM_SEQ,ASC
CISADM,W1_STOCK_ITEM_DTL_NOTE,W1M575P0,1,STOCK_ITEM_DTL_ID,ASC
CISADM,W1_STOCK_ITEM_DTL_NOTE,W1M575P0,2,SEQNO,ASC
CISADM,W1_STOCK_ITEM_DTL_VENDOR_LOC,W1M573P0,1,STOCK_ITEM_DTL_ID,ASC
CISADM,W1_STOCK_ITEM_DTL_VENDOR_LOC,W1M573P0,2,VENDOR_LOC_ID,ASC
CISADM,W1_STOCK_TRANS,W1T306P0,1,STOCK_TRANS_ID,ASC
CISADM,W1_STOCK_TRANS,W1T306S1,1,BUS_OBJ_CD,ASC
CISADM,W1_STOCK_TRANS,W1T306S1,2,BO_STATUS_CD,ASC
CISADM,W1_STOCK_TRANS,W1T306S1,3,STOCK_TRANS_ID,ASC
CISADM,W1_STOCK_TRANS,W1T306S2,1,ST_REL_FLG,ASC
CISADM,W1_STOCK_TRANS,W1T306S3,1,PARENT_MO_CD,ASC
CISADM,W1_STOCK_TRANS,W1T306S3,2,PARENT_PK1,ASC
CISADM,W1_STOCK_TRANS,W1T306S4,1,SIBLING_MO_CD,ASC
CISADM,W1_STOCK_TRANS,W1T306S4,2,SIBLING_PK1,ASC
CISADM,W1_STOCK_TRANS,W1T306S5,1,STOCK_ITEM_DTL_ID,ASC
CISADM,W1_STOCK_TRANS_CHAR,W1T307P0,1,STOCK_TRANS_ID,ASC
CISADM,W1_STOCK_TRANS_CHAR,W1T307P0,2,CHAR_TYPE_CD,ASC
CISADM,W1_STOCK_TRANS_CHAR,W1T307P0,3,SEQ_NUM,ASC
CISADM,W1_STOCK_TRANS_CHAR,W1T307S1,1,SRCH_CHAR_VAL,ASC
CISADM,W1_STOCK_TRANS_K,W1T310P0,1,STOCK_TRANS_ID,ASC
CISADM,W1_STOCK_TRANS_K,W1T310P0,2,ENV_ID,ASC
CISADM,W1_STOCK_TRANS_LOG,W1T308P0,1,STOCK_TRANS_ID,ASC
CISADM,W1_STOCK_TRANS_LOG,W1T308P0,2,SEQNO,ASC
CISADM,W1_STOCK_TRANS_LOG,W1T308S1,1,CHAR_TYPE_CD,ASC
CISADM,W1_STOCK_TRANS_LOG,W1T308S1,2,CHAR_VAL_FK1,ASC
CISADM,W1_STOCK_TRANS_LOG,W1T308S2,1,CHAR_TYPE_CD,ASC
CISADM,W1_STOCK_TRANS_LOG,W1T308S2,2,CHAR_VAL,ASC
CISADM,W1_STOCK_TRANS_LOG_PARM,W1T309P0,1,STOCK_TRANS_ID,ASC
CISADM,W1_STOCK_TRANS_LOG_PARM,W1T309P0,2,SEQNO,ASC
CISADM,W1_STOCK_TRANS_LOG_PARM,W1T309P0,3,PARM_SEQ,ASC
CISADM,W1_SVC_CALL_CAT_SVC_CODE,W1C853P0,1,SERVICE_CAT_CD,ASC
CISADM,W1_SVC_CALL_CAT_SVC_CODE,W1C853P0,2,SERVICE_CD,ASC
CISADM,W1_SVC_HIST,W1M277P0,1,SVC_HIST_ID,ASC
CISADM,W1_SVC_HIST,W1M277S1,1,ACT_ID,ASC
CISADM,W1_SVC_HIST,W1M277S2,1,ASSET_ID,ASC
CISADM,W1_SVC_HIST,W1M277S3,1,CRE_DTTM,ASC
CISADM,W1_SVC_HIST,W1M277S4,1,BUS_OBJ_CD,ASC
CISADM,W1_SVC_HIST,W1M277S4,2,SVC_HIST_ID,ASC
CISADM,W1_SVC_HIST,W1M277S5,1,BUS_OBJ_CD,ASC
CISADM,W1_SVC_HIST,W1M277S5,2,BO_STATUS_CD,ASC
CISADM,W1_SVC_HIST,W1M277S5,3,SVC_HIST_ID,ASC
CISADM,W1_SVC_HIST,W1M277S6,1,SVC_HIST_TYPE_CD,ASC
CISADM,W1_SVC_HIST,W1M277S6,2,EFF_DTTM,ASC
CISADM,W1_SVC_HIST,W1M277S6,3,SVC_HIST_ID,ASC
CISADM,W1_SVC_HIST,W1M277S7,1,ASSET_SCORE_FLG,ASC
CISADM,W1_SVC_HIST,W1M277S7,2,SVC_HIST_ID,ASC
CISADM,W1_SVC_HIST,W1M277S8,1,EFF_DTTM,ASC
CISADM,W1_SVC_HIST,W1M277S9,1,BO_STATUS_CD,ASC
CISADM,W1_SVC_HIST_ATTACHMENT,W1M278P0,1,SVC_HIST_ID,ASC
CISADM,W1_SVC_HIST_ATTACHMENT,W1M278P0,2,SVC_HIST_ATT_REL_TYPE_FLG,ASC
CISADM,W1_SVC_HIST_ATTACHMENT,W1M278P0,3,ATTACHMENT_ID,ASC
CISADM,W1_SVC_HIST_ATTACHMENT,W1M278S1,1,SVC_HIST_ID,ASC
CISADM,W1_SVC_HIST_ATTACHMENT,W1M278S2,1,ATTACHMENT_ID,ASC
CISADM,W1_SVC_HIST_ATTACHMENT,W1M278S3,1,SVC_HIST_ATT_REL_TYPE_FLG,ASC
CISADM,W1_SVC_HIST_CHAR,W1M279P0,1,SVC_HIST_ID,ASC
CISADM,W1_SVC_HIST_CHAR,W1M279P0,2,CHAR_TYPE_CD,ASC
CISADM,W1_SVC_HIST_CHAR,W1M279P0,3,EFFDT,ASC
CISADM,W1_SVC_HIST_CHAR,W1M279S1,1,SRCH_CHAR_VAL,ASC
CISADM,W1_SVC_HIST_CHAR2,W1T521P0,1,SVC_HIST_ID,ASC
CISADM,W1_SVC_HIST_CHAR2,W1T521P0,2,CHAR_TYPE_CD,ASC
CISADM,W1_SVC_HIST_CHAR2,W1T521P0,3,SEQ_NUM,ASC
CISADM,W1_SVC_HIST_DOCUMENT,W1M584P0,1,SVC_HIST_ID,ASC
CISADM,W1_SVC_HIST_DOCUMENT,W1M584P0,2,ATTACHMENT_ID,ASC
CISADM,W1_SVC_HIST_DOCUMENT,W1M584P0,3,DOCUMENT_ID,ASC
CISADM,W1_SVC_HIST_IDENTIFIER,W1M280P0,1,SVC_HIST_ID,ASC
CISADM,W1_SVC_HIST_IDENTIFIER,W1M280P0,2,SVC_HIST_ID_TYPE_FLG,ASC
CISADM,W1_SVC_HIST_IDENTIFIER,W1M280S0,1,W1_ID_VALUE,ASC
CISADM,W1_SVC_HIST_IDENTIFIER,W1M280S0,2,SVC_HIST_ID_TYPE_FLG,ASC
CISADM,W1_SVC_HIST_IDENTIFIER,W1M280S1,1,SYS_NC00005$,ASC
CISADM,W1_SVC_HIST_IDENTIFIER,W1M280S1,2,SVC_HIST_ID_TYPE_FLG,ASC
CISADM,W1_SVC_HIST_K,W1M482P0,1,SVC_HIST_ID,ASC
CISADM,W1_SVC_HIST_K,W1M482P0,2,ENV_ID,ASC
CISADM,W1_SVC_HIST_LOG,W1M282P0,1,SVC_HIST_ID,ASC
CISADM,W1_SVC_HIST_LOG,W1M282P0,2,SEQNO,ASC
CISADM,W1_SVC_HIST_LOG,W1M282S1,1,CHAR_TYPE_CD,ASC
CISADM,W1_SVC_HIST_LOG,W1M282S1,2,CHAR_VAL_FK1,ASC
CISADM,W1_SVC_HIST_LOG,W1M282S2,1,CHAR_TYPE_CD,ASC
CISADM,W1_SVC_HIST_LOG,W1M282S2,2,CHAR_VAL,ASC
CISADM,W1_SVC_HIST_LOG_PARM,W1M283P0,1,SVC_HIST_ID,ASC
CISADM,W1_SVC_HIST_LOG_PARM,W1M283P0,2,SEQNO,ASC
CISADM,W1_SVC_HIST_LOG_PARM,W1M283P0,3,PARM_SEQ,ASC
CISADM,W1_SVC_HIST_PARTICIPANT,W1T868P0,1,SVC_HIST_ID,ASC
CISADM,W1_SVC_HIST_PARTICIPANT,W1T868P0,2,SEQ_NUM,ASC
CISADM,W1_SVC_HIST_QSTN_ANSR,W1C518P0,1,SVC_HIST_ID,ASC
CISADM,W1_SVC_HIST_QSTN_ANSR,W1C518P0,2,SVC_HIST_QSTN_ANSR_SEQ,ASC
CISADM,W1_SVC_HIST_QSTN_ANSR,W1C518S1,1,SVC_HIST_ID,ASC
CISADM,W1_SVC_HIST_QSTN_ANSR,W1C518S1,2,QUESTION_CD,ASC
CISADM,W1_SVC_HIST_QSTN_ANSR,W1C518S1,3,ANSWER_CD,ASC
CISADM,W1_SVC_HIST_QSTN_ANSR,W1C518S2,1,SVC_HIST_ID,ASC
CISADM,W1_SVC_HIST_QSTN_ANSR,W1C518S2,2,ANSWER_CD,ASC
CISADM,W1_SVC_HIST_REL_OBJ,W1M281P0,1,SVC_HIST_ID,ASC
CISADM,W1_SVC_HIST_REL_OBJ,W1M281P0,2,MAINT_OBJ_CD,ASC
CISADM,W1_SVC_HIST_REL_OBJ,W1M281P0,3,SVC_HIST_REL_OBJ_TYPE_FLG,ASC
CISADM,W1_SVC_HIST_REL_OBJ,W1M281S1,1,PK_VALUE1,ASC
CISADM,W1_SVC_HIST_REL_OBJ,W1M281S1,2,PK_VALUE2,ASC
CISADM,W1_SVC_HIST_REL_OBJ,W1M281S1,3,PK_VALUE3,ASC
CISADM,W1_SVC_HIST_REL_OBJ,W1M281S1,4,PK_VALUE4,ASC
CISADM,W1_SVC_HIST_REL_OBJ,W1M281S1,5,PK_VALUE5,ASC
CISADM,W1_SVC_HIST_REL_OBJ,W1M281S1,6,MAINT_OBJ_CD,ASC
CISADM,W1_SVC_HIST_REL_OBJ,W1M281S2,1,SVC_HIST_REL_OBJ_TYPE_FLG,ASC
CISADM,W1_SVC_HIST_TYPE,W1C273P0,1,SVC_HIST_TYPE_CD,ASC
CISADM,W1_SVC_HIST_TYPE,W1C273S1,1,SVC_HIST_BUS_OBJ_CD,ASC
CISADM,W1_SVC_HIST_TYPE,W1C273S2,1,SVC_HIST_CATEGORY_FLG,ASC
CISADM,W1_SVC_HIST_TYPE,W1C273S2,2,SVC_HIST_TYPE_CD,ASC
CISADM,W1_SVC_HIST_TYPE_CHAR,W1C276P0,1,SVC_HIST_TYPE_CD,ASC
CISADM,W1_SVC_HIST_TYPE_CHAR,W1C276P0,2,CHAR_TYPE_CD,ASC
CISADM,W1_SVC_HIST_TYPE_CHAR,W1C276P0,3,SEQ_NUM,ASC
CISADM,W1_SVC_HIST_TYPE_CHAR,W1C276S1,1,SRCH_CHAR_VAL,ASC
CISADM,W1_SVC_HIST_TYPE_FLLW_UP_ACTN,W1C858P0,1,SVC_HIST_TYPE_CD,ASC
CISADM,W1_SVC_HIST_TYPE_FLLW_UP_ACTN,W1C858P0,2,SEQ_NUM,ASC
CISADM,W1_SVC_HIST_TYPE_L,W1C275P0,1,SVC_HIST_TYPE_CD,ASC
CISADM,W1_SVC_HIST_TYPE_L,W1C275P0,2,LANGUAGE_CD,ASC
CISADM,W1_SVC_HIST_TYPE_L,W1C275S1,1,LANGUAGE_CD,ASC
CISADM,W1_SVC_HIST_TYPE_QSTN,W1C517P0,1,SVC_HIST_TYPE_CD,ASC
CISADM,W1_SVC_HIST_TYPE_QSTN,W1C517P0,2,QUESTION_CD,ASC
CISADM,W1_SVC_HIST_TYPE_REL_SH_TYPE,W1C859P0,1,SVC_HIST_TYPE_CD,ASC
CISADM,W1_SVC_HIST_TYPE_REL_SH_TYPE,W1C859P0,2,SVC_HIST_REL_TYPE_FLG,ASC
CISADM,W1_SVC_HIST_TYPE_REL_SH_TYPE,W1C859P0,3,REL_SVC_HIST_TYPE_CD,ASC
CISADM,W1_SVC_SCHED,W1C274P0,1,SVC_HIST_TYPE_CD,ASC
CISADM,W1_SVC_SCHED,W1C274P0,2,WO_ID,ASC
CISADM,W1_SVC_SCHED,W1C274S1,1,WO_ID,ASC
CISADM,W1_TAX_RATE_COMP,W1C568P0,1,TAX_RATE_SCHED_CD,ASC
CISADM,W1_TAX_RATE_COMP,W1C568P0,2,EFFDT,ASC
CISADM,W1_TAX_RATE_COMP,W1C568P0,3,SEQ_NUM,ASC
CISADM,W1_TAX_RATE_COMP_L,W1C569P0,1,TAX_RATE_SCHED_CD,ASC
CISADM,W1_TAX_RATE_COMP_L,W1C569P0,2,EFFDT,ASC
CISADM,W1_TAX_RATE_COMP_L,W1C569P0,3,SEQ_NUM,ASC
CISADM,W1_TAX_RATE_COMP_L,W1C569P0,4,LANGUAGE_CD,ASC
CISADM,W1_TAX_RATE_EFFDT,W1C567P0,1,TAX_RATE_SCHED_CD,ASC
CISADM,W1_TAX_RATE_EFFDT,W1C567P0,2,EFFDT,ASC
CISADM,W1_TAX_RATE_SCHED,W1C564P0,1,TAX_RATE_SCHED_CD,ASC
CISADM,W1_TAX_RATE_SCHED_CHAR,W1C566P0,1,TAX_RATE_SCHED_CD,ASC
CISADM,W1_TAX_RATE_SCHED_CHAR,W1C566P0,2,CHAR_TYPE_CD,ASC
CISADM,W1_TAX_RATE_SCHED_CHAR,W1C566P0,3,SEQ_NUM,ASC
CISADM,W1_TAX_RATE_SCHED_CHAR,W1C566S1,1,SRCH_CHAR_VAL,ASC
CISADM,W1_TAX_RATE_SCHED_L,W1C565P0,1,TAX_RATE_SCHED_CD,ASC
CISADM,W1_TAX_RATE_SCHED_L,W1C565P0,2,LANGUAGE_CD,ASC
CISADM,W1_TIMEKEEPER,W1C948P0,1,TIMEKEEPER_CD,ASC
CISADM,W1_TIMEKEEPER_CHAR,W1C950P0,1,TIMEKEEPER_CD,ASC
CISADM,W1_TIMEKEEPER_CHAR,W1C950P0,2,CHAR_TYPE_CD,ASC
CISADM,W1_TIMEKEEPER_CHAR,W1C950P0,3,SEQ_NUM,ASC
CISADM,W1_TIMEKEEPER_EMP,W1C949P0,1,TIMEKEEPER_CD,ASC
CISADM,W1_TIMEKEEPER_EMP,W1C949P0,2,EMPLOYEE_ID,ASC
CISADM,W1_TIMEKEEPER_L,W1C951P0,1,TIMEKEEPER_CD,ASC
CISADM,W1_TIMEKEEPER_L,W1C951P0,2,LANGUAGE_CD,ASC
CISADM,W1_TIMEKEEPER_LOG,W1C952P0,1,TIMEKEEPER_CD,ASC
CISADM,W1_TIMEKEEPER_LOG,W1C952P0,2,SEQNO,ASC
CISADM,W1_TIMEKEEPER_LOG_PARM,W1C953P0,1,TIMEKEEPER_CD,ASC
CISADM,W1_TIMEKEEPER_LOG_PARM,W1C953P0,2,SEQNO,ASC
CISADM,W1_TIMEKEEPER_LOG_PARM,W1C953P0,3,PARM_SEQ,ASC
CISADM,W1_TIMESHEET,W1M589P0,1,W1_TIMESHEET_ID,ASC
CISADM,W1_TIMESHEET,W1M589S1,1,BUS_OBJ_CD,ASC
CISADM,W1_TIMESHEET,W1M589S1,2,BO_STATUS_CD,ASC
CISADM,W1_TIMESHEET,W1M589S1,3,W1_TIMESHEET_ID,ASC
CISADM,W1_TIMESHEET_CHAR,W1M591P0,1,W1_TIMESHEET_ID,ASC
CISADM,W1_TIMESHEET_CHAR,W1M591P0,2,CHAR_TYPE_CD,ASC
CISADM,W1_TIMESHEET_CHAR,W1M591P0,3,SEQ_NUM,ASC
CISADM,W1_TIMESHEET_CHAR,W1M591S1,1,SRCH_CHAR_VAL,ASC
CISADM,W1_TIMESHEET_DETAIL,W1M595P0,1,TIMESHEET_DETAIL_ID,ASC
CISADM,W1_TIMESHEET_DETAIL,W1M595S1,1,BUS_OBJ_CD,ASC
CISADM,W1_TIMESHEET_DETAIL,W1M595S1,2,BO_STATUS_CD,ASC
CISADM,W1_TIMESHEET_DETAIL,W1M595S1,3,TIMESHEET_DETAIL_ID,ASC
CISADM,W1_TIMESHEET_DETAIL,W1M595S2,1,W1_TIMESHEET_ID,ASC
CISADM,W1_TIMESHEET_DETAIL,W1M595S2,2,TIMESHEET_DETAIL_ID,ASC
CISADM,W1_TIMESHEET_DETAIL,W1M595S3,1,EU_ID,ASC
CISADM,W1_TIMESHEET_DETAIL_CHAR,W1M598P0,1,TIMESHEET_DETAIL_ID,ASC
CISADM,W1_TIMESHEET_DETAIL_CHAR,W1M598P0,2,CHAR_TYPE_CD,ASC
CISADM,W1_TIMESHEET_DETAIL_CHAR,W1M598P0,3,SEQ_NUM,ASC
CISADM,W1_TIMESHEET_DETAIL_CHAR,W1M598S1,1,SRCH_CHAR_VAL,ASC
CISADM,W1_TIMESHEET_DETAIL_K,W1M596P0,1,TIMESHEET_DETAIL_ID,ASC
CISADM,W1_TIMESHEET_DETAIL_K,W1M596P0,2,ENV_ID,ASC
CISADM,W1_TIMESHEET_DETAIL_LOG,W1M599P0,1,TIMESHEET_DETAIL_ID,ASC
CISADM,W1_TIMESHEET_DETAIL_LOG,W1M599P0,2,SEQNO,ASC
CISADM,W1_TIMESHEET_DETAIL_LOG_PARM,W1M600P0,1,TIMESHEET_DETAIL_ID,ASC
CISADM,W1_TIMESHEET_DETAIL_LOG_PARM,W1M600P0,2,SEQNO,ASC
CISADM,W1_TIMESHEET_DETAIL_LOG_PARM,W1M600P0,3,PARM_SEQ,ASC
CISADM,W1_TIMESHEET_IDENTIFIER,W1M590P0,1,W1_TIMESHEET_ID,ASC
CISADM,W1_TIMESHEET_IDENTIFIER,W1M590P0,2,TIMESHEET_ID_TYPE_FLG,ASC
CISADM,W1_TIMESHEET_IDENTIFIER,W1M590S0,1,W1_ID_VALUE,ASC
CISADM,W1_TIMESHEET_IDENTIFIER,W1M590S0,2,TIMESHEET_ID_TYPE_FLG,ASC
CISADM,W1_TIMESHEET_IDENTIFIER,W1M590S1,1,SYS_NC00005$,ASC
CISADM,W1_TIMESHEET_IDENTIFIER,W1M590S1,2,TIMESHEET_ID_TYPE_FLG,ASC
CISADM,W1_TIMESHEET_K,W1M594P0,1,W1_TIMESHEET_ID,ASC
CISADM,W1_TIMESHEET_K,W1M594P0,2,ENV_ID,ASC
CISADM,W1_TIMESHEET_LOG,W1M592P0,1,W1_TIMESHEET_ID,ASC
CISADM,W1_TIMESHEET_LOG,W1M592P0,2,SEQNO,ASC
CISADM,W1_TIMESHEET_LOG_PARM,W1M593P0,1,W1_TIMESHEET_ID,ASC
CISADM,W1_TIMESHEET_LOG_PARM,W1M593P0,2,SEQNO,ASC
CISADM,W1_TIMESHEET_LOG_PARM,W1M593P0,3,PARM_SEQ,ASC
CISADM,W1_TIME_PERIOD,W1C619P0,1,TIME_PERIOD_CD,ASC
CISADM,W1_TIME_PERIOD_CHAR,W1C621P0,1,TIME_PERIOD_CD,ASC
CISADM,W1_TIME_PERIOD_CHAR,W1C621P0,2,CHAR_TYPE_CD,ASC
CISADM,W1_TIME_PERIOD_CHAR,W1C621P0,3,SEQ_NUM,ASC
CISADM,W1_TIME_PERIOD_CHAR,W1C621S1,1,SRCH_CHAR_VAL,ASC
CISADM,W1_TIME_PERIOD_L,W1C620P0,1,TIME_PERIOD_CD,ASC
CISADM,W1_TIME_PERIOD_L,W1C620P0,2,LANGUAGE_CD,ASC
CISADM,W1_TIMSHEETDTL_COST_CTR,W1M597P0,1,TIMESHEET_DETAIL_ID,ASC
CISADM,W1_TIMSHEETDTL_COST_CTR,W1M597P0,2,COST_CENTER_CD,ASC
CISADM,W1_TMPL_ACT,W1M617P0,1,TMPL_ACT_ID,ASC
CISADM,W1_TMPL_ACT,W1M617S1,1,TMPL_WO_ID,ASC
CISADM,W1_TMPL_ACT_CHAR,W1M622P0,1,TMPL_ACT_ID,ASC
CISADM,W1_TMPL_ACT_CHAR,W1M622P0,2,CHAR_TYPE_CD,ASC
CISADM,W1_TMPL_ACT_CHAR,W1M622P0,3,SEQ_NUM,ASC
CISADM,W1_TMPL_ACT_CHAR,W1M622S1,1,SRCH_CHAR_VAL,ASC
CISADM,W1_TMPL_ACT_CHKLST_TYP,W1M805P0,1,TMPL_ACT_ID,ASC
CISADM,W1_TMPL_ACT_CHKLST_TYP,W1M805P0,2,CHECKLIST_TYPE_CD,ASC
CISADM,W1_TMPL_ACT_COST_CENTER,W1M619P0,1,TMPL_ACT_ID,ASC
CISADM,W1_TMPL_ACT_COST_CENTER,W1M619P0,2,COST_CENTER_CD,ASC
CISADM,W1_TMPL_ACT_COST_DIST,W1M710P0,1,TMPL_ACT_ID,ASC
CISADM,W1_TMPL_ACT_COST_DIST,W1M710P0,2,NODE_ID,ASC
CISADM,W1_TMPL_ACT_COST_DIST,W1M710P0,3,ASSET_TYPE_CD,ASC
CISADM,W1_TMPL_ACT_DOCUMENT,W1M620P0,1,TMPL_ACT_ID,ASC
CISADM,W1_TMPL_ACT_DOCUMENT,W1M620P0,2,ATTACHMENT_ID,ASC
CISADM,W1_TMPL_ACT_DOCUMENT,W1M620P0,3,DOCUMENT_ID,ASC
CISADM,W1_TMPL_ACT_IDENTIFIER,W1M621P0,1,TMPL_ACT_ID,ASC
CISADM,W1_TMPL_ACT_IDENTIFIER,W1M621P0,2,TMPL_ACT_ID_TYPE_FLG,ASC
CISADM,W1_TMPL_ACT_IDENTIFIER,W1M621S0,1,W1_ID_VALUE,ASC
CISADM,W1_TMPL_ACT_IDENTIFIER,W1M621S0,2,TMPL_ACT_ID_TYPE_FLG,ASC
CISADM,W1_TMPL_ACT_IDENTIFIER,W1M621S1,1,SYS_NC00005$,ASC
CISADM,W1_TMPL_ACT_IDENTIFIER,W1M621S1,2,TMPL_ACT_ID_TYPE_FLG,ASC
CISADM,W1_TMPL_ACT_K,W1M625P0,1,TMPL_ACT_ID,ASC
CISADM,W1_TMPL_ACT_K,W1M625P0,2,ENV_ID,ASC
CISADM,W1_TMPL_ACT_LOG,W1M623P0,1,TMPL_ACT_ID,ASC
CISADM,W1_TMPL_ACT_LOG,W1M623P0,2,SEQNO,ASC
CISADM,W1_TMPL_ACT_LOG,W1M623S1,1,CHAR_TYPE_CD,ASC
CISADM,W1_TMPL_ACT_LOG,W1M623S1,2,CHAR_VAL_FK1,ASC
CISADM,W1_TMPL_ACT_LOG,W1M623S2,1,CHAR_TYPE_CD,ASC
CISADM,W1_TMPL_ACT_LOG,W1M623S2,2,CHAR_VAL,ASC
CISADM,W1_TMPL_ACT_LOG_PARM,W1M624P0,1,TMPL_ACT_ID,ASC
CISADM,W1_TMPL_ACT_LOG_PARM,W1M624P0,2,SEQNO,ASC
CISADM,W1_TMPL_ACT_LOG_PARM,W1M624P0,3,PARM_SEQ,ASC
CISADM,W1_TMPL_ACT_NOTE,W1M618P0,1,TMPL_ACT_ID,ASC
CISADM,W1_TMPL_ACT_NOTE,W1M618P0,2,SEQNO,ASC
CISADM,W1_TMPL_ACT_PLAN_SVC_HIST_TYPE,W1M713P0,1,TMPL_ACT_ID,ASC
CISADM,W1_TMPL_ACT_PLAN_SVC_HIST_TYPE,W1M713P0,2,SVC_HIST_TYPE_CD,ASC
CISADM,W1_TMPL_ACT_RSRC,W1M626P0,1,TMPL_ACT_RSRC_ID,ASC
CISADM,W1_TMPL_ACT_RSRC_CHAR,W1M630P0,1,TMPL_ACT_RSRC_ID,ASC
CISADM,W1_TMPL_ACT_RSRC_CHAR,W1M630P0,2,CHAR_TYPE_CD,ASC
CISADM,W1_TMPL_ACT_RSRC_CHAR,W1M630P0,3,SEQ_NUM,ASC
CISADM,W1_TMPL_ACT_RSRC_CHAR,W1M630S1,1,SRCH_CHAR_VAL,ASC
CISADM,W1_TMPL_ACT_RSRC_DOCUMENT,W1M628P0,1,TMPL_ACT_RSRC_ID,ASC
CISADM,W1_TMPL_ACT_RSRC_DOCUMENT,W1M628P0,2,ATTACHMENT_ID,ASC
CISADM,W1_TMPL_ACT_RSRC_DOCUMENT,W1M628P0,3,DOCUMENT_ID,ASC
CISADM,W1_TMPL_ACT_RSRC_IDENTIFIER,W1M629P0,1,TMPL_ACT_RSRC_ID,ASC
CISADM,W1_TMPL_ACT_RSRC_IDENTIFIER,W1M629P0,2,TMPL_ACT_RSRC_ID_TYPE_FLG,ASC
CISADM,W1_TMPL_ACT_RSRC_IDENTIFIER,W1M629S0,1,W1_ID_VALUE,ASC
CISADM,W1_TMPL_ACT_RSRC_IDENTIFIER,W1M629S0,2,TMPL_ACT_RSRC_ID_TYPE_FLG,ASC
CISADM,W1_TMPL_ACT_RSRC_IDENTIFIER,W1M629S1,1,SYS_NC00005$,ASC
CISADM,W1_TMPL_ACT_RSRC_IDENTIFIER,W1M629S1,2,TMPL_ACT_RSRC_ID_TYPE_FLG,ASC
CISADM,W1_TMPL_ACT_RSRC_K,W1M633P0,1,TMPL_ACT_RSRC_ID,ASC
CISADM,W1_TMPL_ACT_RSRC_K,W1M633P0,2,ENV_ID,ASC
CISADM,W1_TMPL_ACT_RSRC_LOG,W1M631P0,1,TMPL_ACT_RSRC_ID,ASC
CISADM,W1_TMPL_ACT_RSRC_LOG,W1M631P0,2,SEQNO,ASC
CISADM,W1_TMPL_ACT_RSRC_LOG,W1M631S1,1,CHAR_TYPE_CD,ASC
CISADM,W1_TMPL_ACT_RSRC_LOG,W1M631S1,2,CHAR_VAL_FK1,ASC
CISADM,W1_TMPL_ACT_RSRC_LOG,W1M631S2,1,CHAR_TYPE_CD,ASC
CISADM,W1_TMPL_ACT_RSRC_LOG,W1M631S2,2,CHAR_VAL,ASC
CISADM,W1_TMPL_ACT_RSRC_LOG_PARM,W1M632P0,1,TMPL_ACT_RSRC_ID,ASC
CISADM,W1_TMPL_ACT_RSRC_LOG_PARM,W1M632P0,2,SEQNO,ASC
CISADM,W1_TMPL_ACT_RSRC_LOG_PARM,W1M632P0,3,PARM_SEQ,ASC
CISADM,W1_TMPL_ACT_RSRC_NOTE,W1M627P0,1,TMPL_ACT_RSRC_ID,ASC
CISADM,W1_TMPL_ACT_RSRC_NOTE,W1M627P0,2,SEQNO,ASC
CISADM,W1_TMPL_WO,W1M610P0,1,TMPL_WO_ID,ASC
CISADM,W1_TMPL_WO,W1M610S1,1,BUS_OBJ_CD,ASC
CISADM,W1_TMPL_WO,W1M610S1,2,BO_STATUS_CD,ASC
CISADM,W1_TMPL_WO,W1M610S1,3,TMPL_WO_ID,ASC
CISADM,W1_TMPL_WO,W1M610S2,1,W1_DESCR100_UPR,ASC
CISADM,W1_TMPL_WO,W1M610S3,1,W1_CREW_ID,ASC
CISADM,W1_TMPL_WO_CHAR,W1M613P0,1,TMPL_WO_ID,ASC
CISADM,W1_TMPL_WO_CHAR,W1M613P0,2,CHAR_TYPE_CD,ASC
CISADM,W1_TMPL_WO_CHAR,W1M613P0,3,SEQ_NUM,ASC
CISADM,W1_TMPL_WO_CHAR,W1M613S1,1,SRCH_CHAR_VAL,ASC
CISADM,W1_TMPL_WO_IDENTIFIER,W1M612P0,1,TMPL_WO_ID,ASC
CISADM,W1_TMPL_WO_IDENTIFIER,W1M612P0,2,TMPL_WO_ID_TYPE_FLG,ASC
CISADM,W1_TMPL_WO_IDENTIFIER,W1M612S0,1,W1_ID_VALUE,ASC
CISADM,W1_TMPL_WO_IDENTIFIER,W1M612S0,2,TMPL_WO_ID_TYPE_FLG,ASC
CISADM,W1_TMPL_WO_IDENTIFIER,W1M612S1,1,SYS_NC00005$,ASC
CISADM,W1_TMPL_WO_IDENTIFIER,W1M612S1,2,TMPL_WO_ID_TYPE_FLG,ASC
CISADM,W1_TMPL_WO_K,W1M616P0,1,TMPL_WO_ID,ASC
CISADM,W1_TMPL_WO_K,W1M616P0,2,ENV_ID,ASC
CISADM,W1_TMPL_WO_LOG,W1M614P0,1,TMPL_WO_ID,ASC
CISADM,W1_TMPL_WO_LOG,W1M614P0,2,SEQNO,ASC
CISADM,W1_TMPL_WO_LOG,W1M614S1,1,CHAR_TYPE_CD,ASC
CISADM,W1_TMPL_WO_LOG,W1M614S1,2,CHAR_VAL_FK1,ASC
CISADM,W1_TMPL_WO_LOG,W1M614S2,1,CHAR_TYPE_CD,ASC
CISADM,W1_TMPL_WO_LOG,W1M614S2,2,CHAR_VAL,ASC
CISADM,W1_TMPL_WO_LOG_PARM,W1M615P0,1,TMPL_WO_ID,ASC
CISADM,W1_TMPL_WO_LOG_PARM,W1M615P0,2,SEQNO,ASC
CISADM,W1_TMPL_WO_LOG_PARM,W1M615P0,3,PARM_SEQ,ASC
CISADM,W1_TMPL_WO_NOTE,W1M611P0,1,TMPL_WO_ID,ASC
CISADM,W1_TMPL_WO_NOTE,W1M611P0,2,SEQNO,ASC
CISADM,W1_VENDOR,W1M634P0,1,VENDOR_CD,ASC
CISADM,W1_VENDOR_CHAR,W1M636P0,1,VENDOR_CD,ASC
CISADM,W1_VENDOR_CHAR,W1M636P0,2,CHAR_TYPE_CD,ASC
CISADM,W1_VENDOR_CHAR,W1M636P0,3,SEQ_NUM,ASC
CISADM,W1_VENDOR_CHAR,W1M636S1,1,SRCH_CHAR_VAL,ASC
CISADM,W1_VENDOR_IDENTIFIER,W1M635P0,1,VENDOR_CD,ASC
CISADM,W1_VENDOR_IDENTIFIER,W1M635P0,2,VENDOR_ID_TYPE_FLG,ASC
CISADM,W1_VENDOR_IDENTIFIER,W1M635S1,1,W1_ID_VAL,ASC
CISADM,W1_VENDOR_IDENTIFIER,W1M635S1,2,VENDOR_ID_TYPE_FLG,ASC
CISADM,W1_VENDOR_IDENTIFIER,W1M635S2,1,SYS_NC00005$,ASC
CISADM,W1_VENDOR_IDENTIFIER,W1M635S2,2,VENDOR_ID_TYPE_FLG,ASC
CISADM,W1_VENDOR_LOC,W1M637P0,1,VENDOR_LOC_ID,ASC
CISADM,W1_VENDOR_LOC,W1M637S1,1,VENDOR_CD,ASC
CISADM,W1_VENDOR_LOC,W1M637S1,2,VENDOR_LOC_ID,ASC
CISADM,W1_VENDOR_LOC_CAPABILITY,W1M644P0,1,VENDOR_LOC_ID,ASC
CISADM,W1_VENDOR_LOC_CAPABILITY,W1M644P0,2,CAPABILITY_TYPE_CD,ASC
CISADM,W1_VENDOR_LOC_CHAR,W1M640P0,1,VENDOR_LOC_ID,ASC
CISADM,W1_VENDOR_LOC_CHAR,W1M640P0,2,CHAR_TYPE_CD,ASC
CISADM,W1_VENDOR_LOC_CHAR,W1M640P0,3,SEQ_NUM,ASC
CISADM,W1_VENDOR_LOC_CHAR,W1M640S1,1,SRCH_CHAR_VAL,ASC
CISADM,W1_VENDOR_LOC_CMDTY,W1M645P0,1,VENDOR_LOC_ID,ASC
CISADM,W1_VENDOR_LOC_CMDTY,W1M645P0,2,CMDTY_CAT_CD,ASC
CISADM,W1_VENDOR_LOC_CMDTY,W1M645P0,3,CMDTY_NAME_CD,ASC
CISADM,W1_VENDOR_LOC_CMDTY,W1M645P0,4,CMDTY_TYPE_CD,ASC
CISADM,W1_VENDOR_LOC_CMDTY,W1M645P0,5,CMDTY_CMP_CD,ASC
CISADM,W1_VENDOR_LOC_CONTACT,W1M641P0,1,VENDOR_LOC_ID,ASC
CISADM,W1_VENDOR_LOC_CONTACT,W1M641P0,2,VENDOR_LOC_CON_REL_TYPE_FLG,ASC
CISADM,W1_VENDOR_LOC_DOCUMENT,W1M643P0,1,VENDOR_LOC_ID,ASC
CISADM,W1_VENDOR_LOC_DOCUMENT,W1M643P0,2,ATTACHMENT_ID,ASC
CISADM,W1_VENDOR_LOC_DOCUMENT,W1M643P0,3,DOCUMENT_ID,ASC
CISADM,W1_VENDOR_LOC_IDENTIFIER,W1M639P0,1,VENDOR_LOC_ID,ASC
CISADM,W1_VENDOR_LOC_IDENTIFIER,W1M639P0,2,VENDOR_LOC_ID_TYPE_FLG,ASC
CISADM,W1_VENDOR_LOC_IDENTIFIER,W1M639S1,1,W1_ID_VAL,ASC
CISADM,W1_VENDOR_LOC_IDENTIFIER,W1M639S1,2,VENDOR_LOC_ID_TYPE_FLG,ASC
CISADM,W1_VENDOR_LOC_IDENTIFIER,W1M639S2,1,SYS_NC00005$,ASC
CISADM,W1_VENDOR_LOC_IDENTIFIER,W1M639S2,2,VENDOR_LOC_ID_TYPE_FLG,ASC
CISADM,W1_VENDOR_LOC_K,W1M638P0,1,VENDOR_LOC_ID,ASC
CISADM,W1_VENDOR_LOC_K,W1M638P0,2,ENV_ID,ASC
CISADM,W1_VENDOR_LOC_LOG,W1C639P0,1,VENDOR_LOC_ID,ASC
CISADM,W1_VENDOR_LOC_LOG,W1C639P0,2,SEQNO,ASC
CISADM,W1_VENDOR_LOC_LOG_PARM,W1C640P0,1,VENDOR_LOC_ID,ASC
CISADM,W1_VENDOR_LOC_LOG_PARM,W1C640P0,2,SEQNO,ASC
CISADM,W1_VENDOR_LOC_LOG_PARM,W1C640P0,3,PARM_SEQ,ASC
CISADM,W1_VENDOR_LOC_NOTE,W1M642P0,1,VENDOR_LOC_ID,ASC
CISADM,W1_VENDOR_LOC_NOTE,W1M642P0,2,SEQNO,ASC
CISADM,W1_VENDOR_LOC_PAYTO_LOC,W1M955P0,1,VENDOR_LOC_ID,ASC
CISADM,W1_VENDOR_LOC_PAYTO_LOC,W1M955P0,2,PAY_TO_LOC,ASC
CISADM,W1_VENDOR_LOG,W1M943P0,1,VENDOR_CD,ASC
CISADM,W1_VENDOR_LOG,W1M943P0,2,SEQNO,ASC
CISADM,W1_VENDOR_LOG,W1M943S1,1,CHAR_TYPE_CD,ASC
CISADM,W1_VENDOR_LOG,W1M943S1,2,CHAR_VAL_FK1,ASC
CISADM,W1_VENDOR_LOG,W1M943S2,1,CHAR_TYPE_CD,ASC
CISADM,W1_VENDOR_LOG,W1M943S2,2,CHAR_VAL,ASC
CISADM,W1_VENDOR_LOG_PARM,W1M944P0,1,VENDOR_CD,ASC
CISADM,W1_VENDOR_LOG_PARM,W1M944P0,2,SEQNO,ASC
CISADM,W1_VENDOR_LOG_PARM,W1M944P0,3,PARM_SEQ,ASC
CISADM,W1_WARRANTY,W1C524S2,1,BUS_OBJ_CD,ASC
CISADM,W1_WARRANTY,W1C524S2,2,BO_STATUS_CD,ASC
CISADM,W1_WARRANTY,W1C524S2,3,WARRANTY_ID,ASC
CISADM,W1_WARRANTY,W1M524P0,1,WARRANTY_ID,ASC
CISADM,W1_WARRANTY,W1M524S1,1,WARRANTY_ID,ASC
CISADM,W1_WARRANTY,W1M524S1,2,WARRANTY_TERM_CD,ASC
CISADM,W1_WARRANTY_ATTACHMENT,W1M530P0,1,WARRANTY_ID,ASC
CISADM,W1_WARRANTY_ATTACHMENT,W1M530P0,2,WARRANTY_ATT_REL_TYPE_FLG,ASC
CISADM,W1_WARRANTY_ATTACHMENT,W1M530P0,3,ATTACHMENT_ID,ASC
CISADM,W1_WARRANTY_CHAR,W1M526P0,1,WARRANTY_ID,ASC
CISADM,W1_WARRANTY_CHAR,W1M526P0,2,CHAR_TYPE_CD,ASC
CISADM,W1_WARRANTY_CHAR,W1M526P0,3,SEQ_NUM,ASC
CISADM,W1_WARRANTY_CHAR,W1M526S1,1,SRCH_CHAR_VAL,ASC
CISADM,W1_WARRANTY_DOCUMENT,W1M820P0,1,WARRANTY_ID,ASC
CISADM,W1_WARRANTY_DOCUMENT,W1M820P0,2,ATTACHMENT_ID,ASC
CISADM,W1_WARRANTY_DOCUMENT,W1M820P0,3,DOCUMENT_ID,ASC
CISADM,W1_WARRANTY_IDENTIFIER,W1M525P0,1,WARRANTY_ID,ASC
CISADM,W1_WARRANTY_IDENTIFIER,W1M525P0,2,WARRANTY_ID_TYPE_FLG,ASC
CISADM,W1_WARRANTY_IDENTIFIER,W1M525S0,1,W1_ID_VALUE,ASC
CISADM,W1_WARRANTY_IDENTIFIER,W1M525S0,2,WARRANTY_ID_TYPE_FLG,ASC
CISADM,W1_WARRANTY_IDENTIFIER,W1M525S1,1,SYS_NC00005$,ASC
CISADM,W1_WARRANTY_IDENTIFIER,W1M525S1,2,WARRANTY_ID_TYPE_FLG,ASC
CISADM,W1_WARRANTY_K,W1M531P0,1,WARRANTY_ID,ASC
CISADM,W1_WARRANTY_K,W1M531P0,2,ENV_ID,ASC
CISADM,W1_WARRANTY_LOG,W1M527P0,1,WARRANTY_ID,ASC
CISADM,W1_WARRANTY_LOG,W1M527P0,2,SEQNO,ASC
CISADM,W1_WARRANTY_LOG,W1M527S1,1,CHAR_TYPE_CD,ASC
CISADM,W1_WARRANTY_LOG,W1M527S1,2,CHAR_VAL_FK1,ASC
CISADM,W1_WARRANTY_LOG,W1M527S2,1,CHAR_TYPE_CD,ASC
CISADM,W1_WARRANTY_LOG,W1M527S2,2,CHAR_VAL,ASC
CISADM,W1_WARRANTY_LOG_PARM,W1M528P0,1,WARRANTY_ID,ASC
CISADM,W1_WARRANTY_LOG_PARM,W1M528P0,2,SEQNO,ASC
CISADM,W1_WARRANTY_LOG_PARM,W1M528P0,3,PARM_SEQ,ASC
CISADM,W1_WARRANTY_NOTE,W1M529P0,1,WARRANTY_ID,ASC
CISADM,W1_WARRANTY_NOTE,W1M529P0,2,SEQNO,ASC
CISADM,W1_WARRANTY_TERM,W1C550P0,1,WARRANTY_TERM_CD,ASC
CISADM,W1_WARRANTY_TERM,W1C550S1,1,WARRANTY_TERM_CD,ASC
CISADM,W1_WARRANTY_TERM,W1C550S1,2,BUS_OBJ_CD,ASC
CISADM,W1_WARRANTY_TERM,W1C550S1,3,BO_STATUS_CD,ASC
CISADM,W1_WARRANTY_TERM,W1C550S2,1,WARRANTY_TERM_CD,ASC
CISADM,W1_WARRANTY_TERM,W1C550S2,2,TD_TYPE_CD,ASC
CISADM,W1_WARRANTY_TERM,W1C550S2,3,ROLE_ID,ASC
CISADM,W1_WARRANTY_TERM,W1C550S3,1,VENDOR_CD,ASC
CISADM,W1_WARRANTY_TERM_CHAR,W1C552P0,1,WARRANTY_TERM_CD,ASC
CISADM,W1_WARRANTY_TERM_CHAR,W1C552P0,2,CHAR_TYPE_CD,ASC
CISADM,W1_WARRANTY_TERM_CHAR,W1C552P0,3,SEQ_NUM,ASC
CISADM,W1_WARRANTY_TERM_CHAR,W1C552S1,1,SRCH_CHAR_VAL,ASC
CISADM,W1_WARRANTY_TERM_DOCUMENT,W1C553P0,1,WARRANTY_TERM_CD,ASC
CISADM,W1_WARRANTY_TERM_DOCUMENT,W1C553P0,2,ATTACHMENT_ID,ASC
CISADM,W1_WARRANTY_TERM_DOCUMENT,W1C553P0,3,DOCUMENT_ID,ASC
CISADM,W1_WARRANTY_TERM_L,W1C551P0,1,WARRANTY_TERM_CD,ASC
CISADM,W1_WARRANTY_TERM_L,W1C551P0,2,LANGUAGE_CD,ASC
CISADM,W1_WO,W1T232P0,1,WO_ID,ASC
CISADM,W1_WO,W1T232S1,1,W1_DESCR100_UPR,ASC
CISADM,W1_WO,W1T232S10,1,FINAL_DTTM,ASC
CISADM,W1_WO,W1T232S11,1,WORK_REQ_ID,ASC
CISADM,W1_WO,W1T232S12,1,WO_ID,ASC
CISADM,W1_WO,W1T232S12,2,PRJ_ID,ASC
CISADM,W1_WO,W1T232S13,1,WO_NUM,ASC
CISADM,W1_WO,W1T232S14,1,PARENT_WO_ID,ASC
CISADM,W1_WO,W1T232S2,1,TEMPLATE_NAME_UPR,ASC
CISADM,W1_WO,W1T232S3,1,BO_STATUS_CD,ASC
CISADM,W1_WO,W1T232S3,2,BUS_OBJ_CD,ASC
CISADM,W1_WO,W1T232S4,1,BO_STATUS_CD,ASC
CISADM,W1_WO,W1T232S5,1,CRE_DTTM,ASC
CISADM,W1_WO,W1T232S6,1,BUS_OBJ_CD,ASC
CISADM,W1_WO,W1T232S6,2,BO_STATUS_CD,ASC
CISADM,W1_WO,W1T232S6,3,WO_ID,ASC
CISADM,W1_WO,W1T232S7,1,SVC_HIST_TYPE_CD,ASC
CISADM,W1_WO,W1T232S8,1,SVC_SCHED_WO_ID,ASC
CISADM,W1_WO,W1T232S9,1,USER_ID,ASC
CISADM,W1_WORK_CAL,W1C652P0,1,WORK_CALENDAR_CD,ASC
CISADM,W1_WORK_CAL_L,W1C653P0,1,WORK_CALENDAR_CD,ASC
CISADM,W1_WORK_CAL_L,W1C653P0,2,LANGUAGE_CD,ASC
CISADM,W1_WORK_CAL_SCHED_DATE,W1C654P0,1,WORK_CALENDAR_CD,ASC
CISADM,W1_WORK_CAL_SCHED_DATE,W1C654P0,2,EFFDT,ASC
CISADM,W1_WORK_CATEGORY,W1C818P0,1,WORK_CATEGORY_CD,ASC
CISADM,W1_WORK_CATEGORY_CHAR,W1C820P0,1,WORK_CATEGORY_CD,ASC
CISADM,W1_WORK_CATEGORY_CHAR,W1C820P0,2,CHAR_TYPE_CD,ASC
CISADM,W1_WORK_CATEGORY_CHAR,W1C820P0,3,SEQ_NUM,ASC
CISADM,W1_WORK_CATEGORY_CHAR,W1C820S1,1,SRCH_CHAR_VAL,ASC
CISADM,W1_WORK_CATEGORY_L,W1C819P0,1,WORK_CATEGORY_CD,ASC
CISADM,W1_WORK_CATEGORY_L,W1C819P0,2,LANGUAGE_CD,ASC
CISADM,W1_WORK_CLASS,W1C821P0,1,WORK_CLASS_CD,ASC
CISADM,W1_WORK_CLASS_CHAR,W1C823P0,1,WORK_CLASS_CD,ASC
CISADM,W1_WORK_CLASS_CHAR,W1C823P0,2,CHAR_TYPE_CD,ASC
CISADM,W1_WORK_CLASS_CHAR,W1C823P0,3,SEQ_NUM,ASC
CISADM,W1_WORK_CLASS_L,W1C822P0,1,WORK_CLASS_CD,ASC
CISADM,W1_WORK_CLASS_L,W1C822P0,2,LANGUAGE_CD,ASC
CISADM,W1_WORK_CLASS_WORK_CATEGORY,W1C824P0,1,WORK_CLASS_CD,ASC
CISADM,W1_WORK_CLASS_WORK_CATEGORY,W1C824P0,2,WORK_CATEGORY_CD,ASC
CISADM,W1_WORK_DESIGN,W1T787P0,1,WORK_DESIGN_ID,ASC
CISADM,W1_WORK_DESIGN,W1T787S1,1,W1_DESCR100_UPR,ASC
CISADM,W1_WORK_DESIGN_CHAR,W1M790P0,1,WORK_DESIGN_ID,ASC
CISADM,W1_WORK_DESIGN_CHAR,W1M790P0,2,CHAR_TYPE_CD,ASC
CISADM,W1_WORK_DESIGN_CHAR,W1M790P0,3,SEQ_NUM,ASC
CISADM,W1_WORK_DESIGN_DOCUMENT,W1M794P0,1,WORK_DESIGN_ID,ASC
CISADM,W1_WORK_DESIGN_DOCUMENT,W1M794P0,2,ATTACHMENT_ID,ASC
CISADM,W1_WORK_DESIGN_DOCUMENT,W1M794P0,3,DOCUMENT_ID,ASC
CISADM,W1_WORK_DESIGN_IDENTIFIER,W1M791P0,1,WORK_DESIGN_ID,ASC
CISADM,W1_WORK_DESIGN_IDENTIFIER,W1M791P0,2,WORK_DESIGN_ID_TYPE_FLG,ASC
CISADM,W1_WORK_DESIGN_K,W1T805P0,1,WORK_DESIGN_ID,ASC
CISADM,W1_WORK_DESIGN_K,W1T805P0,2,ENV_ID,ASC
CISADM,W1_WORK_DESIGN_LOG,W1M792P0,1,WORK_DESIGN_ID,ASC
CISADM,W1_WORK_DESIGN_LOG,W1M792P0,2,SEQNO,ASC
CISADM,W1_WORK_DESIGN_LOG_PARM,W1M793P0,1,WORK_DESIGN_ID,ASC
CISADM,W1_WORK_DESIGN_LOG_PARM,W1M793P0,2,SEQNO,ASC
CISADM,W1_WORK_DESIGN_LOG_PARM,W1M793P0,3,PARM_SEQ,ASC
CISADM,W1_WORK_DESIGN_NOTE,W1M795P0,1,WORK_DESIGN_ID,ASC
CISADM,W1_WORK_DESIGN_NOTE,W1M795P0,2,SEQNO,ASC
CISADM,W1_WORK_DESIGN_OTHER_COST,W1T789P0,1,WORK_DESIGN_ID,ASC
CISADM,W1_WORK_DESIGN_OTHER_COST,W1T789P0,2,OTHER_COST_TYPE_FLG,ASC
CISADM,W1_WORK_DESIGN_RSRC_COST,W1T788P0,1,WORK_DESIGN_ID,ASC
CISADM,W1_WORK_DESIGN_RSRC_COST,W1T788P0,2,W1_RESRC_CLASS_FLG,ASC
CISADM,W1_WORK_LOC,W1M721P0,1,WORK_LOC_ID,ASC
CISADM,W1_WORK_LOC_CHAR,W1M723P0,1,WORK_LOC_ID,ASC
CISADM,W1_WORK_LOC_CHAR,W1M723P0,2,CHAR_TYPE_CD,ASC
CISADM,W1_WORK_LOC_CHAR,W1M723P0,3,EFFDT,ASC
CISADM,W1_WORK_LOC_CHAR,W1M723S0,1,SRCH_CHAR_VAL,ASC
CISADM,W1_WORK_LOC_IDENTIFIER,W1M725P0,1,WORK_LOC_ID_TYPE_FLG,ASC
CISADM,W1_WORK_LOC_IDENTIFIER,W1M725P0,2,WORK_LOC_ID,ASC
CISADM,W1_WORK_LOC_IDENTIFIER,W1M725S0,1,W1_ID_VALUE,ASC
CISADM,W1_WORK_LOC_IDENTIFIER,W1M725S0,2,WORK_LOC_ID_TYPE_FLG,ASC
CISADM,W1_WORK_LOC_IDENTIFIER,W1M725S1,1,SYS_NC00005$,ASC
CISADM,W1_WORK_LOC_IDENTIFIER,W1M725S1,2,WORK_LOC_ID_TYPE_FLG,ASC
CISADM,W1_WORK_LOC_K,W1M726P0,1,WORK_LOC_ID,ASC
CISADM,W1_WORK_LOC_K,W1M726P0,2,ENV_ID,ASC
CISADM,W1_WORK_LOC_LOG,W1M722P0,1,WORK_LOC_ID,ASC
CISADM,W1_WORK_LOC_LOG,W1M722P0,2,SEQNO,ASC
CISADM,W1_WORK_LOC_LOG_PARM,W1M724P0,1,WORK_LOC_ID,ASC
CISADM,W1_WORK_LOC_LOG_PARM,W1M724P0,2,SEQNO,ASC
CISADM,W1_WORK_LOC_LOG_PARM,W1M724P0,3,PARM_SEQ,ASC
CISADM,W1_WORK_REQ,W1T298P0,1,WORK_REQ_ID,ASC
CISADM,W1_WORK_REQ,W1T298S1,1,BUS_OBJ_CD,ASC
CISADM,W1_WORK_REQ,W1T298S1,2,BO_STATUS_CD,ASC
CISADM,W1_WORK_REQ,W1T298S1,3,WORK_REQ_ID,ASC
CISADM,W1_WORK_REQ,W1T298S2,1,W1_DESCR100_UPR,ASC
CISADM,W1_WORK_REQ,W1T298S3,1,W1_ADDRESS1_UPR,ASC
CISADM,W1_WORK_REQ,W1T298S4,1,W1_CITY_UPR,ASC
CISADM,W1_WORK_REQ,W1T298S4,2,WORK_REQ_ID,ASC
CISADM,W1_WORK_REQ,W1T298S5,1,ASSET_ID,ASC
CISADM,W1_WORK_REQ,W1T298S6,1,NODE_ID,ASC
CISADM,W1_WORK_REQ,W1T298S7,1,WORK_LOC_ID,ASC
CISADM,W1_WORK_REQ,W1T298S8,1,PK_VALUE1,ASC
CISADM,W1_WORK_REQ_CHAR,W1T301P0,1,WORK_REQ_ID,ASC
CISADM,W1_WORK_REQ_CHAR,W1T301P0,2,CHAR_TYPE_CD,ASC
CISADM,W1_WORK_REQ_CHAR,W1T301P0,3,SEQ_NUM,ASC
CISADM,W1_WORK_REQ_CHAR,W1T301S1,1,SRCH_CHAR_VAL,ASC
CISADM,W1_WORK_REQ_DOCUMENT,W1T305P0,1,WORK_REQ_ID,ASC
CISADM,W1_WORK_REQ_DOCUMENT,W1T305P0,2,ATTACHMENT_ID,ASC
CISADM,W1_WORK_REQ_DOCUMENT,W1T305P0,3,DOCUMENT_ID,ASC
CISADM,W1_WORK_REQ_IDENTIFIER,W1T299P0,1,WORK_REQ_ID,ASC
CISADM,W1_WORK_REQ_IDENTIFIER,W1T299P0,2,WORK_REQ_ID_TYPE_FLG,ASC
CISADM,W1_WORK_REQ_IDENTIFIER,W1T299S0,1,W1_ID_VALUE,ASC
CISADM,W1_WORK_REQ_IDENTIFIER,W1T299S0,2,WORK_REQ_ID_TYPE_FLG,ASC
CISADM,W1_WORK_REQ_IDENTIFIER,W1T299S1,1,SYS_NC00005$,ASC
CISADM,W1_WORK_REQ_IDENTIFIER,W1T299S1,2,WORK_REQ_ID_TYPE_FLG,ASC
CISADM,W1_WORK_REQ_K,W1T300P0,1,WORK_REQ_ID,ASC
CISADM,W1_WORK_REQ_K,W1T300P0,2,ENV_ID,ASC
CISADM,W1_WORK_REQ_LOG,W1T302P0,1,WORK_REQ_ID,ASC
CISADM,W1_WORK_REQ_LOG,W1T302P0,2,SEQNO,ASC
CISADM,W1_WORK_REQ_LOG_PARM,W1T303P0,1,WORK_REQ_ID,ASC
CISADM,W1_WORK_REQ_LOG_PARM,W1T303P0,2,SEQNO,ASC
CISADM,W1_WORK_REQ_LOG_PARM,W1T303P0,3,PARM_SEQ,ASC
CISADM,W1_WORK_REQ_PHONE,W1T304P0,1,WORK_REQ_ID,ASC
CISADM,W1_WORK_REQ_PHONE,W1T304P0,2,SEQNO,ASC
CISADM,W1_WORK_REQ_PHONE,W1T304S1,1,WORK_REQ_ID,ASC
CISADM,W1_WORK_REQ_PHONE,W1T304S1,2,PHONE_TYPE_FLG,ASC
CISADM,W1_WO_CHAR,W1T234P0,1,WO_ID,ASC
CISADM,W1_WO_CHAR,W1T234P0,2,CHAR_TYPE_CD,ASC
CISADM,W1_WO_CHAR,W1T234P0,3,SEQ_NUM,ASC
CISADM,W1_WO_CHAR,W1T234S1,1,SRCH_CHAR_VAL,ASC
CISADM,W1_WO_COST_CENTER,W1T498P0,1,WO_ID,ASC
CISADM,W1_WO_COST_CENTER,W1T498P0,2,COST_CENTER_CD,ASC
CISADM,W1_WO_IDENTIFIER,W1T233P0,1,WO_ID,ASC
CISADM,W1_WO_IDENTIFIER,W1T233P0,2,WO_ID_TYPE_FLG,ASC
CISADM,W1_WO_IDENTIFIER,W1T233S0,1,W1_ID_VALUE,ASC
CISADM,W1_WO_IDENTIFIER,W1T233S0,2,WO_ID_TYPE_FLG,ASC
CISADM,W1_WO_IDENTIFIER,W1T233S1,1,SYS_NC00005$,ASC
CISADM,W1_WO_IDENTIFIER,W1T233S1,2,WO_ID_TYPE_FLG,ASC
CISADM,W1_WO_K,W1T481P0,1,WO_ID,ASC
CISADM,W1_WO_K,W1T481P0,2,ENV_ID,ASC
CISADM,W1_WO_LOG,W1T235P0,1,WO_ID,ASC
CISADM,W1_WO_LOG,W1T235P0,2,SEQNO,ASC
CISADM,W1_WO_LOG,W1T235S1,1,CHAR_TYPE_CD,ASC
CISADM,W1_WO_LOG,W1T235S1,2,CHAR_VAL_FK1,ASC
CISADM,W1_WO_LOG,W1T235S2,1,CHAR_TYPE_CD,ASC
CISADM,W1_WO_LOG,W1T235S2,2,CHAR_VAL,ASC
CISADM,W1_WO_LOG_PARM,W1T236P0,1,WO_ID,ASC
CISADM,W1_WO_LOG_PARM,W1T236P0,2,SEQNO,ASC
CISADM,W1_WO_LOG_PARM,W1T236P0,3,PARM_SEQ,ASC
CISADM,W1_WO_NOTE,W1T364P0,1,WO_ID,ASC
CISADM,W1_WO_NOTE,W1T364P0,2,SEQNO,ASC
