KEYWORD_BUCKET,TABLE_NAME,MATCHED_COLUMN_COUNT,EXAMPLE_COLUMN
BILLING,C1_BI_BILL_VW,22,BILL_AMT
BILLING,BSEG_SQ_USAGE_RPT_CURR,21,BILL_BILL_CYC_CD
BILLING,BSEG_BILLED_USAGE_RPT_CURR,20,BILL_BILL_CYC_CD
BILLING,D1_USAGE_RPT_CURR,19,BILL_ID
BILLING,FT_GL_DISTRIBUTION_RPT_CURR,18,BILL_CYC_CD
BILLING,D1_USAGE_SCALAR_DTL_RPT_CURR,14,BILL_ID
BILLING,OPS_EXCEPTION_RPT_CURR,13,BILL_CYC_CD
BILLING,C1_BI_BILLED_USAGE_VW,10,BILLED_AMT
BILLING,CI_BSEG,10,BILL_CYC_CD
BILLING,BILLABLE_CHARGE_RPT_CURR,9,BILLABLE_CHG_ID
BILLING,CI_BILL,7,ALT_BILL_ID
BILLING,CI_SA_TYPE,7,ALLOW_BILLING_SW
BILLING,FT_RPT_CURR,6,BILL_CYC_CD
BILLING,ACCT_CUSTOMER_RPT_CURR,5,BILL_AFTER_DT
BILLING,C0_INSTALLATION,5,ALT_BILL_ID_OPT_FLG
BILLING,CI_BILL_ROUTING,5,BILL_FORMAT_FLG
BILLING,CI_INSTALLATION,5,ALT_BILL_ID_OPT_FLG
BILLING,C1_CS_REQ_ACCT_PER,4,BILL_ADDR_SRCE_FLG
BILLING,CI_ACCT_PER,4,BILL_ADDR_SRCE_FLG
BILLING,CI_BILL_CHG,4,BILLABLE_CHG_ID
BILLING,CI_BPRT_SUBGRP,4,BILL_PRT_GRP_CD
BILLING,NEW_SERVICE_PIPELINE_RPT_CURR,4,BILL_CYC_CD
BILLING,W1_WORK_REQ,4,BILLABLE_BAL_REQUESTED_FLG
BILLING,C1_CS_REQ_ACCT,3,BILL_AFTER_DT
BILLING,C1_MKTMSG_CHG_DTL,3,BILLABLE_CHG_ID
BILLING,C1_MKTMSG_USG_DTL,3,BILL_CALC_END_DT
BILLING,CI_ACCT,3,BILL_AFTER_DT
BILLING,CI_BPRT_SGRP_SA,3,BILL_PRT_GRP_CD
BILLING,CI_BSEG_CALC,3,BILLABLE_CHG_ID
BILLING,CI_BSEG_CALC_LN,3,BILL_SQ
BILLING,CI_B_CHG_LINE,3,BILLABLE_CHG_ID
BILLING,CI_NT_UP_XSPL,3,BILLING_DATE
BILLING,D1_BILL_CYC,3,BILL_CYC_SCH_BUS_OBJ_CD
BILLING,C1_BI_BILL_DAY_IN_WIN_VW,2,BILL_WINDOW_CAT_DESCR
BILLING,C1_BI_FTGL_VW,2,BILL_ID
BILLING,C1_BI_FT_VW,2,BILL_ID
BILLING,C1_CS_REQ_ACCT_MSG,2,BILL_MSG_CD
BILLING,C1_CS_REQ_SA,2,HIGH_BILL_AMT
BILLING,C1_CS_REQ_SA_MSG,2,BILL_MSG_CD
BILLING,C1_OFFCYC_BGEN_BSEG,2,BSEG_CLASS_FLG
BILLING,C1_RC_CALC_LN_GTT,2,BILL_SQ
BILLING,C1_USAGE,2,BILL_CYC_CD
BILLING,CASE_PREM_CONTACT_RPT_CURR,2,BILL_CYC_CD
BILLING,CI_ACCT_MSG,2,BILL_MSG_CD
BILLING,CI_ADJ_CALC_LN,2,BILL_SQ
BILLING,CI_BCHG_LINE_UP,2,DESCR_ON_BILL
BILLING,CI_BCHG_UP,2,BILLABLE_CHG_ID
BILLING,CI_BILL_EXCP,2,BILL_EXCP_FLG
BILLING,CI_BILL_MSGS,2,BILL_ID
BILLING,CI_BILL_MSG_L,2,BILL_MSG_CD
BILLING,CI_BILL_MSG_PRM,2,BILL_ID
BILLING,CI_BILL_PER_SCH,2,BILL_DT
BILLING,CI_BILL_RT_TYPE,2,BILL_RTE_TYPE_CD
BILLING,CI_BILL_RVW_SCH,2,BILL_ID
BILLING,CI_BSEG_EXCP,2,BSEG_EXCP_FLG
BILLING,CI_BSEG_MSG,2,BILL_MSG_CD
BILLING,CI_BSEG_SQ,2,BILL_SQ
BILLING,CI_B_CHG_TMPLT_L,2,BILL_CHG_TMPLT_CD
BILLING,CI_B_TMPLT_LINE,2,BILL_CHG_TMPLT_CD
BILLING,CI_B_TMPLT_LINE_L,2,BILL_CHG_TMPLT_CD
BILLING,CI_ENRL,2,BILL_ADDR_SRCE_FLG
BILLING,CI_FT,2,BILL_ID
BILLING,CI_ITEM_TYPE,2,BILLABLE_SW
BILLING,CI_SA,2,HIGH_BILL_AMT
BILLING,CI_SA_BK_1102,2,HIGH_BILL_AMT
BILLING,CI_SA_MSG,2,BILL_MSG_CD
BILLING,CI_SA_TYPE_BC,2,BILL_CHG_TMPLT_CD
BILLING,CI_SA_TYPE_L,2,DFLT_DESCR_ON_BILL
BILLING,CI_SS_ADDR_OVRD,2,BILL_ADDR_SRCE_FLG
BILLING,CI_SS_OPT,2,BILL_CHG_TMPLT_CD
BILLING,D1_USAGE,2,LINKED_TO_FRZN_BSEG_FLG
BILLING,SA_AGED_BAL_RPT_CURR,2,BILL_CYC_CD
BILLING,WO_PROC_RPT_CURR,2,BILL_CYC_CD
BILLING,C1_CIS_DIV_RTYP,1,BILL_RTE_TYPE_CD
BILLING,C1_MKTMSG_PAY_DTL,1,BILL_ID
BILLING,C1_NTF_TYPE,1,BILL_RTE_TYPE_CD
BILLING,C1_OFFCYC_BGEN_BCHG,1,BILLABLE_CHG_ID
BILLING,C1_PROV_CONFIG_OPT,1,BILL_REL_FLG
BILLING,C1_RC_CALC_GTT,1,DESCR_ON_BILL
BILLING,C1_RC_SQ_GTT,1,BILL_SQ
BILLING,CI_ACCT_MSG_PRM,1,BILL_MSG_CD
BILLING,CI_ACDC_WOSA_VW,1,ALLOW_BILLING_SW
BILLING,CI_ADJ_TYPE_L,1,DESCR_ON_BILL
BILLING,CI_APAY_CLR_STG,1,BILL_ID
BILLING,CI_BCHG_READ,1,BILLABLE_CHG_ID
BILLING,CI_BCHG_READ_VW,1,BILLABLE_CHG_ID
BILLING,CI_BCHG_SQ,1,BILLABLE_CHG_ID
BILLING,CI_BCHG_UP_OVRD,1,SHOW_ON_BILL_SW
BILLING,CI_BCHG_UP_XTYP,1,SHOW_ON_BILL_SW
BILLING,CI_BILL_CHAR,1,BILL_ID
BILLING,CI_BILL_CHG_K,1,BILLABLE_CHG_ID
BILLING,CI_BILL_CYC,1,BILL_CYC_CD
BILLING,CI_BILL_CYC_L,1,BILL_CYC_CD
BILLING,CI_BILL_CYC_SCH,1,BILL_CYC_CD
BILLING,CI_BILL_CYC_SEC,1,BILL_CYC_CD
BILLING,CI_BILL_K,1,BILL_ID
BILLING,CI_BILL_MSG,1,BILL_MSG_CD
BILLING,CI_BILL_PERIOD,1,BILL_PERIOD_CD
BILLING,CI_BILL_PERIOD_L,1,BILL_PERIOD_CD
BILLING,CI_BILL_RT_TYPE_L,1,BILL_RTE_TYPE_CD
BILLING,CI_BILL_SA,1,BILL_ID
BILLING,CI_BILL_SCNR,1,BILL_SCNR_ID
BILLING,CI_BILL_SCNR_K,1,BILL_SCNR_ID
BILLING,CI_BILL_SCNR_SQ,1,BILL_SCNR_ID
BILLING,CI_BILL_SEG_TYP,1,BILL_SEG_TYPE_CD
BILLING,CI_BILL_SEG_TYP_L,1,BILL_SEG_TYPE_CD
BILLING,CI_BPRT_GRP,1,BILL_PRT_GRP_CD
BILLING,CI_BPRT_GRP_K,1,BILL_PRT_GRP_CD
BILLING,CI_BSEG_CL_CHAR,1,BSEG_ID
BILLING,CI_BSEG_ITEM,1,BSEG_ID
BILLING,CI_BSEG_K,1,BSEG_ID
BILLING,CI_BSEG_READ,1,BSEG_ID
BILLING,CI_BSEG_READ_VW,1,BSEG_ID
BILLING,CI_B_CHG_TMPLT,1,BILL_CHG_TMPLT_CD
BILLING,CI_B_LN_CHAR,1,BILLABLE_CHG_ID
BILLING,CI_B_TMPLT_SQ,1,BILL_CHG_TMPLT_CD
BILLING,CI_B_TM_LN_CHA,1,BILL_CHG_TMPLT_CD
BILLING,CI_CUST_CL_MSG,1,BILL_MSG_CD
BILLING,CI_DEP_CL_L,1,RFND_DESCR_ON_BILL
BILLING,CI_MR,1,USE_ON_BILL_SW
BILLING,CI_MR_CYC,1,BILL_CYC_CD
BILLING,CI_MR_REM_BMSG,1,BILL_MSG_CD
BILLING,CI_MR_STAGE_UP,1,USE_ON_BILL_SW
BILLING,CI_RC,1,CRE_BILL_LN_SW
BILLING,CI_RS_BMSG,1,BILL_MSG_CD
BILLING,CI_SPR,1,BILL_REL_FLG
BILLING,CI_SPR_BMSG,1,BILL_MSG_CD
BILLING,CI_STM_DTL,1,BILL_ID
BILLING,D1_BILL_CYC_CHAR,1,D1_BILL_CYC_CD
BILLING,D1_BILL_CYC_L,1,D1_BILL_CYC_CD
BILLING,D1_BILL_CYC_SCH,1,D1_BILL_CYC_CD
BILLING,D1_MSRMT_CYC_BILL_CYC,1,D1_BILL_CYC_CD
BILLING,D1_US,1,D1_BILL_CYC_CD
BILLING,W1_EMPLOYEE_BILLABLE_RATE,1,BILLABLE_RATE
BILLING,X1_BI_USG_EXCEPTION_VW,1,CCB_BILL_CYC_CD
BILLING,X1_BI_VEE_EXCEPTION_VW,1,CCB_BILL_CYC_CD
COLLECTIONS,C1_BI_COLLPROC_VW,28,ACTIVE_COLL_PROC_CNT
COLLECTIONS,CI_COLL_PROC,7,COLL_ARS_DT
COLLECTIONS,CI_COLL_PROC_1031,7,COLL_ARS_DT
COLLECTIONS,WO_PROC_RPT_CURR,4,COLL_CL_CD
COLLECTIONS,C1_BI_WOPROC_VW,3,UNCOLL_PROC_DUR
COLLECTIONS,CI_COLL_CRIT,3,COLL_CAT_PRIO_FLG
COLLECTIONS,CI_COLL_CRIT_CT,3,COLL_CAT_PRIO_FLG
COLLECTIONS,CI_COLL_EVT,3,COLL_EVT_STAT_FLG
COLLECTIONS,CI_COLL_EVT_1031,3,COLL_EVT_STAT_FLG
COLLECTIONS,CI_COLL_EVT_TYP,3,COLL_EVT_ALG_CD
COLLECTIONS,ACCT_CUSTOMER_RPT_CURR,2,COLL_CL_CD
COLLECTIONS,BILLABLE_CHARGE_RPT_CURR,2,COLL_CL_CD
COLLECTIONS,BSEG_BILLED_USAGE_RPT_CURR,2,COLL_CL_CD
COLLECTIONS,BSEG_SQ_USAGE_RPT_CURR,2,COLL_CL_CD
COLLECTIONS,CASE_PREM_CONTACT_RPT_CURR,2,COLL_CL_CD
COLLECTIONS,CI_COLL_AGY_REF,2,COLL_AGY_CD
COLLECTIONS,CI_COLL_CL,2,COLL_CL_CD
COLLECTIONS,CI_COLL_CL_CNTL,2,COLL_CL_CD
COLLECTIONS,CI_COLL_PROC_SA,2,COLL_PROC_ID
COLLECTIONS,CI_COLL_PROC_SA_1031,2,COLL_PROC_ID
COLLECTIONS,CI_COLL_RESP,2,COLL_EVT_TYP_CD
COLLECTIONS,D1_USAGE_RPT_CURR,2,COLL_CL_CD
COLLECTIONS,D1_USAGE_SCALAR_DTL_RPT_CURR,2,COLL_CL_CD
COLLECTIONS,FIELD_ACTIVITY_RPT_CURR,2,ACCT_COLL_CL_CD
COLLECTIONS,FT_GL_DISTRIBUTION_RPT_CURR,2,COLL_CL_CD
COLLECTIONS,FT_RPT_CURR,2,COLL_CL_CD
COLLECTIONS,NEW_SERVICE_PIPELINE_RPT_CURR,2,COLL_CL_CD
COLLECTIONS,OPS_EXCEPTION_RPT_CURR,2,COLL_CL_CD
COLLECTIONS,SA_AGED_BAL_RPT_CURR,2,COLL_CL_CD
COLLECTIONS,C1_BI_COLLEVTTYPE_VW,1,COLLECTIBLE_EVT_TYPE_CD
COLLECTIONS,C1_BI_SEVPROC_VW,1,COLL_PROC_ID
COLLECTIONS,C1_CS_REQ_ACCT,1,COLL_CL_CD
COLLECTIONS,CI_ACCT,1,COLL_CL_CD
COLLECTIONS,CI_COLL_AGY,1,COLL_AGY_CD
COLLECTIONS,CI_COLL_AGY_HIS,1,COLL_AGY_REF_ID
COLLECTIONS,CI_COLL_AGY_L,1,COLL_AGY_CD
COLLECTIONS,CI_COLL_AGY_REF_K,1,COLL_AGY_REF_ID
COLLECTIONS,CI_COLL_CL_CNTL_L,1,COLL_CL_CNTL_CD
COLLECTIONS,CI_COLL_CL_L,1,COLL_CL_CD
COLLECTIONS,CI_COLL_EVT_CC,1,COLL_PROC_ID
COLLECTIONS,CI_COLL_EVT_CC_1031,1,COLL_PROC_ID
COLLECTIONS,CI_COLL_EVT_TYP_L,1,COLL_EVT_TYP_CD
COLLECTIONS,CI_COLL_PROC_K,1,COLL_PROC_ID
COLLECTIONS,CI_COLL_PROC_K_1031,1,COLL_PROC_ID
COLLECTIONS,CI_COLL_PROC_TM,1,COLL_PROC_TMPL_CD
COLLECTIONS,CI_COLL_PROC_TM_L,1,COLL_PROC_TMPL_CD
COLLECTIONS,CI_CR_RAT_HIST,1,COLL_PROC_ID
COLLECTIONS,CI_CUST_CL,1,COLL_CL_CD
COLLECTIONS,CI_DEBT_CL,1,ELIG_FOR_COLL_SW
COLLECTIONS,CI_LANGUAGE,1,COLLATOR_STRENGTH
COLLECTIONS,CI_OD_RULE_ALG,1,COLL_CL_CD
COLLECTIONS,CI_PORTAL_ZONE,1,ZONE_COLLAPSED_SW
COLLECTIONS,CI_SEV_PROC,1,COLL_PROC_ID
COLLECTIONS,CI_SEV_PROC_1031,1,COLL_PROC_ID
COLLECTIONS,CI_USR_ZONE,1,ZONE_COLLAPSED_SW
COLLECTIONS,CI_WO_CNTL,1,COLL_CL_CD
CUSTOMER,CASE_PREM_CONTACT_RPT_CURR,13,ACCT_ALERT_INFO
CUSTOMER,CI_ENRL,9,ACCT_CIS_DIV
CUSTOMER,FIELD_ACTIVITY_RPT_CURR,8,ACCT_COLL_CL_CD
CUSTOMER,ACCT_CUSTOMER_RPT_CURR,6,ACCT_ID
CUSTOMER,C1_CS_REQ_ACCT,6,ACCT_DATA_AREA
CUSTOMER,C1_CS_REQ_ACCT_PER,6,ACCT_REL_TYPE_CD
CUSTOMER,C1_CS_REQ_PER,6,CS_REQ_PER_ACT_FLG
CUSTOMER,C1_PER_SS_PAYOPT,6,ENCR_EXT_ACCT_ID
CUSTOMER,F1_CALENDAR_D,6,F1_FISC_PERIOD_END_DT
CUSTOMER,F1_CAL_FISC_PERIOD_D,6,F1_FISC_PERIOD_END_DT
CUSTOMER,NEW_SERVICE_PIPELINE_RPT_CURR,6,ACCT_ID
CUSTOMER,C1_WEB_USER_ACCT,5,ACCT_ID
CUSTOMER,D1_USAGE_SCALAR_DTL_RPT_CURR,5,ACCT_ID
CUSTOMER,FT_GL_DISTRIBUTION_RPT_CURR,5,ACCT_ID
CUSTOMER,W1_PERMIT_TMPL,5,PERMIT_BUS_OBJ_CD
CUSTOMER,C1_CS_REQ_ACCT_APAY,4,ACCT_APAY_ID
CUSTOMER,C1_CS_REQ_PER_ID,4,CS_REQ_PER_ID
CUSTOMER,C1_CS_REQ_PER_PER,4,CS_REQ_PER_ID
CUSTOMER,C1_CS_REQ_SA,4,ACCT_ID
CUSTOMER,C1_CS_REQ_TYPE,4,COOL_OFF_PERIOD
CUSTOMER,CI_ACCT_APAY,4,ACCT_APAY_ID
CUSTOMER,CI_DST_CODE,4,ACCTNG_METH_FLG
CUSTOMER,CI_PER_ID,4,ENCR_PER_ID_NBR
CUSTOMER,D1_USAGE_RPT_CURR,4,ACCT_ID
CUSTOMER,SA_AGED_BAL_RPT_CURR,4,ACCT_ID
CUSTOMER,WO_PROC_RPT_CURR,4,ACCT_ID
CUSTOMER,BSEG_BILLED_USAGE_RPT_CURR,3,ACCT_ID
CUSTOMER,BSEG_SQ_USAGE_RPT_CURR,3,ACCT_ID
CUSTOMER,C1_BI_FTGL_VW,3,ACCT_ID
CUSTOMER,CI_ACCT,3,ACCT_DATA_AREA
CUSTOMER,CI_ACCT_PER,3,ACCT_ID
CUSTOMER,CI_APAY_CLR_STG,3,ACCT_APAY_ID
CUSTOMER,CI_CAMPAIGN,3,ACCT_MGMT_GRP_CD
CUSTOMER,CI_CASE,3,ACCT_ID
CUSTOMER,CI_ENRL_PER_ID,3,ENCR_PER_ID_NBR
CUSTOMER,CI_PER,3,PER_DATA_AREA
CUSTOMER,CI_PER_PER,3,PER_ID1
CUSTOMER,CI_PEVT_DTL_ST,3,ACCT_ID
CUSTOMER,CI_SA,3,ACCT_ID
CUSTOMER,CI_SA_BK_1102,3,ACCT_ID
CUSTOMER,F1_IWS_SVC_OPER_PARM,3,OPERATION_NAME
CUSTOMER,F1_PERF_TGT_TYPE,3,PERF_TARGET_BO_CD
CUSTOMER,F1_WEB_SVC_OPERATIONS,3,OPERATION_ACTIVE_FLG
CUSTOMER,FT_RPT_CURR,3,ACCT_ID
CUSTOMER,OPS_EXCEPTION_RPT_CURR,3,ACCT_ID
CUSTOMER,PAY_EVENT_RPT_CURR,3,ACCT_ID
CUSTOMER,W1_PERMIT,3,PERMIT_ID
CUSTOMER,WORKFLOW_QUEUE_RPT_CURR,3,FK_ACCT_ID
CUSTOMER,BILLABLE_CHARGE_RPT_CURR,2,ACCT_ID
CUSTOMER,C0_INSTALLATION,2,ACCT_REL_TYPE_CD
CUSTOMER,C1_BI_BILLED_USAGE_VW,2,ACCT_ID
CUSTOMER,C1_BI_BILL_VW,2,ACCT_ID
CUSTOMER,C1_BI_COLLPROC_VW,2,ACCT_ID
CUSTOMER,C1_BI_FT_VW,2,ACCT_ID
CUSTOMER,C1_BI_SA_SNAPSHOT,2,ACCT_ID
CUSTOMER,C1_BI_SEVPROC_VW,2,ACCT_ID
CUSTOMER,C1_BI_WOPROC_VW,2,ACCT_ID
CUSTOMER,C1_CS_REQ_ACCT_PER_ADDR,2,CS_REQ_ACCT_PER_ID
CUSTOMER,C1_CS_REQ_ACCT_PER_K,2,CS_REQ_ACCT_PER_ID
CUSTOMER,C1_CS_REQ_CONT_PROD,2,ACCT_ID
CUSTOMER,C1_CS_REQ_SVC_LOC_CONT_PROD,2,ACCT_ID
CUSTOMER,C1_CUST_REL_REQ,2,ACCT_ID
CUSTOMER,C1_SS_CONT_OVRD,2,ACCT_ID
CUSTOMER,C1_SYRQ_PER_ALL_VW,2,ACCT_ID
CUSTOMER,C1_SYRQ_PER_NF_VW,2,ACCT_ID
CUSTOMER,CI_CAL_PERIOD_L,2,ACCOUNTING_PERIOD
CUSTOMER,CI_CASE_TYPE,2,CASE_ACCT_FLG
CUSTOMER,CI_CC,2,ACCT_ID
CUSTOMER,CI_CC_TYPE,2,CC_ACCT_FLG
CUSTOMER,CI_INSTALLATION,2,ACCT_REL_TYPE_CD
CUSTOMER,CI_NT_UP_XSPL,2,RCV_ACCT_ID
CUSTOMER,CI_PER_ADDR_OVRD,2,ACCT_ID
CUSTOMER,CI_PP,2,ACCT_ID
CUSTOMER,CI_REBATE_CLAIM,2,ACCT_ID
CUSTOMER,CMS_CI_CASE_LOG_VW,2,ACCT_ID
CUSTOMER,CMS_CI_CASE_VW,2,ACCT_ID
CUSTOMER,CMS_CI_TD_ENTRY_CHAR_VW,2,ACCT_ID
CUSTOMER,CMS_SA_SNAPSHOT,2,ACCT_ID
CUSTOMER,D1_EXT_US_INT_MDS_CONST_VW,2,SEC_PER_INTRVL
CUSTOMER,D1_INT_SNAP_MAP,2,INTERVALS_PER_DAY
CUSTOMER,D1_SP_SNAP_DL,2,CIS_EXT_ACCT_ID
CUSTOMER,D1_SP_UNR_USG_SNAP_DL,2,CIS_EXT_ACCT_ID
CUSTOMER,D1_SP_USG_SNAP_DL,2,CIS_EXT_ACCT_ID
CUSTOMER,D1_SP_VEE_EXCP_SNAP_DL,2,CIS_EXT_ACCT_ID
CUSTOMER,D1_USAGE_PERIOD_SQ,2,PERIOD_SEQ_NUM
CUSTOMER,F1_PERF_TGT,2,PERF_TARGET_CD
CUSTOMER,F1_PERF_TGT_REL_OBJ,2,PERF_TARGET_CD
CUSTOMER,W1_CALENDAR_PERIOD,2,ACCTG_PERIOD
CUSTOMER,W1_CALENDAR_PERIOD_L,2,ACCTG_PERIOD
CUSTOMER,W1_OVERHEAD_RESRC,2,CWO_PERCENTAGE
CUSTOMER,W1_PERMIT_CLASS,2,PERMIT_CLASS_CD
CUSTOMER,W1_PERMIT_IDENTIFIER,2,PERMIT_ID
CUSTOMER,X1_BI_ACTIVITY_VW,2,ACCT_ID
CUSTOMER,X1_BI_CASE_LOG_VW,2,ACCT_ID
CUSTOMER,X1_BI_CASE_VW,2,ACCT_ID
CUSTOMER,X1_BI_DVC_EVT_VW,2,ACCT_ID
CUSTOMER,X1_BI_TD_ENTRY_VW,2,ACCT_ID
CUSTOMER,X1_BI_VEE_EXCEPTION_VW,2,CCB_ACCT_ID
CUSTOMER,C1_BI_FTGL_MONTHLY_A,1,GL_ACCT
CUSTOMER,C1_CIS_DIV_RTYP,1,OVRD_WEB_DEBIT_ACCT_VAL_ALG_CD
CUSTOMER,C1_CONT_PROD,1,ACCT_ID
CUSTOMER,C1_CS_REQ_ACCT_ALERT,1,CS_REQ_ACCT_ID
CUSTOMER,C1_CS_REQ_ACCT_CHAR,1,CS_REQ_ACCT_ID
CUSTOMER,C1_CS_REQ_ACCT_K,1,CS_REQ_ACCT_ID
CUSTOMER,C1_CS_REQ_ACCT_LOG,1,CS_REQ_ACCT_ID
CUSTOMER,C1_CS_REQ_ACCT_LOG_PARM,1,CS_REQ_ACCT_ID
CUSTOMER,C1_CS_REQ_ACCT_MSG,1,CS_REQ_ACCT_ID
CUSTOMER,C1_CS_REQ_ACCT_MSG_PARM,1,CS_REQ_ACCT_ID
CUSTOMER,C1_CS_REQ_ACCT_NCD,1,CS_REQ_ACCT_ID
CUSTOMER,C1_CS_REQ_PER_ADDR_SEAS,1,CS_REQ_PER_ID
CUSTOMER,C1_CS_REQ_PER_CHAR,1,CS_REQ_PER_ID
CUSTOMER,C1_CS_REQ_PER_CONTDET,1,CS_REQ_PER_ID
CUSTOMER,C1_CS_REQ_PER_K,1,CS_REQ_PER_ID
CUSTOMER,C1_CS_REQ_PER_LOG,1,CS_REQ_PER_ID
CUSTOMER,C1_CS_REQ_PER_LOG_PARM,1,CS_REQ_PER_ID
CUSTOMER,C1_CS_REQ_PER_NAME,1,CS_REQ_PER_ID
CUSTOMER,C1_CS_REQ_TYPE_ALG_PER_BUS,1,PER_OR_BUS_FLG
CUSTOMER,C1_CS_REQ_TYPE_PER_BUS,1,PER_OR_BUS_FLG
CUSTOMER,C1_CS_REQ_TYPE_QUESTION,1,PERS_BUS_QSTN_APPL_FLG
CUSTOMER,C1_CS_REQ_TYPE_SVC_CRIT,1,CRITERIA_OPERATOR_FLG
CUSTOMER,C1_ENRL_CONTDET,1,PER_ID
CUSTOMER,C1_MKTMSG_CHG_DTL,1,MKT_PRICE_PER_UNIT
CUSTOMER,C1_MKTMSG_PAY_DTL,1,ACCT_ID
CUSTOMER,C1_NTF_PREF,1,ACCT_ID
CUSTOMER,C1_OFFCYC_BGEN,1,ACCT_ID
CUSTOMER,C1_PA_RQST,1,ACCT_ID
CUSTOMER,C1_PER_CONTDET,1,PER_ID
CUSTOMER,C1_PER_SS_PAYOPT_K,1,PER_PAY_OPT_ID
CUSTOMER,C1_REPRESENTATIVE,1,PER_ID
CUSTOMER,C1_TOU_MAP_TMPLT,1,C1_SEC_PER_INTRVL
CUSTOMER,C1_TOU_MAP_TYPE,1,C1_SEC_PER_INTRVL
CUSTOMER,C1_WEB_USER,1,PER_ID
CUSTOMER,C1_WEB_USER_ACCT_LOG,1,ACCT_ID
CUSTOMER,C1_WEB_USER_ACCT_LOG_PARM,1,ACCT_ID
CUSTOMER,CI_ACCTG_DAYS_VW,1,ACCOUNTING_PERIOD
CUSTOMER,CI_ACCT_ALERT,1,ACCT_ID
CUSTOMER,CI_ACCT_APAY_K,1,ACCT_APAY_ID
CUSTOMER,CI_ACCT_CHAR,1,ACCT_ID
CUSTOMER,CI_ACCT_CR_R_VW,1,ACCT_ID
CUSTOMER,CI_ACCT_FT_HST_VW,1,ACCT_ID
CUSTOMER,CI_ACCT_K,1,ACCT_ID
CUSTOMER,CI_ACCT_MGMT_GR,1,ACCT_MGMT_GRP_CD
CUSTOMER,CI_ACCT_MGMT_GR_L,1,ACCT_MGMT_GRP_CD
CUSTOMER,CI_ACCT_MGRP_RL,1,ACCT_MGMT_GRP_CD
CUSTOMER,CI_ACCT_MSG,1,ACCT_ID
CUSTOMER,CI_ACCT_MSG_PRM,1,ACCT_ID
CUSTOMER,CI_ACCT_REL_TYP,1,ACCT_REL_TYPE_CD
CUSTOMER,CI_ACCT_REL_TYP_L,1,ACCT_REL_TYPE_CD
CUSTOMER,CI_ACDC_WOSA_VW,1,ACCT_ID
CUSTOMER,CI_ADM_RVW_SCH,1,ACCT_ID
CUSTOMER,CI_APAY_RT_TYPE,1,WEB_DEBIT_ACCT_VAL_ALG_CD
CUSTOMER,CI_APAY_SRC,1,ACCT_VAL_ALG_CD
CUSTOMER,CI_BANK_ACCOUNT,1,BANK_ACCT_KEY
CUSTOMER,CI_BANK_ACCOUNT_L,1,BANK_ACCT_KEY
CUSTOMER,CI_BF_ACCT_HST_VW,1,ACCT_ID
CUSTOMER,CI_BILL,1,ACCT_ID
CUSTOMER,CI_BILL_PERIOD,1,BILL_PERIOD_CD
CUSTOMER,CI_BILL_PERIOD_L,1,BILL_PERIOD_CD
CUSTOMER,CI_BILL_PER_SCH,1,BILL_PERIOD_CD
CUSTOMER,CI_BILL_ROUTING,1,PER_ID
CUSTOMER,CI_BPRT_GRP,1,ACCT_ID
CUSTOMER,CI_BUD_RVW,1,ACCT_ID
CUSTOMER,CI_CAL_GL,1,NUMBER_OF_PERIODS
CUSTOMER,CI_CAL_PERIOD,1,ACCOUNTING_PERIOD
CUSTOMER,CI_CA_ACCT_HIS_VW,1,ACCT_ID
CUSTOMER,CI_CC_ACCT_HST_VW,1,ACCT_ID
CUSTOMER,CI_CEVTD_ACCHST_VW,1,ACCT_ID
CUSTOMER,CI_CEVT_ACCHST_VW,1,ACCT_ID
CUSTOMER,CI_CE_ACCT_HST_VW,1,ACCT_ID
CUSTOMER,CI_COLL_AGY,1,PER_ID
CUSTOMER,CI_COLL_AGY_REF,1,ACCT_ID
CUSTOMER,CI_COLL_PROC,1,ACCT_ID
CUSTOMER,CI_COLL_PROC_1031,1,ACCT_ID
CUSTOMER,CI_CO_ACCT_HST_VW,1,ACCT_ID
CUSTOMER,CI_CPROC_ACCHST_VW,1,ACCT_ID
CUSTOMER,CI_CP_ACCT_HST_VW,1,ACCT_ID
CUSTOMER,CI_CR_ACCT_HST_VW,1,ACCT_ID
CUSTOMER,CI_CR_RAT_HIST,1,ACCT_ID
CUSTOMER,CI_CURR_CUST_VW,1,ACCT_ID
CUSTOMER,CI_DCL,1,ACCT_ID
CUSTOMER,CI_DEP_RVW,1,ACCT_ID
CUSTOMER,CI_DST_CODE_EFF,1,GL_ACCT
CUSTOMER,CI_FA_ACCT_HST_VW,1,ACCT_ID
CUSTOMER,CI_FA_STEP,1,ACCT_ID
CUSTOMER,CI_FREQ,1,PERIODS_PER_YEAR
CUSTOMER,CI_FT_GL,1,GL_ACCT
CUSTOMER,CI_LANDLORD,1,ACCT_ID
CUSTOMER,CI_LOOKUP_FIELD,1,OBJ_PROPERTY_NAME
CUSTOMER,CI_MATCH_EVT,1,ACCT_ID
CUSTOMER,CI_MD_AT_DTL,1,PROPERTY_NAME
CUSTOMER,CI_MD_FLD,1,OBJ_PROPERTY_NAME
CUSTOMER,CI_MD_VAR_DTL,1,PROPERTY_NAME
CUSTOMER,CI_NCD,1,ACCT_ID
CUSTOMER,CI_ODEVTD_ACCHST_VW,1,ACCT_ID
CUSTOMER,CI_ODEVT_ACCHST_VW,1,ACCT_ID
CUSTOMER,CI_ODPRC_ACCHST_VW,1,ACCT_ID
CUSTOMER,CI_OD_PROC,1,ACCT_ID
CUSTOMER,CI_OMS_PHONE_VW,1,PER_ID
CUSTOMER,CI_PAY,1,ACCT_ID
CUSTOMER,CI_PAY_TNDR,1,PAYOR_ACCT_ID
CUSTOMER,CI_PAY_TND_VW,1,ACCT_ID
CUSTOMER,CI_PAY_VW,1,ACCT_ID
CUSTOMER,CI_PA_ACCT_HST_VW,1,ACCT_ID
CUSTOMER,CI_PER_ADDR_SEAS,1,PER_ID
CUSTOMER,CI_PER_CHAR,1,PER_ID
CUSTOMER,CI_PER_K,1,PER_ID
CUSTOMER,CI_PER_NAME,1,PER_ID
CUSTOMER,CI_PER_PHONE,1,PER_ID
CUSTOMER,CI_PER_PRIM_VW,1,PER_ID
CUSTOMER,CI_PER_REL_TYPE,1,PER_REL_TYPE_CD
CUSTOMER,CI_PER_REL_TYPE_L,1,PER_REL_TYPE_CD
CUSTOMER,CI_PORTAL_ZONE,1,ZONE_REFRESH_PERIOD
CUSTOMER,CI_PP_ACCT_HST_VW,1,ACCT_ID
CUSTOMER,CI_QUOTE,1,ACCT_ID
CUSTOMER,CI_QUOTE_RTG,1,PER_ID
CUSTOMER,CI_RC_ACCT_HIS_VW,1,ACCT_ID
CUSTOMER,CI_REPL_ACCT,1,ACCT_ID
CUSTOMER,CI_SA_TYPE,1,BILL_PERIOD_CD
CUSTOMER,CI_SCM_ACCT,1,ACCT_ID
CUSTOMER,CI_SED_ACCT_HST_VW,1,ACCT_ID
CUSTOMER,CI_SE_ACCT_HST_VW,1,ACCT_ID
CUSTOMER,CI_SPR,1,PER_ID
CUSTOMER,CI_SS_ADDR_OVRD,1,ACCT_ID
CUSTOMER,CI_SS_OPT,1,NBR_PYMNT_PERIODS
CUSTOMER,CI_SS_PHONE_OVRD,1,ACCT_ID
CUSTOMER,CI_STM_CNST,1,PER_ID
CUSTOMER,CI_STM_CNST_DTL,1,ACCT_ID
CUSTOMER,CI_SV_ACCT_HST_VW,1,ACCT_ID
CUSTOMER,CI_THRD_PTY,1,ACCT_ID
CUSTOMER,CI_TNDR_CTL,1,ALL_OPERATORS_SW
CUSTOMER,CI_TNDR_DEP,1,BANK_ACCT_KEY
CUSTOMER,CI_TNDR_SRCE,1,BANK_ACCT_KEY
CUSTOMER,CI_UA,1,ACCT_MGMT_GRP_CD
CUSTOMER,CI_UA_PER,1,PER_ID
CUSTOMER,CI_USR_ZONE,1,ZONE_REFRESH_PERIOD
CUSTOMER,CI_WE_ACCT_HST_VW,1,ACCT_ID
CUSTOMER,CI_WO_ACCT_HST_VW,1,ACCT_ID
CUSTOMER,CI_WO_PROC,1,ACCT_ID
CUSTOMER,CMS_D1_ACTIVITY_D1FA_BODA_VW,1,EXTERNAL_ACCT_ID
CUSTOMER,CMS_D1_SP_BODA_VW,1,PERIODIC_EST_ELIGIBILITY_FLG
CUSTOMER,CREW_OPS_RPT_CURR,1,PER_ID
CUSTOMER,D1_ACTIVITY,1,RETENTION_PERIOD
CUSTOMER,D1_CONS_EXT_TYPE,1,SEC_PER_INTRVL
CUSTOMER,D1_DVC_EVT,1,RETENTION_PERIOD
CUSTOMER,D1_DYN_OPT_TYPE,1,SEC_PER_INTRVL
CUSTOMER,D1_EXT_US_INT_MDS_MSRMTS_VW,1,INTERVALS_PER_DAY
CUSTOMER,D1_INIT_MSRMT_DATA,1,RETENTION_PERIOD
CUSTOMER,D1_MC_COMPAR_PERIOD,1,COMPAR_PERIOD_ID
CUSTOMER,D1_MC_COMPAR_PERIOD_LOG,1,COMPAR_PERIOD_ID
CUSTOMER,D1_MC_COMPAR_TYPE,1,START_OF_EXAM_PERIOD_FLG
CUSTOMER,D1_MEASR_COMP_TYPE,1,SEC_PER_INTRVL
CUSTOMER,D1_MSRMT_DATA_SNAP_TYPE,1,SEC_PER_INTRVL
CUSTOMER,D1_MSRMT_RPT_CURR,1,RETENTION_PERIOD
CUSTOMER,D1_TOU_MAP_TMPLT,1,SEC_PER_INTRVL
CUSTOMER,D1_TOU_MAP_TYPE,1,SEC_PER_INTRVL
CUSTOMER,D1_USAGE_PERIOD,1,PERIOD_SEQ_NUM
CUSTOMER,D1_USAGE_PERIOD_ITEM_DET,1,PERIOD_SEQ_NUM
CUSTOMER,D1_USAGE_PERIOD_SQ_DATA,1,PERIOD_SEQ_NUM
CUSTOMER,D1_USAGE_SCALAR_DTL,1,USE_PERCENT
CUSTOMER,D1_US_SP,1,USE_PERCENT
CUSTOMER,ERR$_C1_BI_FTGL_MONTHLY_A,1,GL_ACCT
CUSTOMER,F1_BATCH_CONF_VW,1,BATCH_PERF_COUNT
CUSTOMER,F1_BATCH_THD_HIST_VW,1,RECS_PER_MINUTE
CUSTOMER,F1_BATCH_VOL_VW,1,RECS_PER_MINUTE
CUSTOMER,F1_IWS_SVC,1,DFLT_OPER_NAME
CUSTOMER,F1_IWS_SVC_OPER,1,OPERATION_NAME
CUSTOMER,F1_IWS_SVC_OPER_L,1,OPERATION_NAME
CUSTOMER,F1_IWS_SVC_OPER_OPT,1,OPERATION_NAME
CUSTOMER,F1_PERF_TGT_CHAR,1,PERF_TARGET_CD
CUSTOMER,F1_PERF_TGT_L,1,PERF_TARGET_CD
CUSTOMER,F1_PERF_TGT_LOG,1,PERF_TARGET_CD
CUSTOMER,F1_PERF_TGT_LOG_PARM,1,PERF_TARGET_CD
CUSTOMER,F1_PERF_TGT_TYPE_CHAR,1,PERF_TARGET_TYPE_CD
CUSTOMER,F1_PERF_TGT_TYPE_L,1,PERF_TARGET_TYPE_CD
CUSTOMER,TMP_TAB_CNV_SA_PREM,1,ACCT_ID
CUSTOMER,W1_ACTIVITY_ASSET,1,PERCENTAGE
CUSTOMER,W1_ACTIVITY_COST_CENTER,1,PERCENTAGE
CUSTOMER,W1_ACT_RECON_COST_CENTER,1,W1_PERCENTAGE
CUSTOMER,W1_ACT_RECON_PROP_UNIT,1,PROPERTY_UNIT_CD
CUSTOMER,W1_ASSET,1,PROPERTY_UNIT_CD
CUSTOMER,W1_BI_ASSETCOST_VW,1,PERCENT_PURCHASE
CUSTOMER,W1_BI_SERVICEHISTORY_VW,1,PERMIT_ID
CUSTOMER,W1_BI_STOREROOM_VW,1,SUPERVISOR_ID
CUSTOMER,W1_CALENDAR,1,NUM_PERIODS
CUSTOMER,W1_CHKLST_LINE_ITEM,1,PERMIT_ID
CUSTOMER,W1_CHKLST_TYP,1,PERMIT_ITEM_ONLY_FLG
CUSTOMER,W1_CHKLST_TYP_DFLT_LINE_ITEM,1,PERMIT_TMPL_CD
CUSTOMER,W1_CREW_SHIFT_TYPE,1,SCHEDULE_PERIOD_FLG
CUSTOMER,W1_CU,1,PROPERTY_UNIT_CD
CUSTOMER,W1_CU_COST_CENTER,1,CU_ACCT_USAGE_FLG
CUSTOMER,W1_DIST_CODE,1,GL_ACCT_ALG_CD
CUSTOMER,W1_EMPLOYEE,1,SUPERVISOR_ID
CUSTOMER,W1_EMPLOYEE_TRAINING,1,SUPERVISOR_NOTIFIED
CUSTOMER,W1_GIS_ID_DTLS,1,GIS_OPERATION_FLG
CUSTOMER,W1_INVOICE_HEADER,1,DISCNT_PERCENT
CUSTOMER,W1_INVOICE_HEADER_COST_CENTER,1,PERCENTAGE
CUSTOMER,W1_INVOICE_LINE_COST_CENTER,1,PERCENTAGE
CUSTOMER,W1_MAT_REQ_HEADER_COST_CENTER,1,PERCENTAGE
CUSTOMER,W1_MAT_RET_HEADER_COST_CENTER,1,PERCENTAGE
CUSTOMER,W1_NODE,1,W1_OPERATION_FLG
CUSTOMER,W1_NODE_COST_CENTER,1,PERCENTAGE
CUSTOMER,W1_ODC_DTL_COST,1,PERCENTAGE
CUSTOMER,W1_OVERHEAD,1,W1_PERCENTAGE
CUSTOMER,W1_PAYMENT_TERM,1,DISCNT_PERCENT
CUSTOMER,W1_PERMIT_ASSET_LOCATION,1,PERMIT_ID
CUSTOMER,W1_PERMIT_CHAR,1,PERMIT_ID
CUSTOMER,W1_PERMIT_CLASS_CHAR,1,PERMIT_CLASS_CD
CUSTOMER,W1_PERMIT_CLASS_L,1,PERMIT_CLASS_CD
CUSTOMER,W1_PERMIT_DOCUMENT,1,PERMIT_ID
CUSTOMER,W1_PERMIT_EMPLOYEE_LOG,1,PERMIT_ID
CUSTOMER,W1_PERMIT_K,1,PERMIT_ID
CUSTOMER,W1_PERMIT_LOG,1,PERMIT_ID
CUSTOMER,W1_PERMIT_LOG_PARM,1,PERMIT_ID
CUSTOMER,W1_PERMIT_NOTE,1,PERMIT_ID
CUSTOMER,W1_PERMIT_RESOURCE,1,PERMIT_ID
CUSTOMER,W1_PERMIT_TMPL_CHAR,1,PERMIT_TMPL_CD
CUSTOMER,W1_PERMIT_TMPL_CHKLST,1,PERMIT_TMPL_CD
CUSTOMER,W1_PERMIT_TMPL_DOCUMENT,1,PERMIT_TMPL_CD
CUSTOMER,W1_PERMIT_TMPL_L,1,PERMIT_TMPL_CD
CUSTOMER,W1_PERMIT_TMPL_NOTE,1,PERMIT_TMPL_CD
CUSTOMER,W1_PERMIT_TMPL_RESRC,1,PERMIT_TMPL_CD
CUSTOMER,W1_PERMIT_TMPL_SVC_HIST_TYPE,1,PERMIT_TMPL_CD
CUSTOMER,W1_PO_HEADER_COST_CENTER,1,PERCENTAGE
CUSTOMER,W1_PO_LINE_COST_CENTER,1,PERCENTAGE
CUSTOMER,W1_PROJECT,1,PRJ_SUPERVISOR_ID
CUSTOMER,W1_PROJECT_COST_CENTER,1,PERCENTAGE
CUSTOMER,W1_PROPERTY_UNIT,1,PROPERTY_UNIT_CD
CUSTOMER,W1_PROPERTY_UNIT_CHAR,1,PROPERTY_UNIT_CD
CUSTOMER,W1_PROPERTY_UNIT_L,1,PROPERTY_UNIT_CD
CUSTOMER,W1_PR_HDR_COST_CTR,1,PERCENTAGE
CUSTOMER,W1_PR_LINE_COST,1,PERCENTAGE
CUSTOMER,W1_RESRC_TYPE,1,PROPERTY_UNIT_CD
CUSTOMER,W1_SVC_HIST,1,PERMIT_ID
CUSTOMER,W1_TAX_RATE_SCHED,1,REBATE_PERCENTAGE
CUSTOMER,W1_TIMEKEEPER,1,TIMEKEEPER_CD
CUSTOMER,W1_TIMEKEEPER_CHAR,1,TIMEKEEPER_CD
CUSTOMER,W1_TIMEKEEPER_EMP,1,TIMEKEEPER_CD
CUSTOMER,W1_TIMEKEEPER_L,1,TIMEKEEPER_CD
CUSTOMER,W1_TIMEKEEPER_LOG,1,TIMEKEEPER_CD
CUSTOMER,W1_TIMEKEEPER_LOG_PARM,1,TIMEKEEPER_CD
CUSTOMER,W1_TIMESHEET,1,TIME_PERIOD_CD
CUSTOMER,W1_TIME_PERIOD,1,TIME_PERIOD_CD
CUSTOMER,W1_TIME_PERIOD_CHAR,1,TIME_PERIOD_CD
CUSTOMER,W1_TIME_PERIOD_L,1,TIME_PERIOD_CD
CUSTOMER,W1_TIMSHEETDTL_COST_CTR,1,PERCENTAGE
CUSTOMER,W1_TMPL_ACT_COST_CENTER,1,PERCENTAGE
CUSTOMER,W1_TMPL_ACT_COST_DIST,1,PERCENTAGE
CUSTOMER,W1_WORK_LOC,1,ILM_RETENTION_PERIOD_FLG
CUSTOMER,W1_WO_COST_CENTER,1,PERCENTAGE
CUSTOMER,X1_BI_USG_EXCEPTION_VW,1,PER_ID
FINANCE,C1_BI_FTGL_VW,17,FT_GL_AMT
FINANCE,C1_BI_FTGL_MONTHLY_A,15,FT_GL_AMT
FINANCE,ERR$_C1_BI_FTGL_MONTHLY_A,15,FT_GL_AMT
FINANCE,FT_GL_DISTRIBUTION_RPT_CURR,12,FT_CRE_DTTM
FINANCE,C1_BI_FT_VW,10,FT_CNT
FINANCE,C1_BI_FT_MONTHLY_A,8,FT_CNT
FINANCE,ERR$_C1_BI_FT_MONTHLY_A,8,FT_CNT
FINANCE,CI_FT,5,FT_ID
FINANCE,FT_RPT_CURR,5,FT_ID
FINANCE,W1_CREW_SHIFT,5,CREW_SHIFT_ID
FINANCE,W1_CREW_SHIFT_TYPE,4,CREW_SHIFT_BUS_OBJ_CD
FINANCE,C1_BI_BILL_VW,3,DAYS_COMPLETED_AFTER_WIN_END
FINANCE,CI_FT_GL,3,FT_ID
FINANCE,CI_SC_EVT_FT,3,FT_ID
FINANCE,W1_BI_LABORHOURS_VW,3,ACT_RESRC_FT_CNT
FINANCE,W1_FT_GL_DTL,3,W1_FT_ID
FINANCE,W1_SHIFT_WEEKLY_TMPL,3,REF_SHIFT_WEEKLY_TMPL_ID
FINANCE,CI_BAL_CTL_MEM,2,FT_TYPE_FLG
FINANCE,CI_BAL_CTL_MEM_VW,2,FT_TYPE_FLG
FINANCE,CI_BAL_CTL_TMP,2,FT_TYPE_FLG
FINANCE,CI_FT_GL_XTR_VW,2,FT_ID
FINANCE,CI_INTV_PF_TYP,2,INTV_PFTY_DATA_AREA
FINANCE,CI_SEAS_SHIFT,2,SEASON_TM_SHIFT_CD
FINANCE,DEVICE_SP_RPT_CURR,2,IN_DATA_SHIFT_DESC
FINANCE,NEW_SERVICE_PIPELINE_RPT_CURR,2,FT_BAL_CUR_AMT
FINANCE,W1_BI_ASSETACTCOST_VW,2,FT_CRE_DTTM
FINANCE,W1_FT,2,W1_FT_ID
FINANCE,ACCT_CUSTOMER_RPT_CURR,1,BILL_AFTER_DT
FINANCE,C0_INSTALLATION,1,GL_BATCH_CD
FINANCE,C1_BI_BILLED_USAGE_VW,1,FT_TYPE_FLG
FINANCE,C1_CS_REQ_ACCT,1,BILL_AFTER_DT
FINANCE,C1_INITIATIVE_LEAD_DEFN,1,C1_DAYS_AFT_LEAD_CRE
FINANCE,CI_ACCT,1,BILL_AFTER_DT
FINANCE,CI_ACCTG_DAYS_VW,1,GL_DIVISION
FINANCE,CI_ACCT_FT_HST_VW,1,FT_TYPE_FLG
FINANCE,CI_AUDIT,1,VAL_AFTER
FINANCE,CI_BF_CHAR,1,SEASON_TM_SHIFT_CD
FINANCE,CI_COLL_RESP,1,DAYS_AFT_PROC_CRE
FINANCE,CI_COP_TYPE,1,SEASON_TM_SHIFT_CD
FINANCE,CI_CUT_EVT,1,DAYS_AFT_PREV_EVT
FINANCE,CI_CUT_RESP,1,DAYS_AFT_PREV_EVT
FINANCE,CI_DST_CODE,1,GL_CONST_ALG_CD
FINANCE,CI_DST_CODE_EFF,1,GL_ACCT
FINANCE,CI_FT_K,1,FT_ID
FINANCE,CI_FT_PROC,1,FT_ID
FINANCE,CI_FT_PROC_VW,1,FT_ID
FINANCE,CI_GL_DIVISION,1,GL_DIVISION
FINANCE,CI_GL_DIVISION_L,1,GL_DIVISION
FINANCE,CI_INSTALLATION,1,GL_BATCH_CD
FINANCE,CI_INTV_REG_TYP,1,SEASON_TM_SHIFT_CD
FINANCE,CI_OD_EVT,1,DAYS_AFT_PREV_EVT
FINANCE,CI_OD_RESP,1,DAYS_AFT_PREV_EVT
FINANCE,CI_SA_TYPE,1,GL_DIVISION
FINANCE,CI_SC_EVT_FT_K,1,SC_EVT_FT_ID
FINANCE,CI_SEAS_TM_SHIFT,1,SEASON_TM_SHIFT_CD
FINANCE,CI_SEAS_TM_SHIFT_L,1,SEASON_TM_SHIFT_CD
FINANCE,CI_SEV_EVT,1,DAYS_AFT_PREV_EVT
FINANCE,CI_SEV_EVT_1031,1,DAYS_AFT_PREV_EVT
FINANCE,CI_SEV_RESP,1,DAYS_AFT_PREV_EVT
FINANCE,CI_TIME_ZONE,1,SEASON_TM_SHIFT_CD
FINANCE,CI_TIME_ZONE_L,1,SHIFT_TIME_ZONE_LABEL
FINANCE,CI_TMAP_TYPE,1,SEASON_TM_SHIFT_CD
FINANCE,CI_WF_EVT,1,DAYS_AFT_PREV_EVT
FINANCE,CI_WF_RESP,1,DAYS_AFT_PREV_EVT
FINANCE,CI_WO_RESP,1,DAYS_AFT_PROC_CRE
FINANCE,D1_DVC,1,IN_DATA_SHIFT_FLG
FINANCE,D1_DVC_TYPE,1,IN_DATA_SHIFT_FLG
FINANCE,SA_AGED_BAL_RPT_CURR,1,GOVERNED_ARREARS_FT_COUNT
FINANCE,W1_CREW_SHIFT_ACT_SCHED,1,CREW_SHIFT_ID
FINANCE,W1_CREW_SHIFT_CHAR,1,CREW_SHIFT_ID
FINANCE,W1_CREW_SHIFT_K,1,CREW_SHIFT_ID
FINANCE,W1_CREW_SHIFT_LOG,1,CREW_SHIFT_ID
FINANCE,W1_CREW_SHIFT_LOG_PARM,1,CREW_SHIFT_ID
FINANCE,W1_CREW_SHIFT_MEMBER,1,CREW_SHIFT_ID
FINANCE,W1_CREW_SHIFT_SERVICE_AREA,1,CREW_SHIFT_ID
FINANCE,W1_CREW_SHIFT_SERVICE_CLASS,1,CREW_SHIFT_ID
FINANCE,W1_CREW_SHIFT_TYPE_CHAR,1,CREW_SHIFT_TYPE_CD
FINANCE,W1_CREW_SHIFT_TYPE_L,1,CREW_SHIFT_TYPE_CD
FINANCE,W1_DIST_CODE,1,GL_ACCT_ALG_CD
FINANCE,W1_DIST_CODE_GL_DETAIL,1,W1_GL_ACCOUNT
FINANCE,W1_EMP_AUTO_TIMESHEET,1,CREW_SHIFT_TYPE_CD
FINANCE,W1_FT_CHAR,1,W1_FT_ID
FINANCE,W1_FT_K,1,W1_FT_ID
FINANCE,W1_FT_LOG,1,W1_FT_ID
FINANCE,W1_FT_LOG_PARM,1,W1_FT_ID
FINANCE,W1_FT_PROCESS,1,W1_FT_ID
FINANCE,W1_MOBILE_SUBSCR,1,CREW_SHIFT_ID
FINANCE,W1_SHIFT_WEEKLY_TMPL_CHAR,1,SHIFT_WEEKLY_TMPL_ID
FINANCE,W1_SHIFT_WEEKLY_TMPL_K,1,SHIFT_WEEKLY_TMPL_ID
FINANCE,W1_SHIFT_WEEKLY_TMPL_LOG,1,SHIFT_WEEKLY_TMPL_ID
FINANCE,W1_SHIFT_WEEKLY_TMPL_LOG_PARM,1,SHIFT_WEEKLY_TMPL_ID
FINANCE,W1_TIMESHEET_DETAIL,1,CREW_SHIFT_TYPE_CD
FINANCE,X1_BI_DVC_INFO_VW,1,IN_DATA_SHIFT_FLG
FUND,CI_FUND,2,FUND_CD
FUND,C0_INSTALLATION,1,FUND_ACTG_FLG
FUND,CI_DST_CODE_EFF,1,FUND_CD
FUND,CI_FUND_L,1,FUND_CD
FUND,CI_INSTALLATION,1,FUND_ACTG_FLG
METER,CI_SA_TYPE,1,C1_PREPAID_METER_FLG
METER,CMS_D1_DVC_IDENTIFIER_VW,1,INTERNAL_METER_NUMBER
PAYMENTS,C1_BI_BILL_VW,8,APAY_AMT
PAYMENTS,CI_BILL,8,APAY_AMT
PAYMENTS,C1_MKTMSG_PAY_DTL,7,MKTMSG_PAY_ID
PAYMENTS,PAY_EVENT_RPT_CURR,7,PAY_AMT
PAYMENTS,W1_INVOICE_HEADER,6,AUTO_PAY_FLG
PAYMENTS,C1_PA_RQST_TYPE,5,PA_RQST_DOWN_PAY_APPL_FLG
PAYMENTS,CI_APAY_CLR_STG,5,ACCT_APAY_ID
PAYMENTS,CI_SA_TYPE,5,DEL_PAY_PRIO_FLG
PAYMENTS,W1_VENDOR_LOC,5,AUTO_PAY_FLG
PAYMENTS,C1_CS_REQ_ACCT_APAY,4,ACCT_APAY_ID
PAYMENTS,C1_MKTMSG_PAY,4,MKTMSG_PAY_ID
PAYMENTS,CI_ACCT_APAY,4,ACCT_APAY_ID
PAYMENTS,CI_NB_SCHED_PAY,4,APAY_CLR_ID
PAYMENTS,CI_PAY,4,PAY_AMT
PAYMENTS,CI_PAY_TND_VW,4,PAY_EVENT_ID
PAYMENTS,CI_PAY_VW,4,PAY_EVENT_ID
PAYMENTS,FT_GL_DISTRIBUTION_RPT_CURR,4,PAY_ID
PAYMENTS,C1_PER_SS_PAYOPT,3,APAY_SRC_CD
PAYMENTS,CI_ADJ_APREQ,3,PAY_DOC_DT
PAYMENTS,CI_PAY_SEG,3,PAY_ID
PAYMENTS,CI_PAY_TNDR,3,PAYOR_ACCT_ID
PAYMENTS,CI_PP,3,PAYOR_ACCT_ID
PAYMENTS,FT_RPT_CURR,3,PAY_ID
PAYMENTS,C1_PA_RQST,2,PA_RQST_DOWN_PAY_AMT
PAYMENTS,C1_PROV_CONFIG_OPT,2,PAY_REL_FLG
PAYMENTS,CI_APAY_RT_TYPE,2,APAY_DATE_CALC_ALG
PAYMENTS,CI_APAY_SRC,2,APAY_RTE_TYPE_CD
PAYMENTS,CI_APAY_SRC_L,2,APAY_SRC_CD
PAYMENTS,CI_PAY_EVENT,2,PAY_DT
PAYMENTS,CI_PAY_EVT_EXCP,2,PAY_EVENT_ID
PAYMENTS,CI_PAY_EXCP,2,PAY_EXCP_FLG
PAYMENTS,CI_PAY_METH,2,APAY_SW
PAYMENTS,CI_PAY_TNDR_ST,2,PAY_TENDER_ID
PAYMENTS,CI_PEVT_DTL_ST,2,APAY_SRC_CD
PAYMENTS,CI_SPR,2,PAY_REL_FLG
PAYMENTS,CMS_C1_PA_RQST_BODA_VW,2,PA_PAYMENT_TERMS
PAYMENTS,W1_BC_HEADER,2,AUTO_PAY_FLG
PAYMENTS,W1_PO_HEADER,2,AUTO_PAY_FLG
PAYMENTS,W1_PR_HDR,2,AUTO_PAY_FLG
PAYMENTS,C0_INSTALLATION,1,APAY_CRE_OPT_FLG
PAYMENTS,C1_BI_FTGL_VW,1,PAY_SEG_ID
PAYMENTS,C1_BI_FT_VW,1,PAY_SEG_ID
PAYMENTS,C1_CIS_DIV_RTYP,1,APAY_RTE_TYPE_CD
PAYMENTS,C1_CS_REQ_SA,1,NB_APAY_FLG
PAYMENTS,C1_MKTMSG_PAY_K,1,MKTMSG_PAY_ID
PAYMENTS,C1_MKTMSG_PAY_LOG,1,MKTMSG_PAY_ID
PAYMENTS,C1_MKTMSG_PAY_LOG_PARM,1,MKTMSG_PAY_ID
PAYMENTS,C1_MKTMSG_PAY_REL_OBJ,1,MKTMSG_PAY_ID
PAYMENTS,C1_PA_RQST_TYPE_DOWN_PAY_OPT,1,PA_RQST_DOWN_PAY_PCT
PAYMENTS,C1_PER_SS_PAYOPT_K,1,PER_PAY_OPT_ID
PAYMENTS,CI_ACCT_APAY_K,1,ACCT_APAY_ID
PAYMENTS,CI_APAY_CLR_STG_K,1,APAY_CLR_ID
PAYMENTS,CI_APAY_RT_TYPE_L,1,APAY_RTE_TYPE_CD
PAYMENTS,CI_CUST_CL,1,NON_CIS_PAYMENT_SW
PAYMENTS,CI_INSTALLATION,1,APAY_CRE_OPT_FLG
PAYMENTS,CI_MATCH_EVT,1,PAY_ID
PAYMENTS,CI_MATCH_TYPE,1,PAY_DIST_OVRD_ALG
PAYMENTS,CI_NB_RULE,1,PAY_SCH_ALG_TY_CD
PAYMENTS,CI_NB_SCHED_PAY_K,1,NB_SCHED_PAY_ID
PAYMENTS,CI_PAY_CHAR,1,PAY_ID
PAYMENTS,CI_PAY_EVENT_K,1,PAY_EVENT_ID
PAYMENTS,CI_PAY_EVT_CHAR,1,PAY_EVENT_ID
PAYMENTS,CI_PAY_K,1,PAY_ID
PAYMENTS,CI_PAY_METH_L,1,PAY_METH_CD
PAYMENTS,CI_PAY_SEG_K,1,PAY_SEG_ID
PAYMENTS,CI_PAY_SEG_TYPE,1,PAY_SEG_TYPE_CD
PAYMENTS,CI_PAY_SEG_TYPE_L,1,PAY_SEG_TYPE_CD
PAYMENTS,CI_PAY_ST,1,PAY_AMT
PAYMENTS,CI_PAY_TMPL,1,PAY_TMPL_CD
PAYMENTS,CI_PAY_TMPL_L,1,PAY_TMPL_CD
PAYMENTS,CI_PAY_TNDR_CHAR,1,PAY_TENDER_ID
PAYMENTS,CI_PAY_TNDR_K,1,PAY_TENDER_ID
PAYMENTS,CI_PAY_TNDR_ST_CHAR,1,PAY_CHAR_ENT_FLG
PAYMENTS,CI_PEVT_DST_DTL,1,PAY_EVENT_ID
PAYMENTS,CI_PP_SCHED_PAY,1,APAY_CLR_ID
PAYMENTS,CI_SA,1,NB_APAY_FLG
PAYMENTS,CI_SA_BK_1102,1,NB_APAY_FLG
PAYMENTS,CI_TENDER_TYPE,1,GENERATE_APAY_SW
PAYMENTS,CI_THRD_PTY,1,THRD_PTY_PAYOR_CD
PAYMENTS,CI_THRD_PTY_L,1,THRD_PTY_PAYOR_CD
PAYMENTS,W1_PAYMENT_TERM,1,PAYMENT_TERM_CD
PAYMENTS,W1_PAYMENT_TERM_CHAR,1,PAYMENT_TERM_CD
PAYMENTS,W1_PAYMENT_TERM_L,1,PAYMENT_TERM_CD
PAYMENTS,W1_VENDOR_LOC_PAYTO_LOC,1,PAY_TO_LOC
PREMISE,CASE_PREM_CONTACT_RPT_CURR,16,PREM_ADDRESS1
PREMISE,DEVICE_SP_RPT_CURR,8,PREM_ADDRESS1
PREMISE,WORKFLOW_QUEUE_RPT_CURR,8,FK_PREM_ID
PREMISE,C1_CS_REQ_PREM,7,CS_REQ_PREM_ACT_FLG
PREMISE,FIELD_ACTIVITY_RPT_CURR,5,PREM_ADDRESS1
PREMISE,CI_ENRL,4,ENRL_PREM_INFO_FLG
PREMISE,CI_PREM,4,PREM_DATA_AREA
PREMISE,CI_PREM_BKUP,4,PREM_DATA_AREA
PREMISE,NEW_SERVICE_PIPELINE_RPT_CURR,4,CHAR_PREM_ID
PREMISE,ACCT_CUSTOMER_RPT_CURR,2,MAILING_PREM_ID
PREMISE,C1_CS_REQ_ACCT,2,MAILING_PREM_ID
PREMISE,C1_CS_REQ_SVC_LOC,2,CS_REQ_PREM_ID
PREMISE,CI_ACCT,2,MAILING_PREM_ID
PREMISE,CI_CAMPAIGN,2,PREM_OPT_FLG
PREMISE,CI_SP,2,OVRD_PREM_FLD_INFO_FLG
PREMISE,FT_GL_DISTRIBUTION_RPT_CURR,2,BSEG_PREM_ID
PREMISE,SA_AGED_BAL_RPT_CURR,2,CHAR_PREM_ID
PREMISE,BILLABLE_CHARGE_RPT_CURR,1,CHAR_PREM_ID
PREMISE,BSEG_BILLED_USAGE_RPT_CURR,1,PREM_ID
PREMISE,BSEG_SQ_USAGE_RPT_CURR,1,PREM_ID
PREMISE,C0_INSTALLATION,1,PREM_GEOTY_REQ_FLG
PREMISE,C1_BI_BILLED_USAGE_VW,1,PREM_ID
PREMISE,C1_BI_FTGL_VW,1,PREM_ID
PREMISE,C1_BI_FT_VW,1,PREM_ID
PREMISE,C1_BI_SEVPROC_VW,1,PREM_ID
PREMISE,C1_CS_REQ_PREM_ALT_ADDR,1,CS_REQ_PREM_ID
PREMISE,C1_CS_REQ_PREM_CHAR,1,CS_REQ_PREM_ID
PREMISE,C1_CS_REQ_PREM_GEO,1,CS_REQ_PREM_ID
PREMISE,C1_CS_REQ_PREM_K,1,CS_REQ_PREM_ID
PREMISE,C1_CS_REQ_PREM_LOG,1,CS_REQ_PREM_ID
PREMISE,C1_CS_REQ_PREM_LOG_PARM,1,CS_REQ_PREM_ID
PREMISE,C1_CS_REQ_SA,1,CHAR_PREM_ID
PREMISE,C1_CS_REQ_TYPE,1,CS_REQ_PREM_BUS_OBJ_CD
PREMISE,C1_CUST_REL_REQ,1,PREM_ID
PREMISE,C1_SYRQ_PREM_ALL_VW,1,PREM_ID
PREMISE,C1_SYRQ_PREM_NF_VW,1,PREM_ID
PREMISE,CI_BSEG,1,PREM_ID
PREMISE,CI_CASE,1,PREM_ID
PREMISE,CI_CASE_TYPE,1,CASE_PREM_FLG
PREMISE,CI_CC,1,PREM_ID
PREMISE,CI_CC_TYPE,1,CC_PREM_FLG
PREMISE,CI_DCL,1,PREM_ID
PREMISE,CI_FO,1,PREM_ID
PREMISE,CI_INSTALLATION,1,PREM_GEOTY_REQ_FLG
PREMISE,CI_PREM_CHAR,1,PREM_ID
PREMISE,CI_PREM_CHAR_1116,1,PREM_ID
PREMISE,CI_PREM_CHAR_BK_1021,1,PREM_ID
PREMISE,CI_PREM_CHAR_BK_1030,1,PREM_ID
PREMISE,CI_PREM_CHAR_TMP,1,PREM_ID
PREMISE,CI_PREM_GEO,1,PREM_ID
PREMISE,CI_PREM_K,1,PREM_ID
PREMISE,CI_PREM_TYPE,1,PREM_TYPE_CD
PREMISE,CI_PREM_TYPE_L,1,PREM_TYPE_CD
PREMISE,CI_PRM_ALT_ADDR,1,PREM_ID
PREMISE,CI_REBATE_CLAIM,1,PREM_ID
PREMISE,CI_SA,1,CHAR_PREM_ID
PREMISE,CI_SA_BK_1102,1,CHAR_PREM_ID
PREMISE,CI_SA_TYPE,1,PREM_REQ_SW
PREMISE,CI_STM_CNST,1,MAILING_PREM_ID
PREMISE,CMS_CI_CASE_LOG_VW,1,PREM_ID
PREMISE,CMS_CI_CASE_VW,1,PREM_ID
PREMISE,CMS_CI_TD_ENTRY_CHAR_VW,1,PREM_ID
PREMISE,D1_SP_SNAP_DL,1,CIS_EXT_PREM_ID
PREMISE,D1_SP_UNR_USG_SNAP_DL,1,CIS_EXT_PREM_ID
PREMISE,D1_SP_USG_SNAP_DL,1,CIS_EXT_PREM_ID
PREMISE,D1_SP_VEE_EXCP_SNAP_DL,1,CIS_EXT_PREM_ID
PREMISE,D1_USAGE_RPT_CURR,1,PREM_ID
PREMISE,D1_USAGE_SCALAR_DTL_RPT_CURR,1,PREM_ID
PREMISE,SC_USER,1,DISP_ALL_PREM_SW
PREMISE,TMP_TAB_CNV_SA_PREM,1,PREM_ID
PREMISE,W1_ACT_RESRC_REQMT,1,PREMIUM_EXPENSE_CD
PREMISE,W1_OVERTIME_TYPE,1,PREM_RATE_MULTIPLIER
PREMISE,W1_RESRC_TYPE,1,PREMIUM_EXPENSE_CD
PREMISE,W1_TMPL_ACT_RSRC,1,PREMIUM_EXPENSE_CD
PREMISE,X1_BI_ACTIVITY_VW,1,PREM_ID
PREMISE,X1_BI_CASE_LOG_VW,1,PREM_ID
PREMISE,X1_BI_CASE_VW,1,PREM_ID
PREMISE,X1_BI_DVC_EVT_VW,1,PREM_ID
PREMISE,X1_BI_TD_ENTRY_VW,1,PREM_ID
PREMISE,X1_BI_USG_EXCEPTION_VW,1,PREM_ID
PREMISE,X1_BI_VEE_EXCEPTION_VW,1,PREM_ID
RATE,D1_ADS_TYPE,41,ADS_FIELD10_SRC_COLUMN
RATE,C1_BI_SA_SNAPSHOT,12,ARS_AMT1
RATE,CI_RC,11,RC_AMT_ALG_CD
RATE,CMS_SA_SNAPSHOT,11,ARS_AMT1
RATE,CI_RC_CRT,9,CRT_FLD_RC_SEQ
RATE,W1_RESRC_TYPE,9,ACPT_ON_RCPT_FLG
RATE,C1_BI_COLLPROC_VW,8,ARS_AT_END_AMT
RATE,CI_ENRL,8,ACCT_VERSION
RATE,NEW_SERVICE_PIPELINE_RPT_CURR,8,BILL_PRT_INTERCEPT
RATE,W1_BI_FORECASTEDASSETPMHRS_VW,7,ASSET_RESRC_TYPE_CNT
RATE,WO_PROC_RPT_CURR,7,ARS_AT_END
RATE,C1_BI_SEVPROC_VW,6,ARS_AT_END_AMT
RATE,CI_RC_CRT_GRP,6,RC_CRT_GRP_NBR
RATE,D1_SP_SNAP_DL,6,CIS_EXT_PERSON_ID
RATE,FT_GL_DISTRIBUTION_RPT_CURR,6,ADJ_CAN_RSN_CD
RATE,W1_ACT_RESRC_REQMT,6,ACT_RESRC_REQMT_ID
RATE,BSEG_BILLED_USAGE_RPT_CURR,5,CAN_RSN_CD
RATE,C1_CS_REQ_SA,5,ILM_ARCH_SW
RATE,CI_BATCH_CTRL,5,TRC_PGM_END_SW
RATE,CI_BATCH_JOB,5,TRC_PGM_END_SW
RATE,W1_ACTIVITY,5,ANNIVERSARY_DT
RATE,W1_OVERHEAD_RESRC,5,CWO_PERCENTAGE
RATE,W1_RCPT_LINE,5,FORCE_COMP_IND_FLG
RATE,W1_TMPL_ACT_RSRC,5,RESOURCE_UOM_CD
RATE,W1_TMPL_ACT_RSRC_IDENTIFIER,5,TMPL_ACT_RSRC_ID
RATE,W1_WORK_REQ,5,REQUEST_SOURCE_FLG
RATE,C1_BI_WOPROC_VW,4,ARS_AT_END
RATE,C1_CS_REQ_ACCT,4,ACCT_VERSION
RATE,CI_COLL_PROC,4,ARS_AMT
RATE,CI_COLL_PROC_1031,4,ARS_AMT
RATE,CI_FA,4,FA_CAN_RSN_CD
RATE,CI_FK_REF,4,SEARCH_TYPE_FLG
RATE,CI_MATCH_EVT,4,ARCHIVE_SW
RATE,CI_NAV_OPT,4,SEARCH_GRP
RATE,CI_RC_CRT_GRP_L,4,RC_CRT_GRP_NBR
RATE,CI_RC_XREF,4,RC_SEQ
RATE,CI_RS,4,RS_CD
RATE,CI_SA,4,PROP_DCL_RSN_CD
RATE,CI_SA_BK_1102,4,PROP_DCL_RSN_CD
RATE,CI_SA_TYPE,4,ALLOW_RCR_CHG_FLG
RATE,CI_SCR_STEP,4,SRC_FLD_NAME
RATE,CI_SEV_PROC,4,ARS_AMT
RATE,CI_SEV_PROC_1031,4,ARS_AMT
RATE,CI_TNDR_CTL,4,ALL_OPERATORS_SW
RATE,CI_TNDR_SRCE,4,EXT_SOURCE_ID
RATE,D1_DATA_SRC,4,DATA_SRC_CD
RATE,D1_MEASR_COMP_TYPE,4,DATA_SRC_CD
RATE,D1_MSRMT_RPT_CURR,4,DATA_SRC_DESC
RATE,DEVICE_SP_RPT_CURR,4,ASSET_OWNERSHIP_DESC
RATE,F1_MIGR_PLAN_INSTR,4,SQL_TRAVERSAL_CRT
RATE,PAY_EVENT_RPT_CURR,4,CAN_RSN_CD
RATE,W1_ACTIVITY_TYPE_RESRC_REQMT,4,RESRC_TYPE_ID
RATE,W1_DESIGN_ELEMENT_ITEMS,4,RESRC_TYPE_ID
RATE,W1_EMPLOYEE,4,RESRC_TYPE_ID
RATE,W1_ODC_DTL,4,ACT_RESRC_REQMT_ID
RATE,W1_PERMIT_RESOURCE,4,RESRC_TYPE_ID
RATE,W1_PERMIT_TMPL_RESRC,4,RESRC_TYPE_ID
RATE,W1_PO_LINE,4,ACT_RESRC_REQMT_ID
RATE,W1_PR_LINE,4,ACT_RESRC_REQMT_ID
RATE,W1_STOCK_ITEM_DTL,4,RESRC_FOR_ACT_ID
RATE,W1_TMPL_ACT_RSRC_CHAR,4,SRCH_CHAR_VAL
RATE,C1_CS_REQ_CONT,3,CONT_VERSION
RATE,C1_CS_REQ_CONT_PROD,3,CONT_PROD_VERSION
RATE,C1_CS_REQ_PER,3,ILM_ARCH_SW
RATE,C1_CS_REQ_PREM,3,ILM_ARCH_SW
RATE,C1_PA_RQST,3,ILM_ARCH_SW
RATE,C1_PER_SS_PAYOPT,3,APAY_SRC_CD
RATE,C1_RS_POST_PROC,3,RS_CD
RATE,C1_RS_POST_PROC_L,3,RS_CD
RATE,C1_RS_PRE_PROC,3,RS_CD
RATE,C1_RS_PRE_PROC_L,3,RS_CD
RATE,CI_ADJ,3,CAN_RSN_CD
RATE,CI_ADJ_CALC_LN,3,RC_SEQ
RATE,CI_APAY_SRC,3,APAY_SRC_CD
RATE,CI_APAY_SRC_L,3,APAY_SRC_CD
RATE,CI_ARC_ROOT_INST,3,ARC_ROOT_INST_ID
RATE,CI_ARC_ROOT_OBJ,3,ARC_ROOT_OBJ_ID
RATE,CI_BILL,3,ARCHIVE_SW
RATE,CI_BSEG,3,CAN_RSN_CD
RATE,CI_CC,3,CC_INT_STAT_RSN_DESCR
RATE,CI_DEP_RVW,3,RCMEND_AMT
RATE,CI_FO,3,FA_CAN_RSN_CD
RATE,CI_FT,3,ARS_DT
RATE,CI_MD_SRC_TYPE,3,SRC_LEN_FLG
RATE,CI_MD_TMPL,3,SRC_TYPE_CD
RATE,CI_MR,3,ILM_ARCH_SW
RATE,CI_NT_UP_XSPL,3,RCV_ACCT_ID
RATE,CI_OD_PROC,3,OD_ARS_DT
RATE,CI_PAY,3,CAN_RSN_CD
RATE,CI_PAY_TNDR_ST_CHAR,3,EXT_SOURCE_ID
RATE,CI_PEVT_DTL_ST,3,APAY_SRC_CD
RATE,CI_RC_CHAR,3,RC_SEQ
RATE,CI_RC_GL_DST,3,RC_SEQ
RATE,CI_RC_L,3,RC_SEQ
RATE,CI_RS_SUB_RS,3,RS_CD
RATE,CI_SS_OPT,3,RCR_CHG_AMT
RATE,CI_XAI_RCVR_CTX,3,RCVR_CTXT_FLG
RATE,CMS_W1_ASSET_IDENTIFIER_VW,3,METROLOGY_FIRMWARE_VERSION
RATE,D1_DATA_SRC_CHAR,3,DATA_SRC_CD
RATE,D1_INIT_MSRMT_DATA,3,DATA_SRC_FLG
RATE,D1_MEASR_COMP_SET_CRIT,3,MC_SET_SRC_ENTITY
RATE,D1_MEASR_COMP_SET_DIMENSION,3,MC_SET_SRC_ENTITY
RATE,D1_SETT_UNIT_DIMENSION,3,SETT_UNIT_SRC_ENTITY
RATE,D1_SP_UNR_USG_SNAP_DL,3,CIS_EXT_PERSON_ID
RATE,D1_SP_USG_SNAP_DL,3,CIS_EXT_PERSON_ID
RATE,D1_SP_VEE_EXCP_SNAP_DL,3,CIS_EXT_PERSON_ID
RATE,D1_USAGE,3,ILM_ARCH_SW
RATE,D1_USAGE_SCALAR_DTL_RPT_CURR,3,USE_PERCENT
RATE,F1_ARC_TBL_PARTITION_HIST,3,ARCHIVE_DTTM
RATE,F1_BUS_FLG,3,ILM_ARCH_SW
RATE,F1_DEPLOYMENT,3,F1_CLIENT_VERSION
RATE,F1_ETL_MP_CTRL,3,SRC_CHAR_TBL
RATE,F1_GNRL_AUDIT,3,AUDIT_SRC_FLG
RATE,F1_IWS_SVC_OPER,3,RESOURCE_URI
RATE,F1_MDT,3,F1_CLIENT_VERSION
RATE,F1_MIGR_DATA_ST,3,MIGR_FILEVERSION
RATE,F1_MKTMSG_OUT,3,ILM_ARCH_SW
RATE,F1_OBJ_REV,3,ILM_ARCH_SW
RATE,F1_OUTMSG,3,ILM_ARCH_SW
RATE,SA_AGED_BAL_RPT_CURR,3,GOVERNED_ARREARS_FT_COUNT
RATE,SC_USER,3,FIRST_NAME
RATE,W1_ACPT_LINE,3,RCPT_LINE_ID
RATE,W1_ACT_RESRC_REQMT_CHAR,3,ACT_RESRC_REQMT_ID
RATE,W1_ACT_RESRC_REQMT_IDENTIFIER,3,ACT_RESRC_REQMT_ID
RATE,W1_BC_LINE,3,RESRC_TYPE_ID
RATE,W1_BI_ACTIVITY_VW,3,ANNIVERSARY_DT
RATE,W1_BI_ASSETCOST_VW,3,AVG_PAST_3YEARS_COST
RATE,W1_CREW_TYPE_RESRC_PROFILE,3,RESRC_TYPE_ID
RATE,W1_CU_CNTRCTR_BID_CHAR,3,CU_CNTRCTR_BID_ID
RATE,W1_CU_CNTRCTR_BID_IDENTIFIER,3,CU_CNTRCTR_BID_ID
RATE,W1_CU_RESRC_TYPE,3,RESRC_TYPE_ID
RATE,W1_OVERHEAD,3,RESRC_TYPE_ID
RATE,W1_PURCHASE_CMDTY_CHAR,3,PURCHASE_CMDTY_CD
RATE,W1_RCPT_HDR_CHAR,3,RCPT_HDR_ID
RATE,W1_RCPT_HDR_IDENTIFIER,3,RCPT_HDR_ID
RATE,W1_RCPT_LINE_CHAR,3,RCPT_LINE_ID
RATE,W1_RESRC_TYPE_ALT,3,ALT_RESRC_TYPE_ID
RATE,W1_RESRC_TYPE_CHAR,3,RESRC_TYPE_ID
RATE,W1_RESRC_TYPE_IDENTIFIER,3,RESRC_TYPE_ID
RATE,W1_RESRC_UOM,3,RESRC_UOM_CD
RATE,W1_RESRC_UOM_CHAR,3,RESRC_UOM_CD
RATE,W1_SHIPPING_LINE,3,RESRC_TYPE_ID
RATE,W1_SVC_HIST,3,ANNIVERSARY_DT
RATE,W1_TIMESHEET_DETAIL,3,ACT_RESRC_REQMT_ID
RATE,W1_TMPL_ACT_RSRC_DOCUMENT,3,TMPL_ACT_RSRC_ID
RATE,W1_TMPL_ACT_RSRC_LOG,3,TMPL_ACT_RSRC_ID
RATE,W1_TMPL_ACT_RSRC_LOG_PARM,3,TMPL_ACT_RSRC_ID
RATE,W1_TMPL_ACT_RSRC_NOTE,3,TMPL_ACT_RSRC_ID
RATE,BSEG_SQ_USAGE_RPT_CURR,2,CAN_RSN_CD
RATE,C0_INSTALLATION,2,ROLLOVR_THRSH_FACT
RATE,C1_BI_BILLED_USAGE_VW,2,ILM_ARCH_SW
RATE,C1_BI_FT_VW,2,ARS_DT
RATE,C1_CALC_GRP_CHAR,2,SRCH_CHAR_VAL
RATE,C1_CALC_RULE_CHAR,2,SRCH_CHAR_VAL
RATE,C1_CALC_RULE_CRT_CHAR,2,SRCH_CHAR_VAL
RATE,C1_CC_LOG,2,CC_INT_STAT_RSN_DESCR
RATE,C1_CIS_DIV_RTYP,2,OVRD_TNDR_SOURCE_CD
RATE,C1_CIS_DIV_SEQ_CHAR,2,SRCH_CHAR_VAL
RATE,C1_CL_CAT_TYPE_CHAR,2,SRCH_CHAR_VAL
RATE,C1_COMM_RTE_TYPE_CHAR,2,SRCH_CHAR_VAL
RATE,C1_CONT_CHAR,2,SRCH_CHAR_VAL
RATE,C1_CONT_MS_TYPE_CHAR,2,SRCH_CHAR_VAL
RATE,C1_CONT_PROD_CHAR,2,SRCH_CHAR_VAL
RATE,C1_CONT_RULE,2,RS_CD
RATE,C1_CONT_RULE_CHAR,2,SRCH_CHAR_VAL
RATE,C1_CONT_TYPE_CHAR,2,SRCH_CHAR_VAL
RATE,C1_CS_REQ,2,ILM_ARCH_SW
RATE,C1_CS_REQ_ACCT_APAY,2,APAY_SRC_CD
RATE,C1_CS_REQ_ACCT_CHAR,2,SRCH_CHAR_VAL
RATE,C1_CS_REQ_ACCT_PER,2,BILL_ADDR_SRCE_FLG
RATE,C1_CS_REQ_CHAR,2,SRCH_CHAR_VAL
RATE,C1_CS_REQ_CONT_CHAR,2,SRCH_CHAR_VAL
RATE,C1_CS_REQ_CONT_PROD_CHAR,2,SRCH_CHAR_VAL
RATE,C1_CS_REQ_PER_CHAR,2,SRCH_CHAR_VAL
RATE,C1_CS_REQ_PER_CONTDET,2,CONTACT_VERSION
RATE,C1_CS_REQ_PREM_CHAR,2,SRCH_CHAR_VAL
RATE,C1_CS_REQ_SA_CHAR,2,SRCH_CHAR_VAL
RATE,C1_CS_REQ_SA_COP,2,SA_COP_VERSION
RATE,C1_CS_REQ_SA_RCHG,2,RCR_CHG_AMT
RATE,C1_CS_REQ_SA_RS,2,RS_CD
RATE,C1_CS_REQ_SA_SP,2,SA_SP_VERSION
RATE,C1_CS_REQ_SVC_LOC,2,ILM_ARCH_SW
RATE,C1_CS_REQ_SVC_LOC_CHAR,2,SRCH_CHAR_VAL
RATE,C1_CS_REQ_TYPE_CHAR,2,SRCH_CHAR_VAL
RATE,C1_CS_REQ_TYPE_QUESTION,2,PERS_BUS_QSTN_APPL_FLG
RATE,C1_CUST_REL_REQ,2,ILM_ARCH_SW
RATE,C1_CUST_REL_REQ_CHAR,2,SRCH_CHAR_VAL
RATE,C1_CUST_REL_REQ_TYPE_CHAR,2,SRCH_CHAR_VAL
RATE,C1_INITIATIVE_CHAR,2,SRCH_CHAR_VAL
RATE,C1_INITIATIVE_CRITERIA_CHAR,2,SRCH_CHAR_VAL
RATE,C1_ISS_CTR_CHAR,2,SRCH_CHAR_VAL
RATE,C1_LEAD_CHAR,2,SRCH_CHAR_VAL
RATE,C1_LEAD_EVT_CHAR,2,SRCH_CHAR_VAL
RATE,C1_LEAD_EVT_TYPE_CHAR,2,SRCH_CHAR_VAL
RATE,C1_LTR_TMPL_REC,2,OBJ_SRC_ALG_CD
RATE,C1_MKTMSG_CHG,2,ILM_ARCH_SW
RATE,C1_MKTMSG_PAY,2,ILM_ARCH_SW
RATE,C1_MKTMSG_USG,2,ILM_ARCH_SW
RATE,C1_MKT_CHAR,2,SRCH_CHAR_VAL
RATE,C1_MKT_RP_ATTR,2,SRCH_CHAR_VAL
RATE,C1_MKT_RP_CHAR,2,SRCH_CHAR_VAL
RATE,C1_NTF_EVT_TYPE_CHAR,2,SRCH_CHAR_VAL
RATE,C1_NTF_PREF,2,ILM_ARCH_SW
RATE,C1_NTF_PREF_CHAR,2,SRCH_CHAR_VAL
RATE,C1_NTF_TYPE,2,NTF_RCP_FLG
RATE,C1_NTF_TYPE_CHAR,2,SRCH_CHAR_VAL
RATE,C1_OFFCYC_BGEN,2,ILM_ARCH_SW
RATE,C1_OFFCYC_BGEN_CHAR,2,SRCH_CHAR_VAL
RATE,C1_PA_RQST_CHAR,2,SRCH_CHAR_VAL
RATE,C1_PA_RQST_ELIG_RSLT,2,PA_RQST_CRIT_RSLT_FLG
RATE,C1_PA_RQST_TYPE,2,PA_RQST_CRIT_RSLT_DISP_FLG
RATE,C1_PA_RQST_TYPE_CHAR,2,SRCH_CHAR_VAL
RATE,C1_PROD_CHAR,2,SRCH_CHAR_VAL
RATE,C1_PROD_COMP_CHAR,2,SRCH_CHAR_VAL
RATE,C1_PROD_COMP_ELIG_CRIT_CHAR,2,SRCH_CHAR_VAL
RATE,C1_PROD_ELIG_CRIT_CHAR,2,SRCH_CHAR_VAL
RATE,C1_PROD_RULE_CHAR,2,SRCH_CHAR_VAL
RATE,C1_PROD_VER_CHAR,2,SRCH_CHAR_VAL
RATE,C1_QUESTION_CHAR,2,SRCH_CHAR_VAL
RATE,C1_RC_CALC_GTT,2,RS_CD
RATE,C1_REPRESENTATIVE_CHAR,2,SRCH_CHAR_VAL
RATE,C1_RESPONSE,2,ILM_ARCH_SW
RATE,C1_RESPONSE_CHAR,2,SRCH_CHAR_VAL
RATE,C1_RS_RV2,2,RS_CD
RATE,C1_RS_RV2_L,2,RS_CD
RATE,C1_SERVICE_CAT_CHAR,2,SRCH_CHAR_VAL
RATE,C1_SERVICE_CODE_CHAR,2,SRCH_CHAR_VAL
RATE,C1_TOU_MAP_CHAR,2,SRCH_CHAR_VAL
RATE,C1_TOU_MAP_DATA_CHAR,2,SRCH_CHAR_VAL
RATE,C1_TOU_MAP_TMPLT_CHAR,2,SRCH_CHAR_VAL
RATE,C1_TOU_MAP_TYPE_CHAR,2,SRCH_CHAR_VAL
RATE,C1_USAGE,2,ILM_ARCH_SW
RATE,C1_USAGE_CHAR,2,SRCH_CHAR_VAL
RATE,C1_USER_TNDR_SRCE,2,TNDR_SOURCE_CD
RATE,CASE_PREM_CONTACT_RPT_CURR,2,CASE_PERSON_NAME_UPR
RATE,CI_ACCT,2,BILL_PRT_INTERCEPT
RATE,CI_ACCT_APAY,2,APAY_SRC_CD
RATE,CI_ACCT_CHAR,2,SRCH_CHAR_VAL
RATE,CI_ACCT_PER,2,BILL_ADDR_SRCE_FLG
RATE,CI_ADJ_CAN_RSN,2,CAN_RSN_CD
RATE,CI_ADJ_CAN_RSN_L,2,CAN_RSN_CD
RATE,CI_ADJ_CHAR,2,SRCH_CHAR_VAL
RATE,CI_ADJ_STG_CTL_CHAR,2,SRCH_CHAR_VAL
RATE,CI_ADJ_STG_UP_CHAR,2,SRCH_CHAR_VAL
RATE,CI_APAY_CLR_STG,2,APAY_SRC_CD
RATE,CI_APAY_RT_TYPE,2,TNDR_SOURCE_CD
RATE,CI_APPR_REQ,2,ILM_ARCH_SW
RATE,CI_APPR_REQ_CHAR,2,SRCH_CHAR_VAL
RATE,CI_ARC_ROOT_PK,2,ARC_ROOT_OBJ_ID
RATE,CI_BF,2,CHAR_SRC_FLG
RATE,CI_BILL_CAN_RSN,2,CAN_RSN_CD
RATE,CI_BILL_CAN_RSN_L,2,CAN_RSN_CD
RATE,CI_BILL_CHAR,2,SRCH_CHAR_VAL
RATE,CI_BILL_CHG,2,ILM_ARCH_SW
RATE,CI_BILL_ROUTING,2,BILL_PRT_INTERCEPT
RATE,CI_BSEG_CALC,2,RS_CD
RATE,CI_BSEG_CALC_LN,2,RC_SEQ
RATE,CI_CASE,2,ILM_ARCH_SW
RATE,CI_CASE_CHAR,2,SRCH_CHAR_VAL
RATE,CI_CC_CHAR,2,SRCH_CHAR_VAL
RATE,CI_CC_TYPE,2,CUSTOM_ARCH_ELIG_CRIT_FLG
RATE,CI_CEVT_CAN_RSN,2,CEVT_CAN_RSN_CD
RATE,CI_CEVT_CAN_RSN_L,2,CEVT_CAN_RSN_CD
RATE,CI_CHAR_TYPE,2,SEARCH_FLG
RATE,CI_COLL_AGY_HIS,2,REF_HIST_RSN_FLG
RATE,CI_COLL_CRIT,2,ARS_AMT
RATE,CI_COLL_PROC_SA,2,ARS_AMT
RATE,CI_COLL_PROC_SA_1031,2,ARS_AMT
RATE,CI_CONSV_PROG_CHAR,2,SRCH_CHAR_VAL
RATE,CI_CUT_EVT,2,CEVT_CAN_RSN_CD
RATE,CI_CUT_PROC,2,CUT_STAT_RSN_FLG
RATE,CI_DEP_CL,2,RCMEND_ALG_CD
RATE,CI_DEP_CTL,2,TNDR_SRCE_TYPE_FLG
RATE,CI_DEP_CTL_CHAR,2,SRCH_CHAR_VAL
RATE,CI_DEP_CTL_ST,2,EXT_SOURCE_ID
RATE,CI_ENRL_CAN_RSN,2,ENRL_CAN_RSN_CD
RATE,CI_ENRL_CAN_RSN_L,2,ENRL_CAN_RSN_CD
RATE,CI_ENRL_CBK_RSN,2,ENRL_CALLBK_RSN_CD
RATE,CI_ENRL_CBK_RSN_L,2,ENRL_CALLBK_RSN_CD
RATE,CI_FA_CAN_RSN,2,FA_CAN_RSN_CD
RATE,CI_FA_CAN_RSN_L,2,FA_CAN_RSN_CD
RATE,CI_FA_CHAR,2,SRCH_CHAR_VAL
RATE,CI_FA_RESCHED_RSN,2,FA_RESCHED_RSN_CD
RATE,CI_FA_RESCHED_RSN_L,2,FA_RESCHED_RSN_CD
RATE,CI_FUNC_FLD,2,FUNC_FLD_SRC_FLG
RATE,CI_INSTALLATION,2,ROLLOVR_THRSH_FACT
RATE,CI_ITEM,2,RETIRE_RSN_CD
RATE,CI_ITEM_CHAR,2,SRCH_CHAR_VAL
RATE,CI_MD_ATT_TY,2,ATT_OCCURS_FLG
RATE,CI_MD_SOCG,2,SEARCH_TYPE_FLG
RATE,CI_MD_SOCG_FLD,2,SEARCH_TYPE_FLG
RATE,CI_MD_SOCG_FLDAT,2,SEARCH_TYPE_FLG
RATE,CI_MD_SOCG_L,2,SEARCH_TYPE_FLG
RATE,CI_MD_SOCG_SORT,2,SEARCH_TYPE_FLG
RATE,CI_MD_SRC_TYPE_L,2,SRC_TYPE_CD
RATE,CI_MD_TBL_FLD,2,STD_TM_SRC_FLG
RATE,CI_MD_TMPL_VAR,2,VAR_OCCURS_FLG
RATE,CI_MEVT_CAN_RSN,2,MEVT_CAN_RSN_CD
RATE,CI_MEVT_CAN_RSN_L,2,MEVT_CAN_RSN_CD
RATE,CI_MKTMSG_TYPE_CHAR,2,SRCH_CHAR_VAL
RATE,CI_MR_CHAR,2,SRCH_CHAR_VAL
RATE,CI_MR_RTE_CHAR,2,SRCH_CHAR_VAL
RATE,CI_MR_SOURCE,2,MR_SOURCE_CD
RATE,CI_MR_SOURCE_L,2,MR_SOURCE_CD
RATE,CI_MR_STAGE_UP,2,MR_SOURCE_CD
RATE,CI_MR_STGUP_CHAR,2,SRCH_CHAR_VAL
RATE,CI_MTR,2,RETIRE_RSN_CD
RATE,CI_MTR_CHAR,2,SRCH_CHAR_VAL
RATE,CI_NT_DWN_CHAR,2,SRCH_CHAR_VAL
RATE,CI_OD_EVT,2,OEVT_CAN_RSN_CD
RATE,CI_OEVT_CAN_RSN,2,OEVT_CAN_RSN_CD
RATE,CI_OEVT_CAN_RSN_L,2,OEVT_CAN_RSN_CD
RATE,CI_PAY_CAN_RSN,2,CAN_RSN_CD
RATE,CI_PAY_CAN_RSN_L,2,CAN_RSN_CD
RATE,CI_PAY_CHAR,2,SRCH_CHAR_VAL
RATE,CI_PAY_EVENT,2,ILM_ARCH_SW
RATE,CI_PAY_EVT_CHAR,2,SRCH_CHAR_VAL
RATE,CI_PAY_ST,2,EXT_SOURCE_ID
RATE,CI_PAY_TNDR,2,CAN_RSN_CD
RATE,CI_PAY_TNDR_CHAR,2,SRCH_CHAR_VAL
RATE,CI_PAY_TNDR_ST,2,EXT_SOURCE_ID
RATE,CI_PER_CHAR,2,SRCH_CHAR_VAL
RATE,CI_PEVT_DST_DTL,2,SRCH_CHAR_VAL
RATE,CI_PP,2,PP_CAN_RSN_FLG
RATE,CI_PREM_CHAR,2,SRCH_CHAR_VAL
RATE,CI_PREM_CHAR_1116,2,SRCH_CHAR_VAL
RATE,CI_PREM_CHAR_BK_1021,2,SRCH_CHAR_VAL
RATE,CI_PREM_CHAR_BK_1030,2,SRCH_CHAR_VAL
RATE,CI_PREM_CHAR_TMP,2,SRCH_CHAR_VAL
RATE,CI_PROP_DCL_RSN,2,PROP_DCL_RSN_CD
RATE,CI_PROP_DCL_RSN_L,2,PROP_DCL_RSN_CD
RATE,CI_QUOTE_DTL,2,SA_VERSION
RATE,CI_REBATE_CLAIM_CHAR,2,SRCH_CHAR_VAL
RATE,CI_REBATE_LINE_CHAR,2,SRCH_CHAR_VAL
RATE,CI_REG_CHAR,2,SRCH_CHAR_VAL
RATE,CI_REPL_CNTL,2,SOURCE_OWNER
RATE,CI_RETIRE_RSN,2,RETIRE_RSN_CD
RATE,CI_RETIRE_RSN_L,2,RETIRE_RSN_CD
RATE,CI_RS_BMSG,2,RS_CD
RATE,CI_RS_L,2,RS_CD
RATE,CI_RS_MTR_CFGTY,2,RS_CD
RATE,CI_RS_REG_RULE,2,RS_CD
RATE,CI_RS_SQ_RULE,2,RS_CD
RATE,CI_RV,2,RS_CD
RATE,CI_RV_L,2,RS_CD
RATE,CI_SA_CHAR,2,SRCH_CHAR_VAL
RATE,CI_SA_RCHG_HIST,2,RCR_CHG_AMT
RATE,CI_SA_RS_HIST,2,RS_CD
RATE,CI_SA_TYPE_L,2,RCR_CHG_AMT_LABEL
RATE,CI_SA_TYPE_RS,2,RS_CD
RATE,CI_SCM,2,SCM_INACTV_RSN_CD
RATE,CI_SCM_CHAR,2,SRCH_CHAR_VAL
RATE,CI_SCM_NCTV_RSN,2,SCM_INACTV_RSN_CD
RATE,CI_SCM_NCTV_RSN_L,2,SCM_INACTV_RSN_CD
RATE,CI_SCR_FLD_MAP,2,SRC_FLD_TYPE_FLG
RATE,CI_SP,2,SP_SRC_STATUS_FLG
RATE,CI_SPR_CHAR,2,SRCH_CHAR_VAL
RATE,CI_SP_CHAR,2,SRCH_CHAR_VAL
RATE,CI_SS_ADDR_OVRD,2,BILL_ADDR_SRCE_FLG
RATE,CI_STK_LOC_CHAR,2,SRCH_CHAR_VAL
RATE,CI_STM,2,ILM_ARCH_SW
RATE,CI_STM_CNST,2,STM_ADDR_SRC_FLG
RATE,CI_TD_ENTRY,2,ILM_ARCH_SW
RATE,CI_TD_ENTRY_1031,2,ILM_ARCH_SW
RATE,CI_TD_ENTRY_CHA,2,SRCH_CHAR_VAL
RATE,CI_TD_ENTRY_CHA_1031,2,SRCH_CHAR_VAL
RATE,CI_TD_ENTRY_OPEN_VW,2,ILM_ARCH_SW
RATE,CI_TD_TYPE_CHAR,2,SRCH_CHAR_VAL
RATE,CI_TENDER_TYPE,2,REQ_EXT_SRC_ID_SW
RATE,CI_TNDR_CTL_CHAR,2,SRCH_CHAR_VAL
RATE,CI_TNDR_CTL_ST,2,EXT_SOURCE_ID
RATE,CI_TNDR_SRCE_L,2,TNDR_SOURCE_CD
RATE,CI_TNDR_ST_EXCP,2,EXT_SOURCE_ID
RATE,CI_TOS,2,TOS_CAN_RSN_CD
RATE,CI_TOS_CAN_RSN,2,TOS_CAN_RSN_CD
RATE,CI_TOS_CAN_RSN_L,2,TOS_CAN_RSN_CD
RATE,CI_TOS_CE,2,SRCH_CHAR_VAL
RATE,CI_TOS_CHAR,2,SRCH_CHAR_VAL
RATE,CI_UA_CHAR,2,SRCH_CHAR_VAL
RATE,CI_USR_ZONE_SAVE,2,SEARCH_NAME
RATE,CI_WF_PROC,2,VERSION
RATE,CI_WF_PROC_CHAR,2,SRCH_CHAR_VAL
RATE,CI_WO_PROC,2,VERSION
RATE,CI_WO_PROC_SA,2,ARS_AMT
RATE,CI_XAI_IN_SVC,2,SEARCH_TYPE_FLG
RATE,CI_XAI_JDBC_CON,2,JNDI_DATASOURCE
RATE,CI_XAI_RCVR,2,VERSION
RATE,CI_XAI_RCVR_L,2,VERSION
RATE,CI_XAI_RCVR_RGRP,2,VERSION
RATE,CI_XAI_RCVR_RSP,2,VERSION
RATE,CI_XAI_RGRP,2,PARSER_TYPE_FLG
RATE,D1_ACTIVITY,2,ILM_ARCH_SW
RATE,D1_ACTIVITY_CHAR,2,SRCH_CHAR_VAL
RATE,D1_ACTIVITY_TYPE,2,SP_DVC_COND_SRC_FLG
RATE,D1_ACTIVITY_TYPE_CHAR,2,SRCH_CHAR_VAL
RATE,D1_AGG_GROUP_CHAR,2,SRCH_CHAR_VAL
RATE,D1_ATTR_GRP_CHAR,2,SRCH_CHAR_VAL
RATE,D1_ATTR_VAL,2,RS_CLASS_CD
RATE,D1_BILL_CYC_CHAR,2,SRCH_CHAR_VAL
RATE,D1_COMMAND_SET_CHAR,2,SRCH_CHAR_VAL
RATE,D1_COMM_IN,2,ILM_ARCH_SW
RATE,D1_COMM_IN_CHAR,2,SRCH_CHAR_VAL
RATE,D1_COMM_OUT,2,ILM_ARCH_SW
RATE,D1_COMM_OUT_CHAR,2,SRCH_CHAR_VAL
RATE,D1_COMM_TYPE_CHAR,2,SRCH_CHAR_VAL
RATE,D1_COMPL_EVT,2,ILM_ARCH_SW
RATE,D1_COMPL_EVT_CHAR,2,SRCH_CHAR_VAL
RATE,D1_CONS_EXT_TYPE_CHAR,2,SRCH_CHAR_VAL
RATE,D1_CONTACT_CHAR,2,SRCH_CHAR_VAL
RATE,D1_CONTACT_TYPE_CHAR,2,SRCH_CHAR_VAL
RATE,D1_DATA_SRC_ITEM_TYPE,2,DATA_SRC_CD
RATE,D1_DATA_SRC_L,2,DATA_SRC_CD
RATE,D1_DATA_SRC_MC_SET,2,DATA_SRC_CD
RATE,D1_DATA_SRC_MC_TYPE,2,DATA_SRC_CD
RATE,D1_DATA_SRC_MSRMT_DATA_SNAP,2,DATA_SRC_CD
RATE,D1_DATA_SRC_SP_QTY,2,DATA_SRC_CD
RATE,D1_DATA_SRC_US_QTY,2,DATA_SRC_CD
RATE,D1_DATA_SRC_US_TYPE,2,DATA_SRC_CD
RATE,D1_DIVISION_CHAR,2,SRCH_CHAR_VAL
RATE,D1_DVC_CFG_CHAR,2,SRCH_CHAR_VAL
RATE,D1_DVC_CFG_TYPE_CHAR,2,SRCH_CHAR_VAL
RATE,D1_DVC_CHAR,2,SRCH_CHAR_VAL
RATE,D1_DVC_EVT,2,ILM_ARCH_SW
RATE,D1_DVC_EVT_CHAR,2,SRCH_CHAR_VAL
RATE,D1_DVC_EVT_TYPE_CHAR,2,SRCH_CHAR_VAL
RATE,D1_DVC_TYPE,2,CONSUMPTION_SOURCE_FLG
RATE,D1_DVC_TYPE_CHAR,2,SRCH_CHAR_VAL
RATE,D1_DVC_TYPE_SQ_CHAR,2,SRCH_CHAR_VAL
RATE,D1_DYN_OPT_CHAR,2,SRCH_CHAR_VAL
RATE,D1_DYN_OPT_EVENT_CHAR,2,SRCH_CHAR_VAL
RATE,D1_DYN_OPT_RATE,2,D1_RS_CD
RATE,D1_DYN_OPT_TYPE_CHAR,2,SRCH_CHAR_VAL
RATE,D1_EVT_PARTICIPATION,2,ILM_ARCH_SW
RATE,D1_EVT_PARTICIPATION_CHAR,2,SRCH_CHAR_VAL
RATE,D1_EXCP_TYPE_CHAR,2,SRCH_CHAR_VAL
RATE,D1_EXT_US_INT_MDS_CONST_VW,2,SOURCE_ID_TYPE_CD
RATE,D1_EXT_US_INT_MDS_MSRMTS_VW,2,ILM_ARCH_SW
RATE,D1_FACILITY_CHAR,2,SRCH_CHAR_VAL
RATE,D1_FACTOR,2,CHAR_SRC_ALG_CD
RATE,D1_FACTOR_CHAR,2,SRCH_CHAR_VAL
RATE,D1_FACTOR_VALUE_CHAR,2,SRCH_CHAR_VAL
RATE,D1_INIT_MSRMT_DATA_CHAR,2,SRCH_CHAR_VAL
RATE,D1_INIT_MSRMT_SNAP,2,ILM_ARCH_SW
RATE,D1_INIT_MSRMT_SNAP_CHAR,2,SRCH_CHAR_VAL
RATE,D1_INSTALL_EVT_CHAR,2,SRCH_CHAR_VAL
RATE,D1_MDSI,2,ILM_ARCH_SW
RATE,D1_MDSS,2,ILM_ARCH_SW
RATE,D1_MEASR_COMP_ATTRIBUTES,2,SRC_TYPE_XFLG
RATE,D1_MEASR_COMP_CHAR,2,SRCH_CHAR_VAL
RATE,D1_MEASR_COMP_SET,2,IMPORTED_FROM_EXT_SOURCE_FLG
RATE,D1_MEASR_COMP_SET_CHAR,2,SRCH_CHAR_VAL
RATE,D1_MEASR_COMP_TYPE_CHAR,2,SRCH_CHAR_VAL
RATE,D1_MKT_AWARD,2,AWARD_SOURCE_FLG
RATE,D1_MKT_AWARD_CHAR,2,SRCH_CHAR_VAL
RATE,D1_MKT_AWARD_DT_CHAR,2,SRCH_CHAR_VAL
RATE,D1_MKT_CHAR,2,SRCH_CHAR_VAL
RATE,D1_MKT_CONTRACT_CHAR,2,SRCH_CHAR_VAL
RATE,D1_MKT_CONTRACT_TYPE,2,UNIQUE_CONT_BUYERS_FLG
RATE,D1_MKT_CONTRACT_TYPE_CHAR,2,SRCH_CHAR_VAL
RATE,D1_MKT_PRODUCT_CHAR,2,SRCH_CHAR_VAL
RATE,D1_MKT_PRODUCT_SET_CHAR,2,SRCH_CHAR_VAL
RATE,D1_MKT_PRODUCT_TYPE_CHAR,2,SRCH_CHAR_VAL
RATE,D1_MKT_RP_ATTR,2,SRCH_CHAR_VAL
RATE,D1_MKT_RP_CHAR,2,SRCH_CHAR_VAL
RATE,D1_MSRMT_CHAR,2,SRCH_CHAR_VAL
RATE,D1_MSRMT_CYC_CHAR,2,SRCH_CHAR_VAL
RATE,D1_MSRMT_CYC_RTE_CHAR,2,SRCH_CHAR_VAL
RATE,D1_MSRMT_CYC_SCHED_CHAR,2,SRCH_CHAR_VAL
RATE,D1_MSRMT_DATA_SNAP_TYPE,2,MSRMT_DATA_SRC_FLG
RATE,D1_MSRMT_DATA_SNAP_TYPE_CHAR,2,SRCH_CHAR_VAL
RATE,D1_MULTI_VAR_FACTOR_VAL_CHAR,2,SRCH_CHAR_VAL
RATE,D1_NW_LOC_CHAR,2,SRCH_CHAR_VAL
RATE,D1_PROC_MTHD_CHAR,2,SRCH_CHAR_VAL
RATE,D1_RULE_CHAR,2,SRCH_CHAR_VAL
RATE,D1_SETT_UNIT_CHAR,2,SRCH_CHAR_VAL
RATE,D1_SNAPSHOT_DL_CTRL,2,ILM_ARCH_SW
RATE,D1_SP,2,SP_SRC_STAT_FLG
RATE,D1_SPR_CHAR,2,SRCH_CHAR_VAL
RATE,D1_SPR_DT_CHAR,2,SRCH_CHAR_VAL
RATE,D1_SP_CHAR,2,SRCH_CHAR_VAL
RATE,D1_SP_TYPE_CHAR,2,SRCH_CHAR_VAL
RATE,D1_TOU_GRP_CHAR,2,SRCH_CHAR_VAL
RATE,D1_TOU_MAP_CHAR,2,SRCH_CHAR_VAL
RATE,D1_TOU_MAP_DATA_CHAR,2,SRCH_CHAR_VAL
RATE,D1_TOU_MAP_TMPLT_CHAR,2,SRCH_CHAR_VAL
RATE,D1_TOU_MAP_TYPE_CHAR,2,SRCH_CHAR_VAL
RATE,D1_USAGE_CHAR,2,SRCH_CHAR_VAL
RATE,D1_USAGE_EXCP,2,ILM_ARCH_SW
RATE,D1_USAGE_EXCP_CHAR,2,SRCH_CHAR_VAL
RATE,D1_USAGE_EXCP_TYPE_CHAR,2,SRCH_CHAR_VAL
RATE,D1_USAGE_RPT_CURR,2,USG_SRC_DESC
RATE,D1_USAGE_SCALAR_DTL,2,USE_PERCENT
RATE,D1_USG_CAL_TYPE_CHAR,2,SRCH_CHAR_VAL
RATE,D1_USG_GRP_CHAR,2,SRCH_CHAR_VAL
RATE,D1_USG_RULE_CHAR,2,SRCH_CHAR_VAL
RATE,D1_USG_RULE_ELIG_CRIT_CHAR,2,SRCH_CHAR_VAL
RATE,D1_US_CHAR,2,SRCH_CHAR_VAL
RATE,D1_US_MKT_PART_CHAR,2,SRCH_CHAR_VAL
RATE,D1_US_RS_CLASS,2,RS_CLASS_CD
RATE,D1_US_SP,2,USE_PERCENT
RATE,D1_US_SP_CHAR,2,SRCH_CHAR_VAL
RATE,D1_US_TYPE_CHAR,2,SRCH_CHAR_VAL
RATE,D1_VEE_ELIG_CRIT_CHAR,2,SRCH_CHAR_VAL
RATE,D1_VEE_EXCP,2,ILM_ARCH_SW
RATE,D1_VEE_EXCP_CHAR,2,SRCH_CHAR_VAL
RATE,D1_VEE_GRP_CHAR,2,SRCH_CHAR_VAL
RATE,D1_VEE_RULE_CHAR,2,SRCH_CHAR_VAL
RATE,F1_ACTION_METHOD_CHAR,2,SRCH_CHAR_VAL
RATE,F1_ATTACHMENT_CHAR,2,SRCH_CHAR_VAL
RATE,F1_BNDL_CHAR,2,SRCH_CHAR_VAL
RATE,F1_BUS_EVT_LOG_CHAR,2,SRCH_CHAR_VAL
RATE,F1_BUS_FLG_CHAR,2,SRCH_CHAR_VAL
RATE,F1_BUS_FLG_TYPE_CHAR,2,SRCH_CHAR_VAL
RATE,F1_BUS_OBJ_STATUS_RSN_CHAR,2,SRCH_CHAR_VAL
RATE,F1_ERASURE_SCHED,2,ILM_ARCH_SW
RATE,F1_EXTSYS_OUTMSG_PROF,2,JSON_CONVRSN_METH_FLG
RATE,F1_EXT_LOOKUP_VAL_CHAR,2,SRCH_CHAR_VAL
RATE,F1_FACT_CHAR,2,SRCH_CHAR_VAL
RATE,F1_GNRL_AUDIT_CHAR,2,SRCH_CHAR_VAL
RATE,F1_INSIGHT_GRP_CHAR,2,SRCH_CHAR_VAL
RATE,F1_INSIGHT_TYPE_CHAR,2,SRCH_CHAR_VAL
RATE,F1_IWS_SVC,2,RESOURCE_CAT_XFLG
RATE,F1_IWS_SVC_CHAR,2,SRCH_CHAR_VAL
RATE,F1_MDT_CHAR,2,SRCH_CHAR_VAL
RATE,F1_MDT_TYPE_CHAR,2,SRCH_CHAR_VAL
RATE,F1_MIGR_OBJ,2,OBJ_VERSION
RATE,F1_MKTCFG_CHAR,2,SRCH_CHAR_VAL
RATE,F1_MKTMSG_IN,2,ILM_ARCH_SW
RATE,F1_MKTMSG_IN_CHAR,2,SRCH_CHAR_VAL
RATE,F1_MKTMSG_OUT_CHAR,2,SRCH_CHAR_VAL
RATE,F1_MKTMSG_TYPE_CHAR,2,SRCH_CHAR_VAL
RATE,F1_MKTPROC,2,ILM_ARCH_SW
RATE,F1_MKTPROC_CHAR,2,SRCH_CHAR_VAL
RATE,F1_MKTPROC_EVT,2,ILM_ARCH_SW
RATE,F1_MKTPROC_EVT_CHAR,2,SRCH_CHAR_VAL
RATE,F1_MKTPROC_TYPE_CHAR,2,SRCH_CHAR_VAL
RATE,F1_MOB_COMP_CHAR,2,SRCH_CHAR_VAL
RATE,F1_MOB_COMP_CNT,2,F1_API_VERSION
RATE,F1_OBJ_REV_CHAR,2,SRCH_CHAR_VAL
RATE,F1_PERF_TGT_CHAR,2,SRCH_CHAR_VAL
RATE,F1_PERF_TGT_LOG,2,SRCH_CHAR_VAL
RATE,F1_PERF_TGT_TYPE_CHAR,2,SRCH_CHAR_VAL
RATE,F1_PROC_STORE,2,ILM_ARCH_SW
RATE,F1_PROC_STORE_DTL_ELEMENTS,2,SRCH_CHAR_VAL
RATE,F1_REDACTION_RULE,2,REDACT_SRC_TYPE_FLG
RATE,F1_REMOTE_MSG,2,ILM_ARCH_SW
RATE,F1_REMOTE_MSG_CHAR,2,SRCH_CHAR_VAL
RATE,F1_REQ_CHAR,2,SRCH_CHAR_VAL
RATE,F1_STATS_CHAR,2,SRCH_CHAR_VAL
RATE,F1_STATS_SNPSHT,2,ILM_ARCH_SW
RATE,F1_STATS_SNPSHT_CHAR,2,SRCH_CHAR_VAL
RATE,F1_SVC_TASK,2,ILM_ARCH_SW
RATE,F1_SVC_TASK_CHAR,2,SRCH_CHAR_VAL
RATE,F1_SVC_TASK_TYPE_CHAR,2,SRCH_CHAR_VAL
RATE,F1_SYNC_REQ,2,ILM_ARCH_SW
RATE,F1_SYNC_REQ_CHAR,2,SRCH_CHAR_VAL
RATE,F1_SYNC_REQ_IN,2,ILM_ARCH_SW
RATE,F1_SYNC_REQ_IN_CHAR,2,SRCH_CHAR_VAL
RATE,F1_TAG_CHAR,2,SRCH_CHAR_VAL
RATE,F1_WEB_SVC,2,VERSION
RATE,F1_WEB_SVC_CHAR,2,SRCH_CHAR_VAL
RATE,FIELD_ACTIVITY_RPT_CURR,2,SP_SRC_STAT_DESC
RATE,SC_USER_CHAR,2,SRCH_CHAR_VAL
RATE,W1_ACPT_LINE_CHAR,2,SRCH_CHAR_VAL
RATE,W1_ACTIVITY_ASSET,2,PERCENTAGE
RATE,W1_ACTIVITY_CHAR,2,SRCH_CHAR_VAL
RATE,W1_ACTIVITY_COST_CENTER,2,PERCENTAGE
RATE,W1_ACTIVITY_DEPENDENCY,2,RESOURCE_OPTION_FLG
RATE,W1_ACTIVITY_TYPE_CHAR,2,SRCH_CHAR_VAL
RATE,W1_ACT_CONSTR_LOC_CHAR,2,SRCH_CHAR_VAL
RATE,W1_ACT_CONSTR_LOC_CU,2,CU_CNTRCTR_BID_ID
RATE,W1_ACT_RECON_CHAR,2,SRCH_CHAR_VAL
RATE,W1_ACT_RECON_COST_CENTER,2,VERSION
RATE,W1_ACT_RESRC_REQMT_DOCUMENT,2,ACT_RESRC_REQMT_ID
RATE,W1_ACT_RESRC_REQMT_DTL,2,ACT_RESRC_REQMT_ID
RATE,W1_ACT_RESRC_REQMT_LOG,2,ACT_RESRC_REQMT_ID
RATE,W1_ACT_RESRC_REQMT_LOG_PARM,2,ACT_RESRC_REQMT_ID
RATE,W1_ACT_RESRC_REQMT_NOTE,2,ACT_RESRC_REQMT_ID
RATE,W1_ADJUSTMENT_CHAR,2,SRCH_CHAR_VAL
RATE,W1_ADJUSTMENT_TYPE_CHAR,2,SRCH_CHAR_VAL
RATE,W1_APPROVAL_PROF_CHAR,2,SRCH_CHAR_VAL
RATE,W1_APPROVAL_REQ_CHAR,2,SRCH_CHAR_VAL
RATE,W1_ASSESS_CLASS_CHAR,2,SRCH_CHAR_VAL
RATE,W1_ASSESS_GRP_CHAR,2,SRCH_CHAR_VAL
RATE,W1_ASSET,2,ASSET_OWNERSHIP_FLG
RATE,W1_ASSET_ATTRIBUTE,2,SRCH_CHAR_VAL
RATE,W1_ASSET_CHAR,2,SRCH_CHAR_VAL
RATE,W1_ASSET_CHAR2,2,SRCH_CHAR_VAL
RATE,W1_ASSET_TYPE_CHAR,2,SRCH_CHAR_VAL
RATE,W1_ASSET_TYPE_STATS_CHAR,2,SRCH_CHAR_VAL
RATE,W1_BC_ACCESS_LIST_CHAR,2,SRCH_CHAR_VAL
RATE,W1_BC_HEADER,2,ENFORCE_LIMIT_FLG
RATE,W1_BC_HEADER_CHAR,2,SRCH_CHAR_VAL
RATE,W1_BC_LINE_CHAR,2,SRCH_CHAR_VAL
RATE,W1_BI_FORECASTEDACTHOURS_VW,2,ACT_RESRC_CNT
RATE,W1_BI_LABORHOURS_VW,2,ACT_RESRC_FT_CNT
RATE,W1_BI_SERVICEHISTORY_VW,2,ANNIVERSARY_DT
RATE,W1_BI_STOCK_ITEM_VW,2,ACPT_ON_RCPT_FLG
RATE,W1_BOM_CHAR,2,SRCH_CHAR_VAL
RATE,W1_BOM_PART,2,RESRC_TYPE_ID
RATE,W1_BUSINESS_UNIT_CHAR,2,SRCH_CHAR_VAL
RATE,W1_BUYER_CHAR,2,SRCH_CHAR_VAL
RATE,W1_CALENDAR_CHAR,2,SEARCH_CHAR_VAL
RATE,W1_CAPABILITY_TYPE_CHAR,2,SRCH_CHAR_VAL
RATE,W1_CHANGE_REQ_CHAR,2,SRCH_CHAR_VAL
RATE,W1_CHANGE_REQ_TYPE_CHAR,2,SRCH_CHAR_VAL
RATE,W1_CHILD_SPEC_CHAR,2,SRCH_CHAR_VAL
RATE,W1_CHKLST_CHAR,2,SRCH_CHAR_VAL
RATE,W1_CHKLST_TYP_CHAR,2,SRCH_CHAR_VAL
RATE,W1_CMDTY_CAT_CHAR,2,SRCH_CHAR_VAL
RATE,W1_CMDTY_CMP_CHAR,2,SRCH_CHAR_VAL
RATE,W1_CMDTY_NAME_CHAR,2,SRCH_CHAR_VAL
RATE,W1_CMDTY_TYPE_CHAR,2,SRCH_CHAR_VAL
RATE,W1_CMPL_EVT_CHAR,2,SRCH_CHAR_VAL
RATE,W1_CMPL_EVT_TYPE_CHAR,2,SRCH_CHAR_VAL
RATE,W1_COLOR_CHAR,2,SRCH_CHAR_VAL
RATE,W1_COMMUNICATION,2,VERSION
RATE,W1_COMMUNICATION_CHAR,2,SRCH_CHAR_VAL
RATE,W1_COMM_IN_CHAR,2,SRCH_CHAR_VAL
RATE,W1_COMM_TYPE_CHAR,2,SRCH_CHAR_VAL
RATE,W1_COMPLIANCE_CAT_CHAR,2,SRCH_CHAR_VAL
RATE,W1_COMPLIANCE_TYPE_CHAR,2,SRCH_CHAR_VAL
RATE,W1_CONFIG_CHAR,2,SRCH_CHAR_VAL
RATE,W1_CONFIG_CHAR2,2,SRCH_CHAR_VAL
RATE,W1_CONFIG_RPT_CHAR,2,SRCH_CHAR_VAL
RATE,W1_CONFIG_RPT_CHAR2,2,SRCH_CHAR_VAL
RATE,W1_CONFIG_TYPE_CHAR,2,SRCH_CHAR_VAL
RATE,W1_CONTACT_CHAR,2,SRCH_CHAR_VAL
RATE,W1_CONTACT_CHAR2,2,SRCH_CHAR_VAL
RATE,W1_CONTACT_TYPE_CHAR,2,SRCH_CHAR_VAL
RATE,W1_COST_CATEGORY_CHAR,2,SRCH_CHAR_VAL
RATE,W1_COST_CENTER_CHAR,2,SRCH_CHAR_VAL
RATE,W1_CREW_CHAR,2,SRCH_CHAR_VAL
RATE,W1_CREW_SHIFT_ACT_SCHED,2,ACT_RESRC_REQMT_ID
RATE,W1_CREW_SHIFT_CHAR,2,SRCH_CHAR_VAL
RATE,W1_CREW_SHIFT_TYPE_CHAR,2,SRCH_CHAR_VAL
RATE,W1_CREW_TYPE_CHAR,2,SRCH_CHAR_VAL
RATE,W1_CU,2,RESRC_TYPE_ID
RATE,W1_CU_CATEGORY_CHAR,2,SRCH_CHAR_VAL
RATE,W1_CU_CHAR,2,SRCH_CHAR_VAL
RATE,W1_CU_CNTRCTR_BID,2,CU_CNTRCTR_BID_ID
RATE,W1_CU_CNTRCTR_BID_DOCUMENT,2,CU_CNTRCTR_BID_ID
RATE,W1_CU_CNTRCTR_BID_LOG,2,CU_CNTRCTR_BID_ID
RATE,W1_CU_CNTRCTR_BID_LOG_PARM,2,CU_CNTRCTR_BID_ID
RATE,W1_CU_CNTRCTR_BID_NOTE,2,CU_CNTRCTR_BID_ID
RATE,W1_CU_SET_CHAR,2,SRCH_CHAR_VAL
RATE,W1_CU_USAGE_CHAR,2,SRCH_CHAR_VAL
RATE,W1_DESIGN_ELEMENT,2,SRC_DESIGN_NUM
RATE,W1_DESIGN_ELEMENT_CHAR,2,SRCH_CHAR_VAL
RATE,W1_DESIGN_ELEMENT_CU,2,CU_CNTRCTR_BID_ID
RATE,W1_DESIGN_ELEMENT_DEP,2,RESOURCE_OPTION_FLG
RATE,W1_DIST_CODE_CHAR,2,SRCH_CHAR_VAL
RATE,W1_DOCUMENT_CHAR,2,SRCH_CHAR_VAL
RATE,W1_DOCUMENT_TYPE_CHAR,2,SRCH_CHAR_VAL
RATE,W1_EMPLOYEE_CHAR,2,SRCH_CHAR_VAL
RATE,W1_EMPLOYEE_TRAINING,2,COURSE_FLG
RATE,W1_EMPLOYEE_TYPE_CHAR,2,SRCH_CHAR_VAL
RATE,W1_EMP_AUTO_TIMESHEET,2,RESRC_TYPE_ID
RATE,W1_EQUIP_GROUP_CHAR,2,SRCH_CHAR_VAL
RATE,W1_ERP_INTEGRATION_CHAR,2,SRCH_CHAR_VAL
RATE,W1_EU_CHAR,2,SRCH_CHAR_VAL
RATE,W1_EU_TYPE_CHAR,2,SRCH_CHAR_VAL
RATE,W1_EXPEDITE_CHAR,2,SRCH_CHAR_VAL
RATE,W1_EXPEDITE_PO_LINE,2,ITEM_RSN_FLG
RATE,W1_EXPENSE_CD,2,VERSION
RATE,W1_EXPENSE_CD_CHAR,2,SRCH_CHAR_VAL
RATE,W1_FACTOR,2,VERSION
RATE,W1_FACTOR_CHAR,2,SRCH_CHAR_VAL
RATE,W1_FACTOR_VAL_CHAR,2,SRCH_CHAR_VAL
RATE,W1_FAILURE_COMP_CHAR,2,SRCH_CHAR_VAL
RATE,W1_FAILURE_MODE_CHAR,2,SRCH_CHAR_VAL
RATE,W1_FAILURE_PROF_CHAR,2,SRCH_CHAR_VAL
RATE,W1_FAILURE_REPAIR_CHAR,2,SRCH_CHAR_VAL
RATE,W1_FAILURE_TYPE_CHAR,2,SRCH_CHAR_VAL
RATE,W1_FOB_CHAR,2,SRCH_CHAR_VAL
RATE,W1_FT_CHAR,2,SRCH_CHAR_VAL
RATE,W1_GIS_BATCH_DTLS,2,ESRI_ONE_TIME_CONVERSION_FLG
RATE,W1_INVOICE_GROUP_CHAR,2,SRCH_CHAR_VAL
RATE,W1_INVOICE_HEADER,2,DISCNT_PERCENT
RATE,W1_INVOICE_HEADER_CHAR,2,SRCH_CHAR_VAL
RATE,W1_INVOICE_HEADER_COST_CENTER,2,PERCENTAGE
RATE,W1_INVOICE_LINE,2,RESRC_TYPE_ID
RATE,W1_INVOICE_LINE_CHAR,2,SRCH_CHAR_VAL
RATE,W1_INVOICE_LINE_COST_CENTER,2,PERCENTAGE
RATE,W1_INV_ADJ_CHAR,2,SRCH_CHAR_VAL
RATE,W1_LABOR_EARNING_TYPE_CHAR,2,SRCH_CHAR_VAL
RATE,W1_MAINTMGR_CHAR,2,SRCH_CHAR_VAL
RATE,W1_MAINT_EVENT_CHAR,2,SRCH_CHAR_VAL
RATE,W1_MAINT_SCHEDULE_CHAR,2,SRCH_CHAR_VAL
RATE,W1_MAINT_TRIGGER_CHAR,2,SRCH_CHAR_VAL
RATE,W1_MANUFACTURER_CHAR,2,SRCH_CHAR_VAL
RATE,W1_MAT_DISP_CHAR,2,SRCH_CHAR_VAL
RATE,W1_MAT_ISS_LINE_CHAR,2,SRCH_CHAR_VAL
RATE,W1_MAT_REQ_HEADER_CHAR,2,SRCH_CHAR_VAL
RATE,W1_MAT_REQ_HEADER_COST_CENTER,2,PERCENTAGE
RATE,W1_MAT_REQ_LINE,2,ACT_RESRC_REQMT_ID
RATE,W1_MAT_REQ_LINE_CHAR,2,SRCH_CHAR_VAL
RATE,W1_MAT_REQ_TMPL_CHAR,2,SRCH_CHAR_VAL
RATE,W1_MAT_RET_HEADER_CHAR,2,SRCH_CHAR_VAL
RATE,W1_MAT_RET_HEADER_COST_CENTER,2,PERCENTAGE
RATE,W1_MAT_RET_LINE_CHAR,2,SRCH_CHAR_VAL
RATE,W1_MEASUREMENT_CHAR,2,SRCH_CHAR_VAL
RATE,W1_MEASUREMENT_TYPE_CHAR,2,SRCH_CHAR_VAL
RATE,W1_MEASUREMENT_UOM_CHAR,2,SRCH_CHAR_VAL
RATE,W1_MOBILE_SUBSCR_CHAR,2,SRCH_CHAR_VAL
RATE,W1_NODE,2,RCM_SYSTEM_FLG
RATE,W1_NODE_CHAR,2,SRCH_CHAR_VAL
RATE,W1_NODE_CHAR2,2,SRCH_CHAR_VAL
RATE,W1_NODE_COST_CENTER,2,PERCENTAGE
RATE,W1_NODE_TYPE_CHAR,2,SRCH_CHAR_VAL
RATE,W1_ODC_CHAR,2,SRCH_CHAR_VAL
RATE,W1_ODC_DTL_CHAR,2,SRCH_CHAR_VAL
RATE,W1_ODC_DTL_COST,2,PERCENTAGE
RATE,W1_OVERHEAD_CHAR,2,SRCH_CHAR_VAL
RATE,W1_OVERTIME_TYPE_CHAR,2,SRCH_CHAR_VAL
RATE,W1_PAYMENT_TERM,2,DISCNT_PERCENT
RATE,W1_PAYMENT_TERM_CHAR,2,SRCH_CHAR_VAL
RATE,W1_PERMIT_CHAR,2,SRCH_CHAR_VAL
RATE,W1_PERMIT_CLASS,2,PERMIT_CLS_SOURCE_FLG
RATE,W1_PERMIT_CLASS_CHAR,2,SRCH_CHAR_VAL
RATE,W1_PERMIT_TMPL,2,PERMIT_CLS_SOURCE_FLG
RATE,W1_PERMIT_TMPL_CHAR,2,SRCH_CHAR_VAL
RATE,W1_PI_CNT_LINE,2,FIRST_COUNT
RATE,W1_PI_CNT_LINE_CHAR,2,SRCH_CHAR_VAL
RATE,W1_PI_CNT_MST_CHAR,2,SRCH_CHAR_VAL
RATE,W1_PI_HEADER_CHAR,2,SRCH_CHAR_VAL
RATE,W1_PLANNER_CHAR,2,SRCH_CHAR_VAL
RATE,W1_PO_HEADER_CHAR,2,SRCH_CHAR_VAL
RATE,W1_PO_HEADER_COST_CENTER,2,PERCENTAGE
RATE,W1_PO_LINE_CHAR,2,SRCH_CHAR_VAL
RATE,W1_PO_LINE_COST_CENTER,2,PERCENTAGE
RATE,W1_PROCESS_CHAR,2,SRCH_CHAR_VAL
RATE,W1_PROCESS_TYPE_CHAR,2,SRCH_CHAR_VAL
RATE,W1_PROJECT_CATEGORY_CHAR,2,SRCH_CHAR_VAL
RATE,W1_PROJECT_CHAR,2,SRCH_CHAR_VAL
RATE,W1_PROJECT_COST_CENTER,2,PERCENTAGE
RATE,W1_PROPERTY_UNIT_CHAR,2,SRCH_CHAR_VAL
RATE,W1_PR_HDR_CHAR,2,SRCH_CHAR_VAL
RATE,W1_PR_HDR_COST_CTR,2,PERCENTAGE
RATE,W1_PR_LINE_CHAR,2,SRCH_CHAR_VAL
RATE,W1_PR_LINE_COST,2,PERCENTAGE
RATE,W1_PURCHASE_CMDTY,2,PURCHASE_CMDTY_CD
RATE,W1_PURCHASE_CMDTY_L,2,PURCHASE_CMDTY_CD
RATE,W1_RCPT_HDR,2,RCPT_HDR_ID
RATE,W1_RCPT_HDR_DOCUMENT,2,RCPT_HDR_ID
RATE,W1_RCPT_HDR_LOG,2,RCPT_HDR_ID
RATE,W1_RCPT_HDR_LOG_PARM,2,RCPT_HDR_ID
RATE,W1_RCPT_HDR_NOTE,2,RCPT_HDR_ID
RATE,W1_RCPT_LINE_DOCUMENT,2,RCPT_LINE_ID
RATE,W1_RCPT_LINE_LOG,2,RCPT_LINE_ID
RATE,W1_RCPT_LINE_LOG_PARM,2,RCPT_LINE_ID
RATE,W1_RCPT_LINE_NOTE,2,RCPT_LINE_ID
RATE,W1_RCPT_LINE_SHIP_DEFICIENCY,2,RCPT_LINE_ID
RATE,W1_RESRC_TYPE_DOCUMENT,2,RESRC_TYPE_ID
RATE,W1_RESRC_TYPE_L,2,RESRC_TYPE_ID
RATE,W1_RESRC_TYPE_LOG,2,RESRC_TYPE_ID
RATE,W1_RESRC_TYPE_LOG_PARM,2,RESRC_TYPE_ID
RATE,W1_RESRC_TYPE_MFR,2,RESRC_TYPE_ID
RATE,W1_RESRC_TYPE_NOTE,2,RESRC_TYPE_ID
RATE,W1_RESRC_TYPE_UNIT_PRICE,2,RESRC_TYPE_ID
RATE,W1_RESRC_TYPE_VENDOR_LOC,2,RESRC_TYPE_ID
RATE,W1_RESRC_UOM_L,2,RESRC_UOM_CD
RATE,W1_RR,2,SRC_CODE_FLG
RATE,W1_RR_CHAR,2,SRCH_CHAR_VAL
RATE,W1_RTN_LINE,2,RCPT_LINE_ID
RATE,W1_RTN_LINE_CHAR,2,SRCH_CHAR_VAL
RATE,W1_SERVICE_AREA_CHAR,2,SRCH_CHAR_VAL
RATE,W1_SERVICE_CALL_CATEGORY_CHAR,2,SRCH_CHAR_VAL
RATE,W1_SERVICE_CLASS_CHAR,2,SRCH_CHAR_VAL
RATE,W1_SERVICE_CODE_CHAR,2,SRCH_CHAR_VAL
RATE,W1_SHIFT_WEEKLY_TMPL,2,APPLIED_TMPL_VERSION
RATE,W1_SHIFT_WEEKLY_TMPL_CHAR,2,SRCH_CHAR_VAL
RATE,W1_SHIPPING_LINE_CHAR,2,SRCH_CHAR_VAL
RATE,W1_SHIPPING_MEMO_CHAR,2,SRCH_CHAR_VAL
RATE,W1_SHIP_DEFICIENCY_TYPE_CHAR,2,SRCH_CHAR_VAL
RATE,W1_SPECIFICATION,2,RESRC_TYPE_ID
RATE,W1_SPECIFICATION_CHAR,2,SRCH_CHAR_VAL
RATE,W1_STATISTIC_CHAR,2,SRCH_CHAR_VAL
RATE,W1_STOCK_ITEM_DTL_CHAR,2,SRCH_CHAR_VAL
RATE,W1_STOCK_TRANS_CHAR,2,SRCH_CHAR_VAL
RATE,W1_SVC_HIST_CHAR,2,SRCH_CHAR_VAL
RATE,W1_SVC_HIST_CHAR2,2,SRCH_CHAR_VAL
RATE,W1_SVC_HIST_PARTICIPANT,2,VERSION
RATE,W1_SVC_HIST_TYPE_CHAR,2,SRCH_CHAR_VAL
RATE,W1_TAX_RATE_SCHED,2,REBATE_PERCENTAGE
RATE,W1_TAX_RATE_SCHED_CHAR,2,SRCH_CHAR_VAL
RATE,W1_TIMEKEEPER_CHAR,2,SRCH_CHAR_VAL
RATE,W1_TIMESHEET_CHAR,2,SRCH_CHAR_VAL
RATE,W1_TIMESHEET_DETAIL_CHAR,2,SRCH_CHAR_VAL
RATE,W1_TIME_PERIOD_CHAR,2,SRCH_CHAR_VAL
RATE,W1_TIMSHEETDTL_COST_CTR,2,PERCENTAGE
RATE,W1_TMPL_ACT_CHAR,2,SRCH_CHAR_VAL
RATE,W1_TMPL_ACT_COST_CENTER,2,PERCENTAGE
RATE,W1_TMPL_ACT_COST_DIST,2,PERCENTAGE
RATE,W1_TMPL_ACT_RSRC_K,2,TMPL_ACT_RSRC_ID
RATE,W1_TMPL_WO_CHAR,2,SRCH_CHAR_VAL
RATE,W1_VENDOR,2,CNTRCTR_FLG
RATE,W1_VENDOR_CHAR,2,SRCH_CHAR_VAL
RATE,W1_VENDOR_LOC_CHAR,2,SRCH_CHAR_VAL
RATE,W1_WARRANTY_CHAR,2,SRCH_CHAR_VAL
RATE,W1_WARRANTY_TERM_CHAR,2,SRCH_CHAR_VAL
RATE,W1_WORK_CATEGORY_CHAR,2,SRCH_CHAR_VAL
RATE,W1_WORK_CLASS_CHAR,2,SRCH_CHAR_VAL
RATE,W1_WORK_DESIGN,2,DESIGN_VERSION
RATE,W1_WORK_DESIGN_CHAR,2,SRCH_CHAR_VAL
RATE,W1_WORK_DESIGN_RSRC_COST,2,VERSION
RATE,W1_WORK_LOC_CHAR,2,SRCH_CHAR_VAL
RATE,W1_WORK_REQ_CHAR,2,SRCH_CHAR_VAL
RATE,W1_WO_CHAR,2,SRCH_CHAR_VAL
RATE,W1_WO_COST_CENTER,2,PERCENTAGE
RATE,WORKFLOW_QUEUE_RPT_CURR,2,PERSON_NAME_UPR
RATE,BILLABLE_CHARGE_RPT_CURR,1,ILM_ARCH_SW
RATE,C1_BI_BILL_VW,1,ILM_ARCH_SW
RATE,C1_BI_FTGL_MONTHLY_A,1,RS_CD
RATE,C1_BI_FTGL_VW,1,RS_CD
RATE,C1_BI_FT_MONTHLY_A,1,RS_CD
RATE,C1_CALC_GRP,1,VERSION
RATE,C1_CALC_GRP_L,1,VERSION
RATE,C1_CALC_RULE,1,VERSION
RATE,C1_CALC_RULE_CRT,1,VERSION
RATE,C1_CALC_RULE_CRT_L,1,VERSION
RATE,C1_CALC_RULE_L,1,VERSION
RATE,C1_CALC_RULE_MBR_CAT,1,VERSION
RATE,C1_CALC_RULE_TRGT_CAT,1,VERSION
RATE,C1_CC_IDENTIFIER,1,VERSION
RATE,C1_CC_LOG_PARM,1,VERSION
RATE,C1_CL_CAT_TYPE,1,VERSION
RATE,C1_CL_CAT_TYPE_L,1,VERSION
RATE,C1_CL_CAT_VAL,1,VERSION
RATE,C1_CL_CAT_VAL_L,1,VERSION
RATE,C1_COMM_RTE_TYPE,1,VERSION
RATE,C1_COMM_RTE_TYPE_DVTYP,1,VERSION
RATE,C1_COMM_RTE_TYPE_L,1,VERSION
RATE,C1_CONT,1,VERSION
RATE,C1_CONT_ID,1,VERSION
RATE,C1_CONT_LOG,1,VERSION
RATE,C1_CONT_LOG_PARM,1,VERSION
RATE,C1_CONT_MS,1,VERSION
RATE,C1_CONT_MS_PROD,1,VERSION
RATE,C1_CONT_MS_TYPE,1,VERSION
RATE,C1_CONT_MS_TYPE_L,1,VERSION
RATE,C1_CONT_PROD,1,VERSION
RATE,C1_CONT_RULE_L,1,VERSION
RATE,C1_CONT_TYPE,1,VERSION
RATE,C1_CONT_TYPE_L,1,VERSION
RATE,C1_CONT_TYPE_VALID_PROD,1,VERSION
RATE,C1_CS_REQ_ACCT_ALERT,1,VERSION
RATE,C1_CS_REQ_ACCT_LOG,1,VERSION
RATE,C1_CS_REQ_ACCT_LOG_PARM,1,VERSION
RATE,C1_CS_REQ_ACCT_MSG,1,VERSION
RATE,C1_CS_REQ_ACCT_MSG_PARM,1,VERSION
RATE,C1_CS_REQ_ACCT_NCD,1,VERSION
RATE,C1_CS_REQ_ACCT_PER_ADDR,1,VERSION
RATE,C1_CS_REQ_CONT_ID,1,VERSION
RATE,C1_CS_REQ_CONT_LOG,1,VERSION
RATE,C1_CS_REQ_CONT_LOG_PARM,1,VERSION
RATE,C1_CS_REQ_CONT_MS,1,VERSION
RATE,C1_CS_REQ_CONT_MS_PROD,1,VERSION
RATE,C1_CS_REQ_CONT_PROD_LOG,1,VERSION
RATE,C1_CS_REQ_CONT_PROD_LOG_PARM,1,VERSION
RATE,C1_CS_REQ_LOG,1,VERSION
RATE,C1_CS_REQ_LOG_PARM,1,VERSION
RATE,C1_CS_REQ_PER_ADDR_SEAS,1,VERSION
RATE,C1_CS_REQ_PER_ID,1,VERSION
RATE,C1_CS_REQ_PER_LOG,1,VERSION
RATE,C1_CS_REQ_PER_LOG_PARM,1,VERSION
RATE,C1_CS_REQ_PER_NAME,1,VERSION
RATE,C1_CS_REQ_PER_PER,1,VERSION
RATE,C1_CS_REQ_PREM_ALT_ADDR,1,VERSION
RATE,C1_CS_REQ_PREM_GEO,1,VERSION
RATE,C1_CS_REQ_PREM_LOG,1,VERSION
RATE,C1_CS_REQ_PREM_LOG_PARM,1,VERSION
RATE,C1_CS_REQ_REL_OBJ,1,VERSION
RATE,C1_CS_REQ_SA_CONTERM,1,VERSION
RATE,C1_CS_REQ_SA_CONT_QTY,1,VERSION
RATE,C1_CS_REQ_SA_COP_OVRD,1,VERSION
RATE,C1_CS_REQ_SA_LOG,1,VERSION
RATE,C1_CS_REQ_SA_LOG_PARM,1,VERSION
RATE,C1_CS_REQ_SA_MSG,1,VERSION
RATE,C1_CS_REQ_SA_SP_CHAR,1,VERSION
RATE,C1_CS_REQ_SA_SP_FA,1,VERSION
RATE,C1_CS_REQ_SA_TOU_CONT_VAL,1,VERSION
RATE,C1_CS_REQ_SVC_LOC_LOG,1,VERSION
RATE,C1_CS_REQ_SVC_LOC_LOG_PARM,1,VERSION
RATE,C1_CS_REQ_TYPE,1,VERSION
RATE,C1_CS_REQ_TYPE_ALG,1,VERSION
RATE,C1_CS_REQ_TYPE_ALG_CUST_CL,1,VERSION
RATE,C1_CS_REQ_TYPE_ALG_PER_BUS,1,VERSION
RATE,C1_CS_REQ_TYPE_CUST_CL,1,VERSION
RATE,C1_CS_REQ_TYPE_L,1,VERSION
RATE,C1_CS_REQ_TYPE_PER_BUS,1,VERSION
RATE,C1_CS_REQ_TYPE_QSTN_RELOBJ,1,VERSION
RATE,C1_CS_REQ_TYPE_QUESTION_REL,1,VERSION
RATE,C1_CS_REQ_TYPE_REL_UPD,1,VERSION
RATE,C1_CS_REQ_TYPE_SVC_CRIT,1,VERSION
RATE,C1_CS_REQ_TYPE_SVC_CRIT_ALG,1,VERSION
RATE,C1_CS_REQ_TYPE_SVC_CRIT_L,1,VERSION
RATE,C1_CS_REQ_TYPE_SVC_CRIT_SATY,1,VERSION
RATE,C1_CS_REQ_TYPE_SVC_CRIT_STOP,1,VERSION
RATE,C1_CS_REQ_TYPE_SVC_LOC_BO,1,VERSION
RATE,C1_CUST_REL_REQ_LOG,1,VERSION
RATE,C1_CUST_REL_REQ_LOG_PARM,1,VERSION
RATE,C1_CUST_REL_REQ_REL_OBJ,1,VERSION
RATE,C1_CUST_REL_REQ_TYPE,1,VERSION
RATE,C1_CUST_REL_REQ_TYPE_L,1,VERSION
RATE,C1_ENRL_CONTDET,1,VERSION
RATE,C1_INITIATIVE,1,VERSION
RATE,C1_INITIATIVE_CRITERIA,1,VERSION
RATE,C1_INITIATIVE_CRITERIA_L,1,VERSION
RATE,C1_INITIATIVE_L,1,VERSION
RATE,C1_INITIATIVE_LEAD_DEFN,1,VERSION
RATE,C1_INITIATIVE_LOG,1,VERSION
RATE,C1_INITIATIVE_LOG_PARM,1,VERSION
RATE,C1_INITIATIVE_REL_OBJ,1,VERSION
RATE,C1_ISS_CTR,1,VERSION
RATE,C1_ISS_CTR_DTL,1,VERSION
RATE,C1_ISS_CTR_L,1,VERSION
RATE,C1_ISS_CTR_LOG,1,VERSION
RATE,C1_ISS_CTR_LOG_PARM,1,VERSION
RATE,C1_LEAD,1,VERSION
RATE,C1_LEAD_EVT,1,VERSION
RATE,C1_LEAD_EVT_LOG,1,VERSION
RATE,C1_LEAD_EVT_LOG_PARM,1,VERSION
RATE,C1_LEAD_EVT_STEP,1,VERSION
RATE,C1_LEAD_EVT_TYPE,1,VERSION
RATE,C1_LEAD_EVT_TYPE_L,1,VERSION
RATE,C1_LEAD_LOG,1,VERSION
RATE,C1_LEAD_LOG_PARM,1,VERSION
RATE,C1_LEAD_REL_OBJ,1,VERSION
RATE,C1_LETY_STEP_TYPE,1,VERSION
RATE,C1_LETY_STEP_TYPE_L,1,VERSION
RATE,C1_LTR_TMPL_REC_L,1,VERSION
RATE,C1_MKT,1,VERSION
RATE,C1_MKTMSG_CHG_DTL,1,VERSION
RATE,C1_MKTMSG_CHG_LOG,1,VERSION
RATE,C1_MKTMSG_CHG_LOG_PARM,1,VERSION
RATE,C1_MKTMSG_CHG_REL_OBJ,1,VERSION
RATE,C1_MKTMSG_PAY_DTL,1,VERSION
RATE,C1_MKTMSG_PAY_LOG,1,VERSION
RATE,C1_MKTMSG_PAY_LOG_PARM,1,VERSION
RATE,C1_MKTMSG_PAY_REL_OBJ,1,VERSION
RATE,C1_MKTMSG_USG_DTL,1,VERSION
RATE,C1_MKTMSG_USG_LOG,1,VERSION
RATE,C1_MKTMSG_USG_LOG_PARM,1,VERSION
RATE,C1_MKTMSG_USG_REL_OBJ,1,VERSION
RATE,C1_MKT_FALLBACK_SPR,1,VERSION
RATE,C1_MKT_L,1,VERSION
RATE,C1_MKT_PROV_CONFIG_OPT,1,VERSION
RATE,C1_MKT_PROV_CONFIG_OPT_L,1,VERSION
RATE,C1_MKT_RP,1,VERSION
RATE,C1_MKT_RP_LOG,1,VERSION
RATE,C1_MKT_RP_LOG_PARM,1,VERSION
RATE,C1_MKT_RP_REL,1,VERSION
RATE,C1_MKT_RP_REL_OBJ,1,VERSION
RATE,C1_MKT_VALID_SPR,1,VERSION
RATE,C1_NTF_EVT_CC_CL_TYPE,1,VERSION
RATE,C1_NTF_EVT_TYPE,1,VERSION
RATE,C1_NTF_EVT_TYPE_ALG,1,VERSION
RATE,C1_NTF_PREF_ID,1,VERSION
RATE,C1_NTF_PREF_LOG,1,VERSION
RATE,C1_NTF_PREF_LOG_PARM,1,VERSION
RATE,C1_NTF_TYPE_ALG,1,VERSION
RATE,C1_NTF_TYPE_COMM_RTE_TYPE,1,VERSION
RATE,C1_NTF_TYPE_DVTYP,1,VERSION
RATE,C1_NTF_TYPE_L,1,VERSION
RATE,C1_OFFCYC_BGEN_ADJ,1,VERSION
RATE,C1_OFFCYC_BGEN_BCHG,1,VERSION
RATE,C1_OFFCYC_BGEN_BSEG,1,VERSION
RATE,C1_OFFCYC_BGEN_LOG,1,VERSION
RATE,C1_OFFCYC_BGEN_LOG_PARM,1,VERSION
RATE,C1_OFFCYC_BGEN_SA,1,VERSION
RATE,C1_PA_RQST_LOG,1,VERSION
RATE,C1_PA_RQST_LOG_PARM,1,VERSION
RATE,C1_PA_RQST_REL_OBJ,1,VERSION
RATE,C1_PA_RQST_TYPE_ALG,1,VERSION
RATE,C1_PA_RQST_TYPE_DOWN_PAY_OPT,1,VERSION
RATE,C1_PA_RQST_TYPE_DOWN_PAY_OPT_L,1,VERSION
RATE,C1_PA_RQST_TYPE_L,1,VERSION
RATE,C1_PER_CONTDET,1,VERSION
RATE,C1_PROD,1,VERSION
RATE,C1_PROD_COMP,1,VERSION
RATE,C1_PROD_COMP_CHILD,1,VERSION
RATE,C1_PROD_COMP_ELIG_CRIT,1,VERSION
RATE,C1_PROD_COMP_ELIG_CRIT_L,1,VERSION
RATE,C1_PROD_COMP_L,1,VERSION
RATE,C1_PROD_ELIG_CRIT,1,VERSION
RATE,C1_PROD_ELIG_CRIT_L,1,VERSION
RATE,C1_PROD_L,1,VERSION
RATE,C1_PROD_RULE,1,VERSION
RATE,C1_PROD_RULE_L,1,VERSION
RATE,C1_PROD_VER,1,VERSION
RATE,C1_PROD_VER_L,1,VERSION
RATE,C1_PROD_VER_LOG,1,VERSION
RATE,C1_PROD_VER_LOG_PARM,1,VERSION
RATE,C1_PROD_VER_RULE,1,VERSION
RATE,C1_PROV_CONFIG_OPT,1,VERSION
RATE,C1_PROV_CONFIG_OPT_L,1,VERSION
RATE,C1_PROV_CONFIG_SATY,1,VERSION
RATE,C1_PROV_CONFIG_SATY_OVRD,1,VERSION
RATE,C1_QUESTION,1,VERSION
RATE,C1_QUESTION_ANSWER,1,VERSION
RATE,C1_QUESTION_ANSWER_L,1,VERSION
RATE,C1_QUESTION_L,1,VERSION
RATE,C1_RC_CALC_LN_GTT,1,RC_SEQ
RATE,C1_REPRESENTATIVE,1,VERSION
RATE,C1_REPRESENTATIVE_L,1,VERSION
RATE,C1_REPRESENTATIVE_LOG,1,VERSION
RATE,C1_REPRESENTATIVE_LOG_PARM,1,VERSION
RATE,C1_REP_GRP_MEM,1,VERSION
RATE,C1_RESPONSE_ANSWER,1,VERSION
RATE,C1_RESPONSE_LOG,1,VERSION
RATE,C1_RESPONSE_LOG_PARM,1,VERSION
RATE,C1_SA_CONT_PROD,1,VERSION
RATE,C1_SA_RCHG_VW,1,RCR_CHG_AMT
RATE,C1_SA_RS_VW,1,RS_CD
RATE,C1_SERVICE_CAT,1,VERSION
RATE,C1_SERVICE_CAT_L,1,VERSION
RATE,C1_SERVICE_CAT_SVC_CD,1,VERSION
RATE,C1_SERVICE_CODE,1,VERSION
RATE,C1_SERVICE_CODE_L,1,VERSION
RATE,C1_SERVICE_CODE_QUESTION,1,VERSION
RATE,C1_SPR_MKT_OPT,1,VERSION
RATE,C1_SPR_MKT_OPT_SA,1,VERSION
RATE,C1_SS_CONT_OVRD,1,VERSION
RATE,C1_TOU_MAP,1,VERSION
RATE,C1_TOU_MAP_DATA,1,VERSION
RATE,C1_TOU_MAP_L,1,VERSION
RATE,C1_TOU_MAP_LOG,1,VERSION
RATE,C1_TOU_MAP_LOG_PARM,1,VERSION
RATE,C1_TOU_MAP_TMPLT,1,VERSION
RATE,C1_TOU_MAP_TMPLT_L,1,VERSION
RATE,C1_TOU_MAP_TYPE,1,VERSION
RATE,C1_TOU_MAP_TYPE_L,1,VERSION
RATE,C1_TOU_MAP_TYPE_TMPLT,1,VERSION
RATE,C1_USAGE_LOG,1,VERSION
RATE,C1_USAGE_LOG_PARM,1,VERSION
RATE,C1_USER_CIS_DIV,1,VERSION
RATE,C1_WEB_USER,1,VERSION
RATE,C1_WEB_USER_ACCT,1,VERSION
RATE,C1_WEB_USER_ACCT_LOG,1,VERSION
RATE,C1_WEB_USER_ACCT_LOG_PARM,1,VERSION
RATE,C1_WEB_USER_LOG,1,VERSION
RATE,C1_WEB_USER_LOG_PARM,1,VERSION
RATE,CI_ACCT_ALERT,1,VERSION
RATE,CI_ACCT_FT_HST_VW,1,ARS_DT
RATE,CI_ACCT_MGMT_GR,1,VERSION
RATE,CI_ACCT_MGMT_GR_L,1,VERSION
RATE,CI_ACCT_MGRP_RL,1,VERSION
RATE,CI_ACCT_MSG,1,VERSION
RATE,CI_ACCT_MSG_PRM,1,VERSION
RATE,CI_ACCT_REL_TYP,1,VERSION
RATE,CI_ACCT_REL_TYP_L,1,VERSION
RATE,CI_ACC_GRP,1,VERSION
RATE,CI_ACC_GRP_DAR,1,VERSION
RATE,CI_ACC_GRP_L,1,VERSION
RATE,CI_ACC_GRP_ROLE,1,VERSION
RATE,CI_ADJT_ADJTPRF,1,VERSION
RATE,CI_ADJ_APREQ,1,VERSION
RATE,CI_ADJ_CL_CHAR,1,VERSION
RATE,CI_ADJ_STG_CTL,1,VERSION
RATE,CI_ADJ_STG_CTL_MSGP,1,VERSION
RATE,CI_ADJ_STG_UP,1,VERSION
RATE,CI_ADJ_STG_UP_MSGP,1,VERSION
RATE,CI_ADJ_TYPE,1,VERSION
RATE,CI_ADJ_TYPE_L,1,VERSION
RATE,CI_ADJ_TYP_PROF,1,VERSION
RATE,CI_ADJ_TYP_PROF_L,1,VERSION
RATE,CI_ADJ_TY_ALG,1,VERSION
RATE,CI_ADJ_TY_CHAR,1,VERSION
RATE,CI_ADM_RVW_SCH,1,VERSION
RATE,CI_ALERT_TYPE,1,VERSION
RATE,CI_ALERT_TYPE_L,1,VERSION
RATE,CI_ALG,1,VERSION
RATE,CI_ALG_L,1,VERSION
RATE,CI_ALG_PARM,1,VERSION
RATE,CI_ALG_TYPE,1,VERSION
RATE,CI_ALG_TYPE_L,1,VERSION
RATE,CI_ALG_TYPE_PRM,1,VERSION
RATE,CI_ALG_TYPE_PRM_L,1,VERSION
RATE,CI_ALG_VER,1,VERSION
RATE,CI_AM_ACTIVITY_TYPE,1,VERSION
RATE,CI_AM_ACTIVITY_TYPE_L,1,VERSION
RATE,CI_AM_REQ,1,VERSION
RATE,CI_AM_REQ_LOG,1,VERSION
RATE,CI_AM_REQ_LOG_PARM,1,VERSION
RATE,CI_APAY_RT_TYPE_L,1,VERSION
RATE,CI_APPR_PROF,1,VERSION
RATE,CI_APPR_PROF_L,1,VERSION
RATE,CI_APPR_REQ_LOG,1,VERSION
RATE,CI_APPR_REQ_LOG_PARM,1,VERSION
RATE,CI_APP_SVC_ACC,1,VERSION
RATE,CI_APP_SVC_SCTY,1,VERSION
RATE,CI_APREQ_TYPE,1,VERSION
RATE,CI_APREQ_TYPE_L,1,VERSION
RATE,CI_ARC_ROOT_INST_K,1,ARC_ROOT_INST_ID
RATE,CI_ARC_ROOT_OBJ_K,1,ARC_ROOT_OBJ_ID
RATE,CI_AUDIT,1,VERSION
RATE,CI_BAL_CTL_GRP,1,VERSION
RATE,CI_BAL_CTL_MEM,1,VERSION
RATE,CI_BAL_CTL_TMP,1,VERSION
RATE,CI_BANK,1,VERSION
RATE,CI_BANK_ACCOUNT,1,VERSION
RATE,CI_BANK_ACCOUNT_L,1,VERSION
RATE,CI_BANK_L,1,VERSION
RATE,CI_BATCH_CTRL_ALG,1,VERSION
RATE,CI_BATCH_CTRL_L,1,VERSION
RATE,CI_BATCH_CTRL_P,1,VERSION
RATE,CI_BATCH_CTRL_P_L,1,VERSION
RATE,CI_BATCH_INST,1,VERSION
RATE,CI_BATCH_JOB_PRM,1,VERSION
RATE,CI_BATCH_RUN,1,VERSION
RATE,CI_BATCH_THD,1,VERSION
RATE,CI_BCHG_LINE_UP,1,VERSION
RATE,CI_BCHG_READ,1,VERSION
RATE,CI_BCHG_READ_VW,1,VERSION
RATE,CI_BCHG_SQ,1,VERSION
RATE,CI_BCHG_UP,1,VERSION
RATE,CI_BCHG_UP_EXCP,1,VERSION
RATE,CI_BCHG_UP_OVRD,1,VERSION
RATE,CI_BCHG_UP_READ,1,VERSION
RATE,CI_BCHG_UP_READ_VW,1,VERSION
RATE,CI_BCHG_UP_SQ,1,VERSION
RATE,CI_BCHG_UP_XTYP,1,VERSION
RATE,CI_BCHG_UP_XTYP_L,1,VERSION
RATE,CI_BFCH_TOUGRP,1,VERSION
RATE,CI_BF_CHAR,1,VERSION
RATE,CI_BF_CHAR_DST,1,VERSION
RATE,CI_BF_L,1,VERSION
RATE,CI_BF_VAL,1,VERSION
RATE,CI_BILL_CYC,1,VERSION
RATE,CI_BILL_CYC_L,1,VERSION
RATE,CI_BILL_CYC_SCH,1,VERSION
RATE,CI_BILL_CYC_SEC,1,VERSION
RATE,CI_BILL_EXCP,1,VERSION
RATE,CI_BILL_MSG,1,VERSION
RATE,CI_BILL_MSGS,1,VERSION
RATE,CI_BILL_MSG_L,1,VERSION
RATE,CI_BILL_MSG_PRM,1,VERSION
RATE,CI_BILL_PERIOD,1,VERSION
RATE,CI_BILL_PERIOD_L,1,VERSION
RATE,CI_BILL_PER_SCH,1,VERSION
RATE,CI_BILL_RT_TYPE,1,VERSION
RATE,CI_BILL_RT_TYPE_L,1,VERSION
RATE,CI_BILL_RVW_SCH,1,VERSION
RATE,CI_BILL_SA,1,VERSION
RATE,CI_BILL_SCNR,1,VERSION
RATE,CI_BILL_SCNR_SQ,1,VERSION
RATE,CI_BILL_SEG_TYP,1,VERSION
RATE,CI_BILL_SEG_TYP_L,1,VERSION
RATE,CI_BPRT_GRP,1,VERSION
RATE,CI_BPRT_SGRP_SA,1,VERSION
RATE,CI_BPRT_SUBGRP,1,VERSION
RATE,CI_BSEG_CL_CHAR,1,VERSION
RATE,CI_BSEG_EXCP,1,VERSION
RATE,CI_BSEG_ITEM,1,VERSION
RATE,CI_BSEG_MSG,1,VERSION
RATE,CI_BSEG_READ,1,VERSION
RATE,CI_BSEG_READ_VW,1,VERSION
RATE,CI_BSEG_SQ,1,VERSION
RATE,CI_BUD_PLAN,1,VERSION
RATE,CI_BUD_PLAN_L,1,VERSION
RATE,CI_BUD_RVW,1,VERSION
RATE,CI_B_CHG_LINE,1,VERSION
RATE,CI_B_CHG_TMPLT,1,VERSION
RATE,CI_B_CHG_TMPLT_L,1,VERSION
RATE,CI_B_LN_CHAR,1,VERSION
RATE,CI_B_LN_UP_CHAR,1,VERSION
RATE,CI_B_TMPLT_LINE,1,VERSION
RATE,CI_B_TMPLT_LINE_L,1,VERSION
RATE,CI_B_TMPLT_SQ,1,VERSION
RATE,CI_B_TM_LN_CHA,1,VERSION
RATE,CI_CAL_GL,1,VERSION
RATE,CI_CAL_GL_L,1,VERSION
RATE,CI_CAL_HOL,1,VERSION
RATE,CI_CAL_HOL_L,1,VERSION
RATE,CI_CAL_PERIOD,1,VERSION
RATE,CI_CAL_PERIOD_L,1,VERSION
RATE,CI_CAL_WORK,1,VERSION
RATE,CI_CAL_WORK_L,1,VERSION
RATE,CI_CAMPAIGN,1,VERSION
RATE,CI_CAMPAIGN_L,1,VERSION
RATE,CI_CAMP_ALG,1,VERSION
RATE,CI_CAMP_FLD_TYPE,1,VERSION
RATE,CI_CAMP_FLD_TYPE_L,1,VERSION
RATE,CI_CASE_LOG,1,VERSION
RATE,CI_CASE_LOG_PARM,1,VERSION
RATE,CI_CASE_STATUS,1,VERSION
RATE,CI_CASE_STATUS_L,1,VERSION
RATE,CI_CASE_ST_ALG,1,VERSION
RATE,CI_CASE_ST_CHTY,1,VERSION
RATE,CI_CASE_TR_RULE,1,VERSION
RATE,CI_CASE_TR_RULE_L,1,VERSION
RATE,CI_CASE_TYPE,1,VERSION
RATE,CI_CASE_TYPE_ALG,1,VERSION
RATE,CI_CASE_TYPE_L,1,VERSION
RATE,CI_CCL_CTL_ALG,1,VERSION
RATE,CI_CC_CL,1,VERSION
RATE,CI_CC_CL_L,1,VERSION
RATE,CI_CC_LOG,1,VERSION
RATE,CI_CC_TYPE_L,1,VERSION
RATE,CI_CHAR_DFLT,1,VERSION
RATE,CI_CHAR_DFLT_SV,1,VERSION
RATE,CI_CHAR_ENTITY,1,VERSION
RATE,CI_CHAR_TYPE_L,1,VERSION
RATE,CI_CHAR_VAL,1,VERSION
RATE,CI_CHAR_VAL_L,1,VERSION
RATE,CI_CHTY_ADJTY,1,VERSION
RATE,CI_CHTY_CASETY,1,VERSION
RATE,CI_CHTY_CCTY,1,VERSION
RATE,CI_CHTY_COPTY,1,VERSION
RATE,CI_CHTY_COP_ETY,1,VERSION
RATE,CI_CHTY_DV_TTYP,1,VERSION
RATE,CI_CHTY_FATY,1,VERSION
RATE,CI_CHTY_ITTY,1,VERSION
RATE,CI_CHTY_MTTY,1,VERSION
RATE,CI_CHTY_SCMTY,1,VERSION
RATE,CI_CHTY_SPTY,1,VERSION
RATE,CI_CHTY_TDTY,1,VERSION
RATE,CI_CHTY_TOSTY,1,VERSION
RATE,CI_CHTY_UATY,1,VERSION
RATE,CI_CIS_DIVISION,1,VERSION
RATE,CI_CIS_DIVISION_L,1,VERSION
RATE,CI_CIS_DIV_CHAR,1,VERSION
RATE,CI_COLL_AGY,1,VERSION
RATE,CI_COLL_AGY_L,1,VERSION
RATE,CI_COLL_AGY_REF,1,VERSION
RATE,CI_COLL_CL,1,VERSION
RATE,CI_COLL_CL_CNTL,1,VERSION
RATE,CI_COLL_CL_CNTL_L,1,VERSION
RATE,CI_COLL_CL_L,1,VERSION
RATE,CI_COLL_CRIT_CT,1,VERSION
RATE,CI_COLL_EVT,1,VERSION
RATE,CI_COLL_EVT_1031,1,VERSION
RATE,CI_COLL_EVT_CC,1,VERSION
RATE,CI_COLL_EVT_CC_1031,1,VERSION
RATE,CI_COLL_EVT_TYP,1,VERSION
RATE,CI_COLL_EVT_TYP_L,1,VERSION
RATE,CI_COLL_PROC_TM,1,VERSION
RATE,CI_COLL_PROC_TM_L,1,VERSION
RATE,CI_COLL_RESP,1,VERSION
RATE,CI_COL_REF,1,VERSION
RATE,CI_COL_REF_ALG,1,VERSION
RATE,CI_COL_REF_L,1,VERSION
RATE,CI_CONSV_PROG,1,VERSION
RATE,CI_CONSV_PROG_L,1,VERSION
RATE,CI_CONT_QTY_TMP,1,VERSION
RATE,CI_CONT_QTY_TYP,1,VERSION
RATE,CI_CONT_QTY_TYP_L,1,VERSION
RATE,CI_COP,1,VERSION
RATE,CI_COP_CHAR,1,VERSION
RATE,CI_COP_EVT,1,VERSION
RATE,CI_COP_EVT_CHAR,1,VERSION
RATE,CI_COP_EVT_EXC,1,VERSION
RATE,CI_COP_EVT_EXP,1,VERSION
RATE,CI_COP_EVT_TYPE,1,VERSION
RATE,CI_COP_EVT_TYPE_L,1,VERSION
RATE,CI_COP_L,1,VERSION
RATE,CI_COP_TYPE,1,VERSION
RATE,CI_COP_TYPE_ALG,1,VERSION
RATE,CI_COP_TYPE_L,1,VERSION
RATE,CI_COUNTRY,1,VERSION
RATE,CI_COUNTRY_L,1,VERSION
RATE,CI_CR_RAT_HIST,1,VERSION
RATE,CI_CR_UNIT,1,VERSION
RATE,CI_CR_UNIT_L,1,VERSION
RATE,CI_CURRENCY_CD,1,VERSION
RATE,CI_CURRENCY_CD_L,1,VERSION
RATE,CI_CUST_CL,1,VERSION
RATE,CI_CUST_CL_CTRL,1,VERSION
RATE,CI_CUST_CL_L,1,VERSION
RATE,CI_CUST_CL_MSG,1,VERSION
RATE,CI_CUT_EVT_DEP,1,VERSION
RATE,CI_CUT_EVT_TYPE,1,VERSION
RATE,CI_CUT_EVT_TYPE_L,1,VERSION
RATE,CI_CUT_EVT_TYP_ALG,1,VERSION
RATE,CI_CUT_PROC_TMP,1,VERSION
RATE,CI_CUT_PROC_TMP_L,1,VERSION
RATE,CI_CUT_PROC_TM_ALG,1,VERSION
RATE,CI_CUT_RESP,1,VERSION
RATE,CI_CUT_RESP_DEP,1,VERSION
RATE,CI_CVAL_TMPL,1,VERSION
RATE,CI_CVAL_TOU_TMP,1,VERSION
RATE,CI_DAR,1,VERSION
RATE,CI_DAR_L,1,VERSION
RATE,CI_DAR_USR,1,VERSION
RATE,CI_DATA_DIFF,1,VERSION
RATE,CI_DATA_DIFF_PK,1,VERSION
RATE,CI_DB_INSTR,1,VERSION
RATE,CI_DB_INSTR_ALG,1,VERSION
RATE,CI_DB_INSTR_L,1,VERSION
RATE,CI_DB_INST_OVRD,1,VERSION
RATE,CI_DB_PROC,1,VERSION
RATE,CI_DB_PROC_L,1,VERSION
RATE,CI_DCL,1,VERSION
RATE,CI_DC_ALG,1,VERSION
RATE,CI_DEBT_CL,1,VERSION
RATE,CI_DEBT_CL_L,1,VERSION
RATE,CI_DEG_DAY,1,VERSION
RATE,CI_DEP_CL_L,1,VERSION
RATE,CI_DG_APP_SCHED,1,VERSION
RATE,CI_DISCON_LOC,1,VERSION
RATE,CI_DISCON_LOC_L,1,VERSION
RATE,CI_DISP_GRP,1,VERSION
RATE,CI_DISP_GRP_ALG,1,VERSION
RATE,CI_DISP_GRP_L,1,VERSION
RATE,CI_DISP_GRP_REP,1,VERSION
RATE,CI_DISP_ICON,1,VERSION
RATE,CI_DISP_ICON_L,1,VERSION
RATE,CI_DISP_PROF,1,VERSION
RATE,CI_DISP_PROF_L,1,VERSION
RATE,CI_DIV_TD_ROLE,1,VERSION
RATE,CI_DST_CD_CHAR,1,VERSION
RATE,CI_DST_CODE,1,VERSION
RATE,CI_DST_CODE_EFF,1,VERSION
RATE,CI_DST_CODE_L,1,VERSION
RATE,CI_DST_RULE,1,VERSION
RATE,CI_DST_RULE_ALG,1,VERSION
RATE,CI_DST_RULE_L,1,VERSION
RATE,CI_DV_TEST,1,VERSION
RATE,CI_DV_TEST_CHAR,1,VERSION
RATE,CI_DV_TEST_COMP,1,VERSION
RATE,CI_DV_TEST_EXCP,1,VERSION
RATE,CI_DV_TEST_RES,1,VERSION
RATE,CI_DV_TEST_SEL,1,VERSION
RATE,CI_DV_TEST_TYPE,1,VERSION
RATE,CI_DV_TEST_TYPE_L,1,VERSION
RATE,CI_DV_TTYP_CHAR,1,VERSION
RATE,CI_DV_TTYP_COMP,1,VERSION
RATE,CI_DV_TTYP_ITEM,1,VERSION
RATE,CI_DV_TTYP_MTR,1,VERSION
RATE,CI_ENRL_ADDR,1,VERSION
RATE,CI_ENRL_FLD,1,VERSION
RATE,CI_ENRL_LOG,1,VERSION
RATE,CI_ENRL_PER_ID,1,VERSION
RATE,CI_ENRL_PER_NM,1,VERSION
RATE,CI_ENRL_PER_PHN,1,VERSION
RATE,CI_ENV_REF,1,VERSION
RATE,CI_ENV_REF_L,1,VERSION
RATE,CI_FAC_LVL_1,1,VERSION
RATE,CI_FAC_LVL_1_2,1,VERSION
RATE,CI_FAC_LVL_1_L,1,VERSION
RATE,CI_FAC_LVL_2,1,VERSION
RATE,CI_FAC_LVL_2_3,1,VERSION
RATE,CI_FAC_LVL_2_L,1,VERSION
RATE,CI_FAC_LVL_3,1,VERSION
RATE,CI_FAC_LVL_3_L,1,VERSION
RATE,CI_FAC_LVL_NAME,1,VERSION
RATE,CI_FAC_LVL_NAME_L,1,VERSION
RATE,CI_FAPR_FATY,1,VERSION
RATE,CI_FAPR_TMPL,1,VERSION
RATE,CI_FA_CMPL_CTRL,1,VERSION
RATE,CI_FA_LOG,1,VERSION
RATE,CI_FA_REM,1,VERSION
RATE,CI_FA_REM_ALG,1,VERSION
RATE,CI_FA_REM_CD,1,VERSION
RATE,CI_FA_REM_CD_L,1,VERSION
RATE,CI_FA_REM_EXC,1,VERSION
RATE,CI_FA_REM_EXP,1,VERSION
RATE,CI_FA_STAGE_UP,1,VERSION
RATE,CI_FA_STEP,1,VERSION
RATE,CI_FA_STEP_TYPE,1,VERSION
RATE,CI_FA_STEP_TYPE_L,1,VERSION
RATE,CI_FA_STGUP_CHAR,1,VERSION
RATE,CI_FA_STGUP_EXC,1,VERSION
RATE,CI_FA_STGUP_REM,1,VERSION
RATE,CI_FA_STP_STGUP,1,VERSION
RATE,CI_FA_TYPE,1,VERSION
RATE,CI_FA_TYPE_CHAR,1,VERSION
RATE,CI_FA_TYPE_L,1,VERSION
RATE,CI_FA_TYPE_PROF,1,VERSION
RATE,CI_FA_TYPE_PROF_L,1,VERSION
RATE,CI_FK_REF_L,1,VERSION
RATE,CI_FO_STG_DWN,1,VERSION
RATE,CI_FREQ,1,VERSION
RATE,CI_FREQ_L,1,VERSION
RATE,CI_FS_CL,1,VERSION
RATE,CI_FS_CL_DFLT,1,VERSION
RATE,CI_FS_CL_L,1,VERSION
RATE,CI_FS_CTRL,1,VERSION
RATE,CI_FS_DGRP,1,VERSION
RATE,CI_FS_OP_AREA,1,VERSION
RATE,CI_FT_GL,1,VERSION
RATE,CI_FT_PROC,1,VERSION
RATE,CI_FUNC,1,VERSION
RATE,CI_FUNC_FLD_L,1,VERSION
RATE,CI_FUNC_L,1,VERSION
RATE,CI_FUND,1,VERSION
RATE,CI_FUND_L,1,VERSION
RATE,CI_GEO_DFLT_SVC,1,VERSION
RATE,CI_GEO_TYPE,1,VERSION
RATE,CI_GEO_TYPE_L,1,VERSION
RATE,CI_GEO_TYP_DFLT,1,VERSION
RATE,CI_GL_DIVISION,1,VERSION
RATE,CI_GL_DIVISION_L,1,VERSION
RATE,CI_HI_LO_FACTOR,1,VERSION
RATE,CI_ID_TYPE,1,VERSION
RATE,CI_ID_TYPE_L,1,VERSION
RATE,CI_INSTALL_ALG,1,VERSION
RATE,CI_INSTALL_MSG,1,VERSION
RATE,CI_INSTALL_MSG_L,1,VERSION
RATE,CI_INSTALL_PROD,1,VERSION
RATE,CI_INTV_DATA_SET,1,VERSION
RATE,CI_INTV_DS_EXC,1,VERSION
RATE,CI_INTV_PF,1,VERSION
RATE,CI_INTV_PFRELTY,1,VERSION
RATE,CI_INTV_PFRELTY_L,1,VERSION
RATE,CI_INTV_PF_ALG,1,VERSION
RATE,CI_INTV_PF_L,1,VERSION
RATE,CI_INTV_PF_TYP,1,VERSION
RATE,CI_INTV_PF_TYP_L,1,VERSION
RATE,CI_INTV_REG_ALG,1,VERSION
RATE,CI_INTV_REG_TYP,1,VERSION
RATE,CI_INTV_REG_TYP_L,1,VERSION
RATE,CI_INTV_VAL_SET,1,VERSION
RATE,CI_ITEM_EQ,1,VERSION
RATE,CI_ITEM_LOC_HIS,1,VERSION
RATE,CI_ITEM_SQ_EST,1,VERSION
RATE,CI_ITEM_TYPE,1,VERSION
RATE,CI_ITEM_TYPE_EQ,1,VERSION
RATE,CI_ITEM_TYPE_L,1,VERSION
RATE,CI_ITEM_TYP_CHA,1,VERSION
RATE,CI_LANDLORD,1,VERSION
RATE,CI_LANGUAGE,1,VERSION
RATE,CI_LETTER_TMPL,1,VERSION
RATE,CI_LETTER_TMPL_L,1,VERSION
RATE,CI_LL_DETAIL,1,VERSION
RATE,CI_LOOKUP,1,VERSION
RATE,CI_LOOKUP_FIELD,1,VERSION
RATE,CI_LOOKUP_VAL,1,VERSION
RATE,CI_LOOKUP_VAL_L,1,VERSION
RATE,CI_MATCH_TYPE,1,VERSION
RATE,CI_MATCH_TYPE_L,1,VERSION
RATE,CI_MD_AT_DTL,1,VERSION
RATE,CI_MD_AT_DTL_L,1,VERSION
RATE,CI_MD_CONST,1,VERSION
RATE,CI_MD_CONST_FLD,1,VERSION
RATE,CI_MD_CTL,1,VERSION
RATE,CI_MD_CTL_L,1,VERSION
RATE,CI_MD_CTL_TMPL,1,VERSION
RATE,CI_MD_ELTY,1,VERSION
RATE,CI_MD_ELTY_AT,1,VERSION
RATE,CI_MD_ELTY_L,1,VERSION
RATE,CI_MD_FLD,1,VERSION
RATE,CI_MD_FLD_ADDTL,1,VERSION
RATE,CI_MD_FLD_L,1,VERSION
RATE,CI_MD_IDX,1,VERSION
RATE,CI_MD_IDX_FLD,1,VERSION
RATE,CI_MD_LOOKUP_F,1,VERSION
RATE,CI_MD_MENU,1,VERSION
RATE,CI_MD_MENU_IMOD,1,VERSION
RATE,CI_MD_MENU_ITEM,1,VERSION
RATE,CI_MD_MENU_ITEM_L,1,VERSION
RATE,CI_MD_MENU_L,1,VERSION
RATE,CI_MD_MENU_LINE,1,VERSION
RATE,CI_MD_MENU_LINE_L,1,VERSION
RATE,CI_MD_MENU_MOD,1,VERSION
RATE,CI_MD_MO,1,VERSION
RATE,CI_MD_MO_ALG,1,VERSION
RATE,CI_MD_MO_L,1,VERSION
RATE,CI_MD_MO_OPT,1,VERSION
RATE,CI_MD_MO_TBL,1,VERSION
RATE,CI_MD_MO_WRK,1,VERSION
RATE,CI_MD_MSG,1,VERSION
RATE,CI_MD_MSG_L,1,VERSION
RATE,CI_MD_NAV,1,VERSION
RATE,CI_MD_PDF,1,VERSION
RATE,CI_MD_PDF_VAL,1,VERSION
RATE,CI_MD_PRG_COM,1,VERSION
RATE,CI_MD_PRG_ELEM,1,VERSION
RATE,CI_MD_PRG_EL_AT,1,VERSION
RATE,CI_MD_PRG_LOC,1,VERSION
RATE,CI_MD_PRG_MOD,1,VERSION
RATE,CI_MD_PRG_SEC,1,VERSION
RATE,CI_MD_PRG_SQL,1,VERSION
RATE,CI_MD_PRG_TAB,1,VERSION
RATE,CI_MD_PRG_VAR,1,VERSION
RATE,CI_MD_RPT,1,VERSION
RATE,CI_MD_RPT_L,1,VERSION
RATE,CI_MD_RPT_LBL,1,VERSION
RATE,CI_MD_RPT_PARM,1,VERSION
RATE,CI_MD_RPT_PARM_L,1,VERSION
RATE,CI_MD_SO,1,VERSION
RATE,CI_MD_SO_L,1,VERSION
RATE,CI_MD_SO_RSFLD,1,VERSION
RATE,CI_MD_SO_RSFLDAT,1,VERSION
RATE,CI_MD_SVC,1,VERSION
RATE,CI_MD_SVC_L,1,VERSION
RATE,CI_MD_SVC_PRG,1,VERSION
RATE,CI_MD_TAB_MOD,1,VERSION
RATE,CI_MD_TBL,1,VERSION
RATE,CI_MD_TBL_ADDTL,1,VERSION
RATE,CI_MD_TBL_FLD_L,1,VERSION
RATE,CI_MD_TBL_L,1,VERSION
RATE,CI_MD_TMPL_ELTY,1,VERSION
RATE,CI_MD_TMPL_L,1,VERSION
RATE,CI_MD_TMPL_VAR_L,1,VERSION
RATE,CI_MD_TOOLREP_XML,1,VERSION
RATE,CI_MD_TOOL_REP,1,VERSION
RATE,CI_MD_VAR,1,VERSION
RATE,CI_MD_VAR_DTL,1,VERSION
RATE,CI_MD_VAR_DTL_L,1,VERSION
RATE,CI_MD_WRK_TBL,1,VERSION
RATE,CI_MD_WRK_TBLFLD,1,VERSION
RATE,CI_MD_WRK_TBL_L,1,VERSION
RATE,CI_MFG,1,VERSION
RATE,CI_MFG_L,1,VERSION
RATE,CI_MKTMSG_TYPE,1,VERSION
RATE,CI_MKTMSG_TYPE_ALG,1,VERSION
RATE,CI_MKTMSG_TYPE_L,1,VERSION
RATE,CI_MODEL,1,VERSION
RATE,CI_MODEL_L,1,VERSION
RATE,CI_MPL_EXC,1,VERSION
RATE,CI_MRR_STGE_UP,1,VERSION
RATE,CI_MR_CYC,1,VERSION
RATE,CI_MR_CYC_L,1,VERSION
RATE,CI_MR_INSTR,1,VERSION
RATE,CI_MR_INSTR_L,1,VERSION
RATE,CI_MR_REM,1,VERSION
RATE,CI_MR_REM_ACTN,1,VERSION
RATE,CI_MR_REM_BMSG,1,VERSION
RATE,CI_MR_REM_EXCP,1,VERSION
RATE,CI_MR_RTE,1,VERSION
RATE,CI_MR_RTE_L,1,VERSION
RATE,CI_MR_RTE_SEC,1,VERSION
RATE,CI_MR_RTE_TYPE,1,VERSION
RATE,CI_MR_RTE_TYPE_L,1,VERSION
RATE,CI_MR_SCHED,1,VERSION
RATE,CI_MR_SCHED_RTE,1,VERSION
RATE,CI_MR_STAGE_DWN,1,VERSION
RATE,CI_MR_STGUP_EXC,1,VERSION
RATE,CI_MR_ST_EXC_VW,1,VERSION
RATE,CI_MR_WARN,1,VERSION
RATE,CI_MR_WARN_L,1,VERSION
RATE,CI_MSG,1,VERSION
RATE,CI_MSG_CATEGORY,1,VERSION
RATE,CI_MSG_CATEGORY_L,1,VERSION
RATE,CI_MSG_L,1,VERSION
RATE,CI_MSG_LOG,1,VERSION
RATE,CI_MSG_LOGPARM,1,VERSION
RATE,CI_MSG_LOG_PK,1,VERSION
RATE,CI_MTR_CFGTY_RL,1,VERSION
RATE,CI_MTR_CONFIG,1,VERSION
RATE,CI_MTR_CONFIG_TY,1,VERSION
RATE,CI_MTR_CONFIG_TY_L,1,VERSION
RATE,CI_MTR_EQ,1,VERSION
RATE,CI_MTR_ID,1,VERSION
RATE,CI_MTR_ID_TYPE,1,VERSION
RATE,CI_MTR_ID_TYPE_L,1,VERSION
RATE,CI_MTR_LOC,1,VERSION
RATE,CI_MTR_LOC_HIS,1,VERSION
RATE,CI_MTR_LOC_L,1,VERSION
RATE,CI_MTR_TYPE,1,VERSION
RATE,CI_MTR_TYPE_EQ,1,VERSION
RATE,CI_MTR_TYPE_L,1,VERSION
RATE,CI_MTR_TYP_CHAR,1,VERSION
RATE,CI_MTR_TY_CFGTY,1,VERSION
RATE,CI_MULT_ITEM,1,VERSION
RATE,CI_NAV_OPT_CTXT,1,VERSION
RATE,CI_NAV_OPT_L,1,VERSION
RATE,CI_NAV_OPT_USG,1,VERSION
RATE,CI_NB_RULE,1,VERSION
RATE,CI_NB_RULE_L,1,VERSION
RATE,CI_NB_RULE_PARM,1,VERSION
RATE,CI_NB_RULE_VER,1,VERSION
RATE,CI_NB_SA,1,VERSION
RATE,CI_NB_SCHED_PAY,1,VERSION
RATE,CI_NCD,1,VERSION
RATE,CI_NCD_TYPE,1,VERSION
RATE,CI_NCD_TYPE_L,1,VERSION
RATE,CI_NT_DNTY_CTXT,1,VERSION
RATE,CI_NT_DWN,1,VERSION
RATE,CI_NT_DWN_CTXT,1,VERSION
RATE,CI_NT_DWN_EXC,1,VERSION
RATE,CI_NT_DWN_EXP,1,VERSION
RATE,CI_NT_DWN_FORM,1,VERSION
RATE,CI_NT_DWN_FORM_L,1,VERSION
RATE,CI_NT_DWN_PROF,1,VERSION
RATE,CI_NT_DWN_PROF_L,1,VERSION
RATE,CI_NT_DWN_TYPE,1,VERSION
RATE,CI_NT_DWN_TYPE_L,1,VERSION
RATE,CI_NT_UP,1,VERSION
RATE,CI_NT_UP_CHAR,1,VERSION
RATE,CI_NT_UP_CTXT,1,VERSION
RATE,CI_NT_UP_EXCP,1,VERSION
RATE,CI_NT_UP_XTYPE,1,VERSION
RATE,CI_NT_UP_XTYPE_L,1,VERSION
RATE,CI_NT_XID,1,VERSION
RATE,CI_NT_XID_L,1,VERSION
RATE,CI_OD_EVT_DEP,1,VERSION
RATE,CI_OD_EVT_TYPE,1,VERSION
RATE,CI_OD_EVT_TYPE_ALG,1,VERSION
RATE,CI_OD_EVT_TYPE_L,1,VERSION
RATE,CI_OD_PROC_LOG,1,VERSION
RATE,CI_OD_PROC_LOGPARM,1,VERSION
RATE,CI_OD_PROC_OBJ,1,VERSION
RATE,CI_OD_PROC_TMP,1,VERSION
RATE,CI_OD_PROC_TMP_ALG,1,VERSION
RATE,CI_OD_PROC_TMP_L,1,VERSION
RATE,CI_OD_RESP,1,VERSION
RATE,CI_OD_RESP_DEP,1,VERSION
RATE,CI_OD_RULE_ALG,1,VERSION
RATE,CI_OP_AREA,1,VERSION
RATE,CI_OP_AREA_L,1,VERSION
RATE,CI_PAY_EVT_EXCP,1,VERSION
RATE,CI_PAY_EXCP,1,VERSION
RATE,CI_PAY_METH,1,VERSION
RATE,CI_PAY_METH_L,1,VERSION
RATE,CI_PAY_SEG,1,VERSION
RATE,CI_PAY_SEG_TYPE,1,VERSION
RATE,CI_PAY_SEG_TYPE_L,1,VERSION
RATE,CI_PAY_TMPL,1,VERSION
RATE,CI_PAY_TMPL_L,1,VERSION
RATE,CI_PER,1,VERSION
RATE,CI_PER_ADDR_OVRD,1,VERSION
RATE,CI_PER_ADDR_SEAS,1,VERSION
RATE,CI_PER_ID,1,VERSION
RATE,CI_PER_NAME,1,VERSION
RATE,CI_PER_PER,1,VERSION
RATE,CI_PER_PHONE,1,VERSION
RATE,CI_PER_REL_TYPE,1,VERSION
RATE,CI_PER_REL_TYPE_L,1,VERSION
RATE,CI_PFRELTY_PFTY,1,VERSION
RATE,CI_PHONE_TYPE,1,VERSION
RATE,CI_PHONE_TYPE_L,1,VERSION
RATE,CI_PKG,1,VERSION
RATE,CI_PKG_CRT,1,VERSION
RATE,CI_PKG_CRT_GRP,1,VERSION
RATE,CI_PKG_CRT_GRP_L,1,VERSION
RATE,CI_PKG_FLD_OVRD,1,VERSION
RATE,CI_PKG_FLD_OVRD_L,1,VERSION
RATE,CI_PKG_INSTR,1,VERSION
RATE,CI_PKG_INSTR_L,1,VERSION
RATE,CI_PKG_L,1,VERSION
RATE,CI_PKG_SA_TYPE,1,VERSION
RATE,CI_PORTAL,1,VERSION
RATE,CI_PORTAL_L,1,VERSION
RATE,CI_PORTAL_OPT,1,VERSION
RATE,CI_PORTAL_ZONE,1,VERSION
RATE,CI_POST_DFLT,1,VERSION
RATE,CI_PP_SCHED_PAY,1,VERSION
RATE,CI_PP_TYPE,1,VERSION
RATE,CI_PP_TYPE_L,1,VERSION
RATE,CI_PREM,1,VERSION
RATE,CI_PREM_BKUP,1,VERSION
RATE,CI_PREM_GEO,1,VERSION
RATE,CI_PREM_TYPE,1,VERSION
RATE,CI_PREM_TYPE_L,1,VERSION
RATE,CI_PRM_ALT_ADDR,1,VERSION
RATE,CI_PROTOCOL,1,VERSION
RATE,CI_PROTOCOL_L,1,VERSION
RATE,CI_QTE_RTE_TYPE,1,VERSION
RATE,CI_QTE_RTE_TYPE_L,1,VERSION
RATE,CI_QUOTE,1,VERSION
RATE,CI_QUOTE_RTG,1,VERSION
RATE,CI_RDR_TMPL,1,VERSION
RATE,CI_READER_REM,1,VERSION
RATE,CI_READER_REM_L,1,VERSION
RATE,CI_READ_OUT_TYP,1,VERSION
RATE,CI_READ_OUT_TYP_L,1,VERSION
RATE,CI_REBATE_CLAIM,1,VERSION
RATE,CI_REBATE_CLAIM_LOG,1,VERSION
RATE,CI_REBATE_CLAIM_LOG_PARM,1,VERSION
RATE,CI_REBATE_DEFN,1,VERSION
RATE,CI_REBATE_DEFN_L,1,VERSION
RATE,CI_REBATE_LINE,1,VERSION
RATE,CI_REG,1,VERSION
RATE,CI_REG_DATA_SET,1,VERSION
RATE,CI_REG_DS_EXC,1,VERSION
RATE,CI_REG_DS_EXP,1,VERSION
RATE,CI_REG_READ,1,VERSION
RATE,CI_REG_RULE,1,VERSION
RATE,CI_REG_RULE_L,1,VERSION
RATE,CI_REP,1,VERSION
RATE,CI_REPL_ACCT,1,VERSION
RATE,CI_REP_L,1,VERSION
RATE,CI_REV_CL,1,VERSION
RATE,CI_REV_CL_L,1,VERSION
RATE,CI_ROLE,1,VERSION
RATE,CI_ROLE_L,1,VERSION
RATE,CI_ROLE_USER,1,VERSION
RATE,CI_ROOT_DIFF,1,VERSION
RATE,CI_ROOT_INSTR,1,VERSION
RATE,CI_ROOT_OBJ,1,VERSION
RATE,CI_ROOT_OBJ_EXC,1,VERSION
RATE,CI_ROOT_OBJ_EXP,1,VERSION
RATE,CI_ROOT_OBJ_PK,1,VERSION
RATE,CI_ROOT_OBJ_VW,1,VERSION
RATE,CI_RPT_OPTION,1,VERSION
RATE,CI_RR_STAGE_UP,1,VERSION
RATE,CI_RV_BF_RDR_VW,1,RS_CD
RATE,CI_RV_BF_TXE_VW,1,RS_CD
RATE,CI_RV_BF_VAL_VW,1,RS_CD
RATE,CI_SATY_ALG,1,VERSION
RATE,CI_SATY_COPTY,1,VERSION
RATE,CI_SATY_SARELTY,1,VERSION
RATE,CI_SATY_TMAPRTY,1,VERSION
RATE,CI_SAT_ADJ_PROF,1,VERSION
RATE,CI_SAT_NB_RULE,1,VERSION
RATE,CI_SAT_PFRELTY,1,VERSION
RATE,CI_SA_CHAR_TMP,1,VERSION
RATE,CI_SA_CONTERM,1,VERSION
RATE,CI_SA_CONT_QTY,1,VERSION
RATE,CI_SA_COP,1,VERSION
RATE,CI_SA_COP_OVRD,1,VERSION
RATE,CI_SA_INTV_PF,1,VERSION
RATE,CI_SA_MSG,1,VERSION
RATE,CI_SA_NB_PARM,1,VERSION
RATE,CI_SA_REL,1,VERSION
RATE,CI_SA_REL_TYPE,1,VERSION
RATE,CI_SA_REL_TYPE_L,1,VERSION
RATE,CI_SA_SP,1,VERSION
RATE,CI_SA_SP_CHAR,1,VERSION
RATE,CI_SA_SP_DT_VW,1,VERSION
RATE,CI_SA_SP_FA,1,VERSION
RATE,CI_SA_SP_TYPE,1,VERSION
RATE,CI_SA_TC,1,VERSION
RATE,CI_SA_TOU_MAP,1,VERSION
RATE,CI_SA_TYPE_BC,1,VERSION
RATE,CI_SA_TYPE_CHAR,1,VERSION
RATE,CI_SCMTY_SATY,1,VERSION
RATE,CI_SCMTY_SUBCAT,1,VERSION
RATE,CI_SCMTY_SUBCAT_L,1,VERSION
RATE,CI_SCM_ACCT,1,VERSION
RATE,CI_SCM_TYPE,1,VERSION
RATE,CI_SCM_TYPE_ALG,1,VERSION
RATE,CI_SCM_TYPE_L,1,VERSION
RATE,CI_SCR,1,VERSION
RATE,CI_SCR_CRT,1,VERSION
RATE,CI_SCR_CRT_GRP,1,VERSION
RATE,CI_SCR_CRT_GRP_L,1,VERSION
RATE,CI_SCR_DA,1,VERSION
RATE,CI_SCR_L,1,VERSION
RATE,CI_SCR_PRMPT,1,VERSION
RATE,CI_SCR_PRMPT_L,1,VERSION
RATE,CI_SCR_STEP_L,1,VERSION
RATE,CI_SC_AUTH_LVL,1,VERSION
RATE,CI_SC_AUTH_LVL_L,1,VERSION
RATE,CI_SC_EVT,1,VERSION
RATE,CI_SC_EVTTY_ALG,1,VERSION
RATE,CI_SC_EVT_FT,1,VERSION
RATE,CI_SC_EVT_TYPE,1,VERSION
RATE,CI_SC_EVT_TYPE_L,1,VERSION
RATE,CI_SC_TYPE,1,VERSION
RATE,CI_SC_TYPE_L,1,VERSION
RATE,CI_SEAS_SHIFT,1,VERSION
RATE,CI_SEAS_TM_SHIFT,1,VERSION
RATE,CI_SEAS_TM_SHIFT_L,1,VERSION
RATE,CI_SEQ,1,VERSION
RATE,CI_SEV_CRIT,1,VERSION
RATE,CI_SEV_EVT,1,VERSION
RATE,CI_SEV_EVT_1031,1,VERSION
RATE,CI_SEV_EVT_CC,1,VERSION
RATE,CI_SEV_EVT_CC_1031,1,VERSION
RATE,CI_SEV_EVT_DEP,1,VERSION
RATE,CI_SEV_EVT_DEP_1031,1,VERSION
RATE,CI_SEV_EVT_FA,1,VERSION
RATE,CI_SEV_EVT_FA_1031,1,VERSION
RATE,CI_SEV_EVT_TYPE,1,VERSION
RATE,CI_SEV_EVT_TYPE_L,1,VERSION
RATE,CI_SEV_PROC_TMP,1,VERSION
RATE,CI_SEV_PROC_TMP_L,1,VERSION
RATE,CI_SEV_RESP,1,VERSION
RATE,CI_SEV_RESP_DEP,1,VERSION
RATE,CI_SIC,1,VERSION
RATE,CI_SIC_L,1,VERSION
RATE,CI_SPR,1,VERSION
RATE,CI_SPR_BMSG,1,VERSION
RATE,CI_SPR_L,1,VERSION
RATE,CI_SPR_POST,1,VERSION
RATE,CI_SPR_SARELTY,1,VERSION
RATE,CI_SPR_VALID,1,VERSION
RATE,CI_SPTY_ITEMTY,1,VERSION
RATE,CI_SPTY_MTRTY,1,VERSION
RATE,CI_SP_EQ,1,VERSION
RATE,CI_SP_GEO,1,VERSION
RATE,CI_SP_ITEM_EVT,1,VERSION
RATE,CI_SP_ITEM_HIST,1,VERSION
RATE,CI_SP_MTR_EVT,1,VERSION
RATE,CI_SP_MTR_HIST,1,VERSION
RATE,CI_SP_MULT_ITEM,1,VERSION
RATE,CI_SP_OP_AREA,1,VERSION
RATE,CI_SP_RTE,1,VERSION
RATE,CI_SP_RTE_CFG,1,VERSION
RATE,CI_SP_TYPE,1,VERSION
RATE,CI_SP_TYPE_CHAR,1,VERSION
RATE,CI_SP_TYPE_EQ,1,VERSION
RATE,CI_SP_TYPE_L,1,VERSION
RATE,CI_SQI,1,VERSION
RATE,CI_SQI_L,1,VERSION
RATE,CI_SQ_RULE,1,VERSION
RATE,CI_SQ_RULE_L,1,VERSION
RATE,CI_SS_OPT_COP,1,VERSION
RATE,CI_SS_OPT_IP,1,VERSION
RATE,CI_SS_OPT_L,1,VERSION
RATE,CI_SS_OPT_TC,1,VERSION
RATE,CI_SS_OPT_TMAP,1,VERSION
RATE,CI_SS_PHONE_OVRD,1,VERSION
RATE,CI_STATE,1,VERSION
RATE,CI_STATE_L,1,VERSION
RATE,CI_STK_LOC,1,VERSION
RATE,CI_STK_LOC_L,1,VERSION
RATE,CI_STM_CNST_DTL,1,VERSION
RATE,CI_STM_CYC,1,VERSION
RATE,CI_STM_CYC_L,1,VERSION
RATE,CI_STM_CYC_SCH,1,VERSION
RATE,CI_STM_DTL,1,VERSION
RATE,CI_STM_RTE_TY,1,VERSION
RATE,CI_STM_RTE_TY_L,1,VERSION
RATE,CI_SVC_RTE_STG_DWN,1,VERSION
RATE,CI_SVC_TYPE,1,VERSION
RATE,CI_SVC_TYPE_L,1,VERSION
RATE,CI_SVC_TYP_DFLT,1,VERSION
RATE,CI_TAX_EX_TYPE,1,VERSION
RATE,CI_TAX_EX_TYPE_L,1,VERSION
RATE,CI_TC,1,VERSION
RATE,CI_TC_L,1,VERSION
RATE,CI_TD_DRLKEY,1,VERSION
RATE,CI_TD_DRLKEY_1031,1,VERSION
RATE,CI_TD_DRLKEY_TY,1,VERSION
RATE,CI_TD_EX_LIST,1,VERSION
RATE,CI_TD_LOG,1,VERSION
RATE,CI_TD_LOG_1031,1,VERSION
RATE,CI_TD_MSG_PARM,1,VERSION
RATE,CI_TD_MSG_PARM_1031,1,VERSION
RATE,CI_TD_SRTKEY,1,VERSION
RATE,CI_TD_SRTKEY_1031,1,VERSION
RATE,CI_TD_SRTKEY_TY,1,VERSION
RATE,CI_TD_SRTKEY_TY_L,1,VERSION
RATE,CI_TD_TYPE,1,VERSION
RATE,CI_TD_TYPE_ALG,1,VERSION
RATE,CI_TD_TYPE_L,1,VERSION
RATE,CI_TD_VAL_ROLE,1,VERSION
RATE,CI_TENDER_TYPE_L,1,VERSION
RATE,CI_THRD_PTY,1,VERSION
RATE,CI_THRD_PTY_L,1,VERSION
RATE,CI_TIME_ZONE,1,VERSION
RATE,CI_TIME_ZONE_L,1,VERSION
RATE,CI_TMAP_COM_CAL,1,VERSION
RATE,CI_TMAP_COM_DAY,1,VERSION
RATE,CI_TMAP_COM_WK,1,VERSION
RATE,CI_TMAP_REL,1,VERSION
RATE,CI_TMAP_RELTY,1,VERSION
RATE,CI_TMAP_RELTY_L,1,VERSION
RATE,CI_TMAP_TMPL,1,VERSION
RATE,CI_TMAP_TMPL_L,1,VERSION
RATE,CI_TMAP_TYPE,1,VERSION
RATE,CI_TMAP_TYPE_L,1,VERSION
RATE,CI_TMAP_TYP_ALG,1,VERSION
RATE,CI_TNDR_DEP,1,VERSION
RATE,CI_TNDR_END_BAL,1,VERSION
RATE,CI_TOS_SA,1,VERSION
RATE,CI_TOS_TYPE,1,VERSION
RATE,CI_TOS_TYPE_CE,1,VERSION
RATE,CI_TOS_TYPE_L,1,VERSION
RATE,CI_TOU,1,VERSION
RATE,CI_TOU_BF_VAL,1,VERSION
RATE,CI_TOU_CONT_VAL,1,VERSION
RATE,CI_TOU_DATA_SET,1,VERSION
RATE,CI_TOU_DS_EXC,1,VERSION
RATE,CI_TOU_DS_EXP,1,VERSION
RATE,CI_TOU_GRP,1,VERSION
RATE,CI_TOU_GRP_L,1,VERSION
RATE,CI_TOU_GRP_TOU,1,VERSION
RATE,CI_TOU_L,1,VERSION
RATE,CI_TOU_MAP,1,VERSION
RATE,CI_TOU_MAP_L,1,VERSION
RATE,CI_TREND,1,VERSION
RATE,CI_TREND_AREA,1,VERSION
RATE,CI_TREND_AREA_L,1,VERSION
RATE,CI_TREND_CL,1,VERSION
RATE,CI_TREND_CL_L,1,VERSION
RATE,CI_TRG,1,VERSION
RATE,CI_TRG_FLD,1,VERSION
RATE,CI_TST_COMP_TYP,1,VERSION
RATE,CI_TST_COMP_TYP_L,1,VERSION
RATE,CI_TST_RES_TYP,1,VERSION
RATE,CI_TST_RES_TYP_L,1,VERSION
RATE,CI_TURN_IN,1,VERSION
RATE,CI_UA,1,VERSION
RATE,CI_UATY_TOSTY,1,VERSION
RATE,CI_UA_PER,1,VERSION
RATE,CI_UA_TYPE,1,VERSION
RATE,CI_UA_TYPE_ALG,1,VERSION
RATE,CI_UA_TYPE_L,1,VERSION
RATE,CI_UI_ZONE,1,VERSION
RATE,CI_UOM,1,VERSION
RATE,CI_UOM_L,1,VERSION
RATE,CI_USR_BOOKMARK,1,VERSION
RATE,CI_USR_GRP_SC,1,VERSION
RATE,CI_USR_NAV_LINK,1,VERSION
RATE,CI_USR_PORTAL,1,VERSION
RATE,CI_USR_SCR,1,VERSION
RATE,CI_USR_ZONE,1,VERSION
RATE,CI_UT_INSTL,1,VERSION
RATE,CI_UT_INSTL_DTL,1,VERSION
RATE,CI_VAL_ERR,1,VERSION
RATE,CI_VAL_FK_ERR,1,VERSION
RATE,CI_VAL_SUB_SATY,1,VERSION
RATE,CI_WFM,1,VERSION
RATE,CI_WFM_L,1,VERSION
RATE,CI_WFM_MSG,1,VERSION
RATE,CI_WFM_OPT,1,VERSION
RATE,CI_WF_EVT,1,VERSION
RATE,CI_WF_EVT_CHAR,1,VERSION
RATE,CI_WF_EVT_CTXT,1,VERSION
RATE,CI_WF_EVT_DEP,1,VERSION
RATE,CI_WF_EVT_EXC,1,VERSION
RATE,CI_WF_EVT_EXP,1,VERSION
RATE,CI_WF_EVT_TYPE,1,VERSION
RATE,CI_WF_EVT_TYPE_L,1,VERSION
RATE,CI_WF_PP,1,VERSION
RATE,CI_WF_PP_L,1,VERSION
RATE,CI_WF_PP_NT,1,VERSION
RATE,CI_WF_PP_NT_CRT,1,VERSION
RATE,CI_WF_PROC_CTXT,1,VERSION
RATE,CI_WF_PROC_MSGP,1,VERSION
RATE,CI_WF_PROC_SCHED,1,VERSION
RATE,CI_WF_PROC_TMPL,1,VERSION
RATE,CI_WF_PROC_TMPL_L,1,VERSION
RATE,CI_WF_RESP,1,VERSION
RATE,CI_WF_RESP_DEP,1,VERSION
RATE,CI_WO_CNTL,1,VERSION
RATE,CI_WO_CNTL_L,1,VERSION
RATE,CI_WO_CRIT,1,VERSION
RATE,CI_WO_DEBT_CL,1,VERSION
RATE,CI_WO_DEBT_CL_L,1,VERSION
RATE,CI_WO_EVT,1,VERSION
RATE,CI_WO_EVT_CC,1,VERSION
RATE,CI_WO_EVT_TYP,1,VERSION
RATE,CI_WO_EVT_TYP_L,1,VERSION
RATE,CI_WO_PROC_TMPL,1,VERSION
RATE,CI_WO_PROC_TMPL_L,1,VERSION
RATE,CI_WO_RESP,1,VERSION
RATE,CI_XAI_ADAPTER,1,VERSION
RATE,CI_XAI_ADAPTER_L,1,VERSION
RATE,CI_XAI_CLASS,1,VERSION
RATE,CI_XAI_CLASS_L,1,VERSION
RATE,CI_XAI_DWN,1,VERSION
RATE,CI_XAI_DWN_EXC,1,VERSION
RATE,CI_XAI_DWN_EXP,1,VERSION
RATE,CI_XAI_ENV_HNDL,1,VERSION
RATE,CI_XAI_ENV_HNDL_L,1,VERSION
RATE,CI_XAI_EXECUTER,1,VERSION
RATE,CI_XAI_EXECUTER_L,1,VERSION
RATE,CI_XAI_FORMAT,1,VERSION
RATE,CI_XAI_FORMAT_L,1,VERSION
RATE,CI_XAI_IN_SVC_L,1,VERSION
RATE,CI_XAI_JDBC_CON_L,1,VERSION
RATE,CI_XAI_JMS_CON,1,VERSION
RATE,CI_XAI_JMS_CON_L,1,VERSION
RATE,CI_XAI_JMS_Q,1,VERSION
RATE,CI_XAI_JMS_Q_L,1,VERSION
RATE,CI_XAI_JMS_TPC,1,VERSION
RATE,CI_XAI_JMS_TPC_L,1,VERSION
RATE,CI_XAI_JNDI_SVR,1,VERSION
RATE,CI_XAI_JNDI_SVR_L,1,VERSION
RATE,CI_XAI_OPTION,1,VERSION
RATE,CI_XAI_RGRP_ATT,1,VERSION
RATE,CI_XAI_RGRP_L,1,VERSION
RATE,CI_XAI_ROUTING,1,VERSION
RATE,CI_XAI_RT_TYPE,1,VERSION
RATE,CI_XAI_RT_TYPE_L,1,VERSION
RATE,CI_XAI_RULE,1,VERSION
RATE,CI_XAI_SENDER,1,VERSION
RATE,CI_XAI_SENDER_L,1,VERSION
RATE,CI_XAI_SNDR_CTX,1,VERSION
RATE,CI_XAI_SVC_PARM,1,VERSION
RATE,CI_XML_STGCTL_P,1,VERSION
RATE,CI_XML_STGUP,1,VERSION
RATE,CI_XML_STGUPEXP,1,VERSION
RATE,CI_XML_STGUP_EX,1,VERSION
RATE,CI_XML_STG_CTL,1,VERSION
RATE,CI_ZONE,1,VERSION
RATE,CI_ZONE_HDL,1,VERSION
RATE,CI_ZONE_HDL_L,1,VERSION
RATE,CI_ZONE_HDL_PRM,1,VERSION
RATE,CI_ZONE_HDL_PRM_L,1,VERSION
RATE,CI_ZONE_L,1,VERSION
RATE,CI_ZONE_PRM,1,VERSION
RATE,CMS_CI_APPR_REQ_BODA_VW,1,C1_AREQ_REJECT_RSN_FLG
RATE,CMS_CI_CASE_VW,1,ILM_ARCH_SW
RATE,D1_ACTIVITY_ADJ_TYPE,1,VERSION
RATE,D1_ACTIVITY_IDENTIFIER,1,VERSION
RATE,D1_ACTIVITY_LOG,1,VERSION
RATE,D1_ACTIVITY_LOG_PARM,1,VERSION
RATE,D1_ACTIVITY_REL,1,VERSION
RATE,D1_ACTIVITY_REL_OBJ,1,VERSION
RATE,D1_ACTIVITY_TYPE_DIV,1,VERSION
RATE,D1_ACTIVITY_TYPE_FLD_TASK_TYPE,1,VERSION
RATE,D1_ACTIVITY_TYPE_L,1,VERSION
RATE,D1_ADS,1,VERSION
RATE,D1_ADS_IDENTIFIER,1,VERSION
RATE,D1_ADS_LOG,1,VERSION
RATE,D1_ADS_LOG_PARM,1,VERSION
RATE,D1_ADS_TYPE_L,1,VERSION
RATE,D1_AGG_GROUP,1,VERSION
RATE,D1_AGG_GROUP_L,1,VERSION
RATE,D1_AGG_GROUP_LOG,1,VERSION
RATE,D1_AGG_GROUP_LOG_PARM,1,VERSION
RATE,D1_AGG_GROUP_RUN,1,VERSION
RATE,D1_AGG_MSRMT,1,VERSION
RATE,D1_ATTR_GRP,1,VERSION
RATE,D1_ATTR_GRP_L,1,VERSION
RATE,D1_ATTR_VAL_LOG,1,VERSION
RATE,D1_ATTR_VAL_LOG_PARM,1,VERSION
RATE,D1_BILL_CYC,1,VERSION
RATE,D1_BILL_CYC_L,1,VERSION
RATE,D1_BILL_CYC_SCH,1,VERSION
RATE,D1_COMMAND_SET,1,VERSION
RATE,D1_COMMAND_SET_BUS_OBJ,1,VERSION
RATE,D1_COMMAND_SET_L,1,VERSION
RATE,D1_COMM_IN_IDENTIFIER,1,VERSION
RATE,D1_COMM_IN_LOG,1,VERSION
RATE,D1_COMM_IN_LOG_PARM,1,VERSION
RATE,D1_COMM_IN_REL_OBJ,1,VERSION
RATE,D1_COMM_OUT_IDENTIFIER,1,VERSION
RATE,D1_COMM_OUT_LOG,1,VERSION
RATE,D1_COMM_OUT_LOG_PARM,1,VERSION
RATE,D1_COMM_OUT_REL_OBJ,1,VERSION
RATE,D1_COMM_TYPE,1,VERSION
RATE,D1_COMM_TYPE_L,1,VERSION
RATE,D1_COMPL_EVT_LOG,1,VERSION
RATE,D1_COMPL_EVT_LOG_PARM,1,VERSION
RATE,D1_COMPL_EVT_REL_OBJ,1,VERSION
RATE,D1_CONS_EXT_TYPE,1,VERSION
RATE,D1_CONS_EXT_TYPE_ALG,1,VERSION
RATE,D1_CONS_EXT_TYPE_IRR_DATA_MAP,1,VERSION
RATE,D1_CONS_EXT_TYPE_L,1,VERSION
RATE,D1_CONS_EXT_TYPE_MDS_TYPE,1,VERSION
RATE,D1_CONS_EXT_TYPE_SP_TYPE,1,VERSION
RATE,D1_CONS_EXT_TYPE_US_TYPE,1,VERSION
RATE,D1_CONTACT,1,VERSION
RATE,D1_CONTACT_EMAIL,1,VERSION
RATE,D1_CONTACT_IDENTIFIER,1,VERSION
RATE,D1_CONTACT_NAME,1,VERSION
RATE,D1_CONTACT_PHONE,1,VERSION
RATE,D1_CONTACT_TYPE,1,VERSION
RATE,D1_CONTACT_TYPE_L,1,VERSION
RATE,D1_DIVISION,1,VERSION
RATE,D1_DIVISION_L,1,VERSION
RATE,D1_DVC,1,VERSION
RATE,D1_DVC_CFG,1,VERSION
RATE,D1_DVC_CFG_BK_1018,1,VERSION
RATE,D1_DVC_CFG_LOG,1,VERSION
RATE,D1_DVC_CFG_LOG_PARM,1,VERSION
RATE,D1_DVC_CFG_TMP,1,VERSION
RATE,D1_DVC_CFG_TYPE,1,VERSION
RATE,D1_DVC_CFG_TYPE_L,1,VERSION
RATE,D1_DVC_CFG_TYPE_MC_TYPE,1,VERSION
RATE,D1_DVC_EQPMNT,1,VERSION
RATE,D1_DVC_EVT_IDENTIFIER,1,VERSION
RATE,D1_DVC_EVT_LOG,1,VERSION
RATE,D1_DVC_EVT_LOG_PARM,1,VERSION
RATE,D1_DVC_EVT_REL_OBJ,1,VERSION
RATE,D1_DVC_EVT_TYPE,1,VERSION
RATE,D1_DVC_EVT_TYPE_L,1,VERSION
RATE,D1_DVC_IDENTIFIER,1,VERSION
RATE,D1_DVC_LOG,1,VERSION
RATE,D1_DVC_LOG_PARM,1,VERSION
RATE,D1_DVC_TYPE_CFG_TYPE,1,VERSION
RATE,D1_DVC_TYPE_L,1,VERSION
RATE,D1_DVC_TYPE_SPR,1,VERSION
RATE,D1_DVC_TYPE_SQ,1,VERSION
RATE,D1_DVC_TYPE_VALID_DVC_CHAR,1,VERSION
RATE,D1_DYN_OPT,1,VERSION
RATE,D1_DYN_OPT_EVENT,1,VERSION
RATE,D1_DYN_OPT_EVENT_LOG,1,VERSION
RATE,D1_DYN_OPT_EVENT_LOG_PARM,1,VERSION
RATE,D1_DYN_OPT_L,1,VERSION
RATE,D1_DYN_OPT_LOG,1,VERSION
RATE,D1_DYN_OPT_LOG_PARM,1,VERSION
RATE,D1_DYN_OPT_QUESTION,1,VERSION
RATE,D1_DYN_OPT_RULE,1,VERSION
RATE,D1_DYN_OPT_SPECIFICATION,1,VERSION
RATE,D1_DYN_OPT_TYPE,1,VERSION
RATE,D1_DYN_OPT_TYPE_L,1,VERSION
RATE,D1_DYN_OPT_TYPE_REL,1,VERSION
RATE,D1_EVT_PARTICIPATION_LOG,1,VERSION
RATE,D1_EVT_PARTICIPATION_LOG_PARM,1,VERSION
RATE,D1_EXCP_TYPE,1,VERSION
RATE,D1_EXCP_TYPE_L,1,VERSION
RATE,D1_EXT_US_SCLR_MDS_CONST_VW,1,SOURCE_ID_TYPE_CD
RATE,D1_FACILITY,1,VERSION
RATE,D1_FACILITY_IDENTIFIER,1,VERSION
RATE,D1_FACILITY_L,1,VERSION
RATE,D1_FACILITY_LOG,1,VERSION
RATE,D1_FACILITY_LOG_PARM,1,VERSION
RATE,D1_FACILITY_SP,1,VERSION
RATE,D1_FACTOR_CHAR_VALUE,1,VERSION
RATE,D1_FACTOR_L,1,VERSION
RATE,D1_FACTOR_VALUE,1,VERSION
RATE,D1_INIT_MSRMT_DATA_LOG,1,VERSION
RATE,D1_INIT_MSRMT_DATA_LOG_PARM,1,VERSION
RATE,D1_INIT_MSRMT_SNAP_LOG,1,VERSION
RATE,D1_INIT_MSRMT_SNAP_LOG_PARM,1,VERSION
RATE,D1_INSTALL_EVT,1,VERSION
RATE,D1_INSTALL_EVT_LOG,1,VERSION
RATE,D1_INSTALL_EVT_LOG_PARM,1,VERSION
RATE,D1_INT_SNAP_MAP,1,VERSION
RATE,D1_MANUFACTURER,1,VERSION
RATE,D1_MANUFACTURER_L,1,VERSION
RATE,D1_MC_COMPAR_PERIOD,1,VERSION
RATE,D1_MC_COMPAR_PERIOD_LOG,1,VERSION
RATE,D1_MC_COMPAR_TYPE,1,VERSION
RATE,D1_MC_COMPAR_TYPE_L,1,VERSION
RATE,D1_MC_COMPAR_TYPE_REL_OBJ,1,VERSION
RATE,D1_MC_TYPE_VALUE_IDENTIFIER,1,VERSION
RATE,D1_MC_TYPE_VALUE_IDENTIFIER_L,1,VERSION
RATE,D1_MEASR_BK_1027,1,VERSION
RATE,D1_MEASR_COMP,1,VERSION
RATE,D1_MEASR_COMP_IDENTIFIER,1,VERSION
RATE,D1_MEASR_COMP_LOG,1,VERSION
RATE,D1_MEASR_COMP_LOG_PARM,1,VERSION
RATE,D1_MEASR_COMP_REL,1,VERSION
RATE,D1_MEASR_COMP_SET_L,1,VERSION
RATE,D1_MEASR_COMP_SET_LOG,1,VERSION
RATE,D1_MEASR_COMP_SET_LOG_PARM,1,VERSION
RATE,D1_MEASR_COMP_SET_PARTICIPANT,1,VERSION
RATE,D1_MEASR_COMP_SET_REL,1,VERSION
RATE,D1_MEASR_COMP_TYPE_L,1,VERSION
RATE,D1_MEASR_COMP_TYPE_VEE_GRP,1,VERSION
RATE,D1_MEASR_COMP_TYP_FBK_VEE_GRP,1,VERSION
RATE,D1_MEASR_COMP_VEE_GROUP,1,VERSION
RATE,D1_MKT,1,VERSION
RATE,D1_MKT_AWARD_IDENTIFIER,1,VERSION
RATE,D1_MKT_AWARD_LOG,1,VERSION
RATE,D1_MKT_AWARD_LOG_PARM,1,VERSION
RATE,D1_MKT_CONTRACT,1,VERSION
RATE,D1_MKT_CONTRACT_IDENTIFIER,1,VERSION
RATE,D1_MKT_CONTRACT_LOG,1,VERSION
RATE,D1_MKT_CONTRACT_LOG_PARM,1,VERSION
RATE,D1_MKT_CONTRACT_TYPE_L,1,VERSION
RATE,D1_MKT_FALLBACK_SPR,1,VERSION
RATE,D1_MKT_L,1,VERSION
RATE,D1_MKT_PRODUCT,1,VERSION
RATE,D1_MKT_PRODUCT_IDENTIFIER,1,VERSION
RATE,D1_MKT_PRODUCT_L,1,VERSION
RATE,D1_MKT_PRODUCT_LOG,1,VERSION
RATE,D1_MKT_PRODUCT_LOG_PARM,1,VERSION
RATE,D1_MKT_PRODUCT_SET,1,VERSION
RATE,D1_MKT_PRODUCT_SET_L,1,VERSION
RATE,D1_MKT_PRODUCT_TYPE,1,VERSION
RATE,D1_MKT_PRODUCT_TYPE_L,1,VERSION
RATE,D1_MKT_REL_TYPE,1,VERSION
RATE,D1_MKT_RP,1,VERSION
RATE,D1_MKT_RP_IDENTIFIER,1,VERSION
RATE,D1_MKT_RP_LOG,1,VERSION
RATE,D1_MKT_RP_LOG_PARM,1,VERSION
RATE,D1_MKT_RP_REL,1,VERSION
RATE,D1_MKT_RP_REL_OBJ,1,VERSION
RATE,D1_MKT_VALID_SPR,1,VERSION
RATE,D1_MODEL,1,VERSION
RATE,D1_MODEL_L,1,VERSION
RATE,D1_MSRMT,1,VERSION
RATE,D1_MSRMT_CYC,1,VERSION
RATE,D1_MSRMT_CYC_BILL_CYC,1,VERSION
RATE,D1_MSRMT_CYC_L,1,VERSION
RATE,D1_MSRMT_CYC_MCR,1,VERSION
RATE,D1_MSRMT_CYC_RTE,1,VERSION
RATE,D1_MSRMT_CYC_RTE_L,1,VERSION
RATE,D1_MSRMT_CYC_SCHED,1,VERSION
RATE,D1_MSRMT_CYC_SCHED_RTE,1,VERSION
RATE,D1_MSRMT_DATA_SNAP_TYPE_L,1,VERSION
RATE,D1_MSRMT_LOG,1,VERSION
RATE,D1_MSRMT_LOG_PARM,1,VERSION
RATE,D1_MULTI_VAR_FACTOR,1,VERSION
RATE,D1_MULTI_VAR_FACTOR_L,1,VERSION
RATE,D1_MULTI_VAR_FACTOR_VAL,1,VERSION
RATE,D1_NW_LOC,1,VERSION
RATE,D1_NW_LOC_IDENTIFIER,1,VERSION
RATE,D1_NW_LOC_LOG,1,VERSION
RATE,D1_NW_LOC_LOG_PARM,1,VERSION
RATE,D1_NW_NODE,1,VERSION
RATE,D1_ON_OFF_HIST,1,VERSION
RATE,D1_PROC_MTHD,1,VERSION
RATE,D1_PROC_MTHD_L,1,VERSION
RATE,D1_PROC_TIMETABLE_TYPE,1,VERSION
RATE,D1_PROC_TIMETABLE_TYPE_L,1,VERSION
RATE,D1_RULE,1,VERSION
RATE,D1_RULE_L,1,VERSION
RATE,D1_SETT_UNIT,1,VERSION
RATE,D1_SETT_UNIT_DIM_COMB,1,VERSION
RATE,D1_SETT_UNIT_DIM_VAL,1,VERSION
RATE,D1_SETT_UNIT_L,1,VERSION
RATE,D1_SPR,1,VERSION
RATE,D1_SPR_L,1,VERSION
RATE,D1_SP_CONTACT,1,VERSION
RATE,D1_SP_EQPMNT,1,VERSION
RATE,D1_SP_FACILITY,1,VERSION
RATE,D1_SP_IDENTIFIER,1,VERSION
RATE,D1_SP_LOG,1,VERSION
RATE,D1_SP_LOG_PARM,1,VERSION
RATE,D1_SP_MKT_PARTICIPANT,1,VERSION
RATE,D1_SP_MSRMT_CYC_SCHED_RTE,1,VERSION
RATE,D1_SP_QTY,1,VERSION
RATE,D1_SP_QTY_LOG,1,VERSION
RATE,D1_SP_QTY_LOG_PARM,1,VERSION
RATE,D1_SP_QTY_TYPE,1,VERSION
RATE,D1_SP_QTY_TYPE_IDENTIFIER,1,VERSION
RATE,D1_SP_QTY_TYPE_IDENTIFIER_L,1,VERSION
RATE,D1_SP_QTY_TYPE_L,1,VERSION
RATE,D1_SP_REL,1,VERSION
RATE,D1_SP_TYPE,1,VERSION
RATE,D1_SP_TYPE_DEVICE_TYPE,1,VERSION
RATE,D1_SP_TYPE_DISCONNECT_LOCATION,1,VERSION
RATE,D1_SP_TYPE_DIV,1,VERSION
RATE,D1_SP_TYPE_FIELD_TASK_TYPE,1,VERSION
RATE,D1_SP_TYPE_L,1,VERSION
RATE,D1_SQI,1,VERSION
RATE,D1_SQI_L,1,VERSION
RATE,D1_STG_MSRMT,1,VERSION
RATE,D1_SVC_TYPE,1,VERSION
RATE,D1_SVC_TYPE_L,1,VERSION
RATE,D1_TOU,1,VERSION
RATE,D1_TOU_GRP,1,VERSION
RATE,D1_TOU_GRP_L,1,VERSION
RATE,D1_TOU_GRP_TOU,1,VERSION
RATE,D1_TOU_L,1,VERSION
RATE,D1_TOU_MAP,1,VERSION
RATE,D1_TOU_MAP_DATA,1,VERSION
RATE,D1_TOU_MAP_DYN_OPT,1,VERSION
RATE,D1_TOU_MAP_L,1,VERSION
RATE,D1_TOU_MAP_LOG,1,VERSION
RATE,D1_TOU_MAP_LOG_PARM,1,VERSION
RATE,D1_TOU_MAP_TMPLT,1,VERSION
RATE,D1_TOU_MAP_TMPLT_L,1,VERSION
RATE,D1_TOU_MAP_TYPE,1,VERSION
RATE,D1_TOU_MAP_TYPE_L,1,VERSION
RATE,D1_TOU_MAP_TYPE_TMPLT,1,VERSION
RATE,D1_UOM,1,VERSION
RATE,D1_UOM_L,1,VERSION
RATE,D1_US,1,VERSION
RATE,D1_USAGE_EXCP_PARM,1,VERSION
RATE,D1_USAGE_EXCP_TYPE,1,VERSION
RATE,D1_USAGE_EXCP_TYPE_L,1,VERSION
RATE,D1_USAGE_LOG,1,VERSION
RATE,D1_USAGE_LOG_PARM,1,VERSION
RATE,D1_USAGE_PERIOD,1,VERSION
RATE,D1_USAGE_PERIOD_ITEM_DET,1,VERSION
RATE,D1_USAGE_PERIOD_SQ,1,VERSION
RATE,D1_USAGE_REL,1,VERSION
RATE,D1_USER_DIV,1,VERSION
RATE,D1_USG_CAL_TYPE,1,VERSION
RATE,D1_USG_CAL_TYPE_L,1,VERSION
RATE,D1_USG_CAL_TYPE_REQ_TYPE,1,VERSION
RATE,D1_USG_CAL_TYPE_USTYPE_USG_GRP,1,VERSION
RATE,D1_USG_CAL_TYPE_US_TYPE,1,VERSION
RATE,D1_USG_GRP,1,VERSION
RATE,D1_USG_GRP_L,1,VERSION
RATE,D1_USG_GRP_VAL_DC_TYPE,1,VERSION
RATE,D1_USG_RULE,1,VERSION
RATE,D1_USG_RULE_ELIG_CRIT,1,VERSION
RATE,D1_USG_RULE_ELIG_CRIT_L,1,VERSION
RATE,D1_USG_RULE_L,1,VERSION
RATE,D1_US_CONTACT,1,VERSION
RATE,D1_US_DYN_OPT,1,VERSION
RATE,D1_US_DYN_OPT_OVRRD,1,VERSION
RATE,D1_US_FACTOR_OVRD,1,VERSION
RATE,D1_US_IDENTIFIER,1,VERSION
RATE,D1_US_LOG,1,VERSION
RATE,D1_US_LOG_PARM,1,VERSION
RATE,D1_US_MC,1,VERSION
RATE,D1_US_MC_SET,1,VERSION
RATE,D1_US_MKT_PART,1,VERSION
RATE,D1_US_MKT_PART_IDENTIFIER,1,VERSION
RATE,D1_US_MKT_PART_LOG,1,VERSION
RATE,D1_US_MKT_PART_LOG_PARM,1,VERSION
RATE,D1_US_QTY,1,VERSION
RATE,D1_US_QTY_LOG,1,VERSION
RATE,D1_US_QTY_LOG_PARM,1,VERSION
RATE,D1_US_QTY_TYPE,1,VERSION
RATE,D1_US_QTY_TYPE_IDENTIFIER,1,VERSION
RATE,D1_US_QTY_TYPE_IDENTIFIER_L,1,VERSION
RATE,D1_US_QTY_TYPE_L,1,VERSION
RATE,D1_US_REL,1,VERSION
RATE,D1_US_TYPE,1,VERSION
RATE,D1_US_TYPE_FB_USG_GRP,1,VERSION
RATE,D1_US_TYPE_L,1,VERSION
RATE,D1_US_TYPE_VALID_US_CHAR,1,VERSION
RATE,D1_US_TYPE_VAL_DYN_OPT_TYPE,1,VERSION
RATE,D1_US_TYPE_VAL_SPR,1,VERSION
RATE,D1_US_TYPE_VAL_SP_TYPE,1,VERSION
RATE,D1_US_TYPE_VAL_USG_GRP,1,VERSION
RATE,D1_US_USG_GRP,1,VERSION
RATE,D1_US_USG_GRP_DL,1,VERSION
RATE,D1_US_USG_GRP_SEQ,1,VERSION
RATE,D1_VALID_MULTI_VAR_FACTOR,1,VERSION
RATE,D1_VEE_ELIG_CRIT,1,VERSION
RATE,D1_VEE_ELIG_CRIT_L,1,VERSION
RATE,D1_VEE_EXCP_PARM,1,VERSION
RATE,D1_VEE_GRP,1,VERSION
RATE,D1_VEE_GRP_L,1,VERSION
RATE,D1_VEE_RULE,1,VERSION
RATE,D1_VEE_RULE_L,1,VERSION
RATE,DR$XM171S3$I,1,TOKEN_FIRST
RATE,DR$XM174S6$I,1,TOKEN_FIRST
RATE,DR$XM174S7$I,1,TOKEN_FIRST
RATE,DR$XM409S5$I,1,TOKEN_FIRST
RATE,DR$XM409S6$I,1,TOKEN_FIRST
RATE,ERR$_C1_BI_FTGL_MONTHLY_A,1,RS_CD
RATE,ERR$_C1_BI_FT_MONTHLY_A,1,RS_CD
RATE,F1_ACTION_METHOD,1,VERSION
RATE,F1_ACTION_METHOD_L,1,VERSION
RATE,F1_ATTACHMENT,1,VERSION
RATE,F1_ATTACHMENT_VW,1,VERSION
RATE,F1_BATCH_CONF_VW,1,WORST_ELAPSED
RATE,F1_BATCH_RUN_ANALYTICS_SNAP,1,VERSION
RATE,F1_BATCH_THD_ANALYTICS_SNAP,1,VERSION
RATE,F1_BKT_CONFIG,1,VERSION
RATE,F1_BKT_CONFIG_L,1,VERSION
RATE,F1_BKT_CONFIG_REL_OBJ,1,VERSION
RATE,F1_BKT_CONFIG_VAL,1,VERSION
RATE,F1_BKT_CONFIG_VAL_L,1,VERSION
RATE,F1_BNDL,1,VERSION
RATE,F1_BNDL_ENTITY,1,VERSION
RATE,F1_BNDL_LOG,1,VERSION
RATE,F1_BNDL_LOG_PARM,1,VERSION
RATE,F1_BUS_EVT_LOG,1,VERSION
RATE,F1_BUS_EVT_LOG_MSG_PARM,1,VERSION
RATE,F1_BUS_FLG_LOG,1,VERSION
RATE,F1_BUS_FLG_LOG_PARM,1,VERSION
RATE,F1_BUS_FLG_REL,1,VERSION
RATE,F1_BUS_FLG_REL_OBJ,1,VERSION
RATE,F1_BUS_FLG_TYPE,1,VERSION
RATE,F1_BUS_FLG_TYPE_ALG,1,VERSION
RATE,F1_BUS_FLG_TYPE_BUS_PROC,1,VERSION
RATE,F1_BUS_FLG_TYPE_L,1,VERSION
RATE,F1_BUS_OBJ,1,VERSION
RATE,F1_BUS_OBJ_ALG,1,VERSION
RATE,F1_BUS_OBJ_L,1,VERSION
RATE,F1_BUS_OBJ_OPT,1,VERSION
RATE,F1_BUS_OBJ_STATUS,1,VERSION
RATE,F1_BUS_OBJ_STATUS_ALG,1,VERSION
RATE,F1_BUS_OBJ_STATUS_L,1,VERSION
RATE,F1_BUS_OBJ_STATUS_OPT,1,VERSION
RATE,F1_BUS_OBJ_STATUS_RSN,1,VERSION
RATE,F1_BUS_OBJ_STATUS_RSN_L,1,VERSION
RATE,F1_BUS_OBJ_TR_RULE,1,VERSION
RATE,F1_BUS_OBJ_TR_RULE_L,1,VERSION
RATE,F1_BUS_SVC,1,VERSION
RATE,F1_BUS_SVC_L,1,VERSION
RATE,F1_CALENDAR_D,1,VERSION
RATE,F1_COLOR_OPT,1,VERSION
RATE,F1_COLOR_OPT_ITEM,1,VERSION
RATE,F1_COLOR_OPT_L,1,VERSION
RATE,F1_CRYPTO_KEY,1,VERSION
RATE,F1_CRYPTO_KEY_RING,1,VERSION
RATE,F1_CRYPTO_KEY_RING_L,1,VERSION
RATE,F1_CRYPTO_KEY_RING_LOG,1,VERSION
RATE,F1_CRYPTO_KEY_RING_LOG_PARM,1,VERSION
RATE,F1_CUBE_TYPE,1,VERSION
RATE,F1_CUBE_TYPE_L,1,VERSION
RATE,F1_CUBE_VIEW,1,VERSION
RATE,F1_CUBE_VIEW_L,1,VERSION
RATE,F1_CUBE_VIEW_LOG,1,VERSION
RATE,F1_CUBE_VIEW_LOG_PARM,1,VERSION
RATE,F1_DATA_AREA,1,VERSION
RATE,F1_DATA_AREA_L,1,VERSION
RATE,F1_DATA_EXPORT_CTRL,1,VERSION
RATE,F1_DATA_EXPORT_CTRL_LOG,1,VERSION
RATE,F1_DATA_EXPORT_CTRL_LOG_PARM,1,VERSION
RATE,F1_DB_OBJECTS_REPO,1,VERSION
RATE,F1_DEPLOYMENT_ITEM,1,VERSION
RATE,F1_DEPLOYMENT_ITEM_METADATA,1,VERSION
RATE,F1_DEPLOYMENT_PART,1,VERSION
RATE,F1_DEPLOYMENT_PART_L,1,VERSION
RATE,F1_DEPLOYMENT_TYPE,1,VERSION
RATE,F1_DEPLOYMENT_TYPE_L,1,VERSION
RATE,F1_DEPTYP_DEPPART,1,VERSION
RATE,F1_DEPTYP_MDT_TYPE,1,VERSION
RATE,F1_DEPTYP_MSG_CAT,1,VERSION
RATE,F1_DEPTYP_USR_GRP,1,VERSION
RATE,F1_ERASURE_SCHED_LOG,1,VERSION
RATE,F1_ERASURE_SCHED_LOG_PARM,1,VERSION
RATE,F1_EXT_LOOKUP_VAL,1,VERSION
RATE,F1_EXT_LOOKUP_VAL_L,1,VERSION
RATE,F1_FACT,1,VERSION
RATE,F1_FACT_LOG,1,VERSION
RATE,F1_FACT_LOG_PARM,1,VERSION
RATE,F1_FILE_INT_REC,1,VERSION
RATE,F1_FILE_INT_REC_ALG,1,VERSION
RATE,F1_FILE_INT_REC_L,1,VERSION
RATE,F1_FILE_INT_TYPE,1,VERSION
RATE,F1_FILE_INT_TYPE_L,1,VERSION
RATE,F1_GEN_PROC,1,VERSION
RATE,F1_GNRL_AUDIT_VAL,1,VERSION
RATE,F1_INSIGHT_GRP,1,VERSION
RATE,F1_INSIGHT_GRP_L,1,VERSION
RATE,F1_INSIGHT_GRP_TYPE,1,VERSION
RATE,F1_INSIGHT_GRP_VISUAL_STR,1,VERSION
RATE,F1_INSIGHT_TYPE,1,VERSION
RATE,F1_INSIGHT_TYPE_ALG,1,VERSION
RATE,F1_INSIGHT_TYPE_L,1,VERSION
RATE,F1_INSIGHT_TYPE_USER_ACT,1,VERSION
RATE,F1_INSIGHT_TYPE_USER_ACT_ALG,1,VERSION
RATE,F1_INSIGHT_TYPE_VISUAL_SETTING,1,VERSION
RATE,F1_INSTALLATION,1,VERSION
RATE,F1_IWS_ANN,1,VERSION
RATE,F1_IWS_ANN_L,1,VERSION
RATE,F1_IWS_ANN_PARM,1,VERSION
RATE,F1_IWS_ANN_TYPE,1,VERSION
RATE,F1_IWS_ANN_TYPE_L,1,VERSION
RATE,F1_IWS_ANN_TYPE_PARM,1,VERSION
RATE,F1_IWS_ANN_TYPE_PARM_L,1,VERSION
RATE,F1_IWS_SVC_ANN,1,VERSION
RATE,F1_IWS_SVC_FLDTEXT,1,VERSION
RATE,F1_IWS_SVC_L,1,VERSION
RATE,F1_IWS_SVC_LOG,1,VERSION
RATE,F1_IWS_SVC_LOG_PARM,1,VERSION
RATE,F1_IWS_SVC_OPER_L,1,VERSION
RATE,F1_IWS_SVC_OPER_OPT,1,VERSION
RATE,F1_IWS_SVC_OPER_PARM,1,VERSION
RATE,F1_IWS_SVC_SCHEMA,1,VERSION
RATE,F1_LGCY_OBJ,1,VERSION
RATE,F1_MANAG_CONTENT,1,VERSION
RATE,F1_MANAG_CONTENT_L,1,VERSION
RATE,F1_MAP,1,VERSION
RATE,F1_MAP_L,1,VERSION
RATE,F1_MAP_OVRD,1,VERSION
RATE,F1_MDT_TYPE,1,VERSION
RATE,F1_MDT_TYPE_L,1,VERSION
RATE,F1_MD_BI_TBL,1,VERSION
RATE,F1_MD_BI_TBL_FLD,1,VERSION
RATE,F1_MD_BI_TBL_L,1,VERSION
RATE,F1_MD_DB_OBJ,1,VERSION
RATE,F1_MIGR_DATA_ST_ALG,1,VERSION
RATE,F1_MIGR_DATA_ST_LOG,1,VERSION
RATE,F1_MIGR_DATA_ST_LOG_PARM,1,VERSION
RATE,F1_MIGR_DATA_ST_TBL,1,VERSION
RATE,F1_MIGR_OBJ_ALG,1,VERSION
RATE,F1_MIGR_OBJ_CLOB,1,VERSION
RATE,F1_MIGR_OBJ_DATA,1,VERSION
RATE,F1_MIGR_OBJ_LOG,1,VERSION
RATE,F1_MIGR_OBJ_LOG_PARM,1,VERSION
RATE,F1_MIGR_OBJ_SQL,1,VERSION
RATE,F1_MIGR_OBJ_SQL_PK,1,VERSION
RATE,F1_MIGR_PLAN,1,VERSION
RATE,F1_MIGR_PLAN_INSTR_ALG,1,VERSION
RATE,F1_MIGR_PLAN_INSTR_L,1,VERSION
RATE,F1_MIGR_PLAN_L,1,VERSION
RATE,F1_MIGR_REQ,1,VERSION
RATE,F1_MIGR_REQ_INCL_REQ,1,VERSION
RATE,F1_MIGR_REQ_INSTR,1,VERSION
RATE,F1_MIGR_REQ_INSTR_ENTITY,1,VERSION
RATE,F1_MIGR_REQ_INSTR_L,1,VERSION
RATE,F1_MIGR_REQ_L,1,VERSION
RATE,F1_MIGR_TRANS,1,VERSION
RATE,F1_MIGR_TRANS_LOG,1,VERSION
RATE,F1_MIGR_TRANS_LOG_PARM,1,VERSION
RATE,F1_MKTCFG,1,VERSION
RATE,F1_MKTCFG_L,1,VERSION
RATE,F1_MKTMSG_IN_DATA,1,VERSION
RATE,F1_MKTMSG_IN_EXT_REF,1,VERSION
RATE,F1_MKTMSG_IN_ID,1,VERSION
RATE,F1_MKTMSG_IN_LOG,1,VERSION
RATE,F1_MKTMSG_IN_LOG_PARM,1,VERSION
RATE,F1_MKTMSG_IN_REL_OBJ,1,VERSION
RATE,F1_MKTMSG_OUT_DATA,1,VERSION
RATE,F1_MKTMSG_OUT_EXT_REF,1,VERSION
RATE,F1_MKTMSG_OUT_ID,1,VERSION
RATE,F1_MKTMSG_OUT_LOG,1,VERSION
RATE,F1_MKTMSG_OUT_LOG_PARM,1,VERSION
RATE,F1_MKTMSG_OUT_REL_OBJ,1,VERSION
RATE,F1_MKTMSG_TYPE,1,VERSION
RATE,F1_MKTMSG_TYPE_L,1,VERSION
RATE,F1_MKTPROC_EVT_LOG,1,VERSION
RATE,F1_MKTPROC_EVT_LOG_PARM,1,VERSION
RATE,F1_MKTPROC_EVT_REL_OBJ,1,VERSION
RATE,F1_MKTPROC_ID,1,VERSION
RATE,F1_MKTPROC_LOG,1,VERSION
RATE,F1_MKTPROC_LOG_PARM,1,VERSION
RATE,F1_MKTPROC_REL_OBJ,1,VERSION
RATE,F1_MKTPROC_REL_PROC,1,VERSION
RATE,F1_MKTPROC_TYPE,1,VERSION
RATE,F1_MKTPROC_TYPE_L,1,VERSION
RATE,F1_MOBILE_COMPONENT,1,VERSION
RATE,F1_MOBILE_COMPONENT_L,1,VERSION
RATE,F1_MST_CONFIG,1,VERSION
RATE,F1_OBJ_REV_LOG,1,VERSION
RATE,F1_OBJ_REV_LOG_PARM,1,VERSION
RATE,F1_OUTMSG_ERRPARM,1,VERSION
RATE,F1_OUTMSG_TYPE,1,VERSION
RATE,F1_OUTMSG_TYPE_L,1,VERSION
RATE,F1_PERF_TGT,1,VERSION
RATE,F1_PERF_TGT_L,1,VERSION
RATE,F1_PERF_TGT_LOG_PARM,1,VERSION
RATE,F1_PERF_TGT_REL_OBJ,1,VERSION
RATE,F1_PERF_TGT_TYPE,1,VERSION
RATE,F1_PERF_TGT_TYPE_L,1,VERSION
RATE,F1_PROC_DEFN,1,VERSION
RATE,F1_PROC_DEFN_L,1,VERSION
RATE,F1_PROC_NEXT_PANEL,1,VERSION
RATE,F1_PROC_PANEL,1,VERSION
RATE,F1_PROC_STORE_LOG,1,VERSION
RATE,F1_PROC_STORE_LOG_PARM,1,VERSION
RATE,F1_REDACTION_RULE_L,1,VERSION
RATE,F1_REMOTE_MSG_LOG,1,VERSION
RATE,F1_REMOTE_MSG_LOG_PARM,1,VERSION
RATE,F1_REQ,1,VERSION
RATE,F1_REQ_LOG,1,VERSION
RATE,F1_REQ_LOG_PARM,1,VERSION
RATE,F1_REQ_TYPE,1,VERSION
RATE,F1_REQ_TYPE_L,1,VERSION
RATE,F1_REQ_TYPE_LOG,1,VERSION
RATE,F1_REQ_TYPE_LOG_PARM,1,VERSION
RATE,F1_SCHEMA,1,VERSION
RATE,F1_STATS,1,VERSION
RATE,F1_STATS_L,1,VERSION
RATE,F1_STATS_LOG,1,VERSION
RATE,F1_STATS_LOG_PARM,1,VERSION
RATE,F1_STATS_REL_OBJ,1,VERSION
RATE,F1_STATS_SNPSHT_LOG,1,VERSION
RATE,F1_STATS_SNPSHT_LOG_PARM,1,VERSION
RATE,F1_STATS_SNPSHT_REL_OBJ,1,VERSION
RATE,F1_SVC_CATALOG,1,VERSION
RATE,F1_SVC_TASK_LOG,1,VERSION
RATE,F1_SVC_TASK_LOG_PARM,1,VERSION
RATE,F1_SVC_TASK_REL_OBJ,1,VERSION
RATE,F1_SVC_TASK_TYPE,1,VERSION
RATE,F1_SVC_TASK_TYPE_L,1,VERSION
RATE,F1_SYNC_REQ_EXTRACT,1,VERSION
RATE,F1_SYNC_REQ_IN_EXCP,1,VERSION
RATE,F1_SYNC_REQ_IN_EXCP_PARM,1,VERSION
RATE,F1_SYNC_REQ_IN_LOG,1,VERSION
RATE,F1_SYNC_REQ_IN_LOG_PARM,1,VERSION
RATE,F1_SYNC_REQ_IN_REL_OBJ,1,VERSION
RATE,F1_SYNC_REQ_LOG,1,VERSION
RATE,F1_SYNC_REQ_LOG_PARM,1,VERSION
RATE,F1_TAG,1,VERSION
RATE,F1_TAGGED_ENTITY,1,VERSION
RATE,F1_TAG_L,1,VERSION
RATE,F1_TIME_D,1,VERSION
RATE,F1_TREE,1,VERSION
RATE,F1_TREE_L,1,VERSION
RATE,F1_TREE_NODE,1,VERSION
RATE,F1_TREE_NODE_ALG,1,VERSION
RATE,F1_TREE_NODE_L,1,VERSION
RATE,F1_WEB_CAT,1,VERSION
RATE,F1_WEB_CAT_INCL_SVC,1,VERSION
RATE,F1_WEB_CAT_L,1,VERSION
RATE,F1_WEB_SVC_L,1,VERSION
RATE,F1_WEB_SVC_LOG,1,VERSION
RATE,F1_WEB_SVC_LOG_PARM,1,VERSION
RATE,F1_WEB_SVC_OPERATIONS,1,VERSION
RATE,OPS_EXCEPTION_RPT_CURR,1,EXCP_SOURCE
RATE,SC_ACCESS_CNTL,1,VERSION
RATE,SC_APP_SERVICE,1,VERSION
RATE,SC_APP_SERVICE_L,1,VERSION
RATE,SC_USER_GROUP,1,VERSION
RATE,SC_USER_GROUP_L,1,VERSION
RATE,SC_USR_GRP_PROF,1,VERSION
RATE,SC_USR_GRP_USR,1,VERSION
RATE,W1_ACPT_LINE_ASSET,1,VERSION
RATE,W1_ACPT_LINE_LOG,1,VERSION
RATE,W1_ACPT_LINE_LOG_PARM,1,VERSION
RATE,W1_ACPT_LINE_LOT,1,VERSION
RATE,W1_ACTIVITY_ATTACHMENT,1,VERSION
RATE,W1_ACTIVITY_DOCUMENT,1,VERSION
RATE,W1_ACTIVITY_IDENTIFIER,1,VERSION
RATE,W1_ACTIVITY_LOG,1,VERSION
RATE,W1_ACTIVITY_LOG_PARM,1,VERSION
RATE,W1_ACTIVITY_MEASUREMENT_TYPE,1,VERSION
RATE,W1_ACTIVITY_NOTE,1,VERSION
RATE,W1_ACTIVITY_PLAN_SVC_HIST_TYPE,1,VERSION
RATE,W1_ACTIVITY_REL_OBJ,1,VERSION
RATE,W1_ACTIVITY_TYPE,1,VERSION
RATE,W1_ACTIVITY_TYPE_ATTACHMENT,1,VERSION
RATE,W1_ACTIVITY_TYPE_CEVT_TYPE,1,VERSION
RATE,W1_ACTIVITY_TYPE_DOCUMENT,1,VERSION
RATE,W1_ACTIVITY_TYPE_IDENTIFIER,1,VERSION
RATE,W1_ACTIVITY_TYPE_L,1,VERSION
RATE,W1_ACTIVITY_TYPE_OUTMSG_TYPE,1,VERSION
RATE,W1_ACTIVITY_TYPE_SERVICE_CLASS,1,VERSION
RATE,W1_ACT_CONSTR_LOC,1,VERSION
RATE,W1_ACT_CONSTR_LOC_CU_ASSET,1,VERSION
RATE,W1_ACT_RECON,1,VERSION
RATE,W1_ACT_RECON_DOCUMENT,1,VERSION
RATE,W1_ACT_RECON_IDENTIFIER,1,VERSION
RATE,W1_ACT_RECON_LOG,1,VERSION
RATE,W1_ACT_RECON_LOG_PARM,1,VERSION
RATE,W1_ACT_RECON_NOTE,1,VERSION
RATE,W1_ACT_RECON_PROP_UNIT,1,VERSION
RATE,W1_ACT_RESRC_REQMT_K,1,ACT_RESRC_REQMT_ID
RATE,W1_ACT_TYPE_PLAN_SVC_HIST_TYPE,1,VERSION
RATE,W1_ADJUSTMENT,1,VERSION
RATE,W1_ADJUSTMENT_DOCUMENT,1,VERSION
RATE,W1_ADJUSTMENT_DTL,1,VERSION
RATE,W1_ADJUSTMENT_IDENTIFIER,1,VERSION
RATE,W1_ADJUSTMENT_LOG,1,VERSION
RATE,W1_ADJUSTMENT_LOG_PARM,1,VERSION
RATE,W1_ADJUSTMENT_TYPE,1,VERSION
RATE,W1_ADJUSTMENT_TYPE_L,1,VERSION
RATE,W1_APPROVAL_PROF,1,VERSION
RATE,W1_APPROVAL_PROF_IDENTIFIER,1,VERSION
RATE,W1_APPROVAL_PROF_L,1,VERSION
RATE,W1_APPROVAL_PROF_USER_GROUP,1,VERSION
RATE,W1_APPROVAL_REQ,1,VERSION
RATE,W1_APPROVAL_REQ_APPROVER,1,VERSION
RATE,W1_APPROVAL_REQ_IDENTIFIER,1,VERSION
RATE,W1_APPROVAL_REQ_LOG,1,VERSION
RATE,W1_APPROVAL_REQ_LOG_PARM,1,VERSION
RATE,W1_ASSESS_CLASS,1,VERSION
RATE,W1_ASSESS_CLASS_ASSESS_GRP,1,VERSION
RATE,W1_ASSESS_CLASS_L,1,VERSION
RATE,W1_ASSESS_CLASS_LOG,1,VERSION
RATE,W1_ASSESS_CLASS_LOG_PARM,1,VERSION
RATE,W1_ASSESS_GRP,1,VERSION
RATE,W1_ASSESS_GRP_AGING_FACTOR,1,VERSION
RATE,W1_ASSESS_GRP_L,1,VERSION
RATE,W1_ASSESS_GRP_SVC_HIST_TYPE,1,VERSION
RATE,W1_ASSET_ATTACHMENT,1,VERSION
RATE,W1_ASSET_DOCUMENT,1,VERSION
RATE,W1_ASSET_EMPLOYEE,1,VERSION
RATE,W1_ASSET_IDENTIFIER,1,VERSION
RATE,W1_ASSET_LOG,1,VERSION
RATE,W1_ASSET_LOG_PARM,1,VERSION
RATE,W1_ASSET_MAINT_TRIGGER_FCST,1,VERSION
RATE,W1_ASSET_MEASUREMENT_TYPE,1,VERSION
RATE,W1_ASSET_NODE,1,VERSION
RATE,W1_ASSET_NOTE,1,VERSION
RATE,W1_ASSET_TYPE,1,VERSION
RATE,W1_ASSET_TYPE_ATTRIBUTE,1,VERSION
RATE,W1_ASSET_TYPE_L,1,VERSION
RATE,W1_ASSET_TYPE_NODE_TYPE,1,VERSION
RATE,W1_ASSET_TYPE_STATS,1,VERSION
RATE,W1_ASSET_TYPE_SVC_HIST_TYPE,1,VERSION
RATE,W1_AST_DERMS_EVTCTL_CSTHIST,1,VERSION
RATE,W1_BC_ACCESS_LIST,1,VERSION
RATE,W1_BC_ACCESS_LIST_L,1,VERSION
RATE,W1_BC_ACCESS_LIST_USER,1,VERSION
RATE,W1_BC_HEADER_DOCUMENT,1,VERSION
RATE,W1_BC_HEADER_IDENTIFIER,1,VERSION
RATE,W1_BC_HEADER_LOG,1,VERSION
RATE,W1_BC_HEADER_LOG_PARM,1,VERSION
RATE,W1_BC_HEADER_NOTE,1,VERSION
RATE,W1_BC_LINE_DOCUMENT,1,VERSION
RATE,W1_BC_LINE_LOG,1,VERSION
RATE,W1_BC_LINE_LOG_PARM,1,VERSION
RATE,W1_BC_LINE_MFR,1,VERSION
RATE,W1_BI_ASSETACTCOST_VW,1,W1_RESRC_CLASS_FLG
RATE,W1_BI_ASTAVAILDWNTM_VW,1,DOWNTIME_RSN
RATE,W1_BKT_CONFIG,1,VERSION
RATE,W1_BKT_CONFIG_L,1,VERSION
RATE,W1_BKT_CONFIG_REL_OBJ,1,VERSION
RATE,W1_BKT_CONFIG_VAL,1,VERSION
RATE,W1_BKT_CONFIG_VAL_L,1,VERSION
RATE,W1_BOM_ASSEMBLY,1,VERSION
RATE,W1_BOM_DOCUMENT,1,VERSION
RATE,W1_BOM_IDENTIFIER,1,VERSION
RATE,W1_BOM_NOTE,1,VERSION
RATE,W1_BUSINESS_UNIT,1,VERSION
RATE,W1_BUSINESS_UNIT_L,1,VERSION
RATE,W1_BUYER,1,VERSION
RATE,W1_BUYER_EMAIL,1,VERSION
RATE,W1_BUYER_IDENTIFIER,1,VERSION
RATE,W1_BUYER_L,1,VERSION
RATE,W1_BUYER_LOG,1,VERSION
RATE,W1_BUYER_LOG_PARM,1,VERSION
RATE,W1_BUYER_PHONE,1,VERSION
RATE,W1_CALENDAR,1,VERSION
RATE,W1_CALENDAR_L,1,VERSION
RATE,W1_CALENDAR_PERIOD,1,VERSION
RATE,W1_CALENDAR_PERIOD_L,1,VERSION
RATE,W1_CAPABILITY_TYPE,1,VERSION
RATE,W1_CAPABILITY_TYPE_L,1,VERSION
RATE,W1_CHANGE_REQ,1,VERSION
RATE,W1_CHANGE_REQ_APPR_PROF,1,VERSION
RATE,W1_CHANGE_REQ_DOCUMENT,1,VERSION
RATE,W1_CHANGE_REQ_LOG,1,VERSION
RATE,W1_CHANGE_REQ_LOG_PARM,1,VERSION
RATE,W1_CHANGE_REQ_TYPE,1,VERSION
RATE,W1_CHANGE_REQ_TYPE_L,1,VERSION
RATE,W1_CHILD_SPEC,1,VERSION
RATE,W1_CHILD_SPEC_IDENTIFIER,1,VERSION
RATE,W1_CHILD_SPEC_L,1,VERSION
RATE,W1_CHILD_SPEC_LOG,1,VERSION
RATE,W1_CHILD_SPEC_LOG_PARM,1,VERSION
RATE,W1_CHKLST,1,VERSION
RATE,W1_CHKLST_IDENTIFIER,1,VERSION
RATE,W1_CHKLST_LINE_ITEM,1,VERSION
RATE,W1_CHKLST_LOG,1,VERSION
RATE,W1_CHKLST_LOG_PARM,1,VERSION
RATE,W1_CHKLST_REL_OBJ,1,VERSION
RATE,W1_CHKLST_TYP,1,VERSION
RATE,W1_CHKLST_TYP_CONST_BO_STATE,1,VERSION
RATE,W1_CHKLST_TYP_DFLT_LINE_ITEM,1,VERSION
RATE,W1_CHKLST_TYP_L,1,VERSION
RATE,W1_CMDTY_CAT,1,VERSION
RATE,W1_CMDTY_CAT_L,1,VERSION
RATE,W1_CMDTY_CMP,1,VERSION
RATE,W1_CMDTY_CMP_L,1,VERSION
RATE,W1_CMDTY_NAME,1,VERSION
RATE,W1_CMDTY_NAME_L,1,VERSION
RATE,W1_CMDTY_TYPE,1,VERSION
RATE,W1_CMDTY_TYPE_L,1,VERSION
RATE,W1_CMPL_EVT,1,VERSION
RATE,W1_CMPL_EVT_LOG,1,VERSION
RATE,W1_CMPL_EVT_LOG_PARM,1,VERSION
RATE,W1_CMPL_EVT_REL_OBJ,1,VERSION
RATE,W1_CMPL_EVT_TYPE,1,VERSION
RATE,W1_CMPL_EVT_TYPE_IDENTIFIER,1,VERSION
RATE,W1_CMPL_EVT_TYPE_L,1,VERSION
RATE,W1_COLOR,1,VERSION
RATE,W1_COLOR_L,1,VERSION
RATE,W1_COMMUNICATION_LOG,1,VERSION
RATE,W1_COMMUNICATION_LOG_PARM,1,VERSION
RATE,W1_COMMUNICATION_PHONE,1,VERSION
RATE,W1_COMM_IN,1,VERSION
RATE,W1_COMM_IN_IDENTIFIER,1,VERSION
RATE,W1_COMM_IN_LOG,1,VERSION
RATE,W1_COMM_IN_LOG_PARM,1,VERSION
RATE,W1_COMM_IN_REL_OBJ,1,VERSION
RATE,W1_COMM_TYPE,1,VERSION
RATE,W1_COMM_TYPE_L,1,VERSION
RATE,W1_COMPLIANCE_CAT,1,VERSION
RATE,W1_COMPLIANCE_CAT_L,1,VERSION
RATE,W1_COMPLIANCE_TYPE,1,VERSION
RATE,W1_COMPLIANCE_TYPE_L,1,VERSION
RATE,W1_COMPLIANCE_TYPE_REGT_AGCY,1,VERSION
RATE,W1_CONFIG,1,VERSION
RATE,W1_CONFIG_IDENTIFIER,1,VERSION
RATE,W1_CONFIG_LOG,1,VERSION
RATE,W1_CONFIG_LOG_PARM,1,VERSION
RATE,W1_CONFIG_RPT,1,VERSION
RATE,W1_CONFIG_RPT_IDENTIFIER,1,VERSION
RATE,W1_CONFIG_RPT_LOG,1,VERSION
RATE,W1_CONFIG_RPT_LOG_PARM,1,VERSION
RATE,W1_CONFIG_RPT_SPECIFICATION,1,VERSION
RATE,W1_CONFIG_TYPE,1,VERSION
RATE,W1_CONFIG_TYPE_IDENTIFIER,1,VERSION
RATE,W1_CONFIG_TYPE_L,1,VERSION
RATE,W1_CONTACT,1,VERSION
RATE,W1_CONTACT_EMAIL,1,VERSION
RATE,W1_CONTACT_IDENTIFIER,1,VERSION
RATE,W1_CONTACT_NAME,1,VERSION
RATE,W1_CONTACT_PHONE,1,VERSION
RATE,W1_CONTACT_RELATIONSHIP,1,VERSION
RATE,W1_CONTACT_TYPE,1,VERSION
RATE,W1_CONTACT_TYPE_L,1,VERSION
RATE,W1_COST_CATEGORY,1,VERSION
RATE,W1_COST_CATEGORY_L,1,VERSION
RATE,W1_COST_CENTER,1,VERSION
RATE,W1_COST_CENTER_EXPCD,1,VERSION
RATE,W1_COST_CENTER_IDENTIFIER,1,VERSION
RATE,W1_COST_CENTER_L,1,VERSION
RATE,W1_COST_CENTER_LOG,1,VERSION
RATE,W1_COST_CENTER_LOG_PARM,1,VERSION
RATE,W1_CREW,1,VERSION
RATE,W1_CREW_DEFAULT_MEMBER,1,VERSION
RATE,W1_CREW_IDENTIFIER,1,VERSION
RATE,W1_CREW_LOG,1,VERSION
RATE,W1_CREW_LOG_PARM,1,VERSION
RATE,W1_CREW_SHIFT,1,VERSION
RATE,W1_CREW_SHIFT_LOG,1,VERSION
RATE,W1_CREW_SHIFT_LOG_PARM,1,VERSION
RATE,W1_CREW_SHIFT_MEMBER,1,VERSION
RATE,W1_CREW_SHIFT_SERVICE_AREA,1,VERSION
RATE,W1_CREW_SHIFT_SERVICE_CLASS,1,VERSION
RATE,W1_CREW_SHIFT_TYPE,1,VERSION
RATE,W1_CREW_SHIFT_TYPE_L,1,VERSION
RATE,W1_CREW_STR_ASSN,1,VERSION
RATE,W1_CREW_TYPE,1,VERSION
RATE,W1_CREW_TYPE_L,1,VERSION
RATE,W1_CREW_VALID_MEMBER,1,VERSION
RATE,W1_CU_CATEGORY,1,VERSION
RATE,W1_CU_CATEGORY_L,1,VERSION
RATE,W1_CU_CNTRCTR_BID_K,1,CU_CNTRCTR_BID_ID
RATE,W1_CU_COST_CENTER,1,VERSION
RATE,W1_CU_CU_USAGE,1,VERSION
RATE,W1_CU_DOCUMENT,1,VERSION
RATE,W1_CU_IDENTIFIER,1,VERSION
RATE,W1_CU_LOG,1,VERSION
RATE,W1_CU_LOG_PARM,1,VERSION
RATE,W1_CU_NOTE,1,VERSION
RATE,W1_CU_REF_CU,1,VERSION
RATE,W1_CU_SET,1,VERSION
RATE,W1_CU_SET_DOCUMENT,1,VERSION
RATE,W1_CU_SET_IDENTIFIER,1,VERSION
RATE,W1_CU_SET_L,1,VERSION
RATE,W1_CU_SET_LOG,1,VERSION
RATE,W1_CU_SET_LOG_PARM,1,VERSION
RATE,W1_CU_SET_NOTE,1,VERSION
RATE,W1_CU_USAGE,1,VERSION
RATE,W1_CU_USAGE_COST_CENTER,1,VERSION
RATE,W1_CU_USAGE_L,1,VERSION
RATE,W1_DESIGN_ELEMENT_CHKLST_TYP,1,VERSION
RATE,W1_DESIGN_ELEMENT_DOCUMENT,1,VERSION
RATE,W1_DESIGN_ELEMENT_IDENTIFIER,1,VERSION
RATE,W1_DESIGN_ELEMENT_LOG,1,VERSION
RATE,W1_DESIGN_ELEMENT_LOG_PARM,1,VERSION
RATE,W1_DESIGN_ELEMENT_NOTE,1,VERSION
RATE,W1_DIST_CODE,1,VERSION
RATE,W1_DIST_CODE_GL_DETAIL,1,VERSION
RATE,W1_DIST_CODE_L,1,VERSION
RATE,W1_DOCUMENT,1,VERSION
RATE,W1_DOCUMENT_IDENTIFIER,1,VERSION
RATE,W1_DOCUMENT_LOG,1,VERSION
RATE,W1_DOCUMENT_LOG_PARM,1,VERSION
RATE,W1_DOCUMENT_TYPE,1,VERSION
RATE,W1_DOCUMENT_TYPE_L,1,VERSION
RATE,W1_EMPLOYEE_BILLABLE_RATE,1,VERSION
RATE,W1_EMPLOYEE_IDENTIFIER,1,VERSION
RATE,W1_EMPLOYEE_LOG,1,VERSION
RATE,W1_EMPLOYEE_LOG_PARM,1,VERSION
RATE,W1_EMPLOYEE_PHONE,1,VERSION
RATE,W1_EMPLOYEE_TYPE,1,VERSION
RATE,W1_EMPLOYEE_TYPE_L,1,VERSION
RATE,W1_EMPLOYEE_WORK_AREA,1,VERSION
RATE,W1_EQUIP_GROUP,1,VERSION
RATE,W1_EQUIP_GROUP_L,1,VERSION
RATE,W1_ERP_INTEGRATION,1,VERSION
RATE,W1_ERP_INTEGRATION_LOG,1,VERSION
RATE,W1_ERP_INTEGRATION_LOG_PARM,1,VERSION
RATE,W1_EU,1,VERSION
RATE,W1_EU_EMPLOYEE,1,VERSION
RATE,W1_EU_IDENTIFIER,1,VERSION
RATE,W1_EU_LOG,1,VERSION
RATE,W1_EU_LOG_PARM,1,VERSION
RATE,W1_EU_TIMESHEET,1,VERSION
RATE,W1_EU_TYPE,1,VERSION
RATE,W1_EU_TYPE_L,1,VERSION
RATE,W1_EXPEDITE,1,VERSION
RATE,W1_EXPEDITE_IDENTIFIER,1,VERSION
RATE,W1_EXPEDITE_LOG,1,VERSION
RATE,W1_EXPEDITE_LOG_PARM,1,VERSION
RATE,W1_EXPENSE_CD_IDENTIFIER,1,VERSION
RATE,W1_EXPENSE_CD_L,1,VERSION
RATE,W1_EXPENSE_CD_LOG,1,VERSION
RATE,W1_EXPENSE_CD_LOG_PARM,1,VERSION
RATE,W1_FACTOR_CHAR_VAL,1,VERSION
RATE,W1_FACTOR_L,1,VERSION
RATE,W1_FACTOR_VAL,1,VERSION
RATE,W1_FAILURE_COMP,1,VERSION
RATE,W1_FAILURE_COMP_L,1,VERSION
RATE,W1_FAILURE_MODE,1,VERSION
RATE,W1_FAILURE_MODE_L,1,VERSION
RATE,W1_FAILURE_PROF,1,VERSION
RATE,W1_FAILURE_PROF_FAILURE_COMP,1,VERSION
RATE,W1_FAILURE_PROF_FAILURE_MODE,1,VERSION
RATE,W1_FAILURE_PROF_FAILURE_REPAIR,1,VERSION
RATE,W1_FAILURE_PROF_FAILURE_TYPE,1,VERSION
RATE,W1_FAILURE_PROF_L,1,VERSION
RATE,W1_FAILURE_REPAIR,1,VERSION
RATE,W1_FAILURE_REPAIR_L,1,VERSION
RATE,W1_FAILURE_TYPE,1,VERSION
RATE,W1_FAILURE_TYPE_L,1,VERSION
RATE,W1_FOB,1,VERSION
RATE,W1_FOB_L,1,VERSION
RATE,W1_FT,1,VERSION
RATE,W1_FT_GL_DTL,1,VERSION
RATE,W1_FT_LOG,1,VERSION
RATE,W1_FT_LOG_PARM,1,VERSION
RATE,W1_FT_PROCESS,1,VERSION
RATE,W1_INVOICE_GROUP,1,VERSION
RATE,W1_INVOICE_GROUP_IDENTIFIER,1,VERSION
RATE,W1_INVOICE_GROUP_LOG,1,VERSION
RATE,W1_INVOICE_GROUP_LOG_PARM,1,VERSION
RATE,W1_INVOICE_HEADER_DOCUMENT,1,VERSION
RATE,W1_INVOICE_HEADER_IDENTIFIER,1,VERSION
RATE,W1_INVOICE_HEADER_LOG,1,VERSION
RATE,W1_INVOICE_HEADER_LOG_PARM,1,VERSION
RATE,W1_INVOICE_HEADER_NOTE,1,VERSION
RATE,W1_INVOICE_LINE_DOCUMENT,1,VERSION
RATE,W1_INVOICE_LINE_IDENTIFIER,1,VERSION
RATE,W1_INVOICE_LINE_LOG,1,VERSION
RATE,W1_INVOICE_LINE_LOG_PARM,1,VERSION
RATE,W1_INVOICE_LINE_NOTE,1,VERSION
RATE,W1_INVOICE_LINE_TAX_LINE,1,VERSION
RATE,W1_INV_ADJ,1,VERSION
RATE,W1_INV_ADJ_ASSET,1,VERSION
RATE,W1_INV_ADJ_LOG,1,VERSION
RATE,W1_INV_ADJ_LOG_PARM,1,VERSION
RATE,W1_INV_ADJ_LOT,1,VERSION
RATE,W1_LABOR_EARNING_TYPE,1,VERSION
RATE,W1_LABOR_EARNING_TYPE_L,1,VERSION
RATE,W1_MAINTMGR,1,VERSION
RATE,W1_MAINTMGR_L,1,VERSION
RATE,W1_MAINT_EVENT,1,VERSION
RATE,W1_MAINT_EVENT_IDENTIFIER,1,VERSION
RATE,W1_MAINT_EVENT_LOG,1,VERSION
RATE,W1_MAINT_EVENT_LOG_PARM,1,VERSION
RATE,W1_MAINT_EVENT_MAINT_PLAN,1,VERSION
RATE,W1_MAINT_SCHEDULE,1,VERSION
RATE,W1_MAINT_SCHEDULE_IDENTIFIER,1,VERSION
RATE,W1_MAINT_SCHEDULE_LOG,1,VERSION
RATE,W1_MAINT_SCHEDULE_LOG_PARM,1,VERSION
RATE,W1_MAINT_TRIGGER,1,VERSION
RATE,W1_MAINT_TRIGGER_IDENTIFIER,1,VERSION
RATE,W1_MAINT_TRIGGER_LOG,1,VERSION
RATE,W1_MAINT_TRIGGER_LOG_PARM,1,VERSION
RATE,W1_MAINT_TRIGGER_PLN_FAIL_INFO,1,VERSION
RATE,W1_MANUFACTURER,1,VERSION
RATE,W1_MANUFACTURER_IDENTIFIER,1,VERSION
RATE,W1_MANUFACTURER_L,1,VERSION
RATE,W1_MAT_DISP,1,VERSION
RATE,W1_MAT_DISP_IDENTIFIER,1,VERSION
RATE,W1_MAT_DISP_LINE,1,VERSION
RATE,W1_MAT_DISP_LOG,1,VERSION
RATE,W1_MAT_DISP_LOG_PARM,1,VERSION
RATE,W1_MAT_ISS_LINE,1,VERSION
RATE,W1_MAT_ISS_LINE_LOG,1,VERSION
RATE,W1_MAT_ISS_LINE_LOG_PARM,1,VERSION
RATE,W1_MAT_REQ_HEADER,1,VERSION
RATE,W1_MAT_REQ_HEADER_LOG,1,VERSION
RATE,W1_MAT_REQ_HEADER_LOG_PARM,1,VERSION
RATE,W1_MAT_REQ_LINE_LOG,1,VERSION
RATE,W1_MAT_REQ_LINE_LOG_PARM,1,VERSION
RATE,W1_MAT_REQ_TMPL,1,VERSION
RATE,W1_MAT_REQ_TMPL_LOG,1,VERSION
RATE,W1_MAT_REQ_TMPL_LOG_PARM,1,VERSION
RATE,W1_MAT_REQ_TMPL_MAT,1,VERSION
RATE,W1_MAT_RET_HEADER,1,VERSION
RATE,W1_MAT_RET_HEADER_LOG,1,VERSION
RATE,W1_MAT_RET_HEADER_LOG_PARM,1,VERSION
RATE,W1_MAT_RET_LINE,1,VERSION
RATE,W1_MAT_RET_LINE_LOG,1,VERSION
RATE,W1_MAT_RET_LINE_LOG_PARM,1,VERSION
RATE,W1_MEASUREMENT,1,VERSION
RATE,W1_MEASUREMENT_LOG,1,VERSION
RATE,W1_MEASUREMENT_LOG_PARM,1,VERSION
RATE,W1_MEASUREMENT_TYPE,1,VERSION
RATE,W1_MEASUREMENT_TYPE_IDENTIFIER,1,VERSION
RATE,W1_MEASUREMENT_TYPE_L,1,VERSION
RATE,W1_MEASUREMENT_UOM,1,VERSION
RATE,W1_MEASUREMENT_UOM_L,1,VERSION
RATE,W1_MOBILE_SUBSCR,1,VERSION
RATE,W1_MOBILE_SUBSCR_LOG,1,VERSION
RATE,W1_MOBILE_SUBSCR_LOG_PARM,1,VERSION
RATE,W1_NODE_ATTACHMENT,1,VERSION
RATE,W1_NODE_CONTACT,1,VERSION
RATE,W1_NODE_DOCUMENT,1,VERSION
RATE,W1_NODE_IDENTIFIER,1,VERSION
RATE,W1_NODE_LOG,1,VERSION
RATE,W1_NODE_LOG_PARM,1,VERSION
RATE,W1_NODE_MAINT_TRIGGER,1,VERSION
RATE,W1_NODE_TYPE,1,VERSION
RATE,W1_NODE_TYPE_L,1,VERSION
RATE,W1_ODC,1,VERSION
RATE,W1_ODC_DTL_LOG,1,VERSION
RATE,W1_ODC_DTL_LOG_PARM,1,VERSION
RATE,W1_ODC_IDENTIFIER,1,VERSION
RATE,W1_ODC_LOG,1,VERSION
RATE,W1_ODC_LOG_PARM,1,VERSION
RATE,W1_OVERHEAD_L,1,VERSION
RATE,W1_OVERTIME_TYPE,1,VERSION
RATE,W1_OVERTIME_TYPE_L,1,VERSION
RATE,W1_PARENT_NODE_TYPE,1,VERSION
RATE,W1_PAYMENT_TERM_L,1,VERSION
RATE,W1_PEER_NODE,1,VERSION
RATE,W1_PEER_NODE_TYPE,1,VERSION
RATE,W1_PEER_SPECIFICATION,1,VERSION
RATE,W1_PERMIT,1,VERSION
RATE,W1_PERMIT_ASSET_LOCATION,1,VERSION
RATE,W1_PERMIT_CLASS_L,1,VERSION
RATE,W1_PERMIT_DOCUMENT,1,VERSION
RATE,W1_PERMIT_EMPLOYEE_LOG,1,VERSION
RATE,W1_PERMIT_IDENTIFIER,1,VERSION
RATE,W1_PERMIT_LOG,1,VERSION
RATE,W1_PERMIT_LOG_PARM,1,VERSION
RATE,W1_PERMIT_NOTE,1,VERSION
RATE,W1_PERMIT_TMPL_CHKLST,1,VERSION
RATE,W1_PERMIT_TMPL_DOCUMENT,1,VERSION
RATE,W1_PERMIT_TMPL_L,1,VERSION
RATE,W1_PERMIT_TMPL_NOTE,1,VERSION
RATE,W1_PERMIT_TMPL_SVC_HIST_TYPE,1,VERSION
RATE,W1_PI_CNT_LINE_LOG,1,VERSION
RATE,W1_PI_CNT_LINE_LOG_PARM,1,VERSION
RATE,W1_PI_CNT_MST,1,VERSION
RATE,W1_PI_CNT_MST_LOG,1,VERSION
RATE,W1_PI_CNT_MST_LOG_PARM,1,VERSION
RATE,W1_PI_HEADER,1,VERSION
RATE,W1_PI_HEADER_LOG,1,VERSION
RATE,W1_PI_HEADER_LOG_PARM,1,VERSION
RATE,W1_PLANNER,1,VERSION
RATE,W1_PLANNER_L,1,VERSION
RATE,W1_PO_HEADER,1,VERSION
RATE,W1_PO_HEADER_DOCUMENT,1,VERSION
RATE,W1_PO_HEADER_IDENTIFIER,1,VERSION
RATE,W1_PO_HEADER_LOG,1,VERSION
RATE,W1_PO_HEADER_LOG_PARM,1,VERSION
RATE,W1_PO_HEADER_NOTE,1,VERSION
RATE,W1_PO_LINE_DOCUMENT,1,VERSION
RATE,W1_PO_LINE_LOG,1,VERSION
RATE,W1_PO_LINE_LOG_PARM,1,VERSION
RATE,W1_PO_LINE_MFR,1,VERSION
RATE,W1_PO_LINE_NOTE,1,VERSION
RATE,W1_PO_LINE_TAX_LINE,1,VERSION
RATE,W1_PROCESS,1,VERSION
RATE,W1_PROCESS_DOCUMENT,1,VERSION
RATE,W1_PROCESS_IDENTIFIER,1,VERSION
RATE,W1_PROCESS_LOC,1,VERSION
RATE,W1_PROCESS_LOG,1,VERSION
RATE,W1_PROCESS_LOG_PARM,1,VERSION
RATE,W1_PROCESS_TYPE,1,VERSION
RATE,W1_PROCESS_TYPE_L,1,VERSION
RATE,W1_PROJECT,1,VERSION
RATE,W1_PROJECT_CATEGORY,1,VERSION
RATE,W1_PROJECT_CATEGORY_L,1,VERSION
RATE,W1_PROJECT_CATEGORY_LOG,1,VERSION
RATE,W1_PROJECT_CATEGORY_LOG_PARM,1,VERSION
RATE,W1_PROJECT_DOCUMENT,1,VERSION
RATE,W1_PROJECT_IDENTIFIER,1,VERSION
RATE,W1_PROJECT_LOG,1,VERSION
RATE,W1_PROJECT_LOG_PARM,1,VERSION
RATE,W1_PROJECT_NOTE,1,VERSION
RATE,W1_PROPERTY_UNIT,1,VERSION
RATE,W1_PROPERTY_UNIT_L,1,VERSION
RATE,W1_PR_HDR,1,VERSION
RATE,W1_PR_HDR_DOCUMENT,1,VERSION
RATE,W1_PR_HDR_IDENTIFIER,1,VERSION
RATE,W1_PR_HDR_LOG,1,VERSION
RATE,W1_PR_HDR_LOG_PARM,1,VERSION
RATE,W1_PR_HDR_NOTE,1,VERSION
RATE,W1_PR_LINE_DOCUMENT,1,VERSION
RATE,W1_PR_LINE_LOG,1,VERSION
RATE,W1_PR_LINE_LOG_PARM,1,VERSION
RATE,W1_PR_LINE_MFR,1,VERSION
RATE,W1_PR_LINE_NOTE,1,VERSION
RATE,W1_PR_LINE_TXLN,1,VERSION
RATE,W1_QUESTION,1,VERSION
RATE,W1_QUESTION_ANSWER,1,VERSION
RATE,W1_QUESTION_ANSWER_L,1,VERSION
RATE,W1_QUESTION_L,1,VERSION
RATE,W1_RCPT_HDR_K,1,RCPT_HDR_ID
RATE,W1_RCPT_LINE_K,1,RCPT_LINE_ID
RATE,W1_REPORT_QUEUE,1,VERSION
RATE,W1_RESRC_TYPE_K,1,RESRC_TYPE_ID
RATE,W1_RR_LOG,1,VERSION
RATE,W1_RR_LOG_PARM,1,VERSION
RATE,W1_RTN_LINE_ASSET,1,VERSION
RATE,W1_RTN_LINE_LOG,1,VERSION
RATE,W1_RTN_LINE_LOG_PARM,1,VERSION
RATE,W1_RTN_LINE_LOT,1,VERSION
RATE,W1_SERVICE_AREA,1,VERSION
RATE,W1_SERVICE_AREA_L,1,VERSION
RATE,W1_SERVICE_CALL_CATEGORY,1,VERSION
RATE,W1_SERVICE_CALL_CATEGORY_L,1,VERSION
RATE,W1_SERVICE_CLASS,1,VERSION
RATE,W1_SERVICE_CLASS_L,1,VERSION
RATE,W1_SERVICE_CODE,1,VERSION
RATE,W1_SERVICE_CODE_L,1,VERSION
RATE,W1_SHAPE,1,VERSION
RATE,W1_SHAPE_L,1,VERSION
RATE,W1_SHIFT_WEEKLY_TMPL_LOG,1,VERSION
RATE,W1_SHIFT_WEEKLY_TMPL_LOG_PARM,1,VERSION
RATE,W1_SHIPPING_LINE_ASSET,1,VERSION
RATE,W1_SHIPPING_LINE_LOT,1,VERSION
RATE,W1_SHIPPING_MEMO,1,VERSION
RATE,W1_SHIPPING_MEMO_DOCUMENT,1,VERSION
RATE,W1_SHIPPING_MEMO_IDENTIFIER,1,VERSION
RATE,W1_SHIPPING_MEMO_LOG,1,VERSION
RATE,W1_SHIPPING_MEMO_LOG_PARM,1,VERSION
RATE,W1_SHIPPING_MEMO_NOTE,1,VERSION
RATE,W1_SHIP_DEFICIENCY_TYPE,1,VERSION
RATE,W1_SHIP_DEFICIENCY_TYPE_L,1,VERSION
RATE,W1_SPECIFICATION_ATTACHMENT,1,VERSION
RATE,W1_SPECIFICATION_DOCUMENT,1,VERSION
RATE,W1_SPECIFICATION_IDENTIFIER,1,VERSION
RATE,W1_SPECIFICATION_L,1,VERSION
RATE,W1_SPECIFICATION_MAINT_SCHED,1,VERSION
RATE,W1_STATISTIC,1,VERSION
RATE,W1_STATISTIC_LOG,1,VERSION
RATE,W1_STATISTIC_LOG_PARM,1,VERSION
RATE,W1_STOCK_ITEM_DTL_BIN,1,VERSION
RATE,W1_STOCK_ITEM_DTL_DOCUMENT,1,VERSION
RATE,W1_STOCK_ITEM_DTL_IDENTIFIER,1,VERSION
RATE,W1_STOCK_ITEM_DTL_LOG,1,VERSION
RATE,W1_STOCK_ITEM_DTL_LOG_PARM,1,VERSION
RATE,W1_STOCK_ITEM_DTL_NOTE,1,VERSION
RATE,W1_STOCK_ITEM_DTL_VENDOR_LOC,1,VERSION
RATE,W1_STOCK_TRANS,1,VERSION
RATE,W1_STOCK_TRANS_LOG,1,VERSION
RATE,W1_STOCK_TRANS_LOG_PARM,1,VERSION
RATE,W1_SVC_CALL_CAT_SVC_CODE,1,VERSION
RATE,W1_SVC_HIST_ATTACHMENT,1,VERSION
RATE,W1_SVC_HIST_DOCUMENT,1,VERSION
RATE,W1_SVC_HIST_IDENTIFIER,1,VERSION
RATE,W1_SVC_HIST_LOG,1,VERSION
RATE,W1_SVC_HIST_LOG_PARM,1,VERSION
RATE,W1_SVC_HIST_QSTN_ANSR,1,VERSION
RATE,W1_SVC_HIST_REL_OBJ,1,VERSION
RATE,W1_SVC_HIST_TYPE,1,VERSION
RATE,W1_SVC_HIST_TYPE_FLLW_UP_ACTN,1,VERSION
RATE,W1_SVC_HIST_TYPE_L,1,VERSION
RATE,W1_SVC_HIST_TYPE_QSTN,1,VERSION
RATE,W1_SVC_HIST_TYPE_REL_SH_TYPE,1,VERSION
RATE,W1_SVC_SCHED,1,VERSION
RATE,W1_TAX_RATE_COMP,1,VERSION
RATE,W1_TAX_RATE_COMP_L,1,VERSION
RATE,W1_TAX_RATE_EFFDT,1,VERSION
RATE,W1_TAX_RATE_SCHED_L,1,VERSION
RATE,W1_TIMEKEEPER,1,VERSION
RATE,W1_TIMEKEEPER_EMP,1,VERSION
RATE,W1_TIMEKEEPER_L,1,VERSION
RATE,W1_TIMEKEEPER_LOG,1,VERSION
RATE,W1_TIMEKEEPER_LOG_PARM,1,VERSION
RATE,W1_TIMESHEET,1,VERSION
RATE,W1_TIMESHEET_DETAIL_LOG,1,VERSION
RATE,W1_TIMESHEET_DETAIL_LOG_PARM,1,VERSION
RATE,W1_TIMESHEET_IDENTIFIER,1,VERSION
RATE,W1_TIMESHEET_LOG,1,VERSION
RATE,W1_TIMESHEET_LOG_PARM,1,VERSION
RATE,W1_TIME_PERIOD,1,VERSION
RATE,W1_TIME_PERIOD_L,1,VERSION
RATE,W1_TMPL_ACT,1,VERSION
RATE,W1_TMPL_ACT_CHKLST_TYP,1,VERSION
RATE,W1_TMPL_ACT_DOCUMENT,1,VERSION
RATE,W1_TMPL_ACT_IDENTIFIER,1,VERSION
RATE,W1_TMPL_ACT_LOG,1,VERSION
RATE,W1_TMPL_ACT_LOG_PARM,1,VERSION
RATE,W1_TMPL_ACT_NOTE,1,VERSION
RATE,W1_TMPL_ACT_PLAN_SVC_HIST_TYPE,1,VERSION
RATE,W1_TMPL_WO,1,VERSION
RATE,W1_TMPL_WO_DOCUMENT,1,VERSION
RATE,W1_TMPL_WO_IDENTIFIER,1,VERSION
RATE,W1_TMPL_WO_LOG,1,VERSION
RATE,W1_TMPL_WO_LOG_PARM,1,VERSION
RATE,W1_TMPL_WO_NOTE,1,VERSION
RATE,W1_VENDOR_IDENTIFIER,1,VERSION
RATE,W1_VENDOR_LOC,1,VERSION
RATE,W1_VENDOR_LOC_CAPABILITY,1,VERSION
RATE,W1_VENDOR_LOC_CMDTY,1,VERSION
RATE,W1_VENDOR_LOC_CONTACT,1,VERSION
RATE,W1_VENDOR_LOC_DOCUMENT,1,VERSION
RATE,W1_VENDOR_LOC_IDENTIFIER,1,VERSION
RATE,W1_VENDOR_LOC_LOG,1,VERSION
RATE,W1_VENDOR_LOC_LOG_PARM,1,VERSION
RATE,W1_VENDOR_LOC_NOTE,1,VERSION
RATE,W1_VENDOR_LOC_PAYTO_LOC,1,VERSION
RATE,W1_VENDOR_LOG,1,VERSION
RATE,W1_VENDOR_LOG_PARM,1,VERSION
RATE,W1_WARRANTY,1,VERSION
RATE,W1_WARRANTY_ATTACHMENT,1,VERSION
RATE,W1_WARRANTY_DOCUMENT,1,VERSION
RATE,W1_WARRANTY_IDENTIFIER,1,VERSION
RATE,W1_WARRANTY_LOG,1,VERSION
RATE,W1_WARRANTY_LOG_PARM,1,VERSION
RATE,W1_WARRANTY_NOTE,1,VERSION
RATE,W1_WARRANTY_TERM,1,VERSION
RATE,W1_WARRANTY_TERM_DOCUMENT,1,VERSION
RATE,W1_WARRANTY_TERM_L,1,VERSION
RATE,W1_WO,1,VERSION
RATE,W1_WORK_CAL,1,VERSION
RATE,W1_WORK_CAL_L,1,VERSION
RATE,W1_WORK_CAL_SCHED_DATE,1,VERSION
RATE,W1_WORK_CATEGORY,1,VERSION
RATE,W1_WORK_CATEGORY_L,1,VERSION
RATE,W1_WORK_CLASS,1,VERSION
RATE,W1_WORK_CLASS_L,1,VERSION
RATE,W1_WORK_CLASS_WORK_CATEGORY,1,VERSION
RATE,W1_WORK_DESIGN_DOCUMENT,1,VERSION
RATE,W1_WORK_DESIGN_IDENTIFIER,1,VERSION
RATE,W1_WORK_DESIGN_LOG,1,VERSION
RATE,W1_WORK_DESIGN_LOG_PARM,1,VERSION
RATE,W1_WORK_DESIGN_NOTE,1,VERSION
RATE,W1_WORK_DESIGN_OTHER_COST,1,VERSION
RATE,W1_WORK_LOC,1,VERSION
RATE,W1_WORK_LOC_IDENTIFIER,1,VERSION
RATE,W1_WORK_LOC_LOG,1,VERSION
RATE,W1_WORK_LOC_LOG_PARM,1,VERSION
RATE,W1_WORK_REQ_DOCUMENT,1,VERSION
RATE,W1_WORK_REQ_IDENTIFIER,1,VERSION
RATE,W1_WORK_REQ_LOG,1,VERSION
RATE,W1_WORK_REQ_LOG_PARM,1,VERSION
RATE,W1_WORK_REQ_PHONE,1,VERSION
RATE,W1_WO_DOCUMENT,1,VERSION
RATE,W1_WO_IDENTIFIER,1,VERSION
RATE,W1_WO_LOG,1,VERSION
RATE,W1_WO_LOG_PARM,1,VERSION
RATE,W1_WO_NOTE,1,VERSION
RATE,X1_BI_CASE_VW,1,ILM_ARCH_SW
SERVICE,D1_USAGE_SCALAR_DTL_RPT_CURR,18,C1_MASTER_USAGE_ID
SERVICE,D1_USAGE_RPT_CURR,15,C1_MASTER_USAGE_ID
SERVICE,CI_BCHG_UP_EXCP,11,MESSAGE_CAT_NBR
SERVICE,CI_BILL_EXCP,11,MESSAGE_CAT_NBR
SERVICE,CI_BSEG_EXCP,11,MESSAGE_CAT_NBR
SERVICE,CI_DV_TEST_EXCP,11,MESSAGE_CAT_NBR
SERVICE,CI_FA_STGUP_EXC,11,MESSAGE_CAT_NBR
SERVICE,CI_INTV_DS_EXC,11,MESSAGE_CAT_NBR
SERVICE,CI_MR_REM_EXCP,11,MESSAGE_CAT_NBR
SERVICE,CI_MR_STGUP_EXC,11,MESSAGE_CAT_NBR
SERVICE,CI_MR_ST_EXC_VW,11,MESSAGE_CAT_NBR
SERVICE,CI_NT_UP_EXCP,11,MESSAGE_CAT_NBR
SERVICE,CI_NT_UP_EXC_VW,11,MESSAGE_CAT_NBR
SERVICE,CI_PAY_EVT_EXCP,11,MESSAGE_CAT_NBR
SERVICE,CI_PAY_EXCP,11,MESSAGE_CAT_NBR
SERVICE,CI_TNDR_ST_EXCP,11,MESSAGE_CAT_NBR
SERVICE,CI_VAL_ERR,11,MESSAGE_CAT_NBR
SERVICE,NEW_SERVICE_PIPELINE_RPT_CURR,11,PROP_SA_ID
SERVICE,OPS_EXCEPTION_RPT_CURR,11,D1_USAGE_ID
SERVICE,CI_SA,9,IB_SA_CUTOFF_TM
SERVICE,CI_SA_BK_1102,9,IB_SA_CUTOFF_TM
SERVICE,ACCT_CUSTOMER_RPT_CURR,7,ACTIVE_SA_COUNT
SERVICE,C1_CS_REQ_SA,7,CS_REQ_SA_ACT_FLG
SERVICE,SA_AGED_BAL_RPT_CURR,7,SA_END_DT
SERVICE,X1_BI_USG_EXCEPTION_VW,7,D1_USAGE_ID
SERVICE,CI_SA_REL,6,SA_EXT_REF_ID
SERVICE,FT_GL_DISTRIBUTION_RPT_CURR,6,BEHALF_SA_ID
SERVICE,BILLABLE_CHARGE_RPT_CURR,5,SA_ID
SERVICE,C1_CS_REQ_SA_SP,5,CS_REQ_SA_ID
SERVICE,C1_PROV_CONFIG_SATY,5,INITIAL_SATY_SW
SERVICE,C1_PROV_CONFIG_SATY_OVRD,5,INITIAL_SATY_SW
SERVICE,CI_VAL_SUB_SATY,5,INITIAL_SATY_SW
SERVICE,D1_USAGE_EXCP,5,D1_USAGE_ID
SERVICE,FT_RPT_CURR,5,SA_ID
SERVICE,WO_PROC_RPT_CURR,5,WO_SA_ACTIVE_AMT
SERVICE,C1_USAGE,4,MASTER_USAGE_ID
SERVICE,CI_MSG_L,4,MESSAGE_CAT_NBR
SERVICE,WORKFLOW_QUEUE_RPT_CURR,4,FK_SA_ID
SERVICE,X1_BI_VEE_EXCEPTION_VW,4,MESSAGE_CAT_NBR
SERVICE,BSEG_BILLED_USAGE_RPT_CURR,3,SA_ID
SERVICE,BSEG_SQ_USAGE_RPT_CURR,3,SA_ID
SERVICE,C1_BI_SEVPROC_VW,3,MESSAGE_CAT_NBR
SERVICE,C1_BI_WOPROC_VW,3,WO_PROC_ACT_SA_CNT
SERVICE,C1_CS_REQ_SA_COP,3,CS_REQ_SA_ID
SERVICE,C1_CS_REQ_SA_LOG,3,CS_REQ_SA_ID
SERVICE,C1_CS_REQ_SA_SP_FA,3,CS_REQ_SA_SP_ID
SERVICE,C1_SPR_MKT_OPT_SA,3,SA_ID
SERVICE,C1_USAGE_LOG,3,MESSAGE_CAT_NBR
SERVICE,CI_ACDC_WOSA_VW,3,SA_ID
SERVICE,CI_ADJ_STG_UP,3,MESSAGE_CAT_NBR
SERVICE,CI_MSG_LOG,3,MESSAGE_CAT_NBR
SERVICE,CI_SATY_SARELTY,3,GAPS_IN_SAREL_FLG
SERVICE,CI_SA_IREG_VW,3,SA_ID
SERVICE,CI_SA_SP,3,SA_ID
SERVICE,CI_SA_SP_DT_VW,3,SA_ID
SERVICE,CI_SA_SP_FA,3,SA_ID
SERVICE,CI_SA_TYPE,3,SA_RENEWAL_FLG
SERVICE,CI_SEV_PROC,3,MESSAGE_CAT_NBR
SERVICE,CI_SEV_PROC_1031,3,MESSAGE_CAT_NBR
SERVICE,CI_TD_TYPE,3,MESSAGE_CAT_NBR
SERVICE,CMS_C1_PA_RQST_BODA_VW,3,PA_RQST_SA_AMT
SERVICE,D1_EXT_US_SCLR_MDS_CONST_VW,3,D1_USAGE_FLG
SERVICE,D1_USAGE_LOG,3,D1_USAGE_ID
SERVICE,D1_USAGE_REL,3,D1_USAGE_ID
SERVICE,D1_USAGE_SCALAR_DTL,3,D1_USAGE_FLG
SERVICE,F1_MIGR_PLAN_INSTR,3,SQL_TRAVERSAL_CRT
SERVICE,TMP_TAB_CNV_SA_PREM,3,SA_GRP
SERVICE,X1_BI_TD_ENTRY_VW,3,MESSAGE_CAT_NBR
SERVICE,C1_BI_SA_SNAPSHOT,2,SA_ID
SERVICE,C1_CC_LOG,2,MESSAGE_CAT_NBR
SERVICE,C1_CONT_LOG,2,MESSAGE_CAT_NBR
SERVICE,C1_CS_REQ_ACCT_LOG,2,MESSAGE_CAT_NBR
SERVICE,C1_CS_REQ_CONT_LOG,2,MESSAGE_CAT_NBR
SERVICE,C1_CS_REQ_CONT_PROD_LOG,2,MESSAGE_CAT_NBR
SERVICE,C1_CS_REQ_LOG,2,MESSAGE_CAT_NBR
SERVICE,C1_CS_REQ_PER_LOG,2,MESSAGE_CAT_NBR
SERVICE,C1_CS_REQ_PREM_LOG,2,MESSAGE_CAT_NBR
SERVICE,C1_CS_REQ_SA_COP_OVRD,2,CS_REQ_SA_ID
SERVICE,C1_CS_REQ_SVC_LOC_LOG,2,MESSAGE_CAT_NBR
SERVICE,C1_CS_REQ_TYPE,2,CS_REQ_SA2_BUS_OBJ_CD
SERVICE,C1_CS_REQ_TYPE_SVC_CRIT,2,START_SA_OVRD_SW
SERVICE,C1_CUST_REL_REQ_LOG,2,MESSAGE_CAT_NBR
SERVICE,C1_INITIATIVE_LOG,2,MESSAGE_CAT_NBR
SERVICE,C1_ISS_CTR_LOG,2,MESSAGE_CAT_NBR
SERVICE,C1_LEAD_EVT_LOG,2,MESSAGE_CAT_NBR
SERVICE,C1_LEAD_LOG,2,MESSAGE_CAT_NBR
SERVICE,C1_MKTMSG_CHG_LOG,2,MESSAGE_CAT_NBR
SERVICE,C1_MKTMSG_PAY_LOG,2,MESSAGE_CAT_NBR
SERVICE,C1_MKTMSG_USG_LOG,2,MESSAGE_CAT_NBR
SERVICE,C1_MKT_RP_LOG,2,MESSAGE_CAT_NBR
SERVICE,C1_NTF_PREF_LOG,2,MESSAGE_CAT_NBR
SERVICE,C1_OFFCYC_BGEN_LOG,2,MESSAGE_CAT_NBR
SERVICE,C1_PA_RQST_LOG,2,MESSAGE_CAT_NBR
SERVICE,C1_PROD_VER_LOG,2,MESSAGE_CAT_NBR
SERVICE,C1_REPRESENTATIVE_LOG,2,MESSAGE_CAT_NBR
SERVICE,C1_RESPONSE_LOG,2,MESSAGE_CAT_NBR
SERVICE,C1_TOU_MAP_LOG,2,MESSAGE_CAT_NBR
SERVICE,C1_USAGE_LOG_PARM,2,MESSAGE_PARM
SERVICE,C1_WEB_USER_ACCT_LOG,2,MESSAGE_CAT_NBR
SERVICE,C1_WEB_USER_LOG,2,MESSAGE_CAT_NBR
SERVICE,CI_ADJ,2,BEHALF_SA_ID
SERVICE,CI_ADJ_STG_CTL,2,MESSAGE_CAT_NBR
SERVICE,CI_AM_REQ_LOG,2,MESSAGE_CAT_NBR
SERVICE,CI_APPR_REQ_LOG,2,MESSAGE_CAT_NBR
SERVICE,CI_BCHG_UP,2,SA_EXT_REF_ID
SERVICE,CI_BF,2,TOS_USAGE_FLG
SERVICE,CI_CASE_LOG,2,MESSAGE_CAT_NBR
SERVICE,CI_COLL_PROC_SA,2,COLL_SA_STAT_FLG
SERVICE,CI_COLL_PROC_SA_1031,2,COLL_SA_STAT_FLG
SERVICE,CI_COP_EVT_EXC,2,MESSAGE_CAT_NBR
SERVICE,CI_DEP_RVW,2,MESSAGE_CAT_NBR
SERVICE,CI_FA_REM_EXC,2,MESSAGE_CAT_NBR
SERVICE,CI_MSG,2,MESSAGE_CAT_NBR
SERVICE,CI_MSG_LOGPARM,2,MESSAGE_PARM
SERVICE,CI_NB_SA,2,CVRD_SA_ID
SERVICE,CI_NT_DWN_EXC,2,MESSAGE_CAT_NBR
SERVICE,CI_OD_PROC_LOG,2,MESSAGE_CAT_NBR
SERVICE,CI_PKG_SA_TYPE,2,CRE_PROP_SA_SW
SERVICE,CI_QUOTE_DTL,2,SA_ID
SERVICE,CI_REBATE_CLAIM_LOG,2,MESSAGE_CAT_NBR
SERVICE,CI_REG_DS_EXC,2,MESSAGE_CAT_NBR
SERVICE,CI_ROOT_OBJ_EXC,2,MESSAGE_CAT_NBR
SERVICE,CI_SATY_ALG,2,SAT_ALG_ENTITY_FLG
SERVICE,CI_SA_COP,2,SA_CONT_OPT_ID
SERVICE,CI_SPR_VALID,2,SA_REL_TYPE_CD
SERVICE,CI_SS_OPT,2,IB_SA_CUTOFF_TM
SERVICE,CI_TD_ENTRY,2,MESSAGE_CAT_NBR
SERVICE,CI_TD_ENTRY_1031,2,MESSAGE_CAT_NBR
SERVICE,CI_TD_ENTRY_OPEN_VW,2,MESSAGE_CAT_NBR
SERVICE,CI_TD_EX_LIST,2,MESSAGE_CAT_NBR
SERVICE,CI_TOU_DS_EXC,2,MESSAGE_CAT_NBR
SERVICE,CI_USR_BOOKMARK,2,SAVE_DATA
SERVICE,CI_WFM_MSG,2,MESSAGE_CAT_NBR
SERVICE,CI_WF_EVT_EXC,2,MESSAGE_CAT_NBR
SERVICE,CI_WF_PROC,2,MESSAGE_CAT_NBR
SERVICE,CI_WO_PROC,2,MESSAGE_CAT_NBR
SERVICE,CI_WO_PROC_SA,2,SA_ID
SERVICE,CI_XAI_DWN_EXC,2,MESSAGE_CAT_NBR
SERVICE,CI_XML_STGUP_EX,2,MESSAGE_CAT_NBR
SERVICE,CMS_SA_SNAPSHOT,2,SA_ID
SERVICE,D1_ACTIVITY_LOG,2,MESSAGE_CAT_NBR
SERVICE,D1_ACTIVITY_STAT_MV,2,MESSAGE_CAT_NBR
SERVICE,D1_ADS_LOG,2,MESSAGE_CAT_NBR
SERVICE,D1_AGG_GROUP_LOG,2,MESSAGE_CAT_NBR
SERVICE,D1_ATTR_VAL_LOG,2,MESSAGE_CAT_NBR
SERVICE,D1_COMM_IN_LOG,2,MESSAGE_CAT_NBR
SERVICE,D1_COMM_OUT_LOG,2,MESSAGE_CAT_NBR
SERVICE,D1_COMPL_EVT_LOG,2,MESSAGE_CAT_NBR
SERVICE,D1_DVC_CFG_LOG,2,MESSAGE_CAT_NBR
SERVICE,D1_DVC_EVT_LOG,2,MESSAGE_CAT_NBR
SERVICE,D1_DVC_LOG,2,MESSAGE_CAT_NBR
SERVICE,D1_DYN_OPT_EVENT_LOG,2,MESSAGE_CAT_NBR
SERVICE,D1_DYN_OPT_LOG,2,MESSAGE_CAT_NBR
SERVICE,D1_EVT_PARTICIPATION_LOG,2,MESSAGE_CAT_NBR
SERVICE,D1_EXT_US_INT_MDS_CONST_VW,2,D1_USAGE_FLG
SERVICE,D1_FACILITY_LOG,2,MESSAGE_CAT_NBR
SERVICE,D1_INIT_MSRMT_DATA_LOG,2,MESSAGE_CAT_NBR
SERVICE,D1_INIT_MSRMT_SNAP_LOG,2,MESSAGE_CAT_NBR
SERVICE,D1_INSTALL_EVT_LOG,2,MESSAGE_CAT_NBR
SERVICE,D1_MC_COMPAR_PERIOD_LOG,2,MESSAGE_CAT_NBR
SERVICE,D1_MEASR_COMP_LOG,2,MESSAGE_CAT_NBR
SERVICE,D1_MEASR_COMP_SET_LOG,2,MESSAGE_CAT_NBR
SERVICE,D1_MKT_AWARD_LOG,2,MESSAGE_CAT_NBR
SERVICE,D1_MKT_CONTRACT_LOG,2,MESSAGE_CAT_NBR
SERVICE,D1_MKT_PRODUCT_LOG,2,MESSAGE_CAT_NBR
SERVICE,D1_MKT_RP_LOG,2,MESSAGE_CAT_NBR
SERVICE,D1_MSRMT_LOG,2,MESSAGE_CAT_NBR
SERVICE,D1_MSRMT_RPT_CURR,2,MEASR_COMP_USAGE_DESC
SERVICE,D1_NW_LOC_LOG,2,MESSAGE_CAT_NBR
SERVICE,D1_SP_LOG,2,MESSAGE_CAT_NBR
SERVICE,D1_SP_QTY_LOG,2,MESSAGE_CAT_NBR
SERVICE,D1_TOU_MAP_LOG,2,MESSAGE_CAT_NBR
SERVICE,D1_USAGE,2,D1_USAGE_ID
SERVICE,D1_USAGE_PERIOD_SQ,2,D1_USAGE_ID
SERVICE,D1_US_LOG,2,MESSAGE_CAT_NBR
SERVICE,D1_US_MKT_PART_LOG,2,MESSAGE_CAT_NBR
SERVICE,D1_US_QTY_LOG,2,MESSAGE_CAT_NBR
SERVICE,D1_VEE_EXCP,2,MESSAGE_CAT_NBR
SERVICE,F1_BNDL_LOG,2,MESSAGE_CAT_NBR
SERVICE,F1_BUS_EVT_LOG,2,MESSAGE_CAT_NBR
SERVICE,F1_BUS_FLG_LOG,2,MESSAGE_CAT_NBR
SERVICE,F1_CRYPTO_KEY_RING_LOG,2,MESSAGE_CAT_NBR
SERVICE,F1_CUBE_VIEW_LOG,2,MESSAGE_CAT_NBR
SERVICE,F1_DATA_EXPORT_CTRL_LOG,2,MESSAGE_CAT_NBR
SERVICE,F1_ERASURE_SCHED_LOG,2,MESSAGE_CAT_NBR
SERVICE,F1_FACT_LOG,2,MESSAGE_CAT_NBR
SERVICE,F1_IWS_SVC_LOG,2,MESSAGE_CAT_NBR
SERVICE,F1_MIGR_DATA_ST_LOG,2,MESSAGE_CAT_NBR
SERVICE,F1_MIGR_OBJ_LOG,2,MESSAGE_CAT_NBR
SERVICE,F1_MIGR_TRANS_LOG,2,MESSAGE_CAT_NBR
SERVICE,F1_MKTMSG_IN_LOG,2,MESSAGE_CAT_NBR
SERVICE,F1_MKTMSG_OUT_LOG,2,MESSAGE_CAT_NBR
SERVICE,F1_MKTPROC_EVT_LOG,2,MESSAGE_CAT_NBR
SERVICE,F1_MKTPROC_LOG,2,MESSAGE_CAT_NBR
SERVICE,F1_OBJ_REV_LOG,2,MESSAGE_CAT_NBR
SERVICE,F1_OUTMSG,2,MESSAGE_CAT_NBR
SERVICE,F1_PERF_TGT_LOG,2,MESSAGE_CAT_NBR
SERVICE,F1_PROC_STORE_LOG,2,MESSAGE_CAT_NBR
SERVICE,F1_REMOTE_MSG_LOG,2,MESSAGE_CAT_NBR
SERVICE,F1_REQ_LOG,2,MESSAGE_CAT_NBR
SERVICE,F1_REQ_TYPE_LOG,2,MESSAGE_CAT_NBR
SERVICE,F1_STATS_LOG,2,MESSAGE_CAT_NBR
SERVICE,F1_STATS_SNPSHT_LOG,2,MESSAGE_CAT_NBR
SERVICE,F1_SVC_TASK_LOG,2,MESSAGE_CAT_NBR
SERVICE,F1_SYNC_REQ_IN_EXCP,2,MESSAGE_CAT_NBR
SERVICE,F1_SYNC_REQ_IN_LOG,2,MESSAGE_CAT_NBR
SERVICE,F1_SYNC_REQ_LOG,2,MESSAGE_CAT_NBR
SERVICE,F1_WEB_SVC_LOG,2,MESSAGE_CAT_NBR
SERVICE,W1_ACPT_LINE_LOG,2,MESSAGE_CAT_NBR
SERVICE,W1_ACTIVITY,2,ANNIVERSARY_DT
SERVICE,W1_ACTIVITY_LOG,2,MESSAGE_CAT_NBR
SERVICE,W1_ACT_RECON_LOG,2,MESSAGE_CAT_NBR
SERVICE,W1_ACT_RESRC_REQMT_LOG,2,MESSAGE_CAT_NBR
SERVICE,W1_ADJUSTMENT_LOG,2,MESSAGE_CAT_NBR
SERVICE,W1_APPROVAL_REQ_LOG,2,MESSAGE_CAT_NBR
SERVICE,W1_ASSESS_CLASS_LOG,2,MESSAGE_CAT_NBR
SERVICE,W1_ASSET,2,DISPOSAL_COST
SERVICE,W1_ASSET_LOG,2,MESSAGE_CAT_NBR
SERVICE,W1_ASSET_TYPE,2,DISPOSAL_COST
SERVICE,W1_BC_HEADER_LOG,2,MESSAGE_CAT_NBR
SERVICE,W1_BC_LINE_LOG,2,MESSAGE_CAT_NBR
SERVICE,W1_BI_ACTIVITY_VW,2,ANNIVERSARY_DT
SERVICE,W1_BI_SERVICEHISTORY_VW,2,ANNIVERSARY_DT
SERVICE,W1_BUYER_LOG,2,MESSAGE_CAT_NBR
SERVICE,W1_CHANGE_REQ_LOG,2,MESSAGE_CAT_NBR
SERVICE,W1_CHILD_SPEC_LOG,2,MESSAGE_CAT_NBR
SERVICE,W1_CHKLST_LOG,2,MESSAGE_CAT_NBR
SERVICE,W1_CMPL_EVT_LOG,2,MESSAGE_CAT_NBR
SERVICE,W1_COMMUNICATION_LOG,2,MESSAGE_CAT_NBR
SERVICE,W1_COMM_IN_LOG,2,MESSAGE_CAT_NBR
SERVICE,W1_CONFIG_LOG,2,MESSAGE_CAT_NBR
SERVICE,W1_CONFIG_RPT_LOG,2,MESSAGE_CAT_NBR
SERVICE,W1_COST_CENTER_LOG,2,MESSAGE_CAT_NBR
SERVICE,W1_CREW_LOG,2,MESSAGE_CAT_NBR
SERVICE,W1_CREW_SHIFT_LOG,2,MESSAGE_CAT_NBR
SERVICE,W1_CU_CNTRCTR_BID_LOG,2,MESSAGE_CAT_NBR
SERVICE,W1_CU_LOG,2,MESSAGE_CAT_NBR
SERVICE,W1_CU_SET_LOG,2,MESSAGE_CAT_NBR
SERVICE,W1_DESIGN_ELEMENT_LOG,2,MESSAGE_CAT_NBR
SERVICE,W1_DOCUMENT_LOG,2,MESSAGE_CAT_NBR
SERVICE,W1_EMPLOYEE_LOG,2,MESSAGE_CAT_NBR
SERVICE,W1_ERP_INTEGRATION_LOG,2,MESSAGE_CAT_NBR
SERVICE,W1_EU_LOG,2,MESSAGE_CAT_NBR
SERVICE,W1_EXPEDITE_LOG,2,MESSAGE_CAT_NBR
SERVICE,W1_EXPENSE_CD_LOG,2,MESSAGE_CAT_NBR
SERVICE,W1_FT_LOG,2,MESSAGE_CAT_NBR
SERVICE,W1_INVOICE_GROUP_LOG,2,MESSAGE_CAT_NBR
SERVICE,W1_INVOICE_HEADER_LOG,2,MESSAGE_CAT_NBR
SERVICE,W1_INVOICE_LINE_LOG,2,MESSAGE_CAT_NBR
SERVICE,W1_INV_ADJ_LOG,2,MESSAGE_CAT_NBR
SERVICE,W1_MAINT_EVENT_LOG,2,MESSAGE_CAT_NBR
SERVICE,W1_MAINT_SCHEDULE_LOG,2,MESSAGE_CAT_NBR
SERVICE,W1_MAINT_TRIGGER_LOG,2,MESSAGE_CAT_NBR
SERVICE,W1_MAT_DISP_LOG,2,MESSAGE_CAT_NBR
SERVICE,W1_MAT_ISS_LINE_LOG,2,MESSAGE_CAT_NBR
SERVICE,W1_MAT_REQ_HEADER_LOG,2,MESSAGE_CAT_NBR
SERVICE,W1_MAT_REQ_LINE_LOG,2,MESSAGE_CAT_NBR
SERVICE,W1_MAT_REQ_TMPL_LOG,2,MESSAGE_CAT_NBR
SERVICE,W1_MAT_RET_HEADER_LOG,2,MESSAGE_CAT_NBR
SERVICE,W1_MAT_RET_LINE_LOG,2,MESSAGE_CAT_NBR
SERVICE,W1_MEASUREMENT_LOG,2,MESSAGE_CAT_NBR
SERVICE,W1_MOBILE_SUBSCR_LOG,2,MESSAGE_CAT_NBR
SERVICE,W1_NODE_LOG,2,MESSAGE_CAT_NBR
SERVICE,W1_ODC_DTL_LOG,2,MESSAGE_CAT_NBR
SERVICE,W1_ODC_LOG,2,MESSAGE_CAT_NBR
SERVICE,W1_PERMIT_LOG,2,MESSAGE_CAT_NBR
SERVICE,W1_PI_CNT_LINE_LOG,2,MESSAGE_CAT_NBR
SERVICE,W1_PI_CNT_MST_LOG,2,MESSAGE_CAT_NBR
SERVICE,W1_PI_HEADER_LOG,2,MESSAGE_CAT_NBR
SERVICE,W1_PO_HEADER_LOG,2,MESSAGE_CAT_NBR
SERVICE,W1_PO_LINE_LOG,2,MESSAGE_CAT_NBR
SERVICE,W1_PROCESS_LOG,2,MESSAGE_CAT_NBR
SERVICE,W1_PROJECT_CATEGORY_LOG,2,MESSAGE_CAT_NBR
SERVICE,W1_PROJECT_LOG,2,MESSAGE_CAT_NBR
SERVICE,W1_PR_HDR_LOG,2,MESSAGE_CAT_NBR
SERVICE,W1_PR_LINE_LOG,2,MESSAGE_CAT_NBR
SERVICE,W1_RCPT_HDR_LOG,2,MESSAGE_CAT_NBR
SERVICE,W1_RCPT_LINE_LOG,2,MESSAGE_CAT_NBR
SERVICE,W1_RESRC_TYPE_LOG,2,MESSAGE_CAT_NBR
SERVICE,W1_RR_LOG,2,MESSAGE_CAT_NBR
SERVICE,W1_RTN_LINE_LOG,2,MESSAGE_CAT_NBR
SERVICE,W1_SHIFT_WEEKLY_TMPL_LOG,2,MESSAGE_CAT_NBR
SERVICE,W1_SHIPPING_MEMO_LOG,2,MESSAGE_CAT_NBR
SERVICE,W1_STATISTIC_LOG,2,MESSAGE_CAT_NBR
SERVICE,W1_STOCK_ITEM_DTL_LOG,2,MESSAGE_CAT_NBR
SERVICE,W1_STOCK_TRANS_LOG,2,MESSAGE_CAT_NBR
SERVICE,W1_SVC_HIST,2,ANNIVERSARY_DT
SERVICE,W1_SVC_HIST_LOG,2,MESSAGE_CAT_NBR
SERVICE,W1_TIMEKEEPER_LOG,2,MESSAGE_CAT_NBR
SERVICE,W1_TIMESHEET_DETAIL_LOG,2,MESSAGE_CAT_NBR
SERVICE,W1_TIMESHEET_LOG,2,MESSAGE_CAT_NBR
SERVICE,W1_TMPL_ACT_LOG,2,MESSAGE_CAT_NBR
SERVICE,W1_TMPL_ACT_RSRC_LOG,2,MESSAGE_CAT_NBR
SERVICE,W1_TMPL_WO_LOG,2,MESSAGE_CAT_NBR
SERVICE,W1_VENDOR_LOC_LOG,2,MESSAGE_CAT_NBR
SERVICE,W1_VENDOR_LOG,2,MESSAGE_CAT_NBR
SERVICE,W1_WARRANTY_LOG,2,MESSAGE_CAT_NBR
SERVICE,W1_WORK_DESIGN_LOG,2,MESSAGE_CAT_NBR
SERVICE,W1_WORK_LOC_LOG,2,MESSAGE_CAT_NBR
SERVICE,W1_WORK_REQ_LOG,2,MESSAGE_CAT_NBR
SERVICE,W1_WO_LOG,2,MESSAGE_CAT_NBR
SERVICE,C1_BI_BILLED_USAGE_VW,1,SA_ID
SERVICE,C1_BI_FTGL_MONTHLY_A,1,SA_TYPE_CD
SERVICE,C1_BI_FTGL_VW,1,SA_ID
SERVICE,C1_BI_FT_MONTHLY_A,1,SA_TYPE_CD
SERVICE,C1_BI_FT_VW,1,SA_ID
SERVICE,C1_CONT_RULE,1,SA_TYPE_CD
SERVICE,C1_CS_REQ_ACCT_NCD,1,THRD_PTY_SA_ID
SERVICE,C1_CS_REQ_SA_CHAR,1,CS_REQ_SA_ID
SERVICE,C1_CS_REQ_SA_CONTERM,1,CS_REQ_SA_ID
SERVICE,C1_CS_REQ_SA_CONT_QTY,1,CS_REQ_SA_ID
SERVICE,C1_CS_REQ_SA_K,1,CS_REQ_SA_ID
SERVICE,C1_CS_REQ_SA_LOG_PARM,1,CS_REQ_SA_ID
SERVICE,C1_CS_REQ_SA_MSG,1,CS_REQ_SA_ID
SERVICE,C1_CS_REQ_SA_RCHG,1,CS_REQ_SA_ID
SERVICE,C1_CS_REQ_SA_RS,1,CS_REQ_SA_ID
SERVICE,C1_CS_REQ_SA_SP_CHAR,1,CS_REQ_SA_SP_ID
SERVICE,C1_CS_REQ_SA_SP_K,1,CS_REQ_SA_SP_ID
SERVICE,C1_CS_REQ_SA_TOU_CONT_VAL,1,CS_REQ_SA_ID
SERVICE,C1_CS_REQ_TYPE_SVC_CRIT_SATY,1,SA_TYPE_CD
SERVICE,C1_CS_REQ_TYPE_SVC_CRIT_STOP,1,SA_TYPE_CD
SERVICE,C1_ISS_CTR_LOG_PARM,1,MESSAGE_PARM
SERVICE,C1_MKTMSG_USG_DTL,1,USAGE_FLG
SERVICE,C1_MKT_PROV_CONFIG_OPT,1,SA_REL_TYPE_CD
SERVICE,C1_MKT_PROV_CONFIG_OPT_L,1,SA_REL_TYPE_CD
SERVICE,C1_OFFCYC_BGEN_LOG_PARM,1,MESSAGE_PARM
SERVICE,C1_OFFCYC_BGEN_SA,1,SA_ID
SERVICE,C1_PA_RQST_TYPE,1,PA_RQST_MNL_SEL_CAND_SAS_FLG
SERVICE,C1_RC_READ_GTT,1,USAGE_FLG
SERVICE,C1_SA_CONT_PROD,1,SA_ID
SERVICE,C1_SA_RCHG_VW,1,SA_ID
SERVICE,C1_SA_RS_VW,1,SA_ID
SERVICE,C1_SPR_MKT_OPT,1,SA_REL_TYPE_CD
SERVICE,C1_USAGE_CHAR,1,USAGE_ID
SERVICE,C1_USAGE_K,1,USAGE_ID
SERVICE,CI_ADJTSAT_S_VW,1,SA_TYPE_CD
SERVICE,CI_ADJ_STG_CTL_MSGP,1,MESSAGE_PARM
SERVICE,CI_ADJ_STG_UP_MSGP,1,MESSAGE_PARM
SERVICE,CI_AM_REQ_LOG_PARM,1,MESSAGE_PARM
SERVICE,CI_APPR_REQ_LOG_PARM,1,MESSAGE_PARM
SERVICE,CI_BAL_CTL_MEM,1,SA_TYPE_CD
SERVICE,CI_BAL_CTL_MEM_VW,1,SA_TYPE_CD
SERVICE,CI_BAL_CTL_TMP,1,SA_TYPE_CD
SERVICE,CI_BCHG_READ,1,USAGE_FLG
SERVICE,CI_BCHG_READ_VW,1,USAGE_FLG
SERVICE,CI_BCHG_UP_OVRD,1,SA_TYPE_CD
SERVICE,CI_BCHG_UP_READ,1,USAGE_FLG
SERVICE,CI_BCHG_UP_READ_VW,1,USAGE_FLG
SERVICE,CI_BILL_CHG,1,SA_ID
SERVICE,CI_BILL_SA,1,SA_ID
SERVICE,CI_BILL_SCNR,1,SA_ID
SERVICE,CI_BPRT_SGRP_SA,1,SA_ID
SERVICE,CI_BSEG,1,SA_ID
SERVICE,CI_BSEG_READ,1,USAGE_FLG
SERVICE,CI_BSEG_READ_VW,1,USAGE_FLG
SERVICE,CI_CAL_WORK,1,SAT
SERVICE,CI_CASE_LOG_PARM,1,MESSAGE_PARM
SERVICE,CI_CC,1,MESSAGE_SUBJECT
SERVICE,CI_CONT_QTY_TMP,1,SA_TYPE_CD
SERVICE,CI_COP,1,CRE_SA_ID
SERVICE,CI_COP_EVT_EXP,1,MESSAGE_PARM
SERVICE,CI_CUT_PROC,1,SA_ID
SERVICE,CI_CVAL_TMPL,1,SA_TYPE_CD
SERVICE,CI_CVAL_TOU_TMP,1,SA_TYPE_CD
SERVICE,CI_DST_CODE,1,SA_TYPE_CD
SERVICE,CI_FA_REM_EXP,1,MESSAGE_PARM
SERVICE,CI_FT,1,SA_ID
SERVICE,CI_FUNC_FLD,1,FUNC_FLD_USAGE_FLG
SERVICE,CI_INTV_PF,1,SA_ID
SERVICE,CI_MD_SO_RSFLD,1,SQL_USAGE_FLG
SERVICE,CI_MD_TMPL_VAR,1,VAR_USAGE_FLG
SERVICE,CI_MSG_CATEGORY,1,MESSAGE_CAT_NBR
SERVICE,CI_MSG_CATEGORY_L,1,MESSAGE_CAT_NBR
SERVICE,CI_MSG_LOG_PK,1,MESSAGE_SEQ
SERVICE,CI_NAV_OPT_USG,1,NAV_OPT_USAGE_FLG
SERVICE,CI_NB_SCHED_PAY,1,SA_ID
SERVICE,CI_NCD,1,THRD_PTY_SA_ID
SERVICE,CI_NT_DWN_EXP,1,MESSAGE_PARM
SERVICE,CI_OD_PROC_LOGPARM,1,MESSAGE_PARM
SERVICE,CI_PAY_SEG,1,SA_ID
SERVICE,CI_RDR_TMPL,1,SA_TYPE_CD
SERVICE,CI_REBATE_CLAIM_LOG_PARM,1,MESSAGE_PARM
SERVICE,CI_REG_DS_EXP,1,MESSAGE_PARM
SERVICE,CI_ROOT_OBJ_EXP,1,MESSAGE_PARM
SERVICE,CI_SATY_COPTY,1,SA_TYPE_CD
SERVICE,CI_SATY_TMAPRTY,1,SA_TYPE_CD
SERVICE,CI_SAT_ADJ_PROF,1,SA_TYPE_CD
SERVICE,CI_SAT_NB_RULE,1,SA_TYPE_CD
SERVICE,CI_SAT_PFRELTY,1,SA_TYPE_CD
SERVICE,CI_SA_CHAR,1,SA_ID
SERVICE,CI_SA_CHAR_TMP,1,SA_TYPE_CD
SERVICE,CI_SA_CONTERM,1,SA_ID
SERVICE,CI_SA_CONT_QTY,1,SA_ID
SERVICE,CI_SA_COP_K,1,SA_CONT_OPT_ID
SERVICE,CI_SA_COP_OVRD,1,SA_CONT_OPT_ID
SERVICE,CI_SA_INTV_PF,1,SA_ID
SERVICE,CI_SA_K,1,SA_ID
SERVICE,CI_SA_MSG,1,SA_ID
SERVICE,CI_SA_NB_PARM,1,SA_ID
SERVICE,CI_SA_RCHG_HIST,1,SA_ID
SERVICE,CI_SA_RDR_VW,1,SA_ID
SERVICE,CI_SA_REL_K,1,SA_REL_ID
SERVICE,CI_SA_REL_TYPE,1,SA_REL_TYPE_CD
SERVICE,CI_SA_REL_TYPE_L,1,SA_REL_TYPE_CD
SERVICE,CI_SA_RS_HIST,1,SA_ID
SERVICE,CI_SA_SP_CHAR,1,SA_SP_ID
SERVICE,CI_SA_SP_K,1,SA_SP_ID
SERVICE,CI_SA_SP_TYPE,1,SA_TYPE_CD
SERVICE,CI_SA_TC,1,SA_ID
SERVICE,CI_SA_TOU_MAP,1,SA_ID
SERVICE,CI_SA_TXE_VW,1,SA_ID
SERVICE,CI_SA_TYPE_BC,1,SA_TYPE_CD
SERVICE,CI_SA_TYPE_CHAR,1,SA_TYPE_CD
SERVICE,CI_SA_TYPE_L,1,SA_TYPE_CD
SERVICE,CI_SA_TYPE_RS,1,SA_TYPE_CD
SERVICE,CI_SA_VAL_VW,1,SA_ID
SERVICE,CI_SCM,1,SA_ID
SERVICE,CI_SCMTY_SATY,1,SA_TYPE_CD
SERVICE,CI_SCM_TYPE,1,SA_REQ_FLG
SERVICE,CI_SEV_CRIT,1,SA_TYPE_CD
SERVICE,CI_SPR,1,SA_ID
SERVICE,CI_SPR_POST,1,SA_REL_TYPE_CD
SERVICE,CI_SPR_SARELTY,1,SA_REL_TYPE_CD
SERVICE,CI_SP_TYPE,1,MULT_RTE_USAGE_FLG
SERVICE,CI_SS_OPT_COP,1,SA_TYPE_CD
SERVICE,CI_SS_OPT_IP,1,SA_TYPE_CD
SERVICE,CI_SS_OPT_L,1,SA_TYPE_CD
SERVICE,CI_SS_OPT_TC,1,SA_TYPE_CD
SERVICE,CI_SS_OPT_TMAP,1,SA_TYPE_CD
SERVICE,CI_STM_CNST_DTL,1,SA_ID
SERVICE,CI_STM_DTL,1,SA_ID
SERVICE,CI_TNDR_SRCE,1,SA_ID
SERVICE,CI_TOS,1,SA_ID
SERVICE,CI_TOS_SA,1,SA_ID
SERVICE,CI_TOS_TYPE,1,TMPL_SA_USAGE_FLG
SERVICE,CI_TOU_CONT_VAL,1,SA_ID
SERVICE,CI_TOU_DS_EXP,1,MESSAGE_PARM
SERVICE,CI_TOU_MAP,1,SA_ID
SERVICE,CI_USR_ZONE_SAVE,1,ZONE_SAVE_KEY
SERVICE,CI_WF_EVT_EXP,1,MESSAGE_PARM
SERVICE,CI_WF_PROC_MSGP,1,MESSAGE_PARM
SERVICE,CI_WO_CNTL,1,WO_ACTV_SA_ALG_CD
SERVICE,CI_WO_EVT_TYP,1,SA_TYPE_CD
SERVICE,CI_XAI_DWN_EXP,1,MESSAGE_PARM
SERVICE,CI_XML_STGUPEXP,1,MESSAGE_PARM
SERVICE,CMS_CI_TD_ENTRY_CHAR_VW,1,SA_ID
SERVICE,D1_CONS_EXT_TYPE_SP_TYPE,1,MEASR_COMP_USAGE_FLG
SERVICE,D1_DATA_SRC_MC_SET,1,D1_USAGE_FLG
SERVICE,D1_GTT5,1,D1_USAGE_ID
SERVICE,D1_GTT6,1,D1_USAGE_ID
SERVICE,D1_INIT_MSRMT_SNAP,1,D1_USAGE_ID
SERVICE,D1_MEASR_COMP,1,MEASR_COMP_USAGE_FLG
SERVICE,D1_MEASR_COMP_SET,1,SPLIT_USAGE_DATES_FLG
SERVICE,D1_SP_SNAP_DL,1,CIS_EXT_SA_ID
SERVICE,D1_SP_UNR_USG_SNAP_DL,1,CIS_EXT_SA_ID
SERVICE,D1_SP_USG_SNAP_DL,1,CIS_EXT_SA_ID
SERVICE,D1_SP_VEE_EXCP_SNAP_DL,1,CIS_EXT_SA_ID
SERVICE,D1_USAGE_CAL_TYPE_CTRL,1,D1_USAGE_ID
SERVICE,D1_USAGE_CHAR,1,D1_USAGE_ID
SERVICE,D1_USAGE_CTRL,1,D1_USAGE_ID
SERVICE,D1_USAGE_EXCP_CHAR,1,USAGE_EXCP_ID
SERVICE,D1_USAGE_EXCP_K,1,USAGE_EXCP_ID
SERVICE,D1_USAGE_EXCP_PARM,1,USAGE_EXCP_ID
SERVICE,D1_USAGE_EXCP_TYPE,1,USAGE_EXCP_TYPE_CD
SERVICE,D1_USAGE_EXCP_TYPE_CHAR,1,USAGE_EXCP_TYPE_CD
SERVICE,D1_USAGE_EXCP_TYPE_L,1,USAGE_EXCP_TYPE_CD
SERVICE,D1_USAGE_K,1,D1_USAGE_ID
SERVICE,D1_USAGE_LOG_PARM,1,D1_USAGE_ID
SERVICE,D1_USAGE_PERIOD,1,D1_USAGE_ID
SERVICE,D1_USAGE_PERIOD_ITEM_DET,1,D1_USAGE_ID
SERVICE,D1_USAGE_PERIOD_SQ_DATA,1,D1_USAGE_ID
SERVICE,D1_US_SP,1,D1_USAGE_FLG
SERVICE,ERR$_C1_BI_FTGL_MONTHLY_A,1,SA_TYPE_CD
SERVICE,ERR$_C1_BI_FT_MONTHLY_A,1,SA_TYPE_CD
SERVICE,F1_BATCH_CONF_VW,1,SAMPLE_SIZE
SERVICE,F1_DEPTYP_MSG_CAT,1,MESSAGE_CAT_NBR
SERVICE,F1_EXT_LOOKUP_VAL,1,F1_EXT_LOOKUP_USAGE_FLG
SERVICE,F1_PROC_DEFN,1,AUTOSAVE_FLG
SERVICE,F1_PROC_STORE,1,SAVE_DTTM
SERVICE,F1_TREE_NODE,1,CTXT_MENU_USAGE_FLG
SERVICE,SEC_INVENTORY,1,SALT
SERVICE,W1_ACTIVITY_TYPE_OUTMSG_TYPE,1,OUTMSG_USAGE_FLG
SERVICE,W1_ACT_CONSTR_LOC_CU,1,CU_USAGE_CD
SERVICE,W1_BI_STOCK_ITEM_DTLS_F_VW,1,SI_BELOW_SAFETY_STOCK_CNT
SERVICE,W1_BI_STOCK_ITEM_DTL_VW,1,SAFETY_STOCK_QTY
SERVICE,W1_CREW_SHIFT,1,CREW_SHIFT_USAGE_FLG
SERVICE,W1_CREW_SHIFT_SERVICE_AREA,1,SERVICE_AREA_USAGE_FLG
SERVICE,W1_CREW_SHIFT_SERVICE_CLASS,1,SERVICE_CLASS_USAGE_FLG
SERVICE,W1_CU_COST_CENTER,1,CU_ACCT_USAGE_FLG
SERVICE,W1_CU_CU_USAGE,1,CU_USAGE_CD
SERVICE,W1_CU_USAGE,1,CU_USAGE_CD
SERVICE,W1_CU_USAGE_CHAR,1,CU_USAGE_CD
SERVICE,W1_CU_USAGE_COST_CENTER,1,CU_USAGE_CD
SERVICE,W1_CU_USAGE_L,1,CU_USAGE_CD
SERVICE,W1_DESIGN_ELEMENT_CU,1,CU_USAGE_CD
SERVICE,W1_EMP_AUTO_TIMESHEET,1,SAT
SERVICE,W1_STOCK_ITEM_DTL,1,SAFETY_STOCK_QTY
SERVICE,W1_WORK_CLASS,1,WORK_CAT_USAGE_FLG
SERVICE,X1_BI_ACTIVITY_VW,1,SA_ID
SERVICE,X1_BI_DVC_EVT_VW,1,SA_ID
TAX,W1_INVOICE_HEADER,3,MANUAL_ENTERED_TAX
TAX,C1_CS_REQ_SA_CONTERM,2,TAX_CERT
TAX,CI_SA_CONTERM,2,TAX_CERT
TAX,CI_SA_RDR_VW,2,TAX_CERT
TAX,CI_SA_TXE_VW,2,TAX_CERT
TAX,CI_SA_VAL_VW,2,TAX_CERT
TAX,W1_INVOICE_LINE_TAX_LINE,2,TAX_RATE_SCHED_CD
TAX,W1_NODE,2,TAX_COST_CENTER_CD
TAX,W1_PO_LINE_TAX_LINE,2,TAX_RATE_SCHED_CD
TAX,W1_PR_LINE_TXLN,2,TAX_RATE_SCHED_CD
TAX,C1_BI_FTGL_MONTHLY_A,1,FT_GL_TAX_AMT
TAX,C1_BI_FTGL_VW,1,FT_GL_TAX_AMT
TAX,C1_BI_FT_MONTHLY_A,1,FT_GL_TAX_AMT
TAX,C1_BI_FT_VW,1,FT_GL_TAX_AMT
TAX,CI_TAX_EX_TYPE,1,TAX_EX_TYPE_CD
TAX,CI_TAX_EX_TYPE_L,1,TAX_EX_TYPE_CD
TAX,ERR$_C1_BI_FTGL_MONTHLY_A,1,FT_GL_TAX_AMT
TAX,ERR$_C1_BI_FT_MONTHLY_A,1,FT_GL_TAX_AMT
TAX,W1_BC_LINE,1,TAX_RATE_SCHED_CD
TAX,W1_BI_STOCK_ITEM_DTL_VW,1,TAX_RATE_SCHED_CD
TAX,W1_INVOICE_LINE,1,TAX_RATE_SCHED_CD
TAX,W1_PO_LINE,1,TAX_RATE_SCHED_CD
TAX,W1_PR_LINE,1,TAX_RATE_SCHED_CD
TAX,W1_RESRC_TYPE,1,TAX_RATE_SCHED_CD
TAX,W1_STOCK_ITEM_DTL,1,TAX_RATE_SCHED_CD
TAX,W1_TAX_RATE_COMP,1,TAX_RATE_SCHED_CD
TAX,W1_TAX_RATE_COMP_L,1,TAX_RATE_SCHED_CD
TAX,W1_TAX_RATE_EFFDT,1,TAX_RATE_SCHED_CD
TAX,W1_TAX_RATE_SCHED,1,TAX_RATE_SCHED_CD
TAX,W1_TAX_RATE_SCHED_CHAR,1,TAX_RATE_SCHED_CD
TAX,W1_TAX_RATE_SCHED_L,1,TAX_RATE_SCHED_CD
TAX,W1_VENDOR_LOC,1,PAY_TAX_TO_VENDOR_FLG
USAGE,D1_EXT_US_INT_MDS_MSRMTS_VW,102,MSRMT_COND_FLG
USAGE,D1_MDSI,101,MSRMT_DATA_SNAP_TYPE_CD
USAGE,D1_MSRMT_RPT_CURR,41,ADJ_LATEST_MSRMT_DTTM
USAGE,D1_USAGE_SCALAR_DTL_RPT_CURR,22,C1_MASTER_USAGE_ID
USAGE,D1_AGG_MSRMT,17,MSRMT_COND_FLG
USAGE,D1_MEASR_BK_1027,17,MSRMT_COND_FLG
USAGE,D1_MSRMT,17,MSRMT_COND_FLG
USAGE,D1_STG_MSRMT,16,MSRMT_COND_FLG
USAGE,D2_MEASR_QTY_AGR_MV,14,MSRMT_DT
USAGE,D2_QUALITY_CNT_AGR_MV,14,MSRMT_DT
USAGE,D2_TIMELINES_CNT_AGR_MV,14,MSRMT_DT
USAGE,D2_TIMELINES_QTY_AGR_MV,14,MSRMT_DT
USAGE,D1_GTT2,12,MSRMT_DTTM
USAGE,D1_GTT4,12,MSRMT_DTTM
USAGE,D1_USAGE_RPT_CURR,9,C1_MASTER_USAGE_ID
USAGE,D1_MEASR_COMP,7,ADJ_LATEST_MSRMT_DTTM
USAGE,D1_USAGE_SCALAR_DTL,7,D1_USAGE_FLG
USAGE,D1_EXT_US_SCLR_MDS_CONST_VW,5,D1_USAGE_FLG
USAGE,OPS_EXCEPTION_RPT_CURR,5,D1_USAGE_ID
USAGE,D1_EXT_US_INT_MDS_CONST_VW,4,D1_USAGE_FLG
USAGE,D1_USAGE,4,D1_USAGE_ID
USAGE,DEVICE_SP_RPT_CURR,4,MSRMT_CYC_CD
USAGE,FIELD_ACTIVITY_RPT_CURR,4,MSRMT_CYC_CD
USAGE,C1_RC_READ_GTT,3,MSR_PEAK_QTY_SW
USAGE,CI_BCHG_READ,3,MSR_PEAK_QTY_SW
USAGE,CI_BCHG_READ_VW,3,MSR_PEAK_QTY_SW
USAGE,CI_BCHG_UP_READ,3,MSR_PEAK_QTY_SW
USAGE,CI_BCHG_UP_READ_VW,3,MSR_PEAK_QTY_SW
USAGE,CI_BSEG_READ,3,MSR_PEAK_QTY_SW
USAGE,CI_BSEG_READ_VW,3,MSR_PEAK_QTY_SW
USAGE,D1_GTT10,3,MSRMT_DATA_SNAP_TYPE_CD
USAGE,D1_INIT_MSRMT_SNAP,3,D1_USAGE_ID
USAGE,D1_MSRMT_DATA_SNAP_TYPE,3,MSRMT_DATA_SNAP_BUS_OBJ_CD
USAGE,D1_MSRMT_LOG,3,MSRMT_DTTM
USAGE,D1_MSRMT_TMP,3,MSRMT_COND_FLG
USAGE,D1_SP,3,MSRMT_CYC_CD
USAGE,D1_SP_SNAP_DL,3,DAYS_LAST_MSRMT_BKT_CD
USAGE,D1_SP_USG_SNAP_DL,3,MSRMT_COND_FLG
USAGE,D1_USAGE_EXCP,3,D1_USAGE_ID
USAGE,D1_USAGE_REL,3,D1_USAGE_ID
USAGE,C1_USAGE,2,MASTER_USAGE_ID
USAGE,D1_CONS_EXT_TYPE_IRR_DATA_MAP,2,MSRMT_COND_FROM
USAGE,D1_INT_SNAP_MAP,2,MSRMT_DTTM
USAGE,D1_MDSS,2,MSRMT_DATA_SNAP_TYPE_CD
USAGE,D1_MSRMT_CYC,2,MSRMT_CYC_CD
USAGE,D1_MSRMT_CYC_MCR,2,MSRMT_CYC_CD
USAGE,D1_MSRMT_CYC_RTE,2,MSRMT_CYC_CD
USAGE,D1_MSRMT_CYC_RTE_CHAR,2,MSRMT_CYC_CD
USAGE,D1_MSRMT_CYC_RTE_L,2,MSRMT_CYC_CD
USAGE,D1_MSRMT_CYC_SCHED_RTE,2,MSRMT_CYC_CD
USAGE,D1_SP_MSRMT_CYC_SCHED_RTE,2,MSRMT_CYC_CD
USAGE,D1_USAGE_PERIOD_SQ,2,D1_USAGE_ID
USAGE,NEW_SERVICE_PIPELINE_RPT_CURR,2,SPECIAL_USAGE_DESC
USAGE,X1_BI_USG_EXCEPTION_VW,2,D1_USAGE_ID
USAGE,BSEG_BILLED_USAGE_RPT_CURR,1,TOTAL_MSR_QTY
USAGE,C1_CS_REQ_SA_SP,1,USAGE_FLG
USAGE,C1_MKTMSG_USG_DTL,1,USAGE_FLG
USAGE,C1_RC_CALC_LN_GTT,1,MSR_PEAK_QTY_SW
USAGE,C1_USAGE_CHAR,1,USAGE_ID
USAGE,C1_USAGE_K,1,USAGE_ID
USAGE,C1_USAGE_LOG,1,USAGE_ID
USAGE,C1_USAGE_LOG_PARM,1,USAGE_ID
USAGE,CI_ADJ_CALC_LN,1,MSR_PEAK_QTY_SW
USAGE,CI_BF,1,TOS_USAGE_FLG
USAGE,CI_BSEG_CALC_LN,1,MSR_PEAK_QTY_SW
USAGE,CI_FUNC_FLD,1,FUNC_FLD_USAGE_FLG
USAGE,CI_MD_SO_RSFLD,1,SQL_USAGE_FLG
USAGE,CI_MD_TMPL_VAR,1,VAR_USAGE_FLG
USAGE,CI_NAV_OPT_USG,1,NAV_OPT_USAGE_FLG
USAGE,CI_RC,1,MSR_PEAK_QTY_SW
USAGE,CI_SA,1,SPECIAL_USAGE_FLG
USAGE,CI_SA_BK_1102,1,SPECIAL_USAGE_FLG
USAGE,CI_SA_IREG_VW,1,USAGE_FLG
USAGE,CI_SA_REL,1,SA_REL_USAGE_FLG
USAGE,CI_SA_SP,1,USAGE_FLG
USAGE,CI_SA_SP_DT_VW,1,USAGE_FLG
USAGE,CI_SP_TYPE,1,MULT_RTE_USAGE_FLG
USAGE,CI_TD_TYPE,1,TD_USAGE_TYPE_FLG
USAGE,CI_TOS_TYPE,1,TMPL_SA_USAGE_FLG
USAGE,CI_UOM,1,MSR_PEAK_QTY_SW
USAGE,CMS_NON_INVOICED_USAGE_VW,1,MSRMT_DTTM
USAGE,D1_BI_DYN_AGG_VW,1,MSRMT_DTTM
USAGE,D1_CONS_EXT_TYPE,1,MSRMT_COND_FLG
USAGE,D1_CONS_EXT_TYPE_MDS_TYPE,1,MSRMT_DATA_SNAP_TYPE_CD
USAGE,D1_CONS_EXT_TYPE_SP_TYPE,1,MEASR_COMP_USAGE_FLG
USAGE,D1_DATA_SRC_MC_SET,1,D1_USAGE_FLG
USAGE,D1_DATA_SRC_MSRMT_DATA_SNAP,1,MSRMT_DATA_SNAP_TYPE_CD
USAGE,D1_EXT_US_SCLR_MDS_MSRMTS_VW,1,MSRMT_VAL
USAGE,D1_GTT5,1,D1_USAGE_ID
USAGE,D1_GTT6,1,D1_USAGE_ID
USAGE,D1_GTT8,1,MSRMT_DTTM
USAGE,D1_IMD_CTRL,1,INIT_MSRMT_DATA_ID
USAGE,D1_IMD_CTRL_SEEDER,1,INIT_MSRMT_DATA_ID
USAGE,D1_INIT_MSRMT_DATA,1,INIT_MSRMT_DATA_ID
USAGE,D1_INIT_MSRMT_DATA_CHAR,1,INIT_MSRMT_DATA_ID
USAGE,D1_INIT_MSRMT_DATA_K,1,INIT_MSRMT_DATA_ID
USAGE,D1_INIT_MSRMT_DATA_LOG,1,INIT_MSRMT_DATA_ID
USAGE,D1_INIT_MSRMT_DATA_LOG_PARM,1,INIT_MSRMT_DATA_ID
USAGE,D1_INIT_MSRMT_SNAP_CHAR,1,INIT_MSRMT_SNAP_ID
USAGE,D1_INIT_MSRMT_SNAP_K,1,INIT_MSRMT_SNAP_ID
USAGE,D1_INIT_MSRMT_SNAP_LOG,1,INIT_MSRMT_SNAP_ID
USAGE,D1_INIT_MSRMT_SNAP_LOG_PARM,1,INIT_MSRMT_SNAP_ID
USAGE,D1_MEASR_COMP_SET,1,SPLIT_USAGE_DATES_FLG
USAGE,D1_MEASR_COMP_TYPE,1,MSRMT_BO_CD
USAGE,D1_MSRMT_CHAR,1,MSRMT_DTTM
USAGE,D1_MSRMT_CYC_BILL_CYC,1,MSRMT_CYC_CD
USAGE,D1_MSRMT_CYC_CHAR,1,MSRMT_CYC_CD
USAGE,D1_MSRMT_CYC_L,1,MSRMT_CYC_CD
USAGE,D1_MSRMT_CYC_SCHED,1,MSRMT_CYC_CD
USAGE,D1_MSRMT_CYC_SCHED_CHAR,1,MSRMT_CYC_CD
USAGE,D1_MSRMT_DATA_SNAP_TYPE_CHAR,1,MSRMT_DATA_SNAP_TYPE_CD
USAGE,D1_MSRMT_DATA_SNAP_TYPE_L,1,MSRMT_DATA_SNAP_TYPE_CD
USAGE,D1_MSRMT_LOG_PARM,1,MSRMT_DTTM
USAGE,D1_UOM,1,MSR_PEAK_QTY_FLG
USAGE,D1_USAGE_CAL_TYPE_CTRL,1,D1_USAGE_ID
USAGE,D1_USAGE_CHAR,1,D1_USAGE_ID
USAGE,D1_USAGE_CTRL,1,D1_USAGE_ID
USAGE,D1_USAGE_EXCP_CHAR,1,USAGE_EXCP_ID
USAGE,D1_USAGE_EXCP_K,1,USAGE_EXCP_ID
USAGE,D1_USAGE_EXCP_PARM,1,USAGE_EXCP_ID
USAGE,D1_USAGE_EXCP_TYPE,1,USAGE_EXCP_TYPE_CD
USAGE,D1_USAGE_EXCP_TYPE_CHAR,1,USAGE_EXCP_TYPE_CD
USAGE,D1_USAGE_EXCP_TYPE_L,1,USAGE_EXCP_TYPE_CD
USAGE,D1_USAGE_K,1,D1_USAGE_ID
USAGE,D1_USAGE_LOG,1,D1_USAGE_ID
USAGE,D1_USAGE_LOG_PARM,1,D1_USAGE_ID
USAGE,D1_USAGE_PERIOD,1,D1_USAGE_ID
USAGE,D1_USAGE_PERIOD_ITEM_DET,1,D1_USAGE_ID
USAGE,D1_USAGE_PERIOD_SQ_DATA,1,D1_USAGE_ID
USAGE,D1_US_SP,1,D1_USAGE_FLG
USAGE,D1_VEE_EXCP,1,INIT_MSRMT_DATA_ID
USAGE,F1_EXT_LOOKUP_VAL,1,F1_EXT_LOOKUP_USAGE_FLG
USAGE,F1_TREE_NODE,1,CTXT_MENU_USAGE_FLG
USAGE,W1_ACTIVITY_TYPE_OUTMSG_TYPE,1,OUTMSG_USAGE_FLG
USAGE,W1_ACT_CONSTR_LOC_CU,1,CU_USAGE_CD
USAGE,W1_CREW_SHIFT,1,CREW_SHIFT_USAGE_FLG
USAGE,W1_CREW_SHIFT_SERVICE_AREA,1,SERVICE_AREA_USAGE_FLG
USAGE,W1_CREW_SHIFT_SERVICE_CLASS,1,SERVICE_CLASS_USAGE_FLG
USAGE,W1_CU_COST_CENTER,1,CU_ACCT_USAGE_FLG
USAGE,W1_CU_CU_USAGE,1,CU_USAGE_CD
USAGE,W1_CU_USAGE,1,CU_USAGE_CD
USAGE,W1_CU_USAGE_CHAR,1,CU_USAGE_CD
USAGE,W1_CU_USAGE_COST_CENTER,1,CU_USAGE_CD
USAGE,W1_CU_USAGE_L,1,CU_USAGE_CD
USAGE,W1_DESIGN_ELEMENT_CU,1,CU_USAGE_CD
USAGE,W1_WORK_CLASS,1,WORK_CAT_USAGE_FLG
USAGE,X1_BI_VEE_EXCEPTION_VW,1,INIT_MSRMT_DATA_ID
WRITE_OFF,W1_BI_WO_VW,30,CMPL_CONSTR_WO_CNT
WRITE_OFF,C1_BI_WOPROC_VW,19,ACTIVE_WO_PROC_CNT
WRITE_OFF,WO_PROC_RPT_CURR,16,WO_CNTL_CD
WRITE_OFF,W1_WO,11,PARENT_WO_ID
WRITE_OFF,W1_ACTIVITY,9,ORIGINAL_WORK_DT
WRITE_OFF,W1_BI_ACTIVITY_VW,9,ORIGINAL_WORK_DT
WRITE_OFF,W1_BI_FORECASTEDACTHOURS_VW,7,ORIGINAL_WORK_DT
WRITE_OFF,W1_WORK_DESIGN,7,WORK_CATEGORY_CD
WRITE_OFF,CI_WO_CNTL,6,WO_ACTV_SA_ALG_CD
WRITE_OFF,W1_BI_ASSETACTCOST_VW,6,ORIGINAL_WORK_DT
WRITE_OFF,W1_BI_LABORHOURS_VW,6,ORIGINAL_WORK_DT
WRITE_OFF,W1_TMPL_WO,6,TMPL_WO_ID
WRITE_OFF,CI_WO_PROC,5,WO_CNTL_CD
WRITE_OFF,W1_DESIGN_ELEMENT,5,WORK_CATEGORY_CD
WRITE_OFF,W1_SERVICE_CODE,5,CREATE_WORK_REQ_FLG
WRITE_OFF,W1_SVC_SCHED,5,WO_CRE_DT
WRITE_OFF,W1_WORK_REQ,5,WORK_CATEGORY_CD
WRITE_OFF,D1_NW_NODE,4,NETWORK_LOCATION_ID
WRITE_OFF,W1_TMPL_ACT,4,TMPL_WO_ID
WRITE_OFF,CI_WO_CRIT,3,WO_CNTL_CD
WRITE_OFF,CI_WO_EVT,3,WO_EVT_STAT_FLG
WRITE_OFF,CI_WO_EVT_TYP,3,WO_EVT_ALG_CD
WRITE_OFF,W1_MAINT_TRIGGER,3,TMPL_WO_ID
WRITE_OFF,W1_PERMIT,3,WORK_LOC_ID
WRITE_OFF,CI_ACDC_WOSA_VW,2,ELIG_FOR_WO_SW
WRITE_OFF,CI_FA_STAGE_UP,2,WORKED_BY
WRITE_OFF,CI_FO,2,WORKED_BY
WRITE_OFF,CI_WO_DEBT_CL,2,ELIG_FOR_WO_SW
WRITE_OFF,CI_WO_PROC_SA,2,WO_PROC_ID
WRITE_OFF,CI_WO_RESP,2,WO_EVT_TYP_CD
WRITE_OFF,D1_NW_LOC,2,NETWORK_LOCATION_DATA_AREA
WRITE_OFF,W1_BI_ASTAVAILDWNTM_VW,2,WO_CRE_DTTM
WRITE_OFF,W1_BI_ASTAVAILWO_VW,2,WO_CRE_DTTM
WRITE_OFF,W1_TMPL_WO_IDENTIFIER,2,TMPL_WO_ID
WRITE_OFF,W1_WORK_CLASS,2,WORK_CAT_USAGE_FLG
WRITE_OFF,W1_WORK_CLASS_WORK_CATEGORY,2,WORK_CATEGORY_CD
WRITE_OFF,W1_WORK_DESIGN_IDENTIFIER,2,WORK_DESIGN_ID
WRITE_OFF,W1_WORK_LOC,2,ADHOC_WORK_LOC_NOTES
WRITE_OFF,W1_WORK_LOC_IDENTIFIER,2,WORK_LOC_ID
WRITE_OFF,W1_WORK_REQ_IDENTIFIER,2,WORK_REQ_ID
WRITE_OFF,W1_WO_IDENTIFIER,2,WO_ID
WRITE_OFF,ACCT_CUSTOMER_RPT_CURR,1,WORK_PHONE
WRITE_OFF,C1_LEAD_EVT_STEP,1,LEAD_EVT_STEP_WORK_DTTM
WRITE_OFF,CI_BUD_RVW,1,BUD_WORKED_SW
WRITE_OFF,CI_COLL_AGY_REF,1,WO_PROC_ID
WRITE_OFF,CI_CR_RAT_HIST,1,WO_PROC_ID
WRITE_OFF,CI_DEP_RVW,1,RCMEND_WORKED_SW
WRITE_OFF,CI_MD_FLD,1,WORK_FLD_SW
WRITE_OFF,CI_SA_TYPE,1,WO_DEBT_CL_CD
WRITE_OFF,CI_WO_CNTL_L,1,WO_CNTL_CD
WRITE_OFF,CI_WO_DEBT_CL_L,1,WO_DEBT_CL_CD
WRITE_OFF,CI_WO_EVT_CC,1,WO_PROC_ID
WRITE_OFF,CI_WO_EVT_TYP_L,1,WO_EVT_TYP_CD
WRITE_OFF,CI_WO_PROC_K,1,WO_PROC_ID
WRITE_OFF,CI_WO_PROC_TMPL,1,WO_PROC_TMPL_CD
WRITE_OFF,CI_WO_PROC_TMPL_L,1,WO_PROC_TMPL_CD
WRITE_OFF,CI_XAI_JDBC_CON,1,DATABASE_PASSWORD
WRITE_OFF,CMS_C1_REPRESENTATIVE_BODA_VW,1,CM_ML_WORKER_CAPABILITY
WRITE_OFF,CREW_OPS_RPT_CURR,1,WORKER_CAPABILITY
WRITE_OFF,D1_NW_LOC_CHAR,1,NETWORK_LOCATION_ID
WRITE_OFF,D1_NW_LOC_IDENTIFIER,1,NETWORK_LOCATION_ID
WRITE_OFF,D1_NW_LOC_K,1,NETWORK_LOCATION_ID
WRITE_OFF,D1_NW_LOC_LOG,1,NETWORK_LOCATION_ID
WRITE_OFF,D1_NW_LOC_LOG_PARM,1,NETWORK_LOCATION_ID
WRITE_OFF,F1_BATCH_CONF_VW,1,WORST_ELAPSED
WRITE_OFF,W1_ACTIVITY_TYPE,1,WORK_ROLE_FLG
WRITE_OFF,W1_ACT_CONSTR_LOC,1,WORK_LOC_ID
WRITE_OFF,W1_BI_SERVICEHISTORY_VW,1,WO_ID
WRITE_OFF,W1_BI_WO_FINISHDT_VW,1,WO_ID
WRITE_OFF,W1_CMPL_EVT,1,WORK_REQ_ID
WRITE_OFF,W1_CREW_SHIFT,1,WORK_AVAILABILITY_DURATION
WRITE_OFF,W1_MAINT_SCHEDULE,1,WO_ID
WRITE_OFF,W1_NODE,1,WORK_REQ_APPROVAL_PROF_CD
WRITE_OFF,W1_OVERHEAD_RESRC,1,CWO_PERCENTAGE
WRITE_OFF,W1_PROJECT,1,WO_APPROVAL_PROF_CD
WRITE_OFF,W1_PR_LINE,1,WO_ID
WRITE_OFF,W1_SVC_HIST,1,WORK_LOC_ID
WRITE_OFF,W1_SVC_HIST_TYPE_FLLW_UP_ACTN,1,TMPL_WO_ID
WRITE_OFF,W1_TMPL_WO_CHAR,1,TMPL_WO_ID
WRITE_OFF,W1_TMPL_WO_DOCUMENT,1,TMPL_WO_ID
WRITE_OFF,W1_TMPL_WO_K,1,TMPL_WO_ID
WRITE_OFF,W1_TMPL_WO_LOG,1,TMPL_WO_ID
WRITE_OFF,W1_TMPL_WO_LOG_PARM,1,TMPL_WO_ID
WRITE_OFF,W1_TMPL_WO_NOTE,1,TMPL_WO_ID
WRITE_OFF,W1_WORK_CAL,1,WORK_CALENDAR_CD
WRITE_OFF,W1_WORK_CAL_L,1,WORK_CALENDAR_CD
WRITE_OFF,W1_WORK_CAL_SCHED_DATE,1,WORK_CALENDAR_CD
WRITE_OFF,W1_WORK_CATEGORY,1,WORK_CATEGORY_CD
WRITE_OFF,W1_WORK_CATEGORY_CHAR,1,WORK_CATEGORY_CD
WRITE_OFF,W1_WORK_CATEGORY_L,1,WORK_CATEGORY_CD
WRITE_OFF,W1_WORK_CLASS_CHAR,1,WORK_CLASS_CD
WRITE_OFF,W1_WORK_CLASS_L,1,WORK_CLASS_CD
WRITE_OFF,W1_WORK_DESIGN_CHAR,1,WORK_DESIGN_ID
WRITE_OFF,W1_WORK_DESIGN_DOCUMENT,1,WORK_DESIGN_ID
WRITE_OFF,W1_WORK_DESIGN_K,1,WORK_DESIGN_ID
WRITE_OFF,W1_WORK_DESIGN_LOG,1,WORK_DESIGN_ID
WRITE_OFF,W1_WORK_DESIGN_LOG_PARM,1,WORK_DESIGN_ID
WRITE_OFF,W1_WORK_DESIGN_NOTE,1,WORK_DESIGN_ID
WRITE_OFF,W1_WORK_DESIGN_OTHER_COST,1,WORK_DESIGN_ID
WRITE_OFF,W1_WORK_DESIGN_RSRC_COST,1,WORK_DESIGN_ID
WRITE_OFF,W1_WORK_LOC_CHAR,1,WORK_LOC_ID
WRITE_OFF,W1_WORK_LOC_K,1,WORK_LOC_ID
WRITE_OFF,W1_WORK_LOC_LOG,1,WORK_LOC_ID
WRITE_OFF,W1_WORK_LOC_LOG_PARM,1,WORK_LOC_ID
WRITE_OFF,W1_WORK_REQ_CHAR,1,WORK_REQ_ID
WRITE_OFF,W1_WORK_REQ_DOCUMENT,1,WORK_REQ_ID
WRITE_OFF,W1_WORK_REQ_K,1,WORK_REQ_ID
WRITE_OFF,W1_WORK_REQ_LOG,1,WORK_REQ_ID
WRITE_OFF,W1_WORK_REQ_LOG_PARM,1,WORK_REQ_ID
WRITE_OFF,W1_WORK_REQ_PHONE,1,WORK_REQ_ID
WRITE_OFF,W1_WO_CHAR,1,WO_ID
WRITE_OFF,W1_WO_COST_CENTER,1,WO_ID
WRITE_OFF,W1_WO_DOCUMENT,1,WO_ID
WRITE_OFF,W1_WO_K,1,WO_ID
WRITE_OFF,W1_WO_LOG,1,WO_ID
WRITE_OFF,W1_WO_LOG_PARM,1,WO_ID
WRITE_OFF,W1_WO_NOTE,1,WO_ID
