table_name,column_name,data_type,index_name,column_position,index_type,index_status,index_visibility,index_partitioned,index_uniqueness,is_leading_column,is_valid_visible,is_date_like,in_domain_metadata,workstreams,prefilter_priority,design_guidance
C0_INSTALLATION,INSTALL_OPT_ID,CHAR,XC790P0,1,NORMAL,VALID,VISIBLE,NO,UNIQUE,Y,Y,N,N,,MEDIUM,Good candidate for equality or IN pre-filter.
C1_BI_FTGL_MONTHLY_A,ACCOUNTING_MONTH,NUMBER,C1T159P0,1,NORMAL,VALID,VISIBLE,NO,UNIQUE,Y,Y,N,N,,MEDIUM,Good candidate for equality or IN pre-filter.
C1_BI_FT_MONTHLY_A,ACCOUNTING_MONTH,NUMBER,C1T158P0,1,NORMAL,VALID,VISIBLE,NO,UNIQUE,Y,Y,N,N,,MEDIUM,Good candidate for equality or IN pre-filter.
C1_BI_SA_SNAPSHOT,ACCT_ID,CHAR,C1M020S2,1,NORMAL,VALID,VISIBLE,NO,NONUNIQUE,Y,Y,N,N,,MEDIUM,Good candidate for equality or IN pre-filter.
C1_BI_SA_SNAPSHOT,CURRENCY_CD,CHAR,C1M020S4,1,NORMAL,VALID,VISIBLE,NO,NONUNIQUE,Y,Y,N,N,,MEDIUM,Good candidate for equality or IN pre-filter.
C1_BI_SA_SNAPSHOT,PER_ID,CHAR,C1M020S3,1,NORMAL,VALID,VISIBLE,NO,NONUNIQUE,Y,Y,N,N,,MEDIUM,Good candidate for equality or IN pre-filter.
C1_BI_SA_SNAPSHOT,SA_ID,CHAR,C1M020P0,1,NORMAL,VALID,VISIBLE,NO,UNIQUE,Y,Y,N,N,,MEDIUM,Good candidate for equality or IN pre-filter.
C1_BI_SA_SNAPSHOT,SA_ID,CHAR,C1M020S1,1,NORMAL,VALID,VISIBLE,NO,NONUNIQUE,Y,Y,N,N,,MEDIUM,Good candidate for equality or IN pre-filter.
C1_CALC_GRP,BUS_OBJ_CD,CHAR,C1C012S1,1,NORMAL,VALID,VISIBLE,NO,NONUNIQUE,Y,Y,N,N,,MEDIUM,Good candidate for equality or IN pre-filter.
C1_CALC_GRP,CALC_GRP_CD,VARCHAR2,C1C012P0,1,NORMAL,VALID,VISIBLE,NO,UNIQUE,Y,Y,N,N,,MEDIUM,Good candidate for equality or IN pre-filter.
C1_CALC_GRP_CHAR,CALC_GRP_CD,VARCHAR2,C1C011P0,1,NORMAL,VALID,VISIBLE,NO,UNIQUE,Y,Y,N,N,,MEDIUM,Good candidate for equality or IN pre-filter.
C1_CALC_GRP_CHAR,SRCH_CHAR_VAL,VARCHAR2,C1C011S1,1,NORMAL,VALID,VISIBLE,NO,NONUNIQUE,Y,Y,N,N,,MEDIUM,Good candidate for equality or IN pre-filter.
C1_CALC_GRP_L,CALC_GRP_CD,VARCHAR2,C1C013P0,1,NORMAL,VALID,VISIBLE,NO,UNIQUE,Y,Y,N,N,,MEDIUM,Good candidate for equality or IN pre-filter.
C1_CALC_RULE,BUS_OBJ_CD,CHAR,C1C016S1,1,NORMAL,VALID,VISIBLE,NO,NONUNIQUE,Y,Y,N,N,,MEDIUM,Good candidate for equality or IN pre-filter.
C1_CALC_RULE,CALC_GRP_CD,VARCHAR2,C1C016P0,1,NORMAL,VALID,VISIBLE,NO,UNIQUE,Y,Y,N,N,,MEDIUM,Good candidate for equality or IN pre-filter.
C1_CALC_RULE_CHAR,CALC_GRP_CD,VARCHAR2,C1C022P0,1,NORMAL,VALID,VISIBLE,NO,UNIQUE,Y,Y,N,N,,MEDIUM,Good candidate for equality or IN pre-filter.
C1_CALC_RULE_CHAR,SRCH_CHAR_VAL,VARCHAR2,C1C022S1,1,NORMAL,VALID,VISIBLE,NO,NONUNIQUE,Y,Y,N,N,,MEDIUM,Good candidate for equality or IN pre-filter.
C1_CALC_RULE_CRT,BUS_OBJ_CD,CHAR,C1C023S1,1,NORMAL,VALID,VISIBLE,NO,NONUNIQUE,Y,Y,N,N,,MEDIUM,Good candidate for equality or IN pre-filter.
C1_CALC_RULE_CRT,CALC_GRP_CD,VARCHAR2,C1C023P0,1,NORMAL,VALID,VISIBLE,NO,UNIQUE,Y,Y,N,N,,MEDIUM,Good candidate for equality or IN pre-filter.
C1_CALC_RULE_CRT_CHAR,CALC_GRP_CD,VARCHAR2,C1C025P0,1,NORMAL,VALID,VISIBLE,NO,UNIQUE,Y,Y,N,N,,MEDIUM,Good candidate for equality or IN pre-filter.
C1_CALC_RULE_CRT_CHAR,SRCH_CHAR_VAL,VARCHAR2,C1C025S1,1,NORMAL,VALID,VISIBLE,NO,NONUNIQUE,Y,Y,N,N,,MEDIUM,Good candidate for equality or IN pre-filter.
C1_CALC_RULE_CRT_L,CALC_GRP_CD,VARCHAR2,C1C024P0,1,NORMAL,VALID,VISIBLE,NO,UNIQUE,Y,Y,N,N,,MEDIUM,Good candidate for equality or IN pre-filter.
C1_CALC_RULE_L,CALC_GRP_CD,VARCHAR2,C1C021P0,1,NORMAL,VALID,VISIBLE,NO,UNIQUE,Y,Y,N,N,,MEDIUM,Good candidate for equality or IN pre-filter.
C1_CALC_RULE_MBR_CAT,CALC_GRP_CD,VARCHAR2,C1C017P0,1,NORMAL,VALID,VISIBLE,NO,UNIQUE,Y,Y,N,N,,MEDIUM,Good candidate for equality or IN pre-filter.
C1_CALC_RULE_TRGT_CAT,CALC_GRP_CD,VARCHAR2,C1C020P0,1,NORMAL,VALID,VISIBLE,NO,UNIQUE,Y,Y,N,N,,MEDIUM,Good candidate for equality or IN pre-filter.
C1_CIS_DIV_RTYP,CIS_DIVISION,CHAR,C1C005P0,1,NORMAL,VALID,VISIBLE,NO,UNIQUE,Y,Y,N,N,,MEDIUM,Good candidate for equality or IN pre-filter.
C1_CIS_DIV_SEQ_CHAR,CIS_DIVISION,CHAR,C1C006P0,1,NORMAL,VALID,VISIBLE,NO,UNIQUE,Y,Y,N,N,,MEDIUM,Good candidate for equality or IN pre-filter.
C1_CIS_DIV_SEQ_CHAR,SRCH_CHAR_VAL,VARCHAR2,C1C006S1,1,NORMAL,VALID,VISIBLE,NO,NONUNIQUE,Y,Y,N,N,,MEDIUM,Good candidate for equality or IN pre-filter.
C1_CL_CAT_TYPE,BUS_OBJ_CD,CHAR,C1C026S1,1,NORMAL,VALID,VISIBLE,NO,NONUNIQUE,Y,Y,N,N,,MEDIUM,Good candidate for equality or IN pre-filter.
C1_CL_CAT_TYPE,CL_CAT_TYPE_CD,VARCHAR2,C1C026P0,1,NORMAL,VALID,VISIBLE,NO,UNIQUE,Y,Y,N,N,,MEDIUM,Good candidate for equality or IN pre-filter.
C1_CL_CAT_TYPE_CHAR,CL_CAT_TYPE_CD,VARCHAR2,C1C028P0,1,NORMAL,VALID,VISIBLE,NO,UNIQUE,Y,Y,N,N,,MEDIUM,Good candidate for equality or IN pre-filter.
C1_CL_CAT_TYPE_CHAR,SRCH_CHAR_VAL,VARCHAR2,C1C028S1,1,NORMAL,VALID,VISIBLE,NO,NONUNIQUE,Y,Y,N,N,,MEDIUM,Good candidate for equality or IN pre-filter.
C1_CL_CAT_TYPE_L,CL_CAT_TYPE_CD,VARCHAR2,C1C027P0,1,NORMAL,VALID,VISIBLE,NO,UNIQUE,Y,Y,N,N,,MEDIUM,Good candidate for equality or IN pre-filter.
C1_CL_CAT_VAL,CL_CAT_TYPE_CD,VARCHAR2,C1C029P0,1,NORMAL,VALID,VISIBLE,NO,UNIQUE,Y,Y,N,N,,MEDIUM,Good candidate for equality or IN pre-filter.
C1_CL_CAT_VAL_L,CL_CAT_TYPE_CD,VARCHAR2,C1C030P0,1,NORMAL,VALID,VISIBLE,NO,UNIQUE,Y,Y,N,N,,MEDIUM,Good candidate for equality or IN pre-filter.
C1_COMM_RTE_TYPE,BUS_OBJ_CD,CHAR,C1C077S1,1,NORMAL,VALID,VISIBLE,NO,NONUNIQUE,Y,Y,N,N,,MEDIUM,Good candidate for equality or IN pre-filter.
C1_COMM_RTE_TYPE,COMM_RTE_TYPE_CD,VARCHAR2,C1C077P0,1,NORMAL,VALID,VISIBLE,NO,UNIQUE,Y,Y,N,N,,MEDIUM,Good candidate for equality or IN pre-filter.
C1_COMM_RTE_TYPE_CHAR,COMM_RTE_TYPE_CD,VARCHAR2,C1C076P0,1,NORMAL,VALID,VISIBLE,NO,UNIQUE,Y,Y,N,N,,MEDIUM,Good candidate for equality or IN pre-filter.
C1_COMM_RTE_TYPE_CHAR,SRCH_CHAR_VAL,VARCHAR2,C1C076S1,1,NORMAL,VALID,VISIBLE,NO,NONUNIQUE,Y,Y,N,N,,MEDIUM,Good candidate for equality or IN pre-filter.
C1_COMM_RTE_TYPE_DVTYP,COMM_RTE_TYPE_CD,VARCHAR2,C1C066P0,1,NORMAL,VALID,VISIBLE,NO,UNIQUE,Y,Y,N,N,,MEDIUM,Good candidate for equality or IN pre-filter.
C1_COMM_RTE_TYPE_L,COMM_RTE_TYPE_CD,VARCHAR2,C1C065P0,1,NORMAL,VALID,VISIBLE,NO,UNIQUE,Y,Y,N,N,,MEDIUM,Good candidate for equality or IN pre-filter.
C1_CONT,CONT_ID,CHAR,C1M017P0,1,NORMAL,VALID,VISIBLE,NO,UNIQUE,Y,Y,N,N,,MEDIUM,Good candidate for equality or IN pre-filter.
C1_CONT,CONT_ID,CHAR,C1M017S1,1,NORMAL,VALID,VISIBLE,NO,NONUNIQUE,Y,Y,N,N,,MEDIUM,Good candidate for equality or IN pre-filter.
C1_CONT,CONT_TYPE_CD,VARCHAR2,C1M017S2,1,NORMAL,VALID,VISIBLE,NO,NONUNIQUE,Y,Y,N,N,,MEDIUM,Good candidate for equality or IN pre-filter.
C1_CONT_CHAR,CONT_ID,CHAR,C1T029P0,1,NORMAL,VALID,VISIBLE,NO,UNIQUE,Y,Y,N,N,,MEDIUM,Good candidate for equality or IN pre-filter.
C1_CONT_CHAR,SRCH_CHAR_VAL,VARCHAR2,C1T029S1,1,NORMAL,VALID,VISIBLE,NO,NONUNIQUE,Y,Y,N,N,,MEDIUM,Good candidate for equality or IN pre-filter.
C1_CONT_ID,CONT_ID,CHAR,C1T028P0,1,NORMAL,VALID,VISIBLE,NO,UNIQUE,Y,Y,N,N,,MEDIUM,Good candidate for equality or IN pre-filter.
C1_CONT_ID,CONT_ID_VALUE,VARCHAR2,C1T028S1,1,NORMAL,VALID,VISIBLE,NO,NONUNIQUE,Y,Y,N,N,,MEDIUM,Good candidate for equality or IN pre-filter.
C1_CONT_K,CONT_ID,CHAR,C1M019P0,1,IOT - TOP,VALID,VISIBLE,NO,UNIQUE,Y,Y,N,N,,MEDIUM,Good candidate for equality or IN pre-filter.
C1_CONT_LOG,CHAR_TYPE_CD,CHAR,C1T034S1,1,NORMAL,VALID,VISIBLE,NO,NONUNIQUE,Y,Y,N,N,,MEDIUM,Good candidate for equality or IN pre-filter.
C1_CONT_LOG,CHAR_TYPE_CD,CHAR,C1T034S2,1,NORMAL,VALID,VISIBLE,NO,NONUNIQUE,Y,Y,N,N,,MEDIUM,Good candidate for equality or IN pre-filter.
C1_CONT_LOG,CONT_ID,CHAR,C1T034P0,1,NORMAL,VALID,VISIBLE,NO,UNIQUE,Y,Y,N,N,,MEDIUM,Good candidate for equality or IN pre-filter.
C1_CONT_LOG_PARM,CONT_ID,CHAR,C1T035P0,1,NORMAL,VALID,VISIBLE,NO,UNIQUE,Y,Y,N,N,,MEDIUM,Good candidate for equality or IN pre-filter.
C1_CONT_MS,CONT_ID,CHAR,C1T030P0,1,NORMAL,VALID,VISIBLE,NO,UNIQUE,Y,Y,N,N,,MEDIUM,Good candidate for equality or IN pre-filter.
C1_CONT_MS,CONT_ID,CHAR,C1T030S1,1,NORMAL,VALID,VISIBLE,NO,NONUNIQUE,Y,Y,N,N,,MEDIUM,Good candidate for equality or IN pre-filter.
C1_CONT_MS,CONT_MS_TYPE_CD,VARCHAR2,C1T030S2,1,NORMAL,VALID,VISIBLE,NO,NONUNIQUE,Y,Y,N,N,,MEDIUM,Good candidate for equality or IN pre-filter.
C1_CONT_MS_PROD,CONT_ID,CHAR,C1T031P0,1,NORMAL,VALID,VISIBLE,NO,UNIQUE,Y,Y,N,N,,MEDIUM,Good candidate for equality or IN pre-filter.
C1_CONT_MS_PROD,CONT_MS_TYPE_CD,VARCHAR2,C1T031S2,1,NORMAL,VALID,VISIBLE,NO,NONUNIQUE,Y,Y,N,N,,MEDIUM,Good candidate for equality or IN pre-filter.
C1_CONT_MS_PROD,CONT_PROD_ID,CHAR,C1T031S1,1,NORMAL,VALID,VISIBLE,NO,NONUNIQUE,Y,Y,N,N,,MEDIUM,Good candidate for equality or IN pre-filter.
C1_CONT_MS_TYPE,BUS_OBJ_CD,CHAR,C1C097S1,1,NORMAL,VALID,VISIBLE,NO,NONUNIQUE,Y,Y,N,N,,MEDIUM,Good candidate for equality or IN pre-filter.
C1_CONT_MS_TYPE,CONT_MS_TYPE_CD,VARCHAR2,C1C097P0,1,NORMAL,VALID,VISIBLE,NO,UNIQUE,Y,Y,N,N,,MEDIUM,Good candidate for equality or IN pre-filter.
C1_CONT_MS_TYPE_CHAR,CONT_MS_TYPE_CD,VARCHAR2,C1C099P0,1,NORMAL,VALID,VISIBLE,NO,UNIQUE,Y,Y,N,N,,MEDIUM,Good candidate for equality or IN pre-filter.
C1_CONT_MS_TYPE_CHAR,SRCH_CHAR_VAL,VARCHAR2,C1C099S1,1,NORMAL,VALID,VISIBLE,NO,NONUNIQUE,Y,Y,N,N,,MEDIUM,Good candidate for equality or IN pre-filter.
C1_CONT_MS_TYPE_L,CONT_MS_TYPE_CD,VARCHAR2,C1C098P0,1,NORMAL,VALID,VISIBLE,NO,UNIQUE,Y,Y,N,N,,MEDIUM,Good candidate for equality or IN pre-filter.
C1_CONT_PROD,ACCT_ID,CHAR,C1T032S3,1,NORMAL,VALID,VISIBLE,NO,NONUNIQUE,Y,Y,N,N,,MEDIUM,Good candidate for equality or IN pre-filter.
C1_CONT_PROD,CONT_ID,CHAR,C1T032S2,1,NORMAL,VALID,VISIBLE,NO,NONUNIQUE,Y,Y,N,N,,MEDIUM,Good candidate for equality or IN pre-filter.
C1_CONT_PROD,CONT_PROD_ID,CHAR,C1T032P0,1,NORMAL,VALID,VISIBLE,NO,UNIQUE,Y,Y,N,N,,MEDIUM,Good candidate for equality or IN pre-filter.
C1_CONT_PROD,PROD_VER_ID,CHAR,C1T032S4,1,NORMAL,VALID,VISIBLE,NO,NONUNIQUE,Y,Y,N,N,,MEDIUM,Good candidate for equality or IN pre-filter.
C1_CONT_PROD,SYS_NC00012$,,C1T032S1,1,FUNCTION-BASED DOMAIN,VALID,VISIBLE,NO,NONUNIQUE,Y,Y,N,N,,MEDIUM,Good candidate for equality or IN pre-filter.
C1_CONT_PROD_CHAR,CONT_PROD_ID,CHAR,C1T033P0,1,NORMAL,VALID,VISIBLE,NO,UNIQUE,Y,Y,N,N,,MEDIUM,Good candidate for equality or IN pre-filter.
C1_CONT_PROD_CHAR,SRCH_CHAR_VAL,VARCHAR2,C1T033S1,1,NORMAL,VALID,VISIBLE,NO,NONUNIQUE,Y,Y,N,N,,MEDIUM,Good candidate for equality or IN pre-filter.
C1_CONT_PROD_K,CONT_PROD_ID,CHAR,C1T122P0,1,IOT - TOP,VALID,VISIBLE,NO,UNIQUE,Y,Y,N,N,,MEDIUM,Good candidate for equality or IN pre-filter.
C1_CONT_RULE,BUS_OBJ_CD,CHAR,C1C113S1,1,NORMAL,VALID,VISIBLE,NO,NONUNIQUE,Y,Y,N,N,,MEDIUM,Good candidate for equality or IN pre-filter.
C1_CONT_RULE,CONT_RULE_CD,VARCHAR2,C1C113P0,1,NORMAL,VALID,VISIBLE,NO,UNIQUE,Y,Y,N,N,,MEDIUM,Good candidate for equality or IN pre-filter.
C1_CONT_RULE_CHAR,CONT_RULE_CD,VARCHAR2,C1C115P0,1,NORMAL,VALID,VISIBLE,NO,UNIQUE,Y,Y,N,N,,MEDIUM,Good candidate for equality or IN pre-filter.
C1_CONT_RULE_CHAR,SRCH_CHAR_VAL,VARCHAR2,C1C115S1,1,NORMAL,VALID,VISIBLE,NO,NONUNIQUE,Y,Y,N,N,,MEDIUM,Good candidate for equality or IN pre-filter.
C1_CONT_RULE_L,CONT_RULE_CD,VARCHAR2,C1C116P0,1,NORMAL,VALID,VISIBLE,NO,UNIQUE,Y,Y,N,N,,MEDIUM,Good candidate for equality or IN pre-filter.
C1_CONT_TYPE,BUS_OBJ_CD,CHAR,C1C093S1,1,NORMAL,VALID,VISIBLE,NO,NONUNIQUE,Y,Y,N,N,,MEDIUM,Good candidate for equality or IN pre-filter.
C1_CONT_TYPE,CONT_BUS_OBJ_CD,CHAR,C1C093S2,1,NORMAL,VALID,VISIBLE,NO,NONUNIQUE,Y,Y,N,N,,MEDIUM,Good candidate for equality or IN pre-filter.
C1_CONT_TYPE,CONT_TYPE_CD,VARCHAR2,C1C093P0,1,NORMAL,VALID,VISIBLE,NO,UNIQUE,Y,Y,N,N,,MEDIUM,Good candidate for equality or IN pre-filter.
C1_CONT_TYPE_CHAR,CONT_TYPE_CD,VARCHAR2,C1C095P0,1,NORMAL,VALID,VISIBLE,NO,UNIQUE,Y,Y,N,N,,MEDIUM,Good candidate for equality or IN pre-filter.
C1_CONT_TYPE_CHAR,SRCH_CHAR_VAL,VARCHAR2,C1C095S1,1,NORMAL,VALID,VISIBLE,NO,NONUNIQUE,Y,Y,N,N,,MEDIUM,Good candidate for equality or IN pre-filter.
C1_CONT_TYPE_L,CONT_TYPE_CD,VARCHAR2,C1C096P0,1,NORMAL,VALID,VISIBLE,NO,UNIQUE,Y,Y,N,N,,MEDIUM,Good candidate for equality or IN pre-filter.
C1_CONT_TYPE_VALID_PROD,CONT_TYPE_CD,VARCHAR2,C1C094P0,1,NORMAL,VALID,VISIBLE,NO,UNIQUE,Y,Y,N,N,,MEDIUM,Good candidate for equality or IN pre-filter.
C1_CS_REQ,CRE_DTTM,DATE,C1T043S6,1,NORMAL,VALID,VISIBLE,NO,NONUNIQUE,Y,Y,Y,N,,HIGH,Primary candidate for mandatory rolling window pre-filter.
C1_CS_REQ,C1_CREATED_BY_USER,CHAR,C1T043S2,1,NORMAL,VALID,VISIBLE,NO,NONUNIQUE,Y,Y,N,N,,MEDIUM,Good candidate for equality or IN pre-filter.
C1_CS_REQ,C1_FINAL_USER,CHAR,C1T043S3,1,NORMAL,VALID,VISIBLE,NO,NONUNIQUE,Y,Y,N,N,,MEDIUM,Good candidate for equality or IN pre-filter.
C1_CS_REQ,CS_REQ_EXT_REF_ID,CHAR,C1T043S5,1,NORMAL,VALID,VISIBLE,NO,NONUNIQUE,Y,Y,N,N,,MEDIUM,Good candidate for equality or IN pre-filter.
C1_CS_REQ,CS_REQ_ID,CHAR,C1T043P0,1,NORMAL,VALID,VISIBLE,NO,UNIQUE,Y,Y,N,N,,MEDIUM,Good candidate for equality or IN pre-filter.
C1_CS_REQ,CS_REQ_ID,CHAR,C1T043S1,1,NORMAL,VALID,VISIBLE,NO,NONUNIQUE,Y,Y,N,N,,MEDIUM,Good candidate for equality or IN pre-filter.
C1_CS_REQ,CS_REQ_TYPE_CD,VARCHAR2,C1T043S4,1,NORMAL,VALID,VISIBLE,NO,NONUNIQUE,Y,Y,N,N,,MEDIUM,Good candidate for equality or IN pre-filter.
C1_CS_REQ_ACCT,ACCT_ID,CHAR,C1T079S4,1,NORMAL,VALID,VISIBLE,NO,NONUNIQUE,Y,Y,N,N,,MEDIUM,Good candidate for equality or IN pre-filter.
C1_CS_REQ_ACCT,BILL_PRT_INTERCEPT,CHAR,C1T079S5,1,NORMAL,VALID,VISIBLE,NO,NONUNIQUE,Y,Y,N,N,,MEDIUM,Good candidate for equality or IN pre-filter.
C1_CS_REQ_ACCT,CS_REQ_ACCT_ID,CHAR,C1T079P0,1,NORMAL,VALID,VISIBLE,NO,UNIQUE,Y,Y,N,N,,MEDIUM,Good candidate for equality or IN pre-filter.
C1_CS_REQ_ACCT,CS_REQ_ACCT_ID,CHAR,C1T079S1,1,NORMAL,VALID,VISIBLE,NO,NONUNIQUE,Y,Y,N,N,,MEDIUM,Good candidate for equality or IN pre-filter.
C1_CS_REQ_ACCT,CS_REQ_ID,CHAR,C1T079S2,1,NORMAL,VALID,VISIBLE,NO,NONUNIQUE,Y,Y,N,N,,MEDIUM,Good candidate for equality or IN pre-filter.
C1_CS_REQ_ACCT,MAILING_PREM_ID,CHAR,C1T079S3,1,NORMAL,VALID,VISIBLE,NO,NONUNIQUE,Y,Y,N,N,,MEDIUM,Good candidate for equality or IN pre-filter.
C1_CS_REQ_ACCT_ALERT,CS_REQ_ACCT_ID,CHAR,C1T081P0,1,NORMAL,VALID,VISIBLE,NO,UNIQUE,Y,Y,N,N,,MEDIUM,Good candidate for equality or IN pre-filter.
C1_CS_REQ_ACCT_APAY,CS_REQ_ACCT_ID,CHAR,C1T082P0,1,NORMAL,VALID,VISIBLE,NO,UNIQUE,Y,Y,N,N,,MEDIUM,Good candidate for equality or IN pre-filter.
C1_CS_REQ_ACCT_CHAR,CS_REQ_ACCT_ID,CHAR,C1T083P0,1,NORMAL,VALID,VISIBLE,NO,UNIQUE,Y,Y,N,N,,MEDIUM,Good candidate for equality or IN pre-filter.
C1_CS_REQ_ACCT_CHAR,SRCH_CHAR_VAL,VARCHAR2,C1T083S1,1,NORMAL,VALID,VISIBLE,NO,NONUNIQUE,Y,Y,N,N,,MEDIUM,Good candidate for equality or IN pre-filter.
C1_CS_REQ_ACCT_K,CS_REQ_ACCT_ID,CHAR,C1T080P0,1,IOT - TOP,VALID,VISIBLE,NO,UNIQUE,Y,Y,N,N,,MEDIUM,Good candidate for equality or IN pre-filter.
C1_CS_REQ_ACCT_LOG,CHAR_TYPE_CD,CHAR,C1T090S1,1,NORMAL,VALID,VISIBLE,NO,NONUNIQUE,Y,Y,N,N,,MEDIUM,Good candidate for equality or IN pre-filter.
C1_CS_REQ_ACCT_LOG,CHAR_TYPE_CD,CHAR,C1T090S2,1,NORMAL,VALID,VISIBLE,NO,NONUNIQUE,Y,Y,N,N,,MEDIUM,Good candidate for equality or IN pre-filter.
C1_CS_REQ_ACCT_LOG,CS_REQ_ACCT_ID,CHAR,C1T090P0,1,NORMAL,VALID,VISIBLE,NO,UNIQUE,Y,Y,N,N,,MEDIUM,Good candidate for equality or IN pre-filter.
C1_CS_REQ_ACCT_LOG_PARM,CS_REQ_ACCT_ID,CHAR,C1T091P0,1,NORMAL,VALID,VISIBLE,NO,UNIQUE,Y,Y,N,N,,MEDIUM,Good candidate for equality or IN pre-filter.
C1_CS_REQ_ACCT_MSG,CS_REQ_ACCT_ID,CHAR,C1T084P0,1,NORMAL,VALID,VISIBLE,NO,UNIQUE,Y,Y,N,N,,MEDIUM,Good candidate for equality or IN pre-filter.
C1_CS_REQ_ACCT_MSG_PARM,CS_REQ_ACCT_ID,CHAR,C1T085P0,1,NORMAL,VALID,VISIBLE,NO,UNIQUE,Y,Y,N,N,,MEDIUM,Good candidate for equality or IN pre-filter.
C1_CS_REQ_ACCT_NCD,CS_REQ_ACCT_ID,CHAR,C1T089P0,1,NORMAL,VALID,VISIBLE,NO,UNIQUE,Y,Y,N,N,,MEDIUM,Good candidate for equality or IN pre-filter.
C1_CS_REQ_ACCT_PER,CS_REQ_ACCT_ID,CHAR,C1T086S1,1,NORMAL,VALID,VISIBLE,NO,NONUNIQUE,Y,Y,N,N,,MEDIUM,Good candidate for equality or IN pre-filter.
C1_CS_REQ_ACCT_PER,CS_REQ_ACCT_PER_ID,CHAR,C1T086P0,1,NORMAL,VALID,VISIBLE,NO,UNIQUE,Y,Y,N,N,,MEDIUM,Good candidate for equality or IN pre-filter.
C1_CS_REQ_ACCT_PER,CS_REQ_PER_ID,CHAR,C1T086S2,1,NORMAL,VALID,VISIBLE,NO,NONUNIQUE,Y,Y,N,N,,MEDIUM,Good candidate for equality or IN pre-filter.
C1_CS_REQ_ACCT_PER,PER_ID,CHAR,C1T086S3,1,NORMAL,VALID,VISIBLE,NO,NONUNIQUE,Y,Y,N,N,,MEDIUM,Good candidate for equality or IN pre-filter.
C1_CS_REQ_ACCT_PER_ADDR,CS_REQ_ACCT_PER_ID,CHAR,C1T088P0,1,NORMAL,VALID,VISIBLE,NO,UNIQUE,Y,Y,N,N,,MEDIUM,Good candidate for equality or IN pre-filter.
C1_CS_REQ_ACCT_PER_K,CS_REQ_ACCT_PER_ID,CHAR,C1T087P0,1,IOT - TOP,VALID,VISIBLE,NO,UNIQUE,Y,Y,N,N,,MEDIUM,Good candidate for equality or IN pre-filter.
C1_CS_REQ_CHAR,CS_REQ_ID,CHAR,C1T044P0,1,NORMAL,VALID,VISIBLE,NO,UNIQUE,Y,Y,N,N,,MEDIUM,Good candidate for equality or IN pre-filter.
C1_CS_REQ_CHAR,SRCH_CHAR_VAL,VARCHAR2,C1T044S1,1,NORMAL,VALID,VISIBLE,NO,NONUNIQUE,Y,Y,N,N,,MEDIUM,Good candidate for equality or IN pre-filter.
C1_CS_REQ_CONT,CONT_ID,CHAR,C1T055S3,1,NORMAL,VALID,VISIBLE,NO,NONUNIQUE,Y,Y,N,N,,MEDIUM,Good candidate for equality or IN pre-filter.
C1_CS_REQ_CONT,CS_REQ_CONT_ID,CHAR,C1T055P0,1,NORMAL,VALID,VISIBLE,NO,UNIQUE,Y,Y,N,N,,MEDIUM,Good candidate for equality or IN pre-filter.
C1_CS_REQ_CONT,CS_REQ_CONT_ID,CHAR,C1T055S1,1,NORMAL,VALID,VISIBLE,NO,NONUNIQUE,Y,Y,N,N,,MEDIUM,Good candidate for equality or IN pre-filter.
C1_CS_REQ_CONT,CS_REQ_ID,CHAR,C1T055S2,1,NORMAL,VALID,VISIBLE,NO,NONUNIQUE,Y,Y,N,N,,MEDIUM,Good candidate for equality or IN pre-filter.
C1_CS_REQ_CONT_CHAR,CS_REQ_CONT_ID,CHAR,C1T058P0,1,NORMAL,VALID,VISIBLE,NO,UNIQUE,Y,Y,N,N,,MEDIUM,Good candidate for equality or IN pre-filter.
C1_CS_REQ_CONT_CHAR,SRCH_CHAR_VAL,VARCHAR2,C1T058S1,1,NORMAL,VALID,VISIBLE,NO,NONUNIQUE,Y,Y,N,N,,MEDIUM,Good candidate for equality or IN pre-filter.
C1_CS_REQ_CONT_ID,CS_REQ_CONT_ID,CHAR,C1T057P0,1,NORMAL,VALID,VISIBLE,NO,UNIQUE,Y,Y,N,N,,MEDIUM,Good candidate for equality or IN pre-filter.
C1_CS_REQ_CONT_K,CS_REQ_CONT_ID,CHAR,C1T056P0,1,IOT - TOP,VALID,VISIBLE,NO,UNIQUE,Y,Y,N,N,,MEDIUM,Good candidate for equality or IN pre-filter.
C1_CS_REQ_CONT_LOG,CHAR_TYPE_CD,CHAR,C1T062S1,1,NORMAL,VALID,VISIBLE,NO,NONUNIQUE,Y,Y,N,N,,MEDIUM,Good candidate for equality or IN pre-filter.
C1_CS_REQ_CONT_LOG,CHAR_TYPE_CD,CHAR,C1T062S2,1,NORMAL,VALID,VISIBLE,NO,NONUNIQUE,Y,Y,N,N,,MEDIUM,Good candidate for equality or IN pre-filter.
C1_CS_REQ_CONT_LOG,CS_REQ_CONT_ID,CHAR,C1T062P0,1,NORMAL,VALID,VISIBLE,NO,UNIQUE,Y,Y,N,N,,MEDIUM,Good candidate for equality or IN pre-filter.
C1_CS_REQ_CONT_LOG_PARM,CS_REQ_CONT_ID,CHAR,C1T064P0,1,NORMAL,VALID,VISIBLE,NO,UNIQUE,Y,Y,N,N,,MEDIUM,Good candidate for equality or IN pre-filter.
C1_CS_REQ_CONT_MS,CS_REQ_CONT_ID,CHAR,C1T059P0,1,NORMAL,VALID,VISIBLE,NO,UNIQUE,Y,Y,N,N,,MEDIUM,Good candidate for equality or IN pre-filter.
C1_CS_REQ_CONT_MS_PROD,CONT_PROD_ID,CHAR,C1T061S1,1,NORMAL,VALID,VISIBLE,NO,NONUNIQUE,Y,Y,N,N,,MEDIUM,Good candidate for equality or IN pre-filter.
C1_CS_REQ_CONT_MS_PROD,CS_REQ_CONT_ID,CHAR,C1T061P0,1,NORMAL,VALID,VISIBLE,NO,UNIQUE,Y,Y,N,N,,MEDIUM,Good candidate for equality or IN pre-filter.
C1_CS_REQ_CONT_PROD,ACCT_ID,CHAR,C1T065S4,1,NORMAL,VALID,VISIBLE,NO,NONUNIQUE,Y,Y,N,N,,MEDIUM,Good candidate for equality or IN pre-filter.
C1_CS_REQ_CONT_PROD,CONT_ID,CHAR,C1T065S3,1,NORMAL,VALID,VISIBLE,NO,NONUNIQUE,Y,Y,N,N,,MEDIUM,Good candidate for equality or IN pre-filter.
C1_CS_REQ_CONT_PROD,CONT_PROD_ID,CHAR,C1T065S6,1,NORMAL,VALID,VISIBLE,NO,NONUNIQUE,Y,Y,N,N,,MEDIUM,Good candidate for equality or IN pre-filter.
C1_CS_REQ_CONT_PROD,CS_REQ_ACCT_ID,CHAR,C1T065S5,1,NORMAL,VALID,VISIBLE,NO,NONUNIQUE,Y,Y,N,N,,MEDIUM,Good candidate for equality or IN pre-filter.
C1_CS_REQ_CONT_PROD,CS_REQ_CONT_ID,CHAR,C1T065S7,1,NORMAL,VALID,VISIBLE,NO,NONUNIQUE,Y,Y,N,N,,MEDIUM,Good candidate for equality or IN pre-filter.
C1_CS_REQ_CONT_PROD,CS_REQ_CONT_PROD_ID,CHAR,C1T065P0,1,NORMAL,VALID,VISIBLE,NO,UNIQUE,Y,Y,N,N,,MEDIUM,Good candidate for equality or IN pre-filter.
C1_CS_REQ_CONT_PROD,CS_REQ_CONT_PROD_ID,CHAR,C1T065S1,1,NORMAL,VALID,VISIBLE,NO,NONUNIQUE,Y,Y,N,N,,MEDIUM,Good candidate for equality or IN pre-filter.
C1_CS_REQ_CONT_PROD,CS_REQ_ID,CHAR,C1T065S2,1,NORMAL,VALID,VISIBLE,NO,NONUNIQUE,Y,Y,N,N,,MEDIUM,Good candidate for equality or IN pre-filter.
C1_CS_REQ_CONT_PROD_CHAR,CS_REQ_CONT_PROD_ID,CHAR,C1T067P0,1,NORMAL,VALID,VISIBLE,NO,UNIQUE,Y,Y,N,N,,MEDIUM,Good candidate for equality or IN pre-filter.
C1_CS_REQ_CONT_PROD_CHAR,SRCH_CHAR_VAL,VARCHAR2,C1T067S1,1,NORMAL,VALID,VISIBLE,NO,NONUNIQUE,Y,Y,N,N,,MEDIUM,Good candidate for equality or IN pre-filter.
C1_CS_REQ_CONT_PROD_K,CS_REQ_CONT_PROD_ID,CHAR,C1T066P0,1,IOT - TOP,VALID,VISIBLE,NO,UNIQUE,Y,Y,N,N,,MEDIUM,Good candidate for equality or IN pre-filter.
C1_CS_REQ_CONT_PROD_LOG,CHAR_TYPE_CD,CHAR,C1T068S1,1,NORMAL,VALID,VISIBLE,NO,NONUNIQUE,Y,Y,N,N,,MEDIUM,Good candidate for equality or IN pre-filter.
C1_CS_REQ_CONT_PROD_LOG,CHAR_TYPE_CD,CHAR,C1T068S2,1,NORMAL,VALID,VISIBLE,NO,NONUNIQUE,Y,Y,N,N,,MEDIUM,Good candidate for equality or IN pre-filter.
C1_CS_REQ_CONT_PROD_LOG,CS_REQ_CONT_PROD_ID,CHAR,C1T068P0,1,NORMAL,VALID,VISIBLE,NO,UNIQUE,Y,Y,N,N,,MEDIUM,Good candidate for equality or IN pre-filter.
C1_CS_REQ_CONT_PROD_LOG_PARM,CS_REQ_CONT_PROD_ID,CHAR,C1T069P0,1,NORMAL,VALID,VISIBLE,NO,UNIQUE,Y,Y,N,N,,MEDIUM,Good candidate for equality or IN pre-filter.
C1_CS_REQ_K,CS_REQ_ID,CHAR,C1T048P0,1,IOT - TOP,VALID,VISIBLE,NO,UNIQUE,Y,Y,N,N,,MEDIUM,Good candidate for equality or IN pre-filter.
C1_CS_REQ_LOG,CHAR_TYPE_CD,CHAR,C1T046S1,1,NORMAL,VALID,VISIBLE,NO,NONUNIQUE,Y,Y,N,N,,MEDIUM,Good candidate for equality or IN pre-filter.
C1_CS_REQ_LOG,CHAR_TYPE_CD,CHAR,C1T046S2,1,NORMAL,VALID,VISIBLE,NO,NONUNIQUE,Y,Y,N,N,,MEDIUM,Good candidate for equality or IN pre-filter.
C1_CS_REQ_LOG,CS_REQ_ID,CHAR,C1T046P0,1,NORMAL,VALID,VISIBLE,NO,UNIQUE,Y,Y,N,N,,MEDIUM,Good candidate for equality or IN pre-filter.
C1_CS_REQ_LOG_PARM,CS_REQ_ID,CHAR,C1T047P0,1,NORMAL,VALID,VISIBLE,NO,UNIQUE,Y,Y,N,N,,MEDIUM,Good candidate for equality or IN pre-filter.
C1_CS_REQ_PER,CS_REQ_ID,CHAR,C1T070S2,1,NORMAL,VALID,VISIBLE,NO,NONUNIQUE,Y,Y,N,N,,MEDIUM,Good candidate for equality or IN pre-filter.
C1_CS_REQ_PER,CS_REQ_PER_ID,CHAR,C1T070P0,1,NORMAL,VALID,VISIBLE,NO,UNIQUE,Y,Y,N,N,,MEDIUM,Good candidate for equality or IN pre-filter.
C1_CS_REQ_PER,CS_REQ_PER_ID,CHAR,C1T070S1,1,NORMAL,VALID,VISIBLE,NO,NONUNIQUE,Y,Y,N,N,,MEDIUM,Good candidate for equality or IN pre-filter.
C1_CS_REQ_PER,PER_ID,CHAR,C1T070S3,1,NORMAL,VALID,VISIBLE,NO,NONUNIQUE,Y,Y,N,N,,MEDIUM,Good candidate for equality or IN pre-filter.
C1_CS_REQ_PER_ADDR_SEAS,CS_REQ_PER_ID,CHAR,C1T074P0,1,NORMAL,VALID,VISIBLE,NO,UNIQUE,Y,Y,N,N,,MEDIUM,Good candidate for equality or IN pre-filter.
C1_CS_REQ_PER_CHAR,CS_REQ_PER_ID,CHAR,C1T075P0,1,NORMAL,VALID,VISIBLE,NO,UNIQUE,Y,Y,N,N,,MEDIUM,Good candidate for equality or IN pre-filter.
C1_CS_REQ_PER_CHAR,SRCH_CHAR_VAL,VARCHAR2,C1T075S1,1,NORMAL,VALID,VISIBLE,NO,NONUNIQUE,Y,Y,N,N,,MEDIUM,Good candidate for equality or IN pre-filter.
C1_CS_REQ_PER_CONTDET,CS_REQ_PER_ID,CHAR,C1T073P0,1,NORMAL,VALID,VISIBLE,NO,UNIQUE,Y,Y,N,N,,MEDIUM,Good candidate for equality or IN pre-filter.
C1_CS_REQ_PER_ID,CS_REQ_PER_ID,CHAR,C1T072P0,1,NORMAL,VALID,VISIBLE,NO,UNIQUE,Y,Y,N,N,,MEDIUM,Good candidate for equality or IN pre-filter.
C1_CS_REQ_PER_K,CS_REQ_PER_ID,CHAR,C1T021P0,1,IOT - TOP,VALID,VISIBLE,NO,UNIQUE,Y,Y,N,N,,MEDIUM,Good candidate for equality or IN pre-filter.
C1_CS_REQ_PER_LOG,CHAR_TYPE_CD,CHAR,C1T077S1,1,NORMAL,VALID,VISIBLE,NO,NONUNIQUE,Y,Y,N,N,,MEDIUM,Good candidate for equality or IN pre-filter.
C1_CS_REQ_PER_LOG,CHAR_TYPE_CD,CHAR,C1T077S2,1,NORMAL,VALID,VISIBLE,NO,NONUNIQUE,Y,Y,N,N,,MEDIUM,Good candidate for equality or IN pre-filter.
C1_CS_REQ_PER_LOG,CS_REQ_PER_ID,CHAR,C1T077P0,1,NORMAL,VALID,VISIBLE,NO,UNIQUE,Y,Y,N,N,,MEDIUM,Good candidate for equality or IN pre-filter.
C1_CS_REQ_PER_LOG_PARM,CS_REQ_PER_ID,CHAR,C1T078P0,1,NORMAL,VALID,VISIBLE,NO,UNIQUE,Y,Y,N,N,,MEDIUM,Good candidate for equality or IN pre-filter.
C1_CS_REQ_PER_NAME,CS_REQ_PER_ID,CHAR,C1T071P0,1,NORMAL,VALID,VISIBLE,NO,UNIQUE,Y,Y,N,N,,MEDIUM,Good candidate for equality or IN pre-filter.
C1_CS_REQ_PER_NAME,CS_REQ_PER_ID,CHAR,C1T071S2,1,NORMAL,VALID,VISIBLE,NO,NONUNIQUE,Y,Y,N,N,,MEDIUM,Good candidate for equality or IN pre-filter.
C1_CS_REQ_PER_NAME,ENTITY_NAME_UPR,VARCHAR2,C1T071S1,1,NORMAL,VALID,VISIBLE,NO,NONUNIQUE,Y,Y,N,N,,MEDIUM,Good candidate for equality or IN pre-filter.
C1_CS_REQ_PER_NAME,ENTITY_NAME_UPR,VARCHAR2,C1T071S3,1,NORMAL,VALID,VISIBLE,NO,NONUNIQUE,Y,Y,N,N,,MEDIUM,Good candidate for equality or IN pre-filter.
C1_CS_REQ_PER_PER,CS_REQ_PER_ID,CHAR,C1T076P0,1,NORMAL,VALID,VISIBLE,NO,UNIQUE,Y,Y,N,N,,MEDIUM,Good candidate for equality or IN pre-filter.
C1_CS_REQ_PREM,ADDRESS1_UPR,VARCHAR2,C1T092S4,1,NORMAL,VALID,VISIBLE,NO,NONUNIQUE,Y,Y,N,N,,MEDIUM,Good candidate for equality or IN pre-filter.
C1_CS_REQ_PREM,ADDRESS1_UPR,VARCHAR2,C1T092S7,1,NORMAL,VALID,VISIBLE,NO,NONUNIQUE,Y,Y,N,N,,MEDIUM,Good candidate for equality or IN pre-filter.
C1_CS_REQ_PREM,BUS_OBJ_CD,CHAR,C1T092S1,1,NORMAL,VALID,VISIBLE,NO,UNIQUE,Y,Y,N,N,,MEDIUM,Good candidate for equality or IN pre-filter.
C1_CS_REQ_PREM,CITY_UPR,VARCHAR2,C1T092S5,1,NORMAL,VALID,VISIBLE,NO,NONUNIQUE,Y,Y,N,N,,MEDIUM,Good candidate for equality or IN pre-filter.
C1_CS_REQ_PREM,CITY_UPR,VARCHAR2,C1T092S8,1,NORMAL,VALID,VISIBLE,NO,NONUNIQUE,Y,Y,N,N,,MEDIUM,Good candidate for equality or IN pre-filter.
C1_CS_REQ_PREM,CS_REQ_ID,CHAR,C1T092S2,1,NORMAL,VALID,VISIBLE,NO,NONUNIQUE,Y,Y,N,N,,MEDIUM,Good candidate for equality or IN pre-filter.
C1_CS_REQ_PREM,CS_REQ_PREM_ID,CHAR,C1T092P0,1,NORMAL,VALID,VISIBLE,NO,UNIQUE,Y,Y,N,N,,MEDIUM,Good candidate for equality or IN pre-filter.
C1_CS_REQ_PREM,LL_ID,CHAR,C1T092S10,1,NORMAL,VALID,VISIBLE,NO,NONUNIQUE,Y,Y,N,N,,MEDIUM,Good candidate for equality or IN pre-filter.
C1_CS_REQ_PREM,POSTAL,CHAR,C1T092S6,1,NORMAL,VALID,VISIBLE,NO,NONUNIQUE,Y,Y,N,N,,MEDIUM,Good candidate for equality or IN pre-filter.
C1_CS_REQ_PREM,PREM_ID,CHAR,C1T092S3,1,NORMAL,VALID,VISIBLE,NO,NONUNIQUE,Y,Y,N,N,,MEDIUM,Good candidate for equality or IN pre-filter.
C1_CS_REQ_PREM,PRNT_PREM_ID,CHAR,C1T092S9,1,NORMAL,VALID,VISIBLE,NO,NONUNIQUE,Y,Y,N,N,,MEDIUM,Good candidate for equality or IN pre-filter.
C1_CS_REQ_PREM_ALT_ADDR,CS_REQ_PREM_ID,CHAR,C1T095P0,1,NORMAL,VALID,VISIBLE,NO,UNIQUE,Y,Y,N,N,,MEDIUM,Good candidate for equality or IN pre-filter.
C1_CS_REQ_PREM_CHAR,CS_REQ_PREM_ID,CHAR,C1T093P0,1,NORMAL,VALID,VISIBLE,NO,UNIQUE,Y,Y,N,N,,MEDIUM,Good candidate for equality or IN pre-filter.
C1_CS_REQ_PREM_CHAR,SRCH_CHAR_VAL,VARCHAR2,C1T093S1,1,NORMAL,VALID,VISIBLE,NO,NONUNIQUE,Y,Y,N,N,,MEDIUM,Good candidate for equality or IN pre-filter.
C1_CS_REQ_PREM_GEO,CS_REQ_PREM_ID,CHAR,C1T094P0,1,NORMAL,VALID,VISIBLE,NO,UNIQUE,Y,Y,N,N,,MEDIUM,Good candidate for equality or IN pre-filter.
C1_CS_REQ_PREM_K,CS_REQ_PREM_ID,CHAR,C1T098P0,1,IOT - TOP,VALID,VISIBLE,NO,UNIQUE,Y,Y,N,N,,MEDIUM,Good candidate for equality or IN pre-filter.
C1_CS_REQ_PREM_LOG,CHAR_TYPE_CD,CHAR,C1T096S1,1,NORMAL,VALID,VISIBLE,NO,NONUNIQUE,Y,Y,N,N,,MEDIUM,Good candidate for equality or IN pre-filter.
C1_CS_REQ_PREM_LOG,CHAR_TYPE_CD,CHAR,C1T096S2,1,NORMAL,VALID,VISIBLE,NO,NONUNIQUE,Y,Y,N,N,,MEDIUM,Good candidate for equality or IN pre-filter.
C1_CS_REQ_PREM_LOG,CS_REQ_PREM_ID,CHAR,C1T096P0,1,NORMAL,VALID,VISIBLE,NO,UNIQUE,Y,Y,N,N,,MEDIUM,Good candidate for equality or IN pre-filter.
C1_CS_REQ_PREM_LOG_PARM,CS_REQ_PREM_ID,CHAR,C1T097P0,1,NORMAL,VALID,VISIBLE,NO,UNIQUE,Y,Y,N,N,,MEDIUM,Good candidate for equality or IN pre-filter.
C1_CS_REQ_REL_OBJ,CS_REQ_ID,CHAR,C1T045P0,1,NORMAL,VALID,VISIBLE,NO,UNIQUE,Y,Y,N,N,,MEDIUM,Good candidate for equality or IN pre-filter.
C1_CS_REQ_REL_OBJ,MAINT_OBJ_CD,CHAR,C1T045S1,1,NORMAL,VALID,VISIBLE,NO,NONUNIQUE,Y,Y,N,N,,MEDIUM,Good candidate for equality or IN pre-filter.
C1_CS_REQ_REL_OBJ,PK_VALUE1,VARCHAR2,C1T045S2,1,NORMAL,VALID,VISIBLE,NO,NONUNIQUE,Y,Y,N,N,,MEDIUM,Good candidate for equality or IN pre-filter.
C1_CS_REQ_SA,ACCT_ID,CHAR,C1T141S4,1,NORMAL,VALID,VISIBLE,NO,NONUNIQUE,Y,Y,N,N,,MEDIUM,Good candidate for equality or IN pre-filter.
C1_CS_REQ_SA,CHAR_PREM_ID,CHAR,C1T141S5,1,NORMAL,VALID,VISIBLE,NO,NONUNIQUE,Y,Y,N,N,,MEDIUM,Good candidate for equality or IN pre-filter.
C1_CS_REQ_SA,CS_REQ_ACCT_ID,CHAR,C1T141S7,1,NORMAL,VALID,VISIBLE,NO,NONUNIQUE,Y,Y,N,N,,MEDIUM,Good candidate for equality or IN pre-filter.
C1_CS_REQ_SA,CS_REQ_ID,CHAR,C1T141S2,1,NORMAL,VALID,VISIBLE,NO,NONUNIQUE,Y,Y,N,N,,MEDIUM,Good candidate for equality or IN pre-filter.
C1_CS_REQ_SA,CS_REQ_SA_ID,CHAR,C1T141P0,1,NORMAL,VALID,VISIBLE,NO,UNIQUE,Y,Y,N,N,,MEDIUM,Good candidate for equality or IN pre-filter.
C1_CS_REQ_SA,CS_REQ_SA_ID,CHAR,C1T141S1,1,NORMAL,VALID,VISIBLE,NO,NONUNIQUE,Y,Y,N,N,,MEDIUM,Good candidate for equality or IN pre-filter.
C1_CS_REQ_SA,ENRL_ID,CHAR,C1T141S6,1,NORMAL,VALID,VISIBLE,NO,NONUNIQUE,Y,Y,N,N,,MEDIUM,Good candidate for equality or IN pre-filter.
C1_CS_REQ_SA,SA_ID,CHAR,C1T141S3,1,NORMAL,VALID,VISIBLE,NO,NONUNIQUE,Y,Y,N,N,,MEDIUM,Good candidate for equality or IN pre-filter.
C1_CS_REQ_SA,SA_REL_ID,CHAR,C1T141S8,1,NORMAL,VALID,VISIBLE,NO,NONUNIQUE,Y,Y,N,N,,MEDIUM,Good candidate for equality or IN pre-filter.
C1_CS_REQ_SA_CHAR,CS_REQ_SA_ID,CHAR,C1T143P0,1,NORMAL,VALID,VISIBLE,NO,UNIQUE,Y,Y,N,N,,MEDIUM,Good candidate for equality or IN pre-filter.
C1_CS_REQ_SA_CHAR,SRCH_CHAR_VAL,VARCHAR2,C1T143S1,1,NORMAL,VALID,VISIBLE,NO,NONUNIQUE,Y,Y,N,N,,MEDIUM,Good candidate for equality or IN pre-filter.
C1_CS_REQ_SA_CONTERM,CS_REQ_SA_ID,CHAR,C1T151P0,1,NORMAL,VALID,VISIBLE,NO,UNIQUE,Y,Y,N,N,,MEDIUM,Good candidate for equality or IN pre-filter.
C1_CS_REQ_SA_CONT_QTY,CS_REQ_SA_ID,CHAR,C1T149P0,1,NORMAL,VALID,VISIBLE,NO,UNIQUE,Y,Y,N,N,,MEDIUM,Good candidate for equality or IN pre-filter.
C1_CS_REQ_SA_COP,CS_REQ_SA_ID,CHAR,C1T153P0,1,NORMAL,VALID,VISIBLE,NO,UNIQUE,Y,Y,N,N,,MEDIUM,Good candidate for equality or IN pre-filter.
C1_CS_REQ_SA_COP_OVRD,CS_REQ_SA_ID,CHAR,C1T154P0,1,NORMAL,VALID,VISIBLE,NO,UNIQUE,Y,Y,N,N,,MEDIUM,Good candidate for equality or IN pre-filter.
C1_CS_REQ_SA_K,CS_REQ_SA_ID,CHAR,C1T142P0,1,IOT - TOP,VALID,VISIBLE,NO,UNIQUE,Y,Y,N,N,,MEDIUM,Good candidate for equality or IN pre-filter.
C1_CS_REQ_SA_LOG,CHAR_TYPE_CD,CHAR,C1T156S1,1,NORMAL,VALID,VISIBLE,NO,NONUNIQUE,Y,Y,N,N,,MEDIUM,Good candidate for equality or IN pre-filter.
C1_CS_REQ_SA_LOG,CHAR_TYPE_CD,CHAR,C1T156S2,1,NORMAL,VALID,VISIBLE,NO,NONUNIQUE,Y,Y,N,N,,MEDIUM,Good candidate for equality or IN pre-filter.
C1_CS_REQ_SA_LOG,CS_REQ_SA_ID,CHAR,C1T156P0,1,NORMAL,VALID,VISIBLE,NO,UNIQUE,Y,Y,N,N,,MEDIUM,Good candidate for equality or IN pre-filter.
C1_CS_REQ_SA_LOG_PARM,CS_REQ_SA_ID,CHAR,C1T157P0,1,NORMAL,VALID,VISIBLE,NO,UNIQUE,Y,Y,N,N,,MEDIUM,Good candidate for equality or IN pre-filter.
C1_CS_REQ_SA_MSG,CS_REQ_SA_ID,CHAR,C1T155P0,1,NORMAL,VALID,VISIBLE,NO,UNIQUE,Y,Y,N,N,,MEDIUM,Good candidate for equality or IN pre-filter.
C1_CS_REQ_SA_RCHG,CS_REQ_SA_ID,CHAR,C1T150P0,1,NORMAL,VALID,VISIBLE,NO,UNIQUE,Y,Y,N,N,,MEDIUM,Good candidate for equality or IN pre-filter.
C1_CS_REQ_SA_RS,CS_REQ_SA_ID,CHAR,C1T148P0,1,NORMAL,VALID,VISIBLE,NO,UNIQUE,Y,Y,N,N,,MEDIUM,Good candidate for equality or IN pre-filter.
C1_CS_REQ_SA_SP,CS_REQ_SA_ID,CHAR,C1T144S1,1,NORMAL,VALID,VISIBLE,NO,NONUNIQUE,Y,Y,N,N,,MEDIUM,Good candidate for equality or IN pre-filter.
C1_CS_REQ_SA_SP,CS_REQ_SA_SP_ID,CHAR,C1T144P0,1,NORMAL,VALID,VISIBLE,NO,UNIQUE,Y,Y,N,N,,MEDIUM,Good candidate for equality or IN pre-filter.
C1_CS_REQ_SA_SP,SA_ID,CHAR,C1T144S2,1,NORMAL,VALID,VISIBLE,NO,NONUNIQUE,Y,Y,N,N,,MEDIUM,Good candidate for equality or IN pre-filter.
C1_CS_REQ_SA_SP,SP_ID,CHAR,C1T144S3,1,NORMAL,VALID,VISIBLE,NO,NONUNIQUE,Y,Y,N,N,,MEDIUM,Good candidate for equality or IN pre-filter.
C1_CS_REQ_SA_SP,START_MR_ID,CHAR,C1T144S4,1,NORMAL,VALID,VISIBLE,NO,NONUNIQUE,Y,Y,N,N,,MEDIUM,Good candidate for equality or IN pre-filter.
C1_CS_REQ_SA_SP,STOP_MR_ID,CHAR,C1T144S5,1,NORMAL,VALID,VISIBLE,NO,NONUNIQUE,Y,Y,N,N,,MEDIUM,Good candidate for equality or IN pre-filter.
C1_CS_REQ_SA_SP_CHAR,CS_REQ_SA_SP_ID,CHAR,C1T147P0,1,NORMAL,VALID,VISIBLE,NO,UNIQUE,Y,Y,N,N,,MEDIUM,Good candidate for equality or IN pre-filter.
C1_CS_REQ_SA_SP_FA,CS_REQ_SA_SP_ID,CHAR,C1T146P0,1,NORMAL,VALID,VISIBLE,NO,UNIQUE,Y,Y,N,N,,MEDIUM,Good candidate for equality or IN pre-filter.
C1_CS_REQ_SA_SP_FA,CS_REQ_SA_SP_ID,CHAR,C1T146S1,1,NORMAL,VALID,VISIBLE,NO,NONUNIQUE,Y,Y,N,N,,MEDIUM,Good candidate for equality or IN pre-filter.
C1_CS_REQ_SA_SP_FA,FA_ID,CHAR,C1T146S4,1,NORMAL,VALID,VISIBLE,NO,NONUNIQUE,Y,Y,N,N,,MEDIUM,Good candidate for equality or IN pre-filter.
C1_CS_REQ_SA_SP_FA,SA_ID,CHAR,C1T146S2,1,NORMAL,VALID,VISIBLE,NO,NONUNIQUE,Y,Y,N,N,,MEDIUM,Good candidate for equality or IN pre-filter.
C1_CS_REQ_SA_SP_FA,SP_ID,CHAR,C1T146S3,1,NORMAL,VALID,VISIBLE,NO,NONUNIQUE,Y,Y,N,N,,MEDIUM,Good candidate for equality or IN pre-filter.
C1_CS_REQ_SA_SP_K,CS_REQ_SA_SP_ID,CHAR,C1T145P0,1,IOT - TOP,VALID,VISIBLE,NO,UNIQUE,Y,Y,N,N,,MEDIUM,Good candidate for equality or IN pre-filter.
C1_CS_REQ_SA_TOU_CONT_VAL,CS_REQ_SA_ID,CHAR,C1T152P0,1,NORMAL,VALID,VISIBLE,NO,UNIQUE,Y,Y,N,N,,MEDIUM,Good candidate for equality or IN pre-filter.
C1_CS_REQ_SVC_LOC,C1_MKT_RP_ID,CHAR,C1T049S4,1,NORMAL,VALID,VISIBLE,NO,NONUNIQUE,Y,Y,N,N,,MEDIUM,Good candidate for equality or IN pre-filter.
C1_CS_REQ_SVC_LOC,CONT_ID,CHAR,C1T049S6,1,NORMAL,VALID,VISIBLE,NO,NONUNIQUE,Y,Y,N,N,,MEDIUM,Good candidate for equality or IN pre-filter.
C1_CS_REQ_SVC_LOC,CS_REQ_CONT_ID,CHAR,C1T049S8,1,NORMAL,VALID,VISIBLE,NO,NONUNIQUE,Y,Y,N,N,,MEDIUM,Good candidate for equality or IN pre-filter.
C1_CS_REQ_SVC_LOC,CS_REQ_ID,CHAR,C1T049S2,1,NORMAL,VALID,VISIBLE,NO,NONUNIQUE,Y,Y,N,N,,MEDIUM,Good candidate for equality or IN pre-filter.
C1_CS_REQ_SVC_LOC,CS_REQ_PREM_ID,CHAR,C1T049S7,1,NORMAL,VALID,VISIBLE,NO,NONUNIQUE,Y,Y,N,N,,MEDIUM,Good candidate for equality or IN pre-filter.
C1_CS_REQ_SVC_LOC,CS_REQ_SVC_LOC_ID,CHAR,C1T049P0,1,NORMAL,VALID,VISIBLE,NO,UNIQUE,Y,Y,N,N,,MEDIUM,Good candidate for equality or IN pre-filter.
C1_CS_REQ_SVC_LOC,CS_REQ_SVC_LOC_ID,CHAR,C1T049S1,1,NORMAL,VALID,VISIBLE,NO,NONUNIQUE,Y,Y,N,N,,MEDIUM,Good candidate for equality or IN pre-filter.
C1_CS_REQ_SVC_LOC,PREM_ID,CHAR,C1T049S5,1,NORMAL,VALID,VISIBLE,NO,NONUNIQUE,Y,Y,N,N,,MEDIUM,Good candidate for equality or IN pre-filter.
C1_CS_REQ_SVC_LOC,SP_ID,CHAR,C1T049S3,1,NORMAL,VALID,VISIBLE,NO,NONUNIQUE,Y,Y,N,N,,MEDIUM,Good candidate for equality or IN pre-filter.
C1_CS_REQ_SVC_LOC_CHAR,CS_REQ_SVC_LOC_ID,CHAR,C1T051P0,1,NORMAL,VALID,VISIBLE,NO,UNIQUE,Y,Y,N,N,,MEDIUM,Good candidate for equality or IN pre-filter.
C1_CS_REQ_SVC_LOC_CHAR,SRCH_CHAR_VAL,VARCHAR2,C1T051S1,1,NORMAL,VALID,VISIBLE,NO,NONUNIQUE,Y,Y,N,N,,MEDIUM,Good candidate for equality or IN pre-filter.
C1_CS_REQ_SVC_LOC_CONT_PROD,ACCT_ID,CHAR,C1T052S4,1,NORMAL,VALID,VISIBLE,NO,NONUNIQUE,Y,Y,N,N,,MEDIUM,Good candidate for equality or IN pre-filter.
C1_CS_REQ_SVC_LOC_CONT_PROD,CONT_PROD_ID,CHAR,C1T052S1,1,NORMAL,VALID,VISIBLE,NO,NONUNIQUE,Y,Y,N,N,,MEDIUM,Good candidate for equality or IN pre-filter.
C1_CS_REQ_SVC_LOC_CONT_PROD,CS_REQ_ACCT_ID,CHAR,C1T052S3,1,NORMAL,VALID,VISIBLE,NO,NONUNIQUE,Y,Y,N,N,,MEDIUM,Good candidate for equality or IN pre-filter.
C1_CS_REQ_SVC_LOC_CONT_PROD,CS_REQ_CONT_PROD_ID,CHAR,C1T052S2,1,NORMAL,VALID,VISIBLE,NO,NONUNIQUE,Y,Y,N,N,,MEDIUM,Good candidate for equality or IN pre-filter.
C1_CS_REQ_SVC_LOC_CONT_PROD,CS_REQ_SVC_LOC_ID,CHAR,C1T052P0,1,NORMAL,VALID,VISIBLE,NO,UNIQUE,Y,Y,N,N,,MEDIUM,Good candidate for equality or IN pre-filter.
C1_CS_REQ_SVC_LOC_K,CS_REQ_SVC_LOC_ID,CHAR,C1T050P0,1,IOT - TOP,VALID,VISIBLE,NO,UNIQUE,Y,Y,N,N,,MEDIUM,Good candidate for equality or IN pre-filter.
C1_CS_REQ_SVC_LOC_LOG,CHAR_TYPE_CD,CHAR,C1T053S1,1,NORMAL,VALID,VISIBLE,NO,NONUNIQUE,Y,Y,N,N,,MEDIUM,Good candidate for equality or IN pre-filter.
C1_CS_REQ_SVC_LOC_LOG,CHAR_TYPE_CD,CHAR,C1T053S2,1,NORMAL,VALID,VISIBLE,NO,NONUNIQUE,Y,Y,N,N,,MEDIUM,Good candidate for equality or IN pre-filter.
C1_CS_REQ_SVC_LOC_LOG,CS_REQ_SVC_LOC_ID,CHAR,C1T053P0,1,NORMAL,VALID,VISIBLE,NO,UNIQUE,Y,Y,N,N,,MEDIUM,Good candidate for equality or IN pre-filter.
C1_CS_REQ_SVC_LOC_LOG_PARM,CS_REQ_SVC_LOC_ID,CHAR,C1T054P0,1,NORMAL,VALID,VISIBLE,NO,UNIQUE,Y,Y,N,N,,MEDIUM,Good candidate for equality or IN pre-filter.
C1_CS_REQ_TYPE,BUS_OBJ_CD,CHAR,C1C110S1,1,NORMAL,VALID,VISIBLE,NO,NONUNIQUE,Y,Y,N,N,,MEDIUM,Good candidate for equality or IN pre-filter.
C1_CS_REQ_TYPE,CS_REQ_BUS_OBJ_CD,CHAR,C1C110S2,1,NORMAL,VALID,VISIBLE,NO,NONUNIQUE,Y,Y,N,N,,MEDIUM,Good candidate for equality or IN pre-filter.
C1_CS_REQ_TYPE,CS_REQ_TYPE_CD,VARCHAR2,C1C110P0,1,NORMAL,VALID,VISIBLE,NO,UNIQUE,Y,Y,N,N,,MEDIUM,Good candidate for equality or IN pre-filter.
C1_CS_REQ_TYPE_ALG,CS_REQ_TYPE_CD,VARCHAR2,C1C126P0,1,NORMAL,VALID,VISIBLE,NO,UNIQUE,Y,Y,N,N,,MEDIUM,Good candidate for equality or IN pre-filter.
C1_CS_REQ_TYPE_ALG_CUST_CL,CS_REQ_TYPE_CD,VARCHAR2,C1C136P0,1,NORMAL,VALID,VISIBLE,NO,UNIQUE,Y,Y,N,N,,MEDIUM,Good candidate for equality or IN pre-filter.
C1_CS_REQ_TYPE_ALG_PER_BUS,CS_REQ_TYPE_CD,VARCHAR2,C1C135P0,1,NORMAL,VALID,VISIBLE,NO,UNIQUE,Y,Y,N,N,,MEDIUM,Good candidate for equality or IN pre-filter.
C1_CS_REQ_TYPE_CHAR,CS_REQ_TYPE_CD,VARCHAR2,C1C111P0,1,NORMAL,VALID,VISIBLE,NO,UNIQUE,Y,Y,N,N,,MEDIUM,Good candidate for equality or IN pre-filter.
C1_CS_REQ_TYPE_CHAR,SRCH_CHAR_VAL,VARCHAR2,C1C111S1,1,NORMAL,VALID,VISIBLE,NO,NONUNIQUE,Y,Y,N,N,,MEDIUM,Good candidate for equality or IN pre-filter.
C1_CS_REQ_TYPE_CUST_CL,CS_REQ_TYPE_CD,VARCHAR2,C1C138P0,1,NORMAL,VALID,VISIBLE,NO,UNIQUE,Y,Y,N,N,,MEDIUM,Good candidate for equality or IN pre-filter.
C1_CS_REQ_TYPE_L,CS_REQ_TYPE_CD,VARCHAR2,C1C112P0,1,NORMAL,VALID,VISIBLE,NO,UNIQUE,Y,Y,N,N,,MEDIUM,Good candidate for equality or IN pre-filter.
C1_CS_REQ_TYPE_PER_BUS,CS_REQ_TYPE_CD,VARCHAR2,C1C137P0,1,NORMAL,VALID,VISIBLE,NO,UNIQUE,Y,Y,N,N,,MEDIUM,Good candidate for equality or IN pre-filter.
C1_CS_REQ_TYPE_SVC_LOC_BO,CS_REQ_TYPE_CD,VARCHAR2,C1C114P0,1,NORMAL,VALID,VISIBLE,NO,UNIQUE,Y,Y,N,N,,MEDIUM,Good candidate for equality or IN pre-filter.
C1_CUST_REL_REQ,CUST_REL_REQ_ID,CHAR,C1T017P0,1,NORMAL,VALID,VISIBLE,NO,UNIQUE,Y,Y,N,N,,MEDIUM,Good candidate for equality or IN pre-filter.
C1_CUST_REL_REQ,CUST_REL_REQ_ID,CHAR,C1T017S1,1,NORMAL,VALID,VISIBLE,NO,NONUNIQUE,Y,Y,N,N,,MEDIUM,Good candidate for equality or IN pre-filter.
C1_CUST_REL_REQ_CHAR,CUST_REL_REQ_ID,CHAR,C1T014P0,1,NORMAL,VALID,VISIBLE,NO,UNIQUE,Y,Y,N,N,,MEDIUM,Good candidate for equality or IN pre-filter.
C1_CUST_REL_REQ_CHAR,SRCH_CHAR_VAL,VARCHAR2,C1T014S1,1,NORMAL,VALID,VISIBLE,NO,NONUNIQUE,Y,Y,N,N,,MEDIUM,Good candidate for equality or IN pre-filter.
C1_CUST_REL_REQ_K,CUST_REL_REQ_ID,CHAR,C1T019P0,1,IOT - TOP,VALID,VISIBLE,NO,UNIQUE,Y,Y,N,N,,MEDIUM,Good candidate for equality or IN pre-filter.
C1_CUST_REL_REQ_LOG,CHAR_TYPE_CD,CHAR,C1T015S1,1,NORMAL,VALID,VISIBLE,NO,NONUNIQUE,Y,Y,N,N,,MEDIUM,Good candidate for equality or IN pre-filter.
C1_CUST_REL_REQ_LOG,CHAR_TYPE_CD,CHAR,C1T015S2,1,NORMAL,VALID,VISIBLE,NO,NONUNIQUE,Y,Y,N,N,,MEDIUM,Good candidate for equality or IN pre-filter.
C1_CUST_REL_REQ_LOG,CUST_REL_REQ_ID,CHAR,C1T015P0,1,NORMAL,VALID,VISIBLE,NO,UNIQUE,Y,Y,N,N,,MEDIUM,Good candidate for equality or IN pre-filter.
C1_CUST_REL_REQ_LOG_PARM,CUST_REL_REQ_ID,CHAR,C1T016P0,1,NORMAL,VALID,VISIBLE,NO,UNIQUE,Y,Y,N,N,,MEDIUM,Good candidate for equality or IN pre-filter.
C1_CUST_REL_REQ_REL_OBJ,CUST_REL_REQ_ID,CHAR,C1T018P0,1,NORMAL,VALID,VISIBLE,NO,UNIQUE,Y,Y,N,N,,MEDIUM,Good candidate for equality or IN pre-filter.
C1_CUST_REL_REQ_TYPE,CUST_REL_REQ_TYPE_CD,VARCHAR2,C1C010P0,1,NORMAL,VALID,VISIBLE,NO,UNIQUE,Y,Y,N,N,,MEDIUM,Good candidate for equality or IN pre-filter.
C1_CUST_REL_REQ_TYPE_CHAR,CUST_REL_REQ_TYPE_CD,VARCHAR2,C1C009P0,1,NORMAL,VALID,VISIBLE,NO,UNIQUE,Y,Y,N,N,,MEDIUM,Good candidate for equality or IN pre-filter.
C1_CUST_REL_REQ_TYPE_CHAR,SRCH_CHAR_VAL,VARCHAR2,C1C009S1,1,NORMAL,VALID,VISIBLE,NO,NONUNIQUE,Y,Y,N,N,,MEDIUM,Good candidate for equality or IN pre-filter.
C1_CUST_REL_REQ_TYPE_L,CUST_REL_REQ_TYPE_CD,VARCHAR2,C1C008P0,1,NORMAL,VALID,VISIBLE,NO,UNIQUE,Y,Y,N,N,,MEDIUM,Good candidate for equality or IN pre-filter.
C1_ENRL_CONTDET,C1_ENRL_CONTACT_ID,CHAR,C1T011P0,1,NORMAL,VALID,VISIBLE,NO,UNIQUE,Y,Y,N,N,,MEDIUM,Good candidate for equality or IN pre-filter.
C1_ENRL_CONTDET,PER_ID,CHAR,C1T011S1,1,NORMAL,VALID,VISIBLE,NO,NONUNIQUE,Y,Y,N,N,,MEDIUM,Good candidate for equality or IN pre-filter.
C1_ENRL_CONTDET_K,C1_ENRL_CONTACT_ID,CHAR,C1T013P0,1,IOT - TOP,VALID,VISIBLE,NO,UNIQUE,Y,Y,N,N,,MEDIUM,Good candidate for equality or IN pre-filter.
C1_INITIATIVE,BUS_OBJ_CD,CHAR,C1C328S1,1,NORMAL,VALID,VISIBLE,NO,NONUNIQUE,Y,Y,N,N,,MEDIUM,Good candidate for equality or IN pre-filter.
C1_INITIATIVE,C1_INITIATIVE_CD,VARCHAR2,C1C055P0,1,NORMAL,VALID,VISIBLE,NO,UNIQUE,Y,Y,N,N,,MEDIUM,Good candidate for equality or IN pre-filter.
C1_INITIATIVE,C1_INITIATIVE_CD,VARCHAR2,C1C335S3,1,NORMAL,VALID,VISIBLE,NO,UNIQUE,Y,Y,N,N,,MEDIUM,Good candidate for equality or IN pre-filter.
C1_INITIATIVE,C1_INITIATIVE_CD,VARCHAR2,C1C335S6,1,NORMAL,VALID,VISIBLE,NO,UNIQUE,Y,Y,N,N,,MEDIUM,Good candidate for equality or IN pre-filter.
C1_INITIATIVE,C1_PARENT_INITIATIVE_CD,VARCHAR2,C1C328S4,1,NORMAL,VALID,VISIBLE,NO,NONUNIQUE,Y,Y,N,N,,MEDIUM,Good candidate for equality or IN pre-filter.
C1_INITIATIVE,C1_PARENT_INITIATIVE_CD,VARCHAR2,C1C335S5,1,NORMAL,VALID,VISIBLE,NO,UNIQUE,Y,Y,N,N,,MEDIUM,Good candidate for equality or IN pre-filter.
C1_INITIATIVE,C1_REPRESENTATIVE_CD,VARCHAR2,C1C328S2,1,NORMAL,VALID,VISIBLE,NO,NONUNIQUE,Y,Y,N,N,,MEDIUM,Good candidate for equality or IN pre-filter.
C1_INITIATIVE_CHAR,C1_INITIATIVE_CD,VARCHAR2,C1C058P0,1,NORMAL,VALID,VISIBLE,NO,UNIQUE,Y,Y,N,N,,MEDIUM,Good candidate for equality or IN pre-filter.
C1_INITIATIVE_CHAR,SRCH_CHAR_VAL,VARCHAR2,C1C329S1,1,NORMAL,VALID,VISIBLE,NO,NONUNIQUE,Y,Y,N,N,,MEDIUM,Good candidate for equality or IN pre-filter.
C1_INITIATIVE_CRITERIA,BUS_OBJ_CD,CHAR,C1C338S1,1,NORMAL,VALID,VISIBLE,NO,NONUNIQUE,Y,Y,N,N,,MEDIUM,Good candidate for equality or IN pre-filter.
C1_INITIATIVE_CRITERIA,C1_INITIATIVE_CD,VARCHAR2,C1C073P0,1,NORMAL,VALID,VISIBLE,NO,UNIQUE,Y,Y,N,N,,MEDIUM,Good candidate for equality or IN pre-filter.
C1_INITIATIVE_CRITERIA_CHAR,C1_INITIATIVE_CD,VARCHAR2,C1C075P0,1,NORMAL,VALID,VISIBLE,NO,UNIQUE,Y,Y,N,N,,MEDIUM,Good candidate for equality or IN pre-filter.
C1_INITIATIVE_CRITERIA_CHAR,SRCH_CHAR_VAL,VARCHAR2,C1C339S1,1,NORMAL,VALID,VISIBLE,NO,NONUNIQUE,Y,Y,N,N,,MEDIUM,Good candidate for equality or IN pre-filter.
C1_INITIATIVE_CRITERIA_L,C1_INITIATIVE_CD,VARCHAR2,C1C074P0,1,NORMAL,VALID,VISIBLE,NO,UNIQUE,Y,Y,N,N,,MEDIUM,Good candidate for equality or IN pre-filter.
C1_INITIATIVE_L,C1_INITIATIVE_CD,VARCHAR2,C1C057P0,1,NORMAL,VALID,VISIBLE,NO,UNIQUE,Y,Y,N,N,,MEDIUM,Good candidate for equality or IN pre-filter.
C1_INITIATIVE_LEAD_DEFN,C1_INITIATIVE_CD,VARCHAR2,C1C056P0,1,NORMAL,VALID,VISIBLE,NO,UNIQUE,Y,Y,N,N,,MEDIUM,Good candidate for equality or IN pre-filter.
C1_INITIATIVE_LOG,C1_INITIATIVE_CD,VARCHAR2,C1C059P0,1,NORMAL,VALID,VISIBLE,NO,UNIQUE,Y,Y,N,N,,MEDIUM,Good candidate for equality or IN pre-filter.
C1_INITIATIVE_LOG,CHAR_TYPE_CD,CHAR,C1C330S1,1,NORMAL,VALID,VISIBLE,NO,NONUNIQUE,Y,Y,N,N,,MEDIUM,Good candidate for equality or IN pre-filter.
C1_INITIATIVE_LOG,CHAR_TYPE_CD,CHAR,C1C330S2,1,NORMAL,VALID,VISIBLE,NO,NONUNIQUE,Y,Y,N,N,,MEDIUM,Good candidate for equality or IN pre-filter.
C1_INITIATIVE_LOG_PARM,C1_INITIATIVE_CD,VARCHAR2,C1C060P0,1,NORMAL,VALID,VISIBLE,NO,UNIQUE,Y,Y,N,N,,MEDIUM,Good candidate for equality or IN pre-filter.
C1_INITIATIVE_REL_OBJ,C1_INITIATIVE_CD,VARCHAR2,C1T119P0,1,NORMAL,VALID,VISIBLE,NO,UNIQUE,Y,Y,N,N,,MEDIUM,Good candidate for equality or IN pre-filter.
C1_INITIATIVE_REL_OBJ,MAINT_OBJ_CD,CHAR,C1T119S1,1,NORMAL,VALID,VISIBLE,NO,NONUNIQUE,Y,Y,N,N,,MEDIUM,Good candidate for equality or IN pre-filter.
C1_INTV_DATA_GTT,INTV_DATA_DTTM,DATE,C1T060P0,1,NORMAL,VALID,VISIBLE,NO,UNIQUE,Y,Y,Y,N,,HIGH,Primary candidate for mandatory rolling window pre-filter.
C1_ISS_CTR,ISS_CTR_CD,CHAR,XC804P0,1,NORMAL,VALID,VISIBLE,NO,UNIQUE,Y,Y,N,N,,MEDIUM,Good candidate for equality or IN pre-filter.
C1_ISS_CTR_CHAR,ISS_CTR_CD,CHAR,XC805P0,1,NORMAL,VALID,VISIBLE,NO,UNIQUE,Y,Y,N,N,,MEDIUM,Good candidate for equality or IN pre-filter.
C1_ISS_CTR_CHAR,SRCH_CHAR_VAL,VARCHAR2,XC805S1,1,NORMAL,VALID,VISIBLE,NO,NONUNIQUE,Y,Y,N,N,,MEDIUM,Good candidate for equality or IN pre-filter.
C1_ISS_CTR_DTL,ISS_CTR_CD,CHAR,XC812P0,1,NORMAL,VALID,VISIBLE,NO,UNIQUE,Y,Y,N,N,,MEDIUM,Good candidate for equality or IN pre-filter.
C1_ISS_CTR_L,ISS_CTR_CD,CHAR,XC806P0,1,NORMAL,VALID,VISIBLE,NO,UNIQUE,Y,Y,N,N,,MEDIUM,Good candidate for equality or IN pre-filter.
C1_ISS_CTR_LOG,CHAR_TYPE_CD,CHAR,XC807S1,1,NORMAL,VALID,VISIBLE,NO,NONUNIQUE,Y,Y,N,N,,MEDIUM,Good candidate for equality or IN pre-filter.
C1_ISS_CTR_LOG,ISS_CTR_CD,CHAR,XC807P0,1,NORMAL,VALID,VISIBLE,NO,UNIQUE,Y,Y,N,N,,MEDIUM,Good candidate for equality or IN pre-filter.
C1_ISS_CTR_LOG_PARM,ISS_CTR_CD,CHAR,XC808P0,1,NORMAL,VALID,VISIBLE,NO,UNIQUE,Y,Y,N,N,,MEDIUM,Good candidate for equality or IN pre-filter.
C1_LEAD,C1_FINAL_DTTM,DATE,C1T108S4,1,NORMAL,VALID,VISIBLE,NO,NONUNIQUE,Y,Y,Y,N,,HIGH,Primary candidate for mandatory rolling window pre-filter.
C1_LEAD,BO_STATUS_REASON_CD,VARCHAR2,C1T108S3,1,NORMAL,VALID,VISIBLE,NO,NONUNIQUE,Y,Y,N,N,,MEDIUM,Good candidate for equality or IN pre-filter.
C1_LEAD,BUS_OBJ_CD,CHAR,C1T108S2,1,NORMAL,VALID,VISIBLE,NO,UNIQUE,Y,Y,N,N,,MEDIUM,Good candidate for equality or IN pre-filter.
C1_LEAD,C1_INITIATIVE_CD,VARCHAR2,C1T108S1,1,NORMAL,VALID,VISIBLE,NO,NONUNIQUE,Y,Y,N,N,,MEDIUM,Good candidate for equality or IN pre-filter.
C1_LEAD,C1_LEAD_ID,CHAR,C1T108P0,1,NORMAL,VALID,VISIBLE,NO,UNIQUE,Y,Y,N,N,,MEDIUM,Good candidate for equality or IN pre-filter.
C1_LEAD,C1_REPRESENTATIVE_CD,VARCHAR2,C1T108S5,1,NORMAL,VALID,VISIBLE,NO,UNIQUE,Y,Y,N,N,,MEDIUM,Good candidate for equality or IN pre-filter.
C1_LEAD,THRD_PTY_REP_CD,VARCHAR2,C1T108S6,1,NORMAL,VALID,VISIBLE,NO,NONUNIQUE,Y,Y,N,N,,MEDIUM,Good candidate for equality or IN pre-filter.
C1_LEAD_CHAR,C1_LEAD_ID,CHAR,C1T109P0,1,NORMAL,VALID,VISIBLE,NO,UNIQUE,Y,Y,N,N,,MEDIUM,Good candidate for equality or IN pre-filter.
C1_LEAD_CHAR,SRCH_CHAR_VAL,VARCHAR2,C1T109S1,1,NORMAL,VALID,VISIBLE,NO,NONUNIQUE,Y,Y,N,N,,MEDIUM,Good candidate for equality or IN pre-filter.
C1_LEAD_EVT,C1_FINAL_DTTM,DATE,C1T113S4,1,NORMAL,VALID,VISIBLE,NO,NONUNIQUE,Y,Y,Y,N,,HIGH,Primary candidate for mandatory rolling window pre-filter.
C1_LEAD_EVT,BUS_OBJ_CD,CHAR,C1T113S3,1,NORMAL,VALID,VISIBLE,NO,UNIQUE,Y,Y,N,N,,MEDIUM,Good candidate for equality or IN pre-filter.
C1_LEAD_EVT,C1_LEAD_EVT_ID,CHAR,C1T113P0,1,NORMAL,VALID,VISIBLE,NO,UNIQUE,Y,Y,N,N,,MEDIUM,Good candidate for equality or IN pre-filter.
C1_LEAD_EVT,C1_LEAD_EVT_TYPE_CD,VARCHAR2,C1T113S1,1,NORMAL,VALID,VISIBLE,NO,NONUNIQUE,Y,Y,N,N,,MEDIUM,Good candidate for equality or IN pre-filter.
C1_LEAD_EVT,C1_LEAD_ID,CHAR,C1T113S2,1,NORMAL,VALID,VISIBLE,NO,NONUNIQUE,Y,Y,N,N,,MEDIUM,Good candidate for equality or IN pre-filter.
C1_LEAD_EVT,C1_LEAD_ID,CHAR,C1T113S5,1,NORMAL,VALID,VISIBLE,NO,NONUNIQUE,Y,Y,N,N,,MEDIUM,Good candidate for equality or IN pre-filter.
C1_LEAD_EVT,C1_LEAD_ID,CHAR,C1T113S6,1,NORMAL,VALID,VISIBLE,NO,NONUNIQUE,Y,Y,N,N,,MEDIUM,Good candidate for equality or IN pre-filter.
C1_LEAD_EVT_CHAR,C1_LEAD_EVT_ID,CHAR,C1T114P0,1,NORMAL,VALID,VISIBLE,NO,UNIQUE,Y,Y,N,N,,MEDIUM,Good candidate for equality or IN pre-filter.
C1_LEAD_EVT_CHAR,SRCH_CHAR_VAL,VARCHAR2,C1T114S1,1,NORMAL,VALID,VISIBLE,NO,NONUNIQUE,Y,Y,N,N,,MEDIUM,Good candidate for equality or IN pre-filter.
C1_LEAD_EVT_K,C1_LEAD_EVT_ID,CHAR,C1T118P0,1,IOT - TOP,VALID,VISIBLE,NO,UNIQUE,Y,Y,N,N,,MEDIUM,Good candidate for equality or IN pre-filter.
C1_LEAD_EVT_LOG,C1_LEAD_EVT_ID,CHAR,C1T115P0,1,NORMAL,VALID,VISIBLE,NO,UNIQUE,Y,Y,N,N,,MEDIUM,Good candidate for equality or IN pre-filter.
C1_LEAD_EVT_LOG,CHAR_TYPE_CD,CHAR,C1T115S1,1,NORMAL,VALID,VISIBLE,NO,NONUNIQUE,Y,Y,N,N,,MEDIUM,Good candidate for equality or IN pre-filter.
C1_LEAD_EVT_LOG,CHAR_TYPE_CD,CHAR,C1T115S2,1,NORMAL,VALID,VISIBLE,NO,NONUNIQUE,Y,Y,N,N,,MEDIUM,Good candidate for equality or IN pre-filter.
C1_LEAD_EVT_LOG_PARM,C1_LEAD_EVT_ID,CHAR,C1T116P0,1,NORMAL,VALID,VISIBLE,NO,UNIQUE,Y,Y,N,N,,MEDIUM,Good candidate for equality or IN pre-filter.
C1_LEAD_EVT_STEP,C1_LEAD_EVT_ID,CHAR,C1T063S2,1,NORMAL,VALID,VISIBLE,NO,NONUNIQUE,Y,Y,N,N,,MEDIUM,Good candidate for equality or IN pre-filter.
C1_LEAD_EVT_STEP,C1_LEAD_EVT_TYPE_CD,VARCHAR2,C1T063S1,1,NORMAL,VALID,VISIBLE,NO,NONUNIQUE,Y,Y,N,N,,MEDIUM,Good candidate for equality or IN pre-filter.
C1_LEAD_EVT_STEP,LEAD_EVT_STEP_ID,CHAR,C1T063P0,1,NORMAL,VALID,VISIBLE,NO,UNIQUE,Y,Y,N,N,,MEDIUM,Good candidate for equality or IN pre-filter.
C1_LEAD_EVT_STEP_K,LEAD_EVT_STEP_ID,CHAR,C1T120P0,1,IOT - TOP,VALID,VISIBLE,NO,UNIQUE,Y,Y,N,N,,MEDIUM,Good candidate for equality or IN pre-filter.
C1_LEAD_EVT_TYPE,BUS_OBJ_CD,CHAR,C1C326S1,1,NORMAL,VALID,VISIBLE,NO,NONUNIQUE,Y,Y,N,N,,MEDIUM,Good candidate for equality or IN pre-filter.
C1_LEAD_EVT_TYPE,C1_LEAD_EVT_TYPE_CD,VARCHAR2,C1C052P0,1,NORMAL,VALID,VISIBLE,NO,UNIQUE,Y,Y,N,N,,MEDIUM,Good candidate for equality or IN pre-filter.
C1_LEAD_EVT_TYPE,TRANS_BUS_OBJ_CD,CHAR,C1C326S2,1,NORMAL,VALID,VISIBLE,NO,NONUNIQUE,Y,Y,N,N,,MEDIUM,Good candidate for equality or IN pre-filter.
C1_LEAD_EVT_TYPE_CHAR,C1_LEAD_EVT_TYPE_CD,VARCHAR2,C1C054P0,1,NORMAL,VALID,VISIBLE,NO,UNIQUE,Y,Y,N,N,,MEDIUM,Good candidate for equality or IN pre-filter.
C1_LEAD_EVT_TYPE_CHAR,SRCH_CHAR_VAL,VARCHAR2,C1C327S1,1,NORMAL,VALID,VISIBLE,NO,NONUNIQUE,Y,Y,N,N,,MEDIUM,Good candidate for equality or IN pre-filter.
C1_LEAD_EVT_TYPE_L,C1_LEAD_EVT_TYPE_CD,VARCHAR2,C1C053P0,1,NORMAL,VALID,VISIBLE,NO,UNIQUE,Y,Y,N,N,,MEDIUM,Good candidate for equality or IN pre-filter.
C1_LEAD_K,C1_LEAD_ID,CHAR,C1T117P0,1,IOT - TOP,VALID,VISIBLE,NO,UNIQUE,Y,Y,N,N,,MEDIUM,Good candidate for equality or IN pre-filter.
C1_LEAD_LOG,C1_LEAD_ID,CHAR,C1T110P0,1,NORMAL,VALID,VISIBLE,NO,UNIQUE,Y,Y,N,N,,MEDIUM,Good candidate for equality or IN pre-filter.
C1_LEAD_LOG,CHAR_TYPE_CD,CHAR,C1T110S1,1,NORMAL,VALID,VISIBLE,NO,NONUNIQUE,Y,Y,N,N,,MEDIUM,Good candidate for equality or IN pre-filter.
C1_LEAD_LOG,CHAR_TYPE_CD,CHAR,C1T110S2,1,NORMAL,VALID,VISIBLE,NO,NONUNIQUE,Y,Y,N,N,,MEDIUM,Good candidate for equality or IN pre-filter.
C1_LEAD_LOG_PARM,C1_LEAD_ID,CHAR,C1T111P0,1,NORMAL,VALID,VISIBLE,NO,UNIQUE,Y,Y,N,N,,MEDIUM,Good candidate for equality or IN pre-filter.
C1_LEAD_REL_OBJ,C1_LEAD_ID,CHAR,C1T112P0,1,NORMAL,VALID,VISIBLE,NO,UNIQUE,Y,Y,N,N,,MEDIUM,Good candidate for equality or IN pre-filter.
C1_LEAD_REL_OBJ,MAINT_OBJ_CD,CHAR,C1T112S1,1,NORMAL,VALID,VISIBLE,NO,NONUNIQUE,Y,Y,N,N,,MEDIUM,Good candidate for equality or IN pre-filter.
C1_LETY_STEP_TYPE,C1_LEAD_EVT_TYPE_CD,VARCHAR2,C1C061P0,1,NORMAL,VALID,VISIBLE,NO,UNIQUE,Y,Y,N,N,,MEDIUM,Good candidate for equality or IN pre-filter.
C1_LETY_STEP_TYPE_L,C1_LEAD_EVT_TYPE_CD,VARCHAR2,C1C062P0,1,NORMAL,VALID,VISIBLE,NO,UNIQUE,Y,Y,N,N,,MEDIUM,Good candidate for equality or IN pre-filter.
C1_LTR_TMPL_REC,LTR_TMPL_CD,CHAR,C1C086P0,1,NORMAL,VALID,VISIBLE,NO,UNIQUE,Y,Y,N,N,,MEDIUM,Good candidate for equality or IN pre-filter.
C1_LTR_TMPL_REC_L,LTR_TMPL_CD,CHAR,C1C087P0,1,NORMAL,VALID,VISIBLE,NO,UNIQUE,Y,Y,N,N,,MEDIUM,Good candidate for equality or IN pre-filter.
C1_MKT,BUS_OBJ_CD,CHAR,C1C088S1,1,NORMAL,VALID,VISIBLE,NO,NONUNIQUE,Y,Y,N,N,,MEDIUM,Good candidate for equality or IN pre-filter.
C1_MKT,C1_MKT_CD,VARCHAR2,C1C088P0,1,NORMAL,VALID,VISIBLE,NO,UNIQUE,Y,Y,N,N,,MEDIUM,Good candidate for equality or IN pre-filter.
C1_MKTMSG_CHG,MKTMSG_CHG_ID,CHAR,C1T135P0,1,NORMAL,VALID,VISIBLE,NO,UNIQUE,Y,Y,N,N,,MEDIUM,Good candidate for equality or IN pre-filter.
C1_MKTMSG_CHG,MKTMSG_CHG_ID,CHAR,C1T135S1,1,NORMAL,VALID,VISIBLE,NO,NONUNIQUE,Y,Y,N,N,,MEDIUM,Good candidate for equality or IN pre-filter.
C1_MKTMSG_CHG,MKTMSG_ID,CHAR,C1T135S2,1,NORMAL,VALID,VISIBLE,NO,NONUNIQUE,Y,Y,N,N,,MEDIUM,Good candidate for equality or IN pre-filter.
C1_MKTMSG_CHG_DTL,ADJ_ID,CHAR,C1T137S2,1,NORMAL,VALID,VISIBLE,NO,NONUNIQUE,Y,Y,N,N,,MEDIUM,Good candidate for equality or IN pre-filter.
C1_MKTMSG_CHG_DTL,BILLABLE_CHG_ID,CHAR,C1T137S3,1,NORMAL,VALID,VISIBLE,NO,NONUNIQUE,Y,Y,N,N,,MEDIUM,Good candidate for equality or IN pre-filter.
C1_MKTMSG_CHG_DTL,BSEG_ID,CHAR,C1T137S1,1,NORMAL,VALID,VISIBLE,NO,NONUNIQUE,Y,Y,N,N,,MEDIUM,Good candidate for equality or IN pre-filter.
C1_MKTMSG_CHG_DTL,MKTMSG_CHG_ID,CHAR,C1T137P0,1,NORMAL,VALID,VISIBLE,NO,UNIQUE,Y,Y,N,N,,MEDIUM,Good candidate for equality or IN pre-filter.
C1_MKTMSG_CHG_DTL,UOM_CD,VARCHAR2,C1T137S4,1,NORMAL,VALID,VISIBLE,NO,NONUNIQUE,Y,Y,N,N,,MEDIUM,Good candidate for equality or IN pre-filter.
C1_MKTMSG_CHG_K,MKTMSG_CHG_ID,CHAR,C1T136P0,1,IOT - TOP,VALID,VISIBLE,NO,UNIQUE,Y,Y,N,N,,MEDIUM,Good candidate for equality or IN pre-filter.
C1_MKTMSG_CHG_LOG,CHAR_TYPE_CD,CHAR,C1T139S1,1,NORMAL,VALID,VISIBLE,NO,NONUNIQUE,Y,Y,N,N,,MEDIUM,Good candidate for equality or IN pre-filter.
C1_MKTMSG_CHG_LOG,CHAR_TYPE_CD,CHAR,C1T139S2,1,NORMAL,VALID,VISIBLE,NO,NONUNIQUE,Y,Y,N,N,,MEDIUM,Good candidate for equality or IN pre-filter.
C1_MKTMSG_CHG_LOG,MKTMSG_CHG_ID,CHAR,C1T139P0,1,NORMAL,VALID,VISIBLE,NO,UNIQUE,Y,Y,N,N,,MEDIUM,Good candidate for equality or IN pre-filter.
C1_MKTMSG_CHG_LOG_PARM,MKTMSG_CHG_ID,CHAR,C1T140P0,1,NORMAL,VALID,VISIBLE,NO,UNIQUE,Y,Y,N,N,,MEDIUM,Good candidate for equality or IN pre-filter.
C1_MKTMSG_CHG_REL_OBJ,MAINT_OBJ_CD,CHAR,C1T138S1,1,NORMAL,VALID,VISIBLE,NO,NONUNIQUE,Y,Y,N,N,,MEDIUM,Good candidate for equality or IN pre-filter.
C1_MKTMSG_CHG_REL_OBJ,MKTMSG_CHG_ID,CHAR,C1T138P0,1,NORMAL,VALID,VISIBLE,NO,UNIQUE,Y,Y,N,N,,MEDIUM,Good candidate for equality or IN pre-filter.
C1_MKTMSG_CHG_REL_OBJ,PK_VALUE1,VARCHAR2,C1T138S2,1,NORMAL,VALID,VISIBLE,NO,NONUNIQUE,Y,Y,N,N,,MEDIUM,Good candidate for equality or IN pre-filter.
C1_MKTMSG_PAY,MKTMSG_ID,CHAR,C1T129S2,1,NORMAL,VALID,VISIBLE,NO,NONUNIQUE,Y,Y,N,N,,MEDIUM,Good candidate for equality or IN pre-filter.
C1_MKTMSG_PAY,MKTMSG_PAY_ID,CHAR,C1T129P0,1,NORMAL,VALID,VISIBLE,NO,UNIQUE,Y,Y,N,N,,MEDIUM,Good candidate for equality or IN pre-filter.
C1_MKTMSG_PAY,MKTMSG_PAY_ID,CHAR,C1T129S1,1,NORMAL,VALID,VISIBLE,NO,NONUNIQUE,Y,Y,N,N,,MEDIUM,Good candidate for equality or IN pre-filter.
C1_MKTMSG_PAY_DTL,ACCT_ID,CHAR,C1T131S1,1,NORMAL,VALID,VISIBLE,NO,NONUNIQUE,Y,Y,N,N,,MEDIUM,Good candidate for equality or IN pre-filter.
C1_MKTMSG_PAY_DTL,BILL_ID,CHAR,C1T131S2,1,NORMAL,VALID,VISIBLE,NO,NONUNIQUE,Y,Y,N,N,,MEDIUM,Good candidate for equality or IN pre-filter.
C1_MKTMSG_PAY_DTL,MKTMSG_PAY_ID,CHAR,C1T131P0,1,NORMAL,VALID,VISIBLE,NO,UNIQUE,Y,Y,N,N,,MEDIUM,Good candidate for equality or IN pre-filter.
C1_MKTMSG_PAY_DTL,MKT_ADJ_ID,CHAR,C1T131S3,1,NORMAL,VALID,VISIBLE,NO,NONUNIQUE,Y,Y,N,N,,MEDIUM,Good candidate for equality or IN pre-filter.
C1_MKTMSG_PAY_K,MKTMSG_PAY_ID,CHAR,C1T130P0,1,IOT - TOP,VALID,VISIBLE,NO,UNIQUE,Y,Y,N,N,,MEDIUM,Good candidate for equality or IN pre-filter.
C1_MKTMSG_PAY_LOG,CHAR_TYPE_CD,CHAR,C1T133S1,1,NORMAL,VALID,VISIBLE,NO,NONUNIQUE,Y,Y,N,N,,MEDIUM,Good candidate for equality or IN pre-filter.
C1_MKTMSG_PAY_LOG,CHAR_TYPE_CD,CHAR,C1T133S2,1,NORMAL,VALID,VISIBLE,NO,NONUNIQUE,Y,Y,N,N,,MEDIUM,Good candidate for equality or IN pre-filter.
C1_MKTMSG_PAY_LOG,MKTMSG_PAY_ID,CHAR,C1T133P0,1,NORMAL,VALID,VISIBLE,NO,UNIQUE,Y,Y,N,N,,MEDIUM,Good candidate for equality or IN pre-filter.
C1_MKTMSG_PAY_LOG_PARM,MKTMSG_PAY_ID,CHAR,C1T134P0,1,NORMAL,VALID,VISIBLE,NO,UNIQUE,Y,Y,N,N,,MEDIUM,Good candidate for equality or IN pre-filter.
C1_MKTMSG_PAY_REL_OBJ,MAINT_OBJ_CD,CHAR,C1T132S1,1,NORMAL,VALID,VISIBLE,NO,NONUNIQUE,Y,Y,N,N,,MEDIUM,Good candidate for equality or IN pre-filter.
C1_MKTMSG_PAY_REL_OBJ,MKTMSG_PAY_ID,CHAR,C1T132P0,1,NORMAL,VALID,VISIBLE,NO,UNIQUE,Y,Y,N,N,,MEDIUM,Good candidate for equality or IN pre-filter.
C1_MKTMSG_PAY_REL_OBJ,PK_VALUE1,VARCHAR2,C1T132S2,1,NORMAL,VALID,VISIBLE,NO,NONUNIQUE,Y,Y,N,N,,MEDIUM,Good candidate for equality or IN pre-filter.
C1_MKTMSG_USG,MKTMSG_ID,CHAR,C1T123S2,1,NORMAL,VALID,VISIBLE,NO,NONUNIQUE,Y,Y,N,N,,MEDIUM,Good candidate for equality or IN pre-filter.
C1_MKTMSG_USG,MKTMSG_USG_ID,CHAR,C1T123P0,1,NORMAL,VALID,VISIBLE,NO,UNIQUE,Y,Y,N,N,,MEDIUM,Good candidate for equality or IN pre-filter.
C1_MKTMSG_USG,MKTMSG_USG_ID,CHAR,C1T123S1,1,NORMAL,VALID,VISIBLE,NO,NONUNIQUE,Y,Y,N,N,,MEDIUM,Good candidate for equality or IN pre-filter.
C1_MKTMSG_USG_DTL,MKTMSG_USG_ID,CHAR,C1T125P0,1,NORMAL,VALID,VISIBLE,NO,UNIQUE,Y,Y,N,N,,MEDIUM,Good candidate for equality or IN pre-filter.
C1_MKTMSG_USG_K,MKTMSG_USG_ID,CHAR,C1T124P0,1,IOT - TOP,VALID,VISIBLE,NO,UNIQUE,Y,Y,N,N,,MEDIUM,Good candidate for equality or IN pre-filter.
C1_MKTMSG_USG_LOG,CHAR_TYPE_CD,CHAR,C1T127S1,1,NORMAL,VALID,VISIBLE,NO,NONUNIQUE,Y,Y,N,N,,MEDIUM,Good candidate for equality or IN pre-filter.
C1_MKTMSG_USG_LOG,CHAR_TYPE_CD,CHAR,C1T127S2,1,NORMAL,VALID,VISIBLE,NO,NONUNIQUE,Y,Y,N,N,,MEDIUM,Good candidate for equality or IN pre-filter.
C1_MKTMSG_USG_LOG,MKTMSG_USG_ID,CHAR,C1T127P0,1,NORMAL,VALID,VISIBLE,NO,UNIQUE,Y,Y,N,N,,MEDIUM,Good candidate for equality or IN pre-filter.
C1_MKTMSG_USG_LOG_PARM,MKTMSG_USG_ID,CHAR,C1T128P0,1,NORMAL,VALID,VISIBLE,NO,UNIQUE,Y,Y,N,N,,MEDIUM,Good candidate for equality or IN pre-filter.
C1_MKTMSG_USG_REL_OBJ,MAINT_OBJ_CD,CHAR,C1T126S1,1,NORMAL,VALID,VISIBLE,NO,NONUNIQUE,Y,Y,N,N,,MEDIUM,Good candidate for equality or IN pre-filter.
C1_MKTMSG_USG_REL_OBJ,MKTMSG_USG_ID,CHAR,C1T126P0,1,NORMAL,VALID,VISIBLE,NO,UNIQUE,Y,Y,N,N,,MEDIUM,Good candidate for equality or IN pre-filter.
C1_MKTMSG_USG_REL_OBJ,PK_VALUE1,VARCHAR2,C1T126S2,1,NORMAL,VALID,VISIBLE,NO,NONUNIQUE,Y,Y,N,N,,MEDIUM,Good candidate for equality or IN pre-filter.
C1_MKT_CHAR,C1_MKT_CD,VARCHAR2,C1C090P0,1,NORMAL,VALID,VISIBLE,NO,UNIQUE,Y,Y,N,N,,MEDIUM,Good candidate for equality or IN pre-filter.
C1_MKT_CHAR,SRCH_CHAR_VAL,VARCHAR2,C1C090S1,1,NORMAL,VALID,VISIBLE,NO,NONUNIQUE,Y,Y,N,N,,MEDIUM,Good candidate for equality or IN pre-filter.
C1_MKT_FALLBACK_SPR,C1_MKT_CD,VARCHAR2,C1C091P0,1,NORMAL,VALID,VISIBLE,NO,UNIQUE,Y,Y,N,N,,MEDIUM,Good candidate for equality or IN pre-filter.
C1_MKT_L,C1_MKT_CD,VARCHAR2,C1C089P0,1,NORMAL,VALID,VISIBLE,NO,UNIQUE,Y,Y,N,N,,MEDIUM,Good candidate for equality or IN pre-filter.
C1_MKT_PROV_CONFIG_OPT,BUS_OBJ_CD,CHAR,C1C129S1,1,NORMAL,VALID,VISIBLE,NO,NONUNIQUE,Y,Y,N,N,,MEDIUM,Good candidate for equality or IN pre-filter.
C1_MKT_PROV_CONFIG_OPT,C1_MKT_CD,VARCHAR2,C1C129P0,1,NORMAL,VALID,VISIBLE,NO,UNIQUE,Y,Y,N,N,,MEDIUM,Good candidate for equality or IN pre-filter.
C1_MKT_PROV_CONFIG_OPT_L,C1_MKT_CD,VARCHAR2,C1C130P0,1,NORMAL,VALID,VISIBLE,NO,UNIQUE,Y,Y,N,N,,MEDIUM,Good candidate for equality or IN pre-filter.
C1_MKT_RP,ADDRESS1_UPR,VARCHAR2,C1M009S2,1,NORMAL,VALID,VISIBLE,NO,NONUNIQUE,Y,Y,N,N,,MEDIUM,Good candidate for equality or IN pre-filter.
C1_MKT_RP,ADDRESS1_UPR,VARCHAR2,C1M009S5,1,NORMAL,VALID,VISIBLE,NO,NONUNIQUE,Y,Y,N,N,,MEDIUM,Good candidate for equality or IN pre-filter.
C1_MKT_RP,C1_MKT_RP_ID,CHAR,C1M009P0,1,NORMAL,VALID,VISIBLE,NO,UNIQUE,Y,Y,N,N,,MEDIUM,Good candidate for equality or IN pre-filter.
C1_MKT_RP,C1_MKT_RP_ID,CHAR,C1M009S1,1,NORMAL,VALID,VISIBLE,NO,NONUNIQUE,Y,Y,N,N,,MEDIUM,Good candidate for equality or IN pre-filter.
C1_MKT_RP,CITY_UPR,VARCHAR2,C1M009S3,1,NORMAL,VALID,VISIBLE,NO,NONUNIQUE,Y,Y,N,N,,MEDIUM,Good candidate for equality or IN pre-filter.
C1_MKT_RP,CITY_UPR,VARCHAR2,C1M009S6,1,NORMAL,VALID,VISIBLE,NO,NONUNIQUE,Y,Y,N,N,,MEDIUM,Good candidate for equality or IN pre-filter.
C1_MKT_RP,MKT_REG_NBR,VARCHAR2,C1M009S7,1,NORMAL,VALID,VISIBLE,NO,NONUNIQUE,Y,Y,N,N,,MEDIUM,Good candidate for equality or IN pre-filter.
C1_MKT_RP,POSTAL,CHAR,C1M009S4,1,NORMAL,VALID,VISIBLE,NO,NONUNIQUE,Y,Y,N,N,,MEDIUM,Good candidate for equality or IN pre-filter.
C1_MKT_RP_ATTR,C1_MKT_RP_ID,CHAR,C1M013P0,1,NORMAL,VALID,VISIBLE,NO,UNIQUE,Y,Y,N,N,,MEDIUM,Good candidate for equality or IN pre-filter.
C1_MKT_RP_ATTR,SRCH_CHAR_VAL,VARCHAR2,C1M013S1,1,NORMAL,VALID,VISIBLE,NO,NONUNIQUE,Y,Y,N,N,,MEDIUM,Good candidate for equality or IN pre-filter.
C1_MKT_RP_CHAR,C1_MKT_RP_ID,CHAR,C1M012P0,1,NORMAL,VALID,VISIBLE,NO,UNIQUE,Y,Y,N,N,,MEDIUM,Good candidate for equality or IN pre-filter.
C1_MKT_RP_CHAR,SRCH_CHAR_VAL,VARCHAR2,C1M012S1,1,NORMAL,VALID,VISIBLE,NO,NONUNIQUE,Y,Y,N,N,,MEDIUM,Good candidate for equality or IN pre-filter.
C1_MKT_RP_K,C1_MKT_RP_ID,CHAR,C1M016P0,1,IOT - TOP,VALID,VISIBLE,NO,UNIQUE,Y,Y,N,N,,MEDIUM,Good candidate for equality or IN pre-filter.
C1_MKT_RP_LOG,C1_MKT_RP_ID,CHAR,C1M010P0,1,NORMAL,VALID,VISIBLE,NO,UNIQUE,Y,Y,N,N,,MEDIUM,Good candidate for equality or IN pre-filter.
C1_MKT_RP_LOG,CHAR_TYPE_CD,CHAR,C1M010S1,1,NORMAL,VALID,VISIBLE,NO,NONUNIQUE,Y,Y,N,N,,MEDIUM,Good candidate for equality or IN pre-filter.
C1_MKT_RP_LOG,CHAR_TYPE_CD,CHAR,C1M010S2,1,NORMAL,VALID,VISIBLE,NO,NONUNIQUE,Y,Y,N,N,,MEDIUM,Good candidate for equality or IN pre-filter.
C1_MKT_RP_LOG_PARM,C1_MKT_RP_ID,CHAR,C1M011P0,1,NORMAL,VALID,VISIBLE,NO,UNIQUE,Y,Y,N,N,,MEDIUM,Good candidate for equality or IN pre-filter.
C1_MKT_RP_REL,C1_MKT_RP_ID,CHAR,C1M015P0,1,NORMAL,VALID,VISIBLE,NO,UNIQUE,Y,Y,N,N,,MEDIUM,Good candidate for equality or IN pre-filter.
C1_MKT_RP_REL_OBJ,C1_MKT_RP_ID,CHAR,C1M014P0,1,NORMAL,VALID,VISIBLE,NO,UNIQUE,Y,Y,N,N,,MEDIUM,Good candidate for equality or IN pre-filter.
C1_MKT_RP_REL_OBJ,MAINT_OBJ_CD,CHAR,C1M014S1,1,NORMAL,VALID,VISIBLE,NO,NONUNIQUE,Y,Y,N,N,,MEDIUM,Good candidate for equality or IN pre-filter.
C1_MKT_RP_REL_OBJ,PK_VALUE1,VARCHAR2,C1M014S2,1,NORMAL,VALID,VISIBLE,NO,NONUNIQUE,Y,Y,N,N,,MEDIUM,Good candidate for equality or IN pre-filter.
C1_MKT_VALID_SPR,C1_MKT_CD,VARCHAR2,C1C092P0,1,NORMAL,VALID,VISIBLE,NO,UNIQUE,Y,Y,N,N,,MEDIUM,Good candidate for equality or IN pre-filter.
C1_NTF_PREF,ACCT_ID,CHAR,C1T002S1,1,NORMAL,VALID,VISIBLE,NO,NONUNIQUE,Y,Y,N,N,,MEDIUM,Good candidate for equality or IN pre-filter.
C1_NTF_PREF,C1_CONTACT_ID,CHAR,C1T002S3,1,NORMAL,VALID,VISIBLE,NO,NONUNIQUE,Y,Y,N,N,,MEDIUM,Good candidate for equality or IN pre-filter.
C1_NTF_PREF,F1_SVC_TASK_ID,CHAR,C1T002S4,1,NORMAL,VALID,VISIBLE,NO,NONUNIQUE,Y,Y,N,N,,MEDIUM,Good candidate for equality or IN pre-filter.
C1_NTF_PREF,NTF_PREF_ID,CHAR,C1T002P0,1,NORMAL,VALID,VISIBLE,NO,UNIQUE,Y,Y,N,N,,MEDIUM,Good candidate for equality or IN pre-filter.
C1_NTF_PREF,NTF_PREF_ID,CHAR,C1T002S2,1,NORMAL,VALID,VISIBLE,NO,NONUNIQUE,Y,Y,N,N,,MEDIUM,Good candidate for equality or IN pre-filter.
C1_NTF_PREF_CHAR,NTF_PREF_ID,CHAR,C1T003P0,1,NORMAL,VALID,VISIBLE,NO,UNIQUE,Y,Y,N,N,,MEDIUM,Good candidate for equality or IN pre-filter.
C1_NTF_PREF_CHAR,SRCH_CHAR_VAL,VARCHAR2,C1T003S1,1,NORMAL,VALID,VISIBLE,NO,NONUNIQUE,Y,Y,N,N,,MEDIUM,Good candidate for equality or IN pre-filter.
C1_NTF_PREF_ID,NTF_PREF_ID,CHAR,C1T006P0,1,NORMAL,VALID,VISIBLE,NO,UNIQUE,Y,Y,N,N,,MEDIUM,Good candidate for equality or IN pre-filter.
C1_NTF_PREF_K,NTF_PREF_ID,CHAR,C1T008P0,1,IOT - TOP,VALID,VISIBLE,NO,UNIQUE,Y,Y,N,N,,MEDIUM,Good candidate for equality or IN pre-filter.
C1_NTF_PREF_LOG,CHAR_TYPE_CD,CHAR,C1T004S1,1,NORMAL,VALID,VISIBLE,NO,NONUNIQUE,Y,Y,N,N,,MEDIUM,Good candidate for equality or IN pre-filter.
C1_NTF_PREF_LOG,CHAR_TYPE_CD,CHAR,C1T004S2,1,NORMAL,VALID,VISIBLE,NO,NONUNIQUE,Y,Y,N,N,,MEDIUM,Good candidate for equality or IN pre-filter.
C1_NTF_PREF_LOG,NTF_PREF_ID,CHAR,C1T004P0,1,NORMAL,VALID,VISIBLE,NO,UNIQUE,Y,Y,N,N,,MEDIUM,Good candidate for equality or IN pre-filter.
C1_NTF_PREF_LOG_PARM,NTF_PREF_ID,CHAR,C1T005P0,1,NORMAL,VALID,VISIBLE,NO,UNIQUE,Y,Y,N,N,,MEDIUM,Good candidate for equality or IN pre-filter.
C1_NTF_TYPE,BILL_RTE_TYPE_CD,CHAR,C1C014S5,1,NORMAL,VALID,VISIBLE,NO,NONUNIQUE,Y,Y,N,N,,MEDIUM,Good candidate for equality or IN pre-filter.
C1_NTF_TYPE,BUS_OBJ_CD,CHAR,C1C014S1,1,NORMAL,VALID,VISIBLE,NO,NONUNIQUE,Y,Y,N,N,,MEDIUM,Good candidate for equality or IN pre-filter.
C1_NTF_TYPE,CC_CL_CD,CHAR,C1C014S2,1,NORMAL,VALID,VISIBLE,NO,NONUNIQUE,Y,Y,N,N,,MEDIUM,Good candidate for equality or IN pre-filter.
C1_NTF_TYPE,CC_CL_CD,CHAR,C1C014S3,1,NORMAL,VALID,VISIBLE,NO,NONUNIQUE,Y,Y,N,N,,MEDIUM,Good candidate for equality or IN pre-filter.
C1_NTF_TYPE,F1_STASK_TYPE_CD,VARCHAR2,C1C014S4,1,NORMAL,VALID,VISIBLE,NO,NONUNIQUE,Y,Y,N,N,,MEDIUM,Good candidate for equality or IN pre-filter.
C1_NTF_TYPE,NTF_TYPE_CD,VARCHAR2,C1C014P0,1,NORMAL,VALID,VISIBLE,NO,UNIQUE,Y,Y,N,N,,MEDIUM,Good candidate for equality or IN pre-filter.
C1_NTF_TYPE,QTE_RTE_TYPE_CD,CHAR,C1C014S6,1,NORMAL,VALID,VISIBLE,NO,NONUNIQUE,Y,Y,N,N,,MEDIUM,Good candidate for equality or IN pre-filter.
C1_NTF_TYPE_ALG,NTF_TYPE_CD,VARCHAR2,C1C019P0,1,NORMAL,VALID,VISIBLE,NO,UNIQUE,Y,Y,N,N,,MEDIUM,Good candidate for equality or IN pre-filter.
C1_NTF_TYPE_CHAR,NTF_TYPE_CD,VARCHAR2,C1C064P0,1,NORMAL,VALID,VISIBLE,NO,UNIQUE,Y,Y,N,N,,MEDIUM,Good candidate for equality or IN pre-filter.
C1_NTF_TYPE_CHAR,SRCH_CHAR_VAL,VARCHAR2,C1C064S1,1,NORMAL,VALID,VISIBLE,NO,NONUNIQUE,Y,Y,N,N,,MEDIUM,Good candidate for equality or IN pre-filter.
C1_NTF_TYPE_COMM_RTE_TYPE,NTF_TYPE_CD,VARCHAR2,C1C018P0,1,NORMAL,VALID,VISIBLE,NO,UNIQUE,Y,Y,N,N,,MEDIUM,Good candidate for equality or IN pre-filter.
C1_NTF_TYPE_DVTYP,NTF_TYPE_CD,VARCHAR2,C1C063P0,1,NORMAL,VALID,VISIBLE,NO,UNIQUE,Y,Y,N,N,,MEDIUM,Good candidate for equality or IN pre-filter.
C1_NTF_TYPE_L,NTF_TYPE_CD,VARCHAR2,C1C015P0,1,NORMAL,VALID,VISIBLE,NO,UNIQUE,Y,Y,N,N,,MEDIUM,Good candidate for equality or IN pre-filter.
C1_OFFCYC_BGEN,ACCT_ID,CHAR,XT197S1,1,NORMAL,VALID,VISIBLE,NO,NONUNIQUE,Y,Y,N,N,,MEDIUM,Good candidate for equality or IN pre-filter.
C1_OFFCYC_BGEN,OFFCYC_BGEN_ID,CHAR,XT197P0,1,NORMAL,VALID,VISIBLE,NO,UNIQUE,Y,Y,N,N,,MEDIUM,Good candidate for equality or IN pre-filter.
C1_OFFCYC_BGEN_ADJ,ADJ_ID,CHAR,XT285S1,1,NORMAL,VALID,VISIBLE,NO,NONUNIQUE,Y,Y,N,N,,MEDIUM,Good candidate for equality or IN pre-filter.
C1_OFFCYC_BGEN_ADJ,OFFCYC_BGEN_ID,CHAR,XT285P0,1,NORMAL,VALID,VISIBLE,NO,UNIQUE,Y,Y,N,N,,MEDIUM,Good candidate for equality or IN pre-filter.
C1_OFFCYC_BGEN_BCHG,BILLABLE_CHG_ID,CHAR,XT326S1,1,NORMAL,VALID,VISIBLE,NO,UNIQUE,Y,Y,N,N,,MEDIUM,Good candidate for equality or IN pre-filter.
C1_OFFCYC_BGEN_BCHG,OFFCYC_BGEN_ID,CHAR,XT326P0,1,NORMAL,VALID,VISIBLE,NO,UNIQUE,Y,Y,N,N,,MEDIUM,Good candidate for equality or IN pre-filter.
C1_OFFCYC_BGEN_BSEG,OFFCYC_BGEN_ID,CHAR,C1T160P0,1,NORMAL,VALID,VISIBLE,NO,UNIQUE,Y,Y,N,N,,MEDIUM,Good candidate for equality or IN pre-filter.
C1_OFFCYC_BGEN_CHAR,OFFCYC_BGEN_ID,CHAR,XT343P0,1,NORMAL,VALID,VISIBLE,NO,UNIQUE,Y,Y,N,N,,MEDIUM,Good candidate for equality or IN pre-filter.
C1_OFFCYC_BGEN_CHAR,SRCH_CHAR_VAL,VARCHAR2,XT343S1,1,NORMAL,VALID,VISIBLE,NO,NONUNIQUE,Y,Y,N,N,,MEDIUM,Good candidate for equality or IN pre-filter.
C1_OFFCYC_BGEN_K,OFFCYC_BGEN_ID,CHAR,XT367P0,1,IOT - TOP,VALID,VISIBLE,NO,UNIQUE,Y,Y,N,N,,MEDIUM,Good candidate for equality or IN pre-filter.
C1_OFFCYC_BGEN_LOG,CHAR_TYPE_CD,CHAR,XT344S1,1,NORMAL,VALID,VISIBLE,NO,NONUNIQUE,Y,Y,N,N,,MEDIUM,Good candidate for equality or IN pre-filter.
C1_OFFCYC_BGEN_LOG,OFFCYC_BGEN_ID,CHAR,XT344P0,1,NORMAL,VALID,VISIBLE,NO,UNIQUE,Y,Y,N,N,,MEDIUM,Good candidate for equality or IN pre-filter.
C1_OFFCYC_BGEN_LOG_PARM,OFFCYC_BGEN_ID,CHAR,XT357P0,1,NORMAL,VALID,VISIBLE,NO,UNIQUE,Y,Y,N,N,,MEDIUM,Good candidate for equality or IN pre-filter.
C1_OFFCYC_BGEN_SA,OFFCYC_BGEN_ID,CHAR,XT359P0,1,NORMAL,VALID,VISIBLE,NO,UNIQUE,Y,Y,N,N,,MEDIUM,Good candidate for equality or IN pre-filter.
C1_OFFCYC_BGEN_SA,SA_ID,CHAR,XT359S1,1,NORMAL,VALID,VISIBLE,NO,NONUNIQUE,Y,Y,N,N,,MEDIUM,Good candidate for equality or IN pre-filter.
C1_PA_RQST,ACCT_ID,CHAR,C1T020S2,1,NORMAL,VALID,VISIBLE,NO,NONUNIQUE,Y,Y,N,Y,debt_mgmt,MEDIUM,Good candidate for equality or IN pre-filter.
C1_PA_RQST,PA_RQST_ID,CHAR,C1T020P0,1,NORMAL,VALID,VISIBLE,NO,UNIQUE,Y,Y,N,Y,debt_mgmt,MEDIUM,Good candidate for equality or IN pre-filter.
C1_PA_RQST,PA_RQST_ID,CHAR,C1T020S1,1,NORMAL,VALID,VISIBLE,NO,NONUNIQUE,Y,Y,N,Y,debt_mgmt,MEDIUM,Good candidate for equality or IN pre-filter.
C1_PA_RQST_CHAR,PA_RQST_ID,CHAR,C1T024P0,1,NORMAL,VALID,VISIBLE,NO,UNIQUE,Y,Y,N,N,,MEDIUM,Good candidate for equality or IN pre-filter.
C1_PA_RQST_CHAR,SRCH_CHAR_VAL,VARCHAR2,C1T024S1,1,NORMAL,VALID,VISIBLE,NO,NONUNIQUE,Y,Y,N,N,,MEDIUM,Good candidate for equality or IN pre-filter.
C1_PA_RQST_ELIG_RSLT,PA_RQST_ID,CHAR,C1T022P0,1,NORMAL,VALID,VISIBLE,NO,UNIQUE,Y,Y,N,N,,MEDIUM,Good candidate for equality or IN pre-filter.
C1_PA_RQST_K,PA_RQST_ID,CHAR,C1T027P0,1,IOT - TOP,VALID,VISIBLE,NO,UNIQUE,Y,Y,N,N,,MEDIUM,Good candidate for equality or IN pre-filter.
C1_PA_RQST_LOG,CHAR_TYPE_CD,CHAR,C1T025S1,1,NORMAL,VALID,VISIBLE,NO,NONUNIQUE,Y,Y,N,N,,MEDIUM,Good candidate for equality or IN pre-filter.
C1_PA_RQST_LOG,CHAR_TYPE_CD,CHAR,C1T025S2,1,NORMAL,VALID,VISIBLE,NO,NONUNIQUE,Y,Y,N,N,,MEDIUM,Good candidate for equality or IN pre-filter.
C1_PA_RQST_LOG,PA_RQST_ID,CHAR,C1T025P0,1,NORMAL,VALID,VISIBLE,NO,UNIQUE,Y,Y,N,N,,MEDIUM,Good candidate for equality or IN pre-filter.
C1_PA_RQST_LOG_PARM,PA_RQST_ID,CHAR,C1T026P0,1,NORMAL,VALID,VISIBLE,NO,UNIQUE,Y,Y,N,N,,MEDIUM,Good candidate for equality or IN pre-filter.
C1_PA_RQST_REL_OBJ,PA_RQST_ID,CHAR,C1T023P0,1,NORMAL,VALID,VISIBLE,NO,UNIQUE,Y,Y,N,Y,debt_mgmt,MEDIUM,Good candidate for equality or IN pre-filter.
C1_PA_RQST_TYPE,BUS_OBJ_CD,CHAR,C1C080S1,1,NORMAL,VALID,VISIBLE,NO,NONUNIQUE,Y,Y,N,N,,MEDIUM,Good candidate for equality or IN pre-filter.
C1_PA_RQST_TYPE,PA_RQST_TYPE_CD,VARCHAR2,C1C080P0,1,NORMAL,VALID,VISIBLE,NO,UNIQUE,Y,Y,N,N,,MEDIUM,Good candidate for equality or IN pre-filter.
C1_PA_RQST_TYPE,TRANS_BUS_OBJ_CD,CHAR,C1C080S2,1,NORMAL,VALID,VISIBLE,NO,NONUNIQUE,Y,Y,N,N,,MEDIUM,Good candidate for equality or IN pre-filter.
C1_PA_RQST_TYPE_ALG,PA_RQST_TYPE_CD,VARCHAR2,C1C084P0,1,NORMAL,VALID,VISIBLE,NO,UNIQUE,Y,Y,N,N,,MEDIUM,Good candidate for equality or IN pre-filter.
C1_PA_RQST_TYPE_CHAR,PA_RQST_TYPE_CD,VARCHAR2,C1C085P0,1,NORMAL,VALID,VISIBLE,NO,UNIQUE,Y,Y,N,N,,MEDIUM,Good candidate for equality or IN pre-filter.
C1_PA_RQST_TYPE_CHAR,SRCH_CHAR_VAL,VARCHAR2,C1C085S1,1,NORMAL,VALID,VISIBLE,NO,NONUNIQUE,Y,Y,N,N,,MEDIUM,Good candidate for equality or IN pre-filter.
C1_PA_RQST_TYPE_DOWN_PAY_OPT,PA_RQST_TYPE_CD,VARCHAR2,C1C082P0,1,NORMAL,VALID,VISIBLE,NO,UNIQUE,Y,Y,N,N,,MEDIUM,Good candidate for equality or IN pre-filter.
C1_PA_RQST_TYPE_DOWN_PAY_OPT_L,PA_RQST_TYPE_CD,VARCHAR2,C1C083P0,1,NORMAL,VALID,VISIBLE,NO,UNIQUE,Y,Y,N,N,,MEDIUM,Good candidate for equality or IN pre-filter.
C1_PA_RQST_TYPE_L,PA_RQST_TYPE_CD,VARCHAR2,C1C081P0,1,NORMAL,VALID,VISIBLE,NO,UNIQUE,Y,Y,N,N,,MEDIUM,Good candidate for equality or IN pre-filter.
C1_PER_CONTDET,C1_CONTACT_ID,CHAR,C1T009P0,1,NORMAL,VALID,VISIBLE,NO,UNIQUE,Y,Y,N,N,,MEDIUM,Good candidate for equality or IN pre-filter.
C1_PER_CONTDET,CONTACT_VALUE,VARCHAR2,C1T009S2,1,NORMAL,VALID,VISIBLE,NO,NONUNIQUE,Y,Y,N,N,,MEDIUM,Good candidate for equality or IN pre-filter.
C1_PER_CONTDET,PER_ID,CHAR,C1T009S1,1,NORMAL,VALID,VISIBLE,NO,NONUNIQUE,Y,Y,N,N,,MEDIUM,Good candidate for equality or IN pre-filter.
C1_PER_CONT_DET_K,C1_CONTACT_ID,CHAR,C1T010P0,1,IOT - TOP,VALID,VISIBLE,NO,UNIQUE,Y,Y,N,N,,MEDIUM,Good candidate for equality or IN pre-filter.
C1_PER_SS_PAYOPT,PER_ID,CHAR,C1M007S1,1,NORMAL,VALID,VISIBLE,NO,NONUNIQUE,Y,Y,N,N,,MEDIUM,Good candidate for equality or IN pre-filter.
C1_PER_SS_PAYOPT,PER_PAY_OPT_ID,CHAR,C1M007P0,1,NORMAL,VALID,VISIBLE,NO,UNIQUE,Y,Y,N,N,,MEDIUM,Good candidate for equality or IN pre-filter.
C1_PER_SS_PAYOPT,PER_PAY_OPT_NAME,VARCHAR2,C1M007S2,1,NORMAL,VALID,VISIBLE,NO,NONUNIQUE,Y,Y,N,N,,MEDIUM,Good candidate for equality or IN pre-filter.
C1_PER_SS_PAYOPT_K,PER_PAY_OPT_ID,CHAR,C1T121P0,1,IOT - TOP,VALID,VISIBLE,NO,UNIQUE,Y,Y,N,N,,MEDIUM,Good candidate for equality or IN pre-filter.
C1_PREM_ACTIVITY_GTT,CRE_DTTM,DATE,C1T001P0,1,NORMAL,VALID,VISIBLE,NO,UNIQUE,Y,Y,Y,N,,HIGH,Primary candidate for mandatory rolling window pre-filter.
C1_PROD,BUS_OBJ_CD,CHAR,C1C100S1,1,NORMAL,VALID,VISIBLE,NO,NONUNIQUE,Y,Y,N,N,,MEDIUM,Good candidate for equality or IN pre-filter.
C1_PROD,PROD_CD,VARCHAR2,C1C100P0,1,NORMAL,VALID,VISIBLE,NO,UNIQUE,Y,Y,N,N,,MEDIUM,Good candidate for equality or IN pre-filter.
C1_PROD_CHAR,PROD_CD,VARCHAR2,C1C101P0,1,NORMAL,VALID,VISIBLE,NO,UNIQUE,Y,Y,N,N,,MEDIUM,Good candidate for equality or IN pre-filter.
C1_PROD_CHAR,SRCH_CHAR_VAL,VARCHAR2,C1C101S1,1,NORMAL,VALID,VISIBLE,NO,NONUNIQUE,Y,Y,N,N,,MEDIUM,Good candidate for equality or IN pre-filter.
C1_PROD_COMP,BUS_OBJ_CD,CHAR,C1C001S1,1,NORMAL,VALID,VISIBLE,NO,NONUNIQUE,Y,Y,N,N,,MEDIUM,Good candidate for equality or IN pre-filter.
C1_PROD_COMP,PROD_COMP_CD,VARCHAR2,C1C001P0,1,NORMAL,VALID,VISIBLE,NO,UNIQUE,Y,Y,N,N,,MEDIUM,Good candidate for equality or IN pre-filter.
C1_PROD_COMP_CHAR,PROD_COMP_CD,VARCHAR2,C1C003P0,1,NORMAL,VALID,VISIBLE,NO,UNIQUE,Y,Y,N,N,,MEDIUM,Good candidate for equality or IN pre-filter.
C1_PROD_COMP_CHAR,SRCH_CHAR_VAL,VARCHAR2,C1C003S1,1,NORMAL,VALID,VISIBLE,NO,NONUNIQUE,Y,Y,N,N,,MEDIUM,Good candidate for equality or IN pre-filter.
C1_PROD_COMP_CHILD,PROD_COMP_CD,VARCHAR2,C1C002P0,1,NORMAL,VALID,VISIBLE,NO,UNIQUE,Y,Y,N,N,,MEDIUM,Good candidate for equality or IN pre-filter.
C1_PROD_COMP_ELIG_CRIT,BUS_OBJ_CD,CHAR,C1C120S1,1,NORMAL,VALID,VISIBLE,NO,NONUNIQUE,Y,Y,N,N,,MEDIUM,Good candidate for equality or IN pre-filter.
C1_PROD_COMP_ELIG_CRIT,PROD_COMP_CD,VARCHAR2,C1C120P0,1,NORMAL,VALID,VISIBLE,NO,UNIQUE,Y,Y,N,N,,MEDIUM,Good candidate for equality or IN pre-filter.
C1_PROD_COMP_ELIG_CRIT_CHAR,PROD_COMP_CD,VARCHAR2,C1C121P0,1,NORMAL,VALID,VISIBLE,NO,UNIQUE,Y,Y,N,N,,MEDIUM,Good candidate for equality or IN pre-filter.
C1_PROD_COMP_ELIG_CRIT_CHAR,SRCH_CHAR_VAL,VARCHAR2,C1C121S1,1,NORMAL,VALID,VISIBLE,NO,NONUNIQUE,Y,Y,N,N,,MEDIUM,Good candidate for equality or IN pre-filter.
C1_PROD_COMP_ELIG_CRIT_L,PROD_COMP_CD,VARCHAR2,C1C122P0,1,NORMAL,VALID,VISIBLE,NO,UNIQUE,Y,Y,N,N,,MEDIUM,Good candidate for equality or IN pre-filter.
C1_PROD_COMP_L,PROD_COMP_CD,VARCHAR2,C1C004P0,1,NORMAL,VALID,VISIBLE,NO,UNIQUE,Y,Y,N,N,,MEDIUM,Good candidate for equality or IN pre-filter.
C1_PROD_ELIG_CRIT,BUS_OBJ_CD,CHAR,C1C123S1,1,NORMAL,VALID,VISIBLE,NO,NONUNIQUE,Y,Y,N,N,,MEDIUM,Good candidate for equality or IN pre-filter.
C1_PROD_ELIG_CRIT,PROD_CD,VARCHAR2,C1C123P0,1,NORMAL,VALID,VISIBLE,NO,UNIQUE,Y,Y,N,N,,MEDIUM,Good candidate for equality or IN pre-filter.
C1_PROD_ELIG_CRIT_CHAR,PROD_CD,VARCHAR2,C1C124P0,1,NORMAL,VALID,VISIBLE,NO,UNIQUE,Y,Y,N,N,,MEDIUM,Good candidate for equality or IN pre-filter.
C1_PROD_ELIG_CRIT_CHAR,SRCH_CHAR_VAL,VARCHAR2,C1C124S1,1,NORMAL,VALID,VISIBLE,NO,NONUNIQUE,Y,Y,N,N,,MEDIUM,Good candidate for equality or IN pre-filter.
C1_PROD_ELIG_CRIT_L,PROD_CD,VARCHAR2,C1C125P0,1,NORMAL,VALID,VISIBLE,NO,UNIQUE,Y,Y,N,N,,MEDIUM,Good candidate for equality or IN pre-filter.
C1_PROD_L,PROD_CD,VARCHAR2,C1C102P0,1,NORMAL,VALID,VISIBLE,NO,UNIQUE,Y,Y,N,N,,MEDIUM,Good candidate for equality or IN pre-filter.
C1_PROD_RULE,BUS_OBJ_CD,CHAR,C1C117S1,1,NORMAL,VALID,VISIBLE,NO,NONUNIQUE,Y,Y,N,N,,MEDIUM,Good candidate for equality or IN pre-filter.
C1_PROD_RULE,PROD_RULE_CD,VARCHAR2,C1C117P0,1,NORMAL,VALID,VISIBLE,NO,UNIQUE,Y,Y,N,N,,MEDIUM,Good candidate for equality or IN pre-filter.
C1_PROD_RULE_CHAR,PROD_RULE_CD,VARCHAR2,C1C118P0,1,NORMAL,VALID,VISIBLE,NO,UNIQUE,Y,Y,N,N,,MEDIUM,Good candidate for equality or IN pre-filter.
C1_PROD_RULE_CHAR,SRCH_CHAR_VAL,VARCHAR2,C1C118S1,1,NORMAL,VALID,VISIBLE,NO,NONUNIQUE,Y,Y,N,N,,MEDIUM,Good candidate for equality or IN pre-filter.
C1_PROD_RULE_L,PROD_RULE_CD,VARCHAR2,C1C119P0,1,NORMAL,VALID,VISIBLE,NO,UNIQUE,Y,Y,N,N,,MEDIUM,Good candidate for equality or IN pre-filter.
C1_PROD_VER,PROD_VER_ID,CHAR,C1C103P0,1,NORMAL,VALID,VISIBLE,NO,UNIQUE,Y,Y,N,N,,MEDIUM,Good candidate for equality or IN pre-filter.
C1_PROD_VER,PROD_VER_ID,CHAR,C1C103S1,1,NORMAL,VALID,VISIBLE,NO,NONUNIQUE,Y,Y,N,N,,MEDIUM,Good candidate for equality or IN pre-filter.
C1_PROD_VER_CHAR,PROD_VER_ID,CHAR,C1C105P0,1,NORMAL,VALID,VISIBLE,NO,UNIQUE,Y,Y,N,N,,MEDIUM,Good candidate for equality or IN pre-filter.
C1_PROD_VER_CHAR,SRCH_CHAR_VAL,VARCHAR2,C1C105S1,1,NORMAL,VALID,VISIBLE,NO,NONUNIQUE,Y,Y,N,N,,MEDIUM,Good candidate for equality or IN pre-filter.
C1_PROD_VER_K,PROD_VER_ID,CHAR,C1C109P0,1,IOT - TOP,VALID,VISIBLE,NO,UNIQUE,Y,Y,N,N,,MEDIUM,Good candidate for equality or IN pre-filter.
C1_PROD_VER_L,PROD_VER_ID,CHAR,C1C106P0,1,NORMAL,VALID,VISIBLE,NO,UNIQUE,Y,Y,N,N,,MEDIUM,Good candidate for equality or IN pre-filter.
C1_PROD_VER_LOG,CHAR_TYPE_CD,CHAR,C1C107S1,1,NORMAL,VALID,VISIBLE,NO,NONUNIQUE,Y,Y,N,N,,MEDIUM,Good candidate for equality or IN pre-filter.
C1_PROD_VER_LOG,CHAR_TYPE_CD,CHAR,C1C107S2,1,NORMAL,VALID,VISIBLE,NO,NONUNIQUE,Y,Y,N,N,,MEDIUM,Good candidate for equality or IN pre-filter.
C1_PROD_VER_LOG,PROD_VER_ID,CHAR,C1C107P0,1,NORMAL,VALID,VISIBLE,NO,UNIQUE,Y,Y,N,N,,MEDIUM,Good candidate for equality or IN pre-filter.
C1_PROD_VER_LOG_PARM,PROD_VER_ID,CHAR,C1C108P0,1,NORMAL,VALID,VISIBLE,NO,UNIQUE,Y,Y,N,N,,MEDIUM,Good candidate for equality or IN pre-filter.
C1_PROD_VER_RULE,PROD_VER_ID,CHAR,C1C104P0,1,NORMAL,VALID,VISIBLE,NO,UNIQUE,Y,Y,N,N,,MEDIUM,Good candidate for equality or IN pre-filter.
C1_PROV_CONFIG_OPT,BUS_OBJ_CD,CHAR,C1C127S1,1,NORMAL,VALID,VISIBLE,NO,NONUNIQUE,Y,Y,N,N,,MEDIUM,Good candidate for equality or IN pre-filter.
C1_PROV_CONFIG_OPT,PROV_CONFIG_OPT_CD,VARCHAR2,C1C127P0,1,NORMAL,VALID,VISIBLE,NO,UNIQUE,Y,Y,N,N,,MEDIUM,Good candidate for equality or IN pre-filter.
C1_PROV_CONFIG_OPT_L,PROV_CONFIG_OPT_CD,VARCHAR2,C1C128P0,1,NORMAL,VALID,VISIBLE,NO,UNIQUE,Y,Y,N,N,,MEDIUM,Good candidate for equality or IN pre-filter.
C1_PROV_CONFIG_SATY,CIS_DIVISION,CHAR,C1C132P0,1,NORMAL,VALID,VISIBLE,NO,UNIQUE,Y,Y,N,N,,MEDIUM,Good candidate for equality or IN pre-filter.
C1_PROV_CONFIG_SATY_OVRD,CIS_DIVISION,CHAR,C1C133P0,1,NORMAL,VALID,VISIBLE,NO,UNIQUE,Y,Y,N,N,,MEDIUM,Good candidate for equality or IN pre-filter.
C1_RC_CALC_GTT,HEADER_SEQ,NUMBER,C1T102P0,1,NORMAL,VALID,VISIBLE,NO,UNIQUE,Y,Y,N,N,,MEDIUM,Good candidate for equality or IN pre-filter.
C1_RC_CALC_LN_GTT,HEADER_SEQ,NUMBER,C1T103P0,1,NORMAL,VALID,VISIBLE,NO,UNIQUE,Y,Y,N,N,,MEDIUM,Good candidate for equality or IN pre-filter.
C1_RC_CHAR_GTT,CHAR_TYPE_CD,CHAR,C1T106P0,1,NORMAL,VALID,VISIBLE,NO,UNIQUE,Y,Y,N,N,,MEDIUM,Good candidate for equality or IN pre-filter.
C1_RC_READ_GTT,SEQNO,NUMBER,C1T105P0,1,NORMAL,VALID,VISIBLE,NO,UNIQUE,Y,Y,N,N,,MEDIUM,Good candidate for equality or IN pre-filter.
C1_RC_SQ_GTT,UOM_CD,VARCHAR2,C1T104P0,1,NORMAL,VALID,VISIBLE,NO,UNIQUE,Y,Y,N,N,,MEDIUM,Good candidate for equality or IN pre-filter.
C1_RC_TRACE_GTT,SEQ_NUM,NUMBER,C1T107P0,1,NORMAL,VALID,VISIBLE,NO,UNIQUE,Y,Y,N,N,,MEDIUM,Good candidate for equality or IN pre-filter.
C1_REPRESENTATIVE,BUS_OBJ_CD,CHAR,C1C335S1,1,NORMAL,VALID,VISIBLE,NO,NONUNIQUE,Y,Y,N,Y,customer_ops,MEDIUM,Good candidate for equality or IN pre-filter.
C1_REPRESENTATIVE,C1_REPRESENTATIVE_CD,VARCHAR2,C1C067P0,1,NORMAL,VALID,VISIBLE,NO,UNIQUE,Y,Y,N,Y,customer_ops,MEDIUM,Good candidate for equality or IN pre-filter.
C1_REPRESENTATIVE_CHAR,C1_REPRESENTATIVE_CD,VARCHAR2,C1C070P0,1,NORMAL,VALID,VISIBLE,NO,UNIQUE,Y,Y,N,N,,MEDIUM,Good candidate for equality or IN pre-filter.
C1_REPRESENTATIVE_CHAR,SRCH_CHAR_VAL,VARCHAR2,C1C336S1,1,NORMAL,VALID,VISIBLE,NO,NONUNIQUE,Y,Y,N,N,,MEDIUM,Good candidate for equality or IN pre-filter.
C1_REPRESENTATIVE_L,C1_REPRESENTATIVE_CD,VARCHAR2,C1C069P0,1,NORMAL,VALID,VISIBLE,NO,UNIQUE,Y,Y,N,N,,MEDIUM,Good candidate for equality or IN pre-filter.
C1_REPRESENTATIVE_LOG,C1_REPRESENTATIVE_CD,VARCHAR2,C1C071P0,1,NORMAL,VALID,VISIBLE,NO,UNIQUE,Y,Y,N,N,,MEDIUM,Good candidate for equality or IN pre-filter.
C1_REPRESENTATIVE_LOG,CHAR_TYPE_CD,CHAR,C1C337S1,1,NORMAL,VALID,VISIBLE,NO,NONUNIQUE,Y,Y,N,N,,MEDIUM,Good candidate for equality or IN pre-filter.
C1_REPRESENTATIVE_LOG,CHAR_TYPE_CD,CHAR,C1C337S2,1,NORMAL,VALID,VISIBLE,NO,NONUNIQUE,Y,Y,N,N,,MEDIUM,Good candidate for equality or IN pre-filter.
C1_REPRESENTATIVE_LOG_PARM,C1_REPRESENTATIVE_CD,VARCHAR2,C1C072P0,1,NORMAL,VALID,VISIBLE,NO,UNIQUE,Y,Y,N,N,,MEDIUM,Good candidate for equality or IN pre-filter.
C1_REP_GRP_MEM,C1_REPRESENTATIVE_CD,VARCHAR2,C1C068P0,1,NORMAL,VALID,VISIBLE,NO,UNIQUE,Y,Y,N,N,,MEDIUM,Good candidate for equality or IN pre-filter.
C1_RS_POST_PROC,RS_CD,CHAR,C1C033P0,1,NORMAL,VALID,VISIBLE,NO,UNIQUE,Y,Y,N,N,,MEDIUM,Good candidate for equality or IN pre-filter.
C1_RS_POST_PROC_L,RS_CD,CHAR,C1C034P0,1,NORMAL,VALID,VISIBLE,NO,UNIQUE,Y,Y,N,N,,MEDIUM,Good candidate for equality or IN pre-filter.
C1_RS_PRE_PROC,RS_CD,CHAR,C1C031P0,1,NORMAL,VALID,VISIBLE,NO,UNIQUE,Y,Y,N,N,,MEDIUM,Good candidate for equality or IN pre-filter.
C1_RS_PRE_PROC_L,RS_CD,CHAR,C1C032P0,1,NORMAL,VALID,VISIBLE,NO,UNIQUE,Y,Y,N,N,,MEDIUM,Good candidate for equality or IN pre-filter.
C1_RS_RV2,RS_CD,CHAR,C1C035P0,1,NORMAL,VALID,VISIBLE,NO,UNIQUE,Y,Y,N,N,,MEDIUM,Good candidate for equality or IN pre-filter.
C1_RS_RV2_L,RS_CD,CHAR,C1C036P0,1,NORMAL,VALID,VISIBLE,NO,UNIQUE,Y,Y,N,N,,MEDIUM,Good candidate for equality or IN pre-filter.
C1_SA_CONT_PROD,CONT_PROD_ID,CHAR,C1M018S1,1,NORMAL,VALID,VISIBLE,NO,NONUNIQUE,Y,Y,N,N,,MEDIUM,Good candidate for equality or IN pre-filter.
C1_SA_CONT_PROD,SA_ID,CHAR,C1M018P0,1,NORMAL,VALID,VISIBLE,NO,UNIQUE,Y,Y,N,N,,MEDIUM,Good candidate for equality or IN pre-filter.
C1_SPR_MKT_OPT,BUS_OBJ_CD,CHAR,C1C131S1,1,NORMAL,VALID,VISIBLE,NO,NONUNIQUE,Y,Y,N,N,,MEDIUM,Good candidate for equality or IN pre-filter.
C1_SPR_MKT_OPT,C1_MKT_CD,VARCHAR2,C1C131P0,1,NORMAL,VALID,VISIBLE,NO,UNIQUE,Y,Y,N,N,,MEDIUM,Good candidate for equality or IN pre-filter.
C1_SPR_MKT_OPT_SA,C1_MKT_CD,VARCHAR2,C1C134P0,1,NORMAL,VALID,VISIBLE,NO,UNIQUE,Y,Y,N,N,,MEDIUM,Good candidate for equality or IN pre-filter.
C1_SS_CONT_OVRD,C1_SS_CONTACT_ID,CHAR,C1M001P0,1,NORMAL,VALID,VISIBLE,NO,UNIQUE,Y,Y,N,N,,MEDIUM,Good candidate for equality or IN pre-filter.
C1_SS_CONT_OVRD,PER_ID,CHAR,C1M001S1,1,NORMAL,VALID,VISIBLE,NO,NONUNIQUE,Y,Y,N,N,,MEDIUM,Good candidate for equality or IN pre-filter.
C1_SS_CONT_OVRD_K,C1_SS_CONTACT_ID,CHAR,C1T012P0,1,IOT - TOP,VALID,VISIBLE,NO,UNIQUE,Y,Y,N,N,,MEDIUM,Good candidate for equality or IN pre-filter.
C1_TOU_MAP,C1_TOU_MAP_ID,CHAR,C1C044P0,1,NORMAL,VALID,VISIBLE,NO,UNIQUE,Y,Y,N,N,,MEDIUM,Good candidate for equality or IN pre-filter.
C1_TOU_MAP,C1_TOU_MAP_TMPLT_CD,VARCHAR2,C1C044S2,1,NORMAL,VALID,VISIBLE,NO,NONUNIQUE,Y,Y,N,N,,MEDIUM,Good candidate for equality or IN pre-filter.
C1_TOU_MAP,C1_TOU_MAP_TYPE_CD,VARCHAR2,C1C044S1,1,NORMAL,VALID,VISIBLE,NO,NONUNIQUE,Y,Y,N,N,,MEDIUM,Good candidate for equality or IN pre-filter.
C1_TOU_MAP_CHAR,C1_TOU_MAP_ID,CHAR,C1C046P0,1,NORMAL,VALID,VISIBLE,NO,UNIQUE,Y,Y,N,N,,MEDIUM,Good candidate for equality or IN pre-filter.
C1_TOU_MAP_DATA,C1_TOU_MAP_ID,CHAR,C1C049P0,1,NORMAL,VALID,VISIBLE,NO,UNIQUE,Y,Y,N,N,,MEDIUM,Good candidate for equality or IN pre-filter.
C1_TOU_MAP_DATA_CHAR,C1_TOU_MAP_ID,CHAR,C1C050P0,1,NORMAL,VALID,VISIBLE,NO,UNIQUE,Y,Y,N,N,,MEDIUM,Good candidate for equality or IN pre-filter.
C1_TOU_MAP_K,C1_TOU_MAP_ID,CHAR,C1C051P0,1,IOT - TOP,VALID,VISIBLE,NO,UNIQUE,Y,Y,N,N,,MEDIUM,Good candidate for equality or IN pre-filter.
C1_TOU_MAP_L,C1_TOU_MAP_ID,CHAR,C1C045P0,1,NORMAL,VALID,VISIBLE,NO,UNIQUE,Y,Y,N,N,,MEDIUM,Good candidate for equality or IN pre-filter.
C1_TOU_MAP_L,DESCR100,VARCHAR2,C1C045S1,1,NORMAL,VALID,VISIBLE,NO,NONUNIQUE,Y,Y,N,N,,MEDIUM,Good candidate for equality or IN pre-filter.
C1_TOU_MAP_LOG,C1_TOU_MAP_ID,CHAR,C1C047P0,1,NORMAL,VALID,VISIBLE,NO,UNIQUE,Y,Y,N,N,,MEDIUM,Good candidate for equality or IN pre-filter.
C1_TOU_MAP_LOG_PARM,C1_TOU_MAP_ID,CHAR,C1C048P0,1,NORMAL,VALID,VISIBLE,NO,UNIQUE,Y,Y,N,N,,MEDIUM,Good candidate for equality or IN pre-filter.
C1_TOU_MAP_TMPLT,C1_TOU_MAP_TMPLT_CD,VARCHAR2,C1C037P0,1,NORMAL,VALID,VISIBLE,NO,UNIQUE,Y,Y,N,N,,MEDIUM,Good candidate for equality or IN pre-filter.
C1_TOU_MAP_TMPLT,TOU_CD,VARCHAR2,C1C037S2,1,NORMAL,VALID,VISIBLE,NO,NONUNIQUE,Y,Y,N,N,,MEDIUM,Good candidate for equality or IN pre-filter.
C1_TOU_MAP_TMPLT,TOU_GRP_CD,VARCHAR2,C1C037S1,1,NORMAL,VALID,VISIBLE,NO,NONUNIQUE,Y,Y,N,N,,MEDIUM,Good candidate for equality or IN pre-filter.
C1_TOU_MAP_TMPLT_CHAR,C1_TOU_MAP_TMPLT_CD,VARCHAR2,C1C039P0,1,NORMAL,VALID,VISIBLE,NO,UNIQUE,Y,Y,N,N,,MEDIUM,Good candidate for equality or IN pre-filter.
C1_TOU_MAP_TMPLT_L,C1_TOU_MAP_TMPLT_CD,VARCHAR2,C1C038P0,1,NORMAL,VALID,VISIBLE,NO,UNIQUE,Y,Y,N,N,,MEDIUM,Good candidate for equality or IN pre-filter.
C1_TOU_MAP_TYPE,C1_TOU_MAP_TMPLT_CD,VARCHAR2,C1C040S1,1,NORMAL,VALID,VISIBLE,NO,NONUNIQUE,Y,Y,N,N,,MEDIUM,Good candidate for equality or IN pre-filter.
C1_TOU_MAP_TYPE,C1_TOU_MAP_TYPE_CD,VARCHAR2,C1C040P0,1,NORMAL,VALID,VISIBLE,NO,UNIQUE,Y,Y,N,N,,MEDIUM,Good candidate for equality or IN pre-filter.
C1_TOU_MAP_TYPE_CHAR,C1_TOU_MAP_TYPE_CD,VARCHAR2,C1C043P0,1,NORMAL,VALID,VISIBLE,NO,UNIQUE,Y,Y,N,N,,MEDIUM,Good candidate for equality or IN pre-filter.
C1_TOU_MAP_TYPE_L,C1_TOU_MAP_TYPE_CD,VARCHAR2,C1C041P0,1,NORMAL,VALID,VISIBLE,NO,UNIQUE,Y,Y,N,N,,MEDIUM,Good candidate for equality or IN pre-filter.
C1_TOU_MAP_TYPE_TMPLT,C1_TOU_MAP_TYPE_CD,VARCHAR2,C1C042P0,1,NORMAL,VALID,VISIBLE,NO,UNIQUE,Y,Y,N,N,,MEDIUM,Good candidate for equality or IN pre-filter.
C1_USAGE,BSEG_ID,CHAR,CT368S2,1,NORMAL,VALID,VISIBLE,NO,NONUNIQUE,Y,Y,N,Y,meter_ops,MEDIUM,Good candidate for equality or IN pre-filter.
C1_USAGE,BUS_OBJ_CD,CHAR,XT368S1,1,NORMAL,VALID,VISIBLE,NO,UNIQUE,Y,Y,N,Y,meter_ops,MEDIUM,Good candidate for equality or IN pre-filter.
C1_USAGE,MASTER_USAGE_ID,CHAR,CT368S4,1,NORMAL,VALID,VISIBLE,NO,NONUNIQUE,Y,Y,N,Y,meter_ops,MEDIUM,Good candidate for equality or IN pre-filter.
C1_USAGE,SA_ID,CHAR,XT368S4,1,NORMAL,VALID,VISIBLE,NO,NONUNIQUE,Y,Y,N,Y,meter_ops,MEDIUM,Good candidate for equality or IN pre-filter.
C1_USAGE,SA_REL_ID,CHAR,CT368S5,1,NORMAL,VALID,VISIBLE,NO,NONUNIQUE,Y,Y,N,Y,meter_ops,MEDIUM,Good candidate for equality or IN pre-filter.
C1_USAGE,USAGE_ID,CHAR,XT368P0,1,NORMAL,VALID,VISIBLE,NO,UNIQUE,Y,Y,N,Y,meter_ops,MEDIUM,Good candidate for equality or IN pre-filter.
C1_USAGE,USER_ID,CHAR,CT368S3,1,NORMAL,VALID,VISIBLE,NO,NONUNIQUE,Y,Y,N,Y,meter_ops,MEDIUM,Good candidate for equality or IN pre-filter.
C1_USAGE_CHAR,SRCH_CHAR_VAL,VARCHAR2,XT387S1,1,NORMAL,VALID,VISIBLE,NO,NONUNIQUE,Y,Y,N,N,,MEDIUM,Good candidate for equality or IN pre-filter.
C1_USAGE_CHAR,USAGE_ID,CHAR,XT387P0,1,NORMAL,VALID,VISIBLE,NO,UNIQUE,Y,Y,N,N,,MEDIUM,Good candidate for equality or IN pre-filter.
C1_USAGE_K,USAGE_ID,CHAR,XT390P0,1,IOT - TOP,VALID,VISIBLE,NO,UNIQUE,Y,Y,N,N,,MEDIUM,Good candidate for equality or IN pre-filter.
C1_USAGE_LOG,CHAR_TYPE_CD,CHAR,XT388S1,1,NORMAL,VALID,VISIBLE,NO,NONUNIQUE,Y,Y,N,N,,MEDIUM,Good candidate for equality or IN pre-filter.
C1_USAGE_LOG,USAGE_ID,CHAR,XT388P0,1,NORMAL,VALID,VISIBLE,NO,UNIQUE,Y,Y,N,N,,MEDIUM,Good candidate for equality or IN pre-filter.
C1_USAGE_LOG_PARM,USAGE_ID,CHAR,XT389P0,1,NORMAL,VALID,VISIBLE,NO,UNIQUE,Y,Y,N,N,,MEDIUM,Good candidate for equality or IN pre-filter.
C1_USER_CIS_DIV,USER_ID,CHAR,C1C007P0,1,NORMAL,VALID,VISIBLE,NO,UNIQUE,Y,Y,N,N,,MEDIUM,Good candidate for equality or IN pre-filter.
C1_USER_TNDR_SRCE,USER_ID,CHAR,XC811P0,1,NORMAL,VALID,VISIBLE,NO,UNIQUE,Y,Y,N,N,,MEDIUM,Good candidate for equality or IN pre-filter.
C1_WEB_USER,C1_CONTACT_ID,CHAR,C1T036S2,1,NORMAL,VALID,VISIBLE,NO,NONUNIQUE,Y,Y,N,N,,MEDIUM,Good candidate for equality or IN pre-filter.
C1_WEB_USER,C1_WEB_USER_ID,CHAR,C1T036P0,1,NORMAL,VALID,VISIBLE,NO,UNIQUE,Y,Y,N,N,,MEDIUM,Good candidate for equality or IN pre-filter.
C1_WEB_USER,CLIENT_WEB_USER_ID,VARCHAR2,C1T036S1,1,NORMAL,VALID,VISIBLE,NO,NONUNIQUE,Y,Y,N,N,,MEDIUM,Good candidate for equality or IN pre-filter.
C1_WEB_USER,WEB_USER_NAME,VARCHAR2,C1T036S3,1,NORMAL,VALID,VISIBLE,NO,NONUNIQUE,Y,Y,N,N,,MEDIUM,Good candidate for equality or IN pre-filter.
C1_WEB_USER_ACCT,ACCT_ID,CHAR,C1T040P0,1,NORMAL,VALID,VISIBLE,NO,UNIQUE,Y,Y,N,N,,MEDIUM,Good candidate for equality or IN pre-filter.
C1_WEB_USER_ACCT_LOG,ACCT_ID,CHAR,C1T041P0,1,NORMAL,VALID,VISIBLE,NO,UNIQUE,Y,Y,N,N,,MEDIUM,Good candidate for equality or IN pre-filter.
C1_WEB_USER_ACCT_LOG_PARM,ACCT_ID,CHAR,C1T042P0,1,NORMAL,VALID,VISIBLE,NO,UNIQUE,Y,Y,N,N,,MEDIUM,Good candidate for equality or IN pre-filter.
C1_WEB_USER_K,C1_WEB_USER_ID,CHAR,C1T037P0,1,IOT - TOP,VALID,VISIBLE,NO,UNIQUE,Y,Y,N,N,,MEDIUM,Good candidate for equality or IN pre-filter.
C1_WEB_USER_LOG,C1_WEB_USER_ID,CHAR,C1T038P0,1,NORMAL,VALID,VISIBLE,NO,UNIQUE,Y,Y,N,N,,MEDIUM,Good candidate for equality or IN pre-filter.
C1_WEB_USER_LOG_PARM,C1_WEB_USER_ID,CHAR,C1T039P0,1,NORMAL,VALID,VISIBLE,NO,UNIQUE,Y,Y,N,N,,MEDIUM,Good candidate for equality or IN pre-filter.
CI_ACCT,ACCT_ID,CHAR,XM148P0,1,NORMAL,VALID,VISIBLE,NO,UNIQUE,Y,Y,N,N,customer_ops|debt_mgmt,MEDIUM,Good candidate for equality or IN pre-filter.
CI_ACCT,BILL_CYC_CD,CHAR,XM148S1,1,NORMAL,VALID,VISIBLE,NO,NONUNIQUE,Y,Y,N,N,customer_ops|debt_mgmt,MEDIUM,Good candidate for equality or IN pre-filter.
CI_ACCT,MAILING_PREM_ID,CHAR,XM148S2,1,NORMAL,VALID,VISIBLE,NO,NONUNIQUE,Y,Y,N,N,customer_ops|debt_mgmt,MEDIUM,Good candidate for equality or IN pre-filter.
CI_ACCT_ALERT,ACCT_ID,CHAR,XT076P0,1,NORMAL,VALID,VISIBLE,NO,UNIQUE,Y,Y,N,N,customer_ops,MEDIUM,Good candidate for equality or IN pre-filter.
CI_ACCT_APAY,EXPIRE_DT,DATE,XT002S2,1,NORMAL,VALID,VISIBLE,NO,NONUNIQUE,Y,Y,Y,N,,HIGH,Primary candidate for mandatory rolling window pre-filter.
CI_ACCT_APAY,ACCT_APAY_ID,CHAR,XT002P0,1,NORMAL,VALID,VISIBLE,NO,UNIQUE,Y,Y,N,N,,MEDIUM,Good candidate for equality or IN pre-filter.
CI_ACCT_APAY,ACCT_ID,CHAR,XT002S1,1,NORMAL,VALID,VISIBLE,NO,NONUNIQUE,Y,Y,N,N,,MEDIUM,Good candidate for equality or IN pre-filter.
CI_ACCT_APAY_K,ACCT_APAY_ID,CHAR,XT500P0,1,IOT - TOP,VALID,VISIBLE,NO,UNIQUE,Y,Y,N,N,,MEDIUM,Good candidate for equality or IN pre-filter.
CI_ACCT_CHAR,ACCT_ID,CHAR,XM064P0,1,NORMAL,VALID,VISIBLE,NO,UNIQUE,Y,Y,N,N,,MEDIUM,Good candidate for equality or IN pre-filter.
CI_ACCT_CHAR,SRCH_CHAR_VAL,VARCHAR2,C1M008S1,1,NORMAL,VALID,VISIBLE,NO,NONUNIQUE,Y,Y,N,N,,MEDIUM,Good candidate for equality or IN pre-filter.
CI_ACCT_K,ACCT_ID,CHAR,XM500P0,1,IOT - TOP,VALID,VISIBLE,NO,UNIQUE,Y,Y,N,N,,MEDIUM,Good candidate for equality or IN pre-filter.
CI_ACCT_MGMT_GR,ACCT_MGMT_GRP_CD,CHAR,XC402P0,1,NORMAL,VALID,VISIBLE,NO,UNIQUE,Y,Y,N,N,,MEDIUM,Good candidate for equality or IN pre-filter.
CI_ACCT_MGMT_GR_L,ACCT_MGMT_GRP_CD,CHAR,XC403P0,1,NORMAL,VALID,VISIBLE,NO,UNIQUE,Y,Y,N,N,,MEDIUM,Good candidate for equality or IN pre-filter.
CI_ACCT_MGRP_RL,TD_TYPE_CD,CHAR,XC019P0,1,NORMAL,VALID,VISIBLE,NO,UNIQUE,Y,Y,N,N,,MEDIUM,Good candidate for equality or IN pre-filter.
CI_ACCT_MSG,ACCT_ID,CHAR,XM022P0,1,NORMAL,VALID,VISIBLE,NO,UNIQUE,Y,Y,N,N,,MEDIUM,Good candidate for equality or IN pre-filter.
CI_ACCT_MSG_PRM,ACCT_ID,CHAR,XT077P0,1,NORMAL,VALID,VISIBLE,NO,UNIQUE,Y,Y,N,N,,MEDIUM,Good candidate for equality or IN pre-filter.
CI_ACCT_PER,ACCT_ID,CHAR,XM150P0,1,NORMAL,VALID,VISIBLE,NO,UNIQUE,Y,Y,N,N,,MEDIUM,Good candidate for equality or IN pre-filter.
CI_ACCT_PER,PER_ID,CHAR,XM150S1,1,NORMAL,VALID,VISIBLE,NO,NONUNIQUE,Y,Y,N,N,,MEDIUM,Good candidate for equality or IN pre-filter.
CI_ACCT_REL_TYP,ACCT_REL_TYPE_CD,CHAR,XC010P0,1,NORMAL,VALID,VISIBLE,NO,UNIQUE,Y,Y,N,N,,MEDIUM,Good candidate for equality or IN pre-filter.
CI_ACCT_REL_TYP_L,ACCT_REL_TYPE_CD,CHAR,XC595P0,1,NORMAL,VALID,VISIBLE,NO,UNIQUE,Y,Y,N,N,,MEDIUM,Good candidate for equality or IN pre-filter.
CI_ACC_GRP,ACCESS_GRP_CD,CHAR,XC667P0,1,NORMAL,VALID,VISIBLE,NO,UNIQUE,Y,Y,N,N,,MEDIUM,Good candidate for equality or IN pre-filter.
CI_ACC_GRP_DAR,ACCESS_GRP_CD,CHAR,XC692P0,1,NORMAL,VALID,VISIBLE,NO,UNIQUE,Y,Y,N,N,,MEDIUM,Good candidate for equality or IN pre-filter.
CI_ACC_GRP_L,ACCESS_GRP_CD,CHAR,XC668P0,1,NORMAL,VALID,VISIBLE,NO,UNIQUE,Y,Y,N,N,,MEDIUM,Good candidate for equality or IN pre-filter.
CI_ACC_GRP_ROLE,ACCESS_GRP_CD,CHAR,F1C776P0,1,NORMAL,VALID,VISIBLE,NO,UNIQUE,Y,Y,N,N,,MEDIUM,Good candidate for equality or IN pre-filter.
CI_ADJ,ADJ_ID,CHAR,XT012P0,1,NORMAL,VALID,VISIBLE,NO,UNIQUE,Y,Y,N,Y,finance,MEDIUM,Good candidate for equality or IN pre-filter.
CI_ADJ,APPR_REQ_ID,CHAR,XT012S4,1,NORMAL,VALID,VISIBLE,NO,NONUNIQUE,Y,Y,N,Y,finance,MEDIUM,Good candidate for equality or IN pre-filter.
CI_ADJ,SA_ID,CHAR,XT012S1,1,NORMAL,VALID,VISIBLE,NO,NONUNIQUE,Y,Y,N,Y,finance,MEDIUM,Good candidate for equality or IN pre-filter.
CI_ADJ,XFER_ADJ_ID,CHAR,XT012S2,1,NORMAL,VALID,VISIBLE,NO,UNIQUE,Y,Y,N,Y,finance,MEDIUM,Good candidate for equality or IN pre-filter.
CI_ADJT_ADJTPRF,ADJ_TYPE_CD,CHAR,XC017S1,1,NORMAL,VALID,VISIBLE,NO,NONUNIQUE,Y,Y,N,N,,MEDIUM,Good candidate for equality or IN pre-filter.
CI_ADJT_ADJTPRF,ADJ_TYPE_PROF_CD,CHAR,XC017P0,1,NORMAL,VALID,VISIBLE,NO,UNIQUE,Y,Y,N,N,,MEDIUM,Good candidate for equality or IN pre-filter.
CI_ADJ_APREQ,ADJ_ID,CHAR,XT160S1,1,NORMAL,VALID,VISIBLE,NO,NONUNIQUE,Y,Y,N,N,,MEDIUM,Good candidate for equality or IN pre-filter.
CI_ADJ_APREQ,AP_REQ_ID,CHAR,XT160P0,1,NORMAL,VALID,VISIBLE,NO,UNIQUE,Y,Y,N,N,,MEDIUM,Good candidate for equality or IN pre-filter.
CI_ADJ_APREQ,BATCH_CD,CHAR,XT160S2,1,NORMAL,VALID,VISIBLE,NO,NONUNIQUE,Y,Y,N,N,,MEDIUM,Good candidate for equality or IN pre-filter.
CI_ADJ_APREQ_K,AP_REQ_ID,CHAR,XT502P0,1,IOT - TOP,VALID,VISIBLE,NO,UNIQUE,Y,Y,N,N,,MEDIUM,Good candidate for equality or IN pre-filter.
CI_ADJ_CALC_LN,ADJ_ID,CHAR,XT310P0,1,NORMAL,VALID,VISIBLE,NO,UNIQUE,Y,Y,N,N,,MEDIUM,Good candidate for equality or IN pre-filter.
CI_ADJ_CAN_RSN,CAN_RSN_CD,CHAR,XC014P0,1,NORMAL,VALID,VISIBLE,NO,UNIQUE,Y,Y,N,N,,MEDIUM,Good candidate for equality or IN pre-filter.
CI_ADJ_CAN_RSN_L,CAN_RSN_CD,CHAR,XC594P0,1,NORMAL,VALID,VISIBLE,NO,UNIQUE,Y,Y,N,N,,MEDIUM,Good candidate for equality or IN pre-filter.
CI_ADJ_CHAR,ADJ_ID,CHAR,XC781P0,1,NORMAL,VALID,VISIBLE,NO,UNIQUE,Y,Y,N,N,,MEDIUM,Good candidate for equality or IN pre-filter.
CI_ADJ_CHAR,SRCH_CHAR_VAL,VARCHAR2,XC781S1,1,NORMAL,VALID,VISIBLE,NO,NONUNIQUE,Y,Y,N,N,,MEDIUM,Good candidate for equality or IN pre-filter.
CI_ADJ_CL_CHAR,ADJ_ID,CHAR,XT309P0,1,NORMAL,VALID,VISIBLE,NO,UNIQUE,Y,Y,N,N,,MEDIUM,Good candidate for equality or IN pre-filter.
CI_ADJ_K,ADJ_ID,CHAR,XT501P0,1,IOT - TOP,VALID,VISIBLE,NO,UNIQUE,Y,Y,N,N,,MEDIUM,Good candidate for equality or IN pre-filter.
CI_ADJ_STG_CTL,CRE_DTTM,DATE,XT351S1,1,NORMAL,VALID,VISIBLE,NO,NONUNIQUE,Y,Y,Y,N,,HIGH,Primary candidate for mandatory rolling window pre-filter.
CI_ADJ_STG_CTL,ADJ_STG_CTL_ID,NUMBER,XT351P0,1,NORMAL,VALID,VISIBLE,NO,UNIQUE,Y,Y,N,N,,MEDIUM,Good candidate for equality or IN pre-filter.
CI_ADJ_STG_CTL_CHAR,ADJ_STG_CTL_ID,NUMBER,XT352P0,1,NORMAL,VALID,VISIBLE,NO,UNIQUE,Y,Y,N,N,,MEDIUM,Good candidate for equality or IN pre-filter.
CI_ADJ_STG_CTL_CHAR,SRCH_CHAR_VAL,VARCHAR2,XT352S1,1,NORMAL,VALID,VISIBLE,NO,NONUNIQUE,Y,Y,N,N,,MEDIUM,Good candidate for equality or IN pre-filter.
CI_ADJ_STG_CTL_MSGP,ADJ_STG_CTL_ID,NUMBER,XT353P0,1,NORMAL,VALID,VISIBLE,NO,UNIQUE,Y,Y,N,N,,MEDIUM,Good candidate for equality or IN pre-filter.
CI_ADJ_STG_UP,CREATE_DT,DATE,XT354S1,1,NORMAL,VALID,VISIBLE,NO,NONUNIQUE,Y,Y,Y,N,,HIGH,Primary candidate for mandatory rolling window pre-filter.
CI_ADJ_STG_UP,ADJ_STG_UP_ID,NUMBER,XT354P0,1,NORMAL,VALID,VISIBLE,NO,UNIQUE,Y,Y,N,N,,MEDIUM,Good candidate for equality or IN pre-filter.
CI_ADJ_STG_UP,SUSPENSE_ADJ_ID,CHAR,XT354S2,1,NORMAL,VALID,VISIBLE,NO,NONUNIQUE,Y,Y,N,N,,MEDIUM,Good candidate for equality or IN pre-filter.
CI_ADJ_STG_UP_CHAR,ADJ_STG_UP_ID,NUMBER,XT355P0,1,NORMAL,VALID,VISIBLE,NO,UNIQUE,Y,Y,N,N,,MEDIUM,Good candidate for equality or IN pre-filter.
CI_ADJ_STG_UP_CHAR,SRCH_CHAR_VAL,VARCHAR2,XT355S1,1,NORMAL,VALID,VISIBLE,NO,NONUNIQUE,Y,Y,N,N,,MEDIUM,Good candidate for equality or IN pre-filter.
CI_ADJ_STG_UP_MSGP,ADJ_STG_UP_ID,NUMBER,XT356P0,1,NORMAL,VALID,VISIBLE,NO,UNIQUE,Y,Y,N,N,,MEDIUM,Good candidate for equality or IN pre-filter.
CI_ADJ_TYPE,ADJ_TYPE_CD,CHAR,XC016P0,1,NORMAL,VALID,VISIBLE,NO,UNIQUE,Y,Y,N,N,,MEDIUM,Good candidate for equality or IN pre-filter.
CI_ADJ_TYPE_L,ADJ_TYPE_CD,CHAR,XC597P0,1,NORMAL,VALID,VISIBLE,NO,UNIQUE,Y,Y,N,N,,MEDIUM,Good candidate for equality or IN pre-filter.
CI_ADJ_TYP_PROF,ADJ_TYPE_PROF_CD,CHAR,XC015P0,1,NORMAL,VALID,VISIBLE,NO,UNIQUE,Y,Y,N,N,,MEDIUM,Good candidate for equality or IN pre-filter.
CI_ADJ_TYP_PROF_L,ADJ_TYPE_PROF_CD,CHAR,XC596P0,1,NORMAL,VALID,VISIBLE,NO,UNIQUE,Y,Y,N,N,,MEDIUM,Good candidate for equality or IN pre-filter.
CI_ADJ_TY_ALG,ADJ_TYPE_CD,CHAR,XC696P0,1,NORMAL,VALID,VISIBLE,NO,UNIQUE,Y,Y,N,N,,MEDIUM,Good candidate for equality or IN pre-filter.
CI_ADJ_TY_CHAR,ADJ_TYPE_CD,CHAR,XC297P0,1,NORMAL,VALID,VISIBLE,NO,UNIQUE,Y,Y,N,N,,MEDIUM,Good candidate for equality or IN pre-filter.
CI_ADM_RVW_SCH,ACCT_ID,CHAR,XM210P0,1,NORMAL,VALID,VISIBLE,NO,UNIQUE,Y,Y,N,N,,MEDIUM,Good candidate for equality or IN pre-filter.
CI_ALERT_TYPE,ALERT_TYPE_CD,CHAR,XC226P0,1,NORMAL,VALID,VISIBLE,NO,UNIQUE,Y,Y,N,N,,MEDIUM,Good candidate for equality or IN pre-filter.
CI_ALERT_TYPE_L,ALERT_TYPE_CD,CHAR,XC018P0,1,NORMAL,VALID,VISIBLE,NO,UNIQUE,Y,Y,N,N,,MEDIUM,Good candidate for equality or IN pre-filter.
CI_ALG,ALG_CD,CHAR,XC305P0,1,NORMAL,VALID,VISIBLE,NO,UNIQUE,Y,Y,N,N,,MEDIUM,Good candidate for equality or IN pre-filter.
CI_ALG_L,ALG_CD,CHAR,XC321P0,1,NORMAL,VALID,VISIBLE,NO,UNIQUE,Y,Y,N,N,,MEDIUM,Good candidate for equality or IN pre-filter.
CI_ALG_PARM,ALG_CD,CHAR,XC306P0,1,NORMAL,VALID,VISIBLE,NO,UNIQUE,Y,Y,N,N,,MEDIUM,Good candidate for equality or IN pre-filter.
CI_ALG_TYPE,ALG_TYPE_CD,CHAR,XC307P0,1,NORMAL,VALID,VISIBLE,NO,UNIQUE,Y,Y,N,N,,MEDIUM,Good candidate for equality or IN pre-filter.
CI_ALG_TYPE_L,ALG_TYPE_CD,CHAR,XC327P0,1,NORMAL,VALID,VISIBLE,NO,UNIQUE,Y,Y,N,N,,MEDIUM,Good candidate for equality or IN pre-filter.
CI_ALG_TYPE_PRM,ALG_TYPE_CD,CHAR,XC308P0,1,NORMAL,VALID,VISIBLE,NO,UNIQUE,Y,Y,N,N,,MEDIUM,Good candidate for equality or IN pre-filter.
CI_ALG_TYPE_PRM_L,ALG_TYPE_CD,CHAR,XC330P0,1,NORMAL,VALID,VISIBLE,NO,UNIQUE,Y,Y,N,N,,MEDIUM,Good candidate for equality or IN pre-filter.
CI_ALG_VER,ALG_CD,CHAR,XC309P0,1,NORMAL,VALID,VISIBLE,NO,UNIQUE,Y,Y,N,N,,MEDIUM,Good candidate for equality or IN pre-filter.
CI_AM_ACTIVITY_TYPE,AM_ACTIVITY_TYPE_CD,CHAR,XC794P0,1,NORMAL,VALID,VISIBLE,NO,UNIQUE,Y,Y,N,N,,MEDIUM,Good candidate for equality or IN pre-filter.
CI_AM_ACTIVITY_TYPE_L,AM_ACTIVITY_TYPE_CD,CHAR,XC795P0,1,NORMAL,VALID,VISIBLE,NO,UNIQUE,Y,Y,N,N,,MEDIUM,Good candidate for equality or IN pre-filter.
CI_AM_REQ,AM_ACTIVITY_TYPE_CD,CHAR,XT604S1,1,NORMAL,VALID,VISIBLE,NO,NONUNIQUE,Y,Y,N,N,,MEDIUM,Good candidate for equality or IN pre-filter.
CI_AM_REQ,AM_REQ_ID,CHAR,XT604P0,1,NORMAL,VALID,VISIBLE,NO,UNIQUE,Y,Y,N,N,,MEDIUM,Good candidate for equality or IN pre-filter.
CI_AM_REQ_K,AM_REQ_ID,CHAR,XT607P0,1,IOT - TOP,VALID,VISIBLE,NO,UNIQUE,Y,Y,N,N,,MEDIUM,Good candidate for equality or IN pre-filter.
CI_AM_REQ_LOG,AM_REQ_ID,CHAR,XT620P0,1,NORMAL,VALID,VISIBLE,NO,UNIQUE,Y,Y,N,N,,MEDIUM,Good candidate for equality or IN pre-filter.
CI_AM_REQ_LOG,CHAR_TYPE_CD,CHAR,XT620S1,1,NORMAL,VALID,VISIBLE,NO,NONUNIQUE,Y,Y,N,N,,MEDIUM,Good candidate for equality or IN pre-filter.
CI_AM_REQ_LOG_PARM,AM_REQ_ID,CHAR,XT621P0,1,NORMAL,VALID,VISIBLE,NO,UNIQUE,Y,Y,N,N,,MEDIUM,Good candidate for equality or IN pre-filter.
CI_APAY_CLR_STG,ACCT_APAY_ID,CHAR,XT003S4,1,NORMAL,VALID,VISIBLE,NO,NONUNIQUE,Y,Y,N,N,,MEDIUM,Good candidate for equality or IN pre-filter.
CI_APAY_CLR_STG,APAY_CLR_ID,CHAR,XT003P0,1,NORMAL,VALID,VISIBLE,NO,UNIQUE,Y,Y,N,N,,MEDIUM,Good candidate for equality or IN pre-filter.
CI_APAY_CLR_STG,BATCH_CD,CHAR,XT003S3,1,NORMAL,VALID,VISIBLE,NO,NONUNIQUE,Y,Y,N,N,,MEDIUM,Good candidate for equality or IN pre-filter.
CI_APAY_CLR_STG,BILL_ID,CHAR,XT003S1,1,NORMAL,VALID,VISIBLE,NO,NONUNIQUE,Y,Y,N,N,,MEDIUM,Good candidate for equality or IN pre-filter.
CI_APAY_CLR_STG,PAY_TENDER_ID,CHAR,XT003S2,1,NORMAL,VALID,VISIBLE,NO,NONUNIQUE,Y,Y,N,N,,MEDIUM,Good candidate for equality or IN pre-filter.
CI_APAY_CLR_STG_K,APAY_CLR_ID,CHAR,XT503P0,1,IOT - TOP,VALID,VISIBLE,NO,UNIQUE,Y,Y,N,N,,MEDIUM,Good candidate for equality or IN pre-filter.
CI_APAY_RT_TYPE,APAY_RTE_TYPE_CD,CHAR,XC022P0,1,NORMAL,VALID,VISIBLE,NO,UNIQUE,Y,Y,N,N,,MEDIUM,Good candidate for equality or IN pre-filter.
CI_APAY_RT_TYPE_L,APAY_RTE_TYPE_CD,CHAR,XC028P0,1,NORMAL,VALID,VISIBLE,NO,UNIQUE,Y,Y,N,N,,MEDIUM,Good candidate for equality or IN pre-filter.
CI_APAY_SRC,APAY_SRC_CD,CHAR,XC029P0,1,NORMAL,VALID,VISIBLE,NO,UNIQUE,Y,Y,N,N,,MEDIUM,Good candidate for equality or IN pre-filter.
CI_APAY_SRC_L,APAY_SRC_CD,CHAR,XC033P0,1,NORMAL,VALID,VISIBLE,NO,UNIQUE,Y,Y,N,N,,MEDIUM,Good candidate for equality or IN pre-filter.
CI_APPR_PROF,APPR_PROF_CD,CHAR,XC984P0,1,NORMAL,VALID,VISIBLE,NO,UNIQUE,Y,Y,N,N,,MEDIUM,Good candidate for equality or IN pre-filter.
CI_APPR_PROF_L,APPR_PROF_CD,CHAR,XC985P0,1,NORMAL,VALID,VISIBLE,NO,UNIQUE,Y,Y,N,N,,MEDIUM,Good candidate for equality or IN pre-filter.
CI_APPR_REQ,APPR_REQ_ID,CHAR,XT600P0,1,NORMAL,VALID,VISIBLE,NO,UNIQUE,Y,Y,N,Y,customer_ops,MEDIUM,Good candidate for equality or IN pre-filter.
CI_APPR_REQ_CHAR,APPR_REQ_ID,CHAR,XT601P0,1,NORMAL,VALID,VISIBLE,NO,UNIQUE,Y,Y,N,N,,MEDIUM,Good candidate for equality or IN pre-filter.
CI_APPR_REQ_CHAR,SRCH_CHAR_VAL,VARCHAR2,XT601S1,1,NORMAL,VALID,VISIBLE,NO,NONUNIQUE,Y,Y,N,N,,MEDIUM,Good candidate for equality or IN pre-filter.
CI_APPR_REQ_K,APPR_REQ_ID,CHAR,XT605P0,1,IOT - TOP,VALID,VISIBLE,NO,UNIQUE,Y,Y,N,N,,MEDIUM,Good candidate for equality or IN pre-filter.
CI_APPR_REQ_LOG,APPR_REQ_ID,CHAR,XT602P0,1,NORMAL,VALID,VISIBLE,NO,UNIQUE,Y,Y,N,N,,MEDIUM,Good candidate for equality or IN pre-filter.
CI_APPR_REQ_LOG,CHAR_TYPE_CD,CHAR,XT602S1,1,NORMAL,VALID,VISIBLE,NO,NONUNIQUE,Y,Y,N,N,,MEDIUM,Good candidate for equality or IN pre-filter.
CI_APPR_REQ_LOG_PARM,APPR_REQ_ID,CHAR,XT603P0,1,NORMAL,VALID,VISIBLE,NO,UNIQUE,Y,Y,N,N,,MEDIUM,Good candidate for equality or IN pre-filter.
CI_APP_SVC_ACC,APP_SVC_ID,CHAR,XC999P0,1,NORMAL,VALID,VISIBLE,NO,UNIQUE,Y,Y,N,N,,MEDIUM,Good candidate for equality or IN pre-filter.
CI_APP_SVC_SCTY,APP_SVC_ID,CHAR,XC366P0,1,NORMAL,VALID,VISIBLE,NO,UNIQUE,Y,Y,N,N,,MEDIUM,Good candidate for equality or IN pre-filter.
CI_APREQ_TYPE,AP_REQ_TYPE_CD,CHAR,XC023P0,1,NORMAL,VALID,VISIBLE,NO,UNIQUE,Y,Y,N,N,,MEDIUM,Good candidate for equality or IN pre-filter.
CI_APREQ_TYPE_L,AP_REQ_TYPE_CD,CHAR,XC626P0,1,NORMAL,VALID,VISIBLE,NO,UNIQUE,Y,Y,N,N,,MEDIUM,Good candidate for equality or IN pre-filter.
CI_ARC_ROOT_INST,ARC_ROOT_INST_ID,CHAR,XT256P0,1,NORMAL,VALID,VISIBLE,NO,UNIQUE,Y,Y,N,N,,MEDIUM,Good candidate for equality or IN pre-filter.
CI_ARC_ROOT_INST,ARC_ROOT_OBJ_ID,CHAR,XT256S2,1,NORMAL,VALID,VISIBLE,NO,NONUNIQUE,Y,Y,N,N,,MEDIUM,Good candidate for equality or IN pre-filter.
CI_ARC_ROOT_INST,DB_PROC_CD,CHAR,XT256S3,1,NORMAL,VALID,VISIBLE,NO,NONUNIQUE,Y,Y,N,N,,MEDIUM,Good candidate for equality or IN pre-filter.
CI_ARC_ROOT_INST,PRIM_ROOT_OBJ_ID,CHAR,XT256S1,1,NORMAL,VALID,VISIBLE,NO,NONUNIQUE,Y,Y,N,N,,MEDIUM,Good candidate for equality or IN pre-filter.
CI_ARC_ROOT_INST_K,ARC_ROOT_INST_ID,CHAR,XT504P0,1,IOT - TOP,VALID,VISIBLE,NO,UNIQUE,Y,Y,N,N,,MEDIUM,Good candidate for equality or IN pre-filter.
CI_ARC_ROOT_OBJ,ARC_ROOT_OBJ_ID,CHAR,XT257P0,1,NORMAL,VALID,VISIBLE,NO,UNIQUE,Y,Y,N,N,,MEDIUM,Good candidate for equality or IN pre-filter.
CI_ARC_ROOT_OBJ,ENV_REF_CD,CHAR,XT257S2,1,NORMAL,VALID,VISIBLE,NO,NONUNIQUE,Y,Y,N,N,,MEDIUM,Good candidate for equality or IN pre-filter.
CI_ARC_ROOT_OBJ,MAINT_OBJ_CD,CHAR,XT257S1,1,NORMAL,VALID,VISIBLE,NO,NONUNIQUE,Y,Y,N,N,,MEDIUM,Good candidate for equality or IN pre-filter.
CI_ARC_ROOT_OBJ_K,ARC_ROOT_OBJ_ID,CHAR,XT505P0,1,IOT - TOP,VALID,VISIBLE,NO,UNIQUE,Y,Y,N,N,,MEDIUM,Good candidate for equality or IN pre-filter.
CI_ARC_ROOT_PK,ARC_ROOT_OBJ_ID,CHAR,XT258P0,1,NORMAL,VALID,VISIBLE,NO,UNIQUE,Y,Y,N,N,,MEDIUM,Good candidate for equality or IN pre-filter.
CI_ARC_ROOT_PK,CONST_ID,CHAR,XT258S1,1,NORMAL,VALID,VISIBLE,NO,NONUNIQUE,Y,Y,N,N,,MEDIUM,Good candidate for equality or IN pre-filter.
CI_AUDIT,AUDIT_ID,CHAR,XT021P0,1,NORMAL,VALID,VISIBLE,NO,UNIQUE,Y,Y,N,N,,MEDIUM,Good candidate for equality or IN pre-filter.
CI_AUDIT,AUDIT_TBL_NAME,CHAR,XT021S2,1,NORMAL,VALID,VISIBLE,NO,NONUNIQUE,Y,Y,N,N,,MEDIUM,Good candidate for equality or IN pre-filter.
CI_AUDIT,AUDIT_TBL_NAME,CHAR,XT021S3,1,NORMAL,VALID,VISIBLE,NO,NONUNIQUE,Y,Y,N,N,,MEDIUM,Good candidate for equality or IN pre-filter.
CI_AUDIT,AUDIT_TBL_NAME,CHAR,XT021S4,1,NORMAL,VALID,VISIBLE,NO,NONUNIQUE,Y,Y,N,N,,MEDIUM,Good candidate for equality or IN pre-filter.
CI_AUDIT,USER_ID,CHAR,XT021S1,1,NORMAL,VALID,VISIBLE,NO,NONUNIQUE,Y,Y,N,N,,MEDIUM,Good candidate for equality or IN pre-filter.
CI_AUDIT_K,AUDIT_ID,CHAR,XT506P0,1,IOT - TOP,VALID,VISIBLE,NO,UNIQUE,Y,Y,N,N,,MEDIUM,Good candidate for equality or IN pre-filter.
CI_BAL_CTL_GRP,BALANCING_STAT_FLG,CHAR,XT064S1,1,NORMAL,VALID,VISIBLE,NO,UNIQUE,Y,Y,N,N,,MEDIUM,Good candidate for equality or IN pre-filter.
CI_BAL_CTL_GRP,BAL_CTL_GRP_ID,NUMBER,XT064P0,1,NORMAL,VALID,VISIBLE,NO,UNIQUE,Y,Y,N,N,,MEDIUM,Good candidate for equality or IN pre-filter.
CI_BAL_CTL_MEM,BAL_CTL_GRP_ID,NUMBER,XT004P0,1,NORMAL,VALID,VISIBLE,NO,UNIQUE,Y,Y,N,N,,MEDIUM,Good candidate for equality or IN pre-filter.
CI_BAL_CTL_TMP,BAL_CTL_GRP_ID,NUMBER,XT005P0,1,NORMAL,VALID,VISIBLE,NO,UNIQUE,Y,Y,N,N,,MEDIUM,Good candidate for equality or IN pre-filter.
CI_BANK,BANK_CD,CHAR,XC003P0,1,NORMAL,VALID,VISIBLE,NO,UNIQUE,Y,Y,N,N,,MEDIUM,Good candidate for equality or IN pre-filter.
CI_BANK_ACCOUNT,BANK_CD,CHAR,XC002P0,1,NORMAL,VALID,VISIBLE,NO,UNIQUE,Y,Y,N,N,,MEDIUM,Good candidate for equality or IN pre-filter.
CI_BANK_ACCOUNT_L,BANK_ACCT_KEY,CHAR,XC333P0,1,NORMAL,VALID,VISIBLE,NO,UNIQUE,Y,Y,N,N,,MEDIUM,Good candidate for equality or IN pre-filter.
CI_BANK_L,BANK_CD,CHAR,XC334P0,1,NORMAL,VALID,VISIBLE,NO,UNIQUE,Y,Y,N,N,,MEDIUM,Good candidate for equality or IN pre-filter.
CI_BATCH_CTRL,BATCH_CD,CHAR,XC026P0,1,NORMAL,VALID,VISIBLE,NO,UNIQUE,Y,Y,N,N,,MEDIUM,Good candidate for equality or IN pre-filter.
CI_BATCH_CTRL_ALG,BATCH_CD,CHAR,FC436P0,1,NORMAL,VALID,VISIBLE,NO,UNIQUE,Y,Y,N,N,,MEDIUM,Good candidate for equality or IN pre-filter.
CI_BATCH_CTRL_L,BATCH_CD,CHAR,XC335P0,1,NORMAL,VALID,VISIBLE,NO,UNIQUE,Y,Y,N,N,,MEDIUM,Good candidate for equality or IN pre-filter.
CI_BATCH_CTRL_P,BATCH_CD,CHAR,XC372P0,1,NORMAL,VALID,VISIBLE,NO,UNIQUE,Y,Y,N,N,,MEDIUM,Good candidate for equality or IN pre-filter.
CI_BATCH_CTRL_P_L,BATCH_CD,CHAR,XC373P0,1,NORMAL,VALID,VISIBLE,NO,UNIQUE,Y,Y,N,N,,MEDIUM,Good candidate for equality or IN pre-filter.
CI_BATCH_INST,BATCH_CD,CHAR,XT071P0,1,NORMAL,VALID,VISIBLE,NO,UNIQUE,Y,Y,N,N,,MEDIUM,Good candidate for equality or IN pre-filter.
CI_BATCH_JOB,BATCH_CD,CHAR,XT240S1,1,NORMAL,VALID,VISIBLE,NO,NONUNIQUE,Y,Y,N,N,,MEDIUM,Good candidate for equality or IN pre-filter.
CI_BATCH_JOB,BATCH_JOB_ID,CHAR,XT240P0,1,NORMAL,VALID,VISIBLE,NO,UNIQUE,Y,Y,N,N,,MEDIUM,Good candidate for equality or IN pre-filter.
CI_BATCH_JOB,USER_ID,CHAR,XT240S2,1,NORMAL,VALID,VISIBLE,NO,NONUNIQUE,Y,Y,N,N,,MEDIUM,Good candidate for equality or IN pre-filter.
CI_BATCH_JOB_K,BATCH_JOB_ID,CHAR,XT507P0,1,IOT - TOP,VALID,VISIBLE,NO,UNIQUE,Y,Y,N,N,,MEDIUM,Good candidate for equality or IN pre-filter.
CI_BATCH_JOB_PRM,BATCH_JOB_ID,CHAR,XT241P0,1,NORMAL,VALID,VISIBLE,NO,UNIQUE,Y,Y,N,N,,MEDIUM,Good candidate for equality or IN pre-filter.
CI_BATCH_RUN,BATCH_CD,CHAR,XT028P0,1,NORMAL,VALID,VISIBLE,NO,UNIQUE,Y,Y,N,N,,MEDIUM,Good candidate for equality or IN pre-filter.
CI_BATCH_RUN,RUN_STATUS,CHAR,XT028S1,1,NORMAL,VALID,VISIBLE,NO,NONUNIQUE,Y,Y,N,N,,MEDIUM,Good candidate for equality or IN pre-filter.
CI_BATCH_THD,BATCH_CD,CHAR,XT029P0,1,NORMAL,VALID,VISIBLE,NO,UNIQUE,Y,Y,N,N,,MEDIUM,Good candidate for equality or IN pre-filter.
CI_BCHG_LINE_UP,BCHG_UP_ID,CHAR,XT006P0,1,NORMAL,VALID,VISIBLE,NO,UNIQUE,Y,Y,N,N,,MEDIUM,Good candidate for equality or IN pre-filter.
CI_BCHG_READ,BILLABLE_CHG_ID,CHAR,XT271P0,1,NORMAL,VALID,VISIBLE,NO,UNIQUE,Y,Y,N,N,,MEDIUM,Good candidate for equality or IN pre-filter.
CI_BCHG_READ,END_REG_READ_ID,CHAR,XT271S2,1,NORMAL,VALID,VISIBLE,NO,NONUNIQUE,Y,Y,N,N,,MEDIUM,Good candidate for equality or IN pre-filter.
CI_BCHG_READ,START_REG_READ_ID,CHAR,XT271S1,1,NORMAL,VALID,VISIBLE,NO,NONUNIQUE,Y,Y,N,N,,MEDIUM,Good candidate for equality or IN pre-filter.
CI_BCHG_SQ,BILLABLE_CHG_ID,CHAR,XT081P0,1,NORMAL,VALID,VISIBLE,NO,UNIQUE,Y,Y,N,N,,MEDIUM,Good candidate for equality or IN pre-filter.
CI_BCHG_UP,BCHG_UP_ID,CHAR,XT007P0,1,NORMAL,VALID,VISIBLE,NO,UNIQUE,Y,Y,N,N,,MEDIUM,Good candidate for equality or IN pre-filter.
CI_BCHG_UP,BCHG_UP_STAT_FLG,CHAR,XT007S1,1,NORMAL,VALID,VISIBLE,NO,NONUNIQUE,Y,Y,N,N,,MEDIUM,Good candidate for equality or IN pre-filter.
CI_BCHG_UP,SA_EXT_REF_ID,VARCHAR2,XT007S2,1,NORMAL,VALID,VISIBLE,NO,NONUNIQUE,Y,Y,N,N,,MEDIUM,Good candidate for equality or IN pre-filter.
CI_BCHG_UP,SA_ID,CHAR,XT007S3,1,NORMAL,VALID,VISIBLE,NO,NONUNIQUE,Y,Y,N,N,,MEDIUM,Good candidate for equality or IN pre-filter.
CI_BCHG_UP_EXCP,BCHG_UP_ID,CHAR,XT008P0,1,NORMAL,VALID,VISIBLE,NO,UNIQUE,Y,Y,N,N,,MEDIUM,Good candidate for equality or IN pre-filter.
CI_BCHG_UP_OVRD,CIS_DIVISION,CHAR,XC168P0,1,NORMAL,VALID,VISIBLE,NO,UNIQUE,Y,Y,N,N,,MEDIUM,Good candidate for equality or IN pre-filter.
CI_BCHG_UP_READ,BCHG_UP_ID,CHAR,XT270P0,1,NORMAL,VALID,VISIBLE,NO,UNIQUE,Y,Y,N,N,,MEDIUM,Good candidate for equality or IN pre-filter.
CI_BCHG_UP_READ,END_REG_READ_ID,CHAR,XT270S2,1,NORMAL,VALID,VISIBLE,NO,NONUNIQUE,Y,Y,N,N,,MEDIUM,Good candidate for equality or IN pre-filter.
CI_BCHG_UP_READ,START_REG_READ_ID,CHAR,XT270S1,1,NORMAL,VALID,VISIBLE,NO,NONUNIQUE,Y,Y,N,N,,MEDIUM,Good candidate for equality or IN pre-filter.
CI_BCHG_UP_SQ,BCHG_UP_ID,CHAR,XT082P0,1,NORMAL,VALID,VISIBLE,NO,UNIQUE,Y,Y,N,N,,MEDIUM,Good candidate for equality or IN pre-filter.
CI_BCHG_UP_XTYP,BCHG_UP_XTYPE,CHAR,XC035P0,1,NORMAL,VALID,VISIBLE,NO,UNIQUE,Y,Y,N,N,,MEDIUM,Good candidate for equality or IN pre-filter.
CI_BCHG_UP_XTYP_L,BCHG_UP_XTYPE,CHAR,XC038P0,1,NORMAL,VALID,VISIBLE,NO,UNIQUE,Y,Y,N,N,,MEDIUM,Good candidate for equality or IN pre-filter.
CI_BF,BF_CD,CHAR,XC030P0,1,NORMAL,VALID,VISIBLE,NO,UNIQUE,Y,Y,N,N,,MEDIUM,Good candidate for equality or IN pre-filter.
CI_BFCH_TOUGRP,BF_CD,CHAR,XC404P0,1,NORMAL,VALID,VISIBLE,NO,UNIQUE,Y,Y,N,N,,MEDIUM,Good candidate for equality or IN pre-filter.
CI_BF_CHAR,BF_CD,CHAR,XC031P0,1,NORMAL,VALID,VISIBLE,NO,UNIQUE,Y,Y,N,N,,MEDIUM,Good candidate for equality or IN pre-filter.
CI_BF_CHAR_DST,BF_CD,CHAR,XC039P0,1,NORMAL,VALID,VISIBLE,NO,UNIQUE,Y,Y,N,N,,MEDIUM,Good candidate for equality or IN pre-filter.
CI_BF_L,BF_CD,CHAR,XC336P0,1,NORMAL,VALID,VISIBLE,NO,UNIQUE,Y,Y,N,N,,MEDIUM,Good candidate for equality or IN pre-filter.
CI_BF_VAL,BF_CD,CHAR,XC032P0,1,NORMAL,VALID,VISIBLE,NO,UNIQUE,Y,Y,N,N,,MEDIUM,Good candidate for equality or IN pre-filter.
CI_BILL,ACCT_ID,CHAR,XT033S1,1,NORMAL,VALID,VISIBLE,NO,NONUNIQUE,Y,Y,N,Y,billing,MEDIUM,Good candidate for equality or IN pre-filter.
CI_BILL,ACCT_ID,CHAR,XT033S7,1,NORMAL,VALID,VISIBLE,NO,NONUNIQUE,Y,Y,N,Y,billing,MEDIUM,Good candidate for equality or IN pre-filter.
CI_BILL,ALT_BILL_ID,NUMBER,XT033S3,1,NORMAL,VALID,VISIBLE,NO,UNIQUE,Y,Y,N,Y,billing,MEDIUM,Good candidate for equality or IN pre-filter.
CI_BILL,BILL_ID,CHAR,XT033P0,1,NORMAL,VALID,VISIBLE,NO,UNIQUE,Y,Y,N,Y,billing,MEDIUM,Good candidate for equality or IN pre-filter.
CI_BILL,BILL_STAT_FLG,CHAR,CM_XT112S3,1,NORMAL,VALID,VISIBLE,NO,NONUNIQUE,Y,Y,N,Y,billing,MEDIUM,Good candidate for equality or IN pre-filter.
CI_BILL,CR_NOTE_FR_BILL_ID,CHAR,XT033S2,1,NORMAL,VALID,VISIBLE,NO,UNIQUE,Y,Y,N,Y,billing,MEDIUM,Good candidate for equality or IN pre-filter.
CI_BILL,DOC_ID,VARCHAR2,XT033S5,1,NORMAL,VALID,VISIBLE,NO,NONUNIQUE,Y,Y,N,Y,billing,MEDIUM,Good candidate for equality or IN pre-filter.
CI_BILL,LATE_PAY_CHARGE_SW,CHAR,XT033S8,1,NORMAL,VALID,VISIBLE,NO,NONUNIQUE,Y,Y,N,Y,billing,MEDIUM,Good candidate for equality or IN pre-filter.
CI_BILL,OFFCYC_BGEN_ID,CHAR,XT033S4,1,NORMAL,VALID,VISIBLE,NO,UNIQUE,Y,Y,N,Y,billing,MEDIUM,Good candidate for equality or IN pre-filter.
CI_BILL_CAN_RSN,CAN_RSN_CD,CHAR,XC034P0,1,NORMAL,VALID,VISIBLE,NO,UNIQUE,Y,Y,N,N,,MEDIUM,Good candidate for equality or IN pre-filter.
CI_BILL_CAN_RSN_L,CAN_RSN_CD,CHAR,XC337P0,1,NORMAL,VALID,VISIBLE,NO,UNIQUE,Y,Y,N,N,,MEDIUM,Good candidate for equality or IN pre-filter.
CI_BILL_CHAR,BILL_ID,CHAR,XT313P0,1,NORMAL,VALID,VISIBLE,NO,UNIQUE,Y,Y,N,N,,MEDIUM,Good candidate for equality or IN pre-filter.
CI_BILL_CHAR,SRCH_CHAR_VAL,VARCHAR2,XT313S1,1,NORMAL,VALID,VISIBLE,NO,NONUNIQUE,Y,Y,N,N,,MEDIUM,Good candidate for equality or IN pre-filter.
CI_BILL_CHG,BILLABLE_CHG_ID,CHAR,XT035P0,1,NORMAL,VALID,VISIBLE,NO,UNIQUE,Y,Y,N,N,,MEDIUM,Good candidate for equality or IN pre-filter.
CI_BILL_CHG,SA_ID,CHAR,XT035S1,1,NORMAL,VALID,VISIBLE,NO,NONUNIQUE,Y,Y,N,N,,MEDIUM,Good candidate for equality or IN pre-filter.
CI_BILL_CHG_K,BILLABLE_CHG_ID,CHAR,XT509P0,1,IOT - TOP,VALID,VISIBLE,NO,UNIQUE,Y,Y,N,N,,MEDIUM,Good candidate for equality or IN pre-filter.
CI_BILL_CYC,BILL_CYC_CD,CHAR,XC036P0,1,NORMAL,VALID,VISIBLE,NO,UNIQUE,Y,Y,N,N,,MEDIUM,Good candidate for equality or IN pre-filter.
CI_BILL_CYC_L,BILL_CYC_CD,CHAR,XC338P0,1,NORMAL,VALID,VISIBLE,NO,UNIQUE,Y,Y,N,N,,MEDIUM,Good candidate for equality or IN pre-filter.
CI_BILL_CYC_SCH,WIN_START_DT,DATE,XC037S1,1,NORMAL,VALID,VISIBLE,NO,UNIQUE,Y,Y,Y,N,,HIGH,Primary candidate for mandatory rolling window pre-filter.
CI_BILL_CYC_SCH,BILL_CYC_CD,CHAR,XC037P0,1,NORMAL,VALID,VISIBLE,NO,UNIQUE,Y,Y,N,N,,MEDIUM,Good candidate for equality or IN pre-filter.
CI_BILL_CYC_SEC,BILL_CYC_CD,CHAR,C1C078P0,1,NORMAL,VALID,VISIBLE,NO,UNIQUE,Y,Y,N,N,,MEDIUM,Good candidate for equality or IN pre-filter.
CI_BILL_EXCP,BILL_ID,CHAR,XT038P0,1,NORMAL,VALID,VISIBLE,NO,UNIQUE,Y,Y,N,N,,MEDIUM,Good candidate for equality or IN pre-filter.
CI_BILL_K,BILL_ID,CHAR,XT508P0,1,IOT - TOP,VALID,VISIBLE,NO,UNIQUE,Y,Y,N,N,,MEDIUM,Good candidate for equality or IN pre-filter.
CI_BILL_MSG,BILL_MSG_CD,CHAR,XC040P0,1,NORMAL,VALID,VISIBLE,NO,UNIQUE,Y,Y,N,N,,MEDIUM,Good candidate for equality or IN pre-filter.
CI_BILL_MSGS,BILL_ID,CHAR,XT091P0,1,NORMAL,VALID,VISIBLE,NO,UNIQUE,Y,Y,N,Y,billing,MEDIUM,Good candidate for equality or IN pre-filter.
CI_BILL_MSG_L,BILL_MSG_CD,CHAR,XC349P0,1,NORMAL,VALID,VISIBLE,NO,UNIQUE,Y,Y,N,N,,MEDIUM,Good candidate for equality or IN pre-filter.
CI_BILL_MSG_PRM,BILL_ID,CHAR,XT085P0,1,NORMAL,VALID,VISIBLE,NO,UNIQUE,Y,Y,N,Y,billing,MEDIUM,Good candidate for equality or IN pre-filter.
CI_BILL_PERIOD,BILL_PERIOD_CD,CHAR,XC043P0,1,NORMAL,VALID,VISIBLE,NO,UNIQUE,Y,Y,N,N,,MEDIUM,Good candidate for equality or IN pre-filter.
CI_BILL_PERIOD_L,BILL_PERIOD_CD,CHAR,XC350P0,1,NORMAL,VALID,VISIBLE,NO,UNIQUE,Y,Y,N,N,,MEDIUM,Good candidate for equality or IN pre-filter.
CI_BILL_PER_SCH,BILL_PERIOD_CD,CHAR,XC042P0,1,NORMAL,VALID,VISIBLE,NO,UNIQUE,Y,Y,N,N,,MEDIUM,Good candidate for equality or IN pre-filter.
CI_BILL_ROUTING,BATCH_CD,CHAR,XT075S1,1,NORMAL,VALID,VISIBLE,NO,NONUNIQUE,Y,Y,N,Y,billing,MEDIUM,Good candidate for equality or IN pre-filter.
CI_BILL_ROUTING,BILL_ID,CHAR,XT075P0,1,NORMAL,VALID,VISIBLE,NO,UNIQUE,Y,Y,N,Y,billing,MEDIUM,Good candidate for equality or IN pre-filter.
CI_BILL_RT_TYPE,BILL_RTE_TYPE_CD,CHAR,XC045P0,1,NORMAL,VALID,VISIBLE,NO,UNIQUE,Y,Y,N,N,,MEDIUM,Good candidate for equality or IN pre-filter.
CI_BILL_RT_TYPE_L,BILL_RTE_TYPE_CD,CHAR,XC360P0,1,NORMAL,VALID,VISIBLE,NO,UNIQUE,Y,Y,N,N,,MEDIUM,Good candidate for equality or IN pre-filter.
CI_BILL_RVW_SCH,BATCH_CD,CHAR,XT219S1,1,NORMAL,VALID,VISIBLE,NO,NONUNIQUE,Y,Y,N,N,,MEDIUM,Good candidate for equality or IN pre-filter.
CI_BILL_RVW_SCH,BILL_ID,CHAR,XT219P0,1,NORMAL,VALID,VISIBLE,NO,UNIQUE,Y,Y,N,N,,MEDIUM,Good candidate for equality or IN pre-filter.
CI_BILL_SA,BILL_ID,CHAR,XT046P0,1,NORMAL,VALID,VISIBLE,NO,UNIQUE,Y,Y,N,N,,MEDIUM,Good candidate for equality or IN pre-filter.
CI_BILL_SA,SA_ID,CHAR,XT046S1,1,NORMAL,VALID,VISIBLE,NO,NONUNIQUE,Y,Y,N,N,,MEDIUM,Good candidate for equality or IN pre-filter.
CI_BILL_SCNR,BILL_SCNR_ID,CHAR,XT173P0,1,NORMAL,VALID,VISIBLE,NO,UNIQUE,Y,Y,N,N,,MEDIUM,Good candidate for equality or IN pre-filter.
CI_BILL_SCNR,SA_ID,CHAR,XT173S1,1,NORMAL,VALID,VISIBLE,NO,NONUNIQUE,Y,Y,N,N,,MEDIUM,Good candidate for equality or IN pre-filter.
CI_BILL_SCNR_K,BILL_SCNR_ID,CHAR,XT510P0,1,IOT - TOP,VALID,VISIBLE,NO,UNIQUE,Y,Y,N,N,,MEDIUM,Good candidate for equality or IN pre-filter.
CI_BILL_SCNR_SQ,BILL_SCNR_ID,CHAR,XT174P0,1,NORMAL,VALID,VISIBLE,NO,UNIQUE,Y,Y,N,N,,MEDIUM,Good candidate for equality or IN pre-filter.
CI_BILL_SEG_TYP,BILL_SEG_TYPE_CD,CHAR,XC047P0,1,NORMAL,VALID,VISIBLE,NO,UNIQUE,Y,Y,N,N,,MEDIUM,Good candidate for equality or IN pre-filter.
CI_BILL_SEG_TYP,BS_INFO_ALG_CD,CHAR,CC047S1,1,NORMAL,VALID,VISIBLE,NO,NONUNIQUE,Y,Y,N,N,,MEDIUM,Good candidate for equality or IN pre-filter.
CI_BILL_SEG_TYP_L,BILL_SEG_TYPE_CD,CHAR,XC500P0,1,NORMAL,VALID,VISIBLE,NO,UNIQUE,Y,Y,N,N,,MEDIUM,Good candidate for equality or IN pre-filter.
CI_BPRT_GRP,ACCT_ID,CHAR,XM406S1,1,NORMAL,VALID,VISIBLE,NO,NONUNIQUE,Y,Y,N,N,,MEDIUM,Good candidate for equality or IN pre-filter.
CI_BPRT_GRP,BILL_PRT_GRP_CD,CHAR,XM406P0,1,NORMAL,VALID,VISIBLE,NO,UNIQUE,Y,Y,N,N,,MEDIUM,Good candidate for equality or IN pre-filter.
CI_BPRT_GRP_K,BILL_PRT_GRP_CD,CHAR,XM501P0,1,IOT - TOP,VALID,VISIBLE,NO,UNIQUE,Y,Y,N,N,,MEDIUM,Good candidate for equality or IN pre-filter.
CI_BPRT_SGRP_SA,SA_ID,CHAR,XM408P0,1,NORMAL,VALID,VISIBLE,NO,UNIQUE,Y,Y,N,N,,MEDIUM,Good candidate for equality or IN pre-filter.
CI_BPRT_SUBGRP,BILL_PRT_GRP_CD,CHAR,XM407P0,1,NORMAL,VALID,VISIBLE,NO,UNIQUE,Y,Y,N,N,,MEDIUM,Good candidate for equality or IN pre-filter.
CI_BSEG,BILL_ID,CHAR,XT048S1,1,NORMAL,VALID,VISIBLE,NO,NONUNIQUE,Y,Y,N,Y,billing,MEDIUM,Good candidate for equality or IN pre-filter.
CI_BSEG,BSEG_ID,CHAR,XT048P0,1,NORMAL,VALID,VISIBLE,NO,UNIQUE,Y,Y,N,Y,billing,MEDIUM,Good candidate for equality or IN pre-filter.
CI_BSEG,PREM_ID,CHAR,CM_XT048S1,1,NORMAL,VALID,VISIBLE,NO,NONUNIQUE,Y,Y,N,Y,billing,MEDIUM,Good candidate for equality or IN pre-filter.
CI_BSEG,QUOTE_DTL_ID,CHAR,XT048S3,1,NORMAL,VALID,VISIBLE,NO,UNIQUE,Y,Y,N,Y,billing,MEDIUM,Good candidate for equality or IN pre-filter.
CI_BSEG,SA_ID,CHAR,XT048S2,1,NORMAL,VALID,VISIBLE,NO,NONUNIQUE,Y,Y,N,Y,billing,MEDIUM,Good candidate for equality or IN pre-filter.
CI_BSEG_CALC,BILLABLE_CHG_ID,CHAR,XT072S1,1,NORMAL,VALID,VISIBLE,NO,NONUNIQUE,Y,Y,N,Y,billing,MEDIUM,Good candidate for equality or IN pre-filter.
CI_BSEG_CALC,BSEG_ID,CHAR,XT072P0,1,NORMAL,VALID,VISIBLE,NO,UNIQUE,Y,Y,N,Y,billing,MEDIUM,Good candidate for equality or IN pre-filter.
CI_BSEG_CALC_LN,BSEG_ID,CHAR,XT050P0,1,NORMAL,VALID,VISIBLE,NO,UNIQUE,Y,Y,N,Y,billing,MEDIUM,Good candidate for equality or IN pre-filter.
CI_BSEG_CL_CHAR,BSEG_ID,CHAR,XT056P0,1,NORMAL,VALID,VISIBLE,NO,UNIQUE,Y,Y,N,N,,MEDIUM,Good candidate for equality or IN pre-filter.
CI_BSEG_EXCP,BSEG_ID,CHAR,XT051P0,1,NORMAL,VALID,VISIBLE,NO,UNIQUE,Y,Y,N,Y,billing,MEDIUM,Good candidate for equality or IN pre-filter.
CI_BSEG_ITEM,BSEG_ID,CHAR,XT053P0,1,NORMAL,VALID,VISIBLE,NO,UNIQUE,Y,Y,N,Y,billing,MEDIUM,Good candidate for equality or IN pre-filter.
CI_BSEG_K,BSEG_ID,CHAR,XT511P0,1,IOT - TOP,VALID,VISIBLE,NO,UNIQUE,Y,Y,N,N,,MEDIUM,Good candidate for equality or IN pre-filter.
CI_BSEG_MSG,BSEG_ID,CHAR,XT080P0,1,NORMAL,VALID,VISIBLE,NO,UNIQUE,Y,Y,N,Y,billing,MEDIUM,Good candidate for equality or IN pre-filter.
CI_BSEG_READ,BSEG_ID,CHAR,XT054P0,1,NORMAL,VALID,VISIBLE,NO,UNIQUE,Y,Y,N,Y,billing,MEDIUM,Good candidate for equality or IN pre-filter.
CI_BSEG_READ,END_REG_READ_ID,CHAR,XT054S3,1,NORMAL,VALID,VISIBLE,NO,NONUNIQUE,Y,Y,N,Y,billing,MEDIUM,Good candidate for equality or IN pre-filter.
CI_BSEG_READ,SP_ID,CHAR,XT054S1,1,NORMAL,VALID,VISIBLE,NO,NONUNIQUE,Y,Y,N,Y,billing,MEDIUM,Good candidate for equality or IN pre-filter.
CI_BSEG_READ,START_REG_READ_ID,CHAR,XT054S2,1,NORMAL,VALID,VISIBLE,NO,NONUNIQUE,Y,Y,N,Y,billing,MEDIUM,Good candidate for equality or IN pre-filter.
CI_BSEG_SQ,BSEG_ID,CHAR,XT055P0,1,NORMAL,VALID,VISIBLE,NO,UNIQUE,Y,Y,N,Y,billing,MEDIUM,Good candidate for equality or IN pre-filter.
CI_BUD_PLAN,BUD_PLAN_CD,CHAR,XC052P0,1,NORMAL,VALID,VISIBLE,NO,UNIQUE,Y,Y,N,N,,MEDIUM,Good candidate for equality or IN pre-filter.
CI_BUD_PLAN_L,BUD_PLAN_CD,CHAR,XC053P0,1,NORMAL,VALID,VISIBLE,NO,UNIQUE,Y,Y,N,N,,MEDIUM,Good candidate for equality or IN pre-filter.
CI_BUD_RVW,REVIEW_DT,DATE,XT009S1,1,NORMAL,VALID,VISIBLE,NO,NONUNIQUE,Y,Y,Y,N,,HIGH,Primary candidate for mandatory rolling window pre-filter.
CI_BUD_RVW,ACCT_ID,CHAR,XT009P0,1,NORMAL,VALID,VISIBLE,NO,UNIQUE,Y,Y,N,N,,MEDIUM,Good candidate for equality or IN pre-filter.
CI_B_CHG_LINE,BILLABLE_CHG_ID,CHAR,XT001P0,1,NORMAL,VALID,VISIBLE,NO,UNIQUE,Y,Y,N,N,,MEDIUM,Good candidate for equality or IN pre-filter.
CI_B_CHG_TMPLT,BILL_CHG_TMPLT_CD,CHAR,XC024P0,1,NORMAL,VALID,VISIBLE,NO,UNIQUE,Y,Y,N,N,,MEDIUM,Good candidate for equality or IN pre-filter.
CI_B_CHG_TMPLT_L,BILL_CHG_TMPLT_CD,CHAR,XC331P0,1,NORMAL,VALID,VISIBLE,NO,UNIQUE,Y,Y,N,N,,MEDIUM,Good candidate for equality or IN pre-filter.
CI_B_LN_CHAR,BILLABLE_CHG_ID,CHAR,XT083P0,1,NORMAL,VALID,VISIBLE,NO,UNIQUE,Y,Y,N,N,,MEDIUM,Good candidate for equality or IN pre-filter.
CI_B_LN_UP_CHAR,BCHG_UP_ID,CHAR,XT084P0,1,NORMAL,VALID,VISIBLE,NO,UNIQUE,Y,Y,N,N,,MEDIUM,Good candidate for equality or IN pre-filter.
CI_B_TMPLT_LINE,BILL_CHG_TMPLT_CD,CHAR,XC025P0,1,NORMAL,VALID,VISIBLE,NO,UNIQUE,Y,Y,N,N,,MEDIUM,Good candidate for equality or IN pre-filter.
CI_B_TMPLT_LINE,CURRENCY_CD,CHAR,XC025S1,1,NORMAL,VALID,VISIBLE,NO,NONUNIQUE,Y,Y,N,N,,MEDIUM,Good candidate for equality or IN pre-filter.
CI_B_TMPLT_LINE,DST_ID,CHAR,XC025S2,1,NORMAL,VALID,VISIBLE,NO,NONUNIQUE,Y,Y,N,N,,MEDIUM,Good candidate for equality or IN pre-filter.
CI_B_TMPLT_LINE_L,BILL_CHG_TMPLT_CD,CHAR,XC332P0,1,NORMAL,VALID,VISIBLE,NO,UNIQUE,Y,Y,N,N,,MEDIUM,Good candidate for equality or IN pre-filter.
CI_B_TMPLT_SQ,BILL_CHG_TMPLT_CD,CHAR,XC346P0,1,NORMAL,VALID,VISIBLE,NO,UNIQUE,Y,Y,N,N,,MEDIUM,Good candidate for equality or IN pre-filter.
CI_B_TM_LN_CHA,BILL_CHG_TMPLT_CD,CHAR,XC296P0,1,NORMAL,VALID,VISIBLE,NO,UNIQUE,Y,Y,N,N,,MEDIUM,Good candidate for equality or IN pre-filter.
CI_CAL_GL,CALENDAR_ID,CHAR,XC004P0,1,NORMAL,VALID,VISIBLE,NO,UNIQUE,Y,Y,N,N,,MEDIUM,Good candidate for equality or IN pre-filter.
CI_CAL_GL_L,CALENDAR_ID,CHAR,XC503P0,1,NORMAL,VALID,VISIBLE,NO,UNIQUE,Y,Y,N,N,,MEDIUM,Good candidate for equality or IN pre-filter.
CI_CAL_HOL,CALENDAR_CD,CHAR,XC056P0,1,NORMAL,VALID,VISIBLE,NO,UNIQUE,Y,Y,N,N,,MEDIUM,Good candidate for equality or IN pre-filter.
CI_CAL_HOL_L,CALENDAR_CD,CHAR,XC504P0,1,NORMAL,VALID,VISIBLE,NO,UNIQUE,Y,Y,N,N,,MEDIUM,Good candidate for equality or IN pre-filter.
CI_CAL_PERIOD,CALENDAR_ID,CHAR,XC005P0,1,NORMAL,VALID,VISIBLE,NO,UNIQUE,Y,Y,N,N,,MEDIUM,Good candidate for equality or IN pre-filter.
CI_CAL_PERIOD_L,CALENDAR_ID,CHAR,XC505P0,1,NORMAL,VALID,VISIBLE,NO,UNIQUE,Y,Y,N,N,,MEDIUM,Good candidate for equality or IN pre-filter.
CI_CAL_WORK,CALENDAR_CD,CHAR,XC320P0,1,NORMAL,VALID,VISIBLE,NO,UNIQUE,Y,Y,N,N,,MEDIUM,Good candidate for equality or IN pre-filter.
CI_CAL_WORK_L,CALENDAR_CD,CHAR,XC506P0,1,NORMAL,VALID,VISIBLE,NO,UNIQUE,Y,Y,N,N,,MEDIUM,Good candidate for equality or IN pre-filter.
CI_CAMPAIGN,CAMPAIGN_CD,CHAR,XC641P0,1,NORMAL,VALID,VISIBLE,NO,UNIQUE,Y,Y,N,N,,MEDIUM,Good candidate for equality or IN pre-filter.
CI_CAMPAIGN_L,CAMPAIGN_CD,CHAR,XC645P0,1,NORMAL,VALID,VISIBLE,NO,UNIQUE,Y,Y,N,N,,MEDIUM,Good candidate for equality or IN pre-filter.
CI_CAMP_ALG,CAMPAIGN_CD,CHAR,XC599P0,1,NORMAL,VALID,VISIBLE,NO,UNIQUE,Y,Y,N,N,,MEDIUM,Good candidate for equality or IN pre-filter.
CI_CAMP_FLD_TYPE,CAMPAIGN_CD,CHAR,XC644P0,1,NORMAL,VALID,VISIBLE,NO,UNIQUE,Y,Y,N,N,,MEDIUM,Good candidate for equality or IN pre-filter.
CI_CAMP_FLD_TYPE_L,CAMPAIGN_CD,CHAR,XC647P0,1,NORMAL,VALID,VISIBLE,NO,UNIQUE,Y,Y,N,N,,MEDIUM,Good candidate for equality or IN pre-filter.
CI_CASE,ACCT_ID,CHAR,XT220S2,1,NORMAL,VALID,VISIBLE,NO,NONUNIQUE,Y,Y,N,N,,MEDIUM,Good candidate for equality or IN pre-filter.
CI_CASE,CASE_ID,CHAR,XT220P0,1,NORMAL,VALID,VISIBLE,NO,UNIQUE,Y,Y,N,N,,MEDIUM,Good candidate for equality or IN pre-filter.
CI_CASE,PER_ID,CHAR,XT220S1,1,NORMAL,VALID,VISIBLE,NO,NONUNIQUE,Y,Y,N,N,,MEDIUM,Good candidate for equality or IN pre-filter.
CI_CASE,PREM_ID,CHAR,XT220S3,1,NORMAL,VALID,VISIBLE,NO,NONUNIQUE,Y,Y,N,N,,MEDIUM,Good candidate for equality or IN pre-filter.
CI_CASE,USER_ID,CHAR,XT220S4,1,NORMAL,VALID,VISIBLE,NO,NONUNIQUE,Y,Y,N,N,,MEDIUM,Good candidate for equality or IN pre-filter.
CI_CASE_CHAR,CASE_ID,CHAR,XT222P0,1,NORMAL,VALID,VISIBLE,NO,UNIQUE,Y,Y,N,N,,MEDIUM,Good candidate for equality or IN pre-filter.
CI_CASE_CHAR,SRCH_CHAR_VAL,VARCHAR2,XT222S1,1,NORMAL,VALID,VISIBLE,NO,NONUNIQUE,Y,Y,N,N,,MEDIUM,Good candidate for equality or IN pre-filter.
CI_CASE_K,CASE_ID,CHAR,XT223P0,1,IOT - TOP,VALID,VISIBLE,NO,UNIQUE,Y,Y,N,N,,MEDIUM,Good candidate for equality or IN pre-filter.
CI_CASE_LOG,CASE_ID,CHAR,XT221P0,1,NORMAL,VALID,VISIBLE,NO,UNIQUE,Y,Y,N,N,,MEDIUM,Good candidate for equality or IN pre-filter.
CI_CASE_LOG,CHAR_TYPE_CD,CHAR,XT221S1,1,NORMAL,VALID,VISIBLE,NO,NONUNIQUE,Y,Y,N,N,,MEDIUM,Good candidate for equality or IN pre-filter.
CI_CASE_LOG_PARM,CASE_ID,CHAR,XT290P0,1,NORMAL,VALID,VISIBLE,NO,UNIQUE,Y,Y,N,N,,MEDIUM,Good candidate for equality or IN pre-filter.
CI_CASE_STATUS,CASE_TYPE_CD,CHAR,XC708P0,1,NORMAL,VALID,VISIBLE,NO,UNIQUE,Y,Y,N,N,,MEDIUM,Good candidate for equality or IN pre-filter.
CI_CASE_STATUS_L,CASE_TYPE_CD,CHAR,XC750P0,1,NORMAL,VALID,VISIBLE,NO,UNIQUE,Y,Y,N,N,,MEDIUM,Good candidate for equality or IN pre-filter.
CI_CASE_ST_ALG,CASE_TYPE_CD,CHAR,XC711P0,1,NORMAL,VALID,VISIBLE,NO,UNIQUE,Y,Y,N,N,,MEDIUM,Good candidate for equality or IN pre-filter.
CI_CASE_ST_CHTY,CASE_TYPE_CD,CHAR,XC710P0,1,NORMAL,VALID,VISIBLE,NO,UNIQUE,Y,Y,N,N,,MEDIUM,Good candidate for equality or IN pre-filter.
CI_CASE_TR_RULE,CASE_TYPE_CD,CHAR,XC709P0,1,NORMAL,VALID,VISIBLE,NO,UNIQUE,Y,Y,N,N,,MEDIUM,Good candidate for equality or IN pre-filter.
CI_CASE_TR_RULE_L,CASE_TYPE_CD,CHAR,XC739P0,1,NORMAL,VALID,VISIBLE,NO,UNIQUE,Y,Y,N,N,,MEDIUM,Good candidate for equality or IN pre-filter.
CI_CASE_TYPE,CASE_TYPE_CD,CHAR,XC702P0,1,NORMAL,VALID,VISIBLE,NO,UNIQUE,Y,Y,N,N,,MEDIUM,Good candidate for equality or IN pre-filter.
CI_CASE_TYPE_ALG,CASE_TYPE_CD,CHAR,XC783P0,1,NORMAL,VALID,VISIBLE,NO,UNIQUE,Y,Y,N,N,,MEDIUM,Good candidate for equality or IN pre-filter.
CI_CASE_TYPE_L,CASE_TYPE_CD,CHAR,XC703P0,1,NORMAL,VALID,VISIBLE,NO,UNIQUE,Y,Y,N,N,,MEDIUM,Good candidate for equality or IN pre-filter.
CI_CC,ACCT_ID,CHAR,XT057S4,1,NORMAL,VALID,VISIBLE,NO,NONUNIQUE,Y,Y,N,N,,MEDIUM,Good candidate for equality or IN pre-filter.
CI_CC,BATCH_CD,CHAR,XT057S2,1,NORMAL,VALID,VISIBLE,NO,UNIQUE,Y,Y,N,N,,MEDIUM,Good candidate for equality or IN pre-filter.
CI_CC,C1_CONTACT_ID,CHAR,XT057S6,1,NORMAL,VALID,VISIBLE,NO,NONUNIQUE,Y,Y,N,N,,MEDIUM,Good candidate for equality or IN pre-filter.
CI_CC,CC_ID,CHAR,XT057P0,1,NORMAL,VALID,VISIBLE,NO,UNIQUE,Y,Y,N,N,,MEDIUM,Good candidate for equality or IN pre-filter.
CI_CC,CC_TYPE_CD,CHAR,XT057S3,1,NORMAL,VALID,VISIBLE,NO,NONUNIQUE,Y,Y,N,N,,MEDIUM,Good candidate for equality or IN pre-filter.
CI_CC,PER_ID,CHAR,XT057S1,1,NORMAL,VALID,VISIBLE,NO,NONUNIQUE,Y,Y,N,N,,MEDIUM,Good candidate for equality or IN pre-filter.
CI_CC,PREM_ID,CHAR,XT057S5,1,NORMAL,VALID,VISIBLE,NO,NONUNIQUE,Y,Y,N,N,,MEDIUM,Good candidate for equality or IN pre-filter.
CI_CCL_CTL_ALG,CIS_DIVISION,CHAR,XC329P0,1,NORMAL,VALID,VISIBLE,NO,UNIQUE,Y,Y,N,N,,MEDIUM,Good candidate for equality or IN pre-filter.
CI_CC_CHAR,CC_ID,CHAR,XT280P0,1,NORMAL,VALID,VISIBLE,NO,UNIQUE,Y,Y,N,N,,MEDIUM,Good candidate for equality or IN pre-filter.
CI_CC_CHAR,SRCH_CHAR_VAL,VARCHAR2,C1T007S1,1,NORMAL,VALID,VISIBLE,NO,NONUNIQUE,Y,Y,N,N,,MEDIUM,Good candidate for equality or IN pre-filter.
CI_CC_CL,CC_CL_CD,CHAR,XC058P0,1,NORMAL,VALID,VISIBLE,NO,UNIQUE,Y,Y,N,N,,MEDIUM,Good candidate for equality or IN pre-filter.
CI_CC_CL_L,CC_CL_CD,CHAR,XC507P0,1,NORMAL,VALID,VISIBLE,NO,UNIQUE,Y,Y,N,N,,MEDIUM,Good candidate for equality or IN pre-filter.
CI_CC_K,CC_ID,CHAR,XT512P0,1,IOT - TOP,VALID,VISIBLE,NO,UNIQUE,Y,Y,N,N,,MEDIUM,Good candidate for equality or IN pre-filter.
CI_CC_LOG,CC_ID,CHAR,XT281S1,1,NORMAL,VALID,VISIBLE,NO,NONUNIQUE,Y,Y,N,N,,MEDIUM,Good candidate for equality or IN pre-filter.
CI_CC_LOG,CC_LOG_ID,CHAR,XT281P0,1,NORMAL,VALID,VISIBLE,NO,UNIQUE,Y,Y,N,N,,MEDIUM,Good candidate for equality or IN pre-filter.
CI_CC_LOG_K,CC_LOG_ID,CHAR,XT513P0,1,IOT - TOP,VALID,VISIBLE,NO,UNIQUE,Y,Y,N,N,,MEDIUM,Good candidate for equality or IN pre-filter.
CI_CC_TYPE,CC_CL_CD,CHAR,XC059P0,1,NORMAL,VALID,VISIBLE,NO,UNIQUE,Y,Y,N,N,,MEDIUM,Good candidate for equality or IN pre-filter.
CI_CC_TYPE,LTR_TMPL_CD,CHAR,XC059S2,1,NORMAL,VALID,VISIBLE,NO,NONUNIQUE,Y,Y,N,N,,MEDIUM,Good candidate for equality or IN pre-filter.
CI_CC_TYPE_L,CC_CL_CD,CHAR,XC508P0,1,NORMAL,VALID,VISIBLE,NO,UNIQUE,Y,Y,N,N,,MEDIUM,Good candidate for equality or IN pre-filter.
CI_CEVT_CAN_RSN,CEVT_CAN_RSN_CD,CHAR,XC779P0,1,NORMAL,VALID,VISIBLE,NO,UNIQUE,Y,Y,N,N,,MEDIUM,Good candidate for equality or IN pre-filter.
CI_CEVT_CAN_RSN_L,CEVT_CAN_RSN_CD,CHAR,XC768P0,1,NORMAL,VALID,VISIBLE,NO,UNIQUE,Y,Y,N,N,,MEDIUM,Good candidate for equality or IN pre-filter.
CI_CHAR_DFLT,POSTAL_CD_FROM,CHAR,XC060P0,1,NORMAL,VALID,VISIBLE,NO,UNIQUE,Y,Y,N,N,,MEDIUM,Good candidate for equality or IN pre-filter.
CI_CHAR_DFLT_SV,POSTAL_CD_FROM,CHAR,XC061P0,1,NORMAL,VALID,VISIBLE,NO,UNIQUE,Y,Y,N,N,,MEDIUM,Good candidate for equality or IN pre-filter.
CI_CHAR_ENTITY,CHAR_ENTITY_FLG,CHAR,XC317P0,1,NORMAL,VALID,VISIBLE,NO,UNIQUE,Y,Y,N,N,,MEDIUM,Good candidate for equality or IN pre-filter.
CI_CHAR_TYPE,CHAR_TYPE_CD,CHAR,XC062P0,1,NORMAL,VALID,VISIBLE,NO,UNIQUE,Y,Y,N,N,,MEDIUM,Good candidate for equality or IN pre-filter.
CI_CHAR_TYPE,CHAR_TYPE_CD,CHAR,XC062S1,1,NORMAL,VALID,VISIBLE,NO,UNIQUE,Y,Y,N,N,,MEDIUM,Good candidate for equality or IN pre-filter.
CI_CHAR_TYPE_L,CHAR_TYPE_CD,CHAR,XC509P0,1,NORMAL,VALID,VISIBLE,NO,UNIQUE,Y,Y,N,N,,MEDIUM,Good candidate for equality or IN pre-filter.
CI_CHAR_VAL,CHAR_TYPE_CD,CHAR,XC063P0,1,NORMAL,VALID,VISIBLE,NO,UNIQUE,Y,Y,N,N,,MEDIUM,Good candidate for equality or IN pre-filter.
CI_CHAR_VAL_L,CHAR_TYPE_CD,CHAR,XC510P0,1,NORMAL,VALID,VISIBLE,NO,UNIQUE,Y,Y,N,N,,MEDIUM,Good candidate for equality or IN pre-filter.
CI_CHG_LOG,BATCH_CD,CHAR,XT100S1,1,NORMAL,VALID,VISIBLE,NO,NONUNIQUE,Y,Y,N,N,,MEDIUM,Good candidate for equality or IN pre-filter.
CI_CHG_LOG,CHG_LOG_ID,NUMBER,XT100P0,1,NORMAL,VALID,VISIBLE,NO,UNIQUE,Y,Y,N,N,,MEDIUM,Good candidate for equality or IN pre-filter.
CI_CHTY_ADJTY,ADJ_TYPE_CD,CHAR,XC782P0,1,NORMAL,VALID,VISIBLE,NO,UNIQUE,Y,Y,N,N,,MEDIUM,Good candidate for equality or IN pre-filter.
CI_CHTY_CASETY,CASE_TYPE_CD,CHAR,XC704P0,1,NORMAL,VALID,VISIBLE,NO,UNIQUE,Y,Y,N,N,,MEDIUM,Good candidate for equality or IN pre-filter.
CI_CHTY_CCTY,CC_CL_CD,CHAR,XC265P0,1,NORMAL,VALID,VISIBLE,NO,UNIQUE,Y,Y,N,N,,MEDIUM,Good candidate for equality or IN pre-filter.
CI_CHTY_COPTY,CONT_OPT_TYPE_CD,CHAR,XC621P0,1,NORMAL,VALID,VISIBLE,NO,UNIQUE,Y,Y,N,N,,MEDIUM,Good candidate for equality or IN pre-filter.
CI_CHTY_COP_ETY,CONT_OPT_EVT_TY_CD,CHAR,XC978P0,1,NORMAL,VALID,VISIBLE,NO,UNIQUE,Y,Y,N,N,,MEDIUM,Good candidate for equality or IN pre-filter.
CI_CHTY_DV_TTYP,CHAR_TYPE_CD,CHAR,C1C054S1,1,NORMAL,VALID,VISIBLE,NO,NONUNIQUE,Y,Y,N,N,,MEDIUM,Good candidate for equality or IN pre-filter.
CI_CHTY_DV_TTYP,DV_TEST_TYPE_CD,CHAR,XC054P0,1,NORMAL,VALID,VISIBLE,NO,UNIQUE,Y,Y,N,N,,MEDIUM,Good candidate for equality or IN pre-filter.
CI_CHTY_FATY,FA_TYPE_CD,CHAR,XC467P0,1,NORMAL,VALID,VISIBLE,NO,UNIQUE,Y,Y,N,N,,MEDIUM,Good candidate for equality or IN pre-filter.
CI_CHTY_ITTY,CHAR_TYPE_CD,CHAR,C1C318S1,1,NORMAL,VALID,VISIBLE,NO,NONUNIQUE,Y,Y,N,N,,MEDIUM,Good candidate for equality or IN pre-filter.
CI_CHTY_ITTY,ITEM_TYPE_CD,VARCHAR2,XC318P0,1,NORMAL,VALID,VISIBLE,NO,UNIQUE,Y,Y,N,N,,MEDIUM,Good candidate for equality or IN pre-filter.
CI_CHTY_MTTY,CHAR_TYPE_CD,CHAR,C1C325S1,1,NORMAL,VALID,VISIBLE,NO,NONUNIQUE,Y,Y,N,N,,MEDIUM,Good candidate for equality or IN pre-filter.
CI_CHTY_MTTY,MTR_TYPE_CD,CHAR,XC325P0,1,NORMAL,VALID,VISIBLE,NO,UNIQUE,Y,Y,N,N,,MEDIUM,Good candidate for equality or IN pre-filter.
CI_CHTY_SCMTY,SCM_TYPE_CD,CHAR,XC426P0,1,NORMAL,VALID,VISIBLE,NO,UNIQUE,Y,Y,N,N,,MEDIUM,Good candidate for equality or IN pre-filter.
CI_CHTY_SPTY,CHAR_TYPE_CD,CHAR,C1C324S1,1,NORMAL,VALID,VISIBLE,NO,NONUNIQUE,Y,Y,N,N,,MEDIUM,Good candidate for equality or IN pre-filter.
CI_CHTY_SPTY,SP_TYPE_CD,VARCHAR2,XC324P0,1,NORMAL,VALID,VISIBLE,NO,UNIQUE,Y,Y,N,N,,MEDIUM,Good candidate for equality or IN pre-filter.
CI_CHTY_TDTY,TD_TYPE_CD,CHAR,XC374P0,1,NORMAL,VALID,VISIBLE,NO,UNIQUE,Y,Y,N,N,,MEDIUM,Good candidate for equality or IN pre-filter.
CI_CHTY_TOSTY,TOS_TYPE_CD,CHAR,XC723P0,1,NORMAL,VALID,VISIBLE,NO,UNIQUE,Y,Y,N,N,,MEDIUM,Good candidate for equality or IN pre-filter.
CI_CHTY_UATY,UA_TYPE_CD,CHAR,XC724P0,1,NORMAL,VALID,VISIBLE,NO,UNIQUE,Y,Y,N,N,,MEDIUM,Good candidate for equality or IN pre-filter.
CI_CIS_DIVISION,BUS_OBJ_CD,CHAR,C1C267S1,1,NORMAL,VALID,VISIBLE,NO,NONUNIQUE,Y,Y,N,N,,MEDIUM,Good candidate for equality or IN pre-filter.
CI_CIS_DIVISION,CIS_DIVISION,CHAR,XC267P0,1,NORMAL,VALID,VISIBLE,NO,UNIQUE,Y,Y,N,N,,MEDIUM,Good candidate for equality or IN pre-filter.
CI_CIS_DIVISION_L,CIS_DIVISION,CHAR,XC511P0,1,NORMAL,VALID,VISIBLE,NO,UNIQUE,Y,Y,N,N,,MEDIUM,Good candidate for equality or IN pre-filter.
CI_CIS_DIV_CHAR,CIS_DIVISION,CHAR,XC607P0,1,NORMAL,VALID,VISIBLE,NO,UNIQUE,Y,Y,N,N,,MEDIUM,Good candidate for equality or IN pre-filter.
CI_CNV_DUP_KEY,TBL_NAME,CHAR,XT810P0,1,NORMAL,VALID,VISIBLE,NO,UNIQUE,Y,Y,N,N,,MEDIUM,Good candidate for equality or IN pre-filter.
CI_CNV_KEY_TMP,TBL_NAME,CHAR,XT817P0,1,NORMAL,VALID,VISIBLE,NO,UNIQUE,Y,Y,N,N,,MEDIUM,Good candidate for equality or IN pre-filter.
CI_CNV_KEY_TMP,TBL_NAME,CHAR,XT817S1,1,NORMAL,VALID,VISIBLE,NO,NONUNIQUE,Y,Y,N,N,,MEDIUM,Good candidate for equality or IN pre-filter.
CI_COLL_AGY,COLL_AGY_CD,CHAR,XC055P0,1,NORMAL,VALID,VISIBLE,NO,UNIQUE,Y,Y,N,N,,MEDIUM,Good candidate for equality or IN pre-filter.
CI_COLL_AGY_HIS,COLL_AGY_REF_ID,CHAR,XT010P0,1,NORMAL,VALID,VISIBLE,NO,UNIQUE,Y,Y,N,N,,MEDIUM,Good candidate for equality or IN pre-filter.
CI_COLL_AGY_HIS,REF_HIST_RSN_FLG,CHAR,XT010S1,1,NORMAL,VALID,VISIBLE,NO,NONUNIQUE,Y,Y,N,N,,MEDIUM,Good candidate for equality or IN pre-filter.
CI_COLL_AGY_L,COLL_AGY_CD,CHAR,XC057P0,1,NORMAL,VALID,VISIBLE,NO,UNIQUE,Y,Y,N,N,,MEDIUM,Good candidate for equality or IN pre-filter.
CI_COLL_AGY_REF,ACCT_ID,CHAR,XT011S1,1,NORMAL,VALID,VISIBLE,NO,NONUNIQUE,Y,Y,N,N,,MEDIUM,Good candidate for equality or IN pre-filter.
CI_COLL_AGY_REF,COLL_AGY_REF_ID,CHAR,XT011P0,1,NORMAL,VALID,VISIBLE,NO,UNIQUE,Y,Y,N,N,,MEDIUM,Good candidate for equality or IN pre-filter.
CI_COLL_AGY_REF,REF_STATUS_FLG,CHAR,XT011S3,1,NORMAL,VALID,VISIBLE,NO,NONUNIQUE,Y,Y,N,N,,MEDIUM,Good candidate for equality or IN pre-filter.
CI_COLL_AGY_REF,WO_PROC_ID,CHAR,XT011S2,1,NORMAL,VALID,VISIBLE,NO,NONUNIQUE,Y,Y,N,N,,MEDIUM,Good candidate for equality or IN pre-filter.
CI_COLL_AGY_REF_K,COLL_AGY_REF_ID,CHAR,XT514P0,1,IOT - TOP,VALID,VISIBLE,NO,UNIQUE,Y,Y,N,N,,MEDIUM,Good candidate for equality or IN pre-filter.
CI_COLL_CL,COLL_CL_CD,CHAR,XC065P0,1,NORMAL,VALID,VISIBLE,NO,UNIQUE,Y,Y,N,N,,MEDIUM,Good candidate for equality or IN pre-filter.
CI_COLL_CL_CNTL,COLL_CL_CD,CHAR,XC066S1,1,NORMAL,VALID,VISIBLE,NO,NONUNIQUE,Y,Y,N,N,,MEDIUM,Good candidate for equality or IN pre-filter.
CI_COLL_CL_CNTL,COLL_CL_CNTL_CD,CHAR,XC066P0,1,NORMAL,VALID,VISIBLE,NO,UNIQUE,Y,Y,N,N,,MEDIUM,Good candidate for equality or IN pre-filter.
CI_COLL_CL_CNTL_L,COLL_CL_CNTL_CD,CHAR,XC512P0,1,NORMAL,VALID,VISIBLE,NO,UNIQUE,Y,Y,N,N,,MEDIUM,Good candidate for equality or IN pre-filter.
CI_COLL_CL_L,COLL_CL_CD,CHAR,XC513P0,1,NORMAL,VALID,VISIBLE,NO,UNIQUE,Y,Y,N,N,,MEDIUM,Good candidate for equality or IN pre-filter.
CI_COLL_CRIT,COLL_CL_CNTL_CD,CHAR,XC067P0,1,NORMAL,VALID,VISIBLE,NO,UNIQUE,Y,Y,N,N,,MEDIUM,Good candidate for equality or IN pre-filter.
CI_COLL_CRIT,COLL_PROC_TMPL_CD,CHAR,XC067S2,1,NORMAL,VALID,VISIBLE,NO,NONUNIQUE,Y,Y,N,N,,MEDIUM,Good candidate for equality or IN pre-filter.
CI_COLL_CRIT_CT,COLL_CL_CNTL_CD,CHAR,XC068P0,1,NORMAL,VALID,VISIBLE,NO,UNIQUE,Y,Y,N,N,,MEDIUM,Good candidate for equality or IN pre-filter.
CI_COLL_EVT,COLL_PROC_ID,CHAR,XT069P0,1,NORMAL,VALID,VISIBLE,NO,UNIQUE,Y,Y,N,N,,MEDIUM,Good candidate for equality or IN pre-filter.
CI_COLL_EVT,TRIGGER_BP_SW,CHAR,XT069S0,1,NORMAL,VALID,VISIBLE,NO,NONUNIQUE,Y,Y,N,N,,MEDIUM,Good candidate for equality or IN pre-filter.
CI_COLL_EVT_CC,CC_ID,CHAR,XT070S1,1,NORMAL,VALID,VISIBLE,NO,NONUNIQUE,Y,Y,N,N,,MEDIUM,Good candidate for equality or IN pre-filter.
CI_COLL_EVT_CC,COLL_PROC_ID,CHAR,XT070P0,1,NORMAL,VALID,VISIBLE,NO,UNIQUE,Y,Y,N,N,,MEDIUM,Good candidate for equality or IN pre-filter.
CI_COLL_EVT_TYP,COLL_EVT_TYPE_FLG,CHAR,XC071S1,1,NORMAL,VALID,VISIBLE,NO,NONUNIQUE,Y,Y,N,N,,MEDIUM,Good candidate for equality or IN pre-filter.
CI_COLL_EVT_TYP,COLL_EVT_TYP_CD,CHAR,XC071P0,1,NORMAL,VALID,VISIBLE,NO,UNIQUE,Y,Y,N,N,,MEDIUM,Good candidate for equality or IN pre-filter.
CI_COLL_EVT_TYP_L,COLL_EVT_TYP_CD,CHAR,XC514P0,1,NORMAL,VALID,VISIBLE,NO,UNIQUE,Y,Y,N,N,,MEDIUM,Good candidate for equality or IN pre-filter.
CI_COLL_PROC,ACCT_ID,CHAR,XT073S1,1,NORMAL,VALID,VISIBLE,NO,NONUNIQUE,Y,Y,N,N,debt_mgmt,MEDIUM,Good candidate for equality or IN pre-filter.
CI_COLL_PROC,COLL_PROC_ID,CHAR,XT073P0,1,NORMAL,VALID,VISIBLE,NO,UNIQUE,Y,Y,N,N,debt_mgmt,MEDIUM,Good candidate for equality or IN pre-filter.
CI_COLL_PROC_K,COLL_PROC_ID,CHAR,XT515P0,1,IOT - TOP,VALID,VISIBLE,NO,UNIQUE,Y,Y,N,N,,MEDIUM,Good candidate for equality or IN pre-filter.
CI_COLL_PROC_SA,COLL_PROC_ID,CHAR,XT074P0,1,NORMAL,VALID,VISIBLE,NO,UNIQUE,Y,Y,N,N,,MEDIUM,Good candidate for equality or IN pre-filter.
CI_COLL_PROC_SA,SA_ID,CHAR,XT074S1,1,NORMAL,VALID,VISIBLE,NO,NONUNIQUE,Y,Y,N,N,,MEDIUM,Good candidate for equality or IN pre-filter.
CI_COLL_PROC_TM,COLL_PROC_TMPL_CD,CHAR,XC075P0,1,NORMAL,VALID,VISIBLE,NO,UNIQUE,Y,Y,N,N,,MEDIUM,Good candidate for equality or IN pre-filter.
CI_COLL_PROC_TM_L,COLL_PROC_TMPL_CD,CHAR,XC515P0,1,NORMAL,VALID,VISIBLE,NO,UNIQUE,Y,Y,N,N,,MEDIUM,Good candidate for equality or IN pre-filter.
CI_COLL_RESP,COLL_PROC_TMPL_CD,CHAR,XC076P0,1,NORMAL,VALID,VISIBLE,NO,UNIQUE,Y,Y,N,N,,MEDIUM,Good candidate for equality or IN pre-filter.
CI_COL_REF,COL_REF_CD,CHAR,XC642P0,1,NORMAL,VALID,VISIBLE,NO,UNIQUE,Y,Y,N,N,,MEDIUM,Good candidate for equality or IN pre-filter.
CI_COL_REF_ALG,COL_REF_CD,CHAR,XC319P0,1,NORMAL,VALID,VISIBLE,NO,UNIQUE,Y,Y,N,N,,MEDIUM,Good candidate for equality or IN pre-filter.
CI_COL_REF_L,COL_REF_CD,CHAR,XC643P0,1,NORMAL,VALID,VISIBLE,NO,UNIQUE,Y,Y,N,N,,MEDIUM,Good candidate for equality or IN pre-filter.
CI_CONSV_PROG,CONSV_PROG_CD,CHAR,XC987P0,1,NORMAL,VALID,VISIBLE,NO,UNIQUE,Y,Y,N,N,,MEDIUM,Good candidate for equality or IN pre-filter.
CI_CONSV_PROG_CHAR,CONSV_PROG_CD,CHAR,XC470P0,1,NORMAL,VALID,VISIBLE,NO,UNIQUE,Y,Y,N,N,,MEDIUM,Good candidate for equality or IN pre-filter.
CI_CONSV_PROG_CHAR,SRCH_CHAR_VAL,VARCHAR2,XC470S1,1,NORMAL,VALID,VISIBLE,NO,NONUNIQUE,Y,Y,N,N,,MEDIUM,Good candidate for equality or IN pre-filter.
CI_CONSV_PROG_L,CONSV_PROG_CD,CHAR,XC989P0,1,NORMAL,VALID,VISIBLE,NO,UNIQUE,Y,Y,N,N,,MEDIUM,Good candidate for equality or IN pre-filter.
CI_CONT_QTY_TMP,CIS_DIVISION,CHAR,XC354P0,1,NORMAL,VALID,VISIBLE,NO,UNIQUE,Y,Y,N,N,,MEDIUM,Good candidate for equality or IN pre-filter.
CI_CONT_QTY_TYP,CONT_QTY_TYPE_CD,CHAR,XC077P0,1,NORMAL,VALID,VISIBLE,NO,UNIQUE,Y,Y,N,N,,MEDIUM,Good candidate for equality or IN pre-filter.
CI_CONT_QTY_TYP_L,CONT_QTY_TYPE_CD,CHAR,XC520P0,1,NORMAL,VALID,VISIBLE,NO,UNIQUE,Y,Y,N,N,,MEDIUM,Good candidate for equality or IN pre-filter.
CI_COP,CONT_OPT_ID,CHAR,XM211P0,1,NORMAL,VALID,VISIBLE,NO,UNIQUE,Y,Y,N,N,,MEDIUM,Good candidate for equality or IN pre-filter.
CI_COP,CRE_SA_ID,CHAR,XM211S1,1,NORMAL,VALID,VISIBLE,NO,UNIQUE,Y,Y,N,N,,MEDIUM,Good candidate for equality or IN pre-filter.
CI_COP_CHAR,CONT_OPT_ID,CHAR,XM213P0,1,NORMAL,VALID,VISIBLE,NO,UNIQUE,Y,Y,N,N,,MEDIUM,Good candidate for equality or IN pre-filter.
CI_COP_EVT,CONT_OPT_EVT_ID,CHAR,XT208P0,1,NORMAL,VALID,VISIBLE,NO,UNIQUE,Y,Y,N,N,,MEDIUM,Good candidate for equality or IN pre-filter.
CI_COP_EVT,CONT_OPT_ID,CHAR,XT208S1,1,NORMAL,VALID,VISIBLE,NO,NONUNIQUE,Y,Y,N,N,,MEDIUM,Good candidate for equality or IN pre-filter.
CI_COP_EVT_CHAR,CONT_OPT_EVT_ID,CHAR,XT209P0,1,NORMAL,VALID,VISIBLE,NO,UNIQUE,Y,Y,N,N,,MEDIUM,Good candidate for equality or IN pre-filter.
CI_COP_EVT_EXC,CONT_OPT_EVT_ID,CHAR,XT210P0,1,NORMAL,VALID,VISIBLE,NO,UNIQUE,Y,Y,N,N,,MEDIUM,Good candidate for equality or IN pre-filter.
CI_COP_EVT_EXP,CONT_OPT_EVT_ID,CHAR,XT211P0,1,NORMAL,VALID,VISIBLE,NO,UNIQUE,Y,Y,N,N,,MEDIUM,Good candidate for equality or IN pre-filter.
CI_COP_EVT_K,CONT_OPT_EVT_ID,CHAR,XT517P0,1,IOT - TOP,VALID,VISIBLE,NO,UNIQUE,Y,Y,N,N,,MEDIUM,Good candidate for equality or IN pre-filter.
CI_COP_EVT_TYPE,CONT_OPT_EVT_TY_CD,CHAR,XC622P0,1,NORMAL,VALID,VISIBLE,NO,UNIQUE,Y,Y,N,N,,MEDIUM,Good candidate for equality or IN pre-filter.
CI_COP_EVT_TYPE_L,LANGUAGE_CD,CHAR,XC623P0,1,NORMAL,VALID,VISIBLE,NO,UNIQUE,Y,Y,N,N,,MEDIUM,Good candidate for equality or IN pre-filter.
CI_COP_K,CONT_OPT_ID,CHAR,XM502P0,1,IOT - TOP,VALID,VISIBLE,NO,UNIQUE,Y,Y,N,N,,MEDIUM,Good candidate for equality or IN pre-filter.
CI_COP_L,CONT_OPT_ID,CHAR,XM212P0,1,NORMAL,VALID,VISIBLE,NO,UNIQUE,Y,Y,N,N,,MEDIUM,Good candidate for equality or IN pre-filter.
CI_COP_TYPE,CONT_OPT_TYPE_CD,CHAR,XC618P0,1,NORMAL,VALID,VISIBLE,NO,UNIQUE,Y,Y,N,N,,MEDIUM,Good candidate for equality or IN pre-filter.
CI_COP_TYPE_ALG,CONT_OPT_TYPE_CD,CHAR,XC620P0,1,NORMAL,VALID,VISIBLE,NO,UNIQUE,Y,Y,N,N,,MEDIUM,Good candidate for equality or IN pre-filter.
CI_COP_TYPE_L,CONT_OPT_TYPE_CD,CHAR,XC619P0,1,NORMAL,VALID,VISIBLE,NO,UNIQUE,Y,Y,N,N,,MEDIUM,Good candidate for equality or IN pre-filter.
CI_COUNTRY,COUNTRY,CHAR,XC269P0,1,NORMAL,VALID,VISIBLE,NO,UNIQUE,Y,Y,N,N,,MEDIUM,Good candidate for equality or IN pre-filter.
CI_COUNTRY_L,COUNTRY,CHAR,XC521P0,1,NORMAL,VALID,VISIBLE,NO,UNIQUE,Y,Y,N,N,,MEDIUM,Good candidate for equality or IN pre-filter.
CI_CR_RAT_HIST,ACCT_ID,CHAR,XT078S1,1,NORMAL,VALID,VISIBLE,NO,NONUNIQUE,Y,Y,N,N,,MEDIUM,Good candidate for equality or IN pre-filter.
CI_CR_RAT_HIST,COLL_PROC_ID,CHAR,XT078S2,1,NORMAL,VALID,VISIBLE,NO,NONUNIQUE,Y,Y,N,N,,MEDIUM,Good candidate for equality or IN pre-filter.
CI_CR_RAT_HIST,CR_RATING_HIST_ID,CHAR,XT078P0,1,NORMAL,VALID,VISIBLE,NO,UNIQUE,Y,Y,N,N,,MEDIUM,Good candidate for equality or IN pre-filter.
CI_CR_RAT_HIST,SEV_PROC_ID,CHAR,XT078S3,1,NORMAL,VALID,VISIBLE,NO,NONUNIQUE,Y,Y,N,N,,MEDIUM,Good candidate for equality or IN pre-filter.
CI_CR_RAT_HIST_K,CR_RATING_HIST_ID,CHAR,XT518P0,1,IOT - TOP,VALID,VISIBLE,NO,UNIQUE,Y,Y,N,N,,MEDIUM,Good candidate for equality or IN pre-filter.
CI_CR_UNIT,CR_UNIT_CD,CHAR,XC412P0,1,NORMAL,VALID,VISIBLE,NO,UNIQUE,Y,Y,N,N,,MEDIUM,Good candidate for equality or IN pre-filter.
CI_CR_UNIT_L,CR_UNIT_CD,CHAR,XC413P0,1,NORMAL,VALID,VISIBLE,NO,UNIQUE,Y,Y,N,N,,MEDIUM,Good candidate for equality or IN pre-filter.
CI_CURRENCY_CD,CURRENCY_CD,CHAR,XC270P0,1,NORMAL,VALID,VISIBLE,NO,UNIQUE,Y,Y,N,N,,MEDIUM,Good candidate for equality or IN pre-filter.
CI_CURRENCY_CD_L,CURRENCY_CD,CHAR,XC522P0,1,NORMAL,VALID,VISIBLE,NO,UNIQUE,Y,Y,N,N,,MEDIUM,Good candidate for equality or IN pre-filter.
CI_CUST_CL,CUST_CL_CD,CHAR,XC080P0,1,NORMAL,VALID,VISIBLE,NO,UNIQUE,Y,Y,N,N,,MEDIUM,Good candidate for equality or IN pre-filter.
CI_CUST_CL_CTRL,CIS_DIVISION,CHAR,XC316P0,1,NORMAL,VALID,VISIBLE,NO,UNIQUE,Y,Y,N,N,,MEDIUM,Good candidate for equality or IN pre-filter.
CI_CUST_CL_L,CUST_CL_CD,CHAR,XC523P0,1,NORMAL,VALID,VISIBLE,NO,UNIQUE,Y,Y,N,N,,MEDIUM,Good candidate for equality or IN pre-filter.
CI_CUST_CL_MSG,CUST_CL_CD,CHAR,XC082P0,1,NORMAL,VALID,VISIBLE,NO,UNIQUE,Y,Y,N,N,,MEDIUM,Good candidate for equality or IN pre-filter.
CI_CUT_EVT,CUT_PROC_ID,CHAR,XT322P0,1,NORMAL,VALID,VISIBLE,NO,UNIQUE,Y,Y,N,N,,MEDIUM,Good candidate for equality or IN pre-filter.
CI_CUT_EVT_DEP,CUT_PROC_ID,CHAR,XT323P0,1,NORMAL,VALID,VISIBLE,NO,UNIQUE,Y,Y,N,N,,MEDIUM,Good candidate for equality or IN pre-filter.
CI_CUT_EVT_TYPE,CUT_EVT_TYPE_CD,CHAR,XC775P0,1,NORMAL,VALID,VISIBLE,NO,UNIQUE,Y,Y,N,N,,MEDIUM,Good candidate for equality or IN pre-filter.
CI_CUT_EVT_TYPE_L,CUT_EVT_TYPE_CD,CHAR,XC776P0,1,NORMAL,VALID,VISIBLE,NO,UNIQUE,Y,Y,N,N,,MEDIUM,Good candidate for equality or IN pre-filter.
CI_CUT_EVT_TYP_ALG,CUT_EVT_TYPE_CD,CHAR,XC777P0,1,NORMAL,VALID,VISIBLE,NO,UNIQUE,Y,Y,N,N,,MEDIUM,Good candidate for equality or IN pre-filter.
CI_CUT_PROC,CUT_PROC_ID,CHAR,XT324P0,1,NORMAL,VALID,VISIBLE,NO,UNIQUE,Y,Y,N,N,,MEDIUM,Good candidate for equality or IN pre-filter.
CI_CUT_PROC,OD_PROC_ID,CHAR,XT324S1,1,NORMAL,VALID,VISIBLE,NO,NONUNIQUE,Y,Y,N,N,,MEDIUM,Good candidate for equality or IN pre-filter.
CI_CUT_PROC,SA_ID,CHAR,XT324S2,1,NORMAL,VALID,VISIBLE,NO,NONUNIQUE,Y,Y,N,N,,MEDIUM,Good candidate for equality or IN pre-filter.
CI_CUT_PROC_K,CUT_PROC_ID,CHAR,XT325P0,1,IOT - TOP,VALID,VISIBLE,NO,UNIQUE,Y,Y,N,N,,MEDIUM,Good candidate for equality or IN pre-filter.
CI_CUT_PROC_TMP,CUT_PROC_TMP_CD,CHAR,XC770P0,1,NORMAL,VALID,VISIBLE,NO,UNIQUE,Y,Y,N,N,,MEDIUM,Good candidate for equality or IN pre-filter.
CI_CUT_PROC_TMP_L,CUT_PROC_TMP_CD,CHAR,XC771P0,1,NORMAL,VALID,VISIBLE,NO,UNIQUE,Y,Y,N,N,,MEDIUM,Good candidate for equality or IN pre-filter.
CI_CUT_PROC_TM_ALG,CUT_PROC_TMP_CD,CHAR,XC774P0,1,NORMAL,VALID,VISIBLE,NO,UNIQUE,Y,Y,N,N,,MEDIUM,Good candidate for equality or IN pre-filter.
CI_CUT_RESP,CUT_PROC_TMP_CD,CHAR,XC772P0,1,NORMAL,VALID,VISIBLE,NO,UNIQUE,Y,Y,N,N,,MEDIUM,Good candidate for equality or IN pre-filter.
CI_CUT_RESP_DEP,CUT_PROC_TMP_CD,CHAR,XC773P0,1,NORMAL,VALID,VISIBLE,NO,UNIQUE,Y,Y,N,N,,MEDIUM,Good candidate for equality or IN pre-filter.
CI_CVAL_TMPL,CIS_DIVISION,CHAR,XC083P0,1,NORMAL,VALID,VISIBLE,NO,UNIQUE,Y,Y,N,N,,MEDIUM,Good candidate for equality or IN pre-filter.
CI_CVAL_TOU_TMP,CIS_DIVISION,CHAR,XC608P0,1,NORMAL,VALID,VISIBLE,NO,UNIQUE,Y,Y,N,N,,MEDIUM,Good candidate for equality or IN pre-filter.
CI_DAR,DAR_CD,CHAR,XC689P0,1,NORMAL,VALID,VISIBLE,NO,UNIQUE,Y,Y,N,N,,MEDIUM,Good candidate for equality or IN pre-filter.
CI_DAR_L,DAR_CD,CHAR,XC690P0,1,NORMAL,VALID,VISIBLE,NO,UNIQUE,Y,Y,N,N,,MEDIUM,Good candidate for equality or IN pre-filter.
CI_DAR_USR,DAR_CD,CHAR,XC691P0,1,NORMAL,VALID,VISIBLE,NO,UNIQUE,Y,Y,N,N,,MEDIUM,Good candidate for equality or IN pre-filter.
CI_DAR_USR,USER_ID,CHAR,XC691S1,1,NORMAL,VALID,VISIBLE,NO,UNIQUE,Y,Y,N,N,,MEDIUM,Good candidate for equality or IN pre-filter.
CI_DATA_DIFF,DATA_DIFF_ID,CHAR,XT305P0,1,NORMAL,VALID,VISIBLE,NO,UNIQUE,Y,Y,N,N,,MEDIUM,Good candidate for equality or IN pre-filter.
CI_DATA_DIFF,TBL_NAME,CHAR,XT305S1,1,NORMAL,VALID,VISIBLE,NO,NONUNIQUE,Y,Y,N,N,,MEDIUM,Good candidate for equality or IN pre-filter.
CI_DATA_DIFF_PK,DATA_DIFF_ID,CHAR,XT306P0,1,NORMAL,VALID,VISIBLE,NO,UNIQUE,Y,Y,N,N,,MEDIUM,Good candidate for equality or IN pre-filter.
CI_DB_INSTR,DB_PROC_CD,CHAR,XC243P0,1,NORMAL,VALID,VISIBLE,NO,UNIQUE,Y,Y,N,N,,MEDIUM,Good candidate for equality or IN pre-filter.
CI_DB_INSTR_ALG,DB_PROC_CD,CHAR,XC255P0,1,NORMAL,VALID,VISIBLE,NO,UNIQUE,Y,Y,N,N,,MEDIUM,Good candidate for equality or IN pre-filter.
CI_DB_INSTR_L,DB_PROC_CD,CHAR,XC245P0,1,NORMAL,VALID,VISIBLE,NO,UNIQUE,Y,Y,N,N,,MEDIUM,Good candidate for equality or IN pre-filter.
CI_DB_INST_OVRD,DB_PROC_CD,CHAR,XC256P0,1,NORMAL,VALID,VISIBLE,NO,UNIQUE,Y,Y,N,N,,MEDIUM,Good candidate for equality or IN pre-filter.
CI_DB_PROC,DB_PROC_CD,CHAR,XC241P0,1,NORMAL,VALID,VISIBLE,NO,UNIQUE,Y,Y,N,N,,MEDIUM,Good candidate for equality or IN pre-filter.
CI_DB_PROC_L,DB_PROC_CD,CHAR,XC242P0,1,NORMAL,VALID,VISIBLE,NO,UNIQUE,Y,Y,N,N,,MEDIUM,Good candidate for equality or IN pre-filter.
CI_DCL,ACCT_ID,CHAR,XM302S1,1,NORMAL,VALID,VISIBLE,NO,NONUNIQUE,Y,Y,N,N,,MEDIUM,Good candidate for equality or IN pre-filter.
CI_DCL,DCL_ID,CHAR,XM302P0,1,NORMAL,VALID,VISIBLE,NO,UNIQUE,Y,Y,N,N,,MEDIUM,Good candidate for equality or IN pre-filter.
CI_DCL,PREM_ID,CHAR,XM302S2,1,NORMAL,VALID,VISIBLE,NO,NONUNIQUE,Y,Y,N,N,,MEDIUM,Good candidate for equality or IN pre-filter.
CI_DCL_K,DCL_ID,CHAR,XM303P0,1,IOT - TOP,VALID,VISIBLE,NO,UNIQUE,Y,Y,N,N,,MEDIUM,Good candidate for equality or IN pre-filter.
CI_DC_ALG,DEBT_CL_CD,CHAR,XC341P0,1,NORMAL,VALID,VISIBLE,NO,UNIQUE,Y,Y,N,N,,MEDIUM,Good candidate for equality or IN pre-filter.
CI_DEBT_CL,DEBT_CL_CD,CHAR,XC084P0,1,NORMAL,VALID,VISIBLE,NO,UNIQUE,Y,Y,N,N,,MEDIUM,Good candidate for equality or IN pre-filter.
CI_DEBT_CL_L,LANGUAGE_CD,CHAR,XC524P0,1,NORMAL,VALID,VISIBLE,NO,UNIQUE,Y,Y,N,N,,MEDIUM,Good candidate for equality or IN pre-filter.
CI_DEG_DAY,TREND_AREA_CD,CHAR,XC085P0,1,NORMAL,VALID,VISIBLE,NO,UNIQUE,Y,Y,N,N,,MEDIUM,Good candidate for equality or IN pre-filter.
CI_DEP_CL,DEP_CL_CD,CHAR,XC064P0,1,NORMAL,VALID,VISIBLE,NO,UNIQUE,Y,Y,N,N,,MEDIUM,Good candidate for equality or IN pre-filter.
CI_DEP_CL_L,DEP_CL_CD,CHAR,XC069P0,1,NORMAL,VALID,VISIBLE,NO,UNIQUE,Y,Y,N,N,,MEDIUM,Good candidate for equality or IN pre-filter.
CI_DEP_CTL,CRE_DTTM,DATE,XT086S1,1,NORMAL,VALID,VISIBLE,NO,NONUNIQUE,Y,Y,Y,N,cashiering,HIGH,Primary candidate for mandatory rolling window pre-filter.
CI_DEP_CTL,DEP_CTL_ID,CHAR,XT086P0,1,NORMAL,VALID,VISIBLE,NO,UNIQUE,Y,Y,N,N,cashiering,MEDIUM,Good candidate for equality or IN pre-filter.
CI_DEP_CTL,DEP_CTL_STATUS_FLG,CHAR,XT086S3,1,NORMAL,VALID,VISIBLE,NO,NONUNIQUE,Y,Y,N,N,cashiering,MEDIUM,Good candidate for equality or IN pre-filter.
CI_DEP_CTL,TNDR_SRCE_TYPE_FLG,CHAR,XT086S2,1,NORMAL,VALID,VISIBLE,NO,NONUNIQUE,Y,Y,N,N,cashiering,MEDIUM,Good candidate for equality or IN pre-filter.
CI_DEP_CTL_CHAR,DEP_CTL_ID,CHAR,XC624P0,1,NORMAL,VALID,VISIBLE,NO,UNIQUE,Y,Y,N,N,,MEDIUM,Good candidate for equality or IN pre-filter.
CI_DEP_CTL_CHAR,SRCH_CHAR_VAL,VARCHAR2,XC624S1,1,NORMAL,VALID,VISIBLE,NO,NONUNIQUE,Y,Y,N,N,,MEDIUM,Good candidate for equality or IN pre-filter.
CI_DEP_CTL_K,DEP_CTL_ID,CHAR,XT519P0,1,IOT - TOP,VALID,VISIBLE,NO,UNIQUE,Y,Y,N,N,,MEDIUM,Good candidate for equality or IN pre-filter.
CI_DEP_CTL_ST,TRANSMIT_DTTM,DATE,XT087S2,1,NORMAL,VALID,VISIBLE,NO,NONUNIQUE,Y,Y,Y,N,,HIGH,Primary candidate for mandatory rolling window pre-filter.
CI_DEP_CTL_ST,DEP_CTL_ID,CHAR,XT087S1,1,NORMAL,VALID,VISIBLE,NO,NONUNIQUE,Y,Y,N,N,,MEDIUM,Good candidate for equality or IN pre-filter.
CI_DEP_CTL_ST,EXT_SOURCE_ID,CHAR,XT087P0,1,NORMAL,VALID,VISIBLE,NO,UNIQUE,Y,Y,N,N,,MEDIUM,Good candidate for equality or IN pre-filter.
CI_DEP_CTL_ST,LAST_UPDATE_INST,NUMBER,XT087S3,1,NORMAL,VALID,VISIBLE,NO,NONUNIQUE,Y,Y,N,N,,MEDIUM,Good candidate for equality or IN pre-filter.
CI_DEP_RVW,REVIEW_DT,DATE,XT013S1,1,NORMAL,VALID,VISIBLE,NO,NONUNIQUE,Y,Y,Y,N,,HIGH,Primary candidate for mandatory rolling window pre-filter.
CI_DEP_RVW,ACCT_ID,CHAR,XT013P0,1,NORMAL,VALID,VISIBLE,NO,UNIQUE,Y,Y,N,N,,MEDIUM,Good candidate for equality or IN pre-filter.
CI_DEP_RVW,RCMEND_WORKED_SW,CHAR,XT013S2,1,NORMAL,VALID,VISIBLE,NO,NONUNIQUE,Y,Y,N,N,,MEDIUM,Good candidate for equality or IN pre-filter.
CI_DG_APP_SCHED,APP_SCHED_ID,CHAR,XC698P0,1,NORMAL,VALID,VISIBLE,NO,UNIQUE,Y,Y,N,N,,MEDIUM,Good candidate for equality or IN pre-filter.
CI_DG_APP_SCHED,DISP_GRP_CD,CHAR,XC698S1,1,NORMAL,VALID,VISIBLE,NO,NONUNIQUE,Y,Y,N,N,,MEDIUM,Good candidate for equality or IN pre-filter.
CI_DG_APP_SCHED_K,APP_SCHED_ID,CHAR,XC436P0,1,IOT - TOP,VALID,VISIBLE,NO,UNIQUE,Y,Y,N,N,,MEDIUM,Good candidate for equality or IN pre-filter.
CI_DISCON_LOC,DISCON_LOC_CD,CHAR,XC088P0,1,NORMAL,VALID,VISIBLE,NO,UNIQUE,Y,Y,N,N,,MEDIUM,Good candidate for equality or IN pre-filter.
CI_DISCON_LOC_L,DISCON_LOC_CD,CHAR,XC525P0,1,NORMAL,VALID,VISIBLE,NO,UNIQUE,Y,Y,N,N,,MEDIUM,Good candidate for equality or IN pre-filter.
CI_DISP_GRP,BATCH_CD,CHAR,XC089S2,1,NORMAL,VALID,VISIBLE,NO,NONUNIQUE,Y,Y,N,N,,MEDIUM,Good candidate for equality or IN pre-filter.
CI_DISP_GRP,DISP_GRP_CD,CHAR,XC089P0,1,NORMAL,VALID,VISIBLE,NO,UNIQUE,Y,Y,N,N,,MEDIUM,Good candidate for equality or IN pre-filter.
CI_DISP_GRP_ALG,DISP_GRP_CD,CHAR,XC697P0,1,NORMAL,VALID,VISIBLE,NO,UNIQUE,Y,Y,N,N,,MEDIUM,Good candidate for equality or IN pre-filter.
CI_DISP_GRP_L,DISP_GRP_CD,CHAR,XC526P0,1,NORMAL,VALID,VISIBLE,NO,UNIQUE,Y,Y,N,N,,MEDIUM,Good candidate for equality or IN pre-filter.
CI_DISP_GRP_REP,DISP_GRP_CD,CHAR,XC090P0,1,NORMAL,VALID,VISIBLE,NO,UNIQUE,Y,Y,N,N,,MEDIUM,Good candidate for equality or IN pre-filter.
CI_DISP_GRP_REP,REP_CD,CHAR,XC090S1,1,NORMAL,VALID,VISIBLE,NO,NONUNIQUE,Y,Y,N,N,,MEDIUM,Good candidate for equality or IN pre-filter.
CI_DISP_ICON,DISP_ICON_CD,CHAR,XC663P0,1,NORMAL,VALID,VISIBLE,NO,UNIQUE,Y,Y,N,N,,MEDIUM,Good candidate for equality or IN pre-filter.
CI_DISP_ICON_L,DISP_ICON_CD,CHAR,XC664P0,1,NORMAL,VALID,VISIBLE,NO,UNIQUE,Y,Y,N,N,,MEDIUM,Good candidate for equality or IN pre-filter.
CI_DISP_PROF,DISP_PROF_CD,CHAR,XC299P0,1,NORMAL,VALID,VISIBLE,NO,UNIQUE,Y,Y,N,N,,MEDIUM,Good candidate for equality or IN pre-filter.
CI_DISP_PROF_L,DISP_PROF_CD,CHAR,XC598P0,1,NORMAL,VALID,VISIBLE,NO,UNIQUE,Y,Y,N,N,,MEDIUM,Good candidate for equality or IN pre-filter.
CI_DIV_TD_ROLE,TD_TYPE_CD,CHAR,XC169P0,1,NORMAL,VALID,VISIBLE,NO,UNIQUE,Y,Y,N,N,,MEDIUM,Good candidate for equality or IN pre-filter.
CI_DST_CD_CHAR,DST_ID,CHAR,XC163P0,1,NORMAL,VALID,VISIBLE,NO,UNIQUE,Y,Y,N,N,,MEDIUM,Good candidate for equality or IN pre-filter.
CI_DST_CODE,DST_ID,CHAR,XC092P0,1,NORMAL,VALID,VISIBLE,NO,UNIQUE,Y,Y,N,N,,MEDIUM,Good candidate for equality or IN pre-filter.
CI_DST_CODE_EFF,DST_ID,CHAR,XC093P0,1,NORMAL,VALID,VISIBLE,NO,UNIQUE,Y,Y,N,N,,MEDIUM,Good candidate for equality or IN pre-filter.
CI_DST_CODE_L,LANGUAGE_CD,CHAR,XC162P0,1,NORMAL,VALID,VISIBLE,NO,UNIQUE,Y,Y,N,N,,MEDIUM,Good candidate for equality or IN pre-filter.
CI_DST_RULE,DST_RULE_CD,CHAR,XC785P0,1,NORMAL,VALID,VISIBLE,NO,UNIQUE,Y,Y,N,N,,MEDIUM,Good candidate for equality or IN pre-filter.
CI_DST_RULE_ALG,DST_RULE_CD,CHAR,XC787P0,1,NORMAL,VALID,VISIBLE,NO,UNIQUE,Y,Y,N,N,,MEDIUM,Good candidate for equality or IN pre-filter.
CI_DST_RULE_L,DST_RULE_CD,CHAR,XC786P0,1,NORMAL,VALID,VISIBLE,NO,UNIQUE,Y,Y,N,N,,MEDIUM,Good candidate for equality or IN pre-filter.
CI_DV_TEST,TEST_START_DTTM,DATE,XT014S1,1,NORMAL,VALID,VISIBLE,NO,NONUNIQUE,Y,Y,Y,N,,HIGH,Primary candidate for mandatory rolling window pre-filter.
CI_DV_TEST,DV_TEST_ID,CHAR,XT014P0,1,NORMAL,VALID,VISIBLE,NO,UNIQUE,Y,Y,N,N,,MEDIUM,Good candidate for equality or IN pre-filter.
CI_DV_TEST,DV_TEST_TYPE_CD,CHAR,XT014S2,1,NORMAL,VALID,VISIBLE,NO,NONUNIQUE,Y,Y,N,N,,MEDIUM,Good candidate for equality or IN pre-filter.
CI_DV_TEST,ITEM_ID,CHAR,XT014S4,1,NORMAL,VALID,VISIBLE,NO,NONUNIQUE,Y,Y,N,N,,MEDIUM,Good candidate for equality or IN pre-filter.
CI_DV_TEST,MTR_ID,CHAR,XT014S3,1,NORMAL,VALID,VISIBLE,NO,NONUNIQUE,Y,Y,N,N,,MEDIUM,Good candidate for equality or IN pre-filter.
CI_DV_TEST_CHAR,DV_TEST_ID,CHAR,XT015P0,1,NORMAL,VALID,VISIBLE,NO,UNIQUE,Y,Y,N,N,,MEDIUM,Good candidate for equality or IN pre-filter.
CI_DV_TEST_COMP,DV_TEST_ID,CHAR,XT016P0,1,NORMAL,VALID,VISIBLE,NO,UNIQUE,Y,Y,N,N,,MEDIUM,Good candidate for equality or IN pre-filter.
CI_DV_TEST_EXCP,DV_TEST_ID,CHAR,XT017P0,1,NORMAL,VALID,VISIBLE,NO,UNIQUE,Y,Y,N,N,,MEDIUM,Good candidate for equality or IN pre-filter.
CI_DV_TEST_K,DV_TEST_ID,CHAR,XT520P0,1,IOT - TOP,VALID,VISIBLE,NO,UNIQUE,Y,Y,N,N,,MEDIUM,Good candidate for equality or IN pre-filter.
CI_DV_TEST_RES,DV_TEST_ID,CHAR,XT018P0,1,NORMAL,VALID,VISIBLE,NO,UNIQUE,Y,Y,N,N,,MEDIUM,Good candidate for equality or IN pre-filter.
CI_DV_TEST_RES,REG_READ_ID,CHAR,XT018S1,1,NORMAL,VALID,VISIBLE,NO,NONUNIQUE,Y,Y,N,N,,MEDIUM,Good candidate for equality or IN pre-filter.
CI_DV_TEST_SEL,DESCR,VARCHAR2,XT019S3,1,NORMAL,VALID,VISIBLE,NO,NONUNIQUE,Y,Y,N,N,,MEDIUM,Good candidate for equality or IN pre-filter.
CI_DV_TEST_SEL,TEST_SEL_ID,CHAR,XT019P0,1,NORMAL,VALID,VISIBLE,NO,UNIQUE,Y,Y,N,N,,MEDIUM,Good candidate for equality or IN pre-filter.
CI_DV_TEST_SEL,TEST_SEL_STAT_FLG,CHAR,XT019S2,1,NORMAL,VALID,VISIBLE,NO,NONUNIQUE,Y,Y,N,N,,MEDIUM,Good candidate for equality or IN pre-filter.
CI_DV_TEST_SEL_K,TEST_SEL_ID,CHAR,XT521P0,1,IOT - TOP,VALID,VISIBLE,NO,UNIQUE,Y,Y,N,N,,MEDIUM,Good candidate for equality or IN pre-filter.
CI_DV_TEST_TYPE,DV_TEST_TYPE_CD,CHAR,XC070P0,1,NORMAL,VALID,VISIBLE,NO,UNIQUE,Y,Y,N,N,,MEDIUM,Good candidate for equality or IN pre-filter.
CI_DV_TEST_TYPE_L,DV_TEST_TYPE_CD,CHAR,XC001P0,1,NORMAL,VALID,VISIBLE,NO,UNIQUE,Y,Y,N,N,,MEDIUM,Good candidate for equality or IN pre-filter.
CI_DV_TTYP_CHAR,DV_TEST_TYPE_CD,CHAR,XC295P0,1,NORMAL,VALID,VISIBLE,NO,UNIQUE,Y,Y,N,N,,MEDIUM,Good candidate for equality or IN pre-filter.
CI_DV_TTYP_COMP,DV_TEST_TYPE_CD,CHAR,XC072P0,1,NORMAL,VALID,VISIBLE,NO,UNIQUE,Y,Y,N,N,,MEDIUM,Good candidate for equality or IN pre-filter.
CI_DV_TTYP_ITEM,ITEM_TYPE_CD,VARCHAR2,XC073P0,1,NORMAL,VALID,VISIBLE,NO,UNIQUE,Y,Y,N,N,,MEDIUM,Good candidate for equality or IN pre-filter.
CI_DV_TTYP_MTR,MTR_TYPE_CD,CHAR,XC074P0,1,NORMAL,VALID,VISIBLE,NO,UNIQUE,Y,Y,N,N,,MEDIUM,Good candidate for equality or IN pre-filter.
CI_ENRL,ACCT_ID,CHAR,XT193S2,1,NORMAL,VALID,VISIBLE,NO,NONUNIQUE,Y,Y,N,N,,MEDIUM,Good candidate for equality or IN pre-filter.
CI_ENRL,ENRL_ID,CHAR,XT193P0,1,NORMAL,VALID,VISIBLE,NO,UNIQUE,Y,Y,N,N,,MEDIUM,Good candidate for equality or IN pre-filter.
CI_ENRL,PER_ID,CHAR,XT193S1,1,NORMAL,VALID,VISIBLE,NO,NONUNIQUE,Y,Y,N,N,,MEDIUM,Good candidate for equality or IN pre-filter.
CI_ENRL,PREM_ID,CHAR,XT193S3,1,NORMAL,VALID,VISIBLE,NO,NONUNIQUE,Y,Y,N,N,,MEDIUM,Good candidate for equality or IN pre-filter.
CI_ENRL_ADDR,ADDRESS1_UPR,VARCHAR2,XT200S1,1,NORMAL,VALID,VISIBLE,NO,NONUNIQUE,Y,Y,N,N,,MEDIUM,Good candidate for equality or IN pre-filter.
CI_ENRL_ADDR,CITY_UPR,VARCHAR2,XT200S2,1,NORMAL,VALID,VISIBLE,NO,NONUNIQUE,Y,Y,N,N,,MEDIUM,Good candidate for equality or IN pre-filter.
CI_ENRL_ADDR,ENRL_ID,CHAR,XT200P0,1,NORMAL,VALID,VISIBLE,NO,UNIQUE,Y,Y,N,N,,MEDIUM,Good candidate for equality or IN pre-filter.
CI_ENRL_CAN_RSN,ENRL_CAN_RSN_CD,CHAR,XC658P0,1,NORMAL,VALID,VISIBLE,NO,UNIQUE,Y,Y,N,N,,MEDIUM,Good candidate for equality or IN pre-filter.
CI_ENRL_CAN_RSN_L,ENRL_CAN_RSN_CD,CHAR,XC659P0,1,NORMAL,VALID,VISIBLE,NO,UNIQUE,Y,Y,N,N,,MEDIUM,Good candidate for equality or IN pre-filter.
CI_ENRL_CBK_RSN,ENRL_CALLBK_RSN_CD,CHAR,XC660P0,1,NORMAL,VALID,VISIBLE,NO,UNIQUE,Y,Y,N,N,,MEDIUM,Good candidate for equality or IN pre-filter.
CI_ENRL_CBK_RSN_L,ENRL_CALLBK_RSN_CD,CHAR,XC661P0,1,NORMAL,VALID,VISIBLE,NO,UNIQUE,Y,Y,N,N,,MEDIUM,Good candidate for equality or IN pre-filter.
CI_ENRL_FLD,ENRL_ID,CHAR,XT191P0,1,NORMAL,VALID,VISIBLE,NO,UNIQUE,Y,Y,N,N,,MEDIUM,Good candidate for equality or IN pre-filter.
CI_ENRL_K,ENRL_ID,CHAR,XT522P0,1,IOT - TOP,VALID,VISIBLE,NO,UNIQUE,Y,Y,N,N,,MEDIUM,Good candidate for equality or IN pre-filter.
CI_ENRL_LOG,ENRL_ID,CHAR,XT198P0,1,NORMAL,VALID,VISIBLE,NO,UNIQUE,Y,Y,N,N,,MEDIUM,Good candidate for equality or IN pre-filter.
CI_ENRL_PER_ID,ENRL_ID,CHAR,XT199P0,1,NORMAL,VALID,VISIBLE,NO,UNIQUE,Y,Y,N,N,,MEDIUM,Good candidate for equality or IN pre-filter.
CI_ENRL_PER_ID,HASH_PER_ID_NBR,VARCHAR2,XT199S1,1,NORMAL,VALID,VISIBLE,NO,UNIQUE,Y,Y,N,N,,MEDIUM,Good candidate for equality or IN pre-filter.
CI_ENRL_PER_NM,ENRL_ID,CHAR,XT194P0,1,NORMAL,VALID,VISIBLE,NO,UNIQUE,Y,Y,N,N,,MEDIUM,Good candidate for equality or IN pre-filter.
CI_ENRL_PER_NM,ENTITY_NAME_UPR,VARCHAR2,XT194S1,1,NORMAL,VALID,VISIBLE,NO,NONUNIQUE,Y,Y,N,N,,MEDIUM,Good candidate for equality or IN pre-filter.
CI_ENRL_PER_PHN,ENRL_ID,CHAR,XT195P0,1,NORMAL,VALID,VISIBLE,NO,UNIQUE,Y,Y,N,N,,MEDIUM,Good candidate for equality or IN pre-filter.
CI_ENV_REF,ENV_REF_CD,CHAR,XC391P0,1,NORMAL,VALID,VISIBLE,NO,UNIQUE,Y,Y,N,N,,MEDIUM,Good candidate for equality or IN pre-filter.
CI_ENV_REF_L,ENV_REF_CD,CHAR,XC356P0,1,NORMAL,VALID,VISIBLE,NO,UNIQUE,Y,Y,N,N,,MEDIUM,Good candidate for equality or IN pre-filter.
CI_FA,APP_SCHED_ID,CHAR,XT094S4,1,NORMAL,VALID,VISIBLE,NO,NONUNIQUE,Y,Y,N,N,,MEDIUM,Good candidate for equality or IN pre-filter.
CI_FA,FA_EXT_ID,VARCHAR2,XT094S7,1,NORMAL,VALID,VISIBLE,NO,NONUNIQUE,Y,Y,N,N,,MEDIUM,Good candidate for equality or IN pre-filter.
CI_FA,FA_ID,CHAR,XT094P0,1,NORMAL,VALID,VISIBLE,NO,UNIQUE,Y,Y,N,N,,MEDIUM,Good candidate for equality or IN pre-filter.
CI_FA,FA_STATUS_FLG,CHAR,XT094S3,1,NORMAL,VALID,VISIBLE,NO,NONUNIQUE,Y,Y,N,N,,MEDIUM,Good candidate for equality or IN pre-filter.
CI_FA,FO_ID,CHAR,XT094S2,1,NORMAL,VALID,VISIBLE,NO,NONUNIQUE,Y,Y,N,N,,MEDIUM,Good candidate for equality or IN pre-filter.
CI_FA,SP_ID,CHAR,XT094S1,1,NORMAL,VALID,VISIBLE,NO,NONUNIQUE,Y,Y,N,N,,MEDIUM,Good candidate for equality or IN pre-filter.
CI_FA,TEST_SEL_ID,CHAR,XT094S5,1,NORMAL,VALID,VISIBLE,NO,UNIQUE,Y,Y,N,N,,MEDIUM,Good candidate for equality or IN pre-filter.
CI_FAC_LVL_1,SVC_TYPE_CD,VARCHAR2,XC101P0,1,NORMAL,VALID,VISIBLE,NO,UNIQUE,Y,Y,N,N,,MEDIUM,Good candidate for equality or IN pre-filter.
CI_FAC_LVL_1_2,FAC_LVL_2_CD,CHAR,XC102S1,1,NORMAL,VALID,VISIBLE,NO,NONUNIQUE,Y,Y,N,N,,MEDIUM,Good candidate for equality or IN pre-filter.
CI_FAC_LVL_1_2,SVC_TYPE_CD,VARCHAR2,XC102P0,1,NORMAL,VALID,VISIBLE,NO,UNIQUE,Y,Y,N,N,,MEDIUM,Good candidate for equality or IN pre-filter.
CI_FAC_LVL_1_L,SVC_TYPE_CD,VARCHAR2,XC531P0,1,NORMAL,VALID,VISIBLE,NO,UNIQUE,Y,Y,N,N,,MEDIUM,Good candidate for equality or IN pre-filter.
CI_FAC_LVL_2,SVC_TYPE_CD,VARCHAR2,XC103P0,1,NORMAL,VALID,VISIBLE,NO,UNIQUE,Y,Y,N,N,,MEDIUM,Good candidate for equality or IN pre-filter.
CI_FAC_LVL_2_3,FAC_LVL_3_CD,CHAR,XC104S1,1,NORMAL,VALID,VISIBLE,NO,NONUNIQUE,Y,Y,N,N,,MEDIUM,Good candidate for equality or IN pre-filter.
CI_FAC_LVL_2_3,SVC_TYPE_CD,VARCHAR2,XC104P0,1,NORMAL,VALID,VISIBLE,NO,UNIQUE,Y,Y,N,N,,MEDIUM,Good candidate for equality or IN pre-filter.
CI_FAC_LVL_2_L,SVC_TYPE_CD,VARCHAR2,XC532P0,1,NORMAL,VALID,VISIBLE,NO,UNIQUE,Y,Y,N,N,,MEDIUM,Good candidate for equality or IN pre-filter.
CI_FAC_LVL_3,SVC_TYPE_CD,VARCHAR2,XC105P0,1,NORMAL,VALID,VISIBLE,NO,UNIQUE,Y,Y,N,N,,MEDIUM,Good candidate for equality or IN pre-filter.
CI_FAC_LVL_3_L,SVC_TYPE_CD,VARCHAR2,XC533P0,1,NORMAL,VALID,VISIBLE,NO,UNIQUE,Y,Y,N,N,,MEDIUM,Good candidate for equality or IN pre-filter.
CI_FAC_LVL_NAME,SVC_TYPE_CD,VARCHAR2,XC106P0,1,NORMAL,VALID,VISIBLE,NO,UNIQUE,Y,Y,N,N,,MEDIUM,Good candidate for equality or IN pre-filter.
CI_FAC_LVL_NAME_L,SVC_TYPE_CD,VARCHAR2,XC534P0,1,NORMAL,VALID,VISIBLE,NO,UNIQUE,Y,Y,N,N,,MEDIUM,Good candidate for equality or IN pre-filter.
CI_FAPR_FATY,FA_TYPE_PROF_CD,CHAR,XC107P0,1,NORMAL,VALID,VISIBLE,NO,UNIQUE,Y,Y,N,N,,MEDIUM,Good candidate for equality or IN pre-filter.
CI_FAPR_TMPL,FA_TYPE_CD,CHAR,XC108S1,1,NORMAL,VALID,VISIBLE,NO,NONUNIQUE,Y,Y,N,N,,MEDIUM,Good candidate for equality or IN pre-filter.
CI_FAPR_TMPL,FA_TYPE_PROF_CD,CHAR,XC108P0,1,NORMAL,VALID,VISIBLE,NO,UNIQUE,Y,Y,N,N,,MEDIUM,Good candidate for equality or IN pre-filter.
CI_FA_CAN_RSN,FA_CAN_RSN_CD,CHAR,XC271P0,1,NORMAL,VALID,VISIBLE,NO,UNIQUE,Y,Y,N,N,,MEDIUM,Good candidate for equality or IN pre-filter.
CI_FA_CAN_RSN_L,FA_CAN_RSN_CD,CHAR,XC272P0,1,NORMAL,VALID,VISIBLE,NO,UNIQUE,Y,Y,N,N,,MEDIUM,Good candidate for equality or IN pre-filter.
CI_FA_CHAR,FA_ID,CHAR,XT406P0,1,NORMAL,VALID,VISIBLE,NO,UNIQUE,Y,Y,N,N,,MEDIUM,Good candidate for equality or IN pre-filter.
CI_FA_CHAR,SRCH_CHAR_VAL,VARCHAR2,XT406S1,1,NORMAL,VALID,VISIBLE,NO,NONUNIQUE,Y,Y,N,N,,MEDIUM,Good candidate for equality or IN pre-filter.
CI_FA_CMPL_CTRL,CIS_DIVISION,CHAR,XC315P0,1,NORMAL,VALID,VISIBLE,NO,UNIQUE,Y,Y,N,N,,MEDIUM,Good candidate for equality or IN pre-filter.
CI_FA_K,FA_ID,CHAR,XT523P0,1,IOT - TOP,VALID,VISIBLE,NO,UNIQUE,Y,Y,N,N,,MEDIUM,Good candidate for equality or IN pre-filter.
CI_FA_LOG,FA_ID,CHAR,XT350P0,1,NORMAL,VALID,VISIBLE,NO,UNIQUE,Y,Y,N,N,,MEDIUM,Good candidate for equality or IN pre-filter.
CI_FA_REM,FA_ID,CHAR,XT407P0,1,NORMAL,VALID,VISIBLE,NO,UNIQUE,Y,Y,N,N,,MEDIUM,Good candidate for equality or IN pre-filter.
CI_FA_REM_ALG,FA_REM_CD,CHAR,XC375P0,1,NORMAL,VALID,VISIBLE,NO,UNIQUE,Y,Y,N,N,,MEDIUM,Good candidate for equality or IN pre-filter.
CI_FA_REM_CD,FA_REM_CD,CHAR,XC376P0,1,NORMAL,VALID,VISIBLE,NO,UNIQUE,Y,Y,N,N,,MEDIUM,Good candidate for equality or IN pre-filter.
CI_FA_REM_CD_L,FA_REM_CD,CHAR,XC377P0,1,NORMAL,VALID,VISIBLE,NO,UNIQUE,Y,Y,N,N,,MEDIUM,Good candidate for equality or IN pre-filter.
CI_FA_REM_EXC,FA_ID,CHAR,XT312P0,1,NORMAL,VALID,VISIBLE,NO,UNIQUE,Y,Y,N,N,,MEDIUM,Good candidate for equality or IN pre-filter.
CI_FA_REM_EXP,FA_ID,CHAR,XT405P0,1,NORMAL,VALID,VISIBLE,NO,UNIQUE,Y,Y,N,N,,MEDIUM,Good candidate for equality or IN pre-filter.
CI_FA_RESCHED_RSN,FA_RESCHED_RSN_CD,CHAR,XC898P0,1,NORMAL,VALID,VISIBLE,NO,UNIQUE,Y,Y,N,N,,MEDIUM,Good candidate for equality or IN pre-filter.
CI_FA_RESCHED_RSN_L,FA_RESCHED_RSN_CD,CHAR,XC897P0,1,NORMAL,VALID,VISIBLE,NO,UNIQUE,Y,Y,N,N,,MEDIUM,Good candidate for equality or IN pre-filter.
CI_FA_STAGE_UP,FA_ID,CHAR,XT806P0,1,NORMAL,VALID,VISIBLE,NO,UNIQUE,Y,Y,N,N,,MEDIUM,Good candidate for equality or IN pre-filter.
CI_FA_STEP,CC_ID,CHAR,XT095S1,1,NORMAL,VALID,VISIBLE,NO,NONUNIQUE,Y,Y,N,N,,MEDIUM,Good candidate for equality or IN pre-filter.
CI_FA_STEP,FA_ID,CHAR,XT095P0,1,NORMAL,VALID,VISIBLE,NO,UNIQUE,Y,Y,N,N,,MEDIUM,Good candidate for equality or IN pre-filter.
CI_FA_STEP,MR_ID,CHAR,XT095S3,1,NORMAL,VALID,VISIBLE,NO,NONUNIQUE,Y,Y,N,N,,MEDIUM,Good candidate for equality or IN pre-filter.
CI_FA_STEP,SPAWNED_FA_ID,CHAR,XT095S2,1,NORMAL,VALID,VISIBLE,NO,NONUNIQUE,Y,Y,N,N,,MEDIUM,Good candidate for equality or IN pre-filter.
CI_FA_STEP_TYPE,FA_TYPE_CD,CHAR,XC200P0,1,NORMAL,VALID,VISIBLE,NO,UNIQUE,Y,Y,N,N,,MEDIUM,Good candidate for equality or IN pre-filter.
CI_FA_STEP_TYPE_L,FA_TYPE_CD,CHAR,XC528P0,1,NORMAL,VALID,VISIBLE,NO,UNIQUE,Y,Y,N,N,,MEDIUM,Good candidate for equality or IN pre-filter.
CI_FA_STGUP_CHAR,FA_ID,CHAR,XT725P0,1,NORMAL,VALID,VISIBLE,NO,UNIQUE,Y,Y,N,N,,MEDIUM,Good candidate for equality or IN pre-filter.
CI_FA_STGUP_EXC,FA_ID,CHAR,XT808P0,1,NORMAL,VALID,VISIBLE,NO,UNIQUE,Y,Y,N,N,,MEDIUM,Good candidate for equality or IN pre-filter.
CI_FA_STGUP_REM,FA_ID,CHAR,XT723P0,1,NORMAL,VALID,VISIBLE,NO,UNIQUE,Y,Y,N,N,,MEDIUM,Good candidate for equality or IN pre-filter.
CI_FA_STP_STGUP,FA_ID,CHAR,XT807P0,1,NORMAL,VALID,VISIBLE,NO,UNIQUE,Y,Y,N,N,,MEDIUM,Good candidate for equality or IN pre-filter.
CI_FA_TYPE,ELIG_DISPATCH_SW,CHAR,XC006S1,1,NORMAL,VALID,VISIBLE,NO,UNIQUE,Y,Y,N,N,,MEDIUM,Good candidate for equality or IN pre-filter.
CI_FA_TYPE,FA_TYPE_CD,CHAR,XC006P0,1,NORMAL,VALID,VISIBLE,NO,UNIQUE,Y,Y,N,N,,MEDIUM,Good candidate for equality or IN pre-filter.
CI_FA_TYPE_CHAR,FA_TYPE_CD,CHAR,XC400P0,1,NORMAL,VALID,VISIBLE,NO,UNIQUE,Y,Y,N,N,,MEDIUM,Good candidate for equality or IN pre-filter.
CI_FA_TYPE_L,FA_TYPE_CD,CHAR,XC529P0,1,NORMAL,VALID,VISIBLE,NO,UNIQUE,Y,Y,N,N,,MEDIUM,Good candidate for equality or IN pre-filter.
CI_FA_TYPE_PROF,FA_TYPE_PROF_CD,CHAR,XC099P0,1,NORMAL,VALID,VISIBLE,NO,UNIQUE,Y,Y,N,N,,MEDIUM,Good candidate for equality or IN pre-filter.
CI_FA_TYPE_PROF_L,FA_TYPE_PROF_CD,CHAR,XC530P0,1,NORMAL,VALID,VISIBLE,NO,UNIQUE,Y,Y,N,N,,MEDIUM,Good candidate for equality or IN pre-filter.
CI_FK_REF,FK_REF_CD,CHAR,XC605P0,1,NORMAL,VALID,VISIBLE,NO,UNIQUE,Y,Y,N,N,,MEDIUM,Good candidate for equality or IN pre-filter.
CI_FK_REF_L,LANGUAGE_CD,CHAR,XC606P0,1,NORMAL,VALID,VISIBLE,NO,UNIQUE,Y,Y,N,N,,MEDIUM,Good candidate for equality or IN pre-filter.
CI_FO,SCHED_DTTM,DATE,XT109S2,1,NORMAL,VALID,VISIBLE,NO,NONUNIQUE,Y,Y,Y,N,,HIGH,Primary candidate for mandatory rolling window pre-filter.
CI_FO,DISP_GRP_CD,CHAR,XT109S3,1,NORMAL,VALID,VISIBLE,NO,NONUNIQUE,Y,Y,N,N,,MEDIUM,Good candidate for equality or IN pre-filter.
CI_FO,FO_ID,CHAR,XT109P0,1,NORMAL,VALID,VISIBLE,NO,UNIQUE,Y,Y,N,N,,MEDIUM,Good candidate for equality or IN pre-filter.
CI_FO,PREM_ID,CHAR,XT109S1,1,NORMAL,VALID,VISIBLE,NO,NONUNIQUE,Y,Y,N,N,,MEDIUM,Good candidate for equality or IN pre-filter.
CI_FO_K,FO_ID,CHAR,XT524P0,1,IOT - TOP,VALID,VISIBLE,NO,UNIQUE,Y,Y,N,N,,MEDIUM,Good candidate for equality or IN pre-filter.
CI_FO_STG_DWN,BATCH_CD,CHAR,XT110P0,1,NORMAL,VALID,VISIBLE,NO,UNIQUE,Y,Y,N,N,,MEDIUM,Good candidate for equality or IN pre-filter.
CI_FREQ,FREQ_CD,CHAR,XC111P0,1,NORMAL,VALID,VISIBLE,NO,UNIQUE,Y,Y,N,N,,MEDIUM,Good candidate for equality or IN pre-filter.
CI_FREQ_L,FREQ_CD,CHAR,XC535P0,1,NORMAL,VALID,VISIBLE,NO,UNIQUE,Y,Y,N,N,,MEDIUM,Good candidate for equality or IN pre-filter.
CI_FS_CL,FS_CL_CD,CHAR,XC313P0,1,NORMAL,VALID,VISIBLE,NO,UNIQUE,Y,Y,N,N,,MEDIUM,Good candidate for equality or IN pre-filter.
CI_FS_CL_DFLT,POSTAL_CD_FROM,CHAR,XC314P0,1,NORMAL,VALID,VISIBLE,NO,UNIQUE,Y,Y,N,N,,MEDIUM,Good candidate for equality or IN pre-filter.
CI_FS_CL_L,FS_CL_CD,CHAR,XC536P0,1,NORMAL,VALID,VISIBLE,NO,UNIQUE,Y,Y,N,N,,MEDIUM,Good candidate for equality or IN pre-filter.
CI_FS_CTRL,SP_TYPE_CD,VARCHAR2,XC098P0,1,NORMAL,VALID,VISIBLE,NO,UNIQUE,Y,Y,N,N,,MEDIUM,Good candidate for equality or IN pre-filter.
CI_FS_DGRP,OP_AREA_CD,CHAR,XC007P0,1,NORMAL,VALID,VISIBLE,NO,UNIQUE,Y,Y,N,N,,MEDIUM,Good candidate for equality or IN pre-filter.
CI_FS_OP_AREA,FS_CL_CD,CHAR,XC312P0,1,NORMAL,VALID,VISIBLE,NO,UNIQUE,Y,Y,N,N,,MEDIUM,Good candidate for equality or IN pre-filter.
CI_FT,ACCOUNTING_DT,DATE,XT112S8,1,NORMAL,VALID,VISIBLE,NO,NONUNIQUE,Y,Y,Y,Y,billing|debt_mgmt|finance,HIGH,Primary candidate for mandatory rolling window pre-filter.
CI_FT,BAL_CTL_GRP_ID,NUMBER,XT112S7,1,NORMAL,VALID,VISIBLE,NO,NONUNIQUE,Y,Y,N,Y,billing|debt_mgmt|finance,MEDIUM,Good candidate for equality or IN pre-filter.
CI_FT,BILL_ID,CHAR,XT112S2,1,NORMAL,VALID,VISIBLE,NO,NONUNIQUE,Y,Y,N,Y,billing|debt_mgmt|finance,MEDIUM,Good candidate for equality or IN pre-filter.
CI_FT,FT_ID,CHAR,XT112P0,1,NORMAL,VALID,VISIBLE,NO,UNIQUE,Y,Y,N,Y,billing|debt_mgmt|finance,MEDIUM,Good candidate for equality or IN pre-filter.
CI_FT,FT_TYPE_FLG,CHAR,CM_XT112S1,1,NORMAL,VALID,VISIBLE,NO,NONUNIQUE,Y,Y,N,Y,billing|debt_mgmt|finance,MEDIUM,Good candidate for equality or IN pre-filter.
CI_FT,FT_TYPE_FLG,CHAR,CM_XT112S2,1,NORMAL,VALID,VISIBLE,NO,NONUNIQUE,Y,Y,N,Y,billing|debt_mgmt|finance,MEDIUM,Good candidate for equality or IN pre-filter.
CI_FT,GL_DISTRIB_STATUS,CHAR,XT112S6,1,NORMAL,VALID,VISIBLE,NO,UNIQUE,Y,Y,N,Y,billing|debt_mgmt|finance,MEDIUM,Good candidate for equality or IN pre-filter.
CI_FT,MATCH_EVT_ID,CHAR,XT112S5,1,NORMAL,VALID,VISIBLE,NO,UNIQUE,Y,Y,N,Y,billing|debt_mgmt|finance,MEDIUM,Good candidate for equality or IN pre-filter.
CI_FT,PARENT_ID,CHAR,XT112S3,1,NORMAL,VALID,VISIBLE,NO,NONUNIQUE,Y,Y,N,Y,billing|debt_mgmt|finance,MEDIUM,Good candidate for equality or IN pre-filter.
CI_FT,SA_ID,CHAR,XT112S1,1,NORMAL,VALID,VISIBLE,NO,NONUNIQUE,Y,Y,N,Y,billing|debt_mgmt|finance,MEDIUM,Good candidate for equality or IN pre-filter.
CI_FT,SIBLING_ID,CHAR,XT112S4,1,NORMAL,VALID,VISIBLE,NO,NONUNIQUE,Y,Y,N,Y,billing|debt_mgmt|finance,MEDIUM,Good candidate for equality or IN pre-filter.
CI_FT_GL,FT_ID,CHAR,XT113P0,1,NORMAL,VALID,VISIBLE,NO,UNIQUE,Y,Y,N,Y,finance,MEDIUM,Good candidate for equality or IN pre-filter.
CI_FT_GL,GL_ACCT,VARCHAR2,XT113S1,1,NORMAL,VALID,VISIBLE,NO,NONUNIQUE,Y,Y,N,Y,finance,MEDIUM,Good candidate for equality or IN pre-filter.
CI_FT_K,FT_ID,CHAR,XT525P0,1,IOT - TOP,VALID,VISIBLE,NO,UNIQUE,Y,Y,N,N,,MEDIUM,Good candidate for equality or IN pre-filter.
CI_FT_PROC,BATCH_CD,CHAR,XT097S1,1,NORMAL,VALID,VISIBLE,NO,NONUNIQUE,Y,Y,N,Y,finance,MEDIUM,Good candidate for equality or IN pre-filter.
CI_FT_PROC,FT_ID,CHAR,XT097P0,1,NORMAL,VALID,VISIBLE,NO,UNIQUE,Y,Y,N,Y,finance,MEDIUM,Good candidate for equality or IN pre-filter.
CI_FUNC,FUNC_CD,CHAR,XC751P0,1,NORMAL,VALID,VISIBLE,NO,UNIQUE,Y,Y,N,N,,MEDIUM,Good candidate for equality or IN pre-filter.
CI_FUNC,SVC_NAME,CHAR,XC751S1,1,NORMAL,VALID,VISIBLE,NO,NONUNIQUE,Y,Y,N,N,,MEDIUM,Good candidate for equality or IN pre-filter.
CI_FUNC_FLD,FUNC_CD,CHAR,XC752P0,1,NORMAL,VALID,VISIBLE,NO,UNIQUE,Y,Y,N,N,,MEDIUM,Good candidate for equality or IN pre-filter.
CI_FUNC_FLD_L,FUNC_CD,CHAR,XC756P0,1,NORMAL,VALID,VISIBLE,NO,UNIQUE,Y,Y,N,N,,MEDIUM,Good candidate for equality or IN pre-filter.
CI_FUNC_L,FUNC_CD,CHAR,XC753P0,1,NORMAL,VALID,VISIBLE,NO,UNIQUE,Y,Y,N,N,,MEDIUM,Good candidate for equality or IN pre-filter.
CI_FUND,FUND_CD,CHAR,XC788P0,1,NORMAL,VALID,VISIBLE,NO,UNIQUE,Y,Y,N,N,,MEDIUM,Good candidate for equality or IN pre-filter.
CI_FUND_L,FUND_CD,CHAR,XC789P0,1,NORMAL,VALID,VISIBLE,NO,UNIQUE,Y,Y,N,N,,MEDIUM,Good candidate for equality or IN pre-filter.
CI_GEO_DFLT_SVC,POSTAL_CD_FROM,CHAR,XC114P0,1,NORMAL,VALID,VISIBLE,NO,UNIQUE,Y,Y,N,N,,MEDIUM,Good candidate for equality or IN pre-filter.
CI_GEO_TYPE,GEO_TYPE_CD,CHAR,XC116P0,1,NORMAL,VALID,VISIBLE,NO,UNIQUE,Y,Y,N,N,,MEDIUM,Good candidate for equality or IN pre-filter.
CI_GEO_TYPE_L,GEO_TYPE_CD,CHAR,XC537P0,1,NORMAL,VALID,VISIBLE,NO,UNIQUE,Y,Y,N,N,,MEDIUM,Good candidate for equality or IN pre-filter.
CI_GEO_TYP_DFLT,GEO_TYPE_CD,CHAR,XC115S1,1,NORMAL,VALID,VISIBLE,NO,NONUNIQUE,Y,Y,N,N,,MEDIUM,Good candidate for equality or IN pre-filter.
CI_GEO_TYP_DFLT,POSTAL_CD_FROM,CHAR,XC115P0,1,NORMAL,VALID,VISIBLE,NO,UNIQUE,Y,Y,N,N,,MEDIUM,Good candidate for equality or IN pre-filter.
CI_GL_DIVISION,CALENDAR_ID,CHAR,XC282S1,1,NORMAL,VALID,VISIBLE,NO,NONUNIQUE,Y,Y,N,N,,MEDIUM,Good candidate for equality or IN pre-filter.
CI_GL_DIVISION,GL_DIVISION,CHAR,XC282P0,1,NORMAL,VALID,VISIBLE,NO,UNIQUE,Y,Y,N,N,,MEDIUM,Good candidate for equality or IN pre-filter.
CI_GL_DIVISION_L,GL_DIVISION,CHAR,XC538P0,1,NORMAL,VALID,VISIBLE,NO,UNIQUE,Y,Y,N,N,,MEDIUM,Good candidate for equality or IN pre-filter.
CI_HI_LO_FACTOR,UOM_CD,VARCHAR2,XC117P0,1,NORMAL,VALID,VISIBLE,NO,UNIQUE,Y,Y,N,N,,MEDIUM,Good candidate for equality or IN pre-filter.
CI_ID_TYPE,ID_TYPE_CD,CHAR,XC008P0,1,NORMAL,VALID,VISIBLE,NO,UNIQUE,Y,Y,N,N,,MEDIUM,Good candidate for equality or IN pre-filter.
CI_ID_TYPE_L,ID_TYPE_CD,CHAR,XC539P0,1,NORMAL,VALID,VISIBLE,NO,UNIQUE,Y,Y,N,N,,MEDIUM,Good candidate for equality or IN pre-filter.
CI_INSTALL_ALG,INSTALL_OPT_ID,CHAR,XC222P0,1,NORMAL,VALID,VISIBLE,NO,UNIQUE,Y,Y,N,N,,MEDIUM,Good candidate for equality or IN pre-filter.
CI_INSTALL_MSG,INSTALL_OPT_ID,CHAR,XC164P0,1,NORMAL,VALID,VISIBLE,NO,UNIQUE,Y,Y,N,N,,MEDIUM,Good candidate for equality or IN pre-filter.
CI_INSTALL_MSG_L,INSTALL_OPT_ID,CHAR,XC167P0,1,NORMAL,VALID,VISIBLE,NO,UNIQUE,Y,Y,N,N,,MEDIUM,Good candidate for equality or IN pre-filter.
CI_INSTALL_PROD,INSTALL_OPT_ID,CHAR,FC001P0,1,NORMAL,VALID,VISIBLE,NO,UNIQUE,Y,Y,N,N,,MEDIUM,Good candidate for equality or IN pre-filter.
CI_INTV_DATA,INTV_DATA_SET_ID,CHAR,XT234P0,1,NORMAL,VALID,VISIBLE,NO,UNIQUE,Y,Y,N,N,,MEDIUM,Good candidate for equality or IN pre-filter.
CI_INTV_DATA_SET,INTV_DATA_SET_ID,CHAR,XT233P0,1,NORMAL,VALID,VISIBLE,NO,UNIQUE,Y,Y,N,N,,MEDIUM,Good candidate for equality or IN pre-filter.
CI_INTV_DATA_SET,INTV_DS_EXT_ID,VARCHAR2,XT233S2,1,NORMAL,VALID,VISIBLE,NO,NONUNIQUE,Y,Y,N,N,,MEDIUM,Good candidate for equality or IN pre-filter.
CI_INTV_DATA_SET,INTV_PF_ID,CHAR,XT233S1,1,NORMAL,VALID,VISIBLE,NO,UNIQUE,Y,Y,N,N,,MEDIUM,Good candidate for equality or IN pre-filter.
CI_INTV_DATA_SET_K,INTV_DATA_SET_ID,CHAR,XT526P0,1,IOT - TOP,VALID,VISIBLE,NO,UNIQUE,Y,Y,N,N,,MEDIUM,Good candidate for equality or IN pre-filter.
CI_INTV_DS_EXC,INTV_DATA_SET_ID,CHAR,XT079P0,1,NORMAL,VALID,VISIBLE,NO,UNIQUE,Y,Y,N,N,,MEDIUM,Good candidate for equality or IN pre-filter.
CI_INTV_PF,INTV_PF_EXT_ID,VARCHAR2,XM208S2,1,NORMAL,VALID,VISIBLE,NO,NONUNIQUE,Y,Y,N,N,,MEDIUM,Good candidate for equality or IN pre-filter.
CI_INTV_PF,INTV_PF_ID,CHAR,XM208P0,1,NORMAL,VALID,VISIBLE,NO,UNIQUE,Y,Y,N,N,,MEDIUM,Good candidate for equality or IN pre-filter.
CI_INTV_PF,INTV_PF_TYP_CD,CHAR,XM208S1,1,NORMAL,VALID,VISIBLE,NO,NONUNIQUE,Y,Y,N,N,,MEDIUM,Good candidate for equality or IN pre-filter.
CI_INTV_PF,SA_ID,CHAR,XM208S3,1,NORMAL,VALID,VISIBLE,NO,NONUNIQUE,Y,Y,N,N,,MEDIUM,Good candidate for equality or IN pre-filter.
CI_INTV_PFRELTY,INTV_PF_REL_TYP_CD,CHAR,XC173P0,1,NORMAL,VALID,VISIBLE,NO,UNIQUE,Y,Y,N,N,,MEDIUM,Good candidate for equality or IN pre-filter.
CI_INTV_PFRELTY_L,INTV_PF_REL_TYP_CD,CHAR,XC174P0,1,NORMAL,VALID,VISIBLE,NO,UNIQUE,Y,Y,N,N,,MEDIUM,Good candidate for equality or IN pre-filter.
CI_INTV_PF_ALG,INTV_PF_TYP_CD,CHAR,XC192P0,1,NORMAL,VALID,VISIBLE,NO,UNIQUE,Y,Y,N,N,,MEDIUM,Good candidate for equality or IN pre-filter.
CI_INTV_PF_K,INTV_PF_ID,CHAR,XM503P0,1,IOT - TOP,VALID,VISIBLE,NO,UNIQUE,Y,Y,N,N,,MEDIUM,Good candidate for equality or IN pre-filter.
CI_INTV_PF_L,INTV_PF_ID,CHAR,XM207P0,1,NORMAL,VALID,VISIBLE,NO,UNIQUE,Y,Y,N,N,,MEDIUM,Good candidate for equality or IN pre-filter.
CI_INTV_PF_TYP,INTV_PF_TYP_CD,CHAR,XC170P0,1,NORMAL,VALID,VISIBLE,NO,UNIQUE,Y,Y,N,N,,MEDIUM,Good candidate for equality or IN pre-filter.
CI_INTV_PF_TYP_L,INTV_PF_TYP_CD,CHAR,XC171P0,1,NORMAL,VALID,VISIBLE,NO,UNIQUE,Y,Y,N,N,,MEDIUM,Good candidate for equality or IN pre-filter.
CI_INTV_REG_ALG,INTV_REG_TYPE_CD,CHAR,XC410P0,1,NORMAL,VALID,VISIBLE,NO,UNIQUE,Y,Y,N,N,,MEDIUM,Good candidate for equality or IN pre-filter.
CI_INTV_REG_TYP,INTV_REG_TYPE_CD,CHAR,XC408P0,1,NORMAL,VALID,VISIBLE,NO,UNIQUE,Y,Y,N,N,,MEDIUM,Good candidate for equality or IN pre-filter.
CI_INTV_REG_TYP_L,INTV_REG_TYPE_CD,CHAR,XC409P0,1,NORMAL,VALID,VISIBLE,NO,UNIQUE,Y,Y,N,N,,MEDIUM,Good candidate for equality or IN pre-filter.
CI_INTV_VAL,INTV_VAL_SET_ID,CHAR,XT066P0,1,NORMAL,VALID,VISIBLE,NO,UNIQUE,Y,Y,N,N,,MEDIUM,Good candidate for equality or IN pre-filter.
CI_INTV_VAL_SET,BF_CD,CHAR,XT065S1,1,NORMAL,VALID,VISIBLE,NO,UNIQUE,Y,Y,N,N,,MEDIUM,Good candidate for equality or IN pre-filter.
CI_INTV_VAL_SET,INTV_VAL_SET_ID,CHAR,XT065P0,1,NORMAL,VALID,VISIBLE,NO,UNIQUE,Y,Y,N,N,,MEDIUM,Good candidate for equality or IN pre-filter.
CI_INTV_VAL_SET_K,INTV_VAL_SET_ID,CHAR,XT036P0,1,IOT - TOP,VALID,VISIBLE,NO,UNIQUE,Y,Y,N,N,,MEDIUM,Good candidate for equality or IN pre-filter.
CI_ITEM,BADGE_NBR,CHAR,XM120S1,1,NORMAL,VALID,VISIBLE,NO,NONUNIQUE,Y,Y,N,N,,MEDIUM,Good candidate for equality or IN pre-filter.
CI_ITEM,ITEM_ID,CHAR,XM120P0,1,NORMAL,VALID,VISIBLE,NO,UNIQUE,Y,Y,N,N,,MEDIUM,Good candidate for equality or IN pre-filter.
CI_ITEM,ITEM_TYPE_CD,VARCHAR2,XM120S2,1,NORMAL,VALID,VISIBLE,NO,NONUNIQUE,Y,Y,N,N,,MEDIUM,Good candidate for equality or IN pre-filter.
CI_ITEM_CHAR,ITEM_ID,CHAR,XM119P0,1,NORMAL,VALID,VISIBLE,NO,UNIQUE,Y,Y,N,N,,MEDIUM,Good candidate for equality or IN pre-filter.
CI_ITEM_CHAR,SRCH_CHAR_VAL,VARCHAR2,C1M006S1,1,NORMAL,VALID,VISIBLE,NO,NONUNIQUE,Y,Y,N,N,,MEDIUM,Good candidate for equality or IN pre-filter.
CI_ITEM_EQ,ITEM_ID,CHAR,XM001P0,1,NORMAL,VALID,VISIBLE,NO,UNIQUE,Y,Y,N,N,,MEDIUM,Good candidate for equality or IN pre-filter.
CI_ITEM_EQ,ITEM_ID_EQ,CHAR,XM001S1,1,NORMAL,VALID,VISIBLE,NO,NONUNIQUE,Y,Y,N,N,,MEDIUM,Good candidate for equality or IN pre-filter.
CI_ITEM_K,ITEM_ID,CHAR,XM504P0,1,IOT - TOP,VALID,VISIBLE,NO,UNIQUE,Y,Y,N,N,,MEDIUM,Good candidate for equality or IN pre-filter.
CI_ITEM_LOC_HIS,LOC_DTTM,DATE,XT273S2,1,NORMAL,VALID,VISIBLE,NO,NONUNIQUE,Y,Y,Y,N,,HIGH,Primary candidate for mandatory rolling window pre-filter.
CI_ITEM_LOC_HIS,ITEM_ID,CHAR,XT273S1,1,NORMAL,VALID,VISIBLE,NO,NONUNIQUE,Y,Y,N,N,,MEDIUM,Good candidate for equality or IN pre-filter.
CI_ITEM_LOC_HIS,ITEM_LOC_HIST_ID,CHAR,XT273P0,1,NORMAL,VALID,VISIBLE,NO,UNIQUE,Y,Y,N,N,,MEDIUM,Good candidate for equality or IN pre-filter.
CI_ITEM_LOC_HIS_K,ITEM_LOC_HIST_ID,CHAR,XM278P0,1,IOT - TOP,VALID,VISIBLE,NO,UNIQUE,Y,Y,N,N,,MEDIUM,Good candidate for equality or IN pre-filter.
CI_ITEM_SQ_EST,ITEM_TYPE_CD,VARCHAR2,XM096P0,1,NORMAL,VALID,VISIBLE,NO,UNIQUE,Y,Y,N,N,,MEDIUM,Good candidate for equality or IN pre-filter.
CI_ITEM_STK_LOC,ITEM_ID,CHAR,C1T100P0,1,NORMAL,VALID,VISIBLE,NO,UNIQUE,Y,Y,N,N,,MEDIUM,Good candidate for equality or IN pre-filter.
CI_ITEM_STK_LOC,STK_LOC_CD,CHAR,C1T100S0,1,NORMAL,VALID,VISIBLE,NO,UNIQUE,Y,Y,N,N,,MEDIUM,Good candidate for equality or IN pre-filter.
CI_ITEM_TYPE,ITEM_TYPE_CD,VARCHAR2,XC123P0,1,NORMAL,VALID,VISIBLE,NO,UNIQUE,Y,Y,N,N,,MEDIUM,Good candidate for equality or IN pre-filter.
CI_ITEM_TYPE_EQ,ITEM_TYPE_CD,VARCHAR2,XC078P0,1,NORMAL,VALID,VISIBLE,NO,UNIQUE,Y,Y,N,N,,MEDIUM,Good candidate for equality or IN pre-filter.
CI_ITEM_TYPE_L,ITEM_TYPE_CD,VARCHAR2,XC540P0,1,NORMAL,VALID,VISIBLE,NO,UNIQUE,Y,Y,N,N,,MEDIUM,Good candidate for equality or IN pre-filter.
CI_ITEM_TYP_CHA,ITEM_TYPE_CD,VARCHAR2,XC122P0,1,NORMAL,VALID,VISIBLE,NO,UNIQUE,Y,Y,N,N,,MEDIUM,Good candidate for equality or IN pre-filter.
CI_LANDLORD,ACCT_ID,CHAR,XM126S2,1,NORMAL,VALID,VISIBLE,NO,NONUNIQUE,Y,Y,N,Y,customer_ops,MEDIUM,Good candidate for equality or IN pre-filter.
CI_LANDLORD,DESCR_UPR,VARCHAR2,XM126S3,1,NORMAL,VALID,VISIBLE,NO,NONUNIQUE,Y,Y,N,Y,customer_ops,MEDIUM,Good candidate for equality or IN pre-filter.
CI_LANDLORD,LL_ID,CHAR,XM126P0,1,NORMAL,VALID,VISIBLE,NO,UNIQUE,Y,Y,N,Y,customer_ops,MEDIUM,Good candidate for equality or IN pre-filter.
CI_LANDLORD_K,LL_ID,CHAR,XM505P0,1,IOT - TOP,VALID,VISIBLE,NO,UNIQUE,Y,Y,N,N,,MEDIUM,Good candidate for equality or IN pre-filter.
CI_LANGUAGE,LANGUAGE_CD,CHAR,XC290P0,1,NORMAL,VALID,VISIBLE,NO,UNIQUE,Y,Y,N,N,,MEDIUM,Good candidate for equality or IN pre-filter.
CI_LETTER_TMPL,LTR_TMPL_CD,CHAR,XC128P0,1,NORMAL,VALID,VISIBLE,NO,UNIQUE,Y,Y,N,N,,MEDIUM,Good candidate for equality or IN pre-filter.
CI_LETTER_TMPL_L,LTR_TMPL_CD,CHAR,XC541P0,1,NORMAL,VALID,VISIBLE,NO,UNIQUE,Y,Y,N,N,,MEDIUM,Good candidate for equality or IN pre-filter.
CI_LL_DETAIL,LL_ID,CHAR,XM129P0,1,NORMAL,VALID,VISIBLE,NO,UNIQUE,Y,Y,N,N,,MEDIUM,Good candidate for equality or IN pre-filter.
CI_LL_DETAIL,SVC_TYPE_CD,VARCHAR2,XM129S1,1,NORMAL,VALID,VISIBLE,NO,NONUNIQUE,Y,Y,N,N,,MEDIUM,Good candidate for equality or IN pre-filter.
CI_LOOKUP_FIELD,FIELD_NAME,CHAR,XC352P0,1,NORMAL,VALID,VISIBLE,NO,UNIQUE,Y,Y,N,N,,MEDIUM,Good candidate for equality or IN pre-filter.
CI_LOOKUP_VAL,FIELD_NAME,CHAR,XC699P0,1,NORMAL,VALID,VISIBLE,NO,UNIQUE,Y,Y,N,N,common,MEDIUM,Good candidate for equality or IN pre-filter.
CI_LOOKUP_VAL_L,FIELD_NAME,CHAR,XC353P0,1,NORMAL,VALID,VISIBLE,NO,UNIQUE,Y,Y,N,N,,MEDIUM,Good candidate for equality or IN pre-filter.
CI_MATCH_EVT,ACCT_ID,CHAR,XT266S1,1,NORMAL,VALID,VISIBLE,NO,NONUNIQUE,Y,Y,N,N,,MEDIUM,Good candidate for equality or IN pre-filter.
CI_MATCH_EVT,MATCH_EVT_ID,CHAR,XT266P0,1,NORMAL,VALID,VISIBLE,NO,UNIQUE,Y,Y,N,N,,MEDIUM,Good candidate for equality or IN pre-filter.
CI_MATCH_EVT,PAY_ID,CHAR,XT266S2,1,NORMAL,VALID,VISIBLE,NO,NONUNIQUE,Y,Y,N,N,,MEDIUM,Good candidate for equality or IN pre-filter.
CI_MATCH_EVT_K,MATCH_EVT_ID,CHAR,XT527P0,1,IOT - TOP,VALID,VISIBLE,NO,UNIQUE,Y,Y,N,N,,MEDIUM,Good candidate for equality or IN pre-filter.
CI_MATCH_TYPE,MATCH_TYPE_CD,CHAR,XC250P0,1,NORMAL,VALID,VISIBLE,NO,UNIQUE,Y,Y,N,N,,MEDIUM,Good candidate for equality or IN pre-filter.
CI_MATCH_TYPE_L,MATCH_TYPE_CD,CHAR,XC251P0,1,NORMAL,VALID,VISIBLE,NO,UNIQUE,Y,Y,N,N,,MEDIUM,Good candidate for equality or IN pre-filter.
CI_MD_ATT_TY,AT_NAME,CHAR,XC455P0,1,NORMAL,VALID,VISIBLE,NO,UNIQUE,Y,Y,N,N,,MEDIUM,Good candidate for equality or IN pre-filter.
CI_MD_AT_DTL,AT_NAME,CHAR,XC456P0,1,NORMAL,VALID,VISIBLE,NO,UNIQUE,Y,Y,N,N,,MEDIUM,Good candidate for equality or IN pre-filter.
CI_MD_AT_DTL_L,AT_NAME,CHAR,XC457P0,1,NORMAL,VALID,VISIBLE,NO,UNIQUE,Y,Y,N,N,,MEDIUM,Good candidate for equality or IN pre-filter.
CI_MD_CONST,CONST_ID,CHAR,XC616P0,1,NORMAL,VALID,VISIBLE,NO,UNIQUE,Y,Y,N,N,,MEDIUM,Good candidate for equality or IN pre-filter.
CI_MD_CONST,REF_CONST_ID,CHAR,XC616S2,1,NORMAL,VALID,VISIBLE,NO,NONUNIQUE,Y,Y,N,N,,MEDIUM,Good candidate for equality or IN pre-filter.
CI_MD_CONST,TBL_NAME,CHAR,XC616S1,1,NORMAL,VALID,VISIBLE,NO,NONUNIQUE,Y,Y,N,N,,MEDIUM,Good candidate for equality or IN pre-filter.
CI_MD_CONST_FLD,CONST_ID,CHAR,XC617P0,1,NORMAL,VALID,VISIBLE,NO,UNIQUE,Y,Y,N,N,,MEDIUM,Good candidate for equality or IN pre-filter.
CI_MD_CTL,PLUG_IN_NAME,CHAR,XC908P0,1,NORMAL,VALID,VISIBLE,NO,UNIQUE,Y,Y,N,N,,MEDIUM,Good candidate for equality or IN pre-filter.
CI_MD_CTL_L,PLUG_IN_NAME,CHAR,XC909P0,1,NORMAL,VALID,VISIBLE,NO,UNIQUE,Y,Y,N,N,,MEDIUM,Good candidate for equality or IN pre-filter.
CI_MD_CTL_TMPL,PLUG_IN_NAME,CHAR,XC258P0,1,NORMAL,VALID,VISIBLE,NO,UNIQUE,Y,Y,N,N,,MEDIUM,Good candidate for equality or IN pre-filter.
CI_MD_ELTY,ELEM_TYPE_CD,CHAR,XC910P0,1,NORMAL,VALID,VISIBLE,NO,UNIQUE,Y,Y,N,N,,MEDIUM,Good candidate for equality or IN pre-filter.
CI_MD_ELTY_AT,ELEM_TYPE_CD,CHAR,XC911P0,1,NORMAL,VALID,VISIBLE,NO,UNIQUE,Y,Y,N,N,,MEDIUM,Good candidate for equality or IN pre-filter.
CI_MD_ELTY_L,LANGUAGE_CD,CHAR,XC912P0,1,NORMAL,VALID,VISIBLE,NO,UNIQUE,Y,Y,N,N,,MEDIUM,Good candidate for equality or IN pre-filter.
CI_MD_FLD,FLD_NAME,CHAR,XC904P0,1,NORMAL,VALID,VISIBLE,NO,UNIQUE,Y,Y,N,N,,MEDIUM,Good candidate for equality or IN pre-filter.
CI_MD_FLD_L,FLD_NAME,CHAR,XC902P0,1,NORMAL,VALID,VISIBLE,NO,UNIQUE,Y,Y,N,N,,MEDIUM,Good candidate for equality or IN pre-filter.
CI_MD_IDX,IDX_CD,CHAR,F1C799P0,1,NORMAL,VALID,VISIBLE,NO,UNIQUE,Y,Y,N,N,,MEDIUM,Good candidate for equality or IN pre-filter.
CI_MD_IDX_FLD,IDX_CD,CHAR,F1C800P0,1,NORMAL,VALID,VISIBLE,NO,UNIQUE,Y,Y,N,N,,MEDIUM,Good candidate for equality or IN pre-filter.
CI_MD_IDX_FLD,IDX_CD,CHAR,F1C800S1,1,NORMAL,VALID,VISIBLE,NO,UNIQUE,Y,Y,N,N,,MEDIUM,Good candidate for equality or IN pre-filter.
CI_MD_LOOKUP_F,FIELD_NAME,CHAR,XC914P0,1,NORMAL,VALID,VISIBLE,NO,UNIQUE,Y,Y,N,N,,MEDIUM,Good candidate for equality or IN pre-filter.
CI_MD_MENU,MENU_NAME,CHAR,XC939P0,1,NORMAL,VALID,VISIBLE,NO,UNIQUE,Y,Y,N,N,,MEDIUM,Good candidate for equality or IN pre-filter.
CI_MD_MENU_IMOD,MENU_ITEM_ID,CHAR,XC615P0,1,NORMAL,VALID,VISIBLE,NO,UNIQUE,Y,Y,N,N,,MEDIUM,Good candidate for equality or IN pre-filter.
CI_MD_MENU_ITEM,MENU_ITEM_ID,CHAR,XC941P0,1,NORMAL,VALID,VISIBLE,NO,UNIQUE,Y,Y,N,N,,MEDIUM,Good candidate for equality or IN pre-filter.
CI_MD_MENU_ITEM,MENU_LINE_ID,CHAR,XC941S1,1,NORMAL,VALID,VISIBLE,NO,UNIQUE,Y,Y,N,N,,MEDIUM,Good candidate for equality or IN pre-filter.
CI_MD_MENU_ITEM,NAV_OPT_CD,CHAR,XC941S3,1,NORMAL,VALID,VISIBLE,NO,NONUNIQUE,Y,Y,N,N,,MEDIUM,Good candidate for equality or IN pre-filter.
CI_MD_MENU_ITEM,SUB_MENU_NAME,CHAR,XC941S2,1,NORMAL,VALID,VISIBLE,NO,NONUNIQUE,Y,Y,N,N,,MEDIUM,Good candidate for equality or IN pre-filter.
CI_MD_MENU_ITEM_L,MENU_ITEM_ID,CHAR,XC942P0,1,NORMAL,VALID,VISIBLE,NO,UNIQUE,Y,Y,N,N,,MEDIUM,Good candidate for equality or IN pre-filter.
CI_MD_MENU_L,MENU_NAME,CHAR,XC940P0,1,NORMAL,VALID,VISIBLE,NO,UNIQUE,Y,Y,N,N,,MEDIUM,Good candidate for equality or IN pre-filter.
CI_MD_MENU_LINE,MENU_LINE_ID,CHAR,XC944P0,1,NORMAL,VALID,VISIBLE,NO,UNIQUE,Y,Y,N,N,,MEDIUM,Good candidate for equality or IN pre-filter.
CI_MD_MENU_LINE,MENU_NAME,CHAR,XC944S1,1,NORMAL,VALID,VISIBLE,NO,NONUNIQUE,Y,Y,N,N,,MEDIUM,Good candidate for equality or IN pre-filter.
CI_MD_MENU_LINE_L,MENU_LINE_ID,CHAR,XC435P0,1,NORMAL,VALID,VISIBLE,NO,UNIQUE,Y,Y,N,N,,MEDIUM,Good candidate for equality or IN pre-filter.
CI_MD_MENU_MOD,MENU_NAME,CHAR,XC371P0,1,NORMAL,VALID,VISIBLE,NO,UNIQUE,Y,Y,N,N,,MEDIUM,Good candidate for equality or IN pre-filter.
CI_MD_MO,MAINT_OBJ_CD,CHAR,XC027P0,1,NORMAL,VALID,VISIBLE,NO,UNIQUE,Y,Y,N,N,,MEDIUM,Good candidate for equality or IN pre-filter.
CI_MD_MO_ALG,MAINT_OBJ_CD,CHAR,FC048P0,1,NORMAL,VALID,VISIBLE,NO,UNIQUE,Y,Y,N,N,,MEDIUM,Good candidate for equality or IN pre-filter.
CI_MD_MO_L,MAINT_OBJ_CD,CHAR,XC048P0,1,NORMAL,VALID,VISIBLE,NO,UNIQUE,Y,Y,N,N,,MEDIUM,Good candidate for equality or IN pre-filter.
CI_MD_MO_OPT,MAINT_OBJ_CD,CHAR,FC040P0,1,NORMAL,VALID,VISIBLE,NO,UNIQUE,Y,Y,N,N,,MEDIUM,Good candidate for equality or IN pre-filter.
CI_MD_MO_TBL,MAINT_OBJ_CD,CHAR,XC079P0,1,NORMAL,VALID,VISIBLE,NO,UNIQUE,Y,Y,N,N,,MEDIUM,Good candidate for equality or IN pre-filter.
CI_MD_MO_TBL,PRNT_CONST_ID,CHAR,XC079S1,1,NORMAL,VALID,VISIBLE,NO,NONUNIQUE,Y,Y,N,N,,MEDIUM,Good candidate for equality or IN pre-filter.
CI_MD_MO_WRK,MAINT_OBJ_CD,CHAR,XC444P0,1,NORMAL,VALID,VISIBLE,NO,UNIQUE,Y,Y,N,N,,MEDIUM,Good candidate for equality or IN pre-filter.
CI_MD_MSG,MD_MSG_ID,CHAR,XC915P0,1,NORMAL,VALID,VISIBLE,NO,UNIQUE,Y,Y,N,N,,MEDIUM,Good candidate for equality or IN pre-filter.
CI_MD_MSG_L,MD_MSG_ID,CHAR,XC916P0,1,NORMAL,VALID,VISIBLE,NO,UNIQUE,Y,Y,N,N,,MEDIUM,Good candidate for equality or IN pre-filter.
CI_MD_NAV,NAVIGATION_KEY,CHAR,XC945P0,1,NORMAL,VALID,VISIBLE,NO,UNIQUE,Y,Y,N,N,,MEDIUM,Good candidate for equality or IN pre-filter.
CI_MD_NAV,NAV_KEY_OVRD,CHAR,XC945S4,1,NORMAL,VALID,VISIBLE,NO,NONUNIQUE,Y,Y,N,N,,MEDIUM,Good candidate for equality or IN pre-filter.
CI_MD_NAV,PROG_COM_ID,CHAR,XC945S1,1,NORMAL,VALID,VISIBLE,NO,NONUNIQUE,Y,Y,N,N,,MEDIUM,Good candidate for equality or IN pre-filter.
CI_MD_NAV,URL_LOC_FLG,CHAR,XC945S2,1,NORMAL,VALID,VISIBLE,NO,NONUNIQUE,Y,Y,N,N,,MEDIUM,Good candidate for equality or IN pre-filter.
CI_MD_NAV,URL_LOC_FLG,CHAR,XC945S3,1,NORMAL,VALID,VISIBLE,NO,UNIQUE,Y,Y,N,N,,MEDIUM,Good candidate for equality or IN pre-filter.
CI_MD_PDF,PDF_CD,CHAR,XC463P0,1,NORMAL,VALID,VISIBLE,NO,UNIQUE,Y,Y,N,N,,MEDIUM,Good candidate for equality or IN pre-filter.
CI_MD_PDF_VAL,PDF_CD,CHAR,XC464P0,1,NORMAL,VALID,VISIBLE,NO,UNIQUE,Y,Y,N,N,,MEDIUM,Good candidate for equality or IN pre-filter.
CI_MD_PRG_COM,PROG_COM_ID,CHAR,XC917P0,1,NORMAL,VALID,VISIBLE,NO,UNIQUE,Y,Y,N,N,,MEDIUM,Good candidate for equality or IN pre-filter.
CI_MD_PRG_COM,PROG_COM_NAME,VARCHAR2,XC917S1,1,NORMAL,VALID,VISIBLE,NO,UNIQUE,Y,Y,N,N,,MEDIUM,Good candidate for equality or IN pre-filter.
CI_MD_PRG_COM,TMPL_CD,CHAR,XC917S2,1,NORMAL,VALID,VISIBLE,NO,NONUNIQUE,Y,Y,N,N,,MEDIUM,Good candidate for equality or IN pre-filter.
CI_MD_PRG_ELEM,PROG_COM_ID,CHAR,XC918P0,1,NORMAL,VALID,VISIBLE,NO,UNIQUE,Y,Y,N,N,,MEDIUM,Good candidate for equality or IN pre-filter.
CI_MD_PRG_EL_AT,PROG_COM_ID,CHAR,XC920P0,1,NORMAL,VALID,VISIBLE,NO,UNIQUE,Y,Y,N,N,,MEDIUM,Good candidate for equality or IN pre-filter.
CI_MD_PRG_LOC,LOC_ID,CHAR,XC921P0,1,NORMAL,VALID,VISIBLE,NO,UNIQUE,Y,Y,N,N,,MEDIUM,Good candidate for equality or IN pre-filter.
CI_MD_PRG_MOD,PROG_COM_ID,CHAR,XC370P0,1,NORMAL,VALID,VISIBLE,NO,UNIQUE,Y,Y,N,N,,MEDIUM,Good candidate for equality or IN pre-filter.
CI_MD_PRG_SEC,PROG_COM_ID,CHAR,XC922P0,1,NORMAL,VALID,VISIBLE,NO,UNIQUE,Y,Y,N,N,,MEDIUM,Good candidate for equality or IN pre-filter.
CI_MD_PRG_SQL,PROG_COM_ID,CHAR,XC906P0,1,NORMAL,VALID,VISIBLE,NO,UNIQUE,Y,Y,N,N,,MEDIUM,Good candidate for equality or IN pre-filter.
CI_MD_PRG_TAB,PROG_COM_ID,CHAR,XC923P0,1,NORMAL,VALID,VISIBLE,NO,UNIQUE,Y,Y,N,N,,MEDIUM,Good candidate for equality or IN pre-filter.
CI_MD_PRG_TAB,URL,VARCHAR2,XC923S1,1,NORMAL,VALID,VISIBLE,NO,NONUNIQUE,Y,Y,N,N,,MEDIUM,Good candidate for equality or IN pre-filter.
CI_MD_PRG_VAR,PROG_COM_ID,CHAR,XC926P0,1,NORMAL,VALID,VISIBLE,NO,UNIQUE,Y,Y,N,N,,MEDIUM,Good candidate for equality or IN pre-filter.
CI_MD_RPT,REPORT_CD,CHAR,XC392P0,1,NORMAL,VALID,VISIBLE,NO,UNIQUE,Y,Y,N,N,,MEDIUM,Good candidate for equality or IN pre-filter.
CI_MD_RPT_L,REPORT_CD,CHAR,XC393P0,1,NORMAL,VALID,VISIBLE,NO,UNIQUE,Y,Y,N,N,,MEDIUM,Good candidate for equality or IN pre-filter.
CI_MD_RPT_LBL,REPORT_CD,CHAR,XC396P0,1,NORMAL,VALID,VISIBLE,NO,UNIQUE,Y,Y,N,N,,MEDIUM,Good candidate for equality or IN pre-filter.
CI_MD_RPT_PARM,REPORT_CD,CHAR,XC395P0,1,NORMAL,VALID,VISIBLE,NO,UNIQUE,Y,Y,N,N,,MEDIUM,Good candidate for equality or IN pre-filter.
CI_MD_RPT_PARM_L,REPORT_CD,CHAR,XC397P0,1,NORMAL,VALID,VISIBLE,NO,UNIQUE,Y,Y,N,N,,MEDIUM,Good candidate for equality or IN pre-filter.
CI_MD_SO,SO_CD,CHAR,XC445P0,1,NORMAL,VALID,VISIBLE,NO,UNIQUE,Y,Y,N,N,,MEDIUM,Good candidate for equality or IN pre-filter.
CI_MD_SOCG,SO_CD,CHAR,XC449P0,1,NORMAL,VALID,VISIBLE,NO,UNIQUE,Y,Y,N,N,,MEDIUM,Good candidate for equality or IN pre-filter.
CI_MD_SOCG_FLD,SO_CD,CHAR,XC450P0,1,NORMAL,VALID,VISIBLE,NO,UNIQUE,Y,Y,N,N,,MEDIUM,Good candidate for equality or IN pre-filter.
CI_MD_SOCG_FLDAT,SO_CD,CHAR,XC451P0,1,NORMAL,VALID,VISIBLE,NO,UNIQUE,Y,Y,N,N,,MEDIUM,Good candidate for equality or IN pre-filter.
CI_MD_SOCG_L,SO_CD,CHAR,XC516P0,1,NORMAL,VALID,VISIBLE,NO,UNIQUE,Y,Y,N,N,,MEDIUM,Good candidate for equality or IN pre-filter.
CI_MD_SOCG_SORT,SO_CD,CHAR,XC452P0,1,NORMAL,VALID,VISIBLE,NO,UNIQUE,Y,Y,N,N,,MEDIUM,Good candidate for equality or IN pre-filter.
CI_MD_SO_L,SO_CD,CHAR,XC446P0,1,NORMAL,VALID,VISIBLE,NO,UNIQUE,Y,Y,N,N,,MEDIUM,Good candidate for equality or IN pre-filter.
CI_MD_SO_RSFLD,SO_CD,CHAR,XC447P0,1,NORMAL,VALID,VISIBLE,NO,UNIQUE,Y,Y,N,N,,MEDIUM,Good candidate for equality or IN pre-filter.
CI_MD_SO_RSFLDAT,SO_CD,CHAR,XC448P0,1,NORMAL,VALID,VISIBLE,NO,UNIQUE,Y,Y,N,N,,MEDIUM,Good candidate for equality or IN pre-filter.
CI_MD_SRC_TYPE,SRC_TYPE_CD,CHAR,XC927P0,1,NORMAL,VALID,VISIBLE,NO,UNIQUE,Y,Y,N,N,,MEDIUM,Good candidate for equality or IN pre-filter.
CI_MD_SRC_TYPE_L,SRC_TYPE_CD,CHAR,XC928P0,1,NORMAL,VALID,VISIBLE,NO,UNIQUE,Y,Y,N,N,,MEDIUM,Good candidate for equality or IN pre-filter.
CI_MD_SVC,SVC_NAME,CHAR,XC929P0,1,NORMAL,VALID,VISIBLE,NO,UNIQUE,Y,Y,N,N,,MEDIUM,Good candidate for equality or IN pre-filter.
CI_MD_SVC_L,SVC_NAME,CHAR,XC931P0,1,NORMAL,VALID,VISIBLE,NO,UNIQUE,Y,Y,N,N,,MEDIUM,Good candidate for equality or IN pre-filter.
CI_MD_SVC_PRG,PROG_COM_ID,CHAR,XC932S1,1,NORMAL,VALID,VISIBLE,NO,NONUNIQUE,Y,Y,N,N,,MEDIUM,Good candidate for equality or IN pre-filter.
CI_MD_SVC_PRG,SVC_NAME,CHAR,XC932P0,1,NORMAL,VALID,VISIBLE,NO,UNIQUE,Y,Y,N,N,,MEDIUM,Good candidate for equality or IN pre-filter.
CI_MD_TAB_MOD,PROG_COM_ID,CHAR,XC369P0,1,NORMAL,VALID,VISIBLE,NO,UNIQUE,Y,Y,N,N,,MEDIUM,Good candidate for equality or IN pre-filter.
CI_MD_TBL,KEY_TBL_NAME,CHAR,XC905S1,1,NORMAL,VALID,VISIBLE,NO,NONUNIQUE,Y,Y,N,N,,MEDIUM,Good candidate for equality or IN pre-filter.
CI_MD_TBL,TBL_NAME,CHAR,XC905P0,1,NORMAL,VALID,VISIBLE,NO,UNIQUE,Y,Y,N,N,,MEDIUM,Good candidate for equality or IN pre-filter.
CI_MD_TBL_ADDTL,TBL_NAME,CHAR,F1C906P0,1,NORMAL,VALID,VISIBLE,NO,UNIQUE,Y,Y,N,N,,MEDIUM,Good candidate for equality or IN pre-filter.
CI_MD_TBL_FLD,TBL_NAME,CHAR,XC903P0,1,NORMAL,VALID,VISIBLE,NO,UNIQUE,Y,Y,N,N,,MEDIUM,Good candidate for equality or IN pre-filter.
CI_MD_TBL_FLD_L,TBL_NAME,CHAR,XC901P0,1,NORMAL,VALID,VISIBLE,NO,UNIQUE,Y,Y,N,N,,MEDIUM,Good candidate for equality or IN pre-filter.
CI_MD_TBL_L,TBL_NAME,CHAR,XC900P0,1,NORMAL,VALID,VISIBLE,NO,UNIQUE,Y,Y,N,N,,MEDIUM,Good candidate for equality or IN pre-filter.
CI_MD_TMPL,TMPL_CD,CHAR,XC935P0,1,NORMAL,VALID,VISIBLE,NO,UNIQUE,Y,Y,N,N,,MEDIUM,Good candidate for equality or IN pre-filter.
CI_MD_TMPL_ELTY,TMPL_CD,CHAR,XC458P0,1,NORMAL,VALID,VISIBLE,NO,UNIQUE,Y,Y,N,N,,MEDIUM,Good candidate for equality or IN pre-filter.
CI_MD_TMPL_L,TMPL_CD,CHAR,XC936P0,1,NORMAL,VALID,VISIBLE,NO,UNIQUE,Y,Y,N,N,,MEDIUM,Good candidate for equality or IN pre-filter.
CI_MD_TMPL_VAR,TMPL_CD,CHAR,XC937P0,1,NORMAL,VALID,VISIBLE,NO,UNIQUE,Y,Y,N,N,,MEDIUM,Good candidate for equality or IN pre-filter.
CI_MD_TMPL_VAR_L,TMPL_CD,CHAR,XC938P0,1,NORMAL,VALID,VISIBLE,NO,UNIQUE,Y,Y,N,N,,MEDIUM,Good candidate for equality or IN pre-filter.
CI_MD_TOOLREP_XML,OBJECT_NAME,VARCHAR2,XC726P0,1,NORMAL,VALID,VISIBLE,NO,UNIQUE,Y,Y,N,N,,MEDIUM,Good candidate for equality or IN pre-filter.
CI_MD_TOOL_REP,OBJECT_NAME,VARCHAR2,XC725P0,1,NORMAL,VALID,VISIBLE,NO,UNIQUE,Y,Y,N,N,,MEDIUM,Good candidate for equality or IN pre-filter.
CI_MD_VAR,VAR_NAME,CHAR,XC459P0,1,NORMAL,VALID,VISIBLE,NO,UNIQUE,Y,Y,N,N,,MEDIUM,Good candidate for equality or IN pre-filter.
CI_MD_VAR_DTL,VAR_NAME,CHAR,XC460P0,1,NORMAL,VALID,VISIBLE,NO,UNIQUE,Y,Y,N,N,,MEDIUM,Good candidate for equality or IN pre-filter.
CI_MD_VAR_DTL_L,VAR_NAME,CHAR,XC461P0,1,NORMAL,VALID,VISIBLE,NO,UNIQUE,Y,Y,N,N,,MEDIUM,Good candidate for equality or IN pre-filter.
CI_MD_WRK_TBL,WRK_TBL_NAME,CHAR,XC453P0,1,NORMAL,VALID,VISIBLE,NO,UNIQUE,Y,Y,N,N,,MEDIUM,Good candidate for equality or IN pre-filter.
CI_MD_WRK_TBLFLD,WRK_TBL_NAME,CHAR,XC462P0,1,NORMAL,VALID,VISIBLE,NO,UNIQUE,Y,Y,N,N,,MEDIUM,Good candidate for equality or IN pre-filter.
CI_MD_WRK_TBL_L,WRK_TBL_NAME,CHAR,XC454P0,1,NORMAL,VALID,VISIBLE,NO,UNIQUE,Y,Y,N,N,,MEDIUM,Good candidate for equality or IN pre-filter.
CI_MEVT_CAN_RSN,MEVT_CAN_RSN_CD,CHAR,XC252P0,1,NORMAL,VALID,VISIBLE,NO,UNIQUE,Y,Y,N,N,,MEDIUM,Good candidate for equality or IN pre-filter.
CI_MEVT_CAN_RSN_L,MEVT_CAN_RSN_CD,CHAR,XC253P0,1,NORMAL,VALID,VISIBLE,NO,UNIQUE,Y,Y,N,N,,MEDIUM,Good candidate for equality or IN pre-filter.
CI_MFG,MFG_CD,CHAR,XC130P0,1,NORMAL,VALID,VISIBLE,NO,UNIQUE,Y,Y,N,N,,MEDIUM,Good candidate for equality or IN pre-filter.
CI_MFG_L,MFG_CD,CHAR,XC542P0,1,NORMAL,VALID,VISIBLE,NO,UNIQUE,Y,Y,N,N,,MEDIUM,Good candidate for equality or IN pre-filter.
CI_MKTMSG_TYPE,MKTMSG_TYPE_CD,CHAR,XC800P0,1,NORMAL,VALID,VISIBLE,NO,UNIQUE,Y,Y,N,N,,MEDIUM,Good candidate for equality or IN pre-filter.
CI_MKTMSG_TYPE_ALG,MKTMSG_TYPE_CD,CHAR,XC801P0,1,NORMAL,VALID,VISIBLE,NO,UNIQUE,Y,Y,N,N,,MEDIUM,Good candidate for equality or IN pre-filter.
CI_MKTMSG_TYPE_CHAR,MKTMSG_TYPE_CD,CHAR,XC802P0,1,NORMAL,VALID,VISIBLE,NO,UNIQUE,Y,Y,N,N,,MEDIUM,Good candidate for equality or IN pre-filter.
CI_MKTMSG_TYPE_CHAR,SRCH_CHAR_VAL,VARCHAR2,XC802S1,1,NORMAL,VALID,VISIBLE,NO,NONUNIQUE,Y,Y,N,N,,MEDIUM,Good candidate for equality or IN pre-filter.
CI_MKTMSG_TYPE_L,MKTMSG_TYPE_CD,CHAR,XC803P0,1,NORMAL,VALID,VISIBLE,NO,UNIQUE,Y,Y,N,N,,MEDIUM,Good candidate for equality or IN pre-filter.
CI_MODEL,MFG_CD,CHAR,XC131P0,1,NORMAL,VALID,VISIBLE,NO,UNIQUE,Y,Y,N,N,,MEDIUM,Good candidate for equality or IN pre-filter.
CI_MODEL,SVC_TYPE_CD,VARCHAR2,XC131S1,1,NORMAL,VALID,VISIBLE,NO,NONUNIQUE,Y,Y,N,N,,MEDIUM,Good candidate for equality or IN pre-filter.
CI_MODEL_L,MFG_CD,CHAR,XC543P0,1,NORMAL,VALID,VISIBLE,NO,UNIQUE,Y,Y,N,N,,MEDIUM,Good candidate for equality or IN pre-filter.
CI_MPL_EXC,MPL_EXC_ID,CHAR,XT818P0,1,NORMAL,VALID,VISIBLE,NO,UNIQUE,Y,Y,N,N,,MEDIUM,Good candidate for equality or IN pre-filter.
CI_MR,MR_ID,CHAR,XT132P0,1,NORMAL,VALID,VISIBLE,NO,UNIQUE,Y,Y,N,N,,MEDIUM,Good candidate for equality or IN pre-filter.
CI_MR,MTR_CONFIG_ID,CHAR,XT132S1,1,NORMAL,VALID,VISIBLE,NO,NONUNIQUE,Y,Y,N,N,,MEDIUM,Good candidate for equality or IN pre-filter.
CI_MRR_STGE_UP,MR_STAGE_UP_ID,NUMBER,XT145P0,1,NORMAL,VALID,VISIBLE,NO,UNIQUE,Y,Y,N,N,,MEDIUM,Good candidate for equality or IN pre-filter.
CI_MR_CHAR,MR_ID,CHAR,XT410P0,1,NORMAL,VALID,VISIBLE,NO,UNIQUE,Y,Y,N,N,,MEDIUM,Good candidate for equality or IN pre-filter.
CI_MR_CHAR,SRCH_CHAR_VAL,VARCHAR2,XT410S1,1,NORMAL,VALID,VISIBLE,NO,NONUNIQUE,Y,Y,N,N,,MEDIUM,Good candidate for equality or IN pre-filter.
CI_MR_CYC,MR_CYC_CD,CHAR,XC133P0,1,NORMAL,VALID,VISIBLE,NO,UNIQUE,Y,Y,N,N,,MEDIUM,Good candidate for equality or IN pre-filter.
CI_MR_CYC_L,MR_CYC_CD,CHAR,XC544P0,1,NORMAL,VALID,VISIBLE,NO,UNIQUE,Y,Y,N,N,,MEDIUM,Good candidate for equality or IN pre-filter.
CI_MR_INSTR,MR_INSTR_CD,CHAR,XC134P0,1,NORMAL,VALID,VISIBLE,NO,UNIQUE,Y,Y,N,N,,MEDIUM,Good candidate for equality or IN pre-filter.
CI_MR_INSTR_L,MR_INSTR_CD,CHAR,XC545P0,1,NORMAL,VALID,VISIBLE,NO,UNIQUE,Y,Y,N,N,,MEDIUM,Good candidate for equality or IN pre-filter.
CI_MR_K,MR_ID,CHAR,XT528P0,1,IOT - TOP,VALID,VISIBLE,NO,UNIQUE,Y,Y,N,N,,MEDIUM,Good candidate for equality or IN pre-filter.
CI_MR_REM,MR_ID,CHAR,XT135P0,1,NORMAL,VALID,VISIBLE,NO,UNIQUE,Y,Y,N,N,,MEDIUM,Good candidate for equality or IN pre-filter.
CI_MR_REM_ACTN,READER_REM_CD,CHAR,XC603P0,1,NORMAL,VALID,VISIBLE,NO,UNIQUE,Y,Y,N,N,,MEDIUM,Good candidate for equality or IN pre-filter.
CI_MR_REM_BMSG,READER_REM_CD,CHAR,XC160P0,1,NORMAL,VALID,VISIBLE,NO,UNIQUE,Y,Y,N,N,,MEDIUM,Good candidate for equality or IN pre-filter.
CI_MR_REM_EXCP,MR_ID,CHAR,XT024P0,1,NORMAL,VALID,VISIBLE,NO,UNIQUE,Y,Y,N,N,,MEDIUM,Good candidate for equality or IN pre-filter.
CI_MR_RTE,MR_CYC_CD,CHAR,XC136P0,1,NORMAL,VALID,VISIBLE,NO,UNIQUE,Y,Y,N,N,,MEDIUM,Good candidate for equality or IN pre-filter.
CI_MR_RTE,MR_RTE_TYPE_CD,CHAR,XC136S2,1,NORMAL,VALID,VISIBLE,NO,NONUNIQUE,Y,Y,N,N,,MEDIUM,Good candidate for equality or IN pre-filter.
CI_MR_RTE_CHAR,MR_CYC_CD,CHAR,XC791P0,1,NORMAL,VALID,VISIBLE,NO,UNIQUE,Y,Y,N,N,,MEDIUM,Good candidate for equality or IN pre-filter.
CI_MR_RTE_CHAR,SRCH_CHAR_VAL,VARCHAR2,XC791S1,1,NORMAL,VALID,VISIBLE,NO,NONUNIQUE,Y,Y,N,N,,MEDIUM,Good candidate for equality or IN pre-filter.
CI_MR_RTE_L,MR_CYC_CD,CHAR,XC546P0,1,NORMAL,VALID,VISIBLE,NO,UNIQUE,Y,Y,N,N,,MEDIUM,Good candidate for equality or IN pre-filter.
CI_MR_RTE_SEC,MR_CYC_CD,CHAR,C1C079P0,1,NORMAL,VALID,VISIBLE,NO,UNIQUE,Y,Y,N,N,,MEDIUM,Good candidate for equality or IN pre-filter.
CI_MR_RTE_TYPE,MR_RTE_TYPE_CD,CHAR,XC137P0,1,NORMAL,VALID,VISIBLE,NO,UNIQUE,Y,Y,N,N,,MEDIUM,Good candidate for equality or IN pre-filter.
CI_MR_RTE_TYPE_L,MR_RTE_TYPE_CD,CHAR,XC547P0,1,NORMAL,VALID,VISIBLE,NO,UNIQUE,Y,Y,N,N,,MEDIUM,Good candidate for equality or IN pre-filter.
CI_MR_SCHED,SCHED_SEL_DT,DATE,XC138S1,1,NORMAL,VALID,VISIBLE,NO,NONUNIQUE,Y,Y,Y,N,,HIGH,Primary candidate for mandatory rolling window pre-filter.
CI_MR_SCHED,MR_CYC_CD,CHAR,XC138P0,1,NORMAL,VALID,VISIBLE,NO,UNIQUE,Y,Y,N,N,,MEDIUM,Good candidate for equality or IN pre-filter.
CI_MR_SCHED_RTE,MR_CYC_CD,CHAR,XC139P0,1,NORMAL,VALID,VISIBLE,NO,UNIQUE,Y,Y,N,N,,MEDIUM,Good candidate for equality or IN pre-filter.
CI_MR_SCHED_RTE,MR_CYC_CD,CHAR,XC139S2,1,NORMAL,VALID,VISIBLE,NO,NONUNIQUE,Y,Y,N,N,,MEDIUM,Good candidate for equality or IN pre-filter.
CI_MR_SOURCE,MR_SOURCE_CD,CHAR,XC086P0,1,NORMAL,VALID,VISIBLE,NO,UNIQUE,Y,Y,N,N,,MEDIUM,Good candidate for equality or IN pre-filter.
CI_MR_SOURCE_L,MR_SOURCE_CD,CHAR,XC087P0,1,NORMAL,VALID,VISIBLE,NO,UNIQUE,Y,Y,N,N,,MEDIUM,Good candidate for equality or IN pre-filter.
CI_MR_STAGE_DWN,SCHED_SEL_DT,DATE,XT140S1,1,NORMAL,VALID,VISIBLE,NO,NONUNIQUE,Y,Y,Y,N,,HIGH,Primary candidate for mandatory rolling window pre-filter.
CI_MR_STAGE_DWN,BATCH_CD,CHAR,XT140S2,1,NORMAL,VALID,VISIBLE,NO,NONUNIQUE,Y,Y,N,N,,MEDIUM,Good candidate for equality or IN pre-filter.
CI_MR_STAGE_DWN,MR_CYC_CD,CHAR,XT140P0,1,NORMAL,VALID,VISIBLE,NO,UNIQUE,Y,Y,N,N,,MEDIUM,Good candidate for equality or IN pre-filter.
CI_MR_STAGE_UP,READ_DTTM,DATE,XT141S2,1,NORMAL,VALID,VISIBLE,NO,NONUNIQUE,Y,Y,Y,N,,HIGH,Primary candidate for mandatory rolling window pre-filter.
CI_MR_STAGE_UP,BADGE_NBR,CHAR,XT141S3,1,NORMAL,VALID,VISIBLE,NO,NONUNIQUE,Y,Y,N,N,,MEDIUM,Good candidate for equality or IN pre-filter.
CI_MR_STAGE_UP,MR_STAGE_UP_ID,NUMBER,XT141P0,1,NORMAL,VALID,VISIBLE,NO,UNIQUE,Y,Y,N,N,,MEDIUM,Good candidate for equality or IN pre-filter.
CI_MR_STAGE_UP,MR_UP_STATUS_FLG,CHAR,XT141S1,1,NORMAL,VALID,VISIBLE,NO,NONUNIQUE,Y,Y,N,N,,MEDIUM,Good candidate for equality or IN pre-filter.
CI_MR_STGUP_CHAR,MR_STAGE_UP_ID,NUMBER,XT411P0,1,NORMAL,VALID,VISIBLE,NO,UNIQUE,Y,Y,N,N,,MEDIUM,Good candidate for equality or IN pre-filter.
CI_MR_STGUP_CHAR,SRCH_CHAR_VAL,VARCHAR2,XT411S1,1,NORMAL,VALID,VISIBLE,NO,NONUNIQUE,Y,Y,N,N,,MEDIUM,Good candidate for equality or IN pre-filter.
CI_MR_STGUP_EXC,MR_STAGE_UP_ID,NUMBER,XT142P0,1,NORMAL,VALID,VISIBLE,NO,UNIQUE,Y,Y,N,N,,MEDIUM,Good candidate for equality or IN pre-filter.
CI_MR_WARN,MR_WARN_CD,CHAR,XC009P0,1,NORMAL,VALID,VISIBLE,NO,UNIQUE,Y,Y,N,N,,MEDIUM,Good candidate for equality or IN pre-filter.
CI_MR_WARN_L,MR_WARN_CD,CHAR,XC548P0,1,NORMAL,VALID,VISIBLE,NO,UNIQUE,Y,Y,N,N,,MEDIUM,Good candidate for equality or IN pre-filter.
CI_MSG,MESSAGE_CAT_NBR,NUMBER,XC291P0,1,NORMAL,VALID,VISIBLE,NO,UNIQUE,Y,Y,N,N,,MEDIUM,Good candidate for equality or IN pre-filter.
CI_MSG_CATEGORY,MESSAGE_CAT_NBR,NUMBER,XC292P0,1,NORMAL,VALID,VISIBLE,NO,UNIQUE,Y,Y,N,N,,MEDIUM,Good candidate for equality or IN pre-filter.
CI_MSG_CATEGORY_L,MESSAGE_CAT_NBR,NUMBER,XC549P0,1,NORMAL,VALID,VISIBLE,NO,UNIQUE,Y,Y,N,N,,MEDIUM,Good candidate for equality or IN pre-filter.
CI_MSG_L,MESSAGE_CAT_NBR,NUMBER,XC550P0,1,NORMAL,VALID,VISIBLE,NO,UNIQUE,Y,Y,N,N,,MEDIUM,Good candidate for equality or IN pre-filter.
CI_MSG_LOG,MESSAGE_SEQ,NUMBER,XT300S1,1,NORMAL,VALID,VISIBLE,NO,NONUNIQUE,Y,Y,N,N,,MEDIUM,Good candidate for equality or IN pre-filter.
CI_MSG_LOG,SCHEDULER_ID,NUMBER,XT300P0,1,NORMAL,VALID,VISIBLE,NO,UNIQUE,Y,Y,N,N,,MEDIUM,Good candidate for equality or IN pre-filter.
CI_MSG_LOGPARM,SCHEDULER_ID,NUMBER,XT301P0,1,NORMAL,VALID,VISIBLE,NO,UNIQUE,Y,Y,N,N,,MEDIUM,Good candidate for equality or IN pre-filter.
CI_MSG_LOG_PK,SCHEDULER_ID,NUMBER,XT302P0,1,NORMAL,VALID,VISIBLE,NO,UNIQUE,Y,Y,N,N,,MEDIUM,Good candidate for equality or IN pre-filter.
CI_MTR,BADGE_NBR,CHAR,XM146S1,1,NORMAL,VALID,VISIBLE,NO,NONUNIQUE,Y,Y,N,N,,MEDIUM,Good candidate for equality or IN pre-filter.
CI_MTR,MTR_ID,CHAR,XM146P0,1,NORMAL,VALID,VISIBLE,NO,UNIQUE,Y,Y,N,N,,MEDIUM,Good candidate for equality or IN pre-filter.
CI_MTR,MTR_TYPE_CD,CHAR,XM146S3,1,NORMAL,VALID,VISIBLE,NO,NONUNIQUE,Y,Y,N,N,,MEDIUM,Good candidate for equality or IN pre-filter.
CI_MTR,SERIAL_NBR,VARCHAR2,XM146S2,1,NORMAL,VALID,VISIBLE,NO,NONUNIQUE,Y,Y,N,N,,MEDIUM,Good candidate for equality or IN pre-filter.
CI_MTR_CFGTY_RL,MTR_CONFIG_TY_CD,CHAR,XC219P0,1,NORMAL,VALID,VISIBLE,NO,UNIQUE,Y,Y,N,N,,MEDIUM,Good candidate for equality or IN pre-filter.
CI_MTR_CHAR,MTR_ID,CHAR,XM147P0,1,NORMAL,VALID,VISIBLE,NO,UNIQUE,Y,Y,N,N,,MEDIUM,Good candidate for equality or IN pre-filter.
CI_MTR_CHAR,SRCH_CHAR_VAL,VARCHAR2,C1M005S1,1,NORMAL,VALID,VISIBLE,NO,NONUNIQUE,Y,Y,N,N,,MEDIUM,Good candidate for equality or IN pre-filter.
CI_MTR_CONFIG,MTR_CONFIG_ID,CHAR,XM143P0,1,NORMAL,VALID,VISIBLE,NO,UNIQUE,Y,Y,N,N,,MEDIUM,Good candidate for equality or IN pre-filter.
CI_MTR_CONFIG,MTR_ID,CHAR,XM143S1,1,NORMAL,VALID,VISIBLE,NO,NONUNIQUE,Y,Y,N,N,,MEDIUM,Good candidate for equality or IN pre-filter.
CI_MTR_CONFIG_K,MTR_CONFIG_ID,CHAR,XM507P0,1,IOT - TOP,VALID,VISIBLE,NO,UNIQUE,Y,Y,N,N,,MEDIUM,Good candidate for equality or IN pre-filter.
CI_MTR_CONFIG_TY,MTR_CONFIG_TY_CD,CHAR,XC216P0,1,NORMAL,VALID,VISIBLE,NO,UNIQUE,Y,Y,N,N,,MEDIUM,Good candidate for equality or IN pre-filter.
CI_MTR_CONFIG_TY_L,MTR_CONFIG_TY_CD,CHAR,XC217P0,1,NORMAL,VALID,VISIBLE,NO,UNIQUE,Y,Y,N,N,,MEDIUM,Good candidate for equality or IN pre-filter.
CI_MTR_EQ,ITEM_ID_EQ,CHAR,XM002S1,1,NORMAL,VALID,VISIBLE,NO,NONUNIQUE,Y,Y,N,N,,MEDIUM,Good candidate for equality or IN pre-filter.
CI_MTR_EQ,MTR_ID,CHAR,XM002P0,1,NORMAL,VALID,VISIBLE,NO,UNIQUE,Y,Y,N,N,,MEDIUM,Good candidate for equality or IN pre-filter.
CI_MTR_ID,MTR_ID,CHAR,XM144P0,1,NORMAL,VALID,VISIBLE,NO,UNIQUE,Y,Y,N,N,,MEDIUM,Good candidate for equality or IN pre-filter.
CI_MTR_ID,MTR_ID_TYPE_CD,CHAR,XM144S1,1,NORMAL,VALID,VISIBLE,NO,NONUNIQUE,Y,Y,N,N,,MEDIUM,Good candidate for equality or IN pre-filter.
CI_MTR_ID_TYPE,MTR_ID_TYPE_CD,CHAR,XC011P0,1,NORMAL,VALID,VISIBLE,NO,UNIQUE,Y,Y,N,N,,MEDIUM,Good candidate for equality or IN pre-filter.
CI_MTR_ID_TYPE_L,MTR_ID_TYPE_CD,CHAR,XC551P0,1,NORMAL,VALID,VISIBLE,NO,UNIQUE,Y,Y,N,N,,MEDIUM,Good candidate for equality or IN pre-filter.
CI_MTR_K,MTR_ID,CHAR,XM506P0,1,IOT - TOP,VALID,VISIBLE,NO,UNIQUE,Y,Y,N,N,,MEDIUM,Good candidate for equality or IN pre-filter.
CI_MTR_LOC,MTR_LOC_CD,CHAR,XC149P0,1,NORMAL,VALID,VISIBLE,NO,UNIQUE,Y,Y,N,N,,MEDIUM,Good candidate for equality or IN pre-filter.
CI_MTR_LOC_HIS,MTR_ID,CHAR,XT274S1,1,NORMAL,VALID,VISIBLE,NO,NONUNIQUE,Y,Y,N,N,,MEDIUM,Good candidate for equality or IN pre-filter.
CI_MTR_LOC_HIS,MTR_LOC_HIST_ID,CHAR,XT274P0,1,NORMAL,VALID,VISIBLE,NO,UNIQUE,Y,Y,N,N,,MEDIUM,Good candidate for equality or IN pre-filter.
CI_MTR_LOC_HIS,STK_LOC_CD,CHAR,XT274S2,1,NORMAL,VALID,VISIBLE,NO,NONUNIQUE,Y,Y,N,N,,MEDIUM,Good candidate for equality or IN pre-filter.
CI_MTR_LOC_HIS_K,MTR_LOC_HIST_ID,CHAR,XM277P0,1,IOT - TOP,VALID,VISIBLE,NO,UNIQUE,Y,Y,N,N,,MEDIUM,Good candidate for equality or IN pre-filter.
CI_MTR_LOC_L,MTR_LOC_CD,CHAR,XC552P0,1,NORMAL,VALID,VISIBLE,NO,UNIQUE,Y,Y,N,N,,MEDIUM,Good candidate for equality or IN pre-filter.
CI_MTR_STK_LOC,MTR_ID,CHAR,C1T101P0,1,NORMAL,VALID,VISIBLE,NO,UNIQUE,Y,Y,N,N,,MEDIUM,Good candidate for equality or IN pre-filter.
CI_MTR_STK_LOC,STK_LOC_CD,CHAR,C1T101S0,1,NORMAL,VALID,VISIBLE,NO,UNIQUE,Y,Y,N,N,,MEDIUM,Good candidate for equality or IN pre-filter.
CI_MTR_TYPE,MTR_TYPE_CD,CHAR,XC152P0,1,NORMAL,VALID,VISIBLE,NO,UNIQUE,Y,Y,N,N,,MEDIUM,Good candidate for equality or IN pre-filter.
CI_MTR_TYPE,SVC_TYPE_CD,VARCHAR2,XC152S1,1,NORMAL,VALID,VISIBLE,NO,NONUNIQUE,Y,Y,N,N,,MEDIUM,Good candidate for equality or IN pre-filter.
CI_MTR_TYPE_EQ,MTR_TYPE_CD,CHAR,XC091P0,1,NORMAL,VALID,VISIBLE,NO,UNIQUE,Y,Y,N,N,,MEDIUM,Good candidate for equality or IN pre-filter.
CI_MTR_TYPE_L,MTR_TYPE_CD,CHAR,XC553P0,1,NORMAL,VALID,VISIBLE,NO,UNIQUE,Y,Y,N,N,,MEDIUM,Good candidate for equality or IN pre-filter.
CI_MTR_TYP_CHAR,CHAR_TYPE_CD,CHAR,XC151S1,1,NORMAL,VALID,VISIBLE,NO,NONUNIQUE,Y,Y,N,N,,MEDIUM,Good candidate for equality or IN pre-filter.
CI_MTR_TYP_CHAR,MTR_TYPE_CD,CHAR,XC151P0,1,NORMAL,VALID,VISIBLE,NO,UNIQUE,Y,Y,N,N,,MEDIUM,Good candidate for equality or IN pre-filter.
CI_MTR_TY_CFGTY,MTR_TYPE_CD,CHAR,XC199P0,1,NORMAL,VALID,VISIBLE,NO,UNIQUE,Y,Y,N,N,,MEDIUM,Good candidate for equality or IN pre-filter.
CI_MULT_ITEM,SP_ID,CHAR,XM153P0,1,NORMAL,VALID,VISIBLE,NO,UNIQUE,Y,Y,N,N,,MEDIUM,Good candidate for equality or IN pre-filter.
CI_NAV_OPT,NAV_OPT_CD,CHAR,XC682P0,1,NORMAL,VALID,VISIBLE,NO,UNIQUE,Y,Y,N,N,,MEDIUM,Good candidate for equality or IN pre-filter.
CI_NAV_OPT,SEARCH_NAV_KEY,CHAR,XC682S1,1,NORMAL,VALID,VISIBLE,NO,NONUNIQUE,Y,Y,N,N,,MEDIUM,Good candidate for equality or IN pre-filter.
CI_NAV_OPT,TARGET_NAV_KEY,CHAR,XC682S2,1,NORMAL,VALID,VISIBLE,NO,NONUNIQUE,Y,Y,N,N,,MEDIUM,Good candidate for equality or IN pre-filter.
CI_NAV_OPT_CTXT,NAV_OPT_CD,CHAR,XC684P0,1,NORMAL,VALID,VISIBLE,NO,UNIQUE,Y,Y,N,N,,MEDIUM,Good candidate for equality or IN pre-filter.
CI_NAV_OPT_L,NAV_OPT_CD,CHAR,XC683P0,1,NORMAL,VALID,VISIBLE,NO,UNIQUE,Y,Y,N,N,,MEDIUM,Good candidate for equality or IN pre-filter.
CI_NAV_OPT_USG,NAV_OPT_CD,CHAR,XC465P0,1,NORMAL,VALID,VISIBLE,NO,UNIQUE,Y,Y,N,N,,MEDIUM,Good candidate for equality or IN pre-filter.
CI_NB_RULE,NB_RULE_CD,CHAR,XC430P0,1,NORMAL,VALID,VISIBLE,NO,UNIQUE,Y,Y,N,N,,MEDIUM,Good candidate for equality or IN pre-filter.
CI_NB_RULE_L,NB_RULE_CD,CHAR,XC431P0,1,NORMAL,VALID,VISIBLE,NO,UNIQUE,Y,Y,N,N,,MEDIUM,Good candidate for equality or IN pre-filter.
CI_NB_RULE_PARM,NB_RULE_CD,CHAR,XC433P0,1,NORMAL,VALID,VISIBLE,NO,UNIQUE,Y,Y,N,N,,MEDIUM,Good candidate for equality or IN pre-filter.
CI_NB_RULE_VER,NB_RULE_CD,CHAR,XC432P0,1,NORMAL,VALID,VISIBLE,NO,UNIQUE,Y,Y,N,N,,MEDIUM,Good candidate for equality or IN pre-filter.
CI_NB_SA,CVRD_SA_ID,CHAR,XM244S1,1,NORMAL,VALID,VISIBLE,NO,UNIQUE,Y,Y,N,N,,MEDIUM,Good candidate for equality or IN pre-filter.
CI_NB_SA,SA_ID,CHAR,XM244P0,1,NORMAL,VALID,VISIBLE,NO,UNIQUE,Y,Y,N,N,,MEDIUM,Good candidate for equality or IN pre-filter.
CI_NB_SCHED_PAY,APAY_CLR_ID,CHAR,XM301S2,1,NORMAL,VALID,VISIBLE,NO,NONUNIQUE,Y,Y,N,N,,MEDIUM,Good candidate for equality or IN pre-filter.
CI_NB_SCHED_PAY,NB_SCHED_PAY_ID,CHAR,XM301P0,1,NORMAL,VALID,VISIBLE,NO,UNIQUE,Y,Y,N,N,,MEDIUM,Good candidate for equality or IN pre-filter.
CI_NB_SCHED_PAY,SA_ID,CHAR,XM301S1,1,NORMAL,VALID,VISIBLE,NO,NONUNIQUE,Y,Y,N,N,,MEDIUM,Good candidate for equality or IN pre-filter.
CI_NB_SCHED_PAY_K,NB_SCHED_PAY_ID,CHAR,XM010P0,1,IOT - TOP,VALID,VISIBLE,NO,UNIQUE,Y,Y,N,N,,MEDIUM,Good candidate for equality or IN pre-filter.
CI_NCD,ACCT_ID,CHAR,XT025P0,1,NORMAL,VALID,VISIBLE,NO,UNIQUE,Y,Y,N,N,,MEDIUM,Good candidate for equality or IN pre-filter.
CI_NCD_TYPE,NCD_TYPE_CD,CHAR,XC094P0,1,NORMAL,VALID,VISIBLE,NO,UNIQUE,Y,Y,N,N,,MEDIUM,Good candidate for equality or IN pre-filter.
CI_NCD_TYPE_L,NCD_TYPE_CD,CHAR,XC095P0,1,NORMAL,VALID,VISIBLE,NO,UNIQUE,Y,Y,N,N,,MEDIUM,Good candidate for equality or IN pre-filter.
CI_NT_DNTY_CTXT,NT_DWN_TYPE_CD,CHAR,XC600P0,1,NORMAL,VALID,VISIBLE,NO,UNIQUE,Y,Y,N,N,,MEDIUM,Good candidate for equality or IN pre-filter.
CI_NT_DWN,NT_DWN_BATCH_CD,CHAR,XT026S1,1,NORMAL,VALID,VISIBLE,NO,NONUNIQUE,Y,Y,N,N,,MEDIUM,Good candidate for equality or IN pre-filter.
CI_NT_DWN,NT_DWN_ID,CHAR,XT026P0,1,NORMAL,VALID,VISIBLE,NO,UNIQUE,Y,Y,N,N,,MEDIUM,Good candidate for equality or IN pre-filter.
CI_NT_DWN,NT_DWN_STATUS_FLG,CHAR,XT026S4,1,NORMAL,VALID,VISIBLE,NO,NONUNIQUE,Y,Y,N,N,,MEDIUM,Good candidate for equality or IN pre-filter.
CI_NT_DWN,NT_PROC_METH_FLG,CHAR,XT026S3,1,NORMAL,VALID,VISIBLE,NO,NONUNIQUE,Y,Y,N,N,,MEDIUM,Good candidate for equality or IN pre-filter.
CI_NT_DWN,NT_XID_CD,CHAR,XT026S2,1,NORMAL,VALID,VISIBLE,NO,NONUNIQUE,Y,Y,N,N,,MEDIUM,Good candidate for equality or IN pre-filter.
CI_NT_DWN,SPR_CD,CHAR,XT026S5,1,NORMAL,VALID,VISIBLE,NO,NONUNIQUE,Y,Y,N,N,,MEDIUM,Good candidate for equality or IN pre-filter.
CI_NT_DWN_CHAR,NT_DWN_ID,CHAR,XT190P0,1,NORMAL,VALID,VISIBLE,NO,UNIQUE,Y,Y,N,N,,MEDIUM,Good candidate for equality or IN pre-filter.
CI_NT_DWN_CHAR,SRCH_CHAR_VAL,VARCHAR2,XT190S1,1,NORMAL,VALID,VISIBLE,NO,NONUNIQUE,Y,Y,N,N,,MEDIUM,Good candidate for equality or IN pre-filter.
CI_NT_DWN_CTXT,CTXT_VAL,CHAR,XT027S1,1,NORMAL,VALID,VISIBLE,NO,NONUNIQUE,Y,Y,N,N,,MEDIUM,Good candidate for equality or IN pre-filter.
CI_NT_DWN_CTXT,NT_DWN_ID,CHAR,XT027P0,1,NORMAL,VALID,VISIBLE,NO,UNIQUE,Y,Y,N,N,,MEDIUM,Good candidate for equality or IN pre-filter.
CI_NT_DWN_EXC,NT_DWN_ID,CHAR,XT034P0,1,NORMAL,VALID,VISIBLE,NO,UNIQUE,Y,Y,N,N,,MEDIUM,Good candidate for equality or IN pre-filter.
CI_NT_DWN_EXP,NT_DWN_ID,CHAR,XT403P0,1,NORMAL,VALID,VISIBLE,NO,UNIQUE,Y,Y,N,N,,MEDIUM,Good candidate for equality or IN pre-filter.
CI_NT_DWN_FORM,NT_DWN_PROF_CD,CHAR,XC096P0,1,NORMAL,VALID,VISIBLE,NO,UNIQUE,Y,Y,N,N,,MEDIUM,Good candidate for equality or IN pre-filter.
CI_NT_DWN_FORM_L,LANGUAGE_CD,CHAR,XC097P0,1,NORMAL,VALID,VISIBLE,NO,UNIQUE,Y,Y,N,N,,MEDIUM,Good candidate for equality or IN pre-filter.
CI_NT_DWN_K,NT_DWN_ID,CHAR,XT530P0,1,IOT - TOP,VALID,VISIBLE,NO,UNIQUE,Y,Y,N,N,,MEDIUM,Good candidate for equality or IN pre-filter.
CI_NT_DWN_PROF,NT_DWN_PROF_CD,CHAR,XC041P0,1,NORMAL,VALID,VISIBLE,NO,UNIQUE,Y,Y,N,N,,MEDIUM,Good candidate for equality or IN pre-filter.
CI_NT_DWN_PROF_L,LANGUAGE_CD,CHAR,XC554P0,1,NORMAL,VALID,VISIBLE,NO,UNIQUE,Y,Y,N,N,,MEDIUM,Good candidate for equality or IN pre-filter.
CI_NT_DWN_TYPE,NT_DWN_TYPE_CD,CHAR,XC110P0,1,NORMAL,VALID,VISIBLE,NO,UNIQUE,Y,Y,N,N,,MEDIUM,Good candidate for equality or IN pre-filter.
CI_NT_DWN_TYPE_L,LANGUAGE_CD,CHAR,XC112P0,1,NORMAL,VALID,VISIBLE,NO,UNIQUE,Y,Y,N,N,,MEDIUM,Good candidate for equality or IN pre-filter.
CI_NT_UP,NT_UP_ID,NUMBER,XT030P0,1,NORMAL,VALID,VISIBLE,NO,UNIQUE,Y,Y,N,N,,MEDIUM,Good candidate for equality or IN pre-filter.
CI_NT_UP,NT_UP_STAT_FLG,CHAR,XT030S2,1,NORMAL,VALID,VISIBLE,NO,NONUNIQUE,Y,Y,N,N,,MEDIUM,Good candidate for equality or IN pre-filter.
CI_NT_UP_CHAR,ADHOC_CHAR_VAL,VARCHAR2,XT148S2,1,NORMAL,VALID,VISIBLE,NO,NONUNIQUE,Y,Y,N,N,,MEDIUM,Good candidate for equality or IN pre-filter.
CI_NT_UP_CHAR,CHAR_VAL_FK1,VARCHAR2,XT148S1,1,NORMAL,VALID,VISIBLE,NO,NONUNIQUE,Y,Y,N,N,,MEDIUM,Good candidate for equality or IN pre-filter.
CI_NT_UP_CHAR,NT_UP_ID,NUMBER,XT148P0,1,NORMAL,VALID,VISIBLE,NO,UNIQUE,Y,Y,N,N,,MEDIUM,Good candidate for equality or IN pre-filter.
CI_NT_UP_CTXT,NT_UP_ID,NUMBER,XT401P0,1,NORMAL,VALID,VISIBLE,NO,UNIQUE,Y,Y,N,N,,MEDIUM,Good candidate for equality or IN pre-filter.
CI_NT_UP_EXCP,NT_UP_ID,NUMBER,XT031P0,1,NORMAL,VALID,VISIBLE,NO,UNIQUE,Y,Y,N,N,,MEDIUM,Good candidate for equality or IN pre-filter.
CI_NT_UP_XSPL,NT_UP_ID,NUMBER,XT032P0,1,NORMAL,VALID,VISIBLE,NO,UNIQUE,Y,Y,N,N,,MEDIUM,Good candidate for equality or IN pre-filter.
CI_NT_UP_XTYPE,NT_UP_XTYPE_CD,CHAR,XC113P0,1,NORMAL,VALID,VISIBLE,NO,UNIQUE,Y,Y,N,N,,MEDIUM,Good candidate for equality or IN pre-filter.
CI_NT_UP_XTYPE_L,LANGUAGE_CD,CHAR,XC118P0,1,NORMAL,VALID,VISIBLE,NO,UNIQUE,Y,Y,N,N,,MEDIUM,Good candidate for equality or IN pre-filter.
CI_NT_XID,NT_XID_CD,CHAR,XC049P0,1,NORMAL,VALID,VISIBLE,NO,UNIQUE,Y,Y,N,N,,MEDIUM,Good candidate for equality or IN pre-filter.
CI_NT_XID_L,LANGUAGE_CD,CHAR,XC555P0,1,NORMAL,VALID,VISIBLE,NO,UNIQUE,Y,Y,N,N,,MEDIUM,Good candidate for equality or IN pre-filter.
CI_OD_EVT,OD_PROC_ID,CHAR,XT318P0,1,NORMAL,VALID,VISIBLE,NO,UNIQUE,Y,Y,N,N,,MEDIUM,Good candidate for equality or IN pre-filter.
CI_OD_EVT_DEP,OD_PROC_ID,CHAR,XT319P0,1,NORMAL,VALID,VISIBLE,NO,UNIQUE,Y,Y,N,N,,MEDIUM,Good candidate for equality or IN pre-filter.
CI_OD_EVT_TYPE,OD_EVT_TYPE_CD,CHAR,XC762P0,1,NORMAL,VALID,VISIBLE,NO,UNIQUE,Y,Y,N,N,,MEDIUM,Good candidate for equality or IN pre-filter.
CI_OD_EVT_TYPE_ALG,OD_EVT_TYPE_CD,CHAR,XC764P0,1,NORMAL,VALID,VISIBLE,NO,UNIQUE,Y,Y,N,N,,MEDIUM,Good candidate for equality or IN pre-filter.
CI_OD_EVT_TYPE_L,OD_EVT_TYPE_CD,CHAR,XC763P0,1,NORMAL,VALID,VISIBLE,NO,UNIQUE,Y,Y,N,N,,MEDIUM,Good candidate for equality or IN pre-filter.
CI_OD_PROC,ACCT_ID,CHAR,XT315S1,1,NORMAL,VALID,VISIBLE,NO,NONUNIQUE,Y,Y,N,N,,MEDIUM,Good candidate for equality or IN pre-filter.
CI_OD_PROC,OD_PROC_ID,CHAR,XT315P0,1,NORMAL,VALID,VISIBLE,NO,UNIQUE,Y,Y,N,N,,MEDIUM,Good candidate for equality or IN pre-filter.
CI_OD_PROC_K,OD_PROC_ID,CHAR,XT316P0,1,IOT - TOP,VALID,VISIBLE,NO,UNIQUE,Y,Y,N,N,,MEDIUM,Good candidate for equality or IN pre-filter.
CI_OD_PROC_LOG,CHAR_TYPE_CD,CHAR,XT320S1,1,NORMAL,VALID,VISIBLE,NO,NONUNIQUE,Y,Y,N,N,,MEDIUM,Good candidate for equality or IN pre-filter.
CI_OD_PROC_LOG,OD_PROC_ID,CHAR,XT320P0,1,NORMAL,VALID,VISIBLE,NO,UNIQUE,Y,Y,N,N,,MEDIUM,Good candidate for equality or IN pre-filter.
CI_OD_PROC_LOGPARM,OD_PROC_ID,CHAR,XT321P0,1,NORMAL,VALID,VISIBLE,NO,UNIQUE,Y,Y,N,N,,MEDIUM,Good candidate for equality or IN pre-filter.
CI_OD_PROC_OBJ,OD_PROC_ID,CHAR,XT317P0,1,NORMAL,VALID,VISIBLE,NO,UNIQUE,Y,Y,N,N,,MEDIUM,Good candidate for equality or IN pre-filter.
CI_OD_PROC_TMP,OD_PROC_TMP_CD,CHAR,XC757P0,1,NORMAL,VALID,VISIBLE,NO,UNIQUE,Y,Y,N,N,,MEDIUM,Good candidate for equality or IN pre-filter.
CI_OD_PROC_TMP_ALG,OD_PROC_TMP_CD,CHAR,XC761P0,1,NORMAL,VALID,VISIBLE,NO,UNIQUE,Y,Y,N,N,,MEDIUM,Good candidate for equality or IN pre-filter.
CI_OD_PROC_TMP_L,OD_PROC_TMP_CD,CHAR,XC758P0,1,NORMAL,VALID,VISIBLE,NO,UNIQUE,Y,Y,N,N,,MEDIUM,Good candidate for equality or IN pre-filter.
CI_OD_RESP,OD_PROC_TMP_CD,CHAR,XC759P0,1,NORMAL,VALID,VISIBLE,NO,UNIQUE,Y,Y,N,N,,MEDIUM,Good candidate for equality or IN pre-filter.
CI_OD_RESP_DEP,OD_PROC_TMP_CD,CHAR,XC760P0,1,NORMAL,VALID,VISIBLE,NO,UNIQUE,Y,Y,N,N,,MEDIUM,Good candidate for equality or IN pre-filter.
CI_OD_RULE_ALG,COLL_CL_CD,CHAR,XC765P0,1,NORMAL,VALID,VISIBLE,NO,UNIQUE,Y,Y,N,N,,MEDIUM,Good candidate for equality or IN pre-filter.
CI_OEVT_CAN_RSN,OEVT_CAN_RSN_CD,CHAR,XC766P0,1,NORMAL,VALID,VISIBLE,NO,UNIQUE,Y,Y,N,N,,MEDIUM,Good candidate for equality or IN pre-filter.
CI_OEVT_CAN_RSN_L,OEVT_CAN_RSN_CD,CHAR,XC767P0,1,NORMAL,VALID,VISIBLE,NO,UNIQUE,Y,Y,N,N,,MEDIUM,Good candidate for equality or IN pre-filter.
CI_OP_AREA,OP_AREA_CD,CHAR,XC155P0,1,NORMAL,VALID,VISIBLE,NO,UNIQUE,Y,Y,N,N,,MEDIUM,Good candidate for equality or IN pre-filter.
CI_OP_AREA_L,OP_AREA_CD,CHAR,XC556P0,1,NORMAL,VALID,VISIBLE,NO,UNIQUE,Y,Y,N,N,,MEDIUM,Good candidate for equality or IN pre-filter.
CI_PAY,ACCT_ID,CHAR,XT156S1,1,NORMAL,VALID,VISIBLE,NO,NONUNIQUE,Y,Y,N,N,,MEDIUM,Good candidate for equality or IN pre-filter.
CI_PAY,PAY_AMT,NUMBER,XT156S3,1,NORMAL,VALID,VISIBLE,NO,NONUNIQUE,Y,Y,N,N,,MEDIUM,Good candidate for equality or IN pre-filter.
CI_PAY,PAY_EVENT_ID,CHAR,XT156S2,1,NORMAL,VALID,VISIBLE,NO,NONUNIQUE,Y,Y,N,N,,MEDIUM,Good candidate for equality or IN pre-filter.
CI_PAY,PAY_ID,CHAR,XT156P0,1,NORMAL,VALID,VISIBLE,NO,UNIQUE,Y,Y,N,N,,MEDIUM,Good candidate for equality or IN pre-filter.
CI_PAY_CAN_RSN,CAN_RSN_CD,CHAR,XC157P0,1,NORMAL,VALID,VISIBLE,NO,UNIQUE,Y,Y,N,N,,MEDIUM,Good candidate for equality or IN pre-filter.
CI_PAY_CAN_RSN_L,CAN_RSN_CD,CHAR,XC557P0,1,NORMAL,VALID,VISIBLE,NO,UNIQUE,Y,Y,N,N,,MEDIUM,Good candidate for equality or IN pre-filter.
CI_PAY_CHAR,PAY_ID,CHAR,XT412P0,1,NORMAL,VALID,VISIBLE,NO,UNIQUE,Y,Y,N,N,,MEDIUM,Good candidate for equality or IN pre-filter.
CI_PAY_CHAR,SRCH_CHAR_VAL,VARCHAR2,XT412S1,1,NORMAL,VALID,VISIBLE,NO,NONUNIQUE,Y,Y,N,N,,MEDIUM,Good candidate for equality or IN pre-filter.
CI_PAY_EVENT,DOC_ID,VARCHAR2,XT159S2,1,NORMAL,VALID,VISIBLE,NO,UNIQUE,Y,Y,N,N,cashiering,MEDIUM,Good candidate for equality or IN pre-filter.
CI_PAY_EVENT,PAY_EVENT_ID,CHAR,XT159P0,1,NORMAL,VALID,VISIBLE,NO,UNIQUE,Y,Y,N,N,cashiering,MEDIUM,Good candidate for equality or IN pre-filter.
CI_PAY_EVENT,PAY_EVENT_ID,CHAR,XT159S1,1,NORMAL,VALID,VISIBLE,NO,NONUNIQUE,Y,Y,N,N,cashiering,MEDIUM,Good candidate for equality or IN pre-filter.
CI_PAY_EVENT_K,PAY_EVENT_ID,CHAR,XT533P0,1,IOT - TOP,VALID,VISIBLE,NO,UNIQUE,Y,Y,N,N,,MEDIUM,Good candidate for equality or IN pre-filter.
CI_PAY_EVT_CHAR,PAY_EVENT_ID,CHAR,XT244P0,1,NORMAL,VALID,VISIBLE,NO,UNIQUE,Y,Y,N,N,,MEDIUM,Good candidate for equality or IN pre-filter.
CI_PAY_EVT_CHAR,SRCH_CHAR_VAL,VARCHAR2,XT244S1,1,NORMAL,VALID,VISIBLE,NO,NONUNIQUE,Y,Y,N,N,,MEDIUM,Good candidate for equality or IN pre-filter.
CI_PAY_EVT_EXCP,PAY_EVENT_ID,CHAR,XT161P0,1,NORMAL,VALID,VISIBLE,NO,UNIQUE,Y,Y,N,N,,MEDIUM,Good candidate for equality or IN pre-filter.
CI_PAY_EXCP,PAY_ID,CHAR,XT163P0,1,NORMAL,VALID,VISIBLE,NO,UNIQUE,Y,Y,N,N,,MEDIUM,Good candidate for equality or IN pre-filter.
CI_PAY_K,PAY_ID,CHAR,XT532P0,1,IOT - TOP,VALID,VISIBLE,NO,UNIQUE,Y,Y,N,N,,MEDIUM,Good candidate for equality or IN pre-filter.
CI_PAY_METH,PAY_METH_CD,CHAR,XC227P0,1,NORMAL,VALID,VISIBLE,NO,UNIQUE,Y,Y,N,N,,MEDIUM,Good candidate for equality or IN pre-filter.
CI_PAY_METH_L,PAY_METH_CD,CHAR,XC228P0,1,NORMAL,VALID,VISIBLE,NO,UNIQUE,Y,Y,N,N,,MEDIUM,Good candidate for equality or IN pre-filter.
CI_PAY_SEG,PAY_ID,CHAR,XT165S1,1,NORMAL,VALID,VISIBLE,NO,NONUNIQUE,Y,Y,N,Y,cashiering,MEDIUM,Good candidate for equality or IN pre-filter.
CI_PAY_SEG,PAY_SEG_ID,CHAR,XT165P0,1,NORMAL,VALID,VISIBLE,NO,UNIQUE,Y,Y,N,Y,cashiering,MEDIUM,Good candidate for equality or IN pre-filter.
CI_PAY_SEG,SA_ID,CHAR,XT165S2,1,NORMAL,VALID,VISIBLE,NO,NONUNIQUE,Y,Y,N,Y,cashiering,MEDIUM,Good candidate for equality or IN pre-filter.
CI_PAY_SEG_K,PAY_SEG_ID,CHAR,XT534P0,1,IOT - TOP,VALID,VISIBLE,NO,UNIQUE,Y,Y,N,N,,MEDIUM,Good candidate for equality or IN pre-filter.
CI_PAY_SEG_TYPE,PAY_SEG_TYPE_CD,CHAR,XC166P0,1,NORMAL,VALID,VISIBLE,NO,UNIQUE,Y,Y,N,N,,MEDIUM,Good candidate for equality or IN pre-filter.
CI_PAY_SEG_TYPE_L,PAY_SEG_TYPE_CD,CHAR,XC558P0,1,NORMAL,VALID,VISIBLE,NO,UNIQUE,Y,Y,N,N,,MEDIUM,Good candidate for equality or IN pre-filter.
CI_PAY_ST,EXT_REFERENCE_ID,CHAR,XT167S1,1,NORMAL,VALID,VISIBLE,NO,NONUNIQUE,Y,Y,N,N,,MEDIUM,Good candidate for equality or IN pre-filter.
CI_PAY_ST,EXT_SOURCE_ID,CHAR,XT167P0,1,NORMAL,VALID,VISIBLE,NO,UNIQUE,Y,Y,N,N,,MEDIUM,Good candidate for equality or IN pre-filter.
CI_PAY_TMPL,PAY_TMPL_CD,CHAR,XC743P0,1,NORMAL,VALID,VISIBLE,NO,UNIQUE,Y,Y,N,N,,MEDIUM,Good candidate for equality or IN pre-filter.
CI_PAY_TMPL_L,PAY_TMPL_CD,CHAR,XC744P0,1,NORMAL,VALID,VISIBLE,NO,UNIQUE,Y,Y,N,N,,MEDIUM,Good candidate for equality or IN pre-filter.
CI_PAY_TNDR,ADJ_ID,CHAR,XT265S6,1,NORMAL,VALID,VISIBLE,NO,NONUNIQUE,Y,Y,N,N,cashiering,MEDIUM,Good candidate for equality or IN pre-filter.
CI_PAY_TNDR,HASH_MICR_ID,VARCHAR2,XT265S7,1,NORMAL,VALID,VISIBLE,NO,UNIQUE,Y,Y,N,N,cashiering,MEDIUM,Good candidate for equality or IN pre-filter.
CI_PAY_TNDR,MICR_ID,VARCHAR2,XT265S1,1,NORMAL,VALID,VISIBLE,NO,NONUNIQUE,Y,Y,N,N,cashiering,MEDIUM,Good candidate for equality or IN pre-filter.
CI_PAY_TNDR,PAYOR_ACCT_ID,CHAR,XT265S4,1,NORMAL,VALID,VISIBLE,NO,NONUNIQUE,Y,Y,N,N,cashiering,MEDIUM,Good candidate for equality or IN pre-filter.
CI_PAY_TNDR,PAY_EVENT_ID,CHAR,XT265S3,1,NORMAL,VALID,VISIBLE,NO,NONUNIQUE,Y,Y,N,N,cashiering,MEDIUM,Good candidate for equality or IN pre-filter.
CI_PAY_TNDR,PAY_TENDER_ID,CHAR,XT265P0,1,NORMAL,VALID,VISIBLE,NO,UNIQUE,Y,Y,N,N,cashiering,MEDIUM,Good candidate for equality or IN pre-filter.
CI_PAY_TNDR,TENDER_AMT,NUMBER,XT265S2,1,NORMAL,VALID,VISIBLE,NO,NONUNIQUE,Y,Y,N,N,cashiering,MEDIUM,Good candidate for equality or IN pre-filter.
CI_PAY_TNDR,TNDR_CTL_ID,CHAR,XT265S5,1,NORMAL,VALID,VISIBLE,NO,NONUNIQUE,Y,Y,N,N,cashiering,MEDIUM,Good candidate for equality or IN pre-filter.
CI_PAY_TNDR_CHAR,PAY_TENDER_ID,CHAR,XT413P0,1,NORMAL,VALID,VISIBLE,NO,UNIQUE,Y,Y,N,N,,MEDIUM,Good candidate for equality or IN pre-filter.
CI_PAY_TNDR_CHAR,SRCH_CHAR_VAL,VARCHAR2,XT413S1,1,NORMAL,VALID,VISIBLE,NO,NONUNIQUE,Y,Y,N,N,,MEDIUM,Good candidate for equality or IN pre-filter.
CI_PAY_TNDR_K,PAY_TENDER_ID,CHAR,XT535P0,1,IOT - TOP,VALID,VISIBLE,NO,UNIQUE,Y,Y,N,N,,MEDIUM,Good candidate for equality or IN pre-filter.
CI_PAY_TNDR_ST,CHECK_NBR,CHAR,XT168S5,1,NORMAL,VALID,VISIBLE,NO,NONUNIQUE,Y,Y,N,N,,MEDIUM,Good candidate for equality or IN pre-filter.
CI_PAY_TNDR_ST,CUST_ID,CHAR,XT168S6,1,NORMAL,VALID,VISIBLE,NO,NONUNIQUE,Y,Y,N,N,,MEDIUM,Good candidate for equality or IN pre-filter.
CI_PAY_TNDR_ST,EXT_REFERENCE_ID,CHAR,XT168S2,1,NORMAL,VALID,VISIBLE,NO,NONUNIQUE,Y,Y,N,N,,MEDIUM,Good candidate for equality or IN pre-filter.
CI_PAY_TNDR_ST,EXT_SOURCE_ID,CHAR,XT168P0,1,NORMAL,VALID,VISIBLE,NO,UNIQUE,Y,Y,N,N,,MEDIUM,Good candidate for equality or IN pre-filter.
CI_PAY_TNDR_ST,NAME1,VARCHAR2,XT168S4,1,NORMAL,VALID,VISIBLE,NO,NONUNIQUE,Y,Y,N,N,,MEDIUM,Good candidate for equality or IN pre-filter.
CI_PAY_TNDR_ST,PAY_TENDER_ID,CHAR,XT168S1,1,NORMAL,VALID,VISIBLE,NO,NONUNIQUE,Y,Y,N,N,,MEDIUM,Good candidate for equality or IN pre-filter.
CI_PAY_TNDR_ST,TENDER_AMT,NUMBER,XT168S3,1,NORMAL,VALID,VISIBLE,NO,NONUNIQUE,Y,Y,N,N,,MEDIUM,Good candidate for equality or IN pre-filter.
CI_PAY_TNDR_ST_CHAR,EXT_SOURCE_ID,CHAR,CI_CXT169P0,1,NORMAL,VALID,VISIBLE,NO,UNIQUE,Y,Y,N,N,,MEDIUM,Good candidate for equality or IN pre-filter.
CI_PER,PER_ID,CHAR,XM169P0,1,NORMAL,VALID,VISIBLE,NO,UNIQUE,Y,Y,N,Y,customer_ops,MEDIUM,Good candidate for equality or IN pre-filter.
CI_PER_ADDR_OVRD,ACCT_ID,CHAR,XM230P0,1,NORMAL,VALID,VISIBLE,NO,UNIQUE,Y,Y,N,N,,MEDIUM,Good candidate for equality or IN pre-filter.
CI_PER_ADDR_SEAS,PER_ID,CHAR,XM235P0,1,NORMAL,VALID,VISIBLE,NO,UNIQUE,Y,Y,N,N,,MEDIUM,Good candidate for equality or IN pre-filter.
CI_PER_CHAR,PER_ID,CHAR,XM168P0,1,NORMAL,VALID,VISIBLE,NO,UNIQUE,Y,Y,N,N,,MEDIUM,Good candidate for equality or IN pre-filter.
CI_PER_CHAR,SRCH_CHAR_VAL,VARCHAR2,C1M004S1,1,NORMAL,VALID,VISIBLE,NO,NONUNIQUE,Y,Y,N,N,,MEDIUM,Good candidate for equality or IN pre-filter.
CI_PER_ID,HASH_PER_ID_NBR,VARCHAR2,XM170S2,1,NORMAL,VALID,VISIBLE,NO,UNIQUE,Y,Y,N,N,,MEDIUM,Good candidate for equality or IN pre-filter.
CI_PER_ID,PER_ID,CHAR,XM170P0,1,NORMAL,VALID,VISIBLE,NO,UNIQUE,Y,Y,N,N,,MEDIUM,Good candidate for equality or IN pre-filter.
CI_PER_ID,PER_ID_NBR,VARCHAR2,XM170S1,1,NORMAL,VALID,VISIBLE,NO,NONUNIQUE,Y,Y,N,N,,MEDIUM,Good candidate for equality or IN pre-filter.
CI_PER_K,PER_ID,CHAR,XM508P0,1,IOT - TOP,VALID,VISIBLE,NO,UNIQUE,Y,Y,N,N,,MEDIUM,Good candidate for equality or IN pre-filter.
CI_PER_NAME,ENTITY_NAME_UPR,VARCHAR2,XM171S1,1,NORMAL,VALID,VISIBLE,NO,UNIQUE,Y,Y,N,N,customer_ops,MEDIUM,Good candidate for equality or IN pre-filter.
CI_PER_NAME,ENTITY_NAME_UPR,VARCHAR2,XM171S3,1,DOMAIN,VALID,VISIBLE,NO,NONUNIQUE,Y,Y,N,N,customer_ops,MEDIUM,Good candidate for equality or IN pre-filter.
CI_PER_NAME,PER_ID,CHAR,XM171P0,1,NORMAL,VALID,VISIBLE,NO,UNIQUE,Y,Y,N,N,customer_ops,MEDIUM,Good candidate for equality or IN pre-filter.
CI_PER_NAME,PER_ID,CHAR,XM171S2,1,NORMAL,VALID,VISIBLE,NO,NONUNIQUE,Y,Y,N,N,customer_ops,MEDIUM,Good candidate for equality or IN pre-filter.
CI_PER_PER,PER_ID1,CHAR,XM008P0,1,NORMAL,VALID,VISIBLE,NO,UNIQUE,Y,Y,N,N,,MEDIUM,Good candidate for equality or IN pre-filter.
CI_PER_PER,PER_ID2,CHAR,XM008S1,1,NORMAL,VALID,VISIBLE,NO,NONUNIQUE,Y,Y,N,N,,MEDIUM,Good candidate for equality or IN pre-filter.
CI_PER_PHONE,PER_ID,CHAR,XM172P0,1,NORMAL,VALID,VISIBLE,NO,UNIQUE,Y,Y,N,N,,MEDIUM,Good candidate for equality or IN pre-filter.
CI_PER_PHONE,PHONE,VARCHAR2,XM172S1,1,NORMAL,VALID,VISIBLE,NO,NONUNIQUE,Y,Y,N,N,,MEDIUM,Good candidate for equality or IN pre-filter.
CI_PER_REL_TYPE,PER_REL_TYPE_CD,CHAR,XC275P0,1,NORMAL,VALID,VISIBLE,NO,UNIQUE,Y,Y,N,N,,MEDIUM,Good candidate for equality or IN pre-filter.
CI_PER_REL_TYPE_L,PER_REL_TYPE_CD,CHAR,XC276P0,1,NORMAL,VALID,VISIBLE,NO,UNIQUE,Y,Y,N,N,,MEDIUM,Good candidate for equality or IN pre-filter.
CI_PEVT_DST_DTL,PAY_EVENT_ID,CHAR,XT730P0,1,NORMAL,VALID,VISIBLE,NO,UNIQUE,Y,Y,N,N,,MEDIUM,Good candidate for equality or IN pre-filter.
CI_PEVT_DST_DTL,SRCH_CHAR_VAL,VARCHAR2,XT730S1,1,NORMAL,VALID,VISIBLE,NO,NONUNIQUE,Y,Y,N,N,,MEDIUM,Good candidate for equality or IN pre-filter.
CI_PEVT_DTL_ST,ACCOUNTING_DT,DATE,XT732S3,1,NORMAL,VALID,VISIBLE,NO,NONUNIQUE,Y,Y,Y,N,,HIGH,Primary candidate for mandatory rolling window pre-filter.
CI_PEVT_DTL_ST,DST_RULE_VALUE,VARCHAR2,XT732S4,1,NORMAL,VALID,VISIBLE,NO,NONUNIQUE,Y,Y,N,N,,MEDIUM,Good candidate for equality or IN pre-filter.
CI_PEVT_DTL_ST,EXT_SOURCE_ID,CHAR,XT732P0,1,NORMAL,VALID,VISIBLE,NO,UNIQUE,Y,Y,N,N,,MEDIUM,Good candidate for equality or IN pre-filter.
CI_PEVT_DTL_ST,PAY_EVENT_ID,CHAR,XT732S2,1,NORMAL,VALID,VISIBLE,NO,NONUNIQUE,Y,Y,N,N,,MEDIUM,Good candidate for equality or IN pre-filter.
CI_PEVT_DTL_ST,PEVT_PROCESS_ID,CHAR,XT732S1,1,NORMAL,VALID,VISIBLE,NO,NONUNIQUE,Y,Y,N,N,,MEDIUM,Good candidate for equality or IN pre-filter.
CI_PFRELTY_PFTY,INTV_PF_REL_TYP_CD,CHAR,XC175P0,1,NORMAL,VALID,VISIBLE,NO,UNIQUE,Y,Y,N,N,,MEDIUM,Good candidate for equality or IN pre-filter.
CI_PHONE_TYPE,PHONE_TYPE_CD,CHAR,XC220P0,1,NORMAL,VALID,VISIBLE,NO,UNIQUE,Y,Y,N,N,,MEDIUM,Good candidate for equality or IN pre-filter.
CI_PHONE_TYPE_L,PHONE_TYPE_CD,CHAR,XC233P0,1,NORMAL,VALID,VISIBLE,NO,UNIQUE,Y,Y,N,N,,MEDIUM,Good candidate for equality or IN pre-filter.
CI_PKG,PACKAGE_ID,CHAR,XC648P0,1,NORMAL,VALID,VISIBLE,NO,UNIQUE,Y,Y,N,N,,MEDIUM,Good candidate for equality or IN pre-filter.
CI_PKG_CRT,PACKAGE_ID,CHAR,XC657P0,1,NORMAL,VALID,VISIBLE,NO,UNIQUE,Y,Y,N,N,,MEDIUM,Good candidate for equality or IN pre-filter.
CI_PKG_CRT_GRP,PACKAGE_ID,CHAR,XC655P0,1,NORMAL,VALID,VISIBLE,NO,UNIQUE,Y,Y,N,N,,MEDIUM,Good candidate for equality or IN pre-filter.
CI_PKG_CRT_GRP_L,PACKAGE_ID,CHAR,XC656P0,1,NORMAL,VALID,VISIBLE,NO,UNIQUE,Y,Y,N,N,,MEDIUM,Good candidate for equality or IN pre-filter.
CI_PKG_FLD_OVRD,PACKAGE_ID,CHAR,XC653P0,1,NORMAL,VALID,VISIBLE,NO,UNIQUE,Y,Y,N,N,,MEDIUM,Good candidate for equality or IN pre-filter.
CI_PKG_FLD_OVRD_L,PACKAGE_ID,CHAR,XC662P0,1,NORMAL,VALID,VISIBLE,NO,UNIQUE,Y,Y,N,N,,MEDIUM,Good candidate for equality or IN pre-filter.
CI_PKG_INSTR,PACKAGE_ID,CHAR,XC665P0,1,NORMAL,VALID,VISIBLE,NO,UNIQUE,Y,Y,N,N,,MEDIUM,Good candidate for equality or IN pre-filter.
CI_PKG_INSTR_L,PACKAGE_ID,CHAR,XC666P0,1,NORMAL,VALID,VISIBLE,NO,UNIQUE,Y,Y,N,N,,MEDIUM,Good candidate for equality or IN pre-filter.
CI_PKG_K,PACKAGE_ID,CHAR,XC439P0,1,IOT - TOP,VALID,VISIBLE,NO,UNIQUE,Y,Y,N,N,,MEDIUM,Good candidate for equality or IN pre-filter.
CI_PKG_L,PACKAGE_ID,CHAR,XC649P0,1,NORMAL,VALID,VISIBLE,NO,UNIQUE,Y,Y,N,N,,MEDIUM,Good candidate for equality or IN pre-filter.
CI_PKG_SA_TYPE,PACKAGE_ID,CHAR,XC654P0,1,NORMAL,VALID,VISIBLE,NO,UNIQUE,Y,Y,N,N,,MEDIUM,Good candidate for equality or IN pre-filter.
CI_PORTAL,PORTAL_CD,CHAR,XC670P0,1,NORMAL,VALID,VISIBLE,NO,UNIQUE,Y,Y,N,N,,MEDIUM,Good candidate for equality or IN pre-filter.
CI_PORTAL_L,PORTAL_CD,CHAR,XC671P0,1,NORMAL,VALID,VISIBLE,NO,UNIQUE,Y,Y,N,N,,MEDIUM,Good candidate for equality or IN pre-filter.
CI_PORTAL_OPT,PORTAL_CD,CHAR,F1C199P0,1,NORMAL,VALID,VISIBLE,NO,UNIQUE,Y,Y,N,N,,MEDIUM,Good candidate for equality or IN pre-filter.
CI_PORTAL_ZONE,PORTAL_CD,CHAR,XC672P0,1,NORMAL,VALID,VISIBLE,NO,UNIQUE,Y,Y,N,N,,MEDIUM,Good candidate for equality or IN pre-filter.
CI_POST_DFLT,POSTAL_CD_FROM,CHAR,XC012P0,1,NORMAL,VALID,VISIBLE,NO,UNIQUE,Y,Y,N,N,,MEDIUM,Good candidate for equality or IN pre-filter.
CI_PP,ACCT_ID,CHAR,XM005S2,1,NORMAL,VALID,VISIBLE,NO,NONUNIQUE,Y,Y,N,N,,MEDIUM,Good candidate for equality or IN pre-filter.
CI_PP,PP_ID,CHAR,XM005P0,1,NORMAL,VALID,VISIBLE,NO,UNIQUE,Y,Y,N,N,,MEDIUM,Good candidate for equality or IN pre-filter.
CI_PP,PP_TYPE_CD,CHAR,XM005S1,1,NORMAL,VALID,VISIBLE,NO,UNIQUE,Y,Y,N,N,,MEDIUM,Good candidate for equality or IN pre-filter.
CI_PP_K,PP_ID,CHAR,XM509P0,1,IOT - TOP,VALID,VISIBLE,NO,UNIQUE,Y,Y,N,N,,MEDIUM,Good candidate for equality or IN pre-filter.
CI_PP_SCHED_PAY,APAY_CLR_ID,CHAR,XM006S1,1,NORMAL,VALID,VISIBLE,NO,NONUNIQUE,Y,Y,N,N,,MEDIUM,Good candidate for equality or IN pre-filter.
CI_PP_SCHED_PAY,PP_ID,CHAR,XM006P0,1,NORMAL,VALID,VISIBLE,NO,UNIQUE,Y,Y,N,N,,MEDIUM,Good candidate for equality or IN pre-filter.
CI_PP_TYPE,PP_TYPE_CD,CHAR,XC229P0,1,NORMAL,VALID,VISIBLE,NO,UNIQUE,Y,Y,N,N,,MEDIUM,Good candidate for equality or IN pre-filter.
CI_PP_TYPE_L,PP_TYPE_CD,CHAR,XC230P0,1,NORMAL,VALID,VISIBLE,NO,UNIQUE,Y,Y,N,N,,MEDIUM,Good candidate for equality or IN pre-filter.
CI_PREM,ADDRESS1_UPR,VARCHAR2,XM174S1,1,NORMAL,VALID,VISIBLE,NO,NONUNIQUE,Y,Y,N,Y,common,MEDIUM,Good candidate for equality or IN pre-filter.
CI_PREM,ADDRESS1_UPR,VARCHAR2,XM174S6,1,DOMAIN,VALID,VISIBLE,NO,NONUNIQUE,Y,Y,N,Y,common,MEDIUM,Good candidate for equality or IN pre-filter.
CI_PREM,CITY_UPR,VARCHAR2,XM174S2,1,NORMAL,VALID,VISIBLE,NO,NONUNIQUE,Y,Y,N,Y,common,MEDIUM,Good candidate for equality or IN pre-filter.
CI_PREM,CITY_UPR,VARCHAR2,XM174S7,1,DOMAIN,VALID,VISIBLE,NO,NONUNIQUE,Y,Y,N,Y,common,MEDIUM,Good candidate for equality or IN pre-filter.
CI_PREM,LL_ID,CHAR,XM174S5,1,NORMAL,VALID,VISIBLE,NO,NONUNIQUE,Y,Y,N,Y,common,MEDIUM,Good candidate for equality or IN pre-filter.
CI_PREM,POSTAL,CHAR,XM174S3,1,NORMAL,VALID,VISIBLE,NO,NONUNIQUE,Y,Y,N,Y,common,MEDIUM,Good candidate for equality or IN pre-filter.
CI_PREM,PREM_ID,CHAR,XM174P0,1,NORMAL,VALID,VISIBLE,NO,UNIQUE,Y,Y,N,Y,common,MEDIUM,Good candidate for equality or IN pre-filter.
CI_PREM,PRNT_PREM_ID,CHAR,XM174S4,1,NORMAL,VALID,VISIBLE,NO,NONUNIQUE,Y,Y,N,Y,common,MEDIUM,Good candidate for equality or IN pre-filter.
CI_PREM_CHAR,PREM_ID,CHAR,XM175P0,1,NORMAL,VALID,VISIBLE,NO,UNIQUE,Y,Y,N,Y,common,MEDIUM,Good candidate for equality or IN pre-filter.
CI_PREM_CHAR,SRCH_CHAR_VAL,VARCHAR2,C1M003S1,1,NORMAL,VALID,VISIBLE,NO,NONUNIQUE,Y,Y,N,Y,common,MEDIUM,Good candidate for equality or IN pre-filter.
CI_PREM_GEO,GEO_TYPE_CD,CHAR,XM176S1,1,NORMAL,VALID,VISIBLE,NO,NONUNIQUE,Y,Y,N,Y,common,MEDIUM,Good candidate for equality or IN pre-filter.
CI_PREM_GEO,PREM_ID,CHAR,XM176P0,1,NORMAL,VALID,VISIBLE,NO,UNIQUE,Y,Y,N,Y,common,MEDIUM,Good candidate for equality or IN pre-filter.
CI_PREM_K,PREM_ID,CHAR,XM510P0,1,IOT - TOP,VALID,VISIBLE,NO,UNIQUE,Y,Y,N,N,,MEDIUM,Good candidate for equality or IN pre-filter.
CI_PREM_TYPE,PREM_TYPE_CD,CHAR,XC177P0,1,NORMAL,VALID,VISIBLE,NO,UNIQUE,Y,Y,N,N,,MEDIUM,Good candidate for equality or IN pre-filter.
CI_PREM_TYPE_L,PREM_TYPE_CD,CHAR,XC559P0,1,NORMAL,VALID,VISIBLE,NO,UNIQUE,Y,Y,N,N,,MEDIUM,Good candidate for equality or IN pre-filter.
CI_PRM_ALT_ADDR,ADDRESS1_UPR,VARCHAR2,XM409S1,1,NORMAL,VALID,VISIBLE,NO,NONUNIQUE,Y,Y,N,N,,MEDIUM,Good candidate for equality or IN pre-filter.
CI_PRM_ALT_ADDR,ADDRESS1_UPR,VARCHAR2,XM409S5,1,DOMAIN,VALID,VISIBLE,NO,NONUNIQUE,Y,Y,N,N,,MEDIUM,Good candidate for equality or IN pre-filter.
CI_PRM_ALT_ADDR,CITY_UPR,VARCHAR2,XM409S2,1,NORMAL,VALID,VISIBLE,NO,NONUNIQUE,Y,Y,N,N,,MEDIUM,Good candidate for equality or IN pre-filter.
CI_PRM_ALT_ADDR,CITY_UPR,VARCHAR2,XM409S6,1,DOMAIN,VALID,VISIBLE,NO,NONUNIQUE,Y,Y,N,N,,MEDIUM,Good candidate for equality or IN pre-filter.
CI_PRM_ALT_ADDR,POSTAL,CHAR,XM409S3,1,NORMAL,VALID,VISIBLE,NO,NONUNIQUE,Y,Y,N,N,,MEDIUM,Good candidate for equality or IN pre-filter.
CI_PRM_ALT_ADDR,PREM_ID,CHAR,XM409S4,1,NORMAL,VALID,VISIBLE,NO,NONUNIQUE,Y,Y,N,N,,MEDIUM,Good candidate for equality or IN pre-filter.
CI_PRM_ALT_ADDR,PRM_ALT_ADDR_ID,CHAR,XM409P0,1,NORMAL,VALID,VISIBLE,NO,UNIQUE,Y,Y,N,N,,MEDIUM,Good candidate for equality or IN pre-filter.
CI_PRM_ALT_ADDR_K,PRM_ALT_ADDR_ID,CHAR,XM007P0,1,IOT - TOP,VALID,VISIBLE,NO,UNIQUE,Y,Y,N,N,,MEDIUM,Good candidate for equality or IN pre-filter.
CI_PROP_DCL_RSN,PROP_DCL_RSN_CD,CHAR,XC259P0,1,NORMAL,VALID,VISIBLE,NO,UNIQUE,Y,Y,N,N,,MEDIUM,Good candidate for equality or IN pre-filter.
CI_PROP_DCL_RSN_L,PROP_DCL_RSN_CD,CHAR,XC261P0,1,NORMAL,VALID,VISIBLE,NO,UNIQUE,Y,Y,N,N,,MEDIUM,Good candidate for equality or IN pre-filter.
CI_PROTOCOL,PROTOCOL_CD,CHAR,XC178P0,1,NORMAL,VALID,VISIBLE,NO,UNIQUE,Y,Y,N,N,,MEDIUM,Good candidate for equality or IN pre-filter.
CI_PROTOCOL_L,PROTOCOL_CD,CHAR,XC560P0,1,NORMAL,VALID,VISIBLE,NO,UNIQUE,Y,Y,N,N,,MEDIUM,Good candidate for equality or IN pre-filter.
CI_QTE_RTE_TYPE,QTE_RTE_TYPE_CD,CHAR,XC266P0,1,NORMAL,VALID,VISIBLE,NO,UNIQUE,Y,Y,N,N,,MEDIUM,Good candidate for equality or IN pre-filter.
CI_QTE_RTE_TYPE_L,QTE_RTE_TYPE_CD,CHAR,XC280P0,1,NORMAL,VALID,VISIBLE,NO,UNIQUE,Y,Y,N,N,,MEDIUM,Good candidate for equality or IN pre-filter.
CI_QUOTE,ACCT_ID,CHAR,XT170S1,1,NORMAL,VALID,VISIBLE,NO,NONUNIQUE,Y,Y,N,N,,MEDIUM,Good candidate for equality or IN pre-filter.
CI_QUOTE,QUOTE_ID,CHAR,XT170P0,1,NORMAL,VALID,VISIBLE,NO,UNIQUE,Y,Y,N,N,,MEDIUM,Good candidate for equality or IN pre-filter.
CI_QUOTE_DTL,QUOTE_DTL_ID,CHAR,XT171P0,1,NORMAL,VALID,VISIBLE,NO,UNIQUE,Y,Y,N,N,,MEDIUM,Good candidate for equality or IN pre-filter.
CI_QUOTE_DTL,QUOTE_ID,CHAR,XT171S1,1,NORMAL,VALID,VISIBLE,NO,NONUNIQUE,Y,Y,N,N,,MEDIUM,Good candidate for equality or IN pre-filter.
CI_QUOTE_DTL,SA_ID,CHAR,XT171S2,1,NORMAL,VALID,VISIBLE,NO,NONUNIQUE,Y,Y,N,N,,MEDIUM,Good candidate for equality or IN pre-filter.
CI_QUOTE_DTL_K,QUOTE_DTL_ID,CHAR,XT537P0,1,IOT - TOP,VALID,VISIBLE,NO,UNIQUE,Y,Y,N,N,,MEDIUM,Good candidate for equality or IN pre-filter.
CI_QUOTE_K,QUOTE_ID,CHAR,XT536P0,1,IOT - TOP,VALID,VISIBLE,NO,UNIQUE,Y,Y,N,N,,MEDIUM,Good candidate for equality or IN pre-filter.
CI_QUOTE_RTG,QUOTE_ID,CHAR,XT102P0,1,NORMAL,VALID,VISIBLE,NO,UNIQUE,Y,Y,N,N,,MEDIUM,Good candidate for equality or IN pre-filter.
CI_RC,BF_CD,CHAR,XC179S1,1,NORMAL,VALID,VISIBLE,NO,NONUNIQUE,Y,Y,N,N,,MEDIUM,Good candidate for equality or IN pre-filter.
CI_RC,RS_CD,CHAR,XC179P0,1,NORMAL,VALID,VISIBLE,NO,UNIQUE,Y,Y,N,N,,MEDIUM,Good candidate for equality or IN pre-filter.
CI_RC_CHAR,RS_CD,CHAR,XC298P0,1,NORMAL,VALID,VISIBLE,NO,UNIQUE,Y,Y,N,N,,MEDIUM,Good candidate for equality or IN pre-filter.
CI_RC_CRT,RS_CD,CHAR,XC693P0,1,NORMAL,VALID,VISIBLE,NO,UNIQUE,Y,Y,N,N,,MEDIUM,Good candidate for equality or IN pre-filter.
CI_RC_CRT_GRP,RS_CD,CHAR,XC694P0,1,NORMAL,VALID,VISIBLE,NO,UNIQUE,Y,Y,N,N,,MEDIUM,Good candidate for equality or IN pre-filter.
CI_RC_CRT_GRP_L,RS_CD,CHAR,XC695P0,1,NORMAL,VALID,VISIBLE,NO,UNIQUE,Y,Y,N,N,,MEDIUM,Good candidate for equality or IN pre-filter.
CI_RC_GL_DST,RS_CD,CHAR,XC180P0,1,NORMAL,VALID,VISIBLE,NO,UNIQUE,Y,Y,N,N,,MEDIUM,Good candidate for equality or IN pre-filter.
CI_RC_L,RS_CD,CHAR,XC561P0,1,NORMAL,VALID,VISIBLE,NO,UNIQUE,Y,Y,N,N,,MEDIUM,Good candidate for equality or IN pre-filter.
CI_RC_XREF,RS_CD,CHAR,XC181P0,1,NORMAL,VALID,VISIBLE,NO,UNIQUE,Y,Y,N,N,,MEDIUM,Good candidate for equality or IN pre-filter.
CI_RDR_TMPL,CIS_DIVISION,CHAR,XC182P0,1,NORMAL,VALID,VISIBLE,NO,UNIQUE,Y,Y,N,N,,MEDIUM,Good candidate for equality or IN pre-filter.
CI_READER_REM,READER_REM_CD,CHAR,XC184P0,1,NORMAL,VALID,VISIBLE,NO,UNIQUE,Y,Y,N,N,,MEDIUM,Good candidate for equality or IN pre-filter.
CI_READER_REM_L,READER_REM_CD,CHAR,XC563P0,1,NORMAL,VALID,VISIBLE,NO,UNIQUE,Y,Y,N,N,,MEDIUM,Good candidate for equality or IN pre-filter.
CI_READ_OUT_TYP,READ_OUT_TYPE_CD,CHAR,XC183P0,1,NORMAL,VALID,VISIBLE,NO,UNIQUE,Y,Y,N,N,,MEDIUM,Good candidate for equality or IN pre-filter.
CI_READ_OUT_TYP_L,READ_OUT_TYPE_CD,CHAR,XC562P0,1,NORMAL,VALID,VISIBLE,NO,UNIQUE,Y,Y,N,N,,MEDIUM,Good candidate for equality or IN pre-filter.
CI_REBATE_CLAIM,ACCT_ID,CHAR,XT610S1,1,NORMAL,VALID,VISIBLE,NO,NONUNIQUE,Y,Y,N,N,,MEDIUM,Good candidate for equality or IN pre-filter.
CI_REBATE_CLAIM,CONSV_PROG_CD,CHAR,XT610S2,1,NORMAL,VALID,VISIBLE,NO,NONUNIQUE,Y,Y,N,N,,MEDIUM,Good candidate for equality or IN pre-filter.
CI_REBATE_CLAIM,REBATE_CLAIM_ID,CHAR,XT610P0,1,NORMAL,VALID,VISIBLE,NO,UNIQUE,Y,Y,N,N,,MEDIUM,Good candidate for equality or IN pre-filter.
CI_REBATE_CLAIM_CHAR,REBATE_CLAIM_ID,CHAR,XT612P0,1,NORMAL,VALID,VISIBLE,NO,UNIQUE,Y,Y,N,N,,MEDIUM,Good candidate for equality or IN pre-filter.
CI_REBATE_CLAIM_CHAR,SRCH_CHAR_VAL,VARCHAR2,XT612S1,1,NORMAL,VALID,VISIBLE,NO,NONUNIQUE,Y,Y,N,N,,MEDIUM,Good candidate for equality or IN pre-filter.
CI_REBATE_CLAIM_K,REBATE_CLAIM_ID,CHAR,XT611P0,1,IOT - TOP,VALID,VISIBLE,NO,UNIQUE,Y,Y,N,N,,MEDIUM,Good candidate for equality or IN pre-filter.
CI_REBATE_CLAIM_LOG,CHAR_TYPE_CD,CHAR,XT613S1,1,NORMAL,VALID,VISIBLE,NO,NONUNIQUE,Y,Y,N,N,,MEDIUM,Good candidate for equality or IN pre-filter.
CI_REBATE_CLAIM_LOG,REBATE_CLAIM_ID,CHAR,XT613P0,1,NORMAL,VALID,VISIBLE,NO,UNIQUE,Y,Y,N,N,,MEDIUM,Good candidate for equality or IN pre-filter.
CI_REBATE_CLAIM_LOG_PARM,REBATE_CLAIM_ID,CHAR,XT614P0,1,NORMAL,VALID,VISIBLE,NO,UNIQUE,Y,Y,N,N,,MEDIUM,Good candidate for equality or IN pre-filter.
CI_REBATE_DEFN,CONSV_PROG_CD,CHAR,XC986P0,1,NORMAL,VALID,VISIBLE,NO,UNIQUE,Y,Y,N,N,,MEDIUM,Good candidate for equality or IN pre-filter.
CI_REBATE_DEFN_L,CONSV_PROG_CD,CHAR,XC990P0,1,NORMAL,VALID,VISIBLE,NO,UNIQUE,Y,Y,N,N,,MEDIUM,Good candidate for equality or IN pre-filter.
CI_REBATE_LINE,REBATE_CLAIM_ID,CHAR,XT616P0,1,NORMAL,VALID,VISIBLE,NO,UNIQUE,Y,Y,N,N,,MEDIUM,Good candidate for equality or IN pre-filter.
CI_REBATE_LINE_CHAR,REBATE_CLAIM_ID,CHAR,XT617P0,1,NORMAL,VALID,VISIBLE,NO,UNIQUE,Y,Y,N,N,,MEDIUM,Good candidate for equality or IN pre-filter.
CI_REBATE_LINE_CHAR,SRCH_CHAR_VAL,VARCHAR2,XT617S1,1,NORMAL,VALID,VISIBLE,NO,NONUNIQUE,Y,Y,N,N,,MEDIUM,Good candidate for equality or IN pre-filter.
CI_REG,MTR_ID,CHAR,XM185S1,1,NORMAL,VALID,VISIBLE,NO,NONUNIQUE,Y,Y,N,N,,MEDIUM,Good candidate for equality or IN pre-filter.
CI_REG,REG_ID,CHAR,XM185P0,1,NORMAL,VALID,VISIBLE,NO,UNIQUE,Y,Y,N,N,,MEDIUM,Good candidate for equality or IN pre-filter.
CI_REG,VIRTUAL_CHAN_ID,VARCHAR2,XM185S2,1,NORMAL,VALID,VISIBLE,NO,NONUNIQUE,Y,Y,N,N,,MEDIUM,Good candidate for equality or IN pre-filter.
CI_REG_CHAR,REG_ID,CHAR,XT415P0,1,NORMAL,VALID,VISIBLE,NO,UNIQUE,Y,Y,N,N,,MEDIUM,Good candidate for equality or IN pre-filter.
CI_REG_CHAR,SRCH_CHAR_VAL,VARCHAR2,XT415S1,1,NORMAL,VALID,VISIBLE,NO,NONUNIQUE,Y,Y,N,N,,MEDIUM,Good candidate for equality or IN pre-filter.
CI_REG_DATA,REG_DATA_SET_ID,CHAR,XT121P0,1,NORMAL,VALID,VISIBLE,NO,UNIQUE,Y,Y,N,N,,MEDIUM,Good candidate for equality or IN pre-filter.
CI_REG_DATA_SET,REG_DATA_SET_ID,CHAR,XT120P0,1,NORMAL,VALID,VISIBLE,NO,UNIQUE,Y,Y,N,N,,MEDIUM,Good candidate for equality or IN pre-filter.
CI_REG_DATA_SET,REG_DS_EXT_ID,VARCHAR2,XT120S2,1,NORMAL,VALID,VISIBLE,NO,NONUNIQUE,Y,Y,N,N,,MEDIUM,Good candidate for equality or IN pre-filter.
CI_REG_DATA_SET,REG_ID,CHAR,XT120S1,1,NORMAL,VALID,VISIBLE,NO,UNIQUE,Y,Y,N,N,,MEDIUM,Good candidate for equality or IN pre-filter.
CI_REG_DATA_SET_K,REG_DATA_SET_ID,CHAR,XT538P0,1,IOT - TOP,VALID,VISIBLE,NO,UNIQUE,Y,Y,N,N,,MEDIUM,Good candidate for equality or IN pre-filter.
CI_REG_DS_EXC,REG_DATA_SET_ID,CHAR,XT122P0,1,NORMAL,VALID,VISIBLE,NO,UNIQUE,Y,Y,N,N,,MEDIUM,Good candidate for equality or IN pre-filter.
CI_REG_DS_EXP,REG_DATA_SET_ID,CHAR,XT123P0,1,NORMAL,VALID,VISIBLE,NO,UNIQUE,Y,Y,N,N,,MEDIUM,Good candidate for equality or IN pre-filter.
CI_REG_K,REG_ID,CHAR,XM511P0,1,IOT - TOP,VALID,VISIBLE,NO,UNIQUE,Y,Y,N,N,,MEDIUM,Good candidate for equality or IN pre-filter.
CI_REG_READ,MR_ID,CHAR,XT186S1,1,NORMAL,VALID,VISIBLE,NO,NONUNIQUE,Y,Y,N,N,,MEDIUM,Good candidate for equality or IN pre-filter.
CI_REG_READ,REG_ID,CHAR,XT186S3,1,NORMAL,VALID,VISIBLE,NO,NONUNIQUE,Y,Y,N,N,,MEDIUM,Good candidate for equality or IN pre-filter.
CI_REG_READ,REG_READ_ID,CHAR,XT186P0,1,NORMAL,VALID,VISIBLE,NO,UNIQUE,Y,Y,N,N,,MEDIUM,Good candidate for equality or IN pre-filter.
CI_REG_READ,REVIEW_HILO_SW,CHAR,XT186S2,1,NORMAL,VALID,VISIBLE,NO,NONUNIQUE,Y,Y,N,N,,MEDIUM,Good candidate for equality or IN pre-filter.
CI_REG_READ_K,REG_READ_ID,CHAR,XT023P0,1,IOT - TOP,VALID,VISIBLE,NO,UNIQUE,Y,Y,N,N,,MEDIUM,Good candidate for equality or IN pre-filter.
CI_REG_RULE,REG_RULE_CD,CHAR,XC013P0,1,NORMAL,VALID,VISIBLE,NO,UNIQUE,Y,Y,N,N,,MEDIUM,Good candidate for equality or IN pre-filter.
CI_REG_RULE_L,REG_RULE_CD,CHAR,XC564P0,1,NORMAL,VALID,VISIBLE,NO,UNIQUE,Y,Y,N,N,,MEDIUM,Good candidate for equality or IN pre-filter.
CI_REP,REP_CD,CHAR,XC188P0,1,NORMAL,VALID,VISIBLE,NO,UNIQUE,Y,Y,N,N,,MEDIUM,Good candidate for equality or IN pre-filter.
CI_REPL_ACCT,REPL_CNTL_ID,CHAR,XC119P0,1,NORMAL,VALID,VISIBLE,NO,UNIQUE,Y,Y,N,N,,MEDIUM,Good candidate for equality or IN pre-filter.
CI_REPL_CNTL,REPL_CNTL_ID,CHAR,XC120P0,1,NORMAL,VALID,VISIBLE,NO,UNIQUE,Y,Y,N,N,,MEDIUM,Good candidate for equality or IN pre-filter.
CI_REP_L,REP_CD,CHAR,XC565P0,1,NORMAL,VALID,VISIBLE,NO,UNIQUE,Y,Y,N,N,,MEDIUM,Good candidate for equality or IN pre-filter.
CI_RETIRE_RSN,RETIRE_RSN_CD,CHAR,XC051P0,1,NORMAL,VALID,VISIBLE,NO,UNIQUE,Y,Y,N,N,,MEDIUM,Good candidate for equality or IN pre-filter.
CI_RETIRE_RSN_L,RETIRE_RSN_CD,CHAR,XC159P0,1,NORMAL,VALID,VISIBLE,NO,UNIQUE,Y,Y,N,N,,MEDIUM,Good candidate for equality or IN pre-filter.
CI_REV_CL,REV_CL_CD,CHAR,XC191P0,1,NORMAL,VALID,VISIBLE,NO,UNIQUE,Y,Y,N,N,,MEDIUM,Good candidate for equality or IN pre-filter.
CI_REV_CL_L,REV_CL_CD,CHAR,XC566P0,1,NORMAL,VALID,VISIBLE,NO,UNIQUE,Y,Y,N,N,,MEDIUM,Good candidate for equality or IN pre-filter.
CI_ROLE,ROLE_ID,CHAR,XC328P0,1,NORMAL,VALID,VISIBLE,NO,UNIQUE,Y,Y,N,N,,MEDIUM,Good candidate for equality or IN pre-filter.
CI_ROLE_L,ROLE_ID,CHAR,XC567P0,1,NORMAL,VALID,VISIBLE,NO,UNIQUE,Y,Y,N,N,,MEDIUM,Good candidate for equality or IN pre-filter.
CI_ROLE_USER,ROLE_ID,CHAR,XC121P0,1,NORMAL,VALID,VISIBLE,NO,UNIQUE,Y,Y,N,N,,MEDIUM,Good candidate for equality or IN pre-filter.
CI_ROLE_USER,USER_ID,CHAR,F1C121S1,1,NORMAL,VALID,VISIBLE,NO,UNIQUE,Y,Y,N,N,,MEDIUM,Good candidate for equality or IN pre-filter.
CI_ROOT_DIFF,DATA_DIFF_ID,CHAR,XT307P0,1,NORMAL,VALID,VISIBLE,NO,UNIQUE,Y,Y,N,N,,MEDIUM,Good candidate for equality or IN pre-filter.
CI_ROOT_DIFF,ROOT_OBJ_ID,CHAR,XT307S1,1,NORMAL,VALID,VISIBLE,NO,NONUNIQUE,Y,Y,N,N,,MEDIUM,Good candidate for equality or IN pre-filter.
CI_ROOT_INSTR,DB_PROC_CD,CHAR,XT201S3,1,NORMAL,VALID,VISIBLE,NO,NONUNIQUE,Y,Y,N,N,,MEDIUM,Good candidate for equality or IN pre-filter.
CI_ROOT_INSTR,PRIM_ROOT_OBJ_ID,CHAR,XT201S1,1,NORMAL,VALID,VISIBLE,NO,NONUNIQUE,Y,Y,N,N,,MEDIUM,Good candidate for equality or IN pre-filter.
CI_ROOT_INSTR,ROOT_INSTR_ID,CHAR,XT201P0,1,NORMAL,VALID,VISIBLE,NO,UNIQUE,Y,Y,N,N,,MEDIUM,Good candidate for equality or IN pre-filter.
CI_ROOT_INSTR,ROOT_OBJ_ID,CHAR,XT201S2,1,NORMAL,VALID,VISIBLE,NO,NONUNIQUE,Y,Y,N,N,,MEDIUM,Good candidate for equality or IN pre-filter.
CI_ROOT_INSTR_K,ROOT_INSTR_ID,CHAR,XT539P0,1,IOT - TOP,VALID,VISIBLE,NO,UNIQUE,Y,Y,N,N,,MEDIUM,Good candidate for equality or IN pre-filter.
CI_ROOT_OBJ,BATCH_NBR,NUMBER,XT202S2,1,NORMAL,VALID,VISIBLE,NO,NONUNIQUE,Y,Y,N,N,,MEDIUM,Good candidate for equality or IN pre-filter.
CI_ROOT_OBJ,MAINT_OBJ_CD,CHAR,XT202S1,1,NORMAL,VALID,VISIBLE,NO,NONUNIQUE,Y,Y,N,N,,MEDIUM,Good candidate for equality or IN pre-filter.
CI_ROOT_OBJ,ROOT_OBJ_ID,CHAR,XT202P0,1,NORMAL,VALID,VISIBLE,NO,UNIQUE,Y,Y,N,N,,MEDIUM,Good candidate for equality or IN pre-filter.
CI_ROOT_OBJ,ROOT_PK_INFO,VARCHAR2,XT202S3,1,NORMAL,VALID,VISIBLE,NO,NONUNIQUE,Y,Y,N,N,,MEDIUM,Good candidate for equality or IN pre-filter.
CI_ROOT_OBJ_EXC,ROOT_OBJ_ID,CHAR,XT204P0,1,NORMAL,VALID,VISIBLE,NO,UNIQUE,Y,Y,N,N,,MEDIUM,Good candidate for equality or IN pre-filter.
CI_ROOT_OBJ_EXP,ROOT_OBJ_ID,CHAR,XT206P0,1,NORMAL,VALID,VISIBLE,NO,UNIQUE,Y,Y,N,N,,MEDIUM,Good candidate for equality or IN pre-filter.
CI_ROOT_OBJ_K,ROOT_OBJ_ID,CHAR,XT540P0,1,IOT - TOP,VALID,VISIBLE,NO,UNIQUE,Y,Y,N,N,,MEDIUM,Good candidate for equality or IN pre-filter.
CI_ROOT_OBJ_PK,FIELD_VAL,VARCHAR2,XT203S1,1,NORMAL,VALID,VISIBLE,NO,NONUNIQUE,Y,Y,N,N,,MEDIUM,Good candidate for equality or IN pre-filter.
CI_ROOT_OBJ_PK,ROOT_OBJ_ID,CHAR,XT203P0,1,NORMAL,VALID,VISIBLE,NO,UNIQUE,Y,Y,N,N,,MEDIUM,Good candidate for equality or IN pre-filter.
CI_RPT_OPTION,RPT_OPT_FLG,CHAR,XC427P0,1,NORMAL,VALID,VISIBLE,NO,UNIQUE,Y,Y,N,N,,MEDIUM,Good candidate for equality or IN pre-filter.
CI_RR_STAGE_UP,MR_STAGE_UP_ID,NUMBER,XT192P0,1,NORMAL,VALID,VISIBLE,NO,UNIQUE,Y,Y,N,N,,MEDIUM,Good candidate for equality or IN pre-filter.
CI_RS,RS_CD,CHAR,XC193P0,1,NORMAL,VALID,VISIBLE,NO,UNIQUE,Y,Y,N,N,,MEDIUM,Good candidate for equality or IN pre-filter.
CI_RS_BMSG,RS_CD,CHAR,XC109P0,1,NORMAL,VALID,VISIBLE,NO,UNIQUE,Y,Y,N,N,,MEDIUM,Good candidate for equality or IN pre-filter.
CI_RS_L,RS_CD,CHAR,XC568P0,1,NORMAL,VALID,VISIBLE,NO,UNIQUE,Y,Y,N,N,billing,MEDIUM,Good candidate for equality or IN pre-filter.
CI_RS_MTR_CFGTY,RS_CD,CHAR,XC218P0,1,NORMAL,VALID,VISIBLE,NO,UNIQUE,Y,Y,N,N,,MEDIUM,Good candidate for equality or IN pre-filter.
CI_RS_REG_RULE,REG_RULE_CD,CHAR,XC194S2,1,NORMAL,VALID,VISIBLE,NO,NONUNIQUE,Y,Y,N,N,,MEDIUM,Good candidate for equality or IN pre-filter.
CI_RS_REG_RULE,RS_CD,CHAR,XC194P0,1,NORMAL,VALID,VISIBLE,NO,UNIQUE,Y,Y,N,N,,MEDIUM,Good candidate for equality or IN pre-filter.
CI_RS_SQ_RULE,RS_CD,CHAR,XC195P0,1,NORMAL,VALID,VISIBLE,NO,UNIQUE,Y,Y,N,N,,MEDIUM,Good candidate for equality or IN pre-filter.
CI_RS_SQ_RULE,SQ_RULE_CD,CHAR,XC195S2,1,NORMAL,VALID,VISIBLE,NO,NONUNIQUE,Y,Y,N,N,,MEDIUM,Good candidate for equality or IN pre-filter.
CI_RS_SUB_RS,RS_CD,CHAR,XC810P0,1,NORMAL,VALID,VISIBLE,NO,UNIQUE,Y,Y,N,N,,MEDIUM,Good candidate for equality or IN pre-filter.
CI_RS_SUB_RS,SUB_RS_CD,CHAR,XC810S1,1,NORMAL,VALID,VISIBLE,NO,NONUNIQUE,Y,Y,N,N,,MEDIUM,Good candidate for equality or IN pre-filter.
CI_RV,RS_CD,CHAR,XC198P0,1,NORMAL,VALID,VISIBLE,NO,UNIQUE,Y,Y,N,N,,MEDIUM,Good candidate for equality or IN pre-filter.
CI_RV_L,LANGUAGE_CD,CHAR,XC569P0,1,NORMAL,VALID,VISIBLE,NO,UNIQUE,Y,Y,N,N,,MEDIUM,Good candidate for equality or IN pre-filter.
CI_SA,ACCT_ID,CHAR,XM199S1,1,NORMAL,VALID,VISIBLE,NO,NONUNIQUE,Y,Y,N,Y,new_services,MEDIUM,Good candidate for equality or IN pre-filter.
CI_SA,CHAR_PREM_ID,CHAR,XM199S2,1,NORMAL,VALID,VISIBLE,NO,NONUNIQUE,Y,Y,N,Y,new_services,MEDIUM,Good candidate for equality or IN pre-filter.
CI_SA,CIS_DIVISION,CHAR,CM_XM199S1,1,NORMAL,VALID,VISIBLE,NO,NONUNIQUE,Y,Y,N,Y,new_services,MEDIUM,Good candidate for equality or IN pre-filter.
CI_SA,OLD_ACCT_ID,VARCHAR2,XM199S3,1,NORMAL,VALID,VISIBLE,NO,NONUNIQUE,Y,Y,N,Y,new_services,MEDIUM,Good candidate for equality or IN pre-filter.
CI_SA,SA_ID,CHAR,XM199P0,1,NORMAL,VALID,VISIBLE,NO,UNIQUE,Y,Y,N,Y,new_services,MEDIUM,Good candidate for equality or IN pre-filter.
CI_SA,SA_REL_ID,CHAR,XM199S4,1,NORMAL,VALID,VISIBLE,NO,UNIQUE,Y,Y,N,Y,new_services,MEDIUM,Good candidate for equality or IN pre-filter.
CI_SATY_ALG,CIS_DIVISION,CHAR,XC351P0,1,NORMAL,VALID,VISIBLE,NO,UNIQUE,Y,Y,N,N,,MEDIUM,Good candidate for equality or IN pre-filter.
CI_SATY_COPTY,CIS_DIVISION,CHAR,XC640P0,1,NORMAL,VALID,VISIBLE,NO,UNIQUE,Y,Y,N,N,,MEDIUM,Good candidate for equality or IN pre-filter.
CI_SATY_SARELTY,BUS_OBJ_CD,CHAR,XC345S1,1,NORMAL,VALID,VISIBLE,NO,NONUNIQUE,Y,Y,N,N,,MEDIUM,Good candidate for equality or IN pre-filter.
CI_SATY_SARELTY,CIS_DIVISION,CHAR,XC345P0,1,NORMAL,VALID,VISIBLE,NO,UNIQUE,Y,Y,N,N,,MEDIUM,Good candidate for equality or IN pre-filter.
CI_SATY_TMAPRTY,CIS_DIVISION,CHAR,XC215P0,1,NORMAL,VALID,VISIBLE,NO,UNIQUE,Y,Y,N,N,,MEDIUM,Good candidate for equality or IN pre-filter.
CI_SAT_ADJ_PROF,ADJ_TYPE_PROF_CD,CHAR,XC212S1,1,NORMAL,VALID,VISIBLE,NO,NONUNIQUE,Y,Y,N,N,,MEDIUM,Good candidate for equality or IN pre-filter.
CI_SAT_ADJ_PROF,CIS_DIVISION,CHAR,XC212P0,1,NORMAL,VALID,VISIBLE,NO,UNIQUE,Y,Y,N,N,,MEDIUM,Good candidate for equality or IN pre-filter.
CI_SAT_NB_RULE,CIS_DIVISION,CHAR,XC434P0,1,NORMAL,VALID,VISIBLE,NO,UNIQUE,Y,Y,N,N,,MEDIUM,Good candidate for equality or IN pre-filter.
CI_SAT_PFRELTY,CIS_DIVISION,CHAR,XC196P0,1,NORMAL,VALID,VISIBLE,NO,UNIQUE,Y,Y,N,N,,MEDIUM,Good candidate for equality or IN pre-filter.
CI_SA_CHAR,SA_ID,CHAR,XM187P0,1,NORMAL,VALID,VISIBLE,NO,UNIQUE,Y,Y,N,N,,MEDIUM,Good candidate for equality or IN pre-filter.
CI_SA_CHAR,SRCH_CHAR_VAL,VARCHAR2,XM187S1,1,NORMAL,VALID,VISIBLE,NO,NONUNIQUE,Y,Y,N,N,,MEDIUM,Good candidate for equality or IN pre-filter.
CI_SA_CHAR_TMP,CIS_DIVISION,CHAR,XC355P0,1,NORMAL,VALID,VISIBLE,NO,UNIQUE,Y,Y,N,N,,MEDIUM,Good candidate for equality or IN pre-filter.
CI_SA_CONTERM,BF_CD,CHAR,XM201S1,1,NORMAL,VALID,VISIBLE,NO,NONUNIQUE,Y,Y,N,N,,MEDIUM,Good candidate for equality or IN pre-filter.
CI_SA_CONTERM,SA_ID,CHAR,XM201P0,1,NORMAL,VALID,VISIBLE,NO,UNIQUE,Y,Y,N,N,,MEDIUM,Good candidate for equality or IN pre-filter.
CI_SA_CONT_QTY,SA_ID,CHAR,XM202P0,1,NORMAL,VALID,VISIBLE,NO,UNIQUE,Y,Y,N,N,,MEDIUM,Good candidate for equality or IN pre-filter.
CI_SA_COP,SA_CONT_OPT_ID,CHAR,XM401P0,1,NORMAL,VALID,VISIBLE,NO,UNIQUE,Y,Y,N,N,,MEDIUM,Good candidate for equality or IN pre-filter.
CI_SA_COP,SA_ID,CHAR,XM401S1,1,NORMAL,VALID,VISIBLE,NO,UNIQUE,Y,Y,N,N,,MEDIUM,Good candidate for equality or IN pre-filter.
CI_SA_COP_K,SA_CONT_OPT_ID,CHAR,XM011P0,1,IOT - TOP,VALID,VISIBLE,NO,UNIQUE,Y,Y,N,N,,MEDIUM,Good candidate for equality or IN pre-filter.
CI_SA_COP_OVRD,SA_CONT_OPT_ID,CHAR,XM402P0,1,NORMAL,VALID,VISIBLE,NO,UNIQUE,Y,Y,N,N,,MEDIUM,Good candidate for equality or IN pre-filter.
CI_SA_INTV_PF,INTV_PF_ID,CHAR,C1M179S1,1,NORMAL,VALID,VISIBLE,NO,NONUNIQUE,Y,Y,N,N,,MEDIUM,Good candidate for equality or IN pre-filter.
CI_SA_INTV_PF,SA_ID,CHAR,XM179P0,1,NORMAL,VALID,VISIBLE,NO,UNIQUE,Y,Y,N,N,,MEDIUM,Good candidate for equality or IN pre-filter.
CI_SA_K,SA_ID,CHAR,XM512P0,1,IOT - TOP,VALID,VISIBLE,NO,UNIQUE,Y,Y,N,N,,MEDIUM,Good candidate for equality or IN pre-filter.
CI_SA_MSG,SA_ID,CHAR,XM004P0,1,NORMAL,VALID,VISIBLE,NO,UNIQUE,Y,Y,N,N,,MEDIUM,Good candidate for equality or IN pre-filter.
CI_SA_NB_PARM,SA_ID,CHAR,XM300P0,1,NORMAL,VALID,VISIBLE,NO,UNIQUE,Y,Y,N,N,,MEDIUM,Good candidate for equality or IN pre-filter.
CI_SA_RCHG_HIST,SA_ID,CHAR,XM204P0,1,NORMAL,VALID,VISIBLE,NO,UNIQUE,Y,Y,N,N,,MEDIUM,Good candidate for equality or IN pre-filter.
CI_SA_REL,C1_MKT_CD,VARCHAR2,XM158S3,1,NORMAL,VALID,VISIBLE,NO,NONUNIQUE,Y,Y,N,N,,MEDIUM,Good candidate for equality or IN pre-filter.
CI_SA_REL,SA_ID,CHAR,XM158S1,1,NORMAL,VALID,VISIBLE,NO,NONUNIQUE,Y,Y,N,N,,MEDIUM,Good candidate for equality or IN pre-filter.
CI_SA_REL,SA_REL_ID,CHAR,XM158P0,1,NORMAL,VALID,VISIBLE,NO,UNIQUE,Y,Y,N,N,,MEDIUM,Good candidate for equality or IN pre-filter.
CI_SA_REL,SPR_CD,CHAR,XM158S2,1,NORMAL,VALID,VISIBLE,NO,NONUNIQUE,Y,Y,N,N,,MEDIUM,Good candidate for equality or IN pre-filter.
CI_SA_REL_K,SA_REL_ID,CHAR,XM513P0,1,IOT - TOP,VALID,VISIBLE,NO,UNIQUE,Y,Y,N,N,,MEDIUM,Good candidate for equality or IN pre-filter.
CI_SA_REL_TYPE,SA_REL_TYPE_CD,CHAR,XC342P0,1,NORMAL,VALID,VISIBLE,NO,UNIQUE,Y,Y,N,N,,MEDIUM,Good candidate for equality or IN pre-filter.
CI_SA_REL_TYPE_L,LANGUAGE_CD,CHAR,XC570P0,1,NORMAL,VALID,VISIBLE,NO,UNIQUE,Y,Y,N,N,,MEDIUM,Good candidate for equality or IN pre-filter.
CI_SA_RS_HIST,RS_CD,CHAR,CM_XM205S1,1,NORMAL,VALID,VISIBLE,NO,NONUNIQUE,Y,Y,N,N,,MEDIUM,Good candidate for equality or IN pre-filter.
CI_SA_RS_HIST,SA_ID,CHAR,XM205P0,1,NORMAL,VALID,VISIBLE,NO,UNIQUE,Y,Y,N,N,,MEDIUM,Good candidate for equality or IN pre-filter.
CI_SA_SP,SA_ID,CHAR,XM206S1,1,NORMAL,VALID,VISIBLE,NO,NONUNIQUE,Y,Y,N,N,,MEDIUM,Good candidate for equality or IN pre-filter.
CI_SA_SP,SA_SP_ID,CHAR,XM206P0,1,NORMAL,VALID,VISIBLE,NO,UNIQUE,Y,Y,N,N,,MEDIUM,Good candidate for equality or IN pre-filter.
CI_SA_SP,SP_ID,CHAR,XM206S2,1,NORMAL,VALID,VISIBLE,NO,NONUNIQUE,Y,Y,N,N,,MEDIUM,Good candidate for equality or IN pre-filter.
CI_SA_SP,START_MR_ID,CHAR,XM206S3,1,NORMAL,VALID,VISIBLE,NO,NONUNIQUE,Y,Y,N,N,,MEDIUM,Good candidate for equality or IN pre-filter.
CI_SA_SP,STOP_MR_ID,CHAR,XM206S4,1,NORMAL,VALID,VISIBLE,NO,NONUNIQUE,Y,Y,N,N,,MEDIUM,Good candidate for equality or IN pre-filter.
CI_SA_SP_CHAR,SA_SP_ID,CHAR,XM209P0,1,NORMAL,VALID,VISIBLE,NO,UNIQUE,Y,Y,N,N,,MEDIUM,Good candidate for equality or IN pre-filter.
CI_SA_SP_FA,FA_ID,CHAR,XT207S3,1,NORMAL,VALID,VISIBLE,NO,NONUNIQUE,Y,Y,N,N,,MEDIUM,Good candidate for equality or IN pre-filter.
CI_SA_SP_FA,SA_ID,CHAR,XT207S1,1,NORMAL,VALID,VISIBLE,NO,NONUNIQUE,Y,Y,N,N,,MEDIUM,Good candidate for equality or IN pre-filter.
CI_SA_SP_FA,SA_SP_ID,CHAR,XT207P0,1,NORMAL,VALID,VISIBLE,NO,UNIQUE,Y,Y,N,N,,MEDIUM,Good candidate for equality or IN pre-filter.
CI_SA_SP_FA,SP_ID,CHAR,XT207S2,1,NORMAL,VALID,VISIBLE,NO,NONUNIQUE,Y,Y,N,N,,MEDIUM,Good candidate for equality or IN pre-filter.
CI_SA_SP_K,SA_SP_ID,CHAR,XM514P0,1,IOT - TOP,VALID,VISIBLE,NO,UNIQUE,Y,Y,N,N,,MEDIUM,Good candidate for equality or IN pre-filter.
CI_SA_SP_TYPE,CIS_DIVISION,CHAR,XC208P0,1,NORMAL,VALID,VISIBLE,NO,UNIQUE,Y,Y,N,N,,MEDIUM,Good candidate for equality or IN pre-filter.
CI_SA_SP_TYPE,SP_TYPE_CD,VARCHAR2,XC208S1,1,NORMAL,VALID,VISIBLE,NO,NONUNIQUE,Y,Y,N,N,,MEDIUM,Good candidate for equality or IN pre-filter.
CI_SA_TC,SA_ID,CHAR,XM009P0,1,NORMAL,VALID,VISIBLE,NO,UNIQUE,Y,Y,N,N,,MEDIUM,Good candidate for equality or IN pre-filter.
CI_SA_TOU_MAP,SA_ID,CHAR,XM177P0,1,NORMAL,VALID,VISIBLE,NO,UNIQUE,Y,Y,N,N,,MEDIUM,Good candidate for equality or IN pre-filter.
CI_SA_TYPE,CIS_DIVISION,CHAR,XC209P0,1,NORMAL,VALID,VISIBLE,NO,UNIQUE,Y,Y,N,N,,MEDIUM,Good candidate for equality or IN pre-filter.
CI_SA_TYPE,DEBT_CL_CD,CHAR,XC209S3,1,NORMAL,VALID,VISIBLE,NO,NONUNIQUE,Y,Y,N,N,,MEDIUM,Good candidate for equality or IN pre-filter.
CI_SA_TYPE,SA_TYPE_CD,CHAR,XC209S1,1,NORMAL,VALID,VISIBLE,NO,NONUNIQUE,Y,Y,N,N,,MEDIUM,Good candidate for equality or IN pre-filter.
CI_SA_TYPE,SPECIAL_ROLE_FLG,CHAR,XC209S4,1,NORMAL,VALID,VISIBLE,NO,NONUNIQUE,Y,Y,N,N,,MEDIUM,Good candidate for equality or IN pre-filter.
CI_SA_TYPE,SVC_TYPE_CD,VARCHAR2,XC209S2,1,NORMAL,VALID,VISIBLE,NO,NONUNIQUE,Y,Y,N,N,,MEDIUM,Good candidate for equality or IN pre-filter.
CI_SA_TYPE_BC,CIS_DIVISION,CHAR,XC210P0,1,NORMAL,VALID,VISIBLE,NO,UNIQUE,Y,Y,N,N,,MEDIUM,Good candidate for equality or IN pre-filter.
CI_SA_TYPE_CHAR,CIS_DIVISION,CHAR,XC323P0,1,NORMAL,VALID,VISIBLE,NO,UNIQUE,Y,Y,N,N,,MEDIUM,Good candidate for equality or IN pre-filter.
CI_SA_TYPE_L,CIS_DIVISION,CHAR,XC571P0,1,NORMAL,VALID,VISIBLE,NO,UNIQUE,Y,Y,N,N,,MEDIUM,Good candidate for equality or IN pre-filter.
CI_SA_TYPE_RS,CIS_DIVISION,CHAR,XC211P0,1,NORMAL,VALID,VISIBLE,NO,UNIQUE,Y,Y,N,N,,MEDIUM,Good candidate for equality or IN pre-filter.
CI_SCM,SCM_ID,CHAR,XM240P0,1,NORMAL,VALID,VISIBLE,NO,UNIQUE,Y,Y,N,N,,MEDIUM,Good candidate for equality or IN pre-filter.
CI_SCMTY_SATY,SCM_TYPE_CD,CHAR,XC422P0,1,NORMAL,VALID,VISIBLE,NO,UNIQUE,Y,Y,N,N,,MEDIUM,Good candidate for equality or IN pre-filter.
CI_SCMTY_SUBCAT,SCMTY_SUBCAT_NAME,CHAR,XC423S1,1,NORMAL,VALID,VISIBLE,NO,NONUNIQUE,Y,Y,N,N,,MEDIUM,Good candidate for equality or IN pre-filter.
CI_SCMTY_SUBCAT,SCM_TYPE_CD,CHAR,XC423P0,1,NORMAL,VALID,VISIBLE,NO,UNIQUE,Y,Y,N,N,,MEDIUM,Good candidate for equality or IN pre-filter.
CI_SCMTY_SUBCAT_L,SCM_TYPE_CD,CHAR,XC424P0,1,NORMAL,VALID,VISIBLE,NO,UNIQUE,Y,Y,N,N,,MEDIUM,Good candidate for equality or IN pre-filter.
CI_SCM_ACCT,ACCT_ID,CHAR,XM241S1,1,NORMAL,VALID,VISIBLE,NO,UNIQUE,Y,Y,N,N,,MEDIUM,Good candidate for equality or IN pre-filter.
CI_SCM_ACCT,SCM_ID,CHAR,XM241P0,1,NORMAL,VALID,VISIBLE,NO,UNIQUE,Y,Y,N,N,,MEDIUM,Good candidate for equality or IN pre-filter.
CI_SCM_CHAR,CHAR_TYPE_CD,CHAR,XM242S1,1,NORMAL,VALID,VISIBLE,NO,NONUNIQUE,Y,Y,N,N,,MEDIUM,Good candidate for equality or IN pre-filter.
CI_SCM_CHAR,SCM_ID,CHAR,XM242P0,1,NORMAL,VALID,VISIBLE,NO,UNIQUE,Y,Y,N,N,,MEDIUM,Good candidate for equality or IN pre-filter.
CI_SCM_K,SCM_ID,CHAR,XM515P0,1,IOT - TOP,VALID,VISIBLE,NO,UNIQUE,Y,Y,N,N,,MEDIUM,Good candidate for equality or IN pre-filter.
CI_SCM_NCTV_RSN,SCM_INACTV_RSN_CD,CHAR,XC417P0,1,NORMAL,VALID,VISIBLE,NO,UNIQUE,Y,Y,N,N,,MEDIUM,Good candidate for equality or IN pre-filter.
CI_SCM_NCTV_RSN_L,SCM_INACTV_RSN_CD,CHAR,XC418P0,1,NORMAL,VALID,VISIBLE,NO,UNIQUE,Y,Y,N,N,,MEDIUM,Good candidate for equality or IN pre-filter.
CI_SCM_TYPE,SCM_TYPE_CD,CHAR,XC419P0,1,NORMAL,VALID,VISIBLE,NO,UNIQUE,Y,Y,N,N,,MEDIUM,Good candidate for equality or IN pre-filter.
CI_SCM_TYPE_ALG,SCM_TYPE_CD,CHAR,XC420P0,1,NORMAL,VALID,VISIBLE,NO,UNIQUE,Y,Y,N,N,,MEDIUM,Good candidate for equality or IN pre-filter.
CI_SCM_TYPE_L,SCM_TYPE_CD,CHAR,XC421P0,1,NORMAL,VALID,VISIBLE,NO,UNIQUE,Y,Y,N,N,,MEDIUM,Good candidate for equality or IN pre-filter.
CI_SCR,SCR_CD,CHAR,XC381P0,1,NORMAL,VALID,VISIBLE,NO,UNIQUE,Y,Y,N,N,,MEDIUM,Good candidate for equality or IN pre-filter.
CI_SCR_CRT,SCR_CD,CHAR,XC441P0,1,NORMAL,VALID,VISIBLE,NO,UNIQUE,Y,Y,N,N,,MEDIUM,Good candidate for equality or IN pre-filter.
CI_SCR_CRT_GRP,SCR_CD,CHAR,XC442P0,1,NORMAL,VALID,VISIBLE,NO,UNIQUE,Y,Y,N,N,,MEDIUM,Good candidate for equality or IN pre-filter.
CI_SCR_CRT_GRP_L,SCR_CD,CHAR,XC443P0,1,NORMAL,VALID,VISIBLE,NO,UNIQUE,Y,Y,N,N,,MEDIUM,Good candidate for equality or IN pre-filter.
CI_SCR_DA,SCR_CD,CHAR,FC010P0,1,NORMAL,VALID,VISIBLE,NO,UNIQUE,Y,Y,N,N,,MEDIUM,Good candidate for equality or IN pre-filter.
CI_SCR_FLD_MAP,SCR_CD,CHAR,XC754P0,1,NORMAL,VALID,VISIBLE,NO,UNIQUE,Y,Y,N,N,,MEDIUM,Good candidate for equality or IN pre-filter.
CI_SCR_L,SCR_CD,CHAR,XC382P0,1,NORMAL,VALID,VISIBLE,NO,UNIQUE,Y,Y,N,N,,MEDIUM,Good candidate for equality or IN pre-filter.
CI_SCR_PRMPT,SCR_CD,CHAR,XC383P0,1,NORMAL,VALID,VISIBLE,NO,UNIQUE,Y,Y,N,N,,MEDIUM,Good candidate for equality or IN pre-filter.
CI_SCR_PRMPT_L,SCR_CD,CHAR,XC384P0,1,NORMAL,VALID,VISIBLE,NO,UNIQUE,Y,Y,N,N,,MEDIUM,Good candidate for equality or IN pre-filter.
CI_SCR_STEP,SCR_CD,CHAR,XC385P0,1,NORMAL,VALID,VISIBLE,NO,UNIQUE,Y,Y,N,N,,MEDIUM,Good candidate for equality or IN pre-filter.
CI_SCR_STEP_L,SCR_CD,CHAR,XC358P0,1,NORMAL,VALID,VISIBLE,NO,UNIQUE,Y,Y,N,N,,MEDIUM,Good candidate for equality or IN pre-filter.
CI_SC_AUTH_LVL,SC_TYPE_CD,CHAR,XC363P0,1,NORMAL,VALID,VISIBLE,NO,UNIQUE,Y,Y,N,N,,MEDIUM,Good candidate for equality or IN pre-filter.
CI_SC_AUTH_LVL_L,SC_TYPE_CD,CHAR,XC364P0,1,NORMAL,VALID,VISIBLE,NO,UNIQUE,Y,Y,N,N,,MEDIUM,Good candidate for equality or IN pre-filter.
CI_SC_EVT,SCM_ID,CHAR,XT242S1,1,NORMAL,VALID,VISIBLE,NO,NONUNIQUE,Y,Y,N,N,,MEDIUM,Good candidate for equality or IN pre-filter.
CI_SC_EVT,SC_EVT_ID,CHAR,XT242P0,1,NORMAL,VALID,VISIBLE,NO,UNIQUE,Y,Y,N,N,,MEDIUM,Good candidate for equality or IN pre-filter.
CI_SC_EVTTY_ALG,SC_EVT_TYPE_CD,CHAR,XC416P0,1,NORMAL,VALID,VISIBLE,NO,UNIQUE,Y,Y,N,N,,MEDIUM,Good candidate for equality or IN pre-filter.
CI_SC_EVT_FT,SC_EVT_FT_ID,CHAR,XM243P0,1,NORMAL,VALID,VISIBLE,NO,UNIQUE,Y,Y,N,N,,MEDIUM,Good candidate for equality or IN pre-filter.
CI_SC_EVT_FT,SC_EVT_ID,CHAR,XM243S1,1,NORMAL,VALID,VISIBLE,NO,NONUNIQUE,Y,Y,N,N,,MEDIUM,Good candidate for equality or IN pre-filter.
CI_SC_EVT_FT_K,SC_EVT_FT_ID,CHAR,XM516P0,1,IOT - TOP,VALID,VISIBLE,NO,UNIQUE,Y,Y,N,N,,MEDIUM,Good candidate for equality or IN pre-filter.
CI_SC_EVT_K,SC_EVT_ID,CHAR,XT541P0,1,IOT - TOP,VALID,VISIBLE,NO,UNIQUE,Y,Y,N,N,,MEDIUM,Good candidate for equality or IN pre-filter.
CI_SC_EVT_TYPE,SC_EVT_TYPE_CD,CHAR,XC414P0,1,NORMAL,VALID,VISIBLE,NO,UNIQUE,Y,Y,N,N,,MEDIUM,Good candidate for equality or IN pre-filter.
CI_SC_EVT_TYPE_L,SC_EVT_TYPE_CD,CHAR,XC415P0,1,NORMAL,VALID,VISIBLE,NO,UNIQUE,Y,Y,N,N,,MEDIUM,Good candidate for equality or IN pre-filter.
CI_SC_TYPE,SC_TYPE_CD,CHAR,XC361P0,1,NORMAL,VALID,VISIBLE,NO,UNIQUE,Y,Y,N,N,,MEDIUM,Good candidate for equality or IN pre-filter.
CI_SC_TYPE_L,SC_TYPE_CD,CHAR,XC362P0,1,NORMAL,VALID,VISIBLE,NO,UNIQUE,Y,Y,N,N,,MEDIUM,Good candidate for equality or IN pre-filter.
CI_SEAS_SHIFT,SEASON_TM_SHIFT_CD,CHAR,XC651P0,1,NORMAL,VALID,VISIBLE,NO,UNIQUE,Y,Y,N,N,,MEDIUM,Good candidate for equality or IN pre-filter.
CI_SEAS_TM_SHIFT,SEASON_TM_SHIFT_CD,CHAR,XC650P0,1,NORMAL,VALID,VISIBLE,NO,UNIQUE,Y,Y,N,N,,MEDIUM,Good candidate for equality or IN pre-filter.
CI_SEAS_TM_SHIFT_L,SEASON_TM_SHIFT_CD,CHAR,XC609P0,1,NORMAL,VALID,VISIBLE,NO,UNIQUE,Y,Y,N,N,,MEDIUM,Good candidate for equality or IN pre-filter.
CI_SEQ,SEQ_NAME,CHAR,XC268P0,1,NORMAL,VALID,VISIBLE,NO,UNIQUE,Y,Y,N,N,,MEDIUM,Good candidate for equality or IN pre-filter.
CI_SEV_CRIT,CIS_DIVISION,CHAR,XC213P0,1,NORMAL,VALID,VISIBLE,NO,UNIQUE,Y,Y,N,N,,MEDIUM,Good candidate for equality or IN pre-filter.
CI_SEV_EVT,SEV_PROC_ID,CHAR,XT214P0,1,NORMAL,VALID,VISIBLE,NO,UNIQUE,Y,Y,N,N,,MEDIUM,Good candidate for equality or IN pre-filter.
CI_SEV_EVT_CC,CC_ID,CHAR,XT215S1,1,NORMAL,VALID,VISIBLE,NO,NONUNIQUE,Y,Y,N,N,,MEDIUM,Good candidate for equality or IN pre-filter.
CI_SEV_EVT_CC,SEV_PROC_ID,CHAR,XT215P0,1,NORMAL,VALID,VISIBLE,NO,UNIQUE,Y,Y,N,N,,MEDIUM,Good candidate for equality or IN pre-filter.
CI_SEV_EVT_DEP,SEV_PROC_ID,CHAR,XT216P0,1,NORMAL,VALID,VISIBLE,NO,UNIQUE,Y,Y,N,N,,MEDIUM,Good candidate for equality or IN pre-filter.
CI_SEV_EVT_FA,FA_ID,CHAR,XT217S1,1,NORMAL,VALID,VISIBLE,NO,NONUNIQUE,Y,Y,N,N,,MEDIUM,Good candidate for equality or IN pre-filter.
CI_SEV_EVT_FA,SEV_PROC_ID,CHAR,XT217P0,1,NORMAL,VALID,VISIBLE,NO,UNIQUE,Y,Y,N,N,,MEDIUM,Good candidate for equality or IN pre-filter.
CI_SEV_EVT_TYPE,CC_CL_CD,CHAR,XC020S1,1,NORMAL,VALID,VISIBLE,NO,NONUNIQUE,Y,Y,N,N,,MEDIUM,Good candidate for equality or IN pre-filter.
CI_SEV_EVT_TYPE,SEV_EVT_TYPE_CD,CHAR,XC020P0,1,NORMAL,VALID,VISIBLE,NO,UNIQUE,Y,Y,N,N,,MEDIUM,Good candidate for equality or IN pre-filter.
CI_SEV_EVT_TYPE,SEV_EVT_TYPE_FLG,CHAR,XC020S3,1,NORMAL,VALID,VISIBLE,NO,NONUNIQUE,Y,Y,N,N,,MEDIUM,Good candidate for equality or IN pre-filter.
CI_SEV_EVT_TYPE_L,SEV_EVT_TYPE_CD,CHAR,XC572P0,1,NORMAL,VALID,VISIBLE,NO,UNIQUE,Y,Y,N,N,,MEDIUM,Good candidate for equality or IN pre-filter.
CI_SEV_PROC,COLL_PROC_ID,CHAR,XT118S2,1,NORMAL,VALID,VISIBLE,NO,NONUNIQUE,Y,Y,N,N,,MEDIUM,Good candidate for equality or IN pre-filter.
CI_SEV_PROC,SA_ID,CHAR,XT118S1,1,NORMAL,VALID,VISIBLE,NO,NONUNIQUE,Y,Y,N,N,,MEDIUM,Good candidate for equality or IN pre-filter.
CI_SEV_PROC,SEV_PROC_ID,CHAR,XT118P0,1,NORMAL,VALID,VISIBLE,NO,UNIQUE,Y,Y,N,N,,MEDIUM,Good candidate for equality or IN pre-filter.
CI_SEV_PROC_K,SEV_PROC_ID,CHAR,XT542P0,1,IOT - TOP,VALID,VISIBLE,NO,UNIQUE,Y,Y,N,N,,MEDIUM,Good candidate for equality or IN pre-filter.
CI_SEV_PROC_TMP,SEV_PROC_TMPL_CD,CHAR,XC221P0,1,NORMAL,VALID,VISIBLE,NO,UNIQUE,Y,Y,N,N,,MEDIUM,Good candidate for equality or IN pre-filter.
CI_SEV_PROC_TMP_L,LANGUAGE_CD,CHAR,XC573P0,1,NORMAL,VALID,VISIBLE,NO,UNIQUE,Y,Y,N,N,,MEDIUM,Good candidate for equality or IN pre-filter.
CI_SEV_RESP,SEV_PROC_TMPL_CD,CHAR,XC223P0,1,NORMAL,VALID,VISIBLE,NO,UNIQUE,Y,Y,N,N,,MEDIUM,Good candidate for equality or IN pre-filter.
CI_SEV_RESP_DEP,SEV_PROC_TMPL_CD,CHAR,XC224P0,1,NORMAL,VALID,VISIBLE,NO,UNIQUE,Y,Y,N,N,,MEDIUM,Good candidate for equality or IN pre-filter.
CI_SIC,SIC_CD,CHAR,XC225P0,1,NORMAL,VALID,VISIBLE,NO,UNIQUE,Y,Y,N,N,,MEDIUM,Good candidate for equality or IN pre-filter.
CI_SIC_L,SIC_CD,CHAR,XC574P0,1,NORMAL,VALID,VISIBLE,NO,UNIQUE,Y,Y,N,N,,MEDIUM,Good candidate for equality or IN pre-filter.
CI_SP,MR_CYC_CD,CHAR,XM226S2,1,NORMAL,VALID,VISIBLE,NO,NONUNIQUE,Y,Y,N,Y,field_ops|field_tasks|meter_ops,MEDIUM,Good candidate for equality or IN pre-filter.
CI_SP,PREM_ID,CHAR,CM_XM226S1,1,NORMAL,VALID,VISIBLE,NO,NONUNIQUE,Y,Y,N,Y,field_ops|field_tasks|meter_ops,MEDIUM,Good candidate for equality or IN pre-filter.
CI_SP,PREM_ID,CHAR,XM226S1,1,NORMAL,VALID,VISIBLE,NO,NONUNIQUE,Y,Y,N,Y,field_ops|field_tasks|meter_ops,MEDIUM,Good candidate for equality or IN pre-filter.
CI_SP,SP_ID,CHAR,XM226P0,1,NORMAL,VALID,VISIBLE,NO,UNIQUE,Y,Y,N,Y,field_ops|field_tasks|meter_ops,MEDIUM,Good candidate for equality or IN pre-filter.
CI_SP,SP_TYPE_CD,VARCHAR2,XM266S3,1,NORMAL,VALID,VISIBLE,NO,UNIQUE,Y,Y,N,Y,field_ops|field_tasks|meter_ops,MEDIUM,Good candidate for equality or IN pre-filter.
CI_SPR,BUS_OBJ_CD,CHAR,XC339S2,1,NORMAL,VALID,VISIBLE,NO,NONUNIQUE,Y,Y,N,N,,MEDIUM,Good candidate for equality or IN pre-filter.
CI_SPR,NT_XID_CD,CHAR,XC339S1,1,NORMAL,VALID,VISIBLE,NO,NONUNIQUE,Y,Y,N,N,,MEDIUM,Good candidate for equality or IN pre-filter.
CI_SPR,SPR_CD,CHAR,XC339P0,1,NORMAL,VALID,VISIBLE,NO,UNIQUE,Y,Y,N,N,,MEDIUM,Good candidate for equality or IN pre-filter.
CI_SPR_BMSG,SPR_CD,CHAR,XC161P0,1,NORMAL,VALID,VISIBLE,NO,UNIQUE,Y,Y,N,N,,MEDIUM,Good candidate for equality or IN pre-filter.
CI_SPR_CHAR,SPR_CD,CHAR,XC311P0,1,NORMAL,VALID,VISIBLE,NO,UNIQUE,Y,Y,N,N,,MEDIUM,Good candidate for equality or IN pre-filter.
CI_SPR_CHAR,SRCH_CHAR_VAL,VARCHAR2,XC311S1,1,NORMAL,VALID,VISIBLE,NO,NONUNIQUE,Y,Y,N,N,,MEDIUM,Good candidate for equality or IN pre-filter.
CI_SPR_L,LANGUAGE_CD,CHAR,XC576P0,1,NORMAL,VALID,VISIBLE,NO,UNIQUE,Y,Y,N,N,,MEDIUM,Good candidate for equality or IN pre-filter.
CI_SPR_POST,SPR_CD,CHAR,XC340P0,1,NORMAL,VALID,VISIBLE,NO,UNIQUE,Y,Y,N,N,,MEDIUM,Good candidate for equality or IN pre-filter.
CI_SPR_SARELTY,SPR_CD,CHAR,XC021P0,1,NORMAL,VALID,VISIBLE,NO,UNIQUE,Y,Y,N,N,,MEDIUM,Good candidate for equality or IN pre-filter.
CI_SPR_VALID,CIS_DIVISION,CHAR,XC348P0,1,NORMAL,VALID,VISIBLE,NO,UNIQUE,Y,Y,N,N,,MEDIUM,Good candidate for equality or IN pre-filter.
CI_SPTY_ITEMTY,SP_TYPE_CD,VARCHAR2,XC237P0,1,NORMAL,VALID,VISIBLE,NO,UNIQUE,Y,Y,N,N,,MEDIUM,Good candidate for equality or IN pre-filter.
CI_SPTY_MTRTY,MTR_TYPE_CD,CHAR,XC238S1,1,NORMAL,VALID,VISIBLE,NO,NONUNIQUE,Y,Y,N,N,,MEDIUM,Good candidate for equality or IN pre-filter.
CI_SPTY_MTRTY,SP_TYPE_CD,VARCHAR2,XC238P0,1,NORMAL,VALID,VISIBLE,NO,UNIQUE,Y,Y,N,N,,MEDIUM,Good candidate for equality or IN pre-filter.
CI_SP_CHAR,SP_ID,CHAR,XM227P0,1,NORMAL,VALID,VISIBLE,NO,UNIQUE,Y,Y,N,N,new_services,MEDIUM,Good candidate for equality or IN pre-filter.
CI_SP_CHAR,SRCH_CHAR_VAL,VARCHAR2,C1M002S1,1,NORMAL,VALID,VISIBLE,NO,NONUNIQUE,Y,Y,N,N,new_services,MEDIUM,Good candidate for equality or IN pre-filter.
CI_SP_EQ,SP_ID,CHAR,XM003P0,1,NORMAL,VALID,VISIBLE,NO,UNIQUE,Y,Y,N,N,,MEDIUM,Good candidate for equality or IN pre-filter.
CI_SP_GEO,GEO_TYPE_CD,CHAR,XM228S1,1,NORMAL,VALID,VISIBLE,NO,NONUNIQUE,Y,Y,N,N,,MEDIUM,Good candidate for equality or IN pre-filter.
CI_SP_GEO,SP_ID,CHAR,XM228P0,1,NORMAL,VALID,VISIBLE,NO,UNIQUE,Y,Y,N,N,,MEDIUM,Good candidate for equality or IN pre-filter.
CI_SP_ITEM_EVT,SP_ITEM_HIST_ID,CHAR,XT229P0,1,NORMAL,VALID,VISIBLE,NO,UNIQUE,Y,Y,N,N,,MEDIUM,Good candidate for equality or IN pre-filter.
CI_SP_ITEM_HIST,ITEM_ID,CHAR,XT230S2,1,NORMAL,VALID,VISIBLE,NO,NONUNIQUE,Y,Y,N,N,,MEDIUM,Good candidate for equality or IN pre-filter.
CI_SP_ITEM_HIST,SP_ID,CHAR,XT230S1,1,NORMAL,VALID,VISIBLE,NO,NONUNIQUE,Y,Y,N,N,,MEDIUM,Good candidate for equality or IN pre-filter.
CI_SP_ITEM_HIST,SP_ITEM_HIST_ID,CHAR,XT230P0,1,NORMAL,VALID,VISIBLE,NO,UNIQUE,Y,Y,N,N,,MEDIUM,Good candidate for equality or IN pre-filter.
CI_SP_ITEM_HIST_K,SP_ITEM_HIST_ID,CHAR,XT543P0,1,IOT - TOP,VALID,VISIBLE,NO,UNIQUE,Y,Y,N,N,,MEDIUM,Good candidate for equality or IN pre-filter.
CI_SP_K,SP_ID,CHAR,XM517P0,1,IOT - TOP,VALID,VISIBLE,NO,UNIQUE,Y,Y,N,N,,MEDIUM,Good candidate for equality or IN pre-filter.
CI_SP_MTR_EVT,MR_ID,CHAR,XT231S1,1,NORMAL,VALID,VISIBLE,NO,NONUNIQUE,Y,Y,N,N,,MEDIUM,Good candidate for equality or IN pre-filter.
CI_SP_MTR_EVT,SP_MTR_HIST_ID,CHAR,XT231P0,1,NORMAL,VALID,VISIBLE,NO,UNIQUE,Y,Y,N,N,,MEDIUM,Good candidate for equality or IN pre-filter.
CI_SP_MTR_EVT,SP_MTR_HIST_ID,CHAR,XT231S2,1,NORMAL,VALID,VISIBLE,NO,NONUNIQUE,Y,Y,N,N,,MEDIUM,Good candidate for equality or IN pre-filter.
CI_SP_MTR_HIST,MTR_CONFIG_ID,CHAR,XT232S2,1,NORMAL,VALID,VISIBLE,NO,NONUNIQUE,Y,Y,N,N,,MEDIUM,Good candidate for equality or IN pre-filter.
CI_SP_MTR_HIST,SP_ID,CHAR,XT232S1,1,NORMAL,VALID,VISIBLE,NO,NONUNIQUE,Y,Y,N,N,,MEDIUM,Good candidate for equality or IN pre-filter.
CI_SP_MTR_HIST,SP_MTR_HIST_ID,CHAR,XT232P0,1,NORMAL,VALID,VISIBLE,NO,UNIQUE,Y,Y,N,N,,MEDIUM,Good candidate for equality or IN pre-filter.
CI_SP_MTR_HIST_K,SP_MTR_HIST_ID,CHAR,XT544P0,1,IOT - TOP,VALID,VISIBLE,NO,UNIQUE,Y,Y,N,N,,MEDIUM,Good candidate for equality or IN pre-filter.
CI_SP_MULT_ITEM,SP_ID,CHAR,XM233P0,1,NORMAL,VALID,VISIBLE,NO,UNIQUE,Y,Y,N,N,,MEDIUM,Good candidate for equality or IN pre-filter.
CI_SP_OP_AREA,SP_ID,CHAR,XM149P0,1,NORMAL,VALID,VISIBLE,NO,UNIQUE,Y,Y,N,N,,MEDIUM,Good candidate for equality or IN pre-filter.
CI_SP_RTE,SP_ID,CHAR,XC792P0,1,NORMAL,VALID,VISIBLE,NO,UNIQUE,Y,Y,N,N,,MEDIUM,Good candidate for equality or IN pre-filter.
CI_SP_RTE_CFG,SP_ID,CHAR,XC793P0,1,NORMAL,VALID,VISIBLE,NO,UNIQUE,Y,Y,N,N,,MEDIUM,Good candidate for equality or IN pre-filter.
CI_SP_TYPE,FA_TYPE_PROF_CD,CHAR,XC235S5,1,NORMAL,VALID,VISIBLE,NO,NONUNIQUE,Y,Y,N,N,,MEDIUM,Good candidate for equality or IN pre-filter.
CI_SP_TYPE,SP_SUBTYPE_FLG,CHAR,XC235S3,1,NORMAL,VALID,VISIBLE,NO,NONUNIQUE,Y,Y,N,N,,MEDIUM,Good candidate for equality or IN pre-filter.
CI_SP_TYPE,SP_TYPE_CD,VARCHAR2,XC235P0,1,NORMAL,VALID,VISIBLE,NO,UNIQUE,Y,Y,N,N,,MEDIUM,Good candidate for equality or IN pre-filter.
CI_SP_TYPE,SVC_TYPE_CD,VARCHAR2,XC235S2,1,NORMAL,VALID,VISIBLE,NO,NONUNIQUE,Y,Y,N,N,,MEDIUM,Good candidate for equality or IN pre-filter.
CI_SP_TYPE_CHAR,SP_TYPE_CD,VARCHAR2,XC236P0,1,NORMAL,VALID,VISIBLE,NO,UNIQUE,Y,Y,N,N,,MEDIUM,Good candidate for equality or IN pre-filter.
CI_SP_TYPE_EQ,SP_TYPE_CD,VARCHAR2,XC124P0,1,NORMAL,VALID,VISIBLE,NO,UNIQUE,Y,Y,N,N,,MEDIUM,Good candidate for equality or IN pre-filter.
CI_SP_TYPE_L,SP_TYPE_CD,VARCHAR2,XC575P0,1,NORMAL,VALID,VISIBLE,NO,UNIQUE,Y,Y,N,N,,MEDIUM,Good candidate for equality or IN pre-filter.
CI_SQI,SQI_CD,VARCHAR2,XC240P0,1,NORMAL,VALID,VISIBLE,NO,UNIQUE,Y,Y,N,N,,MEDIUM,Good candidate for equality or IN pre-filter.
CI_SQI_L,SQI_CD,VARCHAR2,XC578P0,1,NORMAL,VALID,VISIBLE,NO,UNIQUE,Y,Y,N,N,,MEDIUM,Good candidate for equality or IN pre-filter.
CI_SQ_RULE,SQ_RULE_CD,CHAR,XC239P0,1,NORMAL,VALID,VISIBLE,NO,UNIQUE,Y,Y,N,N,,MEDIUM,Good candidate for equality or IN pre-filter.
CI_SQ_RULE,TOU_CD,VARCHAR2,XC239S1,1,NORMAL,VALID,VISIBLE,NO,NONUNIQUE,Y,Y,N,N,,MEDIUM,Good candidate for equality or IN pre-filter.
CI_SQ_RULE_L,SQ_RULE_CD,CHAR,XC577P0,1,NORMAL,VALID,VISIBLE,NO,UNIQUE,Y,Y,N,N,,MEDIUM,Good candidate for equality or IN pre-filter.
CI_SS_ADDR_OVRD,ACCT_ID,CHAR,XM200P0,1,NORMAL,VALID,VISIBLE,NO,UNIQUE,Y,Y,N,N,,MEDIUM,Good candidate for equality or IN pre-filter.
CI_SS_OPT,CIS_DIVISION,CHAR,XC244P0,1,NORMAL,VALID,VISIBLE,NO,UNIQUE,Y,Y,N,N,,MEDIUM,Good candidate for equality or IN pre-filter.
CI_SS_OPT_COP,CIS_DIVISION,CHAR,XC411P0,1,NORMAL,VALID,VISIBLE,NO,UNIQUE,Y,Y,N,N,,MEDIUM,Good candidate for equality or IN pre-filter.
CI_SS_OPT_IP,CIS_DIVISION,CHAR,XC189P0,1,NORMAL,VALID,VISIBLE,NO,UNIQUE,Y,Y,N,N,,MEDIUM,Good candidate for equality or IN pre-filter.
CI_SS_OPT_L,LANGUAGE_CD,CHAR,XC579P0,1,NORMAL,VALID,VISIBLE,NO,UNIQUE,Y,Y,N,N,,MEDIUM,Good candidate for equality or IN pre-filter.
CI_SS_OPT_TC,CIS_DIVISION,CHAR,XC310P0,1,NORMAL,VALID,VISIBLE,NO,UNIQUE,Y,Y,N,N,,MEDIUM,Good candidate for equality or IN pre-filter.
CI_SS_OPT_TMAP,CIS_DIVISION,CHAR,XC190P0,1,NORMAL,VALID,VISIBLE,NO,UNIQUE,Y,Y,N,N,,MEDIUM,Good candidate for equality or IN pre-filter.
CI_SS_PHONE_OVRD,ACCT_ID,CHAR,XM267P0,1,NORMAL,VALID,VISIBLE,NO,UNIQUE,Y,Y,N,N,,MEDIUM,Good candidate for equality or IN pre-filter.
CI_STATE,COUNTRY,CHAR,XC304P0,1,NORMAL,VALID,VISIBLE,NO,UNIQUE,Y,Y,N,N,,MEDIUM,Good candidate for equality or IN pre-filter.
CI_STATE_L,STATE,CHAR,XC580P0,1,NORMAL,VALID,VISIBLE,NO,UNIQUE,Y,Y,N,N,,MEDIUM,Good candidate for equality or IN pre-filter.
CI_STK_LOC,PARENT_STK_LOC_CD,CHAR,XM250S1,1,NORMAL,VALID,VISIBLE,NO,NONUNIQUE,Y,Y,N,N,,MEDIUM,Good candidate for equality or IN pre-filter.
CI_STK_LOC,STK_LOC_CD,CHAR,XM250P0,1,NORMAL,VALID,VISIBLE,NO,UNIQUE,Y,Y,N,N,,MEDIUM,Good candidate for equality or IN pre-filter.
CI_STK_LOC_CHAR,SRCH_CHAR_VAL,VARCHAR2,XM252S1,1,NORMAL,VALID,VISIBLE,NO,NONUNIQUE,Y,Y,N,N,,MEDIUM,Good candidate for equality or IN pre-filter.
CI_STK_LOC_CHAR,STK_LOC_CD,CHAR,XM252P0,1,NORMAL,VALID,VISIBLE,NO,UNIQUE,Y,Y,N,N,,MEDIUM,Good candidate for equality or IN pre-filter.
CI_STK_LOC_L,DESCR,VARCHAR2,XM251S1,1,NORMAL,VALID,VISIBLE,NO,NONUNIQUE,Y,Y,N,N,,MEDIUM,Good candidate for equality or IN pre-filter.
CI_STK_LOC_L,STK_LOC_CD,CHAR,XM251P0,1,NORMAL,VALID,VISIBLE,NO,UNIQUE,Y,Y,N,N,,MEDIUM,Good candidate for equality or IN pre-filter.
CI_STM,STM_ID,CHAR,XT088P0,1,NORMAL,VALID,VISIBLE,NO,UNIQUE,Y,Y,N,N,,MEDIUM,Good candidate for equality or IN pre-filter.
CI_STM_CNST,STM_CNST_ID,CHAR,XM121P0,1,NORMAL,VALID,VISIBLE,NO,UNIQUE,Y,Y,N,N,,MEDIUM,Good candidate for equality or IN pre-filter.
CI_STM_CNST_DTL,STM_CNST_DTL_ID,CHAR,XM122P0,1,NORMAL,VALID,VISIBLE,NO,UNIQUE,Y,Y,N,N,,MEDIUM,Good candidate for equality or IN pre-filter.
CI_STM_CNST_DTL,STM_CNST_ID,CHAR,XM122S1,1,NORMAL,VALID,VISIBLE,NO,NONUNIQUE,Y,Y,N,N,,MEDIUM,Good candidate for equality or IN pre-filter.
CI_STM_CNST_DTL_K,STM_CNST_DTL_ID,CHAR,XM519P0,1,IOT - TOP,VALID,VISIBLE,NO,UNIQUE,Y,Y,N,N,,MEDIUM,Good candidate for equality or IN pre-filter.
CI_STM_CNST_K,STM_CNST_ID,CHAR,XM518P0,1,IOT - TOP,VALID,VISIBLE,NO,UNIQUE,Y,Y,N,N,,MEDIUM,Good candidate for equality or IN pre-filter.
CI_STM_CYC,STM_CYC_CD,CHAR,XC289P0,1,NORMAL,VALID,VISIBLE,NO,UNIQUE,Y,Y,N,N,,MEDIUM,Good candidate for equality or IN pre-filter.
CI_STM_CYC_L,STM_CYC_CD,CHAR,XC303P0,1,NORMAL,VALID,VISIBLE,NO,UNIQUE,Y,Y,N,N,,MEDIUM,Good candidate for equality or IN pre-filter.
CI_STM_CYC_SCH,STM_CYC_CD,CHAR,XC288P0,1,NORMAL,VALID,VISIBLE,NO,UNIQUE,Y,Y,N,N,,MEDIUM,Good candidate for equality or IN pre-filter.
CI_STM_DTL,STM_DTL_ID,CHAR,XT119P0,1,NORMAL,VALID,VISIBLE,NO,UNIQUE,Y,Y,N,N,,MEDIUM,Good candidate for equality or IN pre-filter.
CI_STM_DTL,STM_ID,CHAR,XT119S1,1,NORMAL,VALID,VISIBLE,NO,NONUNIQUE,Y,Y,N,N,,MEDIUM,Good candidate for equality or IN pre-filter.
CI_STM_DTL_K,STM_DTL_ID,CHAR,XT546P0,1,IOT - TOP,VALID,VISIBLE,NO,UNIQUE,Y,Y,N,N,,MEDIUM,Good candidate for equality or IN pre-filter.
CI_STM_K,STM_ID,CHAR,XT545P0,1,IOT - TOP,VALID,VISIBLE,NO,UNIQUE,Y,Y,N,N,,MEDIUM,Good candidate for equality or IN pre-filter.
CI_STM_RTE_TY,STM_RTE_TYPE_CD,CHAR,XC278P0,1,NORMAL,VALID,VISIBLE,NO,UNIQUE,Y,Y,N,N,,MEDIUM,Good candidate for equality or IN pre-filter.
CI_STM_RTE_TY_L,STM_RTE_TYPE_CD,CHAR,XC277P0,1,NORMAL,VALID,VISIBLE,NO,UNIQUE,Y,Y,N,N,,MEDIUM,Good candidate for equality or IN pre-filter.
CI_SVC_RTE_STG_DWN,SVC_RTE_STG_DWN_ID,CHAR,XT790P0,1,NORMAL,VALID,VISIBLE,NO,UNIQUE,Y,Y,N,N,,MEDIUM,Good candidate for equality or IN pre-filter.
CI_SVC_RTE_STG_DWN_K,SVC_RTE_STG_DWN_ID,CHAR,XT791P0,1,IOT - TOP,VALID,VISIBLE,NO,UNIQUE,Y,Y,N,N,,MEDIUM,Good candidate for equality or IN pre-filter.
CI_SVC_TYPE,SVC_TYPE_CD,VARCHAR2,XC247P0,1,NORMAL,VALID,VISIBLE,NO,UNIQUE,Y,Y,N,N,,MEDIUM,Good candidate for equality or IN pre-filter.
CI_SVC_TYPE_L,SVC_TYPE_CD,VARCHAR2,XC581P0,1,NORMAL,VALID,VISIBLE,NO,UNIQUE,Y,Y,N,N,,MEDIUM,Good candidate for equality or IN pre-filter.
CI_SVC_TYP_DFLT,POSTAL_CD_FROM,CHAR,XC246P0,1,NORMAL,VALID,VISIBLE,NO,UNIQUE,Y,Y,N,N,,MEDIUM,Good candidate for equality or IN pre-filter.
CI_SYSDATA_LOG,LOG_CRE_USER,VARCHAR2,XT900S1,1,NORMAL,VALID,VISIBLE,NO,NONUNIQUE,Y,Y,N,N,,MEDIUM,Good candidate for equality or IN pre-filter.
CI_SYSDATA_LOG,LOG_STATUS_FLG,CHAR,F1T900S2,1,NORMAL,VALID,VISIBLE,NO,NONUNIQUE,Y,Y,N,N,,MEDIUM,Good candidate for equality or IN pre-filter.
CI_SYSDATA_LOG,PK_VAL1,VARCHAR2,F1T900S3,1,NORMAL,VALID,VISIBLE,NO,NONUNIQUE,Y,Y,N,N,,MEDIUM,Good candidate for equality or IN pre-filter.
CI_SYSDATA_LOG,SYSDATA_LOG_ID,NUMBER,XT900P0,1,NORMAL,VALID,VISIBLE,NO,UNIQUE,Y,Y,N,N,,MEDIUM,Good candidate for equality or IN pre-filter.
CI_TAX_EX_TYPE,TAX_EX_TYPE_CD,CHAR,XC248P0,1,NORMAL,VALID,VISIBLE,NO,UNIQUE,Y,Y,N,N,,MEDIUM,Good candidate for equality or IN pre-filter.
CI_TAX_EX_TYPE_L,TAX_EX_TYPE_CD,CHAR,XC582P0,1,NORMAL,VALID,VISIBLE,NO,UNIQUE,Y,Y,N,N,,MEDIUM,Good candidate for equality or IN pre-filter.
CI_TC,TC_TYPE_CD,CHAR,XC281P0,1,NORMAL,VALID,VISIBLE,NO,UNIQUE,Y,Y,N,N,,MEDIUM,Good candidate for equality or IN pre-filter.
CI_TC_L,TC_TYPE_CD,CHAR,XC284P0,1,NORMAL,VALID,VISIBLE,NO,UNIQUE,Y,Y,N,N,,MEDIUM,Good candidate for equality or IN pre-filter.
CI_TD_DRLKEY,KEY_VALUE,VARCHAR2,XT037S1,1,NORMAL,VALID,VISIBLE,NO,NONUNIQUE,Y,Y,N,N,,MEDIUM,Good candidate for equality or IN pre-filter.
CI_TD_DRLKEY,TD_ENTRY_ID,CHAR,XT037P0,1,NORMAL,VALID,VISIBLE,NO,UNIQUE,Y,Y,N,N,,MEDIUM,Good candidate for equality or IN pre-filter.
CI_TD_DRLKEY_TY,TD_TYPE_CD,CHAR,XC125P0,1,NORMAL,VALID,VISIBLE,NO,UNIQUE,Y,Y,N,N,,MEDIUM,Good candidate for equality or IN pre-filter.
CI_TD_ENTRY,ASSIGNED_TO,CHAR,XT039S2,1,NORMAL,VALID,VISIBLE,NO,UNIQUE,Y,Y,N,N,,MEDIUM,Good candidate for equality or IN pre-filter.
CI_TD_ENTRY,BATCH_CD,CHAR,XT039S5,1,NORMAL,VALID,VISIBLE,NO,NONUNIQUE,Y,Y,N,N,,MEDIUM,Good candidate for equality or IN pre-filter.
CI_TD_ENTRY,COMPLETE_USER_ID,CHAR,XT039S7,1,NORMAL,VALID,VISIBLE,NO,UNIQUE,Y,Y,N,N,,MEDIUM,Good candidate for equality or IN pre-filter.
CI_TD_ENTRY,ENTRY_STATUS_FLG,CHAR,XT039S3,1,NORMAL,VALID,VISIBLE,NO,NONUNIQUE,Y,Y,N,N,,MEDIUM,Good candidate for equality or IN pre-filter.
CI_TD_ENTRY,ENTRY_STATUS_FLG,CHAR,XT039S8,1,NORMAL,VALID,VISIBLE,NO,NONUNIQUE,Y,Y,N,N,,MEDIUM,Good candidate for equality or IN pre-filter.
CI_TD_ENTRY,ROLE_ID,CHAR,XT039S4,1,NORMAL,VALID,VISIBLE,NO,NONUNIQUE,Y,Y,N,N,,MEDIUM,Good candidate for equality or IN pre-filter.
CI_TD_ENTRY,TD_ENTRY_ID,CHAR,XT039P0,1,NORMAL,VALID,VISIBLE,NO,UNIQUE,Y,Y,N,N,,MEDIUM,Good candidate for equality or IN pre-filter.
CI_TD_ENTRY,TD_ENTRY_ID,CHAR,XT039S6,1,NORMAL,VALID,VISIBLE,NO,UNIQUE,Y,Y,N,N,,MEDIUM,Good candidate for equality or IN pre-filter.
CI_TD_ENTRY_CHA,CHAR_VAL_FK1,VARCHAR2,XT701S2,1,NORMAL,VALID,VISIBLE,NO,NONUNIQUE,Y,Y,N,N,,MEDIUM,Good candidate for equality or IN pre-filter.
CI_TD_ENTRY_CHA,SRCH_CHAR_VAL,VARCHAR2,XT701S1,1,NORMAL,VALID,VISIBLE,NO,NONUNIQUE,Y,Y,N,N,,MEDIUM,Good candidate for equality or IN pre-filter.
CI_TD_ENTRY_CHA,TD_ENTRY_ID,CHAR,XT701P0,1,NORMAL,VALID,VISIBLE,NO,UNIQUE,Y,Y,N,N,,MEDIUM,Good candidate for equality or IN pre-filter.
CI_TD_ENTRY_K,TD_ENTRY_ID,CHAR,XT547P0,1,IOT - TOP,VALID,VISIBLE,NO,UNIQUE,Y,Y,N,N,,MEDIUM,Good candidate for equality or IN pre-filter.
CI_TD_EX_LIST,TD_TYPE_CD,CHAR,XC652P0,1,NORMAL,VALID,VISIBLE,NO,UNIQUE,Y,Y,N,N,,MEDIUM,Good candidate for equality or IN pre-filter.
CI_TD_LOG,LOG_DTTM,DATE,XT721S1,1,NORMAL,VALID,VISIBLE,NO,NONUNIQUE,Y,Y,Y,N,,HIGH,Primary candidate for mandatory rolling window pre-filter.
CI_TD_LOG,TD_ENTRY_ID,CHAR,XT721P0,1,NORMAL,VALID,VISIBLE,NO,UNIQUE,Y,Y,N,N,,MEDIUM,Good candidate for equality or IN pre-filter.
CI_TD_MSG_PARM,TD_ENTRY_ID,CHAR,XT040P0,1,NORMAL,VALID,VISIBLE,NO,UNIQUE,Y,Y,N,N,,MEDIUM,Good candidate for equality or IN pre-filter.
CI_TD_SRTKEY,KEY_VALUE,VARCHAR2,XT041S1,1,NORMAL,VALID,VISIBLE,NO,NONUNIQUE,Y,Y,N,N,,MEDIUM,Good candidate for equality or IN pre-filter.
CI_TD_SRTKEY,TD_ENTRY_ID,CHAR,XT041P0,1,NORMAL,VALID,VISIBLE,NO,UNIQUE,Y,Y,N,N,,MEDIUM,Good candidate for equality or IN pre-filter.
CI_TD_SRTKEY_TY,TD_TYPE_CD,CHAR,XC126P0,1,NORMAL,VALID,VISIBLE,NO,UNIQUE,Y,Y,N,N,,MEDIUM,Good candidate for equality or IN pre-filter.
CI_TD_SRTKEY_TY_L,TD_TYPE_CD,CHAR,XC165P0,1,NORMAL,VALID,VISIBLE,NO,UNIQUE,Y,Y,N,N,,MEDIUM,Good candidate for equality or IN pre-filter.
CI_TD_TYPE,TD_TYPE_CD,CHAR,XC129P0,1,NORMAL,VALID,VISIBLE,NO,UNIQUE,Y,Y,N,N,,MEDIUM,Good candidate for equality or IN pre-filter.
CI_TD_TYPE_ALG,TD_TYPE_CD,CHAR,FC030P0,1,NORMAL,VALID,VISIBLE,NO,UNIQUE,Y,Y,N,N,,MEDIUM,Good candidate for equality or IN pre-filter.
CI_TD_TYPE_CHAR,SRCH_CHAR_VAL,VARCHAR2,FC031S1,1,NORMAL,VALID,VISIBLE,NO,NONUNIQUE,Y,Y,N,N,,MEDIUM,Good candidate for equality or IN pre-filter.
CI_TD_TYPE_CHAR,TD_TYPE_CD,CHAR,FC031P0,1,NORMAL,VALID,VISIBLE,NO,UNIQUE,Y,Y,N,N,,MEDIUM,Good candidate for equality or IN pre-filter.
CI_TD_TYPE_L,TD_TYPE_CD,CHAR,XC132P0,1,NORMAL,VALID,VISIBLE,NO,UNIQUE,Y,Y,N,N,,MEDIUM,Good candidate for equality or IN pre-filter.
CI_TD_VAL_ROLE,TD_TYPE_CD,CHAR,XC100P0,1,NORMAL,VALID,VISIBLE,NO,UNIQUE,Y,Y,N,N,,MEDIUM,Good candidate for equality or IN pre-filter.
CI_TENDER_TYPE,TENDER_TYPE_CD,CHAR,XC249P0,1,NORMAL,VALID,VISIBLE,NO,UNIQUE,Y,Y,N,N,,MEDIUM,Good candidate for equality or IN pre-filter.
CI_TENDER_TYPE_L,TENDER_TYPE_CD,CHAR,XC583P0,1,NORMAL,VALID,VISIBLE,NO,UNIQUE,Y,Y,N,N,,MEDIUM,Good candidate for equality or IN pre-filter.
CI_THRD_PTY,THRD_PTY_PAYOR_CD,CHAR,XC231P0,1,NORMAL,VALID,VISIBLE,NO,UNIQUE,Y,Y,N,N,,MEDIUM,Good candidate for equality or IN pre-filter.
CI_THRD_PTY_L,THRD_PTY_PAYOR_CD,CHAR,XC232P0,1,NORMAL,VALID,VISIBLE,NO,UNIQUE,Y,Y,N,N,,MEDIUM,Good candidate for equality or IN pre-filter.
CI_TIME_ZONE,TIME_ZONE_CD,CHAR,XC185P0,1,NORMAL,VALID,VISIBLE,NO,UNIQUE,Y,Y,N,N,,MEDIUM,Good candidate for equality or IN pre-filter.
CI_TIME_ZONE_L,TIME_ZONE_CD,CHAR,XC186P0,1,NORMAL,VALID,VISIBLE,NO,UNIQUE,Y,Y,N,N,,MEDIUM,Good candidate for equality or IN pre-filter.
CI_TMAP_COM_CAL,TMAP_TMPL_CD,CHAR,XC612P0,1,NORMAL,VALID,VISIBLE,NO,UNIQUE,Y,Y,N,N,,MEDIUM,Good candidate for equality or IN pre-filter.
CI_TMAP_COM_DAY,TMAP_TMPL_CD,CHAR,XC614P0,1,NORMAL,VALID,VISIBLE,NO,UNIQUE,Y,Y,N,N,,MEDIUM,Good candidate for equality or IN pre-filter.
CI_TMAP_COM_WK,TMAP_TMPL_CD,CHAR,XC613P0,1,NORMAL,VALID,VISIBLE,NO,UNIQUE,Y,Y,N,N,,MEDIUM,Good candidate for equality or IN pre-filter.
CI_TMAP_REL,TMAP_REL_TYPE_CD,CHAR,XC205P0,1,NORMAL,VALID,VISIBLE,NO,UNIQUE,Y,Y,N,N,,MEDIUM,Good candidate for equality or IN pre-filter.
CI_TMAP_RELTY,TMAP_REL_TYPE_CD,CHAR,XC201P0,1,NORMAL,VALID,VISIBLE,NO,UNIQUE,Y,Y,N,N,,MEDIUM,Good candidate for equality or IN pre-filter.
CI_TMAP_RELTY_L,TMAP_REL_TYPE_CD,CHAR,XC202P0,1,NORMAL,VALID,VISIBLE,NO,UNIQUE,Y,Y,N,N,,MEDIUM,Good candidate for equality or IN pre-filter.
CI_TMAP_TMPL,TMAP_TMPL_CD,CHAR,XC610P0,1,NORMAL,VALID,VISIBLE,NO,UNIQUE,Y,Y,N,N,,MEDIUM,Good candidate for equality or IN pre-filter.
CI_TMAP_TMPL_L,TMAP_TMPL_CD,CHAR,XC611P0,1,NORMAL,VALID,VISIBLE,NO,UNIQUE,Y,Y,N,N,,MEDIUM,Good candidate for equality or IN pre-filter.
CI_TMAP_TYPE,TOU_MAP_TYPE_CD,CHAR,XC203P0,1,NORMAL,VALID,VISIBLE,NO,UNIQUE,Y,Y,N,N,,MEDIUM,Good candidate for equality or IN pre-filter.
CI_TMAP_TYPE_L,TOU_MAP_TYPE_CD,CHAR,XC204P0,1,NORMAL,VALID,VISIBLE,NO,UNIQUE,Y,Y,N,N,,MEDIUM,Good candidate for equality or IN pre-filter.
CI_TMAP_TYP_ALG,TOU_MAP_TYPE_CD,CHAR,XC625P0,1,NORMAL,VALID,VISIBLE,NO,UNIQUE,Y,Y,N,N,,MEDIUM,Good candidate for equality or IN pre-filter.
CI_TNDR_CTL,BATCH_CD,CHAR,XT251S4,1,NORMAL,VALID,VISIBLE,NO,NONUNIQUE,Y,Y,N,N,,MEDIUM,Good candidate for equality or IN pre-filter.
CI_TNDR_CTL,DEP_CTL_ID,CHAR,XT251S1,1,NORMAL,VALID,VISIBLE,NO,NONUNIQUE,Y,Y,N,N,,MEDIUM,Good candidate for equality or IN pre-filter.
CI_TNDR_CTL,TNDR_CTL_ID,CHAR,XT251P0,1,NORMAL,VALID,VISIBLE,NO,UNIQUE,Y,Y,N,N,,MEDIUM,Good candidate for equality or IN pre-filter.
CI_TNDR_CTL,TNDR_CTL_ST_FLG,CHAR,XT251S2,1,NORMAL,VALID,VISIBLE,NO,NONUNIQUE,Y,Y,N,N,,MEDIUM,Good candidate for equality or IN pre-filter.
CI_TNDR_CTL,USER_ID,CHAR,XT251S3,1,NORMAL,VALID,VISIBLE,NO,UNIQUE,Y,Y,N,N,,MEDIUM,Good candidate for equality or IN pre-filter.
CI_TNDR_CTL_CHAR,SRCH_CHAR_VAL,VARCHAR2,XT414S1,1,NORMAL,VALID,VISIBLE,NO,NONUNIQUE,Y,Y,N,N,,MEDIUM,Good candidate for equality or IN pre-filter.
CI_TNDR_CTL_CHAR,TNDR_CTL_ID,CHAR,XT414P0,1,NORMAL,VALID,VISIBLE,NO,UNIQUE,Y,Y,N,N,,MEDIUM,Good candidate for equality or IN pre-filter.
CI_TNDR_CTL_K,TNDR_CTL_ID,CHAR,XT548P0,1,IOT - TOP,VALID,VISIBLE,NO,UNIQUE,Y,Y,N,N,,MEDIUM,Good candidate for equality or IN pre-filter.
CI_TNDR_CTL_ST,EXT_SOURCE_ID,CHAR,XT252P0,1,NORMAL,VALID,VISIBLE,NO,UNIQUE,Y,Y,N,N,,MEDIUM,Good candidate for equality or IN pre-filter.
CI_TNDR_CTL_ST,TND_CTL_STG_ST_FLG,CHAR,C1M252S1,1,NORMAL,VALID,VISIBLE,NO,NONUNIQUE,Y,Y,N,N,,MEDIUM,Good candidate for equality or IN pre-filter.
CI_TNDR_DEP,TNDR_DEP_ID,CHAR,XT253P0,1,NORMAL,VALID,VISIBLE,NO,UNIQUE,Y,Y,N,N,,MEDIUM,Good candidate for equality or IN pre-filter.
CI_TNDR_DEP_K,TNDR_DEP_ID,CHAR,XT549P0,1,IOT - TOP,VALID,VISIBLE,NO,UNIQUE,Y,Y,N,N,,MEDIUM,Good candidate for equality or IN pre-filter.
CI_TNDR_END_BAL,TNDR_CTL_ID,CHAR,XT022P0,1,NORMAL,VALID,VISIBLE,NO,UNIQUE,Y,Y,N,N,,MEDIUM,Good candidate for equality or IN pre-filter.
CI_TNDR_SRCE,EXT_SOURCE_ID,CHAR,XC254S3,1,NORMAL,VALID,VISIBLE,NO,NONUNIQUE,Y,Y,N,N,,MEDIUM,Good candidate for equality or IN pre-filter.
CI_TNDR_SRCE,TNDR_SOURCE_CD,CHAR,XC254P0,1,NORMAL,VALID,VISIBLE,NO,UNIQUE,Y,Y,N,N,,MEDIUM,Good candidate for equality or IN pre-filter.
CI_TNDR_SRCE,TNDR_SRCE_TYPE_FLG,CHAR,XC254S2,1,NORMAL,VALID,VISIBLE,NO,NONUNIQUE,Y,Y,N,N,,MEDIUM,Good candidate for equality or IN pre-filter.
CI_TNDR_SRCE_L,TNDR_SOURCE_CD,CHAR,XC584P0,1,NORMAL,VALID,VISIBLE,NO,UNIQUE,Y,Y,N,N,,MEDIUM,Good candidate for equality or IN pre-filter.
CI_TNDR_ST_EXCP,EXT_SOURCE_ID,CHAR,XT255P0,1,NORMAL,VALID,VISIBLE,NO,UNIQUE,Y,Y,N,N,,MEDIUM,Good candidate for equality or IN pre-filter.
CI_TOS,DESCR_UPR,VARCHAR2,XM304S1,1,NORMAL,VALID,VISIBLE,NO,NONUNIQUE,Y,Y,N,N,,MEDIUM,Good candidate for equality or IN pre-filter.
CI_TOS,TOS_ID,CHAR,XM304P0,1,NORMAL,VALID,VISIBLE,NO,UNIQUE,Y,Y,N,N,,MEDIUM,Good candidate for equality or IN pre-filter.
CI_TOS,UA_ID,CHAR,XM304S2,1,NORMAL,VALID,VISIBLE,NO,NONUNIQUE,Y,Y,N,N,,MEDIUM,Good candidate for equality or IN pre-filter.
CI_TOS_CAN_RSN,TOS_CAN_RSN_CD,CHAR,XC712P0,1,NORMAL,VALID,VISIBLE,NO,UNIQUE,Y,Y,N,N,,MEDIUM,Good candidate for equality or IN pre-filter.
CI_TOS_CAN_RSN_L,TOS_CAN_RSN_CD,CHAR,XC713P0,1,NORMAL,VALID,VISIBLE,NO,UNIQUE,Y,Y,N,N,,MEDIUM,Good candidate for equality or IN pre-filter.
CI_TOS_CE,SRCH_CHAR_VAL,VARCHAR2,XM305S1,1,NORMAL,VALID,VISIBLE,NO,NONUNIQUE,Y,Y,N,N,,MEDIUM,Good candidate for equality or IN pre-filter.
CI_TOS_CE,TOS_ID,CHAR,XM305P0,1,NORMAL,VALID,VISIBLE,NO,UNIQUE,Y,Y,N,N,,MEDIUM,Good candidate for equality or IN pre-filter.
CI_TOS_CHAR,SRCH_CHAR_VAL,VARCHAR2,XM306S1,1,NORMAL,VALID,VISIBLE,NO,NONUNIQUE,Y,Y,N,N,,MEDIUM,Good candidate for equality or IN pre-filter.
CI_TOS_CHAR,TOS_ID,CHAR,XM306P0,1,NORMAL,VALID,VISIBLE,NO,UNIQUE,Y,Y,N,N,,MEDIUM,Good candidate for equality or IN pre-filter.
CI_TOS_K,TOS_ID,CHAR,XM320P0,1,IOT - TOP,VALID,VISIBLE,NO,UNIQUE,Y,Y,N,N,,MEDIUM,Good candidate for equality or IN pre-filter.
CI_TOS_SA,SA_ID,CHAR,XM308S1,1,NORMAL,VALID,VISIBLE,NO,NONUNIQUE,Y,Y,N,N,,MEDIUM,Good candidate for equality or IN pre-filter.
CI_TOS_SA,TOS_ID,CHAR,XM308P0,1,NORMAL,VALID,VISIBLE,NO,UNIQUE,Y,Y,N,N,,MEDIUM,Good candidate for equality or IN pre-filter.
CI_TOS_TYPE,TOS_TYPE_CD,CHAR,XC717P0,1,NORMAL,VALID,VISIBLE,NO,UNIQUE,Y,Y,N,N,,MEDIUM,Good candidate for equality or IN pre-filter.
CI_TOS_TYPE_CE,TOS_TYPE_CD,CHAR,XC721P0,1,NORMAL,VALID,VISIBLE,NO,UNIQUE,Y,Y,N,N,,MEDIUM,Good candidate for equality or IN pre-filter.
CI_TOS_TYPE_L,TOS_TYPE_CD,CHAR,XC718P0,1,NORMAL,VALID,VISIBLE,NO,UNIQUE,Y,Y,N,N,,MEDIUM,Good candidate for equality or IN pre-filter.
CI_TOU,TOU_CD,VARCHAR2,XC260P0,1,NORMAL,VALID,VISIBLE,NO,UNIQUE,Y,Y,N,N,,MEDIUM,Good candidate for equality or IN pre-filter.
CI_TOU_BF_VAL,BF_CD,CHAR,XC279P0,1,NORMAL,VALID,VISIBLE,NO,UNIQUE,Y,Y,N,N,,MEDIUM,Good candidate for equality or IN pre-filter.
CI_TOU_CONT_VAL,SA_ID,CHAR,XM130P0,1,NORMAL,VALID,VISIBLE,NO,UNIQUE,Y,Y,N,N,,MEDIUM,Good candidate for equality or IN pre-filter.
CI_TOU_DATA,TOU_DATA_SET_ID,CHAR,XT236P0,1,NORMAL,VALID,VISIBLE,NO,UNIQUE,Y,Y,N,N,,MEDIUM,Good candidate for equality or IN pre-filter.
CI_TOU_DATA_SET,TOU_DATA_SET_ID,CHAR,XT235P0,1,NORMAL,VALID,VISIBLE,NO,UNIQUE,Y,Y,N,N,,MEDIUM,Good candidate for equality or IN pre-filter.
CI_TOU_DATA_SET,TOU_MAP_ID,CHAR,XT235S1,1,NORMAL,VALID,VISIBLE,NO,UNIQUE,Y,Y,N,N,,MEDIUM,Good candidate for equality or IN pre-filter.
CI_TOU_DATA_SET_K,TOU_DATA_SET_ID,CHAR,XT550P0,1,IOT - TOP,VALID,VISIBLE,NO,UNIQUE,Y,Y,N,N,,MEDIUM,Good candidate for equality or IN pre-filter.
CI_TOU_DS_EXC,TOU_DATA_SET_ID,CHAR,XT237P0,1,NORMAL,VALID,VISIBLE,NO,UNIQUE,Y,Y,N,N,,MEDIUM,Good candidate for equality or IN pre-filter.
CI_TOU_DS_EXP,TOU_DATA_SET_ID,CHAR,XT238P0,1,NORMAL,VALID,VISIBLE,NO,UNIQUE,Y,Y,N,N,,MEDIUM,Good candidate for equality or IN pre-filter.
CI_TOU_GRP,TOU_GRP_CD,VARCHAR2,XC206P0,1,NORMAL,VALID,VISIBLE,NO,UNIQUE,Y,Y,N,N,,MEDIUM,Good candidate for equality or IN pre-filter.
CI_TOU_GRP_L,TOU_GRP_CD,VARCHAR2,XC207P0,1,NORMAL,VALID,VISIBLE,NO,UNIQUE,Y,Y,N,N,,MEDIUM,Good candidate for equality or IN pre-filter.
CI_TOU_GRP_TOU,TOU_GRP_CD,VARCHAR2,XC214P0,1,NORMAL,VALID,VISIBLE,NO,UNIQUE,Y,Y,N,N,,MEDIUM,Good candidate for equality or IN pre-filter.
CI_TOU_L,TOU_CD,VARCHAR2,XC586P0,1,NORMAL,VALID,VISIBLE,NO,UNIQUE,Y,Y,N,N,,MEDIUM,Good candidate for equality or IN pre-filter.
CI_TOU_MAP,EXT_TOU_MAP_ID,VARCHAR2,XM178S2,1,NORMAL,VALID,VISIBLE,NO,NONUNIQUE,Y,Y,N,N,,MEDIUM,Good candidate for equality or IN pre-filter.
CI_TOU_MAP,TOU_MAP_ID,CHAR,XM178P0,1,NORMAL,VALID,VISIBLE,NO,UNIQUE,Y,Y,N,N,,MEDIUM,Good candidate for equality or IN pre-filter.
CI_TOU_MAP,TOU_MAP_TYPE_CD,CHAR,XM178S1,1,NORMAL,VALID,VISIBLE,NO,UNIQUE,Y,Y,N,N,,MEDIUM,Good candidate for equality or IN pre-filter.
CI_TOU_MAP_K,TOU_MAP_ID,CHAR,XM520P0,1,IOT - TOP,VALID,VISIBLE,NO,UNIQUE,Y,Y,N,N,,MEDIUM,Good candidate for equality or IN pre-filter.
CI_TOU_MAP_L,TOU_MAP_ID,CHAR,XM180P0,1,NORMAL,VALID,VISIBLE,NO,UNIQUE,Y,Y,N,N,,MEDIUM,Good candidate for equality or IN pre-filter.
CI_TREND,BATCH_THREAD_NBR,NUMBER,XT261P0,1,NORMAL,VALID,VISIBLE,NO,UNIQUE,Y,Y,N,N,,MEDIUM,Good candidate for equality or IN pre-filter.
CI_TREND,TREND_AREA_CD,CHAR,XT261S1,1,NORMAL,VALID,VISIBLE,NO,NONUNIQUE,Y,Y,N,N,,MEDIUM,Good candidate for equality or IN pre-filter.
CI_TREND_AREA,TREND_AREA_CD,CHAR,XC262P0,1,NORMAL,VALID,VISIBLE,NO,UNIQUE,Y,Y,N,N,,MEDIUM,Good candidate for equality or IN pre-filter.
CI_TREND_AREA_L,TREND_AREA_CD,CHAR,XC587P0,1,NORMAL,VALID,VISIBLE,NO,UNIQUE,Y,Y,N,N,,MEDIUM,Good candidate for equality or IN pre-filter.
CI_TREND_CL,TREND_CL_CD,CHAR,XC263P0,1,NORMAL,VALID,VISIBLE,NO,UNIQUE,Y,Y,N,N,,MEDIUM,Good candidate for equality or IN pre-filter.
CI_TREND_CL_L,TREND_CL_CD,CHAR,XC588P0,1,NORMAL,VALID,VISIBLE,NO,UNIQUE,Y,Y,N,N,,MEDIUM,Good candidate for equality or IN pre-filter.
CI_TRG,BATCH_CD,CHAR,XC982P0,1,NORMAL,VALID,VISIBLE,NO,UNIQUE,Y,Y,N,N,,MEDIUM,Good candidate for equality or IN pre-filter.
CI_TRG,TRIG_NAME,VARCHAR2,XC982S1,1,NORMAL,VALID,VISIBLE,NO,UNIQUE,Y,Y,N,N,,MEDIUM,Good candidate for equality or IN pre-filter.
CI_TRG_FLD,BATCH_CD,CHAR,XC983P0,1,NORMAL,VALID,VISIBLE,NO,UNIQUE,Y,Y,N,N,,MEDIUM,Good candidate for equality or IN pre-filter.
CI_TST_COMP_TYP,TST_COMP_TYP_CD,CHAR,XC158P0,1,NORMAL,VALID,VISIBLE,NO,UNIQUE,Y,Y,N,N,,MEDIUM,Good candidate for equality or IN pre-filter.
CI_TST_COMP_TYP_L,TST_COMP_TYP_CD,CHAR,XC046P0,1,NORMAL,VALID,VISIBLE,NO,UNIQUE,Y,Y,N,N,,MEDIUM,Good candidate for equality or IN pre-filter.
CI_TST_RES_TYP,TST_COMP_TYP_CD,CHAR,XC135P0,1,NORMAL,VALID,VISIBLE,NO,UNIQUE,Y,Y,N,N,,MEDIUM,Good candidate for equality or IN pre-filter.
CI_TST_RES_TYP_L,TST_COMP_TYP_CD,CHAR,XC050P0,1,NORMAL,VALID,VISIBLE,NO,UNIQUE,Y,Y,N,N,,MEDIUM,Good candidate for equality or IN pre-filter.
CI_TURN_IN,TNDR_CTL_ID,CHAR,XT020S1,1,NORMAL,VALID,VISIBLE,NO,NONUNIQUE,Y,Y,N,N,,MEDIUM,Good candidate for equality or IN pre-filter.
CI_TURN_IN,TURN_IN_ID,CHAR,XT020P0,1,NORMAL,VALID,VISIBLE,NO,UNIQUE,Y,Y,N,N,,MEDIUM,Good candidate for equality or IN pre-filter.
CI_TURN_IN_K,TURN_IN_ID,CHAR,XT551P0,1,IOT - TOP,VALID,VISIBLE,NO,UNIQUE,Y,Y,N,N,,MEDIUM,Good candidate for equality or IN pre-filter.
CI_UA,RENEWAL_DT,DATE,XM309S1,1,NORMAL,VALID,VISIBLE,NO,NONUNIQUE,Y,Y,Y,N,,HIGH,Primary candidate for mandatory rolling window pre-filter.
CI_UA,DESCR_UPR,VARCHAR2,XM309S2,1,NORMAL,VALID,VISIBLE,NO,NONUNIQUE,Y,Y,N,N,,MEDIUM,Good candidate for equality or IN pre-filter.
CI_UA,UA_ID,CHAR,XM309P0,1,NORMAL,VALID,VISIBLE,NO,UNIQUE,Y,Y,N,N,,MEDIUM,Good candidate for equality or IN pre-filter.
CI_UATY_TOSTY,UA_TYPE_CD,CHAR,XC716P0,1,NORMAL,VALID,VISIBLE,NO,UNIQUE,Y,Y,N,N,,MEDIUM,Good candidate for equality or IN pre-filter.
CI_UA_CHAR,SRCH_CHAR_VAL,VARCHAR2,XM310S1,1,NORMAL,VALID,VISIBLE,NO,NONUNIQUE,Y,Y,N,N,,MEDIUM,Good candidate for equality or IN pre-filter.
CI_UA_CHAR,UA_ID,CHAR,XM310P0,1,NORMAL,VALID,VISIBLE,NO,UNIQUE,Y,Y,N,N,,MEDIUM,Good candidate for equality or IN pre-filter.
CI_UA_K,UA_ID,CHAR,XM321P0,1,IOT - TOP,VALID,VISIBLE,NO,UNIQUE,Y,Y,N,N,,MEDIUM,Good candidate for equality or IN pre-filter.
CI_UA_PER,UA_ID,CHAR,XM311P0,1,NORMAL,VALID,VISIBLE,NO,UNIQUE,Y,Y,N,N,,MEDIUM,Good candidate for equality or IN pre-filter.
CI_UA_TYPE,UA_TYPE_CD,CHAR,XC714P0,1,NORMAL,VALID,VISIBLE,NO,UNIQUE,Y,Y,N,N,,MEDIUM,Good candidate for equality or IN pre-filter.
CI_UA_TYPE_ALG,UA_TYPE_CD,CHAR,XC722P0,1,NORMAL,VALID,VISIBLE,NO,UNIQUE,Y,Y,N,N,,MEDIUM,Good candidate for equality or IN pre-filter.
CI_UA_TYPE_L,UA_TYPE_CD,CHAR,XC715P0,1,NORMAL,VALID,VISIBLE,NO,UNIQUE,Y,Y,N,N,,MEDIUM,Good candidate for equality or IN pre-filter.
CI_UI_ZONE,NAVIGATION_KEY,CHAR,XC686P0,1,NORMAL,VALID,VISIBLE,NO,UNIQUE,Y,Y,N,N,,MEDIUM,Good candidate for equality or IN pre-filter.
CI_UOM,SVC_TYPE_CD,VARCHAR2,XC264S1,1,NORMAL,VALID,VISIBLE,NO,NONUNIQUE,Y,Y,N,N,,MEDIUM,Good candidate for equality or IN pre-filter.
CI_UOM,UOM_CD,VARCHAR2,XC264P0,1,NORMAL,VALID,VISIBLE,NO,UNIQUE,Y,Y,N,N,,MEDIUM,Good candidate for equality or IN pre-filter.
CI_UOM_L,UOM_CD,VARCHAR2,XC589P0,1,NORMAL,VALID,VISIBLE,NO,UNIQUE,Y,Y,N,N,,MEDIUM,Good candidate for equality or IN pre-filter.
CI_USR_BOOKMARK,USER_ID,CHAR,F1C674P0,1,NORMAL,VALID,VISIBLE,NO,UNIQUE,Y,Y,N,N,,MEDIUM,Good candidate for equality or IN pre-filter.
CI_USR_GRP_SC,USR_GRP_ID,CHAR,XC365P0,1,NORMAL,VALID,VISIBLE,NO,UNIQUE,Y,Y,N,N,,MEDIUM,Good candidate for equality or IN pre-filter.
CI_USR_NAV_LINK,USER_ID,CHAR,XC687P0,1,NORMAL,VALID,VISIBLE,NO,UNIQUE,Y,Y,N,N,,MEDIUM,Good candidate for equality or IN pre-filter.
CI_USR_PORTAL,USER_ID,CHAR,XC673P0,1,NORMAL,VALID,VISIBLE,NO,UNIQUE,Y,Y,N,N,,MEDIUM,Good candidate for equality or IN pre-filter.
CI_USR_SCR,USER_ID,CHAR,XC428P0,1,NORMAL,VALID,VISIBLE,NO,UNIQUE,Y,Y,N,N,,MEDIUM,Good candidate for equality or IN pre-filter.
CI_USR_ZONE,USER_ID,CHAR,XC674P0,1,NORMAL,VALID,VISIBLE,NO,UNIQUE,Y,Y,N,N,,MEDIUM,Good candidate for equality or IN pre-filter.
CI_USR_ZONE_SAVE,USER_ID,CHAR,F1C901P0,1,NORMAL,VALID,VISIBLE,NO,UNIQUE,Y,Y,N,N,,MEDIUM,Good candidate for equality or IN pre-filter.
CI_UT_INSTL,INSTL_LOG_ID,NUMBER,XT695P0,1,NORMAL,VALID,VISIBLE,NO,UNIQUE,Y,Y,N,N,,MEDIUM,Good candidate for equality or IN pre-filter.
CI_UT_INSTL_DTL,INSTL_LOG_ID,NUMBER,XT696P0,1,NORMAL,VALID,VISIBLE,NO,UNIQUE,Y,Y,N,N,,MEDIUM,Good candidate for equality or IN pre-filter.
CI_UT_INSTL_DTL,SCRIPT_FILE_NAME,VARCHAR2,XT696S1,1,NORMAL,VALID,VISIBLE,NO,NONUNIQUE,Y,Y,N,N,,MEDIUM,Good candidate for equality or IN pre-filter.
CI_VAL_ERR,TBL_NAME,CHAR,XT811P0,1,NORMAL,VALID,VISIBLE,NO,UNIQUE,Y,Y,N,N,,MEDIUM,Good candidate for equality or IN pre-filter.
CI_VAL_FK_ERR,TBL_NAME,CHAR,XT304P0,1,NORMAL,VALID,VISIBLE,NO,UNIQUE,Y,Y,N,N,,MEDIUM,Good candidate for equality or IN pre-filter.
CI_VAL_FK_ERR,TBL_NAME,CHAR,XT304S1,1,NORMAL,VALID,VISIBLE,NO,NONUNIQUE,Y,Y,N,N,,MEDIUM,Good candidate for equality or IN pre-filter.
CI_VAL_SUB_SATY,CIS_DIVISION,CHAR,XC347P0,1,NORMAL,VALID,VISIBLE,NO,UNIQUE,Y,Y,N,N,,MEDIUM,Good candidate for equality or IN pre-filter.
CI_WFM,WFM_NAME,CHAR,XC735P0,1,NORMAL,VALID,VISIBLE,NO,UNIQUE,Y,Y,N,N,,MEDIUM,Good candidate for equality or IN pre-filter.
CI_WFM_L,WFM_NAME,CHAR,XC736P0,1,NORMAL,VALID,VISIBLE,NO,UNIQUE,Y,Y,N,N,,MEDIUM,Good candidate for equality or IN pre-filter.
CI_WFM_MSG,WFM_NAME,CHAR,XC737P0,1,NORMAL,VALID,VISIBLE,NO,UNIQUE,Y,Y,N,N,,MEDIUM,Good candidate for equality or IN pre-filter.
CI_WFM_OPT,WFM_NAME,CHAR,XC738P0,1,NORMAL,VALID,VISIBLE,NO,UNIQUE,Y,Y,N,N,,MEDIUM,Good candidate for equality or IN pre-filter.
CI_WF_EVT,WF_PROC_ID,CHAR,XT042P0,1,NORMAL,VALID,VISIBLE,NO,UNIQUE,Y,Y,N,N,,MEDIUM,Good candidate for equality or IN pre-filter.
CI_WF_EVT_CHAR,WF_PROC_ID,CHAR,XT147P0,1,NORMAL,VALID,VISIBLE,NO,UNIQUE,Y,Y,N,N,,MEDIUM,Good candidate for equality or IN pre-filter.
CI_WF_EVT_CTXT,CTXT_VAL,CHAR,XT043S1,1,NORMAL,VALID,VISIBLE,NO,UNIQUE,Y,Y,N,N,,MEDIUM,Good candidate for equality or IN pre-filter.
CI_WF_EVT_CTXT,WF_PROC_ID,CHAR,XT043P0,1,NORMAL,VALID,VISIBLE,NO,UNIQUE,Y,Y,N,N,,MEDIUM,Good candidate for equality or IN pre-filter.
CI_WF_EVT_DEP,WF_PROC_ID,CHAR,XT044P0,1,NORMAL,VALID,VISIBLE,NO,UNIQUE,Y,Y,N,N,,MEDIUM,Good candidate for equality or IN pre-filter.
CI_WF_EVT_EXC,WF_PROC_ID,CHAR,XT098P0,1,NORMAL,VALID,VISIBLE,NO,UNIQUE,Y,Y,N,N,,MEDIUM,Good candidate for equality or IN pre-filter.
CI_WF_EVT_EXP,WF_PROC_ID,CHAR,XT099P0,1,NORMAL,VALID,VISIBLE,NO,UNIQUE,Y,Y,N,N,,MEDIUM,Good candidate for equality or IN pre-filter.
CI_WF_EVT_TYPE,WF_EVT_TYPE_CD,CHAR,XC140P0,1,NORMAL,VALID,VISIBLE,NO,UNIQUE,Y,Y,N,N,,MEDIUM,Good candidate for equality or IN pre-filter.
CI_WF_EVT_TYPE_L,LANGUAGE_CD,CHAR,XC141P0,1,NORMAL,VALID,VISIBLE,NO,UNIQUE,Y,Y,N,N,,MEDIUM,Good candidate for equality or IN pre-filter.
CI_WF_PP,WF_PP_CD,CHAR,XC127P0,1,NORMAL,VALID,VISIBLE,NO,UNIQUE,Y,Y,N,N,,MEDIUM,Good candidate for equality or IN pre-filter.
CI_WF_PP_L,LANGUAGE_CD,CHAR,XC591P0,1,NORMAL,VALID,VISIBLE,NO,UNIQUE,Y,Y,N,N,,MEDIUM,Good candidate for equality or IN pre-filter.
CI_WF_PP_NT,WF_PP_CD,CHAR,XC274P0,1,NORMAL,VALID,VISIBLE,NO,UNIQUE,Y,Y,N,N,,MEDIUM,Good candidate for equality or IN pre-filter.
CI_WF_PP_NT_CRT,WF_PP_CD,CHAR,XC273P0,1,NORMAL,VALID,VISIBLE,NO,UNIQUE,Y,Y,N,N,,MEDIUM,Good candidate for equality or IN pre-filter.
CI_WF_PROC,CR_BY_WF_PROC_ID,CHAR,XT049S1,1,NORMAL,VALID,VISIBLE,NO,NONUNIQUE,Y,Y,N,N,,MEDIUM,Good candidate for equality or IN pre-filter.
CI_WF_PROC,WF_PROC_ID,CHAR,XT049P0,1,NORMAL,VALID,VISIBLE,NO,UNIQUE,Y,Y,N,N,,MEDIUM,Good candidate for equality or IN pre-filter.
CI_WF_PROC_CHAR,SRCH_CHAR_VAL,VARCHAR2,XT146S1,1,NORMAL,VALID,VISIBLE,NO,NONUNIQUE,Y,Y,N,N,,MEDIUM,Good candidate for equality or IN pre-filter.
CI_WF_PROC_CHAR,WF_PROC_ID,CHAR,XT146P0,1,NORMAL,VALID,VISIBLE,NO,UNIQUE,Y,Y,N,N,,MEDIUM,Good candidate for equality or IN pre-filter.
CI_WF_PROC_CTXT,WF_PROC_CTXT_FLG,CHAR,XT052S1,1,NORMAL,VALID,VISIBLE,NO,NONUNIQUE,Y,Y,N,N,,MEDIUM,Good candidate for equality or IN pre-filter.
CI_WF_PROC_CTXT,WF_PROC_ID,CHAR,XT052P0,1,NORMAL,VALID,VISIBLE,NO,UNIQUE,Y,Y,N,N,,MEDIUM,Good candidate for equality or IN pre-filter.
CI_WF_PROC_K,WF_PROC_ID,CHAR,XT552P0,1,IOT - TOP,VALID,VISIBLE,NO,UNIQUE,Y,Y,N,N,,MEDIUM,Good candidate for equality or IN pre-filter.
CI_WF_PROC_MSGP,WF_PROC_ID,CHAR,XT308P0,1,NORMAL,VALID,VISIBLE,NO,UNIQUE,Y,Y,N,N,,MEDIUM,Good candidate for equality or IN pre-filter.
CI_WF_PROC_SCHED,WF_PROC_SCHED_ID,CHAR,XC741P0,1,NORMAL,VALID,VISIBLE,NO,UNIQUE,Y,Y,N,N,,MEDIUM,Good candidate for equality or IN pre-filter.
CI_WF_PROC_SCHED_K,WF_PROC_SCHED_ID,CHAR,XC742P0,1,IOT - TOP,VALID,VISIBLE,NO,UNIQUE,Y,Y,N,N,,MEDIUM,Good candidate for equality or IN pre-filter.
CI_WF_PROC_TMPL,WF_PROC_TMPL_CD,CHAR,XC142P0,1,NORMAL,VALID,VISIBLE,NO,UNIQUE,Y,Y,N,N,,MEDIUM,Good candidate for equality or IN pre-filter.
CI_WF_PROC_TMPL_L,LANGUAGE_CD,CHAR,XC143P0,1,NORMAL,VALID,VISIBLE,NO,UNIQUE,Y,Y,N,N,,MEDIUM,Good candidate for equality or IN pre-filter.
CI_WF_RESP,WF_PROC_TMPL_CD,CHAR,XC602P0,1,NORMAL,VALID,VISIBLE,NO,UNIQUE,Y,Y,N,N,,MEDIUM,Good candidate for equality or IN pre-filter.
CI_WF_RESP_DEP,WF_PROC_TMPL_CD,CHAR,XC604P0,1,NORMAL,VALID,VISIBLE,NO,UNIQUE,Y,Y,N,N,,MEDIUM,Good candidate for equality or IN pre-filter.
CI_WO_CNTL,WO_CNTL_CD,CHAR,XC144P0,1,NORMAL,VALID,VISIBLE,NO,UNIQUE,Y,Y,N,N,,MEDIUM,Good candidate for equality or IN pre-filter.
CI_WO_CNTL_L,WO_CNTL_CD,CHAR,XC145P0,1,NORMAL,VALID,VISIBLE,NO,UNIQUE,Y,Y,N,N,,MEDIUM,Good candidate for equality or IN pre-filter.
CI_WO_CRIT,WO_CNTL_CD,CHAR,XC146P0,1,NORMAL,VALID,VISIBLE,NO,UNIQUE,Y,Y,N,N,,MEDIUM,Good candidate for equality or IN pre-filter.
CI_WO_DEBT_CL,WO_DEBT_CL_CD,CHAR,XC147P0,1,NORMAL,VALID,VISIBLE,NO,UNIQUE,Y,Y,N,N,,MEDIUM,Good candidate for equality or IN pre-filter.
CI_WO_DEBT_CL_L,WO_DEBT_CL_CD,CHAR,XC148P0,1,NORMAL,VALID,VISIBLE,NO,UNIQUE,Y,Y,N,N,,MEDIUM,Good candidate for equality or IN pre-filter.
CI_WO_EVT,WO_PROC_ID,CHAR,XT059P0,1,NORMAL,VALID,VISIBLE,NO,UNIQUE,Y,Y,N,N,,MEDIUM,Good candidate for equality or IN pre-filter.
CI_WO_EVT_CC,CC_ID,CHAR,XT060S1,1,NORMAL,VALID,VISIBLE,NO,NONUNIQUE,Y,Y,N,N,,MEDIUM,Good candidate for equality or IN pre-filter.
CI_WO_EVT_CC,WO_PROC_ID,CHAR,XT060P0,1,NORMAL,VALID,VISIBLE,NO,UNIQUE,Y,Y,N,N,,MEDIUM,Good candidate for equality or IN pre-filter.
CI_WO_EVT_TYP,WO_EVT_TYP_CD,CHAR,XC150P0,1,NORMAL,VALID,VISIBLE,NO,UNIQUE,Y,Y,N,N,,MEDIUM,Good candidate for equality or IN pre-filter.
CI_WO_EVT_TYP_L,WO_EVT_TYP_CD,CHAR,XC153P0,1,NORMAL,VALID,VISIBLE,NO,UNIQUE,Y,Y,N,N,,MEDIUM,Good candidate for equality or IN pre-filter.
CI_WO_PROC,ACCT_ID,CHAR,XT061S1,1,NORMAL,VALID,VISIBLE,NO,NONUNIQUE,Y,Y,N,N,,MEDIUM,Good candidate for equality or IN pre-filter.
CI_WO_PROC,WO_PROC_ID,CHAR,XT061P0,1,NORMAL,VALID,VISIBLE,NO,UNIQUE,Y,Y,N,N,,MEDIUM,Good candidate for equality or IN pre-filter.
CI_WO_PROC_K,WO_PROC_ID,CHAR,XT553P0,1,IOT - TOP,VALID,VISIBLE,NO,UNIQUE,Y,Y,N,N,,MEDIUM,Good candidate for equality or IN pre-filter.
CI_WO_PROC_SA,SA_ID,CHAR,XT062S1,1,NORMAL,VALID,VISIBLE,NO,NONUNIQUE,Y,Y,N,N,,MEDIUM,Good candidate for equality or IN pre-filter.
CI_WO_PROC_SA,WO_PROC_ID,CHAR,XT062P0,1,NORMAL,VALID,VISIBLE,NO,UNIQUE,Y,Y,N,N,,MEDIUM,Good candidate for equality or IN pre-filter.
CI_WO_PROC_TMPL,WO_PROC_TMPL_CD,CHAR,XC154P0,1,NORMAL,VALID,VISIBLE,NO,UNIQUE,Y,Y,N,N,,MEDIUM,Good candidate for equality or IN pre-filter.
CI_WO_PROC_TMPL_L,WO_PROC_TMPL_CD,CHAR,XC156P0,1,NORMAL,VALID,VISIBLE,NO,UNIQUE,Y,Y,N,N,,MEDIUM,Good candidate for equality or IN pre-filter.
CI_WO_RESP,WO_PROC_TMPL_CD,CHAR,XC601P0,1,NORMAL,VALID,VISIBLE,NO,UNIQUE,Y,Y,N,N,,MEDIUM,Good candidate for equality or IN pre-filter.
CI_XAI_ADAPTER,XAI_ADAPTER_ID,CHAR,XC953P0,1,NORMAL,VALID,VISIBLE,NO,UNIQUE,Y,Y,N,N,,MEDIUM,Good candidate for equality or IN pre-filter.
CI_XAI_ADAPTER_L,XAI_ADAPTER_ID,CHAR,XC954P0,1,NORMAL,VALID,VISIBLE,NO,UNIQUE,Y,Y,N,N,,MEDIUM,Good candidate for equality or IN pre-filter.
CI_XAI_CLASS,XAI_CLASS_ID,CHAR,XC972P0,1,NORMAL,VALID,VISIBLE,NO,UNIQUE,Y,Y,N,N,,MEDIUM,Good candidate for equality or IN pre-filter.
CI_XAI_CLASS_L,XAI_CLASS_ID,CHAR,XC973P0,1,NORMAL,VALID,VISIBLE,NO,UNIQUE,Y,Y,N,N,,MEDIUM,Good candidate for equality or IN pre-filter.
CI_XAI_DWN,NT_DWN_ID,CHAR,XT400P0,1,NORMAL,VALID,VISIBLE,NO,UNIQUE,Y,Y,N,N,,MEDIUM,Good candidate for equality or IN pre-filter.
CI_XAI_DWN_EXC,NT_DWN_ID,CHAR,XT090P0,1,NORMAL,VALID,VISIBLE,NO,UNIQUE,Y,Y,N,N,,MEDIUM,Good candidate for equality or IN pre-filter.
CI_XAI_DWN_EXP,NT_DWN_ID,CHAR,XT092P0,1,NORMAL,VALID,VISIBLE,NO,UNIQUE,Y,Y,N,N,,MEDIUM,Good candidate for equality or IN pre-filter.
CI_XAI_ENV_HNDL,XAI_ENV_HNDL_ID,CHAR,XC957P0,1,NORMAL,VALID,VISIBLE,NO,UNIQUE,Y,Y,N,N,,MEDIUM,Good candidate for equality or IN pre-filter.
CI_XAI_ENV_HNDL_L,XAI_ENV_HNDL_ID,CHAR,XC955P0,1,NORMAL,VALID,VISIBLE,NO,UNIQUE,Y,Y,N,N,,MEDIUM,Good candidate for equality or IN pre-filter.
CI_XAI_EXECUTER,XAI_EXECUTER_ID,CHAR,XC958P0,1,NORMAL,VALID,VISIBLE,NO,UNIQUE,Y,Y,N,N,,MEDIUM,Good candidate for equality or IN pre-filter.
CI_XAI_EXECUTER_L,XAI_EXECUTER_ID,CHAR,XC949P0,1,NORMAL,VALID,VISIBLE,NO,UNIQUE,Y,Y,N,N,,MEDIUM,Good candidate for equality or IN pre-filter.
CI_XAI_FORMAT,XAI_FORMAT_ID,CHAR,XC959P0,1,NORMAL,VALID,VISIBLE,NO,UNIQUE,Y,Y,N,N,,MEDIUM,Good candidate for equality or IN pre-filter.
CI_XAI_FORMAT_L,XAI_FORMAT_ID,CHAR,XC960P0,1,NORMAL,VALID,VISIBLE,NO,UNIQUE,Y,Y,N,N,,MEDIUM,Good candidate for equality or IN pre-filter.
CI_XAI_IN_SVC,XAI_IN_SVC_ID,CHAR,XC951P0,1,NORMAL,VALID,VISIBLE,NO,UNIQUE,Y,Y,N,N,,MEDIUM,Good candidate for equality or IN pre-filter.
CI_XAI_IN_SVC,XAI_IN_SVC_NAME,VARCHAR2,XC951S1,1,NORMAL,VALID,VISIBLE,NO,UNIQUE,Y,Y,N,N,,MEDIUM,Good candidate for equality or IN pre-filter.
CI_XAI_IN_SVC_L,XAI_IN_SVC_ID,CHAR,XC952P0,1,NORMAL,VALID,VISIBLE,NO,UNIQUE,Y,Y,N,N,,MEDIUM,Good candidate for equality or IN pre-filter.
CI_XAI_JDBC_CON,XAI_JDBC_CON_ID,CHAR,XC974P0,1,NORMAL,VALID,VISIBLE,NO,UNIQUE,Y,Y,N,N,,MEDIUM,Good candidate for equality or IN pre-filter.
CI_XAI_JDBC_CON_L,XAI_JDBC_CON_ID,CHAR,XC975P0,1,NORMAL,VALID,VISIBLE,NO,UNIQUE,Y,Y,N,N,,MEDIUM,Good candidate for equality or IN pre-filter.
CI_XAI_JMS_CON,XAI_JMS_CON_ID,CHAR,XC976P0,1,NORMAL,VALID,VISIBLE,NO,UNIQUE,Y,Y,N,N,,MEDIUM,Good candidate for equality or IN pre-filter.
CI_XAI_JMS_CON_L,XAI_JMS_CON_ID,CHAR,XC948P0,1,NORMAL,VALID,VISIBLE,NO,UNIQUE,Y,Y,N,N,,MEDIUM,Good candidate for equality or IN pre-filter.
CI_XAI_JMS_Q,XAI_JMS_QUEUE_ID,CHAR,XC966P0,1,NORMAL,VALID,VISIBLE,NO,UNIQUE,Y,Y,N,N,,MEDIUM,Good candidate for equality or IN pre-filter.
CI_XAI_JMS_Q_L,XAI_JMS_QUEUE_ID,CHAR,XC967P0,1,NORMAL,VALID,VISIBLE,NO,UNIQUE,Y,Y,N,N,,MEDIUM,Good candidate for equality or IN pre-filter.
CI_XAI_JMS_TPC,XAI_JMS_TOPIC_ID,CHAR,XC962P0,1,NORMAL,VALID,VISIBLE,NO,UNIQUE,Y,Y,N,N,,MEDIUM,Good candidate for equality or IN pre-filter.
CI_XAI_JMS_TPC_L,XAI_JMS_TOPIC_ID,CHAR,XC963P0,1,NORMAL,VALID,VISIBLE,NO,UNIQUE,Y,Y,N,N,,MEDIUM,Good candidate for equality or IN pre-filter.
CI_XAI_JNDI_SVR,XAI_JNDI_SVR_ID,CHAR,XC961P0,1,NORMAL,VALID,VISIBLE,NO,UNIQUE,Y,Y,N,N,,MEDIUM,Good candidate for equality or IN pre-filter.
CI_XAI_JNDI_SVR_L,LANGUAGE_CD,CHAR,XC964P0,1,NORMAL,VALID,VISIBLE,NO,UNIQUE,Y,Y,N,N,,MEDIUM,Good candidate for equality or IN pre-filter.
CI_XAI_OPTION,XAI_OPTION_FLG,CHAR,XC950P0,1,NORMAL,VALID,VISIBLE,NO,UNIQUE,Y,Y,N,N,,MEDIUM,Good candidate for equality or IN pre-filter.
CI_XAI_RCVR,XAI_RCVR_ID,CHAR,XC965P0,1,NORMAL,VALID,VISIBLE,NO,UNIQUE,Y,Y,N,N,,MEDIUM,Good candidate for equality or IN pre-filter.
CI_XAI_RCVR_CTX,XAI_RCVR_ID,CHAR,XC981P0,1,NORMAL,VALID,VISIBLE,NO,UNIQUE,Y,Y,N,N,,MEDIUM,Good candidate for equality or IN pre-filter.
CI_XAI_RCVR_L,XAI_RCVR_ID,CHAR,XC899P0,1,NORMAL,VALID,VISIBLE,NO,UNIQUE,Y,Y,N,N,,MEDIUM,Good candidate for equality or IN pre-filter.
CI_XAI_RCVR_RGRP,XAI_RCVR_ID,CHAR,XC720P0,1,NORMAL,VALID,VISIBLE,NO,UNIQUE,Y,Y,N,N,,MEDIUM,Good candidate for equality or IN pre-filter.
CI_XAI_RCVR_RSP,XAI_RCVR_ID,CHAR,XC969P0,1,NORMAL,VALID,VISIBLE,NO,UNIQUE,Y,Y,N,N,,MEDIUM,Good candidate for equality or IN pre-filter.
CI_XAI_RGRP,XAI_RGRP_CD,CHAR,XC700P0,1,NORMAL,VALID,VISIBLE,NO,UNIQUE,Y,Y,N,N,,MEDIUM,Good candidate for equality or IN pre-filter.
CI_XAI_RGRP_ATT,XAI_RGRP_CD,CHAR,XC707P0,1,NORMAL,VALID,VISIBLE,NO,UNIQUE,Y,Y,N,N,,MEDIUM,Good candidate for equality or IN pre-filter.
CI_XAI_RGRP_L,XAI_RGRP_CD,CHAR,XC701P0,1,NORMAL,VALID,VISIBLE,NO,UNIQUE,Y,Y,N,N,,MEDIUM,Good candidate for equality or IN pre-filter.
CI_XAI_ROUTING,NT_DWN_PROF_CD,CHAR,XC996P0,1,NORMAL,VALID,VISIBLE,NO,UNIQUE,Y,Y,N,N,,MEDIUM,Good candidate for equality or IN pre-filter.
CI_XAI_RT_TYPE,XAI_RT_TYPE_CD,CHAR,XC998P0,1,NORMAL,VALID,VISIBLE,NO,UNIQUE,Y,Y,N,N,,MEDIUM,Good candidate for equality or IN pre-filter.
CI_XAI_RT_TYPE_L,XAI_RT_TYPE_CD,CHAR,XC997P0,1,NORMAL,VALID,VISIBLE,NO,UNIQUE,Y,Y,N,N,,MEDIUM,Good candidate for equality or IN pre-filter.
CI_XAI_RULE,XAI_RGRP_CD,CHAR,XC705P0,1,NORMAL,VALID,VISIBLE,NO,UNIQUE,Y,Y,N,N,,MEDIUM,Good candidate for equality or IN pre-filter.
CI_XAI_SENDER,XAI_SENDER_ID,CHAR,XC968P0,1,NORMAL,VALID,VISIBLE,NO,UNIQUE,Y,Y,N,N,,MEDIUM,Good candidate for equality or IN pre-filter.
CI_XAI_SENDER_L,XAI_SENDER_ID,CHAR,XC971P0,1,NORMAL,VALID,VISIBLE,NO,UNIQUE,Y,Y,N,N,,MEDIUM,Good candidate for equality or IN pre-filter.
CI_XAI_SNDR_CTX,XAI_SENDER_ID,CHAR,XC995P0,1,NORMAL,VALID,VISIBLE,NO,UNIQUE,Y,Y,N,N,,MEDIUM,Good candidate for equality or IN pre-filter.
CI_XAI_SVC_PARM,XAI_IN_SVC_ID,CHAR,XC970P0,1,NORMAL,VALID,VISIBLE,NO,UNIQUE,Y,Y,N,N,,MEDIUM,Good candidate for equality or IN pre-filter.
CI_XML_STGCTL_P,XML_STG_CTL_ID,NUMBER,XT977P0,1,NORMAL,VALID,VISIBLE,NO,UNIQUE,Y,Y,N,N,,MEDIUM,Good candidate for equality or IN pre-filter.
CI_XML_STGUP,NT_DWN_ID,CHAR,XT813S0,1,NORMAL,VALID,VISIBLE,NO,NONUNIQUE,Y,Y,N,N,,MEDIUM,Good candidate for equality or IN pre-filter.
CI_XML_STGUP,XML_STGUP_ID,NUMBER,XT813P0,1,NORMAL,VALID,VISIBLE,NO,UNIQUE,Y,Y,N,N,,MEDIUM,Good candidate for equality or IN pre-filter.
CI_XML_STGUP,XML_STG_STATUS_FLG,CHAR,XT813S1,1,NORMAL,VALID,VISIBLE,NO,NONUNIQUE,Y,Y,N,N,,MEDIUM,Good candidate for equality or IN pre-filter.
CI_XML_STGUPEXP,XML_STGUP_ID,NUMBER,XT812P0,1,NORMAL,VALID,VISIBLE,NO,UNIQUE,Y,Y,N,N,,MEDIUM,Good candidate for equality or IN pre-filter.
CI_XML_STGUP_EX,XML_STGUP_ID,NUMBER,XT814P0,1,NORMAL,VALID,VISIBLE,NO,UNIQUE,Y,Y,N,N,,MEDIUM,Good candidate for equality or IN pre-filter.
CI_XML_STG_CTL,XML_STG_CTL_ID,NUMBER,XT815P0,1,NORMAL,VALID,VISIBLE,NO,UNIQUE,Y,Y,N,N,,MEDIUM,Good candidate for equality or IN pre-filter.
CI_XML_STG_CTL,XML_STG_STATUS_FLG,CHAR,XT815S1,1,NORMAL,VALID,VISIBLE,NO,NONUNIQUE,Y,Y,N,N,,MEDIUM,Good candidate for equality or IN pre-filter.
CI_ZONE,ZONE_CD,CHAR,XC675P0,1,NORMAL,VALID,VISIBLE,NO,UNIQUE,Y,Y,N,N,,MEDIUM,Good candidate for equality or IN pre-filter.
CI_ZONE_HDL,ZONE_HDL_CD,CHAR,XC676P0,1,NORMAL,VALID,VISIBLE,NO,UNIQUE,Y,Y,N,N,,MEDIUM,Good candidate for equality or IN pre-filter.
CI_ZONE_HDL_L,ZONE_HDL_CD,CHAR,XC677P0,1,NORMAL,VALID,VISIBLE,NO,UNIQUE,Y,Y,N,N,,MEDIUM,Good candidate for equality or IN pre-filter.
CI_ZONE_HDL_PRM,ZONE_HDL_CD,CHAR,XC678P0,1,NORMAL,VALID,VISIBLE,NO,UNIQUE,Y,Y,N,N,,MEDIUM,Good candidate for equality or IN pre-filter.
CI_ZONE_HDL_PRM_L,ZONE_HDL_CD,CHAR,XC679P0,1,NORMAL,VALID,VISIBLE,NO,UNIQUE,Y,Y,N,N,,MEDIUM,Good candidate for equality or IN pre-filter.
CI_ZONE_L,ZONE_CD,CHAR,XC680P0,1,NORMAL,VALID,VISIBLE,NO,UNIQUE,Y,Y,N,N,,MEDIUM,Good candidate for equality or IN pre-filter.
CI_ZONE_PRM,ZONE_CD,CHAR,XC681P0,1,NORMAL,VALID,VISIBLE,NO,UNIQUE,Y,Y,N,N,,MEDIUM,Good candidate for equality or IN pre-filter.
CMS_SA_SNAPSHOT,SA_ID,CHAR,PK_CMS_SA_SNAPSHOT,1,NORMAL,VALID,VISIBLE,NO,UNIQUE,Y,Y,N,N,,MEDIUM,Good candidate for equality or IN pre-filter.
D1_ACTIVITY,BUS_OBJ_CD,CHAR,D1T319S0,1,NORMAL,VALID,VISIBLE,NO,UNIQUE,Y,Y,N,Y,field_ops,MEDIUM,Good candidate for equality or IN pre-filter.
D1_ACTIVITY,D1_ACTIVITY_ID,CHAR,D1T319P0,1,NORMAL,VALID,VISIBLE,NO,UNIQUE,Y,Y,N,Y,field_ops,MEDIUM,Good candidate for equality or IN pre-filter.
D1_ACTIVITY_ADJ_TYPE,ACTIVITY_TYPE_CD,VARCHAR2,D1C607P0,1,NORMAL,VALID,VISIBLE,NO,UNIQUE,Y,Y,N,N,,MEDIUM,Good candidate for equality or IN pre-filter.
D1_ACTIVITY_CHAR,D1_ACTIVITY_ID,CHAR,D1T320P0,1,NORMAL,VALID,VISIBLE,NO,UNIQUE,Y,Y,N,Y,field_ops,MEDIUM,Good candidate for equality or IN pre-filter.
D1_ACTIVITY_CHAR,SRCH_CHAR_VAL,VARCHAR2,D1T320S0,1,NORMAL,VALID,VISIBLE,NO,NONUNIQUE,Y,Y,N,Y,field_ops,MEDIUM,Good candidate for equality or IN pre-filter.
D1_ACTIVITY_IDENTIFIER,D1_ACTIVITY_ID,CHAR,D1T330P0,1,NORMAL,VALID,VISIBLE,NO,UNIQUE,Y,Y,N,N,,MEDIUM,Good candidate for equality or IN pre-filter.
D1_ACTIVITY_IDENTIFIER,ID_VALUE,VARCHAR2,D1T330S0,1,NORMAL,VALID,VISIBLE,NO,NONUNIQUE,Y,Y,N,N,,MEDIUM,Good candidate for equality or IN pre-filter.
D1_ACTIVITY_IDENTIFIER,SYS_NC00005$,,D1T330S1,1,FUNCTION-BASED NORMAL,VALID,VISIBLE,NO,NONUNIQUE,Y,Y,N,N,,MEDIUM,Good candidate for equality or IN pre-filter.
D1_ACTIVITY_K,D1_ACTIVITY_ID,CHAR,D1T328P0,1,IOT - TOP,VALID,VISIBLE,NO,UNIQUE,Y,Y,N,N,,MEDIUM,Good candidate for equality or IN pre-filter.
D1_ACTIVITY_LOG,CHAR_TYPE_CD,CHAR,D1T321S1,1,NORMAL,VALID,VISIBLE,NO,NONUNIQUE,Y,Y,N,N,,MEDIUM,Good candidate for equality or IN pre-filter.
D1_ACTIVITY_LOG,CHAR_TYPE_CD,CHAR,D1T321S2,1,NORMAL,VALID,VISIBLE,NO,NONUNIQUE,Y,Y,N,N,,MEDIUM,Good candidate for equality or IN pre-filter.
D1_ACTIVITY_LOG,D1_ACTIVITY_ID,CHAR,D1T321P0,1,NORMAL,VALID,VISIBLE,NO,UNIQUE,Y,Y,N,N,,MEDIUM,Good candidate for equality or IN pre-filter.
D1_ACTIVITY_LOG_PARM,D1_ACTIVITY_ID,CHAR,D1T322P0,1,NORMAL,VALID,VISIBLE,NO,UNIQUE,Y,Y,N,N,,MEDIUM,Good candidate for equality or IN pre-filter.
D1_ACTIVITY_REL,D1_ACTIVITY_ID,CHAR,D1T323P0,1,NORMAL,VALID,VISIBLE,NO,UNIQUE,Y,Y,N,Y,field_ops,MEDIUM,Good candidate for equality or IN pre-filter.
D1_ACTIVITY_REL,REL_ACTIVITY_ID,CHAR,D1T323S0,1,NORMAL,VALID,VISIBLE,NO,NONUNIQUE,Y,Y,N,Y,field_ops,MEDIUM,Good candidate for equality or IN pre-filter.
D1_ACTIVITY_REL_OBJ,D1_ACTIVITY_ID,CHAR,D1T324P0,1,NORMAL,VALID,VISIBLE,NO,UNIQUE,Y,Y,N,Y,field_ops,MEDIUM,Good candidate for equality or IN pre-filter.
D1_ACTIVITY_REL_OBJ,PK_VALUE1,VARCHAR2,D1T324S0,1,NORMAL,VALID,VISIBLE,NO,NONUNIQUE,Y,Y,N,Y,field_ops,MEDIUM,Good candidate for equality or IN pre-filter.
D1_ACTIVITY_STAT_MV,D1_ACTIVITY_ID,CHAR,D1T432P0,1,NORMAL,VALID,VISIBLE,NO,UNIQUE,Y,Y,N,N,,MEDIUM,Good candidate for equality or IN pre-filter.
D1_ACTIVITY_TYPE,ACTIVITY_TYPE_CD,VARCHAR2,D1C325P0,1,NORMAL,VALID,VISIBLE,NO,UNIQUE,Y,Y,N,N,,MEDIUM,Good candidate for equality or IN pre-filter.
D1_ACTIVITY_TYPE_CHAR,ACTIVITY_TYPE_CD,VARCHAR2,D1C327P0,1,NORMAL,VALID,VISIBLE,NO,UNIQUE,Y,Y,N,N,,MEDIUM,Good candidate for equality or IN pre-filter.
D1_ACTIVITY_TYPE_CHAR,SRCH_CHAR_VAL,VARCHAR2,D1C327S0,1,NORMAL,VALID,VISIBLE,NO,NONUNIQUE,Y,Y,N,N,,MEDIUM,Good candidate for equality or IN pre-filter.
D1_ACTIVITY_TYPE_DIV,ACTIVITY_TYPE_CD,VARCHAR2,D1C636P0,1,NORMAL,VALID,VISIBLE,NO,UNIQUE,Y,Y,N,N,,MEDIUM,Good candidate for equality or IN pre-filter.
D1_ACTIVITY_TYPE_FLD_TASK_TYPE,ACTIVITY_TYPE_CD,VARCHAR2,D1C631P0,1,NORMAL,VALID,VISIBLE,NO,UNIQUE,Y,Y,N,N,,MEDIUM,Good candidate for equality or IN pre-filter.
D1_ACTIVITY_TYPE_L,ACTIVITY_TYPE_CD,VARCHAR2,D1C326P0,1,NORMAL,VALID,VISIBLE,NO,UNIQUE,Y,Y,N,N,,MEDIUM,Good candidate for equality or IN pre-filter.
D1_ADS,ADS_ID,CHAR,D1T589P0,1,NORMAL,VALID,VISIBLE,NO,UNIQUE,Y,Y,N,N,,MEDIUM,Good candidate for equality or IN pre-filter.
D1_ADS_IDENTIFIER,ADS_ID,CHAR,D1T590P0,1,NORMAL,VALID,VISIBLE,NO,UNIQUE,Y,Y,N,N,,MEDIUM,Good candidate for equality or IN pre-filter.
D1_ADS_K,ADS_ID,CHAR,D1T591P0,1,IOT - TOP,VALID,VISIBLE,NO,UNIQUE,Y,Y,N,N,,MEDIUM,Good candidate for equality or IN pre-filter.
D1_ADS_LOG,ADS_ID,CHAR,D1T592P0,1,NORMAL,VALID,VISIBLE,NO,UNIQUE,Y,Y,N,N,,MEDIUM,Good candidate for equality or IN pre-filter.
D1_ADS_LOG_PARM,ADS_ID,CHAR,D1T593P0,1,NORMAL,VALID,VISIBLE,NO,UNIQUE,Y,Y,N,N,,MEDIUM,Good candidate for equality or IN pre-filter.
D1_ADS_TYPE,ADS_TYPE_CD,VARCHAR2,D1C587P0,1,NORMAL,VALID,VISIBLE,NO,UNIQUE,Y,Y,N,N,,MEDIUM,Good candidate for equality or IN pre-filter.
D1_ADS_TYPE_L,ADS_TYPE_CD,VARCHAR2,D1C588P0,1,NORMAL,VALID,VISIBLE,NO,UNIQUE,Y,Y,N,N,,MEDIUM,Good candidate for equality or IN pre-filter.
D1_AGG_GROUP,D1_AGG_GROUP_CD,VARCHAR2,D1C458P0,1,NORMAL,VALID,VISIBLE,NO,UNIQUE,Y,Y,N,N,,MEDIUM,Good candidate for equality or IN pre-filter.
D1_AGG_GROUP_CHAR,D1_AGG_GROUP_CD,VARCHAR2,D1C460P0,1,NORMAL,VALID,VISIBLE,NO,UNIQUE,Y,Y,N,N,,MEDIUM,Good candidate for equality or IN pre-filter.
D1_AGG_GROUP_CHAR,SRCH_CHAR_VAL,VARCHAR2,D1C460S1,1,NORMAL,VALID,VISIBLE,NO,NONUNIQUE,Y,Y,N,N,,MEDIUM,Good candidate for equality or IN pre-filter.
D1_AGG_GROUP_L,D1_AGG_GROUP_CD,VARCHAR2,D1C459P0,1,NORMAL,VALID,VISIBLE,NO,UNIQUE,Y,Y,N,N,,MEDIUM,Good candidate for equality or IN pre-filter.
D1_AGG_GROUP_LOG,D1_AGG_GROUP_CD,VARCHAR2,D1C461P0,1,NORMAL,VALID,VISIBLE,NO,UNIQUE,Y,Y,N,N,,MEDIUM,Good candidate for equality or IN pre-filter.
D1_AGG_GROUP_LOG_PARM,D1_AGG_GROUP_CD,VARCHAR2,D1C462P0,1,NORMAL,VALID,VISIBLE,NO,UNIQUE,Y,Y,N,N,,MEDIUM,Good candidate for equality or IN pre-filter.
D1_AGG_GROUP_RUN,D1_AGG_GROUP_CD,VARCHAR2,D1T501P0,1,NORMAL,VALID,VISIBLE,NO,UNIQUE,Y,Y,N,N,,MEDIUM,Good candidate for equality or IN pre-filter.
D1_AGG_GROUP_RUN_MC_SET,D1_AGG_GROUP_CD,VARCHAR2,D1T502P0,1,NORMAL,VALID,VISIBLE,NO,UNIQUE,Y,Y,N,N,,MEDIUM,Good candidate for equality or IN pre-filter.
D1_AGG_MSRMT,MEASR_COMP_ID,CHAR,D1T447P0,1,NORMAL,VALID,VISIBLE,NO,UNIQUE,Y,Y,N,N,,MEDIUM,Good candidate for equality or IN pre-filter.
D1_ATTR_GRP,ATTR_GRP_TYPE_CD,VARCHAR2,D1C596P0,1,NORMAL,VALID,VISIBLE,NO,UNIQUE,Y,Y,N,N,,MEDIUM,Good candidate for equality or IN pre-filter.
D1_ATTR_GRP_CHAR,ATTR_GRP_TYPE_CD,VARCHAR2,D1C598P0,1,NORMAL,VALID,VISIBLE,NO,UNIQUE,Y,Y,N,N,,MEDIUM,Good candidate for equality or IN pre-filter.
D1_ATTR_GRP_L,ATTR_GRP_TYPE_CD,VARCHAR2,D1C597P0,1,NORMAL,VALID,VISIBLE,NO,UNIQUE,Y,Y,N,N,,MEDIUM,Good candidate for equality or IN pre-filter.
D1_ATTR_VAL,ATTR_VAL_ID,CHAR,D1T599P0,1,NORMAL,VALID,VISIBLE,NO,UNIQUE,Y,Y,N,N,,MEDIUM,Good candidate for equality or IN pre-filter.
D1_ATTR_VAL_K,ATTR_VAL_ID,CHAR,D1T600P0,1,IOT - TOP,VALID,VISIBLE,NO,UNIQUE,Y,Y,N,N,,MEDIUM,Good candidate for equality or IN pre-filter.
D1_ATTR_VAL_LOG,ATTR_VAL_ID,CHAR,D1T601P0,1,NORMAL,VALID,VISIBLE,NO,UNIQUE,Y,Y,N,N,,MEDIUM,Good candidate for equality or IN pre-filter.
D1_ATTR_VAL_LOG_PARM,ATTR_VAL_ID,CHAR,D1T602P0,1,NORMAL,VALID,VISIBLE,NO,UNIQUE,Y,Y,N,N,,MEDIUM,Good candidate for equality or IN pre-filter.
D1_BILL_CYC,D1_BILL_CYC_CD,VARCHAR2,D1T449P0,1,NORMAL,VALID,VISIBLE,NO,UNIQUE,Y,Y,N,N,,MEDIUM,Good candidate for equality or IN pre-filter.
D1_BILL_CYC_CHAR,D1_BILL_CYC_CD,VARCHAR2,D1T451P0,1,NORMAL,VALID,VISIBLE,NO,UNIQUE,Y,Y,N,N,,MEDIUM,Good candidate for equality or IN pre-filter.
D1_BILL_CYC_CHAR,SRCH_CHAR_VAL,VARCHAR2,D1T451S1,1,NORMAL,VALID,VISIBLE,NO,NONUNIQUE,Y,Y,N,N,,MEDIUM,Good candidate for equality or IN pre-filter.
D1_BILL_CYC_L,D1_BILL_CYC_CD,VARCHAR2,D1T450P0,1,NORMAL,VALID,VISIBLE,NO,UNIQUE,Y,Y,N,N,,MEDIUM,Good candidate for equality or IN pre-filter.
D1_BILL_CYC_SCH,D1_BILL_CYC_CD,VARCHAR2,D1T452P0,1,NORMAL,VALID,VISIBLE,NO,UNIQUE,Y,Y,N,N,,MEDIUM,Good candidate for equality or IN pre-filter.
D1_COMMAND_SET,D1_CMD_SET_CD,VARCHAR2,D1T454P0,1,NORMAL,VALID,VISIBLE,NO,UNIQUE,Y,Y,N,N,,MEDIUM,Good candidate for equality or IN pre-filter.
D1_COMMAND_SET_BUS_OBJ,D1_CMD_SET_CD,VARCHAR2,D1T457P0,1,NORMAL,VALID,VISIBLE,NO,UNIQUE,Y,Y,N,N,,MEDIUM,Good candidate for equality or IN pre-filter.
D1_COMMAND_SET_CHAR,D1_CMD_SET_CD,VARCHAR2,D1T456P0,1,NORMAL,VALID,VISIBLE,NO,UNIQUE,Y,Y,N,N,,MEDIUM,Good candidate for equality or IN pre-filter.
D1_COMMAND_SET_CHAR,SRCH_CHAR_VAL,VARCHAR2,D1T456S1,1,NORMAL,VALID,VISIBLE,NO,NONUNIQUE,Y,Y,N,N,,MEDIUM,Good candidate for equality or IN pre-filter.
D1_COMMAND_SET_L,D1_CMD_SET_CD,VARCHAR2,D1T455P0,1,NORMAL,VALID,VISIBLE,NO,UNIQUE,Y,Y,N,N,,MEDIUM,Good candidate for equality or IN pre-filter.
D1_COMM_IN,D1_COMM_ID,CHAR,D1T386P0,1,NORMAL,VALID,VISIBLE,NO,UNIQUE,Y,Y,N,N,,MEDIUM,Good candidate for equality or IN pre-filter.
D1_COMM_IN_CHAR,D1_COMM_ID,CHAR,D1T387P0,1,NORMAL,VALID,VISIBLE,NO,UNIQUE,Y,Y,N,N,,MEDIUM,Good candidate for equality or IN pre-filter.
D1_COMM_IN_CHAR,SRCH_CHAR_VAL,VARCHAR2,D1T387S0,1,NORMAL,VALID,VISIBLE,NO,NONUNIQUE,Y,Y,N,N,,MEDIUM,Good candidate for equality or IN pre-filter.
D1_COMM_IN_IDENTIFIER,D1_COMM_ID,CHAR,D1T391P0,1,NORMAL,VALID,VISIBLE,NO,UNIQUE,Y,Y,N,N,,MEDIUM,Good candidate for equality or IN pre-filter.
D1_COMM_IN_IDENTIFIER,ID_VALUE,VARCHAR2,D1T391S0,1,NORMAL,VALID,VISIBLE,NO,NONUNIQUE,Y,Y,N,N,,MEDIUM,Good candidate for equality or IN pre-filter.
D1_COMM_IN_IDENTIFIER,SYS_NC00005$,,D1T391S1,1,FUNCTION-BASED NORMAL,VALID,VISIBLE,NO,NONUNIQUE,Y,Y,N,N,,MEDIUM,Good candidate for equality or IN pre-filter.
D1_COMM_IN_K,D1_COMM_ID,CHAR,D1T410P0,1,IOT - TOP,VALID,VISIBLE,NO,UNIQUE,Y,Y,N,N,,MEDIUM,Good candidate for equality or IN pre-filter.
D1_COMM_IN_LOG,CHAR_TYPE_CD,CHAR,D1T388S1,1,NORMAL,VALID,VISIBLE,NO,NONUNIQUE,Y,Y,N,N,,MEDIUM,Good candidate for equality or IN pre-filter.
D1_COMM_IN_LOG,CHAR_TYPE_CD,CHAR,D1T388S2,1,NORMAL,VALID,VISIBLE,NO,NONUNIQUE,Y,Y,N,N,,MEDIUM,Good candidate for equality or IN pre-filter.
D1_COMM_IN_LOG,D1_COMM_ID,CHAR,D1T388P0,1,NORMAL,VALID,VISIBLE,NO,UNIQUE,Y,Y,N,N,,MEDIUM,Good candidate for equality or IN pre-filter.
D1_COMM_IN_LOG_PARM,D1_COMM_ID,CHAR,D1T389P0,1,NORMAL,VALID,VISIBLE,NO,UNIQUE,Y,Y,N,N,,MEDIUM,Good candidate for equality or IN pre-filter.
D1_COMM_IN_REL_OBJ,D1_COMM_ID,CHAR,D1T390P0,1,NORMAL,VALID,VISIBLE,NO,UNIQUE,Y,Y,N,N,,MEDIUM,Good candidate for equality or IN pre-filter.
D1_COMM_IN_REL_OBJ,PK_VALUE1,VARCHAR2,D1T390S0,1,NORMAL,VALID,VISIBLE,NO,NONUNIQUE,Y,Y,N,N,,MEDIUM,Good candidate for equality or IN pre-filter.
D1_COMM_OUT,D1_COMM_ID,CHAR,D1T380P0,1,NORMAL,VALID,VISIBLE,NO,UNIQUE,Y,Y,N,N,,MEDIUM,Good candidate for equality or IN pre-filter.
D1_COMM_OUT_CHAR,D1_COMM_ID,CHAR,D1T381P0,1,NORMAL,VALID,VISIBLE,NO,UNIQUE,Y,Y,N,N,,MEDIUM,Good candidate for equality or IN pre-filter.
D1_COMM_OUT_CHAR,SRCH_CHAR_VAL,VARCHAR2,D1T381S0,1,NORMAL,VALID,VISIBLE,NO,NONUNIQUE,Y,Y,N,N,,MEDIUM,Good candidate for equality or IN pre-filter.
D1_COMM_OUT_IDENTIFIER,D1_COMM_ID,CHAR,D1T385P0,1,NORMAL,VALID,VISIBLE,NO,UNIQUE,Y,Y,N,N,,MEDIUM,Good candidate for equality or IN pre-filter.
D1_COMM_OUT_IDENTIFIER,ID_VALUE,VARCHAR2,D1T385S0,1,NORMAL,VALID,VISIBLE,NO,NONUNIQUE,Y,Y,N,N,,MEDIUM,Good candidate for equality or IN pre-filter.
D1_COMM_OUT_IDENTIFIER,SYS_NC00005$,,D1T385S1,1,FUNCTION-BASED NORMAL,VALID,VISIBLE,NO,NONUNIQUE,Y,Y,N,N,,MEDIUM,Good candidate for equality or IN pre-filter.
D1_COMM_OUT_K,D1_COMM_ID,CHAR,D1T411P0,1,IOT - TOP,VALID,VISIBLE,NO,UNIQUE,Y,Y,N,N,,MEDIUM,Good candidate for equality or IN pre-filter.
D1_COMM_OUT_LOG,CHAR_TYPE_CD,CHAR,D1T382S1,1,NORMAL,VALID,VISIBLE,NO,NONUNIQUE,Y,Y,N,N,,MEDIUM,Good candidate for equality or IN pre-filter.
D1_COMM_OUT_LOG,CHAR_TYPE_CD,CHAR,D1T382S2,1,NORMAL,VALID,VISIBLE,NO,NONUNIQUE,Y,Y,N,N,,MEDIUM,Good candidate for equality or IN pre-filter.
D1_COMM_OUT_LOG,D1_COMM_ID,CHAR,D1T382P0,1,NORMAL,VALID,VISIBLE,NO,UNIQUE,Y,Y,N,N,,MEDIUM,Good candidate for equality or IN pre-filter.
D1_COMM_OUT_LOG_PARM,D1_COMM_ID,CHAR,D1T383P0,1,NORMAL,VALID,VISIBLE,NO,UNIQUE,Y,Y,N,N,,MEDIUM,Good candidate for equality or IN pre-filter.
D1_COMM_OUT_REL_OBJ,D1_COMM_ID,CHAR,D1T384P0,1,NORMAL,VALID,VISIBLE,NO,UNIQUE,Y,Y,N,N,,MEDIUM,Good candidate for equality or IN pre-filter.
D1_COMM_OUT_REL_OBJ,PK_VALUE1,VARCHAR2,D1T384S0,1,NORMAL,VALID,VISIBLE,NO,NONUNIQUE,Y,Y,N,N,,MEDIUM,Good candidate for equality or IN pre-filter.
D1_COMM_TYPE,COMM_TYPE_CD,VARCHAR2,D1C359P0,1,NORMAL,VALID,VISIBLE,NO,UNIQUE,Y,Y,N,N,,MEDIUM,Good candidate for equality or IN pre-filter.
D1_COMM_TYPE_CHAR,COMM_TYPE_CD,VARCHAR2,D1C361P0,1,NORMAL,VALID,VISIBLE,NO,UNIQUE,Y,Y,N,N,,MEDIUM,Good candidate for equality or IN pre-filter.
D1_COMM_TYPE_CHAR,SRCH_CHAR_VAL,VARCHAR2,D1C361S1,1,NORMAL,VALID,VISIBLE,NO,NONUNIQUE,Y,Y,N,N,,MEDIUM,Good candidate for equality or IN pre-filter.
D1_COMM_TYPE_L,COMM_TYPE_CD,VARCHAR2,D1C360P0,1,NORMAL,VALID,VISIBLE,NO,UNIQUE,Y,Y,N,N,,MEDIUM,Good candidate for equality or IN pre-filter.
D1_COMPL_EVT,COMPL_EVT_ID,CHAR,D1T340P0,1,NORMAL,VALID,VISIBLE,NO,UNIQUE,Y,Y,N,N,,MEDIUM,Good candidate for equality or IN pre-filter.
D1_COMPL_EVT,D1_ACTIVITY_ID,CHAR,D1T340S0,1,NORMAL,VALID,VISIBLE,NO,NONUNIQUE,Y,Y,N,N,,MEDIUM,Good candidate for equality or IN pre-filter.
D1_COMPL_EVT_CHAR,COMPL_EVT_ID,CHAR,D1T341P0,1,NORMAL,VALID,VISIBLE,NO,UNIQUE,Y,Y,N,N,,MEDIUM,Good candidate for equality or IN pre-filter.
D1_COMPL_EVT_CHAR,SRCH_CHAR_VAL,VARCHAR2,D1T341S1,1,NORMAL,VALID,VISIBLE,NO,NONUNIQUE,Y,Y,N,N,,MEDIUM,Good candidate for equality or IN pre-filter.
D1_COMPL_EVT_K,COMPL_EVT_ID,CHAR,D1T416P0,1,IOT - TOP,VALID,VISIBLE,NO,UNIQUE,Y,Y,N,N,,MEDIUM,Good candidate for equality or IN pre-filter.
D1_COMPL_EVT_LOG,CHAR_TYPE_CD,CHAR,D1T342S1,1,NORMAL,VALID,VISIBLE,NO,NONUNIQUE,Y,Y,N,N,,MEDIUM,Good candidate for equality or IN pre-filter.
D1_COMPL_EVT_LOG,CHAR_TYPE_CD,CHAR,D1T342S2,1,NORMAL,VALID,VISIBLE,NO,NONUNIQUE,Y,Y,N,N,,MEDIUM,Good candidate for equality or IN pre-filter.
D1_COMPL_EVT_LOG,COMPL_EVT_ID,CHAR,D1T342P0,1,NORMAL,VALID,VISIBLE,NO,UNIQUE,Y,Y,N,N,,MEDIUM,Good candidate for equality or IN pre-filter.
D1_COMPL_EVT_LOG_PARM,COMPL_EVT_ID,CHAR,D1T343P0,1,NORMAL,VALID,VISIBLE,NO,UNIQUE,Y,Y,N,N,,MEDIUM,Good candidate for equality or IN pre-filter.
D1_COMPL_EVT_REL_OBJ,COMPL_EVT_ID,CHAR,D1T344P0,1,NORMAL,VALID,VISIBLE,NO,UNIQUE,Y,Y,N,N,,MEDIUM,Good candidate for equality or IN pre-filter.
D1_COMPL_EVT_REL_OBJ,PK_VALUE1,VARCHAR2,D1T344S0,1,NORMAL,VALID,VISIBLE,NO,NONUNIQUE,Y,Y,N,N,,MEDIUM,Good candidate for equality or IN pre-filter.
D1_CONS_EXT_TYPE,CONS_EXT_TYPE_CD,VARCHAR2,D1C410P0,1,NORMAL,VALID,VISIBLE,NO,UNIQUE,Y,Y,N,N,,MEDIUM,Good candidate for equality or IN pre-filter.
D1_CONS_EXT_TYPE,HIST_CORR_BATCH_CTRL_CD,CHAR,D1C410S1,1,NORMAL,VALID,VISIBLE,NO,NONUNIQUE,Y,Y,N,N,,MEDIUM,Good candidate for equality or IN pre-filter.
D1_CONS_EXT_TYPE,INITIAL_LOAD_BATCH_CTRL_CD,CHAR,D1C410S0,1,NORMAL,VALID,VISIBLE,NO,NONUNIQUE,Y,Y,N,N,,MEDIUM,Good candidate for equality or IN pre-filter.
D1_CONS_EXT_TYPE_ALG,CONS_EXT_TYPE_CD,VARCHAR2,D1C414P0,1,NORMAL,VALID,VISIBLE,NO,UNIQUE,Y,Y,N,N,,MEDIUM,Good candidate for equality or IN pre-filter.
D1_CONS_EXT_TYPE_CHAR,CONS_EXT_TYPE_CD,VARCHAR2,D1C412P0,1,NORMAL,VALID,VISIBLE,NO,UNIQUE,Y,Y,N,N,,MEDIUM,Good candidate for equality or IN pre-filter.
D1_CONS_EXT_TYPE_CHAR,SRCH_CHAR_VAL,VARCHAR2,D1C412S1,1,NORMAL,VALID,VISIBLE,NO,NONUNIQUE,Y,Y,N,N,,MEDIUM,Good candidate for equality or IN pre-filter.
D1_CONS_EXT_TYPE_IRR_DATA_MAP,CONS_EXT_TYPE_CD,VARCHAR2,D1C617P0,1,NORMAL,VALID,VISIBLE,NO,UNIQUE,Y,Y,N,N,,MEDIUM,Good candidate for equality or IN pre-filter.
D1_CONS_EXT_TYPE_L,CONS_EXT_TYPE_CD,VARCHAR2,D1C411P0,1,NORMAL,VALID,VISIBLE,NO,UNIQUE,Y,Y,N,N,,MEDIUM,Good candidate for equality or IN pre-filter.
D1_CONS_EXT_TYPE_MDS_TYPE,CONS_EXT_TYPE_CD,VARCHAR2,D1C619P0,1,NORMAL,VALID,VISIBLE,NO,UNIQUE,Y,Y,N,N,,MEDIUM,Good candidate for equality or IN pre-filter.
D1_CONS_EXT_TYPE_SP_TYPE,CONS_EXT_TYPE_CD,VARCHAR2,D1C413P0,1,NORMAL,VALID,VISIBLE,NO,UNIQUE,Y,Y,N,N,,MEDIUM,Good candidate for equality or IN pre-filter.
D1_CONS_EXT_TYPE_SP_TYPE,D1_SP_TYPE_CD,VARCHAR2,D1C413S0,1,NORMAL,VALID,VISIBLE,NO,NONUNIQUE,Y,Y,N,N,,MEDIUM,Good candidate for equality or IN pre-filter.
D1_CONS_EXT_TYPE_US_TYPE,CONS_EXT_TYPE_CD,VARCHAR2,D1C618P0,1,NORMAL,VALID,VISIBLE,NO,UNIQUE,Y,Y,N,N,,MEDIUM,Good candidate for equality or IN pre-filter.
D1_CONTACT,CONTACT_ID,CHAR,D1C180P0,1,NORMAL,VALID,VISIBLE,NO,UNIQUE,Y,Y,N,N,,MEDIUM,Good candidate for equality or IN pre-filter.
D1_CONTACT_CHAR,CONTACT_ID,CHAR,D1C181P0,1,NORMAL,VALID,VISIBLE,NO,UNIQUE,Y,Y,N,N,,MEDIUM,Good candidate for equality or IN pre-filter.
D1_CONTACT_CHAR,SRCH_CHAR_VAL,VARCHAR2,D1C181S1,1,NORMAL,VALID,VISIBLE,NO,NONUNIQUE,Y,Y,N,N,,MEDIUM,Good candidate for equality or IN pre-filter.
D1_CONTACT_EMAIL,CONTACT_ID,CHAR,D1M185P0,1,NORMAL,VALID,VISIBLE,NO,UNIQUE,Y,Y,N,N,,MEDIUM,Good candidate for equality or IN pre-filter.
D1_CONTACT_IDENTIFIER,CONTACT_ID,CHAR,D1C183P0,1,NORMAL,VALID,VISIBLE,NO,UNIQUE,Y,Y,N,Y,customer_ops,MEDIUM,Good candidate for equality or IN pre-filter.
D1_CONTACT_IDENTIFIER,ID_VALUE,VARCHAR2,D1C183S0,1,NORMAL,VALID,VISIBLE,NO,NONUNIQUE,Y,Y,N,Y,customer_ops,MEDIUM,Good candidate for equality or IN pre-filter.
D1_CONTACT_IDENTIFIER,SYS_NC00005$,,D1C183S1,1,FUNCTION-BASED NORMAL,VALID,VISIBLE,NO,NONUNIQUE,Y,Y,N,Y,customer_ops,MEDIUM,Good candidate for equality or IN pre-filter.
D1_CONTACT_K,CONTACT_ID,CHAR,D1T288P0,1,IOT - TOP,VALID,VISIBLE,NO,UNIQUE,Y,Y,N,N,,MEDIUM,Good candidate for equality or IN pre-filter.
D1_CONTACT_NAME,CONTACT_ID,CHAR,D1C182P0,1,NORMAL,VALID,VISIBLE,NO,UNIQUE,Y,Y,N,N,,MEDIUM,Good candidate for equality or IN pre-filter.
D1_CONTACT_NAME,NAME_VALUE_UPPER,VARCHAR2,D1C182S0,1,NORMAL,VALID,VISIBLE,NO,NONUNIQUE,Y,Y,N,N,,MEDIUM,Good candidate for equality or IN pre-filter.
D1_CONTACT_PHONE,CONTACT_ID,CHAR,D1M184P0,1,NORMAL,VALID,VISIBLE,NO,UNIQUE,Y,Y,N,N,,MEDIUM,Good candidate for equality or IN pre-filter.
D1_CONTACT_TYPE,CONTACT_TYPE_CD,VARCHAR2,D1C186P0,1,NORMAL,VALID,VISIBLE,NO,UNIQUE,Y,Y,N,N,,MEDIUM,Good candidate for equality or IN pre-filter.
D1_CONTACT_TYPE_CHAR,CONTACT_TYPE_CD,VARCHAR2,D1C188P0,1,NORMAL,VALID,VISIBLE,NO,UNIQUE,Y,Y,N,N,,MEDIUM,Good candidate for equality or IN pre-filter.
D1_CONTACT_TYPE_CHAR,SRCH_CHAR_VAL,VARCHAR2,D1C188S1,1,NORMAL,VALID,VISIBLE,NO,NONUNIQUE,Y,Y,N,N,,MEDIUM,Good candidate for equality or IN pre-filter.
D1_CONTACT_TYPE_L,CONTACT_TYPE_CD,VARCHAR2,D1C187P0,1,NORMAL,VALID,VISIBLE,NO,UNIQUE,Y,Y,N,N,,MEDIUM,Good candidate for equality or IN pre-filter.
D1_DATA_SRC,DATA_SRC_CD,VARCHAR2,D1C463P0,1,NORMAL,VALID,VISIBLE,NO,UNIQUE,Y,Y,N,N,,MEDIUM,Good candidate for equality or IN pre-filter.
D1_DATA_SRC_CHAR,DATA_SRC_CD,VARCHAR2,D1C465P0,1,NORMAL,VALID,VISIBLE,NO,UNIQUE,Y,Y,N,N,,MEDIUM,Good candidate for equality or IN pre-filter.
D1_DATA_SRC_CHAR,SRCH_CHAR_VAL,VARCHAR2,D1C465S1,1,NORMAL,VALID,VISIBLE,NO,NONUNIQUE,Y,Y,N,N,,MEDIUM,Good candidate for equality or IN pre-filter.
D1_DATA_SRC_ITEM_TYPE,DATA_SRC_CD,VARCHAR2,D1C466P0,1,NORMAL,VALID,VISIBLE,NO,UNIQUE,Y,Y,N,N,,MEDIUM,Good candidate for equality or IN pre-filter.
D1_DATA_SRC_L,DATA_SRC_CD,VARCHAR2,D1C464P0,1,NORMAL,VALID,VISIBLE,NO,UNIQUE,Y,Y,N,N,,MEDIUM,Good candidate for equality or IN pre-filter.
D1_DATA_SRC_MC_SET,DATA_SRC_CD,VARCHAR2,D1C469P0,1,NORMAL,VALID,VISIBLE,NO,UNIQUE,Y,Y,N,N,,MEDIUM,Good candidate for equality or IN pre-filter.
D1_DATA_SRC_MC_TYPE,DATA_SRC_CD,VARCHAR2,D1C468P0,1,NORMAL,VALID,VISIBLE,NO,UNIQUE,Y,Y,N,N,,MEDIUM,Good candidate for equality or IN pre-filter.
D1_DATA_SRC_MSRMT_DATA_SNAP,DATA_SRC_CD,VARCHAR2,D1C572P0,1,NORMAL,VALID,VISIBLE,NO,UNIQUE,Y,Y,N,N,,MEDIUM,Good candidate for equality or IN pre-filter.
D1_DATA_SRC_SP_QTY,DATA_SRC_CD,VARCHAR2,D1C553P0,1,NORMAL,VALID,VISIBLE,NO,UNIQUE,Y,Y,N,N,,MEDIUM,Good candidate for equality or IN pre-filter.
D1_DATA_SRC_US_QTY,DATA_SRC_CD,VARCHAR2,D1C606P0,1,NORMAL,VALID,VISIBLE,NO,UNIQUE,Y,Y,N,N,,MEDIUM,Good candidate for equality or IN pre-filter.
D1_DATA_SRC_US_TYPE,DATA_SRC_CD,VARCHAR2,D1C467P0,1,NORMAL,VALID,VISIBLE,NO,UNIQUE,Y,Y,N,N,,MEDIUM,Good candidate for equality or IN pre-filter.
D1_DIVISION,DIVISION_CD,VARCHAR2,D1C584P0,1,NORMAL,VALID,VISIBLE,NO,UNIQUE,Y,Y,N,N,,MEDIUM,Good candidate for equality or IN pre-filter.
D1_DIVISION_CHAR,DIVISION_CD,VARCHAR2,D1C586P0,1,NORMAL,VALID,VISIBLE,NO,UNIQUE,Y,Y,N,N,,MEDIUM,Good candidate for equality or IN pre-filter.
D1_DIVISION_L,DIVISION_CD,VARCHAR2,D1C585P0,1,NORMAL,VALID,VISIBLE,NO,UNIQUE,Y,Y,N,N,,MEDIUM,Good candidate for equality or IN pre-filter.
D1_DVC,D1_DEVICE_ID,CHAR,D1M235P0,1,NORMAL,VALID,VISIBLE,NO,UNIQUE,Y,Y,N,Y,meter_ops,MEDIUM,Good candidate for equality or IN pre-filter.
D1_DVC_CFG,D1_DEVICE_ID,CHAR,D1M244S2,1,NORMAL,VALID,VISIBLE,NO,NONUNIQUE,Y,Y,N,Y,meter_ops,MEDIUM,Good candidate for equality or IN pre-filter.
D1_DVC_CFG,D1_DEVICE_ID,CHAR,D1M244S3,1,NORMAL,VALID,VISIBLE,NO,UNIQUE,Y,Y,N,Y,meter_ops,MEDIUM,Good candidate for equality or IN pre-filter.
D1_DVC_CFG,DEVICE_CONFIG_ID,CHAR,D1M244P0,1,NORMAL,VALID,VISIBLE,NO,UNIQUE,Y,Y,N,Y,meter_ops,MEDIUM,Good candidate for equality or IN pre-filter.
D1_DVC_CFG_CHAR,DEVICE_CONFIG_ID,CHAR,D1M245P0,1,NORMAL,VALID,VISIBLE,NO,UNIQUE,Y,Y,N,Y,meter_ops,MEDIUM,Good candidate for equality or IN pre-filter.
D1_DVC_CFG_CHAR,SRCH_CHAR_VAL,VARCHAR2,D1M245S1,1,NORMAL,VALID,VISIBLE,NO,NONUNIQUE,Y,Y,N,Y,meter_ops,MEDIUM,Good candidate for equality or IN pre-filter.
D1_DVC_CFG_K,DEVICE_CONFIG_ID,CHAR,D1T290P0,1,IOT - TOP,VALID,VISIBLE,NO,UNIQUE,Y,Y,N,N,,MEDIUM,Good candidate for equality or IN pre-filter.
D1_DVC_CFG_LOG,CHAR_TYPE_CD,CHAR,D1M246S1,1,NORMAL,VALID,VISIBLE,NO,NONUNIQUE,Y,Y,N,N,,MEDIUM,Good candidate for equality or IN pre-filter.
D1_DVC_CFG_LOG,CHAR_TYPE_CD,CHAR,D1M246S2,1,NORMAL,VALID,VISIBLE,NO,NONUNIQUE,Y,Y,N,N,,MEDIUM,Good candidate for equality or IN pre-filter.
D1_DVC_CFG_LOG,DEVICE_CONFIG_ID,CHAR,D1M246P0,1,NORMAL,VALID,VISIBLE,NO,UNIQUE,Y,Y,N,N,,MEDIUM,Good candidate for equality or IN pre-filter.
D1_DVC_CFG_LOG_PARM,DEVICE_CONFIG_ID,CHAR,D1M247P0,1,NORMAL,VALID,VISIBLE,NO,UNIQUE,Y,Y,N,N,,MEDIUM,Good candidate for equality or IN pre-filter.
D1_DVC_CFG_TYPE,DEVICE_CONFIG_TYPE_CD,VARCHAR2,D1C248P0,1,NORMAL,VALID,VISIBLE,NO,UNIQUE,Y,Y,N,N,,MEDIUM,Good candidate for equality or IN pre-filter.
D1_DVC_CFG_TYPE_CHAR,DEVICE_CONFIG_TYPE_CD,VARCHAR2,D1C251P0,1,NORMAL,VALID,VISIBLE,NO,UNIQUE,Y,Y,N,N,,MEDIUM,Good candidate for equality or IN pre-filter.
D1_DVC_CFG_TYPE_CHAR,SRCH_CHAR_VAL,VARCHAR2,D1C251S1,1,NORMAL,VALID,VISIBLE,NO,NONUNIQUE,Y,Y,N,N,,MEDIUM,Good candidate for equality or IN pre-filter.
D1_DVC_CFG_TYPE_L,DEVICE_CONFIG_TYPE_CD,VARCHAR2,D1C250P0,1,NORMAL,VALID,VISIBLE,NO,UNIQUE,Y,Y,N,N,,MEDIUM,Good candidate for equality or IN pre-filter.
D1_DVC_CFG_TYPE_MC_TYPE,DEVICE_CONFIG_TYPE_CD,VARCHAR2,D1C249P0,1,NORMAL,VALID,VISIBLE,NO,UNIQUE,Y,Y,N,N,,MEDIUM,Good candidate for equality or IN pre-filter.
D1_DVC_CHAR,D1_DEVICE_ID,CHAR,D1M237P0,1,NORMAL,VALID,VISIBLE,NO,UNIQUE,Y,Y,N,N,,MEDIUM,Good candidate for equality or IN pre-filter.
D1_DVC_CHAR,SRCH_CHAR_VAL,VARCHAR2,D1M237S1,1,NORMAL,VALID,VISIBLE,NO,NONUNIQUE,Y,Y,N,N,,MEDIUM,Good candidate for equality or IN pre-filter.
D1_DVC_EQPMNT,D1_DEVICE_ID,CHAR,D1M629P0,1,NORMAL,VALID,VISIBLE,NO,UNIQUE,Y,Y,N,N,,MEDIUM,Good candidate for equality or IN pre-filter.
D1_DVC_EQPMNT,D1_EQPMNT_ID,CHAR,D1M629S0,1,NORMAL,VALID,VISIBLE,NO,NONUNIQUE,Y,Y,N,N,,MEDIUM,Good candidate for equality or IN pre-filter.
D1_DVC_EVT,BUS_OBJ_CD,CHAR,D1T400S1,1,NORMAL,VALID,VISIBLE,NO,UNIQUE,Y,Y,N,Y,meter_ops,MEDIUM,Good candidate for equality or IN pre-filter.
D1_DVC_EVT,BUS_OBJ_CD,CHAR,D1T400S3,1,NORMAL,VALID,VISIBLE,NO,UNIQUE,Y,Y,N,Y,meter_ops,MEDIUM,Good candidate for equality or IN pre-filter.
D1_DVC_EVT,D1_DEVICE_ID,VARCHAR2,D1T400S2,1,NORMAL,VALID,VISIBLE,NO,NONUNIQUE,Y,Y,N,Y,meter_ops,MEDIUM,Good candidate for equality or IN pre-filter.
D1_DVC_EVT,DVC_EVT_ID,CHAR,D1T400P0,1,NORMAL,VALID,VISIBLE,NO,UNIQUE,Y,Y,N,Y,meter_ops,MEDIUM,Good candidate for equality or IN pre-filter.
D1_DVC_EVT_CHAR,DVC_EVT_ID,CHAR,D1T401P0,1,NORMAL,VALID,VISIBLE,NO,UNIQUE,Y,Y,N,N,,MEDIUM,Good candidate for equality or IN pre-filter.
D1_DVC_EVT_CHAR,SRCH_CHAR_VAL,VARCHAR2,D1T401S0,1,NORMAL,VALID,VISIBLE,NO,NONUNIQUE,Y,Y,N,N,,MEDIUM,Good candidate for equality or IN pre-filter.
D1_DVC_EVT_IDENTIFIER,DVC_EVT_ID,CHAR,D1T405P0,1,NORMAL,VALID,VISIBLE,NO,UNIQUE,Y,Y,N,N,,MEDIUM,Good candidate for equality or IN pre-filter.
D1_DVC_EVT_IDENTIFIER,ID_VALUE,VARCHAR2,D1T405S0,1,NORMAL,VALID,VISIBLE,NO,NONUNIQUE,Y,Y,N,N,,MEDIUM,Good candidate for equality or IN pre-filter.
D1_DVC_EVT_IDENTIFIER,SYS_NC00005$,,D1T405S1,1,FUNCTION-BASED NORMAL,VALID,VISIBLE,NO,NONUNIQUE,Y,Y,N,N,,MEDIUM,Good candidate for equality or IN pre-filter.
D1_DVC_EVT_K,DVC_EVT_ID,CHAR,D1T412P0,1,IOT - TOP,VALID,VISIBLE,NO,UNIQUE,Y,Y,N,N,,MEDIUM,Good candidate for equality or IN pre-filter.
D1_DVC_EVT_LOG,CHAR_TYPE_CD,CHAR,D1T402S1,1,NORMAL,VALID,VISIBLE,NO,NONUNIQUE,Y,Y,N,N,,MEDIUM,Good candidate for equality or IN pre-filter.
D1_DVC_EVT_LOG,CHAR_TYPE_CD,CHAR,D1T402S2,1,NORMAL,VALID,VISIBLE,NO,NONUNIQUE,Y,Y,N,N,,MEDIUM,Good candidate for equality or IN pre-filter.
D1_DVC_EVT_LOG,DVC_EVT_ID,CHAR,D1T402P0,1,NORMAL,VALID,VISIBLE,NO,UNIQUE,Y,Y,N,N,,MEDIUM,Good candidate for equality or IN pre-filter.
D1_DVC_EVT_LOG_PARM,DVC_EVT_ID,CHAR,D1T403P0,1,NORMAL,VALID,VISIBLE,NO,UNIQUE,Y,Y,N,N,,MEDIUM,Good candidate for equality or IN pre-filter.
D1_DVC_EVT_REL_OBJ,DVC_EVT_ID,CHAR,D1T404P0,1,NORMAL,VALID,VISIBLE,NO,UNIQUE,Y,Y,N,N,,MEDIUM,Good candidate for equality or IN pre-filter.
D1_DVC_EVT_REL_OBJ,PK_VALUE1,VARCHAR2,D1T404S0,1,NORMAL,VALID,VISIBLE,NO,NONUNIQUE,Y,Y,N,N,,MEDIUM,Good candidate for equality or IN pre-filter.
D1_DVC_EVT_TYPE,DVC_EVT_TYPE_CD,VARCHAR2,D1C406P0,1,NORMAL,VALID,VISIBLE,NO,UNIQUE,Y,Y,N,N,,MEDIUM,Good candidate for equality or IN pre-filter.
D1_DVC_EVT_TYPE_CHAR,DVC_EVT_TYPE_CD,VARCHAR2,D1C408P0,1,NORMAL,VALID,VISIBLE,NO,UNIQUE,Y,Y,N,N,,MEDIUM,Good candidate for equality or IN pre-filter.
D1_DVC_EVT_TYPE_CHAR,SRCH_CHAR_VAL,VARCHAR2,D1C408S1,1,NORMAL,VALID,VISIBLE,NO,NONUNIQUE,Y,Y,N,N,,MEDIUM,Good candidate for equality or IN pre-filter.
D1_DVC_EVT_TYPE_L,DVC_EVT_TYPE_CD,VARCHAR2,D1C407P0,1,NORMAL,VALID,VISIBLE,NO,UNIQUE,Y,Y,N,N,,MEDIUM,Good candidate for equality or IN pre-filter.
D1_DVC_IDENTIFIER,D1_DEVICE_ID,CHAR,D1M236P0,1,NORMAL,VALID,VISIBLE,NO,UNIQUE,Y,Y,N,Y,meter_ops,MEDIUM,Good candidate for equality or IN pre-filter.
D1_DVC_IDENTIFIER,ID_VALUE,VARCHAR2,D1M236S0,1,NORMAL,VALID,VISIBLE,NO,NONUNIQUE,Y,Y,N,Y,meter_ops,MEDIUM,Good candidate for equality or IN pre-filter.
D1_DVC_IDENTIFIER,SYS_NC00005$,,D1M236S1,1,FUNCTION-BASED NORMAL,VALID,VISIBLE,NO,NONUNIQUE,Y,Y,N,Y,meter_ops,MEDIUM,Good candidate for equality or IN pre-filter.
D1_DVC_K,D1_DEVICE_ID,CHAR,D1T289P0,1,IOT - TOP,VALID,VISIBLE,NO,UNIQUE,Y,Y,N,N,,MEDIUM,Good candidate for equality or IN pre-filter.
D1_DVC_LOG,CHAR_TYPE_CD,CHAR,D1M267S1,1,NORMAL,VALID,VISIBLE,NO,NONUNIQUE,Y,Y,N,N,,MEDIUM,Good candidate for equality or IN pre-filter.
D1_DVC_LOG,CHAR_TYPE_CD,CHAR,D1M267S2,1,NORMAL,VALID,VISIBLE,NO,NONUNIQUE,Y,Y,N,N,,MEDIUM,Good candidate for equality or IN pre-filter.
D1_DVC_LOG,D1_DEVICE_ID,CHAR,D1M267P0,1,NORMAL,VALID,VISIBLE,NO,UNIQUE,Y,Y,N,N,,MEDIUM,Good candidate for equality or IN pre-filter.
D1_DVC_LOG_PARM,D1_DEVICE_ID,CHAR,D1M238P0,1,NORMAL,VALID,VISIBLE,NO,UNIQUE,Y,Y,N,N,,MEDIUM,Good candidate for equality or IN pre-filter.
D1_DVC_TYPE,D1_SVC_TYPE_CD,VARCHAR2,D1C239S1,1,NORMAL,VALID,VISIBLE,NO,NONUNIQUE,Y,Y,N,N,,MEDIUM,Good candidate for equality or IN pre-filter.
D1_DVC_TYPE,DEVICE_TYPE_CD,VARCHAR2,D1C239P0,1,NORMAL,VALID,VISIBLE,NO,UNIQUE,Y,Y,N,N,,MEDIUM,Good candidate for equality or IN pre-filter.
D1_DVC_TYPE_CFG_TYPE,DEVICE_TYPE_CD,VARCHAR2,D1C240P0,1,NORMAL,VALID,VISIBLE,NO,UNIQUE,Y,Y,N,N,,MEDIUM,Good candidate for equality or IN pre-filter.
D1_DVC_TYPE_CHAR,DEVICE_TYPE_CD,VARCHAR2,D1C243P0,1,NORMAL,VALID,VISIBLE,NO,UNIQUE,Y,Y,N,N,,MEDIUM,Good candidate for equality or IN pre-filter.
D1_DVC_TYPE_CHAR,SRCH_CHAR_VAL,VARCHAR2,D1C243S1,1,NORMAL,VALID,VISIBLE,NO,NONUNIQUE,Y,Y,N,N,,MEDIUM,Good candidate for equality or IN pre-filter.
D1_DVC_TYPE_L,DEVICE_TYPE_CD,VARCHAR2,D1C242P0,1,NORMAL,VALID,VISIBLE,NO,UNIQUE,Y,Y,N,N,,MEDIUM,Good candidate for equality or IN pre-filter.
D1_DVC_TYPE_L,DEVICE_TYPE_CD,VARCHAR2,D1C242S0,1,NORMAL,VALID,VISIBLE,NO,NONUNIQUE,Y,Y,N,N,,MEDIUM,Good candidate for equality or IN pre-filter.
D1_DVC_TYPE_SPR,DEVICE_TYPE_CD,VARCHAR2,D1C241P0,1,NORMAL,VALID,VISIBLE,NO,UNIQUE,Y,Y,N,N,,MEDIUM,Good candidate for equality or IN pre-filter.
D1_DVC_TYPE_SQ,DEVICE_TYPE_CD,VARCHAR2,D1T429P0,1,NORMAL,VALID,VISIBLE,NO,UNIQUE,Y,Y,N,N,,MEDIUM,Good candidate for equality or IN pre-filter.
D1_DVC_TYPE_SQ_CHAR,DEVICE_TYPE_CD,VARCHAR2,D1T430P0,1,NORMAL,VALID,VISIBLE,NO,UNIQUE,Y,Y,N,N,,MEDIUM,Good candidate for equality or IN pre-filter.
D1_DVC_TYPE_VALID_DVC_CHAR,CHAR_TYPE_CD,CHAR,D1C634S1,1,NORMAL,VALID,VISIBLE,NO,NONUNIQUE,Y,Y,N,N,,MEDIUM,Good candidate for equality or IN pre-filter.
D1_DVC_TYPE_VALID_DVC_CHAR,DEVICE_TYPE_CD,VARCHAR2,D1C634P0,1,NORMAL,VALID,VISIBLE,NO,UNIQUE,Y,Y,N,N,,MEDIUM,Good candidate for equality or IN pre-filter.
D1_DYN_OPT,DYN_OPT_ID,CHAR,D1M230P0,1,NORMAL,VALID,VISIBLE,NO,UNIQUE,Y,Y,N,N,,MEDIUM,Good candidate for equality or IN pre-filter.
D1_DYN_OPT_CHAR,DYN_OPT_ID,CHAR,D1M232P0,1,NORMAL,VALID,VISIBLE,NO,UNIQUE,Y,Y,N,N,,MEDIUM,Good candidate for equality or IN pre-filter.
D1_DYN_OPT_CHAR,SRCH_CHAR_VAL,VARCHAR2,D1M232S1,1,NORMAL,VALID,VISIBLE,NO,NONUNIQUE,Y,Y,N,N,,MEDIUM,Good candidate for equality or IN pre-filter.
D1_DYN_OPT_EVENT,DYN_OPT_EVENT_ID,CHAR,D1T230P0,1,NORMAL,VALID,VISIBLE,NO,UNIQUE,Y,Y,N,N,,MEDIUM,Good candidate for equality or IN pre-filter.
D1_DYN_OPT_EVENT_CHAR,DYN_OPT_EVENT_ID,CHAR,D1T231P0,1,NORMAL,VALID,VISIBLE,NO,UNIQUE,Y,Y,N,N,,MEDIUM,Good candidate for equality or IN pre-filter.
D1_DYN_OPT_EVENT_CHAR,SRCH_CHAR_VAL,VARCHAR2,D1T231S1,1,NORMAL,VALID,VISIBLE,NO,NONUNIQUE,Y,Y,N,N,,MEDIUM,Good candidate for equality or IN pre-filter.
D1_DYN_OPT_EVENT_K,DYN_OPT_EVENT_ID,CHAR,D1T297P0,1,IOT - TOP,VALID,VISIBLE,NO,UNIQUE,Y,Y,N,N,,MEDIUM,Good candidate for equality or IN pre-filter.
D1_DYN_OPT_EVENT_LOG,CHAR_TYPE_CD,CHAR,D1T232S1,1,NORMAL,VALID,VISIBLE,NO,NONUNIQUE,Y,Y,N,N,,MEDIUM,Good candidate for equality or IN pre-filter.
D1_DYN_OPT_EVENT_LOG,CHAR_TYPE_CD,CHAR,D1T232S2,1,NORMAL,VALID,VISIBLE,NO,NONUNIQUE,Y,Y,N,N,,MEDIUM,Good candidate for equality or IN pre-filter.
D1_DYN_OPT_EVENT_LOG,DYN_OPT_EVENT_ID,CHAR,D1T232P0,1,NORMAL,VALID,VISIBLE,NO,UNIQUE,Y,Y,N,N,,MEDIUM,Good candidate for equality or IN pre-filter.
D1_DYN_OPT_EVENT_LOG_PARM,DYN_OPT_EVENT_ID,CHAR,D1T233P0,1,NORMAL,VALID,VISIBLE,NO,UNIQUE,Y,Y,N,N,,MEDIUM,Good candidate for equality or IN pre-filter.
D1_DYN_OPT_K,DYN_OPT_ID,CHAR,D1T291P0,1,IOT - TOP,VALID,VISIBLE,NO,UNIQUE,Y,Y,N,N,,MEDIUM,Good candidate for equality or IN pre-filter.
D1_DYN_OPT_L,DYN_OPT_ID,CHAR,D1M231P0,1,NORMAL,VALID,VISIBLE,NO,UNIQUE,Y,Y,N,N,,MEDIUM,Good candidate for equality or IN pre-filter.
D1_DYN_OPT_LOG,CHAR_TYPE_CD,CHAR,D1M233S1,1,NORMAL,VALID,VISIBLE,NO,NONUNIQUE,Y,Y,N,N,,MEDIUM,Good candidate for equality or IN pre-filter.
D1_DYN_OPT_LOG,CHAR_TYPE_CD,CHAR,D1M233S2,1,NORMAL,VALID,VISIBLE,NO,NONUNIQUE,Y,Y,N,N,,MEDIUM,Good candidate for equality or IN pre-filter.
D1_DYN_OPT_LOG,DYN_OPT_ID,CHAR,D1M233P0,1,NORMAL,VALID,VISIBLE,NO,UNIQUE,Y,Y,N,N,,MEDIUM,Good candidate for equality or IN pre-filter.
D1_DYN_OPT_LOG_PARM,DYN_OPT_ID,CHAR,D1M234P0,1,NORMAL,VALID,VISIBLE,NO,UNIQUE,Y,Y,N,N,,MEDIUM,Good candidate for equality or IN pre-filter.
D1_DYN_OPT_TYPE,DYN_OPT_TYPE_CD,VARCHAR2,D1C230P0,1,NORMAL,VALID,VISIBLE,NO,UNIQUE,Y,Y,N,N,,MEDIUM,Good candidate for equality or IN pre-filter.
D1_DYN_OPT_TYPE_CHAR,DYN_OPT_TYPE_CD,VARCHAR2,D1C232P0,1,NORMAL,VALID,VISIBLE,NO,UNIQUE,Y,Y,N,N,,MEDIUM,Good candidate for equality or IN pre-filter.
D1_DYN_OPT_TYPE_CHAR,SRCH_CHAR_VAL,VARCHAR2,D1C232S1,1,NORMAL,VALID,VISIBLE,NO,NONUNIQUE,Y,Y,N,N,,MEDIUM,Good candidate for equality or IN pre-filter.
D1_DYN_OPT_TYPE_L,DYN_OPT_TYPE_CD,VARCHAR2,D1C231P0,1,NORMAL,VALID,VISIBLE,NO,UNIQUE,Y,Y,N,N,,MEDIUM,Good candidate for equality or IN pre-filter.
D1_EXCP_TYPE,EXCP_TYPE_CD,VARCHAR2,D1C311P0,1,NORMAL,VALID,VISIBLE,NO,UNIQUE,Y,Y,N,N,,MEDIUM,Good candidate for equality or IN pre-filter.
D1_EXCP_TYPE_CHAR,EXCP_TYPE_CD,VARCHAR2,D1C313P0,1,NORMAL,VALID,VISIBLE,NO,UNIQUE,Y,Y,N,N,,MEDIUM,Good candidate for equality or IN pre-filter.
D1_EXCP_TYPE_CHAR,SRCH_CHAR_VAL,VARCHAR2,D1C313S1,1,NORMAL,VALID,VISIBLE,NO,NONUNIQUE,Y,Y,N,N,,MEDIUM,Good candidate for equality or IN pre-filter.
D1_EXCP_TYPE_L,EXCP_TYPE_CD,VARCHAR2,D1C312P0,1,NORMAL,VALID,VISIBLE,NO,UNIQUE,Y,Y,N,N,,MEDIUM,Good candidate for equality or IN pre-filter.
D1_FACILITY,FACILITY_ID,CHAR,D1M422P0,1,NORMAL,VALID,VISIBLE,NO,UNIQUE,Y,Y,N,N,,MEDIUM,Good candidate for equality or IN pre-filter.
D1_FACILITY_CHAR,FACILITY_ID,CHAR,D1M424P0,1,NORMAL,VALID,VISIBLE,NO,UNIQUE,Y,Y,N,N,,MEDIUM,Good candidate for equality or IN pre-filter.
D1_FACILITY_IDENTIFIER,FACILITY_ID,CHAR,D1M423P0,1,NORMAL,VALID,VISIBLE,NO,UNIQUE,Y,Y,N,N,,MEDIUM,Good candidate for equality or IN pre-filter.
D1_FACILITY_K,FACILITY_ID,CHAR,D1T428P0,1,IOT - TOP,VALID,VISIBLE,NO,UNIQUE,Y,Y,N,N,,MEDIUM,Good candidate for equality or IN pre-filter.
D1_FACILITY_L,FACILITY_ID,CHAR,D1M425P0,1,NORMAL,VALID,VISIBLE,NO,UNIQUE,Y,Y,N,N,,MEDIUM,Good candidate for equality or IN pre-filter.
D1_FACILITY_LOG,FACILITY_ID,CHAR,D1M427P0,1,NORMAL,VALID,VISIBLE,NO,UNIQUE,Y,Y,N,N,,MEDIUM,Good candidate for equality or IN pre-filter.
D1_FACILITY_LOG_PARM,FACILITY_ID,CHAR,D1M428P0,1,NORMAL,VALID,VISIBLE,NO,UNIQUE,Y,Y,N,N,,MEDIUM,Good candidate for equality or IN pre-filter.
D1_FACILITY_SP,FACILITY_ID,CHAR,D1T633P0,1,NORMAL,VALID,VISIBLE,NO,UNIQUE,Y,Y,N,N,,MEDIUM,Good candidate for equality or IN pre-filter.
D1_FACTOR,FACTOR_CD,VARCHAR2,D1C223P0,1,NORMAL,VALID,VISIBLE,NO,UNIQUE,Y,Y,N,N,,MEDIUM,Good candidate for equality or IN pre-filter.
D1_FACTOR_CHAR,FACTOR_CD,VARCHAR2,D1C226P0,1,NORMAL,VALID,VISIBLE,NO,UNIQUE,Y,Y,N,N,,MEDIUM,Good candidate for equality or IN pre-filter.
D1_FACTOR_CHAR,SRCH_CHAR_VAL,VARCHAR2,D1C226S1,1,NORMAL,VALID,VISIBLE,NO,NONUNIQUE,Y,Y,N,N,,MEDIUM,Good candidate for equality or IN pre-filter.
D1_FACTOR_CHAR_VALUE,FACTOR_CD,VARCHAR2,D1C225P0,1,NORMAL,VALID,VISIBLE,NO,UNIQUE,Y,Y,N,N,,MEDIUM,Good candidate for equality or IN pre-filter.
D1_FACTOR_L,FACTOR_CD,VARCHAR2,D1C224P0,1,NORMAL,VALID,VISIBLE,NO,UNIQUE,Y,Y,N,N,,MEDIUM,Good candidate for equality or IN pre-filter.
D1_FACTOR_VALUE,FACTOR_CD,VARCHAR2,D1C227P0,1,NORMAL,VALID,VISIBLE,NO,UNIQUE,Y,Y,N,N,,MEDIUM,Good candidate for equality or IN pre-filter.
D1_FACTOR_VALUE_CHAR,FACTOR_CD,VARCHAR2,D1C228P0,1,NORMAL,VALID,VISIBLE,NO,UNIQUE,Y,Y,N,N,,MEDIUM,Good candidate for equality or IN pre-filter.
D1_FACTOR_VALUE_CHAR,SRCH_CHAR_VAL,VARCHAR2,D1C228S1,1,NORMAL,VALID,VISIBLE,NO,NONUNIQUE,Y,Y,N,N,,MEDIUM,Good candidate for equality or IN pre-filter.
D1_GTT1,MEASR_COMP_ID,CHAR,D1T413P0,1,NORMAL,VALID,VISIBLE,NO,UNIQUE,Y,Y,N,N,,MEDIUM,Good candidate for equality or IN pre-filter.
D1_GTT10,US_ID,CHAR,D1T605P0,1,NORMAL,VALID,VISIBLE,NO,UNIQUE,Y,Y,N,N,,MEDIUM,Good candidate for equality or IN pre-filter.
D1_GTT2,MEASR_COMP_ID,CHAR,D1T414P0,1,NORMAL,VALID,VISIBLE,NO,UNIQUE,Y,Y,N,N,,MEDIUM,Good candidate for equality or IN pre-filter.
D1_GTT3,MAINT_OBJ_CD,CHAR,D1T406S0,1,NORMAL,VALID,VISIBLE,NO,UNIQUE,Y,Y,N,N,,MEDIUM,Good candidate for equality or IN pre-filter.
D1_GTT4,MAINT_OBJ_CD,CHAR,D1T407S0,1,NORMAL,VALID,VISIBLE,NO,UNIQUE,Y,Y,N,N,,MEDIUM,Good candidate for equality or IN pre-filter.
D1_GTT5,US_ID,CHAR,D1T526P0,1,NORMAL,VALID,VISIBLE,NO,UNIQUE,Y,Y,N,N,,MEDIUM,Good candidate for equality or IN pre-filter.
D1_GTT6,US_ID,CHAR,D1T534P0,1,NORMAL,VALID,VISIBLE,NO,UNIQUE,Y,Y,N,N,,MEDIUM,Good candidate for equality or IN pre-filter.
D1_GTT7,D1_SP_ID,CHAR,D1T554S0,1,NORMAL,VALID,VISIBLE,NO,UNIQUE,Y,Y,N,N,,MEDIUM,Good candidate for equality or IN pre-filter.
D1_GTT8,D1_SP_ID,CHAR,D1T555S0,1,NORMAL,VALID,VISIBLE,NO,UNIQUE,Y,Y,N,N,,MEDIUM,Good candidate for equality or IN pre-filter.
D1_GTT9,US_ID,CHAR,D1T604P0,1,NORMAL,VALID,VISIBLE,NO,UNIQUE,Y,Y,N,N,,MEDIUM,Good candidate for equality or IN pre-filter.
D1_IMD_CTRL,IMD_CTRL_DC_ID,CHAR,D1T418S1,1,NORMAL,VALID,VISIBLE,NO,NONUNIQUE,Y,Y,N,N,,MEDIUM,Good candidate for equality or IN pre-filter.
D1_IMD_CTRL,IMD_CTRL_MC_ID,CHAR,D1T418S2,1,NORMAL,VALID,VISIBLE,NO,NONUNIQUE,Y,Y,N,N,,MEDIUM,Good candidate for equality or IN pre-filter.
D1_IMD_CTRL,INIT_MSRMT_DATA_ID,CHAR,D1T418P0,1,NORMAL,VALID,VISIBLE,NO,UNIQUE,Y,Y,N,N,,MEDIUM,Good candidate for equality or IN pre-filter.
D1_IMD_CTRL_SEEDER,BUS_OBJ_CD,CHAR,D1T500S1,1,NORMAL,VALID,VISIBLE,NO,UNIQUE,Y,Y,N,N,,MEDIUM,Good candidate for equality or IN pre-filter.
D1_IMD_CTRL_SEEDER,INIT_MSRMT_DATA_ID,CHAR,D1T500P0,1,NORMAL,VALID,VISIBLE,NO,UNIQUE,Y,Y,N,N,,MEDIUM,Good candidate for equality or IN pre-filter.
D1_INIT_MSRMT_DATA,INIT_MSRMT_DATA_ID,CHAR,D1T304P0,1,NORMAL,VALID,VISIBLE,NO,UNIQUE,Y,Y,N,Y,meter_ops,MEDIUM,Good candidate for equality or IN pre-filter.
D1_INIT_MSRMT_DATA,MEASR_COMP_ID,CHAR,D1T304S1,1,NORMAL,VALID,VISIBLE,NO,NONUNIQUE,Y,Y,N,Y,meter_ops,MEDIUM,Good candidate for equality or IN pre-filter.
D1_INIT_MSRMT_DATA_CHAR,INIT_MSRMT_DATA_ID,CHAR,D1T305P0,1,NORMAL,VALID,VISIBLE,NO,UNIQUE,Y,Y,N,N,,MEDIUM,Good candidate for equality or IN pre-filter.
D1_INIT_MSRMT_DATA_CHAR,SRCH_CHAR_VAL,VARCHAR2,D1T305S1,1,NORMAL,VALID,VISIBLE,NO,NONUNIQUE,Y,Y,N,N,,MEDIUM,Good candidate for equality or IN pre-filter.
D1_INIT_MSRMT_DATA_K,INIT_MSRMT_DATA_ID,CHAR,D1T314P0,1,IOT - TOP,VALID,VISIBLE,NO,UNIQUE,Y,Y,N,N,,MEDIUM,Good candidate for equality or IN pre-filter.
D1_INIT_MSRMT_DATA_LOG,INIT_MSRMT_DATA_ID,CHAR,D1T306P0,1,NORMAL,VALID,VISIBLE,NO,UNIQUE,Y,Y,N,N,,MEDIUM,Good candidate for equality or IN pre-filter.
D1_INIT_MSRMT_DATA_LOG_PARM,INIT_MSRMT_DATA_ID,CHAR,D1T307P0,1,NORMAL,VALID,VISIBLE,NO,UNIQUE,Y,Y,N,N,,MEDIUM,Good candidate for equality or IN pre-filter.
D1_INIT_MSRMT_SNAP,INIT_MSRMT_SNAP_ID,CHAR,D1T622P0,1,NORMAL,VALID,VISIBLE,NO,UNIQUE,Y,Y,N,N,,MEDIUM,Good candidate for equality or IN pre-filter.
D1_INIT_MSRMT_SNAP_CHAR,INIT_MSRMT_SNAP_ID,CHAR,D1T624P0,1,NORMAL,VALID,VISIBLE,NO,UNIQUE,Y,Y,N,N,,MEDIUM,Good candidate for equality or IN pre-filter.
D1_INIT_MSRMT_SNAP_K,INIT_MSRMT_SNAP_ID,CHAR,D1T623P0,1,IOT - TOP,VALID,VISIBLE,NO,UNIQUE,Y,Y,N,N,,MEDIUM,Good candidate for equality or IN pre-filter.
D1_INIT_MSRMT_SNAP_LOG,INIT_MSRMT_SNAP_ID,CHAR,D1T625P0,1,NORMAL,VALID,VISIBLE,NO,UNIQUE,Y,Y,N,N,,MEDIUM,Good candidate for equality or IN pre-filter.
D1_INIT_MSRMT_SNAP_LOG_PARM,INIT_MSRMT_SNAP_ID,CHAR,D1T626P0,1,NORMAL,VALID,VISIBLE,NO,UNIQUE,Y,Y,N,N,,MEDIUM,Good candidate for equality or IN pre-filter.
D1_INSTALL_EVT,D1_SP_ID,CHAR,D1M107S2,1,NORMAL,VALID,VISIBLE,NO,UNIQUE,Y,Y,N,Y,meter_ops,MEDIUM,Good candidate for equality or IN pre-filter.
D1_INSTALL_EVT,DEVICE_CONFIG_ID,CHAR,D1M107S3,1,NORMAL,VALID,VISIBLE,NO,UNIQUE,Y,Y,N,Y,meter_ops,MEDIUM,Good candidate for equality or IN pre-filter.
D1_INSTALL_EVT,INSTALL_EVT_ID,CHAR,D1M107P0,1,NORMAL,VALID,VISIBLE,NO,UNIQUE,Y,Y,N,Y,meter_ops,MEDIUM,Good candidate for equality or IN pre-filter.
D1_INSTALL_EVT_CHAR,INSTALL_EVT_ID,CHAR,D1M108P0,1,NORMAL,VALID,VISIBLE,NO,UNIQUE,Y,Y,N,N,,MEDIUM,Good candidate for equality or IN pre-filter.
D1_INSTALL_EVT_CHAR,SRCH_CHAR_VAL,VARCHAR2,D1M108S1,1,NORMAL,VALID,VISIBLE,NO,NONUNIQUE,Y,Y,N,N,,MEDIUM,Good candidate for equality or IN pre-filter.
D1_INSTALL_EVT_K,INSTALL_EVT_ID,CHAR,D1T292P0,1,IOT - TOP,VALID,VISIBLE,NO,UNIQUE,Y,Y,N,N,,MEDIUM,Good candidate for equality or IN pre-filter.
D1_INSTALL_EVT_LOG,CHAR_TYPE_CD,CHAR,D1M109S1,1,NORMAL,VALID,VISIBLE,NO,NONUNIQUE,Y,Y,N,N,,MEDIUM,Good candidate for equality or IN pre-filter.
D1_INSTALL_EVT_LOG,CHAR_TYPE_CD,CHAR,D1M109S2,1,NORMAL,VALID,VISIBLE,NO,NONUNIQUE,Y,Y,N,N,,MEDIUM,Good candidate for equality or IN pre-filter.
D1_INSTALL_EVT_LOG,INSTALL_EVT_ID,CHAR,D1M109P0,1,NORMAL,VALID,VISIBLE,NO,UNIQUE,Y,Y,N,N,,MEDIUM,Good candidate for equality or IN pre-filter.
D1_INSTALL_EVT_LOG_PARM,INSTALL_EVT_ID,CHAR,D1M110P0,1,NORMAL,VALID,VISIBLE,NO,UNIQUE,Y,Y,N,N,,MEDIUM,Good candidate for equality or IN pre-filter.
D1_INT_SNAP_MAP,SEC_PER_INTRVL,NUMBER,D1T620P0,1,NORMAL,VALID,VISIBLE,NO,UNIQUE,Y,Y,N,N,,MEDIUM,Good candidate for equality or IN pre-filter.
D1_MANUFACTURER,MANUFACTURER_CD,VARCHAR2,D1C264P0,1,NORMAL,VALID,VISIBLE,NO,UNIQUE,Y,Y,N,N,,MEDIUM,Good candidate for equality or IN pre-filter.
D1_MANUFACTURER_L,MANUFACTURER_CD,VARCHAR2,D1C265P0,1,NORMAL,VALID,VISIBLE,NO,UNIQUE,Y,Y,N,N,,MEDIUM,Good candidate for equality or IN pre-filter.
D1_MC_COMPAR_PERIOD,COMPAR_PERIOD_ID,CHAR,D1M541P0,1,NORMAL,VALID,VISIBLE,NO,UNIQUE,Y,Y,N,N,,MEDIUM,Good candidate for equality or IN pre-filter.
D1_MC_COMPAR_PERIOD_LOG,COMPAR_PERIOD_ID,CHAR,D1M542P0,1,NORMAL,VALID,VISIBLE,NO,UNIQUE,Y,Y,N,N,,MEDIUM,Good candidate for equality or IN pre-filter.
D1_MC_COMPAR_TYPE,COMPAR_TYPE_CD,VARCHAR2,D1C538P0,1,NORMAL,VALID,VISIBLE,NO,UNIQUE,Y,Y,N,N,,MEDIUM,Good candidate for equality or IN pre-filter.
D1_MC_COMPAR_TYPE_L,COMPAR_TYPE_CD,VARCHAR2,D1C539P0,1,NORMAL,VALID,VISIBLE,NO,UNIQUE,Y,Y,N,N,,MEDIUM,Good candidate for equality or IN pre-filter.
D1_MC_COMPAR_TYPE_REL_OBJ,COMPAR_TYPE_CD,VARCHAR2,D1C540P0,1,NORMAL,VALID,VISIBLE,NO,UNIQUE,Y,Y,N,N,,MEDIUM,Good candidate for equality or IN pre-filter.
D1_MC_TYPE_VALUE_IDENTIFIER,MEASR_COMP_TYPE_CD,VARCHAR2,D1C258P0,1,NORMAL,VALID,VISIBLE,NO,UNIQUE,Y,Y,N,N,,MEDIUM,Good candidate for equality or IN pre-filter.
D1_MC_TYPE_VALUE_IDENTIFIER_L,MEASR_COMP_TYPE_CD,VARCHAR2,D1C259P0,1,NORMAL,VALID,VISIBLE,NO,UNIQUE,Y,Y,N,N,,MEDIUM,Good candidate for equality or IN pre-filter.
D1_MDSI,D1_MDSI_ID,CHAR,D1T565P0,1,NORMAL,VALID,VISIBLE,NO,UNIQUE,Y,Y,N,N,,MEDIUM,Good candidate for equality or IN pre-filter.
D1_MDSI_K,D1_MDSI_ID,CHAR,D1T627P0,1,IOT - TOP,VALID,VISIBLE,NO,UNIQUE,Y,Y,N,N,,MEDIUM,Good candidate for equality or IN pre-filter.
D1_MDSS,D1_MDSS_ID,CHAR,D1T594P0,1,NORMAL,VALID,VISIBLE,NO,UNIQUE,Y,Y,N,N,,MEDIUM,Good candidate for equality or IN pre-filter.
D1_MDSS_K,D1_MDSS_ID,CHAR,D1T628P0,1,IOT - TOP,VALID,VISIBLE,NO,UNIQUE,Y,Y,N,N,,MEDIUM,Good candidate for equality or IN pre-filter.
D1_MEASR_COMP,BO_STATUS_CD,CHAR,D1M252S1,1,NORMAL,VALID,VISIBLE,NO,UNIQUE,Y,Y,N,Y,meter_ops,MEDIUM,Good candidate for equality or IN pre-filter.
D1_MEASR_COMP,BUS_OBJ_CD,CHAR,D1M252S2,1,NORMAL,VALID,VISIBLE,NO,UNIQUE,Y,Y,N,Y,meter_ops,MEDIUM,Good candidate for equality or IN pre-filter.
D1_MEASR_COMP,DEVICE_CONFIG_ID,CHAR,D1M252S0,1,NORMAL,VALID,VISIBLE,NO,UNIQUE,Y,Y,N,Y,meter_ops,MEDIUM,Good candidate for equality or IN pre-filter.
D1_MEASR_COMP,MEASR_COMP_ID,CHAR,D1M252P0,1,NORMAL,VALID,VISIBLE,NO,UNIQUE,Y,Y,N,Y,meter_ops,MEDIUM,Good candidate for equality or IN pre-filter.
D1_MEASR_COMP_ATTRIBUTES,MEASR_COMP_ID,CHAR,D1M479P0,1,NORMAL,VALID,VISIBLE,NO,UNIQUE,Y,Y,N,N,,MEDIUM,Good candidate for equality or IN pre-filter.
D1_MEASR_COMP_CHAR,MEASR_COMP_ID,CHAR,D1M255P0,1,NORMAL,VALID,VISIBLE,NO,UNIQUE,Y,Y,N,N,,MEDIUM,Good candidate for equality or IN pre-filter.
D1_MEASR_COMP_CHAR,SRCH_CHAR_VAL,VARCHAR2,D1M255S1,1,NORMAL,VALID,VISIBLE,NO,NONUNIQUE,Y,Y,N,N,,MEDIUM,Good candidate for equality or IN pre-filter.
D1_MEASR_COMP_IDENTIFIER,ID_VALUE,VARCHAR2,D1M253S0,1,NORMAL,VALID,VISIBLE,NO,NONUNIQUE,Y,Y,N,N,,MEDIUM,Good candidate for equality or IN pre-filter.
D1_MEASR_COMP_IDENTIFIER,MEASR_COMP_ID,CHAR,D1M253P0,1,NORMAL,VALID,VISIBLE,NO,UNIQUE,Y,Y,N,N,,MEDIUM,Good candidate for equality or IN pre-filter.
D1_MEASR_COMP_IDENTIFIER,SYS_NC00005$,,D1M253S1,1,FUNCTION-BASED NORMAL,VALID,VISIBLE,NO,NONUNIQUE,Y,Y,N,N,,MEDIUM,Good candidate for equality or IN pre-filter.
D1_MEASR_COMP_K,MEASR_COMP_ID,CHAR,D1T293P0,1,IOT - TOP,VALID,VISIBLE,NO,UNIQUE,Y,Y,N,N,,MEDIUM,Good candidate for equality or IN pre-filter.
D1_MEASR_COMP_LOG,CHAR_TYPE_CD,CHAR,D1M256S1,1,NORMAL,VALID,VISIBLE,NO,NONUNIQUE,Y,Y,N,N,,MEDIUM,Good candidate for equality or IN pre-filter.
D1_MEASR_COMP_LOG,CHAR_TYPE_CD,CHAR,D1M256S2,1,NORMAL,VALID,VISIBLE,NO,NONUNIQUE,Y,Y,N,N,,MEDIUM,Good candidate for equality or IN pre-filter.
D1_MEASR_COMP_LOG,MEASR_COMP_ID,CHAR,D1M256P0,1,NORMAL,VALID,VISIBLE,NO,UNIQUE,Y,Y,N,N,,MEDIUM,Good candidate for equality or IN pre-filter.
D1_MEASR_COMP_LOG_PARM,MEASR_COMP_ID,CHAR,D1M268P0,1,NORMAL,VALID,VISIBLE,NO,UNIQUE,Y,Y,N,N,,MEDIUM,Good candidate for equality or IN pre-filter.
D1_MEASR_COMP_REL,MC_REL_TYPE_FLG,CHAR,D1M318S1,1,NORMAL,VALID,VISIBLE,NO,NONUNIQUE,Y,Y,N,N,,MEDIUM,Good candidate for equality or IN pre-filter.
D1_MEASR_COMP_REL,MEASR_COMP_ID,CHAR,D1M318P0,1,NORMAL,VALID,VISIBLE,NO,UNIQUE,Y,Y,N,N,,MEDIUM,Good candidate for equality or IN pre-filter.
D1_MEASR_COMP_REL,REL_MEASR_COMP_ID,CHAR,D1M318S0,1,NORMAL,VALID,VISIBLE,NO,NONUNIQUE,Y,Y,N,N,,MEDIUM,Good candidate for equality or IN pre-filter.
D1_MEASR_COMP_SET,MEASR_COMP_SET_CD,VARCHAR2,D1C470P0,1,NORMAL,VALID,VISIBLE,NO,UNIQUE,Y,Y,N,N,,MEDIUM,Good candidate for equality or IN pre-filter.
D1_MEASR_COMP_SET_CHAR,MEASR_COMP_SET_CD,VARCHAR2,D1C472P0,1,NORMAL,VALID,VISIBLE,NO,UNIQUE,Y,Y,N,N,,MEDIUM,Good candidate for equality or IN pre-filter.
D1_MEASR_COMP_SET_CHAR,SRCH_CHAR_VAL,VARCHAR2,D1C472S1,1,NORMAL,VALID,VISIBLE,NO,NONUNIQUE,Y,Y,N,N,,MEDIUM,Good candidate for equality or IN pre-filter.
D1_MEASR_COMP_SET_CRIT,MEASR_COMP_SET_CD,VARCHAR2,D1C476P0,1,NORMAL,VALID,VISIBLE,NO,UNIQUE,Y,Y,N,N,,MEDIUM,Good candidate for equality or IN pre-filter.
D1_MEASR_COMP_SET_DIMENSION,MEASR_COMP_SET_CD,VARCHAR2,D1C477P0,1,NORMAL,VALID,VISIBLE,NO,UNIQUE,Y,Y,N,N,,MEDIUM,Good candidate for equality or IN pre-filter.
D1_MEASR_COMP_SET_L,MEASR_COMP_SET_CD,VARCHAR2,D1C471P0,1,NORMAL,VALID,VISIBLE,NO,UNIQUE,Y,Y,N,N,,MEDIUM,Good candidate for equality or IN pre-filter.
D1_MEASR_COMP_SET_LOG,MEASR_COMP_SET_CD,VARCHAR2,D1C473P0,1,NORMAL,VALID,VISIBLE,NO,UNIQUE,Y,Y,N,N,,MEDIUM,Good candidate for equality or IN pre-filter.
D1_MEASR_COMP_SET_LOG_PARM,MEASR_COMP_SET_CD,VARCHAR2,D1C474P0,1,NORMAL,VALID,VISIBLE,NO,UNIQUE,Y,Y,N,N,,MEDIUM,Good candidate for equality or IN pre-filter.
D1_MEASR_COMP_SET_PARTICIPANT,MEASR_COMP_ID,CHAR,D1C478P0,1,NORMAL,VALID,VISIBLE,NO,UNIQUE,Y,Y,N,N,,MEDIUM,Good candidate for equality or IN pre-filter.
D1_MEASR_COMP_SET_REL,MEASR_COMP_SET_CD,VARCHAR2,D1C475P0,1,NORMAL,VALID,VISIBLE,NO,UNIQUE,Y,Y,N,N,,MEDIUM,Good candidate for equality or IN pre-filter.
D1_MEASR_COMP_TYPE,MEASR_COMP_TYPE_CD,VARCHAR2,D1C257P0,1,NORMAL,VALID,VISIBLE,NO,UNIQUE,Y,Y,N,N,,MEDIUM,Good candidate for equality or IN pre-filter.
D1_MEASR_COMP_TYPE_CHAR,MEASR_COMP_TYPE_CD,VARCHAR2,D1C263P0,1,NORMAL,VALID,VISIBLE,NO,UNIQUE,Y,Y,N,N,,MEDIUM,Good candidate for equality or IN pre-filter.
D1_MEASR_COMP_TYPE_CHAR,SRCH_CHAR_VAL,VARCHAR2,D1C263S1,1,NORMAL,VALID,VISIBLE,NO,NONUNIQUE,Y,Y,N,N,,MEDIUM,Good candidate for equality or IN pre-filter.
D1_MEASR_COMP_TYPE_L,MEASR_COMP_TYPE_CD,VARCHAR2,D1C262P0,1,NORMAL,VALID,VISIBLE,NO,UNIQUE,Y,Y,N,N,,MEDIUM,Good candidate for equality or IN pre-filter.
D1_MEASR_COMP_TYPE_VEE_GRP,MEASR_COMP_TYPE_CD,VARCHAR2,D1C260P0,1,NORMAL,VALID,VISIBLE,NO,UNIQUE,Y,Y,N,N,,MEDIUM,Good candidate for equality or IN pre-filter.
D1_MEASR_COMP_TYP_FBK_VEE_GRP,MEASR_COMP_TYPE_CD,VARCHAR2,D1C261P0,1,NORMAL,VALID,VISIBLE,NO,UNIQUE,Y,Y,N,N,,MEDIUM,Good candidate for equality or IN pre-filter.
D1_MEASR_COMP_VEE_GROUP,MEASR_COMP_ID,CHAR,D1M254P0,1,NORMAL,VALID,VISIBLE,NO,UNIQUE,Y,Y,N,N,,MEDIUM,Good candidate for equality or IN pre-filter.
D1_MKT,MKT_CD,VARCHAR2,D1C269P0,1,NORMAL,VALID,VISIBLE,NO,UNIQUE,Y,Y,N,N,,MEDIUM,Good candidate for equality or IN pre-filter.
D1_MKT_AWARD,MKT_AWARD_ID,CHAR,D1T511P0,1,NORMAL,VALID,VISIBLE,NO,UNIQUE,Y,Y,N,N,,MEDIUM,Good candidate for equality or IN pre-filter.
D1_MKT_AWARD_CHAR,MKT_AWARD_ID,CHAR,D1T515P0,1,NORMAL,VALID,VISIBLE,NO,UNIQUE,Y,Y,N,N,,MEDIUM,Good candidate for equality or IN pre-filter.
D1_MKT_AWARD_CONTRACT,MKT_AWARD_ID,CHAR,D1T512P0,1,NORMAL,VALID,VISIBLE,NO,UNIQUE,Y,Y,N,N,,MEDIUM,Good candidate for equality or IN pre-filter.
D1_MKT_AWARD_DT_CHAR,MKT_AWARD_ID,CHAR,D1T564P0,1,NORMAL,VALID,VISIBLE,NO,UNIQUE,Y,Y,N,N,,MEDIUM,Good candidate for equality or IN pre-filter.
D1_MKT_AWARD_IDENTIFIER,MKT_AWARD_ID,CHAR,D1T514P0,1,NORMAL,VALID,VISIBLE,NO,UNIQUE,Y,Y,N,N,,MEDIUM,Good candidate for equality or IN pre-filter.
D1_MKT_AWARD_K,MKT_AWARD_ID,CHAR,D1T513P0,1,IOT - TOP,VALID,VISIBLE,NO,UNIQUE,Y,Y,N,N,,MEDIUM,Good candidate for equality or IN pre-filter.
D1_MKT_AWARD_LOG,MKT_AWARD_ID,CHAR,D1T516P0,1,NORMAL,VALID,VISIBLE,NO,UNIQUE,Y,Y,N,N,,MEDIUM,Good candidate for equality or IN pre-filter.
D1_MKT_AWARD_LOG_PARM,MKT_AWARD_ID,CHAR,D1T517P0,1,NORMAL,VALID,VISIBLE,NO,UNIQUE,Y,Y,N,N,,MEDIUM,Good candidate for equality or IN pre-filter.
D1_MKT_CHAR,MKT_CD,VARCHAR2,D1C273P0,1,NORMAL,VALID,VISIBLE,NO,UNIQUE,Y,Y,N,N,,MEDIUM,Good candidate for equality or IN pre-filter.
D1_MKT_CHAR,SRCH_CHAR_VAL,VARCHAR2,D1C273S1,1,NORMAL,VALID,VISIBLE,NO,NONUNIQUE,Y,Y,N,N,,MEDIUM,Good candidate for equality or IN pre-filter.
D1_MKT_CONTRACT,MKT_CONTRACT_ID,CHAR,D1M489P0,1,NORMAL,VALID,VISIBLE,NO,UNIQUE,Y,Y,N,N,,MEDIUM,Good candidate for equality or IN pre-filter.
D1_MKT_CONTRACT_CHAR,MKT_CONTRACT_ID,CHAR,D1M492P0,1,NORMAL,VALID,VISIBLE,NO,UNIQUE,Y,Y,N,N,,MEDIUM,Good candidate for equality or IN pre-filter.
D1_MKT_CONTRACT_IDENTIFIER,MKT_CONTRACT_ID,CHAR,D1M491P0,1,NORMAL,VALID,VISIBLE,NO,UNIQUE,Y,Y,N,N,,MEDIUM,Good candidate for equality or IN pre-filter.
D1_MKT_CONTRACT_K,MKT_CONTRACT_ID,CHAR,D1M490P0,1,IOT - TOP,VALID,VISIBLE,NO,UNIQUE,Y,Y,N,N,,MEDIUM,Good candidate for equality or IN pre-filter.
D1_MKT_CONTRACT_LOG,MKT_CONTRACT_ID,CHAR,D1M493P0,1,NORMAL,VALID,VISIBLE,NO,UNIQUE,Y,Y,N,N,,MEDIUM,Good candidate for equality or IN pre-filter.
D1_MKT_CONTRACT_LOG_PARM,MKT_CONTRACT_ID,CHAR,D1M494P0,1,NORMAL,VALID,VISIBLE,NO,UNIQUE,Y,Y,N,N,,MEDIUM,Good candidate for equality or IN pre-filter.
D1_MKT_CONTRACT_TYPE,MKT_CONTRACT_TYPE_CD,VARCHAR2,D1C486P0,1,NORMAL,VALID,VISIBLE,NO,UNIQUE,Y,Y,N,N,,MEDIUM,Good candidate for equality or IN pre-filter.
D1_MKT_CONTRACT_TYPE_CHAR,MKT_CONTRACT_TYPE_CD,VARCHAR2,D1C488P0,1,NORMAL,VALID,VISIBLE,NO,UNIQUE,Y,Y,N,N,,MEDIUM,Good candidate for equality or IN pre-filter.
D1_MKT_CONTRACT_TYPE_L,MKT_CONTRACT_TYPE_CD,VARCHAR2,D1C487P0,1,NORMAL,VALID,VISIBLE,NO,UNIQUE,Y,Y,N,N,,MEDIUM,Good candidate for equality or IN pre-filter.
D1_MKT_FALLBACK_SPR,MKT_CD,VARCHAR2,D1C272P0,1,NORMAL,VALID,VISIBLE,NO,UNIQUE,Y,Y,N,N,,MEDIUM,Good candidate for equality or IN pre-filter.
D1_MKT_L,MKT_CD,VARCHAR2,D1C274P0,1,NORMAL,VALID,VISIBLE,NO,UNIQUE,Y,Y,N,N,,MEDIUM,Good candidate for equality or IN pre-filter.
D1_MKT_PRODUCT,MKT_PRODUCT_ID,CHAR,D1T518P0,1,NORMAL,VALID,VISIBLE,NO,UNIQUE,Y,Y,N,N,,MEDIUM,Good candidate for equality or IN pre-filter.
D1_MKT_PRODUCT_CHAR,MKT_PRODUCT_ID,CHAR,D1T523P0,1,NORMAL,VALID,VISIBLE,NO,UNIQUE,Y,Y,N,N,,MEDIUM,Good candidate for equality or IN pre-filter.
D1_MKT_PRODUCT_IDENTIFIER,MKT_PRODUCT_ID,CHAR,D1T522P0,1,NORMAL,VALID,VISIBLE,NO,UNIQUE,Y,Y,N,N,,MEDIUM,Good candidate for equality or IN pre-filter.
D1_MKT_PRODUCT_K,MKT_PRODUCT_ID,CHAR,D1T521P0,1,IOT - TOP,VALID,VISIBLE,NO,UNIQUE,Y,Y,N,N,,MEDIUM,Good candidate for equality or IN pre-filter.
D1_MKT_PRODUCT_L,MKT_PRODUCT_ID,CHAR,D1T520P0,1,NORMAL,VALID,VISIBLE,NO,UNIQUE,Y,Y,N,N,,MEDIUM,Good candidate for equality or IN pre-filter.
D1_MKT_PRODUCT_LOG,MKT_PRODUCT_ID,CHAR,D1T524P0,1,NORMAL,VALID,VISIBLE,NO,UNIQUE,Y,Y,N,N,,MEDIUM,Good candidate for equality or IN pre-filter.
D1_MKT_PRODUCT_LOG_PARM,MKT_PRODUCT_ID,CHAR,D1T525P0,1,NORMAL,VALID,VISIBLE,NO,UNIQUE,Y,Y,N,N,,MEDIUM,Good candidate for equality or IN pre-filter.
D1_MKT_PRODUCT_SET,MKT_PRODUCT_SET_CD,VARCHAR2,D1C508P0,1,NORMAL,VALID,VISIBLE,NO,UNIQUE,Y,Y,N,N,,MEDIUM,Good candidate for equality or IN pre-filter.
D1_MKT_PRODUCT_SET_CHAR,MKT_PRODUCT_SET_CD,VARCHAR2,D1C510P0,1,NORMAL,VALID,VISIBLE,NO,UNIQUE,Y,Y,N,N,,MEDIUM,Good candidate for equality or IN pre-filter.
D1_MKT_PRODUCT_SET_L,MKT_PRODUCT_SET_CD,VARCHAR2,D1C509P0,1,NORMAL,VALID,VISIBLE,NO,UNIQUE,Y,Y,N,N,,MEDIUM,Good candidate for equality or IN pre-filter.
D1_MKT_PRODUCT_TYPE,MKT_PRODUCT_TYPE_CD,VARCHAR2,D1C505P0,1,NORMAL,VALID,VISIBLE,NO,UNIQUE,Y,Y,N,N,,MEDIUM,Good candidate for equality or IN pre-filter.
D1_MKT_PRODUCT_TYPE_CHAR,MKT_PRODUCT_TYPE_CD,VARCHAR2,D1C507P0,1,NORMAL,VALID,VISIBLE,NO,UNIQUE,Y,Y,N,N,,MEDIUM,Good candidate for equality or IN pre-filter.
D1_MKT_PRODUCT_TYPE_L,MKT_PRODUCT_TYPE_CD,VARCHAR2,D1C506P0,1,NORMAL,VALID,VISIBLE,NO,UNIQUE,Y,Y,N,N,,MEDIUM,Good candidate for equality or IN pre-filter.
D1_MKT_REL_TYPE,MKT_CD,VARCHAR2,D1C270P0,1,NORMAL,VALID,VISIBLE,NO,UNIQUE,Y,Y,N,N,,MEDIUM,Good candidate for equality or IN pre-filter.
D1_MKT_RP,D1_MKT_RP_ID,CHAR,D1M608P0,1,NORMAL,VALID,VISIBLE,NO,UNIQUE,Y,Y,N,N,,MEDIUM,Good candidate for equality or IN pre-filter.
D1_MKT_RP_ATTR,D1_MKT_RP_ID,CHAR,D1M612P0,1,NORMAL,VALID,VISIBLE,NO,UNIQUE,Y,Y,N,N,,MEDIUM,Good candidate for equality or IN pre-filter.
D1_MKT_RP_CHAR,D1_MKT_RP_ID,CHAR,D1M611P0,1,NORMAL,VALID,VISIBLE,NO,UNIQUE,Y,Y,N,N,,MEDIUM,Good candidate for equality or IN pre-filter.
D1_MKT_RP_IDENTIFIER,D1_MKT_RP_ID,CHAR,D1M615P0,1,NORMAL,VALID,VISIBLE,NO,UNIQUE,Y,Y,N,N,,MEDIUM,Good candidate for equality or IN pre-filter.
D1_MKT_RP_K,D1_MKT_RP_ID,CHAR,D1M616P0,1,IOT - TOP,VALID,VISIBLE,NO,UNIQUE,Y,Y,N,N,,MEDIUM,Good candidate for equality or IN pre-filter.
D1_MKT_RP_LOG,D1_MKT_RP_ID,CHAR,D1M609P0,1,NORMAL,VALID,VISIBLE,NO,UNIQUE,Y,Y,N,N,,MEDIUM,Good candidate for equality or IN pre-filter.
D1_MKT_RP_LOG_PARM,D1_MKT_RP_ID,CHAR,D1M610P0,1,NORMAL,VALID,VISIBLE,NO,UNIQUE,Y,Y,N,N,,MEDIUM,Good candidate for equality or IN pre-filter.
D1_MKT_RP_REL,D1_MKT_RP_ID,CHAR,D1M614P0,1,NORMAL,VALID,VISIBLE,NO,UNIQUE,Y,Y,N,N,,MEDIUM,Good candidate for equality or IN pre-filter.
D1_MKT_RP_REL_OBJ,D1_MKT_RP_ID,CHAR,D1M613P0,1,NORMAL,VALID,VISIBLE,NO,UNIQUE,Y,Y,N,N,,MEDIUM,Good candidate for equality or IN pre-filter.
D1_MKT_VALID_SPR,MKT_CD,VARCHAR2,D1C271P0,1,NORMAL,VALID,VISIBLE,NO,UNIQUE,Y,Y,N,N,,MEDIUM,Good candidate for equality or IN pre-filter.
D1_MODEL,D1_MODEL_CD,VARCHAR2,D1C266P0,1,NORMAL,VALID,VISIBLE,NO,UNIQUE,Y,Y,N,N,,MEDIUM,Good candidate for equality or IN pre-filter.
D1_MODEL_L,D1_MODEL_CD,VARCHAR2,D1C267P0,1,NORMAL,VALID,VISIBLE,NO,UNIQUE,Y,Y,N,N,,MEDIUM,Good candidate for equality or IN pre-filter.
D1_MSRMT,MEASR_COMP_ID,CHAR,D1T298P0,1,NORMAL,VALID,VISIBLE,NO,UNIQUE,Y,Y,N,Y,meter_ops,MEDIUM,Good candidate for equality or IN pre-filter.
D1_MSRMT_CHAR,MEASR_COMP_ID,CHAR,D1T299P0,1,NORMAL,VALID,VISIBLE,NO,UNIQUE,Y,Y,N,N,,MEDIUM,Good candidate for equality or IN pre-filter.
D1_MSRMT_CHAR,SRCH_CHAR_VAL,VARCHAR2,D1T299S1,1,NORMAL,VALID,VISIBLE,NO,NONUNIQUE,Y,Y,N,N,,MEDIUM,Good candidate for equality or IN pre-filter.
D1_MSRMT_CYC,MSRMT_CYC_CD,VARCHAR2,D1C328P0,1,NORMAL,VALID,VISIBLE,NO,UNIQUE,Y,Y,N,N,,MEDIUM,Good candidate for equality or IN pre-filter.
D1_MSRMT_CYC_BILL_CYC,MSRMT_CYC_CD,VARCHAR2,D1T453P0,1,NORMAL,VALID,VISIBLE,NO,UNIQUE,Y,Y,N,N,,MEDIUM,Good candidate for equality or IN pre-filter.
D1_MSRMT_CYC_CHAR,MSRMT_CYC_CD,VARCHAR2,D1C331P0,1,NORMAL,VALID,VISIBLE,NO,UNIQUE,Y,Y,N,N,,MEDIUM,Good candidate for equality or IN pre-filter.
D1_MSRMT_CYC_CHAR,SRCH_CHAR_VAL,VARCHAR2,D1C331S1,1,NORMAL,VALID,VISIBLE,NO,NONUNIQUE,Y,Y,N,N,,MEDIUM,Good candidate for equality or IN pre-filter.
D1_MSRMT_CYC_L,MSRMT_CYC_CD,VARCHAR2,D1C330P0,1,NORMAL,VALID,VISIBLE,NO,UNIQUE,Y,Y,N,N,,MEDIUM,Good candidate for equality or IN pre-filter.
D1_MSRMT_CYC_MCR,MSRMT_CYC_CD,VARCHAR2,D1C329P0,1,NORMAL,VALID,VISIBLE,NO,UNIQUE,Y,Y,N,N,,MEDIUM,Good candidate for equality or IN pre-filter.
D1_MSRMT_CYC_RTE,MSRMT_CYC_CD,VARCHAR2,D1C332P0,1,NORMAL,VALID,VISIBLE,NO,UNIQUE,Y,Y,N,N,,MEDIUM,Good candidate for equality or IN pre-filter.
D1_MSRMT_CYC_RTE_CHAR,MSRMT_CYC_CD,VARCHAR2,D1C334P0,1,NORMAL,VALID,VISIBLE,NO,UNIQUE,Y,Y,N,N,,MEDIUM,Good candidate for equality or IN pre-filter.
D1_MSRMT_CYC_RTE_CHAR,SRCH_CHAR_VAL,VARCHAR2,D1C334S1,1,NORMAL,VALID,VISIBLE,NO,NONUNIQUE,Y,Y,N,N,,MEDIUM,Good candidate for equality or IN pre-filter.
D1_MSRMT_CYC_RTE_L,MSRMT_CYC_CD,VARCHAR2,D1C333P0,1,NORMAL,VALID,VISIBLE,NO,UNIQUE,Y,Y,N,N,,MEDIUM,Good candidate for equality or IN pre-filter.
D1_MSRMT_CYC_SCHED,MSRMT_CYC_CD,VARCHAR2,D1C335P0,1,NORMAL,VALID,VISIBLE,NO,UNIQUE,Y,Y,N,N,,MEDIUM,Good candidate for equality or IN pre-filter.
D1_MSRMT_CYC_SCHED_CHAR,MSRMT_CYC_CD,VARCHAR2,D1C336P0,1,NORMAL,VALID,VISIBLE,NO,UNIQUE,Y,Y,N,N,,MEDIUM,Good candidate for equality or IN pre-filter.
D1_MSRMT_CYC_SCHED_CHAR,SRCH_CHAR_VAL,VARCHAR2,D1C336S1,1,NORMAL,VALID,VISIBLE,NO,NONUNIQUE,Y,Y,N,N,,MEDIUM,Good candidate for equality or IN pre-filter.
D1_MSRMT_CYC_SCHED_RTE,MSRMT_CYC_CD,VARCHAR2,D1C337P0,1,NORMAL,VALID,VISIBLE,NO,UNIQUE,Y,Y,N,N,,MEDIUM,Good candidate for equality or IN pre-filter.
D1_MSRMT_DATA_SNAP_TYPE,MSRMT_DATA_SNAP_TYPE_CD,VARCHAR2,D1C573P0,1,NORMAL,VALID,VISIBLE,NO,UNIQUE,Y,Y,N,N,,MEDIUM,Good candidate for equality or IN pre-filter.
D1_MSRMT_DATA_SNAP_TYPE_CHAR,MSRMT_DATA_SNAP_TYPE_CD,VARCHAR2,D1C575P0,1,NORMAL,VALID,VISIBLE,NO,UNIQUE,Y,Y,N,N,,MEDIUM,Good candidate for equality or IN pre-filter.
D1_MSRMT_DATA_SNAP_TYPE_L,MSRMT_DATA_SNAP_TYPE_CD,VARCHAR2,D1C574P0,1,NORMAL,VALID,VISIBLE,NO,UNIQUE,Y,Y,N,N,,MEDIUM,Good candidate for equality or IN pre-filter.
D1_MSRMT_LOG,MEASR_COMP_ID,CHAR,D1T300P0,1,NORMAL,VALID,VISIBLE,NO,UNIQUE,Y,Y,N,Y,meter_ops,MEDIUM,Good candidate for equality or IN pre-filter.
D1_MSRMT_LOG_PARM,MEASR_COMP_ID,CHAR,D1T301P0,1,NORMAL,VALID,VISIBLE,NO,UNIQUE,Y,Y,N,N,,MEDIUM,Good candidate for equality or IN pre-filter.
D1_MULTI_VAR_FACTOR,MULTI_VAR_FACTOR_CD,VARCHAR2,D1C535P0,1,NORMAL,VALID,VISIBLE,NO,UNIQUE,Y,Y,N,N,,MEDIUM,Good candidate for equality or IN pre-filter.
D1_MULTI_VAR_FACTOR_L,MULTI_VAR_FACTOR_CD,VARCHAR2,D1C563P0,1,NORMAL,VALID,VISIBLE,NO,UNIQUE,Y,Y,N,N,,MEDIUM,Good candidate for equality or IN pre-filter.
D1_MULTI_VAR_FACTOR_VAL,SETT_UNIT_CD,VARCHAR2,D1C536P0,1,NORMAL,VALID,VISIBLE,NO,UNIQUE,Y,Y,N,N,,MEDIUM,Good candidate for equality or IN pre-filter.
D1_MULTI_VAR_FACTOR_VAL_CHAR,SETT_UNIT_CD,VARCHAR2,D1C537P0,1,NORMAL,VALID,VISIBLE,NO,UNIQUE,Y,Y,N,N,,MEDIUM,Good candidate for equality or IN pre-filter.
D1_NW_LOC,NETWORK_LOCATION_ID,CHAR,D1T421P0,1,NORMAL,VALID,VISIBLE,NO,UNIQUE,Y,Y,N,N,,MEDIUM,Good candidate for equality or IN pre-filter.
D1_NW_LOC_CHAR,NETWORK_LOCATION_ID,CHAR,D1T424P0,1,NORMAL,VALID,VISIBLE,NO,UNIQUE,Y,Y,N,N,,MEDIUM,Good candidate for equality or IN pre-filter.
D1_NW_LOC_IDENTIFIER,NETWORK_LOCATION_ID,CHAR,D1T422P0,1,NORMAL,VALID,VISIBLE,NO,UNIQUE,Y,Y,N,N,,MEDIUM,Good candidate for equality or IN pre-filter.
D1_NW_LOC_K,NETWORK_LOCATION_ID,CHAR,D1T427P0,1,IOT - TOP,VALID,VISIBLE,NO,UNIQUE,Y,Y,N,N,,MEDIUM,Good candidate for equality or IN pre-filter.
D1_NW_LOC_LOG,NETWORK_LOCATION_ID,CHAR,D1T425P0,1,NORMAL,VALID,VISIBLE,NO,UNIQUE,Y,Y,N,N,,MEDIUM,Good candidate for equality or IN pre-filter.
D1_NW_LOC_LOG_PARM,NETWORK_LOCATION_ID,CHAR,D1T426P0,1,NORMAL,VALID,VISIBLE,NO,UNIQUE,Y,Y,N,N,,MEDIUM,Good candidate for equality or IN pre-filter.
D1_NW_NODE,NETWORK_LOCATION_ID,CHAR,D1T423P0,1,NORMAL,VALID,VISIBLE,NO,UNIQUE,Y,Y,N,N,,MEDIUM,Good candidate for equality or IN pre-filter.
D1_ON_OFF_HIST,INSTALL_EVT_ID,CHAR,D1M111P0,1,NORMAL,VALID,VISIBLE,NO,UNIQUE,Y,Y,N,N,,MEDIUM,Good candidate for equality or IN pre-filter.
D1_PROC_MTHD,D1_SPR_CD,VARCHAR2,D1C278P0,1,NORMAL,VALID,VISIBLE,NO,UNIQUE,Y,Y,N,N,,MEDIUM,Good candidate for equality or IN pre-filter.
D1_PROC_MTHD_CHAR,D1_SPR_CD,VARCHAR2,D1C280P0,1,NORMAL,VALID,VISIBLE,NO,UNIQUE,Y,Y,N,N,,MEDIUM,Good candidate for equality or IN pre-filter.
D1_PROC_MTHD_CHAR,SRCH_CHAR_VAL,VARCHAR2,D1C280S1,1,NORMAL,VALID,VISIBLE,NO,NONUNIQUE,Y,Y,N,N,,MEDIUM,Good candidate for equality or IN pre-filter.
D1_PROC_MTHD_L,D1_SPR_CD,VARCHAR2,D1C279P0,1,NORMAL,VALID,VISIBLE,NO,UNIQUE,Y,Y,N,N,,MEDIUM,Good candidate for equality or IN pre-filter.
D1_PROC_TIMETABLE_TYPE,PROC_TIMETABLE_TYPE_CD,VARCHAR2,D1C503P0,1,NORMAL,VALID,VISIBLE,NO,UNIQUE,Y,Y,N,N,,MEDIUM,Good candidate for equality or IN pre-filter.
D1_PROC_TIMETABLE_TYPE_L,PROC_TIMETABLE_TYPE_CD,VARCHAR2,D1C504P0,1,NORMAL,VALID,VISIBLE,NO,UNIQUE,Y,Y,N,N,,MEDIUM,Good candidate for equality or IN pre-filter.
D1_REFERENCED_MKT_PRODUCT,PARENT_MKT_PRODUCT_ID,CHAR,D1T519P0,1,NORMAL,VALID,VISIBLE,NO,UNIQUE,Y,Y,N,N,,MEDIUM,Good candidate for equality or IN pre-filter.
D1_SETT_UNIT,SETT_UNIT_CD,VARCHAR2,D1C527P0,1,NORMAL,VALID,VISIBLE,NO,UNIQUE,Y,Y,N,N,,MEDIUM,Good candidate for equality or IN pre-filter.
D1_SETT_UNIT_CHAR,SETT_UNIT_CD,VARCHAR2,D1C529P0,1,NORMAL,VALID,VISIBLE,NO,UNIQUE,Y,Y,N,N,,MEDIUM,Good candidate for equality or IN pre-filter.
D1_SETT_UNIT_DIMENSION,SETT_UNIT_CD,VARCHAR2,D1C531P0,1,NORMAL,VALID,VISIBLE,NO,UNIQUE,Y,Y,N,N,,MEDIUM,Good candidate for equality or IN pre-filter.
D1_SETT_UNIT_DIM_COMB,SETT_UNIT_CD,VARCHAR2,D1C532P0,1,NORMAL,VALID,VISIBLE,NO,UNIQUE,Y,Y,N,N,,MEDIUM,Good candidate for equality or IN pre-filter.
D1_SETT_UNIT_DIM_VAL,SETT_UNIT_CD,VARCHAR2,D1C533P0,1,NORMAL,VALID,VISIBLE,NO,UNIQUE,Y,Y,N,N,,MEDIUM,Good candidate for equality or IN pre-filter.
D1_SETT_UNIT_L,SETT_UNIT_CD,VARCHAR2,D1C528P0,1,NORMAL,VALID,VISIBLE,NO,UNIQUE,Y,Y,N,N,,MEDIUM,Good candidate for equality or IN pre-filter.
D1_SNAPSHOT_DL_CTRL,SNAPSHOT_FACT_NAME_CD,VARCHAR2,D1T433P0,1,NORMAL,VALID,VISIBLE,NO,UNIQUE,Y,Y,N,N,,MEDIUM,Good candidate for equality or IN pre-filter.
D1_SP,ADDRESS1_UPPER,VARCHAR2,D1M100S11,1,NORMAL,VALID,VISIBLE,NO,NONUNIQUE,Y,Y,N,Y,meter_ops,MEDIUM,Good candidate for equality or IN pre-filter.
D1_SP,ADDRESS1_UPPER,VARCHAR2,D1M100S12,1,NORMAL,VALID,VISIBLE,NO,NONUNIQUE,Y,Y,N,Y,meter_ops,MEDIUM,Good candidate for equality or IN pre-filter.
D1_SP,D1_SP_ID,CHAR,D1M100P0,1,NORMAL,VALID,VISIBLE,NO,UNIQUE,Y,Y,N,Y,meter_ops,MEDIUM,Good candidate for equality or IN pre-filter.
D1_SP,MSRMT_CYC_CD,VARCHAR2,D1M100S13,1,NORMAL,VALID,VISIBLE,NO,UNIQUE,Y,Y,N,Y,meter_ops,MEDIUM,Good candidate for equality or IN pre-filter.
D1_SPR,D1_SPR_CD,VARCHAR2,D1C275P0,1,NORMAL,VALID,VISIBLE,NO,UNIQUE,Y,Y,N,N,,MEDIUM,Good candidate for equality or IN pre-filter.
D1_SPR_CHAR,D1_SPR_CD,VARCHAR2,D1C277P0,1,NORMAL,VALID,VISIBLE,NO,UNIQUE,Y,Y,N,N,,MEDIUM,Good candidate for equality or IN pre-filter.
D1_SPR_CHAR,SRCH_CHAR_VAL,VARCHAR2,D1C277S1,1,NORMAL,VALID,VISIBLE,NO,NONUNIQUE,Y,Y,N,N,,MEDIUM,Good candidate for equality or IN pre-filter.
D1_SPR_DT_CHAR,D1_SPR_CD,VARCHAR2,D1M496P0,1,NORMAL,VALID,VISIBLE,NO,UNIQUE,Y,Y,N,N,,MEDIUM,Good candidate for equality or IN pre-filter.
D1_SPR_L,D1_SPR_CD,VARCHAR2,D1C276P0,1,NORMAL,VALID,VISIBLE,NO,UNIQUE,Y,Y,N,N,,MEDIUM,Good candidate for equality or IN pre-filter.
D1_SP_CHAR,D1_SP_ID,CHAR,D1M101P0,1,NORMAL,VALID,VISIBLE,NO,UNIQUE,Y,Y,N,N,,MEDIUM,Good candidate for equality or IN pre-filter.
D1_SP_CHAR,SRCH_CHAR_VAL,VARCHAR2,D1M101S1,1,NORMAL,VALID,VISIBLE,NO,NONUNIQUE,Y,Y,N,N,,MEDIUM,Good candidate for equality or IN pre-filter.
D1_SP_CONTACT,CONTACT_ID,CHAR,D1M106S0,1,NORMAL,VALID,VISIBLE,NO,NONUNIQUE,Y,Y,N,N,,MEDIUM,Good candidate for equality or IN pre-filter.
D1_SP_CONTACT,D1_SP_ID,CHAR,D1M106P0,1,NORMAL,VALID,VISIBLE,NO,UNIQUE,Y,Y,N,N,,MEDIUM,Good candidate for equality or IN pre-filter.
D1_SP_EQPMNT,D1_SP_ID,CHAR,D1M621P0,1,NORMAL,VALID,VISIBLE,NO,UNIQUE,Y,Y,N,Y,meter_ops,MEDIUM,Good candidate for equality or IN pre-filter.
D1_SP_FACILITY,D1_SP_ID,CHAR,D1M426P0,1,NORMAL,VALID,VISIBLE,NO,UNIQUE,Y,Y,N,N,,MEDIUM,Good candidate for equality or IN pre-filter.
D1_SP_IDENTIFIER,D1_SP_ID,CHAR,D1M104P0,1,NORMAL,VALID,VISIBLE,NO,UNIQUE,Y,Y,N,Y,meter_ops,MEDIUM,Good candidate for equality or IN pre-filter.
D1_SP_IDENTIFIER,ID_VALUE,VARCHAR2,D1M104S0,1,NORMAL,VALID,VISIBLE,NO,NONUNIQUE,Y,Y,N,Y,meter_ops,MEDIUM,Good candidate for equality or IN pre-filter.
D1_SP_IDENTIFIER,SYS_NC00005$,,D1M104S1,1,FUNCTION-BASED NORMAL,VALID,VISIBLE,NO,NONUNIQUE,Y,Y,N,Y,meter_ops,MEDIUM,Good candidate for equality or IN pre-filter.
D1_SP_K,D1_SP_ID,CHAR,D1T294P0,1,IOT - TOP,VALID,VISIBLE,NO,UNIQUE,Y,Y,N,N,,MEDIUM,Good candidate for equality or IN pre-filter.
D1_SP_LOG,CHAR_TYPE_CD,CHAR,D1M102S1,1,NORMAL,VALID,VISIBLE,NO,NONUNIQUE,Y,Y,N,N,,MEDIUM,Good candidate for equality or IN pre-filter.
D1_SP_LOG,CHAR_TYPE_CD,CHAR,D1M102S2,1,NORMAL,VALID,VISIBLE,NO,NONUNIQUE,Y,Y,N,N,,MEDIUM,Good candidate for equality or IN pre-filter.
D1_SP_LOG,D1_SP_ID,CHAR,D1M102P0,1,NORMAL,VALID,VISIBLE,NO,UNIQUE,Y,Y,N,N,,MEDIUM,Good candidate for equality or IN pre-filter.
D1_SP_LOG_PARM,D1_SP_ID,CHAR,D1M103P0,1,NORMAL,VALID,VISIBLE,NO,UNIQUE,Y,Y,N,N,,MEDIUM,Good candidate for equality or IN pre-filter.
D1_SP_MKT_PARTICIPANT,D1_SP_ID,CHAR,D1M105P0,1,NORMAL,VALID,VISIBLE,NO,UNIQUE,Y,Y,N,N,,MEDIUM,Good candidate for equality or IN pre-filter.
D1_SP_MSRMT_CYC_SCHED_RTE,D1_SP_ID,CHAR,D1T417P0,1,NORMAL,VALID,VISIBLE,NO,UNIQUE,Y,Y,N,Y,meter_ops,MEDIUM,Good candidate for equality or IN pre-filter.
D1_SP_QTY,D1_SP_QTY_ID,CHAR,D1T549P0,1,NORMAL,VALID,VISIBLE,NO,UNIQUE,Y,Y,N,N,,MEDIUM,Good candidate for equality or IN pre-filter.
D1_SP_QTY_K,D1_SP_QTY_ID,CHAR,D1T552P0,1,IOT - TOP,VALID,VISIBLE,NO,UNIQUE,Y,Y,N,N,,MEDIUM,Good candidate for equality or IN pre-filter.
D1_SP_QTY_LOG,D1_SP_QTY_ID,CHAR,D1T550P0,1,NORMAL,VALID,VISIBLE,NO,UNIQUE,Y,Y,N,N,,MEDIUM,Good candidate for equality or IN pre-filter.
D1_SP_QTY_LOG_PARM,D1_SP_QTY_ID,CHAR,D1T551P0,1,NORMAL,VALID,VISIBLE,NO,UNIQUE,Y,Y,N,N,,MEDIUM,Good candidate for equality or IN pre-filter.
D1_SP_QTY_TYPE,D1_SP_QTY_TYPE_CD,VARCHAR2,D1C545P0,1,NORMAL,VALID,VISIBLE,NO,UNIQUE,Y,Y,N,N,,MEDIUM,Good candidate for equality or IN pre-filter.
D1_SP_QTY_TYPE_IDENTIFIER,D1_SP_QTY_TYPE_CD,VARCHAR2,D1C546P0,1,NORMAL,VALID,VISIBLE,NO,UNIQUE,Y,Y,N,N,,MEDIUM,Good candidate for equality or IN pre-filter.
D1_SP_QTY_TYPE_IDENTIFIER_L,D1_SP_QTY_TYPE_CD,VARCHAR2,D1C548P0,1,NORMAL,VALID,VISIBLE,NO,UNIQUE,Y,Y,N,N,,MEDIUM,Good candidate for equality or IN pre-filter.
D1_SP_QTY_TYPE_L,D1_SP_QTY_TYPE_CD,VARCHAR2,D1C547P0,1,NORMAL,VALID,VISIBLE,NO,UNIQUE,Y,Y,N,N,,MEDIUM,Good candidate for equality or IN pre-filter.
D1_SP_REL,D1_SP_ID,CHAR,D1M317P0,1,NORMAL,VALID,VISIBLE,NO,UNIQUE,Y,Y,N,N,,MEDIUM,Good candidate for equality or IN pre-filter.
D1_SP_REL,SP_REL_TYPE_FLG,CHAR,D1M317S1,1,NORMAL,VALID,VISIBLE,NO,UNIQUE,Y,Y,N,N,,MEDIUM,Good candidate for equality or IN pre-filter.
D1_SP_SNAP_DL,D1_SP_ID,CHAR,D1T434S0,1,NORMAL,VALID,VISIBLE,NO,UNIQUE,Y,Y,N,N,,MEDIUM,Good candidate for equality or IN pre-filter.
D1_SP_SNAP_DL,SP_SNAP_ID,CHAR,D1T434P0,1,NORMAL,VALID,VISIBLE,NO,UNIQUE,Y,Y,N,N,,MEDIUM,Good candidate for equality or IN pre-filter.
D1_SP_SNAP_DL_K,SP_SNAP_ID,CHAR,D1T435P0,1,IOT - TOP,VALID,VISIBLE,NO,UNIQUE,Y,Y,N,N,,MEDIUM,Good candidate for equality or IN pre-filter.
D1_SP_TYPE,D1_SP_TYPE_CD,VARCHAR2,D1C189P0,1,NORMAL,VALID,VISIBLE,NO,UNIQUE,Y,Y,N,N,,MEDIUM,Good candidate for equality or IN pre-filter.
D1_SP_TYPE_CHAR,D1_SP_TYPE_CD,VARCHAR2,D1C191P0,1,NORMAL,VALID,VISIBLE,NO,UNIQUE,Y,Y,N,N,,MEDIUM,Good candidate for equality or IN pre-filter.
D1_SP_TYPE_CHAR,SRCH_CHAR_VAL,VARCHAR2,D1C191S1,1,NORMAL,VALID,VISIBLE,NO,NONUNIQUE,Y,Y,N,N,,MEDIUM,Good candidate for equality or IN pre-filter.
D1_SP_TYPE_DEVICE_TYPE,D1_SP_TYPE_CD,VARCHAR2,D1C192P0,1,NORMAL,VALID,VISIBLE,NO,UNIQUE,Y,Y,N,N,,MEDIUM,Good candidate for equality or IN pre-filter.
D1_SP_TYPE_DISCONNECT_LOCATION,D1_SP_TYPE_CD,VARCHAR2,D1C637P0,1,NORMAL,VALID,VISIBLE,NO,UNIQUE,Y,Y,N,N,,MEDIUM,Good candidate for equality or IN pre-filter.
D1_SP_TYPE_DIV,D1_SP_TYPE_CD,VARCHAR2,D1C635P0,1,NORMAL,VALID,VISIBLE,NO,UNIQUE,Y,Y,N,N,,MEDIUM,Good candidate for equality or IN pre-filter.
D1_SP_TYPE_FIELD_TASK_TYPE,D1_SP_TYPE_CD,VARCHAR2,D1M630P0,1,NORMAL,VALID,VISIBLE,NO,UNIQUE,Y,Y,N,N,,MEDIUM,Good candidate for equality or IN pre-filter.
D1_SP_TYPE_L,D1_SP_TYPE_CD,VARCHAR2,D1C190P0,1,NORMAL,VALID,VISIBLE,NO,UNIQUE,Y,Y,N,N,,MEDIUM,Good candidate for equality or IN pre-filter.
D1_SP_UNR_USG_SNAP_DL,D1_SP_ID,CHAR,D1T438S0,1,NORMAL,VALID,VISIBLE,NO,UNIQUE,Y,Y,N,N,,MEDIUM,Good candidate for equality or IN pre-filter.
D1_SP_UNR_USG_SNAP_DL,SP_UNR_USG_SNAP_ID,CHAR,D1T438P0,1,NORMAL,VALID,VISIBLE,NO,UNIQUE,Y,Y,N,N,,MEDIUM,Good candidate for equality or IN pre-filter.
D1_SP_UNR_USG_SNAP_DL_K,SP_UNR_USG_SNAP_ID,CHAR,D1T439P0,1,IOT - TOP,VALID,VISIBLE,NO,UNIQUE,Y,Y,N,N,,MEDIUM,Good candidate for equality or IN pre-filter.
D1_SP_USG_SNAP_DL,D1_SP_ID,CHAR,D1T436S0,1,NORMAL,VALID,VISIBLE,NO,UNIQUE,Y,Y,N,N,,MEDIUM,Good candidate for equality or IN pre-filter.
D1_SP_USG_SNAP_DL,SP_USG_SNAP_ID,CHAR,D1T436P0,1,NORMAL,VALID,VISIBLE,NO,UNIQUE,Y,Y,N,N,,MEDIUM,Good candidate for equality or IN pre-filter.
D1_SP_USG_SNAP_DL_K,SP_USG_SNAP_ID,CHAR,D1T437P0,1,IOT - TOP,VALID,VISIBLE,NO,UNIQUE,Y,Y,N,N,,MEDIUM,Good candidate for equality or IN pre-filter.
D1_SP_VEE_EXCP_SNAP_DL,D1_SP_ID,CHAR,D1T440S0,1,NORMAL,VALID,VISIBLE,NO,UNIQUE,Y,Y,N,N,,MEDIUM,Good candidate for equality or IN pre-filter.
D1_SP_VEE_EXCP_SNAP_DL,SP_VEE_EXCP_SNAP_ID,CHAR,D1T440P0,1,NORMAL,VALID,VISIBLE,NO,UNIQUE,Y,Y,N,N,,MEDIUM,Good candidate for equality or IN pre-filter.
D1_SP_VEE_EXCP_SNAP_DL_K,SP_VEE_EXCP_SNAP_ID,CHAR,D1T441P0,1,IOT - TOP,VALID,VISIBLE,NO,UNIQUE,Y,Y,N,N,,MEDIUM,Good candidate for equality or IN pre-filter.
D1_SQI,D1_SQI_CD,VARCHAR2,D1C129P0,1,NORMAL,VALID,VISIBLE,NO,UNIQUE,Y,Y,N,N,,MEDIUM,Good candidate for equality or IN pre-filter.
D1_SQI_L,D1_SQI_CD,VARCHAR2,D1C130P0,1,NORMAL,VALID,VISIBLE,NO,UNIQUE,Y,Y,N,N,,MEDIUM,Good candidate for equality or IN pre-filter.
D1_STG_MSRMT,MEASR_COMP_ID,CHAR,D1T543P0,1,NORMAL,VALID,VISIBLE,NO,UNIQUE,Y,Y,N,N,,MEDIUM,Good candidate for equality or IN pre-filter.
D1_SVC_TYPE,D1_SVC_TYPE_CD,VARCHAR2,D1C123P0,1,NORMAL,VALID,VISIBLE,NO,UNIQUE,Y,Y,N,N,,MEDIUM,Good candidate for equality or IN pre-filter.
D1_SVC_TYPE_L,D1_SVC_TYPE_CD,VARCHAR2,D1C124P0,1,NORMAL,VALID,VISIBLE,NO,UNIQUE,Y,Y,N,N,,MEDIUM,Good candidate for equality or IN pre-filter.
D1_TOU,D1_TOU_CD,VARCHAR2,D1C127P0,1,NORMAL,VALID,VISIBLE,NO,UNIQUE,Y,Y,N,N,,MEDIUM,Good candidate for equality or IN pre-filter.
D1_TOU_GRP,D1_TOU_GRP_CD,VARCHAR2,D1C140P0,1,NORMAL,VALID,VISIBLE,NO,UNIQUE,Y,Y,N,N,,MEDIUM,Good candidate for equality or IN pre-filter.
D1_TOU_GRP_CHAR,D1_TOU_GRP_CD,VARCHAR2,D1C143P0,1,NORMAL,VALID,VISIBLE,NO,UNIQUE,Y,Y,N,N,,MEDIUM,Good candidate for equality or IN pre-filter.
D1_TOU_GRP_CHAR,SRCH_CHAR_VAL,VARCHAR2,D1C143S1,1,NORMAL,VALID,VISIBLE,NO,NONUNIQUE,Y,Y,N,N,,MEDIUM,Good candidate for equality or IN pre-filter.
D1_TOU_GRP_L,D1_TOU_GRP_CD,VARCHAR2,D1C141P0,1,NORMAL,VALID,VISIBLE,NO,UNIQUE,Y,Y,N,N,,MEDIUM,Good candidate for equality or IN pre-filter.
D1_TOU_GRP_TOU,D1_TOU_GRP_CD,VARCHAR2,D1C142P0,1,NORMAL,VALID,VISIBLE,NO,NONUNIQUE,Y,Y,N,N,,MEDIUM,Good candidate for equality or IN pre-filter.
D1_TOU_L,D1_TOU_CD,VARCHAR2,D1C128P0,1,NORMAL,VALID,VISIBLE,NO,UNIQUE,Y,Y,N,N,,MEDIUM,Good candidate for equality or IN pre-filter.
D1_TOU_MAP,D1_TOU_MAP_ID,CHAR,D1C160P0,1,NORMAL,VALID,VISIBLE,NO,UNIQUE,Y,Y,N,N,,MEDIUM,Good candidate for equality or IN pre-filter.
D1_TOU_MAP,D1_TOU_MAP_TYPE_CD,VARCHAR2,D1C160S3,1,NORMAL,VALID,VISIBLE,NO,NONUNIQUE,Y,Y,N,N,,MEDIUM,Good candidate for equality or IN pre-filter.
D1_TOU_MAP,TOU_MAP_TMPLT_CD,VARCHAR2,D1C160S4,1,NORMAL,VALID,VISIBLE,NO,NONUNIQUE,Y,Y,N,N,,MEDIUM,Good candidate for equality or IN pre-filter.
D1_TOU_MAP_CHAR,D1_TOU_MAP_ID,CHAR,D1C164P0,1,NORMAL,VALID,VISIBLE,NO,UNIQUE,Y,Y,N,N,,MEDIUM,Good candidate for equality or IN pre-filter.
D1_TOU_MAP_CHAR,SRCH_CHAR_VAL,VARCHAR2,D1C164S1,1,NORMAL,VALID,VISIBLE,NO,NONUNIQUE,Y,Y,N,N,,MEDIUM,Good candidate for equality or IN pre-filter.
D1_TOU_MAP_DATA,D1_TOU_MAP_ID,CHAR,D1T170P0,1,NORMAL,VALID,VISIBLE,NO,UNIQUE,Y,Y,N,N,,MEDIUM,Good candidate for equality or IN pre-filter.
D1_TOU_MAP_DATA_CHAR,D1_TOU_MAP_ID,CHAR,D1C171P0,1,NORMAL,VALID,VISIBLE,NO,UNIQUE,Y,Y,N,N,,MEDIUM,Good candidate for equality or IN pre-filter.
D1_TOU_MAP_DATA_CHAR,SRCH_CHAR_VAL,VARCHAR2,D1C171S1,1,NORMAL,VALID,VISIBLE,NO,NONUNIQUE,Y,Y,N,N,,MEDIUM,Good candidate for equality or IN pre-filter.
D1_TOU_MAP_DATA_TMP,D1_TOU_MAP_ID,CHAR,D1T329P0,1,NORMAL,VALID,VISIBLE,NO,UNIQUE,Y,Y,N,N,,MEDIUM,Good candidate for equality or IN pre-filter.
D1_TOU_MAP_DATA_TMP2,TOU_MAP_DATA_DTTM,DATE,D1T345P0,1,NORMAL,VALID,VISIBLE,NO,UNIQUE,Y,Y,Y,N,,HIGH,Primary candidate for mandatory rolling window pre-filter.
D1_TOU_MAP_DYN_OPT,D1_TOU_MAP_ID,CHAR,D1M162P0,1,NORMAL,VALID,VISIBLE,NO,UNIQUE,Y,Y,N,N,,MEDIUM,Good candidate for equality or IN pre-filter.
D1_TOU_MAP_DYN_OPT,DYN_TOU_MAP_ID,CHAR,D1M162S1,1,NORMAL,VALID,VISIBLE,NO,NONUNIQUE,Y,Y,N,N,,MEDIUM,Good candidate for equality or IN pre-filter.
D1_TOU_MAP_K,D1_TOU_MAP_ID,CHAR,D1T295P0,1,IOT - TOP,VALID,VISIBLE,NO,UNIQUE,Y,Y,N,N,,MEDIUM,Good candidate for equality or IN pre-filter.
D1_TOU_MAP_L,D1_TOU_MAP_ID,CHAR,D1C161P0,1,NORMAL,VALID,VISIBLE,NO,UNIQUE,Y,Y,N,N,,MEDIUM,Good candidate for equality or IN pre-filter.
D1_TOU_MAP_L,DESCR100,VARCHAR2,D1C161S1,1,NORMAL,VALID,VISIBLE,NO,NONUNIQUE,Y,Y,N,N,,MEDIUM,Good candidate for equality or IN pre-filter.
D1_TOU_MAP_LOG,CHAR_TYPE_CD,CHAR,D1C165S1,1,NORMAL,VALID,VISIBLE,NO,NONUNIQUE,Y,Y,N,N,,MEDIUM,Good candidate for equality or IN pre-filter.
D1_TOU_MAP_LOG,CHAR_TYPE_CD,CHAR,D1C165S2,1,NORMAL,VALID,VISIBLE,NO,NONUNIQUE,Y,Y,N,N,,MEDIUM,Good candidate for equality or IN pre-filter.
D1_TOU_MAP_LOG,D1_TOU_MAP_ID,CHAR,D1C165P0,1,NORMAL,VALID,VISIBLE,NO,UNIQUE,Y,Y,N,N,,MEDIUM,Good candidate for equality or IN pre-filter.
D1_TOU_MAP_LOG_PARM,D1_TOU_MAP_ID,CHAR,D1C163P0,1,NORMAL,VALID,VISIBLE,NO,UNIQUE,Y,Y,N,N,,MEDIUM,Good candidate for equality or IN pre-filter.
D1_TOU_MAP_TMPLT,D1_TOU_CD,VARCHAR2,D1C150S4,1,NORMAL,VALID,VISIBLE,NO,NONUNIQUE,Y,Y,N,N,,MEDIUM,Good candidate for equality or IN pre-filter.
D1_TOU_MAP_TMPLT,D1_TOU_GRP_CD,VARCHAR2,D1C150S2,1,NORMAL,VALID,VISIBLE,NO,NONUNIQUE,Y,Y,N,N,,MEDIUM,Good candidate for equality or IN pre-filter.
D1_TOU_MAP_TMPLT,TOU_MAP_TMPLT_CD,VARCHAR2,D1C150P0,1,NORMAL,VALID,VISIBLE,NO,UNIQUE,Y,Y,N,N,,MEDIUM,Good candidate for equality or IN pre-filter.
D1_TOU_MAP_TMPLT_CHAR,SRCH_CHAR_VAL,VARCHAR2,D1C152S1,1,NORMAL,VALID,VISIBLE,NO,NONUNIQUE,Y,Y,N,N,,MEDIUM,Good candidate for equality or IN pre-filter.
D1_TOU_MAP_TMPLT_CHAR,TOU_MAP_TMPLT_CD,VARCHAR2,D1C152P0,1,NORMAL,VALID,VISIBLE,NO,UNIQUE,Y,Y,N,N,,MEDIUM,Good candidate for equality or IN pre-filter.
D1_TOU_MAP_TMPLT_L,TOU_MAP_TMPLT_CD,VARCHAR2,D1C151P0,1,NORMAL,VALID,VISIBLE,NO,UNIQUE,Y,Y,N,N,,MEDIUM,Good candidate for equality or IN pre-filter.
D1_TOU_MAP_TYPE,D1_TOU_MAP_TYPE_CD,VARCHAR2,D1C153P0,1,NORMAL,VALID,VISIBLE,NO,UNIQUE,Y,Y,N,N,,MEDIUM,Good candidate for equality or IN pre-filter.
D1_TOU_MAP_TYPE,TOU_MAP_TMPLT_CD,VARCHAR2,D1C153S4,1,NORMAL,VALID,VISIBLE,NO,NONUNIQUE,Y,Y,N,N,,MEDIUM,Good candidate for equality or IN pre-filter.
D1_TOU_MAP_TYPE_CHAR,D1_TOU_MAP_TYPE_CD,VARCHAR2,D1C156P0,1,NORMAL,VALID,VISIBLE,NO,UNIQUE,Y,Y,N,N,,MEDIUM,Good candidate for equality or IN pre-filter.
D1_TOU_MAP_TYPE_CHAR,SRCH_CHAR_VAL,VARCHAR2,D1C156S1,1,NORMAL,VALID,VISIBLE,NO,NONUNIQUE,Y,Y,N,N,,MEDIUM,Good candidate for equality or IN pre-filter.
D1_TOU_MAP_TYPE_L,D1_TOU_MAP_TYPE_CD,VARCHAR2,D1C154P0,1,NORMAL,VALID,VISIBLE,NO,UNIQUE,Y,Y,N,N,,MEDIUM,Good candidate for equality or IN pre-filter.
D1_TOU_MAP_TYPE_TMPLT,D1_TOU_MAP_TYPE_CD,VARCHAR2,D1C155P0,1,NORMAL,VALID,VISIBLE,NO,UNIQUE,Y,Y,N,N,,MEDIUM,Good candidate for equality or IN pre-filter.
D1_UOM,D1_SVC_TYPE_CD,VARCHAR2,D1C125S1,1,NORMAL,VALID,VISIBLE,NO,NONUNIQUE,Y,Y,N,N,,MEDIUM,Good candidate for equality or IN pre-filter.
D1_UOM,D1_UOM_CD,VARCHAR2,D1C125P0,1,NORMAL,VALID,VISIBLE,NO,UNIQUE,Y,Y,N,N,,MEDIUM,Good candidate for equality or IN pre-filter.
D1_UOM_L,D1_UOM_CD,VARCHAR2,D1C126P0,1,NORMAL,VALID,VISIBLE,NO,UNIQUE,Y,Y,N,N,,MEDIUM,Good candidate for equality or IN pre-filter.
D1_US,US_ID,CHAR,D1M211P0,1,NORMAL,VALID,VISIBLE,NO,UNIQUE,Y,Y,N,Y,meter_ops,MEDIUM,Good candidate for equality or IN pre-filter.
D1_USAGE,BUS_OBJ_CD,CHAR,D1T281S1,1,NORMAL,VALID,VISIBLE,NO,UNIQUE,Y,Y,N,Y,meter_ops,MEDIUM,Good candidate for equality or IN pre-filter.
D1_USAGE,D1_USAGE_ID,CHAR,D1T281P0,1,NORMAL,VALID,VISIBLE,NO,UNIQUE,Y,Y,N,Y,meter_ops,MEDIUM,Good candidate for equality or IN pre-filter.
D1_USAGE,USG_EXT_ID,CHAR,D1T419S1,1,NORMAL,VALID,VISIBLE,NO,NONUNIQUE,Y,Y,N,Y,meter_ops,MEDIUM,Good candidate for equality or IN pre-filter.
D1_USAGE,US_ID,CHAR,D1T281S0,1,NORMAL,VALID,VISIBLE,NO,NONUNIQUE,Y,Y,N,Y,meter_ops,MEDIUM,Good candidate for equality or IN pre-filter.
D1_USAGE_CAL_TYPE_CTRL,D1_USAGE_ID,CHAR,D1T562P0,1,NORMAL,VALID,VISIBLE,NO,UNIQUE,Y,Y,N,N,,MEDIUM,Good candidate for equality or IN pre-filter.
D1_USAGE_CHAR,D1_USAGE_ID,CHAR,D1T285P0,1,NORMAL,VALID,VISIBLE,NO,UNIQUE,Y,Y,N,N,,MEDIUM,Good candidate for equality or IN pre-filter.
D1_USAGE_CHAR,SRCH_CHAR_VAL,VARCHAR2,D1T285S1,1,NORMAL,VALID,VISIBLE,NO,NONUNIQUE,Y,Y,N,N,,MEDIUM,Good candidate for equality or IN pre-filter.
D1_USAGE_CTRL,D1_USAGE_ID,CHAR,D1T448P0,1,NORMAL,VALID,VISIBLE,NO,UNIQUE,Y,Y,N,N,,MEDIUM,Good candidate for equality or IN pre-filter.
D1_USAGE_CTRL,US_ID,CHAR,D1T448S1,1,NORMAL,VALID,VISIBLE,NO,NONUNIQUE,Y,Y,N,N,,MEDIUM,Good candidate for equality or IN pre-filter.
D1_USAGE_EXCP,D1_USAGE_ID,CHAR,D1T443S1,1,NORMAL,VALID,VISIBLE,NO,NONUNIQUE,Y,Y,N,Y,meter_ops,MEDIUM,Good candidate for equality or IN pre-filter.
D1_USAGE_EXCP,USAGE_EXCP_ID,CHAR,D1T443P0,1,NORMAL,VALID,VISIBLE,NO,UNIQUE,Y,Y,N,Y,meter_ops,MEDIUM,Good candidate for equality or IN pre-filter.
D1_USAGE_EXCP_CHAR,SRCH_CHAR_VAL,VARCHAR2,D1T446S1,1,NORMAL,VALID,VISIBLE,NO,NONUNIQUE,Y,Y,N,N,,MEDIUM,Good candidate for equality or IN pre-filter.
D1_USAGE_EXCP_CHAR,USAGE_EXCP_ID,CHAR,D1T446P0,1,NORMAL,VALID,VISIBLE,NO,UNIQUE,Y,Y,N,N,,MEDIUM,Good candidate for equality or IN pre-filter.
D1_USAGE_EXCP_K,USAGE_EXCP_ID,CHAR,D1T444P0,1,IOT - TOP,VALID,VISIBLE,NO,UNIQUE,Y,Y,N,N,,MEDIUM,Good candidate for equality or IN pre-filter.
D1_USAGE_EXCP_PARM,USAGE_EXCP_ID,CHAR,D1T445P0,1,NORMAL,VALID,VISIBLE,NO,UNIQUE,Y,Y,N,N,,MEDIUM,Good candidate for equality or IN pre-filter.
D1_USAGE_EXCP_TYPE,USAGE_EXCP_TYPE_CD,VARCHAR2,D1C415P0,1,NORMAL,VALID,VISIBLE,NO,UNIQUE,Y,Y,N,N,,MEDIUM,Good candidate for equality or IN pre-filter.
D1_USAGE_EXCP_TYPE_CHAR,SRCH_CHAR_VAL,VARCHAR2,D1C417S1,1,NORMAL,VALID,VISIBLE,NO,NONUNIQUE,Y,Y,N,N,,MEDIUM,Good candidate for equality or IN pre-filter.
D1_USAGE_EXCP_TYPE_CHAR,USAGE_EXCP_TYPE_CD,VARCHAR2,D1C417P0,1,NORMAL,VALID,VISIBLE,NO,UNIQUE,Y,Y,N,N,,MEDIUM,Good candidate for equality or IN pre-filter.
D1_USAGE_EXCP_TYPE_L,USAGE_EXCP_TYPE_CD,VARCHAR2,D1C416P0,1,NORMAL,VALID,VISIBLE,NO,UNIQUE,Y,Y,N,N,,MEDIUM,Good candidate for equality or IN pre-filter.
D1_USAGE_K,D1_USAGE_ID,CHAR,D1T296P0,1,IOT - TOP,VALID,VISIBLE,NO,UNIQUE,Y,Y,N,N,,MEDIUM,Good candidate for equality or IN pre-filter.
D1_USAGE_LOG,CHAR_TYPE_CD,CHAR,D1T286S1,1,NORMAL,VALID,VISIBLE,NO,NONUNIQUE,Y,Y,N,N,,MEDIUM,Good candidate for equality or IN pre-filter.
D1_USAGE_LOG,CHAR_TYPE_CD,CHAR,D1T286S2,1,NORMAL,VALID,VISIBLE,NO,NONUNIQUE,Y,Y,N,N,,MEDIUM,Good candidate for equality or IN pre-filter.
D1_USAGE_LOG,D1_USAGE_ID,CHAR,D1T286P0,1,NORMAL,VALID,VISIBLE,NO,UNIQUE,Y,Y,N,N,,MEDIUM,Good candidate for equality or IN pre-filter.
D1_USAGE_LOG_PARM,D1_USAGE_ID,CHAR,D1T287P0,1,NORMAL,VALID,VISIBLE,NO,UNIQUE,Y,Y,N,N,,MEDIUM,Good candidate for equality or IN pre-filter.
D1_USAGE_PERIOD,D1_USAGE_ID,CHAR,D1T283P0,1,NORMAL,VALID,VISIBLE,NO,UNIQUE,Y,Y,N,N,,MEDIUM,Good candidate for equality or IN pre-filter.
D1_USAGE_PERIOD_ITEM_DET,D1_USAGE_ID,CHAR,D1T431P0,1,NORMAL,VALID,VISIBLE,NO,UNIQUE,Y,Y,N,N,,MEDIUM,Good candidate for equality or IN pre-filter.
D1_USAGE_PERIOD_SQ,D1_USAGE_ID,CHAR,D1T284P0,1,NORMAL,VALID,VISIBLE,NO,UNIQUE,Y,Y,N,Y,meter_ops,MEDIUM,Good candidate for equality or IN pre-filter.
D1_USAGE_PERIOD_SQ_DATA,D1_USAGE_ID,CHAR,D1T497P0,1,NORMAL,VALID,VISIBLE,NO,UNIQUE,Y,Y,N,N,,MEDIUM,Good candidate for equality or IN pre-filter.
D1_USAGE_REL,D1_USAGE_ID,CHAR,D1T316P0,1,NORMAL,VALID,VISIBLE,NO,UNIQUE,Y,Y,N,N,,MEDIUM,Good candidate for equality or IN pre-filter.
D1_USAGE_REL,REL_USAGE_ID,CHAR,D1T316S0,1,NORMAL,VALID,VISIBLE,NO,UNIQUE,Y,Y,N,N,,MEDIUM,Good candidate for equality or IN pre-filter.
D1_USAGE_SCALAR_DTL,D1_USAGE_ID,CHAR,D1T282P0,1,NORMAL,VALID,VISIBLE,NO,UNIQUE,Y,Y,N,N,,MEDIUM,Good candidate for equality or IN pre-filter.
D1_USER_DIV,USER_ID,CHAR,D1C603P0,1,NORMAL,VALID,VISIBLE,NO,UNIQUE,Y,Y,N,N,,MEDIUM,Good candidate for equality or IN pre-filter.
D1_USG_CAL_TYPE,D1_USG_CAL_TYPE_CD,VARCHAR2,D1C556P0,1,NORMAL,VALID,VISIBLE,NO,UNIQUE,Y,Y,N,N,,MEDIUM,Good candidate for equality or IN pre-filter.
D1_USG_CAL_TYPE_CHAR,D1_USG_CAL_TYPE_CD,VARCHAR2,D1C560P0,1,NORMAL,VALID,VISIBLE,NO,UNIQUE,Y,Y,N,N,,MEDIUM,Good candidate for equality or IN pre-filter.
D1_USG_CAL_TYPE_L,D1_USG_CAL_TYPE_CD,VARCHAR2,D1C557P0,1,NORMAL,VALID,VISIBLE,NO,UNIQUE,Y,Y,N,N,,MEDIUM,Good candidate for equality or IN pre-filter.
D1_USG_CAL_TYPE_REQ_TYPE,D1_USG_CAL_TYPE_CD,VARCHAR2,D1C558P0,1,NORMAL,VALID,VISIBLE,NO,UNIQUE,Y,Y,N,N,,MEDIUM,Good candidate for equality or IN pre-filter.
D1_USG_CAL_TYPE_USTYPE_USG_GRP,US_TYPE_CD,VARCHAR2,D1C561P0,1,NORMAL,VALID,VISIBLE,NO,UNIQUE,Y,Y,N,N,,MEDIUM,Good candidate for equality or IN pre-filter.
D1_USG_CAL_TYPE_US_TYPE,D1_USG_CAL_TYPE_CD,VARCHAR2,D1C559P0,1,NORMAL,VALID,VISIBLE,NO,UNIQUE,Y,Y,N,N,,MEDIUM,Good candidate for equality or IN pre-filter.
D1_USG_GRP,USG_GRP_CD,VARCHAR2,D1C194P0,1,NORMAL,VALID,VISIBLE,NO,UNIQUE,Y,Y,N,N,,MEDIUM,Good candidate for equality or IN pre-filter.
D1_USG_GRP_CHAR,SRCH_CHAR_VAL,VARCHAR2,D1C197S1,1,NORMAL,VALID,VISIBLE,NO,NONUNIQUE,Y,Y,N,N,,MEDIUM,Good candidate for equality or IN pre-filter.
D1_USG_GRP_CHAR,USG_GRP_CD,VARCHAR2,D1C197P0,1,NORMAL,VALID,VISIBLE,NO,UNIQUE,Y,Y,N,N,,MEDIUM,Good candidate for equality or IN pre-filter.
D1_USG_GRP_L,USG_GRP_CD,VARCHAR2,D1C195P0,1,NORMAL,VALID,VISIBLE,NO,UNIQUE,Y,Y,N,N,,MEDIUM,Good candidate for equality or IN pre-filter.
D1_USG_GRP_VAL_DC_TYPE,USG_GRP_CD,VARCHAR2,D1C196P0,1,NORMAL,VALID,VISIBLE,NO,UNIQUE,Y,Y,N,N,,MEDIUM,Good candidate for equality or IN pre-filter.
D1_USG_RULE,USG_GRP_CD,VARCHAR2,D1C198P0,1,NORMAL,VALID,VISIBLE,NO,UNIQUE,Y,Y,N,N,,MEDIUM,Good candidate for equality or IN pre-filter.
D1_USG_RULE_CHAR,SRCH_CHAR_VAL,VARCHAR2,D1C200S1,1,NORMAL,VALID,VISIBLE,NO,NONUNIQUE,Y,Y,N,N,,MEDIUM,Good candidate for equality or IN pre-filter.
D1_USG_RULE_CHAR,USG_GRP_CD,VARCHAR2,D1C200P0,1,NORMAL,VALID,VISIBLE,NO,UNIQUE,Y,Y,N,N,,MEDIUM,Good candidate for equality or IN pre-filter.
D1_USG_RULE_ELIG_CRIT,USG_GRP_CD,VARCHAR2,D1C201P0,1,NORMAL,VALID,VISIBLE,NO,UNIQUE,Y,Y,N,N,,MEDIUM,Good candidate for equality or IN pre-filter.
D1_USG_RULE_ELIG_CRIT_CHAR,SRCH_CHAR_VAL,VARCHAR2,D1C203S1,1,NORMAL,VALID,VISIBLE,NO,NONUNIQUE,Y,Y,N,N,,MEDIUM,Good candidate for equality or IN pre-filter.
D1_USG_RULE_ELIG_CRIT_CHAR,USG_GRP_CD,VARCHAR2,D1C203P0,1,NORMAL,VALID,VISIBLE,NO,UNIQUE,Y,Y,N,N,,MEDIUM,Good candidate for equality or IN pre-filter.
D1_USG_RULE_ELIG_CRIT_L,USG_GRP_CD,VARCHAR2,D1C202P0,1,NORMAL,VALID,VISIBLE,NO,UNIQUE,Y,Y,N,N,,MEDIUM,Good candidate for equality or IN pre-filter.
D1_USG_RULE_L,USG_GRP_CD,VARCHAR2,D1C199P0,1,NORMAL,VALID,VISIBLE,NO,UNIQUE,Y,Y,N,N,,MEDIUM,Good candidate for equality or IN pre-filter.
D1_US_CHAR,SRCH_CHAR_VAL,VARCHAR2,D1M218S1,1,NORMAL,VALID,VISIBLE,NO,NONUNIQUE,Y,Y,N,N,,MEDIUM,Good candidate for equality or IN pre-filter.
D1_US_CHAR,US_ID,CHAR,D1M218P0,1,NORMAL,VALID,VISIBLE,NO,UNIQUE,Y,Y,N,N,,MEDIUM,Good candidate for equality or IN pre-filter.
D1_US_CONTACT,CONTACT_ID,CHAR,D1M215S0,1,NORMAL,VALID,VISIBLE,NO,NONUNIQUE,Y,Y,N,Y,customer_ops,MEDIUM,Good candidate for equality or IN pre-filter.
D1_US_CONTACT,US_ID,CHAR,D1M215P0,1,NORMAL,VALID,VISIBLE,NO,UNIQUE,Y,Y,N,Y,customer_ops,MEDIUM,Good candidate for equality or IN pre-filter.
D1_US_DYN_OPT,DYN_OPT_ID,CHAR,D1M420S1,1,NORMAL,VALID,VISIBLE,NO,NONUNIQUE,Y,Y,N,N,,MEDIUM,Good candidate for equality or IN pre-filter.
D1_US_DYN_OPT,US_ID,CHAR,D1M420P0,1,NORMAL,VALID,VISIBLE,NO,UNIQUE,Y,Y,N,N,,MEDIUM,Good candidate for equality or IN pre-filter.
D1_US_DYN_OPT_OVRRD,DYN_OPT_EVENT_ID,CHAR,D1M421S2,1,NORMAL,VALID,VISIBLE,NO,NONUNIQUE,Y,Y,N,N,,MEDIUM,Good candidate for equality or IN pre-filter.
D1_US_DYN_OPT_OVRRD,DYN_OPT_ID,CHAR,D1M421S1,1,NORMAL,VALID,VISIBLE,NO,NONUNIQUE,Y,Y,N,N,,MEDIUM,Good candidate for equality or IN pre-filter.
D1_US_DYN_OPT_OVRRD,US_ID,CHAR,D1M421P0,1,NORMAL,VALID,VISIBLE,NO,UNIQUE,Y,Y,N,N,,MEDIUM,Good candidate for equality or IN pre-filter.
D1_US_FACTOR_OVRD,US_ID,CHAR,D1M214P0,1,NORMAL,VALID,VISIBLE,NO,UNIQUE,Y,Y,N,N,,MEDIUM,Good candidate for equality or IN pre-filter.
D1_US_IDENTIFIER,ID_VALUE,VARCHAR2,D1M213S0,1,NORMAL,VALID,VISIBLE,NO,NONUNIQUE,Y,Y,N,Y,meter_ops,MEDIUM,Good candidate for equality or IN pre-filter.
D1_US_IDENTIFIER,SYS_NC00005$,,D1M213S1,1,FUNCTION-BASED NORMAL,VALID,VISIBLE,NO,NONUNIQUE,Y,Y,N,Y,meter_ops,MEDIUM,Good candidate for equality or IN pre-filter.
D1_US_IDENTIFIER,US_ID,CHAR,D1M213P0,1,NORMAL,VALID,VISIBLE,NO,UNIQUE,Y,Y,N,Y,meter_ops,MEDIUM,Good candidate for equality or IN pre-filter.
D1_US_K,US_ID,CHAR,D1T221P0,1,IOT - TOP,VALID,VISIBLE,NO,UNIQUE,Y,Y,N,N,,MEDIUM,Good candidate for equality or IN pre-filter.
D1_US_LOG,CHAR_TYPE_CD,CHAR,D1M219S1,1,NORMAL,VALID,VISIBLE,NO,NONUNIQUE,Y,Y,N,N,,MEDIUM,Good candidate for equality or IN pre-filter.
D1_US_LOG,CHAR_TYPE_CD,CHAR,D1M219S2,1,NORMAL,VALID,VISIBLE,NO,NONUNIQUE,Y,Y,N,N,,MEDIUM,Good candidate for equality or IN pre-filter.
D1_US_LOG,US_ID,CHAR,D1M219P0,1,NORMAL,VALID,VISIBLE,NO,UNIQUE,Y,Y,N,N,,MEDIUM,Good candidate for equality or IN pre-filter.
D1_US_LOG_PARM,US_ID,CHAR,D1M220P0,1,NORMAL,VALID,VISIBLE,NO,UNIQUE,Y,Y,N,N,,MEDIUM,Good candidate for equality or IN pre-filter.
D1_US_MC,MEASR_COMP_ID,CHAR,D1M268S1,1,NORMAL,VALID,VISIBLE,NO,NONUNIQUE,Y,Y,N,N,,MEDIUM,Good candidate for equality or IN pre-filter.
D1_US_MC,US_ID,CHAR,D1M319S0,1,NORMAL,VALID,VISIBLE,NO,NONUNIQUE,Y,Y,N,N,,MEDIUM,Good candidate for equality or IN pre-filter.
D1_US_MC,US_ID,CHAR,D1M429P0,1,NORMAL,VALID,VISIBLE,NO,UNIQUE,Y,Y,N,N,,MEDIUM,Good candidate for equality or IN pre-filter.
D1_US_MC_SET,US_ID,CHAR,D1M495P0,1,NORMAL,VALID,VISIBLE,NO,UNIQUE,Y,Y,N,N,,MEDIUM,Good candidate for equality or IN pre-filter.
D1_US_MKT_PART,US_MP_ID,CHAR,D1M480P0,1,NORMAL,VALID,VISIBLE,NO,UNIQUE,Y,Y,N,N,,MEDIUM,Good candidate for equality or IN pre-filter.
D1_US_MKT_PART_CHAR,US_MP_ID,CHAR,D1M483P0,1,NORMAL,VALID,VISIBLE,NO,UNIQUE,Y,Y,N,N,,MEDIUM,Good candidate for equality or IN pre-filter.
D1_US_MKT_PART_IDENTIFIER,US_MP_ID,CHAR,D1M482P0,1,NORMAL,VALID,VISIBLE,NO,UNIQUE,Y,Y,N,N,,MEDIUM,Good candidate for equality or IN pre-filter.
D1_US_MKT_PART_K,US_MP_ID,CHAR,D1M481P0,1,IOT - TOP,VALID,VISIBLE,NO,UNIQUE,Y,Y,N,N,,MEDIUM,Good candidate for equality or IN pre-filter.
D1_US_MKT_PART_LOG,US_MP_ID,CHAR,D1M484P0,1,NORMAL,VALID,VISIBLE,NO,UNIQUE,Y,Y,N,N,,MEDIUM,Good candidate for equality or IN pre-filter.
D1_US_MKT_PART_LOG_PARM,US_MP_ID,CHAR,D1M485P0,1,NORMAL,VALID,VISIBLE,NO,UNIQUE,Y,Y,N,N,,MEDIUM,Good candidate for equality or IN pre-filter.
D1_US_QTY,D1_US_QTY_ID,CHAR,D1M576P0,1,NORMAL,VALID,VISIBLE,NO,UNIQUE,Y,Y,N,N,,MEDIUM,Good candidate for equality or IN pre-filter.
D1_US_QTY_K,D1_US_QTY_ID,CHAR,D1M577P0,1,IOT - TOP,VALID,VISIBLE,NO,UNIQUE,Y,Y,N,N,,MEDIUM,Good candidate for equality or IN pre-filter.
D1_US_QTY_LOG,D1_US_QTY_ID,CHAR,D1M578P0,1,NORMAL,VALID,VISIBLE,NO,UNIQUE,Y,Y,N,N,,MEDIUM,Good candidate for equality or IN pre-filter.
D1_US_QTY_LOG_PARM,D1_US_QTY_ID,CHAR,D1M579P0,1,NORMAL,VALID,VISIBLE,NO,UNIQUE,Y,Y,N,N,,MEDIUM,Good candidate for equality or IN pre-filter.
D1_US_QTY_TYPE,D1_US_QTY_TYPE_CD,VARCHAR2,D1C580P0,1,NORMAL,VALID,VISIBLE,NO,UNIQUE,Y,Y,N,N,,MEDIUM,Good candidate for equality or IN pre-filter.
D1_US_QTY_TYPE_IDENTIFIER,D1_US_QTY_TYPE_CD,VARCHAR2,D1C581P0,1,NORMAL,VALID,VISIBLE,NO,UNIQUE,Y,Y,N,N,,MEDIUM,Good candidate for equality or IN pre-filter.
D1_US_QTY_TYPE_IDENTIFIER_L,D1_US_QTY_TYPE_CD,VARCHAR2,D1C583P0,1,NORMAL,VALID,VISIBLE,NO,UNIQUE,Y,Y,N,N,,MEDIUM,Good candidate for equality or IN pre-filter.
D1_US_QTY_TYPE_L,D1_US_QTY_TYPE_CD,VARCHAR2,D1C582P0,1,NORMAL,VALID,VISIBLE,NO,UNIQUE,Y,Y,N,N,,MEDIUM,Good candidate for equality or IN pre-filter.
D1_US_REL,D1_US_ID,CHAR,D1M419P0,1,NORMAL,VALID,VISIBLE,NO,UNIQUE,Y,Y,N,N,,MEDIUM,Good candidate for equality or IN pre-filter.
D1_US_RS_CLASS,US_ID,CHAR,D1M595P0,1,NORMAL,VALID,VISIBLE,NO,UNIQUE,Y,Y,N,N,,MEDIUM,Good candidate for equality or IN pre-filter.
D1_US_SP,D1_SP_ID,CHAR,D1M216S1,1,NORMAL,VALID,VISIBLE,NO,NONUNIQUE,Y,Y,N,Y,meter_ops,MEDIUM,Good candidate for equality or IN pre-filter.
D1_US_SP,US_ID,CHAR,D1M216P0,1,NORMAL,VALID,VISIBLE,NO,UNIQUE,Y,Y,N,Y,meter_ops,MEDIUM,Good candidate for equality or IN pre-filter.
D1_US_SP,US_ID,CHAR,D1M216S0,1,NORMAL,VALID,VISIBLE,NO,NONUNIQUE,Y,Y,N,Y,meter_ops,MEDIUM,Good candidate for equality or IN pre-filter.
D1_US_SP_CHAR,SRCH_CHAR_VAL,VARCHAR2,D1M217S1,1,NORMAL,VALID,VISIBLE,NO,NONUNIQUE,Y,Y,N,N,,MEDIUM,Good candidate for equality or IN pre-filter.
D1_US_SP_CHAR,US_ID,CHAR,D1M217P0,1,NORMAL,VALID,VISIBLE,NO,UNIQUE,Y,Y,N,N,,MEDIUM,Good candidate for equality or IN pre-filter.
D1_US_TYPE,US_TYPE_CD,VARCHAR2,D1C204P0,1,NORMAL,VALID,VISIBLE,NO,UNIQUE,Y,Y,N,N,,MEDIUM,Good candidate for equality or IN pre-filter.
D1_US_TYPE_CHAR,SRCH_CHAR_VAL,VARCHAR2,D1C206S1,1,NORMAL,VALID,VISIBLE,NO,NONUNIQUE,Y,Y,N,N,,MEDIUM,Good candidate for equality or IN pre-filter.
D1_US_TYPE_CHAR,US_TYPE_CD,VARCHAR2,D1C206P0,1,NORMAL,VALID,VISIBLE,NO,UNIQUE,Y,Y,N,N,,MEDIUM,Good candidate for equality or IN pre-filter.
D1_US_TYPE_FB_USG_GRP,US_TYPE_CD,VARCHAR2,D1C210P0,1,NORMAL,VALID,VISIBLE,NO,UNIQUE,Y,Y,N,N,,MEDIUM,Good candidate for equality or IN pre-filter.
D1_US_TYPE_L,US_TYPE_CD,VARCHAR2,D1C205P0,1,NORMAL,VALID,VISIBLE,NO,UNIQUE,Y,Y,N,N,,MEDIUM,Good candidate for equality or IN pre-filter.
D1_US_TYPE_VAL_DYN_OPT_TYPE,DYN_OPT_TYPE_CD,VARCHAR2,D1C409S1,1,NORMAL,VALID,VISIBLE,NO,NONUNIQUE,Y,Y,N,N,,MEDIUM,Good candidate for equality or IN pre-filter.
D1_US_TYPE_VAL_DYN_OPT_TYPE,US_TYPE_CD,VARCHAR2,D1C409P0,1,NORMAL,VALID,VISIBLE,NO,UNIQUE,Y,Y,N,N,,MEDIUM,Good candidate for equality or IN pre-filter.
D1_US_TYPE_VAL_SPR,US_TYPE_CD,VARCHAR2,D1C208P0,1,NORMAL,VALID,VISIBLE,NO,UNIQUE,Y,Y,N,N,,MEDIUM,Good candidate for equality or IN pre-filter.
D1_US_TYPE_VAL_SP_TYPE,US_TYPE_CD,VARCHAR2,D1C207P0,1,NORMAL,VALID,VISIBLE,NO,UNIQUE,Y,Y,N,N,,MEDIUM,Good candidate for equality or IN pre-filter.
D1_US_TYPE_VAL_USG_GRP,US_TYPE_CD,VARCHAR2,D1C209P0,1,NORMAL,VALID,VISIBLE,NO,UNIQUE,Y,Y,N,N,,MEDIUM,Good candidate for equality or IN pre-filter.
D1_US_USG_GRP,US_ID,CHAR,D1M212P0,1,NORMAL,VALID,VISIBLE,NO,UNIQUE,Y,Y,N,N,,MEDIUM,Good candidate for equality or IN pre-filter.
D1_US_USG_GRP_DL,US_ID,CHAR,D1T442P0,1,NORMAL,VALID,VISIBLE,NO,UNIQUE,Y,Y,N,N,,MEDIUM,Good candidate for equality or IN pre-filter.
D1_US_USG_GRP_SEQ,US_ID,CHAR,D1M544P0,1,NORMAL,VALID,VISIBLE,NO,UNIQUE,Y,Y,N,N,,MEDIUM,Good candidate for equality or IN pre-filter.
D1_VALID_MULTI_VAR_FACTOR,SETT_UNIT_CD,VARCHAR2,D1C530P0,1,NORMAL,VALID,VISIBLE,NO,UNIQUE,Y,Y,N,N,,MEDIUM,Good candidate for equality or IN pre-filter.
D1_VEE_ELIG_CRIT,VEE_GRP_CD,VARCHAR2,D1C120P0,1,NORMAL,VALID,VISIBLE,NO,NONUNIQUE,Y,Y,N,N,,MEDIUM,Good candidate for equality or IN pre-filter.
D1_VEE_ELIG_CRIT_CHAR,SRCH_CHAR_VAL,VARCHAR2,D1C122S1,1,NORMAL,VALID,VISIBLE,NO,NONUNIQUE,Y,Y,N,N,,MEDIUM,Good candidate for equality or IN pre-filter.
D1_VEE_ELIG_CRIT_CHAR,VEE_GRP_CD,VARCHAR2,D1C122P0,1,NORMAL,VALID,VISIBLE,NO,UNIQUE,Y,Y,N,N,,MEDIUM,Good candidate for equality or IN pre-filter.
D1_VEE_ELIG_CRIT_L,VEE_GRP_CD,VARCHAR2,D1C121P0,1,NORMAL,VALID,VISIBLE,NO,UNIQUE,Y,Y,N,N,,MEDIUM,Good candidate for equality or IN pre-filter.
D1_VEE_EXCP,INIT_MSRMT_DATA_ID,CHAR,D1T308S1,1,NORMAL,VALID,VISIBLE,NO,NONUNIQUE,Y,Y,N,Y,meter_ops,MEDIUM,Good candidate for equality or IN pre-filter.
D1_VEE_EXCP,VEE_EXCP_ID,CHAR,D1T308P0,1,NORMAL,VALID,VISIBLE,NO,UNIQUE,Y,Y,N,Y,meter_ops,MEDIUM,Good candidate for equality or IN pre-filter.
D1_VEE_EXCP_CHAR,SRCH_CHAR_VAL,VARCHAR2,D1T310S1,1,NORMAL,VALID,VISIBLE,NO,NONUNIQUE,Y,Y,N,N,,MEDIUM,Good candidate for equality or IN pre-filter.
D1_VEE_EXCP_CHAR,VEE_EXCP_ID,CHAR,D1T310P0,1,NORMAL,VALID,VISIBLE,NO,UNIQUE,Y,Y,N,N,,MEDIUM,Good candidate for equality or IN pre-filter.
D1_VEE_EXCP_K,VEE_EXCP_ID,CHAR,D1T315P0,1,IOT - TOP,VALID,VISIBLE,NO,UNIQUE,Y,Y,N,N,,MEDIUM,Good candidate for equality or IN pre-filter.
D1_VEE_EXCP_PARM,VEE_EXCP_ID,CHAR,D1T309P0,1,NORMAL,VALID,VISIBLE,NO,UNIQUE,Y,Y,N,N,,MEDIUM,Good candidate for equality or IN pre-filter.
D1_VEE_GRP,VEE_GRP_CD,VARCHAR2,D1C100P0,1,NORMAL,VALID,VISIBLE,NO,NONUNIQUE,Y,Y,N,N,,MEDIUM,Good candidate for equality or IN pre-filter.
D1_VEE_GRP_CHAR,SRCH_CHAR_VAL,VARCHAR2,D1C102S1,1,NORMAL,VALID,VISIBLE,NO,NONUNIQUE,Y,Y,N,N,,MEDIUM,Good candidate for equality or IN pre-filter.
D1_VEE_GRP_CHAR,VEE_GRP_CD,VARCHAR2,D1C102P0,1,NORMAL,VALID,VISIBLE,NO,UNIQUE,Y,Y,N,N,,MEDIUM,Good candidate for equality or IN pre-filter.
D1_VEE_GRP_L,VEE_GRP_CD,VARCHAR2,D1C101P0,1,NORMAL,VALID,VISIBLE,NO,UNIQUE,Y,Y,N,N,,MEDIUM,Good candidate for equality or IN pre-filter.
D1_VEE_RULE,VEE_GRP_CD,VARCHAR2,D1C110P0,1,NORMAL,VALID,VISIBLE,NO,NONUNIQUE,Y,Y,N,N,,MEDIUM,Good candidate for equality or IN pre-filter.
D1_VEE_RULE_CHAR,SRCH_CHAR_VAL,VARCHAR2,D1C112S1,1,NORMAL,VALID,VISIBLE,NO,NONUNIQUE,Y,Y,N,N,,MEDIUM,Good candidate for equality or IN pre-filter.
D1_VEE_RULE_CHAR,VEE_GRP_CD,VARCHAR2,D1C112P0,1,NORMAL,VALID,VISIBLE,NO,UNIQUE,Y,Y,N,N,,MEDIUM,Good candidate for equality or IN pre-filter.
D1_VEE_RULE_L,VEE_GRP_CD,VARCHAR2,D1C111P0,1,NORMAL,VALID,VISIBLE,NO,UNIQUE,Y,Y,N,N,,MEDIUM,Good candidate for equality or IN pre-filter.
F1_ACTION_METHOD,ACTION_METHOD_CD,VARCHAR2,F1C777P0,1,NORMAL,VALID,VISIBLE,NO,UNIQUE,Y,Y,N,N,,MEDIUM,Good candidate for equality or IN pre-filter.
F1_ACTION_METHOD_CHAR,ACTION_METHOD_CD,VARCHAR2,F1C779P0,1,NORMAL,VALID,VISIBLE,NO,UNIQUE,Y,Y,N,N,,MEDIUM,Good candidate for equality or IN pre-filter.
F1_ACTION_METHOD_CHAR,SRCH_CHAR_VAL,VARCHAR2,F1C779S1,1,NORMAL,VALID,VISIBLE,NO,NONUNIQUE,Y,Y,N,N,,MEDIUM,Good candidate for equality or IN pre-filter.
F1_ACTION_METHOD_L,ACTION_METHOD_CD,VARCHAR2,F1C778P0,1,NORMAL,VALID,VISIBLE,NO,UNIQUE,Y,Y,N,N,,MEDIUM,Good candidate for equality or IN pre-filter.
F1_ARC_TBL_PARTITION_HIST,TBL_OWNER,VARCHAR2,F1M632P0,1,NORMAL,VALID,VISIBLE,NO,UNIQUE,Y,Y,N,N,,MEDIUM,Good candidate for equality or IN pre-filter.
F1_ATTACHMENT,ATTACHMENT_EXT_ID,VARCHAR2,F1T819S2,1,NORMAL,VALID,VISIBLE,NO,UNIQUE,Y,Y,N,N,,MEDIUM,Good candidate for equality or IN pre-filter.
F1_ATTACHMENT,ATTACHMENT_FILE_NAME,VARCHAR2,F1T819S3,1,NORMAL,VALID,VISIBLE,NO,UNIQUE,Y,Y,N,N,,MEDIUM,Good candidate for equality or IN pre-filter.
F1_ATTACHMENT,ATTACHMENT_ID,CHAR,F1T819P0,1,NORMAL,VALID,VISIBLE,NO,UNIQUE,Y,Y,N,N,,MEDIUM,Good candidate for equality or IN pre-filter.
F1_ATTACHMENT,MAINT_OBJ_CD,CHAR,F1T819S1,1,NORMAL,VALID,VISIBLE,NO,UNIQUE,Y,Y,N,N,,MEDIUM,Good candidate for equality or IN pre-filter.
F1_ATTACHMENT_CHAR,ATTACHMENT_ID,CHAR,F1T820P0,1,NORMAL,VALID,VISIBLE,NO,UNIQUE,Y,Y,N,N,,MEDIUM,Good candidate for equality or IN pre-filter.
F1_ATTACHMENT_CHAR,SRCH_CHAR_VAL,VARCHAR2,F1T820S1,1,NORMAL,VALID,VISIBLE,NO,NONUNIQUE,Y,Y,N,N,,MEDIUM,Good candidate for equality or IN pre-filter.
F1_ATTACHMENT_K,ATTACHMENT_ID,CHAR,F1T910P0,1,IOT - TOP,VALID,VISIBLE,NO,UNIQUE,Y,Y,N,N,,MEDIUM,Good candidate for equality or IN pre-filter.
F1_BKT_CONFIG,BKT_CONFIG_CD,VARCHAR2,F1C492P0,1,NORMAL,VALID,VISIBLE,NO,UNIQUE,Y,Y,N,N,,MEDIUM,Good candidate for equality or IN pre-filter.
F1_BKT_CONFIG,BUS_OBJ_CD,CHAR,F1C492S1,1,NORMAL,VALID,VISIBLE,NO,NONUNIQUE,Y,Y,N,N,,MEDIUM,Good candidate for equality or IN pre-filter.
F1_BKT_CONFIG_L,BKT_CONFIG_CD,VARCHAR2,F1C493P0,1,NORMAL,VALID,VISIBLE,NO,UNIQUE,Y,Y,N,N,,MEDIUM,Good candidate for equality or IN pre-filter.
F1_BKT_CONFIG_REL_OBJ,BKT_CONFIG_CD,VARCHAR2,F1C494P0,1,NORMAL,VALID,VISIBLE,NO,UNIQUE,Y,Y,N,N,,MEDIUM,Good candidate for equality or IN pre-filter.
F1_BKT_CONFIG_REL_OBJ,MAINT_OBJ_CD,CHAR,F1C494S1,1,NORMAL,VALID,VISIBLE,NO,NONUNIQUE,Y,Y,N,N,,MEDIUM,Good candidate for equality or IN pre-filter.
F1_BKT_CONFIG_VAL,BKT_CONFIG_CD,VARCHAR2,F1C495P0,1,NORMAL,VALID,VISIBLE,NO,UNIQUE,Y,Y,N,N,,MEDIUM,Good candidate for equality or IN pre-filter.
F1_BKT_CONFIG_VAL_L,BKT_CONFIG_CD,VARCHAR2,F1C496P0,1,NORMAL,VALID,VISIBLE,NO,UNIQUE,Y,Y,N,N,,MEDIUM,Good candidate for equality or IN pre-filter.
F1_BNDL,BNDL_ID,CHAR,FT050P0,1,NORMAL,VALID,VISIBLE,NO,UNIQUE,Y,Y,N,Y,common,MEDIUM,Good candidate for equality or IN pre-filter.
F1_BNDL,BO_STATUS_CD,CHAR,FT050S1,1,NORMAL,VALID,VISIBLE,NO,UNIQUE,Y,Y,N,Y,common,MEDIUM,Good candidate for equality or IN pre-filter.
F1_BNDL_CHAR,BNDL_ID,CHAR,FT051P0,1,NORMAL,VALID,VISIBLE,NO,UNIQUE,Y,Y,N,N,,MEDIUM,Good candidate for equality or IN pre-filter.
F1_BNDL_CHAR,SRCH_CHAR_VAL,VARCHAR2,FT051S1,1,NORMAL,VALID,VISIBLE,NO,NONUNIQUE,Y,Y,N,N,,MEDIUM,Good candidate for equality or IN pre-filter.
F1_BNDL_ENTITY,BNDL_ID,CHAR,FT055P0,1,NORMAL,VALID,VISIBLE,NO,UNIQUE,Y,Y,N,N,,MEDIUM,Good candidate for equality or IN pre-filter.
F1_BNDL_ENTITY,BNDL_ID,CHAR,FT055S1,1,NORMAL,VALID,VISIBLE,NO,NONUNIQUE,Y,Y,N,N,,MEDIUM,Good candidate for equality or IN pre-filter.
F1_BNDL_ENTITY,MAINT_OBJ_CD,CHAR,FT055S2,1,NORMAL,VALID,VISIBLE,NO,UNIQUE,Y,Y,N,N,,MEDIUM,Good candidate for equality or IN pre-filter.
F1_BNDL_K,BNDL_ID,CHAR,FT060P0,1,IOT - TOP,VALID,VISIBLE,NO,UNIQUE,Y,Y,N,N,,MEDIUM,Good candidate for equality or IN pre-filter.
F1_BNDL_LOG,BNDL_ID,CHAR,FT053P0,1,NORMAL,VALID,VISIBLE,NO,UNIQUE,Y,Y,N,N,,MEDIUM,Good candidate for equality or IN pre-filter.
F1_BNDL_LOG_PARM,BNDL_ID,CHAR,FT054P0,1,NORMAL,VALID,VISIBLE,NO,UNIQUE,Y,Y,N,N,,MEDIUM,Good candidate for equality or IN pre-filter.
F1_BUS_EVT_LOG,BUS_EVT_LOG_ID,CHAR,FT020P0,1,NORMAL,VALID,VISIBLE,NO,UNIQUE,Y,Y,N,N,,MEDIUM,Good candidate for equality or IN pre-filter.
F1_BUS_EVT_LOG,MAINT_OBJ_CD,CHAR,FT020S2,1,NORMAL,VALID,VISIBLE,NO,NONUNIQUE,Y,Y,N,N,,MEDIUM,Good candidate for equality or IN pre-filter.
F1_BUS_EVT_LOG,USER_ID,CHAR,FT020S1,1,NORMAL,VALID,VISIBLE,NO,NONUNIQUE,Y,Y,N,N,,MEDIUM,Good candidate for equality or IN pre-filter.
F1_BUS_EVT_LOG_CHAR,BUS_EVT_LOG_ID,CHAR,FT021P0,1,NORMAL,VALID,VISIBLE,NO,UNIQUE,Y,Y,N,N,,MEDIUM,Good candidate for equality or IN pre-filter.
F1_BUS_EVT_LOG_CHAR,SRCH_CHAR_VAL,VARCHAR2,FT021S1,1,NORMAL,VALID,VISIBLE,NO,NONUNIQUE,Y,Y,N,N,,MEDIUM,Good candidate for equality or IN pre-filter.
F1_BUS_EVT_LOG_K,BUS_EVT_LOG_ID,CHAR,FT025P0,1,IOT - TOP,VALID,VISIBLE,NO,UNIQUE,Y,Y,N,N,,MEDIUM,Good candidate for equality or IN pre-filter.
F1_BUS_EVT_LOG_MSG_PARM,BUS_EVT_LOG_ID,CHAR,FT022P0,1,NORMAL,VALID,VISIBLE,NO,UNIQUE,Y,Y,N,N,,MEDIUM,Good candidate for equality or IN pre-filter.
F1_BUS_FLG,BO_STATUS_CD,CHAR,F1T681S1,1,NORMAL,VALID,VISIBLE,NO,UNIQUE,Y,Y,N,N,,MEDIUM,Good candidate for equality or IN pre-filter.
F1_BUS_FLG,BUS_FLG_ID,CHAR,F1T681P0,1,NORMAL,VALID,VISIBLE,NO,UNIQUE,Y,Y,N,N,,MEDIUM,Good candidate for equality or IN pre-filter.
F1_BUS_FLG_CHAR,BUS_FLG_ID,CHAR,F1T684P0,1,NORMAL,VALID,VISIBLE,NO,UNIQUE,Y,Y,N,N,,MEDIUM,Good candidate for equality or IN pre-filter.
F1_BUS_FLG_CHAR,SRCH_CHAR_VAL,VARCHAR2,F1T684S0,1,NORMAL,VALID,VISIBLE,NO,NONUNIQUE,Y,Y,N,N,,MEDIUM,Good candidate for equality or IN pre-filter.
F1_BUS_FLG_K,BUS_FLG_ID,CHAR,F1T687P0,1,IOT - TOP,VALID,VISIBLE,NO,UNIQUE,Y,Y,N,N,,MEDIUM,Good candidate for equality or IN pre-filter.
F1_BUS_FLG_LOG,BUS_FLG_ID,CHAR,F1T685P0,1,NORMAL,VALID,VISIBLE,NO,UNIQUE,Y,Y,N,N,,MEDIUM,Good candidate for equality or IN pre-filter.
F1_BUS_FLG_LOG,CHAR_TYPE_CD,CHAR,F1T685S1,1,NORMAL,VALID,VISIBLE,NO,NONUNIQUE,Y,Y,N,N,,MEDIUM,Good candidate for equality or IN pre-filter.
F1_BUS_FLG_LOG,CHAR_TYPE_CD,CHAR,F1T685S2,1,NORMAL,VALID,VISIBLE,NO,NONUNIQUE,Y,Y,N,N,,MEDIUM,Good candidate for equality or IN pre-filter.
F1_BUS_FLG_LOG_PARM,BUS_FLG_ID,CHAR,F1T686P0,1,NORMAL,VALID,VISIBLE,NO,UNIQUE,Y,Y,N,N,,MEDIUM,Good candidate for equality or IN pre-filter.
F1_BUS_FLG_REL,BUS_FLG_ID,CHAR,F1T682P0,1,NORMAL,VALID,VISIBLE,NO,UNIQUE,Y,Y,N,N,,MEDIUM,Good candidate for equality or IN pre-filter.
F1_BUS_FLG_REL_OBJ,BUS_FLG_ID,CHAR,F1T683P0,1,NORMAL,VALID,VISIBLE,NO,UNIQUE,Y,Y,N,N,,MEDIUM,Good candidate for equality or IN pre-filter.
F1_BUS_FLG_TYPE,BUS_FLG_TYPE_CD,VARCHAR2,F1C677P0,1,NORMAL,VALID,VISIBLE,NO,UNIQUE,Y,Y,N,N,,MEDIUM,Good candidate for equality or IN pre-filter.
F1_BUS_FLG_TYPE_ALG,BUS_FLG_TYPE_CD,VARCHAR2,F1C678P0,1,NORMAL,VALID,VISIBLE,NO,UNIQUE,Y,Y,N,N,,MEDIUM,Good candidate for equality or IN pre-filter.
F1_BUS_FLG_TYPE_BUS_PROC,BUS_FLG_TYPE_CD,VARCHAR2,F1C689P0,1,NORMAL,VALID,VISIBLE,NO,UNIQUE,Y,Y,N,N,,MEDIUM,Good candidate for equality or IN pre-filter.
F1_BUS_FLG_TYPE_CHAR,BUS_FLG_TYPE_CD,VARCHAR2,F1C679P0,1,NORMAL,VALID,VISIBLE,NO,UNIQUE,Y,Y,N,N,,MEDIUM,Good candidate for equality or IN pre-filter.
F1_BUS_FLG_TYPE_CHAR,SRCH_CHAR_VAL,VARCHAR2,F1C679S1,1,NORMAL,VALID,VISIBLE,NO,NONUNIQUE,Y,Y,N,N,,MEDIUM,Good candidate for equality or IN pre-filter.
F1_BUS_FLG_TYPE_L,BUS_FLG_TYPE_CD,VARCHAR2,F1C680P0,1,NORMAL,VALID,VISIBLE,NO,UNIQUE,Y,Y,N,N,,MEDIUM,Good candidate for equality or IN pre-filter.
F1_BUS_OBJ,BUS_OBJ_CD,CHAR,FC023P0,1,NORMAL,VALID,VISIBLE,NO,UNIQUE,Y,Y,N,N,,MEDIUM,Good candidate for equality or IN pre-filter.
F1_BUS_OBJ,BUS_OBJ_CD,CHAR,FC023S1,1,NORMAL,VALID,VISIBLE,NO,UNIQUE,Y,Y,N,N,,MEDIUM,Good candidate for equality or IN pre-filter.
F1_BUS_OBJ_ALG,BUS_OBJ_CD,CHAR,FC041P0,1,NORMAL,VALID,VISIBLE,NO,UNIQUE,Y,Y,N,N,,MEDIUM,Good candidate for equality or IN pre-filter.
F1_BUS_OBJ_L,BUS_OBJ_CD,CHAR,FC026P0,1,NORMAL,VALID,VISIBLE,NO,UNIQUE,Y,Y,N,N,,MEDIUM,Good candidate for equality or IN pre-filter.
F1_BUS_OBJ_OPT,BUS_OBJ_CD,CHAR,FC100P0,1,NORMAL,VALID,VISIBLE,NO,UNIQUE,Y,Y,N,N,,MEDIUM,Good candidate for equality or IN pre-filter.
F1_BUS_OBJ_STATUS,BO_STATUS_CD,CHAR,FC045S1,1,NORMAL,VALID,VISIBLE,NO,UNIQUE,Y,Y,N,N,,MEDIUM,Good candidate for equality or IN pre-filter.
F1_BUS_OBJ_STATUS,BUS_OBJ_CD,CHAR,FC045P0,1,NORMAL,VALID,VISIBLE,NO,UNIQUE,Y,Y,N,N,,MEDIUM,Good candidate for equality or IN pre-filter.
F1_BUS_OBJ_STATUS_ALG,BUS_OBJ_CD,CHAR,FC049P0,1,NORMAL,VALID,VISIBLE,NO,UNIQUE,Y,Y,N,N,,MEDIUM,Good candidate for equality or IN pre-filter.
F1_BUS_OBJ_STATUS_L,BUS_OBJ_CD,CHAR,FC047P0,1,NORMAL,VALID,VISIBLE,NO,UNIQUE,Y,Y,N,N,,MEDIUM,Good candidate for equality or IN pre-filter.
F1_BUS_OBJ_STATUS_OPT,BUS_OBJ_CD,CHAR,FC053P0,1,NORMAL,VALID,VISIBLE,NO,UNIQUE,Y,Y,N,N,,MEDIUM,Good candidate for equality or IN pre-filter.
F1_BUS_OBJ_STATUS_RSN,BO_STATUS_BO_CD,CHAR,FC400S1,1,NORMAL,VALID,VISIBLE,NO,NONUNIQUE,Y,Y,N,N,,MEDIUM,Good candidate for equality or IN pre-filter.
F1_BUS_OBJ_STATUS_RSN,BO_STATUS_REASON_CD,VARCHAR2,FC400P0,1,NORMAL,VALID,VISIBLE,NO,UNIQUE,Y,Y,N,N,,MEDIUM,Good candidate for equality or IN pre-filter.
F1_BUS_OBJ_STATUS_RSN_CHAR,BO_STATUS_REASON_CD,VARCHAR2,FC401P0,1,NORMAL,VALID,VISIBLE,NO,UNIQUE,Y,Y,N,N,,MEDIUM,Good candidate for equality or IN pre-filter.
F1_BUS_OBJ_STATUS_RSN_CHAR,SRCH_CHAR_VAL,VARCHAR2,FC401S1,1,NORMAL,VALID,VISIBLE,NO,NONUNIQUE,Y,Y,N,N,,MEDIUM,Good candidate for equality or IN pre-filter.
F1_BUS_OBJ_STATUS_RSN_L,BO_STATUS_REASON_CD,VARCHAR2,FC402P0,1,NORMAL,VALID,VISIBLE,NO,UNIQUE,Y,Y,N,N,,MEDIUM,Good candidate for equality or IN pre-filter.
F1_BUS_OBJ_TR_RULE,BUS_OBJ_CD,CHAR,FC051P0,1,NORMAL,VALID,VISIBLE,NO,UNIQUE,Y,Y,N,N,,MEDIUM,Good candidate for equality or IN pre-filter.
F1_BUS_OBJ_TR_RULE_L,BUS_OBJ_CD,CHAR,FC052P0,1,NORMAL,VALID,VISIBLE,NO,UNIQUE,Y,Y,N,N,,MEDIUM,Good candidate for equality or IN pre-filter.
F1_BUS_SVC,APP_SVC_ID,CHAR,FC022S1,1,NORMAL,VALID,VISIBLE,NO,NONUNIQUE,Y,Y,N,N,,MEDIUM,Good candidate for equality or IN pre-filter.
F1_BUS_SVC,BUS_SVC_CD,CHAR,FC022P0,1,NORMAL,VALID,VISIBLE,NO,UNIQUE,Y,Y,N,N,,MEDIUM,Good candidate for equality or IN pre-filter.
F1_BUS_SVC_L,BUS_SVC_CD,CHAR,FC027P0,1,NORMAL,VALID,VISIBLE,NO,UNIQUE,Y,Y,N,N,,MEDIUM,Good candidate for equality or IN pre-filter.
F1_CALENDAR_D,F1_DAY_DT,DATE,F1T916P0,1,NORMAL,VALID,VISIBLE,NO,UNIQUE,Y,Y,Y,N,,HIGH,Primary candidate for mandatory rolling window pre-filter.
F1_CALENDAR_D,F1_CAL_QUARTER_KEY,NUMBER,F1T916S3,1,NORMAL,VALID,VISIBLE,NO,NONUNIQUE,Y,Y,N,N,,MEDIUM,Good candidate for equality or IN pre-filter.
F1_CALENDAR_D,F1_CAL_YEAR,NUMBER,F1T916S4,1,NORMAL,VALID,VISIBLE,NO,NONUNIQUE,Y,Y,N,N,,MEDIUM,Good candidate for equality or IN pre-filter.
F1_CALENDAR_D,F1_DAY_KEY,NUMBER,F1T916S8,1,NORMAL,VALID,VISIBLE,NO,UNIQUE,Y,Y,N,N,,MEDIUM,Good candidate for equality or IN pre-filter.
F1_CALENDAR_D,F1_FISC_PERIOD_KEY,NUMBER,F1T916S5,1,NORMAL,VALID,VISIBLE,NO,NONUNIQUE,Y,Y,N,N,,MEDIUM,Good candidate for equality or IN pre-filter.
F1_CALENDAR_D,F1_FISC_QUARTER_KEY,NUMBER,F1T916S6,1,NORMAL,VALID,VISIBLE,NO,NONUNIQUE,Y,Y,N,N,,MEDIUM,Good candidate for equality or IN pre-filter.
F1_CALENDAR_D,F1_FISC_YEAR,NUMBER,F1T916S7,1,NORMAL,VALID,VISIBLE,NO,NONUNIQUE,Y,Y,N,N,,MEDIUM,Good candidate for equality or IN pre-filter.
F1_CALENDAR_D,F1_MONTH_KEY,NUMBER,F1T916S2,1,NORMAL,VALID,VISIBLE,NO,NONUNIQUE,Y,Y,N,N,,MEDIUM,Good candidate for equality or IN pre-filter.
F1_CALENDAR_D,F1_WEEK_KEY,NUMBER,F1T916S1,1,NORMAL,VALID,VISIBLE,NO,NONUNIQUE,Y,Y,N,N,,MEDIUM,Good candidate for equality or IN pre-filter.
F1_COLOR_OPT,COLOR_OPT_CD,VARCHAR2,F1C787P0,1,NORMAL,VALID,VISIBLE,NO,UNIQUE,Y,Y,N,N,,MEDIUM,Good candidate for equality or IN pre-filter.
F1_COLOR_OPT_ITEM,COLOR_OPT_CD,VARCHAR2,F1C789P0,1,NORMAL,VALID,VISIBLE,NO,UNIQUE,Y,Y,N,N,,MEDIUM,Good candidate for equality or IN pre-filter.
F1_COLOR_OPT_L,COLOR_OPT_CD,VARCHAR2,F1C788P0,1,NORMAL,VALID,VISIBLE,NO,UNIQUE,Y,Y,N,N,,MEDIUM,Good candidate for equality or IN pre-filter.
F1_CRYPTO_KEY,KEY_RING_CD,CHAR,F1C753P0,1,NORMAL,VALID,VISIBLE,NO,UNIQUE,Y,Y,N,N,,MEDIUM,Good candidate for equality or IN pre-filter.
F1_CRYPTO_KEY_RING,BO_STATUS_CD,CHAR,F1C749S1,1,NORMAL,VALID,VISIBLE,NO,NONUNIQUE,Y,Y,N,N,,MEDIUM,Good candidate for equality or IN pre-filter.
F1_CRYPTO_KEY_RING,KEY_RING_CD,CHAR,F1C749P0,1,NORMAL,VALID,VISIBLE,NO,UNIQUE,Y,Y,N,N,,MEDIUM,Good candidate for equality or IN pre-filter.
F1_CRYPTO_KEY_RING_L,KEY_RING_CD,CHAR,F1C750P0,1,NORMAL,VALID,VISIBLE,NO,UNIQUE,Y,Y,N,N,,MEDIUM,Good candidate for equality or IN pre-filter.
F1_CRYPTO_KEY_RING_LINK,EXT_KEY_RING_CD,CHAR,F1C754P0,1,NORMAL,VALID,VISIBLE,NO,UNIQUE,Y,Y,N,N,,MEDIUM,Good candidate for equality or IN pre-filter.
F1_CRYPTO_KEY_RING_LOG,CHAR_TYPE_CD,CHAR,F1C751S1,1,NORMAL,VALID,VISIBLE,NO,NONUNIQUE,Y,Y,N,N,,MEDIUM,Good candidate for equality or IN pre-filter.
F1_CRYPTO_KEY_RING_LOG,CHAR_TYPE_CD,CHAR,F1C751S2,1,NORMAL,VALID,VISIBLE,NO,NONUNIQUE,Y,Y,N,N,,MEDIUM,Good candidate for equality or IN pre-filter.
F1_CRYPTO_KEY_RING_LOG,KEY_RING_CD,CHAR,F1C751P0,1,NORMAL,VALID,VISIBLE,NO,UNIQUE,Y,Y,N,N,,MEDIUM,Good candidate for equality or IN pre-filter.
F1_CRYPTO_KEY_RING_LOG_PARM,KEY_RING_CD,CHAR,F1C752P0,1,NORMAL,VALID,VISIBLE,NO,UNIQUE,Y,Y,N,N,,MEDIUM,Good candidate for equality or IN pre-filter.
F1_CUBE_TYPE,CUBE_TYPE_CD,VARCHAR2,F1C747P0,1,NORMAL,VALID,VISIBLE,NO,UNIQUE,Y,Y,N,N,,MEDIUM,Good candidate for equality or IN pre-filter.
F1_CUBE_TYPE_L,CUBE_TYPE_CD,VARCHAR2,F1C748P0,1,NORMAL,VALID,VISIBLE,NO,UNIQUE,Y,Y,N,N,,MEDIUM,Good candidate for equality or IN pre-filter.
F1_CUBE_VIEW,BO_STATUS_CD,CHAR,F1T752S1,1,NORMAL,VALID,VISIBLE,NO,NONUNIQUE,Y,Y,N,N,,MEDIUM,Good candidate for equality or IN pre-filter.
F1_CUBE_VIEW,CUBE_VIEW_CD,VARCHAR2,F1T752P0,1,NORMAL,VALID,VISIBLE,NO,UNIQUE,Y,Y,N,N,,MEDIUM,Good candidate for equality or IN pre-filter.
F1_CUBE_VIEW_L,CUBE_VIEW_CD,VARCHAR2,F1T753P0,1,NORMAL,VALID,VISIBLE,NO,UNIQUE,Y,Y,N,N,,MEDIUM,Good candidate for equality or IN pre-filter.
F1_CUBE_VIEW_LOG,CHAR_TYPE_CD,CHAR,F1T754S1,1,NORMAL,VALID,VISIBLE,NO,NONUNIQUE,Y,Y,N,N,,MEDIUM,Good candidate for equality or IN pre-filter.
F1_CUBE_VIEW_LOG,CHAR_TYPE_CD,CHAR,F1T754S2,1,NORMAL,VALID,VISIBLE,NO,NONUNIQUE,Y,Y,N,N,,MEDIUM,Good candidate for equality or IN pre-filter.
F1_CUBE_VIEW_LOG,CUBE_VIEW_CD,VARCHAR2,F1T754P0,1,NORMAL,VALID,VISIBLE,NO,UNIQUE,Y,Y,N,N,,MEDIUM,Good candidate for equality or IN pre-filter.
F1_CUBE_VIEW_LOG_PARM,CUBE_VIEW_CD,VARCHAR2,F1T755P0,1,NORMAL,VALID,VISIBLE,NO,UNIQUE,Y,Y,N,N,,MEDIUM,Good candidate for equality or IN pre-filter.
F1_DATA_AREA,DATA_AREA_CD,CHAR,FC025P0,1,NORMAL,VALID,VISIBLE,NO,UNIQUE,Y,Y,N,N,,MEDIUM,Good candidate for equality or IN pre-filter.
F1_DATA_AREA_L,DATA_AREA_CD,CHAR,FC208P0,1,NORMAL,VALID,VISIBLE,NO,UNIQUE,Y,Y,N,N,,MEDIUM,Good candidate for equality or IN pre-filter.
F1_DATA_EXPORT_CTRL,F1_DATA_EXPORT_CD,VARCHAR2,F1C765P0,1,NORMAL,VALID,VISIBLE,NO,UNIQUE,Y,Y,N,N,,MEDIUM,Good candidate for equality or IN pre-filter.
F1_DATA_EXPORT_CTRL,MAINT_OBJ_CD,CHAR,F1C765S1,1,NORMAL,VALID,VISIBLE,NO,UNIQUE,Y,Y,N,N,,MEDIUM,Good candidate for equality or IN pre-filter.
F1_DATA_EXPORT_CTRL_LOG,CHAR_TYPE_CD,CHAR,F1C766S1,1,NORMAL,VALID,VISIBLE,NO,NONUNIQUE,Y,Y,N,N,,MEDIUM,Good candidate for equality or IN pre-filter.
F1_DATA_EXPORT_CTRL_LOG,CHAR_TYPE_CD,CHAR,F1C766S2,1,NORMAL,VALID,VISIBLE,NO,NONUNIQUE,Y,Y,N,N,,MEDIUM,Good candidate for equality or IN pre-filter.
F1_DATA_EXPORT_CTRL_LOG,F1_DATA_EXPORT_CD,VARCHAR2,F1C766P0,1,NORMAL,VALID,VISIBLE,NO,UNIQUE,Y,Y,N,N,,MEDIUM,Good candidate for equality or IN pre-filter.
F1_DATA_EXPORT_CTRL_LOG_PARM,F1_DATA_EXPORT_CD,VARCHAR2,F1C767P0,1,NORMAL,VALID,VISIBLE,NO,UNIQUE,Y,Y,N,N,,MEDIUM,Good candidate for equality or IN pre-filter.
F1_DB_OBJECTS_REPO,DB_OBJECT_NAME,VARCHAR2,F1C009P0,1,NORMAL,VALID,VISIBLE,NO,UNIQUE,Y,Y,N,N,,MEDIUM,Good candidate for equality or IN pre-filter.
F1_DB_OBJECTS_REPO,TBL_NAME,CHAR,F1C009S1,1,NORMAL,VALID,VISIBLE,NO,NONUNIQUE,Y,Y,N,N,,MEDIUM,Good candidate for equality or IN pre-filter.
F1_DEPLOYMENT,F1_DEPLOYMENT_ID,CHAR,F1T718P0,1,NORMAL,VALID,VISIBLE,NO,UNIQUE,Y,Y,N,N,,MEDIUM,Good candidate for equality or IN pre-filter.
F1_DEPLOYMENT_ITEM,F1_DEPLOYMENT_PART_CD,CHAR,F1T717P0,1,NORMAL,VALID,VISIBLE,NO,UNIQUE,Y,Y,N,N,,MEDIUM,Good candidate for equality or IN pre-filter.
F1_DEPLOYMENT_ITEM,F1_DEPLOYMENT_PART_CD,CHAR,F1T717S1,1,NORMAL,VALID,VISIBLE,NO,NONUNIQUE,Y,Y,N,N,,MEDIUM,Good candidate for equality or IN pre-filter.
F1_DEPLOYMENT_ITEM_METADATA,F1_DEPLOYMENT_ID,CHAR,F1T719P0,1,NORMAL,VALID,VISIBLE,NO,UNIQUE,Y,Y,N,N,,MEDIUM,Good candidate for equality or IN pre-filter.
F1_DEPLOYMENT_K,F1_DEPLOYMENT_ID,CHAR,F1T913P0,1,IOT - TOP,VALID,VISIBLE,NO,UNIQUE,Y,Y,N,N,,MEDIUM,Good candidate for equality or IN pre-filter.
F1_DEPLOYMENT_PART,F1_DEPLOYMENT_PART_CD,CHAR,F1M715P0,1,NORMAL,VALID,VISIBLE,NO,UNIQUE,Y,Y,N,N,,MEDIUM,Good candidate for equality or IN pre-filter.
F1_DEPLOYMENT_PART_L,DESCR,VARCHAR2,F1M716S1,1,NORMAL,VALID,VISIBLE,NO,NONUNIQUE,Y,Y,N,N,,MEDIUM,Good candidate for equality or IN pre-filter.
F1_DEPLOYMENT_PART_L,F1_DEPLOYMENT_PART_CD,CHAR,F1M716P0,1,NORMAL,VALID,VISIBLE,NO,UNIQUE,Y,Y,N,N,,MEDIUM,Good candidate for equality or IN pre-filter.
F1_DEPLOYMENT_TYPE,F1_DEPLOYMENT_TYPE_CD,VARCHAR2,F1M720P0,1,NORMAL,VALID,VISIBLE,NO,UNIQUE,Y,Y,N,N,,MEDIUM,Good candidate for equality or IN pre-filter.
F1_DEPLOYMENT_TYPE_L,F1_DEPLOYMENT_TYPE_CD,VARCHAR2,F1M721P0,1,NORMAL,VALID,VISIBLE,NO,UNIQUE,Y,Y,N,N,,MEDIUM,Good candidate for equality or IN pre-filter.
F1_DEPTYP_DEPPART,F1_DEPLOYMENT_TYPE_CD,VARCHAR2,F1T722P0,1,NORMAL,VALID,VISIBLE,NO,UNIQUE,Y,Y,N,N,,MEDIUM,Good candidate for equality or IN pre-filter.
F1_DEPTYP_MDT_TYPE,F1_DEPLOYMENT_TYPE_CD,VARCHAR2,F1T723P0,1,NORMAL,VALID,VISIBLE,NO,UNIQUE,Y,Y,N,N,,MEDIUM,Good candidate for equality or IN pre-filter.
F1_DEPTYP_MSG_CAT,F1_DEPLOYMENT_TYPE_CD,VARCHAR2,F1T724P0,1,NORMAL,VALID,VISIBLE,NO,UNIQUE,Y,Y,N,N,,MEDIUM,Good candidate for equality or IN pre-filter.
F1_DEPTYP_USR_GRP,F1_DEPLOYMENT_TYPE_CD,VARCHAR2,F1T725P0,1,NORMAL,VALID,VISIBLE,NO,UNIQUE,Y,Y,N,N,,MEDIUM,Good candidate for equality or IN pre-filter.
F1_ERASURE_SCHED,BO_STATUS_CD,CHAR,F1T756S1,1,NORMAL,VALID,VISIBLE,NO,NONUNIQUE,Y,Y,N,N,,MEDIUM,Good candidate for equality or IN pre-filter.
F1_ERASURE_SCHED,ERASURE_SCHED_ID,CHAR,F1T756P0,1,NORMAL,VALID,VISIBLE,NO,UNIQUE,Y,Y,N,N,,MEDIUM,Good candidate for equality or IN pre-filter.
F1_ERASURE_SCHED_K,ERASURE_SCHED_ID,CHAR,F1T912P0,1,IOT - TOP,VALID,VISIBLE,NO,UNIQUE,Y,Y,N,N,,MEDIUM,Good candidate for equality or IN pre-filter.
F1_ERASURE_SCHED_LOG,CHAR_TYPE_CD,CHAR,F1T757S1,1,NORMAL,VALID,VISIBLE,NO,NONUNIQUE,Y,Y,N,N,,MEDIUM,Good candidate for equality or IN pre-filter.
F1_ERASURE_SCHED_LOG,CHAR_TYPE_CD,CHAR,F1T757S2,1,NORMAL,VALID,VISIBLE,NO,NONUNIQUE,Y,Y,N,N,,MEDIUM,Good candidate for equality or IN pre-filter.
F1_ERASURE_SCHED_LOG,ERASURE_SCHED_ID,CHAR,F1T757P0,1,NORMAL,VALID,VISIBLE,NO,UNIQUE,Y,Y,N,N,,MEDIUM,Good candidate for equality or IN pre-filter.
F1_ERASURE_SCHED_LOG_PARM,ERASURE_SCHED_ID,CHAR,F1T758P0,1,NORMAL,VALID,VISIBLE,NO,UNIQUE,Y,Y,N,N,,MEDIUM,Good candidate for equality or IN pre-filter.
F1_ETL_MP_CTRL,TARGET_TBL,CHAR,F1C688P0,1,NORMAL,VALID,VISIBLE,NO,UNIQUE,Y,Y,N,N,,MEDIUM,Good candidate for equality or IN pre-filter.
F1_EXTSYS_OUTMSG_PROF,NT_XID_CD,CHAR,FC013P0,1,NORMAL,VALID,VISIBLE,NO,UNIQUE,Y,Y,N,N,,MEDIUM,Good candidate for equality or IN pre-filter.
F1_EXT_LOOKUP_VAL,BUS_OBJ_CD,CHAR,FC336P0,1,NORMAL,VALID,VISIBLE,NO,UNIQUE,Y,Y,N,N,,MEDIUM,Good candidate for equality or IN pre-filter.
F1_EXT_LOOKUP_VAL_CHAR,BUS_OBJ_CD,CHAR,F1C675P0,1,NORMAL,VALID,VISIBLE,NO,UNIQUE,Y,Y,N,N,,MEDIUM,Good candidate for equality or IN pre-filter.
F1_EXT_LOOKUP_VAL_CHAR,SRCH_CHAR_VAL,VARCHAR2,F1C675S1,1,NORMAL,VALID,VISIBLE,NO,NONUNIQUE,Y,Y,N,N,,MEDIUM,Good candidate for equality or IN pre-filter.
F1_EXT_LOOKUP_VAL_L,BUS_OBJ_CD,CHAR,FC337P0,1,NORMAL,VALID,VISIBLE,NO,UNIQUE,Y,Y,N,N,,MEDIUM,Good candidate for equality or IN pre-filter.
F1_FACT,BO_STATUS_CD,CHAR,FT030S1,1,NORMAL,VALID,VISIBLE,NO,UNIQUE,Y,Y,N,N,,MEDIUM,Good candidate for equality or IN pre-filter.
F1_FACT,FACT_ID,CHAR,FT030P0,1,NORMAL,VALID,VISIBLE,NO,UNIQUE,Y,Y,N,N,,MEDIUM,Good candidate for equality or IN pre-filter.
F1_FACT_CHAR,FACT_ID,CHAR,FT033P0,1,NORMAL,VALID,VISIBLE,NO,UNIQUE,Y,Y,N,N,,MEDIUM,Good candidate for equality or IN pre-filter.
F1_FACT_CHAR,SRCH_CHAR_VAL,VARCHAR2,FT033S1,1,NORMAL,VALID,VISIBLE,NO,NONUNIQUE,Y,Y,N,N,,MEDIUM,Good candidate for equality or IN pre-filter.
F1_FACT_K,FACT_ID,CHAR,FT034P0,1,IOT - TOP,VALID,VISIBLE,NO,UNIQUE,Y,Y,N,N,,MEDIUM,Good candidate for equality or IN pre-filter.
F1_FACT_LOG,CHAR_TYPE_CD,CHAR,FT031S1,1,NORMAL,VALID,VISIBLE,NO,NONUNIQUE,Y,Y,N,N,,MEDIUM,Good candidate for equality or IN pre-filter.
F1_FACT_LOG,CHAR_TYPE_CD,CHAR,FT031S2,1,NORMAL,VALID,VISIBLE,NO,NONUNIQUE,Y,Y,N,N,,MEDIUM,Good candidate for equality or IN pre-filter.
F1_FACT_LOG,FACT_ID,CHAR,FT031P0,1,NORMAL,VALID,VISIBLE,NO,UNIQUE,Y,Y,N,N,,MEDIUM,Good candidate for equality or IN pre-filter.
F1_FACT_LOG_PARM,FACT_ID,CHAR,FT032P0,1,NORMAL,VALID,VISIBLE,NO,UNIQUE,Y,Y,N,N,,MEDIUM,Good candidate for equality or IN pre-filter.
F1_FILE_INT_REC,FILE_INT_TYPE_CD,VARCHAR2,F1C773P0,1,NORMAL,VALID,VISIBLE,NO,UNIQUE,Y,Y,N,N,,MEDIUM,Good candidate for equality or IN pre-filter.
F1_FILE_INT_REC_ALG,FILE_INT_TYPE_CD,VARCHAR2,F1C775P0,1,NORMAL,VALID,VISIBLE,NO,UNIQUE,Y,Y,N,N,,MEDIUM,Good candidate for equality or IN pre-filter.
F1_FILE_INT_REC_L,FILE_INT_TYPE_CD,VARCHAR2,F1C774P0,1,NORMAL,VALID,VISIBLE,NO,UNIQUE,Y,Y,N,N,,MEDIUM,Good candidate for equality or IN pre-filter.
F1_FILE_INT_TYPE,FILE_INT_TYPE_CD,VARCHAR2,F1C771P0,1,NORMAL,VALID,VISIBLE,NO,UNIQUE,Y,Y,N,N,,MEDIUM,Good candidate for equality or IN pre-filter.
F1_FILE_INT_TYPE_L,FILE_INT_TYPE_CD,VARCHAR2,F1C772P0,1,NORMAL,VALID,VISIBLE,NO,UNIQUE,Y,Y,N,N,,MEDIUM,Good candidate for equality or IN pre-filter.
F1_GEN_PROC,BATCH_CD,CHAR,F1T064S1,1,NORMAL,VALID,VISIBLE,NO,UNIQUE,Y,Y,N,N,,MEDIUM,Good candidate for equality or IN pre-filter.
F1_GEN_PROC,GEN_PROC_ID,CHAR,F1T064P0,1,NORMAL,VALID,VISIBLE,NO,UNIQUE,Y,Y,N,N,,MEDIUM,Good candidate for equality or IN pre-filter.
F1_GEN_PROC,MAINT_OBJ_CD,CHAR,F1T064S2,1,NORMAL,VALID,VISIBLE,NO,NONUNIQUE,Y,Y,N,N,,MEDIUM,Good candidate for equality or IN pre-filter.
F1_GEN_PROC_K,GEN_PROC_ID,CHAR,F1T065P0,1,IOT - TOP,VALID,VISIBLE,NO,UNIQUE,Y,Y,N,N,,MEDIUM,Good candidate for equality or IN pre-filter.
F1_GNRL_AUDIT,AUDIT_ID,CHAR,F1T901P0,1,NORMAL,VALID,VISIBLE,NO,UNIQUE,Y,Y,N,N,,MEDIUM,Good candidate for equality or IN pre-filter.
F1_GNRL_AUDIT,AUDIT_ID,CHAR,F1T901S2,1,NORMAL,VALID,VISIBLE,NO,NONUNIQUE,Y,Y,N,N,,MEDIUM,Good candidate for equality or IN pre-filter.
F1_GNRL_AUDIT,USER_ID,CHAR,F1T901S1,1,NORMAL,VALID,VISIBLE,NO,NONUNIQUE,Y,Y,N,N,,MEDIUM,Good candidate for equality or IN pre-filter.
F1_GNRL_AUDIT_CHAR,AUDIT_ID,CHAR,F1C504P0,1,NORMAL,VALID,VISIBLE,NO,UNIQUE,Y,Y,N,N,,MEDIUM,Good candidate for equality or IN pre-filter.
F1_GNRL_AUDIT_CHAR,SRCH_CHAR_VAL,VARCHAR2,F1C504S1,1,NORMAL,VALID,VISIBLE,NO,NONUNIQUE,Y,Y,N,N,,MEDIUM,Good candidate for equality or IN pre-filter.
F1_GNRL_AUDIT_K,AUDIT_ID,CHAR,F1T903P0,1,IOT - TOP,VALID,VISIBLE,NO,UNIQUE,Y,Y,N,N,,MEDIUM,Good candidate for equality or IN pre-filter.
F1_GNRL_AUDIT_VAL,AUDIT_ID,CHAR,F1T902P0,1,NORMAL,VALID,VISIBLE,NO,UNIQUE,Y,Y,N,N,,MEDIUM,Good candidate for equality or IN pre-filter.
F1_GNRL_AUDIT_VAL,AUDIT_ID,CHAR,F1T902S1,1,NORMAL,VALID,VISIBLE,NO,NONUNIQUE,Y,Y,N,N,,MEDIUM,Good candidate for equality or IN pre-filter.
F1_INSIGHT_GRP,INSIGHT_GRP_CD,VARCHAR2,F1C801P0,1,NORMAL,VALID,VISIBLE,NO,UNIQUE,Y,Y,N,N,,MEDIUM,Good candidate for equality or IN pre-filter.
F1_INSIGHT_GRP_CHAR,INSIGHT_GRP_CD,VARCHAR2,F1C803P0,1,NORMAL,VALID,VISIBLE,NO,UNIQUE,Y,Y,N,N,,MEDIUM,Good candidate for equality or IN pre-filter.
F1_INSIGHT_GRP_CHAR,SRCH_CHAR_VAL,VARCHAR2,F1C803S1,1,NORMAL,VALID,VISIBLE,NO,NONUNIQUE,Y,Y,N,N,,MEDIUM,Good candidate for equality or IN pre-filter.
F1_INSIGHT_GRP_L,INSIGHT_GRP_CD,VARCHAR2,F1C802P0,1,NORMAL,VALID,VISIBLE,NO,UNIQUE,Y,Y,N,N,,MEDIUM,Good candidate for equality or IN pre-filter.
F1_INSIGHT_GRP_TYPE,INSIGHT_GRP_CD,VARCHAR2,F1C805P0,1,NORMAL,VALID,VISIBLE,NO,UNIQUE,Y,Y,N,N,,MEDIUM,Good candidate for equality or IN pre-filter.
F1_INSIGHT_GRP_VISUAL_STR,INSIGHT_GRP_CD,VARCHAR2,F1C804P0,1,NORMAL,VALID,VISIBLE,NO,UNIQUE,Y,Y,N,N,,MEDIUM,Good candidate for equality or IN pre-filter.
F1_INSIGHT_TYPE,INSIGHT_TYPE_CD,VARCHAR2,F1C780P0,1,NORMAL,VALID,VISIBLE,NO,UNIQUE,Y,Y,N,N,,MEDIUM,Good candidate for equality or IN pre-filter.
F1_INSIGHT_TYPE_ALG,INSIGHT_TYPE_CD,VARCHAR2,F1C783P0,1,NORMAL,VALID,VISIBLE,NO,UNIQUE,Y,Y,N,N,,MEDIUM,Good candidate for equality or IN pre-filter.
F1_INSIGHT_TYPE_CHAR,INSIGHT_TYPE_CD,VARCHAR2,F1C781P0,1,NORMAL,VALID,VISIBLE,NO,UNIQUE,Y,Y,N,N,,MEDIUM,Good candidate for equality or IN pre-filter.
F1_INSIGHT_TYPE_CHAR,SRCH_CHAR_VAL,VARCHAR2,F1C781S1,1,NORMAL,VALID,VISIBLE,NO,NONUNIQUE,Y,Y,N,N,,MEDIUM,Good candidate for equality or IN pre-filter.
F1_INSIGHT_TYPE_L,INSIGHT_TYPE_CD,VARCHAR2,F1C782P0,1,NORMAL,VALID,VISIBLE,NO,UNIQUE,Y,Y,N,N,,MEDIUM,Good candidate for equality or IN pre-filter.
F1_INSIGHT_TYPE_USER_ACT,INSIGHT_TYPE_CD,VARCHAR2,F1C784P0,1,NORMAL,VALID,VISIBLE,NO,UNIQUE,Y,Y,N,N,,MEDIUM,Good candidate for equality or IN pre-filter.
F1_INSIGHT_TYPE_USER_ACT_ALG,INSIGHT_TYPE_CD,VARCHAR2,F1C785P0,1,NORMAL,VALID,VISIBLE,NO,UNIQUE,Y,Y,N,N,,MEDIUM,Good candidate for equality or IN pre-filter.
F1_INSIGHT_TYPE_VISUAL_SETTING,INSIGHT_TYPE_CD,VARCHAR2,F1C786P0,1,NORMAL,VALID,VISIBLE,NO,UNIQUE,Y,Y,N,N,,MEDIUM,Good candidate for equality or IN pre-filter.
F1_INSTALLATION,INSTALL_OPT_ID,CHAR,XC283P0,1,NORMAL,VALID,VISIBLE,NO,UNIQUE,Y,Y,N,N,,MEDIUM,Good candidate for equality or IN pre-filter.
F1_IWS_ANN,ANN_CD,CHAR,F1C487P0,1,NORMAL,VALID,VISIBLE,NO,UNIQUE,Y,Y,N,N,,MEDIUM,Good candidate for equality or IN pre-filter.
F1_IWS_ANN_L,ANN_CD,CHAR,F1C484P0,1,NORMAL,VALID,VISIBLE,NO,UNIQUE,Y,Y,N,N,,MEDIUM,Good candidate for equality or IN pre-filter.
F1_IWS_ANN_PARM,ANN_CD,CHAR,F1C485P0,1,NORMAL,VALID,VISIBLE,NO,UNIQUE,Y,Y,N,N,,MEDIUM,Good candidate for equality or IN pre-filter.
F1_IWS_ANN_TYPE,ANN_TYPE_CD,CHAR,F1C490P0,1,NORMAL,VALID,VISIBLE,NO,UNIQUE,Y,Y,N,N,,MEDIUM,Good candidate for equality or IN pre-filter.
F1_IWS_ANN_TYPE_L,ANN_TYPE_CD,CHAR,F1C489P0,1,NORMAL,VALID,VISIBLE,NO,UNIQUE,Y,Y,N,N,,MEDIUM,Good candidate for equality or IN pre-filter.
F1_IWS_ANN_TYPE_PARM,ANN_TYPE_CD,CHAR,F1C491P0,1,NORMAL,VALID,VISIBLE,NO,UNIQUE,Y,Y,N,N,,MEDIUM,Good candidate for equality or IN pre-filter.
F1_IWS_ANN_TYPE_PARM_L,ANN_TYPE_CD,CHAR,F1C488P0,1,NORMAL,VALID,VISIBLE,NO,UNIQUE,Y,Y,N,N,,MEDIUM,Good candidate for equality or IN pre-filter.
F1_IWS_SVC,IN_SVC_NAME,VARCHAR2,F1C481P0,1,NORMAL,VALID,VISIBLE,NO,UNIQUE,Y,Y,N,N,,MEDIUM,Good candidate for equality or IN pre-filter.
F1_IWS_SVC_ANN,IN_SVC_NAME,VARCHAR2,F1C486P0,1,NORMAL,VALID,VISIBLE,NO,UNIQUE,Y,Y,N,N,,MEDIUM,Good candidate for equality or IN pre-filter.
F1_IWS_SVC_CHAR,IN_SVC_NAME,VARCHAR2,F1C501P0,1,NORMAL,VALID,VISIBLE,NO,UNIQUE,Y,Y,N,N,,MEDIUM,Good candidate for equality or IN pre-filter.
F1_IWS_SVC_CHAR,SRCH_CHAR_VAL,VARCHAR2,F1C501S1,1,NORMAL,VALID,VISIBLE,NO,NONUNIQUE,Y,Y,N,N,,MEDIUM,Good candidate for equality or IN pre-filter.
F1_IWS_SVC_FLDTEXT,IN_SVC_NAME,VARCHAR2,F1C903P0,1,NORMAL,VALID,VISIBLE,NO,UNIQUE,Y,Y,N,N,,MEDIUM,Good candidate for equality or IN pre-filter.
F1_IWS_SVC_L,IN_SVC_NAME,VARCHAR2,F1C480P0,1,NORMAL,VALID,VISIBLE,NO,UNIQUE,Y,Y,N,N,,MEDIUM,Good candidate for equality or IN pre-filter.
F1_IWS_SVC_LOG,CHAR_TYPE_CD,CHAR,F1C502S1,1,NORMAL,VALID,VISIBLE,NO,NONUNIQUE,Y,Y,N,N,,MEDIUM,Good candidate for equality or IN pre-filter.
F1_IWS_SVC_LOG,CHAR_TYPE_CD,CHAR,F1C502S2,1,NORMAL,VALID,VISIBLE,NO,NONUNIQUE,Y,Y,N,N,,MEDIUM,Good candidate for equality or IN pre-filter.
F1_IWS_SVC_LOG,IN_SVC_NAME,VARCHAR2,F1C502P0,1,NORMAL,VALID,VISIBLE,NO,UNIQUE,Y,Y,N,N,,MEDIUM,Good candidate for equality or IN pre-filter.
F1_IWS_SVC_LOG_PARM,IN_SVC_NAME,VARCHAR2,F1C503P0,1,NORMAL,VALID,VISIBLE,NO,UNIQUE,Y,Y,N,N,,MEDIUM,Good candidate for equality or IN pre-filter.
F1_IWS_SVC_OPER,IN_SVC_NAME,VARCHAR2,F1C483P0,1,NORMAL,VALID,VISIBLE,NO,UNIQUE,Y,Y,N,N,,MEDIUM,Good candidate for equality or IN pre-filter.
F1_IWS_SVC_OPER_L,IN_SVC_NAME,VARCHAR2,F1C904P0,1,NORMAL,VALID,VISIBLE,NO,UNIQUE,Y,Y,N,N,,MEDIUM,Good candidate for equality or IN pre-filter.
F1_IWS_SVC_OPER_OPT,IN_SVC_NAME,VARCHAR2,F1C905P0,1,NORMAL,VALID,VISIBLE,NO,UNIQUE,Y,Y,N,N,,MEDIUM,Good candidate for equality or IN pre-filter.
F1_IWS_SVC_OPER_PARM,IN_SVC_NAME,VARCHAR2,F1C918P0,1,NORMAL,VALID,VISIBLE,NO,UNIQUE,Y,Y,N,N,,MEDIUM,Good candidate for equality or IN pre-filter.
F1_IWS_SVC_SCHEMA,IN_SVC_NAME,VARCHAR2,F1C902P0,1,NORMAL,VALID,VISIBLE,NO,UNIQUE,Y,Y,N,N,,MEDIUM,Good candidate for equality or IN pre-filter.
F1_KEY_HASH,F1_KEY_CD,VARCHAR2,F1T905P0,1,NORMAL,VALID,VISIBLE,NO,UNIQUE,Y,Y,N,N,,MEDIUM,Good candidate for equality or IN pre-filter.
F1_LGCY_OBJ,LGCY_OBJ_ID,CHAR,F1C712P0,1,NORMAL,VALID,VISIBLE,NO,UNIQUE,Y,Y,N,N,,MEDIUM,Good candidate for equality or IN pre-filter.
F1_LGCY_OBJ,MAINT_OBJ_CD,CHAR,F1C712S1,1,NORMAL,VALID,VISIBLE,NO,NONUNIQUE,Y,Y,N,N,,MEDIUM,Good candidate for equality or IN pre-filter.
F1_MANAG_CONTENT,MANAG_CONTENT_CD,CHAR,FC404P0,1,NORMAL,VALID,VISIBLE,NO,UNIQUE,Y,Y,N,N,,MEDIUM,Good candidate for equality or IN pre-filter.
F1_MANAG_CONTENT_L,MANAG_CONTENT_CD,CHAR,FC405P0,1,NORMAL,VALID,VISIBLE,NO,UNIQUE,Y,Y,N,N,,MEDIUM,Good candidate for equality or IN pre-filter.
F1_MAP,MAP_CD,CHAR,FC035P0,1,NORMAL,VALID,VISIBLE,NO,UNIQUE,Y,Y,N,N,,MEDIUM,Good candidate for equality or IN pre-filter.
F1_MAP_L,MAP_CD,CHAR,FC037P0,1,NORMAL,VALID,VISIBLE,NO,UNIQUE,Y,Y,N,N,,MEDIUM,Good candidate for equality or IN pre-filter.
F1_MAP_OVRD,MAP_CD,CHAR,F1C036P0,1,NORMAL,VALID,VISIBLE,NO,UNIQUE,Y,Y,N,N,,MEDIUM,Good candidate for equality or IN pre-filter.
F1_MDT,F1_DEPLOYMENT_ID,CHAR,F1T726S2,1,NORMAL,VALID,VISIBLE,NO,NONUNIQUE,Y,Y,N,N,,MEDIUM,Good candidate for equality or IN pre-filter.
F1_MDT,F1_MDT_ID,CHAR,F1T726P0,1,NORMAL,VALID,VISIBLE,NO,UNIQUE,Y,Y,N,N,,MEDIUM,Good candidate for equality or IN pre-filter.
F1_MDT,F1_MDT_TYPE_CD,CHAR,F1T726S1,1,NORMAL,VALID,VISIBLE,NO,NONUNIQUE,Y,Y,N,N,,MEDIUM,Good candidate for equality or IN pre-filter.
F1_MDT_CHAR,F1_MDT_ID,CHAR,F1T727P0,1,NORMAL,VALID,VISIBLE,NO,UNIQUE,Y,Y,N,N,,MEDIUM,Good candidate for equality or IN pre-filter.
F1_MDT_CHAR,SRCH_CHAR_VAL,VARCHAR2,F1T727S1,1,NORMAL,VALID,VISIBLE,NO,NONUNIQUE,Y,Y,N,N,,MEDIUM,Good candidate for equality or IN pre-filter.
F1_MDT_K,F1_MDT_ID,CHAR,F1T914P0,1,IOT - TOP,VALID,VISIBLE,NO,UNIQUE,Y,Y,N,N,,MEDIUM,Good candidate for equality or IN pre-filter.
F1_MDT_TYPE,F1_MDT_TYPE_CD,CHAR,F1M728P0,1,NORMAL,VALID,VISIBLE,NO,UNIQUE,Y,Y,N,N,,MEDIUM,Good candidate for equality or IN pre-filter.
F1_MDT_TYPE_CHAR,F1_MDT_TYPE_CD,CHAR,F1M730P0,1,NORMAL,VALID,VISIBLE,NO,UNIQUE,Y,Y,N,N,,MEDIUM,Good candidate for equality or IN pre-filter.
F1_MDT_TYPE_CHAR,SRCH_CHAR_VAL,VARCHAR2,F1M730S1,1,NORMAL,VALID,VISIBLE,NO,NONUNIQUE,Y,Y,N,N,,MEDIUM,Good candidate for equality or IN pre-filter.
F1_MDT_TYPE_L,F1_MDT_TYPE_CD,CHAR,F1M729P0,1,NORMAL,VALID,VISIBLE,NO,UNIQUE,Y,Y,N,N,,MEDIUM,Good candidate for equality or IN pre-filter.
F1_MD_BI_TBL,F1_BI_TBL_NAME,CHAR,F1C768P0,1,NORMAL,VALID,VISIBLE,NO,UNIQUE,Y,Y,N,N,,MEDIUM,Good candidate for equality or IN pre-filter.
F1_MD_BI_TBL_FLD,F1_BI_TBL_NAME,CHAR,F1C770P0,1,NORMAL,VALID,VISIBLE,NO,UNIQUE,Y,Y,N,N,,MEDIUM,Good candidate for equality or IN pre-filter.
F1_MD_BI_TBL_L,F1_BI_TBL_NAME,CHAR,F1C769P0,1,NORMAL,VALID,VISIBLE,NO,UNIQUE,Y,Y,N,N,,MEDIUM,Good candidate for equality or IN pre-filter.
F1_MD_DB_OBJ,DB_OBJ_NAME,VARCHAR2,FC006P0,1,NORMAL,VALID,VISIBLE,NO,UNIQUE,Y,Y,N,N,,MEDIUM,Good candidate for equality or IN pre-filter.
F1_MIGR_DATA_ST,BO_STATUS_CD,CHAR,F1T182S1,1,NORMAL,VALID,VISIBLE,NO,UNIQUE,Y,Y,N,Y,common,MEDIUM,Good candidate for equality or IN pre-filter.
F1_MIGR_DATA_ST,MIGR_DATA_SET_ID,CHAR,F1T182P0,1,NORMAL,VALID,VISIBLE,NO,UNIQUE,Y,Y,N,Y,common,MEDIUM,Good candidate for equality or IN pre-filter.
F1_MIGR_DATA_ST_ALG,MIGR_DATA_SET_ID,CHAR,F1T187P0,1,NORMAL,VALID,VISIBLE,NO,UNIQUE,Y,Y,N,N,,MEDIUM,Good candidate for equality or IN pre-filter.
F1_MIGR_DATA_ST_K,MIGR_DATA_SET_ID,CHAR,F1T186P0,1,IOT - TOP,VALID,VISIBLE,NO,UNIQUE,Y,Y,N,N,,MEDIUM,Good candidate for equality or IN pre-filter.
F1_MIGR_DATA_ST_LOG,CHAR_TYPE_CD,CHAR,F1T184S1,1,NORMAL,VALID,VISIBLE,NO,NONUNIQUE,Y,Y,N,N,,MEDIUM,Good candidate for equality or IN pre-filter.
F1_MIGR_DATA_ST_LOG,CHAR_TYPE_CD,CHAR,F1T184S2,1,NORMAL,VALID,VISIBLE,NO,NONUNIQUE,Y,Y,N,N,,MEDIUM,Good candidate for equality or IN pre-filter.
F1_MIGR_DATA_ST_LOG,MIGR_DATA_SET_ID,CHAR,F1T184P0,1,NORMAL,VALID,VISIBLE,NO,UNIQUE,Y,Y,N,N,,MEDIUM,Good candidate for equality or IN pre-filter.
F1_MIGR_DATA_ST_LOG_PARM,MIGR_DATA_SET_ID,CHAR,F1T185P0,1,NORMAL,VALID,VISIBLE,NO,UNIQUE,Y,Y,N,N,,MEDIUM,Good candidate for equality or IN pre-filter.
F1_MIGR_DATA_ST_TBL,MIGR_DATA_SET_ID,CHAR,F1T183P0,1,NORMAL,VALID,VISIBLE,NO,UNIQUE,Y,Y,N,N,,MEDIUM,Good candidate for equality or IN pre-filter.
F1_MIGR_OBJ,BO_STATUS_CD,CHAR,F1T188S1,1,NORMAL,VALID,VISIBLE,NO,UNIQUE,Y,Y,N,N,,MEDIUM,Good candidate for equality or IN pre-filter.
F1_MIGR_OBJ,MIGR_DATA_SET_ID,CHAR,F1T188S2,1,NORMAL,VALID,VISIBLE,NO,NONUNIQUE,Y,Y,N,N,,MEDIUM,Good candidate for equality or IN pre-filter.
F1_MIGR_OBJ,MIGR_OBJ_ID,CHAR,F1T188P0,1,NORMAL,VALID,VISIBLE,NO,UNIQUE,Y,Y,N,N,,MEDIUM,Good candidate for equality or IN pre-filter.
F1_MIGR_OBJ_ALG,MIGR_OBJ_ID,CHAR,F1T190P0,1,NORMAL,VALID,VISIBLE,NO,UNIQUE,Y,Y,N,N,,MEDIUM,Good candidate for equality or IN pre-filter.
F1_MIGR_OBJ_CLOB,MIGR_OBJ_ID,CHAR,F1T202P0,1,NORMAL,VALID,VISIBLE,NO,UNIQUE,Y,Y,N,N,,MEDIUM,Good candidate for equality or IN pre-filter.
F1_MIGR_OBJ_K,MIGR_OBJ_ID,CHAR,F1T205P0,1,IOT - TOP,VALID,VISIBLE,NO,UNIQUE,Y,Y,N,N,,MEDIUM,Good candidate for equality or IN pre-filter.
F1_MIGR_OBJ_LOG,CHAR_TYPE_CD,CHAR,F1T203S1,1,NORMAL,VALID,VISIBLE,NO,NONUNIQUE,Y,Y,N,N,,MEDIUM,Good candidate for equality or IN pre-filter.
F1_MIGR_OBJ_LOG,CHAR_TYPE_CD,CHAR,F1T203S2,1,NORMAL,VALID,VISIBLE,NO,NONUNIQUE,Y,Y,N,N,,MEDIUM,Good candidate for equality or IN pre-filter.
F1_MIGR_OBJ_LOG,MIGR_OBJ_ID,CHAR,F1T203P0,1,NORMAL,VALID,VISIBLE,NO,UNIQUE,Y,Y,N,N,,MEDIUM,Good candidate for equality or IN pre-filter.
F1_MIGR_OBJ_LOG_PARM,MIGR_OBJ_ID,CHAR,F1T204P0,1,NORMAL,VALID,VISIBLE,NO,UNIQUE,Y,Y,N,N,,MEDIUM,Good candidate for equality or IN pre-filter.
F1_MIGR_OBJ_SQL,MIGR_OBJ_ID,CHAR,F1T201P0,1,NORMAL,VALID,VISIBLE,NO,UNIQUE,Y,Y,N,N,,MEDIUM,Good candidate for equality or IN pre-filter.
F1_MIGR_OBJ_SQL_PK,MIGR_OBJ_ID,CHAR,F1T713P0,1,NORMAL,VALID,VISIBLE,NO,UNIQUE,Y,Y,N,N,,MEDIUM,Good candidate for equality or IN pre-filter.
F1_MIGR_PLAN,MIGR_PLAN_CD,CHAR,F1C168P0,1,NORMAL,VALID,VISIBLE,NO,UNIQUE,Y,Y,N,N,,MEDIUM,Good candidate for equality or IN pre-filter.
F1_MIGR_PLAN_INSTR,MIGR_PLAN_CD,CHAR,F1C169P0,1,NORMAL,VALID,VISIBLE,NO,UNIQUE,Y,Y,N,N,,MEDIUM,Good candidate for equality or IN pre-filter.
F1_MIGR_PLAN_INSTR_ALG,MIGR_PLAN_CD,CHAR,F1C170P0,1,NORMAL,VALID,VISIBLE,NO,UNIQUE,Y,Y,N,N,,MEDIUM,Good candidate for equality or IN pre-filter.
F1_MIGR_PLAN_INSTR_L,MIGR_PLAN_CD,CHAR,F1C175P0,1,NORMAL,VALID,VISIBLE,NO,UNIQUE,Y,Y,N,N,,MEDIUM,Good candidate for equality or IN pre-filter.
F1_MIGR_PLAN_L,MIGR_PLAN_CD,CHAR,F1C174P0,1,NORMAL,VALID,VISIBLE,NO,UNIQUE,Y,Y,N,N,,MEDIUM,Good candidate for equality or IN pre-filter.
F1_MIGR_REQ,MIGR_REQ_CD,CHAR,F1C171P0,1,NORMAL,VALID,VISIBLE,NO,UNIQUE,Y,Y,N,N,,MEDIUM,Good candidate for equality or IN pre-filter.
F1_MIGR_REQ_INCL_REQ,MIGR_REQ_CD,CHAR,F1C714P0,1,NORMAL,VALID,VISIBLE,NO,UNIQUE,Y,Y,N,N,,MEDIUM,Good candidate for equality or IN pre-filter.
F1_MIGR_REQ_INSTR,MIGR_REQ_CD,CHAR,F1C172P0,1,NORMAL,VALID,VISIBLE,NO,UNIQUE,Y,Y,N,N,,MEDIUM,Good candidate for equality or IN pre-filter.
F1_MIGR_REQ_INSTR_ENTITY,MAINT_OBJ_CD,CHAR,F1C173S1,1,NORMAL,VALID,VISIBLE,NO,NONUNIQUE,Y,Y,N,N,,MEDIUM,Good candidate for equality or IN pre-filter.
F1_MIGR_REQ_INSTR_ENTITY,MIGR_REQ_CD,CHAR,F1C173P0,1,NORMAL,VALID,VISIBLE,NO,UNIQUE,Y,Y,N,N,,MEDIUM,Good candidate for equality or IN pre-filter.
F1_MIGR_REQ_INSTR_L,MIGR_REQ_CD,CHAR,F1C177P0,1,NORMAL,VALID,VISIBLE,NO,UNIQUE,Y,Y,N,N,,MEDIUM,Good candidate for equality or IN pre-filter.
F1_MIGR_REQ_L,MIGR_REQ_CD,CHAR,F1C176P0,1,NORMAL,VALID,VISIBLE,NO,UNIQUE,Y,Y,N,N,,MEDIUM,Good candidate for equality or IN pre-filter.
F1_MIGR_TRANS,BO_STATUS_CD,CHAR,F1T178S1,1,NORMAL,VALID,VISIBLE,NO,UNIQUE,Y,Y,N,Y,common,MEDIUM,Good candidate for equality or IN pre-filter.
F1_MIGR_TRANS,MIGR_DATA_SET_ID,CHAR,F1T178S2,1,NORMAL,VALID,VISIBLE,NO,NONUNIQUE,Y,Y,N,Y,common,MEDIUM,Good candidate for equality or IN pre-filter.
F1_MIGR_TRANS,MIGR_TRANS_ID,CHAR,F1T178P0,1,NORMAL,VALID,VISIBLE,NO,UNIQUE,Y,Y,N,Y,common,MEDIUM,Good candidate for equality or IN pre-filter.
F1_MIGR_TRANS_K,MIGR_TRANS_ID,CHAR,F1T181P0,1,IOT - TOP,VALID,VISIBLE,NO,UNIQUE,Y,Y,N,N,,MEDIUM,Good candidate for equality or IN pre-filter.
F1_MIGR_TRANS_LOG,CHAR_TYPE_CD,CHAR,F1T179S1,1,NORMAL,VALID,VISIBLE,NO,NONUNIQUE,Y,Y,N,N,,MEDIUM,Good candidate for equality or IN pre-filter.
F1_MIGR_TRANS_LOG,CHAR_TYPE_CD,CHAR,F1T179S2,1,NORMAL,VALID,VISIBLE,NO,NONUNIQUE,Y,Y,N,N,,MEDIUM,Good candidate for equality or IN pre-filter.
F1_MIGR_TRANS_LOG,MIGR_TRANS_ID,CHAR,F1T179P0,1,NORMAL,VALID,VISIBLE,NO,UNIQUE,Y,Y,N,N,,MEDIUM,Good candidate for equality or IN pre-filter.
F1_MIGR_TRANS_LOG_PARM,MIGR_TRANS_ID,CHAR,F1T180P0,1,NORMAL,VALID,VISIBLE,NO,UNIQUE,Y,Y,N,N,,MEDIUM,Good candidate for equality or IN pre-filter.
F1_MKTCFG,BUS_OBJ_CD,CHAR,F1C755P0,1,NORMAL,VALID,VISIBLE,NO,UNIQUE,Y,Y,N,N,,MEDIUM,Good candidate for equality or IN pre-filter.
F1_MKTCFG_CHAR,F1_MKTCFG_CD,CHAR,F1C757P0,1,NORMAL,VALID,VISIBLE,NO,UNIQUE,Y,Y,N,N,,MEDIUM,Good candidate for equality or IN pre-filter.
F1_MKTCFG_CHAR,SRCH_CHAR_VAL,VARCHAR2,F1C757S1,1,NORMAL,VALID,VISIBLE,NO,NONUNIQUE,Y,Y,N,N,,MEDIUM,Good candidate for equality or IN pre-filter.
F1_MKTCFG_L,F1_MKTCFG_CD,CHAR,F1C756P0,1,NORMAL,VALID,VISIBLE,NO,UNIQUE,Y,Y,N,N,,MEDIUM,Good candidate for equality or IN pre-filter.
F1_MKTMSG_IN,CRE_DTTM,DATE,F1T759S2,1,NORMAL,VALID,VISIBLE,NO,NONUNIQUE,Y,Y,Y,N,,HIGH,Primary candidate for mandatory rolling window pre-filter.
F1_MKTMSG_IN,BO_STATUS_CD,CHAR,F1T759S1,1,NORMAL,VALID,VISIBLE,NO,NONUNIQUE,Y,Y,N,N,,MEDIUM,Good candidate for equality or IN pre-filter.
F1_MKTMSG_IN,MKTMSG_ID,CHAR,F1T759P0,1,NORMAL,VALID,VISIBLE,NO,UNIQUE,Y,Y,N,N,,MEDIUM,Good candidate for equality or IN pre-filter.
F1_MKTMSG_IN_CHAR,MKTMSG_ID,CHAR,F1T760P0,1,NORMAL,VALID,VISIBLE,NO,UNIQUE,Y,Y,N,N,,MEDIUM,Good candidate for equality or IN pre-filter.
F1_MKTMSG_IN_CHAR,SRCH_CHAR_VAL,VARCHAR2,F1T760S1,1,NORMAL,VALID,VISIBLE,NO,NONUNIQUE,Y,Y,N,N,,MEDIUM,Good candidate for equality or IN pre-filter.
F1_MKTMSG_IN_DATA,MKTMSG_ID,CHAR,F1T761P0,1,NORMAL,VALID,VISIBLE,NO,UNIQUE,Y,Y,N,N,,MEDIUM,Good candidate for equality or IN pre-filter.
F1_MKTMSG_IN_EXT_REF,MKTMSG_ID,CHAR,F1T762P0,1,NORMAL,VALID,VISIBLE,NO,UNIQUE,Y,Y,N,N,,MEDIUM,Good candidate for equality or IN pre-filter.
F1_MKTMSG_IN_EXT_REF,MKT_REF_TYPE_FLG,CHAR,F1T762S1,1,NORMAL,VALID,VISIBLE,NO,NONUNIQUE,Y,Y,N,N,,MEDIUM,Good candidate for equality or IN pre-filter.
F1_MKTMSG_IN_ID,MKTMSG_ID,CHAR,F1T763P0,1,NORMAL,VALID,VISIBLE,NO,UNIQUE,Y,Y,N,N,,MEDIUM,Good candidate for equality or IN pre-filter.
F1_MKTMSG_IN_ID,MKT_ID_TYPE_FLG,CHAR,F1T763S1,1,NORMAL,VALID,VISIBLE,NO,NONUNIQUE,Y,Y,N,N,,MEDIUM,Good candidate for equality or IN pre-filter.
F1_MKTMSG_IN_K,MKTMSG_ID,CHAR,F1T764P0,1,IOT - TOP,VALID,VISIBLE,NO,UNIQUE,Y,Y,N,N,,MEDIUM,Good candidate for equality or IN pre-filter.
F1_MKTMSG_IN_LOG,CHAR_TYPE_CD,CHAR,F1T765S1,1,NORMAL,VALID,VISIBLE,NO,NONUNIQUE,Y,Y,N,N,,MEDIUM,Good candidate for equality or IN pre-filter.
F1_MKTMSG_IN_LOG,CHAR_TYPE_CD,CHAR,F1T765S2,1,NORMAL,VALID,VISIBLE,NO,NONUNIQUE,Y,Y,N,N,,MEDIUM,Good candidate for equality or IN pre-filter.
F1_MKTMSG_IN_LOG,MKTMSG_ID,CHAR,F1T765P0,1,NORMAL,VALID,VISIBLE,NO,UNIQUE,Y,Y,N,N,,MEDIUM,Good candidate for equality or IN pre-filter.
F1_MKTMSG_IN_LOG_PARM,MKTMSG_ID,CHAR,F1T766P0,1,NORMAL,VALID,VISIBLE,NO,UNIQUE,Y,Y,N,N,,MEDIUM,Good candidate for equality or IN pre-filter.
F1_MKTMSG_IN_REL_OBJ,MAINT_OBJ_CD,CHAR,F1T767S1,1,NORMAL,VALID,VISIBLE,NO,NONUNIQUE,Y,Y,N,N,,MEDIUM,Good candidate for equality or IN pre-filter.
F1_MKTMSG_IN_REL_OBJ,MKTMSG_ID,CHAR,F1T767P0,1,NORMAL,VALID,VISIBLE,NO,UNIQUE,Y,Y,N,N,,MEDIUM,Good candidate for equality or IN pre-filter.
F1_MKTMSG_OUT,BO_STATUS_CD,CHAR,F1T782S1,1,NORMAL,VALID,VISIBLE,NO,NONUNIQUE,Y,Y,N,N,,MEDIUM,Good candidate for equality or IN pre-filter.
F1_MKTMSG_OUT,MKTMSG_ID,CHAR,F1T782P0,1,NORMAL,VALID,VISIBLE,NO,UNIQUE,Y,Y,N,N,,MEDIUM,Good candidate for equality or IN pre-filter.
F1_MKTMSG_OUT,MKT_PARTCPT,VARCHAR2,F1T782S2,1,NORMAL,VALID,VISIBLE,NO,NONUNIQUE,Y,Y,N,N,,MEDIUM,Good candidate for equality or IN pre-filter.
F1_MKTMSG_OUT_CHAR,MKTMSG_ID,CHAR,F1T783P0,1,NORMAL,VALID,VISIBLE,NO,UNIQUE,Y,Y,N,N,,MEDIUM,Good candidate for equality or IN pre-filter.
F1_MKTMSG_OUT_CHAR,SRCH_CHAR_VAL,VARCHAR2,F1T783S1,1,NORMAL,VALID,VISIBLE,NO,NONUNIQUE,Y,Y,N,N,,MEDIUM,Good candidate for equality or IN pre-filter.
F1_MKTMSG_OUT_DATA,MKTMSG_ID,CHAR,F1T784P0,1,NORMAL,VALID,VISIBLE,NO,UNIQUE,Y,Y,N,N,,MEDIUM,Good candidate for equality or IN pre-filter.
F1_MKTMSG_OUT_EXT_REF,MKTMSG_ID,CHAR,F1T785P0,1,NORMAL,VALID,VISIBLE,NO,UNIQUE,Y,Y,N,N,,MEDIUM,Good candidate for equality or IN pre-filter.
F1_MKTMSG_OUT_EXT_REF,MKT_REF_TYPE_FLG,CHAR,F1T785S1,1,NORMAL,VALID,VISIBLE,NO,NONUNIQUE,Y,Y,N,N,,MEDIUM,Good candidate for equality or IN pre-filter.
F1_MKTMSG_OUT_ID,MKTMSG_ID,CHAR,F1T786P0,1,NORMAL,VALID,VISIBLE,NO,UNIQUE,Y,Y,N,N,,MEDIUM,Good candidate for equality or IN pre-filter.
F1_MKTMSG_OUT_ID,MKT_ID_TYPE_FLG,CHAR,F1T786S1,1,NORMAL,VALID,VISIBLE,NO,NONUNIQUE,Y,Y,N,N,,MEDIUM,Good candidate for equality or IN pre-filter.
F1_MKTMSG_OUT_K,MKTMSG_ID,CHAR,F1T787P0,1,IOT - TOP,VALID,VISIBLE,NO,UNIQUE,Y,Y,N,N,,MEDIUM,Good candidate for equality or IN pre-filter.
F1_MKTMSG_OUT_LOG,CHAR_TYPE_CD,CHAR,F1T788S1,1,NORMAL,VALID,VISIBLE,NO,NONUNIQUE,Y,Y,N,N,,MEDIUM,Good candidate for equality or IN pre-filter.
F1_MKTMSG_OUT_LOG,CHAR_TYPE_CD,CHAR,F1T788S2,1,NORMAL,VALID,VISIBLE,NO,NONUNIQUE,Y,Y,N,N,,MEDIUM,Good candidate for equality or IN pre-filter.
F1_MKTMSG_OUT_LOG,MKTMSG_ID,CHAR,F1T788P0,1,NORMAL,VALID,VISIBLE,NO,UNIQUE,Y,Y,N,N,,MEDIUM,Good candidate for equality or IN pre-filter.
F1_MKTMSG_OUT_LOG_PARM,MKTMSG_ID,CHAR,F1T789P0,1,NORMAL,VALID,VISIBLE,NO,UNIQUE,Y,Y,N,N,,MEDIUM,Good candidate for equality or IN pre-filter.
F1_MKTMSG_OUT_REL_OBJ,MAINT_OBJ_CD,CHAR,F1T790S1,1,NORMAL,VALID,VISIBLE,NO,NONUNIQUE,Y,Y,N,N,,MEDIUM,Good candidate for equality or IN pre-filter.
F1_MKTMSG_OUT_REL_OBJ,MKTMSG_ID,CHAR,F1T790P0,1,NORMAL,VALID,VISIBLE,NO,UNIQUE,Y,Y,N,N,,MEDIUM,Good candidate for equality or IN pre-filter.
F1_MKTMSG_TYPE,F1_MKTMSG_TYPE_CD,CHAR,F1C758P0,1,NORMAL,VALID,VISIBLE,NO,UNIQUE,Y,Y,N,N,,MEDIUM,Good candidate for equality or IN pre-filter.
F1_MKTMSG_TYPE_CHAR,F1_MKTMSG_TYPE_CD,CHAR,F1C759P0,1,NORMAL,VALID,VISIBLE,NO,UNIQUE,Y,Y,N,N,,MEDIUM,Good candidate for equality or IN pre-filter.
F1_MKTMSG_TYPE_CHAR,SRCH_CHAR_VAL,VARCHAR2,F1C759S1,1,NORMAL,VALID,VISIBLE,NO,NONUNIQUE,Y,Y,N,N,,MEDIUM,Good candidate for equality or IN pre-filter.
F1_MKTMSG_TYPE_L,F1_MKTMSG_TYPE_CD,CHAR,F1C760P0,1,NORMAL,VALID,VISIBLE,NO,UNIQUE,Y,Y,N,N,,MEDIUM,Good candidate for equality or IN pre-filter.
F1_MKTPROC,BO_STATUS_CD,CHAR,F1T768S1,1,NORMAL,VALID,VISIBLE,NO,NONUNIQUE,Y,Y,N,N,,MEDIUM,Good candidate for equality or IN pre-filter.
F1_MKTPROC,MKTPROC_ID,CHAR,F1T768P0,1,NORMAL,VALID,VISIBLE,NO,UNIQUE,Y,Y,N,N,,MEDIUM,Good candidate for equality or IN pre-filter.
F1_MKTPROC,MKTPROC_TYPE_CD,CHAR,F1T768S2,1,NORMAL,VALID,VISIBLE,NO,NONUNIQUE,Y,Y,N,N,,MEDIUM,Good candidate for equality or IN pre-filter.
F1_MKTPROC_CHAR,MKTPROC_ID,CHAR,F1T769P0,1,NORMAL,VALID,VISIBLE,NO,UNIQUE,Y,Y,N,N,,MEDIUM,Good candidate for equality or IN pre-filter.
F1_MKTPROC_CHAR,SRCH_CHAR_VAL,VARCHAR2,F1T769S1,1,NORMAL,VALID,VISIBLE,NO,NONUNIQUE,Y,Y,N,N,,MEDIUM,Good candidate for equality or IN pre-filter.
F1_MKTPROC_EVT,BO_STATUS_CD,CHAR,F1T776S3,1,NORMAL,VALID,VISIBLE,NO,NONUNIQUE,Y,Y,N,N,,MEDIUM,Good candidate for equality or IN pre-filter.
F1_MKTPROC_EVT,MKTPROC_EVT_ID,CHAR,F1T776P0,1,NORMAL,VALID,VISIBLE,NO,UNIQUE,Y,Y,N,N,,MEDIUM,Good candidate for equality or IN pre-filter.
F1_MKTPROC_EVT,MKTPROC_ID,CHAR,F1T776S1,1,NORMAL,VALID,VISIBLE,NO,NONUNIQUE,Y,Y,N,N,,MEDIUM,Good candidate for equality or IN pre-filter.
F1_MKTPROC_EVT,MKT_REG_NBR,VARCHAR2,F1T776S2,1,NORMAL,VALID,VISIBLE,NO,NONUNIQUE,Y,Y,N,N,,MEDIUM,Good candidate for equality or IN pre-filter.
F1_MKTPROC_EVT_CHAR,MKTPROC_EVT_ID,CHAR,F1T777P0,1,NORMAL,VALID,VISIBLE,NO,UNIQUE,Y,Y,N,N,,MEDIUM,Good candidate for equality or IN pre-filter.
F1_MKTPROC_EVT_CHAR,SRCH_CHAR_VAL,VARCHAR2,F1T777S1,1,NORMAL,VALID,VISIBLE,NO,NONUNIQUE,Y,Y,N,N,,MEDIUM,Good candidate for equality or IN pre-filter.
F1_MKTPROC_EVT_K,MKTPROC_EVT_ID,CHAR,F1T778P0,1,IOT - TOP,VALID,VISIBLE,NO,UNIQUE,Y,Y,N,N,,MEDIUM,Good candidate for equality or IN pre-filter.
F1_MKTPROC_EVT_LOG,CHAR_TYPE_CD,CHAR,F1T779S1,1,NORMAL,VALID,VISIBLE,NO,NONUNIQUE,Y,Y,N,N,,MEDIUM,Good candidate for equality or IN pre-filter.
F1_MKTPROC_EVT_LOG,CHAR_TYPE_CD,CHAR,F1T779S2,1,NORMAL,VALID,VISIBLE,NO,NONUNIQUE,Y,Y,N,N,,MEDIUM,Good candidate for equality or IN pre-filter.
F1_MKTPROC_EVT_LOG,MKTPROC_EVT_ID,CHAR,F1T779P0,1,NORMAL,VALID,VISIBLE,NO,UNIQUE,Y,Y,N,N,,MEDIUM,Good candidate for equality or IN pre-filter.
F1_MKTPROC_EVT_LOG_PARM,MKTPROC_EVT_ID,CHAR,F1T780P0,1,NORMAL,VALID,VISIBLE,NO,UNIQUE,Y,Y,N,N,,MEDIUM,Good candidate for equality or IN pre-filter.
F1_MKTPROC_EVT_REL_OBJ,MAINT_OBJ_CD,CHAR,F1T781S1,1,NORMAL,VALID,VISIBLE,NO,NONUNIQUE,Y,Y,N,N,,MEDIUM,Good candidate for equality or IN pre-filter.
F1_MKTPROC_EVT_REL_OBJ,MAINT_OBJ_CD,CHAR,F1T781S2,1,NORMAL,VALID,VISIBLE,NO,NONUNIQUE,Y,Y,N,N,,MEDIUM,Good candidate for equality or IN pre-filter.
F1_MKTPROC_EVT_REL_OBJ,MKTPROC_EVT_ID,CHAR,F1T781P0,1,NORMAL,VALID,VISIBLE,NO,UNIQUE,Y,Y,N,N,,MEDIUM,Good candidate for equality or IN pre-filter.
F1_MKTPROC_ID,MKTPROC_ID,CHAR,F1T770P0,1,NORMAL,VALID,VISIBLE,NO,UNIQUE,Y,Y,N,N,,MEDIUM,Good candidate for equality or IN pre-filter.
F1_MKTPROC_ID,MKT_ID_TYPE_FLG,CHAR,F1T770S1,1,NORMAL,VALID,VISIBLE,NO,NONUNIQUE,Y,Y,N,N,,MEDIUM,Good candidate for equality or IN pre-filter.
F1_MKTPROC_K,MKTPROC_ID,CHAR,F1T771P0,1,IOT - TOP,VALID,VISIBLE,NO,UNIQUE,Y,Y,N,N,,MEDIUM,Good candidate for equality or IN pre-filter.
F1_MKTPROC_LOG,CHAR_TYPE_CD,CHAR,F1T772S1,1,NORMAL,VALID,VISIBLE,NO,NONUNIQUE,Y,Y,N,N,,MEDIUM,Good candidate for equality or IN pre-filter.
F1_MKTPROC_LOG,CHAR_TYPE_CD,CHAR,F1T772S2,1,NORMAL,VALID,VISIBLE,NO,NONUNIQUE,Y,Y,N,N,,MEDIUM,Good candidate for equality or IN pre-filter.
F1_MKTPROC_LOG,MKTPROC_ID,CHAR,F1T772P0,1,NORMAL,VALID,VISIBLE,NO,UNIQUE,Y,Y,N,N,,MEDIUM,Good candidate for equality or IN pre-filter.
F1_MKTPROC_LOG_PARM,MKTPROC_ID,CHAR,F1T773P0,1,NORMAL,VALID,VISIBLE,NO,UNIQUE,Y,Y,N,N,,MEDIUM,Good candidate for equality or IN pre-filter.
F1_MKTPROC_REL_OBJ,MKTPROC_ID,CHAR,F1T775P0,1,NORMAL,VALID,VISIBLE,NO,UNIQUE,Y,Y,N,N,,MEDIUM,Good candidate for equality or IN pre-filter.
F1_MKTPROC_REL_PROC,MKTPROC_ID,CHAR,F1T774P0,1,NORMAL,VALID,VISIBLE,NO,UNIQUE,Y,Y,N,N,,MEDIUM,Good candidate for equality or IN pre-filter.
F1_MKTPROC_TYPE,MKTPROC_TYPE_CD,CHAR,F1C761P0,1,NORMAL,VALID,VISIBLE,NO,UNIQUE,Y,Y,N,N,,MEDIUM,Good candidate for equality or IN pre-filter.
F1_MKTPROC_TYPE_CHAR,MKTPROC_TYPE_CD,CHAR,F1C762P0,1,NORMAL,VALID,VISIBLE,NO,UNIQUE,Y,Y,N,N,,MEDIUM,Good candidate for equality or IN pre-filter.
F1_MKTPROC_TYPE_CHAR,SRCH_CHAR_VAL,VARCHAR2,F1C762S1,1,NORMAL,VALID,VISIBLE,NO,NONUNIQUE,Y,Y,N,N,,MEDIUM,Good candidate for equality or IN pre-filter.
F1_MKTPROC_TYPE_EVT,MKTPROC_TYPE_CD,CHAR,F1C763P0,1,NORMAL,VALID,VISIBLE,NO,UNIQUE,Y,Y,N,N,,MEDIUM,Good candidate for equality or IN pre-filter.
F1_MKTPROC_TYPE_L,MKTPROC_TYPE_CD,CHAR,F1C764P0,1,NORMAL,VALID,VISIBLE,NO,UNIQUE,Y,Y,N,N,,MEDIUM,Good candidate for equality or IN pre-filter.
F1_MOBILE_COMPONENT,F1_COMPONENT_NAME_CD,VARCHAR2,F1C731P0,1,NORMAL,VALID,VISIBLE,NO,UNIQUE,Y,Y,N,N,,MEDIUM,Good candidate for equality or IN pre-filter.
F1_MOBILE_COMPONENT,F1_MOB_COMP_BUS_OBJ_CD,CHAR,F1C731S1,1,NORMAL,VALID,VISIBLE,NO,NONUNIQUE,Y,Y,N,N,,MEDIUM,Good candidate for equality or IN pre-filter.
F1_MOBILE_COMPONENT,F1_MOB_COMP_TYPE_CD,VARCHAR2,F1C731S2,1,NORMAL,VALID,VISIBLE,NO,NONUNIQUE,Y,Y,N,N,,MEDIUM,Good candidate for equality or IN pre-filter.
F1_MOBILE_COMPONENT_L,DESCR254,VARCHAR2,F1C732S1,1,NORMAL,VALID,VISIBLE,NO,NONUNIQUE,Y,Y,N,N,,MEDIUM,Good candidate for equality or IN pre-filter.
F1_MOBILE_COMPONENT_L,F1_COMPONENT_NAME_CD,VARCHAR2,F1C732P0,1,NORMAL,VALID,VISIBLE,NO,UNIQUE,Y,Y,N,N,,MEDIUM,Good candidate for equality or IN pre-filter.
F1_MOB_COMP_CHAR,F1_COMPONENT_NAME_CD,VARCHAR2,F1C734P0,1,NORMAL,VALID,VISIBLE,NO,UNIQUE,Y,Y,N,N,,MEDIUM,Good candidate for equality or IN pre-filter.
F1_MOB_COMP_CHAR,SRCH_CHAR_VAL,VARCHAR2,F1C734S1,1,NORMAL,VALID,VISIBLE,NO,NONUNIQUE,Y,Y,N,N,,MEDIUM,Good candidate for equality or IN pre-filter.
F1_MOB_COMP_CNT,F1_COMPONENT_NAME_CD,VARCHAR2,F1C739P0,1,NORMAL,VALID,VISIBLE,NO,UNIQUE,Y,Y,N,N,,MEDIUM,Good candidate for equality or IN pre-filter.
F1_MST_CONFIG,BUS_OBJ_CD,CHAR,FC120P0,1,NORMAL,VALID,VISIBLE,NO,UNIQUE,Y,Y,N,N,,MEDIUM,Good candidate for equality or IN pre-filter.
F1_OBJ_REV,BO_STATUS_CD,CHAR,FT035S1,1,NORMAL,VALID,VISIBLE,NO,UNIQUE,Y,Y,N,N,,MEDIUM,Good candidate for equality or IN pre-filter.
F1_OBJ_REV,EXT_REFERENCE_ID,CHAR,FT035S3,1,NORMAL,VALID,VISIBLE,NO,NONUNIQUE,Y,Y,N,N,,MEDIUM,Good candidate for equality or IN pre-filter.
F1_OBJ_REV,MAINT_OBJ_CD,CHAR,FT035S2,1,NORMAL,VALID,VISIBLE,NO,NONUNIQUE,Y,Y,N,N,,MEDIUM,Good candidate for equality or IN pre-filter.
F1_OBJ_REV,PK_VALUE1,VARCHAR2,FT035S5,1,NORMAL,VALID,VISIBLE,NO,NONUNIQUE,Y,Y,N,N,,MEDIUM,Good candidate for equality or IN pre-filter.
F1_OBJ_REV,REV_ID,CHAR,FT035P0,1,NORMAL,VALID,VISIBLE,NO,UNIQUE,Y,Y,N,N,,MEDIUM,Good candidate for equality or IN pre-filter.
F1_OBJ_REV,USER_ID,CHAR,FT035S4,1,NORMAL,VALID,VISIBLE,NO,NONUNIQUE,Y,Y,N,N,,MEDIUM,Good candidate for equality or IN pre-filter.
F1_OBJ_REV_CHAR,REV_ID,CHAR,FT037P0,1,NORMAL,VALID,VISIBLE,NO,UNIQUE,Y,Y,N,N,,MEDIUM,Good candidate for equality or IN pre-filter.
F1_OBJ_REV_CHAR,SRCH_CHAR_VAL,VARCHAR2,FT037S1,1,NORMAL,VALID,VISIBLE,NO,NONUNIQUE,Y,Y,N,N,,MEDIUM,Good candidate for equality or IN pre-filter.
F1_OBJ_REV_LOG,REV_ID,CHAR,FT039P0,1,NORMAL,VALID,VISIBLE,NO,UNIQUE,Y,Y,N,N,,MEDIUM,Good candidate for equality or IN pre-filter.
F1_OBJ_REV_LOG_PARM,REV_ID,CHAR,FT040P0,1,NORMAL,VALID,VISIBLE,NO,UNIQUE,Y,Y,N,N,,MEDIUM,Good candidate for equality or IN pre-filter.
F1_OUTMSG,OUTMSG_ID,CHAR,FT010P0,1,NORMAL,VALID,VISIBLE,NO,UNIQUE,Y,Y,N,N,,MEDIUM,Good candidate for equality or IN pre-filter.
F1_OUTMSG,OUTMSG_STATUS_FLG,CHAR,FT010S1,1,NORMAL,VALID,VISIBLE,NO,NONUNIQUE,Y,Y,N,N,,MEDIUM,Good candidate for equality or IN pre-filter.
F1_OUTMSG_ERRPARM,OUTMSG_ID,CHAR,FT011P0,1,NORMAL,VALID,VISIBLE,NO,UNIQUE,Y,Y,N,N,,MEDIUM,Good candidate for equality or IN pre-filter.
F1_OUTMSG_K,OUTMSG_ID,CHAR,FT012P0,1,IOT - TOP,VALID,VISIBLE,NO,UNIQUE,Y,Y,N,N,,MEDIUM,Good candidate for equality or IN pre-filter.
F1_OUTMSG_TYPE,OUTMSG_TYPE_CD,CHAR,FC011P0,1,NORMAL,VALID,VISIBLE,NO,UNIQUE,Y,Y,N,N,,MEDIUM,Good candidate for equality or IN pre-filter.
F1_OUTMSG_TYPE_L,OUTMSG_TYPE_CD,CHAR,FC012P0,1,NORMAL,VALID,VISIBLE,NO,UNIQUE,Y,Y,N,N,,MEDIUM,Good candidate for equality or IN pre-filter.
F1_PERF_TGT,BO_STATUS_CD,CHAR,F1C693S1,1,NORMAL,VALID,VISIBLE,NO,NONUNIQUE,Y,Y,N,N,,MEDIUM,Good candidate for equality or IN pre-filter.
F1_PERF_TGT,PERF_TARGET_CD,VARCHAR2,F1C693P0,1,NORMAL,VALID,VISIBLE,NO,UNIQUE,Y,Y,N,N,,MEDIUM,Good candidate for equality or IN pre-filter.
F1_PERF_TGT_CHAR,PERF_TARGET_CD,VARCHAR2,F1C695P0,1,NORMAL,VALID,VISIBLE,NO,UNIQUE,Y,Y,N,N,,MEDIUM,Good candidate for equality or IN pre-filter.
F1_PERF_TGT_CHAR,SRCH_CHAR_VAL,VARCHAR2,F1C695S1,1,NORMAL,VALID,VISIBLE,NO,NONUNIQUE,Y,Y,N,N,,MEDIUM,Good candidate for equality or IN pre-filter.
F1_PERF_TGT_L,PERF_TARGET_CD,VARCHAR2,F1C694P0,1,NORMAL,VALID,VISIBLE,NO,UNIQUE,Y,Y,N,N,,MEDIUM,Good candidate for equality or IN pre-filter.
F1_PERF_TGT_LOG,CHAR_TYPE_CD,CHAR,F1C696S1,1,NORMAL,VALID,VISIBLE,NO,NONUNIQUE,Y,Y,N,N,,MEDIUM,Good candidate for equality or IN pre-filter.
F1_PERF_TGT_LOG,CHAR_TYPE_CD,CHAR,F1C696S2,1,NORMAL,VALID,VISIBLE,NO,NONUNIQUE,Y,Y,N,N,,MEDIUM,Good candidate for equality or IN pre-filter.
F1_PERF_TGT_LOG,PERF_TARGET_CD,VARCHAR2,F1C696P0,1,NORMAL,VALID,VISIBLE,NO,UNIQUE,Y,Y,N,N,,MEDIUM,Good candidate for equality or IN pre-filter.
F1_PERF_TGT_LOG_PARM,PERF_TARGET_CD,VARCHAR2,F1C697P0,1,NORMAL,VALID,VISIBLE,NO,UNIQUE,Y,Y,N,N,,MEDIUM,Good candidate for equality or IN pre-filter.
F1_PERF_TGT_REL_OBJ,PERF_TARGET_CD,VARCHAR2,F1C698P0,1,NORMAL,VALID,VISIBLE,NO,UNIQUE,Y,Y,N,N,,MEDIUM,Good candidate for equality or IN pre-filter.
F1_PERF_TGT_TYPE,PERF_TARGET_TYPE_CD,VARCHAR2,F1C690P0,1,NORMAL,VALID,VISIBLE,NO,UNIQUE,Y,Y,N,N,,MEDIUM,Good candidate for equality or IN pre-filter.
F1_PERF_TGT_TYPE_CHAR,PERF_TARGET_TYPE_CD,VARCHAR2,F1C692P0,1,NORMAL,VALID,VISIBLE,NO,UNIQUE,Y,Y,N,N,,MEDIUM,Good candidate for equality or IN pre-filter.
F1_PERF_TGT_TYPE_CHAR,SRCH_CHAR_VAL,VARCHAR2,F1C692S1,1,NORMAL,VALID,VISIBLE,NO,NONUNIQUE,Y,Y,N,N,,MEDIUM,Good candidate for equality or IN pre-filter.
F1_PERF_TGT_TYPE_L,PERF_TARGET_TYPE_CD,VARCHAR2,F1C691P0,1,NORMAL,VALID,VISIBLE,NO,UNIQUE,Y,Y,N,N,,MEDIUM,Good candidate for equality or IN pre-filter.
F1_PROC_DEFN,PROCESS_CD,VARCHAR2,F1C743P0,1,NORMAL,VALID,VISIBLE,NO,UNIQUE,Y,Y,N,N,,MEDIUM,Good candidate for equality or IN pre-filter.
F1_PROC_DEFN_L,PROCESS_CD,VARCHAR2,F1C744P0,1,NORMAL,VALID,VISIBLE,NO,UNIQUE,Y,Y,N,N,,MEDIUM,Good candidate for equality or IN pre-filter.
F1_PROC_NEXT_PANEL,PROCESS_CD,VARCHAR2,F1C746P0,1,NORMAL,VALID,VISIBLE,NO,UNIQUE,Y,Y,N,N,,MEDIUM,Good candidate for equality or IN pre-filter.
F1_PROC_PANEL,PROCESS_CD,VARCHAR2,F1C745P0,1,NORMAL,VALID,VISIBLE,NO,UNIQUE,Y,Y,N,N,,MEDIUM,Good candidate for equality or IN pre-filter.
F1_PROC_STORE,BO_STATUS_CD,CHAR,F1T747S1,1,NORMAL,VALID,VISIBLE,NO,NONUNIQUE,Y,Y,N,N,,MEDIUM,Good candidate for equality or IN pre-filter.
F1_PROC_STORE,PROC_STORE_ID,CHAR,F1T747P0,1,NORMAL,VALID,VISIBLE,NO,UNIQUE,Y,Y,N,N,,MEDIUM,Good candidate for equality or IN pre-filter.
F1_PROC_STORE_DTL_ELEMENTS,PROC_STORE_ID,CHAR,F1T748P0,1,NORMAL,VALID,VISIBLE,NO,UNIQUE,Y,Y,N,N,,MEDIUM,Good candidate for equality or IN pre-filter.
F1_PROC_STORE_DTL_ELEMENTS,SRCH_CHAR_VAL,VARCHAR2,F1T748S1,1,NORMAL,VALID,VISIBLE,NO,NONUNIQUE,Y,Y,N,N,,MEDIUM,Good candidate for equality or IN pre-filter.
F1_PROC_STORE_K,PROC_STORE_ID,CHAR,F1T751P0,1,IOT - TOP,VALID,VISIBLE,NO,UNIQUE,Y,Y,N,N,,MEDIUM,Good candidate for equality or IN pre-filter.
F1_PROC_STORE_LOG,CHAR_TYPE_CD,CHAR,F1T749S1,1,NORMAL,VALID,VISIBLE,NO,NONUNIQUE,Y,Y,N,N,,MEDIUM,Good candidate for equality or IN pre-filter.
F1_PROC_STORE_LOG,CHAR_TYPE_CD,CHAR,F1T749S2,1,NORMAL,VALID,VISIBLE,NO,NONUNIQUE,Y,Y,N,N,,MEDIUM,Good candidate for equality or IN pre-filter.
F1_PROC_STORE_LOG,PROC_STORE_ID,CHAR,F1T749P0,1,NORMAL,VALID,VISIBLE,NO,UNIQUE,Y,Y,N,N,,MEDIUM,Good candidate for equality or IN pre-filter.
F1_PROC_STORE_LOG_PARM,PROC_STORE_ID,CHAR,F1T750P0,1,NORMAL,VALID,VISIBLE,NO,UNIQUE,Y,Y,N,N,,MEDIUM,Good candidate for equality or IN pre-filter.
F1_REMOTE_MSG,CRE_DTTM,DATE,F1T735S1,1,NORMAL,VALID,VISIBLE,NO,NONUNIQUE,Y,Y,Y,N,,HIGH,Primary candidate for mandatory rolling window pre-filter.
F1_REMOTE_MSG,BO_STATUS_CD,CHAR,F1T735S7,1,NORMAL,VALID,VISIBLE,NO,NONUNIQUE,Y,Y,N,N,,MEDIUM,Good candidate for equality or IN pre-filter.
F1_REMOTE_MSG,F1_DEVICE_MSG_ID,VARCHAR2,F1T735S5,1,NORMAL,VALID,VISIBLE,NO,UNIQUE,Y,Y,N,N,,MEDIUM,Good candidate for equality or IN pre-filter.
F1_REMOTE_MSG,F1_MDT_ID,CHAR,F1T735S2,1,NORMAL,VALID,VISIBLE,NO,NONUNIQUE,Y,Y,N,N,,MEDIUM,Good candidate for equality or IN pre-filter.
F1_REMOTE_MSG,F1_MDT_ID,CHAR,F1T735S6,1,NORMAL,VALID,VISIBLE,NO,NONUNIQUE,Y,Y,N,N,,MEDIUM,Good candidate for equality or IN pre-filter.
F1_REMOTE_MSG,F1_REMOTE_MSG_ID,CHAR,F1T735P0,1,NORMAL,VALID,VISIBLE,NO,UNIQUE,Y,Y,N,N,,MEDIUM,Good candidate for equality or IN pre-filter.
F1_REMOTE_MSG,MAINT_OBJ_CD,CHAR,F1T735S3,1,NORMAL,VALID,VISIBLE,NO,NONUNIQUE,Y,Y,N,N,,MEDIUM,Good candidate for equality or IN pre-filter.
F1_REMOTE_MSG,PK_VALUE1,VARCHAR2,F1T735S4,1,NORMAL,VALID,VISIBLE,NO,NONUNIQUE,Y,Y,N,N,,MEDIUM,Good candidate for equality or IN pre-filter.
F1_REMOTE_MSG_CHAR,F1_REMOTE_MSG_ID,CHAR,F1T736P0,1,NORMAL,VALID,VISIBLE,NO,UNIQUE,Y,Y,N,N,,MEDIUM,Good candidate for equality or IN pre-filter.
F1_REMOTE_MSG_CHAR,SRCH_CHAR_VAL,VARCHAR2,F1T736S1,1,NORMAL,VALID,VISIBLE,NO,NONUNIQUE,Y,Y,N,N,,MEDIUM,Good candidate for equality or IN pre-filter.
F1_REMOTE_MSG_K,F1_REMOTE_MSG_ID,CHAR,F1T915P0,1,IOT - TOP,VALID,VISIBLE,NO,UNIQUE,Y,Y,N,N,,MEDIUM,Good candidate for equality or IN pre-filter.
F1_REMOTE_MSG_LOG,CHAR_TYPE_CD,CHAR,F1T737S1,1,NORMAL,VALID,VISIBLE,NO,NONUNIQUE,Y,Y,N,N,,MEDIUM,Good candidate for equality or IN pre-filter.
F1_REMOTE_MSG_LOG,CHAR_TYPE_CD,CHAR,F1T737S2,1,NORMAL,VALID,VISIBLE,NO,NONUNIQUE,Y,Y,N,N,,MEDIUM,Good candidate for equality or IN pre-filter.
F1_REMOTE_MSG_LOG,F1_REMOTE_MSG_ID,CHAR,F1T737P0,1,NORMAL,VALID,VISIBLE,NO,UNIQUE,Y,Y,N,N,,MEDIUM,Good candidate for equality or IN pre-filter.
F1_REMOTE_MSG_LOG_PARM,F1_REMOTE_MSG_ID,CHAR,F1T738P0,1,NORMAL,VALID,VISIBLE,NO,UNIQUE,Y,Y,N,N,,MEDIUM,Good candidate for equality or IN pre-filter.
F1_REQ,BO_STATUS_CD,CHAR,FT070S1,1,NORMAL,VALID,VISIBLE,NO,UNIQUE,Y,Y,N,N,,MEDIUM,Good candidate for equality or IN pre-filter.
F1_REQ,REQ_ID,CHAR,FT070P0,1,NORMAL,VALID,VISIBLE,NO,UNIQUE,Y,Y,N,N,,MEDIUM,Good candidate for equality or IN pre-filter.
F1_REQ_CHAR,REQ_ID,CHAR,F1T909P0,1,NORMAL,VALID,VISIBLE,NO,UNIQUE,Y,Y,N,N,,MEDIUM,Good candidate for equality or IN pre-filter.
F1_REQ_CHAR,SRCH_CHAR_VAL,VARCHAR2,F1T909S1,1,NORMAL,VALID,VISIBLE,NO,NONUNIQUE,Y,Y,N,N,,MEDIUM,Good candidate for equality or IN pre-filter.
F1_REQ_K,REQ_ID,CHAR,FT077P0,1,IOT - TOP,VALID,VISIBLE,NO,UNIQUE,Y,Y,N,N,,MEDIUM,Good candidate for equality or IN pre-filter.
F1_REQ_LOG,CHAR_TYPE_CD,CHAR,FT071S1,1,NORMAL,VALID,VISIBLE,NO,NONUNIQUE,Y,Y,N,N,,MEDIUM,Good candidate for equality or IN pre-filter.
F1_REQ_LOG,CHAR_TYPE_CD,CHAR,FT071S2,1,NORMAL,VALID,VISIBLE,NO,NONUNIQUE,Y,Y,N,N,,MEDIUM,Good candidate for equality or IN pre-filter.
F1_REQ_LOG,REQ_ID,CHAR,FT071P0,1,NORMAL,VALID,VISIBLE,NO,UNIQUE,Y,Y,N,N,,MEDIUM,Good candidate for equality or IN pre-filter.
F1_REQ_LOG_PARM,REQ_ID,CHAR,FT072P0,1,NORMAL,VALID,VISIBLE,NO,UNIQUE,Y,Y,N,N,,MEDIUM,Good candidate for equality or IN pre-filter.
F1_REQ_TYPE,BO_STATUS_CD,CHAR,FC410S1,1,NORMAL,VALID,VISIBLE,NO,UNIQUE,Y,Y,N,N,,MEDIUM,Good candidate for equality or IN pre-filter.
F1_REQ_TYPE,REQ_TYPE_CD,VARCHAR2,FC410P0,1,NORMAL,VALID,VISIBLE,NO,UNIQUE,Y,Y,N,N,,MEDIUM,Good candidate for equality or IN pre-filter.
F1_REQ_TYPE_L,REQ_TYPE_CD,VARCHAR2,FC412P0,1,NORMAL,VALID,VISIBLE,NO,UNIQUE,Y,Y,N,N,,MEDIUM,Good candidate for equality or IN pre-filter.
F1_REQ_TYPE_LOG,CHAR_TYPE_CD,CHAR,FC413S1,1,NORMAL,VALID,VISIBLE,NO,NONUNIQUE,Y,Y,N,N,,MEDIUM,Good candidate for equality or IN pre-filter.
F1_REQ_TYPE_LOG,CHAR_TYPE_CD,CHAR,FC413S2,1,NORMAL,VALID,VISIBLE,NO,NONUNIQUE,Y,Y,N,N,,MEDIUM,Good candidate for equality or IN pre-filter.
F1_REQ_TYPE_LOG,REQ_TYPE_CD,VARCHAR2,FC413P0,1,NORMAL,VALID,VISIBLE,NO,UNIQUE,Y,Y,N,N,,MEDIUM,Good candidate for equality or IN pre-filter.
F1_REQ_TYPE_LOG_PARM,REQ_TYPE_CD,VARCHAR2,FC414P0,1,NORMAL,VALID,VISIBLE,NO,UNIQUE,Y,Y,N,N,,MEDIUM,Good candidate for equality or IN pre-filter.
F1_SCHEMA,SCHEMA_NAME,CHAR,FC020P0,1,NORMAL,VALID,VISIBLE,NO,UNIQUE,Y,Y,N,N,,MEDIUM,Good candidate for equality or IN pre-filter.
F1_SCHEMA,SCHEMA_TYPE_FLG,CHAR,FC020S1,1,NORMAL,VALID,VISIBLE,NO,NONUNIQUE,Y,Y,N,N,,MEDIUM,Good candidate for equality or IN pre-filter.
F1_STATS,BUS_OBJ_CD,CHAR,F1C700S1,1,NORMAL,VALID,VISIBLE,NO,UNIQUE,Y,Y,N,N,,MEDIUM,Good candidate for equality or IN pre-filter.
F1_STATS,F1_STATISTIC_CD,VARCHAR2,F1C700P0,1,NORMAL,VALID,VISIBLE,NO,UNIQUE,Y,Y,N,N,,MEDIUM,Good candidate for equality or IN pre-filter.
F1_STATS_CHAR,F1_STATISTIC_CD,VARCHAR2,F1C702P0,1,NORMAL,VALID,VISIBLE,NO,UNIQUE,Y,Y,N,N,,MEDIUM,Good candidate for equality or IN pre-filter.
F1_STATS_CHAR,SRCH_CHAR_VAL,VARCHAR2,F1C702S1,1,NORMAL,VALID,VISIBLE,NO,NONUNIQUE,Y,Y,N,N,,MEDIUM,Good candidate for equality or IN pre-filter.
F1_STATS_L,F1_STATISTIC_CD,VARCHAR2,F1C701P0,1,NORMAL,VALID,VISIBLE,NO,UNIQUE,Y,Y,N,N,,MEDIUM,Good candidate for equality or IN pre-filter.
F1_STATS_LOG,CHAR_TYPE_CD,CHAR,F1C703S1,1,NORMAL,VALID,VISIBLE,NO,NONUNIQUE,Y,Y,N,N,,MEDIUM,Good candidate for equality or IN pre-filter.
F1_STATS_LOG,CHAR_TYPE_CD,CHAR,F1C703S2,1,NORMAL,VALID,VISIBLE,NO,NONUNIQUE,Y,Y,N,N,,MEDIUM,Good candidate for equality or IN pre-filter.
F1_STATS_LOG,F1_STATISTIC_CD,VARCHAR2,F1C703P0,1,NORMAL,VALID,VISIBLE,NO,UNIQUE,Y,Y,N,N,,MEDIUM,Good candidate for equality or IN pre-filter.
F1_STATS_LOG_PARM,F1_STATISTIC_CD,VARCHAR2,F1C704P0,1,NORMAL,VALID,VISIBLE,NO,UNIQUE,Y,Y,N,N,,MEDIUM,Good candidate for equality or IN pre-filter.
F1_STATS_REL_OBJ,F1_STATISTIC_CD,VARCHAR2,F1C705P0,1,NORMAL,VALID,VISIBLE,NO,UNIQUE,Y,Y,N,N,,MEDIUM,Good candidate for equality or IN pre-filter.
F1_STATS_SNPSHT,BUS_OBJ_CD,CHAR,F1C706S1,1,NORMAL,VALID,VISIBLE,NO,UNIQUE,Y,Y,N,N,,MEDIUM,Good candidate for equality or IN pre-filter.
F1_STATS_SNPSHT,SNAPSHOT_ID,CHAR,F1C706P0,1,NORMAL,VALID,VISIBLE,NO,UNIQUE,Y,Y,N,N,,MEDIUM,Good candidate for equality or IN pre-filter.
F1_STATS_SNPSHT_CHAR,SNAPSHOT_ID,CHAR,F1C707P0,1,NORMAL,VALID,VISIBLE,NO,UNIQUE,Y,Y,N,N,,MEDIUM,Good candidate for equality or IN pre-filter.
F1_STATS_SNPSHT_CHAR,SRCH_CHAR_VAL,VARCHAR2,F1C707S1,1,NORMAL,VALID,VISIBLE,NO,NONUNIQUE,Y,Y,N,N,,MEDIUM,Good candidate for equality or IN pre-filter.
F1_STATS_SNPSHT_K,SNAPSHOT_ID,CHAR,F1T911P0,1,IOT - TOP,VALID,VISIBLE,NO,UNIQUE,Y,Y,N,N,,MEDIUM,Good candidate for equality or IN pre-filter.
F1_STATS_SNPSHT_LOG,CHAR_TYPE_CD,CHAR,F1C708S1,1,NORMAL,VALID,VISIBLE,NO,NONUNIQUE,Y,Y,N,N,,MEDIUM,Good candidate for equality or IN pre-filter.
F1_STATS_SNPSHT_LOG,CHAR_TYPE_CD,CHAR,F1C708S2,1,NORMAL,VALID,VISIBLE,NO,NONUNIQUE,Y,Y,N,N,,MEDIUM,Good candidate for equality or IN pre-filter.
F1_STATS_SNPSHT_LOG,SNAPSHOT_ID,CHAR,F1C708P0,1,NORMAL,VALID,VISIBLE,NO,UNIQUE,Y,Y,N,N,,MEDIUM,Good candidate for equality or IN pre-filter.
F1_STATS_SNPSHT_LOG_PARM,SNAPSHOT_ID,CHAR,F1C709P0,1,NORMAL,VALID,VISIBLE,NO,UNIQUE,Y,Y,N,N,,MEDIUM,Good candidate for equality or IN pre-filter.
F1_STATS_SNPSHT_REL_OBJ,SNAPSHOT_ID,CHAR,F1C710P0,1,NORMAL,VALID,VISIBLE,NO,UNIQUE,Y,Y,N,N,,MEDIUM,Good candidate for equality or IN pre-filter.
F1_SVC_CATALOG,WEB_SVC_CAT_ID,CHAR,F1C711P0,1,NORMAL,VALID,VISIBLE,NO,UNIQUE,Y,Y,N,N,,MEDIUM,Good candidate for equality or IN pre-filter.
F1_SVC_TASK,BUS_OBJ_CD,CHAR,F1C474S2,1,NORMAL,VALID,VISIBLE,NO,NONUNIQUE,Y,Y,N,N,,MEDIUM,Good candidate for equality or IN pre-filter.
F1_SVC_TASK,F1_STASK_TYPE_CD,VARCHAR2,F1C474S1,1,NORMAL,VALID,VISIBLE,NO,NONUNIQUE,Y,Y,N,N,,MEDIUM,Good candidate for equality or IN pre-filter.
F1_SVC_TASK,F1_SVC_TASK_ID,CHAR,F1C474P0,1,NORMAL,VALID,VISIBLE,NO,UNIQUE,Y,Y,N,N,,MEDIUM,Good candidate for equality or IN pre-filter.
F1_SVC_TASK_CHAR,F1_SVC_TASK_ID,CHAR,F1C476P0,1,NORMAL,VALID,VISIBLE,NO,UNIQUE,Y,Y,N,N,,MEDIUM,Good candidate for equality or IN pre-filter.
F1_SVC_TASK_CHAR,SRCH_CHAR_VAL,VARCHAR2,F1C476S1,1,NORMAL,VALID,VISIBLE,NO,NONUNIQUE,Y,Y,N,N,,MEDIUM,Good candidate for equality or IN pre-filter.
F1_SVC_TASK_K,F1_SVC_TASK_ID,CHAR,F1C475P0,1,IOT - TOP,VALID,VISIBLE,NO,UNIQUE,Y,Y,N,N,,MEDIUM,Good candidate for equality or IN pre-filter.
F1_SVC_TASK_LOG,CHAR_TYPE_CD,CHAR,F1C477S1,1,NORMAL,VALID,VISIBLE,NO,NONUNIQUE,Y,Y,N,N,,MEDIUM,Good candidate for equality or IN pre-filter.
F1_SVC_TASK_LOG,CHAR_TYPE_CD,CHAR,F1C477S2,1,NORMAL,VALID,VISIBLE,NO,NONUNIQUE,Y,Y,N,N,,MEDIUM,Good candidate for equality or IN pre-filter.
F1_SVC_TASK_LOG,F1_SVC_TASK_ID,CHAR,F1C477P0,1,NORMAL,VALID,VISIBLE,NO,UNIQUE,Y,Y,N,N,,MEDIUM,Good candidate for equality or IN pre-filter.
F1_SVC_TASK_LOG_PARM,F1_SVC_TASK_ID,CHAR,F1C478P0,1,NORMAL,VALID,VISIBLE,NO,UNIQUE,Y,Y,N,N,,MEDIUM,Good candidate for equality or IN pre-filter.
F1_SVC_TASK_REL_OBJ,F1_SVC_TASK_ID,CHAR,F1C479P0,1,NORMAL,VALID,VISIBLE,NO,UNIQUE,Y,Y,N,N,,MEDIUM,Good candidate for equality or IN pre-filter.
F1_SVC_TASK_REL_OBJ,MAINT_OBJ_CD,CHAR,F1C479S1,1,NORMAL,VALID,VISIBLE,NO,NONUNIQUE,Y,Y,N,N,,MEDIUM,Good candidate for equality or IN pre-filter.
F1_SVC_TASK_TYPE,BUS_OBJ_CD,CHAR,F1C471S1,1,NORMAL,VALID,VISIBLE,NO,NONUNIQUE,Y,Y,N,N,,MEDIUM,Good candidate for equality or IN pre-filter.
F1_SVC_TASK_TYPE,F1_STASK_TYPE_CD,VARCHAR2,F1C471P0,1,NORMAL,VALID,VISIBLE,NO,UNIQUE,Y,Y,N,N,,MEDIUM,Good candidate for equality or IN pre-filter.
F1_SVC_TASK_TYPE,TRANS_BUS_OBJ_CD,CHAR,F1C471S2,1,NORMAL,VALID,VISIBLE,NO,NONUNIQUE,Y,Y,N,N,,MEDIUM,Good candidate for equality or IN pre-filter.
F1_SVC_TASK_TYPE_CHAR,F1_STASK_TYPE_CD,VARCHAR2,F1C473P0,1,NORMAL,VALID,VISIBLE,NO,UNIQUE,Y,Y,N,N,,MEDIUM,Good candidate for equality or IN pre-filter.
F1_SVC_TASK_TYPE_CHAR,SRCH_CHAR_VAL,VARCHAR2,F1C473S1,1,NORMAL,VALID,VISIBLE,NO,NONUNIQUE,Y,Y,N,N,,MEDIUM,Good candidate for equality or IN pre-filter.
F1_SVC_TASK_TYPE_L,F1_STASK_TYPE_CD,VARCHAR2,F1C472P0,1,NORMAL,VALID,VISIBLE,NO,UNIQUE,Y,Y,N,N,,MEDIUM,Good candidate for equality or IN pre-filter.
F1_SYNC_REQ,BO_STATUS_CD,CHAR,F1T014S1,1,NORMAL,VALID,VISIBLE,NO,UNIQUE,Y,Y,N,N,,MEDIUM,Good candidate for equality or IN pre-filter.
F1_SYNC_REQ,BO_STATUS_REASON_CD,VARCHAR2,F1T014S2,1,NORMAL,VALID,VISIBLE,NO,NONUNIQUE,Y,Y,N,N,,MEDIUM,Good candidate for equality or IN pre-filter.
F1_SYNC_REQ,F1_SYNC_REQ_ID,CHAR,F1T014P0,1,NORMAL,VALID,VISIBLE,NO,UNIQUE,Y,Y,N,N,,MEDIUM,Good candidate for equality or IN pre-filter.
F1_SYNC_REQ,MAINT_OBJ_CD,CHAR,F1T014S3,1,NORMAL,VALID,VISIBLE,NO,UNIQUE,Y,Y,N,N,,MEDIUM,Good candidate for equality or IN pre-filter.
F1_SYNC_REQ_CHAR,F1_SYNC_REQ_ID,CHAR,F1T017P0,1,NORMAL,VALID,VISIBLE,NO,UNIQUE,Y,Y,N,N,,MEDIUM,Good candidate for equality or IN pre-filter.
F1_SYNC_REQ_CHAR,SRCH_CHAR_VAL,VARCHAR2,F1T017S1,1,NORMAL,VALID,VISIBLE,NO,NONUNIQUE,Y,Y,N,N,,MEDIUM,Good candidate for equality or IN pre-filter.
F1_SYNC_REQ_EXTRACT,F1_SYNC_REQ_ID,CHAR,F1T019P0,1,NORMAL,VALID,VISIBLE,NO,UNIQUE,Y,Y,N,N,,MEDIUM,Good candidate for equality or IN pre-filter.
F1_SYNC_REQ_IN,BO_STATUS_CD,CHAR,F1T191S1,1,NORMAL,VALID,VISIBLE,NO,UNIQUE,Y,Y,N,N,,MEDIUM,Good candidate for equality or IN pre-filter.
F1_SYNC_REQ_IN,EXT_REFERENCE_ID,CHAR,F1T191S3,1,NORMAL,VALID,VISIBLE,NO,NONUNIQUE,Y,Y,N,N,,MEDIUM,Good candidate for equality or IN pre-filter.
F1_SYNC_REQ_IN,F1_SYNC_REQ_IN_ID,CHAR,F1T191P0,1,NORMAL,VALID,VISIBLE,NO,UNIQUE,Y,Y,N,N,,MEDIUM,Good candidate for equality or IN pre-filter.
F1_SYNC_REQ_IN,MAINT_OBJ_CD,CHAR,F1T191S2,1,NORMAL,VALID,VISIBLE,NO,NONUNIQUE,Y,Y,N,N,,MEDIUM,Good candidate for equality or IN pre-filter.
F1_SYNC_REQ_IN_CHAR,F1_SYNC_REQ_IN_ID,CHAR,F1T193P0,1,NORMAL,VALID,VISIBLE,NO,UNIQUE,Y,Y,N,N,,MEDIUM,Good candidate for equality or IN pre-filter.
F1_SYNC_REQ_IN_CHAR,SRCH_CHAR_VAL,VARCHAR2,F1T193S1,1,NORMAL,VALID,VISIBLE,NO,NONUNIQUE,Y,Y,N,N,,MEDIUM,Good candidate for equality or IN pre-filter.
F1_SYNC_REQ_IN_EXCP,F1_SYNC_REQ_IN_ID,CHAR,F1T197P0,1,NORMAL,VALID,VISIBLE,NO,UNIQUE,Y,Y,N,N,,MEDIUM,Good candidate for equality or IN pre-filter.
F1_SYNC_REQ_IN_EXCP_PARM,F1_SYNC_REQ_IN_ID,CHAR,F1T198P0,1,NORMAL,VALID,VISIBLE,NO,UNIQUE,Y,Y,N,N,,MEDIUM,Good candidate for equality or IN pre-filter.
F1_SYNC_REQ_IN_K,F1_SYNC_REQ_IN_ID,CHAR,F1T196P0,1,IOT - TOP,VALID,VISIBLE,NO,UNIQUE,Y,Y,N,N,,MEDIUM,Good candidate for equality or IN pre-filter.
F1_SYNC_REQ_IN_LOG,CHAR_TYPE_CD,CHAR,F1T194S1,1,NORMAL,VALID,VISIBLE,NO,NONUNIQUE,Y,Y,N,N,,MEDIUM,Good candidate for equality or IN pre-filter.
F1_SYNC_REQ_IN_LOG,CHAR_TYPE_CD,CHAR,F1T194S2,1,NORMAL,VALID,VISIBLE,NO,NONUNIQUE,Y,Y,N,N,,MEDIUM,Good candidate for equality or IN pre-filter.
F1_SYNC_REQ_IN_LOG,F1_SYNC_REQ_IN_ID,CHAR,F1T194P0,1,NORMAL,VALID,VISIBLE,NO,UNIQUE,Y,Y,N,N,,MEDIUM,Good candidate for equality or IN pre-filter.
F1_SYNC_REQ_IN_LOG_PARM,F1_SYNC_REQ_IN_ID,CHAR,F1T195P0,1,NORMAL,VALID,VISIBLE,NO,UNIQUE,Y,Y,N,N,,MEDIUM,Good candidate for equality or IN pre-filter.
F1_SYNC_REQ_IN_REL_OBJ,F1_SYNC_REQ_IN_ID,CHAR,F1T192P0,1,NORMAL,VALID,VISIBLE,NO,UNIQUE,Y,Y,N,N,,MEDIUM,Good candidate for equality or IN pre-filter.
F1_SYNC_REQ_IN_REL_OBJ,PK_VALUE1,VARCHAR2,F1T192S1,1,NORMAL,VALID,VISIBLE,NO,NONUNIQUE,Y,Y,N,N,,MEDIUM,Good candidate for equality or IN pre-filter.
F1_SYNC_REQ_K,F1_SYNC_REQ_ID,CHAR,F1T018P0,1,IOT - TOP,VALID,VISIBLE,NO,UNIQUE,Y,Y,N,N,,MEDIUM,Good candidate for equality or IN pre-filter.
F1_SYNC_REQ_LOG,BO_STATUS_REASON_CD,VARCHAR2,F1T015S3,1,NORMAL,VALID,VISIBLE,NO,NONUNIQUE,Y,Y,N,N,,MEDIUM,Good candidate for equality or IN pre-filter.
F1_SYNC_REQ_LOG,CHAR_TYPE_CD,CHAR,F1T015S1,1,NORMAL,VALID,VISIBLE,NO,NONUNIQUE,Y,Y,N,N,,MEDIUM,Good candidate for equality or IN pre-filter.
F1_SYNC_REQ_LOG,CHAR_TYPE_CD,CHAR,F1T015S2,1,NORMAL,VALID,VISIBLE,NO,NONUNIQUE,Y,Y,N,N,,MEDIUM,Good candidate for equality or IN pre-filter.
F1_SYNC_REQ_LOG,F1_SYNC_REQ_ID,CHAR,F1T015P0,1,NORMAL,VALID,VISIBLE,NO,UNIQUE,Y,Y,N,N,,MEDIUM,Good candidate for equality or IN pre-filter.
F1_SYNC_REQ_LOG_PARM,F1_SYNC_REQ_ID,CHAR,F1T016P0,1,NORMAL,VALID,VISIBLE,NO,UNIQUE,Y,Y,N,N,,MEDIUM,Good candidate for equality or IN pre-filter.
F1_TAG,ENTITY_TAG,VARCHAR2,F1C795P0,1,NORMAL,VALID,VISIBLE,NO,UNIQUE,Y,Y,N,N,,MEDIUM,Good candidate for equality or IN pre-filter.
F1_TAGGED_ENTITY,ENTITY_TAG,VARCHAR2,F1C798P0,1,NORMAL,VALID,VISIBLE,NO,UNIQUE,Y,Y,N,N,,MEDIUM,Good candidate for equality or IN pre-filter.
F1_TAGGED_ENTITY,MAINT_OBJ_CD,CHAR,F1C798S1,1,NORMAL,VALID,VISIBLE,NO,NONUNIQUE,Y,Y,N,N,,MEDIUM,Good candidate for equality or IN pre-filter.
F1_TAG_CHAR,ENTITY_TAG,VARCHAR2,F1C797P0,1,NORMAL,VALID,VISIBLE,NO,UNIQUE,Y,Y,N,N,,MEDIUM,Good candidate for equality or IN pre-filter.
F1_TAG_L,ENTITY_TAG,VARCHAR2,F1C796P0,1,NORMAL,VALID,VISIBLE,NO,UNIQUE,Y,Y,N,N,,MEDIUM,Good candidate for equality or IN pre-filter.
F1_TIME_D,F1_TIME_KEY,CHAR,F1T917P0,1,NORMAL,VALID,VISIBLE,NO,UNIQUE,Y,Y,N,N,,MEDIUM,Good candidate for equality or IN pre-filter.
F1_TREE,TREE_CD,CHAR,F1C790P0,1,NORMAL,VALID,VISIBLE,NO,UNIQUE,Y,Y,N,N,,MEDIUM,Good candidate for equality or IN pre-filter.
F1_TREE_L,TREE_CD,CHAR,F1C791P0,1,NORMAL,VALID,VISIBLE,NO,UNIQUE,Y,Y,N,N,,MEDIUM,Good candidate for equality or IN pre-filter.
F1_TREE_NODE,TREE_CD,CHAR,F1C792P0,1,NORMAL,VALID,VISIBLE,NO,UNIQUE,Y,Y,N,N,,MEDIUM,Good candidate for equality or IN pre-filter.
F1_TREE_NODE_ALG,TREE_CD,CHAR,F1C794P0,1,NORMAL,VALID,VISIBLE,NO,UNIQUE,Y,Y,N,N,,MEDIUM,Good candidate for equality or IN pre-filter.
F1_TREE_NODE_L,TREE_CD,CHAR,F1C793P0,1,NORMAL,VALID,VISIBLE,NO,UNIQUE,Y,Y,N,N,,MEDIUM,Good candidate for equality or IN pre-filter.
F1_TSPACE_ENTRY,TSPACE_ENTRY_ID,VARCHAR2,FT001P0,1,NORMAL,VALID,VISIBLE,NO,UNIQUE,Y,Y,N,N,,MEDIUM,Good candidate for equality or IN pre-filter.
F1_WEB_CAT,WEB_SVC_CAT_CD,VARCHAR2,F1C740P0,1,NORMAL,VALID,VISIBLE,NO,UNIQUE,Y,Y,N,N,,MEDIUM,Good candidate for equality or IN pre-filter.
F1_WEB_CAT_INCL_SVC,WEB_SVC_CAT_CD,VARCHAR2,F1C742P0,1,NORMAL,VALID,VISIBLE,NO,UNIQUE,Y,Y,N,N,,MEDIUM,Good candidate for equality or IN pre-filter.
F1_WEB_CAT_L,WEB_SVC_CAT_CD,VARCHAR2,F1C741P0,1,NORMAL,VALID,VISIBLE,NO,UNIQUE,Y,Y,N,N,,MEDIUM,Good candidate for equality or IN pre-filter.
F1_WEB_SVC,BO_STATUS_CD,CHAR,F1C064S1,1,NORMAL,VALID,VISIBLE,NO,UNIQUE,Y,Y,N,N,,MEDIUM,Good candidate for equality or IN pre-filter.
F1_WEB_SVC,WEB_SVC_NAME,VARCHAR2,F1C064P0,1,NORMAL,VALID,VISIBLE,NO,UNIQUE,Y,Y,N,N,,MEDIUM,Good candidate for equality or IN pre-filter.
F1_WEB_SVC_CHAR,SRCH_CHAR_VAL,VARCHAR2,F1C068S1,1,NORMAL,VALID,VISIBLE,NO,NONUNIQUE,Y,Y,N,N,,MEDIUM,Good candidate for equality or IN pre-filter.
F1_WEB_SVC_CHAR,WEB_SVC_NAME,VARCHAR2,F1C068P0,1,NORMAL,VALID,VISIBLE,NO,UNIQUE,Y,Y,N,N,,MEDIUM,Good candidate for equality or IN pre-filter.
F1_WEB_SVC_L,WEB_SVC_NAME,VARCHAR2,F1C065P0,1,NORMAL,VALID,VISIBLE,NO,UNIQUE,Y,Y,N,N,,MEDIUM,Good candidate for equality or IN pre-filter.
F1_WEB_SVC_LOG,CHAR_TYPE_CD,CHAR,F1C066S1,1,NORMAL,VALID,VISIBLE,NO,NONUNIQUE,Y,Y,N,N,,MEDIUM,Good candidate for equality or IN pre-filter.
F1_WEB_SVC_LOG,CHAR_TYPE_CD,CHAR,F1C066S2,1,NORMAL,VALID,VISIBLE,NO,NONUNIQUE,Y,Y,N,N,,MEDIUM,Good candidate for equality or IN pre-filter.
F1_WEB_SVC_LOG,WEB_SVC_NAME,VARCHAR2,F1C066P0,1,NORMAL,VALID,VISIBLE,NO,UNIQUE,Y,Y,N,N,,MEDIUM,Good candidate for equality or IN pre-filter.
F1_WEB_SVC_LOG_PARM,WEB_SVC_NAME,VARCHAR2,F1C067P0,1,NORMAL,VALID,VISIBLE,NO,UNIQUE,Y,Y,N,N,,MEDIUM,Good candidate for equality or IN pre-filter.
F1_WEB_SVC_OPERATIONS,WEB_SVC_NAME,VARCHAR2,F1C069P0,1,NORMAL,VALID,VISIBLE,NO,UNIQUE,Y,Y,N,N,,MEDIUM,Good candidate for equality or IN pre-filter.
SC_ACCESS_CNTL,USR_GRP_ID,CHAR,XC286P0,1,NORMAL,VALID,VISIBLE,NO,UNIQUE,Y,Y,N,N,,MEDIUM,Good candidate for equality or IN pre-filter.
SC_APP_SERVICE,APP_SVC_ID,CHAR,XC287P0,1,NORMAL,VALID,VISIBLE,NO,UNIQUE,Y,Y,N,N,,MEDIUM,Good candidate for equality or IN pre-filter.
SC_APP_SERVICE_L,APP_SVC_ID,CHAR,XC592P0,1,NORMAL,VALID,VISIBLE,NO,UNIQUE,Y,Y,N,N,,MEDIUM,Good candidate for equality or IN pre-filter.
SC_USER,EXT_USER_ID,VARCHAR2,FC303S1,1,NORMAL,VALID,VISIBLE,NO,UNIQUE,Y,Y,N,N,,MEDIUM,Good candidate for equality or IN pre-filter.
SC_USER,USER_ID,CHAR,XC301P0,1,NORMAL,VALID,VISIBLE,NO,UNIQUE,Y,Y,N,N,,MEDIUM,Good candidate for equality or IN pre-filter.
SC_USER_CHAR,SRCH_CHAR_VAL,VARCHAR2,FC034S1,1,NORMAL,VALID,VISIBLE,NO,NONUNIQUE,Y,Y,N,N,,MEDIUM,Good candidate for equality or IN pre-filter.
SC_USER_CHAR,USER_ID,CHAR,FC034P0,1,NORMAL,VALID,VISIBLE,NO,UNIQUE,Y,Y,N,N,,MEDIUM,Good candidate for equality or IN pre-filter.
SC_USER_GROUP,USR_GRP_ID,CHAR,XC302P0,1,NORMAL,VALID,VISIBLE,NO,UNIQUE,Y,Y,N,N,,MEDIUM,Good candidate for equality or IN pre-filter.
SC_USER_GROUP_L,USR_GRP_ID,CHAR,XC593P0,1,NORMAL,VALID,VISIBLE,NO,UNIQUE,Y,Y,N,N,,MEDIUM,Good candidate for equality or IN pre-filter.
SC_USR_GRP_PROF,APP_SVC_ID,CHAR,XC293S1,1,NORMAL,VALID,VISIBLE,NO,NONUNIQUE,Y,Y,N,N,,MEDIUM,Good candidate for equality or IN pre-filter.
SC_USR_GRP_PROF,USR_GRP_ID,CHAR,XC293P0,1,NORMAL,VALID,VISIBLE,NO,UNIQUE,Y,Y,N,N,,MEDIUM,Good candidate for equality or IN pre-filter.
SC_USR_GRP_USR,USER_ID,CHAR,XC294S1,1,NORMAL,VALID,VISIBLE,NO,NONUNIQUE,Y,Y,N,N,,MEDIUM,Good candidate for equality or IN pre-filter.
SC_USR_GRP_USR,USR_GRP_ID,CHAR,XC294P0,1,NORMAL,VALID,VISIBLE,NO,UNIQUE,Y,Y,N,N,,MEDIUM,Good candidate for equality or IN pre-filter.
TMP_TAB_CNV_SA_PREM,SA_ID,CHAR,IDXTMP010201,1,NORMAL,VALID,VISIBLE,NO,UNIQUE,Y,Y,N,N,,MEDIUM,Good candidate for equality or IN pre-filter.
W1_ACPT_LINE,ACPT_LINE_ID,CHAR,W1T475P0,1,NORMAL,VALID,VISIBLE,NO,UNIQUE,Y,Y,N,N,,MEDIUM,Good candidate for equality or IN pre-filter.
W1_ACPT_LINE,BUS_OBJ_CD,CHAR,W1T475S1,1,NORMAL,VALID,VISIBLE,NO,UNIQUE,Y,Y,N,N,,MEDIUM,Good candidate for equality or IN pre-filter.
W1_ACPT_LINE,RCPT_LINE_ID,CHAR,W1T475S2,1,NORMAL,VALID,VISIBLE,NO,UNIQUE,Y,Y,N,N,,MEDIUM,Good candidate for equality or IN pre-filter.
W1_ACPT_LINE_ASSET,ACPT_LINE_ID,CHAR,W1T476P0,1,NORMAL,VALID,VISIBLE,NO,UNIQUE,Y,Y,N,N,,MEDIUM,Good candidate for equality or IN pre-filter.
W1_ACPT_LINE_CHAR,ACPT_LINE_ID,CHAR,W1T478P0,1,NORMAL,VALID,VISIBLE,NO,UNIQUE,Y,Y,N,N,,MEDIUM,Good candidate for equality or IN pre-filter.
W1_ACPT_LINE_CHAR,SRCH_CHAR_VAL,VARCHAR2,W1T478S1,1,NORMAL,VALID,VISIBLE,NO,NONUNIQUE,Y,Y,N,N,,MEDIUM,Good candidate for equality or IN pre-filter.
W1_ACPT_LINE_K,ACPT_LINE_ID,CHAR,W1T482P0,1,IOT - TOP,VALID,VISIBLE,NO,UNIQUE,Y,Y,N,N,,MEDIUM,Good candidate for equality or IN pre-filter.
W1_ACPT_LINE_LOG,ACPT_LINE_ID,CHAR,W1T479P0,1,NORMAL,VALID,VISIBLE,NO,UNIQUE,Y,Y,N,N,,MEDIUM,Good candidate for equality or IN pre-filter.
W1_ACPT_LINE_LOG,CHAR_TYPE_CD,CHAR,W1T479S1,1,NORMAL,VALID,VISIBLE,NO,NONUNIQUE,Y,Y,N,N,,MEDIUM,Good candidate for equality or IN pre-filter.
W1_ACPT_LINE_LOG,CHAR_TYPE_CD,CHAR,W1T479S2,1,NORMAL,VALID,VISIBLE,NO,NONUNIQUE,Y,Y,N,N,,MEDIUM,Good candidate for equality or IN pre-filter.
W1_ACPT_LINE_LOG_PARM,ACPT_LINE_ID,CHAR,W1T480P0,1,NORMAL,VALID,VISIBLE,NO,UNIQUE,Y,Y,N,N,,MEDIUM,Good candidate for equality or IN pre-filter.
W1_ACPT_LINE_LOT,ACPT_LINE_ID,CHAR,W1T477P0,1,NORMAL,VALID,VISIBLE,NO,UNIQUE,Y,Y,N,N,,MEDIUM,Good candidate for equality or IN pre-filter.
W1_ACTIVITY,ACTVN_DTTM,DATE,W1T244S8,1,NORMAL,VALID,VISIBLE,NO,NONUNIQUE,Y,Y,Y,N,,HIGH,Primary candidate for mandatory rolling window pre-filter.
W1_ACTIVITY,CRE_DTTM,DATE,W1T244S7,1,NORMAL,VALID,VISIBLE,NO,NONUNIQUE,Y,Y,Y,N,,HIGH,Primary candidate for mandatory rolling window pre-filter.
W1_ACTIVITY,FINAL_DTTM,DATE,W1T244S13,1,NORMAL,VALID,VISIBLE,NO,UNIQUE,Y,Y,Y,N,,HIGH,Primary candidate for mandatory rolling window pre-filter.
W1_ACTIVITY,WORK_WIN_END_DTTM,DATE,W1T244S10,1,NORMAL,VALID,VISIBLE,NO,NONUNIQUE,Y,Y,Y,N,,HIGH,Primary candidate for mandatory rolling window pre-filter.
W1_ACTIVITY,WORK_WIN_START_DTTM,DATE,W1T244S9,1,NORMAL,VALID,VISIBLE,NO,NONUNIQUE,Y,Y,Y,N,,HIGH,Primary candidate for mandatory rolling window pre-filter.
W1_ACTIVITY,ACT_ID,CHAR,W1T244P0,1,NORMAL,VALID,VISIBLE,NO,UNIQUE,Y,Y,N,N,,MEDIUM,Good candidate for equality or IN pre-filter.
W1_ACTIVITY,ACT_TYPE_CD,VARCHAR2,W1T244S1,1,NORMAL,VALID,VISIBLE,NO,NONUNIQUE,Y,Y,N,N,,MEDIUM,Good candidate for equality or IN pre-filter.
W1_ACTIVITY,ASSET_ID,CHAR,W1T244S6,1,NORMAL,VALID,VISIBLE,NO,NONUNIQUE,Y,Y,N,N,,MEDIUM,Good candidate for equality or IN pre-filter.
W1_ACTIVITY,BUS_OBJ_CD,CHAR,W1T244S2,1,NORMAL,VALID,VISIBLE,NO,UNIQUE,Y,Y,N,N,,MEDIUM,Good candidate for equality or IN pre-filter.
W1_ACTIVITY,MAINT_SCHED_ID,CHAR,W1T244S19,1,NORMAL,VALID,VISIBLE,NO,NONUNIQUE,Y,Y,N,N,,MEDIUM,Good candidate for equality or IN pre-filter.
W1_ACTIVITY,NODE_ID,CHAR,W1T244S5,1,NORMAL,VALID,VISIBLE,NO,NONUNIQUE,Y,Y,N,N,,MEDIUM,Good candidate for equality or IN pre-filter.
W1_ACTIVITY,PLANNER_CD,VARCHAR2,W1T244S20,1,NORMAL,VALID,VISIBLE,NO,NONUNIQUE,Y,Y,N,N,,MEDIUM,Good candidate for equality or IN pre-filter.
W1_ACTIVITY,PRJ_ID,CHAR,W1T244S18,1,NORMAL,VALID,VISIBLE,NO,NONUNIQUE,Y,Y,N,N,,MEDIUM,Good candidate for equality or IN pre-filter.
W1_ACTIVITY,PRNT_ACT_ID,CHAR,W1T244S11,1,NORMAL,VALID,VISIBLE,NO,NONUNIQUE,Y,Y,N,N,,MEDIUM,Good candidate for equality or IN pre-filter.
W1_ACTIVITY,SERVICE_CLASS_CD,VARCHAR2,W1T244S14,1,NORMAL,VALID,VISIBLE,NO,NONUNIQUE,Y,Y,N,N,,MEDIUM,Good candidate for equality or IN pre-filter.
W1_ACTIVITY,W1_DESCR100_UPR,VARCHAR2,W1T244S16,1,NORMAL,VALID,VISIBLE,NO,NONUNIQUE,Y,Y,N,N,,MEDIUM,Good candidate for equality or IN pre-filter.
W1_ACTIVITY,WORK_LOC_ID,CHAR,W1T244S17,1,NORMAL,VALID,VISIBLE,NO,NONUNIQUE,Y,Y,N,N,,MEDIUM,Good candidate for equality or IN pre-filter.
W1_ACTIVITY,WORK_REQ_ID,CHAR,W1T244S15,1,NORMAL,VALID,VISIBLE,NO,NONUNIQUE,Y,Y,N,N,,MEDIUM,Good candidate for equality or IN pre-filter.
W1_ACTIVITY,WO_ID,CHAR,W1T244S4,1,NORMAL,VALID,VISIBLE,NO,NONUNIQUE,Y,Y,N,N,,MEDIUM,Good candidate for equality or IN pre-filter.
W1_ACTIVITY_ASSET,ACT_ID,CHAR,W1T366P0,1,NORMAL,VALID,VISIBLE,NO,UNIQUE,Y,Y,N,N,,MEDIUM,Good candidate for equality or IN pre-filter.
W1_ACTIVITY_ASSET,ASSET_ID,CHAR,W1T366S1,1,NORMAL,VALID,VISIBLE,NO,NONUNIQUE,Y,Y,N,N,,MEDIUM,Good candidate for equality or IN pre-filter.
W1_ACTIVITY_ATTACHMENT,ACT_ID,CHAR,W1T245P0,1,NORMAL,VALID,VISIBLE,NO,UNIQUE,Y,Y,N,N,,MEDIUM,Good candidate for equality or IN pre-filter.
W1_ACTIVITY_CHAR,ACT_ID,CHAR,W1T246P0,1,NORMAL,VALID,VISIBLE,NO,UNIQUE,Y,Y,N,N,,MEDIUM,Good candidate for equality or IN pre-filter.
W1_ACTIVITY_CHAR,SRCH_CHAR_VAL,VARCHAR2,W1T246S1,1,NORMAL,VALID,VISIBLE,NO,NONUNIQUE,Y,Y,N,N,,MEDIUM,Good candidate for equality or IN pre-filter.
W1_ACTIVITY_COST_CENTER,ACT_ID,CHAR,W1T365P0,1,NORMAL,VALID,VISIBLE,NO,UNIQUE,Y,Y,N,N,,MEDIUM,Good candidate for equality or IN pre-filter.
W1_ACTIVITY_DEPENDENCY,ACT_ID,CHAR,W1T367P0,1,NORMAL,VALID,VISIBLE,NO,UNIQUE,Y,Y,N,N,,MEDIUM,Good candidate for equality or IN pre-filter.
W1_ACTIVITY_DOCUMENT,ACT_ID,CHAR,W1T369P0,1,NORMAL,VALID,VISIBLE,NO,UNIQUE,Y,Y,N,N,,MEDIUM,Good candidate for equality or IN pre-filter.
W1_ACTIVITY_IDENTIFIER,ACT_ID,CHAR,W1T247P0,1,NORMAL,VALID,VISIBLE,NO,UNIQUE,Y,Y,N,N,,MEDIUM,Good candidate for equality or IN pre-filter.
W1_ACTIVITY_IDENTIFIER,ACT_ID_TYPE_FLG,CHAR,W1T247S1,1,FUNCTION-BASED NORMAL,VALID,VISIBLE,NO,NONUNIQUE,Y,Y,N,N,,MEDIUM,Good candidate for equality or IN pre-filter.
W1_ACTIVITY_IDENTIFIER,W1_ID_VALUE,VARCHAR2,W1T247S0,1,NORMAL,VALID,VISIBLE,NO,NONUNIQUE,Y,Y,N,N,,MEDIUM,Good candidate for equality or IN pre-filter.
W1_ACTIVITY_K,ACT_ID,CHAR,W1T251P0,1,IOT - TOP,VALID,VISIBLE,NO,UNIQUE,Y,Y,N,N,,MEDIUM,Good candidate for equality or IN pre-filter.
W1_ACTIVITY_LOG,ACT_ID,CHAR,W1T249P0,1,NORMAL,VALID,VISIBLE,NO,UNIQUE,Y,Y,N,N,,MEDIUM,Good candidate for equality or IN pre-filter.
W1_ACTIVITY_LOG,CHAR_TYPE_CD,CHAR,W1T249S1,1,NORMAL,VALID,VISIBLE,NO,NONUNIQUE,Y,Y,N,N,,MEDIUM,Good candidate for equality or IN pre-filter.
W1_ACTIVITY_LOG,CHAR_TYPE_CD,CHAR,W1T249S2,1,NORMAL,VALID,VISIBLE,NO,NONUNIQUE,Y,Y,N,N,,MEDIUM,Good candidate for equality or IN pre-filter.
W1_ACTIVITY_LOG_PARM,ACT_ID,CHAR,W1T250P0,1,NORMAL,VALID,VISIBLE,NO,UNIQUE,Y,Y,N,N,,MEDIUM,Good candidate for equality or IN pre-filter.
W1_ACTIVITY_MEASUREMENT_TYPE,ACT_ID,CHAR,W1T962P0,1,NORMAL,VALID,VISIBLE,NO,UNIQUE,Y,Y,N,N,,MEDIUM,Good candidate for equality or IN pre-filter.
W1_ACTIVITY_NOTE,ACT_ID,CHAR,W1T368P0,1,NORMAL,VALID,VISIBLE,NO,UNIQUE,Y,Y,N,N,,MEDIUM,Good candidate for equality or IN pre-filter.
W1_ACTIVITY_PLAN_SVC_HIST_TYPE,ACT_ID,CHAR,W1T526P0,1,NORMAL,VALID,VISIBLE,NO,UNIQUE,Y,Y,N,N,,MEDIUM,Good candidate for equality or IN pre-filter.
W1_ACTIVITY_PLAN_SVC_HIST_TYPE,ACT_ID,CHAR,W1T526S1,1,NORMAL,VALID,VISIBLE,NO,NONUNIQUE,Y,Y,N,N,,MEDIUM,Good candidate for equality or IN pre-filter.
W1_ACTIVITY_REL_OBJ,ACT_ID,CHAR,W1T248P0,1,NORMAL,VALID,VISIBLE,NO,UNIQUE,Y,Y,N,N,,MEDIUM,Good candidate for equality or IN pre-filter.
W1_ACTIVITY_REL_OBJ,PK_VALUE1,VARCHAR2,W1T248S1,1,NORMAL,VALID,VISIBLE,NO,NONUNIQUE,Y,Y,N,N,,MEDIUM,Good candidate for equality or IN pre-filter.
W1_ACTIVITY_TYPE,ACT_BUS_OBJ_CD,CHAR,W1C237S2,1,NORMAL,VALID,VISIBLE,NO,NONUNIQUE,Y,Y,N,N,,MEDIUM,Good candidate for equality or IN pre-filter.
W1_ACTIVITY_TYPE,ACT_TYPE_CD,VARCHAR2,W1C237P0,1,NORMAL,VALID,VISIBLE,NO,UNIQUE,Y,Y,N,N,,MEDIUM,Good candidate for equality or IN pre-filter.
W1_ACTIVITY_TYPE,CATEGORY_FLG,CHAR,W1C237S3,1,NORMAL,VALID,VISIBLE,NO,UNIQUE,Y,Y,N,N,,MEDIUM,Good candidate for equality or IN pre-filter.
W1_ACTIVITY_TYPE_ATTACHMENT,ACT_TYPE_CD,VARCHAR2,W1C241P0,1,NORMAL,VALID,VISIBLE,NO,UNIQUE,Y,Y,N,N,,MEDIUM,Good candidate for equality or IN pre-filter.
W1_ACTIVITY_TYPE_CEVT_TYPE,ACT_TYPE_CD,VARCHAR2,W1C239P0,1,NORMAL,VALID,VISIBLE,NO,UNIQUE,Y,Y,N,N,,MEDIUM,Good candidate for equality or IN pre-filter.
W1_ACTIVITY_TYPE_CHAR,ACT_TYPE_CD,VARCHAR2,W1C243P0,1,NORMAL,VALID,VISIBLE,NO,UNIQUE,Y,Y,N,N,,MEDIUM,Good candidate for equality or IN pre-filter.
W1_ACTIVITY_TYPE_CHAR,SRCH_CHAR_VAL,VARCHAR2,W1C243S1,1,NORMAL,VALID,VISIBLE,NO,NONUNIQUE,Y,Y,N,N,,MEDIUM,Good candidate for equality or IN pre-filter.
W1_ACTIVITY_TYPE_DOCUMENT,ACT_TYPE_CD,VARCHAR2,W1C610P0,1,NORMAL,VALID,VISIBLE,NO,UNIQUE,Y,Y,N,N,,MEDIUM,Good candidate for equality or IN pre-filter.
W1_ACTIVITY_TYPE_IDENTIFIER,ACT_TYPE_CD,VARCHAR2,W1C242P0,1,NORMAL,VALID,VISIBLE,NO,UNIQUE,Y,Y,N,N,,MEDIUM,Good candidate for equality or IN pre-filter.
W1_ACTIVITY_TYPE_IDENTIFIER,SYS_NC00006$,,W1C242S1,1,FUNCTION-BASED NORMAL,VALID,VISIBLE,NO,NONUNIQUE,Y,Y,N,N,,MEDIUM,Good candidate for equality or IN pre-filter.
W1_ACTIVITY_TYPE_IDENTIFIER,W1_ID_VALUE,VARCHAR2,W1C242S0,1,NORMAL,VALID,VISIBLE,NO,NONUNIQUE,Y,Y,N,N,,MEDIUM,Good candidate for equality or IN pre-filter.
W1_ACTIVITY_TYPE_L,ACT_TYPE_CD,VARCHAR2,W1C238P0,1,NORMAL,VALID,VISIBLE,NO,UNIQUE,Y,Y,N,N,,MEDIUM,Good candidate for equality or IN pre-filter.
W1_ACTIVITY_TYPE_OUTMSG_TYPE,ACT_TYPE_CD,VARCHAR2,W1C240P0,1,NORMAL,VALID,VISIBLE,NO,UNIQUE,Y,Y,N,N,,MEDIUM,Good candidate for equality or IN pre-filter.
W1_ACTIVITY_TYPE_RESRC_REQMT,ACT_TYPE_CD,VARCHAR2,W1C638P0,1,NORMAL,VALID,VISIBLE,NO,UNIQUE,Y,Y,N,N,,MEDIUM,Good candidate for equality or IN pre-filter.
W1_ACTIVITY_TYPE_SERVICE_CLASS,ACT_TYPE_CD,VARCHAR2,W1C538P0,1,NORMAL,VALID,VISIBLE,NO,UNIQUE,Y,Y,N,N,,MEDIUM,Good candidate for equality or IN pre-filter.
W1_ACT_CONSTR_LOC,CONSTR_LOC_ID,CHAR,W1T780P0,1,NORMAL,VALID,VISIBLE,NO,UNIQUE,Y,Y,N,N,,MEDIUM,Good candidate for equality or IN pre-filter.
W1_ACT_CONSTR_LOC_CHAR,CONSTR_LOC_ID,CHAR,W1T783P0,1,NORMAL,VALID,VISIBLE,NO,UNIQUE,Y,Y,N,N,,MEDIUM,Good candidate for equality or IN pre-filter.
W1_ACT_CONSTR_LOC_CHAR,SRCH_CHAR_VAL,VARCHAR2,W1T783S1,1,NORMAL,VALID,VISIBLE,NO,NONUNIQUE,Y,Y,N,N,,MEDIUM,Good candidate for equality or IN pre-filter.
W1_ACT_CONSTR_LOC_CU,CONSTR_LOC_ID,CHAR,W1T781P0,1,NORMAL,VALID,VISIBLE,NO,UNIQUE,Y,Y,N,N,,MEDIUM,Good candidate for equality or IN pre-filter.
W1_ACT_CONSTR_LOC_CU_ASSET,ASSET_ID,CHAR,W1T786S1,1,NORMAL,VALID,VISIBLE,NO,NONUNIQUE,Y,Y,N,N,,MEDIUM,Good candidate for equality or IN pre-filter.
W1_ACT_CONSTR_LOC_CU_ASSET,CONSTR_LOC_ID,CHAR,W1T786P0,1,NORMAL,VALID,VISIBLE,NO,UNIQUE,Y,Y,N,N,,MEDIUM,Good candidate for equality or IN pre-filter.
W1_ACT_CONSTR_LOC_K,CONSTR_LOC_ID,CHAR,W1T785P0,1,IOT - TOP,VALID,VISIBLE,NO,UNIQUE,Y,Y,N,N,,MEDIUM,Good candidate for equality or IN pre-filter.
W1_ACT_RECON,ACT_RECON_ID,CHAR,W1T731P0,1,NORMAL,VALID,VISIBLE,NO,UNIQUE,Y,Y,N,N,,MEDIUM,Good candidate for equality or IN pre-filter.
W1_ACT_RECON_CHAR,ACT_RECON_ID,CHAR,W1T734P0,1,NORMAL,VALID,VISIBLE,NO,UNIQUE,Y,Y,N,N,,MEDIUM,Good candidate for equality or IN pre-filter.
W1_ACT_RECON_CHAR,SRCH_CHAR_VAL,VARCHAR2,W1T734S1,1,NORMAL,VALID,VISIBLE,NO,NONUNIQUE,Y,Y,N,N,,MEDIUM,Good candidate for equality or IN pre-filter.
W1_ACT_RECON_COST_CENTER,ACT_RECON_ID,CHAR,W1T732P0,1,NORMAL,VALID,VISIBLE,NO,UNIQUE,Y,Y,N,N,,MEDIUM,Good candidate for equality or IN pre-filter.
W1_ACT_RECON_DOCUMENT,ACT_RECON_ID,CHAR,W1T745P0,1,NORMAL,VALID,VISIBLE,NO,UNIQUE,Y,Y,N,N,,MEDIUM,Good candidate for equality or IN pre-filter.
W1_ACT_RECON_IDENTIFIER,ACT_RECON_ID,CHAR,W1T782P0,1,NORMAL,VALID,VISIBLE,NO,UNIQUE,Y,Y,N,N,,MEDIUM,Good candidate for equality or IN pre-filter.
W1_ACT_RECON_IDENTIFIER,ACT_RECON_ID_TYPE_FLG,CHAR,W1T782S1,1,NORMAL,VALID,VISIBLE,NO,NONUNIQUE,Y,Y,N,N,,MEDIUM,Good candidate for equality or IN pre-filter.
W1_ACT_RECON_K,ACT_RECON_ID,CHAR,W1T739P0,1,IOT - TOP,VALID,VISIBLE,NO,UNIQUE,Y,Y,N,N,,MEDIUM,Good candidate for equality or IN pre-filter.
W1_ACT_RECON_LOG,ACT_RECON_ID,CHAR,W1T735P0,1,NORMAL,VALID,VISIBLE,NO,UNIQUE,Y,Y,N,N,,MEDIUM,Good candidate for equality or IN pre-filter.
W1_ACT_RECON_LOG,CHAR_TYPE_CD,CHAR,W1T735S1,1,NORMAL,VALID,VISIBLE,NO,NONUNIQUE,Y,Y,N,N,,MEDIUM,Good candidate for equality or IN pre-filter.
W1_ACT_RECON_LOG,CHAR_TYPE_CD,CHAR,W1T735S2,1,NORMAL,VALID,VISIBLE,NO,NONUNIQUE,Y,Y,N,N,,MEDIUM,Good candidate for equality or IN pre-filter.
W1_ACT_RECON_LOG_PARM,ACT_RECON_ID,CHAR,W1T736P0,1,NORMAL,VALID,VISIBLE,NO,UNIQUE,Y,Y,N,N,,MEDIUM,Good candidate for equality or IN pre-filter.
W1_ACT_RECON_NOTE,ACT_RECON_ID,CHAR,W1T738P0,1,NORMAL,VALID,VISIBLE,NO,UNIQUE,Y,Y,N,N,,MEDIUM,Good candidate for equality or IN pre-filter.
W1_ACT_RECON_PROP_UNIT,ACT_RECON_ID,CHAR,W1T733P0,1,NORMAL,VALID,VISIBLE,NO,UNIQUE,Y,Y,N,N,,MEDIUM,Good candidate for equality or IN pre-filter.
W1_ACT_RESRC_REQMT,ACT_ID,CHAR,W1T370S2,1,NORMAL,VALID,VISIBLE,NO,NONUNIQUE,Y,Y,N,N,,MEDIUM,Good candidate for equality or IN pre-filter.
W1_ACT_RESRC_REQMT,ACT_RESRC_REQMT_ID,CHAR,W1T370P0,1,NORMAL,VALID,VISIBLE,NO,UNIQUE,Y,Y,N,N,,MEDIUM,Good candidate for equality or IN pre-filter.
W1_ACT_RESRC_REQMT,BUS_OBJ_CD,CHAR,W1T370S1,1,NORMAL,VALID,VISIBLE,NO,UNIQUE,Y,Y,N,N,,MEDIUM,Good candidate for equality or IN pre-filter.
W1_ACT_RESRC_REQMT_CHAR,ACT_RESRC_REQMT_ID,CHAR,W1T374P0,1,NORMAL,VALID,VISIBLE,NO,UNIQUE,Y,Y,N,N,,MEDIUM,Good candidate for equality or IN pre-filter.
W1_ACT_RESRC_REQMT_CHAR,SRCH_CHAR_VAL,VARCHAR2,W1T374S1,1,NORMAL,VALID,VISIBLE,NO,NONUNIQUE,Y,Y,N,N,,MEDIUM,Good candidate for equality or IN pre-filter.
W1_ACT_RESRC_REQMT_DOCUMENT,ACT_RESRC_REQMT_ID,CHAR,W1T373P0,1,NORMAL,VALID,VISIBLE,NO,UNIQUE,Y,Y,N,N,,MEDIUM,Good candidate for equality or IN pre-filter.
W1_ACT_RESRC_REQMT_DTL,ACT_RESRC_REQMT_ID,CHAR,W1T784P0,1,NORMAL,VALID,VISIBLE,NO,UNIQUE,Y,Y,N,N,,MEDIUM,Good candidate for equality or IN pre-filter.
W1_ACT_RESRC_REQMT_IDENTIFIER,ACT_RESRC_REQMT_ID,CHAR,W1T375P0,1,NORMAL,VALID,VISIBLE,NO,UNIQUE,Y,Y,N,N,,MEDIUM,Good candidate for equality or IN pre-filter.
W1_ACT_RESRC_REQMT_IDENTIFIER,SYS_NC00005$,,W1T375S1,1,FUNCTION-BASED NORMAL,VALID,VISIBLE,NO,NONUNIQUE,Y,Y,N,N,,MEDIUM,Good candidate for equality or IN pre-filter.
W1_ACT_RESRC_REQMT_IDENTIFIER,W1_ID_VALUE,VARCHAR2,W1T375S0,1,NORMAL,VALID,VISIBLE,NO,NONUNIQUE,Y,Y,N,N,,MEDIUM,Good candidate for equality or IN pre-filter.
W1_ACT_RESRC_REQMT_K,ACT_RESRC_REQMT_ID,CHAR,W1T371P0,1,IOT - TOP,VALID,VISIBLE,NO,UNIQUE,Y,Y,N,N,,MEDIUM,Good candidate for equality or IN pre-filter.
W1_ACT_RESRC_REQMT_LOG,ACT_RESRC_REQMT_ID,CHAR,W1T376P0,1,NORMAL,VALID,VISIBLE,NO,UNIQUE,Y,Y,N,N,,MEDIUM,Good candidate for equality or IN pre-filter.
W1_ACT_RESRC_REQMT_LOG,CHAR_TYPE_CD,CHAR,W1T376S1,1,NORMAL,VALID,VISIBLE,NO,NONUNIQUE,Y,Y,N,N,,MEDIUM,Good candidate for equality or IN pre-filter.
W1_ACT_RESRC_REQMT_LOG,CHAR_TYPE_CD,CHAR,W1T376S2,1,NORMAL,VALID,VISIBLE,NO,NONUNIQUE,Y,Y,N,N,,MEDIUM,Good candidate for equality or IN pre-filter.
W1_ACT_RESRC_REQMT_LOG_PARM,ACT_RESRC_REQMT_ID,CHAR,W1T377P0,1,NORMAL,VALID,VISIBLE,NO,UNIQUE,Y,Y,N,N,,MEDIUM,Good candidate for equality or IN pre-filter.
W1_ACT_RESRC_REQMT_NOTE,ACT_RESRC_REQMT_ID,CHAR,W1T372P0,1,NORMAL,VALID,VISIBLE,NO,UNIQUE,Y,Y,N,N,,MEDIUM,Good candidate for equality or IN pre-filter.
W1_ACT_TYPE_PLAN_SVC_HIST_TYPE,ACT_TYPE_CD,VARCHAR2,W1C007P0,1,NORMAL,VALID,VISIBLE,NO,UNIQUE,Y,Y,N,N,,MEDIUM,Good candidate for equality or IN pre-filter.
W1_ADJUSTMENT,ADJUSTMENT_ID,CHAR,W1C890P0,1,NORMAL,VALID,VISIBLE,NO,UNIQUE,Y,Y,N,N,,MEDIUM,Good candidate for equality or IN pre-filter.
W1_ADJUSTMENT_CHAR,ADJUSTMENT_ID,CHAR,W1C892P0,1,NORMAL,VALID,VISIBLE,NO,UNIQUE,Y,Y,N,N,,MEDIUM,Good candidate for equality or IN pre-filter.
W1_ADJUSTMENT_DOCUMENT,ADJUSTMENT_ID,CHAR,W1C895P0,1,NORMAL,VALID,VISIBLE,NO,UNIQUE,Y,Y,N,N,,MEDIUM,Good candidate for equality or IN pre-filter.
W1_ADJUSTMENT_DTL,ADJUSTMENT_ID,CHAR,W1C891P0,1,NORMAL,VALID,VISIBLE,NO,UNIQUE,Y,Y,N,N,,MEDIUM,Good candidate for equality or IN pre-filter.
W1_ADJUSTMENT_IDENTIFIER,ADJUSTMENT_ID,CHAR,W1C893P0,1,NORMAL,VALID,VISIBLE,NO,UNIQUE,Y,Y,N,N,,MEDIUM,Good candidate for equality or IN pre-filter.
W1_ADJUSTMENT_LOG,ADJUSTMENT_ID,CHAR,W1C896P0,1,NORMAL,VALID,VISIBLE,NO,UNIQUE,Y,Y,N,N,,MEDIUM,Good candidate for equality or IN pre-filter.
W1_ADJUSTMENT_LOG_PARM,ADJUSTMENT_ID,CHAR,W1C897P0,1,NORMAL,VALID,VISIBLE,NO,UNIQUE,Y,Y,N,N,,MEDIUM,Good candidate for equality or IN pre-filter.
W1_ADJUSTMENT_TYPE,ADJUSTMENT_TYPE_CD,VARCHAR2,W1889P0,1,NORMAL,VALID,VISIBLE,NO,UNIQUE,Y,Y,N,N,,MEDIUM,Good candidate for equality or IN pre-filter.
W1_ADJUSTMENT_TYPE_CHAR,ADJUSTMENT_TYPE_CD,VARCHAR2,W1C900P0,1,NORMAL,VALID,VISIBLE,NO,UNIQUE,Y,Y,N,N,,MEDIUM,Good candidate for equality or IN pre-filter.
W1_ADJUSTMENT_TYPE_CHAR,SRCH_CHAR_VAL,VARCHAR2,W1C892S1,1,NORMAL,VALID,VISIBLE,NO,NONUNIQUE,Y,Y,N,N,,MEDIUM,Good candidate for equality or IN pre-filter.
W1_ADJUSTMENT_TYPE_L,ADJUSTMENT_TYPE_CD,VARCHAR2,W1C899P0,1,NORMAL,VALID,VISIBLE,NO,UNIQUE,Y,Y,N,N,,MEDIUM,Good candidate for equality or IN pre-filter.
W1_APPROVAL_PROF,APPROVAL_PROF_CD,VARCHAR2,W1C556P0,1,NORMAL,VALID,VISIBLE,NO,UNIQUE,Y,Y,N,N,,MEDIUM,Good candidate for equality or IN pre-filter.
W1_APPROVAL_PROF_CHAR,APPROVAL_PROF_CD,VARCHAR2,W1C559P0,1,NORMAL,VALID,VISIBLE,NO,UNIQUE,Y,Y,N,N,,MEDIUM,Good candidate for equality or IN pre-filter.
W1_APPROVAL_PROF_CHAR,SRCH_CHAR_VAL,VARCHAR2,W1C559S1,1,NORMAL,VALID,VISIBLE,NO,NONUNIQUE,Y,Y,N,N,,MEDIUM,Good candidate for equality or IN pre-filter.
W1_APPROVAL_PROF_IDENTIFIER,APPROVAL_PROF_CD,VARCHAR2,W1C560P0,1,NORMAL,VALID,VISIBLE,NO,UNIQUE,Y,Y,N,N,,MEDIUM,Good candidate for equality or IN pre-filter.
W1_APPROVAL_PROF_IDENTIFIER,SYS_NC00005$,,W1C560S1,1,FUNCTION-BASED NORMAL,VALID,VISIBLE,NO,NONUNIQUE,Y,Y,N,N,,MEDIUM,Good candidate for equality or IN pre-filter.
W1_APPROVAL_PROF_IDENTIFIER,W1_ID_VALUE,VARCHAR2,W1C560S0,1,NORMAL,VALID,VISIBLE,NO,NONUNIQUE,Y,Y,N,N,,MEDIUM,Good candidate for equality or IN pre-filter.
W1_APPROVAL_PROF_L,APPROVAL_PROF_CD,VARCHAR2,W1C557P0,1,NORMAL,VALID,VISIBLE,NO,UNIQUE,Y,Y,N,N,,MEDIUM,Good candidate for equality or IN pre-filter.
W1_APPROVAL_PROF_USER_GROUP,APPROVAL_PROF_CD,VARCHAR2,W1C558P0,1,NORMAL,VALID,VISIBLE,NO,UNIQUE,Y,Y,N,N,,MEDIUM,Good candidate for equality or IN pre-filter.
W1_APPROVAL_REQ,APPROVAL_REQ_ID,CHAR,W1T291P0,1,NORMAL,VALID,VISIBLE,NO,UNIQUE,Y,Y,N,N,,MEDIUM,Good candidate for equality or IN pre-filter.
W1_APPROVAL_REQ,APPROVAL_REQ_ID,CHAR,W1T291S1,1,NORMAL,VALID,VISIBLE,NO,UNIQUE,Y,Y,N,N,,MEDIUM,Good candidate for equality or IN pre-filter.
W1_APPROVAL_REQ,BUS_OBJ_CD,CHAR,W1T291S2,1,NORMAL,VALID,VISIBLE,NO,UNIQUE,Y,Y,N,N,,MEDIUM,Good candidate for equality or IN pre-filter.
W1_APPROVAL_REQ_APPROVER,APPROVAL_REQ_ID,CHAR,W1T293P0,1,NORMAL,VALID,VISIBLE,NO,UNIQUE,Y,Y,N,N,,MEDIUM,Good candidate for equality or IN pre-filter.
W1_APPROVAL_REQ_CHAR,APPROVAL_REQ_ID,CHAR,W1T295P0,1,NORMAL,VALID,VISIBLE,NO,UNIQUE,Y,Y,N,N,,MEDIUM,Good candidate for equality or IN pre-filter.
W1_APPROVAL_REQ_CHAR,SRCH_CHAR_VAL,VARCHAR2,W1T295S1,1,NORMAL,VALID,VISIBLE,NO,NONUNIQUE,Y,Y,N,N,,MEDIUM,Good candidate for equality or IN pre-filter.
W1_APPROVAL_REQ_IDENTIFIER,APPROVAL_REQ_ID,CHAR,W1T294P0,1,NORMAL,VALID,VISIBLE,NO,UNIQUE,Y,Y,N,N,,MEDIUM,Good candidate for equality or IN pre-filter.
W1_APPROVAL_REQ_IDENTIFIER,SYS_NC00005$,,W1T294S1,1,FUNCTION-BASED NORMAL,VALID,VISIBLE,NO,NONUNIQUE,Y,Y,N,N,,MEDIUM,Good candidate for equality or IN pre-filter.
W1_APPROVAL_REQ_IDENTIFIER,W1_ID_VALUE,VARCHAR2,W1T294S0,1,NORMAL,VALID,VISIBLE,NO,NONUNIQUE,Y,Y,N,N,,MEDIUM,Good candidate for equality or IN pre-filter.
W1_APPROVAL_REQ_K,APPROVAL_REQ_ID,CHAR,W1T292P0,1,IOT - TOP,VALID,VISIBLE,NO,UNIQUE,Y,Y,N,N,,MEDIUM,Good candidate for equality or IN pre-filter.
W1_APPROVAL_REQ_LOG,APPROVAL_REQ_ID,CHAR,W1T296P0,1,NORMAL,VALID,VISIBLE,NO,UNIQUE,Y,Y,N,N,,MEDIUM,Good candidate for equality or IN pre-filter.
W1_APPROVAL_REQ_LOG_PARM,APPROVAL_REQ_ID,CHAR,W1T297P0,1,NORMAL,VALID,VISIBLE,NO,UNIQUE,Y,Y,N,N,,MEDIUM,Good candidate for equality or IN pre-filter.
W1_ASSESS_CLASS,ASSESSMENT_CLASS_CD,VARCHAR2,W1C504P0,1,NORMAL,VALID,VISIBLE,NO,UNIQUE,Y,Y,N,N,,MEDIUM,Good candidate for equality or IN pre-filter.
W1_ASSESS_CLASS,BO_STATUS_CD,CHAR,W1C504S1,1,NORMAL,VALID,VISIBLE,NO,UNIQUE,Y,Y,N,N,,MEDIUM,Good candidate for equality or IN pre-filter.
W1_ASSESS_CLASS_ASSESS_GRP,ASSESSMENT_CLASS_CD,VARCHAR2,W1C507P0,1,NORMAL,VALID,VISIBLE,NO,UNIQUE,Y,Y,N,N,,MEDIUM,Good candidate for equality or IN pre-filter.
W1_ASSESS_CLASS_CHAR,ASSESSMENT_CLASS_CD,VARCHAR2,W1C506P0,1,NORMAL,VALID,VISIBLE,NO,UNIQUE,Y,Y,N,N,,MEDIUM,Good candidate for equality or IN pre-filter.
W1_ASSESS_CLASS_L,ASSESSMENT_CLASS_CD,VARCHAR2,W1C505P0,1,NORMAL,VALID,VISIBLE,NO,UNIQUE,Y,Y,N,N,,MEDIUM,Good candidate for equality or IN pre-filter.
W1_ASSESS_CLASS_LOG,ASSESSMENT_CLASS_CD,VARCHAR2,W1C683P0,1,NORMAL,VALID,VISIBLE,NO,UNIQUE,Y,Y,N,N,,MEDIUM,Good candidate for equality or IN pre-filter.
W1_ASSESS_CLASS_LOG,CHAR_TYPE_CD,CHAR,W1C683S1,1,NORMAL,VALID,VISIBLE,NO,NONUNIQUE,Y,Y,N,N,,MEDIUM,Good candidate for equality or IN pre-filter.
W1_ASSESS_CLASS_LOG,CHAR_TYPE_CD,CHAR,W1C683S2,1,NORMAL,VALID,VISIBLE,NO,NONUNIQUE,Y,Y,N,N,,MEDIUM,Good candidate for equality or IN pre-filter.
W1_ASSESS_CLASS_LOG_PARM,ASSESSMENT_CLASS_CD,VARCHAR2,W1C684P0,1,NORMAL,VALID,VISIBLE,NO,UNIQUE,Y,Y,N,N,,MEDIUM,Good candidate for equality or IN pre-filter.
W1_ASSESS_GRP,ASSESSMENT_GROUP_CD,VARCHAR2,W1C508P0,1,NORMAL,VALID,VISIBLE,NO,UNIQUE,Y,Y,N,N,,MEDIUM,Good candidate for equality or IN pre-filter.
W1_ASSESS_GRP_AGING_FACTOR,ASSESSMENT_GROUP_CD,VARCHAR2,W1C512P0,1,NORMAL,VALID,VISIBLE,NO,UNIQUE,Y,Y,N,N,,MEDIUM,Good candidate for equality or IN pre-filter.
W1_ASSESS_GRP_CHAR,ASSESSMENT_GROUP_CD,VARCHAR2,W1C510P0,1,NORMAL,VALID,VISIBLE,NO,UNIQUE,Y,Y,N,N,,MEDIUM,Good candidate for equality or IN pre-filter.
W1_ASSESS_GRP_L,ASSESSMENT_GROUP_CD,VARCHAR2,W1C509P0,1,NORMAL,VALID,VISIBLE,NO,UNIQUE,Y,Y,N,N,,MEDIUM,Good candidate for equality or IN pre-filter.
W1_ASSESS_GRP_SVC_HIST_TYPE,ASSESSMENT_GROUP_CD,VARCHAR2,W1C511P0,1,NORMAL,VALID,VISIBLE,NO,UNIQUE,Y,Y,N,N,,MEDIUM,Good candidate for equality or IN pre-filter.
W1_ASSET,FINAL_DTTM,DATE,W1M007S1,1,NORMAL,VALID,VISIBLE,NO,UNIQUE,Y,Y,Y,N,,HIGH,Primary candidate for mandatory rolling window pre-filter.
W1_ASSET,ACT_ID,CHAR,W1M007S5,1,NORMAL,VALID,VISIBLE,NO,NONUNIQUE,Y,Y,N,N,,MEDIUM,Good candidate for equality or IN pre-filter.
W1_ASSET,ASSET_COND_FLG,CHAR,W1M007S4,1,NORMAL,VALID,VISIBLE,NO,UNIQUE,Y,Y,N,N,,MEDIUM,Good candidate for equality or IN pre-filter.
W1_ASSET,ASSET_ID,CHAR,W1M007P0,1,NORMAL,VALID,VISIBLE,NO,UNIQUE,Y,Y,N,N,,MEDIUM,Good candidate for equality or IN pre-filter.
W1_ASSET,ASSET_TYPE_CD,VARCHAR2,W1M007S2,1,NORMAL,VALID,VISIBLE,NO,UNIQUE,Y,Y,N,N,,MEDIUM,Good candidate for equality or IN pre-filter.
W1_ASSET,BUS_OBJ_CD,CHAR,W1M007S3,1,NORMAL,VALID,VISIBLE,NO,UNIQUE,Y,Y,N,N,,MEDIUM,Good candidate for equality or IN pre-filter.
W1_ASSET,MAINT_SPEC_CD,VARCHAR2,W1M007S8,1,NORMAL,VALID,VISIBLE,NO,NONUNIQUE,Y,Y,N,N,,MEDIUM,Good candidate for equality or IN pre-filter.
W1_ASSET,SPECIFICATION_CD,VARCHAR2,W1M007S6,1,NORMAL,VALID,VISIBLE,NO,UNIQUE,Y,Y,N,N,,MEDIUM,Good candidate for equality or IN pre-filter.
W1_ASSET,SPECIFICATION_CD,VARCHAR2,W1M007S7,1,NORMAL,VALID,VISIBLE,NO,NONUNIQUE,Y,Y,N,N,,MEDIUM,Good candidate for equality or IN pre-filter.
W1_ASSET_ATTACHMENT,ASSET_ID,CHAR,W1M009P0,1,NORMAL,VALID,VISIBLE,NO,UNIQUE,Y,Y,N,N,,MEDIUM,Good candidate for equality or IN pre-filter.
W1_ASSET_ATTRIBUTE,ASSET_ID,CHAR,W1T843P0,1,NORMAL,VALID,VISIBLE,NO,UNIQUE,Y,Y,N,N,,MEDIUM,Good candidate for equality or IN pre-filter.
W1_ASSET_ATTRIBUTE,CHAR_TYPE_CD,CHAR,W1T843S2,1,NORMAL,VALID,VISIBLE,NO,NONUNIQUE,Y,Y,N,N,,MEDIUM,Good candidate for equality or IN pre-filter.
W1_ASSET_ATTRIBUTE,CHAR_TYPE_CD,CHAR,W1T843S3,1,NORMAL,VALID,VISIBLE,NO,NONUNIQUE,Y,Y,N,N,,MEDIUM,Good candidate for equality or IN pre-filter.
W1_ASSET_ATTRIBUTE,CHAR_TYPE_CD,CHAR,W1T843S4,1,NORMAL,VALID,VISIBLE,NO,NONUNIQUE,Y,Y,N,N,,MEDIUM,Good candidate for equality or IN pre-filter.
W1_ASSET_ATTRIBUTE,SRCH_CHAR_VAL,VARCHAR2,W1T843S1,1,NORMAL,VALID,VISIBLE,NO,NONUNIQUE,Y,Y,N,N,,MEDIUM,Good candidate for equality or IN pre-filter.
W1_ASSET_CHAR,ASSET_ID,CHAR,W1M015P0,1,NORMAL,VALID,VISIBLE,NO,UNIQUE,Y,Y,N,N,,MEDIUM,Good candidate for equality or IN pre-filter.
W1_ASSET_CHAR,SRCH_CHAR_VAL,VARCHAR2,W1M015S1,1,NORMAL,VALID,VISIBLE,NO,NONUNIQUE,Y,Y,N,N,,MEDIUM,Good candidate for equality or IN pre-filter.
W1_ASSET_CHAR2,ASSET_ID,CHAR,W1T518P0,1,NORMAL,VALID,VISIBLE,NO,UNIQUE,Y,Y,N,N,,MEDIUM,Good candidate for equality or IN pre-filter.
W1_ASSET_DOCUMENT,ASSET_ID,CHAR,W1M586P0,1,NORMAL,VALID,VISIBLE,NO,UNIQUE,Y,Y,N,N,,MEDIUM,Good candidate for equality or IN pre-filter.
W1_ASSET_EMPLOYEE,ASSET_ID,CHAR,W1M510P0,1,NORMAL,VALID,VISIBLE,NO,UNIQUE,Y,Y,N,N,,MEDIUM,Good candidate for equality or IN pre-filter.
W1_ASSET_EMPLOYEE,ASSET_ID,CHAR,W1M510S1,1,NORMAL,VALID,VISIBLE,NO,NONUNIQUE,Y,Y,N,N,,MEDIUM,Good candidate for equality or IN pre-filter.
W1_ASSET_IDENTIFIER,ASSET_ID,CHAR,W1M014P0,1,NORMAL,VALID,VISIBLE,NO,UNIQUE,Y,Y,N,N,,MEDIUM,Good candidate for equality or IN pre-filter.
W1_ASSET_IDENTIFIER,SYS_NC00005$,,W1M014S1,1,FUNCTION-BASED NORMAL,VALID,VISIBLE,NO,NONUNIQUE,Y,Y,N,N,,MEDIUM,Good candidate for equality or IN pre-filter.
W1_ASSET_IDENTIFIER,W1_ID_VALUE,VARCHAR2,W1M014S0,1,NORMAL,VALID,VISIBLE,NO,NONUNIQUE,Y,Y,N,N,,MEDIUM,Good candidate for equality or IN pre-filter.
W1_ASSET_K,ASSET_ID,CHAR,W1M011P0,1,IOT - TOP,VALID,VISIBLE,NO,UNIQUE,Y,Y,N,N,,MEDIUM,Good candidate for equality or IN pre-filter.
W1_ASSET_LOG,ASSET_ID,CHAR,W1M016P0,1,NORMAL,VALID,VISIBLE,NO,UNIQUE,Y,Y,N,N,,MEDIUM,Good candidate for equality or IN pre-filter.
W1_ASSET_LOG_PARM,ASSET_ID,CHAR,W1M017P0,1,NORMAL,VALID,VISIBLE,NO,UNIQUE,Y,Y,N,N,,MEDIUM,Good candidate for equality or IN pre-filter.
W1_ASSET_MAINT_TRIGGER_FCST,ASSET_ID,CHAR,W1M704P0,1,NORMAL,VALID,VISIBLE,NO,UNIQUE,Y,Y,N,N,,MEDIUM,Good candidate for equality or IN pre-filter.
W1_ASSET_MEASUREMENT_TYPE,ASSET_ID,CHAR,W1M499P0,1,NORMAL,VALID,VISIBLE,NO,UNIQUE,Y,Y,N,N,,MEDIUM,Good candidate for equality or IN pre-filter.
W1_ASSET_NODE,ACT_ID,CHAR,W1M008S8,1,NORMAL,VALID,VISIBLE,NO,NONUNIQUE,Y,Y,N,N,,MEDIUM,Good candidate for equality or IN pre-filter.
W1_ASSET_NODE,ASSET_ID,CHAR,W1M008P0,1,NORMAL,VALID,VISIBLE,NO,UNIQUE,Y,Y,N,N,,MEDIUM,Good candidate for equality or IN pre-filter.
W1_ASSET_NODE,CURR_ASSET_ID,CHAR,W1M008S3,1,NORMAL,VALID,VISIBLE,NO,NONUNIQUE,Y,Y,N,N,,MEDIUM,Good candidate for equality or IN pre-filter.
W1_ASSET_NODE,CURR_ATTCH_TO_ASSET_ID,CHAR,W1M008S5,1,NORMAL,VALID,VISIBLE,NO,NONUNIQUE,Y,Y,N,N,,MEDIUM,Good candidate for equality or IN pre-filter.
W1_ASSET_NODE,CURR_NODE_ID,CHAR,W1M008S4,1,NORMAL,VALID,VISIBLE,NO,NONUNIQUE,Y,Y,N,N,,MEDIUM,Good candidate for equality or IN pre-filter.
W1_ASSET_NODE,NODE_ID,CHAR,W1M008S7,1,NORMAL,VALID,VISIBLE,NO,NONUNIQUE,Y,Y,N,N,,MEDIUM,Good candidate for equality or IN pre-filter.
W1_ASSET_NOTE,ASSET_ID,CHAR,W1M585P0,1,NORMAL,VALID,VISIBLE,NO,UNIQUE,Y,Y,N,N,,MEDIUM,Good candidate for equality or IN pre-filter.
W1_ASSET_TYPE,ASSET_CLASS_FLG,CHAR,W1T144S1,1,NORMAL,VALID,VISIBLE,NO,NONUNIQUE,Y,Y,N,N,,MEDIUM,Good candidate for equality or IN pre-filter.
W1_ASSET_TYPE,ASSET_TYPE_CD,VARCHAR2,W1C002P0,1,NORMAL,VALID,VISIBLE,NO,UNIQUE,Y,Y,N,N,,MEDIUM,Good candidate for equality or IN pre-filter.
W1_ASSET_TYPE_ATTRIBUTE,ASSET_TYPE_CD,VARCHAR2,W1C006P0,1,NORMAL,VALID,VISIBLE,NO,UNIQUE,Y,Y,N,N,,MEDIUM,Good candidate for equality or IN pre-filter.
W1_ASSET_TYPE_CHAR,ASSET_TYPE_CD,VARCHAR2,W1C005P0,1,NORMAL,VALID,VISIBLE,NO,UNIQUE,Y,Y,N,N,,MEDIUM,Good candidate for equality or IN pre-filter.
W1_ASSET_TYPE_CHAR,SRCH_CHAR_VAL,VARCHAR2,W1C005S1,1,NORMAL,VALID,VISIBLE,NO,NONUNIQUE,Y,Y,N,N,,MEDIUM,Good candidate for equality or IN pre-filter.
W1_ASSET_TYPE_L,ASSET_TYPE_CD,VARCHAR2,W1C003P0,1,NORMAL,VALID,VISIBLE,NO,UNIQUE,Y,Y,N,N,,MEDIUM,Good candidate for equality or IN pre-filter.
W1_ASSET_TYPE_NODE_TYPE,ASSET_TYPE_CD,VARCHAR2,W1C004P0,1,NORMAL,VALID,VISIBLE,NO,UNIQUE,Y,Y,N,N,,MEDIUM,Good candidate for equality or IN pre-filter.
W1_ASSET_TYPE_STATS,ASSET_TYPE_CD,VARCHAR2,W1C650P0,1,NORMAL,VALID,VISIBLE,NO,UNIQUE,Y,Y,N,N,,MEDIUM,Good candidate for equality or IN pre-filter.
W1_ASSET_TYPE_STATS_CHAR,ASSET_TYPE_CD,VARCHAR2,W1C651P0,1,NORMAL,VALID,VISIBLE,NO,UNIQUE,Y,Y,N,N,,MEDIUM,Good candidate for equality or IN pre-filter.
W1_ASSET_TYPE_STATS_CHAR,SRCH_CHAR_VAL,VARCHAR2,W1C651S1,1,NORMAL,VALID,VISIBLE,NO,NONUNIQUE,Y,Y,N,N,,MEDIUM,Good candidate for equality or IN pre-filter.
W1_ASSET_TYPE_SVC_HIST_TYPE,ASSET_TYPE_CD,VARCHAR2,W1C018P0,1,NORMAL,VALID,VISIBLE,NO,UNIQUE,Y,Y,N,N,,MEDIUM,Good candidate for equality or IN pre-filter.
W1_BC_ACCESS_LIST,BC_ACCESS_LIST_CD,VARCHAR2,W1C634P0,1,NORMAL,VALID,VISIBLE,NO,UNIQUE,Y,Y,N,N,,MEDIUM,Good candidate for equality or IN pre-filter.
W1_BC_ACCESS_LIST_CHAR,BC_ACCESS_LIST_CD,VARCHAR2,W1C636P0,1,NORMAL,VALID,VISIBLE,NO,UNIQUE,Y,Y,N,N,,MEDIUM,Good candidate for equality or IN pre-filter.
W1_BC_ACCESS_LIST_CHAR,SRCH_CHAR_VAL,VARCHAR2,W1C636S1,1,NORMAL,VALID,VISIBLE,NO,NONUNIQUE,Y,Y,N,N,,MEDIUM,Good candidate for equality or IN pre-filter.
W1_BC_ACCESS_LIST_L,BC_ACCESS_LIST_CD,VARCHAR2,W1C637P0,1,NORMAL,VALID,VISIBLE,NO,UNIQUE,Y,Y,N,N,,MEDIUM,Good candidate for equality or IN pre-filter.
W1_BC_ACCESS_LIST_USER,BC_ACCESS_LIST_CD,VARCHAR2,W1C635P0,1,NORMAL,VALID,VISIBLE,NO,UNIQUE,Y,Y,N,N,,MEDIUM,Good candidate for equality or IN pre-filter.
W1_BC_HEADER,BC_HEADER_ID,CHAR,W1T346P0,1,NORMAL,VALID,VISIBLE,NO,UNIQUE,Y,Y,N,N,,MEDIUM,Good candidate for equality or IN pre-filter.
W1_BC_HEADER,BC_NUM,VARCHAR2,W1T346S1,1,NORMAL,VALID,VISIBLE,NO,NONUNIQUE,Y,Y,N,N,,MEDIUM,Good candidate for equality or IN pre-filter.
W1_BC_HEADER,BUS_OBJ_CD,CHAR,W1T346S3,1,NORMAL,VALID,VISIBLE,NO,UNIQUE,Y,Y,N,N,,MEDIUM,Good candidate for equality or IN pre-filter.
W1_BC_HEADER,W1_DESCR100_UPR,VARCHAR2,W1T346S2,1,NORMAL,VALID,VISIBLE,NO,NONUNIQUE,Y,Y,N,N,,MEDIUM,Good candidate for equality or IN pre-filter.
W1_BC_HEADER_CHAR,BC_HEADER_ID,CHAR,W1T350P0,1,NORMAL,VALID,VISIBLE,NO,UNIQUE,Y,Y,N,N,,MEDIUM,Good candidate for equality or IN pre-filter.
W1_BC_HEADER_CHAR,SRCH_CHAR_VAL,VARCHAR2,W1T350S1,1,NORMAL,VALID,VISIBLE,NO,NONUNIQUE,Y,Y,N,N,,MEDIUM,Good candidate for equality or IN pre-filter.
W1_BC_HEADER_DOCUMENT,BC_HEADER_ID,CHAR,W1T354P0,1,NORMAL,VALID,VISIBLE,NO,UNIQUE,Y,Y,N,N,,MEDIUM,Good candidate for equality or IN pre-filter.
W1_BC_HEADER_IDENTIFIER,BC_HEADER_ID,CHAR,W1T349P0,1,NORMAL,VALID,VISIBLE,NO,UNIQUE,Y,Y,N,N,,MEDIUM,Good candidate for equality or IN pre-filter.
W1_BC_HEADER_IDENTIFIER,SYS_NC00005$,,W1T349S1,1,FUNCTION-BASED NORMAL,VALID,VISIBLE,NO,NONUNIQUE,Y,Y,N,N,,MEDIUM,Good candidate for equality or IN pre-filter.
W1_BC_HEADER_IDENTIFIER,W1_ID_VALUE,VARCHAR2,W1T349S0,1,NORMAL,VALID,VISIBLE,NO,NONUNIQUE,Y,Y,N,N,,MEDIUM,Good candidate for equality or IN pre-filter.
W1_BC_HEADER_K,BC_HEADER_ID,CHAR,W1T347P0,1,IOT - TOP,VALID,VISIBLE,NO,UNIQUE,Y,Y,N,N,,MEDIUM,Good candidate for equality or IN pre-filter.
W1_BC_HEADER_LOG,BC_HEADER_ID,CHAR,W1T351P0,1,NORMAL,VALID,VISIBLE,NO,UNIQUE,Y,Y,N,N,,MEDIUM,Good candidate for equality or IN pre-filter.
W1_BC_HEADER_LOG,CHAR_TYPE_CD,CHAR,W1T351S1,1,NORMAL,VALID,VISIBLE,NO,NONUNIQUE,Y,Y,N,N,,MEDIUM,Good candidate for equality or IN pre-filter.
W1_BC_HEADER_LOG,CHAR_TYPE_CD,CHAR,W1T351S2,1,NORMAL,VALID,VISIBLE,NO,NONUNIQUE,Y,Y,N,N,,MEDIUM,Good candidate for equality or IN pre-filter.
W1_BC_HEADER_LOG_PARM,BC_HEADER_ID,CHAR,W1T352P0,1,NORMAL,VALID,VISIBLE,NO,UNIQUE,Y,Y,N,N,,MEDIUM,Good candidate for equality or IN pre-filter.
W1_BC_HEADER_NOTE,BC_HEADER_ID,CHAR,W1T353P0,1,NORMAL,VALID,VISIBLE,NO,UNIQUE,Y,Y,N,N,,MEDIUM,Good candidate for equality or IN pre-filter.
W1_BC_LINE,BC_HEADER_ID,CHAR,W1T355S2,1,NORMAL,VALID,VISIBLE,NO,UNIQUE,Y,Y,N,N,,MEDIUM,Good candidate for equality or IN pre-filter.
W1_BC_LINE,BC_HEADER_ID,CHAR,W1T355S3,1,NORMAL,VALID,VISIBLE,NO,UNIQUE,Y,Y,N,N,,MEDIUM,Good candidate for equality or IN pre-filter.
W1_BC_LINE,BC_LINE_ID,CHAR,W1T355P0,1,NORMAL,VALID,VISIBLE,NO,UNIQUE,Y,Y,N,N,,MEDIUM,Good candidate for equality or IN pre-filter.
W1_BC_LINE,BUS_OBJ_CD,CHAR,W1T355S1,1,NORMAL,VALID,VISIBLE,NO,UNIQUE,Y,Y,N,N,,MEDIUM,Good candidate for equality or IN pre-filter.
W1_BC_LINE_CHAR,BC_LINE_ID,CHAR,W1T359P0,1,NORMAL,VALID,VISIBLE,NO,UNIQUE,Y,Y,N,N,,MEDIUM,Good candidate for equality or IN pre-filter.
W1_BC_LINE_CHAR,SRCH_CHAR_VAL,VARCHAR2,W1T359S1,1,NORMAL,VALID,VISIBLE,NO,NONUNIQUE,Y,Y,N,N,,MEDIUM,Good candidate for equality or IN pre-filter.
W1_BC_LINE_DOCUMENT,BC_LINE_ID,CHAR,W1T362P0,1,NORMAL,VALID,VISIBLE,NO,UNIQUE,Y,Y,N,N,,MEDIUM,Good candidate for equality or IN pre-filter.
W1_BC_LINE_K,BC_LINE_ID,CHAR,W1T356P0,1,IOT - TOP,VALID,VISIBLE,NO,UNIQUE,Y,Y,N,N,,MEDIUM,Good candidate for equality or IN pre-filter.
W1_BC_LINE_LOG,BC_LINE_ID,CHAR,W1T360P0,1,NORMAL,VALID,VISIBLE,NO,UNIQUE,Y,Y,N,N,,MEDIUM,Good candidate for equality or IN pre-filter.
W1_BC_LINE_LOG,CHAR_TYPE_CD,CHAR,W1T360S1,1,NORMAL,VALID,VISIBLE,NO,NONUNIQUE,Y,Y,N,N,,MEDIUM,Good candidate for equality or IN pre-filter.
W1_BC_LINE_LOG,CHAR_TYPE_CD,CHAR,W1T360S2,1,NORMAL,VALID,VISIBLE,NO,NONUNIQUE,Y,Y,N,N,,MEDIUM,Good candidate for equality or IN pre-filter.
W1_BC_LINE_LOG_PARM,BC_LINE_ID,CHAR,W1T361P0,1,NORMAL,VALID,VISIBLE,NO,UNIQUE,Y,Y,N,N,,MEDIUM,Good candidate for equality or IN pre-filter.
W1_BC_LINE_MFR,BC_LINE_ID,CHAR,W1T358P0,1,NORMAL,VALID,VISIBLE,NO,UNIQUE,Y,Y,N,N,,MEDIUM,Good candidate for equality or IN pre-filter.
W1_BKT_CONFIG,BKT_CONFIG_CD,VARCHAR2,W1C499P0,1,NORMAL,VALID,VISIBLE,NO,UNIQUE,Y,Y,N,N,,MEDIUM,Good candidate for equality or IN pre-filter.
W1_BKT_CONFIG_L,BKT_CONFIG_CD,VARCHAR2,W1C500P0,1,NORMAL,VALID,VISIBLE,NO,UNIQUE,Y,Y,N,N,,MEDIUM,Good candidate for equality or IN pre-filter.
W1_BKT_CONFIG_REL_OBJ,BKT_CONFIG_CD,VARCHAR2,W1C501P0,1,NORMAL,VALID,VISIBLE,NO,UNIQUE,Y,Y,N,N,,MEDIUM,Good candidate for equality or IN pre-filter.
W1_BKT_CONFIG_VAL,BKT_CONFIG_CD,VARCHAR2,W1C502P0,1,NORMAL,VALID,VISIBLE,NO,UNIQUE,Y,Y,N,N,,MEDIUM,Good candidate for equality or IN pre-filter.
W1_BKT_CONFIG_VAL_L,BKT_CONFIG_CD,VARCHAR2,W1C503P0,1,NORMAL,VALID,VISIBLE,NO,UNIQUE,Y,Y,N,N,,MEDIUM,Good candidate for equality or IN pre-filter.
W1_BOM_ASSEMBLY,PRNT_BOM_PART_ID,CHAR,W1M534P0,1,NORMAL,VALID,VISIBLE,NO,UNIQUE,Y,Y,N,N,,MEDIUM,Good candidate for equality or IN pre-filter.
W1_BOM_CHAR,BOM_PART_ID,CHAR,W1C555P0,1,NORMAL,VALID,VISIBLE,NO,UNIQUE,Y,Y,N,N,,MEDIUM,Good candidate for equality or IN pre-filter.
W1_BOM_DOCUMENT,BOM_PART_ID,CHAR,W1M711P0,1,NORMAL,VALID,VISIBLE,NO,UNIQUE,Y,Y,N,N,,MEDIUM,Good candidate for equality or IN pre-filter.
W1_BOM_IDENTIFIER,BOM_PART_ID,CHAR,W1C554P0,1,NORMAL,VALID,VISIBLE,NO,UNIQUE,Y,Y,N,N,,MEDIUM,Good candidate for equality or IN pre-filter.
W1_BOM_K,BOM_PART_ID,CHAR,W1M533P0,1,IOT - TOP,VALID,VISIBLE,NO,UNIQUE,Y,Y,N,N,,MEDIUM,Good candidate for equality or IN pre-filter.
W1_BOM_NOTE,BOM_PART_ID,CHAR,W1M552P0,1,NORMAL,VALID,VISIBLE,NO,UNIQUE,Y,Y,N,N,,MEDIUM,Good candidate for equality or IN pre-filter.
W1_BOM_PART,BOM_PART_ID,CHAR,W1M532P0,1,NORMAL,VALID,VISIBLE,NO,UNIQUE,Y,Y,N,N,,MEDIUM,Good candidate for equality or IN pre-filter.
W1_BOM_PART,BUS_OBJ_CD,CHAR,W1M532S1,1,NORMAL,VALID,VISIBLE,NO,UNIQUE,Y,Y,N,N,,MEDIUM,Good candidate for equality or IN pre-filter.
W1_BUSINESS_UNIT,BUSINESS_UNIT_CD,VARCHAR2,W1C628P0,1,NORMAL,VALID,VISIBLE,NO,UNIQUE,Y,Y,N,N,,MEDIUM,Good candidate for equality or IN pre-filter.
W1_BUSINESS_UNIT_CHAR,BUSINESS_UNIT_CD,VARCHAR2,W1C630P0,1,NORMAL,VALID,VISIBLE,NO,UNIQUE,Y,Y,N,N,,MEDIUM,Good candidate for equality or IN pre-filter.
W1_BUSINESS_UNIT_CHAR,SRCH_CHAR_VAL,VARCHAR2,W1C630S1,1,NORMAL,VALID,VISIBLE,NO,NONUNIQUE,Y,Y,N,N,,MEDIUM,Good candidate for equality or IN pre-filter.
W1_BUSINESS_UNIT_L,BUSINESS_UNIT_CD,VARCHAR2,W1C629P0,1,NORMAL,VALID,VISIBLE,NO,UNIQUE,Y,Y,N,N,,MEDIUM,Good candidate for equality or IN pre-filter.
W1_BUYER,BUYER_CD,VARCHAR2,W1C675P0,1,NORMAL,VALID,VISIBLE,NO,UNIQUE,Y,Y,N,N,,MEDIUM,Good candidate for equality or IN pre-filter.
W1_BUYER_CHAR,BUYER_CD,VARCHAR2,W1C678P0,1,NORMAL,VALID,VISIBLE,NO,UNIQUE,Y,Y,N,N,,MEDIUM,Good candidate for equality or IN pre-filter.
W1_BUYER_CHAR,SRCH_CHAR_VAL,VARCHAR2,W1C678S1,1,NORMAL,VALID,VISIBLE,NO,NONUNIQUE,Y,Y,N,N,,MEDIUM,Good candidate for equality or IN pre-filter.
W1_BUYER_EMAIL,BUYER_CD,VARCHAR2,W1C680P0,1,NORMAL,VALID,VISIBLE,NO,UNIQUE,Y,Y,N,N,,MEDIUM,Good candidate for equality or IN pre-filter.
W1_BUYER_EMAIL,BUYER_CD,VARCHAR2,W1C680S1,1,NORMAL,VALID,VISIBLE,NO,NONUNIQUE,Y,Y,N,N,,MEDIUM,Good candidate for equality or IN pre-filter.
W1_BUYER_IDENTIFIER,BUYER_CD,VARCHAR2,W1C677P0,1,NORMAL,VALID,VISIBLE,NO,UNIQUE,Y,Y,N,N,,MEDIUM,Good candidate for equality or IN pre-filter.
W1_BUYER_IDENTIFIER,SYS_NC00005$,,W1C677S1,1,FUNCTION-BASED NORMAL,VALID,VISIBLE,NO,NONUNIQUE,Y,Y,N,N,,MEDIUM,Good candidate for equality or IN pre-filter.
W1_BUYER_IDENTIFIER,W1_ID_VALUE,VARCHAR2,W1C677S0,1,NORMAL,VALID,VISIBLE,NO,NONUNIQUE,Y,Y,N,N,,MEDIUM,Good candidate for equality or IN pre-filter.
W1_BUYER_L,BUYER_CD,VARCHAR2,W1C676P0,1,NORMAL,VALID,VISIBLE,NO,UNIQUE,Y,Y,N,N,,MEDIUM,Good candidate for equality or IN pre-filter.
W1_BUYER_LOG,BUYER_CD,VARCHAR2,W1C681P0,1,NORMAL,VALID,VISIBLE,NO,UNIQUE,Y,Y,N,N,,MEDIUM,Good candidate for equality or IN pre-filter.
W1_BUYER_LOG,CHAR_TYPE_CD,CHAR,W1C681S1,1,NORMAL,VALID,VISIBLE,NO,NONUNIQUE,Y,Y,N,N,,MEDIUM,Good candidate for equality or IN pre-filter.
W1_BUYER_LOG,CHAR_TYPE_CD,CHAR,W1C681S2,1,NORMAL,VALID,VISIBLE,NO,NONUNIQUE,Y,Y,N,N,,MEDIUM,Good candidate for equality or IN pre-filter.
W1_BUYER_LOG_PARM,BUYER_CD,VARCHAR2,W1C682P0,1,NORMAL,VALID,VISIBLE,NO,UNIQUE,Y,Y,N,N,,MEDIUM,Good candidate for equality or IN pre-filter.
W1_BUYER_PHONE,BUYER_CD,VARCHAR2,W1C679P0,1,NORMAL,VALID,VISIBLE,NO,UNIQUE,Y,Y,N,N,,MEDIUM,Good candidate for equality or IN pre-filter.
W1_BUYER_PHONE,BUYER_CD,VARCHAR2,W1C679S1,1,NORMAL,VALID,VISIBLE,NO,NONUNIQUE,Y,Y,N,N,,MEDIUM,Good candidate for equality or IN pre-filter.
W1_CALENDAR,W1_CALENDAR_CD,CHAR,W1C545P0,1,NORMAL,VALID,VISIBLE,NO,UNIQUE,Y,Y,N,N,,MEDIUM,Good candidate for equality or IN pre-filter.
W1_CALENDAR_CHAR,SEARCH_CHAR_VAL,VARCHAR2,W1C546S1,1,NORMAL,VALID,VISIBLE,NO,NONUNIQUE,Y,Y,N,N,,MEDIUM,Good candidate for equality or IN pre-filter.
W1_CALENDAR_CHAR,W1_CALENDAR_CD,CHAR,W1C546P0,1,NORMAL,VALID,VISIBLE,NO,UNIQUE,Y,Y,N,N,,MEDIUM,Good candidate for equality or IN pre-filter.
W1_CALENDAR_L,W1_CALENDAR_CD,CHAR,W1C547P0,1,NORMAL,VALID,VISIBLE,NO,UNIQUE,Y,Y,N,N,,MEDIUM,Good candidate for equality or IN pre-filter.
W1_CALENDAR_PERIOD,W1_CALENDAR_CD,CHAR,W1C548P0,1,NORMAL,VALID,VISIBLE,NO,UNIQUE,Y,Y,N,N,,MEDIUM,Good candidate for equality or IN pre-filter.
W1_CALENDAR_PERIOD_L,W1_CALENDAR_CD,CHAR,W1C549P0,1,NORMAL,VALID,VISIBLE,NO,UNIQUE,Y,Y,N,N,,MEDIUM,Good candidate for equality or IN pre-filter.
W1_CAPABILITY_TYPE,CAPABILITY_TYPE_CD,VARCHAR2,W1C641P0,1,NORMAL,VALID,VISIBLE,NO,UNIQUE,Y,Y,N,N,,MEDIUM,Good candidate for equality or IN pre-filter.
W1_CAPABILITY_TYPE_CHAR,CAPABILITY_TYPE_CD,VARCHAR2,W1C643P0,1,NORMAL,VALID,VISIBLE,NO,UNIQUE,Y,Y,N,N,,MEDIUM,Good candidate for equality or IN pre-filter.
W1_CAPABILITY_TYPE_CHAR,SRCH_CHAR_VAL,VARCHAR2,W1C643S1,1,NORMAL,VALID,VISIBLE,NO,NONUNIQUE,Y,Y,N,N,,MEDIUM,Good candidate for equality or IN pre-filter.
W1_CAPABILITY_TYPE_L,CAPABILITY_TYPE_CD,VARCHAR2,W1C642P0,1,NORMAL,VALID,VISIBLE,NO,UNIQUE,Y,Y,N,N,,MEDIUM,Good candidate for equality or IN pre-filter.
W1_CHANGE_REQ,FINAL_DTTM,DATE,W1T936S5,1,NORMAL,VALID,VISIBLE,NO,UNIQUE,Y,Y,Y,N,,HIGH,Primary candidate for mandatory rolling window pre-filter.
W1_CHANGE_REQ,BUS_OBJ_CD,CHAR,W1T936S1,1,NORMAL,VALID,VISIBLE,NO,UNIQUE,Y,Y,N,N,,MEDIUM,Good candidate for equality or IN pre-filter.
W1_CHANGE_REQ,CHANGE_REQ_ID,CHAR,W1T936P0,1,NORMAL,VALID,VISIBLE,NO,UNIQUE,Y,Y,N,N,,MEDIUM,Good candidate for equality or IN pre-filter.
W1_CHANGE_REQ,CHANGE_REQ_NUM,VARCHAR2,W1T936S2,1,NORMAL,VALID,VISIBLE,NO,UNIQUE,Y,Y,N,N,,MEDIUM,Good candidate for equality or IN pre-filter.
W1_CHANGE_REQ,CHANGE_REQ_TYPE_CD,VARCHAR2,W1T936S3,1,NORMAL,VALID,VISIBLE,NO,UNIQUE,Y,Y,N,N,,MEDIUM,Good candidate for equality or IN pre-filter.
W1_CHANGE_REQ,MAINT_OBJ_CD,CHAR,W1T936S4,1,NORMAL,VALID,VISIBLE,NO,UNIQUE,Y,Y,N,N,,MEDIUM,Good candidate for equality or IN pre-filter.
W1_CHANGE_REQ,W1_DESCR100_UPR,VARCHAR2,W1T936S6,1,NORMAL,VALID,VISIBLE,NO,NONUNIQUE,Y,Y,N,N,,MEDIUM,Good candidate for equality or IN pre-filter.
W1_CHANGE_REQ_APPR_PROF,CHANGE_REQ_TYPE_CD,VARCHAR2,W1C935P0,1,NORMAL,VALID,VISIBLE,NO,UNIQUE,Y,Y,N,N,,MEDIUM,Good candidate for equality or IN pre-filter.
W1_CHANGE_REQ_CHAR,CHANGE_REQ_ID,CHAR,W1T937P0,1,NORMAL,VALID,VISIBLE,NO,UNIQUE,Y,Y,N,N,,MEDIUM,Good candidate for equality or IN pre-filter.
W1_CHANGE_REQ_CHAR,SRCH_CHAR_VAL,VARCHAR2,W1T937S1,1,NORMAL,VALID,VISIBLE,NO,NONUNIQUE,Y,Y,N,N,,MEDIUM,Good candidate for equality or IN pre-filter.
W1_CHANGE_REQ_DOCUMENT,CHANGE_REQ_ID,CHAR,W1T940P0,1,NORMAL,VALID,VISIBLE,NO,UNIQUE,Y,Y,N,N,,MEDIUM,Good candidate for equality or IN pre-filter.
W1_CHANGE_REQ_K,CHANGE_REQ_ID,CHAR,W1T941P0,1,IOT - TOP,VALID,VISIBLE,NO,UNIQUE,Y,Y,N,N,,MEDIUM,Good candidate for equality or IN pre-filter.
W1_CHANGE_REQ_LOG,CHANGE_REQ_ID,CHAR,W1T938P0,1,NORMAL,VALID,VISIBLE,NO,UNIQUE,Y,Y,N,N,,MEDIUM,Good candidate for equality or IN pre-filter.
W1_CHANGE_REQ_LOG,CHAR_TYPE_CD,CHAR,W1T938S1,1,NORMAL,VALID,VISIBLE,NO,NONUNIQUE,Y,Y,N,N,,MEDIUM,Good candidate for equality or IN pre-filter.
W1_CHANGE_REQ_LOG,CHAR_TYPE_CD,CHAR,W1T938S2,1,NORMAL,VALID,VISIBLE,NO,NONUNIQUE,Y,Y,N,N,,MEDIUM,Good candidate for equality or IN pre-filter.
W1_CHANGE_REQ_LOG_PARM,CHANGE_REQ_ID,CHAR,W1T939P0,1,NORMAL,VALID,VISIBLE,NO,UNIQUE,Y,Y,N,N,,MEDIUM,Good candidate for equality or IN pre-filter.
W1_CHANGE_REQ_TYPE,CHANGE_REQ_TYPE_CD,VARCHAR2,W1C932P0,1,NORMAL,VALID,VISIBLE,NO,UNIQUE,Y,Y,N,N,,MEDIUM,Good candidate for equality or IN pre-filter.
W1_CHANGE_REQ_TYPE_CHAR,CHANGE_REQ_TYPE_CD,VARCHAR2,W1C934P0,1,NORMAL,VALID,VISIBLE,NO,UNIQUE,Y,Y,N,N,,MEDIUM,Good candidate for equality or IN pre-filter.
W1_CHANGE_REQ_TYPE_CHAR,SRCH_CHAR_VAL,VARCHAR2,W1C934S1,1,NORMAL,VALID,VISIBLE,NO,NONUNIQUE,Y,Y,N,N,,MEDIUM,Good candidate for equality or IN pre-filter.
W1_CHANGE_REQ_TYPE_L,CHANGE_REQ_TYPE_CD,VARCHAR2,W1C933P0,1,NORMAL,VALID,VISIBLE,NO,UNIQUE,Y,Y,N,N,,MEDIUM,Good candidate for equality or IN pre-filter.
W1_CHILD_SPEC,BUS_OBJ_CD,CHAR,W1C278S2,1,NORMAL,VALID,VISIBLE,NO,NONUNIQUE,Y,Y,N,N,,MEDIUM,Good candidate for equality or IN pre-filter.
W1_CHILD_SPEC,SPECIFICATION_CD,VARCHAR2,W1C278P0,1,NORMAL,VALID,VISIBLE,NO,UNIQUE,Y,Y,N,N,,MEDIUM,Good candidate for equality or IN pre-filter.
W1_CHILD_SPEC,SPECIFICATION_CD,VARCHAR2,W1C278S1,1,NORMAL,VALID,VISIBLE,NO,NONUNIQUE,Y,Y,N,N,,MEDIUM,Good candidate for equality or IN pre-filter.
W1_CHILD_SPEC_CHAR,CHAR_TYPE_CD,CHAR,W1C281S2,1,NORMAL,VALID,VISIBLE,NO,NONUNIQUE,Y,Y,N,N,,MEDIUM,Good candidate for equality or IN pre-filter.
W1_CHILD_SPEC_CHAR,SPECIFICATION_CD,VARCHAR2,W1C281P0,1,NORMAL,VALID,VISIBLE,NO,UNIQUE,Y,Y,N,N,,MEDIUM,Good candidate for equality or IN pre-filter.
W1_CHILD_SPEC_CHAR,SPECIFICATION_CD,VARCHAR2,W1C281S1,1,NORMAL,VALID,VISIBLE,NO,NONUNIQUE,Y,Y,N,N,,MEDIUM,Good candidate for equality or IN pre-filter.
W1_CHILD_SPEC_IDENTIFIER,SPECIFICATION_CD,VARCHAR2,W1C280P0,1,NORMAL,VALID,VISIBLE,NO,UNIQUE,Y,Y,N,N,,MEDIUM,Good candidate for equality or IN pre-filter.
W1_CHILD_SPEC_IDENTIFIER,SPECIFICATION_CD,VARCHAR2,W1C280S1,1,NORMAL,VALID,VISIBLE,NO,NONUNIQUE,Y,Y,N,N,,MEDIUM,Good candidate for equality or IN pre-filter.
W1_CHILD_SPEC_L,LANGUAGE_CD,CHAR,W1C279S2,1,NORMAL,VALID,VISIBLE,NO,NONUNIQUE,Y,Y,N,N,,MEDIUM,Good candidate for equality or IN pre-filter.
W1_CHILD_SPEC_L,SPECIFICATION_CD,VARCHAR2,W1C279P0,1,NORMAL,VALID,VISIBLE,NO,UNIQUE,Y,Y,N,N,,MEDIUM,Good candidate for equality or IN pre-filter.
W1_CHILD_SPEC_L,SPECIFICATION_CD,VARCHAR2,W1C279S1,1,NORMAL,VALID,VISIBLE,NO,NONUNIQUE,Y,Y,N,N,,MEDIUM,Good candidate for equality or IN pre-filter.
W1_CHILD_SPEC_LOG,CHAR_TYPE_CD,CHAR,W1C282S2,1,NORMAL,VALID,VISIBLE,NO,NONUNIQUE,Y,Y,N,N,,MEDIUM,Good candidate for equality or IN pre-filter.
W1_CHILD_SPEC_LOG,MESSAGE_CAT_NBR,NUMBER,W1C282S3,1,NORMAL,VALID,VISIBLE,NO,NONUNIQUE,Y,Y,N,N,,MEDIUM,Good candidate for equality or IN pre-filter.
W1_CHILD_SPEC_LOG,SPECIFICATION_CD,VARCHAR2,W1C282P0,1,NORMAL,VALID,VISIBLE,NO,UNIQUE,Y,Y,N,N,,MEDIUM,Good candidate for equality or IN pre-filter.
W1_CHILD_SPEC_LOG,SPECIFICATION_CD,VARCHAR2,W1C282S1,1,NORMAL,VALID,VISIBLE,NO,NONUNIQUE,Y,Y,N,N,,MEDIUM,Good candidate for equality or IN pre-filter.
W1_CHILD_SPEC_LOG,USER_ID,CHAR,W1C282S4,1,NORMAL,VALID,VISIBLE,NO,NONUNIQUE,Y,Y,N,N,,MEDIUM,Good candidate for equality or IN pre-filter.
W1_CHILD_SPEC_LOG_PARM,SPECIFICATION_CD,VARCHAR2,W1C283P0,1,NORMAL,VALID,VISIBLE,NO,UNIQUE,Y,Y,N,N,,MEDIUM,Good candidate for equality or IN pre-filter.
W1_CHILD_SPEC_LOG_PARM,SPECIFICATION_CD,VARCHAR2,W1C283S1,1,NORMAL,VALID,VISIBLE,NO,NONUNIQUE,Y,Y,N,N,,MEDIUM,Good candidate for equality or IN pre-filter.
W1_CHKLST,CHECKLIST_ID,CHAR,W1T807P0,1,NORMAL,VALID,VISIBLE,NO,UNIQUE,Y,Y,N,N,,MEDIUM,Good candidate for equality or IN pre-filter.
W1_CHKLST_CHAR,CHECKLIST_ID,CHAR,W1T808P0,1,NORMAL,VALID,VISIBLE,NO,UNIQUE,Y,Y,N,N,,MEDIUM,Good candidate for equality or IN pre-filter.
W1_CHKLST_CHAR,SRCH_CHAR_VAL,VARCHAR2,W1T808S1,1,NORMAL,VALID,VISIBLE,NO,NONUNIQUE,Y,Y,N,N,,MEDIUM,Good candidate for equality or IN pre-filter.
W1_CHKLST_IDENTIFIER,CHECKLIST_ID,CHAR,W1T809P0,1,NORMAL,VALID,VISIBLE,NO,UNIQUE,Y,Y,N,N,,MEDIUM,Good candidate for equality or IN pre-filter.
W1_CHKLST_IDENTIFIER,CHKLST_ID_TYPE_FLG,CHAR,W1T809S1,1,NORMAL,VALID,VISIBLE,NO,UNIQUE,Y,Y,N,N,,MEDIUM,Good candidate for equality or IN pre-filter.
W1_CHKLST_K,CHECKLIST_ID,CHAR,W1T814P0,1,IOT - TOP,VALID,VISIBLE,NO,UNIQUE,Y,Y,N,N,,MEDIUM,Good candidate for equality or IN pre-filter.
W1_CHKLST_LINE_ITEM,CHECKLIST_ID,CHAR,W1T811P0,1,NORMAL,VALID,VISIBLE,NO,UNIQUE,Y,Y,N,N,,MEDIUM,Good candidate for equality or IN pre-filter.
W1_CHKLST_LOG,CHAR_TYPE_CD,CHAR,W1T812S1,1,NORMAL,VALID,VISIBLE,NO,NONUNIQUE,Y,Y,N,N,,MEDIUM,Good candidate for equality or IN pre-filter.
W1_CHKLST_LOG,CHAR_TYPE_CD,CHAR,W1T812S2,1,NORMAL,VALID,VISIBLE,NO,NONUNIQUE,Y,Y,N,N,,MEDIUM,Good candidate for equality or IN pre-filter.
W1_CHKLST_LOG,CHECKLIST_ID,CHAR,W1T812P0,1,NORMAL,VALID,VISIBLE,NO,UNIQUE,Y,Y,N,N,,MEDIUM,Good candidate for equality or IN pre-filter.
W1_CHKLST_LOG_PARM,CHECKLIST_ID,CHAR,W1T813P0,1,NORMAL,VALID,VISIBLE,NO,UNIQUE,Y,Y,N,N,,MEDIUM,Good candidate for equality or IN pre-filter.
W1_CHKLST_REL_OBJ,CHECKLIST_ID,CHAR,W1T810P0,1,NORMAL,VALID,VISIBLE,NO,UNIQUE,Y,Y,N,N,,MEDIUM,Good candidate for equality or IN pre-filter.
W1_CHKLST_REL_OBJ,PK_VALUE1,VARCHAR2,W1T810S1,1,NORMAL,VALID,VISIBLE,NO,NONUNIQUE,Y,Y,N,N,,MEDIUM,Good candidate for equality or IN pre-filter.
W1_CHKLST_TYP,CHECKLIST_TYPE_CD,VARCHAR2,W1C811P0,1,NORMAL,VALID,VISIBLE,NO,UNIQUE,Y,Y,N,N,,MEDIUM,Good candidate for equality or IN pre-filter.
W1_CHKLST_TYP_CHAR,CHECKLIST_TYPE_CD,VARCHAR2,W1C813P0,1,NORMAL,VALID,VISIBLE,NO,UNIQUE,Y,Y,N,N,,MEDIUM,Good candidate for equality or IN pre-filter.
W1_CHKLST_TYP_CHAR,SRCH_CHAR_VAL,VARCHAR2,W1C813S1,1,NORMAL,VALID,VISIBLE,NO,NONUNIQUE,Y,Y,N,N,,MEDIUM,Good candidate for equality or IN pre-filter.
W1_CHKLST_TYP_CONST_BO_STATE,CHECKLIST_TYPE_CD,VARCHAR2,W1C814P0,1,NORMAL,VALID,VISIBLE,NO,UNIQUE,Y,Y,N,N,,MEDIUM,Good candidate for equality or IN pre-filter.
W1_CHKLST_TYP_DFLT_LINE_ITEM,CHECKLIST_TYPE_CD,VARCHAR2,W1C815P0,1,NORMAL,VALID,VISIBLE,NO,UNIQUE,Y,Y,N,N,,MEDIUM,Good candidate for equality or IN pre-filter.
W1_CHKLST_TYP_L,CHECKLIST_TYPE_CD,VARCHAR2,W1C812P0,1,NORMAL,VALID,VISIBLE,NO,UNIQUE,Y,Y,N,N,,MEDIUM,Good candidate for equality or IN pre-filter.
W1_CMDTY_CAT,CMDTY_CAT_CD,VARCHAR2,W1C576P0,1,NORMAL,VALID,VISIBLE,NO,UNIQUE,Y,Y,N,N,,MEDIUM,Good candidate for equality or IN pre-filter.
W1_CMDTY_CAT_CHAR,CMDTY_CAT_CD,VARCHAR2,W1C578P0,1,NORMAL,VALID,VISIBLE,NO,UNIQUE,Y,Y,N,N,,MEDIUM,Good candidate for equality or IN pre-filter.
W1_CMDTY_CAT_CHAR,SRCH_CHAR_VAL,VARCHAR2,W1C578S1,1,NORMAL,VALID,VISIBLE,NO,NONUNIQUE,Y,Y,N,N,,MEDIUM,Good candidate for equality or IN pre-filter.
W1_CMDTY_CAT_L,CMDTY_CAT_CD,VARCHAR2,W1C577P0,1,NORMAL,VALID,VISIBLE,NO,UNIQUE,Y,Y,N,N,,MEDIUM,Good candidate for equality or IN pre-filter.
W1_CMDTY_CMP,CMDTY_CAT_CD,VARCHAR2,W1C585P0,1,NORMAL,VALID,VISIBLE,NO,UNIQUE,Y,Y,N,N,,MEDIUM,Good candidate for equality or IN pre-filter.
W1_CMDTY_CMP_CHAR,CMDTY_CAT_CD,VARCHAR2,W1C587P0,1,NORMAL,VALID,VISIBLE,NO,UNIQUE,Y,Y,N,N,,MEDIUM,Good candidate for equality or IN pre-filter.
W1_CMDTY_CMP_CHAR,SRCH_CHAR_VAL,VARCHAR2,W1C587S1,1,NORMAL,VALID,VISIBLE,NO,NONUNIQUE,Y,Y,N,N,,MEDIUM,Good candidate for equality or IN pre-filter.
W1_CMDTY_CMP_L,CMDTY_CAT_CD,VARCHAR2,W1C586P0,1,NORMAL,VALID,VISIBLE,NO,UNIQUE,Y,Y,N,N,,MEDIUM,Good candidate for equality or IN pre-filter.
W1_CMDTY_NAME,CMDTY_CAT_CD,VARCHAR2,W1C579P0,1,NORMAL,VALID,VISIBLE,NO,UNIQUE,Y,Y,N,N,,MEDIUM,Good candidate for equality or IN pre-filter.
W1_CMDTY_NAME_CHAR,CMDTY_CAT_CD,VARCHAR2,W1C581P0,1,NORMAL,VALID,VISIBLE,NO,UNIQUE,Y,Y,N,N,,MEDIUM,Good candidate for equality or IN pre-filter.
W1_CMDTY_NAME_CHAR,SRCH_CHAR_VAL,VARCHAR2,W1C581S1,1,NORMAL,VALID,VISIBLE,NO,NONUNIQUE,Y,Y,N,N,,MEDIUM,Good candidate for equality or IN pre-filter.
W1_CMDTY_NAME_L,CMDTY_CAT_CD,VARCHAR2,W1C580P0,1,NORMAL,VALID,VISIBLE,NO,UNIQUE,Y,Y,N,N,,MEDIUM,Good candidate for equality or IN pre-filter.
W1_CMDTY_TYPE,CMDTY_CAT_CD,VARCHAR2,W1C582P0,1,NORMAL,VALID,VISIBLE,NO,UNIQUE,Y,Y,N,N,,MEDIUM,Good candidate for equality or IN pre-filter.
W1_CMDTY_TYPE_CHAR,CMDTY_CAT_CD,VARCHAR2,W1C584P0,1,NORMAL,VALID,VISIBLE,NO,UNIQUE,Y,Y,N,N,,MEDIUM,Good candidate for equality or IN pre-filter.
W1_CMDTY_TYPE_CHAR,SRCH_CHAR_VAL,VARCHAR2,W1C584S1,1,NORMAL,VALID,VISIBLE,NO,NONUNIQUE,Y,Y,N,N,,MEDIUM,Good candidate for equality or IN pre-filter.
W1_CMDTY_TYPE_L,CMDTY_CAT_CD,VARCHAR2,W1C583P0,1,NORMAL,VALID,VISIBLE,NO,UNIQUE,Y,Y,N,N,,MEDIUM,Good candidate for equality or IN pre-filter.
W1_CMPL_EVT,FINAL_DTTM,DATE,W1T257S7,1,NORMAL,VALID,VISIBLE,NO,UNIQUE,Y,Y,Y,N,,HIGH,Primary candidate for mandatory rolling window pre-filter.
W1_CMPL_EVT,ACT_ID,CHAR,W1T257S3,1,NORMAL,VALID,VISIBLE,NO,NONUNIQUE,Y,Y,N,N,,MEDIUM,Good candidate for equality or IN pre-filter.
W1_CMPL_EVT,ASSET_ID,CHAR,W1T257S5,1,NORMAL,VALID,VISIBLE,NO,NONUNIQUE,Y,Y,N,N,,MEDIUM,Good candidate for equality or IN pre-filter.
W1_CMPL_EVT,BUS_OBJ_CD,CHAR,W1T257S2,1,NORMAL,VALID,VISIBLE,NO,UNIQUE,Y,Y,N,N,,MEDIUM,Good candidate for equality or IN pre-filter.
W1_CMPL_EVT,CMPL_EVT_ID,CHAR,W1T257P0,1,NORMAL,VALID,VISIBLE,NO,UNIQUE,Y,Y,N,N,,MEDIUM,Good candidate for equality or IN pre-filter.
W1_CMPL_EVT,CMPL_EVT_TYPE_CD,VARCHAR2,W1T257S1,1,NORMAL,VALID,VISIBLE,NO,NONUNIQUE,Y,Y,N,N,,MEDIUM,Good candidate for equality or IN pre-filter.
W1_CMPL_EVT,NODE_ID,CHAR,W1T257S4,1,NORMAL,VALID,VISIBLE,NO,NONUNIQUE,Y,Y,N,N,,MEDIUM,Good candidate for equality or IN pre-filter.
W1_CMPL_EVT,SVC_HIST_ID,CHAR,W1T257S6,1,NORMAL,VALID,VISIBLE,NO,NONUNIQUE,Y,Y,N,N,,MEDIUM,Good candidate for equality or IN pre-filter.
W1_CMPL_EVT,WORK_REQ_ID,CHAR,W1T257S8,1,NORMAL,VALID,VISIBLE,NO,NONUNIQUE,Y,Y,N,N,,MEDIUM,Good candidate for equality or IN pre-filter.
W1_CMPL_EVT_CHAR,CMPL_EVT_ID,CHAR,W1T258P0,1,NORMAL,VALID,VISIBLE,NO,UNIQUE,Y,Y,N,N,,MEDIUM,Good candidate for equality or IN pre-filter.
W1_CMPL_EVT_CHAR,SRCH_CHAR_VAL,VARCHAR2,W1T258S1,1,NORMAL,VALID,VISIBLE,NO,NONUNIQUE,Y,Y,N,N,,MEDIUM,Good candidate for equality or IN pre-filter.
W1_CMPL_EVT_K,CMPL_EVT_ID,CHAR,W1T272P0,1,IOT - TOP,VALID,VISIBLE,NO,UNIQUE,Y,Y,N,N,,MEDIUM,Good candidate for equality or IN pre-filter.
W1_CMPL_EVT_LOG,CHAR_TYPE_CD,CHAR,W1T260S1,1,NORMAL,VALID,VISIBLE,NO,NONUNIQUE,Y,Y,N,N,,MEDIUM,Good candidate for equality or IN pre-filter.
W1_CMPL_EVT_LOG,CHAR_TYPE_CD,CHAR,W1T260S2,1,NORMAL,VALID,VISIBLE,NO,NONUNIQUE,Y,Y,N,N,,MEDIUM,Good candidate for equality or IN pre-filter.
W1_CMPL_EVT_LOG,CMPL_EVT_ID,CHAR,W1T260P0,1,NORMAL,VALID,VISIBLE,NO,UNIQUE,Y,Y,N,N,,MEDIUM,Good candidate for equality or IN pre-filter.
W1_CMPL_EVT_LOG_PARM,CMPL_EVT_ID,CHAR,W1T261P0,1,NORMAL,VALID,VISIBLE,NO,UNIQUE,Y,Y,N,N,,MEDIUM,Good candidate for equality or IN pre-filter.
W1_CMPL_EVT_REL_OBJ,CMPL_EVT_ID,CHAR,W1T259P0,1,NORMAL,VALID,VISIBLE,NO,UNIQUE,Y,Y,N,N,,MEDIUM,Good candidate for equality or IN pre-filter.
W1_CMPL_EVT_REL_OBJ,PK_VALUE1,VARCHAR2,W1T259S1,1,NORMAL,VALID,VISIBLE,NO,NONUNIQUE,Y,Y,N,N,,MEDIUM,Good candidate for equality or IN pre-filter.
W1_CMPL_EVT_TYPE,CMPL_EVT_BUS_OBJ_CD,CHAR,W1C252S1,1,NORMAL,VALID,VISIBLE,NO,NONUNIQUE,Y,Y,N,N,,MEDIUM,Good candidate for equality or IN pre-filter.
W1_CMPL_EVT_TYPE,CMPL_EVT_TYPE_CD,VARCHAR2,W1C252P0,1,NORMAL,VALID,VISIBLE,NO,UNIQUE,Y,Y,N,N,,MEDIUM,Good candidate for equality or IN pre-filter.
W1_CMPL_EVT_TYPE_CHAR,CMPL_EVT_TYPE_CD,VARCHAR2,W1C256P0,1,NORMAL,VALID,VISIBLE,NO,UNIQUE,Y,Y,N,N,,MEDIUM,Good candidate for equality or IN pre-filter.
W1_CMPL_EVT_TYPE_CHAR,SRCH_CHAR_VAL,VARCHAR2,W1C256S1,1,NORMAL,VALID,VISIBLE,NO,NONUNIQUE,Y,Y,N,N,,MEDIUM,Good candidate for equality or IN pre-filter.
W1_CMPL_EVT_TYPE_IDENTIFIER,CMPL_EVT_TYPE_CD,VARCHAR2,W1C254P0,1,NORMAL,VALID,VISIBLE,NO,UNIQUE,Y,Y,N,N,,MEDIUM,Good candidate for equality or IN pre-filter.
W1_CMPL_EVT_TYPE_L,CMPL_EVT_TYPE_CD,VARCHAR2,W1C253P0,1,NORMAL,VALID,VISIBLE,NO,UNIQUE,Y,Y,N,N,,MEDIUM,Good candidate for equality or IN pre-filter.
W1_COLOR,COLOR_CD,VARCHAR2,W1C591P0,1,NORMAL,VALID,VISIBLE,NO,UNIQUE,Y,Y,N,N,,MEDIUM,Good candidate for equality or IN pre-filter.
W1_COLOR_CHAR,COLOR_CD,VARCHAR2,W1C592P0,1,NORMAL,VALID,VISIBLE,NO,UNIQUE,Y,Y,N,N,,MEDIUM,Good candidate for equality or IN pre-filter.
W1_COLOR_CHAR,SRCH_CHAR_VAL,VARCHAR2,W1C592S1,1,NORMAL,VALID,VISIBLE,NO,NONUNIQUE,Y,Y,N,N,,MEDIUM,Good candidate for equality or IN pre-filter.
W1_COLOR_L,COLOR_CD,VARCHAR2,W1C593P0,1,NORMAL,VALID,VISIBLE,NO,UNIQUE,Y,Y,N,N,,MEDIUM,Good candidate for equality or IN pre-filter.
W1_COMMUNICATION,COMMUNICATION_ID,CHAR,W1T860P0,1,NORMAL,VALID,VISIBLE,NO,UNIQUE,Y,Y,N,N,,MEDIUM,Good candidate for equality or IN pre-filter.
W1_COMMUNICATION_CHAR,COMMUNICATION_ID,CHAR,W1T861P0,1,NORMAL,VALID,VISIBLE,NO,UNIQUE,Y,Y,N,N,,MEDIUM,Good candidate for equality or IN pre-filter.
W1_COMMUNICATION_K,COMMUNICATION_ID,CHAR,W1T865P0,1,IOT - TOP,VALID,VISIBLE,NO,UNIQUE,Y,Y,N,N,,MEDIUM,Good candidate for equality or IN pre-filter.
W1_COMMUNICATION_LOG,COMMUNICATION_ID,CHAR,W1T866P0,1,NORMAL,VALID,VISIBLE,NO,UNIQUE,Y,Y,N,N,,MEDIUM,Good candidate for equality or IN pre-filter.
W1_COMMUNICATION_LOG_PARM,COMMUNICATION_ID,CHAR,W1T867P0,1,NORMAL,VALID,VISIBLE,NO,UNIQUE,Y,Y,N,N,,MEDIUM,Good candidate for equality or IN pre-filter.
W1_COMMUNICATION_PHONE,COMMUNICATION_ID,CHAR,W1T862P0,1,NORMAL,VALID,VISIBLE,NO,UNIQUE,Y,Y,N,N,,MEDIUM,Good candidate for equality or IN pre-filter.
W1_COMMUNICATION_REL_OBJ,COMMUNICATION_ID,CHAR,W1T863P0,1,NORMAL,VALID,VISIBLE,NO,UNIQUE,Y,Y,N,N,,MEDIUM,Good candidate for equality or IN pre-filter.
W1_COMM_IN,FINAL_DTTM,DATE,W1T265S8,1,NORMAL,VALID,VISIBLE,NO,UNIQUE,Y,Y,Y,N,,HIGH,Primary candidate for mandatory rolling window pre-filter.
W1_COMM_IN,ACT_ID,CHAR,W1T265S7,1,NORMAL,VALID,VISIBLE,NO,NONUNIQUE,Y,Y,N,N,,MEDIUM,Good candidate for equality or IN pre-filter.
W1_COMM_IN,ASSET_ID,CHAR,W1T265S5,1,NORMAL,VALID,VISIBLE,NO,NONUNIQUE,Y,Y,N,N,,MEDIUM,Good candidate for equality or IN pre-filter.
W1_COMM_IN,BUS_OBJ_CD,CHAR,W1T265S3,1,NORMAL,VALID,VISIBLE,NO,UNIQUE,Y,Y,N,N,,MEDIUM,Good candidate for equality or IN pre-filter.
W1_COMM_IN,COMM_ID,CHAR,W1C265P0,1,NORMAL,VALID,VISIBLE,NO,UNIQUE,Y,Y,N,N,,MEDIUM,Good candidate for equality or IN pre-filter.
W1_COMM_IN,NODE_ID,CHAR,W1T265S6,1,NORMAL,VALID,VISIBLE,NO,NONUNIQUE,Y,Y,N,N,,MEDIUM,Good candidate for equality or IN pre-filter.
W1_COMM_IN_CHAR,COMM_ID,CHAR,W1C266P0,1,NORMAL,VALID,VISIBLE,NO,UNIQUE,Y,Y,N,N,,MEDIUM,Good candidate for equality or IN pre-filter.
W1_COMM_IN_CHAR,SRCH_CHAR_VAL,VARCHAR2,W1T266S1,1,NORMAL,VALID,VISIBLE,NO,NONUNIQUE,Y,Y,N,N,,MEDIUM,Good candidate for equality or IN pre-filter.
W1_COMM_IN_IDENTIFIER,COMM_ID,CHAR,W1C267P0,1,NORMAL,VALID,VISIBLE,NO,UNIQUE,Y,Y,N,N,,MEDIUM,Good candidate for equality or IN pre-filter.
W1_COMM_IN_IDENTIFIER,COMM_ID_TYP_FLG,CHAR,W1T267S1,1,NORMAL,VALID,VISIBLE,NO,NONUNIQUE,Y,Y,N,N,,MEDIUM,Good candidate for equality or IN pre-filter.
W1_COMM_IN_IDENTIFIER,W1_ID_VALUE,VARCHAR2,W1T267S2,1,NORMAL,VALID,VISIBLE,NO,NONUNIQUE,Y,Y,N,N,,MEDIUM,Good candidate for equality or IN pre-filter.
W1_COMM_IN_K,COMM_ID,CHAR,W1T271P0,1,IOT - TOP,VALID,VISIBLE,NO,UNIQUE,Y,Y,N,N,,MEDIUM,Good candidate for equality or IN pre-filter.
W1_COMM_IN_LOG,CHAR_TYPE_CD,CHAR,W1T269S1,1,NORMAL,VALID,VISIBLE,NO,NONUNIQUE,Y,Y,N,N,,MEDIUM,Good candidate for equality or IN pre-filter.
W1_COMM_IN_LOG,CHAR_TYPE_CD,CHAR,W1T269S2,1,NORMAL,VALID,VISIBLE,NO,NONUNIQUE,Y,Y,N,N,,MEDIUM,Good candidate for equality or IN pre-filter.
W1_COMM_IN_LOG,COMM_ID,CHAR,W1T269P0,1,NORMAL,VALID,VISIBLE,NO,UNIQUE,Y,Y,N,N,,MEDIUM,Good candidate for equality or IN pre-filter.
W1_COMM_IN_LOG_PARM,COMM_ID,CHAR,W1T270P0,1,NORMAL,VALID,VISIBLE,NO,UNIQUE,Y,Y,N,N,,MEDIUM,Good candidate for equality or IN pre-filter.
W1_COMM_IN_REL_OBJ,COMM_ID,CHAR,W1T268P0,1,NORMAL,VALID,VISIBLE,NO,UNIQUE,Y,Y,N,N,,MEDIUM,Good candidate for equality or IN pre-filter.
W1_COMM_IN_REL_OBJ,PK_VALUE1,VARCHAR2,W1T268S1,1,NORMAL,VALID,VISIBLE,NO,NONUNIQUE,Y,Y,N,N,,MEDIUM,Good candidate for equality or IN pre-filter.
W1_COMM_TYPE,COMM_IN_BUS_OBJ_CD,CHAR,W1C262S1,1,NORMAL,VALID,VISIBLE,NO,NONUNIQUE,Y,Y,N,N,,MEDIUM,Good candidate for equality or IN pre-filter.
W1_COMM_TYPE,COMM_TYP_CD,VARCHAR2,W1C262P0,1,NORMAL,VALID,VISIBLE,NO,UNIQUE,Y,Y,N,N,,MEDIUM,Good candidate for equality or IN pre-filter.
W1_COMM_TYPE_CHAR,COMM_TYP_CD,VARCHAR2,W1C264P0,1,NORMAL,VALID,VISIBLE,NO,UNIQUE,Y,Y,N,N,,MEDIUM,Good candidate for equality or IN pre-filter.
W1_COMM_TYPE_CHAR,SRCH_CHAR_VAL,VARCHAR2,W1C264S1,1,NORMAL,VALID,VISIBLE,NO,NONUNIQUE,Y,Y,N,N,,MEDIUM,Good candidate for equality or IN pre-filter.
W1_COMM_TYPE_L,COMM_TYP_CD,VARCHAR2,W1C263P0,1,NORMAL,VALID,VISIBLE,NO,UNIQUE,Y,Y,N,N,,MEDIUM,Good candidate for equality or IN pre-filter.
W1_COMPLIANCE_CAT,COMPLIANCE_CAT_CD,VARCHAR2,W1C854P0,1,NORMAL,VALID,VISIBLE,NO,UNIQUE,Y,Y,N,N,,MEDIUM,Good candidate for equality or IN pre-filter.
W1_COMPLIANCE_CAT_CHAR,COMPLIANCE_CAT_CD,VARCHAR2,W1C855P0,1,NORMAL,VALID,VISIBLE,NO,UNIQUE,Y,Y,N,N,,MEDIUM,Good candidate for equality or IN pre-filter.
W1_COMPLIANCE_CAT_L,COMPLIANCE_CAT_CD,VARCHAR2,W1C856P0,1,NORMAL,VALID,VISIBLE,NO,UNIQUE,Y,Y,N,N,,MEDIUM,Good candidate for equality or IN pre-filter.
W1_COMPLIANCE_TYPE,COMPLIANCE_TYPE_CD,VARCHAR2,W1C844P0,1,NORMAL,VALID,VISIBLE,NO,UNIQUE,Y,Y,N,N,,MEDIUM,Good candidate for equality or IN pre-filter.
W1_COMPLIANCE_TYPE_CHAR,COMPLIANCE_TYPE_CD,VARCHAR2,W1C845P0,1,NORMAL,VALID,VISIBLE,NO,UNIQUE,Y,Y,N,N,,MEDIUM,Good candidate for equality or IN pre-filter.
W1_COMPLIANCE_TYPE_L,COMPLIANCE_TYPE_CD,VARCHAR2,W1C846P0,1,NORMAL,VALID,VISIBLE,NO,UNIQUE,Y,Y,N,N,,MEDIUM,Good candidate for equality or IN pre-filter.
W1_COMPLIANCE_TYPE_REGT_AGCY,COMPLIANCE_TYPE_CD,VARCHAR2,W1C857P0,1,NORMAL,VALID,VISIBLE,NO,UNIQUE,Y,Y,N,N,,MEDIUM,Good candidate for equality or IN pre-filter.
W1_CONFIG,BUS_OBJ_CD,CHAR,W1M486S2,1,NORMAL,VALID,VISIBLE,NO,UNIQUE,Y,Y,N,N,,MEDIUM,Good candidate for equality or IN pre-filter.
W1_CONFIG,CONFIG_ID,CHAR,W1M486P0,1,NORMAL,VALID,VISIBLE,NO,UNIQUE,Y,Y,N,N,,MEDIUM,Good candidate for equality or IN pre-filter.
W1_CONFIG,CONFIG_TYPE_CD,VARCHAR2,W1M486S1,1,NORMAL,VALID,VISIBLE,NO,UNIQUE,Y,Y,N,N,,MEDIUM,Good candidate for equality or IN pre-filter.
W1_CONFIG,W1_DESCR100_UPR,VARCHAR2,W1M486S3,1,NORMAL,VALID,VISIBLE,NO,NONUNIQUE,Y,Y,N,N,,MEDIUM,Good candidate for equality or IN pre-filter.
W1_CONFIG_CHAR,CONFIG_ID,CHAR,W1M488P0,1,NORMAL,VALID,VISIBLE,NO,UNIQUE,Y,Y,N,N,,MEDIUM,Good candidate for equality or IN pre-filter.
W1_CONFIG_CHAR,SRCH_CHAR_VAL,VARCHAR2,W1M488S1,1,NORMAL,VALID,VISIBLE,NO,NONUNIQUE,Y,Y,N,N,,MEDIUM,Good candidate for equality or IN pre-filter.
W1_CONFIG_CHAR2,CONFIG_ID,CHAR,W1T522P0,1,NORMAL,VALID,VISIBLE,NO,UNIQUE,Y,Y,N,N,,MEDIUM,Good candidate for equality or IN pre-filter.
W1_CONFIG_IDENTIFIER,CONFIG_ID,CHAR,W1M487P0,1,NORMAL,VALID,VISIBLE,NO,UNIQUE,Y,Y,N,N,,MEDIUM,Good candidate for equality or IN pre-filter.
W1_CONFIG_IDENTIFIER,SYS_NC00005$,,W1M487S1,1,FUNCTION-BASED NORMAL,VALID,VISIBLE,NO,NONUNIQUE,Y,Y,N,N,,MEDIUM,Good candidate for equality or IN pre-filter.
W1_CONFIG_IDENTIFIER,W1_ID_VALUE,VARCHAR2,W1M487S0,1,NORMAL,VALID,VISIBLE,NO,NONUNIQUE,Y,Y,N,N,,MEDIUM,Good candidate for equality or IN pre-filter.
W1_CONFIG_K,CONFIG_ID,CHAR,W1M491P0,1,IOT - TOP,VALID,VISIBLE,NO,UNIQUE,Y,Y,N,N,,MEDIUM,Good candidate for equality or IN pre-filter.
W1_CONFIG_LOG,CONFIG_ID,CHAR,W1M489P0,1,NORMAL,VALID,VISIBLE,NO,UNIQUE,Y,Y,N,N,,MEDIUM,Good candidate for equality or IN pre-filter.
W1_CONFIG_LOG_PARM,CONFIG_ID,CHAR,W1M490P0,1,NORMAL,VALID,VISIBLE,NO,UNIQUE,Y,Y,N,N,,MEDIUM,Good candidate for equality or IN pre-filter.
W1_CONFIG_RPT,CRE_DTTM,DATE,W1M492S3,1,NORMAL,VALID,VISIBLE,NO,NONUNIQUE,Y,Y,Y,N,,HIGH,Primary candidate for mandatory rolling window pre-filter.
W1_CONFIG_RPT,RPT_GEN_DTTM,DATE,W1M492S4,1,NORMAL,VALID,VISIBLE,NO,NONUNIQUE,Y,Y,Y,N,,HIGH,Primary candidate for mandatory rolling window pre-filter.
W1_CONFIG_RPT,BUS_OBJ_CD,CHAR,W1M492S2,1,NORMAL,VALID,VISIBLE,NO,UNIQUE,Y,Y,N,N,,MEDIUM,Good candidate for equality or IN pre-filter.
W1_CONFIG_RPT,CONFIG_RPT_ID,CHAR,W1M492P0,1,NORMAL,VALID,VISIBLE,NO,UNIQUE,Y,Y,N,N,,MEDIUM,Good candidate for equality or IN pre-filter.
W1_CONFIG_RPT,RPT_MODE_FLG,CHAR,W1M492S6,1,NORMAL,VALID,VISIBLE,NO,NONUNIQUE,Y,Y,N,N,,MEDIUM,Good candidate for equality or IN pre-filter.
W1_CONFIG_RPT,USER_ID,CHAR,W1M492S5,1,NORMAL,VALID,VISIBLE,NO,NONUNIQUE,Y,Y,N,N,,MEDIUM,Good candidate for equality or IN pre-filter.
W1_CONFIG_RPT,W1_DESCR100_UPR,VARCHAR2,W1M492S1,1,NORMAL,VALID,VISIBLE,NO,NONUNIQUE,Y,Y,N,N,,MEDIUM,Good candidate for equality or IN pre-filter.
W1_CONFIG_RPT_CHAR,CONFIG_RPT_ID,CHAR,W1M495P0,1,NORMAL,VALID,VISIBLE,NO,UNIQUE,Y,Y,N,N,,MEDIUM,Good candidate for equality or IN pre-filter.
W1_CONFIG_RPT_CHAR,SRCH_CHAR_VAL,VARCHAR2,W1M495S1,1,NORMAL,VALID,VISIBLE,NO,NONUNIQUE,Y,Y,N,N,,MEDIUM,Good candidate for equality or IN pre-filter.
W1_CONFIG_RPT_CHAR2,CONFIG_RPT_ID,CHAR,W1T523P0,1,NORMAL,VALID,VISIBLE,NO,UNIQUE,Y,Y,N,N,,MEDIUM,Good candidate for equality or IN pre-filter.
W1_CONFIG_RPT_IDENTIFIER,CONFIG_RPT_ID,CHAR,W1M494P0,1,NORMAL,VALID,VISIBLE,NO,UNIQUE,Y,Y,N,N,,MEDIUM,Good candidate for equality or IN pre-filter.
W1_CONFIG_RPT_IDENTIFIER,SYS_NC00005$,,W1M494S1,1,FUNCTION-BASED NORMAL,VALID,VISIBLE,NO,NONUNIQUE,Y,Y,N,N,,MEDIUM,Good candidate for equality or IN pre-filter.
W1_CONFIG_RPT_IDENTIFIER,W1_ID_VALUE,VARCHAR2,W1M494S0,1,NORMAL,VALID,VISIBLE,NO,NONUNIQUE,Y,Y,N,N,,MEDIUM,Good candidate for equality or IN pre-filter.
W1_CONFIG_RPT_K,CONFIG_RPT_ID,CHAR,W1M498P0,1,IOT - TOP,VALID,VISIBLE,NO,UNIQUE,Y,Y,N,N,,MEDIUM,Good candidate for equality or IN pre-filter.
W1_CONFIG_RPT_LOG,CONFIG_RPT_ID,CHAR,W1M496P0,1,NORMAL,VALID,VISIBLE,NO,UNIQUE,Y,Y,N,N,,MEDIUM,Good candidate for equality or IN pre-filter.
W1_CONFIG_RPT_LOG_PARM,CONFIG_RPT_ID,CHAR,W1M497P0,1,NORMAL,VALID,VISIBLE,NO,UNIQUE,Y,Y,N,N,,MEDIUM,Good candidate for equality or IN pre-filter.
W1_CONFIG_RPT_SPECIFICATION,CONFIG_RPT_ID,CHAR,W1M493P0,1,NORMAL,VALID,VISIBLE,NO,UNIQUE,Y,Y,N,N,,MEDIUM,Good candidate for equality or IN pre-filter.
W1_CONFIG_RPT_SPECIFICATION,SPECIFICATION_CD,VARCHAR2,W1M493S1,1,NORMAL,VALID,VISIBLE,NO,UNIQUE,Y,Y,N,N,,MEDIUM,Good candidate for equality or IN pre-filter.
W1_CONFIG_TYPE,CONFIG_TYPE_CD,VARCHAR2,W1C482P0,1,NORMAL,VALID,VISIBLE,NO,UNIQUE,Y,Y,N,N,,MEDIUM,Good candidate for equality or IN pre-filter.
W1_CONFIG_TYPE_CHAR,CONFIG_TYPE_CD,VARCHAR2,W1C485P0,1,NORMAL,VALID,VISIBLE,NO,UNIQUE,Y,Y,N,N,,MEDIUM,Good candidate for equality or IN pre-filter.
W1_CONFIG_TYPE_CHAR,SRCH_CHAR_VAL,VARCHAR2,W1C485S1,1,NORMAL,VALID,VISIBLE,NO,NONUNIQUE,Y,Y,N,N,,MEDIUM,Good candidate for equality or IN pre-filter.
W1_CONFIG_TYPE_IDENTIFIER,CONFIG_TYPE_CD,VARCHAR2,W1C484P0,1,NORMAL,VALID,VISIBLE,NO,UNIQUE,Y,Y,N,N,,MEDIUM,Good candidate for equality or IN pre-filter.
W1_CONFIG_TYPE_L,CONFIG_TYPE_CD,VARCHAR2,W1C483P0,1,NORMAL,VALID,VISIBLE,NO,UNIQUE,Y,Y,N,N,,MEDIUM,Good candidate for equality or IN pre-filter.
W1_CONTACT,BUS_OBJ_CD,CHAR,W1M213S2,1,NORMAL,VALID,VISIBLE,NO,NONUNIQUE,Y,Y,N,N,,MEDIUM,Good candidate for equality or IN pre-filter.
W1_CONTACT,EMPLOYEE_ID,CHAR,W1M213S3,1,NORMAL,VALID,VISIBLE,NO,NONUNIQUE,Y,Y,N,N,,MEDIUM,Good candidate for equality or IN pre-filter.
W1_CONTACT,W1_CONTACT_ID,CHAR,W1M213P0,1,NORMAL,VALID,VISIBLE,NO,UNIQUE,Y,Y,N,N,,MEDIUM,Good candidate for equality or IN pre-filter.
W1_CONTACT,W1_CONTACT_TYPE_CD,VARCHAR2,W1M213S1,1,NORMAL,VALID,VISIBLE,NO,NONUNIQUE,Y,Y,N,N,,MEDIUM,Good candidate for equality or IN pre-filter.
W1_CONTACT_CHAR,SRCH_CHAR_VAL,VARCHAR2,W1M214S1,1,NORMAL,VALID,VISIBLE,NO,NONUNIQUE,Y,Y,N,N,,MEDIUM,Good candidate for equality or IN pre-filter.
W1_CONTACT_CHAR,W1_CONTACT_ID,CHAR,W1M214P0,1,NORMAL,VALID,VISIBLE,NO,UNIQUE,Y,Y,N,N,,MEDIUM,Good candidate for equality or IN pre-filter.
W1_CONTACT_CHAR2,W1_CONTACT_ID,CHAR,W1T520P0,1,NORMAL,VALID,VISIBLE,NO,UNIQUE,Y,Y,N,N,,MEDIUM,Good candidate for equality or IN pre-filter.
W1_CONTACT_EMAIL,W1_CONTACT_ID,CHAR,W1M218P0,1,NORMAL,VALID,VISIBLE,NO,UNIQUE,Y,Y,N,N,,MEDIUM,Good candidate for equality or IN pre-filter.
W1_CONTACT_EMAIL,W1_CONTACT_ID,CHAR,W1M218S1,1,NORMAL,VALID,VISIBLE,NO,NONUNIQUE,Y,Y,N,N,,MEDIUM,Good candidate for equality or IN pre-filter.
W1_CONTACT_IDENTIFIER,W1_CONTACT_ID,CHAR,W1M216P0,1,NORMAL,VALID,VISIBLE,NO,UNIQUE,Y,Y,N,N,,MEDIUM,Good candidate for equality or IN pre-filter.
W1_CONTACT_IDENTIFIER,W1_ID_VALUE,VARCHAR2,W1M216S1,1,NORMAL,VALID,VISIBLE,NO,NONUNIQUE,Y,Y,N,N,,MEDIUM,Good candidate for equality or IN pre-filter.
W1_CONTACT_K,W1_CONTACT_ID,CHAR,W1M480P0,1,IOT - TOP,VALID,VISIBLE,NO,UNIQUE,Y,Y,N,N,,MEDIUM,Good candidate for equality or IN pre-filter.
W1_CONTACT_NAME,W1_CONTACT_ID,CHAR,W1M215P0,1,NORMAL,VALID,VISIBLE,NO,UNIQUE,Y,Y,N,N,,MEDIUM,Good candidate for equality or IN pre-filter.
W1_CONTACT_NAME,W1_CONTACT_ID,CHAR,W1M215S2,1,NORMAL,VALID,VISIBLE,NO,NONUNIQUE,Y,Y,N,N,,MEDIUM,Good candidate for equality or IN pre-filter.
W1_CONTACT_NAME,W1_NAME_VALUE_UPPER,VARCHAR2,W1M215S1,1,NORMAL,VALID,VISIBLE,NO,NONUNIQUE,Y,Y,N,N,,MEDIUM,Good candidate for equality or IN pre-filter.
W1_CONTACT_PHONE,W1_CONTACT_ID,CHAR,W1M217P0,1,NORMAL,VALID,VISIBLE,NO,UNIQUE,Y,Y,N,N,,MEDIUM,Good candidate for equality or IN pre-filter.
W1_CONTACT_PHONE,W1_CONTACT_ID,CHAR,W1M217S1,1,NORMAL,VALID,VISIBLE,NO,NONUNIQUE,Y,Y,N,N,,MEDIUM,Good candidate for equality or IN pre-filter.
W1_CONTACT_RELATIONSHIP,W1_CONTACT_ID,CHAR,W1M864P0,1,NORMAL,VALID,VISIBLE,NO,UNIQUE,Y,Y,N,N,,MEDIUM,Good candidate for equality or IN pre-filter.
W1_CONTACT_TYPE,CONTACT_BUS_OBJ_CD,CHAR,W1C219S2,1,NORMAL,VALID,VISIBLE,NO,NONUNIQUE,Y,Y,N,N,,MEDIUM,Good candidate for equality or IN pre-filter.
W1_CONTACT_TYPE,W1_CONTACT_TYPE_CD,VARCHAR2,W1C219P0,1,NORMAL,VALID,VISIBLE,NO,UNIQUE,Y,Y,N,N,,MEDIUM,Good candidate for equality or IN pre-filter.
W1_CONTACT_TYPE_CHAR,SRCH_CHAR_VAL,VARCHAR2,W1C221S1,1,NORMAL,VALID,VISIBLE,NO,NONUNIQUE,Y,Y,N,N,,MEDIUM,Good candidate for equality or IN pre-filter.
W1_CONTACT_TYPE_CHAR,W1_CONTACT_TYPE_CD,VARCHAR2,W1C221P0,1,NORMAL,VALID,VISIBLE,NO,UNIQUE,Y,Y,N,N,,MEDIUM,Good candidate for equality or IN pre-filter.
W1_CONTACT_TYPE_L,W1_CONTACT_TYPE_CD,VARCHAR2,W1C220P0,1,NORMAL,VALID,VISIBLE,NO,UNIQUE,Y,Y,N,N,,MEDIUM,Good candidate for equality or IN pre-filter.
W1_COST_CATEGORY,COST_CATEGORY_CD,VARCHAR2,W1C594P0,1,NORMAL,VALID,VISIBLE,NO,UNIQUE,Y,Y,N,N,,MEDIUM,Good candidate for equality or IN pre-filter.
W1_COST_CATEGORY_CHAR,COST_CATEGORY_CD,VARCHAR2,W1C595P0,1,NORMAL,VALID,VISIBLE,NO,UNIQUE,Y,Y,N,N,,MEDIUM,Good candidate for equality or IN pre-filter.
W1_COST_CATEGORY_CHAR,SRCH_CHAR_VAL,VARCHAR2,W1C595S1,1,NORMAL,VALID,VISIBLE,NO,NONUNIQUE,Y,Y,N,N,,MEDIUM,Good candidate for equality or IN pre-filter.
W1_COST_CATEGORY_L,COST_CATEGORY_CD,VARCHAR2,W1C596P0,1,NORMAL,VALID,VISIBLE,NO,UNIQUE,Y,Y,N,N,,MEDIUM,Good candidate for equality or IN pre-filter.
W1_COST_CENTER,COST_CENTER_CD,VARCHAR2,W1C600P0,1,NORMAL,VALID,VISIBLE,NO,UNIQUE,Y,Y,N,N,,MEDIUM,Good candidate for equality or IN pre-filter.
W1_COST_CENTER_CHAR,COST_CENTER_CD,VARCHAR2,W1C602P0,1,NORMAL,VALID,VISIBLE,NO,UNIQUE,Y,Y,N,N,,MEDIUM,Good candidate for equality or IN pre-filter.
W1_COST_CENTER_CHAR,SRCH_CHAR_VAL,VARCHAR2,W1C602S1,1,NORMAL,VALID,VISIBLE,NO,NONUNIQUE,Y,Y,N,N,,MEDIUM,Good candidate for equality or IN pre-filter.
W1_COST_CENTER_EXPCD,COST_CENTER_CD,VARCHAR2,W1C601P0,1,NORMAL,VALID,VISIBLE,NO,UNIQUE,Y,Y,N,N,,MEDIUM,Good candidate for equality or IN pre-filter.
W1_COST_CENTER_IDENTIFIER,COST_CENTER_CD,VARCHAR2,W1M708P0,1,NORMAL,VALID,VISIBLE,NO,UNIQUE,Y,Y,N,N,,MEDIUM,Good candidate for equality or IN pre-filter.
W1_COST_CENTER_IDENTIFIER,SYS_NC00005$,,W1M708S2,1,FUNCTION-BASED NORMAL,VALID,VISIBLE,NO,NONUNIQUE,Y,Y,N,N,,MEDIUM,Good candidate for equality or IN pre-filter.
W1_COST_CENTER_IDENTIFIER,W1_ID_VAL,VARCHAR2,W1M708S1,1,NORMAL,VALID,VISIBLE,NO,NONUNIQUE,Y,Y,N,N,,MEDIUM,Good candidate for equality or IN pre-filter.
W1_COST_CENTER_L,COST_CENTER_CD,VARCHAR2,W1C603P0,1,NORMAL,VALID,VISIBLE,NO,UNIQUE,Y,Y,N,N,,MEDIUM,Good candidate for equality or IN pre-filter.
W1_COST_CENTER_LOG,COST_CENTER_CD,VARCHAR2,W1C604P0,1,NORMAL,VALID,VISIBLE,NO,UNIQUE,Y,Y,N,N,,MEDIUM,Good candidate for equality or IN pre-filter.
W1_COST_CENTER_LOG_PARM,COST_CENTER_CD,VARCHAR2,W1C605P0,1,NORMAL,VALID,VISIBLE,NO,UNIQUE,Y,Y,N,N,,MEDIUM,Good candidate for equality or IN pre-filter.
W1_CREW,BUS_OBJ_CD,CHAR,W1M518S2,1,NORMAL,VALID,VISIBLE,NO,UNIQUE,Y,Y,N,N,,MEDIUM,Good candidate for equality or IN pre-filter.
W1_CREW,W1_CREW_ID,CHAR,W1M518P0,1,NORMAL,VALID,VISIBLE,NO,UNIQUE,Y,Y,N,N,,MEDIUM,Good candidate for equality or IN pre-filter.
W1_CREW,W1_CREW_ID,CHAR,W1M518S1,1,NORMAL,VALID,VISIBLE,NO,UNIQUE,Y,Y,N,N,,MEDIUM,Good candidate for equality or IN pre-filter.
W1_CREW,W1_CREW_NAME_UPR,VARCHAR2,W1M518S3,1,NORMAL,VALID,VISIBLE,NO,NONUNIQUE,Y,Y,N,N,,MEDIUM,Good candidate for equality or IN pre-filter.
W1_CREW_CHAR,SRCH_CHAR_VAL,VARCHAR2,W1M520S1,1,NORMAL,VALID,VISIBLE,NO,NONUNIQUE,Y,Y,N,N,,MEDIUM,Good candidate for equality or IN pre-filter.
W1_CREW_CHAR,W1_CREW_ID,CHAR,W1M520P0,1,NORMAL,VALID,VISIBLE,NO,UNIQUE,Y,Y,N,N,,MEDIUM,Good candidate for equality or IN pre-filter.
W1_CREW_DEFAULT_MEMBER,W1_CREW_ID,CHAR,W1M816P0,1,NORMAL,VALID,VISIBLE,NO,UNIQUE,Y,Y,N,N,,MEDIUM,Good candidate for equality or IN pre-filter.
W1_CREW_IDENTIFIER,SYS_NC00005$,,W1M519S1,1,FUNCTION-BASED NORMAL,VALID,VISIBLE,NO,NONUNIQUE,Y,Y,N,N,,MEDIUM,Good candidate for equality or IN pre-filter.
W1_CREW_IDENTIFIER,W1_CREW_ID,CHAR,W1M519P0,1,NORMAL,VALID,VISIBLE,NO,UNIQUE,Y,Y,N,N,,MEDIUM,Good candidate for equality or IN pre-filter.
W1_CREW_IDENTIFIER,W1_ID_VALUE,VARCHAR2,W1M519S0,1,NORMAL,VALID,VISIBLE,NO,NONUNIQUE,Y,Y,N,N,,MEDIUM,Good candidate for equality or IN pre-filter.
W1_CREW_K,W1_CREW_ID,CHAR,W1M523P0,1,IOT - TOP,VALID,VISIBLE,NO,UNIQUE,Y,Y,N,N,,MEDIUM,Good candidate for equality or IN pre-filter.
W1_CREW_LOG,CHAR_TYPE_CD,CHAR,W1M521S1,1,NORMAL,VALID,VISIBLE,NO,NONUNIQUE,Y,Y,N,N,,MEDIUM,Good candidate for equality or IN pre-filter.
W1_CREW_LOG,CHAR_TYPE_CD,CHAR,W1M521S2,1,NORMAL,VALID,VISIBLE,NO,NONUNIQUE,Y,Y,N,N,,MEDIUM,Good candidate for equality or IN pre-filter.
W1_CREW_LOG,W1_CREW_ID,CHAR,W1M521P0,1,NORMAL,VALID,VISIBLE,NO,UNIQUE,Y,Y,N,N,,MEDIUM,Good candidate for equality or IN pre-filter.
W1_CREW_LOG_PARM,W1_CREW_ID,CHAR,W1M522P0,1,NORMAL,VALID,VISIBLE,NO,UNIQUE,Y,Y,N,N,,MEDIUM,Good candidate for equality or IN pre-filter.
W1_CREW_SHIFT,PLANNED_END_DTTM,DATE,W1T278S4,1,NORMAL,VALID,VISIBLE,NO,NONUNIQUE,Y,Y,Y,N,,HIGH,Primary candidate for mandatory rolling window pre-filter.
W1_CREW_SHIFT,PLANNED_START_DTTM,DATE,W1T278S3,1,NORMAL,VALID,VISIBLE,NO,NONUNIQUE,Y,Y,Y,N,,HIGH,Primary candidate for mandatory rolling window pre-filter.
W1_CREW_SHIFT,BUS_OBJ_CD,CHAR,W1T278S2,1,NORMAL,VALID,VISIBLE,NO,UNIQUE,Y,Y,N,N,,MEDIUM,Good candidate for equality or IN pre-filter.
W1_CREW_SHIFT,CREW_SHIFT_ID,CHAR,W1T278P0,1,NORMAL,VALID,VISIBLE,NO,UNIQUE,Y,Y,N,N,,MEDIUM,Good candidate for equality or IN pre-filter.
W1_CREW_SHIFT,CREW_SHIFT_ID,CHAR,W1T278S1,1,NORMAL,VALID,VISIBLE,NO,UNIQUE,Y,Y,N,N,,MEDIUM,Good candidate for equality or IN pre-filter.
W1_CREW_SHIFT_ACT_SCHED,CREW_SHIFT_ID,CHAR,W1T311P0,1,NORMAL,VALID,VISIBLE,NO,UNIQUE,Y,Y,N,N,,MEDIUM,Good candidate for equality or IN pre-filter.
W1_CREW_SHIFT_CHAR,CREW_SHIFT_ID,CHAR,W1T282P0,1,NORMAL,VALID,VISIBLE,NO,UNIQUE,Y,Y,N,N,,MEDIUM,Good candidate for equality or IN pre-filter.
W1_CREW_SHIFT_CHAR,SRCH_CHAR_VAL,VARCHAR2,W1T282S1,1,NORMAL,VALID,VISIBLE,NO,NONUNIQUE,Y,Y,N,N,,MEDIUM,Good candidate for equality or IN pre-filter.
W1_CREW_SHIFT_K,CREW_SHIFT_ID,CHAR,W1T285P0,1,IOT - TOP,VALID,VISIBLE,NO,UNIQUE,Y,Y,N,N,,MEDIUM,Good candidate for equality or IN pre-filter.
W1_CREW_SHIFT_LOG,CHAR_TYPE_CD,CHAR,W1T283S1,1,NORMAL,VALID,VISIBLE,NO,NONUNIQUE,Y,Y,N,N,,MEDIUM,Good candidate for equality or IN pre-filter.
W1_CREW_SHIFT_LOG,CHAR_TYPE_CD,CHAR,W1T283S2,1,NORMAL,VALID,VISIBLE,NO,NONUNIQUE,Y,Y,N,N,,MEDIUM,Good candidate for equality or IN pre-filter.
W1_CREW_SHIFT_LOG,CREW_SHIFT_ID,CHAR,W1T283P0,1,NORMAL,VALID,VISIBLE,NO,UNIQUE,Y,Y,N,N,,MEDIUM,Good candidate for equality or IN pre-filter.
W1_CREW_SHIFT_LOG_PARM,CREW_SHIFT_ID,CHAR,W1T284P0,1,NORMAL,VALID,VISIBLE,NO,UNIQUE,Y,Y,N,N,,MEDIUM,Good candidate for equality or IN pre-filter.
W1_CREW_SHIFT_MEMBER,CREW_SHIFT_ID,CHAR,W1T279P0,1,NORMAL,VALID,VISIBLE,NO,UNIQUE,Y,Y,N,N,,MEDIUM,Good candidate for equality or IN pre-filter.
W1_CREW_SHIFT_MEMBER,EMPLOYEE_ID,CHAR,W1T279S1,1,NORMAL,VALID,VISIBLE,NO,NONUNIQUE,Y,Y,N,N,,MEDIUM,Good candidate for equality or IN pre-filter.
W1_CREW_SHIFT_MEMBER,ROLE_FLG,CHAR,W1T279S2,1,NORMAL,VALID,VISIBLE,NO,NONUNIQUE,Y,Y,N,N,,MEDIUM,Good candidate for equality or IN pre-filter.
W1_CREW_SHIFT_SERVICE_AREA,CREW_SHIFT_ID,CHAR,W1T280P0,1,NORMAL,VALID,VISIBLE,NO,UNIQUE,Y,Y,N,N,,MEDIUM,Good candidate for equality or IN pre-filter.
W1_CREW_SHIFT_SERVICE_AREA,SERVICE_AREA_CD,VARCHAR2,W1T280S1,1,NORMAL,VALID,VISIBLE,NO,UNIQUE,Y,Y,N,N,,MEDIUM,Good candidate for equality or IN pre-filter.
W1_CREW_SHIFT_SERVICE_CLASS,CREW_SHIFT_ID,CHAR,W1T281P0,1,NORMAL,VALID,VISIBLE,NO,UNIQUE,Y,Y,N,N,,MEDIUM,Good candidate for equality or IN pre-filter.
W1_CREW_SHIFT_SERVICE_CLASS,SERVICE_CLASS_CD,VARCHAR2,W1T281S1,1,NORMAL,VALID,VISIBLE,NO,UNIQUE,Y,Y,N,N,,MEDIUM,Good candidate for equality or IN pre-filter.
W1_CREW_SHIFT_TYPE,CREW_SHIFT_TYPE_CD,VARCHAR2,W1C542P0,1,NORMAL,VALID,VISIBLE,NO,UNIQUE,Y,Y,N,N,,MEDIUM,Good candidate for equality or IN pre-filter.
W1_CREW_SHIFT_TYPE_CHAR,CREW_SHIFT_TYPE_CD,VARCHAR2,W1C544P0,1,NORMAL,VALID,VISIBLE,NO,UNIQUE,Y,Y,N,N,,MEDIUM,Good candidate for equality or IN pre-filter.
W1_CREW_SHIFT_TYPE_CHAR,SRCH_CHAR_VAL,VARCHAR2,W1C544S1,1,NORMAL,VALID,VISIBLE,NO,NONUNIQUE,Y,Y,N,N,,MEDIUM,Good candidate for equality or IN pre-filter.
W1_CREW_SHIFT_TYPE_L,CREW_SHIFT_TYPE_CD,VARCHAR2,W1C543P0,1,NORMAL,VALID,VISIBLE,NO,UNIQUE,Y,Y,N,N,,MEDIUM,Good candidate for equality or IN pre-filter.
W1_CREW_STR_ASSN,W1_CREW_ID,CHAR,W1M919P0,1,NORMAL,VALID,VISIBLE,NO,UNIQUE,Y,Y,N,N,,MEDIUM,Good candidate for equality or IN pre-filter.
W1_CREW_TYPE,CREW_TYPE_CD,VARCHAR2,W1C539P0,1,NORMAL,VALID,VISIBLE,NO,UNIQUE,Y,Y,N,N,,MEDIUM,Good candidate for equality or IN pre-filter.
W1_CREW_TYPE_CHAR,CREW_TYPE_CD,VARCHAR2,W1C541P0,1,NORMAL,VALID,VISIBLE,NO,UNIQUE,Y,Y,N,N,,MEDIUM,Good candidate for equality or IN pre-filter.
W1_CREW_TYPE_CHAR,SRCH_CHAR_VAL,VARCHAR2,W1C541S1,1,NORMAL,VALID,VISIBLE,NO,NONUNIQUE,Y,Y,N,N,,MEDIUM,Good candidate for equality or IN pre-filter.
W1_CREW_TYPE_L,CREW_TYPE_CD,VARCHAR2,W1C540P0,1,NORMAL,VALID,VISIBLE,NO,UNIQUE,Y,Y,N,N,,MEDIUM,Good candidate for equality or IN pre-filter.
W1_CREW_TYPE_RESRC_PROFILE,CREW_TYPE_CD,VARCHAR2,W1M779P0,1,NORMAL,VALID,VISIBLE,NO,UNIQUE,Y,Y,N,N,,MEDIUM,Good candidate for equality or IN pre-filter.
W1_CREW_VALID_MEMBER,W1_CREW_ID,CHAR,W1M817P0,1,NORMAL,VALID,VISIBLE,NO,UNIQUE,Y,Y,N,N,,MEDIUM,Good candidate for equality or IN pre-filter.
W1_CU,CU_ID,CHAR,W1M746P0,1,NORMAL,VALID,VISIBLE,NO,UNIQUE,Y,Y,N,N,,MEDIUM,Good candidate for equality or IN pre-filter.
W1_CU,CU_SET_CD,VARCHAR2,W1M746S1,1,NORMAL,VALID,VISIBLE,NO,NONUNIQUE,Y,Y,N,N,,MEDIUM,Good candidate for equality or IN pre-filter.
W1_CU,W1_DESCR100_UPR,VARCHAR2,W1M746S2,1,NORMAL,VALID,VISIBLE,NO,NONUNIQUE,Y,Y,N,N,,MEDIUM,Good candidate for equality or IN pre-filter.
W1_CU_CATEGORY,CU_CATEGORY_CD,VARCHAR2,W1C765P0,1,NORMAL,VALID,VISIBLE,NO,UNIQUE,Y,Y,N,N,,MEDIUM,Good candidate for equality or IN pre-filter.
W1_CU_CATEGORY_CHAR,CU_CATEGORY_CD,VARCHAR2,W1C767P0,1,NORMAL,VALID,VISIBLE,NO,UNIQUE,Y,Y,N,N,,MEDIUM,Good candidate for equality or IN pre-filter.
W1_CU_CATEGORY_CHAR,SRCH_CHAR_VAL,VARCHAR2,W1C767S1,1,NORMAL,VALID,VISIBLE,NO,NONUNIQUE,Y,Y,N,N,,MEDIUM,Good candidate for equality or IN pre-filter.
W1_CU_CATEGORY_L,CU_CATEGORY_CD,VARCHAR2,W1C766P0,1,NORMAL,VALID,VISIBLE,NO,UNIQUE,Y,Y,N,N,,MEDIUM,Good candidate for equality or IN pre-filter.
W1_CU_CHAR,CU_ID,CHAR,W1M747P0,1,NORMAL,VALID,VISIBLE,NO,UNIQUE,Y,Y,N,N,,MEDIUM,Good candidate for equality or IN pre-filter.
W1_CU_CHAR,SRCH_CHAR_VAL,VARCHAR2,W1M747S1,1,NORMAL,VALID,VISIBLE,NO,NONUNIQUE,Y,Y,N,N,,MEDIUM,Good candidate for equality or IN pre-filter.
W1_CU_CNTRCTR_BID,CU_CNTRCTR_BID_ID,CHAR,W1M771P0,1,NORMAL,VALID,VISIBLE,NO,UNIQUE,Y,Y,N,N,,MEDIUM,Good candidate for equality or IN pre-filter.
W1_CU_CNTRCTR_BID_CHAR,CU_CNTRCTR_BID_ID,CHAR,W1M772P0,1,NORMAL,VALID,VISIBLE,NO,UNIQUE,Y,Y,N,N,,MEDIUM,Good candidate for equality or IN pre-filter.
W1_CU_CNTRCTR_BID_CHAR,SRCH_CHAR_VAL,VARCHAR2,W1M772S1,1,NORMAL,VALID,VISIBLE,NO,NONUNIQUE,Y,Y,N,N,,MEDIUM,Good candidate for equality or IN pre-filter.
W1_CU_CNTRCTR_BID_DOCUMENT,CU_CNTRCTR_BID_ID,CHAR,W1M776P0,1,NORMAL,VALID,VISIBLE,NO,UNIQUE,Y,Y,N,N,,MEDIUM,Good candidate for equality or IN pre-filter.
W1_CU_CNTRCTR_BID_IDENTIFIER,CU_CNTRCTR_BID_ID,CHAR,W1M773P0,1,NORMAL,VALID,VISIBLE,NO,UNIQUE,Y,Y,N,N,,MEDIUM,Good candidate for equality or IN pre-filter.
W1_CU_CNTRCTR_BID_IDENTIFIER,CU_CNTRCTR_BID_ID_TYPE_FLG,CHAR,W1M773S1,1,NORMAL,VALID,VISIBLE,NO,NONUNIQUE,Y,Y,N,N,,MEDIUM,Good candidate for equality or IN pre-filter.
W1_CU_CNTRCTR_BID_K,CU_CNTRCTR_BID_ID,CHAR,W1M778P0,1,IOT - TOP,VALID,VISIBLE,NO,UNIQUE,Y,Y,N,N,,MEDIUM,Good candidate for equality or IN pre-filter.
W1_CU_CNTRCTR_BID_LOG,CHAR_TYPE_CD,CHAR,W1M774S1,1,NORMAL,VALID,VISIBLE,NO,NONUNIQUE,Y,Y,N,N,,MEDIUM,Good candidate for equality or IN pre-filter.
W1_CU_CNTRCTR_BID_LOG,CHAR_TYPE_CD,CHAR,W1M774S2,1,NORMAL,VALID,VISIBLE,NO,NONUNIQUE,Y,Y,N,N,,MEDIUM,Good candidate for equality or IN pre-filter.
W1_CU_CNTRCTR_BID_LOG,CU_CNTRCTR_BID_ID,CHAR,W1M774P0,1,NORMAL,VALID,VISIBLE,NO,UNIQUE,Y,Y,N,N,,MEDIUM,Good candidate for equality or IN pre-filter.
W1_CU_CNTRCTR_BID_LOG_PARM,CU_CNTRCTR_BID_ID,CHAR,W1M775P0,1,NORMAL,VALID,VISIBLE,NO,UNIQUE,Y,Y,N,N,,MEDIUM,Good candidate for equality or IN pre-filter.
W1_CU_CNTRCTR_BID_NOTE,CU_CNTRCTR_BID_ID,CHAR,W1M777P0,1,NORMAL,VALID,VISIBLE,NO,UNIQUE,Y,Y,N,N,,MEDIUM,Good candidate for equality or IN pre-filter.
W1_CU_COST_CENTER,CU_ID,CHAR,W1M755P0,1,NORMAL,VALID,VISIBLE,NO,UNIQUE,Y,Y,N,N,,MEDIUM,Good candidate for equality or IN pre-filter.
W1_CU_DOCUMENT,CU_ID,CHAR,W1M751P0,1,NORMAL,VALID,VISIBLE,NO,UNIQUE,Y,Y,N,N,,MEDIUM,Good candidate for equality or IN pre-filter.
W1_CU_IDENTIFIER,CU_ID,CHAR,W1M748P0,1,NORMAL,VALID,VISIBLE,NO,UNIQUE,Y,Y,N,N,,MEDIUM,Good candidate for equality or IN pre-filter.
W1_CU_IDENTIFIER,CU_ID_TYPE_FLG,CHAR,W1M748S1,1,NORMAL,VALID,VISIBLE,NO,NONUNIQUE,Y,Y,N,N,,MEDIUM,Good candidate for equality or IN pre-filter.
W1_CU_K,CU_ID,CHAR,W1M756P0,1,IOT - TOP,VALID,VISIBLE,NO,UNIQUE,Y,Y,N,N,,MEDIUM,Good candidate for equality or IN pre-filter.
W1_CU_LOG,CHAR_TYPE_CD,CHAR,W1M749S1,1,NORMAL,VALID,VISIBLE,NO,NONUNIQUE,Y,Y,N,N,,MEDIUM,Good candidate for equality or IN pre-filter.
W1_CU_LOG,CHAR_TYPE_CD,CHAR,W1M749S2,1,NORMAL,VALID,VISIBLE,NO,NONUNIQUE,Y,Y,N,N,,MEDIUM,Good candidate for equality or IN pre-filter.
W1_CU_LOG,CU_ID,CHAR,W1M749P0,1,NORMAL,VALID,VISIBLE,NO,UNIQUE,Y,Y,N,N,,MEDIUM,Good candidate for equality or IN pre-filter.
W1_CU_LOG_PARM,CU_ID,CHAR,W1M750P0,1,NORMAL,VALID,VISIBLE,NO,UNIQUE,Y,Y,N,N,,MEDIUM,Good candidate for equality or IN pre-filter.
W1_CU_NOTE,CU_ID,CHAR,W1M752P0,1,NORMAL,VALID,VISIBLE,NO,UNIQUE,Y,Y,N,N,,MEDIUM,Good candidate for equality or IN pre-filter.
W1_CU_REF_CU,CU_ID,CHAR,W1M754P0,1,NORMAL,VALID,VISIBLE,NO,UNIQUE,Y,Y,N,N,,MEDIUM,Good candidate for equality or IN pre-filter.
W1_CU_RESRC_TYPE,CU_ID,CHAR,W1M753P0,1,NORMAL,VALID,VISIBLE,NO,UNIQUE,Y,Y,N,N,,MEDIUM,Good candidate for equality or IN pre-filter.
W1_CU_SET,CU_SET_CD,VARCHAR2,W1C757P0,1,NORMAL,VALID,VISIBLE,NO,UNIQUE,Y,Y,N,N,,MEDIUM,Good candidate for equality or IN pre-filter.
W1_CU_SET_CHAR,CU_SET_CD,VARCHAR2,W1C758P0,1,NORMAL,VALID,VISIBLE,NO,UNIQUE,Y,Y,N,N,,MEDIUM,Good candidate for equality or IN pre-filter.
W1_CU_SET_CHAR,SRCH_CHAR_VAL,VARCHAR2,W1C758S1,1,NORMAL,VALID,VISIBLE,NO,NONUNIQUE,Y,Y,N,N,,MEDIUM,Good candidate for equality or IN pre-filter.
W1_CU_SET_DOCUMENT,CU_SET_CD,VARCHAR2,W1C762P0,1,NORMAL,VALID,VISIBLE,NO,UNIQUE,Y,Y,N,N,,MEDIUM,Good candidate for equality or IN pre-filter.
W1_CU_SET_IDENTIFIER,CU_SET_CD,VARCHAR2,W1C759P0,1,NORMAL,VALID,VISIBLE,NO,UNIQUE,Y,Y,N,N,,MEDIUM,Good candidate for equality or IN pre-filter.
W1_CU_SET_IDENTIFIER,CU_SET_ID_TYPE_FLG,CHAR,W1C759S1,1,NORMAL,VALID,VISIBLE,NO,NONUNIQUE,Y,Y,N,N,,MEDIUM,Good candidate for equality or IN pre-filter.
W1_CU_SET_L,CU_SET_CD,VARCHAR2,W1C764P0,1,NORMAL,VALID,VISIBLE,NO,UNIQUE,Y,Y,N,N,,MEDIUM,Good candidate for equality or IN pre-filter.
W1_CU_SET_LOG,CHAR_TYPE_CD,CHAR,W1C760S1,1,NORMAL,VALID,VISIBLE,NO,NONUNIQUE,Y,Y,N,N,,MEDIUM,Good candidate for equality or IN pre-filter.
W1_CU_SET_LOG,CHAR_TYPE_CD,CHAR,W1C760S2,1,NORMAL,VALID,VISIBLE,NO,NONUNIQUE,Y,Y,N,N,,MEDIUM,Good candidate for equality or IN pre-filter.
W1_CU_SET_LOG,CU_SET_CD,VARCHAR2,W1C760P0,1,NORMAL,VALID,VISIBLE,NO,UNIQUE,Y,Y,N,N,,MEDIUM,Good candidate for equality or IN pre-filter.
W1_CU_SET_LOG_PARM,CU_SET_CD,VARCHAR2,W1C761P0,1,NORMAL,VALID,VISIBLE,NO,UNIQUE,Y,Y,N,N,,MEDIUM,Good candidate for equality or IN pre-filter.
W1_CU_SET_NOTE,CU_SET_CD,VARCHAR2,W1M763P0,1,NORMAL,VALID,VISIBLE,NO,UNIQUE,Y,Y,N,N,,MEDIUM,Good candidate for equality or IN pre-filter.
W1_CU_USAGE,CU_USAGE_CD,VARCHAR2,W1C807P0,1,NORMAL,VALID,VISIBLE,NO,UNIQUE,Y,Y,N,N,,MEDIUM,Good candidate for equality or IN pre-filter.
W1_CU_USAGE_CHAR,CU_USAGE_CD,VARCHAR2,W1C809P0,1,NORMAL,VALID,VISIBLE,NO,UNIQUE,Y,Y,N,N,,MEDIUM,Good candidate for equality or IN pre-filter.
W1_CU_USAGE_CHAR,SRCH_CHAR_VAL,VARCHAR2,W1C809S1,1,NORMAL,VALID,VISIBLE,NO,NONUNIQUE,Y,Y,N,N,,MEDIUM,Good candidate for equality or IN pre-filter.
W1_CU_USAGE_COST_CENTER,CU_USAGE_CD,VARCHAR2,W1C810P0,1,NORMAL,VALID,VISIBLE,NO,UNIQUE,Y,Y,N,N,,MEDIUM,Good candidate for equality or IN pre-filter.
W1_CU_USAGE_L,CU_USAGE_CD,VARCHAR2,W1C808P0,1,NORMAL,VALID,VISIBLE,NO,UNIQUE,Y,Y,N,N,,MEDIUM,Good candidate for equality or IN pre-filter.
W1_DESIGN_ELEMENT,DESIGN_ELEMENT_ID,CHAR,W1T796P0,1,NORMAL,VALID,VISIBLE,NO,UNIQUE,Y,Y,N,N,,MEDIUM,Good candidate for equality or IN pre-filter.
W1_DESIGN_ELEMENT,W1_DESCR100_UPR,VARCHAR2,W1T796S1,1,NORMAL,VALID,VISIBLE,NO,NONUNIQUE,Y,Y,N,N,,MEDIUM,Good candidate for equality or IN pre-filter.
W1_DESIGN_ELEMENT_CHAR,DESIGN_ELEMENT_ID,CHAR,W1M799P0,1,NORMAL,VALID,VISIBLE,NO,UNIQUE,Y,Y,N,N,,MEDIUM,Good candidate for equality or IN pre-filter.
W1_DESIGN_ELEMENT_CU,DESIGN_ELEMENT_ID,CHAR,W1T798P0,1,NORMAL,VALID,VISIBLE,NO,UNIQUE,Y,Y,N,N,,MEDIUM,Good candidate for equality or IN pre-filter.
W1_DESIGN_ELEMENT_DOCUMENT,DESIGN_ELEMENT_ID,CHAR,W1M803P0,1,NORMAL,VALID,VISIBLE,NO,UNIQUE,Y,Y,N,N,,MEDIUM,Good candidate for equality or IN pre-filter.
W1_DESIGN_ELEMENT_IDENTIFIER,DESIGN_ELEMENT_ID,CHAR,W1M800P0,1,NORMAL,VALID,VISIBLE,NO,UNIQUE,Y,Y,N,N,,MEDIUM,Good candidate for equality or IN pre-filter.
W1_DESIGN_ELEMENT_ITEMS,DESIGN_ELEMENT_ID,CHAR,W1T797P0,1,NORMAL,VALID,VISIBLE,NO,UNIQUE,Y,Y,N,N,,MEDIUM,Good candidate for equality or IN pre-filter.
W1_DESIGN_ELEMENT_K,DESIGN_ELEMENT_ID,CHAR,W1T806P0,1,IOT - TOP,VALID,VISIBLE,NO,UNIQUE,Y,Y,N,N,,MEDIUM,Good candidate for equality or IN pre-filter.
W1_DESIGN_ELEMENT_LOG,DESIGN_ELEMENT_ID,CHAR,W1M801P0,1,NORMAL,VALID,VISIBLE,NO,UNIQUE,Y,Y,N,N,,MEDIUM,Good candidate for equality or IN pre-filter.
W1_DESIGN_ELEMENT_LOG_PARM,DESIGN_ELEMENT_ID,CHAR,W1M802P0,1,NORMAL,VALID,VISIBLE,NO,UNIQUE,Y,Y,N,N,,MEDIUM,Good candidate for equality or IN pre-filter.
W1_DESIGN_ELEMENT_NOTE,DESIGN_ELEMENT_ID,CHAR,W1M804P0,1,NORMAL,VALID,VISIBLE,NO,UNIQUE,Y,Y,N,N,,MEDIUM,Good candidate for equality or IN pre-filter.
W1_DIST_CODE,DISTRIBUTION_CD,VARCHAR2,W1C615P0,1,NORMAL,VALID,VISIBLE,NO,UNIQUE,Y,Y,N,N,,MEDIUM,Good candidate for equality or IN pre-filter.
W1_DIST_CODE_CHAR,DISTRIBUTION_CD,VARCHAR2,W1C617P0,1,NORMAL,VALID,VISIBLE,NO,UNIQUE,Y,Y,N,N,,MEDIUM,Good candidate for equality or IN pre-filter.
W1_DIST_CODE_CHAR,SRCH_CHAR_VAL,VARCHAR2,W1C617S1,1,NORMAL,VALID,VISIBLE,NO,NONUNIQUE,Y,Y,N,N,,MEDIUM,Good candidate for equality or IN pre-filter.
W1_DIST_CODE_GL_DETAIL,DISTRIBUTION_CD,VARCHAR2,W1C618P0,1,NORMAL,VALID,VISIBLE,NO,UNIQUE,Y,Y,N,N,,MEDIUM,Good candidate for equality or IN pre-filter.
W1_DIST_CODE_L,DISTRIBUTION_CD,VARCHAR2,W1C616P0,1,NORMAL,VALID,VISIBLE,NO,UNIQUE,Y,Y,N,N,,MEDIUM,Good candidate for equality or IN pre-filter.
W1_DOCUMENT,BUS_OBJ_CD,CHAR,W1M577S1,1,NORMAL,VALID,VISIBLE,NO,UNIQUE,Y,Y,N,N,,MEDIUM,Good candidate for equality or IN pre-filter.
W1_DOCUMENT,DOCUMENT_ID,CHAR,W1M577P0,1,NORMAL,VALID,VISIBLE,NO,UNIQUE,Y,Y,N,N,,MEDIUM,Good candidate for equality or IN pre-filter.
W1_DOCUMENT_CHAR,DOCUMENT_ID,CHAR,W1M579P0,1,NORMAL,VALID,VISIBLE,NO,UNIQUE,Y,Y,N,N,,MEDIUM,Good candidate for equality or IN pre-filter.
W1_DOCUMENT_CHAR,SRCH_CHAR_VAL,VARCHAR2,W1M579S1,1,NORMAL,VALID,VISIBLE,NO,NONUNIQUE,Y,Y,N,N,,MEDIUM,Good candidate for equality or IN pre-filter.
W1_DOCUMENT_IDENTIFIER,DOCUMENT_ID,CHAR,W1M580P0,1,NORMAL,VALID,VISIBLE,NO,UNIQUE,Y,Y,N,N,,MEDIUM,Good candidate for equality or IN pre-filter.
W1_DOCUMENT_IDENTIFIER,SYS_NC00005$,,W1M580S2,1,FUNCTION-BASED NORMAL,VALID,VISIBLE,NO,NONUNIQUE,Y,Y,N,N,,MEDIUM,Good candidate for equality or IN pre-filter.
W1_DOCUMENT_IDENTIFIER,W1_ID_VALUE,VARCHAR2,W1M580S1,1,NORMAL,VALID,VISIBLE,NO,NONUNIQUE,Y,Y,N,N,,MEDIUM,Good candidate for equality or IN pre-filter.
W1_DOCUMENT_K,DOCUMENT_ID,CHAR,W1M578P0,1,IOT - TOP,VALID,VISIBLE,NO,UNIQUE,Y,Y,N,N,,MEDIUM,Good candidate for equality or IN pre-filter.
W1_DOCUMENT_LOG,DOCUMENT_ID,CHAR,W1M581P0,1,NORMAL,VALID,VISIBLE,NO,UNIQUE,Y,Y,N,N,,MEDIUM,Good candidate for equality or IN pre-filter.
W1_DOCUMENT_LOG_PARM,DOCUMENT_ID,CHAR,W1M582P0,1,NORMAL,VALID,VISIBLE,NO,UNIQUE,Y,Y,N,N,,MEDIUM,Good candidate for equality or IN pre-filter.
W1_DOCUMENT_TYPE,DOCUMENT_TYPE_CD,VARCHAR2,W1C606P0,1,NORMAL,VALID,VISIBLE,NO,UNIQUE,Y,Y,N,N,,MEDIUM,Good candidate for equality or IN pre-filter.
W1_DOCUMENT_TYPE_CHAR,DOCUMENT_TYPE_CD,VARCHAR2,W1C608P0,1,NORMAL,VALID,VISIBLE,NO,UNIQUE,Y,Y,N,N,,MEDIUM,Good candidate for equality or IN pre-filter.
W1_DOCUMENT_TYPE_CHAR,SRCH_CHAR_VAL,VARCHAR2,W1C608S1,1,NORMAL,VALID,VISIBLE,NO,NONUNIQUE,Y,Y,N,N,,MEDIUM,Good candidate for equality or IN pre-filter.
W1_DOCUMENT_TYPE_L,DOCUMENT_TYPE_CD,VARCHAR2,W1C607P0,1,NORMAL,VALID,VISIBLE,NO,UNIQUE,Y,Y,N,N,,MEDIUM,Good candidate for equality or IN pre-filter.
W1_EMPLOYEE,BUS_OBJ_CD,CHAR,W1M500S2,1,NORMAL,VALID,VISIBLE,NO,UNIQUE,Y,Y,N,N,,MEDIUM,Good candidate for equality or IN pre-filter.
W1_EMPLOYEE,EMPLOYEE_ID,CHAR,W1M500P0,1,NORMAL,VALID,VISIBLE,NO,UNIQUE,Y,Y,N,N,,MEDIUM,Good candidate for equality or IN pre-filter.
W1_EMPLOYEE,EMPLOYEE_ID,CHAR,W1M500S1,1,NORMAL,VALID,VISIBLE,NO,UNIQUE,Y,Y,N,N,,MEDIUM,Good candidate for equality or IN pre-filter.
W1_EMPLOYEE,RESRC_TYPE_ID,CHAR,W1M500S4,1,NORMAL,VALID,VISIBLE,NO,NONUNIQUE,Y,Y,N,N,,MEDIUM,Good candidate for equality or IN pre-filter.
W1_EMPLOYEE,W1_LAST_NAME_UPR,VARCHAR2,W1M500S3,1,NORMAL,VALID,VISIBLE,NO,NONUNIQUE,Y,Y,N,N,,MEDIUM,Good candidate for equality or IN pre-filter.
W1_EMPLOYEE_BILLABLE_RATE,EMPLOYEE_ID,CHAR,W1M503P0,1,NORMAL,VALID,VISIBLE,NO,UNIQUE,Y,Y,N,N,,MEDIUM,Good candidate for equality or IN pre-filter.
W1_EMPLOYEE_CHAR,EMPLOYEE_ID,CHAR,W1M506P0,1,NORMAL,VALID,VISIBLE,NO,UNIQUE,Y,Y,N,N,,MEDIUM,Good candidate for equality or IN pre-filter.
W1_EMPLOYEE_CHAR,SRCH_CHAR_VAL,VARCHAR2,W1M506S1,1,NORMAL,VALID,VISIBLE,NO,NONUNIQUE,Y,Y,N,N,,MEDIUM,Good candidate for equality or IN pre-filter.
W1_EMPLOYEE_IDENTIFIER,EMPLOYEE_ID,CHAR,W1M505P0,1,NORMAL,VALID,VISIBLE,NO,UNIQUE,Y,Y,N,N,,MEDIUM,Good candidate for equality or IN pre-filter.
W1_EMPLOYEE_IDENTIFIER,SYS_NC00005$,,W1M505S1,1,FUNCTION-BASED NORMAL,VALID,VISIBLE,NO,NONUNIQUE,Y,Y,N,N,,MEDIUM,Good candidate for equality or IN pre-filter.
W1_EMPLOYEE_IDENTIFIER,W1_ID_VALUE,VARCHAR2,W1M505S0,1,NORMAL,VALID,VISIBLE,NO,NONUNIQUE,Y,Y,N,N,,MEDIUM,Good candidate for equality or IN pre-filter.
W1_EMPLOYEE_K,EMPLOYEE_ID,CHAR,W1M509P0,1,IOT - TOP,VALID,VISIBLE,NO,UNIQUE,Y,Y,N,N,,MEDIUM,Good candidate for equality or IN pre-filter.
W1_EMPLOYEE_LOG,CHAR_TYPE_CD,CHAR,W1M507S1,1,NORMAL,VALID,VISIBLE,NO,NONUNIQUE,Y,Y,N,N,,MEDIUM,Good candidate for equality or IN pre-filter.
W1_EMPLOYEE_LOG,CHAR_TYPE_CD,CHAR,W1M507S2,1,NORMAL,VALID,VISIBLE,NO,NONUNIQUE,Y,Y,N,N,,MEDIUM,Good candidate for equality or IN pre-filter.
W1_EMPLOYEE_LOG,EMPLOYEE_ID,CHAR,W1M507P0,1,NORMAL,VALID,VISIBLE,NO,UNIQUE,Y,Y,N,N,,MEDIUM,Good candidate for equality or IN pre-filter.
W1_EMPLOYEE_LOG_PARM,EMPLOYEE_ID,CHAR,W1M508P0,1,NORMAL,VALID,VISIBLE,NO,UNIQUE,Y,Y,N,N,,MEDIUM,Good candidate for equality or IN pre-filter.
W1_EMPLOYEE_PHONE,EMPLOYEE_ID,CHAR,W1M504P0,1,NORMAL,VALID,VISIBLE,NO,UNIQUE,Y,Y,N,N,,MEDIUM,Good candidate for equality or IN pre-filter.
W1_EMPLOYEE_PHONE,EMPLOYEE_ID,CHAR,W1M504S1,1,NORMAL,VALID,VISIBLE,NO,UNIQUE,Y,Y,N,N,,MEDIUM,Good candidate for equality or IN pre-filter.
W1_EMPLOYEE_TRAINING,EMPLOYEE_ID,CHAR,W1M502P0,1,NORMAL,VALID,VISIBLE,NO,UNIQUE,Y,Y,N,N,,MEDIUM,Good candidate for equality or IN pre-filter.
W1_EMPLOYEE_TYPE,EMPLOYEE_TYPE_CD,VARCHAR2,W1C526P0,1,NORMAL,VALID,VISIBLE,NO,UNIQUE,Y,Y,N,N,,MEDIUM,Good candidate for equality or IN pre-filter.
W1_EMPLOYEE_TYPE_CHAR,EMPLOYEE_TYPE_CD,VARCHAR2,W1C528P0,1,NORMAL,VALID,VISIBLE,NO,UNIQUE,Y,Y,N,N,,MEDIUM,Good candidate for equality or IN pre-filter.
W1_EMPLOYEE_TYPE_CHAR,SRCH_CHAR_VAL,VARCHAR2,W1C528S1,1,NORMAL,VALID,VISIBLE,NO,NONUNIQUE,Y,Y,N,N,,MEDIUM,Good candidate for equality or IN pre-filter.
W1_EMPLOYEE_TYPE_L,EMPLOYEE_TYPE_CD,VARCHAR2,W1C527P0,1,NORMAL,VALID,VISIBLE,NO,UNIQUE,Y,Y,N,N,,MEDIUM,Good candidate for equality or IN pre-filter.
W1_EMPLOYEE_WORK_AREA,EMPLOYEE_ID,CHAR,W1M501P0,1,NORMAL,VALID,VISIBLE,NO,UNIQUE,Y,Y,N,N,,MEDIUM,Good candidate for equality or IN pre-filter.
W1_EMP_AUTO_TIMESHEET,EMPLOYEE_ID,CHAR,W1M954P0,1,NORMAL,VALID,VISIBLE,NO,UNIQUE,Y,Y,N,N,,MEDIUM,Good candidate for equality or IN pre-filter.
W1_EQUIP_GROUP,EQUIP_GROUP_CD,VARCHAR2,W1C768P0,1,NORMAL,VALID,VISIBLE,NO,UNIQUE,Y,Y,N,N,,MEDIUM,Good candidate for equality or IN pre-filter.
W1_EQUIP_GROUP_CHAR,EQUIP_GROUP_CD,VARCHAR2,W1C770P0,1,NORMAL,VALID,VISIBLE,NO,UNIQUE,Y,Y,N,N,,MEDIUM,Good candidate for equality or IN pre-filter.
W1_EQUIP_GROUP_CHAR,SRCH_CHAR_VAL,VARCHAR2,W1C770S1,1,NORMAL,VALID,VISIBLE,NO,NONUNIQUE,Y,Y,N,N,,MEDIUM,Good candidate for equality or IN pre-filter.
W1_EQUIP_GROUP_L,EQUIP_GROUP_CD,VARCHAR2,W1C769P0,1,NORMAL,VALID,VISIBLE,NO,UNIQUE,Y,Y,N,N,,MEDIUM,Good candidate for equality or IN pre-filter.
W1_ERP_INTEGRATION,MAINT_OBJ_CD,CHAR,W1C689P0,1,NORMAL,VALID,VISIBLE,NO,UNIQUE,Y,Y,N,N,,MEDIUM,Good candidate for equality or IN pre-filter.
W1_ERP_INTEGRATION_CHAR,MAINT_OBJ_CD,CHAR,W1C690P0,1,NORMAL,VALID,VISIBLE,NO,UNIQUE,Y,Y,N,N,,MEDIUM,Good candidate for equality or IN pre-filter.
W1_ERP_INTEGRATION_CHAR,SRCH_CHAR_VAL,VARCHAR2,W1C690S1,1,NORMAL,VALID,VISIBLE,NO,NONUNIQUE,Y,Y,N,N,,MEDIUM,Good candidate for equality or IN pre-filter.
W1_ERP_INTEGRATION_LOG,CHAR_TYPE_CD,CHAR,W1T496S1,1,NORMAL,VALID,VISIBLE,NO,NONUNIQUE,Y,Y,N,N,,MEDIUM,Good candidate for equality or IN pre-filter.
W1_ERP_INTEGRATION_LOG,CHAR_TYPE_CD,CHAR,W1T496S2,1,NORMAL,VALID,VISIBLE,NO,NONUNIQUE,Y,Y,N,N,,MEDIUM,Good candidate for equality or IN pre-filter.
W1_ERP_INTEGRATION_LOG,MAINT_OBJ_CD,CHAR,W1T496P0,1,NORMAL,VALID,VISIBLE,NO,UNIQUE,Y,Y,N,N,,MEDIUM,Good candidate for equality or IN pre-filter.
W1_ERP_INTEGRATION_LOG_PARM,MAINT_OBJ_CD,CHAR,W1T497P0,1,NORMAL,VALID,VISIBLE,NO,UNIQUE,Y,Y,N,N,,MEDIUM,Good candidate for equality or IN pre-filter.
W1_EU,EU_END_DTTM,DATE,W1M511S4,1,NORMAL,VALID,VISIBLE,NO,NONUNIQUE,Y,Y,Y,N,,HIGH,Primary candidate for mandatory rolling window pre-filter.
W1_EU,EU_START_DTTM,DATE,W1M511S3,1,NORMAL,VALID,VISIBLE,NO,NONUNIQUE,Y,Y,Y,N,,HIGH,Primary candidate for mandatory rolling window pre-filter.
W1_EU,BUS_OBJ_CD,CHAR,W1M511S2,1,NORMAL,VALID,VISIBLE,NO,UNIQUE,Y,Y,N,N,,MEDIUM,Good candidate for equality or IN pre-filter.
W1_EU,EU_ID,CHAR,W1M511P0,1,NORMAL,VALID,VISIBLE,NO,UNIQUE,Y,Y,N,N,,MEDIUM,Good candidate for equality or IN pre-filter.
W1_EU,EU_ID,CHAR,W1M511S1,1,NORMAL,VALID,VISIBLE,NO,UNIQUE,Y,Y,N,N,,MEDIUM,Good candidate for equality or IN pre-filter.
W1_EU,W1_DESCR100_UPR,VARCHAR2,W1M511S5,1,NORMAL,VALID,VISIBLE,NO,NONUNIQUE,Y,Y,N,N,,MEDIUM,Good candidate for equality or IN pre-filter.
W1_EU_CHAR,EU_ID,CHAR,W1M514P0,1,NORMAL,VALID,VISIBLE,NO,UNIQUE,Y,Y,N,N,,MEDIUM,Good candidate for equality or IN pre-filter.
W1_EU_CHAR,SRCH_CHAR_VAL,VARCHAR2,W1M514S1,1,NORMAL,VALID,VISIBLE,NO,NONUNIQUE,Y,Y,N,N,,MEDIUM,Good candidate for equality or IN pre-filter.
W1_EU_EMPLOYEE,EU_ID,CHAR,W1M512P0,1,NORMAL,VALID,VISIBLE,NO,UNIQUE,Y,Y,N,N,,MEDIUM,Good candidate for equality or IN pre-filter.
W1_EU_IDENTIFIER,EU_ID,CHAR,W1M513P0,1,NORMAL,VALID,VISIBLE,NO,UNIQUE,Y,Y,N,N,,MEDIUM,Good candidate for equality or IN pre-filter.
W1_EU_IDENTIFIER,SYS_NC00005$,,W1M513S1,1,FUNCTION-BASED NORMAL,VALID,VISIBLE,NO,NONUNIQUE,Y,Y,N,N,,MEDIUM,Good candidate for equality or IN pre-filter.
W1_EU_IDENTIFIER,W1_ID_VALUE,VARCHAR2,W1M513S0,1,NORMAL,VALID,VISIBLE,NO,NONUNIQUE,Y,Y,N,N,,MEDIUM,Good candidate for equality or IN pre-filter.
W1_EU_K,EU_ID,CHAR,W1M517P0,1,IOT - TOP,VALID,VISIBLE,NO,UNIQUE,Y,Y,N,N,,MEDIUM,Good candidate for equality or IN pre-filter.
W1_EU_LOG,CHAR_TYPE_CD,CHAR,W1M515S1,1,NORMAL,VALID,VISIBLE,NO,NONUNIQUE,Y,Y,N,N,,MEDIUM,Good candidate for equality or IN pre-filter.
W1_EU_LOG,CHAR_TYPE_CD,CHAR,W1M515S2,1,NORMAL,VALID,VISIBLE,NO,NONUNIQUE,Y,Y,N,N,,MEDIUM,Good candidate for equality or IN pre-filter.
W1_EU_LOG,EU_ID,CHAR,W1M515P0,1,NORMAL,VALID,VISIBLE,NO,UNIQUE,Y,Y,N,N,,MEDIUM,Good candidate for equality or IN pre-filter.
W1_EU_LOG_PARM,EU_ID,CHAR,W1M516P0,1,NORMAL,VALID,VISIBLE,NO,UNIQUE,Y,Y,N,N,,MEDIUM,Good candidate for equality or IN pre-filter.
W1_EU_TIMESHEET,EU_ID,CHAR,W1M961P0,1,NORMAL,VALID,VISIBLE,NO,UNIQUE,Y,Y,N,N,,MEDIUM,Good candidate for equality or IN pre-filter.
W1_EU_TYPE,EU_TYPE_CD,VARCHAR2,W1C529P0,1,NORMAL,VALID,VISIBLE,NO,UNIQUE,Y,Y,N,N,,MEDIUM,Good candidate for equality or IN pre-filter.
W1_EU_TYPE_CHAR,EU_TYPE_CD,VARCHAR2,W1C531P0,1,NORMAL,VALID,VISIBLE,NO,UNIQUE,Y,Y,N,N,,MEDIUM,Good candidate for equality or IN pre-filter.
W1_EU_TYPE_CHAR,SRCH_CHAR_VAL,VARCHAR2,W1C531S1,1,NORMAL,VALID,VISIBLE,NO,NONUNIQUE,Y,Y,N,N,,MEDIUM,Good candidate for equality or IN pre-filter.
W1_EU_TYPE_L,EU_TYPE_CD,VARCHAR2,W1C530P0,1,NORMAL,VALID,VISIBLE,NO,UNIQUE,Y,Y,N,N,,MEDIUM,Good candidate for equality or IN pre-filter.
W1_EXPEDITE,EXPEDITE_ID,CHAR,W1T428P0,1,NORMAL,VALID,VISIBLE,NO,UNIQUE,Y,Y,N,N,,MEDIUM,Good candidate for equality or IN pre-filter.
W1_EXPEDITE_CHAR,EXPEDITE_ID,CHAR,W1T431P0,1,NORMAL,VALID,VISIBLE,NO,UNIQUE,Y,Y,N,N,,MEDIUM,Good candidate for equality or IN pre-filter.
W1_EXPEDITE_CHAR,SRCH_CHAR_VAL,VARCHAR2,W1T431S1,1,NORMAL,VALID,VISIBLE,NO,NONUNIQUE,Y,Y,N,N,,MEDIUM,Good candidate for equality or IN pre-filter.
W1_EXPEDITE_IDENTIFIER,EXPEDITE_ID,CHAR,W1T499P0,1,NORMAL,VALID,VISIBLE,NO,UNIQUE,Y,Y,N,N,,MEDIUM,Good candidate for equality or IN pre-filter.
W1_EXPEDITE_IDENTIFIER,SYS_NC00005$,,W1T499S1,1,FUNCTION-BASED NORMAL,VALID,VISIBLE,NO,NONUNIQUE,Y,Y,N,N,,MEDIUM,Good candidate for equality or IN pre-filter.
W1_EXPEDITE_IDENTIFIER,W1_ID_VALUE,VARCHAR2,W1T499S0,1,NORMAL,VALID,VISIBLE,NO,NONUNIQUE,Y,Y,N,N,,MEDIUM,Good candidate for equality or IN pre-filter.
W1_EXPEDITE_K,EXPEDITE_ID,CHAR,W1T429P0,1,IOT - TOP,VALID,VISIBLE,NO,UNIQUE,Y,Y,N,N,,MEDIUM,Good candidate for equality or IN pre-filter.
W1_EXPEDITE_LOG,CHAR_TYPE_CD,CHAR,W1T432S1,1,NORMAL,VALID,VISIBLE,NO,NONUNIQUE,Y,Y,N,N,,MEDIUM,Good candidate for equality or IN pre-filter.
W1_EXPEDITE_LOG,CHAR_TYPE_CD,CHAR,W1T432S2,1,NORMAL,VALID,VISIBLE,NO,NONUNIQUE,Y,Y,N,N,,MEDIUM,Good candidate for equality or IN pre-filter.
W1_EXPEDITE_LOG,EXPEDITE_ID,CHAR,W1T432P0,1,NORMAL,VALID,VISIBLE,NO,UNIQUE,Y,Y,N,N,,MEDIUM,Good candidate for equality or IN pre-filter.
W1_EXPEDITE_LOG_PARM,EXPEDITE_ID,CHAR,W1T433P0,1,NORMAL,VALID,VISIBLE,NO,UNIQUE,Y,Y,N,N,,MEDIUM,Good candidate for equality or IN pre-filter.
W1_EXPEDITE_PO_LINE,EXPEDITE_ID,CHAR,W1T430P0,1,NORMAL,VALID,VISIBLE,NO,UNIQUE,Y,Y,N,N,,MEDIUM,Good candidate for equality or IN pre-filter.
W1_EXPENSE_CD,EXPENSE_CD,VARCHAR2,W1C597P0,1,NORMAL,VALID,VISIBLE,NO,UNIQUE,Y,Y,N,N,,MEDIUM,Good candidate for equality or IN pre-filter.
W1_EXPENSE_CD_CHAR,EXPENSE_CD,VARCHAR2,W1C598P0,1,NORMAL,VALID,VISIBLE,NO,UNIQUE,Y,Y,N,N,,MEDIUM,Good candidate for equality or IN pre-filter.
W1_EXPENSE_CD_CHAR,SRCH_CHAR_VAL,VARCHAR2,W1C598S1,1,NORMAL,VALID,VISIBLE,NO,NONUNIQUE,Y,Y,N,N,,MEDIUM,Good candidate for equality or IN pre-filter.
W1_EXPENSE_CD_IDENTIFIER,EXPENSE_CD,VARCHAR2,W1M709P0,1,NORMAL,VALID,VISIBLE,NO,UNIQUE,Y,Y,N,N,,MEDIUM,Good candidate for equality or IN pre-filter.
W1_EXPENSE_CD_IDENTIFIER,SYS_NC00005$,,W1M709S2,1,FUNCTION-BASED NORMAL,VALID,VISIBLE,NO,NONUNIQUE,Y,Y,N,N,,MEDIUM,Good candidate for equality or IN pre-filter.
W1_EXPENSE_CD_IDENTIFIER,W1_ID_VAL,VARCHAR2,W1M709S1,1,NORMAL,VALID,VISIBLE,NO,NONUNIQUE,Y,Y,N,N,,MEDIUM,Good candidate for equality or IN pre-filter.
W1_EXPENSE_CD_L,EXPENSE_CD,VARCHAR2,W1C599P0,1,NORMAL,VALID,VISIBLE,NO,UNIQUE,Y,Y,N,N,,MEDIUM,Good candidate for equality or IN pre-filter.
W1_EXPENSE_CD_LOG,EXPENSE_CD,VARCHAR2,W1C613P0,1,NORMAL,VALID,VISIBLE,NO,UNIQUE,Y,Y,N,N,,MEDIUM,Good candidate for equality or IN pre-filter.
W1_EXPENSE_CD_LOG_PARM,EXPENSE_CD,VARCHAR2,W1C614P0,1,NORMAL,VALID,VISIBLE,NO,UNIQUE,Y,Y,N,N,,MEDIUM,Good candidate for equality or IN pre-filter.
W1_FACTOR,W1_FACTOR_CD,VARCHAR2,W1C570P0,1,NORMAL,VALID,VISIBLE,NO,UNIQUE,Y,Y,N,N,,MEDIUM,Good candidate for equality or IN pre-filter.
W1_FACTOR_CHAR,SRCH_CHAR_VAL,VARCHAR2,W1C573S1,1,NORMAL,VALID,VISIBLE,NO,NONUNIQUE,Y,Y,N,N,,MEDIUM,Good candidate for equality or IN pre-filter.
W1_FACTOR_CHAR,W1_FACTOR_CD,VARCHAR2,W1C573P0,1,NORMAL,VALID,VISIBLE,NO,UNIQUE,Y,Y,N,N,,MEDIUM,Good candidate for equality or IN pre-filter.
W1_FACTOR_CHAR_VAL,W1_FACTOR_CD,VARCHAR2,W1C572P0,1,NORMAL,VALID,VISIBLE,NO,UNIQUE,Y,Y,N,N,,MEDIUM,Good candidate for equality or IN pre-filter.
W1_FACTOR_L,W1_FACTOR_CD,VARCHAR2,W1C571P0,1,NORMAL,VALID,VISIBLE,NO,UNIQUE,Y,Y,N,N,,MEDIUM,Good candidate for equality or IN pre-filter.
W1_FACTOR_VAL,W1_FACTOR_CD,VARCHAR2,W1C574P0,1,NORMAL,VALID,VISIBLE,NO,UNIQUE,Y,Y,N,N,,MEDIUM,Good candidate for equality or IN pre-filter.
W1_FACTOR_VAL_CHAR,SRCH_CHAR_VAL,VARCHAR2,W1C575S1,1,NORMAL,VALID,VISIBLE,NO,NONUNIQUE,Y,Y,N,N,,MEDIUM,Good candidate for equality or IN pre-filter.
W1_FACTOR_VAL_CHAR,W1_FACTOR_CD,VARCHAR2,W1C575P0,1,NORMAL,VALID,VISIBLE,NO,UNIQUE,Y,Y,N,N,,MEDIUM,Good candidate for equality or IN pre-filter.
W1_FAILURE_COMP,FAILURE_COMP_CD,VARCHAR2,W1C665P0,1,NORMAL,VALID,VISIBLE,NO,UNIQUE,Y,Y,N,N,,MEDIUM,Good candidate for equality or IN pre-filter.
W1_FAILURE_COMP_CHAR,FAILURE_COMP_CD,VARCHAR2,W1C667P0,1,NORMAL,VALID,VISIBLE,NO,UNIQUE,Y,Y,N,N,,MEDIUM,Good candidate for equality or IN pre-filter.
W1_FAILURE_COMP_CHAR,SRCH_CHAR_VAL,VARCHAR2,W1C667S1,1,NORMAL,VALID,VISIBLE,NO,NONUNIQUE,Y,Y,N,N,,MEDIUM,Good candidate for equality or IN pre-filter.
W1_FAILURE_COMP_L,FAILURE_COMP_CD,VARCHAR2,W1C666P0,1,NORMAL,VALID,VISIBLE,NO,UNIQUE,Y,Y,N,N,,MEDIUM,Good candidate for equality or IN pre-filter.
W1_FAILURE_MODE,FAILURE_MODE_CD,VARCHAR2,W1C656P0,1,NORMAL,VALID,VISIBLE,NO,UNIQUE,Y,Y,N,N,,MEDIUM,Good candidate for equality or IN pre-filter.
W1_FAILURE_MODE_CHAR,FAILURE_MODE_CD,VARCHAR2,W1C658P0,1,NORMAL,VALID,VISIBLE,NO,UNIQUE,Y,Y,N,N,,MEDIUM,Good candidate for equality or IN pre-filter.
W1_FAILURE_MODE_CHAR,SRCH_CHAR_VAL,VARCHAR2,W1C658S1,1,NORMAL,VALID,VISIBLE,NO,NONUNIQUE,Y,Y,N,N,,MEDIUM,Good candidate for equality or IN pre-filter.
W1_FAILURE_MODE_L,FAILURE_MODE_CD,VARCHAR2,W1C657P0,1,NORMAL,VALID,VISIBLE,NO,UNIQUE,Y,Y,N,N,,MEDIUM,Good candidate for equality or IN pre-filter.
W1_FAILURE_PROF,FAILURE_PROFILE_CD,VARCHAR2,W1C668P0,1,NORMAL,VALID,VISIBLE,NO,UNIQUE,Y,Y,N,N,,MEDIUM,Good candidate for equality or IN pre-filter.
W1_FAILURE_PROF_CHAR,FAILURE_PROFILE_CD,VARCHAR2,W1C670P0,1,NORMAL,VALID,VISIBLE,NO,UNIQUE,Y,Y,N,N,,MEDIUM,Good candidate for equality or IN pre-filter.
W1_FAILURE_PROF_CHAR,SRCH_CHAR_VAL,VARCHAR2,W1C670S1,1,NORMAL,VALID,VISIBLE,NO,NONUNIQUE,Y,Y,N,N,,MEDIUM,Good candidate for equality or IN pre-filter.
W1_FAILURE_PROF_FAILURE_COMP,FAILURE_PROFILE_CD,VARCHAR2,W1C674P0,1,NORMAL,VALID,VISIBLE,NO,UNIQUE,Y,Y,N,N,,MEDIUM,Good candidate for equality or IN pre-filter.
W1_FAILURE_PROF_FAILURE_MODE,FAILURE_PROFILE_CD,VARCHAR2,W1C671P0,1,NORMAL,VALID,VISIBLE,NO,UNIQUE,Y,Y,N,N,,MEDIUM,Good candidate for equality or IN pre-filter.
W1_FAILURE_PROF_FAILURE_REPAIR,FAILURE_PROFILE_CD,VARCHAR2,W1C673P0,1,NORMAL,VALID,VISIBLE,NO,UNIQUE,Y,Y,N,N,,MEDIUM,Good candidate for equality or IN pre-filter.
W1_FAILURE_PROF_FAILURE_TYPE,FAILURE_PROFILE_CD,VARCHAR2,W1C672P0,1,NORMAL,VALID,VISIBLE,NO,UNIQUE,Y,Y,N,N,,MEDIUM,Good candidate for equality or IN pre-filter.
W1_FAILURE_PROF_L,FAILURE_PROFILE_CD,VARCHAR2,W1C669P0,1,NORMAL,VALID,VISIBLE,NO,UNIQUE,Y,Y,N,N,,MEDIUM,Good candidate for equality or IN pre-filter.
W1_FAILURE_REPAIR,FAILURE_REPAIR_CD,VARCHAR2,W1C662P0,1,NORMAL,VALID,VISIBLE,NO,UNIQUE,Y,Y,N,N,,MEDIUM,Good candidate for equality or IN pre-filter.
W1_FAILURE_REPAIR_CHAR,FAILURE_REPAIR_CD,VARCHAR2,W1C664P0,1,NORMAL,VALID,VISIBLE,NO,UNIQUE,Y,Y,N,N,,MEDIUM,Good candidate for equality or IN pre-filter.
W1_FAILURE_REPAIR_CHAR,SRCH_CHAR_VAL,VARCHAR2,W1C664S1,1,NORMAL,VALID,VISIBLE,NO,NONUNIQUE,Y,Y,N,N,,MEDIUM,Good candidate for equality or IN pre-filter.
W1_FAILURE_REPAIR_L,FAILURE_REPAIR_CD,VARCHAR2,W1C663P0,1,NORMAL,VALID,VISIBLE,NO,UNIQUE,Y,Y,N,N,,MEDIUM,Good candidate for equality or IN pre-filter.
W1_FAILURE_TYPE,FAILURE_TYPE_CD,VARCHAR2,W1C659P0,1,NORMAL,VALID,VISIBLE,NO,UNIQUE,Y,Y,N,N,,MEDIUM,Good candidate for equality or IN pre-filter.
W1_FAILURE_TYPE_CHAR,FAILURE_TYPE_CD,VARCHAR2,W1C661P0,1,NORMAL,VALID,VISIBLE,NO,UNIQUE,Y,Y,N,N,,MEDIUM,Good candidate for equality or IN pre-filter.
W1_FAILURE_TYPE_CHAR,SRCH_CHAR_VAL,VARCHAR2,W1C661S1,1,NORMAL,VALID,VISIBLE,NO,NONUNIQUE,Y,Y,N,N,,MEDIUM,Good candidate for equality or IN pre-filter.
W1_FAILURE_TYPE_L,FAILURE_TYPE_CD,VARCHAR2,W1C660P0,1,NORMAL,VALID,VISIBLE,NO,UNIQUE,Y,Y,N,N,,MEDIUM,Good candidate for equality or IN pre-filter.
W1_FOB,FOB_CD,VARCHAR2,W1C644P0,1,NORMAL,VALID,VISIBLE,NO,UNIQUE,Y,Y,N,N,,MEDIUM,Good candidate for equality or IN pre-filter.
W1_FOB_CHAR,FOB_CD,VARCHAR2,W1C646P0,1,NORMAL,VALID,VISIBLE,NO,UNIQUE,Y,Y,N,N,,MEDIUM,Good candidate for equality or IN pre-filter.
W1_FOB_CHAR,SRCH_CHAR_VAL,VARCHAR2,W1C646S1,1,NORMAL,VALID,VISIBLE,NO,NONUNIQUE,Y,Y,N,N,,MEDIUM,Good candidate for equality or IN pre-filter.
W1_FOB_L,FOB_CD,VARCHAR2,W1C645P0,1,NORMAL,VALID,VISIBLE,NO,UNIQUE,Y,Y,N,N,,MEDIUM,Good candidate for equality or IN pre-filter.
W1_FT,W1_FT_ID,CHAR,W1T312P0,1,NORMAL,VALID,VISIBLE,NO,UNIQUE,Y,Y,N,N,,MEDIUM,Good candidate for equality or IN pre-filter.
W1_FT_CHAR,SRCH_CHAR_VAL,VARCHAR2,W1T313S1,1,NORMAL,VALID,VISIBLE,NO,NONUNIQUE,Y,Y,N,N,,MEDIUM,Good candidate for equality or IN pre-filter.
W1_FT_CHAR,W1_FT_ID,CHAR,W1T313P0,1,NORMAL,VALID,VISIBLE,NO,UNIQUE,Y,Y,N,N,,MEDIUM,Good candidate for equality or IN pre-filter.
W1_FT_GL_DTL,W1_FT_ID,CHAR,W1T315P0,1,NORMAL,VALID,VISIBLE,NO,UNIQUE,Y,Y,N,N,,MEDIUM,Good candidate for equality or IN pre-filter.
W1_FT_K,W1_FT_ID,CHAR,W1T318P0,1,IOT - TOP,VALID,VISIBLE,NO,UNIQUE,Y,Y,N,N,,MEDIUM,Good candidate for equality or IN pre-filter.
W1_FT_LOG,W1_FT_ID,CHAR,W1T316P0,1,NORMAL,VALID,VISIBLE,NO,UNIQUE,Y,Y,N,N,,MEDIUM,Good candidate for equality or IN pre-filter.
W1_FT_LOG_PARM,W1_FT_ID,CHAR,W1T317P0,1,NORMAL,VALID,VISIBLE,NO,UNIQUE,Y,Y,N,N,,MEDIUM,Good candidate for equality or IN pre-filter.
W1_FT_PROCESS,W1_FT_ID,CHAR,W1T314P0,1,NORMAL,VALID,VISIBLE,NO,UNIQUE,Y,Y,N,N,,MEDIUM,Good candidate for equality or IN pre-filter.
W1_GIS_BATCH_DTLS,GIS_BATCH_JOB_ID,CHAR,W1T533P0,1,NORMAL,VALID,VISIBLE,NO,UNIQUE,Y,Y,N,N,,MEDIUM,Good candidate for equality or IN pre-filter.
W1_GIS_ID_DTLS,GUID,VARCHAR2,W1C698P0,1,NORMAL,VALID,VISIBLE,NO,UNIQUE,Y,Y,N,N,,MEDIUM,Good candidate for equality or IN pre-filter.
W1_INVOICE_GROUP,BUS_OBJ_CD,CHAR,W1T528S1,1,NORMAL,VALID,VISIBLE,NO,UNIQUE,Y,Y,N,N,,MEDIUM,Good candidate for equality or IN pre-filter.
W1_INVOICE_GROUP,INVOICE_GROUP_ID,CHAR,W1T528P0,1,NORMAL,VALID,VISIBLE,NO,UNIQUE,Y,Y,N,N,,MEDIUM,Good candidate for equality or IN pre-filter.
W1_INVOICE_GROUP_CHAR,INVOICE_GROUP_ID,CHAR,W1T530P0,1,NORMAL,VALID,VISIBLE,NO,UNIQUE,Y,Y,N,N,,MEDIUM,Good candidate for equality or IN pre-filter.
W1_INVOICE_GROUP_CHAR,SRCH_CHAR_VAL,VARCHAR2,W1T530S1,1,NORMAL,VALID,VISIBLE,NO,NONUNIQUE,Y,Y,N,N,,MEDIUM,Good candidate for equality or IN pre-filter.
W1_INVOICE_GROUP_IDENTIFIER,INVOICE_GROUP_ID,CHAR,W1T529P0,1,NORMAL,VALID,VISIBLE,NO,UNIQUE,Y,Y,N,N,,MEDIUM,Good candidate for equality or IN pre-filter.
W1_INVOICE_GROUP_IDENTIFIER,INVOICE_GROUP_ID_TYPE_FLG,CHAR,W1T529S1,1,NORMAL,VALID,VISIBLE,NO,UNIQUE,Y,Y,N,N,,MEDIUM,Good candidate for equality or IN pre-filter.
W1_INVOICE_GROUP_LOG,CHAR_TYPE_CD,CHAR,W1T531S1,1,NORMAL,VALID,VISIBLE,NO,NONUNIQUE,Y,Y,N,N,,MEDIUM,Good candidate for equality or IN pre-filter.
W1_INVOICE_GROUP_LOG,CHAR_TYPE_CD,CHAR,W1T531S2,1,NORMAL,VALID,VISIBLE,NO,NONUNIQUE,Y,Y,N,N,,MEDIUM,Good candidate for equality or IN pre-filter.
W1_INVOICE_GROUP_LOG,INVOICE_GROUP_ID,CHAR,W1T531P0,1,NORMAL,VALID,VISIBLE,NO,UNIQUE,Y,Y,N,N,,MEDIUM,Good candidate for equality or IN pre-filter.
W1_INVOICE_GROUP_LOG_PARM,INVOICE_GROUP_ID,CHAR,W1T532P0,1,NORMAL,VALID,VISIBLE,NO,UNIQUE,Y,Y,N,N,,MEDIUM,Good candidate for equality or IN pre-filter.
W1_INVOICE_HEADER,BUS_OBJ_CD,CHAR,W1T500S1,1,NORMAL,VALID,VISIBLE,NO,UNIQUE,Y,Y,N,N,,MEDIUM,Good candidate for equality or IN pre-filter.
W1_INVOICE_HEADER,INVOICE_HEADER_ID,CHAR,W1T500P0,1,NORMAL,VALID,VISIBLE,NO,UNIQUE,Y,Y,N,N,,MEDIUM,Good candidate for equality or IN pre-filter.
W1_INVOICE_HEADER,PO_HEADER_ID,CHAR,W1T500S2,1,NORMAL,VALID,VISIBLE,NO,UNIQUE,Y,Y,N,N,,MEDIUM,Good candidate for equality or IN pre-filter.
W1_INVOICE_HEADER_CHAR,INVOICE_HEADER_ID,CHAR,W1T502P0,1,NORMAL,VALID,VISIBLE,NO,UNIQUE,Y,Y,N,N,,MEDIUM,Good candidate for equality or IN pre-filter.
W1_INVOICE_HEADER_CHAR,SRCH_CHAR_VAL,VARCHAR2,W1T502S1,1,NORMAL,VALID,VISIBLE,NO,NONUNIQUE,Y,Y,N,N,,MEDIUM,Good candidate for equality or IN pre-filter.
W1_INVOICE_HEADER_COST_CENTER,INVOICE_HEADER_ID,CHAR,W1T508P0,1,NORMAL,VALID,VISIBLE,NO,UNIQUE,Y,Y,N,N,,MEDIUM,Good candidate for equality or IN pre-filter.
W1_INVOICE_HEADER_DOCUMENT,INVOICE_HEADER_ID,CHAR,W1T506P0,1,NORMAL,VALID,VISIBLE,NO,UNIQUE,Y,Y,N,N,,MEDIUM,Good candidate for equality or IN pre-filter.
W1_INVOICE_HEADER_IDENTIFIER,INVOICE_HEADER_ID,CHAR,W1T503P0,1,NORMAL,VALID,VISIBLE,NO,UNIQUE,Y,Y,N,N,,MEDIUM,Good candidate for equality or IN pre-filter.
W1_INVOICE_HEADER_IDENTIFIER,SYS_NC00005$,,W1T503S1,1,FUNCTION-BASED NORMAL,VALID,VISIBLE,NO,NONUNIQUE,Y,Y,N,N,,MEDIUM,Good candidate for equality or IN pre-filter.
W1_INVOICE_HEADER_IDENTIFIER,W1_ID_VALUE,VARCHAR2,W1T503S0,1,NORMAL,VALID,VISIBLE,NO,NONUNIQUE,Y,Y,N,N,,MEDIUM,Good candidate for equality or IN pre-filter.
W1_INVOICE_HEADER_K,INVOICE_HEADER_ID,CHAR,W1T501P0,1,IOT - TOP,VALID,VISIBLE,NO,UNIQUE,Y,Y,N,N,,MEDIUM,Good candidate for equality or IN pre-filter.
W1_INVOICE_HEADER_LOG,CHAR_TYPE_CD,CHAR,W1T504S1,1,NORMAL,VALID,VISIBLE,NO,NONUNIQUE,Y,Y,N,N,,MEDIUM,Good candidate for equality or IN pre-filter.
W1_INVOICE_HEADER_LOG,CHAR_TYPE_CD,CHAR,W1T504S2,1,NORMAL,VALID,VISIBLE,NO,NONUNIQUE,Y,Y,N,N,,MEDIUM,Good candidate for equality or IN pre-filter.
W1_INVOICE_HEADER_LOG,INVOICE_HEADER_ID,CHAR,W1T504P0,1,NORMAL,VALID,VISIBLE,NO,UNIQUE,Y,Y,N,N,,MEDIUM,Good candidate for equality or IN pre-filter.
W1_INVOICE_HEADER_LOG_PARM,INVOICE_HEADER_ID,CHAR,W1T505P0,1,NORMAL,VALID,VISIBLE,NO,UNIQUE,Y,Y,N,N,,MEDIUM,Good candidate for equality or IN pre-filter.
W1_INVOICE_HEADER_NOTE,INVOICE_HEADER_ID,CHAR,W1T507P0,1,NORMAL,VALID,VISIBLE,NO,UNIQUE,Y,Y,N,N,,MEDIUM,Good candidate for equality or IN pre-filter.
W1_INVOICE_LINE,CRE_DTTM,DATE,W1T509S5,1,NORMAL,VALID,VISIBLE,NO,NONUNIQUE,Y,Y,Y,N,,HIGH,Primary candidate for mandatory rolling window pre-filter.
W1_INVOICE_LINE,BUS_OBJ_CD,CHAR,W1T509S1,1,NORMAL,VALID,VISIBLE,NO,UNIQUE,Y,Y,N,N,,MEDIUM,Good candidate for equality or IN pre-filter.
W1_INVOICE_LINE,INVOICE_HEADER_ID,CHAR,W1T509S2,1,NORMAL,VALID,VISIBLE,NO,UNIQUE,Y,Y,N,N,,MEDIUM,Good candidate for equality or IN pre-filter.
W1_INVOICE_LINE,INVOICE_ITEM_TYPE_FLG,CHAR,W1T509S3,1,NORMAL,VALID,VISIBLE,NO,NONUNIQUE,Y,Y,N,N,,MEDIUM,Good candidate for equality or IN pre-filter.
W1_INVOICE_LINE,INVOICE_LINE_ID,CHAR,W1T509P0,1,NORMAL,VALID,VISIBLE,NO,UNIQUE,Y,Y,N,N,,MEDIUM,Good candidate for equality or IN pre-filter.
W1_INVOICE_LINE,PO_LINE_ID,CHAR,W1T509S4,1,NORMAL,VALID,VISIBLE,NO,UNIQUE,Y,Y,N,N,,MEDIUM,Good candidate for equality or IN pre-filter.
W1_INVOICE_LINE_CHAR,INVOICE_LINE_ID,CHAR,W1T511P0,1,NORMAL,VALID,VISIBLE,NO,UNIQUE,Y,Y,N,N,,MEDIUM,Good candidate for equality or IN pre-filter.
W1_INVOICE_LINE_CHAR,SRCH_CHAR_VAL,VARCHAR2,W1T511S1,1,NORMAL,VALID,VISIBLE,NO,NONUNIQUE,Y,Y,N,N,,MEDIUM,Good candidate for equality or IN pre-filter.
W1_INVOICE_LINE_COST_CENTER,INVOICE_LINE_ID,CHAR,W1T516P0,1,NORMAL,VALID,VISIBLE,NO,UNIQUE,Y,Y,N,N,,MEDIUM,Good candidate for equality or IN pre-filter.
W1_INVOICE_LINE_DOCUMENT,INVOICE_LINE_ID,CHAR,W1T514P0,1,NORMAL,VALID,VISIBLE,NO,UNIQUE,Y,Y,N,N,,MEDIUM,Good candidate for equality or IN pre-filter.
W1_INVOICE_LINE_IDENTIFIER,INVOICE_LINE_ID,CHAR,W1T527P0,1,NORMAL,VALID,VISIBLE,NO,UNIQUE,Y,Y,N,N,,MEDIUM,Good candidate for equality or IN pre-filter.
W1_INVOICE_LINE_IDENTIFIER,SYS_NC00005$,,W1T527S2,1,FUNCTION-BASED NORMAL,VALID,VISIBLE,NO,NONUNIQUE,Y,Y,N,N,,MEDIUM,Good candidate for equality or IN pre-filter.
W1_INVOICE_LINE_IDENTIFIER,W1_ID_VALUE,VARCHAR2,W1T527S1,1,NORMAL,VALID,VISIBLE,NO,NONUNIQUE,Y,Y,N,N,,MEDIUM,Good candidate for equality or IN pre-filter.
W1_INVOICE_LINE_K,INVOICE_LINE_ID,CHAR,W1T510P0,1,IOT - TOP,VALID,VISIBLE,NO,UNIQUE,Y,Y,N,N,,MEDIUM,Good candidate for equality or IN pre-filter.
W1_INVOICE_LINE_LOG,CHAR_TYPE_CD,CHAR,W1T512S1,1,NORMAL,VALID,VISIBLE,NO,NONUNIQUE,Y,Y,N,N,,MEDIUM,Good candidate for equality or IN pre-filter.
W1_INVOICE_LINE_LOG,CHAR_TYPE_CD,CHAR,W1T512S2,1,NORMAL,VALID,VISIBLE,NO,NONUNIQUE,Y,Y,N,N,,MEDIUM,Good candidate for equality or IN pre-filter.
W1_INVOICE_LINE_LOG,INVOICE_LINE_ID,CHAR,W1T512P0,1,NORMAL,VALID,VISIBLE,NO,UNIQUE,Y,Y,N,N,,MEDIUM,Good candidate for equality or IN pre-filter.
W1_INVOICE_LINE_LOG_PARM,INVOICE_LINE_ID,CHAR,W1T513P0,1,NORMAL,VALID,VISIBLE,NO,UNIQUE,Y,Y,N,N,,MEDIUM,Good candidate for equality or IN pre-filter.
W1_INVOICE_LINE_NOTE,INVOICE_LINE_ID,CHAR,W1T515P0,1,NORMAL,VALID,VISIBLE,NO,UNIQUE,Y,Y,N,N,,MEDIUM,Good candidate for equality or IN pre-filter.
W1_INVOICE_LINE_TAX_LINE,INVOICE_LINE_ID,CHAR,W1T517P0,1,NORMAL,VALID,VISIBLE,NO,UNIQUE,Y,Y,N,N,,MEDIUM,Good candidate for equality or IN pre-filter.
W1_INV_ADJ,CRE_DTTM,DATE,W1T490S2,1,NORMAL,VALID,VISIBLE,NO,NONUNIQUE,Y,Y,Y,N,,HIGH,Primary candidate for mandatory rolling window pre-filter.
W1_INV_ADJ,FINAL_DTTM,DATE,W1T490S3,1,NORMAL,VALID,VISIBLE,NO,NONUNIQUE,Y,Y,Y,N,,HIGH,Primary candidate for mandatory rolling window pre-filter.
W1_INV_ADJ,BUS_OBJ_CD,CHAR,W1T490S1,1,NORMAL,VALID,VISIBLE,NO,UNIQUE,Y,Y,N,N,,MEDIUM,Good candidate for equality or IN pre-filter.
W1_INV_ADJ,INV_ADJ_ID,CHAR,W1T490P0,1,NORMAL,VALID,VISIBLE,NO,UNIQUE,Y,Y,N,N,,MEDIUM,Good candidate for equality or IN pre-filter.
W1_INV_ADJ_ASSET,INV_ADJ_ID,CHAR,W1T524P0,1,NORMAL,VALID,VISIBLE,NO,UNIQUE,Y,Y,N,N,,MEDIUM,Good candidate for equality or IN pre-filter.
W1_INV_ADJ_CHAR,INV_ADJ_ID,CHAR,W1T492P0,1,NORMAL,VALID,VISIBLE,NO,UNIQUE,Y,Y,N,N,,MEDIUM,Good candidate for equality or IN pre-filter.
W1_INV_ADJ_CHAR,SRCH_CHAR_VAL,VARCHAR2,W1T492S1,1,NORMAL,VALID,VISIBLE,NO,NONUNIQUE,Y,Y,N,N,,MEDIUM,Good candidate for equality or IN pre-filter.
W1_INV_ADJ_K,INV_ADJ_ID,CHAR,W1T495P0,1,IOT - TOP,VALID,VISIBLE,NO,UNIQUE,Y,Y,N,N,,MEDIUM,Good candidate for equality or IN pre-filter.
W1_INV_ADJ_LOG,CHAR_TYPE_CD,CHAR,W1T493S1,1,NORMAL,VALID,VISIBLE,NO,NONUNIQUE,Y,Y,N,N,,MEDIUM,Good candidate for equality or IN pre-filter.
W1_INV_ADJ_LOG,CHAR_TYPE_CD,CHAR,W1T493S2,1,NORMAL,VALID,VISIBLE,NO,NONUNIQUE,Y,Y,N,N,,MEDIUM,Good candidate for equality or IN pre-filter.
W1_INV_ADJ_LOG,INV_ADJ_ID,CHAR,W1T493P0,1,NORMAL,VALID,VISIBLE,NO,UNIQUE,Y,Y,N,N,,MEDIUM,Good candidate for equality or IN pre-filter.
W1_INV_ADJ_LOG_PARM,INV_ADJ_ID,CHAR,W1T494P0,1,NORMAL,VALID,VISIBLE,NO,UNIQUE,Y,Y,N,N,,MEDIUM,Good candidate for equality or IN pre-filter.
W1_INV_ADJ_LOT,INV_ADJ_ID,CHAR,W1T491P0,1,NORMAL,VALID,VISIBLE,NO,UNIQUE,Y,Y,N,N,,MEDIUM,Good candidate for equality or IN pre-filter.
W1_LABOR_EARNING_TYPE,LABOR_EARNING_TYPE_CD,VARCHAR2,W1C622P0,1,NORMAL,VALID,VISIBLE,NO,UNIQUE,Y,Y,N,N,,MEDIUM,Good candidate for equality or IN pre-filter.
W1_LABOR_EARNING_TYPE_CHAR,LABOR_EARNING_TYPE_CD,VARCHAR2,W1C624P0,1,NORMAL,VALID,VISIBLE,NO,UNIQUE,Y,Y,N,N,,MEDIUM,Good candidate for equality or IN pre-filter.
W1_LABOR_EARNING_TYPE_CHAR,SRCH_CHAR_VAL,VARCHAR2,W1C624S1,1,NORMAL,VALID,VISIBLE,NO,NONUNIQUE,Y,Y,N,N,,MEDIUM,Good candidate for equality or IN pre-filter.
W1_LABOR_EARNING_TYPE_L,LABOR_EARNING_TYPE_CD,VARCHAR2,W1C623P0,1,NORMAL,VALID,VISIBLE,NO,UNIQUE,Y,Y,N,N,,MEDIUM,Good candidate for equality or IN pre-filter.
W1_MAINTMGR,MAINTMGR_CD,VARCHAR2,W1C694P0,1,NORMAL,VALID,VISIBLE,NO,UNIQUE,Y,Y,N,N,,MEDIUM,Good candidate for equality or IN pre-filter.
W1_MAINTMGR_CHAR,MAINTMGR_CD,VARCHAR2,W1C696P0,1,NORMAL,VALID,VISIBLE,NO,UNIQUE,Y,Y,N,N,,MEDIUM,Good candidate for equality or IN pre-filter.
W1_MAINTMGR_CHAR,SRCH_CHAR_VAL,VARCHAR2,W1C696S1,1,NORMAL,VALID,VISIBLE,NO,NONUNIQUE,Y,Y,N,N,,MEDIUM,Good candidate for equality or IN pre-filter.
W1_MAINTMGR_L,MAINTMGR_CD,VARCHAR2,W1C695P0,1,NORMAL,VALID,VISIBLE,NO,UNIQUE,Y,Y,N,N,,MEDIUM,Good candidate for equality or IN pre-filter.
W1_MAINT_EVENT,BUS_OBJ_CD,CHAR,W1M714S1,1,NORMAL,VALID,VISIBLE,NO,UNIQUE,Y,Y,N,N,,MEDIUM,Good candidate for equality or IN pre-filter.
W1_MAINT_EVENT,MAINT_EVENT_ID,CHAR,W1M714P0,1,NORMAL,VALID,VISIBLE,NO,UNIQUE,Y,Y,N,N,,MEDIUM,Good candidate for equality or IN pre-filter.
W1_MAINT_EVENT,W1_DESCR100_UPR,VARCHAR2,W1M714S2,1,NORMAL,VALID,VISIBLE,NO,NONUNIQUE,Y,Y,N,N,,MEDIUM,Good candidate for equality or IN pre-filter.
W1_MAINT_EVENT_CHAR,MAINT_EVENT_ID,CHAR,W1M715P0,1,NORMAL,VALID,VISIBLE,NO,UNIQUE,Y,Y,N,N,,MEDIUM,Good candidate for equality or IN pre-filter.
W1_MAINT_EVENT_CHAR,SRCH_CHAR_VAL,VARCHAR2,W1M715S1,1,NORMAL,VALID,VISIBLE,NO,NONUNIQUE,Y,Y,N,N,,MEDIUM,Good candidate for equality or IN pre-filter.
W1_MAINT_EVENT_IDENTIFIER,MAINT_EVENT_ID,CHAR,W1M716P0,1,NORMAL,VALID,VISIBLE,NO,UNIQUE,Y,Y,N,N,,MEDIUM,Good candidate for equality or IN pre-filter.
W1_MAINT_EVENT_IDENTIFIER,SYS_NC00005$,,W1M716S1,1,FUNCTION-BASED NORMAL,VALID,VISIBLE,NO,NONUNIQUE,Y,Y,N,N,,MEDIUM,Good candidate for equality or IN pre-filter.
W1_MAINT_EVENT_IDENTIFIER,W1_ID_VALUE,VARCHAR2,W1M716S0,1,NORMAL,VALID,VISIBLE,NO,NONUNIQUE,Y,Y,N,N,,MEDIUM,Good candidate for equality or IN pre-filter.
W1_MAINT_EVENT_K,MAINT_EVENT_ID,CHAR,W1M717P0,1,IOT - TOP,VALID,VISIBLE,NO,UNIQUE,Y,Y,N,N,,MEDIUM,Good candidate for equality or IN pre-filter.
W1_MAINT_EVENT_LOG,CHAR_TYPE_CD,CHAR,W1M718S1,1,NORMAL,VALID,VISIBLE,NO,NONUNIQUE,Y,Y,N,N,,MEDIUM,Good candidate for equality or IN pre-filter.
W1_MAINT_EVENT_LOG,CHAR_TYPE_CD,CHAR,W1M718S2,1,NORMAL,VALID,VISIBLE,NO,NONUNIQUE,Y,Y,N,N,,MEDIUM,Good candidate for equality or IN pre-filter.
W1_MAINT_EVENT_LOG,MAINT_EVENT_ID,CHAR,W1M718P0,1,NORMAL,VALID,VISIBLE,NO,UNIQUE,Y,Y,N,N,,MEDIUM,Good candidate for equality or IN pre-filter.
W1_MAINT_EVENT_LOG_PARM,MAINT_EVENT_ID,CHAR,W1M719P0,1,NORMAL,VALID,VISIBLE,NO,UNIQUE,Y,Y,N,N,,MEDIUM,Good candidate for equality or IN pre-filter.
W1_MAINT_EVENT_MAINT_PLAN,MAINT_EVENT_ID,CHAR,W1M720P0,1,NORMAL,VALID,VISIBLE,NO,UNIQUE,Y,Y,N,N,,MEDIUM,Good candidate for equality or IN pre-filter.
W1_MAINT_SCHEDULE,BUS_OBJ_CD,CHAR,W1M652S1,1,NORMAL,VALID,VISIBLE,NO,UNIQUE,Y,Y,N,N,,MEDIUM,Good candidate for equality or IN pre-filter.
W1_MAINT_SCHEDULE,MAINT_SCHED_ID,CHAR,W1M652P0,1,NORMAL,VALID,VISIBLE,NO,UNIQUE,Y,Y,N,N,,MEDIUM,Good candidate for equality or IN pre-filter.
W1_MAINT_SCHEDULE,W1_DESCR100_UPR,VARCHAR2,W1M652S2,1,NORMAL,VALID,VISIBLE,NO,NONUNIQUE,Y,Y,N,N,,MEDIUM,Good candidate for equality or IN pre-filter.
W1_MAINT_SCHEDULE_CHAR,MAINT_SCHED_ID,CHAR,W1M654P0,1,NORMAL,VALID,VISIBLE,NO,UNIQUE,Y,Y,N,N,,MEDIUM,Good candidate for equality or IN pre-filter.
W1_MAINT_SCHEDULE_CHAR,SRCH_CHAR_VAL,VARCHAR2,W1M654S1,1,NORMAL,VALID,VISIBLE,NO,NONUNIQUE,Y,Y,N,N,,MEDIUM,Good candidate for equality or IN pre-filter.
W1_MAINT_SCHEDULE_IDENTIFIER,MAINT_SCHED_ID,CHAR,W1M655P0,1,NORMAL,VALID,VISIBLE,NO,UNIQUE,Y,Y,N,N,,MEDIUM,Good candidate for equality or IN pre-filter.
W1_MAINT_SCHEDULE_IDENTIFIER,SYS_NC00005$,,W1M655S1,1,FUNCTION-BASED NORMAL,VALID,VISIBLE,NO,NONUNIQUE,Y,Y,N,N,,MEDIUM,Good candidate for equality or IN pre-filter.
W1_MAINT_SCHEDULE_IDENTIFIER,W1_ID_VALUE,VARCHAR2,W1M655S0,1,NORMAL,VALID,VISIBLE,NO,NONUNIQUE,Y,Y,N,N,,MEDIUM,Good candidate for equality or IN pre-filter.
W1_MAINT_SCHEDULE_K,MAINT_SCHED_ID,CHAR,W1M653P0,1,IOT - TOP,VALID,VISIBLE,NO,UNIQUE,Y,Y,N,N,,MEDIUM,Good candidate for equality or IN pre-filter.
W1_MAINT_SCHEDULE_LOG,CHAR_TYPE_CD,CHAR,W1M656S1,1,NORMAL,VALID,VISIBLE,NO,NONUNIQUE,Y,Y,N,N,,MEDIUM,Good candidate for equality or IN pre-filter.
W1_MAINT_SCHEDULE_LOG,CHAR_TYPE_CD,CHAR,W1M656S2,1,NORMAL,VALID,VISIBLE,NO,NONUNIQUE,Y,Y,N,N,,MEDIUM,Good candidate for equality or IN pre-filter.
W1_MAINT_SCHEDULE_LOG,MAINT_SCHED_ID,CHAR,W1M656P0,1,NORMAL,VALID,VISIBLE,NO,UNIQUE,Y,Y,N,N,,MEDIUM,Good candidate for equality or IN pre-filter.
W1_MAINT_SCHEDULE_LOG_PARM,MAINT_SCHED_ID,CHAR,W1M657P0,1,NORMAL,VALID,VISIBLE,NO,UNIQUE,Y,Y,N,N,,MEDIUM,Good candidate for equality or IN pre-filter.
W1_MAINT_TRIGGER,BUS_OBJ_CD,CHAR,W1M658S1,1,NORMAL,VALID,VISIBLE,NO,UNIQUE,Y,Y,N,N,,MEDIUM,Good candidate for equality or IN pre-filter.
W1_MAINT_TRIGGER,MAINT_TRIGGER_ID,CHAR,W1M658P0,1,NORMAL,VALID,VISIBLE,NO,UNIQUE,Y,Y,N,N,,MEDIUM,Good candidate for equality or IN pre-filter.
W1_MAINT_TRIGGER,MEASUREMENT_UOM_CD,VARCHAR2,W1M658S2,1,NORMAL,VALID,VISIBLE,NO,NONUNIQUE,Y,Y,N,N,,MEDIUM,Good candidate for equality or IN pre-filter.
W1_MAINT_TRIGGER,TMPL_WO_ID,CHAR,W1M658S3,1,NORMAL,VALID,VISIBLE,NO,NONUNIQUE,Y,Y,N,N,,MEDIUM,Good candidate for equality or IN pre-filter.
W1_MAINT_TRIGGER_CHAR,MAINT_TRIGGER_ID,CHAR,W1M700P0,1,NORMAL,VALID,VISIBLE,NO,UNIQUE,Y,Y,N,N,,MEDIUM,Good candidate for equality or IN pre-filter.
W1_MAINT_TRIGGER_CHAR,SRCH_CHAR_VAL,VARCHAR2,W1M700S1,1,NORMAL,VALID,VISIBLE,NO,NONUNIQUE,Y,Y,N,N,,MEDIUM,Good candidate for equality or IN pre-filter.
W1_MAINT_TRIGGER_IDENTIFIER,MAINT_TRIGGER_ID,CHAR,W1M701P0,1,NORMAL,VALID,VISIBLE,NO,UNIQUE,Y,Y,N,N,,MEDIUM,Good candidate for equality or IN pre-filter.
W1_MAINT_TRIGGER_IDENTIFIER,SYS_NC00005$,,W1M701S1,1,FUNCTION-BASED NORMAL,VALID,VISIBLE,NO,NONUNIQUE,Y,Y,N,N,,MEDIUM,Good candidate for equality or IN pre-filter.
W1_MAINT_TRIGGER_IDENTIFIER,W1_ID_VALUE,VARCHAR2,W1M701S0,1,NORMAL,VALID,VISIBLE,NO,NONUNIQUE,Y,Y,N,N,,MEDIUM,Good candidate for equality or IN pre-filter.
W1_MAINT_TRIGGER_K,MAINT_TRIGGER_ID,CHAR,W1M659P0,1,IOT - TOP,VALID,VISIBLE,NO,UNIQUE,Y,Y,N,N,,MEDIUM,Good candidate for equality or IN pre-filter.
W1_MAINT_TRIGGER_LOG,CHAR_TYPE_CD,CHAR,W1M702S1,1,NORMAL,VALID,VISIBLE,NO,NONUNIQUE,Y,Y,N,N,,MEDIUM,Good candidate for equality or IN pre-filter.
W1_MAINT_TRIGGER_LOG,CHAR_TYPE_CD,CHAR,W1M702S2,1,NORMAL,VALID,VISIBLE,NO,NONUNIQUE,Y,Y,N,N,,MEDIUM,Good candidate for equality or IN pre-filter.
W1_MAINT_TRIGGER_LOG,MAINT_TRIGGER_ID,CHAR,W1M702P0,1,NORMAL,VALID,VISIBLE,NO,UNIQUE,Y,Y,N,N,,MEDIUM,Good candidate for equality or IN pre-filter.
W1_MAINT_TRIGGER_LOG_PARM,MAINT_TRIGGER_ID,CHAR,W1M703P0,1,NORMAL,VALID,VISIBLE,NO,UNIQUE,Y,Y,N,N,,MEDIUM,Good candidate for equality or IN pre-filter.
W1_MAINT_TRIGGER_PLN_FAIL_INFO,MAINT_TRIGGER_ID,CHAR,W1M706P0,1,NORMAL,VALID,VISIBLE,NO,UNIQUE,Y,Y,N,N,,MEDIUM,Good candidate for equality or IN pre-filter.
W1_MANUFACTURER,W1_MANUFACTURER_CD,VARCHAR2,W1C223P0,1,NORMAL,VALID,VISIBLE,NO,UNIQUE,Y,Y,N,N,,MEDIUM,Good candidate for equality or IN pre-filter.
W1_MANUFACTURER_CHAR,SRCH_CHAR_VAL,VARCHAR2,W1C226S1,1,NORMAL,VALID,VISIBLE,NO,NONUNIQUE,Y,Y,N,N,,MEDIUM,Good candidate for equality or IN pre-filter.
W1_MANUFACTURER_CHAR,W1_MANUFACTURER_CD,VARCHAR2,W1C226P0,1,NORMAL,VALID,VISIBLE,NO,UNIQUE,Y,Y,N,N,,MEDIUM,Good candidate for equality or IN pre-filter.
W1_MANUFACTURER_IDENTIFIER,SYS_NC00005$,,W1C225S1,1,FUNCTION-BASED NORMAL,VALID,VISIBLE,NO,NONUNIQUE,Y,Y,N,N,,MEDIUM,Good candidate for equality or IN pre-filter.
W1_MANUFACTURER_IDENTIFIER,W1_ID_VALUE,VARCHAR2,W1C225S0,1,NORMAL,VALID,VISIBLE,NO,NONUNIQUE,Y,Y,N,N,,MEDIUM,Good candidate for equality or IN pre-filter.
W1_MANUFACTURER_IDENTIFIER,W1_ID_VALUE,VARCHAR2,W1C225S2,1,NORMAL,VALID,VISIBLE,NO,NONUNIQUE,Y,Y,N,N,,MEDIUM,Good candidate for equality or IN pre-filter.
W1_MANUFACTURER_IDENTIFIER,W1_MANUFACTURER_CD,VARCHAR2,W1C225P0,1,NORMAL,VALID,VISIBLE,NO,UNIQUE,Y,Y,N,N,,MEDIUM,Good candidate for equality or IN pre-filter.
W1_MANUFACTURER_L,W1_MANUFACTURER_CD,VARCHAR2,W1C224P0,1,NORMAL,VALID,VISIBLE,NO,UNIQUE,Y,Y,N,N,,MEDIUM,Good candidate for equality or IN pre-filter.
W1_MAT_DISP,BUS_OBJ_CD,CHAR,W1T453S1,1,NORMAL,VALID,VISIBLE,NO,UNIQUE,Y,Y,N,N,,MEDIUM,Good candidate for equality or IN pre-filter.
W1_MAT_DISP,MAT_DISP_ID,CHAR,W1T453P0,1,NORMAL,VALID,VISIBLE,NO,UNIQUE,Y,Y,N,N,,MEDIUM,Good candidate for equality or IN pre-filter.
W1_MAT_DISP,W1_DESCR100_UPR,VARCHAR2,W1T453S2,1,NORMAL,VALID,VISIBLE,NO,NONUNIQUE,Y,Y,N,N,,MEDIUM,Good candidate for equality or IN pre-filter.
W1_MAT_DISP_CHAR,MAT_DISP_ID,CHAR,W1T456P0,1,NORMAL,VALID,VISIBLE,NO,UNIQUE,Y,Y,N,N,,MEDIUM,Good candidate for equality or IN pre-filter.
W1_MAT_DISP_CHAR,SRCH_CHAR_VAL,VARCHAR2,W1T456S1,1,NORMAL,VALID,VISIBLE,NO,NONUNIQUE,Y,Y,N,N,,MEDIUM,Good candidate for equality or IN pre-filter.
W1_MAT_DISP_IDENTIFIER,MAT_DISP_ID,CHAR,W1T459P0,1,NORMAL,VALID,VISIBLE,NO,UNIQUE,Y,Y,N,N,,MEDIUM,Good candidate for equality or IN pre-filter.
W1_MAT_DISP_IDENTIFIER,SYS_NC00005$,,W1T459S1,1,FUNCTION-BASED NORMAL,VALID,VISIBLE,NO,NONUNIQUE,Y,Y,N,N,,MEDIUM,Good candidate for equality or IN pre-filter.
W1_MAT_DISP_IDENTIFIER,W1_ID_VALUE,VARCHAR2,W1T459S0,1,NORMAL,VALID,VISIBLE,NO,NONUNIQUE,Y,Y,N,N,,MEDIUM,Good candidate for equality or IN pre-filter.
W1_MAT_DISP_K,MAT_DISP_ID,CHAR,W1T454P0,1,IOT - TOP,VALID,VISIBLE,NO,UNIQUE,Y,Y,N,N,,MEDIUM,Good candidate for equality or IN pre-filter.
W1_MAT_DISP_LINE,MAT_DISP_ID,CHAR,W1T455P0,1,NORMAL,VALID,VISIBLE,NO,UNIQUE,Y,Y,N,N,,MEDIUM,Good candidate for equality or IN pre-filter.
W1_MAT_DISP_LOG,CHAR_TYPE_CD,CHAR,W1T457S1,1,NORMAL,VALID,VISIBLE,NO,NONUNIQUE,Y,Y,N,N,,MEDIUM,Good candidate for equality or IN pre-filter.
W1_MAT_DISP_LOG,CHAR_TYPE_CD,CHAR,W1T457S2,1,NORMAL,VALID,VISIBLE,NO,NONUNIQUE,Y,Y,N,N,,MEDIUM,Good candidate for equality or IN pre-filter.
W1_MAT_DISP_LOG,MAT_DISP_ID,CHAR,W1T457P0,1,NORMAL,VALID,VISIBLE,NO,UNIQUE,Y,Y,N,N,,MEDIUM,Good candidate for equality or IN pre-filter.
W1_MAT_DISP_LOG_PARM,MAT_DISP_ID,CHAR,W1T458P0,1,NORMAL,VALID,VISIBLE,NO,UNIQUE,Y,Y,N,N,,MEDIUM,Good candidate for equality or IN pre-filter.
W1_MAT_ISS_LINE,MAT_ISS_LINE_ID,CHAR,W1T389P0,1,NORMAL,VALID,VISIBLE,NO,UNIQUE,Y,Y,N,N,,MEDIUM,Good candidate for equality or IN pre-filter.
W1_MAT_ISS_LINE,MAT_ISS_LINE_ID,CHAR,W1T389S1,1,NORMAL,VALID,VISIBLE,NO,UNIQUE,Y,Y,N,N,,MEDIUM,Good candidate for equality or IN pre-filter.
W1_MAT_ISS_LINE,MAT_REQ_LINE_ID,CHAR,W1T389S2,1,NORMAL,VALID,VISIBLE,NO,NONUNIQUE,Y,Y,N,N,,MEDIUM,Good candidate for equality or IN pre-filter.
W1_MAT_ISS_LINE,MAT_REQ_LINE_ID,CHAR,W1T389S4,1,NORMAL,VALID,VISIBLE,NO,UNIQUE,Y,Y,N,N,,MEDIUM,Good candidate for equality or IN pre-filter.
W1_MAT_ISS_LINE,STOCK_ITEM_DTL_ID,CHAR,W1T389S3,1,NORMAL,VALID,VISIBLE,NO,NONUNIQUE,Y,Y,N,N,,MEDIUM,Good candidate for equality or IN pre-filter.
W1_MAT_ISS_LINE_CHAR,MAT_ISS_LINE_ID,CHAR,W1T390P0,1,NORMAL,VALID,VISIBLE,NO,UNIQUE,Y,Y,N,N,,MEDIUM,Good candidate for equality or IN pre-filter.
W1_MAT_ISS_LINE_CHAR,SRCH_CHAR_VAL,VARCHAR2,W1T390S1,1,NORMAL,VALID,VISIBLE,NO,NONUNIQUE,Y,Y,N,N,,MEDIUM,Good candidate for equality or IN pre-filter.
W1_MAT_ISS_LINE_K,MAT_ISS_LINE_ID,CHAR,W1T393P0,1,IOT - TOP,VALID,VISIBLE,NO,UNIQUE,Y,Y,N,N,,MEDIUM,Good candidate for equality or IN pre-filter.
W1_MAT_ISS_LINE_LOG,MAT_ISS_LINE_ID,CHAR,W1T391P0,1,NORMAL,VALID,VISIBLE,NO,UNIQUE,Y,Y,N,N,,MEDIUM,Good candidate for equality or IN pre-filter.
W1_MAT_ISS_LINE_LOG_PARM,MAT_ISS_LINE_ID,CHAR,W1T392P0,1,NORMAL,VALID,VISIBLE,NO,UNIQUE,Y,Y,N,N,,MEDIUM,Good candidate for equality or IN pre-filter.
W1_MAT_REQ_HEADER,MAT_REQ_HEADER_ID,CHAR,W1T378P0,1,NORMAL,VALID,VISIBLE,NO,UNIQUE,Y,Y,N,N,,MEDIUM,Good candidate for equality or IN pre-filter.
W1_MAT_REQ_HEADER,MAT_REQ_HEADER_ID,CHAR,W1T378S1,1,NORMAL,VALID,VISIBLE,NO,UNIQUE,Y,Y,N,N,,MEDIUM,Good candidate for equality or IN pre-filter.
W1_MAT_REQ_HEADER,MAT_REQ_HEADER_NUM,VARCHAR2,W1T378S2,1,NORMAL,VALID,VISIBLE,NO,UNIQUE,Y,Y,N,N,,MEDIUM,Good candidate for equality or IN pre-filter.
W1_MAT_REQ_HEADER_CHAR,MAT_REQ_HEADER_ID,CHAR,W1T381P0,1,NORMAL,VALID,VISIBLE,NO,UNIQUE,Y,Y,N,N,,MEDIUM,Good candidate for equality or IN pre-filter.
W1_MAT_REQ_HEADER_CHAR,SRCH_CHAR_VAL,VARCHAR2,W1T381S1,1,NORMAL,VALID,VISIBLE,NO,NONUNIQUE,Y,Y,N,N,,MEDIUM,Good candidate for equality or IN pre-filter.
W1_MAT_REQ_HEADER_COST_CENTER,MAT_REQ_HEADER_ID,CHAR,W1T380P0,1,NORMAL,VALID,VISIBLE,NO,UNIQUE,Y,Y,N,N,,MEDIUM,Good candidate for equality or IN pre-filter.
W1_MAT_REQ_HEADER_K,MAT_REQ_HEADER_ID,CHAR,W1T379P0,1,IOT - TOP,VALID,VISIBLE,NO,UNIQUE,Y,Y,N,N,,MEDIUM,Good candidate for equality or IN pre-filter.
W1_MAT_REQ_HEADER_LOG,MAT_REQ_HEADER_ID,CHAR,W1T382P0,1,NORMAL,VALID,VISIBLE,NO,UNIQUE,Y,Y,N,N,,MEDIUM,Good candidate for equality or IN pre-filter.
W1_MAT_REQ_HEADER_LOG_PARM,MAT_REQ_HEADER_ID,CHAR,W1T383P0,1,NORMAL,VALID,VISIBLE,NO,UNIQUE,Y,Y,N,N,,MEDIUM,Good candidate for equality or IN pre-filter.
W1_MAT_REQ_LINE,ACT_RESRC_REQMT_ID,CHAR,W1T384S5,1,NORMAL,VALID,VISIBLE,NO,NONUNIQUE,Y,Y,N,N,,MEDIUM,Good candidate for equality or IN pre-filter.
W1_MAT_REQ_LINE,MAT_REQ_HEADER_ID,CHAR,W1T384S1,1,NORMAL,VALID,VISIBLE,NO,UNIQUE,Y,Y,N,N,,MEDIUM,Good candidate for equality or IN pre-filter.
W1_MAT_REQ_LINE,MAT_REQ_HEADER_ID,CHAR,W1T384S3,1,NORMAL,VALID,VISIBLE,NO,NONUNIQUE,Y,Y,N,N,,MEDIUM,Good candidate for equality or IN pre-filter.
W1_MAT_REQ_LINE,MAT_REQ_LINE_ID,CHAR,W1T384P0,1,NORMAL,VALID,VISIBLE,NO,UNIQUE,Y,Y,N,N,,MEDIUM,Good candidate for equality or IN pre-filter.
W1_MAT_REQ_LINE,MAT_REQ_LINE_ID,CHAR,W1T384S2,1,NORMAL,VALID,VISIBLE,NO,UNIQUE,Y,Y,N,N,,MEDIUM,Good candidate for equality or IN pre-filter.
W1_MAT_REQ_LINE,STOCK_ITEM_DTL_ID,CHAR,W1T384S4,1,NORMAL,VALID,VISIBLE,NO,NONUNIQUE,Y,Y,N,N,,MEDIUM,Good candidate for equality or IN pre-filter.
W1_MAT_REQ_LINE_CHAR,MAT_REQ_LINE_ID,CHAR,W1T385P0,1,NORMAL,VALID,VISIBLE,NO,UNIQUE,Y,Y,N,N,,MEDIUM,Good candidate for equality or IN pre-filter.
W1_MAT_REQ_LINE_CHAR,SRCH_CHAR_VAL,VARCHAR2,W1T385S1,1,NORMAL,VALID,VISIBLE,NO,NONUNIQUE,Y,Y,N,N,,MEDIUM,Good candidate for equality or IN pre-filter.
W1_MAT_REQ_LINE_K,MAT_REQ_LINE_ID,CHAR,W1T388P0,1,IOT - TOP,VALID,VISIBLE,NO,UNIQUE,Y,Y,N,N,,MEDIUM,Good candidate for equality or IN pre-filter.
W1_MAT_REQ_LINE_LOG,MAT_REQ_LINE_ID,CHAR,W1T386P0,1,NORMAL,VALID,VISIBLE,NO,UNIQUE,Y,Y,N,N,,MEDIUM,Good candidate for equality or IN pre-filter.
W1_MAT_REQ_LINE_LOG_PARM,MAT_REQ_LINE_ID,CHAR,W1T387P0,1,NORMAL,VALID,VISIBLE,NO,UNIQUE,Y,Y,N,N,,MEDIUM,Good candidate for equality or IN pre-filter.
W1_MAT_REQ_TMPL,MAT_REQ_TMPL_ID,CHAR,W1M646P0,1,NORMAL,VALID,VISIBLE,NO,UNIQUE,Y,Y,N,N,,MEDIUM,Good candidate for equality or IN pre-filter.
W1_MAT_REQ_TMPL_CHAR,MAT_REQ_TMPL_ID,CHAR,W1M649P0,1,NORMAL,VALID,VISIBLE,NO,UNIQUE,Y,Y,N,N,,MEDIUM,Good candidate for equality or IN pre-filter.
W1_MAT_REQ_TMPL_CHAR,SRCH_CHAR_VAL,VARCHAR2,W1M649S1,1,NORMAL,VALID,VISIBLE,NO,NONUNIQUE,Y,Y,N,N,,MEDIUM,Good candidate for equality or IN pre-filter.
W1_MAT_REQ_TMPL_K,MAT_REQ_TMPL_ID,CHAR,W1M647P0,1,IOT - TOP,VALID,VISIBLE,NO,UNIQUE,Y,Y,N,N,,MEDIUM,Good candidate for equality or IN pre-filter.
W1_MAT_REQ_TMPL_LOG,MAT_REQ_TMPL_ID,CHAR,W1M650P0,1,NORMAL,VALID,VISIBLE,NO,UNIQUE,Y,Y,N,N,,MEDIUM,Good candidate for equality or IN pre-filter.
W1_MAT_REQ_TMPL_LOG_PARM,MAT_REQ_TMPL_ID,CHAR,W1M651P0,1,NORMAL,VALID,VISIBLE,NO,UNIQUE,Y,Y,N,N,,MEDIUM,Good candidate for equality or IN pre-filter.
W1_MAT_REQ_TMPL_MAT,MAT_REQ_TMPL_ID,CHAR,W1M648P0,1,NORMAL,VALID,VISIBLE,NO,UNIQUE,Y,Y,N,N,,MEDIUM,Good candidate for equality or IN pre-filter.
W1_MAT_RET_HEADER,MAT_REQ_HEADER_ID,CHAR,W1T394S3,1,NORMAL,VALID,VISIBLE,NO,NONUNIQUE,Y,Y,N,N,,MEDIUM,Good candidate for equality or IN pre-filter.
W1_MAT_RET_HEADER,MAT_RET_HEADER_ID,CHAR,W1T394P0,1,NORMAL,VALID,VISIBLE,NO,UNIQUE,Y,Y,N,N,,MEDIUM,Good candidate for equality or IN pre-filter.
W1_MAT_RET_HEADER,MAT_RET_HEADER_ID,CHAR,W1T394S1,1,NORMAL,VALID,VISIBLE,NO,UNIQUE,Y,Y,N,N,,MEDIUM,Good candidate for equality or IN pre-filter.
W1_MAT_RET_HEADER,MAT_RET_HEADER_ID,CHAR,W1T394S2,1,NORMAL,VALID,VISIBLE,NO,UNIQUE,Y,Y,N,N,,MEDIUM,Good candidate for equality or IN pre-filter.
W1_MAT_RET_HEADER_CHAR,MAT_RET_HEADER_ID,CHAR,W1T397P0,1,NORMAL,VALID,VISIBLE,NO,UNIQUE,Y,Y,N,N,,MEDIUM,Good candidate for equality or IN pre-filter.
W1_MAT_RET_HEADER_CHAR,SRCH_CHAR_VAL,VARCHAR2,W1T397S1,1,NORMAL,VALID,VISIBLE,NO,NONUNIQUE,Y,Y,N,N,,MEDIUM,Good candidate for equality or IN pre-filter.
W1_MAT_RET_HEADER_COST_CENTER,MAT_RET_HEADER_ID,CHAR,W1T396P0,1,NORMAL,VALID,VISIBLE,NO,UNIQUE,Y,Y,N,N,,MEDIUM,Good candidate for equality or IN pre-filter.
W1_MAT_RET_HEADER_K,MAT_RET_HEADER_ID,CHAR,W1T395P0,1,IOT - TOP,VALID,VISIBLE,NO,UNIQUE,Y,Y,N,N,,MEDIUM,Good candidate for equality or IN pre-filter.
W1_MAT_RET_HEADER_LOG,MAT_RET_HEADER_ID,CHAR,W1T398P0,1,NORMAL,VALID,VISIBLE,NO,UNIQUE,Y,Y,N,N,,MEDIUM,Good candidate for equality or IN pre-filter.
W1_MAT_RET_HEADER_LOG_PARM,MAT_RET_HEADER_ID,CHAR,W1T399P0,1,NORMAL,VALID,VISIBLE,NO,UNIQUE,Y,Y,N,N,,MEDIUM,Good candidate for equality or IN pre-filter.
W1_MAT_RET_LINE,MAT_RET_HEADER_ID,CHAR,W1T400S1,1,NORMAL,VALID,VISIBLE,NO,UNIQUE,Y,Y,N,N,,MEDIUM,Good candidate for equality or IN pre-filter.
W1_MAT_RET_LINE,MAT_RET_LINE_ID,CHAR,W1T400P0,1,NORMAL,VALID,VISIBLE,NO,UNIQUE,Y,Y,N,N,,MEDIUM,Good candidate for equality or IN pre-filter.
W1_MAT_RET_LINE_CHAR,MAT_RET_LINE_ID,CHAR,W1T401P0,1,NORMAL,VALID,VISIBLE,NO,UNIQUE,Y,Y,N,N,,MEDIUM,Good candidate for equality or IN pre-filter.
W1_MAT_RET_LINE_CHAR,SRCH_CHAR_VAL,VARCHAR2,W1T401S1,1,NORMAL,VALID,VISIBLE,NO,NONUNIQUE,Y,Y,N,N,,MEDIUM,Good candidate for equality or IN pre-filter.
W1_MAT_RET_LINE_K,MAT_RET_LINE_ID,CHAR,W1T404P0,1,IOT - TOP,VALID,VISIBLE,NO,UNIQUE,Y,Y,N,N,,MEDIUM,Good candidate for equality or IN pre-filter.
W1_MAT_RET_LINE_LOG,MAT_RET_LINE_ID,CHAR,W1T402P0,1,NORMAL,VALID,VISIBLE,NO,UNIQUE,Y,Y,N,N,,MEDIUM,Good candidate for equality or IN pre-filter.
W1_MAT_RET_LINE_LOG_PARM,MAT_RET_LINE_ID,CHAR,W1T403P0,1,NORMAL,VALID,VISIBLE,NO,UNIQUE,Y,Y,N,N,,MEDIUM,Good candidate for equality or IN pre-filter.
W1_MEASUREMENT,CRE_DTTM,DATE,W1T273S4,1,NORMAL,VALID,VISIBLE,NO,NONUNIQUE,Y,Y,Y,N,,HIGH,Primary candidate for mandatory rolling window pre-filter.
W1_MEASUREMENT,FINAL_DTTM,DATE,W1T273S3,1,NORMAL,VALID,VISIBLE,NO,NONUNIQUE,Y,Y,Y,N,,HIGH,Primary candidate for mandatory rolling window pre-filter.
W1_MEASUREMENT,BUS_OBJ_CD,CHAR,W1T273S2,1,NORMAL,VALID,VISIBLE,NO,UNIQUE,Y,Y,N,N,,MEDIUM,Good candidate for equality or IN pre-filter.
W1_MEASUREMENT,MEASUREMENT_ID,CHAR,W1T273P0,1,NORMAL,VALID,VISIBLE,NO,UNIQUE,Y,Y,N,N,,MEDIUM,Good candidate for equality or IN pre-filter.
W1_MEASUREMENT,MEASUREMENT_ID,CHAR,W1T273S1,1,NORMAL,VALID,VISIBLE,NO,UNIQUE,Y,Y,N,N,,MEDIUM,Good candidate for equality or IN pre-filter.
W1_MEASUREMENT_CHAR,MEASUREMENT_ID,CHAR,W1T274P0,1,NORMAL,VALID,VISIBLE,NO,UNIQUE,Y,Y,N,N,,MEDIUM,Good candidate for equality or IN pre-filter.
W1_MEASUREMENT_CHAR,SRCH_CHAR_VAL,VARCHAR2,W1T274S1,1,NORMAL,VALID,VISIBLE,NO,NONUNIQUE,Y,Y,N,N,,MEDIUM,Good candidate for equality or IN pre-filter.
W1_MEASUREMENT_K,MEASUREMENT_ID,CHAR,W1T277P0,1,IOT - TOP,VALID,VISIBLE,NO,UNIQUE,Y,Y,N,N,,MEDIUM,Good candidate for equality or IN pre-filter.
W1_MEASUREMENT_LOG,CHAR_TYPE_CD,CHAR,W1T275S1,1,NORMAL,VALID,VISIBLE,NO,NONUNIQUE,Y,Y,N,N,,MEDIUM,Good candidate for equality or IN pre-filter.
W1_MEASUREMENT_LOG,CHAR_TYPE_CD,CHAR,W1T275S2,1,NORMAL,VALID,VISIBLE,NO,NONUNIQUE,Y,Y,N,N,,MEDIUM,Good candidate for equality or IN pre-filter.
W1_MEASUREMENT_LOG,MEASUREMENT_ID,CHAR,W1T275P0,1,NORMAL,VALID,VISIBLE,NO,UNIQUE,Y,Y,N,N,,MEDIUM,Good candidate for equality or IN pre-filter.
W1_MEASUREMENT_LOG_PARM,MEASUREMENT_ID,CHAR,W1T276P0,1,NORMAL,VALID,VISIBLE,NO,UNIQUE,Y,Y,N,N,,MEDIUM,Good candidate for equality or IN pre-filter.
W1_MEASUREMENT_TYPE,MEASUREMENT_TYPE_CD,VARCHAR2,W1C519P0,1,NORMAL,VALID,VISIBLE,NO,UNIQUE,Y,Y,N,N,,MEDIUM,Good candidate for equality or IN pre-filter.
W1_MEASUREMENT_TYPE_CHAR,MEASUREMENT_TYPE_CD,VARCHAR2,W1C521P0,1,NORMAL,VALID,VISIBLE,NO,UNIQUE,Y,Y,N,N,,MEDIUM,Good candidate for equality or IN pre-filter.
W1_MEASUREMENT_TYPE_CHAR,SRCH_CHAR_VAL,VARCHAR2,W1C521S1,1,NORMAL,VALID,VISIBLE,NO,NONUNIQUE,Y,Y,N,N,,MEDIUM,Good candidate for equality or IN pre-filter.
W1_MEASUREMENT_TYPE_IDENTIFIER,MEASUREMENT_TYPE_CD,VARCHAR2,W1C522P0,1,NORMAL,VALID,VISIBLE,NO,UNIQUE,Y,Y,N,N,,MEDIUM,Good candidate for equality or IN pre-filter.
W1_MEASUREMENT_TYPE_IDENTIFIER,SYS_NC00005$,,W1C522S1,1,FUNCTION-BASED NORMAL,VALID,VISIBLE,NO,NONUNIQUE,Y,Y,N,N,,MEDIUM,Good candidate for equality or IN pre-filter.
W1_MEASUREMENT_TYPE_IDENTIFIER,W1_ID_VALUE,VARCHAR2,W1C522S0,1,NORMAL,VALID,VISIBLE,NO,NONUNIQUE,Y,Y,N,N,,MEDIUM,Good candidate for equality or IN pre-filter.
W1_MEASUREMENT_TYPE_L,MEASUREMENT_TYPE_CD,VARCHAR2,W1C520P0,1,NORMAL,VALID,VISIBLE,NO,UNIQUE,Y,Y,N,N,,MEDIUM,Good candidate for equality or IN pre-filter.
W1_MEASUREMENT_UOM,MEASUREMENT_UOM_CD,VARCHAR2,W1C523P0,1,NORMAL,VALID,VISIBLE,NO,UNIQUE,Y,Y,N,N,,MEDIUM,Good candidate for equality or IN pre-filter.
W1_MEASUREMENT_UOM_CHAR,MEASUREMENT_UOM_CD,VARCHAR2,W1C525P0,1,NORMAL,VALID,VISIBLE,NO,UNIQUE,Y,Y,N,N,,MEDIUM,Good candidate for equality or IN pre-filter.
W1_MEASUREMENT_UOM_CHAR,SRCH_CHAR_VAL,VARCHAR2,W1C525S1,1,NORMAL,VALID,VISIBLE,NO,NONUNIQUE,Y,Y,N,N,,MEDIUM,Good candidate for equality or IN pre-filter.
W1_MEASUREMENT_UOM_L,MEASUREMENT_UOM_CD,VARCHAR2,W1C524P0,1,NORMAL,VALID,VISIBLE,NO,UNIQUE,Y,Y,N,N,,MEDIUM,Good candidate for equality or IN pre-filter.
W1_MOBILE_SUBSCR,MOBILE_SUBSCR_ID,CHAR,W1T815P0,1,NORMAL,VALID,VISIBLE,NO,UNIQUE,Y,Y,N,N,,MEDIUM,Good candidate for equality or IN pre-filter.
W1_MOBILE_SUBSCR_CHAR,MOBILE_SUBSCR_ID,CHAR,W1T816P0,1,NORMAL,VALID,VISIBLE,NO,UNIQUE,Y,Y,N,N,,MEDIUM,Good candidate for equality or IN pre-filter.
W1_MOBILE_SUBSCR_CHAR,SRCH_CHAR_VAL,VARCHAR2,W1T816S1,1,NORMAL,VALID,VISIBLE,NO,NONUNIQUE,Y,Y,N,N,,MEDIUM,Good candidate for equality or IN pre-filter.
W1_MOBILE_SUBSCR_K,MOBILE_SUBSCR_ID,CHAR,W1T819P0,1,IOT - TOP,VALID,VISIBLE,NO,UNIQUE,Y,Y,N,N,,MEDIUM,Good candidate for equality or IN pre-filter.
W1_MOBILE_SUBSCR_LOG,CHAR_TYPE_CD,CHAR,W1T817S1,1,NORMAL,VALID,VISIBLE,NO,NONUNIQUE,Y,Y,N,N,,MEDIUM,Good candidate for equality or IN pre-filter.
W1_MOBILE_SUBSCR_LOG,CHAR_TYPE_CD,CHAR,W1T817S2,1,NORMAL,VALID,VISIBLE,NO,NONUNIQUE,Y,Y,N,N,,MEDIUM,Good candidate for equality or IN pre-filter.
W1_MOBILE_SUBSCR_LOG,MOBILE_SUBSCR_ID,CHAR,W1T817P0,1,NORMAL,VALID,VISIBLE,NO,UNIQUE,Y,Y,N,N,,MEDIUM,Good candidate for equality or IN pre-filter.
W1_MOBILE_SUBSCR_LOG_PARM,MOBILE_SUBSCR_ID,CHAR,W1T818P0,1,NORMAL,VALID,VISIBLE,NO,UNIQUE,Y,Y,N,N,,MEDIUM,Good candidate for equality or IN pre-filter.
W1_NODE,BUILDING,CHAR,W1M205S11,1,NORMAL,VALID,VISIBLE,NO,NONUNIQUE,Y,Y,N,N,,MEDIUM,Good candidate for equality or IN pre-filter.
W1_NODE,BUS_OBJ_CD,CHAR,W1M205S3,1,NORMAL,VALID,VISIBLE,NO,UNIQUE,Y,Y,N,N,,MEDIUM,Good candidate for equality or IN pre-filter.
W1_NODE,NODE_DPOS_FLG,CHAR,W1M205S8,1,NORMAL,VALID,VISIBLE,NO,UNIQUE,Y,Y,N,N,,MEDIUM,Good candidate for equality or IN pre-filter.
W1_NODE,NODE_ID,CHAR,W1M205P0,1,NORMAL,VALID,VISIBLE,NO,UNIQUE,Y,Y,N,N,,MEDIUM,Good candidate for equality or IN pre-filter.
W1_NODE,NODE_TYPE_CD,VARCHAR2,W1M205S10,1,NORMAL,VALID,VISIBLE,NO,NONUNIQUE,Y,Y,N,N,,MEDIUM,Good candidate for equality or IN pre-filter.
W1_NODE,NODE_TYPE_CD,VARCHAR2,W1M205S2,1,NORMAL,VALID,VISIBLE,NO,UNIQUE,Y,Y,N,N,,MEDIUM,Good candidate for equality or IN pre-filter.
W1_NODE,PARENT_NODE_ID,CHAR,W1M205S4,1,NORMAL,VALID,VISIBLE,NO,NONUNIQUE,Y,Y,N,N,,MEDIUM,Good candidate for equality or IN pre-filter.
W1_NODE,POSTAL,CHAR,W1M205S0,1,NORMAL,VALID,VISIBLE,NO,NONUNIQUE,Y,Y,N,N,,MEDIUM,Good candidate for equality or IN pre-filter.
W1_NODE,POSTAL,CHAR,W1M205S7,1,NORMAL,VALID,VISIBLE,NO,UNIQUE,Y,Y,N,N,,MEDIUM,Good candidate for equality or IN pre-filter.
W1_NODE,SERVICE_AREA_CD,VARCHAR2,W1M205S9,1,NORMAL,VALID,VISIBLE,NO,NONUNIQUE,Y,Y,N,N,,MEDIUM,Good candidate for equality or IN pre-filter.
W1_NODE,W1_ADDRESS1_UPR,VARCHAR2,W1M205S5,1,NORMAL,VALID,VISIBLE,NO,NONUNIQUE,Y,Y,N,N,,MEDIUM,Good candidate for equality or IN pre-filter.
W1_NODE,W1_CITY_UPR,VARCHAR2,W1M205S6,1,NORMAL,VALID,VISIBLE,NO,UNIQUE,Y,Y,N,N,,MEDIUM,Good candidate for equality or IN pre-filter.
W1_NODE,W1_DESCR100_UPR,VARCHAR2,W1M205S1,1,NORMAL,VALID,VISIBLE,NO,NONUNIQUE,Y,Y,N,N,,MEDIUM,Good candidate for equality or IN pre-filter.
W1_NODE_ATTACHMENT,NODE_ID,CHAR,W1M207P0,1,NORMAL,VALID,VISIBLE,NO,UNIQUE,Y,Y,N,N,,MEDIUM,Good candidate for equality or IN pre-filter.
W1_NODE_CHAR,NODE_ID,CHAR,W1M209P0,1,NORMAL,VALID,VISIBLE,NO,UNIQUE,Y,Y,N,N,,MEDIUM,Good candidate for equality or IN pre-filter.
W1_NODE_CHAR,SRCH_CHAR_VAL,VARCHAR2,W1M209S1,1,NORMAL,VALID,VISIBLE,NO,NONUNIQUE,Y,Y,N,N,,MEDIUM,Good candidate for equality or IN pre-filter.
W1_NODE_CHAR2,NODE_ID,CHAR,W1T519P0,1,NORMAL,VALID,VISIBLE,NO,UNIQUE,Y,Y,N,N,,MEDIUM,Good candidate for equality or IN pre-filter.
W1_NODE_CONTACT,NODE_ID,CHAR,W1M222P0,1,NORMAL,VALID,VISIBLE,NO,UNIQUE,Y,Y,N,N,,MEDIUM,Good candidate for equality or IN pre-filter.
W1_NODE_CONTACT,NODE_ID,CHAR,W1M222S2,1,NORMAL,VALID,VISIBLE,NO,NONUNIQUE,Y,Y,N,N,,MEDIUM,Good candidate for equality or IN pre-filter.
W1_NODE_CONTACT,W1_CONTACT_ID,CHAR,W1M222S1,1,NORMAL,VALID,VISIBLE,NO,NONUNIQUE,Y,Y,N,N,,MEDIUM,Good candidate for equality or IN pre-filter.
W1_NODE_COST_CENTER,NODE_ID,CHAR,W1T363P0,1,NORMAL,VALID,VISIBLE,NO,UNIQUE,Y,Y,N,N,,MEDIUM,Good candidate for equality or IN pre-filter.
W1_NODE_DOCUMENT,NODE_ID,CHAR,W1M583P0,1,NORMAL,VALID,VISIBLE,NO,UNIQUE,Y,Y,N,N,,MEDIUM,Good candidate for equality or IN pre-filter.
W1_NODE_IDENTIFIER,NODE_ID,CHAR,W1M208P0,1,NORMAL,VALID,VISIBLE,NO,UNIQUE,Y,Y,N,N,,MEDIUM,Good candidate for equality or IN pre-filter.
W1_NODE_IDENTIFIER,W1_ID_VALUE,VARCHAR2,W1M208S1,1,NORMAL,VALID,VISIBLE,NO,NONUNIQUE,Y,Y,N,N,,MEDIUM,Good candidate for equality or IN pre-filter.
W1_NODE_K,NODE_ID,CHAR,W1M212P0,1,IOT - TOP,VALID,VISIBLE,NO,UNIQUE,Y,Y,N,N,,MEDIUM,Good candidate for equality or IN pre-filter.
W1_NODE_LOG,NODE_ID,CHAR,W1M210P0,1,NORMAL,VALID,VISIBLE,NO,UNIQUE,Y,Y,N,N,,MEDIUM,Good candidate for equality or IN pre-filter.
W1_NODE_LOG_PARM,NODE_ID,CHAR,W1M211P0,1,NORMAL,VALID,VISIBLE,NO,UNIQUE,Y,Y,N,N,,MEDIUM,Good candidate for equality or IN pre-filter.
W1_NODE_MAINT_TRIGGER,NODE_ID,CHAR,W1M705P0,1,NORMAL,VALID,VISIBLE,NO,UNIQUE,Y,Y,N,N,,MEDIUM,Good candidate for equality or IN pre-filter.
W1_NODE_TYPE,NODE_SUBCLASS_FLG,CHAR,W1C200S1,1,NORMAL,VALID,VISIBLE,NO,UNIQUE,Y,Y,N,N,,MEDIUM,Good candidate for equality or IN pre-filter.
W1_NODE_TYPE,NODE_TYPE_CD,VARCHAR2,W1C200P0,1,NORMAL,VALID,VISIBLE,NO,UNIQUE,Y,Y,N,N,,MEDIUM,Good candidate for equality or IN pre-filter.
W1_NODE_TYPE_CHAR,NODE_TYPE_CD,VARCHAR2,W1C204P0,1,NORMAL,VALID,VISIBLE,NO,UNIQUE,Y,Y,N,N,,MEDIUM,Good candidate for equality or IN pre-filter.
W1_NODE_TYPE_CHAR,SRCH_CHAR_VAL,VARCHAR2,W1C204S1,1,NORMAL,VALID,VISIBLE,NO,NONUNIQUE,Y,Y,N,N,,MEDIUM,Good candidate for equality or IN pre-filter.
W1_NODE_TYPE_L,NODE_TYPE_CD,VARCHAR2,W1C201P0,1,NORMAL,VALID,VISIBLE,NO,UNIQUE,Y,Y,N,N,,MEDIUM,Good candidate for equality or IN pre-filter.
W1_ODC,BUS_OBJ_CD,CHAR,W1T334S1,1,NORMAL,VALID,VISIBLE,NO,UNIQUE,Y,Y,N,N,,MEDIUM,Good candidate for equality or IN pre-filter.
W1_ODC,ODC_ID,CHAR,W1T334P0,1,NORMAL,VALID,VISIBLE,NO,UNIQUE,Y,Y,N,N,,MEDIUM,Good candidate for equality or IN pre-filter.
W1_ODC,W1_DESCR100_UPR,VARCHAR2,W1T334S2,1,NORMAL,VALID,VISIBLE,NO,NONUNIQUE,Y,Y,N,N,,MEDIUM,Good candidate for equality or IN pre-filter.
W1_ODC_CHAR,ODC_ID,CHAR,W1T337P0,1,NORMAL,VALID,VISIBLE,NO,UNIQUE,Y,Y,N,N,,MEDIUM,Good candidate for equality or IN pre-filter.
W1_ODC_CHAR,SRCH_CHAR_VAL,VARCHAR2,W1T337S1,1,NORMAL,VALID,VISIBLE,NO,NONUNIQUE,Y,Y,N,N,,MEDIUM,Good candidate for equality or IN pre-filter.
W1_ODC_DTL,BUS_OBJ_CD,CHAR,W1T340S1,1,NORMAL,VALID,VISIBLE,NO,UNIQUE,Y,Y,N,N,,MEDIUM,Good candidate for equality or IN pre-filter.
W1_ODC_DTL,ODC_DTL_ID,CHAR,W1T340P0,1,NORMAL,VALID,VISIBLE,NO,UNIQUE,Y,Y,N,N,,MEDIUM,Good candidate for equality or IN pre-filter.
W1_ODC_DTL,ODC_ID,CHAR,W1T340S2,1,NORMAL,VALID,VISIBLE,NO,UNIQUE,Y,Y,N,N,,MEDIUM,Good candidate for equality or IN pre-filter.
W1_ODC_DTL_CHAR,ODC_DTL_ID,CHAR,W1T342P0,1,NORMAL,VALID,VISIBLE,NO,UNIQUE,Y,Y,N,N,,MEDIUM,Good candidate for equality or IN pre-filter.
W1_ODC_DTL_CHAR,SRCH_CHAR_VAL,VARCHAR2,W1T342S1,1,NORMAL,VALID,VISIBLE,NO,NONUNIQUE,Y,Y,N,N,,MEDIUM,Good candidate for equality or IN pre-filter.
W1_ODC_DTL_COST,ODC_DTL_ID,CHAR,W1T345P0,1,NORMAL,VALID,VISIBLE,NO,UNIQUE,Y,Y,N,N,,MEDIUM,Good candidate for equality or IN pre-filter.
W1_ODC_DTL_K,ODC_DTL_ID,CHAR,W1T341P0,1,IOT - TOP,VALID,VISIBLE,NO,UNIQUE,Y,Y,N,N,,MEDIUM,Good candidate for equality or IN pre-filter.
W1_ODC_DTL_LOG,ODC_DTL_ID,CHAR,W1T343P0,1,NORMAL,VALID,VISIBLE,NO,UNIQUE,Y,Y,N,N,,MEDIUM,Good candidate for equality or IN pre-filter.
W1_ODC_DTL_LOG_PARM,ODC_DTL_ID,CHAR,W1T344P0,1,NORMAL,VALID,VISIBLE,NO,UNIQUE,Y,Y,N,N,,MEDIUM,Good candidate for equality or IN pre-filter.
W1_ODC_IDENTIFIER,ODC_ID,CHAR,W1T335P0,1,NORMAL,VALID,VISIBLE,NO,UNIQUE,Y,Y,N,N,,MEDIUM,Good candidate for equality or IN pre-filter.
W1_ODC_IDENTIFIER,SYS_NC00005$,,W1T335S1,1,FUNCTION-BASED NORMAL,VALID,VISIBLE,NO,NONUNIQUE,Y,Y,N,N,,MEDIUM,Good candidate for equality or IN pre-filter.
W1_ODC_IDENTIFIER,W1_ID_VALUE,VARCHAR2,W1T335S0,1,NORMAL,VALID,VISIBLE,NO,NONUNIQUE,Y,Y,N,N,,MEDIUM,Good candidate for equality or IN pre-filter.
W1_ODC_K,ODC_ID,CHAR,W1T336P0,1,IOT - TOP,VALID,VISIBLE,NO,UNIQUE,Y,Y,N,N,,MEDIUM,Good candidate for equality or IN pre-filter.
W1_ODC_LOG,ODC_ID,CHAR,W1T338P0,1,NORMAL,VALID,VISIBLE,NO,UNIQUE,Y,Y,N,N,,MEDIUM,Good candidate for equality or IN pre-filter.
W1_ODC_LOG_PARM,ODC_ID,CHAR,W1T339P0,1,NORMAL,VALID,VISIBLE,NO,UNIQUE,Y,Y,N,N,,MEDIUM,Good candidate for equality or IN pre-filter.
W1_OVERHEAD,OVERHEAD_CD,VARCHAR2,W1C742P0,1,NORMAL,VALID,VISIBLE,NO,UNIQUE,Y,Y,N,N,,MEDIUM,Good candidate for equality or IN pre-filter.
W1_OVERHEAD_CHAR,OVERHEAD_CD,VARCHAR2,W1T744P0,1,NORMAL,VALID,VISIBLE,NO,UNIQUE,Y,Y,N,N,,MEDIUM,Good candidate for equality or IN pre-filter.
W1_OVERHEAD_CHAR,SRCH_CHAR_VAL,VARCHAR2,W1T744S1,1,NORMAL,VALID,VISIBLE,NO,NONUNIQUE,Y,Y,N,N,,MEDIUM,Good candidate for equality or IN pre-filter.
W1_OVERHEAD_L,OVERHEAD_CD,VARCHAR2,W1C743P0,1,NORMAL,VALID,VISIBLE,NO,UNIQUE,Y,Y,N,N,,MEDIUM,Good candidate for equality or IN pre-filter.
W1_OVERHEAD_RESRC,OVERHEAD_CD,VARCHAR2,W1C745P0,1,NORMAL,VALID,VISIBLE,NO,UNIQUE,Y,Y,N,N,,MEDIUM,Good candidate for equality or IN pre-filter.
W1_OVERTIME_TYPE,OVERTIME_TYPE_CD,VARCHAR2,W1C625P0,1,NORMAL,VALID,VISIBLE,NO,UNIQUE,Y,Y,N,N,,MEDIUM,Good candidate for equality or IN pre-filter.
W1_OVERTIME_TYPE_CHAR,OVERTIME_TYPE_CD,VARCHAR2,W1C627P0,1,NORMAL,VALID,VISIBLE,NO,UNIQUE,Y,Y,N,N,,MEDIUM,Good candidate for equality or IN pre-filter.
W1_OVERTIME_TYPE_CHAR,SRCH_CHAR_VAL,VARCHAR2,W1C627S1,1,NORMAL,VALID,VISIBLE,NO,NONUNIQUE,Y,Y,N,N,,MEDIUM,Good candidate for equality or IN pre-filter.
W1_OVERTIME_TYPE_L,OVERTIME_TYPE_CD,VARCHAR2,W1C626P0,1,NORMAL,VALID,VISIBLE,NO,UNIQUE,Y,Y,N,N,,MEDIUM,Good candidate for equality or IN pre-filter.
W1_PARENT_NODE_TYPE,NODE_TYPE_CD,VARCHAR2,W1C202P0,1,NORMAL,VALID,VISIBLE,NO,UNIQUE,Y,Y,N,N,,MEDIUM,Good candidate for equality or IN pre-filter.
W1_PAYMENT_TERM,PAYMENT_TERM_CD,VARCHAR2,W1C647P0,1,NORMAL,VALID,VISIBLE,NO,UNIQUE,Y,Y,N,N,,MEDIUM,Good candidate for equality or IN pre-filter.
W1_PAYMENT_TERM_CHAR,PAYMENT_TERM_CD,VARCHAR2,W1C649P0,1,NORMAL,VALID,VISIBLE,NO,UNIQUE,Y,Y,N,N,,MEDIUM,Good candidate for equality or IN pre-filter.
W1_PAYMENT_TERM_CHAR,SRCH_CHAR_VAL,VARCHAR2,W1C649S1,1,NORMAL,VALID,VISIBLE,NO,NONUNIQUE,Y,Y,N,N,,MEDIUM,Good candidate for equality or IN pre-filter.
W1_PAYMENT_TERM_L,PAYMENT_TERM_CD,VARCHAR2,W1C648P0,1,NORMAL,VALID,VISIBLE,NO,UNIQUE,Y,Y,N,N,,MEDIUM,Good candidate for equality or IN pre-filter.
W1_PEER_NODE,NODE_ID,CHAR,W1M206P0,1,NORMAL,VALID,VISIBLE,NO,UNIQUE,Y,Y,N,N,,MEDIUM,Good candidate for equality or IN pre-filter.
W1_PEER_NODE_TYPE,NODE_TYPE_CD,VARCHAR2,W1C203P0,1,NORMAL,VALID,VISIBLE,NO,UNIQUE,Y,Y,N,N,,MEDIUM,Good candidate for equality or IN pre-filter.
W1_PEER_SPECIFICATION,PEER_SPECIFICATION_CD,VARCHAR2,W1C277S2,1,NORMAL,VALID,VISIBLE,NO,NONUNIQUE,Y,Y,N,N,,MEDIUM,Good candidate for equality or IN pre-filter.
W1_PEER_SPECIFICATION,SPECIFICATION_CD,VARCHAR2,W1C277P0,1,NORMAL,VALID,VISIBLE,NO,UNIQUE,Y,Y,N,N,,MEDIUM,Good candidate for equality or IN pre-filter.
W1_PEER_SPECIFICATION,SPEC_REL_TYPE_FLG,CHAR,W1C277S1,1,NORMAL,VALID,VISIBLE,NO,NONUNIQUE,Y,Y,N,N,,MEDIUM,Good candidate for equality or IN pre-filter.
W1_PERMIT,PERMIT_ID,CHAR,W1T872P0,1,NORMAL,VALID,VISIBLE,NO,UNIQUE,Y,Y,N,N,,MEDIUM,Good candidate for equality or IN pre-filter.
W1_PERMIT_ASSET_LOCATION,PERMIT_ID,CHAR,W1M875P0,1,NORMAL,VALID,VISIBLE,NO,UNIQUE,Y,Y,N,N,,MEDIUM,Good candidate for equality or IN pre-filter.
W1_PERMIT_CHAR,PERMIT_ID,CHAR,W1M879P0,1,NORMAL,VALID,VISIBLE,NO,UNIQUE,Y,Y,N,N,,MEDIUM,Good candidate for equality or IN pre-filter.
W1_PERMIT_CLASS,PERMIT_CLASS_CD,VARCHAR2,W1C869P0P0,1,NORMAL,VALID,VISIBLE,NO,UNIQUE,Y,Y,N,N,,MEDIUM,Good candidate for equality or IN pre-filter.
W1_PERMIT_CLASS_CHAR,PERMIT_CLASS_CD,VARCHAR2,W1C870P0,1,NORMAL,VALID,VISIBLE,NO,UNIQUE,Y,Y,N,N,,MEDIUM,Good candidate for equality or IN pre-filter.
W1_PERMIT_CLASS_L,PERMIT_CLASS_CD,VARCHAR2,W1C871P0P0,1,NORMAL,VALID,VISIBLE,NO,UNIQUE,Y,Y,N,N,,MEDIUM,Good candidate for equality or IN pre-filter.
W1_PERMIT_DOCUMENT,PERMIT_ID,CHAR,W1M877P0,1,NORMAL,VALID,VISIBLE,NO,UNIQUE,Y,Y,N,N,,MEDIUM,Good candidate for equality or IN pre-filter.
W1_PERMIT_EMPLOYEE_LOG,PERMIT_ID,CHAR,W1M873P0,1,NORMAL,VALID,VISIBLE,NO,UNIQUE,Y,Y,N,N,,MEDIUM,Good candidate for equality or IN pre-filter.
W1_PERMIT_IDENTIFIER,PERMIT_ID,CHAR,W1M880P0,1,NORMAL,VALID,VISIBLE,NO,UNIQUE,Y,Y,N,N,,MEDIUM,Good candidate for equality or IN pre-filter.
W1_PERMIT_K,PERMIT_ID,CHAR,W1T883P0,1,IOT - TOP,VALID,VISIBLE,NO,UNIQUE,Y,Y,N,N,,MEDIUM,Good candidate for equality or IN pre-filter.
W1_PERMIT_LOG,PERMIT_ID,CHAR,W1M881P0,1,NORMAL,VALID,VISIBLE,NO,UNIQUE,Y,Y,N,N,,MEDIUM,Good candidate for equality or IN pre-filter.
W1_PERMIT_LOG_PARM,PERMIT_ID,CHAR,W1M882P0,1,NORMAL,VALID,VISIBLE,NO,UNIQUE,Y,Y,N,N,,MEDIUM,Good candidate for equality or IN pre-filter.
W1_PERMIT_NOTE,PERMIT_ID,CHAR,W1M878P0,1,NORMAL,VALID,VISIBLE,NO,UNIQUE,Y,Y,N,N,,MEDIUM,Good candidate for equality or IN pre-filter.
W1_PERMIT_RESOURCE,PERMIT_ID,CHAR,W1M874P0,1,NORMAL,VALID,VISIBLE,NO,UNIQUE,Y,Y,N,N,,MEDIUM,Good candidate for equality or IN pre-filter.
W1_PERMIT_TMPL,PERMIT_TMPL_CD,VARCHAR2,W1C872P0,1,NORMAL,VALID,VISIBLE,NO,UNIQUE,Y,Y,N,N,,MEDIUM,Good candidate for equality or IN pre-filter.
W1_PERMIT_TMPL_CHAR,PERMIT_TMPL_CD,VARCHAR2,W1C874P0,1,NORMAL,VALID,VISIBLE,NO,UNIQUE,Y,Y,N,N,,MEDIUM,Good candidate for equality or IN pre-filter.
W1_PERMIT_TMPL_CHAR,SRCH_CHAR_VAL,VARCHAR2,W1C874S1,1,NORMAL,VALID,VISIBLE,NO,NONUNIQUE,Y,Y,N,N,,MEDIUM,Good candidate for equality or IN pre-filter.
W1_PERMIT_TMPL_CHKLST,PERMIT_TMPL_CD,VARCHAR2,W1C875P0,1,NORMAL,VALID,VISIBLE,NO,UNIQUE,Y,Y,N,N,,MEDIUM,Good candidate for equality or IN pre-filter.
W1_PERMIT_TMPL_DOCUMENT,PERMIT_TMPL_CD,VARCHAR2,W1C878P0,1,NORMAL,VALID,VISIBLE,NO,UNIQUE,Y,Y,N,N,,MEDIUM,Good candidate for equality or IN pre-filter.
W1_PERMIT_TMPL_L,PERMIT_TMPL_CD,VARCHAR2,W1C873P0,1,NORMAL,VALID,VISIBLE,NO,UNIQUE,Y,Y,N,N,,MEDIUM,Good candidate for equality or IN pre-filter.
W1_PERMIT_TMPL_NOTE,PERMIT_TMPL_CD,VARCHAR2,W1C879P0,1,NORMAL,VALID,VISIBLE,NO,UNIQUE,Y,Y,N,N,,MEDIUM,Good candidate for equality or IN pre-filter.
W1_PERMIT_TMPL_RESRC,PERMIT_TMPL_CD,VARCHAR2,W1C876P0,1,NORMAL,VALID,VISIBLE,NO,UNIQUE,Y,Y,N,N,,MEDIUM,Good candidate for equality or IN pre-filter.
W1_PERMIT_TMPL_SVC_HIST_TYPE,PERMIT_TMPL_CD,VARCHAR2,W1C877P0,1,NORMAL,VALID,VISIBLE,NO,UNIQUE,Y,Y,N,N,,MEDIUM,Good candidate for equality or IN pre-filter.
W1_PI_CNT_LINE,BUS_OBJ_CD,CHAR,W1T329S1,1,NORMAL,VALID,VISIBLE,NO,UNIQUE,Y,Y,N,N,,MEDIUM,Good candidate for equality or IN pre-filter.
W1_PI_CNT_LINE,PI_CNT_LINE_ID,CHAR,W1T329P0,1,NORMAL,VALID,VISIBLE,NO,UNIQUE,Y,Y,N,N,,MEDIUM,Good candidate for equality or IN pre-filter.
W1_PI_CNT_LINE,PI_CNT_MST_ID,CHAR,W1T329S2,1,NORMAL,VALID,VISIBLE,NO,UNIQUE,Y,Y,N,N,,MEDIUM,Good candidate for equality or IN pre-filter.
W1_PI_CNT_LINE_CHAR,PI_CNT_LINE_ID,CHAR,W1T330P0,1,NORMAL,VALID,VISIBLE,NO,UNIQUE,Y,Y,N,N,,MEDIUM,Good candidate for equality or IN pre-filter.
W1_PI_CNT_LINE_CHAR,SRCH_CHAR_VAL,VARCHAR2,W1T330S1,1,NORMAL,VALID,VISIBLE,NO,NONUNIQUE,Y,Y,N,N,,MEDIUM,Good candidate for equality or IN pre-filter.
W1_PI_CNT_LINE_K,PI_CNT_LINE_ID,CHAR,W1T333P0,1,IOT - TOP,VALID,VISIBLE,NO,UNIQUE,Y,Y,N,N,,MEDIUM,Good candidate for equality or IN pre-filter.
W1_PI_CNT_LINE_LOG,PI_CNT_LINE_ID,CHAR,W1T331P0,1,NORMAL,VALID,VISIBLE,NO,UNIQUE,Y,Y,N,N,,MEDIUM,Good candidate for equality or IN pre-filter.
W1_PI_CNT_LINE_LOG_PARM,PI_CNT_LINE_ID,CHAR,W1T332P0,1,NORMAL,VALID,VISIBLE,NO,UNIQUE,Y,Y,N,N,,MEDIUM,Good candidate for equality or IN pre-filter.
W1_PI_CNT_MST,BUS_OBJ_CD,CHAR,W1T324S1,1,NORMAL,VALID,VISIBLE,NO,UNIQUE,Y,Y,N,N,,MEDIUM,Good candidate for equality or IN pre-filter.
W1_PI_CNT_MST,PI_CNT_MST_ID,CHAR,W1T324P0,1,NORMAL,VALID,VISIBLE,NO,UNIQUE,Y,Y,N,N,,MEDIUM,Good candidate for equality or IN pre-filter.
W1_PI_CNT_MST,PI_HEADER_ID,CHAR,W1T324S2,1,NORMAL,VALID,VISIBLE,NO,UNIQUE,Y,Y,N,N,,MEDIUM,Good candidate for equality or IN pre-filter.
W1_PI_CNT_MST,STOCK_ITEM_DTL_ID,CHAR,W1T324S3,1,NORMAL,VALID,VISIBLE,NO,NONUNIQUE,Y,Y,N,N,,MEDIUM,Good candidate for equality or IN pre-filter.
W1_PI_CNT_MST_CHAR,PI_CNT_MST_ID,CHAR,W1T325P0,1,NORMAL,VALID,VISIBLE,NO,UNIQUE,Y,Y,N,N,,MEDIUM,Good candidate for equality or IN pre-filter.
W1_PI_CNT_MST_CHAR,SRCH_CHAR_VAL,VARCHAR2,W1T325S1,1,NORMAL,VALID,VISIBLE,NO,NONUNIQUE,Y,Y,N,N,,MEDIUM,Good candidate for equality or IN pre-filter.
W1_PI_CNT_MST_K,PI_CNT_MST_ID,CHAR,W1T328P0,1,IOT - TOP,VALID,VISIBLE,NO,UNIQUE,Y,Y,N,N,,MEDIUM,Good candidate for equality or IN pre-filter.
W1_PI_CNT_MST_LOG,PI_CNT_MST_ID,CHAR,W1T326P0,1,NORMAL,VALID,VISIBLE,NO,UNIQUE,Y,Y,N,N,,MEDIUM,Good candidate for equality or IN pre-filter.
W1_PI_CNT_MST_LOG_PARM,PI_CNT_MST_ID,CHAR,W1T327P0,1,NORMAL,VALID,VISIBLE,NO,UNIQUE,Y,Y,N,N,,MEDIUM,Good candidate for equality or IN pre-filter.
W1_PI_HEADER,BUS_OBJ_CD,CHAR,W1T319S1,1,NORMAL,VALID,VISIBLE,NO,UNIQUE,Y,Y,N,N,,MEDIUM,Good candidate for equality or IN pre-filter.
W1_PI_HEADER,PI_HEADER_ID,CHAR,W1T319P0,1,NORMAL,VALID,VISIBLE,NO,UNIQUE,Y,Y,N,N,,MEDIUM,Good candidate for equality or IN pre-filter.
W1_PI_HEADER,PI_HEADER_NUM,VARCHAR2,W1T319S2,1,NORMAL,VALID,VISIBLE,NO,UNIQUE,Y,Y,N,N,,MEDIUM,Good candidate for equality or IN pre-filter.
W1_PI_HEADER_CHAR,PI_HEADER_ID,CHAR,W1T320P0,1,NORMAL,VALID,VISIBLE,NO,UNIQUE,Y,Y,N,N,,MEDIUM,Good candidate for equality or IN pre-filter.
W1_PI_HEADER_CHAR,SRCH_CHAR_VAL,VARCHAR2,W1T320S1,1,NORMAL,VALID,VISIBLE,NO,NONUNIQUE,Y,Y,N,N,,MEDIUM,Good candidate for equality or IN pre-filter.
W1_PI_HEADER_K,PI_HEADER_ID,CHAR,W1T323P0,1,IOT - TOP,VALID,VISIBLE,NO,UNIQUE,Y,Y,N,N,,MEDIUM,Good candidate for equality or IN pre-filter.
W1_PI_HEADER_LOG,PI_HEADER_ID,CHAR,W1T321P0,1,NORMAL,VALID,VISIBLE,NO,UNIQUE,Y,Y,N,N,,MEDIUM,Good candidate for equality or IN pre-filter.
W1_PI_HEADER_LOG_PARM,PI_HEADER_ID,CHAR,W1T322P0,1,NORMAL,VALID,VISIBLE,NO,UNIQUE,Y,Y,N,N,,MEDIUM,Good candidate for equality or IN pre-filter.
W1_PLANNER,PLANNER_CD,VARCHAR2,W1C691P0,1,NORMAL,VALID,VISIBLE,NO,UNIQUE,Y,Y,N,N,,MEDIUM,Good candidate for equality or IN pre-filter.
W1_PLANNER_CHAR,PLANNER_CD,VARCHAR2,W1C693P0,1,NORMAL,VALID,VISIBLE,NO,UNIQUE,Y,Y,N,N,,MEDIUM,Good candidate for equality or IN pre-filter.
W1_PLANNER_CHAR,SRCH_CHAR_VAL,VARCHAR2,W1C693S1,1,NORMAL,VALID,VISIBLE,NO,NONUNIQUE,Y,Y,N,N,,MEDIUM,Good candidate for equality or IN pre-filter.
W1_PLANNER_L,PLANNER_CD,VARCHAR2,W1C692P0,1,NORMAL,VALID,VISIBLE,NO,UNIQUE,Y,Y,N,N,,MEDIUM,Good candidate for equality or IN pre-filter.
W1_PO_HEADER,BC_HEADER_ID,CHAR,W1T410S5,1,NORMAL,VALID,VISIBLE,NO,UNIQUE,Y,Y,N,N,,MEDIUM,Good candidate for equality or IN pre-filter.
W1_PO_HEADER,BUS_OBJ_CD,CHAR,W1T410S2,1,NORMAL,VALID,VISIBLE,NO,UNIQUE,Y,Y,N,N,,MEDIUM,Good candidate for equality or IN pre-filter.
W1_PO_HEADER,CURRENCY_CD,CHAR,W1T410S4,1,NORMAL,VALID,VISIBLE,NO,NONUNIQUE,Y,Y,N,N,,MEDIUM,Good candidate for equality or IN pre-filter.
W1_PO_HEADER,PO_HEADER_ID,CHAR,W1T410P0,1,NORMAL,VALID,VISIBLE,NO,UNIQUE,Y,Y,N,N,,MEDIUM,Good candidate for equality or IN pre-filter.
W1_PO_HEADER,PO_NUM,VARCHAR2,W1T410S1,1,NORMAL,VALID,VISIBLE,NO,NONUNIQUE,Y,Y,N,N,,MEDIUM,Good candidate for equality or IN pre-filter.
W1_PO_HEADER,VENDOR_LOC_ID,CHAR,W1T410S3,1,NORMAL,VALID,VISIBLE,NO,NONUNIQUE,Y,Y,N,N,,MEDIUM,Good candidate for equality or IN pre-filter.
W1_PO_HEADER_CHAR,PO_HEADER_ID,CHAR,W1T413P0,1,NORMAL,VALID,VISIBLE,NO,UNIQUE,Y,Y,N,N,,MEDIUM,Good candidate for equality or IN pre-filter.
W1_PO_HEADER_CHAR,SRCH_CHAR_VAL,VARCHAR2,W1T413S1,1,NORMAL,VALID,VISIBLE,NO,NONUNIQUE,Y,Y,N,N,,MEDIUM,Good candidate for equality or IN pre-filter.
W1_PO_HEADER_COST_CENTER,PO_HEADER_ID,CHAR,W1T412P0,1,NORMAL,VALID,VISIBLE,NO,UNIQUE,Y,Y,N,N,,MEDIUM,Good candidate for equality or IN pre-filter.
W1_PO_HEADER_DOCUMENT,PO_HEADER_ID,CHAR,W1T417P0,1,NORMAL,VALID,VISIBLE,NO,UNIQUE,Y,Y,N,N,,MEDIUM,Good candidate for equality or IN pre-filter.
W1_PO_HEADER_IDENTIFIER,PO_HEADER_ID,CHAR,W1T525P0,1,NORMAL,VALID,VISIBLE,NO,UNIQUE,Y,Y,N,N,,MEDIUM,Good candidate for equality or IN pre-filter.
W1_PO_HEADER_IDENTIFIER,SYS_NC00005$,,W1T525S1,1,FUNCTION-BASED NORMAL,VALID,VISIBLE,NO,NONUNIQUE,Y,Y,N,N,,MEDIUM,Good candidate for equality or IN pre-filter.
W1_PO_HEADER_IDENTIFIER,W1_ID_VALUE,VARCHAR2,W1T525S0,1,NORMAL,VALID,VISIBLE,NO,NONUNIQUE,Y,Y,N,N,,MEDIUM,Good candidate for equality or IN pre-filter.
W1_PO_HEADER_K,PO_HEADER_ID,CHAR,W1T411P0,1,IOT - TOP,VALID,VISIBLE,NO,UNIQUE,Y,Y,N,N,,MEDIUM,Good candidate for equality or IN pre-filter.
W1_PO_HEADER_LOG,CHAR_TYPE_CD,CHAR,W1T414S1,1,NORMAL,VALID,VISIBLE,NO,NONUNIQUE,Y,Y,N,N,,MEDIUM,Good candidate for equality or IN pre-filter.
W1_PO_HEADER_LOG,CHAR_TYPE_CD,CHAR,W1T414S2,1,NORMAL,VALID,VISIBLE,NO,NONUNIQUE,Y,Y,N,N,,MEDIUM,Good candidate for equality or IN pre-filter.
W1_PO_HEADER_LOG,PO_HEADER_ID,CHAR,W1T414P0,1,NORMAL,VALID,VISIBLE,NO,UNIQUE,Y,Y,N,N,,MEDIUM,Good candidate for equality or IN pre-filter.
W1_PO_HEADER_LOG_PARM,PO_HEADER_ID,CHAR,W1T415P0,1,NORMAL,VALID,VISIBLE,NO,UNIQUE,Y,Y,N,N,,MEDIUM,Good candidate for equality or IN pre-filter.
W1_PO_HEADER_NOTE,PO_HEADER_ID,CHAR,W1T416P0,1,NORMAL,VALID,VISIBLE,NO,UNIQUE,Y,Y,N,N,,MEDIUM,Good candidate for equality or IN pre-filter.
W1_PO_LINE,ACT_ID,CHAR,W1T418S3,1,NORMAL,VALID,VISIBLE,NO,UNIQUE,Y,Y,N,N,,MEDIUM,Good candidate for equality or IN pre-filter.
W1_PO_LINE,BC_LINE_ID,CHAR,W1T418S7,1,NORMAL,VALID,VISIBLE,NO,UNIQUE,Y,Y,N,N,,MEDIUM,Good candidate for equality or IN pre-filter.
W1_PO_LINE,BUS_OBJ_CD,CHAR,W1T418S4,1,NORMAL,VALID,VISIBLE,NO,UNIQUE,Y,Y,N,N,,MEDIUM,Good candidate for equality or IN pre-filter.
W1_PO_LINE,ITEM_NUM,NUMBER,W1T418S1,1,NORMAL,VALID,VISIBLE,NO,NONUNIQUE,Y,Y,N,N,,MEDIUM,Good candidate for equality or IN pre-filter.
W1_PO_LINE,PO_HEADER_ID,CHAR,W1T418S2,1,NORMAL,VALID,VISIBLE,NO,UNIQUE,Y,Y,N,N,,MEDIUM,Good candidate for equality or IN pre-filter.
W1_PO_LINE,PO_LINE_ID,CHAR,W1T418P0,1,NORMAL,VALID,VISIBLE,NO,UNIQUE,Y,Y,N,N,,MEDIUM,Good candidate for equality or IN pre-filter.
W1_PO_LINE,PR_LINE_ID,CHAR,W1T418S8,1,NORMAL,VALID,VISIBLE,NO,UNIQUE,Y,Y,N,N,,MEDIUM,Good candidate for equality or IN pre-filter.
W1_PO_LINE,RESRC_TYPE_ID,CHAR,W1T418S5,1,NORMAL,VALID,VISIBLE,NO,UNIQUE,Y,Y,N,N,,MEDIUM,Good candidate for equality or IN pre-filter.
W1_PO_LINE,STOCK_ITEM_DTL_ID,CHAR,W1T418S6,1,NORMAL,VALID,VISIBLE,NO,UNIQUE,Y,Y,N,N,,MEDIUM,Good candidate for equality or IN pre-filter.
W1_PO_LINE_CHAR,PO_LINE_ID,CHAR,W1T421P0,1,NORMAL,VALID,VISIBLE,NO,UNIQUE,Y,Y,N,N,,MEDIUM,Good candidate for equality or IN pre-filter.
W1_PO_LINE_CHAR,SRCH_CHAR_VAL,VARCHAR2,W1T421S1,1,NORMAL,VALID,VISIBLE,NO,NONUNIQUE,Y,Y,N,N,,MEDIUM,Good candidate for equality or IN pre-filter.
W1_PO_LINE_COST_CENTER,PO_LINE_ID,CHAR,W1T420P0,1,NORMAL,VALID,VISIBLE,NO,UNIQUE,Y,Y,N,N,,MEDIUM,Good candidate for equality or IN pre-filter.
W1_PO_LINE_DOCUMENT,PO_LINE_ID,CHAR,W1T427P0,1,NORMAL,VALID,VISIBLE,NO,UNIQUE,Y,Y,N,N,,MEDIUM,Good candidate for equality or IN pre-filter.
W1_PO_LINE_K,PO_LINE_ID,CHAR,W1T419P0,1,IOT - TOP,VALID,VISIBLE,NO,UNIQUE,Y,Y,N,N,,MEDIUM,Good candidate for equality or IN pre-filter.
W1_PO_LINE_LOG,CHAR_TYPE_CD,CHAR,W1T422S1,1,NORMAL,VALID,VISIBLE,NO,NONUNIQUE,Y,Y,N,N,,MEDIUM,Good candidate for equality or IN pre-filter.
W1_PO_LINE_LOG,CHAR_TYPE_CD,CHAR,W1T422S2,1,NORMAL,VALID,VISIBLE,NO,NONUNIQUE,Y,Y,N,N,,MEDIUM,Good candidate for equality or IN pre-filter.
W1_PO_LINE_LOG,PO_LINE_ID,CHAR,W1T422P0,1,NORMAL,VALID,VISIBLE,NO,UNIQUE,Y,Y,N,N,,MEDIUM,Good candidate for equality or IN pre-filter.
W1_PO_LINE_LOG_PARM,PO_LINE_ID,CHAR,W1T423P0,1,NORMAL,VALID,VISIBLE,NO,UNIQUE,Y,Y,N,N,,MEDIUM,Good candidate for equality or IN pre-filter.
W1_PO_LINE_MFR,PO_LINE_ID,CHAR,W1T424P0,1,NORMAL,VALID,VISIBLE,NO,UNIQUE,Y,Y,N,N,,MEDIUM,Good candidate for equality or IN pre-filter.
W1_PO_LINE_NOTE,PO_LINE_ID,CHAR,W1T426P0,1,NORMAL,VALID,VISIBLE,NO,UNIQUE,Y,Y,N,N,,MEDIUM,Good candidate for equality or IN pre-filter.
W1_PO_LINE_TAX_LINE,PO_LINE_ID,CHAR,W1T425P0,1,NORMAL,VALID,VISIBLE,NO,UNIQUE,Y,Y,N,N,,MEDIUM,Good candidate for equality or IN pre-filter.
W1_PROCESS,PROCESS_ID,CHAR,W1M923P0,1,NORMAL,VALID,VISIBLE,NO,UNIQUE,Y,Y,N,N,,MEDIUM,Good candidate for equality or IN pre-filter.
W1_PROCESS_CHAR,PROCESS_ID,CHAR,W1M926P0,1,NORMAL,VALID,VISIBLE,NO,UNIQUE,Y,Y,N,N,,MEDIUM,Good candidate for equality or IN pre-filter.
W1_PROCESS_DOCUMENT,PROCESS_ID,CHAR,W1M930P0,1,NORMAL,VALID,VISIBLE,NO,UNIQUE,Y,Y,N,N,,MEDIUM,Good candidate for equality or IN pre-filter.
W1_PROCESS_IDENTIFIER,PROCESS_ID,CHAR,W1M927P0,1,NORMAL,VALID,VISIBLE,NO,UNIQUE,Y,Y,N,N,,MEDIUM,Good candidate for equality or IN pre-filter.
W1_PROCESS_K,PROCESS_ID,CHAR,W1M924P0,1,IOT - TOP,VALID,VISIBLE,NO,UNIQUE,Y,Y,N,N,,MEDIUM,Good candidate for equality or IN pre-filter.
W1_PROCESS_LOC,PROCESS_ID,CHAR,W1M925P0,1,NORMAL,VALID,VISIBLE,NO,UNIQUE,Y,Y,N,N,,MEDIUM,Good candidate for equality or IN pre-filter.
W1_PROCESS_LOG,PROCESS_ID,CHAR,W1M928P0,1,NORMAL,VALID,VISIBLE,NO,UNIQUE,Y,Y,N,N,,MEDIUM,Good candidate for equality or IN pre-filter.
W1_PROCESS_LOG_PARM,PROCESS_ID,CHAR,W1M929P0,1,NORMAL,VALID,VISIBLE,NO,UNIQUE,Y,Y,N,N,,MEDIUM,Good candidate for equality or IN pre-filter.
W1_PROCESS_TYPE,PROCESS_TYPE_CD,VARCHAR2,W1C920P0,1,NORMAL,VALID,VISIBLE,NO,UNIQUE,Y,Y,N,N,,MEDIUM,Good candidate for equality or IN pre-filter.
W1_PROCESS_TYPE_CHAR,PROCESS_TYPE_CD,VARCHAR2,W1C921P0,1,NORMAL,VALID,VISIBLE,NO,UNIQUE,Y,Y,N,N,,MEDIUM,Good candidate for equality or IN pre-filter.
W1_PROCESS_TYPE_L,PROCESS_TYPE_CD,VARCHAR2,W1C922P0,1,NORMAL,VALID,VISIBLE,NO,UNIQUE,Y,Y,N,N,,MEDIUM,Good candidate for equality or IN pre-filter.
W1_PROJECT,ACT_END_DT,DATE,W1M601S6,1,NORMAL,VALID,VISIBLE,NO,NONUNIQUE,Y,Y,Y,N,,HIGH,Primary candidate for mandatory rolling window pre-filter.
W1_PROJECT,ACT_START_DT,DATE,W1M601S5,1,NORMAL,VALID,VISIBLE,NO,NONUNIQUE,Y,Y,Y,N,,HIGH,Primary candidate for mandatory rolling window pre-filter.
W1_PROJECT,CRE_DTTM,DATE,W1M601S7,1,NORMAL,VALID,VISIBLE,NO,NONUNIQUE,Y,Y,Y,N,,HIGH,Primary candidate for mandatory rolling window pre-filter.
W1_PROJECT,EST_END_DT,DATE,W1M601S4,1,NORMAL,VALID,VISIBLE,NO,NONUNIQUE,Y,Y,Y,N,,HIGH,Primary candidate for mandatory rolling window pre-filter.
W1_PROJECT,EST_START_DT,DATE,W1M601S3,1,NORMAL,VALID,VISIBLE,NO,NONUNIQUE,Y,Y,Y,N,,HIGH,Primary candidate for mandatory rolling window pre-filter.
W1_PROJECT,FINAL_DTTM,DATE,W1M601S8,1,NORMAL,VALID,VISIBLE,NO,NONUNIQUE,Y,Y,Y,N,,HIGH,Primary candidate for mandatory rolling window pre-filter.
W1_PROJECT,ALLOW_CHARGE_FLG,CHAR,W1M601S10,1,NORMAL,VALID,VISIBLE,NO,NONUNIQUE,Y,Y,N,N,,MEDIUM,Good candidate for equality or IN pre-filter.
W1_PROJECT,BUS_OBJ_CD,CHAR,W1M601S1,1,NORMAL,VALID,VISIBLE,NO,UNIQUE,Y,Y,N,N,,MEDIUM,Good candidate for equality or IN pre-filter.
W1_PROJECT,PRJ_CAT_CD,VARCHAR2,W1M601S2,1,NORMAL,VALID,VISIBLE,NO,NONUNIQUE,Y,Y,N,N,,MEDIUM,Good candidate for equality or IN pre-filter.
W1_PROJECT,PRJ_ID,CHAR,W1M601P0,1,NORMAL,VALID,VISIBLE,NO,UNIQUE,Y,Y,N,N,,MEDIUM,Good candidate for equality or IN pre-filter.
W1_PROJECT,PRJ_NUM,CHAR,W1M601S12,1,NORMAL,VALID,VISIBLE,NO,NONUNIQUE,Y,Y,N,N,,MEDIUM,Good candidate for equality or IN pre-filter.
W1_PROJECT,PRNT_PRJ_ID,CHAR,W1M601S9,1,NORMAL,VALID,VISIBLE,NO,NONUNIQUE,Y,Y,N,N,,MEDIUM,Good candidate for equality or IN pre-filter.
W1_PROJECT,W1_DESCR100_UPR,VARCHAR2,W1M601S11,1,NORMAL,VALID,VISIBLE,NO,NONUNIQUE,Y,Y,N,N,,MEDIUM,Good candidate for equality or IN pre-filter.
W1_PROJECT_CATEGORY,PRJ_CAT_CD,VARCHAR2,W1C631P0,1,NORMAL,VALID,VISIBLE,NO,UNIQUE,Y,Y,N,N,,MEDIUM,Good candidate for equality or IN pre-filter.
W1_PROJECT_CATEGORY_CHAR,PRJ_CAT_CD,VARCHAR2,W1C633P0,1,NORMAL,VALID,VISIBLE,NO,UNIQUE,Y,Y,N,N,,MEDIUM,Good candidate for equality or IN pre-filter.
W1_PROJECT_CATEGORY_CHAR,SRCH_CHAR_VAL,VARCHAR2,W1C633S1,1,NORMAL,VALID,VISIBLE,NO,NONUNIQUE,Y,Y,N,N,,MEDIUM,Good candidate for equality or IN pre-filter.
W1_PROJECT_CATEGORY_L,PRJ_CAT_CD,VARCHAR2,W1C632P0,1,NORMAL,VALID,VISIBLE,NO,UNIQUE,Y,Y,N,N,,MEDIUM,Good candidate for equality or IN pre-filter.
W1_PROJECT_CATEGORY_LOG,PRJ_CAT_CD,VARCHAR2,W1C963P0,1,NORMAL,VALID,VISIBLE,NO,UNIQUE,Y,Y,N,N,,MEDIUM,Good candidate for equality or IN pre-filter.
W1_PROJECT_CATEGORY_LOG_PARM,PRJ_CAT_CD,VARCHAR2,W1C964P0,1,NORMAL,VALID,VISIBLE,NO,UNIQUE,Y,Y,N,N,,MEDIUM,Good candidate for equality or IN pre-filter.
W1_PROJECT_CHAR,PRJ_ID,CHAR,W1M604P0,1,NORMAL,VALID,VISIBLE,NO,UNIQUE,Y,Y,N,N,,MEDIUM,Good candidate for equality or IN pre-filter.
W1_PROJECT_CHAR,SRCH_CHAR_VAL,VARCHAR2,W1M604S1,1,NORMAL,VALID,VISIBLE,NO,NONUNIQUE,Y,Y,N,N,,MEDIUM,Good candidate for equality or IN pre-filter.
W1_PROJECT_COST_CENTER,PRJ_ID,CHAR,W1M602P0,1,NORMAL,VALID,VISIBLE,NO,UNIQUE,Y,Y,N,N,,MEDIUM,Good candidate for equality or IN pre-filter.
W1_PROJECT_DOCUMENT,PRJ_ID,CHAR,W1M608P0,1,NORMAL,VALID,VISIBLE,NO,UNIQUE,Y,Y,N,N,,MEDIUM,Good candidate for equality or IN pre-filter.
W1_PROJECT_IDENTIFIER,PRJ_ID,CHAR,W1M603P0,1,NORMAL,VALID,VISIBLE,NO,UNIQUE,Y,Y,N,N,,MEDIUM,Good candidate for equality or IN pre-filter.
W1_PROJECT_IDENTIFIER,SYS_NC00005$,,W1M603S1,1,FUNCTION-BASED NORMAL,VALID,VISIBLE,NO,NONUNIQUE,Y,Y,N,N,,MEDIUM,Good candidate for equality or IN pre-filter.
W1_PROJECT_IDENTIFIER,W1_ID_VALUE,VARCHAR2,W1M603S0,1,NORMAL,VALID,VISIBLE,NO,NONUNIQUE,Y,Y,N,N,,MEDIUM,Good candidate for equality or IN pre-filter.
W1_PROJECT_K,PRJ_ID,CHAR,W1M609P0,1,IOT - TOP,VALID,VISIBLE,NO,UNIQUE,Y,Y,N,N,,MEDIUM,Good candidate for equality or IN pre-filter.
W1_PROJECT_LOG,CHAR_TYPE_CD,CHAR,W1M605S1,1,NORMAL,VALID,VISIBLE,NO,NONUNIQUE,Y,Y,N,N,,MEDIUM,Good candidate for equality or IN pre-filter.
W1_PROJECT_LOG,CHAR_TYPE_CD,CHAR,W1M605S2,1,NORMAL,VALID,VISIBLE,NO,NONUNIQUE,Y,Y,N,N,,MEDIUM,Good candidate for equality or IN pre-filter.
W1_PROJECT_LOG,PRJ_ID,CHAR,W1M605P0,1,NORMAL,VALID,VISIBLE,NO,UNIQUE,Y,Y,N,N,,MEDIUM,Good candidate for equality or IN pre-filter.
W1_PROJECT_LOG_PARM,PRJ_ID,CHAR,W1M606P0,1,NORMAL,VALID,VISIBLE,NO,UNIQUE,Y,Y,N,N,,MEDIUM,Good candidate for equality or IN pre-filter.
W1_PROJECT_NOTE,PRJ_ID,CHAR,W1M607P0,1,NORMAL,VALID,VISIBLE,NO,UNIQUE,Y,Y,N,N,,MEDIUM,Good candidate for equality or IN pre-filter.
W1_PROPERTY_UNIT,PROPERTY_UNIT_CD,VARCHAR2,W1C739P0,1,NORMAL,VALID,VISIBLE,NO,UNIQUE,Y,Y,N,N,,MEDIUM,Good candidate for equality or IN pre-filter.
W1_PROPERTY_UNIT_CHAR,PROPERTY_UNIT_CD,VARCHAR2,W1T741P0,1,NORMAL,VALID,VISIBLE,NO,UNIQUE,Y,Y,N,N,,MEDIUM,Good candidate for equality or IN pre-filter.
W1_PROPERTY_UNIT_CHAR,SRCH_CHAR_VAL,VARCHAR2,W1T741S1,1,NORMAL,VALID,VISIBLE,NO,NONUNIQUE,Y,Y,N,N,,MEDIUM,Good candidate for equality or IN pre-filter.
W1_PROPERTY_UNIT_L,PROPERTY_UNIT_CD,VARCHAR2,W1C740P0,1,NORMAL,VALID,VISIBLE,NO,UNIQUE,Y,Y,N,N,,MEDIUM,Good candidate for equality or IN pre-filter.
W1_PR_HDR,BUS_OBJ_CD,CHAR,W1T434S5,1,NORMAL,VALID,VISIBLE,NO,UNIQUE,Y,Y,N,N,,MEDIUM,Good candidate for equality or IN pre-filter.
W1_PR_HDR,DELIVER_TO_UPR,VARCHAR2,W1T434S4,1,NORMAL,VALID,VISIBLE,NO,NONUNIQUE,Y,Y,N,N,,MEDIUM,Good candidate for equality or IN pre-filter.
W1_PR_HDR,PR_HDR_ID,CHAR,W1T434P0,1,NORMAL,VALID,VISIBLE,NO,UNIQUE,Y,Y,N,N,,MEDIUM,Good candidate for equality or IN pre-filter.
W1_PR_HDR,PR_NMBR,VARCHAR2,W1T434S1,1,NORMAL,VALID,VISIBLE,NO,UNIQUE,Y,Y,N,N,,MEDIUM,Good candidate for equality or IN pre-filter.
W1_PR_HDR,REQSTR_UPR,VARCHAR2,W1T434S3,1,NORMAL,VALID,VISIBLE,NO,NONUNIQUE,Y,Y,N,N,,MEDIUM,Good candidate for equality or IN pre-filter.
W1_PR_HDR,W1_DESCR100_UPR,VARCHAR2,W1T434S2,1,NORMAL,VALID,VISIBLE,NO,NONUNIQUE,Y,Y,N,N,,MEDIUM,Good candidate for equality or IN pre-filter.
W1_PR_HDR_CHAR,PR_HDR_ID,CHAR,W1T437P0,1,NORMAL,VALID,VISIBLE,NO,UNIQUE,Y,Y,N,N,,MEDIUM,Good candidate for equality or IN pre-filter.
W1_PR_HDR_CHAR,SRCH_CHAR_VAL,VARCHAR2,W1T437S1,1,NORMAL,VALID,VISIBLE,NO,NONUNIQUE,Y,Y,N,N,,MEDIUM,Good candidate for equality or IN pre-filter.
W1_PR_HDR_COST_CTR,PR_HDR_ID,CHAR,W1T442P0,1,NORMAL,VALID,VISIBLE,NO,UNIQUE,Y,Y,N,N,,MEDIUM,Good candidate for equality or IN pre-filter.
W1_PR_HDR_DOCUMENT,PR_HDR_ID,CHAR,W1T441P0,1,NORMAL,VALID,VISIBLE,NO,UNIQUE,Y,Y,N,N,,MEDIUM,Good candidate for equality or IN pre-filter.
W1_PR_HDR_IDENTIFIER,PR_HDR_ID,CHAR,W1T436P0,1,NORMAL,VALID,VISIBLE,NO,UNIQUE,Y,Y,N,N,,MEDIUM,Good candidate for equality or IN pre-filter.
W1_PR_HDR_IDENTIFIER,SYS_NC00005$,,W1T436S2,1,FUNCTION-BASED NORMAL,VALID,VISIBLE,NO,NONUNIQUE,Y,Y,N,N,,MEDIUM,Good candidate for equality or IN pre-filter.
W1_PR_HDR_IDENTIFIER,W1_ID_VALUE,VARCHAR2,W1T436S1,1,NORMAL,VALID,VISIBLE,NO,NONUNIQUE,Y,Y,N,N,,MEDIUM,Good candidate for equality or IN pre-filter.
W1_PR_HDR_K,PR_HDR_ID,CHAR,W1T435P0,1,IOT - TOP,VALID,VISIBLE,NO,UNIQUE,Y,Y,N,N,,MEDIUM,Good candidate for equality or IN pre-filter.
W1_PR_HDR_LOG,PR_HDR_ID,CHAR,W1T438P0,1,NORMAL,VALID,VISIBLE,NO,UNIQUE,Y,Y,N,N,,MEDIUM,Good candidate for equality or IN pre-filter.
W1_PR_HDR_LOG_PARM,PR_HDR_ID,CHAR,W1T439P0,1,NORMAL,VALID,VISIBLE,NO,UNIQUE,Y,Y,N,N,,MEDIUM,Good candidate for equality or IN pre-filter.
W1_PR_HDR_NOTE,PR_HDR_ID,CHAR,W1T440P0,1,NORMAL,VALID,VISIBLE,NO,UNIQUE,Y,Y,N,N,,MEDIUM,Good candidate for equality or IN pre-filter.
W1_PR_LINE,BUS_OBJ_CD,CHAR,W1T443S1,1,NORMAL,VALID,VISIBLE,NO,UNIQUE,Y,Y,N,N,,MEDIUM,Good candidate for equality or IN pre-filter.
W1_PR_LINE,PR_HDR_ID,CHAR,W1T443S2,1,NORMAL,VALID,VISIBLE,NO,UNIQUE,Y,Y,N,N,,MEDIUM,Good candidate for equality or IN pre-filter.
W1_PR_LINE,PR_LINE_ID,CHAR,W1T443P0,1,NORMAL,VALID,VISIBLE,NO,UNIQUE,Y,Y,N,N,,MEDIUM,Good candidate for equality or IN pre-filter.
W1_PR_LINE,STOCK_ITEM_DTL_ID,CHAR,W1T443S3,1,NORMAL,VALID,VISIBLE,NO,UNIQUE,Y,Y,N,N,,MEDIUM,Good candidate for equality or IN pre-filter.
W1_PR_LINE_CHAR,PR_LINE_ID,CHAR,W1T446P0,1,NORMAL,VALID,VISIBLE,NO,UNIQUE,Y,Y,N,N,,MEDIUM,Good candidate for equality or IN pre-filter.
W1_PR_LINE_CHAR,SRCH_CHAR_VAL,VARCHAR2,W1T446S1,1,NORMAL,VALID,VISIBLE,NO,NONUNIQUE,Y,Y,N,N,,MEDIUM,Good candidate for equality or IN pre-filter.
W1_PR_LINE_COST,PR_LINE_ID,CHAR,W1T445P0,1,NORMAL,VALID,VISIBLE,NO,UNIQUE,Y,Y,N,N,,MEDIUM,Good candidate for equality or IN pre-filter.
W1_PR_LINE_DOCUMENT,PR_LINE_ID,CHAR,W1T452P0,1,NORMAL,VALID,VISIBLE,NO,UNIQUE,Y,Y,N,N,,MEDIUM,Good candidate for equality or IN pre-filter.
W1_PR_LINE_K,PR_LINE_ID,CHAR,W1T444P0,1,IOT - TOP,VALID,VISIBLE,NO,UNIQUE,Y,Y,N,N,,MEDIUM,Good candidate for equality or IN pre-filter.
W1_PR_LINE_LOG,PR_LINE_ID,CHAR,W1T447P0,1,NORMAL,VALID,VISIBLE,NO,UNIQUE,Y,Y,N,N,,MEDIUM,Good candidate for equality or IN pre-filter.
W1_PR_LINE_LOG_PARM,PR_LINE_ID,CHAR,W1T448P0,1,NORMAL,VALID,VISIBLE,NO,UNIQUE,Y,Y,N,N,,MEDIUM,Good candidate for equality or IN pre-filter.
W1_PR_LINE_MFR,PR_LINE_ID,CHAR,W1T449P0,1,NORMAL,VALID,VISIBLE,NO,UNIQUE,Y,Y,N,N,,MEDIUM,Good candidate for equality or IN pre-filter.
W1_PR_LINE_NOTE,PR_LINE_ID,CHAR,W1T451P0,1,NORMAL,VALID,VISIBLE,NO,UNIQUE,Y,Y,N,N,,MEDIUM,Good candidate for equality or IN pre-filter.
W1_PR_LINE_TXLN,PR_LINE_ID,CHAR,W1T450P0,1,NORMAL,VALID,VISIBLE,NO,UNIQUE,Y,Y,N,N,,MEDIUM,Good candidate for equality or IN pre-filter.
W1_PURCHASE_CMDTY,PURCHASE_CMDTY_CD,VARCHAR2,W1C588P0,1,NORMAL,VALID,VISIBLE,NO,UNIQUE,Y,Y,N,N,,MEDIUM,Good candidate for equality or IN pre-filter.
W1_PURCHASE_CMDTY_CHAR,PURCHASE_CMDTY_CD,VARCHAR2,W1C590P0,1,NORMAL,VALID,VISIBLE,NO,UNIQUE,Y,Y,N,N,,MEDIUM,Good candidate for equality or IN pre-filter.
W1_PURCHASE_CMDTY_CHAR,SRCH_CHAR_VAL,VARCHAR2,W1C590S1,1,NORMAL,VALID,VISIBLE,NO,NONUNIQUE,Y,Y,N,N,,MEDIUM,Good candidate for equality or IN pre-filter.
W1_PURCHASE_CMDTY_L,PURCHASE_CMDTY_CD,VARCHAR2,W1C589P0,1,NORMAL,VALID,VISIBLE,NO,UNIQUE,Y,Y,N,N,,MEDIUM,Good candidate for equality or IN pre-filter.
W1_QUESTION,QUESTION_CD,VARCHAR2,W1C513P0,1,NORMAL,VALID,VISIBLE,NO,UNIQUE,Y,Y,N,N,,MEDIUM,Good candidate for equality or IN pre-filter.
W1_QUESTION_ANSWER,QUESTION_CD,VARCHAR2,W1C515P0,1,NORMAL,VALID,VISIBLE,NO,UNIQUE,Y,Y,N,N,,MEDIUM,Good candidate for equality or IN pre-filter.
W1_QUESTION_ANSWER_L,QUESTION_CD,VARCHAR2,W1C516P0,1,NORMAL,VALID,VISIBLE,NO,UNIQUE,Y,Y,N,N,,MEDIUM,Good candidate for equality or IN pre-filter.
W1_QUESTION_L,QUESTION_CD,VARCHAR2,W1C514P0,1,NORMAL,VALID,VISIBLE,NO,UNIQUE,Y,Y,N,N,,MEDIUM,Good candidate for equality or IN pre-filter.
W1_RCPT_HDR,BUS_OBJ_CD,CHAR,W1T460S1,1,NORMAL,VALID,VISIBLE,NO,UNIQUE,Y,Y,N,N,,MEDIUM,Good candidate for equality or IN pre-filter.
W1_RCPT_HDR,PO_HEADER_ID,CHAR,W1T460S3,1,NORMAL,VALID,VISIBLE,NO,UNIQUE,Y,Y,N,N,,MEDIUM,Good candidate for equality or IN pre-filter.
W1_RCPT_HDR,RCPT_HDR_ID,CHAR,W1T460P0,1,NORMAL,VALID,VISIBLE,NO,UNIQUE,Y,Y,N,N,,MEDIUM,Good candidate for equality or IN pre-filter.
W1_RCPT_HDR,W1_DESCR100_UPR,VARCHAR2,W1T460S2,1,NORMAL,VALID,VISIBLE,NO,NONUNIQUE,Y,Y,N,N,,MEDIUM,Good candidate for equality or IN pre-filter.
W1_RCPT_HDR_CHAR,RCPT_HDR_ID,CHAR,W1T464P0,1,NORMAL,VALID,VISIBLE,NO,UNIQUE,Y,Y,N,N,,MEDIUM,Good candidate for equality or IN pre-filter.
W1_RCPT_HDR_CHAR,SRCH_CHAR_VAL,VARCHAR2,W1T464S1,1,NORMAL,VALID,VISIBLE,NO,NONUNIQUE,Y,Y,N,N,,MEDIUM,Good candidate for equality or IN pre-filter.
W1_RCPT_HDR_DOCUMENT,RCPT_HDR_ID,CHAR,W1T463P0,1,NORMAL,VALID,VISIBLE,NO,UNIQUE,Y,Y,N,N,,MEDIUM,Good candidate for equality or IN pre-filter.
W1_RCPT_HDR_IDENTIFIER,RCPT_HDR_ID,CHAR,W1T462P0,1,NORMAL,VALID,VISIBLE,NO,UNIQUE,Y,Y,N,N,,MEDIUM,Good candidate for equality or IN pre-filter.
W1_RCPT_HDR_IDENTIFIER,SYS_NC00005$,,W1T462S1,1,FUNCTION-BASED NORMAL,VALID,VISIBLE,NO,NONUNIQUE,Y,Y,N,N,,MEDIUM,Good candidate for equality or IN pre-filter.
W1_RCPT_HDR_IDENTIFIER,W1_ID_VALUE,VARCHAR2,W1T462S0,1,NORMAL,VALID,VISIBLE,NO,NONUNIQUE,Y,Y,N,N,,MEDIUM,Good candidate for equality or IN pre-filter.
W1_RCPT_HDR_K,RCPT_HDR_ID,CHAR,W1T467P0,1,IOT - TOP,VALID,VISIBLE,NO,UNIQUE,Y,Y,N,N,,MEDIUM,Good candidate for equality or IN pre-filter.
W1_RCPT_HDR_LOG,CHAR_TYPE_CD,CHAR,W1T465S1,1,NORMAL,VALID,VISIBLE,NO,NONUNIQUE,Y,Y,N,N,,MEDIUM,Good candidate for equality or IN pre-filter.
W1_RCPT_HDR_LOG,CHAR_TYPE_CD,CHAR,W1T465S2,1,NORMAL,VALID,VISIBLE,NO,NONUNIQUE,Y,Y,N,N,,MEDIUM,Good candidate for equality or IN pre-filter.
W1_RCPT_HDR_LOG,RCPT_HDR_ID,CHAR,W1T465P0,1,NORMAL,VALID,VISIBLE,NO,UNIQUE,Y,Y,N,N,,MEDIUM,Good candidate for equality or IN pre-filter.
W1_RCPT_HDR_LOG_PARM,RCPT_HDR_ID,CHAR,W1T466P0,1,NORMAL,VALID,VISIBLE,NO,UNIQUE,Y,Y,N,N,,MEDIUM,Good candidate for equality or IN pre-filter.
W1_RCPT_HDR_NOTE,RCPT_HDR_ID,CHAR,W1T461P0,1,NORMAL,VALID,VISIBLE,NO,UNIQUE,Y,Y,N,N,,MEDIUM,Good candidate for equality or IN pre-filter.
W1_RCPT_LINE,BUS_OBJ_CD,CHAR,W1T468S1,1,NORMAL,VALID,VISIBLE,NO,UNIQUE,Y,Y,N,N,,MEDIUM,Good candidate for equality or IN pre-filter.
W1_RCPT_LINE,PO_LINE_ID,CHAR,W1T468S3,1,NORMAL,VALID,VISIBLE,NO,UNIQUE,Y,Y,N,N,,MEDIUM,Good candidate for equality or IN pre-filter.
W1_RCPT_LINE,RCPT_HDR_ID,CHAR,W1T468S2,1,NORMAL,VALID,VISIBLE,NO,UNIQUE,Y,Y,N,N,,MEDIUM,Good candidate for equality or IN pre-filter.
W1_RCPT_LINE,RCPT_LINE_ID,CHAR,W1T468P0,1,NORMAL,VALID,VISIBLE,NO,UNIQUE,Y,Y,N,N,,MEDIUM,Good candidate for equality or IN pre-filter.
W1_RCPT_LINE_CHAR,RCPT_LINE_ID,CHAR,W1T469P0,1,NORMAL,VALID,VISIBLE,NO,UNIQUE,Y,Y,N,N,,MEDIUM,Good candidate for equality or IN pre-filter.
W1_RCPT_LINE_CHAR,SRCH_CHAR_VAL,VARCHAR2,W1T469S1,1,NORMAL,VALID,VISIBLE,NO,NONUNIQUE,Y,Y,N,N,,MEDIUM,Good candidate for equality or IN pre-filter.
W1_RCPT_LINE_DOCUMENT,RCPT_LINE_ID,CHAR,W1T473P0,1,NORMAL,VALID,VISIBLE,NO,UNIQUE,Y,Y,N,N,,MEDIUM,Good candidate for equality or IN pre-filter.
W1_RCPT_LINE_K,RCPT_LINE_ID,CHAR,W1T474P0,1,IOT - TOP,VALID,VISIBLE,NO,UNIQUE,Y,Y,N,N,,MEDIUM,Good candidate for equality or IN pre-filter.
W1_RCPT_LINE_LOG,CHAR_TYPE_CD,CHAR,W1T470S1,1,NORMAL,VALID,VISIBLE,NO,NONUNIQUE,Y,Y,N,N,,MEDIUM,Good candidate for equality or IN pre-filter.
W1_RCPT_LINE_LOG,CHAR_TYPE_CD,CHAR,W1T470S2,1,NORMAL,VALID,VISIBLE,NO,NONUNIQUE,Y,Y,N,N,,MEDIUM,Good candidate for equality or IN pre-filter.
W1_RCPT_LINE_LOG,RCPT_LINE_ID,CHAR,W1T470P0,1,NORMAL,VALID,VISIBLE,NO,UNIQUE,Y,Y,N,N,,MEDIUM,Good candidate for equality or IN pre-filter.
W1_RCPT_LINE_LOG_PARM,RCPT_LINE_ID,CHAR,W1T471P0,1,NORMAL,VALID,VISIBLE,NO,UNIQUE,Y,Y,N,N,,MEDIUM,Good candidate for equality or IN pre-filter.
W1_RCPT_LINE_NOTE,RCPT_LINE_ID,CHAR,W1T472P0,1,NORMAL,VALID,VISIBLE,NO,UNIQUE,Y,Y,N,N,,MEDIUM,Good candidate for equality or IN pre-filter.
W1_RCPT_LINE_SHIP_DEFICIENCY,RCPT_LINE_ID,CHAR,W1T916P0,1,NORMAL,VALID,VISIBLE,NO,UNIQUE,Y,Y,N,N,,MEDIUM,Good candidate for equality or IN pre-filter.
W1_REPORT_QUEUE,REPORT_QUEUE_ID,CHAR,W1M707P0,1,NORMAL,VALID,VISIBLE,NO,UNIQUE,Y,Y,N,N,,MEDIUM,Good candidate for equality or IN pre-filter.
W1_RESRC_TYPE,BUS_OBJ_CD,CHAR,W1M555S1,1,NORMAL,VALID,VISIBLE,NO,UNIQUE,Y,Y,N,N,,MEDIUM,Good candidate for equality or IN pre-filter.
W1_RESRC_TYPE,RESRC_TYPE_ID,CHAR,W1M555P0,1,NORMAL,VALID,VISIBLE,NO,UNIQUE,Y,Y,N,N,,MEDIUM,Good candidate for equality or IN pre-filter.
W1_RESRC_TYPE_ALT,RESRC_TYPE_ID,CHAR,W1M563P0,1,NORMAL,VALID,VISIBLE,NO,UNIQUE,Y,Y,N,N,,MEDIUM,Good candidate for equality or IN pre-filter.
W1_RESRC_TYPE_CHAR,RESRC_TYPE_ID,CHAR,W1M557P0,1,NORMAL,VALID,VISIBLE,NO,UNIQUE,Y,Y,N,N,,MEDIUM,Good candidate for equality or IN pre-filter.
W1_RESRC_TYPE_CHAR,SRCH_CHAR_VAL,VARCHAR2,W1M557S1,1,NORMAL,VALID,VISIBLE,NO,NONUNIQUE,Y,Y,N,N,,MEDIUM,Good candidate for equality or IN pre-filter.
W1_RESRC_TYPE_DOCUMENT,RESRC_TYPE_ID,CHAR,W1M567P0,1,NORMAL,VALID,VISIBLE,NO,UNIQUE,Y,Y,N,N,,MEDIUM,Good candidate for equality or IN pre-filter.
W1_RESRC_TYPE_IDENTIFIER,RESRC_TYPE_ID,CHAR,W1M558P0,1,NORMAL,VALID,VISIBLE,NO,UNIQUE,Y,Y,N,N,,MEDIUM,Good candidate for equality or IN pre-filter.
W1_RESRC_TYPE_IDENTIFIER,SYS_NC00005$,,W1M558S1,1,FUNCTION-BASED NORMAL,VALID,VISIBLE,NO,NONUNIQUE,Y,Y,N,N,,MEDIUM,Good candidate for equality or IN pre-filter.
W1_RESRC_TYPE_IDENTIFIER,W1_ID_VALUE,VARCHAR2,W1M558S0,1,NORMAL,VALID,VISIBLE,NO,NONUNIQUE,Y,Y,N,N,,MEDIUM,Good candidate for equality or IN pre-filter.
W1_RESRC_TYPE_K,RESRC_TYPE_ID,CHAR,W1M561P0,1,IOT - TOP,VALID,VISIBLE,NO,UNIQUE,Y,Y,N,N,,MEDIUM,Good candidate for equality or IN pre-filter.
W1_RESRC_TYPE_L,RESRC_TYPE_ID,CHAR,W1M556P0,1,NORMAL,VALID,VISIBLE,NO,UNIQUE,Y,Y,N,N,,MEDIUM,Good candidate for equality or IN pre-filter.
W1_RESRC_TYPE_LOG,CHAR_TYPE_CD,CHAR,W1M559S1,1,NORMAL,VALID,VISIBLE,NO,NONUNIQUE,Y,Y,N,N,,MEDIUM,Good candidate for equality or IN pre-filter.
W1_RESRC_TYPE_LOG,CHAR_TYPE_CD,CHAR,W1M559S2,1,NORMAL,VALID,VISIBLE,NO,NONUNIQUE,Y,Y,N,N,,MEDIUM,Good candidate for equality or IN pre-filter.
W1_RESRC_TYPE_LOG,RESRC_TYPE_ID,CHAR,W1M559P0,1,NORMAL,VALID,VISIBLE,NO,UNIQUE,Y,Y,N,N,,MEDIUM,Good candidate for equality or IN pre-filter.
W1_RESRC_TYPE_LOG_PARM,RESRC_TYPE_ID,CHAR,W1M560P0,1,NORMAL,VALID,VISIBLE,NO,UNIQUE,Y,Y,N,N,,MEDIUM,Good candidate for equality or IN pre-filter.
W1_RESRC_TYPE_MFR,RESRC_TYPE_ID,CHAR,W1M565P0,1,NORMAL,VALID,VISIBLE,NO,UNIQUE,Y,Y,N,N,,MEDIUM,Good candidate for equality or IN pre-filter.
W1_RESRC_TYPE_NOTE,RESRC_TYPE_ID,CHAR,W1M566P0,1,NORMAL,VALID,VISIBLE,NO,UNIQUE,Y,Y,N,N,,MEDIUM,Good candidate for equality or IN pre-filter.
W1_RESRC_TYPE_UNIT_PRICE,RESRC_TYPE_ID,CHAR,W1M562P0,1,NORMAL,VALID,VISIBLE,NO,UNIQUE,Y,Y,N,N,,MEDIUM,Good candidate for equality or IN pre-filter.
W1_RESRC_TYPE_VENDOR_LOC,RESRC_TYPE_ID,CHAR,W1M564P0,1,NORMAL,VALID,VISIBLE,NO,UNIQUE,Y,Y,N,N,,MEDIUM,Good candidate for equality or IN pre-filter.
W1_RESRC_UOM,RESRC_UOM_CD,VARCHAR2,W1C561P0,1,NORMAL,VALID,VISIBLE,NO,UNIQUE,Y,Y,N,N,,MEDIUM,Good candidate for equality or IN pre-filter.
W1_RESRC_UOM_CHAR,RESRC_UOM_CD,VARCHAR2,W1C563P0,1,NORMAL,VALID,VISIBLE,NO,UNIQUE,Y,Y,N,N,,MEDIUM,Good candidate for equality or IN pre-filter.
W1_RESRC_UOM_CHAR,SRCH_CHAR_VAL,VARCHAR2,W1C563S1,1,NORMAL,VALID,VISIBLE,NO,NONUNIQUE,Y,Y,N,N,,MEDIUM,Good candidate for equality or IN pre-filter.
W1_RESRC_UOM_L,RESRC_UOM_CD,VARCHAR2,W1C562P0,1,NORMAL,VALID,VISIBLE,NO,UNIQUE,Y,Y,N,N,,MEDIUM,Good candidate for equality or IN pre-filter.
W1_RR,BUS_OBJ_CD,CHAR,W1T405S1,1,NORMAL,VALID,VISIBLE,NO,UNIQUE,Y,Y,N,N,,MEDIUM,Good candidate for equality or IN pre-filter.
W1_RR,RR_ID,CHAR,W1T405P0,1,NORMAL,VALID,VISIBLE,NO,UNIQUE,Y,Y,N,N,,MEDIUM,Good candidate for equality or IN pre-filter.
W1_RR_CHAR,RR_ID,CHAR,W1T406P0,1,NORMAL,VALID,VISIBLE,NO,UNIQUE,Y,Y,N,N,,MEDIUM,Good candidate for equality or IN pre-filter.
W1_RR_CHAR,SRCH_CHAR_VAL,VARCHAR2,W1T406S1,1,NORMAL,VALID,VISIBLE,NO,NONUNIQUE,Y,Y,N,N,,MEDIUM,Good candidate for equality or IN pre-filter.
W1_RR_K,RR_ID,CHAR,W1T409P0,1,IOT - TOP,VALID,VISIBLE,NO,UNIQUE,Y,Y,N,N,,MEDIUM,Good candidate for equality or IN pre-filter.
W1_RR_LOG,CHAR_TYPE_CD,CHAR,W1T407S1,1,NORMAL,VALID,VISIBLE,NO,NONUNIQUE,Y,Y,N,N,,MEDIUM,Good candidate for equality or IN pre-filter.
W1_RR_LOG,CHAR_TYPE_CD,CHAR,W1T407S2,1,NORMAL,VALID,VISIBLE,NO,NONUNIQUE,Y,Y,N,N,,MEDIUM,Good candidate for equality or IN pre-filter.
W1_RR_LOG,RR_ID,CHAR,W1T407P0,1,NORMAL,VALID,VISIBLE,NO,UNIQUE,Y,Y,N,N,,MEDIUM,Good candidate for equality or IN pre-filter.
W1_RR_LOG_PARM,RR_ID,CHAR,W1T408P0,1,NORMAL,VALID,VISIBLE,NO,UNIQUE,Y,Y,N,N,,MEDIUM,Good candidate for equality or IN pre-filter.
W1_RTN_LINE,BUS_OBJ_CD,CHAR,W1T483S1,1,NORMAL,VALID,VISIBLE,NO,UNIQUE,Y,Y,N,N,,MEDIUM,Good candidate for equality or IN pre-filter.
W1_RTN_LINE,PO_LINE_ID,CHAR,W1T483S2,1,NORMAL,VALID,VISIBLE,NO,UNIQUE,Y,Y,N,N,,MEDIUM,Good candidate for equality or IN pre-filter.
W1_RTN_LINE,RCPT_LINE_ID,CHAR,W1T483S3,1,NORMAL,VALID,VISIBLE,NO,UNIQUE,Y,Y,N,N,,MEDIUM,Good candidate for equality or IN pre-filter.
W1_RTN_LINE,RTN_LINE_ID,CHAR,W1T483P0,1,NORMAL,VALID,VISIBLE,NO,UNIQUE,Y,Y,N,N,,MEDIUM,Good candidate for equality or IN pre-filter.
W1_RTN_LINE,STOCK_ITEM_DTL_ID,CHAR,W1T483S6,1,NORMAL,VALID,VISIBLE,NO,NONUNIQUE,Y,Y,N,N,,MEDIUM,Good candidate for equality or IN pre-filter.
W1_RTN_LINE,TYPE_OF_ADJUST_FLG,CHAR,W1T483S5,1,NORMAL,VALID,VISIBLE,NO,NONUNIQUE,Y,Y,N,N,,MEDIUM,Good candidate for equality or IN pre-filter.
W1_RTN_LINE,TYPE_OF_RTN_FLG,CHAR,W1T483S4,1,NORMAL,VALID,VISIBLE,NO,NONUNIQUE,Y,Y,N,N,,MEDIUM,Good candidate for equality or IN pre-filter.
W1_RTN_LINE_ASSET,RTN_LINE_ID,CHAR,W1T484P0,1,NORMAL,VALID,VISIBLE,NO,UNIQUE,Y,Y,N,N,,MEDIUM,Good candidate for equality or IN pre-filter.
W1_RTN_LINE_CHAR,RTN_LINE_ID,CHAR,W1T486P0,1,NORMAL,VALID,VISIBLE,NO,UNIQUE,Y,Y,N,N,,MEDIUM,Good candidate for equality or IN pre-filter.
W1_RTN_LINE_CHAR,SRCH_CHAR_VAL,VARCHAR2,W1T486S1,1,NORMAL,VALID,VISIBLE,NO,NONUNIQUE,Y,Y,N,N,,MEDIUM,Good candidate for equality or IN pre-filter.
W1_RTN_LINE_K,RTN_LINE_ID,CHAR,W1T489P0,1,IOT - TOP,VALID,VISIBLE,NO,UNIQUE,Y,Y,N,N,,MEDIUM,Good candidate for equality or IN pre-filter.
W1_RTN_LINE_LOG,CHAR_TYPE_CD,CHAR,W1T487S1,1,NORMAL,VALID,VISIBLE,NO,NONUNIQUE,Y,Y,N,N,,MEDIUM,Good candidate for equality or IN pre-filter.
W1_RTN_LINE_LOG,CHAR_TYPE_CD,CHAR,W1T487S2,1,NORMAL,VALID,VISIBLE,NO,NONUNIQUE,Y,Y,N,N,,MEDIUM,Good candidate for equality or IN pre-filter.
W1_RTN_LINE_LOG,RTN_LINE_ID,CHAR,W1T487P0,1,NORMAL,VALID,VISIBLE,NO,UNIQUE,Y,Y,N,N,,MEDIUM,Good candidate for equality or IN pre-filter.
W1_RTN_LINE_LOG_PARM,RTN_LINE_ID,CHAR,W1T488P0,1,NORMAL,VALID,VISIBLE,NO,UNIQUE,Y,Y,N,N,,MEDIUM,Good candidate for equality or IN pre-filter.
W1_RTN_LINE_LOT,RTN_LINE_ID,CHAR,W1T485P0,1,NORMAL,VALID,VISIBLE,NO,UNIQUE,Y,Y,N,N,,MEDIUM,Good candidate for equality or IN pre-filter.
W1_SERVICE_AREA,SERVICE_AREA_CD,VARCHAR2,W1C535P0,1,NORMAL,VALID,VISIBLE,NO,UNIQUE,Y,Y,N,N,,MEDIUM,Good candidate for equality or IN pre-filter.
W1_SERVICE_AREA_CHAR,SERVICE_AREA_CD,VARCHAR2,W1C537P0,1,NORMAL,VALID,VISIBLE,NO,UNIQUE,Y,Y,N,N,,MEDIUM,Good candidate for equality or IN pre-filter.
W1_SERVICE_AREA_CHAR,SRCH_CHAR_VAL,VARCHAR2,W1C537S1,1,NORMAL,VALID,VISIBLE,NO,NONUNIQUE,Y,Y,N,N,,MEDIUM,Good candidate for equality or IN pre-filter.
W1_SERVICE_AREA_L,SERVICE_AREA_CD,VARCHAR2,W1C536P0,1,NORMAL,VALID,VISIBLE,NO,UNIQUE,Y,Y,N,N,,MEDIUM,Good candidate for equality or IN pre-filter.
W1_SERVICE_CALL_CATEGORY,SERVICE_CAT_CD,VARCHAR2,W1C850P0,1,NORMAL,VALID,VISIBLE,NO,UNIQUE,Y,Y,N,N,,MEDIUM,Good candidate for equality or IN pre-filter.
W1_SERVICE_CALL_CATEGORY_CHAR,SERVICE_CAT_CD,VARCHAR2,W1C852P0,1,NORMAL,VALID,VISIBLE,NO,UNIQUE,Y,Y,N,N,,MEDIUM,Good candidate for equality or IN pre-filter.
W1_SERVICE_CALL_CATEGORY_L,SERVICE_CAT_CD,VARCHAR2,W1C851P0,1,NORMAL,VALID,VISIBLE,NO,UNIQUE,Y,Y,N,N,,MEDIUM,Good candidate for equality or IN pre-filter.
W1_SERVICE_CLASS,SERVICE_CLASS_CD,VARCHAR2,W1C532P0,1,NORMAL,VALID,VISIBLE,NO,UNIQUE,Y,Y,N,N,,MEDIUM,Good candidate for equality or IN pre-filter.
W1_SERVICE_CLASS_CHAR,SERVICE_CLASS_CD,VARCHAR2,W1C534P0,1,NORMAL,VALID,VISIBLE,NO,UNIQUE,Y,Y,N,N,,MEDIUM,Good candidate for equality or IN pre-filter.
W1_SERVICE_CLASS_CHAR,SRCH_CHAR_VAL,VARCHAR2,W1C534S1,1,NORMAL,VALID,VISIBLE,NO,NONUNIQUE,Y,Y,N,N,,MEDIUM,Good candidate for equality or IN pre-filter.
W1_SERVICE_CLASS_L,SERVICE_CLASS_CD,VARCHAR2,W1C533P0,1,NORMAL,VALID,VISIBLE,NO,UNIQUE,Y,Y,N,N,,MEDIUM,Good candidate for equality or IN pre-filter.
W1_SERVICE_CODE,SERVICE_CD,VARCHAR2,W1C847P0,1,NORMAL,VALID,VISIBLE,NO,UNIQUE,Y,Y,N,N,,MEDIUM,Good candidate for equality or IN pre-filter.
W1_SERVICE_CODE_CHAR,SERVICE_CD,VARCHAR2,W1C849P0,1,NORMAL,VALID,VISIBLE,NO,UNIQUE,Y,Y,N,N,,MEDIUM,Good candidate for equality or IN pre-filter.
W1_SERVICE_CODE_L,SERVICE_CD,VARCHAR2,W1C848P0,1,NORMAL,VALID,VISIBLE,NO,UNIQUE,Y,Y,N,N,,MEDIUM,Good candidate for equality or IN pre-filter.
W1_SHAPE,SHAPE_CD,CHAR,W1M587P0,1,NORMAL,VALID,VISIBLE,NO,UNIQUE,Y,Y,N,N,,MEDIUM,Good candidate for equality or IN pre-filter.
W1_SHAPE_L,SHAPE_CD,CHAR,W1M588P0,1,NORMAL,VALID,VISIBLE,NO,UNIQUE,Y,Y,N,N,,MEDIUM,Good candidate for equality or IN pre-filter.
W1_SHIFT_WEEKLY_TMPL,EFF_DT,DATE,W1T286S3,1,NORMAL,VALID,VISIBLE,NO,NONUNIQUE,Y,Y,Y,N,,HIGH,Primary candidate for mandatory rolling window pre-filter.
W1_SHIFT_WEEKLY_TMPL,BUS_OBJ_CD,CHAR,W1T286S1,1,NORMAL,VALID,VISIBLE,NO,UNIQUE,Y,Y,N,N,,MEDIUM,Good candidate for equality or IN pre-filter.
W1_SHIFT_WEEKLY_TMPL,SHIFT_WEEKLY_TMPL_ID,CHAR,W1T286P0,1,NORMAL,VALID,VISIBLE,NO,UNIQUE,Y,Y,N,N,,MEDIUM,Good candidate for equality or IN pre-filter.
W1_SHIFT_WEEKLY_TMPL,W1_DESCR100_UPR,VARCHAR2,W1T286S2,1,NORMAL,VALID,VISIBLE,NO,NONUNIQUE,Y,Y,N,N,,MEDIUM,Good candidate for equality or IN pre-filter.
W1_SHIFT_WEEKLY_TMPL_CHAR,SHIFT_WEEKLY_TMPL_ID,CHAR,W1T287P0,1,NORMAL,VALID,VISIBLE,NO,UNIQUE,Y,Y,N,N,,MEDIUM,Good candidate for equality or IN pre-filter.
W1_SHIFT_WEEKLY_TMPL_CHAR,SRCH_CHAR_VAL,VARCHAR2,W1T287S1,1,NORMAL,VALID,VISIBLE,NO,NONUNIQUE,Y,Y,N,N,,MEDIUM,Good candidate for equality or IN pre-filter.
W1_SHIFT_WEEKLY_TMPL_K,SHIFT_WEEKLY_TMPL_ID,CHAR,W1T290P0,1,IOT - TOP,VALID,VISIBLE,NO,UNIQUE,Y,Y,N,N,,MEDIUM,Good candidate for equality or IN pre-filter.
W1_SHIFT_WEEKLY_TMPL_LOG,CHAR_TYPE_CD,CHAR,W1T288S1,1,NORMAL,VALID,VISIBLE,NO,NONUNIQUE,Y,Y,N,N,,MEDIUM,Good candidate for equality or IN pre-filter.
W1_SHIFT_WEEKLY_TMPL_LOG,CHAR_TYPE_CD,CHAR,W1T288S2,1,NORMAL,VALID,VISIBLE,NO,NONUNIQUE,Y,Y,N,N,,MEDIUM,Good candidate for equality or IN pre-filter.
W1_SHIFT_WEEKLY_TMPL_LOG,SHIFT_WEEKLY_TMPL_ID,CHAR,W1T288P0,1,NORMAL,VALID,VISIBLE,NO,UNIQUE,Y,Y,N,N,,MEDIUM,Good candidate for equality or IN pre-filter.
W1_SHIFT_WEEKLY_TMPL_LOG_PARM,SHIFT_WEEKLY_TMPL_ID,CHAR,W1T289P0,1,NORMAL,VALID,VISIBLE,NO,UNIQUE,Y,Y,N,N,,MEDIUM,Good candidate for equality or IN pre-filter.
W1_SHIPPING_LINE,BUS_OBJ_CD,CHAR,W1T911S1,1,NORMAL,VALID,VISIBLE,NO,UNIQUE,Y,Y,N,N,,MEDIUM,Good candidate for equality or IN pre-filter.
W1_SHIPPING_LINE,MAT_ISS_LINE_ID,CHAR,W1T911S3,1,NORMAL,VALID,VISIBLE,NO,NONUNIQUE,Y,Y,N,N,,MEDIUM,Good candidate for equality or IN pre-filter.
W1_SHIPPING_LINE,RESRC_TYPE_ID,CHAR,W1T911S5,1,NORMAL,VALID,VISIBLE,NO,NONUNIQUE,Y,Y,N,N,,MEDIUM,Good candidate for equality or IN pre-filter.
W1_SHIPPING_LINE,RTN_LINE_ID,CHAR,W1T911S4,1,NORMAL,VALID,VISIBLE,NO,NONUNIQUE,Y,Y,N,N,,MEDIUM,Good candidate for equality or IN pre-filter.
W1_SHIPPING_LINE,SHIPPING_LINE_ID,CHAR,W1T911P0,1,NORMAL,VALID,VISIBLE,NO,UNIQUE,Y,Y,N,N,,MEDIUM,Good candidate for equality or IN pre-filter.
W1_SHIPPING_LINE,SHIPPING_MEMO_ID,CHAR,W1T911S2,1,NORMAL,VALID,VISIBLE,NO,NONUNIQUE,Y,Y,N,N,,MEDIUM,Good candidate for equality or IN pre-filter.
W1_SHIPPING_LINE,SHIPPING_MEMO_ID,CHAR,W1T911S6,1,NORMAL,VALID,VISIBLE,NO,UNIQUE,Y,Y,N,N,,MEDIUM,Good candidate for equality or IN pre-filter.
W1_SHIPPING_LINE_ASSET,ASSET_ID,CHAR,W1T913S2,1,NORMAL,VALID,VISIBLE,NO,NONUNIQUE,Y,Y,N,N,,MEDIUM,Good candidate for equality or IN pre-filter.
W1_SHIPPING_LINE_ASSET,MAT_ISS_LINE_ID,CHAR,W1T913S1,1,NORMAL,VALID,VISIBLE,NO,NONUNIQUE,Y,Y,N,N,,MEDIUM,Good candidate for equality or IN pre-filter.
W1_SHIPPING_LINE_ASSET,SHIPPING_LINE_ID,CHAR,W1T913P0,1,NORMAL,VALID,VISIBLE,NO,UNIQUE,Y,Y,N,N,,MEDIUM,Good candidate for equality or IN pre-filter.
W1_SHIPPING_LINE_CHAR,SHIPPING_LINE_ID,CHAR,W1T914P0,1,NORMAL,VALID,VISIBLE,NO,UNIQUE,Y,Y,N,N,,MEDIUM,Good candidate for equality or IN pre-filter.
W1_SHIPPING_LINE_CHAR,SRCH_CHAR_VAL,VARCHAR2,W1T914S1,1,NORMAL,VALID,VISIBLE,NO,NONUNIQUE,Y,Y,N,N,,MEDIUM,Good candidate for equality or IN pre-filter.
W1_SHIPPING_LINE_K,SHIPPING_LINE_ID,CHAR,W1T915P0,1,IOT - TOP,VALID,VISIBLE,NO,UNIQUE,Y,Y,N,N,,MEDIUM,Good candidate for equality or IN pre-filter.
W1_SHIPPING_LINE_LOT,LOT_ID,VARCHAR2,W1T912S2,1,NORMAL,VALID,VISIBLE,NO,NONUNIQUE,Y,Y,N,N,,MEDIUM,Good candidate for equality or IN pre-filter.
W1_SHIPPING_LINE_LOT,MAT_ISS_LINE_ID,CHAR,W1T912S1,1,NORMAL,VALID,VISIBLE,NO,NONUNIQUE,Y,Y,N,N,,MEDIUM,Good candidate for equality or IN pre-filter.
W1_SHIPPING_LINE_LOT,SHIPPING_LINE_ID,CHAR,W1T912P0,1,NORMAL,VALID,VISIBLE,NO,UNIQUE,Y,Y,N,N,,MEDIUM,Good candidate for equality or IN pre-filter.
W1_SHIPPING_MEMO,MAT_REQ_HEADER_ID,CHAR,W1T903S2,1,NORMAL,VALID,VISIBLE,NO,NONUNIQUE,Y,Y,N,N,,MEDIUM,Good candidate for equality or IN pre-filter.
W1_SHIPPING_MEMO,PO_HEADER_ID,CHAR,W1T903S3,1,NORMAL,VALID,VISIBLE,NO,NONUNIQUE,Y,Y,N,N,,MEDIUM,Good candidate for equality or IN pre-filter.
W1_SHIPPING_MEMO,RMA_NUM,VARCHAR2,W1T903S6,1,NORMAL,VALID,VISIBLE,NO,NONUNIQUE,Y,Y,N,N,,MEDIUM,Good candidate for equality or IN pre-filter.
W1_SHIPPING_MEMO,SHIPPING_MEMO_ID,CHAR,W1T903P0,1,NORMAL,VALID,VISIBLE,NO,UNIQUE,Y,Y,N,N,,MEDIUM,Good candidate for equality or IN pre-filter.
W1_SHIPPING_MEMO,SHIPPING_MEMO_NUM,VARCHAR2,W1T903S4,1,NORMAL,VALID,VISIBLE,NO,NONUNIQUE,Y,Y,N,N,,MEDIUM,Good candidate for equality or IN pre-filter.
W1_SHIPPING_MEMO,SHIP_TO_VENDOR_LOC_ID,CHAR,W1T903S7,1,NORMAL,VALID,VISIBLE,NO,NONUNIQUE,Y,Y,N,N,,MEDIUM,Good candidate for equality or IN pre-filter.
W1_SHIPPING_MEMO,VENDOR_LOC_ID,CHAR,W1T903S5,1,NORMAL,VALID,VISIBLE,NO,NONUNIQUE,Y,Y,N,N,,MEDIUM,Good candidate for equality or IN pre-filter.
W1_SHIPPING_MEMO_CHAR,SHIPPING_MEMO_ID,CHAR,W1T904P0,1,NORMAL,VALID,VISIBLE,NO,UNIQUE,Y,Y,N,N,,MEDIUM,Good candidate for equality or IN pre-filter.
W1_SHIPPING_MEMO_CHAR,SRCH_CHAR_VAL,VARCHAR2,W1T904S1,1,NORMAL,VALID,VISIBLE,NO,NONUNIQUE,Y,Y,N,N,,MEDIUM,Good candidate for equality or IN pre-filter.
W1_SHIPPING_MEMO_DOCUMENT,SHIPPING_MEMO_ID,CHAR,W1T908P0,1,NORMAL,VALID,VISIBLE,NO,UNIQUE,Y,Y,N,N,,MEDIUM,Good candidate for equality or IN pre-filter.
W1_SHIPPING_MEMO_IDENTIFIER,SHIPPING_MEMO_ID,CHAR,W1T905P0,1,NORMAL,VALID,VISIBLE,NO,UNIQUE,Y,Y,N,N,,MEDIUM,Good candidate for equality or IN pre-filter.
W1_SHIPPING_MEMO_IDENTIFIER,SHIPPING_MEMO_ID_TYPE_FLG,CHAR,W1T905S1,1,NORMAL,VALID,VISIBLE,NO,UNIQUE,Y,Y,N,N,,MEDIUM,Good candidate for equality or IN pre-filter.
W1_SHIPPING_MEMO_K,SHIPPING_MEMO_ID,CHAR,W1T910P0,1,IOT - TOP,VALID,VISIBLE,NO,UNIQUE,Y,Y,N,N,,MEDIUM,Good candidate for equality or IN pre-filter.
W1_SHIPPING_MEMO_LOG,CHAR_TYPE_CD,CHAR,W1T906S1,1,NORMAL,VALID,VISIBLE,NO,NONUNIQUE,Y,Y,N,N,,MEDIUM,Good candidate for equality or IN pre-filter.
W1_SHIPPING_MEMO_LOG,CHAR_TYPE_CD,CHAR,W1T906S2,1,NORMAL,VALID,VISIBLE,NO,NONUNIQUE,Y,Y,N,N,,MEDIUM,Good candidate for equality or IN pre-filter.
W1_SHIPPING_MEMO_LOG,SHIPPING_MEMO_ID,CHAR,W1T906P0,1,NORMAL,VALID,VISIBLE,NO,UNIQUE,Y,Y,N,N,,MEDIUM,Good candidate for equality or IN pre-filter.
W1_SHIPPING_MEMO_LOG_PARM,SHIPPING_MEMO_ID,CHAR,W1T907P0,1,NORMAL,VALID,VISIBLE,NO,UNIQUE,Y,Y,N,N,,MEDIUM,Good candidate for equality or IN pre-filter.
W1_SHIPPING_MEMO_NOTE,SHIPPING_MEMO_ID,CHAR,W1T909P0,1,NORMAL,VALID,VISIBLE,NO,UNIQUE,Y,Y,N,N,,MEDIUM,Good candidate for equality or IN pre-filter.
W1_SHIP_DEFICIENCY_TYPE,SHIPMENT_DEFICIENCY_TYPE_CD,VARCHAR2,W1C923P0,1,NORMAL,VALID,VISIBLE,NO,UNIQUE,Y,Y,N,N,,MEDIUM,Good candidate for equality or IN pre-filter.
W1_SHIP_DEFICIENCY_TYPE_CHAR,SHIPMENT_DEFICIENCY_TYPE_CD,VARCHAR2,W1C924P0,1,NORMAL,VALID,VISIBLE,NO,UNIQUE,Y,Y,N,N,,MEDIUM,Good candidate for equality or IN pre-filter.
W1_SHIP_DEFICIENCY_TYPE_CHAR,SRCH_CHAR_VAL,VARCHAR2,W1C924S1,1,NORMAL,VALID,VISIBLE,NO,NONUNIQUE,Y,Y,N,N,,MEDIUM,Good candidate for equality or IN pre-filter.
W1_SHIP_DEFICIENCY_TYPE_L,SHIPMENT_DEFICIENCY_TYPE_CD,VARCHAR2,W1C925P0,1,NORMAL,VALID,VISIBLE,NO,UNIQUE,Y,Y,N,N,,MEDIUM,Good candidate for equality or IN pre-filter.
W1_SPECIFICATION,ASSET_TYPE_CD,VARCHAR2,W1C227S1,1,NORMAL,VALID,VISIBLE,NO,NONUNIQUE,Y,Y,N,N,,MEDIUM,Good candidate for equality or IN pre-filter.
W1_SPECIFICATION,SPECIFICATION_CD,VARCHAR2,W1C227P0,1,NORMAL,VALID,VISIBLE,NO,UNIQUE,Y,Y,N,N,,MEDIUM,Good candidate for equality or IN pre-filter.
W1_SPECIFICATION,SPECIFICATION_CD,VARCHAR2,W1C227S3,1,NORMAL,VALID,VISIBLE,NO,NONUNIQUE,Y,Y,N,N,,MEDIUM,Good candidate for equality or IN pre-filter.
W1_SPECIFICATION,SPECIFICATION_CD,VARCHAR2,W1C227S4,1,NORMAL,VALID,VISIBLE,NO,NONUNIQUE,Y,Y,N,N,,MEDIUM,Good candidate for equality or IN pre-filter.
W1_SPECIFICATION,W1_MANUFACTURER_CD,VARCHAR2,W1C227S2,1,NORMAL,VALID,VISIBLE,NO,NONUNIQUE,Y,Y,N,N,,MEDIUM,Good candidate for equality or IN pre-filter.
W1_SPECIFICATION_ATTACHMENT,SPECIFICATION_CD,VARCHAR2,W1C230P0,1,NORMAL,VALID,VISIBLE,NO,UNIQUE,Y,Y,N,N,,MEDIUM,Good candidate for equality or IN pre-filter.
W1_SPECIFICATION_ATTACHMENT,SPEC_ATT_REL_TYPE_FLG,CHAR,W1C230S1,1,NORMAL,VALID,VISIBLE,NO,NONUNIQUE,Y,Y,N,N,,MEDIUM,Good candidate for equality or IN pre-filter.
W1_SPECIFICATION_CHAR,CHAR_TYPE_CD,CHAR,W1C231S1,1,NORMAL,VALID,VISIBLE,NO,NONUNIQUE,Y,Y,N,N,,MEDIUM,Good candidate for equality or IN pre-filter.
W1_SPECIFICATION_CHAR,CHAR_VAL,CHAR,W1C231S2,1,NORMAL,VALID,VISIBLE,NO,NONUNIQUE,Y,Y,N,N,,MEDIUM,Good candidate for equality or IN pre-filter.
W1_SPECIFICATION_CHAR,SPECIFICATION_CD,VARCHAR2,W1C231P0,1,NORMAL,VALID,VISIBLE,NO,UNIQUE,Y,Y,N,N,,MEDIUM,Good candidate for equality or IN pre-filter.
W1_SPECIFICATION_CHAR,SRCH_CHAR_VAL,VARCHAR2,W1C231S3,1,NORMAL,VALID,VISIBLE,NO,NONUNIQUE,Y,Y,N,N,,MEDIUM,Good candidate for equality or IN pre-filter.
W1_SPECIFICATION_DOCUMENT,SPECIFICATION_CD,VARCHAR2,W1C609P0,1,NORMAL,VALID,VISIBLE,NO,UNIQUE,Y,Y,N,N,,MEDIUM,Good candidate for equality or IN pre-filter.
W1_SPECIFICATION_IDENTIFIER,SPECIFICATION_CD,VARCHAR2,W1C229P0,1,NORMAL,VALID,VISIBLE,NO,UNIQUE,Y,Y,N,N,,MEDIUM,Good candidate for equality or IN pre-filter.
W1_SPECIFICATION_IDENTIFIER,SYS_NC00005$,,W1C229S1,1,FUNCTION-BASED NORMAL,VALID,VISIBLE,NO,NONUNIQUE,Y,Y,N,N,,MEDIUM,Good candidate for equality or IN pre-filter.
W1_SPECIFICATION_IDENTIFIER,W1_ID_VALUE,VARCHAR2,W1C229S0,1,NORMAL,VALID,VISIBLE,NO,NONUNIQUE,Y,Y,N,N,,MEDIUM,Good candidate for equality or IN pre-filter.
W1_SPECIFICATION_IDENTIFIER,W1_ID_VALUE,VARCHAR2,W1C229S2,1,NORMAL,VALID,VISIBLE,NO,NONUNIQUE,Y,Y,N,N,,MEDIUM,Good candidate for equality or IN pre-filter.
W1_SPECIFICATION_L,SPECIFICATION_CD,VARCHAR2,W1C228P0,1,NORMAL,VALID,VISIBLE,NO,UNIQUE,Y,Y,N,N,,MEDIUM,Good candidate for equality or IN pre-filter.
W1_SPECIFICATION_MAINT_SCHED,SPECIFICATION_CD,VARCHAR2,W1C655P0,1,NORMAL,VALID,VISIBLE,NO,UNIQUE,Y,Y,N,N,,MEDIUM,Good candidate for equality or IN pre-filter.
W1_SPECIFICATION_MAINT_SCHED,SPECIFICATION_CD,VARCHAR2,W1C655S1,1,NORMAL,VALID,VISIBLE,NO,NONUNIQUE,Y,Y,N,N,,MEDIUM,Good candidate for equality or IN pre-filter.
W1_STATISTIC,BUS_OBJ_CD,CHAR,W1C685P0,1,NORMAL,VALID,VISIBLE,NO,UNIQUE,Y,Y,N,N,,MEDIUM,Good candidate for equality or IN pre-filter.
W1_STATISTIC_CHAR,BUS_OBJ_CD,CHAR,W1C686P0,1,NORMAL,VALID,VISIBLE,NO,UNIQUE,Y,Y,N,N,,MEDIUM,Good candidate for equality or IN pre-filter.
W1_STATISTIC_CHAR,SRCH_CHAR_VAL,VARCHAR2,W1C686S1,1,NORMAL,VALID,VISIBLE,NO,NONUNIQUE,Y,Y,N,N,,MEDIUM,Good candidate for equality or IN pre-filter.
W1_STATISTIC_LOG,BUS_OBJ_CD,CHAR,W1C687P0,1,NORMAL,VALID,VISIBLE,NO,UNIQUE,Y,Y,N,N,,MEDIUM,Good candidate for equality or IN pre-filter.
W1_STATISTIC_LOG,CHAR_TYPE_CD,CHAR,W1C687S1,1,NORMAL,VALID,VISIBLE,NO,NONUNIQUE,Y,Y,N,N,,MEDIUM,Good candidate for equality or IN pre-filter.
W1_STATISTIC_LOG,CHAR_TYPE_CD,CHAR,W1C687S2,1,NORMAL,VALID,VISIBLE,NO,NONUNIQUE,Y,Y,N,N,,MEDIUM,Good candidate for equality or IN pre-filter.
W1_STATISTIC_LOG_PARM,BUS_OBJ_CD,CHAR,W1C688P0,1,NORMAL,VALID,VISIBLE,NO,UNIQUE,Y,Y,N,N,,MEDIUM,Good candidate for equality or IN pre-filter.
W1_STOCK_ITEM_DTL,BUS_OBJ_CD,CHAR,W1M568S1,1,NORMAL,VALID,VISIBLE,NO,UNIQUE,Y,Y,N,N,,MEDIUM,Good candidate for equality or IN pre-filter.
W1_STOCK_ITEM_DTL,MASTER_STOCK_ITEM_DTL_ID,CHAR,W1M568S3,1,NORMAL,VALID,VISIBLE,NO,NONUNIQUE,Y,Y,N,N,,MEDIUM,Good candidate for equality or IN pre-filter.
W1_STOCK_ITEM_DTL,NODE_ID,CHAR,W1M568S2,1,NORMAL,VALID,VISIBLE,NO,UNIQUE,Y,Y,N,N,,MEDIUM,Good candidate for equality or IN pre-filter.
W1_STOCK_ITEM_DTL,RESRC_TYPE_ID,CHAR,W1M568S5,1,NORMAL,VALID,VISIBLE,NO,NONUNIQUE,Y,Y,N,N,,MEDIUM,Good candidate for equality or IN pre-filter.
W1_STOCK_ITEM_DTL,SID_CLASS_FLG,CHAR,W1M568S4,1,NORMAL,VALID,VISIBLE,NO,NONUNIQUE,Y,Y,N,N,,MEDIUM,Good candidate for equality or IN pre-filter.
W1_STOCK_ITEM_DTL,STOCK_ITEM_DTL_ID,CHAR,W1M568P0,1,NORMAL,VALID,VISIBLE,NO,UNIQUE,Y,Y,N,N,,MEDIUM,Good candidate for equality or IN pre-filter.
W1_STOCK_ITEM_DTL_BIN,STOCK_ITEM_DTL_ID,CHAR,W1M574P0,1,NORMAL,VALID,VISIBLE,NO,UNIQUE,Y,Y,N,N,,MEDIUM,Good candidate for equality or IN pre-filter.
W1_STOCK_ITEM_DTL_CHAR,SRCH_CHAR_VAL,VARCHAR2,W1M569S1,1,NORMAL,VALID,VISIBLE,NO,NONUNIQUE,Y,Y,N,N,,MEDIUM,Good candidate for equality or IN pre-filter.
W1_STOCK_ITEM_DTL_CHAR,STOCK_ITEM_DTL_ID,CHAR,W1M569P0,1,NORMAL,VALID,VISIBLE,NO,UNIQUE,Y,Y,N,N,,MEDIUM,Good candidate for equality or IN pre-filter.
W1_STOCK_ITEM_DTL_DOCUMENT,STOCK_ITEM_DTL_ID,CHAR,W1M576P0,1,NORMAL,VALID,VISIBLE,NO,UNIQUE,Y,Y,N,N,,MEDIUM,Good candidate for equality or IN pre-filter.
W1_STOCK_ITEM_DTL_IDENTIFIER,STOCK_ITEM_DTL_ID,CHAR,W1M712P0,1,NORMAL,VALID,VISIBLE,NO,UNIQUE,Y,Y,N,N,,MEDIUM,Good candidate for equality or IN pre-filter.
W1_STOCK_ITEM_DTL_IDENTIFIER,SYS_NC00005$,,W1M712S1,1,FUNCTION-BASED NORMAL,VALID,VISIBLE,NO,NONUNIQUE,Y,Y,N,N,,MEDIUM,Good candidate for equality or IN pre-filter.
W1_STOCK_ITEM_DTL_IDENTIFIER,W1_ID_VALUE,VARCHAR2,W1M712S0,1,NORMAL,VALID,VISIBLE,NO,NONUNIQUE,Y,Y,N,N,,MEDIUM,Good candidate for equality or IN pre-filter.
W1_STOCK_ITEM_DTL_K,STOCK_ITEM_DTL_ID,CHAR,W1M572P0,1,IOT - TOP,VALID,VISIBLE,NO,UNIQUE,Y,Y,N,N,,MEDIUM,Good candidate for equality or IN pre-filter.
W1_STOCK_ITEM_DTL_LOG,CHAR_TYPE_CD,CHAR,W1M570S1,1,NORMAL,VALID,VISIBLE,NO,NONUNIQUE,Y,Y,N,N,,MEDIUM,Good candidate for equality or IN pre-filter.
W1_STOCK_ITEM_DTL_LOG,CHAR_TYPE_CD,CHAR,W1M570S2,1,NORMAL,VALID,VISIBLE,NO,NONUNIQUE,Y,Y,N,N,,MEDIUM,Good candidate for equality or IN pre-filter.
W1_STOCK_ITEM_DTL_LOG,STOCK_ITEM_DTL_ID,CHAR,W1M570P0,1,NORMAL,VALID,VISIBLE,NO,UNIQUE,Y,Y,N,N,,MEDIUM,Good candidate for equality or IN pre-filter.
W1_STOCK_ITEM_DTL_LOG_PARM,STOCK_ITEM_DTL_ID,CHAR,W1M571P0,1,NORMAL,VALID,VISIBLE,NO,UNIQUE,Y,Y,N,N,,MEDIUM,Good candidate for equality or IN pre-filter.
W1_STOCK_ITEM_DTL_NOTE,STOCK_ITEM_DTL_ID,CHAR,W1M575P0,1,NORMAL,VALID,VISIBLE,NO,UNIQUE,Y,Y,N,N,,MEDIUM,Good candidate for equality or IN pre-filter.
W1_STOCK_ITEM_DTL_VENDOR_LOC,STOCK_ITEM_DTL_ID,CHAR,W1M573P0,1,NORMAL,VALID,VISIBLE,NO,UNIQUE,Y,Y,N,N,,MEDIUM,Good candidate for equality or IN pre-filter.
W1_STOCK_TRANS,BUS_OBJ_CD,CHAR,W1T306S1,1,NORMAL,VALID,VISIBLE,NO,UNIQUE,Y,Y,N,N,,MEDIUM,Good candidate for equality or IN pre-filter.
W1_STOCK_TRANS,PARENT_MO_CD,CHAR,W1T306S3,1,NORMAL,VALID,VISIBLE,NO,NONUNIQUE,Y,Y,N,N,,MEDIUM,Good candidate for equality or IN pre-filter.
W1_STOCK_TRANS,SIBLING_MO_CD,CHAR,W1T306S4,1,NORMAL,VALID,VISIBLE,NO,NONUNIQUE,Y,Y,N,N,,MEDIUM,Good candidate for equality or IN pre-filter.
W1_STOCK_TRANS,STOCK_ITEM_DTL_ID,CHAR,W1T306S5,1,NORMAL,VALID,VISIBLE,NO,NONUNIQUE,Y,Y,N,N,,MEDIUM,Good candidate for equality or IN pre-filter.
W1_STOCK_TRANS,STOCK_TRANS_ID,CHAR,W1T306P0,1,NORMAL,VALID,VISIBLE,NO,UNIQUE,Y,Y,N,N,,MEDIUM,Good candidate for equality or IN pre-filter.
W1_STOCK_TRANS,ST_REL_FLG,CHAR,W1T306S2,1,NORMAL,VALID,VISIBLE,NO,NONUNIQUE,Y,Y,N,N,,MEDIUM,Good candidate for equality or IN pre-filter.
W1_STOCK_TRANS_CHAR,SRCH_CHAR_VAL,VARCHAR2,W1T307S1,1,NORMAL,VALID,VISIBLE,NO,NONUNIQUE,Y,Y,N,N,,MEDIUM,Good candidate for equality or IN pre-filter.
W1_STOCK_TRANS_CHAR,STOCK_TRANS_ID,CHAR,W1T307P0,1,NORMAL,VALID,VISIBLE,NO,UNIQUE,Y,Y,N,N,,MEDIUM,Good candidate for equality or IN pre-filter.
W1_STOCK_TRANS_K,STOCK_TRANS_ID,CHAR,W1T310P0,1,IOT - TOP,VALID,VISIBLE,NO,UNIQUE,Y,Y,N,N,,MEDIUM,Good candidate for equality or IN pre-filter.
W1_STOCK_TRANS_LOG,CHAR_TYPE_CD,CHAR,W1T308S1,1,NORMAL,VALID,VISIBLE,NO,NONUNIQUE,Y,Y,N,N,,MEDIUM,Good candidate for equality or IN pre-filter.
W1_STOCK_TRANS_LOG,CHAR_TYPE_CD,CHAR,W1T308S2,1,NORMAL,VALID,VISIBLE,NO,NONUNIQUE,Y,Y,N,N,,MEDIUM,Good candidate for equality or IN pre-filter.
W1_STOCK_TRANS_LOG,STOCK_TRANS_ID,CHAR,W1T308P0,1,NORMAL,VALID,VISIBLE,NO,UNIQUE,Y,Y,N,N,,MEDIUM,Good candidate for equality or IN pre-filter.
W1_STOCK_TRANS_LOG_PARM,STOCK_TRANS_ID,CHAR,W1T309P0,1,NORMAL,VALID,VISIBLE,NO,UNIQUE,Y,Y,N,N,,MEDIUM,Good candidate for equality or IN pre-filter.
W1_SVC_CALL_CAT_SVC_CODE,SERVICE_CAT_CD,VARCHAR2,W1C853P0,1,NORMAL,VALID,VISIBLE,NO,UNIQUE,Y,Y,N,N,,MEDIUM,Good candidate for equality or IN pre-filter.
W1_SVC_HIST,CRE_DTTM,DATE,W1M277S3,1,NORMAL,VALID,VISIBLE,NO,NONUNIQUE,Y,Y,Y,N,,HIGH,Primary candidate for mandatory rolling window pre-filter.
W1_SVC_HIST,EFF_DTTM,DATE,W1M277S8,1,NORMAL,VALID,VISIBLE,NO,NONUNIQUE,Y,Y,Y,N,,HIGH,Primary candidate for mandatory rolling window pre-filter.
W1_SVC_HIST,ACT_ID,CHAR,W1M277S1,1,NORMAL,VALID,VISIBLE,NO,NONUNIQUE,Y,Y,N,N,,MEDIUM,Good candidate for equality or IN pre-filter.
W1_SVC_HIST,ASSET_ID,CHAR,W1M277S2,1,NORMAL,VALID,VISIBLE,NO,NONUNIQUE,Y,Y,N,N,,MEDIUM,Good candidate for equality or IN pre-filter.
W1_SVC_HIST,ASSET_SCORE_FLG,CHAR,W1M277S7,1,NORMAL,VALID,VISIBLE,NO,NONUNIQUE,Y,Y,N,N,,MEDIUM,Good candidate for equality or IN pre-filter.
W1_SVC_HIST,BO_STATUS_CD,CHAR,W1M277S9,1,NORMAL,VALID,VISIBLE,NO,NONUNIQUE,Y,Y,N,N,,MEDIUM,Good candidate for equality or IN pre-filter.
W1_SVC_HIST,BUS_OBJ_CD,CHAR,W1M277S4,1,NORMAL,VALID,VISIBLE,NO,NONUNIQUE,Y,Y,N,N,,MEDIUM,Good candidate for equality or IN pre-filter.
W1_SVC_HIST,BUS_OBJ_CD,CHAR,W1M277S5,1,NORMAL,VALID,VISIBLE,NO,UNIQUE,Y,Y,N,N,,MEDIUM,Good candidate for equality or IN pre-filter.
W1_SVC_HIST,SVC_HIST_ID,CHAR,W1M277P0,1,NORMAL,VALID,VISIBLE,NO,UNIQUE,Y,Y,N,N,,MEDIUM,Good candidate for equality or IN pre-filter.
W1_SVC_HIST,SVC_HIST_TYPE_CD,VARCHAR2,W1M277S6,1,NORMAL,VALID,VISIBLE,NO,NONUNIQUE,Y,Y,N,N,,MEDIUM,Good candidate for equality or IN pre-filter.
W1_SVC_HIST_ATTACHMENT,ATTACHMENT_ID,CHAR,W1M278S2,1,NORMAL,VALID,VISIBLE,NO,NONUNIQUE,Y,Y,N,N,,MEDIUM,Good candidate for equality or IN pre-filter.
W1_SVC_HIST_ATTACHMENT,SVC_HIST_ATT_REL_TYPE_FLG,CHAR,W1M278S3,1,NORMAL,VALID,VISIBLE,NO,NONUNIQUE,Y,Y,N,N,,MEDIUM,Good candidate for equality or IN pre-filter.
W1_SVC_HIST_ATTACHMENT,SVC_HIST_ID,CHAR,W1M278P0,1,NORMAL,VALID,VISIBLE,NO,UNIQUE,Y,Y,N,N,,MEDIUM,Good candidate for equality or IN pre-filter.
W1_SVC_HIST_ATTACHMENT,SVC_HIST_ID,CHAR,W1M278S1,1,NORMAL,VALID,VISIBLE,NO,NONUNIQUE,Y,Y,N,N,,MEDIUM,Good candidate for equality or IN pre-filter.
W1_SVC_HIST_CHAR,SRCH_CHAR_VAL,VARCHAR2,W1M279S1,1,NORMAL,VALID,VISIBLE,NO,NONUNIQUE,Y,Y,N,N,,MEDIUM,Good candidate for equality or IN pre-filter.
W1_SVC_HIST_CHAR,SVC_HIST_ID,CHAR,W1M279P0,1,NORMAL,VALID,VISIBLE,NO,UNIQUE,Y,Y,N,N,,MEDIUM,Good candidate for equality or IN pre-filter.
W1_SVC_HIST_CHAR2,SVC_HIST_ID,CHAR,W1T521P0,1,NORMAL,VALID,VISIBLE,NO,UNIQUE,Y,Y,N,N,,MEDIUM,Good candidate for equality or IN pre-filter.
W1_SVC_HIST_DOCUMENT,SVC_HIST_ID,CHAR,W1M584P0,1,NORMAL,VALID,VISIBLE,NO,UNIQUE,Y,Y,N,N,,MEDIUM,Good candidate for equality or IN pre-filter.
W1_SVC_HIST_IDENTIFIER,SVC_HIST_ID,CHAR,W1M280P0,1,NORMAL,VALID,VISIBLE,NO,UNIQUE,Y,Y,N,N,,MEDIUM,Good candidate for equality or IN pre-filter.
W1_SVC_HIST_IDENTIFIER,SYS_NC00005$,,W1M280S1,1,FUNCTION-BASED NORMAL,VALID,VISIBLE,NO,NONUNIQUE,Y,Y,N,N,,MEDIUM,Good candidate for equality or IN pre-filter.
W1_SVC_HIST_IDENTIFIER,W1_ID_VALUE,VARCHAR2,W1M280S0,1,NORMAL,VALID,VISIBLE,NO,NONUNIQUE,Y,Y,N,N,,MEDIUM,Good candidate for equality or IN pre-filter.
W1_SVC_HIST_K,SVC_HIST_ID,CHAR,W1M482P0,1,IOT - TOP,VALID,VISIBLE,NO,UNIQUE,Y,Y,N,N,,MEDIUM,Good candidate for equality or IN pre-filter.
W1_SVC_HIST_LOG,CHAR_TYPE_CD,CHAR,W1M282S1,1,NORMAL,VALID,VISIBLE,NO,NONUNIQUE,Y,Y,N,N,,MEDIUM,Good candidate for equality or IN pre-filter.
W1_SVC_HIST_LOG,CHAR_TYPE_CD,CHAR,W1M282S2,1,NORMAL,VALID,VISIBLE,NO,NONUNIQUE,Y,Y,N,N,,MEDIUM,Good candidate for equality or IN pre-filter.
W1_SVC_HIST_LOG,SVC_HIST_ID,CHAR,W1M282P0,1,NORMAL,VALID,VISIBLE,NO,UNIQUE,Y,Y,N,N,,MEDIUM,Good candidate for equality or IN pre-filter.
W1_SVC_HIST_LOG_PARM,SVC_HIST_ID,CHAR,W1M283P0,1,NORMAL,VALID,VISIBLE,NO,UNIQUE,Y,Y,N,N,,MEDIUM,Good candidate for equality or IN pre-filter.
W1_SVC_HIST_PARTICIPANT,SVC_HIST_ID,CHAR,W1T868P0,1,NORMAL,VALID,VISIBLE,NO,UNIQUE,Y,Y,N,N,,MEDIUM,Good candidate for equality or IN pre-filter.
W1_SVC_HIST_QSTN_ANSR,SVC_HIST_ID,CHAR,W1C518P0,1,NORMAL,VALID,VISIBLE,NO,UNIQUE,Y,Y,N,N,,MEDIUM,Good candidate for equality or IN pre-filter.
W1_SVC_HIST_QSTN_ANSR,SVC_HIST_ID,CHAR,W1C518S1,1,NORMAL,VALID,VISIBLE,NO,NONUNIQUE,Y,Y,N,N,,MEDIUM,Good candidate for equality or IN pre-filter.
W1_SVC_HIST_QSTN_ANSR,SVC_HIST_ID,CHAR,W1C518S2,1,NORMAL,VALID,VISIBLE,NO,NONUNIQUE,Y,Y,N,N,,MEDIUM,Good candidate for equality or IN pre-filter.
W1_SVC_HIST_REL_OBJ,PK_VALUE1,VARCHAR2,W1M281S1,1,NORMAL,VALID,VISIBLE,NO,NONUNIQUE,Y,Y,N,N,,MEDIUM,Good candidate for equality or IN pre-filter.
W1_SVC_HIST_REL_OBJ,SVC_HIST_ID,CHAR,W1M281P0,1,NORMAL,VALID,VISIBLE,NO,UNIQUE,Y,Y,N,N,,MEDIUM,Good candidate for equality or IN pre-filter.
W1_SVC_HIST_REL_OBJ,SVC_HIST_REL_OBJ_TYPE_FLG,CHAR,W1M281S2,1,NORMAL,VALID,VISIBLE,NO,NONUNIQUE,Y,Y,N,N,,MEDIUM,Good candidate for equality or IN pre-filter.
W1_SVC_HIST_TYPE,SVC_HIST_BUS_OBJ_CD,CHAR,W1C273S1,1,NORMAL,VALID,VISIBLE,NO,NONUNIQUE,Y,Y,N,N,,MEDIUM,Good candidate for equality or IN pre-filter.
W1_SVC_HIST_TYPE,SVC_HIST_CATEGORY_FLG,CHAR,W1C273S2,1,NORMAL,VALID,VISIBLE,NO,NONUNIQUE,Y,Y,N,N,,MEDIUM,Good candidate for equality or IN pre-filter.
W1_SVC_HIST_TYPE,SVC_HIST_TYPE_CD,VARCHAR2,W1C273P0,1,NORMAL,VALID,VISIBLE,NO,UNIQUE,Y,Y,N,N,,MEDIUM,Good candidate for equality or IN pre-filter.
W1_SVC_HIST_TYPE_CHAR,SRCH_CHAR_VAL,VARCHAR2,W1C276S1,1,NORMAL,VALID,VISIBLE,NO,NONUNIQUE,Y,Y,N,N,,MEDIUM,Good candidate for equality or IN pre-filter.
W1_SVC_HIST_TYPE_CHAR,SVC_HIST_TYPE_CD,VARCHAR2,W1C276P0,1,NORMAL,VALID,VISIBLE,NO,UNIQUE,Y,Y,N,N,,MEDIUM,Good candidate for equality or IN pre-filter.
W1_SVC_HIST_TYPE_FLLW_UP_ACTN,SVC_HIST_TYPE_CD,VARCHAR2,W1C858P0,1,NORMAL,VALID,VISIBLE,NO,UNIQUE,Y,Y,N,N,,MEDIUM,Good candidate for equality or IN pre-filter.
W1_SVC_HIST_TYPE_L,LANGUAGE_CD,CHAR,W1C275S1,1,NORMAL,VALID,VISIBLE,NO,NONUNIQUE,Y,Y,N,N,,MEDIUM,Good candidate for equality or IN pre-filter.
W1_SVC_HIST_TYPE_L,SVC_HIST_TYPE_CD,VARCHAR2,W1C275P0,1,NORMAL,VALID,VISIBLE,NO,UNIQUE,Y,Y,N,N,,MEDIUM,Good candidate for equality or IN pre-filter.
W1_SVC_HIST_TYPE_QSTN,SVC_HIST_TYPE_CD,VARCHAR2,W1C517P0,1,NORMAL,VALID,VISIBLE,NO,UNIQUE,Y,Y,N,N,,MEDIUM,Good candidate for equality or IN pre-filter.
W1_SVC_HIST_TYPE_REL_SH_TYPE,SVC_HIST_TYPE_CD,VARCHAR2,W1C859P0,1,NORMAL,VALID,VISIBLE,NO,UNIQUE,Y,Y,N,N,,MEDIUM,Good candidate for equality or IN pre-filter.
W1_SVC_SCHED,SVC_HIST_TYPE_CD,VARCHAR2,W1C274P0,1,NORMAL,VALID,VISIBLE,NO,UNIQUE,Y,Y,N,N,,MEDIUM,Good candidate for equality or IN pre-filter.
W1_SVC_SCHED,WO_ID,CHAR,W1C274S1,1,NORMAL,VALID,VISIBLE,NO,NONUNIQUE,Y,Y,N,N,,MEDIUM,Good candidate for equality or IN pre-filter.
W1_TAX_RATE_COMP,TAX_RATE_SCHED_CD,VARCHAR2,W1C568P0,1,NORMAL,VALID,VISIBLE,NO,UNIQUE,Y,Y,N,N,,MEDIUM,Good candidate for equality or IN pre-filter.
W1_TAX_RATE_COMP_L,TAX_RATE_SCHED_CD,VARCHAR2,W1C569P0,1,NORMAL,VALID,VISIBLE,NO,UNIQUE,Y,Y,N,N,,MEDIUM,Good candidate for equality or IN pre-filter.
W1_TAX_RATE_EFFDT,TAX_RATE_SCHED_CD,VARCHAR2,W1C567P0,1,NORMAL,VALID,VISIBLE,NO,UNIQUE,Y,Y,N,N,,MEDIUM,Good candidate for equality or IN pre-filter.
W1_TAX_RATE_SCHED,TAX_RATE_SCHED_CD,VARCHAR2,W1C564P0,1,NORMAL,VALID,VISIBLE,NO,UNIQUE,Y,Y,N,N,,MEDIUM,Good candidate for equality or IN pre-filter.
W1_TAX_RATE_SCHED_CHAR,SRCH_CHAR_VAL,VARCHAR2,W1C566S1,1,NORMAL,VALID,VISIBLE,NO,NONUNIQUE,Y,Y,N,N,,MEDIUM,Good candidate for equality or IN pre-filter.
W1_TAX_RATE_SCHED_CHAR,TAX_RATE_SCHED_CD,VARCHAR2,W1C566P0,1,NORMAL,VALID,VISIBLE,NO,UNIQUE,Y,Y,N,N,,MEDIUM,Good candidate for equality or IN pre-filter.
W1_TAX_RATE_SCHED_L,TAX_RATE_SCHED_CD,VARCHAR2,W1C565P0,1,NORMAL,VALID,VISIBLE,NO,UNIQUE,Y,Y,N,N,,MEDIUM,Good candidate for equality or IN pre-filter.
W1_TIMEKEEPER,TIMEKEEPER_CD,VARCHAR2,W1C948P0,1,NORMAL,VALID,VISIBLE,NO,UNIQUE,Y,Y,N,N,,MEDIUM,Good candidate for equality or IN pre-filter.
W1_TIMEKEEPER_CHAR,TIMEKEEPER_CD,VARCHAR2,W1C950P0,1,NORMAL,VALID,VISIBLE,NO,UNIQUE,Y,Y,N,N,,MEDIUM,Good candidate for equality or IN pre-filter.
W1_TIMEKEEPER_EMP,TIMEKEEPER_CD,VARCHAR2,W1C949P0,1,NORMAL,VALID,VISIBLE,NO,UNIQUE,Y,Y,N,N,,MEDIUM,Good candidate for equality or IN pre-filter.
W1_TIMEKEEPER_L,TIMEKEEPER_CD,VARCHAR2,W1C951P0,1,NORMAL,VALID,VISIBLE,NO,UNIQUE,Y,Y,N,N,,MEDIUM,Good candidate for equality or IN pre-filter.
W1_TIMEKEEPER_LOG,TIMEKEEPER_CD,VARCHAR2,W1C952P0,1,NORMAL,VALID,VISIBLE,NO,UNIQUE,Y,Y,N,N,,MEDIUM,Good candidate for equality or IN pre-filter.
W1_TIMEKEEPER_LOG_PARM,TIMEKEEPER_CD,VARCHAR2,W1C953P0,1,NORMAL,VALID,VISIBLE,NO,UNIQUE,Y,Y,N,N,,MEDIUM,Good candidate for equality or IN pre-filter.
W1_TIMESHEET,BUS_OBJ_CD,CHAR,W1M589S1,1,NORMAL,VALID,VISIBLE,NO,UNIQUE,Y,Y,N,N,,MEDIUM,Good candidate for equality or IN pre-filter.
W1_TIMESHEET,W1_TIMESHEET_ID,CHAR,W1M589P0,1,NORMAL,VALID,VISIBLE,NO,UNIQUE,Y,Y,N,N,,MEDIUM,Good candidate for equality or IN pre-filter.
W1_TIMESHEET_CHAR,SRCH_CHAR_VAL,VARCHAR2,W1M591S1,1,NORMAL,VALID,VISIBLE,NO,NONUNIQUE,Y,Y,N,N,,MEDIUM,Good candidate for equality or IN pre-filter.
W1_TIMESHEET_CHAR,W1_TIMESHEET_ID,CHAR,W1M591P0,1,NORMAL,VALID,VISIBLE,NO,UNIQUE,Y,Y,N,N,,MEDIUM,Good candidate for equality or IN pre-filter.
W1_TIMESHEET_DETAIL,BUS_OBJ_CD,CHAR,W1M595S1,1,NORMAL,VALID,VISIBLE,NO,UNIQUE,Y,Y,N,N,,MEDIUM,Good candidate for equality or IN pre-filter.
W1_TIMESHEET_DETAIL,EU_ID,CHAR,W1M595S3,1,NORMAL,VALID,VISIBLE,NO,NONUNIQUE,Y,Y,N,N,,MEDIUM,Good candidate for equality or IN pre-filter.
W1_TIMESHEET_DETAIL,TIMESHEET_DETAIL_ID,CHAR,W1M595P0,1,NORMAL,VALID,VISIBLE,NO,UNIQUE,Y,Y,N,N,,MEDIUM,Good candidate for equality or IN pre-filter.
W1_TIMESHEET_DETAIL,W1_TIMESHEET_ID,CHAR,W1M595S2,1,NORMAL,VALID,VISIBLE,NO,UNIQUE,Y,Y,N,N,,MEDIUM,Good candidate for equality or IN pre-filter.
W1_TIMESHEET_DETAIL_CHAR,SRCH_CHAR_VAL,VARCHAR2,W1M598S1,1,NORMAL,VALID,VISIBLE,NO,NONUNIQUE,Y,Y,N,N,,MEDIUM,Good candidate for equality or IN pre-filter.
W1_TIMESHEET_DETAIL_CHAR,TIMESHEET_DETAIL_ID,CHAR,W1M598P0,1,NORMAL,VALID,VISIBLE,NO,UNIQUE,Y,Y,N,N,,MEDIUM,Good candidate for equality or IN pre-filter.
W1_TIMESHEET_DETAIL_K,TIMESHEET_DETAIL_ID,CHAR,W1M596P0,1,IOT - TOP,VALID,VISIBLE,NO,UNIQUE,Y,Y,N,N,,MEDIUM,Good candidate for equality or IN pre-filter.
W1_TIMESHEET_DETAIL_LOG,TIMESHEET_DETAIL_ID,CHAR,W1M599P0,1,NORMAL,VALID,VISIBLE,NO,UNIQUE,Y,Y,N,N,,MEDIUM,Good candidate for equality or IN pre-filter.
W1_TIMESHEET_DETAIL_LOG_PARM,TIMESHEET_DETAIL_ID,CHAR,W1M600P0,1,NORMAL,VALID,VISIBLE,NO,UNIQUE,Y,Y,N,N,,MEDIUM,Good candidate for equality or IN pre-filter.
W1_TIMESHEET_IDENTIFIER,SYS_NC00005$,,W1M590S1,1,FUNCTION-BASED NORMAL,VALID,VISIBLE,NO,NONUNIQUE,Y,Y,N,N,,MEDIUM,Good candidate for equality or IN pre-filter.
W1_TIMESHEET_IDENTIFIER,W1_ID_VALUE,VARCHAR2,W1M590S0,1,NORMAL,VALID,VISIBLE,NO,NONUNIQUE,Y,Y,N,N,,MEDIUM,Good candidate for equality or IN pre-filter.
W1_TIMESHEET_IDENTIFIER,W1_TIMESHEET_ID,CHAR,W1M590P0,1,NORMAL,VALID,VISIBLE,NO,UNIQUE,Y,Y,N,N,,MEDIUM,Good candidate for equality or IN pre-filter.
W1_TIMESHEET_K,W1_TIMESHEET_ID,CHAR,W1M594P0,1,IOT - TOP,VALID,VISIBLE,NO,UNIQUE,Y,Y,N,N,,MEDIUM,Good candidate for equality or IN pre-filter.
W1_TIMESHEET_LOG,W1_TIMESHEET_ID,CHAR,W1M592P0,1,NORMAL,VALID,VISIBLE,NO,UNIQUE,Y,Y,N,N,,MEDIUM,Good candidate for equality or IN pre-filter.
W1_TIMESHEET_LOG_PARM,W1_TIMESHEET_ID,CHAR,W1M593P0,1,NORMAL,VALID,VISIBLE,NO,UNIQUE,Y,Y,N,N,,MEDIUM,Good candidate for equality or IN pre-filter.
W1_TIME_PERIOD,TIME_PERIOD_CD,VARCHAR2,W1C619P0,1,NORMAL,VALID,VISIBLE,NO,UNIQUE,Y,Y,N,N,,MEDIUM,Good candidate for equality or IN pre-filter.
W1_TIME_PERIOD_CHAR,SRCH_CHAR_VAL,VARCHAR2,W1C621S1,1,NORMAL,VALID,VISIBLE,NO,NONUNIQUE,Y,Y,N,N,,MEDIUM,Good candidate for equality or IN pre-filter.
W1_TIME_PERIOD_CHAR,TIME_PERIOD_CD,VARCHAR2,W1C621P0,1,NORMAL,VALID,VISIBLE,NO,UNIQUE,Y,Y,N,N,,MEDIUM,Good candidate for equality or IN pre-filter.
W1_TIME_PERIOD_L,TIME_PERIOD_CD,VARCHAR2,W1C620P0,1,NORMAL,VALID,VISIBLE,NO,UNIQUE,Y,Y,N,N,,MEDIUM,Good candidate for equality or IN pre-filter.
W1_TIMSHEETDTL_COST_CTR,TIMESHEET_DETAIL_ID,CHAR,W1M597P0,1,NORMAL,VALID,VISIBLE,NO,UNIQUE,Y,Y,N,N,,MEDIUM,Good candidate for equality or IN pre-filter.
W1_TMPL_ACT,TMPL_ACT_ID,CHAR,W1M617P0,1,NORMAL,VALID,VISIBLE,NO,UNIQUE,Y,Y,N,N,,MEDIUM,Good candidate for equality or IN pre-filter.
W1_TMPL_ACT,TMPL_WO_ID,CHAR,W1M617S1,1,NORMAL,VALID,VISIBLE,NO,NONUNIQUE,Y,Y,N,N,,MEDIUM,Good candidate for equality or IN pre-filter.
W1_TMPL_ACT_CHAR,SRCH_CHAR_VAL,VARCHAR2,W1M622S1,1,NORMAL,VALID,VISIBLE,NO,NONUNIQUE,Y,Y,N,N,,MEDIUM,Good candidate for equality or IN pre-filter.
W1_TMPL_ACT_CHAR,TMPL_ACT_ID,CHAR,W1M622P0,1,NORMAL,VALID,VISIBLE,NO,UNIQUE,Y,Y,N,N,,MEDIUM,Good candidate for equality or IN pre-filter.
W1_TMPL_ACT_CHKLST_TYP,TMPL_ACT_ID,CHAR,W1M805P0,1,NORMAL,VALID,VISIBLE,NO,UNIQUE,Y,Y,N,N,,MEDIUM,Good candidate for equality or IN pre-filter.
W1_TMPL_ACT_COST_CENTER,TMPL_ACT_ID,CHAR,W1M619P0,1,NORMAL,VALID,VISIBLE,NO,UNIQUE,Y,Y,N,N,,MEDIUM,Good candidate for equality or IN pre-filter.
W1_TMPL_ACT_COST_DIST,TMPL_ACT_ID,CHAR,W1M710P0,1,NORMAL,VALID,VISIBLE,NO,UNIQUE,Y,Y,N,N,,MEDIUM,Good candidate for equality or IN pre-filter.
W1_TMPL_ACT_DOCUMENT,TMPL_ACT_ID,CHAR,W1M620P0,1,NORMAL,VALID,VISIBLE,NO,UNIQUE,Y,Y,N,N,,MEDIUM,Good candidate for equality or IN pre-filter.
W1_TMPL_ACT_IDENTIFIER,SYS_NC00005$,,W1M621S1,1,FUNCTION-BASED NORMAL,VALID,VISIBLE,NO,NONUNIQUE,Y,Y,N,N,,MEDIUM,Good candidate for equality or IN pre-filter.
W1_TMPL_ACT_IDENTIFIER,TMPL_ACT_ID,CHAR,W1M621P0,1,NORMAL,VALID,VISIBLE,NO,UNIQUE,Y,Y,N,N,,MEDIUM,Good candidate for equality or IN pre-filter.
W1_TMPL_ACT_IDENTIFIER,W1_ID_VALUE,VARCHAR2,W1M621S0,1,NORMAL,VALID,VISIBLE,NO,NONUNIQUE,Y,Y,N,N,,MEDIUM,Good candidate for equality or IN pre-filter.
W1_TMPL_ACT_K,TMPL_ACT_ID,CHAR,W1M625P0,1,IOT - TOP,VALID,VISIBLE,NO,UNIQUE,Y,Y,N,N,,MEDIUM,Good candidate for equality or IN pre-filter.
W1_TMPL_ACT_LOG,CHAR_TYPE_CD,CHAR,W1M623S1,1,NORMAL,VALID,VISIBLE,NO,NONUNIQUE,Y,Y,N,N,,MEDIUM,Good candidate for equality or IN pre-filter.
W1_TMPL_ACT_LOG,CHAR_TYPE_CD,CHAR,W1M623S2,1,NORMAL,VALID,VISIBLE,NO,NONUNIQUE,Y,Y,N,N,,MEDIUM,Good candidate for equality or IN pre-filter.
W1_TMPL_ACT_LOG,TMPL_ACT_ID,CHAR,W1M623P0,1,NORMAL,VALID,VISIBLE,NO,UNIQUE,Y,Y,N,N,,MEDIUM,Good candidate for equality or IN pre-filter.
W1_TMPL_ACT_LOG_PARM,TMPL_ACT_ID,CHAR,W1M624P0,1,NORMAL,VALID,VISIBLE,NO,UNIQUE,Y,Y,N,N,,MEDIUM,Good candidate for equality or IN pre-filter.
W1_TMPL_ACT_NOTE,TMPL_ACT_ID,CHAR,W1M618P0,1,NORMAL,VALID,VISIBLE,NO,UNIQUE,Y,Y,N,N,,MEDIUM,Good candidate for equality or IN pre-filter.
W1_TMPL_ACT_PLAN_SVC_HIST_TYPE,TMPL_ACT_ID,CHAR,W1M713P0,1,NORMAL,VALID,VISIBLE,NO,UNIQUE,Y,Y,N,N,,MEDIUM,Good candidate for equality or IN pre-filter.
W1_TMPL_ACT_RSRC,TMPL_ACT_RSRC_ID,CHAR,W1M626P0,1,NORMAL,VALID,VISIBLE,NO,UNIQUE,Y,Y,N,N,,MEDIUM,Good candidate for equality or IN pre-filter.
W1_TMPL_ACT_RSRC_CHAR,SRCH_CHAR_VAL,VARCHAR2,W1M630S1,1,NORMAL,VALID,VISIBLE,NO,NONUNIQUE,Y,Y,N,N,,MEDIUM,Good candidate for equality or IN pre-filter.
W1_TMPL_ACT_RSRC_CHAR,TMPL_ACT_RSRC_ID,CHAR,W1M630P0,1,NORMAL,VALID,VISIBLE,NO,UNIQUE,Y,Y,N,N,,MEDIUM,Good candidate for equality or IN pre-filter.
W1_TMPL_ACT_RSRC_DOCUMENT,TMPL_ACT_RSRC_ID,CHAR,W1M628P0,1,NORMAL,VALID,VISIBLE,NO,UNIQUE,Y,Y,N,N,,MEDIUM,Good candidate for equality or IN pre-filter.
W1_TMPL_ACT_RSRC_IDENTIFIER,SYS_NC00005$,,W1M629S1,1,FUNCTION-BASED NORMAL,VALID,VISIBLE,NO,NONUNIQUE,Y,Y,N,N,,MEDIUM,Good candidate for equality or IN pre-filter.
W1_TMPL_ACT_RSRC_IDENTIFIER,TMPL_ACT_RSRC_ID,CHAR,W1M629P0,1,NORMAL,VALID,VISIBLE,NO,UNIQUE,Y,Y,N,N,,MEDIUM,Good candidate for equality or IN pre-filter.
W1_TMPL_ACT_RSRC_IDENTIFIER,W1_ID_VALUE,VARCHAR2,W1M629S0,1,NORMAL,VALID,VISIBLE,NO,NONUNIQUE,Y,Y,N,N,,MEDIUM,Good candidate for equality or IN pre-filter.
W1_TMPL_ACT_RSRC_K,TMPL_ACT_RSRC_ID,CHAR,W1M633P0,1,IOT - TOP,VALID,VISIBLE,NO,UNIQUE,Y,Y,N,N,,MEDIUM,Good candidate for equality or IN pre-filter.
W1_TMPL_ACT_RSRC_LOG,CHAR_TYPE_CD,CHAR,W1M631S1,1,NORMAL,VALID,VISIBLE,NO,NONUNIQUE,Y,Y,N,N,,MEDIUM,Good candidate for equality or IN pre-filter.
W1_TMPL_ACT_RSRC_LOG,CHAR_TYPE_CD,CHAR,W1M631S2,1,NORMAL,VALID,VISIBLE,NO,NONUNIQUE,Y,Y,N,N,,MEDIUM,Good candidate for equality or IN pre-filter.
W1_TMPL_ACT_RSRC_LOG,TMPL_ACT_RSRC_ID,CHAR,W1M631P0,1,NORMAL,VALID,VISIBLE,NO,UNIQUE,Y,Y,N,N,,MEDIUM,Good candidate for equality or IN pre-filter.
W1_TMPL_ACT_RSRC_LOG_PARM,TMPL_ACT_RSRC_ID,CHAR,W1M632P0,1,NORMAL,VALID,VISIBLE,NO,UNIQUE,Y,Y,N,N,,MEDIUM,Good candidate for equality or IN pre-filter.
W1_TMPL_ACT_RSRC_NOTE,TMPL_ACT_RSRC_ID,CHAR,W1M627P0,1,NORMAL,VALID,VISIBLE,NO,UNIQUE,Y,Y,N,N,,MEDIUM,Good candidate for equality or IN pre-filter.
W1_TMPL_WO,BUS_OBJ_CD,CHAR,W1M610S1,1,NORMAL,VALID,VISIBLE,NO,UNIQUE,Y,Y,N,N,,MEDIUM,Good candidate for equality or IN pre-filter.
W1_TMPL_WO,TMPL_WO_ID,CHAR,W1M610P0,1,NORMAL,VALID,VISIBLE,NO,UNIQUE,Y,Y,N,N,,MEDIUM,Good candidate for equality or IN pre-filter.
W1_TMPL_WO,W1_CREW_ID,CHAR,W1M610S3,1,NORMAL,VALID,VISIBLE,NO,NONUNIQUE,Y,Y,N,N,,MEDIUM,Good candidate for equality or IN pre-filter.
W1_TMPL_WO,W1_DESCR100_UPR,VARCHAR2,W1M610S2,1,NORMAL,VALID,VISIBLE,NO,NONUNIQUE,Y,Y,N,N,,MEDIUM,Good candidate for equality or IN pre-filter.
W1_TMPL_WO_CHAR,SRCH_CHAR_VAL,VARCHAR2,W1M613S1,1,NORMAL,VALID,VISIBLE,NO,NONUNIQUE,Y,Y,N,N,,MEDIUM,Good candidate for equality or IN pre-filter.
W1_TMPL_WO_CHAR,TMPL_WO_ID,CHAR,W1M613P0,1,NORMAL,VALID,VISIBLE,NO,UNIQUE,Y,Y,N,N,,MEDIUM,Good candidate for equality or IN pre-filter.
W1_TMPL_WO_IDENTIFIER,SYS_NC00005$,,W1M612S1,1,FUNCTION-BASED NORMAL,VALID,VISIBLE,NO,NONUNIQUE,Y,Y,N,N,,MEDIUM,Good candidate for equality or IN pre-filter.
W1_TMPL_WO_IDENTIFIER,TMPL_WO_ID,CHAR,W1M612P0,1,NORMAL,VALID,VISIBLE,NO,UNIQUE,Y,Y,N,N,,MEDIUM,Good candidate for equality or IN pre-filter.
W1_TMPL_WO_IDENTIFIER,W1_ID_VALUE,VARCHAR2,W1M612S0,1,NORMAL,VALID,VISIBLE,NO,NONUNIQUE,Y,Y,N,N,,MEDIUM,Good candidate for equality or IN pre-filter.
W1_TMPL_WO_K,TMPL_WO_ID,CHAR,W1M616P0,1,IOT - TOP,VALID,VISIBLE,NO,UNIQUE,Y,Y,N,N,,MEDIUM,Good candidate for equality or IN pre-filter.
W1_TMPL_WO_LOG,CHAR_TYPE_CD,CHAR,W1M614S1,1,NORMAL,VALID,VISIBLE,NO,NONUNIQUE,Y,Y,N,N,,MEDIUM,Good candidate for equality or IN pre-filter.
W1_TMPL_WO_LOG,CHAR_TYPE_CD,CHAR,W1M614S2,1,NORMAL,VALID,VISIBLE,NO,NONUNIQUE,Y,Y,N,N,,MEDIUM,Good candidate for equality or IN pre-filter.
W1_TMPL_WO_LOG,TMPL_WO_ID,CHAR,W1M614P0,1,NORMAL,VALID,VISIBLE,NO,UNIQUE,Y,Y,N,N,,MEDIUM,Good candidate for equality or IN pre-filter.
W1_TMPL_WO_LOG_PARM,TMPL_WO_ID,CHAR,W1M615P0,1,NORMAL,VALID,VISIBLE,NO,UNIQUE,Y,Y,N,N,,MEDIUM,Good candidate for equality or IN pre-filter.
W1_TMPL_WO_NOTE,TMPL_WO_ID,CHAR,W1M611P0,1,NORMAL,VALID,VISIBLE,NO,UNIQUE,Y,Y,N,N,,MEDIUM,Good candidate for equality or IN pre-filter.
W1_VENDOR,VENDOR_CD,VARCHAR2,W1M634P0,1,NORMAL,VALID,VISIBLE,NO,UNIQUE,Y,Y,N,N,,MEDIUM,Good candidate for equality or IN pre-filter.
W1_VENDOR_CHAR,SRCH_CHAR_VAL,VARCHAR2,W1M636S1,1,NORMAL,VALID,VISIBLE,NO,NONUNIQUE,Y,Y,N,N,,MEDIUM,Good candidate for equality or IN pre-filter.
W1_VENDOR_CHAR,VENDOR_CD,VARCHAR2,W1M636P0,1,NORMAL,VALID,VISIBLE,NO,UNIQUE,Y,Y,N,N,,MEDIUM,Good candidate for equality or IN pre-filter.
W1_VENDOR_IDENTIFIER,SYS_NC00005$,,W1M635S2,1,FUNCTION-BASED NORMAL,VALID,VISIBLE,NO,NONUNIQUE,Y,Y,N,N,,MEDIUM,Good candidate for equality or IN pre-filter.
W1_VENDOR_IDENTIFIER,VENDOR_CD,VARCHAR2,W1M635P0,1,NORMAL,VALID,VISIBLE,NO,UNIQUE,Y,Y,N,N,,MEDIUM,Good candidate for equality or IN pre-filter.
W1_VENDOR_IDENTIFIER,W1_ID_VAL,VARCHAR2,W1M635S1,1,NORMAL,VALID,VISIBLE,NO,NONUNIQUE,Y,Y,N,N,,MEDIUM,Good candidate for equality or IN pre-filter.
W1_VENDOR_LOC,VENDOR_CD,VARCHAR2,W1M637S1,1,NORMAL,VALID,VISIBLE,NO,UNIQUE,Y,Y,N,N,,MEDIUM,Good candidate for equality or IN pre-filter.
W1_VENDOR_LOC,VENDOR_LOC_ID,CHAR,W1M637P0,1,NORMAL,VALID,VISIBLE,NO,UNIQUE,Y,Y,N,N,,MEDIUM,Good candidate for equality or IN pre-filter.
W1_VENDOR_LOC_CAPABILITY,VENDOR_LOC_ID,CHAR,W1M644P0,1,NORMAL,VALID,VISIBLE,NO,UNIQUE,Y,Y,N,N,,MEDIUM,Good candidate for equality or IN pre-filter.
W1_VENDOR_LOC_CHAR,SRCH_CHAR_VAL,VARCHAR2,W1M640S1,1,NORMAL,VALID,VISIBLE,NO,NONUNIQUE,Y,Y,N,N,,MEDIUM,Good candidate for equality or IN pre-filter.
W1_VENDOR_LOC_CHAR,VENDOR_LOC_ID,CHAR,W1M640P0,1,NORMAL,VALID,VISIBLE,NO,UNIQUE,Y,Y,N,N,,MEDIUM,Good candidate for equality or IN pre-filter.
W1_VENDOR_LOC_CMDTY,VENDOR_LOC_ID,CHAR,W1M645P0,1,NORMAL,VALID,VISIBLE,NO,UNIQUE,Y,Y,N,N,,MEDIUM,Good candidate for equality or IN pre-filter.
W1_VENDOR_LOC_CONTACT,VENDOR_LOC_ID,CHAR,W1M641P0,1,NORMAL,VALID,VISIBLE,NO,UNIQUE,Y,Y,N,N,,MEDIUM,Good candidate for equality or IN pre-filter.
W1_VENDOR_LOC_DOCUMENT,VENDOR_LOC_ID,CHAR,W1M643P0,1,NORMAL,VALID,VISIBLE,NO,UNIQUE,Y,Y,N,N,,MEDIUM,Good candidate for equality or IN pre-filter.
W1_VENDOR_LOC_IDENTIFIER,SYS_NC00005$,,W1M639S2,1,FUNCTION-BASED NORMAL,VALID,VISIBLE,NO,NONUNIQUE,Y,Y,N,N,,MEDIUM,Good candidate for equality or IN pre-filter.
W1_VENDOR_LOC_IDENTIFIER,VENDOR_LOC_ID,CHAR,W1M639P0,1,NORMAL,VALID,VISIBLE,NO,UNIQUE,Y,Y,N,N,,MEDIUM,Good candidate for equality or IN pre-filter.
W1_VENDOR_LOC_IDENTIFIER,W1_ID_VAL,VARCHAR2,W1M639S1,1,NORMAL,VALID,VISIBLE,NO,NONUNIQUE,Y,Y,N,N,,MEDIUM,Good candidate for equality or IN pre-filter.
W1_VENDOR_LOC_K,VENDOR_LOC_ID,CHAR,W1M638P0,1,IOT - TOP,VALID,VISIBLE,NO,UNIQUE,Y,Y,N,N,,MEDIUM,Good candidate for equality or IN pre-filter.
W1_VENDOR_LOC_LOG,VENDOR_LOC_ID,CHAR,W1C639P0,1,NORMAL,VALID,VISIBLE,NO,UNIQUE,Y,Y,N,N,,MEDIUM,Good candidate for equality or IN pre-filter.
W1_VENDOR_LOC_LOG_PARM,VENDOR_LOC_ID,CHAR,W1C640P0,1,NORMAL,VALID,VISIBLE,NO,UNIQUE,Y,Y,N,N,,MEDIUM,Good candidate for equality or IN pre-filter.
W1_VENDOR_LOC_NOTE,VENDOR_LOC_ID,CHAR,W1M642P0,1,NORMAL,VALID,VISIBLE,NO,UNIQUE,Y,Y,N,N,,MEDIUM,Good candidate for equality or IN pre-filter.
W1_VENDOR_LOC_PAYTO_LOC,VENDOR_LOC_ID,CHAR,W1M955P0,1,NORMAL,VALID,VISIBLE,NO,UNIQUE,Y,Y,N,N,,MEDIUM,Good candidate for equality or IN pre-filter.
W1_VENDOR_LOG,CHAR_TYPE_CD,CHAR,W1M943S1,1,NORMAL,VALID,VISIBLE,NO,NONUNIQUE,Y,Y,N,N,,MEDIUM,Good candidate for equality or IN pre-filter.
W1_VENDOR_LOG,CHAR_TYPE_CD,CHAR,W1M943S2,1,NORMAL,VALID,VISIBLE,NO,NONUNIQUE,Y,Y,N,N,,MEDIUM,Good candidate for equality or IN pre-filter.
W1_VENDOR_LOG,VENDOR_CD,VARCHAR2,W1M943P0,1,NORMAL,VALID,VISIBLE,NO,UNIQUE,Y,Y,N,N,,MEDIUM,Good candidate for equality or IN pre-filter.
W1_VENDOR_LOG_PARM,VENDOR_CD,VARCHAR2,W1M944P0,1,NORMAL,VALID,VISIBLE,NO,UNIQUE,Y,Y,N,N,,MEDIUM,Good candidate for equality or IN pre-filter.
W1_WARRANTY,BUS_OBJ_CD,CHAR,W1C524S2,1,NORMAL,VALID,VISIBLE,NO,UNIQUE,Y,Y,N,N,,MEDIUM,Good candidate for equality or IN pre-filter.
W1_WARRANTY,WARRANTY_ID,CHAR,W1M524P0,1,NORMAL,VALID,VISIBLE,NO,UNIQUE,Y,Y,N,N,,MEDIUM,Good candidate for equality or IN pre-filter.
W1_WARRANTY,WARRANTY_ID,CHAR,W1M524S1,1,NORMAL,VALID,VISIBLE,NO,UNIQUE,Y,Y,N,N,,MEDIUM,Good candidate for equality or IN pre-filter.
W1_WARRANTY_ATTACHMENT,WARRANTY_ID,CHAR,W1M530P0,1,NORMAL,VALID,VISIBLE,NO,UNIQUE,Y,Y,N,N,,MEDIUM,Good candidate for equality or IN pre-filter.
W1_WARRANTY_CHAR,SRCH_CHAR_VAL,VARCHAR2,W1M526S1,1,NORMAL,VALID,VISIBLE,NO,NONUNIQUE,Y,Y,N,N,,MEDIUM,Good candidate for equality or IN pre-filter.
W1_WARRANTY_CHAR,WARRANTY_ID,CHAR,W1M526P0,1,NORMAL,VALID,VISIBLE,NO,UNIQUE,Y,Y,N,N,,MEDIUM,Good candidate for equality or IN pre-filter.
W1_WARRANTY_DOCUMENT,WARRANTY_ID,CHAR,W1M820P0,1,NORMAL,VALID,VISIBLE,NO,UNIQUE,Y,Y,N,N,,MEDIUM,Good candidate for equality or IN pre-filter.
W1_WARRANTY_IDENTIFIER,SYS_NC00005$,,W1M525S1,1,FUNCTION-BASED NORMAL,VALID,VISIBLE,NO,NONUNIQUE,Y,Y,N,N,,MEDIUM,Good candidate for equality or IN pre-filter.
W1_WARRANTY_IDENTIFIER,W1_ID_VALUE,VARCHAR2,W1M525S0,1,NORMAL,VALID,VISIBLE,NO,NONUNIQUE,Y,Y,N,N,,MEDIUM,Good candidate for equality or IN pre-filter.
W1_WARRANTY_IDENTIFIER,WARRANTY_ID,CHAR,W1M525P0,1,NORMAL,VALID,VISIBLE,NO,UNIQUE,Y,Y,N,N,,MEDIUM,Good candidate for equality or IN pre-filter.
W1_WARRANTY_K,WARRANTY_ID,CHAR,W1M531P0,1,IOT - TOP,VALID,VISIBLE,NO,UNIQUE,Y,Y,N,N,,MEDIUM,Good candidate for equality or IN pre-filter.
W1_WARRANTY_LOG,CHAR_TYPE_CD,CHAR,W1M527S1,1,NORMAL,VALID,VISIBLE,NO,NONUNIQUE,Y,Y,N,N,,MEDIUM,Good candidate for equality or IN pre-filter.
W1_WARRANTY_LOG,CHAR_TYPE_CD,CHAR,W1M527S2,1,NORMAL,VALID,VISIBLE,NO,NONUNIQUE,Y,Y,N,N,,MEDIUM,Good candidate for equality or IN pre-filter.
W1_WARRANTY_LOG,WARRANTY_ID,CHAR,W1M527P0,1,NORMAL,VALID,VISIBLE,NO,UNIQUE,Y,Y,N,N,,MEDIUM,Good candidate for equality or IN pre-filter.
W1_WARRANTY_LOG_PARM,WARRANTY_ID,CHAR,W1M528P0,1,NORMAL,VALID,VISIBLE,NO,UNIQUE,Y,Y,N,N,,MEDIUM,Good candidate for equality or IN pre-filter.
W1_WARRANTY_NOTE,WARRANTY_ID,CHAR,W1M529P0,1,NORMAL,VALID,VISIBLE,NO,UNIQUE,Y,Y,N,N,,MEDIUM,Good candidate for equality or IN pre-filter.
W1_WARRANTY_TERM,VENDOR_CD,VARCHAR2,W1C550S3,1,NORMAL,VALID,VISIBLE,NO,NONUNIQUE,Y,Y,N,N,,MEDIUM,Good candidate for equality or IN pre-filter.
W1_WARRANTY_TERM,WARRANTY_TERM_CD,VARCHAR2,W1C550P0,1,NORMAL,VALID,VISIBLE,NO,UNIQUE,Y,Y,N,N,,MEDIUM,Good candidate for equality or IN pre-filter.
W1_WARRANTY_TERM,WARRANTY_TERM_CD,VARCHAR2,W1C550S1,1,NORMAL,VALID,VISIBLE,NO,UNIQUE,Y,Y,N,N,,MEDIUM,Good candidate for equality or IN pre-filter.
W1_WARRANTY_TERM,WARRANTY_TERM_CD,VARCHAR2,W1C550S2,1,NORMAL,VALID,VISIBLE,NO,UNIQUE,Y,Y,N,N,,MEDIUM,Good candidate for equality or IN pre-filter.
W1_WARRANTY_TERM_CHAR,SRCH_CHAR_VAL,VARCHAR2,W1C552S1,1,NORMAL,VALID,VISIBLE,NO,NONUNIQUE,Y,Y,N,N,,MEDIUM,Good candidate for equality or IN pre-filter.
W1_WARRANTY_TERM_CHAR,WARRANTY_TERM_CD,VARCHAR2,W1C552P0,1,NORMAL,VALID,VISIBLE,NO,UNIQUE,Y,Y,N,N,,MEDIUM,Good candidate for equality or IN pre-filter.
W1_WARRANTY_TERM_DOCUMENT,WARRANTY_TERM_CD,VARCHAR2,W1C553P0,1,NORMAL,VALID,VISIBLE,NO,UNIQUE,Y,Y,N,N,,MEDIUM,Good candidate for equality or IN pre-filter.
W1_WARRANTY_TERM_L,WARRANTY_TERM_CD,VARCHAR2,W1C551P0,1,NORMAL,VALID,VISIBLE,NO,UNIQUE,Y,Y,N,N,,MEDIUM,Good candidate for equality or IN pre-filter.
W1_WO,CRE_DTTM,DATE,W1T232S5,1,NORMAL,VALID,VISIBLE,NO,NONUNIQUE,Y,Y,Y,N,,HIGH,Primary candidate for mandatory rolling window pre-filter.
W1_WO,FINAL_DTTM,DATE,W1T232S10,1,NORMAL,VALID,VISIBLE,NO,NONUNIQUE,Y,Y,Y,N,,HIGH,Primary candidate for mandatory rolling window pre-filter.
W1_WO,BO_STATUS_CD,CHAR,W1T232S3,1,NORMAL,VALID,VISIBLE,NO,NONUNIQUE,Y,Y,N,N,,MEDIUM,Good candidate for equality or IN pre-filter.
W1_WO,BO_STATUS_CD,CHAR,W1T232S4,1,NORMAL,VALID,VISIBLE,NO,NONUNIQUE,Y,Y,N,N,,MEDIUM,Good candidate for equality or IN pre-filter.
W1_WO,BUS_OBJ_CD,CHAR,W1T232S6,1,NORMAL,VALID,VISIBLE,NO,UNIQUE,Y,Y,N,N,,MEDIUM,Good candidate for equality or IN pre-filter.
W1_WO,PARENT_WO_ID,CHAR,W1T232S14,1,NORMAL,VALID,VISIBLE,NO,NONUNIQUE,Y,Y,N,N,,MEDIUM,Good candidate for equality or IN pre-filter.
W1_WO,SVC_HIST_TYPE_CD,VARCHAR2,W1T232S7,1,NORMAL,VALID,VISIBLE,NO,NONUNIQUE,Y,Y,N,N,,MEDIUM,Good candidate for equality or IN pre-filter.
W1_WO,SVC_SCHED_WO_ID,CHAR,W1T232S8,1,NORMAL,VALID,VISIBLE,NO,NONUNIQUE,Y,Y,N,N,,MEDIUM,Good candidate for equality or IN pre-filter.
W1_WO,TEMPLATE_NAME_UPR,VARCHAR2,W1T232S2,1,NORMAL,VALID,VISIBLE,NO,NONUNIQUE,Y,Y,N,N,,MEDIUM,Good candidate for equality or IN pre-filter.
W1_WO,USER_ID,CHAR,W1T232S9,1,NORMAL,VALID,VISIBLE,NO,NONUNIQUE,Y,Y,N,N,,MEDIUM,Good candidate for equality or IN pre-filter.
W1_WO,W1_DESCR100_UPR,VARCHAR2,W1T232S1,1,NORMAL,VALID,VISIBLE,NO,NONUNIQUE,Y,Y,N,N,,MEDIUM,Good candidate for equality or IN pre-filter.
W1_WO,WORK_REQ_ID,CHAR,W1T232S11,1,NORMAL,VALID,VISIBLE,NO,NONUNIQUE,Y,Y,N,N,,MEDIUM,Good candidate for equality or IN pre-filter.
W1_WO,WO_ID,CHAR,W1T232P0,1,NORMAL,VALID,VISIBLE,NO,UNIQUE,Y,Y,N,N,,MEDIUM,Good candidate for equality or IN pre-filter.
W1_WO,WO_ID,CHAR,W1T232S12,1,NORMAL,VALID,VISIBLE,NO,NONUNIQUE,Y,Y,N,N,,MEDIUM,Good candidate for equality or IN pre-filter.
W1_WO,WO_NUM,VARCHAR2,W1T232S13,1,NORMAL,VALID,VISIBLE,NO,UNIQUE,Y,Y,N,N,,MEDIUM,Good candidate for equality or IN pre-filter.
W1_WORK_CAL,WORK_CALENDAR_CD,VARCHAR2,W1C652P0,1,NORMAL,VALID,VISIBLE,NO,UNIQUE,Y,Y,N,N,,MEDIUM,Good candidate for equality or IN pre-filter.
W1_WORK_CAL_L,WORK_CALENDAR_CD,VARCHAR2,W1C653P0,1,NORMAL,VALID,VISIBLE,NO,UNIQUE,Y,Y,N,N,,MEDIUM,Good candidate for equality or IN pre-filter.
W1_WORK_CAL_SCHED_DATE,WORK_CALENDAR_CD,VARCHAR2,W1C654P0,1,NORMAL,VALID,VISIBLE,NO,UNIQUE,Y,Y,N,N,,MEDIUM,Good candidate for equality or IN pre-filter.
W1_WORK_CATEGORY,WORK_CATEGORY_CD,VARCHAR2,W1C818P0,1,NORMAL,VALID,VISIBLE,NO,UNIQUE,Y,Y,N,N,,MEDIUM,Good candidate for equality or IN pre-filter.
W1_WORK_CATEGORY_CHAR,SRCH_CHAR_VAL,VARCHAR2,W1C820S1,1,NORMAL,VALID,VISIBLE,NO,NONUNIQUE,Y,Y,N,N,,MEDIUM,Good candidate for equality or IN pre-filter.
W1_WORK_CATEGORY_CHAR,WORK_CATEGORY_CD,VARCHAR2,W1C820P0,1,NORMAL,VALID,VISIBLE,NO,UNIQUE,Y,Y,N,N,,MEDIUM,Good candidate for equality or IN pre-filter.
W1_WORK_CATEGORY_L,WORK_CATEGORY_CD,VARCHAR2,W1C819P0,1,NORMAL,VALID,VISIBLE,NO,UNIQUE,Y,Y,N,N,,MEDIUM,Good candidate for equality or IN pre-filter.
W1_WORK_CLASS,WORK_CLASS_CD,VARCHAR2,W1C821P0,1,NORMAL,VALID,VISIBLE,NO,UNIQUE,Y,Y,N,N,,MEDIUM,Good candidate for equality or IN pre-filter.
W1_WORK_CLASS_CHAR,WORK_CLASS_CD,VARCHAR2,W1C823P0,1,NORMAL,VALID,VISIBLE,NO,UNIQUE,Y,Y,N,N,,MEDIUM,Good candidate for equality or IN pre-filter.
W1_WORK_CLASS_L,WORK_CLASS_CD,VARCHAR2,W1C822P0,1,NORMAL,VALID,VISIBLE,NO,UNIQUE,Y,Y,N,N,,MEDIUM,Good candidate for equality or IN pre-filter.
W1_WORK_CLASS_WORK_CATEGORY,WORK_CLASS_CD,VARCHAR2,W1C824P0,1,NORMAL,VALID,VISIBLE,NO,UNIQUE,Y,Y,N,N,,MEDIUM,Good candidate for equality or IN pre-filter.
W1_WORK_DESIGN,W1_DESCR100_UPR,VARCHAR2,W1T787S1,1,NORMAL,VALID,VISIBLE,NO,NONUNIQUE,Y,Y,N,N,,MEDIUM,Good candidate for equality or IN pre-filter.
W1_WORK_DESIGN,WORK_DESIGN_ID,CHAR,W1T787P0,1,NORMAL,VALID,VISIBLE,NO,UNIQUE,Y,Y,N,N,,MEDIUM,Good candidate for equality or IN pre-filter.
W1_WORK_DESIGN_CHAR,WORK_DESIGN_ID,CHAR,W1M790P0,1,NORMAL,VALID,VISIBLE,NO,UNIQUE,Y,Y,N,N,,MEDIUM,Good candidate for equality or IN pre-filter.
W1_WORK_DESIGN_DOCUMENT,WORK_DESIGN_ID,CHAR,W1M794P0,1,NORMAL,VALID,VISIBLE,NO,UNIQUE,Y,Y,N,N,,MEDIUM,Good candidate for equality or IN pre-filter.
W1_WORK_DESIGN_IDENTIFIER,WORK_DESIGN_ID,CHAR,W1M791P0,1,NORMAL,VALID,VISIBLE,NO,UNIQUE,Y,Y,N,N,,MEDIUM,Good candidate for equality or IN pre-filter.
W1_WORK_DESIGN_K,WORK_DESIGN_ID,CHAR,W1T805P0,1,IOT - TOP,VALID,VISIBLE,NO,UNIQUE,Y,Y,N,N,,MEDIUM,Good candidate for equality or IN pre-filter.
W1_WORK_DESIGN_LOG,WORK_DESIGN_ID,CHAR,W1M792P0,1,NORMAL,VALID,VISIBLE,NO,UNIQUE,Y,Y,N,N,,MEDIUM,Good candidate for equality or IN pre-filter.
W1_WORK_DESIGN_LOG_PARM,WORK_DESIGN_ID,CHAR,W1M793P0,1,NORMAL,VALID,VISIBLE,NO,UNIQUE,Y,Y,N,N,,MEDIUM,Good candidate for equality or IN pre-filter.
W1_WORK_DESIGN_NOTE,WORK_DESIGN_ID,CHAR,W1M795P0,1,NORMAL,VALID,VISIBLE,NO,UNIQUE,Y,Y,N,N,,MEDIUM,Good candidate for equality or IN pre-filter.
W1_WORK_DESIGN_OTHER_COST,WORK_DESIGN_ID,CHAR,W1T789P0,1,NORMAL,VALID,VISIBLE,NO,UNIQUE,Y,Y,N,N,,MEDIUM,Good candidate for equality or IN pre-filter.
W1_WORK_DESIGN_RSRC_COST,WORK_DESIGN_ID,CHAR,W1T788P0,1,NORMAL,VALID,VISIBLE,NO,UNIQUE,Y,Y,N,N,,MEDIUM,Good candidate for equality or IN pre-filter.
W1_WORK_LOC,WORK_LOC_ID,CHAR,W1M721P0,1,NORMAL,VALID,VISIBLE,NO,UNIQUE,Y,Y,N,N,,MEDIUM,Good candidate for equality or IN pre-filter.
W1_WORK_LOC_CHAR,SRCH_CHAR_VAL,VARCHAR2,W1M723S0,1,NORMAL,VALID,VISIBLE,NO,NONUNIQUE,Y,Y,N,N,,MEDIUM,Good candidate for equality or IN pre-filter.
W1_WORK_LOC_CHAR,WORK_LOC_ID,CHAR,W1M723P0,1,NORMAL,VALID,VISIBLE,NO,UNIQUE,Y,Y,N,N,,MEDIUM,Good candidate for equality or IN pre-filter.
W1_WORK_LOC_IDENTIFIER,SYS_NC00005$,,W1M725S1,1,FUNCTION-BASED NORMAL,VALID,VISIBLE,NO,NONUNIQUE,Y,Y,N,N,,MEDIUM,Good candidate for equality or IN pre-filter.
W1_WORK_LOC_IDENTIFIER,W1_ID_VALUE,VARCHAR2,W1M725S0,1,NORMAL,VALID,VISIBLE,NO,NONUNIQUE,Y,Y,N,N,,MEDIUM,Good candidate for equality or IN pre-filter.
W1_WORK_LOC_IDENTIFIER,WORK_LOC_ID_TYPE_FLG,CHAR,W1M725P0,1,NORMAL,VALID,VISIBLE,NO,UNIQUE,Y,Y,N,N,,MEDIUM,Good candidate for equality or IN pre-filter.
W1_WORK_LOC_K,WORK_LOC_ID,CHAR,W1M726P0,1,IOT - TOP,VALID,VISIBLE,NO,UNIQUE,Y,Y,N,N,,MEDIUM,Good candidate for equality or IN pre-filter.
W1_WORK_LOC_LOG,WORK_LOC_ID,CHAR,W1M722P0,1,NORMAL,VALID,VISIBLE,NO,UNIQUE,Y,Y,N,N,,MEDIUM,Good candidate for equality or IN pre-filter.
W1_WORK_LOC_LOG_PARM,WORK_LOC_ID,CHAR,W1M724P0,1,NORMAL,VALID,VISIBLE,NO,UNIQUE,Y,Y,N,N,,MEDIUM,Good candidate for equality or IN pre-filter.
W1_WORK_REQ,ASSET_ID,CHAR,W1T298S5,1,NORMAL,VALID,VISIBLE,NO,NONUNIQUE,Y,Y,N,N,,MEDIUM,Good candidate for equality or IN pre-filter.
W1_WORK_REQ,BUS_OBJ_CD,CHAR,W1T298S1,1,NORMAL,VALID,VISIBLE,NO,UNIQUE,Y,Y,N,N,,MEDIUM,Good candidate for equality or IN pre-filter.
W1_WORK_REQ,NODE_ID,CHAR,W1T298S6,1,NORMAL,VALID,VISIBLE,NO,NONUNIQUE,Y,Y,N,N,,MEDIUM,Good candidate for equality or IN pre-filter.
W1_WORK_REQ,PK_VALUE1,VARCHAR2,W1T298S8,1,NORMAL,VALID,VISIBLE,NO,NONUNIQUE,Y,Y,N,N,,MEDIUM,Good candidate for equality or IN pre-filter.
W1_WORK_REQ,W1_ADDRESS1_UPR,VARCHAR2,W1T298S3,1,NORMAL,VALID,VISIBLE,NO,NONUNIQUE,Y,Y,N,N,,MEDIUM,Good candidate for equality or IN pre-filter.
W1_WORK_REQ,W1_CITY_UPR,VARCHAR2,W1T298S4,1,NORMAL,VALID,VISIBLE,NO,NONUNIQUE,Y,Y,N,N,,MEDIUM,Good candidate for equality or IN pre-filter.
W1_WORK_REQ,W1_DESCR100_UPR,VARCHAR2,W1T298S2,1,NORMAL,VALID,VISIBLE,NO,NONUNIQUE,Y,Y,N,N,,MEDIUM,Good candidate for equality or IN pre-filter.
W1_WORK_REQ,WORK_LOC_ID,CHAR,W1T298S7,1,NORMAL,VALID,VISIBLE,NO,NONUNIQUE,Y,Y,N,N,,MEDIUM,Good candidate for equality or IN pre-filter.
W1_WORK_REQ,WORK_REQ_ID,CHAR,W1T298P0,1,NORMAL,VALID,VISIBLE,NO,UNIQUE,Y,Y,N,N,,MEDIUM,Good candidate for equality or IN pre-filter.
W1_WORK_REQ_CHAR,SRCH_CHAR_VAL,VARCHAR2,W1T301S1,1,NORMAL,VALID,VISIBLE,NO,NONUNIQUE,Y,Y,N,N,,MEDIUM,Good candidate for equality or IN pre-filter.
W1_WORK_REQ_CHAR,WORK_REQ_ID,CHAR,W1T301P0,1,NORMAL,VALID,VISIBLE,NO,UNIQUE,Y,Y,N,N,,MEDIUM,Good candidate for equality or IN pre-filter.
W1_WORK_REQ_DOCUMENT,WORK_REQ_ID,CHAR,W1T305P0,1,NORMAL,VALID,VISIBLE,NO,UNIQUE,Y,Y,N,N,,MEDIUM,Good candidate for equality or IN pre-filter.
W1_WORK_REQ_IDENTIFIER,SYS_NC00005$,,W1T299S1,1,FUNCTION-BASED NORMAL,VALID,VISIBLE,NO,NONUNIQUE,Y,Y,N,N,,MEDIUM,Good candidate for equality or IN pre-filter.
W1_WORK_REQ_IDENTIFIER,W1_ID_VALUE,VARCHAR2,W1T299S0,1,NORMAL,VALID,VISIBLE,NO,NONUNIQUE,Y,Y,N,N,,MEDIUM,Good candidate for equality or IN pre-filter.
W1_WORK_REQ_IDENTIFIER,WORK_REQ_ID,CHAR,W1T299P0,1,NORMAL,VALID,VISIBLE,NO,UNIQUE,Y,Y,N,N,,MEDIUM,Good candidate for equality or IN pre-filter.
W1_WORK_REQ_K,WORK_REQ_ID,CHAR,W1T300P0,1,IOT - TOP,VALID,VISIBLE,NO,UNIQUE,Y,Y,N,N,,MEDIUM,Good candidate for equality or IN pre-filter.
W1_WORK_REQ_LOG,WORK_REQ_ID,CHAR,W1T302P0,1,NORMAL,VALID,VISIBLE,NO,UNIQUE,Y,Y,N,N,,MEDIUM,Good candidate for equality or IN pre-filter.
W1_WORK_REQ_LOG_PARM,WORK_REQ_ID,CHAR,W1T303P0,1,NORMAL,VALID,VISIBLE,NO,UNIQUE,Y,Y,N,N,,MEDIUM,Good candidate for equality or IN pre-filter.
W1_WORK_REQ_PHONE,WORK_REQ_ID,CHAR,W1T304P0,1,NORMAL,VALID,VISIBLE,NO,UNIQUE,Y,Y,N,N,,MEDIUM,Good candidate for equality or IN pre-filter.
W1_WORK_REQ_PHONE,WORK_REQ_ID,CHAR,W1T304S1,1,NORMAL,VALID,VISIBLE,NO,NONUNIQUE,Y,Y,N,N,,MEDIUM,Good candidate for equality or IN pre-filter.
W1_WO_CHAR,SRCH_CHAR_VAL,VARCHAR2,W1T234S1,1,NORMAL,VALID,VISIBLE,NO,NONUNIQUE,Y,Y,N,N,,MEDIUM,Good candidate for equality or IN pre-filter.
W1_WO_CHAR,WO_ID,CHAR,W1T234P0,1,NORMAL,VALID,VISIBLE,NO,UNIQUE,Y,Y,N,N,,MEDIUM,Good candidate for equality or IN pre-filter.
W1_WO_COST_CENTER,WO_ID,CHAR,W1T498P0,1,NORMAL,VALID,VISIBLE,NO,UNIQUE,Y,Y,N,N,,MEDIUM,Good candidate for equality or IN pre-filter.
W1_WO_IDENTIFIER,SYS_NC00005$,,W1T233S1,1,FUNCTION-BASED NORMAL,VALID,VISIBLE,NO,NONUNIQUE,Y,Y,N,N,,MEDIUM,Good candidate for equality or IN pre-filter.
W1_WO_IDENTIFIER,W1_ID_VALUE,VARCHAR2,W1T233S0,1,NORMAL,VALID,VISIBLE,NO,NONUNIQUE,Y,Y,N,N,,MEDIUM,Good candidate for equality or IN pre-filter.
W1_WO_IDENTIFIER,WO_ID,CHAR,W1T233P0,1,NORMAL,VALID,VISIBLE,NO,UNIQUE,Y,Y,N,N,,MEDIUM,Good candidate for equality or IN pre-filter.
W1_WO_K,WO_ID,CHAR,W1T481P0,1,IOT - TOP,VALID,VISIBLE,NO,UNIQUE,Y,Y,N,N,,MEDIUM,Good candidate for equality or IN pre-filter.
W1_WO_LOG,CHAR_TYPE_CD,CHAR,W1T235S1,1,NORMAL,VALID,VISIBLE,NO,NONUNIQUE,Y,Y,N,N,,MEDIUM,Good candidate for equality or IN pre-filter.
W1_WO_LOG,CHAR_TYPE_CD,CHAR,W1T235S2,1,NORMAL,VALID,VISIBLE,NO,NONUNIQUE,Y,Y,N,N,,MEDIUM,Good candidate for equality or IN pre-filter.
W1_WO_LOG,WO_ID,CHAR,W1T235P0,1,NORMAL,VALID,VISIBLE,NO,UNIQUE,Y,Y,N,N,,MEDIUM,Good candidate for equality or IN pre-filter.
W1_WO_LOG_PARM,WO_ID,CHAR,W1T236P0,1,NORMAL,VALID,VISIBLE,NO,UNIQUE,Y,Y,N,N,,MEDIUM,Good candidate for equality or IN pre-filter.
W1_WO_NOTE,WO_ID,CHAR,W1T364P0,1,NORMAL,VALID,VISIBLE,NO,UNIQUE,Y,Y,N,N,,MEDIUM,Good candidate for equality or IN pre-filter.
