OWNER,TABLE_NAME,TABLE_COMMENT,TABLESPACE_NAME,TEMPORARY,PARTITIONED,NUM_ROWS,BLOCKS,AVG_ROW_LEN,LAST_ANALYZED
CISADM,C0_INSTALLATION,,CISTS_01,N,NO,1,4,229,2026-01-27 02:21:52
CISADM,C1_BI_FTGL_MONTHLY_A,,CISTS_01,N,NO,0,0,0,2026-01-07 21:28:52
CISADM,C1_BI_FT_MONTHLY_A,,CISTS_01,N,NO,0,0,0,2026-01-07 21:28:52
CISADM,C1_BI_SA_SNAPSHOT,,CISTS_01,N,NO,1242803,28668,95,2026-01-22 02:15:12
CISADM,C1_CALC_GRP,,CISTS_01,N,NO,218,8,54,2026-02-11 02:19:09
CISADM,C1_CALC_GRP_CHAR,,CISTS_01,N,NO,0,0,0,2026-01-07 21:28:53
CISADM,C1_CALC_GRP_L,,CISTS_01,N,NO,218,8,65,2026-02-11 02:19:09
CISADM,C1_CALC_RULE,,CISTS_01,N,NO,611,256,1978,2026-02-11 02:19:03
CISADM,C1_CALC_RULE_CHAR,,CISTS_01,N,NO,387,16,76,2026-02-11 02:18:57
CISADM,C1_CALC_RULE_CRT,,CISTS_01,N,NO,290,32,454,2026-02-19 02:25:54
CISADM,C1_CALC_RULE_CRT_CHAR,,CISTS_01,N,NO,0,0,0,2026-01-07 21:28:53
CISADM,C1_CALC_RULE_CRT_L,,CISTS_01,N,NO,306,16,83,2026-02-11 02:18:51
CISADM,C1_CALC_RULE_L,,CISTS_01,N,NO,659,23,107,2026-02-11 02:19:40
CISADM,C1_CALC_RULE_MBR_CAT,,CISTS_01,N,NO,440,8,50,2026-02-11 02:19:09
CISADM,C1_CALC_RULE_TRGT_CAT,,CISTS_01,N,NO,0,0,0,2026-01-07 21:28:54
CISADM,C1_CIS_DIV_RTYP,,CISTS_01,N,NO,0,0,0,2026-01-07 21:28:54
CISADM,C1_CIS_DIV_SEQ_CHAR,,CISTS_01,N,NO,0,0,0,2026-01-07 21:28:54
CISADM,C1_CL_CAT_TYPE,,CISTS_01,N,NO,5,4,43,2026-01-28 02:15:05
CISADM,C1_CL_CAT_TYPE_CHAR,,CISTS_01,N,NO,0,0,0,2026-01-07 21:28:54
CISADM,C1_CL_CAT_TYPE_L,,CISTS_01,N,NO,5,4,244,2026-01-28 02:15:05
CISADM,C1_CL_CAT_VAL,,CISTS_01,N,NO,24,4,17,2026-01-28 02:15:05
CISADM,C1_CL_CAT_VAL_L,,CISTS_01,N,NO,24,4,37,2026-01-28 02:15:05
CISADM,C1_COMM_RTE_TYPE,,CISTS_01,N,NO,6,4,73,2026-01-16 02:05:29
CISADM,C1_COMM_RTE_TYPE_CHAR,,CISTS_01,N,NO,0,0,0,2026-01-07 21:28:54
CISADM,C1_COMM_RTE_TYPE_DVTYP,,CISTS_01,N,NO,3,4,21,2026-01-09 02:12:15
CISADM,C1_COMM_RTE_TYPE_L,,CISTS_01,N,NO,6,4,31,2026-01-09 02:12:16
CISADM,C1_CONT,,CISTS_01,N,NO,0,0,0,2026-01-07 21:28:54
CISADM,C1_CONT_CHAR,,CISTS_01,N,NO,0,0,0,2026-01-07 21:28:54
CISADM,C1_CONT_ID,,CISTS_01,N,NO,0,0,0,2026-01-07 21:28:54
CISADM,C1_CONT_K,,,N,NO,0,,0,2026-01-07 21:28:54
CISADM,C1_CONT_LOG,,CISTS_01,N,NO,0,0,0,2026-01-07 21:28:54
CISADM,C1_CONT_LOG_PARM,,CISTS_01,N,NO,0,0,0,2026-01-07 21:28:54
CISADM,C1_CONT_MS,,CISTS_01,N,NO,0,0,0,2026-01-07 21:28:54
CISADM,C1_CONT_MS_PROD,,CISTS_01,N,NO,0,0,0,2026-01-07 21:28:54
CISADM,C1_CONT_MS_TYPE,,CISTS_01,N,NO,0,0,0,2026-01-07 21:28:54
CISADM,C1_CONT_MS_TYPE_CHAR,,CISTS_01,N,NO,0,0,0,2026-01-07 21:28:54
CISADM,C1_CONT_MS_TYPE_L,,CISTS_01,N,NO,0,0,0,2026-01-07 21:28:54
CISADM,C1_CONT_PROD,,CISTS_01,N,NO,0,0,0,2026-01-07 21:28:54
CISADM,C1_CONT_PROD_CHAR,,CISTS_01,N,NO,0,0,0,2026-01-07 21:28:55
CISADM,C1_CONT_PROD_K,,,N,NO,0,,0,2026-01-07 21:28:55
CISADM,C1_CONT_RULE,,CISTS_01,N,NO,0,0,0,2026-01-07 21:28:55
CISADM,C1_CONT_RULE_CHAR,,CISTS_01,N,NO,0,0,0,2026-01-07 21:28:55
CISADM,C1_CONT_RULE_L,,CISTS_01,N,NO,0,0,0,2026-01-07 21:28:55
CISADM,C1_CONT_TYPE,,CISTS_01,N,NO,0,0,0,2026-01-07 21:28:55
CISADM,C1_CONT_TYPE_CHAR,,CISTS_01,N,NO,0,0,0,2026-01-07 21:28:55
CISADM,C1_CONT_TYPE_L,,CISTS_01,N,NO,0,0,0,2026-01-07 21:28:55
CISADM,C1_CONT_TYPE_VALID_PROD,,CISTS_01,N,NO,0,0,0,2026-01-07 21:28:55
CISADM,C1_CS_REQ,,CISTS_01,N,NO,12277,512,264,2026-01-16 02:05:50
CISADM,C1_CS_REQ_ACCT,,CISTS_01,N,NO,10207,640,359,2026-01-16 02:05:57
CISADM,C1_CS_REQ_ACCT_ALERT,,CISTS_01,N,NO,1920,20,41,2026-01-16 02:05:33
CISADM,C1_CS_REQ_ACCT_APAY,,CISTS_01,N,NO,0,0,0,2026-01-07 21:28:55
CISADM,C1_CS_REQ_ACCT_CHAR,,CISTS_01,N,NO,3395,38,57,2026-01-16 02:05:34
CISADM,C1_CS_REQ_ACCT_K,,,N,NO,10204,,20,2026-01-07 21:28:56
CISADM,C1_CS_REQ_ACCT_LOG,,CISTS_01,N,NO,38385,768,66,2026-01-16 02:06:02
CISADM,C1_CS_REQ_ACCT_LOG_PARM,,CISTS_01,N,NO,38385,512,39,2026-01-16 02:05:54
CISADM,C1_CS_REQ_ACCT_MSG,,CISTS_01,N,NO,86,4,29,2026-01-16 02:05:24
CISADM,C1_CS_REQ_ACCT_MSG_PARM,,CISTS_01,N,NO,172,5,31,2026-01-07 21:28:56
CISADM,C1_CS_REQ_ACCT_NCD,,CISTS_01,N,NO,0,0,0,2026-01-07 21:28:56
CISADM,C1_CS_REQ_ACCT_PER,,CISTS_01,N,NO,10210,256,90,2026-01-16 02:05:41
CISADM,C1_CS_REQ_ACCT_PER_ADDR,,CISTS_01,N,NO,2502,37,79,2026-01-16 02:05:34
CISADM,C1_CS_REQ_ACCT_PER_K,,,N,NO,10207,,20,2026-01-07 21:28:56
CISADM,C1_CS_REQ_CHAR,,CISTS_01,N,NO,0,0,0,2026-01-07 21:28:56
CISADM,C1_CS_REQ_CONT,,CISTS_01,N,NO,0,0,0,2026-01-07 21:28:56
CISADM,C1_CS_REQ_CONT_CHAR,,CISTS_01,N,NO,0,0,0,2026-01-07 21:28:56
CISADM,C1_CS_REQ_CONT_ID,,CISTS_01,N,NO,0,0,0,2026-01-07 21:28:56
CISADM,C1_CS_REQ_CONT_K,,,N,NO,0,,0,2026-01-07 21:28:56
CISADM,C1_CS_REQ_CONT_LOG,,CISTS_01,N,NO,0,0,0,2026-01-07 21:28:56
CISADM,C1_CS_REQ_CONT_LOG_PARM,,CISTS_01,N,NO,0,0,0,2026-01-07 21:28:56
CISADM,C1_CS_REQ_CONT_MS,,CISTS_01,N,NO,0,0,0,2026-01-07 21:28:57
CISADM,C1_CS_REQ_CONT_MS_PROD,,CISTS_01,N,NO,0,0,0,2026-01-07 21:28:57
CISADM,C1_CS_REQ_CONT_PROD,,CISTS_01,N,NO,0,0,0,2026-01-07 21:28:57
CISADM,C1_CS_REQ_CONT_PROD_CHAR,,CISTS_01,N,NO,0,0,0,2026-01-07 21:28:57
CISADM,C1_CS_REQ_CONT_PROD_K,,,N,NO,0,,0,2026-01-07 21:28:57
CISADM,C1_CS_REQ_CONT_PROD_LOG,,CISTS_01,N,NO,0,0,0,2026-01-07 21:28:57
CISADM,C1_CS_REQ_CONT_PROD_LOG_PARM,,CISTS_01,N,NO,0,0,0,2026-01-07 21:28:57
CISADM,C1_CS_REQ_K,,,N,NO,12274,,20,2026-01-07 21:28:57
CISADM,C1_CS_REQ_LOG,,CISTS_01,N,NO,106674,1792,71,2026-01-16 02:06:27
CISADM,C1_CS_REQ_LOG_PARM,,CISTS_01,N,NO,161791,1792,38,2026-01-16 02:06:26
CISADM,C1_CS_REQ_PER,,CISTS_01,N,NO,9382,640,420,2026-02-13 02:17:06
CISADM,C1_CS_REQ_PER_ADDR_SEAS,,CISTS_01,N,NO,1,4,96,2026-01-16 02:05:25
CISADM,C1_CS_REQ_PER_CHAR,,CISTS_01,N,NO,21927,256,58,2026-01-16 02:05:39
CISADM,C1_CS_REQ_PER_CONTDET,,CISTS_01,N,NO,18797,256,78,2026-02-13 02:16:59
CISADM,C1_CS_REQ_PER_ID,,CISTS_01,N,NO,15185,256,45,2026-01-16 02:05:38
CISADM,C1_CS_REQ_PER_K,,,N,NO,9380,,20,2026-01-07 21:28:58
CISADM,C1_CS_REQ_PER_LOG,,CISTS_01,N,NO,33748,640,66,2026-01-16 02:05:58
CISADM,C1_CS_REQ_PER_LOG_PARM,,CISTS_01,N,NO,33748,384,38,2026-01-16 02:05:48
CISADM,C1_CS_REQ_PER_NAME,,CISTS_01,N,NO,9383,104,63,2026-01-16 02:05:35
CISADM,C1_CS_REQ_PER_PER,,CISTS_01,N,NO,0,0,0,2026-01-07 21:28:59
CISADM,C1_CS_REQ_PREM,,CISTS_01,N,NO,8995,512,330,2026-01-16 02:05:54
CISADM,C1_CS_REQ_PREM_ALT_ADDR,,CISTS_01,N,NO,0,0,0,2026-01-07 21:28:59
CISADM,C1_CS_REQ_PREM_CHAR,,CISTS_01,N,NO,46961,512,52,2026-01-16 02:05:55
CISADM,C1_CS_REQ_PREM_GEO,,CISTS_01,N,NO,15934,256,44,2026-01-16 02:05:42
CISADM,C1_CS_REQ_PREM_K,,,N,NO,8993,,20,2026-01-07 21:28:59
CISADM,C1_CS_REQ_PREM_LOG,,CISTS_01,N,NO,9905,256,66,2026-01-16 02:05:41
CISADM,C1_CS_REQ_PREM_LOG_PARM,,CISTS_01,N,NO,9905,112,33,2026-01-16 02:05:36
CISADM,C1_CS_REQ_REL_OBJ,,CISTS_01,N,NO,37354,640,50,2026-01-16 02:05:57
CISADM,C1_CS_REQ_SA,,CISTS_01,N,NO,29607,1536,255,2026-01-16 02:06:24
CISADM,C1_CS_REQ_SA_CHAR,,CISTS_01,N,NO,0,0,0,2026-01-07 21:29:00
CISADM,C1_CS_REQ_SA_CONTERM,,CISTS_01,N,NO,0,0,0,2026-01-07 21:29:00
CISADM,C1_CS_REQ_SA_CONT_QTY,,CISTS_01,N,NO,0,0,0,2026-01-07 21:29:00
CISADM,C1_CS_REQ_SA_COP,,CISTS_01,N,NO,0,0,0,2026-01-07 21:29:00
CISADM,C1_CS_REQ_SA_COP_OVRD,,CISTS_01,N,NO,0,0,0,2026-01-07 21:29:00
CISADM,C1_CS_REQ_SA_K,,,N,NO,29599,,20,2026-01-07 21:29:00
CISADM,C1_CS_REQ_SA_LOG,,CISTS_01,N,NO,59214,1024,66,2026-01-16 02:06:08
CISADM,C1_CS_REQ_SA_LOG_PARM,,CISTS_01,N,NO,59214,640,33,2026-01-16 02:05:59
CISADM,C1_CS_REQ_SA_MSG,,CISTS_01,N,NO,0,0,0,2026-01-07 21:29:01
CISADM,C1_CS_REQ_SA_RCHG,,CISTS_01,N,NO,19902,256,24,2026-01-16 02:05:39
CISADM,C1_CS_REQ_SA_RS,,CISTS_01,N,NO,0,0,0,2026-01-07 21:29:01
CISADM,C1_CS_REQ_SA_SP,,CISTS_01,N,NO,14482,256,50,2026-01-16 02:05:42
CISADM,C1_CS_REQ_SA_SP_CHAR,,CISTS_01,N,NO,0,0,0,2026-01-07 21:29:01
CISADM,C1_CS_REQ_SA_SP_FA,,CISTS_01,N,NO,0,0,0,2026-01-07 21:29:01
CISADM,C1_CS_REQ_SA_SP_K,,,N,NO,14476,,20,2026-01-07 21:29:01
CISADM,C1_CS_REQ_SA_TOU_CONT_VAL,,CISTS_01,N,NO,0,0,0,2026-01-07 21:29:01
CISADM,C1_CS_REQ_SVC_LOC,,CISTS_01,N,NO,0,0,0,2026-01-07 21:29:01
CISADM,C1_CS_REQ_SVC_LOC_CHAR,,CISTS_01,N,NO,0,0,0,2026-01-07 21:29:01
CISADM,C1_CS_REQ_SVC_LOC_CONT_PROD,,CISTS_01,N,NO,0,0,0,2026-01-07 21:29:01
CISADM,C1_CS_REQ_SVC_LOC_K,,,N,NO,0,,0,2026-01-07 21:29:01
CISADM,C1_CS_REQ_SVC_LOC_LOG,,CISTS_01,N,NO,0,0,0,2026-01-07 21:29:01
CISADM,C1_CS_REQ_SVC_LOC_LOG_PARM,,CISTS_01,N,NO,0,0,0,2026-01-07 21:29:01
CISADM,C1_CS_REQ_TYPE,,CISTS_01,N,NO,3,4,574,2026-01-16 02:05:27
CISADM,C1_CS_REQ_TYPE_ALG,,CISTS_01,N,NO,4,4,39,2026-01-16 02:05:27
CISADM,C1_CS_REQ_TYPE_ALG_CUST_CL,,CISTS_01,N,NO,8,4,49,2026-01-16 02:05:28
CISADM,C1_CS_REQ_TYPE_ALG_PER_BUS,,CISTS_01,N,NO,2,4,41,2026-01-16 02:05:30
CISADM,C1_CS_REQ_TYPE_CHAR,,CISTS_01,N,NO,0,0,0,2026-01-07 21:29:01
CISADM,C1_CS_REQ_TYPE_CUST_CL,,CISTS_01,N,NO,4,4,391,2026-01-16 02:05:30
CISADM,C1_CS_REQ_TYPE_L,,CISTS_01,N,NO,3,4,37,2026-01-16 02:05:29
CISADM,C1_CS_REQ_TYPE_PER_BUS,,CISTS_01,N,NO,6,4,403,2026-01-16 02:05:27
CISADM,C1_CS_REQ_TYPE_SVC_LOC_BO,,CISTS_01,N,NO,0,0,0,2026-01-07 21:29:01
CISADM,C1_CUST_REL_REQ,,CISTS_01,N,NO,0,0,0,2026-01-07 21:29:02
CISADM,C1_CUST_REL_REQ_CHAR,,CISTS_01,N,NO,0,0,0,2026-01-07 21:29:02
CISADM,C1_CUST_REL_REQ_K,,,N,NO,0,,0,2026-01-07 21:29:02
CISADM,C1_CUST_REL_REQ_LOG,,CISTS_01,N,NO,0,0,0,2026-01-07 21:29:02
CISADM,C1_CUST_REL_REQ_LOG_PARM,,CISTS_01,N,NO,0,0,0,2026-01-07 21:29:02
CISADM,C1_CUST_REL_REQ_REL_OBJ,,CISTS_01,N,NO,0,0,0,2026-01-07 21:29:02
CISADM,C1_CUST_REL_REQ_TYPE,,CISTS_01,N,NO,0,0,0,2026-01-07 21:29:02
CISADM,C1_CUST_REL_REQ_TYPE_CHAR,,CISTS_01,N,NO,0,0,0,2026-01-07 21:29:02
CISADM,C1_CUST_REL_REQ_TYPE_L,,CISTS_01,N,NO,0,0,0,2026-01-07 21:29:02
CISADM,C1_ENRL_CONTDET,,CISTS_01,N,NO,0,0,0,2026-01-07 21:29:02
CISADM,C1_ENRL_CONTDET_K,,,N,NO,0,,0,2026-01-07 21:29:02
CISADM,C1_INITIATIVE,,CISTS_01,N,NO,0,0,0,2026-01-07 21:29:02
CISADM,C1_INITIATIVE_CHAR,,CISTS_01,N,NO,0,0,0,2026-01-07 21:29:02
CISADM,C1_INITIATIVE_CRITERIA,,CISTS_01,N,NO,0,0,0,2026-01-07 21:29:02
CISADM,C1_INITIATIVE_CRITERIA_CHAR,,CISTS_01,N,NO,0,0,0,2026-01-07 21:29:02
CISADM,C1_INITIATIVE_CRITERIA_L,,CISTS_01,N,NO,0,0,0,2026-01-07 21:29:02
CISADM,C1_INITIATIVE_L,,CISTS_01,N,NO,0,0,0,2026-01-07 21:29:02
CISADM,C1_INITIATIVE_LEAD_DEFN,,CISTS_01,N,NO,0,0,0,2026-01-07 21:29:02
CISADM,C1_INITIATIVE_LOG,,CISTS_01,N,NO,0,0,0,2026-01-07 21:29:02
CISADM,C1_INITIATIVE_LOG_PARM,,CISTS_01,N,NO,0,0,0,2026-01-07 21:29:02
CISADM,C1_INITIATIVE_REL_OBJ,,CISTS_01,N,NO,0,0,0,2026-01-07 21:29:02
CISADM,C1_INTV_DATA_GTT,,,Y,NO,,,,
CISADM,C1_ISS_CTR,,CISTS_01,N,NO,0,0,0,2026-01-07 21:29:02
CISADM,C1_ISS_CTR_CHAR,,CISTS_01,N,NO,0,0,0,2026-01-07 21:29:02
CISADM,C1_ISS_CTR_DTL,,CISTS_01,N,NO,0,0,0,2026-01-07 21:29:02
CISADM,C1_ISS_CTR_L,,CISTS_01,N,NO,0,0,0,2026-01-07 21:29:02
CISADM,C1_ISS_CTR_LOG,,CISTS_01,N,NO,0,0,0,2026-01-07 21:29:02
CISADM,C1_ISS_CTR_LOG_PARM,,CISTS_01,N,NO,0,0,0,2026-01-07 21:29:02
CISADM,C1_LEAD,,CISTS_01,N,NO,0,0,0,2026-01-07 21:29:02
CISADM,C1_LEAD_CHAR,,CISTS_01,N,NO,0,0,0,2026-01-07 21:29:03
CISADM,C1_LEAD_EVT,,CISTS_01,N,NO,0,0,0,2026-01-07 21:29:03
CISADM,C1_LEAD_EVT_CHAR,,CISTS_01,N,NO,0,0,0,2026-01-07 21:29:03
CISADM,C1_LEAD_EVT_K,,,N,NO,0,,0,2026-01-07 21:29:03
CISADM,C1_LEAD_EVT_LOG,,CISTS_01,N,NO,0,0,0,2026-01-07 21:29:03
CISADM,C1_LEAD_EVT_LOG_PARM,,CISTS_01,N,NO,0,0,0,2026-01-07 21:29:03
CISADM,C1_LEAD_EVT_STEP,,CISTS_01,N,NO,0,0,0,2026-01-07 21:29:03
CISADM,C1_LEAD_EVT_STEP_K,,,N,NO,0,,0,2026-01-07 21:29:03
CISADM,C1_LEAD_EVT_TYPE,,CISTS_01,N,NO,0,0,0,2026-01-07 21:29:03
CISADM,C1_LEAD_EVT_TYPE_CHAR,,CISTS_01,N,NO,0,0,0,2026-01-07 21:29:03
CISADM,C1_LEAD_EVT_TYPE_L,,CISTS_01,N,NO,0,0,0,2026-01-07 21:29:03
CISADM,C1_LEAD_K,,,N,NO,0,,0,2026-01-07 21:29:03
CISADM,C1_LEAD_LOG,,CISTS_01,N,NO,0,0,0,2026-01-07 21:29:03
CISADM,C1_LEAD_LOG_PARM,,CISTS_01,N,NO,0,0,0,2026-01-07 21:29:03
CISADM,C1_LEAD_REL_OBJ,,CISTS_01,N,NO,0,0,0,2026-01-07 21:29:03
CISADM,C1_LETY_STEP_TYPE,,CISTS_01,N,NO,0,0,0,2026-01-07 21:29:03
CISADM,C1_LETY_STEP_TYPE_L,,CISTS_01,N,NO,0,0,0,2026-01-07 21:29:03
CISADM,C1_LTR_TMPL_REC,,CISTS_01,N,NO,152,9,249,2026-01-07 21:29:03
CISADM,C1_LTR_TMPL_REC_L,,CISTS_01,N,NO,152,5,47,2026-01-07 21:29:03
CISADM,C1_MKT,,CISTS_01,N,NO,0,0,0,2026-01-07 21:29:03
CISADM,C1_MKTMSG_CHG,,CISTS_01,N,NO,0,0,0,2026-01-07 21:29:03
CISADM,C1_MKTMSG_CHG_DTL,,CISTS_01,N,NO,0,0,0,2026-01-07 21:29:03
CISADM,C1_MKTMSG_CHG_K,,,N,NO,0,,0,2026-01-07 21:29:03
CISADM,C1_MKTMSG_CHG_LOG,,CISTS_01,N,NO,0,0,0,2026-01-07 21:29:03
CISADM,C1_MKTMSG_CHG_LOG_PARM,,CISTS_01,N,NO,0,0,0,2026-01-07 21:29:03
CISADM,C1_MKTMSG_CHG_REL_OBJ,,CISTS_01,N,NO,0,0,0,2026-01-07 21:29:04
CISADM,C1_MKTMSG_PAY,,CISTS_01,N,NO,0,0,0,2026-01-07 21:29:04
CISADM,C1_MKTMSG_PAY_DTL,,CISTS_01,N,NO,0,0,0,2026-01-07 21:29:04
CISADM,C1_MKTMSG_PAY_K,,,N,NO,0,,0,2026-01-07 21:29:04
CISADM,C1_MKTMSG_PAY_LOG,,CISTS_01,N,NO,0,0,0,2026-01-07 21:29:04
CISADM,C1_MKTMSG_PAY_LOG_PARM,,CISTS_01,N,NO,0,0,0,2026-01-07 21:29:04
CISADM,C1_MKTMSG_PAY_REL_OBJ,,CISTS_01,N,NO,0,0,0,2026-01-07 21:29:04
CISADM,C1_MKTMSG_USG,,CISTS_01,N,NO,0,0,0,2026-01-07 21:29:04
CISADM,C1_MKTMSG_USG_DTL,,CISTS_01,N,NO,0,0,0,2026-01-07 21:29:04
CISADM,C1_MKTMSG_USG_K,,,N,NO,0,,0,2026-01-07 21:29:04
CISADM,C1_MKTMSG_USG_LOG,,CISTS_01,N,NO,0,0,0,2026-01-07 21:29:04
CISADM,C1_MKTMSG_USG_LOG_PARM,,CISTS_01,N,NO,0,0,0,2026-01-07 21:29:04
CISADM,C1_MKTMSG_USG_REL_OBJ,,CISTS_01,N,NO,0,0,0,2026-01-07 21:29:04
CISADM,C1_MKT_CHAR,,CISTS_01,N,NO,0,0,0,2026-01-07 21:29:04
CISADM,C1_MKT_FALLBACK_SPR,,CISTS_01,N,NO,0,0,0,2026-01-07 21:29:04
CISADM,C1_MKT_L,,CISTS_01,N,NO,0,0,0,2026-01-07 21:29:04
CISADM,C1_MKT_PROV_CONFIG_OPT,,CISTS_01,N,NO,0,0,0,2026-01-07 21:29:04
CISADM,C1_MKT_PROV_CONFIG_OPT_L,,CISTS_01,N,NO,0,0,0,2026-01-07 21:29:04
CISADM,C1_MKT_RP,,CISTS_01,N,NO,0,0,0,2026-01-07 21:29:04
CISADM,C1_MKT_RP_ATTR,,CISTS_01,N,NO,0,0,0,2026-01-07 21:29:04
CISADM,C1_MKT_RP_CHAR,,CISTS_01,N,NO,0,0,0,2026-01-07 21:29:04
CISADM,C1_MKT_RP_K,,,N,NO,0,,0,2026-01-07 21:29:04
CISADM,C1_MKT_RP_LOG,,CISTS_01,N,NO,0,0,0,2026-01-07 21:29:04
CISADM,C1_MKT_RP_LOG_PARM,,CISTS_01,N,NO,0,0,0,2026-01-07 21:29:04
CISADM,C1_MKT_RP_REL,,CISTS_01,N,NO,0,0,0,2026-01-07 21:29:04
CISADM,C1_MKT_RP_REL_OBJ,,CISTS_01,N,NO,0,0,0,2026-01-07 21:29:04
CISADM,C1_MKT_VALID_SPR,,CISTS_01,N,NO,0,0,0,2026-01-07 21:29:04
CISADM,C1_NTF_PREF,,CISTS_01,N,NO,0,0,0,2026-01-07 21:29:05
CISADM,C1_NTF_PREF_CHAR,,CISTS_01,N,NO,0,0,0,2026-01-07 21:29:05
CISADM,C1_NTF_PREF_ID,,CISTS_01,N,NO,0,0,0,2026-01-07 21:29:05
CISADM,C1_NTF_PREF_K,,,N,NO,0,,0,2026-01-07 21:29:05
CISADM,C1_NTF_PREF_LOG,,CISTS_01,N,NO,0,0,0,2026-01-07 21:29:05
CISADM,C1_NTF_PREF_LOG_PARM,,CISTS_01,N,NO,0,0,0,2026-01-07 21:29:05
CISADM,C1_NTF_TYPE,,CISTS_01,N,NO,9,4,89,2026-01-09 02:12:23
CISADM,C1_NTF_TYPE_ALG,,CISTS_01,N,NO,0,0,0,2026-01-07 21:29:05
CISADM,C1_NTF_TYPE_CHAR,,CISTS_01,N,NO,0,0,0,2026-01-07 21:29:05
CISADM,C1_NTF_TYPE_COMM_RTE_TYPE,,CISTS_01,N,NO,15,4,30,2026-02-27 02:15:23
CISADM,C1_NTF_TYPE_DVTYP,,CISTS_01,N,NO,8,4,125,2026-02-27 02:15:24
CISADM,C1_NTF_TYPE_L,,CISTS_01,N,NO,8,4,59,2026-02-27 02:15:23
CISADM,C1_OFFCYC_BGEN,,CISTS_01,N,NO,38559,2480,432,2026-01-09 02:14:08
CISADM,C1_OFFCYC_BGEN_ADJ,,CISTS_01,N,NO,0,0,0,2026-01-07 21:29:05
CISADM,C1_OFFCYC_BGEN_BCHG,,CISTS_01,N,NO,0,0,0,2026-01-07 21:29:05
CISADM,C1_OFFCYC_BGEN_BSEG,,CISTS_01,N,NO,0,0,0,2026-01-07 21:29:05
CISADM,C1_OFFCYC_BGEN_CHAR,,CISTS_01,N,NO,39582,830,81,2026-01-09 02:13:28
CISADM,C1_OFFCYC_BGEN_K,,,N,NO,38559,,18,2026-01-07 21:29:05
CISADM,C1_OFFCYC_BGEN_LOG,,CISTS_01,N,NO,44078,1004,104,2026-01-09 02:13:31
CISADM,C1_OFFCYC_BGEN_LOG_PARM,,CISTS_01,N,NO,43057,438,36,2026-01-07 21:29:06
CISADM,C1_OFFCYC_BGEN_SA,,CISTS_01,N,NO,38559,460,29,2026-01-09 02:13:12
CISADM,C1_PA_RQST,,CISTS_01,N,NO,0,0,0,2026-01-07 21:29:06
CISADM,C1_PA_RQST_CHAR,,CISTS_01,N,NO,0,0,0,2026-01-07 21:29:06
CISADM,C1_PA_RQST_ELIG_RSLT,,CISTS_01,N,NO,0,0,0,2026-01-07 21:29:06
CISADM,C1_PA_RQST_K,,,N,NO,0,,0,2026-01-07 21:29:06
CISADM,C1_PA_RQST_LOG,,CISTS_01,N,NO,0,0,0,2026-01-07 21:29:06
CISADM,C1_PA_RQST_LOG_PARM,,CISTS_01,N,NO,0,0,0,2026-01-07 21:29:06
CISADM,C1_PA_RQST_REL_OBJ,,CISTS_01,N,NO,0,0,0,2026-01-07 21:29:06
CISADM,C1_PA_RQST_TYPE,,CISTS_01,N,NO,6,4,218,2026-01-07 21:29:06
CISADM,C1_PA_RQST_TYPE_ALG,,CISTS_01,N,NO,14,4,46,2026-01-07 21:29:06
CISADM,C1_PA_RQST_TYPE_CHAR,,CISTS_01,N,NO,0,0,0,2026-01-07 21:29:06
CISADM,C1_PA_RQST_TYPE_DOWN_PAY_OPT,,CISTS_01,N,NO,16,4,31,2026-01-07 21:29:07
CISADM,C1_PA_RQST_TYPE_DOWN_PAY_OPT_L,,CISTS_01,N,NO,16,4,36,2026-01-07 21:29:07
CISADM,C1_PA_RQST_TYPE_L,,CISTS_01,N,NO,6,4,97,2026-02-11 02:19:41
CISADM,C1_PER_CONTDET,,CISTS_01,N,NO,72394,4992,179,2026-02-13 02:17:15
CISADM,C1_PER_CONT_DET_K,,,N,NO,72394,,16,2026-01-07 21:29:07
CISADM,C1_PER_SS_PAYOPT,,CISTS_01,N,NO,0,0,0,2026-01-07 21:29:07
CISADM,C1_PER_SS_PAYOPT_K,,,N,NO,0,,0,2026-01-07 21:29:07
CISADM,C1_PREM_ACTIVITY_GTT,,,Y,NO,,,,
CISADM,C1_PROD,,CISTS_01,N,NO,0,0,0,2026-01-07 21:29:07
CISADM,C1_PROD_CHAR,,CISTS_01,N,NO,0,0,0,2026-01-07 21:29:07
CISADM,C1_PROD_COMP,,CISTS_01,N,NO,0,0,0,2026-01-07 21:29:07
CISADM,C1_PROD_COMP_CHAR,,CISTS_01,N,NO,0,0,0,2026-01-07 21:29:07
CISADM,C1_PROD_COMP_CHILD,,CISTS_01,N,NO,0,0,0,2026-01-07 21:29:07
CISADM,C1_PROD_COMP_ELIG_CRIT,,CISTS_01,N,NO,0,0,0,2026-01-07 21:29:07
CISADM,C1_PROD_COMP_ELIG_CRIT_CHAR,,CISTS_01,N,NO,0,0,0,2026-01-07 21:29:07
CISADM,C1_PROD_COMP_ELIG_CRIT_L,,CISTS_01,N,NO,0,0,0,2026-01-07 21:29:07
CISADM,C1_PROD_COMP_L,,CISTS_01,N,NO,0,0,0,2026-01-07 21:29:08
CISADM,C1_PROD_ELIG_CRIT,,CISTS_01,N,NO,0,0,0,2026-01-07 21:29:08
CISADM,C1_PROD_ELIG_CRIT_CHAR,,CISTS_01,N,NO,0,0,0,2026-01-07 21:29:08
CISADM,C1_PROD_ELIG_CRIT_L,,CISTS_01,N,NO,0,0,0,2026-01-07 21:29:08
CISADM,C1_PROD_L,,CISTS_01,N,NO,0,0,0,2026-01-07 21:29:08
CISADM,C1_PROD_RULE,,CISTS_01,N,NO,0,0,0,2026-01-07 21:29:08
CISADM,C1_PROD_RULE_CHAR,,CISTS_01,N,NO,0,0,0,2026-01-07 21:29:08
CISADM,C1_PROD_RULE_L,,CISTS_01,N,NO,0,0,0,2026-01-07 21:29:08
CISADM,C1_PROD_VER,,CISTS_01,N,NO,0,0,0,2026-01-07 21:29:08
CISADM,C1_PROD_VER_CHAR,,CISTS_01,N,NO,0,0,0,2026-01-07 21:29:08
CISADM,C1_PROD_VER_K,,,N,NO,0,,0,2026-01-07 21:29:08
CISADM,C1_PROD_VER_L,,CISTS_01,N,NO,0,0,0,2026-01-07 21:29:08
CISADM,C1_PROD_VER_LOG,,CISTS_01,N,NO,0,0,0,2026-01-07 21:29:08
CISADM,C1_PROD_VER_LOG_PARM,,CISTS_01,N,NO,0,0,0,2026-01-07 21:29:08
CISADM,C1_PROD_VER_RULE,,CISTS_01,N,NO,0,0,0,2026-01-07 21:29:08
CISADM,C1_PROV_CONFIG_OPT,,CISTS_01,N,NO,0,0,0,2026-01-07 21:29:08
CISADM,C1_PROV_CONFIG_OPT_L,,CISTS_01,N,NO,0,0,0,2026-01-07 21:29:08
CISADM,C1_PROV_CONFIG_SATY,,CISTS_01,N,NO,0,0,0,2026-01-07 21:29:08
CISADM,C1_PROV_CONFIG_SATY_OVRD,,CISTS_01,N,NO,0,0,0,2026-01-07 21:29:08
CISADM,C1_RC_CALC_GTT,,,Y,NO,,,,
CISADM,C1_RC_CALC_LN_GTT,,,Y,NO,,,,
CISADM,C1_RC_CHAR_GTT,,,Y,NO,,,,
CISADM,C1_RC_READ_GTT,,,Y,NO,,,,
CISADM,C1_RC_SQ_GTT,,,Y,NO,,,,
CISADM,C1_RC_TRACE_GTT,,,Y,NO,,,,
CISADM,C1_REPRESENTATIVE,,CISTS_01,N,NO,35,4,117,2026-02-18 02:13:50
CISADM,C1_REPRESENTATIVE_CHAR,,CISTS_01,N,NO,0,0,0,2026-01-07 21:29:08
CISADM,C1_REPRESENTATIVE_L,,CISTS_01,N,NO,35,4,33,2026-01-17 22:11:34
CISADM,C1_REPRESENTATIVE_LOG,,CISTS_01,N,NO,36,5,98,2026-01-07 21:29:08
CISADM,C1_REPRESENTATIVE_LOG_PARM,,CISTS_01,N,NO,38,4,30,2026-01-07 21:29:08
CISADM,C1_REP_GRP_MEM,,CISTS_01,N,NO,0,0,0,2026-01-07 21:29:08
CISADM,C1_RS_POST_PROC,,CISTS_01,N,NO,0,0,0,2026-01-07 21:29:08
CISADM,C1_RS_POST_PROC_L,,CISTS_01,N,NO,0,0,0,2026-01-07 21:29:08
CISADM,C1_RS_PRE_PROC,,CISTS_01,N,NO,200,8,26,2026-02-11 02:19:09
CISADM,C1_RS_PRE_PROC_L,,CISTS_01,N,NO,191,8,34,2026-01-28 02:15:04
CISADM,C1_RS_RV2,,CISTS_01,N,NO,156,8,35,2026-02-11 02:19:09
CISADM,C1_RS_RV2_L,,CISTS_01,N,NO,156,8,52,2026-02-11 02:19:40
CISADM,C1_SA_CONT_PROD,,CISTS_01,N,NO,0,0,0,2026-01-07 21:29:09
CISADM,C1_SPR_MKT_OPT,,CISTS_01,N,NO,0,0,0,2026-01-07 21:29:09
CISADM,C1_SPR_MKT_OPT_SA,,CISTS_01,N,NO,0,0,0,2026-01-07 21:29:09
CISADM,C1_SS_CONT_OVRD,,CISTS_01,N,NO,26,8,90,2026-02-14 22:21:36
CISADM,C1_SS_CONT_OVRD_K,,,N,NO,26,,16,2026-02-14 22:21:36
CISADM,C1_TOU_MAP,,CISTS_01,N,NO,0,0,0,2026-01-07 21:29:09
CISADM,C1_TOU_MAP_CHAR,,CISTS_01,N,NO,0,0,0,2026-01-07 21:29:09
CISADM,C1_TOU_MAP_DATA,,CISTS_01,N,NO,0,0,0,2026-01-07 21:29:09
CISADM,C1_TOU_MAP_DATA_CHAR,,CISTS_01,N,NO,0,0,0,2026-01-07 21:29:09
CISADM,C1_TOU_MAP_K,,,N,NO,0,,0,2026-01-07 21:29:09
CISADM,C1_TOU_MAP_L,,CISTS_01,N,NO,0,0,0,2026-01-07 21:29:09
CISADM,C1_TOU_MAP_LOG,,CISTS_01,N,NO,0,0,0,2026-01-07 21:29:09
CISADM,C1_TOU_MAP_LOG_PARM,,CISTS_01,N,NO,0,0,0,2026-01-07 21:29:09
CISADM,C1_TOU_MAP_TMPLT,,CISTS_01,N,NO,1,4,2138,2026-01-07 21:29:09
CISADM,C1_TOU_MAP_TMPLT_CHAR,,CISTS_01,N,NO,0,0,0,2026-01-07 21:29:09
CISADM,C1_TOU_MAP_TMPLT_L,,CISTS_01,N,NO,1,4,66,2026-01-07 21:29:09
CISADM,C1_TOU_MAP_TYPE,,CISTS_01,N,NO,1,4,101,2026-01-07 21:29:09
CISADM,C1_TOU_MAP_TYPE_CHAR,,CISTS_01,N,NO,0,0,0,2026-01-07 21:29:09
CISADM,C1_TOU_MAP_TYPE_L,,CISTS_01,N,NO,1,4,52,2026-01-07 21:29:09
CISADM,C1_TOU_MAP_TYPE_TMPLT,,CISTS_01,N,NO,0,0,0,2026-01-07 21:29:09
CISADM,C1_USAGE,,CISTS_01,N,NO,684082,44032,402,2026-01-09 02:21:13
CISADM,C1_USAGE_CHAR,,CISTS_01,N,NO,0,0,0,2026-01-07 21:29:10
CISADM,C1_USAGE_K,,,N,NO,684078,,18,2026-01-07 21:29:11
CISADM,C1_USAGE_LOG,,CISTS_01,N,NO,3421984,77056,104,2026-01-09 02:23:10
CISADM,C1_USAGE_LOG_PARM,,CISTS_01,N,NO,3421984,39936,47,2026-01-09 02:20:40
CISADM,C1_USER_CIS_DIV,,CISTS_01,N,NO,0,0,0,2026-01-07 21:29:19
CISADM,C1_USER_TNDR_SRCE,,CISTS_01,N,NO,0,0,0,2026-01-07 21:29:19
CISADM,C1_WEB_USER,,CISTS_01,N,NO,0,0,0,2026-01-07 21:29:19
CISADM,C1_WEB_USER_ACCT,,CISTS_01,N,NO,0,0,0,2026-01-07 21:29:19
CISADM,C1_WEB_USER_ACCT_LOG,,CISTS_01,N,NO,0,0,0,2026-01-07 21:29:19
CISADM,C1_WEB_USER_ACCT_LOG_PARM,,CISTS_01,N,NO,0,0,0,2026-01-07 21:29:19
CISADM,C1_WEB_USER_K,,,N,NO,0,,0,2026-01-07 21:29:19
CISADM,C1_WEB_USER_LOG,,CISTS_01,N,NO,0,0,0,2026-01-07 21:29:19
CISADM,C1_WEB_USER_LOG_PARM,,CISTS_01,N,NO,0,0,0,2026-01-07 21:29:19
CISADM,CI_ACCT,,CISTS_01,N,NO,92087,4608,195,2026-02-27 02:14:38
CISADM,CI_ACCT_ALERT,,CISTS_01,N,NO,7444,95,34,2026-01-09 02:12:49
CISADM,CI_ACCT_APAY,,CISTS_01,N,NO,0,0,0,2026-01-07 21:29:20
CISADM,CI_ACCT_APAY_K,,,N,NO,0,,0,2026-01-07 21:29:20
CISADM,CI_ACCT_CHAR,,CISTS_01,N,NO,87657,1792,62,2026-01-29 02:18:03
CISADM,CI_ACCT_K,,,N,NO,92072,,16,2026-01-07 21:29:21
CISADM,CI_ACCT_MGMT_GR,,CISTS_01,N,NO,1,4,14,2026-01-07 21:29:21
CISADM,CI_ACCT_MGMT_GR_L,,CISTS_01,N,NO,1,4,31,2026-01-16 02:05:30
CISADM,CI_ACCT_MGRP_RL,,CISTS_01,N,NO,5,4,34,2026-01-07 21:29:21
CISADM,CI_ACCT_MSG,,CISTS_01,N,NO,72,4,22,2026-01-09 02:12:11
CISADM,CI_ACCT_MSG_PRM,,CISTS_01,N,NO,142,5,29,2026-01-09 02:12:11
CISADM,CI_ACCT_PER,,CISTS_01,N,NO,92111,3712,101,2026-02-13 02:17:12
CISADM,CI_ACCT_REL_TYP,,CISTS_01,N,NO,14,4,12,2026-01-16 02:05:30
CISADM,CI_ACCT_REL_TYP_L,,CISTS_01,N,NO,14,4,28,2026-01-09 02:12:14
CISADM,CI_ACC_GRP,,CISTS_01,N,NO,1,4,16,2026-01-09 02:12:18
CISADM,CI_ACC_GRP_DAR,,CISTS_01,N,NO,1,4,29,2026-01-09 02:12:17
CISADM,CI_ACC_GRP_L,,CISTS_01,N,NO,1,4,35,2026-01-09 02:12:26
CISADM,CI_ACC_GRP_ROLE,,CISTS_01,N,NO,0,0,0,2026-01-07 21:29:22
CISADM,CI_ADJ,,CISTS_01,N,NO,430339,17408,121,2026-02-18 02:13:39
CISADM,CI_ADJT_ADJTPRF,,CISTS_01,N,NO,94,4,21,2026-01-09 02:12:31
CISADM,CI_ADJ_APREQ,,CISTS_01,N,NO,441,32,222,2026-02-18 02:13:50
CISADM,CI_ADJ_APREQ_K,,,N,NO,441,,18,2026-01-07 21:29:23
CISADM,CI_ADJ_CALC_LN,,CISTS_01,N,NO,0,0,0,2026-01-07 21:29:23
CISADM,CI_ADJ_CAN_RSN,,CISTS_01,N,NO,6,4,8,2026-01-16 02:05:27
CISADM,CI_ADJ_CAN_RSN_L,,CISTS_01,N,NO,6,4,36,2026-01-16 02:05:31
CISADM,CI_ADJ_CHAR,,CISTS_01,N,NO,4165,61,81,2026-01-15 02:19:58
CISADM,CI_ADJ_CL_CHAR,,CISTS_01,N,NO,0,0,0,2026-01-07 21:29:23
CISADM,CI_ADJ_K,,,N,NO,426177,,18,2026-01-07 21:29:23
CISADM,CI_ADJ_STG_CTL,,CISTS_01,N,NO,1,4,38,2026-01-07 21:29:23
CISADM,CI_ADJ_STG_CTL_CHAR,,CISTS_01,N,NO,0,0,0,2026-01-07 21:29:23
CISADM,CI_ADJ_STG_CTL_MSGP,,CISTS_01,N,NO,0,0,0,2026-01-07 21:29:24
CISADM,CI_ADJ_STG_UP,,CISTS_01,N,NO,1452,46,83,2026-01-07 21:29:24
CISADM,CI_ADJ_STG_UP_CHAR,,CISTS_01,N,NO,0,0,0,2026-01-07 21:29:24
CISADM,CI_ADJ_STG_UP_MSGP,,CISTS_01,N,NO,1503,16,26,2026-01-07 21:29:24
CISADM,CI_ADJ_TYPE,,CISTS_01,N,NO,95,7,92,2026-01-23 02:18:52
CISADM,CI_ADJ_TYPE_L,,CISTS_01,N,NO,95,5,90,2026-02-18 02:13:50
CISADM,CI_ADJ_TYP_PROF,,CISTS_01,N,NO,3,4,12,2026-01-20 02:18:25
CISADM,CI_ADJ_TYP_PROF_L,,CISTS_01,N,NO,3,4,33,2026-01-20 02:18:25
CISADM,CI_ADJ_TY_ALG,,CISTS_01,N,NO,98,5,33,2026-01-09 02:12:16
CISADM,CI_ADJ_TY_CHAR,,CISTS_01,N,NO,1,4,53,2026-01-09 02:12:32
CISADM,CI_ADM_RVW_SCH,,CISTS_01,N,NO,7959,120,22,2026-02-27 02:12:58
CISADM,CI_ALERT_TYPE,,CISTS_01,N,NO,12,4,18,2026-02-13 02:16:58
CISADM,CI_ALERT_TYPE_L,,CISTS_01,N,NO,12,4,44,2026-02-14 22:23:50
CISADM,CI_ALG,,CISTS_01,N,NO,5720,91,34,2026-01-13 02:15:06
CISADM,CI_ALG_L,,CISTS_01,N,NO,5720,67,64,2026-01-09 02:12:46
CISADM,CI_ALG_PARM,,CISTS_01,N,NO,7838,104,50,2026-01-15 02:21:36
CISADM,CI_ALG_TYPE,,CISTS_01,N,NO,5369,111,58,2026-01-13 02:15:07
CISADM,CI_ALG_TYPE_L,,CISTS_01,N,NO,5369,399,443,2026-01-09 02:13:18
CISADM,CI_ALG_TYPE_PRM,,CISTS_01,N,NO,6264,67,26,2026-01-13 02:15:06
CISADM,CI_ALG_TYPE_PRM_L,,CISTS_01,N,NO,6264,74,55,2026-01-13 02:15:06
CISADM,CI_ALG_VER,,CISTS_01,N,NO,5395,64,29,2026-01-13 02:15:05
CISADM,CI_AM_ACTIVITY_TYPE,,CISTS_01,N,NO,0,0,0,2026-01-07 21:29:25
CISADM,CI_AM_ACTIVITY_TYPE_L,,CISTS_01,N,NO,0,0,0,2026-01-07 21:29:25
CISADM,CI_AM_REQ,,CISTS_01,N,NO,0,0,0,2026-01-07 21:29:25
CISADM,CI_AM_REQ_K,,,N,NO,0,,0,2026-01-07 21:29:25
CISADM,CI_AM_REQ_LOG,,CISTS_01,N,NO,0,0,0,2026-01-07 21:29:25
CISADM,CI_AM_REQ_LOG_PARM,,CISTS_01,N,NO,0,0,0,2026-01-07 21:29:25
CISADM,CI_APAY_CLR_STG,,CISTS_01,N,NO,0,0,0,2026-01-07 21:29:25
CISADM,CI_APAY_CLR_STG_K,,,N,NO,0,,0,2026-01-07 21:29:25
CISADM,CI_APAY_RT_TYPE,,CISTS_01,N,NO,2,4,103,2026-01-07 21:29:25
CISADM,CI_APAY_RT_TYPE_L,,CISTS_01,N,NO,2,4,46,2026-01-07 21:29:25
CISADM,CI_APAY_SRC,,CISTS_01,N,NO,11,4,85,2026-01-07 21:29:25
CISADM,CI_APAY_SRC_L,,CISTS_01,N,NO,11,4,69,2026-01-30 02:21:34
CISADM,CI_APPR_PROF,,CISTS_01,N,NO,2,4,1031,2026-01-09 02:12:20
CISADM,CI_APPR_PROF_L,,CISTS_01,N,NO,2,4,54,2026-01-09 02:12:27
CISADM,CI_APPR_REQ,,CISTS_01,N,NO,15373,1536,651,2026-02-18 02:13:51
CISADM,CI_APPR_REQ_CHAR,,CISTS_01,N,NO,0,0,0,2026-01-07 21:29:26
CISADM,CI_APPR_REQ_K,,,N,NO,15369,,18,2026-01-07 21:29:26
CISADM,CI_APPR_REQ_LOG,,CISTS_01,N,NO,98370,3456,109,2026-01-23 02:19:05
CISADM,CI_APPR_REQ_LOG_PARM,,CISTS_01,N,NO,45736,640,44,2026-01-23 02:18:57
CISADM,CI_APP_SVC_ACC,,CISTS_01,N,NO,10747,168,34,2026-01-09 02:13:03
CISADM,CI_APP_SVC_SCTY,,CISTS_01,N,NO,3,4,35,2026-01-16 02:05:27
CISADM,CI_APREQ_TYPE,,CISTS_01,N,NO,2,4,19,2026-01-09 02:12:17
CISADM,CI_APREQ_TYPE_L,,CISTS_01,N,NO,2,4,29,2026-01-09 02:12:25
CISADM,CI_ARC_ROOT_INST,,CISTS_01,N,NO,0,0,0,2026-01-07 21:29:26
CISADM,CI_ARC_ROOT_INST_K,,,N,NO,0,,0,2026-01-07 21:29:26
CISADM,CI_ARC_ROOT_OBJ,,CISTS_01,N,NO,0,0,0,2026-01-07 21:29:27
CISADM,CI_ARC_ROOT_OBJ_K,,,N,NO,0,,0,2026-01-07 21:29:27
CISADM,CI_ARC_ROOT_PK,,CISTS_01,N,NO,0,0,0,2026-01-07 21:29:27
CISADM,CI_AUDIT,,CISTS_01,N,NO,0,0,0,2026-01-07 21:29:27
CISADM,CI_AUDIT_K,,,N,NO,0,,0,2026-01-07 21:29:27
CISADM,CI_BAL_CTL_GRP,,CISTS_01,N,NO,25,4,45,2026-01-31 22:17:15
CISADM,CI_BAL_CTL_MEM,,CISTS_01,N,NO,8508,112,57,2026-01-07 21:29:27
CISADM,CI_BAL_CTL_TMP,,CISTS_01,N,NO,6077,76,43,2026-01-07 21:29:27
CISADM,CI_BANK,,CISTS_01,N,NO,1,4,9,2026-01-07 21:29:27
CISADM,CI_BANK_ACCOUNT,,CISTS_01,N,NO,1,4,59,2026-01-16 02:05:26
CISADM,CI_BANK_ACCOUNT_L,,CISTS_01,N,NO,1,4,73,2026-01-16 02:05:25
CISADM,CI_BANK_L,,CISTS_01,N,NO,1,4,58,2026-01-16 02:05:31
CISADM,CI_BATCH_CTRL,,CISTS_01,N,NO,2394,96,153,2026-02-04 02:18:22
CISADM,CI_BATCH_CTRL_ALG,,CISTS_01,N,NO,520,16,38,2026-01-23 02:18:50
CISADM,CI_BATCH_CTRL_L,,CISTS_01,N,NO,2394,256,529,2026-01-23 02:18:54
CISADM,CI_BATCH_CTRL_P,,CISTS_01,N,NO,13148,145,45,2026-01-15 02:21:38
CISADM,CI_BATCH_CTRL_P_L,,CISTS_01,N,NO,13148,393,167,2026-01-09 02:13:18
CISADM,CI_BATCH_INST,,CISTS_01,N,NO,674580,5120,46,2026-02-14 22:23:54
CISADM,CI_BATCH_JOB,,CISTS_01,N,NO,1500,48,112,2026-01-23 02:18:00
CISADM,CI_BATCH_JOB_K,,,N,NO,1446,,20,2026-01-07 21:29:28
CISADM,CI_BATCH_JOB_PRM,,CISTS_01,N,NO,7627,72,42,2026-01-09 02:12:46
CISADM,CI_BATCH_RUN,,CISTS_01,N,NO,659829,4992,47,2026-01-21 02:21:40
CISADM,CI_BATCH_THD,,CISTS_01,N,NO,674478,6272,60,2026-02-14 22:23:59
CISADM,CI_BCHG_LINE_UP,,CISTS_01,N,NO,0,0,0,2026-01-07 21:29:30
CISADM,CI_BCHG_READ,,CISTS_01,N,NO,0,0,0,2026-01-07 21:29:30
CISADM,CI_BCHG_SQ,,CISTS_01,N,NO,0,0,0,2026-01-07 21:29:30
CISADM,CI_BCHG_UP,,CISTS_01,N,NO,0,0,0,2026-01-07 21:29:30
CISADM,CI_BCHG_UP_EXCP,,CISTS_01,N,NO,0,0,0,2026-01-07 21:29:30
CISADM,CI_BCHG_UP_OVRD,,CISTS_01,N,NO,0,0,0,2026-01-07 21:29:30
CISADM,CI_BCHG_UP_READ,,CISTS_01,N,NO,0,0,0,2026-01-07 21:29:30
CISADM,CI_BCHG_UP_SQ,,CISTS_01,N,NO,0,0,0,2026-01-07 21:29:30
CISADM,CI_BCHG_UP_XTYP,,CISTS_01,N,NO,0,0,0,2026-01-07 21:29:30
CISADM,CI_BCHG_UP_XTYP_L,,CISTS_01,N,NO,0,0,0,2026-01-07 21:29:30
CISADM,CI_BF,,CISTS_01,N,NO,275,16,66,2026-02-13 02:16:07
CISADM,CI_BFCH_TOUGRP,,CISTS_01,N,NO,0,0,0,2026-01-07 21:29:30
CISADM,CI_BF_CHAR,,CISTS_01,N,NO,370,12,53,2026-01-09 02:12:36
CISADM,CI_BF_CHAR_DST,,CISTS_01,N,NO,0,0,0,2026-01-07 21:29:31
CISADM,CI_BF_L,,CISTS_01,N,NO,275,8,58,2026-02-11 02:19:09
CISADM,CI_BF_VAL,,CISTS_01,N,NO,826,24,52,2026-01-28 02:15:06
CISADM,CI_BILL,,CISTS_01,N,NO,653581,24576,147,2026-02-11 02:19:44
CISADM,CI_BILL_CAN_RSN,,CISTS_01,N,NO,10,4,11,2026-01-09 02:12:13
CISADM,CI_BILL_CAN_RSN_L,,CISTS_01,N,NO,10,4,35,2026-01-09 02:12:28
CISADM,CI_BILL_CHAR,,CISTS_01,N,NO,0,0,0,2026-01-07 21:29:33
CISADM,CI_BILL_CHG,,CISTS_01,N,NO,18110,285,79,2026-01-09 02:13:05
CISADM,CI_BILL_CHG_K,,,N,NO,18110,,18,2026-01-07 21:29:33
CISADM,CI_BILL_CYC,,CISTS_01,N,NO,11,8,14,2026-02-13 02:15:39
CISADM,CI_BILL_CYC_L,,CISTS_01,N,NO,11,8,30,2026-02-13 02:15:39
CISADM,CI_BILL_CYC_SCH,,CISTS_01,N,NO,441,8,42,2026-02-13 02:15:46
CISADM,CI_BILL_CYC_SEC,,CISTS_01,N,NO,0,0,0,2026-01-07 21:29:33
CISADM,CI_BILL_EXCP,,CISTS_01,N,NO,0,0,0,2026-01-07 21:29:33
CISADM,CI_BILL_K,,,N,NO,653570,,18,2026-01-07 21:29:33
CISADM,CI_BILL_MSG,,CISTS_01,N,NO,11,4,20,2026-01-09 02:12:27
CISADM,CI_BILL_MSGS,,CISTS_01,N,NO,989473,8669,21,2026-01-09 02:15:02
CISADM,CI_BILL_MSG_L,,CISTS_01,N,NO,11,4,154,2026-01-09 02:12:25
CISADM,CI_BILL_MSG_PRM,,CISTS_01,N,NO,18714,183,31,2026-01-09 02:12:56
CISADM,CI_BILL_PERIOD,,CISTS_01,N,NO,3,8,12,2026-02-13 02:15:32
CISADM,CI_BILL_PERIOD_L,,CISTS_01,N,NO,3,8,32,2026-02-13 02:15:33
CISADM,CI_BILL_PER_SCH,,CISTS_01,N,NO,53,8,28,2026-02-13 02:15:39
CISADM,CI_BILL_ROUTING,,CISTS_01,N,NO,293327,16384,198,2026-02-14 22:24:02
CISADM,CI_BILL_RT_TYPE,,CISTS_01,N,NO,2,4,37,2026-01-09 02:12:14
CISADM,CI_BILL_RT_TYPE_L,,CISTS_01,N,NO,2,4,37,2026-02-11 02:19:41
CISADM,CI_BILL_RVW_SCH,,CISTS_01,N,NO,0,0,0,2026-01-07 21:29:35
CISADM,CI_BILL_SA,,CISTS_01,N,NO,2439561,34176,39,2026-01-09 02:20:11
CISADM,CI_BILL_SCNR,,CISTS_01,N,NO,0,0,0,2026-01-07 21:29:36
CISADM,CI_BILL_SCNR_K,,,N,NO,0,,0,2026-01-07 21:29:36
CISADM,CI_BILL_SCNR_SQ,,CISTS_01,N,NO,0,0,0,2026-01-07 21:29:36
CISADM,CI_BILL_SEG_TYP,,CISTS_01,N,NO,8,4,77,2026-01-09 02:12:17
CISADM,CI_BILL_SEG_TYP_L,,CISTS_01,N,NO,8,4,40,2026-01-09 02:12:33
CISADM,CI_BPRT_GRP,,CISTS_01,N,NO,0,0,0,2026-01-07 21:29:36
CISADM,CI_BPRT_GRP_K,,,N,NO,0,,0,2026-01-07 21:29:36
CISADM,CI_BPRT_SGRP_SA,,CISTS_01,N,NO,0,0,0,2026-01-07 21:29:36
CISADM,CI_BPRT_SUBGRP,,CISTS_01,N,NO,0,0,0,2026-01-07 21:29:36
CISADM,CI_BSEG,,CISTS_01,N,NO,2219024,139264,190,2026-02-18 02:14:01
CISADM,CI_BSEG_CALC,,CISTS_01,N,NO,2239642,47104,101,2026-02-14 22:24:17
CISADM,CI_BSEG_CALC_LN,,CISTS_01,N,NO,2562108,78848,167,2026-02-03 02:15:06
CISADM,CI_BSEG_CL_CHAR,,CISTS_01,N,NO,0,0,0,2026-01-07 21:29:42
CISADM,CI_BSEG_EXCP,,CISTS_01,N,NO,3463,256,172,2026-02-14 22:23:51
CISADM,CI_BSEG_ITEM,,CISTS_01,N,NO,0,0,0,2026-01-07 21:29:42
CISADM,CI_BSEG_K,,,N,NO,2218965,,18,2026-01-07 21:29:43
CISADM,CI_BSEG_MSG,,CISTS_01,N,NO,49337,512,21,2026-01-09 02:13:09
CISADM,CI_BSEG_READ,,CISTS_01,N,NO,3267813,103424,114,2026-02-12 02:14:44
CISADM,CI_BSEG_SQ,,CISTS_01,N,NO,3747321,29696,31,2026-01-09 02:19:16
CISADM,CI_BUD_PLAN,,CISTS_01,N,NO,2,4,60,2026-01-16 02:05:28
CISADM,CI_BUD_PLAN_L,,CISTS_01,N,NO,2,4,40,2026-01-09 02:12:31
CISADM,CI_BUD_RVW,,CISTS_01,N,NO,1103,11,32,2026-01-07 21:29:47
CISADM,CI_B_CHG_LINE,,CISTS_01,N,NO,18110,297,67,2026-01-07 21:29:47
CISADM,CI_B_CHG_TMPLT,,CISTS_01,N,NO,0,0,0,2026-01-07 21:29:47
CISADM,CI_B_CHG_TMPLT_L,,CISTS_01,N,NO,0,0,0,2026-01-07 21:29:47
CISADM,CI_B_LN_CHAR,,CISTS_01,N,NO,0,0,0,2026-01-07 21:29:47
CISADM,CI_B_LN_UP_CHAR,,CISTS_01,N,NO,0,0,0,2026-01-07 21:29:47
CISADM,CI_B_TMPLT_LINE,,CISTS_01,N,NO,0,0,0,2026-01-07 21:29:47
CISADM,CI_B_TMPLT_LINE_L,,CISTS_01,N,NO,0,0,0,2026-01-07 21:29:47
CISADM,CI_B_TMPLT_SQ,,CISTS_01,N,NO,0,0,0,2026-01-07 21:29:47
CISADM,CI_B_TM_LN_CHA,,CISTS_01,N,NO,0,0,0,2026-01-07 21:29:47
CISADM,CI_CAL_GL,,CISTS_01,N,NO,1,4,9,2026-01-20 02:18:25
CISADM,CI_CAL_GL_L,,CISTS_01,N,NO,1,4,26,2026-01-15 02:21:35
CISADM,CI_CAL_HOL,,CISTS_01,N,NO,114,4,36,2026-01-09 02:12:14
CISADM,CI_CAL_HOL_L,,CISTS_01,N,NO,114,4,41,2026-01-23 02:18:52
CISADM,CI_CAL_PERIOD,,CISTS_01,N,NO,60,4,45,2026-01-23 02:18:50
CISADM,CI_CAL_PERIOD_L,,CISTS_01,N,NO,60,4,31,2026-01-15 02:21:35
CISADM,CI_CAL_WORK,,CISTS_01,N,NO,3,4,26,2026-01-09 02:12:32
CISADM,CI_CAL_WORK_L,,CISTS_01,N,NO,3,4,49,2026-01-09 02:12:30
CISADM,CI_CAMPAIGN,,CISTS_01,N,NO,11,4,166,2026-01-16 02:05:25
CISADM,CI_CAMPAIGN_L,,CISTS_01,N,NO,11,4,128,2026-01-16 02:05:28
CISADM,CI_CAMP_ALG,,CISTS_01,N,NO,13,4,37,2026-01-16 02:05:30
CISADM,CI_CAMP_FLD_TYPE,,CISTS_01,N,NO,95,7,95,2026-01-07 21:29:48
CISADM,CI_CAMP_FLD_TYPE_L,,CISTS_01,N,NO,95,5,90,2026-01-07 21:29:48
CISADM,CI_CASE,,CISTS_01,N,NO,2,4,345,2026-01-16 02:05:24
CISADM,CI_CASE_CHAR,,CISTS_01,N,NO,6,4,67,2026-01-07 21:29:48
CISADM,CI_CASE_K,,,N,NO,2,,16,2026-01-07 21:29:48
CISADM,CI_CASE_LOG,,CISTS_01,N,NO,6,4,131,2026-01-22 02:15:50
CISADM,CI_CASE_LOG_PARM,,CISTS_01,N,NO,0,0,0,2026-01-07 21:29:48
CISADM,CI_CASE_STATUS,,CISTS_01,N,NO,24,4,74,2026-01-09 02:12:32
CISADM,CI_CASE_STATUS_L,,CISTS_01,N,NO,24,4,47,2026-01-16 02:05:28
CISADM,CI_CASE_ST_ALG,,CISTS_01,N,NO,17,4,50,2026-01-07 21:29:48
CISADM,CI_CASE_ST_CHTY,,CISTS_01,N,NO,9,4,38,2026-01-07 21:29:48
CISADM,CI_CASE_TR_RULE,,CISTS_01,N,NO,22,4,57,2026-01-07 21:29:48
CISADM,CI_CASE_TR_RULE_L,,CISTS_01,N,NO,22,4,57,2026-01-07 21:29:48
CISADM,CI_CASE_TYPE,,CISTS_01,N,NO,5,4,114,2026-01-31 22:17:15
CISADM,CI_CASE_TYPE_ALG,,CISTS_01,N,NO,3,4,37,2026-01-07 21:29:48
CISADM,CI_CASE_TYPE_L,,CISTS_01,N,NO,5,4,257,2026-01-16 02:05:26
CISADM,CI_CC,,CISTS_01,N,NO,122436,7550,375,2026-02-27 02:14:57
CISADM,CI_CCL_CTL_ALG,,CISTS_01,N,NO,82,5,39,2026-01-15 02:21:35
CISADM,CI_CC_CHAR,,CISTS_01,N,NO,520,13,76,2026-01-16 02:05:31
CISADM,CI_CC_CL,,CISTS_01,N,NO,8,4,8,2026-01-09 02:12:20
CISADM,CI_CC_CL_L,,CISTS_01,N,NO,8,4,32,2026-01-09 02:12:20
CISADM,CI_CC_K,,,N,NO,117931,,16,2026-01-07 21:29:49
CISADM,CI_CC_LOG,,CISTS_01,N,NO,1030,32,96,2026-02-27 02:15:24
CISADM,CI_CC_LOG_K,,,N,NO,1030,,18,2026-01-07 21:29:50
CISADM,CI_CC_TYPE,,CISTS_01,N,NO,70,7,99,2026-01-09 02:12:24
CISADM,CI_CC_TYPE_L,,CISTS_01,N,NO,70,4,53,2026-01-09 02:12:20
CISADM,CI_CEVT_CAN_RSN,,CISTS_01,N,NO,0,0,0,2026-01-07 21:29:50
CISADM,CI_CEVT_CAN_RSN_L,,CISTS_01,N,NO,0,0,0,2026-01-07 21:29:50
CISADM,CI_CHAR_DFLT,,CISTS_01,N,NO,0,0,0,2026-01-07 21:29:50
CISADM,CI_CHAR_DFLT_SV,,CISTS_01,N,NO,0,0,0,2026-01-07 21:29:50
CISADM,CI_CHAR_ENTITY,,CISTS_01,N,NO,911,11,22,2026-01-09 02:12:38
CISADM,CI_CHAR_TYPE,,CISTS_01,N,NO,471,21,82,2026-01-24 22:15:06
CISADM,CI_CHAR_TYPE_L,,CISTS_01,N,NO,471,7,41,2026-01-30 02:21:33
CISADM,CI_CHAR_VAL,,CISTS_01,N,NO,394,9,34,2026-01-09 02:12:34
CISADM,CI_CHAR_VAL_L,,CISTS_01,N,NO,394,10,52,2026-01-09 02:12:38
CISADM,CI_CHG_LOG,,CISTS_01,N,NO,494400,11923,94,2026-01-07 21:29:50
CISADM,CI_CHTY_ADJTY,,CISTS_01,N,NO,4,4,57,2026-01-09 02:12:17
CISADM,CI_CHTY_CASETY,,CISTS_01,N,NO,13,4,61,2026-01-07 21:29:50
CISADM,CI_CHTY_CCTY,,CISTS_01,N,NO,2,4,66,2026-02-27 02:15:23
CISADM,CI_CHTY_COPTY,,CISTS_01,N,NO,0,0,0,2026-01-07 21:29:51
CISADM,CI_CHTY_COP_ETY,,CISTS_01,N,NO,0,0,0,2026-01-07 21:29:51
CISADM,CI_CHTY_DV_TTYP,,CISTS_01,N,NO,0,0,0,2026-01-07 21:29:51
CISADM,CI_CHTY_FATY,,CISTS_01,N,NO,0,0,0,2026-01-07 21:29:51
CISADM,CI_CHTY_ITTY,,CISTS_01,N,NO,0,0,0,2026-01-07 21:29:51
CISADM,CI_CHTY_MTTY,,CISTS_01,N,NO,0,0,0,2026-01-07 21:29:51
CISADM,CI_CHTY_SCMTY,,CISTS_01,N,NO,0,0,0,2026-01-07 21:29:51
CISADM,CI_CHTY_SPTY,,CISTS_01,N,NO,25,4,54,2026-02-12 02:14:25
CISADM,CI_CHTY_TDTY,,CISTS_01,N,NO,6,4,57,2026-01-23 02:18:51
CISADM,CI_CHTY_TOSTY,,CISTS_01,N,NO,0,0,0,2026-01-07 21:29:51
CISADM,CI_CHTY_UATY,,CISTS_01,N,NO,0,0,0,2026-01-07 21:29:51
CISADM,CI_CIS_DIVISION,,CISTS_01,N,NO,1,4,64,2026-01-09 02:12:18
CISADM,CI_CIS_DIVISION_L,,CISTS_01,N,NO,1,4,32,2026-01-09 02:12:22
CISADM,CI_CIS_DIV_CHAR,,CISTS_01,N,NO,3,4,58,2026-01-09 02:12:26
CISADM,CI_CNV_DUP_KEY,,CISTS_01,N,NO,0,0,0,2026-01-07 21:29:51
CISADM,CI_CNV_KEY_TMP,,CISTS_01,N,NO,0,0,0,2026-01-07 21:29:51
CISADM,CI_COLL_AGY,,CISTS_01,N,NO,1,4,34,2026-02-27 02:15:23
CISADM,CI_COLL_AGY_HIS,,CISTS_01,N,NO,3786,64,51,2026-02-27 02:15:25
CISADM,CI_COLL_AGY_L,,CISTS_01,N,NO,1,4,45,2026-02-17 02:19:57
CISADM,CI_COLL_AGY_REF,,CISTS_01,N,NO,2558,75,70,2026-02-17 02:19:57
CISADM,CI_COLL_AGY_REF_K,,,N,NO,2558,,16,2026-01-07 21:29:51
CISADM,CI_COLL_CL,,CISTS_01,N,NO,6,4,19,2026-02-27 02:15:24
CISADM,CI_COLL_CL_CNTL,,CISTS_01,N,NO,6,4,50,2026-01-09 02:12:13
CISADM,CI_COLL_CL_CNTL_L,,CISTS_01,N,NO,6,4,64,2026-01-09 02:12:20
CISADM,CI_COLL_CL_L,,CISTS_01,N,NO,6,4,37,2026-01-21 02:21:37
CISADM,CI_COLL_CRIT,,CISTS_01,N,NO,10,4,53,2026-01-09 02:12:18
CISADM,CI_COLL_CRIT_CT,,CISTS_01,N,NO,10,4,40,2026-01-28 02:15:05
CISADM,CI_COLL_EVT,,CISTS_01,N,NO,176115,2558,51,2026-02-27 02:13:17
CISADM,CI_COLL_EVT_1031,,CISTS_01,N,NO,19647,299,44,2026-01-07 21:29:52
CISADM,CI_COLL_EVT_CC,,CISTS_01,N,NO,40428,512,28,2026-02-27 02:13:55
CISADM,CI_COLL_EVT_CC_1031,,CISTS_01,N,NO,28,4,28,2026-01-07 21:29:52
CISADM,CI_COLL_EVT_TYP,,CISTS_01,N,NO,11,4,56,2026-01-09 02:12:19
CISADM,CI_COLL_EVT_TYP_L,,CISTS_01,N,NO,11,4,115,2026-01-09 02:12:21
CISADM,CI_COLL_PROC,,CISTS_01,N,NO,44440,1536,100,2026-02-27 02:13:29
CISADM,CI_COLL_PROC_1031,,CISTS_01,N,NO,6550,246,100,2026-01-07 21:29:52
CISADM,CI_COLL_PROC_K,,,N,NO,44440,,16,2026-02-27 02:13:49
CISADM,CI_COLL_PROC_K_1031,,CISTS_01,N,NO,6550,42,16,2026-01-07 21:29:52
CISADM,CI_COLL_PROC_SA,,CISTS_01,N,NO,162301,2174,36,2026-02-27 02:14:14
CISADM,CI_COLL_PROC_SA_1031,,CISTS_01,N,NO,21803,309,37,2026-01-07 21:29:53
CISADM,CI_COLL_PROC_TM,,CISTS_01,N,NO,5,4,29,2026-01-09 02:12:15
CISADM,CI_COLL_PROC_TM_L,,CISTS_01,N,NO,5,4,42,2026-01-09 02:12:25
CISADM,CI_COLL_RESP,,CISTS_01,N,NO,12,4,34,2026-02-27 02:15:24
CISADM,CI_COL_REF,,CISTS_01,N,NO,0,0,0,2026-01-07 21:29:53
CISADM,CI_COL_REF_ALG,,CISTS_01,N,NO,0,0,0,2026-01-07 21:29:53
CISADM,CI_COL_REF_L,,CISTS_01,N,NO,0,0,0,2026-01-07 21:29:53
CISADM,CI_CONSV_PROG,,CISTS_01,N,NO,0,0,0,2026-01-07 21:29:53
CISADM,CI_CONSV_PROG_CHAR,,CISTS_01,N,NO,0,0,0,2026-01-07 21:29:53
CISADM,CI_CONSV_PROG_L,,CISTS_01,N,NO,0,0,0,2026-01-07 21:29:53
CISADM,CI_CONT_QTY_TMP,,CISTS_01,N,NO,0,0,0,2026-01-07 21:29:53
CISADM,CI_CONT_QTY_TYP,,CISTS_01,N,NO,1,4,12,2026-01-23 02:18:52
CISADM,CI_CONT_QTY_TYP_L,,CISTS_01,N,NO,1,4,24,2026-01-23 02:18:50
CISADM,CI_COP,,CISTS_01,N,NO,0,0,0,2026-01-07 21:29:53
CISADM,CI_COP_CHAR,,CISTS_01,N,NO,0,0,0,2026-01-07 21:29:53
CISADM,CI_COP_EVT,,CISTS_01,N,NO,0,0,0,2026-01-07 21:29:53
CISADM,CI_COP_EVT_CHAR,,CISTS_01,N,NO,0,0,0,2026-01-07 21:29:53
CISADM,CI_COP_EVT_EXC,,CISTS_01,N,NO,0,0,0,2026-01-07 21:29:53
CISADM,CI_COP_EVT_EXP,,CISTS_01,N,NO,0,0,0,2026-01-07 21:29:53
CISADM,CI_COP_EVT_K,,,N,NO,0,,0,2026-01-07 21:29:53
CISADM,CI_COP_EVT_TYPE,,CISTS_01,N,NO,0,0,0,2026-01-07 21:29:53
CISADM,CI_COP_EVT_TYPE_L,,CISTS_01,N,NO,0,0,0,2026-01-07 21:29:53
CISADM,CI_COP_K,,,N,NO,0,,0,2026-01-07 21:29:53
CISADM,CI_COP_L,,CISTS_01,N,NO,0,0,0,2026-01-07 21:29:53
CISADM,CI_COP_TYPE,,CISTS_01,N,NO,0,0,0,2026-01-07 21:29:53
CISADM,CI_COP_TYPE_ALG,,CISTS_01,N,NO,0,0,0,2026-01-07 21:29:53
CISADM,CI_COP_TYPE_L,,CISTS_01,N,NO,0,0,0,2026-01-07 21:29:53
CISADM,CI_COUNTRY,,CISTS_01,N,NO,8,4,98,2026-01-09 02:12:30
CISADM,CI_COUNTRY_L,,CISTS_01,N,NO,8,4,88,2026-01-09 02:12:26
CISADM,CI_CR_RAT_HIST,,CISTS_01,N,NO,17884,736,118,2026-01-16 02:06:01
CISADM,CI_CR_RAT_HIST_K,,,N,NO,17884,,16,2026-01-07 21:29:54
CISADM,CI_CR_UNIT,,CISTS_01,N,NO,0,0,0,2026-01-07 21:29:54
CISADM,CI_CR_UNIT_L,,CISTS_01,N,NO,0,0,0,2026-01-07 21:29:54
CISADM,CI_CURRENCY_CD,,CISTS_01,N,NO,1,4,20,2026-01-09 02:12:13
CISADM,CI_CURRENCY_CD_L,,CISTS_01,N,NO,1,4,33,2026-01-09 02:12:14
CISADM,CI_CUST_CL,,CISTS_01,N,NO,5,4,29,2026-01-09 02:12:14
CISADM,CI_CUST_CL_CTRL,,CISTS_01,N,NO,5,4,53,2026-02-27 02:15:23
CISADM,CI_CUST_CL_L,,CISTS_01,N,NO,5,4,29,2026-01-09 02:12:18
CISADM,CI_CUST_CL_MSG,,CISTS_01,N,NO,2,4,33,2026-01-09 02:12:18
CISADM,CI_CUT_EVT,,CISTS_01,N,NO,0,0,0,2026-01-07 21:29:54
CISADM,CI_CUT_EVT_DEP,,CISTS_01,N,NO,0,0,0,2026-01-07 21:29:54
CISADM,CI_CUT_EVT_TYPE,,CISTS_01,N,NO,0,0,0,2026-01-07 21:29:54
CISADM,CI_CUT_EVT_TYPE_L,,CISTS_01,N,NO,0,0,0,2026-01-07 21:29:54
CISADM,CI_CUT_EVT_TYP_ALG,,CISTS_01,N,NO,0,0,0,2026-01-07 21:29:54
CISADM,CI_CUT_PROC,,CISTS_01,N,NO,0,0,0,2026-01-07 21:29:54
CISADM,CI_CUT_PROC_K,,,N,NO,0,,0,2026-01-07 21:29:54
CISADM,CI_CUT_PROC_TMP,,CISTS_01,N,NO,0,0,0,2026-01-07 21:29:54
CISADM,CI_CUT_PROC_TMP_L,,CISTS_01,N,NO,0,0,0,2026-01-07 21:29:54
CISADM,CI_CUT_PROC_TM_ALG,,CISTS_01,N,NO,0,0,0,2026-01-07 21:29:54
CISADM,CI_CUT_RESP,,CISTS_01,N,NO,0,0,0,2026-01-07 21:29:54
CISADM,CI_CUT_RESP_DEP,,CISTS_01,N,NO,0,0,0,2026-01-07 21:29:54
CISADM,CI_CVAL_TMPL,,CISTS_01,N,NO,0,0,0,2026-01-07 21:29:54
CISADM,CI_CVAL_TOU_TMP,,CISTS_01,N,NO,0,0,0,2026-01-07 21:29:54
CISADM,CI_DAR,,CISTS_01,N,NO,1,4,17,2026-02-21 22:15:07
CISADM,CI_DAR_L,,CISTS_01,N,NO,1,4,35,2026-01-17 22:11:34
CISADM,CI_DAR_USR,,CISTS_01,N,NO,134,5,33,2026-01-09 02:12:19
CISADM,CI_DATA_DIFF,,CISTS_01,N,NO,0,0,0,2026-01-07 21:29:55
CISADM,CI_DATA_DIFF_PK,,CISTS_01,N,NO,0,0,0,2026-01-07 21:29:55
CISADM,CI_DB_INSTR,,CISTS_01,N,NO,0,0,0,2026-01-07 21:29:55
CISADM,CI_DB_INSTR_ALG,,CISTS_01,N,NO,0,0,0,2026-01-07 21:29:55
CISADM,CI_DB_INSTR_L,,CISTS_01,N,NO,0,0,0,2026-01-07 21:29:55
CISADM,CI_DB_INST_OVRD,,CISTS_01,N,NO,0,0,0,2026-01-07 21:29:55
CISADM,CI_DB_PROC,,CISTS_01,N,NO,0,0,0,2026-01-07 21:29:55
CISADM,CI_DB_PROC_L,,CISTS_01,N,NO,0,0,0,2026-01-07 21:29:55
CISADM,CI_DCL,,CISTS_01,N,NO,0,0,0,2026-01-07 21:29:55
CISADM,CI_DCL_K,,,N,NO,0,,0,2026-01-07 21:29:55
CISADM,CI_DC_ALG,,CISTS_01,N,NO,9,4,29,2026-01-09 02:12:20
CISADM,CI_DEBT_CL,,CISTS_01,N,NO,5,4,10,2026-02-27 02:15:23
CISADM,CI_DEBT_CL_L,,CISTS_01,N,NO,5,4,29,2026-01-09 02:12:31
CISADM,CI_DEG_DAY,,CISTS_01,N,NO,0,0,0,2026-01-07 21:29:55
CISADM,CI_DEP_CL,,CISTS_01,N,NO,2,4,96,2026-01-16 02:05:26
CISADM,CI_DEP_CL_L,,CISTS_01,N,NO,2,4,70,2026-01-16 02:05:28
CISADM,CI_DEP_CTL,,CISTS_01,N,NO,2239,50,67,2026-01-17 22:11:35
CISADM,CI_DEP_CTL_CHAR,,CISTS_01,N,NO,0,0,0,2026-01-07 21:29:55
CISADM,CI_DEP_CTL_K,,,N,NO,2239,,16,2026-01-07 21:29:55
CISADM,CI_DEP_CTL_ST,,CISTS_01,N,NO,48,5,86,2026-01-07 21:29:55
CISADM,CI_DEP_RVW,,CISTS_01,N,NO,0,0,0,2026-01-07 21:29:55
CISADM,CI_DG_APP_SCHED,,CISTS_01,N,NO,0,0,0,2026-01-07 21:29:55
CISADM,CI_DG_APP_SCHED_K,,,N,NO,0,,0,2026-01-07 21:29:55
CISADM,CI_DISCON_LOC,,CISTS_01,N,NO,2,4,8,2026-01-07 21:29:55
CISADM,CI_DISCON_LOC_L,,CISTS_01,N,NO,2,4,35,2026-02-17 02:19:57
CISADM,CI_DISP_GRP,,CISTS_01,N,NO,0,0,0,2026-01-07 21:29:55
CISADM,CI_DISP_GRP_ALG,,CISTS_01,N,NO,0,0,0,2026-01-07 21:29:55
CISADM,CI_DISP_GRP_L,,CISTS_01,N,NO,0,0,0,2026-01-07 21:29:56
CISADM,CI_DISP_GRP_REP,,CISTS_01,N,NO,0,0,0,2026-01-07 21:29:56
CISADM,CI_DISP_ICON,,CISTS_01,N,NO,225,6,48,2026-01-09 02:12:21
CISADM,CI_DISP_ICON_L,,CISTS_01,N,NO,225,6,39,2026-01-27 02:21:53
CISADM,CI_DISP_PROF,,CISTS_01,N,NO,3,4,70,2026-01-09 02:12:16
CISADM,CI_DISP_PROF_L,,CISTS_01,N,NO,3,4,47,2026-01-16 02:05:29
CISADM,CI_DIV_TD_ROLE,,CISTS_01,N,NO,0,0,0,2026-01-07 21:29:56
CISADM,CI_DST_CD_CHAR,,CISTS_01,N,NO,338,10,60,2026-02-18 02:13:50
CISADM,CI_DST_CODE,,CISTS_01,N,NO,183,9,67,2026-01-09 02:12:39
CISADM,CI_DST_CODE_EFF,,CISTS_01,N,NO,183,7,72,2026-01-23 02:18:51
CISADM,CI_DST_CODE_L,,CISTS_01,N,NO,183,5,56,2026-01-31 22:17:16
CISADM,CI_DST_RULE,,CISTS_01,N,NO,0,0,0,2026-01-07 21:29:56
CISADM,CI_DST_RULE_ALG,,CISTS_01,N,NO,0,0,0,2026-01-07 21:29:56
CISADM,CI_DST_RULE_L,,CISTS_01,N,NO,0,0,0,2026-01-07 21:29:56
CISADM,CI_DV_TEST,,CISTS_01,N,NO,0,0,0,2026-01-07 21:29:56
CISADM,CI_DV_TEST_CHAR,,CISTS_01,N,NO,0,0,0,2026-01-07 21:29:56
CISADM,CI_DV_TEST_COMP,,CISTS_01,N,NO,0,0,0,2026-01-07 21:29:56
CISADM,CI_DV_TEST_EXCP,,CISTS_01,N,NO,0,0,0,2026-01-07 21:29:56
CISADM,CI_DV_TEST_K,,,N,NO,0,,0,2026-01-07 21:29:56
CISADM,CI_DV_TEST_RES,,CISTS_01,N,NO,0,0,0,2026-01-07 21:29:56
CISADM,CI_DV_TEST_SEL,,CISTS_01,N,NO,0,0,0,2026-01-07 21:29:56
CISADM,CI_DV_TEST_SEL_K,,,N,NO,0,,0,2026-01-07 21:29:56
CISADM,CI_DV_TEST_TYPE,,CISTS_01,N,NO,0,0,0,2026-01-07 21:29:56
CISADM,CI_DV_TEST_TYPE_L,,CISTS_01,N,NO,0,0,0,2026-01-07 21:29:56
CISADM,CI_DV_TTYP_CHAR,,CISTS_01,N,NO,0,0,0,2026-01-07 21:29:56
CISADM,CI_DV_TTYP_COMP,,CISTS_01,N,NO,0,0,0,2026-01-07 21:29:57
CISADM,CI_DV_TTYP_ITEM,,CISTS_01,N,NO,0,0,0,2026-01-07 21:29:57
CISADM,CI_DV_TTYP_MTR,,CISTS_01,N,NO,0,0,0,2026-01-07 21:29:57
CISADM,CI_ENRL,,CISTS_01,N,NO,0,0,0,2026-01-07 21:29:57
CISADM,CI_ENRL_ADDR,,CISTS_01,N,NO,0,0,0,2026-01-07 21:29:57
CISADM,CI_ENRL_CAN_RSN,,CISTS_01,N,NO,1,4,14,2026-01-07 21:29:57
CISADM,CI_ENRL_CAN_RSN_L,,CISTS_01,N,NO,1,4,33,2026-01-07 21:29:57
CISADM,CI_ENRL_CBK_RSN,,CISTS_01,N,NO,0,0,0,2026-01-07 21:29:57
CISADM,CI_ENRL_CBK_RSN_L,,CISTS_01,N,NO,0,0,0,2026-01-07 21:29:57
CISADM,CI_ENRL_FLD,,CISTS_01,N,NO,0,0,0,2026-01-07 21:29:57
CISADM,CI_ENRL_K,,,N,NO,0,,0,2026-01-07 21:29:57
CISADM,CI_ENRL_LOG,,CISTS_01,N,NO,0,0,0,2026-01-07 21:29:57
CISADM,CI_ENRL_PER_ID,,CISTS_01,N,NO,0,0,0,2026-01-07 21:29:57
CISADM,CI_ENRL_PER_NM,,CISTS_01,N,NO,0,0,0,2026-01-07 21:29:57
CISADM,CI_ENRL_PER_PHN,,CISTS_01,N,NO,0,0,0,2026-01-07 21:29:57
CISADM,CI_ENV_REF,,CISTS_01,N,NO,0,0,0,2026-01-07 21:29:57
CISADM,CI_ENV_REF_L,,CISTS_01,N,NO,0,0,0,2026-01-07 21:29:57
CISADM,CI_FA,,CISTS_01,N,NO,64777,3712,160,2026-01-16 02:06:39
CISADM,CI_FAC_LVL_1,,CISTS_01,N,NO,0,0,0,2026-01-07 21:29:58
CISADM,CI_FAC_LVL_1_2,,CISTS_01,N,NO,0,0,0,2026-01-07 21:29:58
CISADM,CI_FAC_LVL_1_L,,CISTS_01,N,NO,0,0,0,2026-01-07 21:29:58
CISADM,CI_FAC_LVL_2,,CISTS_01,N,NO,0,0,0,2026-01-07 21:29:58
CISADM,CI_FAC_LVL_2_3,,CISTS_01,N,NO,0,0,0,2026-01-07 21:29:58
CISADM,CI_FAC_LVL_2_L,,CISTS_01,N,NO,0,0,0,2026-01-07 21:29:58
CISADM,CI_FAC_LVL_3,,CISTS_01,N,NO,0,0,0,2026-01-07 21:29:58
CISADM,CI_FAC_LVL_3_L,,CISTS_01,N,NO,0,0,0,2026-01-07 21:29:58
CISADM,CI_FAC_LVL_NAME,,CISTS_01,N,NO,0,0,0,2026-01-07 21:29:58
CISADM,CI_FAC_LVL_NAME_L,,CISTS_01,N,NO,0,0,0,2026-01-07 21:29:58
CISADM,CI_FAPR_FATY,,CISTS_01,N,NO,6,4,21,2026-01-07 21:29:58
CISADM,CI_FAPR_TMPL,,CISTS_01,N,NO,6,4,39,2026-01-16 02:05:31
CISADM,CI_FA_CAN_RSN,,CISTS_01,N,NO,4,4,17,2026-01-16 02:05:25
CISADM,CI_FA_CAN_RSN_L,,CISTS_01,N,NO,4,4,42,2026-02-28 22:20:29
CISADM,CI_FA_CHAR,,CISTS_01,N,NO,0,0,0,2026-01-07 21:29:58
CISADM,CI_FA_CMPL_CTRL,,CISTS_01,N,NO,0,0,0,2026-01-07 21:29:58
CISADM,CI_FA_K,,,N,NO,64765,,16,2026-01-07 21:29:58
CISADM,CI_FA_LOG,,CISTS_01,N,NO,0,0,0,2026-01-07 21:29:58
CISADM,CI_FA_REM,,CISTS_01,N,NO,0,0,0,2026-01-07 21:29:58
CISADM,CI_FA_REM_ALG,,CISTS_01,N,NO,0,0,0,2026-01-07 21:29:58
CISADM,CI_FA_REM_CD,,CISTS_01,N,NO,0,0,0,2026-01-07 21:29:58
CISADM,CI_FA_REM_CD_L,,CISTS_01,N,NO,0,0,0,2026-01-07 21:29:58
CISADM,CI_FA_REM_EXC,,CISTS_01,N,NO,0,0,0,2026-01-07 21:29:58
CISADM,CI_FA_REM_EXP,,CISTS_01,N,NO,0,0,0,2026-01-07 21:29:58
CISADM,CI_FA_RESCHED_RSN,,CISTS_01,N,NO,0,0,0,2026-01-07 21:29:58
CISADM,CI_FA_RESCHED_RSN_L,,CISTS_01,N,NO,0,0,0,2026-01-07 21:29:58
CISADM,CI_FA_STAGE_UP,,CISTS_01,N,NO,0,0,0,2026-01-07 21:29:58
CISADM,CI_FA_STEP,,CISTS_01,N,NO,0,0,0,2026-01-07 21:29:58
CISADM,CI_FA_STEP_TYPE,,CISTS_01,N,NO,0,0,0,2026-01-07 21:29:59
CISADM,CI_FA_STEP_TYPE_L,,CISTS_01,N,NO,0,0,0,2026-01-07 21:29:59
CISADM,CI_FA_STGUP_CHAR,,CISTS_01,N,NO,0,0,0,2026-01-07 21:29:59
CISADM,CI_FA_STGUP_EXC,,CISTS_01,N,NO,0,0,0,2026-01-07 21:29:59
CISADM,CI_FA_STGUP_REM,,CISTS_01,N,NO,0,0,0,2026-01-07 21:29:59
CISADM,CI_FA_STP_STGUP,,CISTS_01,N,NO,0,0,0,2026-01-07 21:29:59
CISADM,CI_FA_TYPE,,CISTS_01,N,NO,6,4,68,2026-01-16 02:05:26
CISADM,CI_FA_TYPE_CHAR,,CISTS_01,N,NO,0,0,0,2026-01-07 21:29:59
CISADM,CI_FA_TYPE_L,,CISTS_01,N,NO,6,4,36,2026-01-09 02:12:14
CISADM,CI_FA_TYPE_PROF,,CISTS_01,N,NO,1,4,12,2026-02-13 02:16:58
CISADM,CI_FA_TYPE_PROF_L,,CISTS_01,N,NO,1,4,49,2026-02-13 02:16:57
CISADM,CI_FK_REF,,CISTS_01,N,NO,1007,101,262,2026-01-24 22:15:07
CISADM,CI_FK_REF_L,,CISTS_01,N,NO,1007,12,43,2026-01-09 02:12:40
CISADM,CI_FO,,CISTS_01,N,NO,0,0,0,2026-01-07 21:29:59
CISADM,CI_FO_K,,,N,NO,0,,0,2026-01-07 21:29:59
CISADM,CI_FO_STG_DWN,,CISTS_01,N,NO,0,0,0,2026-01-07 21:29:59
CISADM,CI_FREQ,,CISTS_01,N,NO,6,4,21,2026-01-09 02:12:21
CISADM,CI_FREQ_L,,CISTS_01,N,NO,6,4,28,2026-01-09 02:12:26
CISADM,CI_FS_CL,,CISTS_01,N,NO,0,0,0,2026-01-07 21:29:59
CISADM,CI_FS_CL_DFLT,,CISTS_01,N,NO,0,0,0,2026-01-07 21:29:59
CISADM,CI_FS_CL_L,,CISTS_01,N,NO,0,0,0,2026-01-07 21:29:59
CISADM,CI_FS_CTRL,,CISTS_01,N,NO,0,0,0,2026-01-07 21:29:59
CISADM,CI_FS_DGRP,,CISTS_01,N,NO,0,0,0,2026-01-07 21:29:59
CISADM,CI_FS_OP_AREA,,CISTS_01,N,NO,0,0,0,2026-01-07 21:29:59
CISADM,CI_FT,,CISTS_01,N,NO,4854740,259456,177,2026-02-20 02:21:40
CISADM,CI_FT_GL,,CISTS_01,N,NO,4953885,124928,91,2026-02-20 02:21:03
CISADM,CI_FT_K,,,N,NO,4850471,,18,2026-01-07 21:30:07
CISADM,CI_FT_PROC,,CISTS_01,N,NO,2316563,52961,58,2026-01-23 02:20:21
CISADM,CI_FUNC,,CISTS_01,N,NO,0,0,0,2026-01-07 21:30:09
CISADM,CI_FUNC_FLD,,CISTS_01,N,NO,0,0,0,2026-01-07 21:30:09
CISADM,CI_FUNC_FLD_L,,CISTS_01,N,NO,0,0,0,2026-01-07 21:30:09
CISADM,CI_FUNC_L,,CISTS_01,N,NO,0,0,0,2026-01-07 21:30:09
CISADM,CI_FUND,,CISTS_01,N,NO,0,0,0,2026-01-07 21:30:09
CISADM,CI_FUND_L,,CISTS_01,N,NO,0,0,0,2026-01-07 21:30:09
CISADM,CI_GEO_DFLT_SVC,,CISTS_01,N,NO,0,0,0,2026-01-07 21:30:09
CISADM,CI_GEO_TYPE,,CISTS_01,N,NO,2,4,25,2026-01-09 02:12:17
CISADM,CI_GEO_TYPE_L,,CISTS_01,N,NO,2,4,34,2026-01-09 02:12:23
CISADM,CI_GEO_TYP_DFLT,,CISTS_01,N,NO,0,0,0,2026-01-07 21:30:10
CISADM,CI_GL_DIVISION,,CISTS_01,N,NO,1,4,16,2026-01-09 02:12:14
CISADM,CI_GL_DIVISION_L,,CISTS_01,N,NO,1,4,32,2026-01-23 02:18:52
CISADM,CI_HI_LO_FACTOR,,CISTS_01,N,NO,0,0,0,2026-01-07 21:30:10
CISADM,CI_ID_TYPE,,CISTS_01,N,NO,9,4,68,2026-01-16 02:05:28
CISADM,CI_ID_TYPE_L,,CISTS_01,N,NO,9,4,33,2026-01-16 02:05:29
CISADM,CI_INSTALL_ALG,,CISTS_01,N,NO,90,5,30,2026-01-09 02:12:17
CISADM,CI_INSTALL_MSG,,CISTS_01,N,NO,4,4,17,2026-01-09 02:12:19
CISADM,CI_INSTALL_MSG_L,,CISTS_01,N,NO,4,4,47,2026-01-09 02:12:15
CISADM,CI_INSTALL_PROD,,CISTS_01,N,NO,6,4,99,2026-01-09 02:12:13
CISADM,CI_INTV_DATA,,CISTS_01,N,NO,0,0,0,2026-01-07 21:30:10
CISADM,CI_INTV_DATA_SET,,CISTS_01,N,NO,0,0,0,2026-01-07 21:30:10
CISADM,CI_INTV_DATA_SET_K,,,N,NO,0,,0,2026-01-07 21:30:10
CISADM,CI_INTV_DS_EXC,,CISTS_01,N,NO,0,0,0,2026-01-07 21:30:11
CISADM,CI_INTV_PF,,CISTS_01,N,NO,0,0,0,2026-01-07 21:30:11
CISADM,CI_INTV_PFRELTY,,CISTS_01,N,NO,0,0,0,2026-01-07 21:30:11
CISADM,CI_INTV_PFRELTY_L,,CISTS_01,N,NO,0,0,0,2026-01-07 21:30:11
CISADM,CI_INTV_PF_ALG,,CISTS_01,N,NO,0,0,0,2026-01-07 21:30:11
CISADM,CI_INTV_PF_K,,,N,NO,0,,0,2026-01-07 21:30:11
CISADM,CI_INTV_PF_L,,CISTS_01,N,NO,0,0,0,2026-01-07 21:30:11
CISADM,CI_INTV_PF_TYP,,CISTS_01,N,NO,0,0,0,2026-01-07 21:30:11
CISADM,CI_INTV_PF_TYP_L,,CISTS_01,N,NO,0,0,0,2026-01-07 21:30:11
CISADM,CI_INTV_REG_ALG,,CISTS_01,N,NO,0,0,0,2026-01-07 21:30:11
CISADM,CI_INTV_REG_TYP,,CISTS_01,N,NO,0,0,0,2026-01-07 21:30:11
CISADM,CI_INTV_REG_TYP_L,,CISTS_01,N,NO,0,0,0,2026-01-07 21:30:11
CISADM,CI_INTV_VAL,,CISTS_01,N,NO,0,0,0,2026-01-07 21:30:11
CISADM,CI_INTV_VAL_SET,,CISTS_01,N,NO,0,0,0,2026-01-07 21:30:11
CISADM,CI_INTV_VAL_SET_K,,,N,NO,0,,0,2026-01-07 21:30:11
CISADM,CI_ITEM,,CISTS_01,N,NO,0,0,0,2026-01-07 21:30:11
CISADM,CI_ITEM_CHAR,,CISTS_01,N,NO,0,0,0,2026-01-07 21:30:11
CISADM,CI_ITEM_EQ,,CISTS_01,N,NO,0,0,0,2026-01-07 21:30:11
CISADM,CI_ITEM_K,,,N,NO,0,,0,2026-01-07 21:30:11
CISADM,CI_ITEM_LOC_HIS,,CISTS_01,N,NO,0,0,0,2026-01-07 21:30:11
CISADM,CI_ITEM_LOC_HIS_K,,,N,NO,0,,0,2026-01-07 21:30:11
CISADM,CI_ITEM_SQ_EST,,CISTS_01,N,NO,0,0,0,2026-01-07 21:30:11
CISADM,CI_ITEM_STK_LOC,,CISTS_01,N,NO,0,0,0,2026-01-07 21:30:11
CISADM,CI_ITEM_TYPE,,CISTS_01,N,NO,4,4,34,2026-01-07 21:30:11
CISADM,CI_ITEM_TYPE_EQ,,CISTS_01,N,NO,0,0,0,2026-01-07 21:30:11
CISADM,CI_ITEM_TYPE_L,,CISTS_01,N,NO,4,4,51,2026-01-07 21:30:12
CISADM,CI_ITEM_TYP_CHA,,CISTS_01,N,NO,0,0,0,2026-01-07 21:30:12
CISADM,CI_LANDLORD,,CISTS_01,N,NO,2802,47,103,2026-02-14 22:23:50
CISADM,CI_LANDLORD_K,,,N,NO,2802,,16,2026-01-07 21:30:12
CISADM,CI_LANGUAGE,,CISTS_01,N,NO,1,4,42,2026-01-09 02:12:26
CISADM,CI_LETTER_TMPL,,CISTS_01,N,NO,29,4,71,2026-02-27 02:15:24
CISADM,CI_LETTER_TMPL_L,,CISTS_01,N,NO,29,4,46,2026-01-31 22:17:15
CISADM,CI_LL_DETAIL,,CISTS_01,N,NO,16921,191,28,2026-02-17 02:19:58
CISADM,CI_LOOKUP_FIELD,,CISTS_01,N,NO,2653,55,61,2026-01-09 02:12:44
CISADM,CI_LOOKUP_VAL,,CISTS_01,N,NO,10907,235,60,2026-01-21 02:21:38
CISADM,CI_LOOKUP_VAL_L,,CISTS_01,N,NO,10907,250,85,2026-01-09 02:13:04
CISADM,CI_MATCH_EVT,,CISTS_01,N,NO,0,0,0,2026-01-07 21:30:12
CISADM,CI_MATCH_EVT_K,,,N,NO,0,,0,2026-01-07 21:30:12
CISADM,CI_MATCH_TYPE,,CISTS_01,N,NO,0,0,0,2026-01-07 21:30:13
CISADM,CI_MATCH_TYPE_L,,CISTS_01,N,NO,0,0,0,2026-01-07 21:30:13
CISADM,CI_MD_ATT_TY,,CISTS_01,N,NO,107,5,34,2026-01-07 21:30:13
CISADM,CI_MD_AT_DTL,,CISTS_01,N,NO,106,6,57,2026-01-07 21:30:13
CISADM,CI_MD_AT_DTL_L,,CISTS_01,N,NO,106,5,68,2026-01-07 21:30:13
CISADM,CI_MD_CONST,,CISTS_01,N,NO,11965,429,79,2026-01-09 02:13:17
CISADM,CI_MD_CONST_FLD,,CISTS_01,N,NO,17314,419,55,2026-01-09 02:13:16
CISADM,CI_MD_CTL,,CISTS_01,N,NO,20,4,15,2026-01-07 21:30:13
CISADM,CI_MD_CTL_L,,CISTS_01,N,NO,20,4,44,2026-01-07 21:30:13
CISADM,CI_MD_CTL_TMPL,,CISTS_01,N,NO,225,5,24,2026-01-07 21:30:14
CISADM,CI_MD_ELTY,,CISTS_01,N,NO,34,4,8,2026-01-07 21:30:14
CISADM,CI_MD_ELTY_AT,,CISTS_01,N,NO,489,10,31,2026-01-07 21:30:14
CISADM,CI_MD_ELTY_L,,CISTS_01,N,NO,34,4,28,2026-01-07 21:30:14
CISADM,CI_MD_FLD,,CISTS_01,N,NO,36646,1664,119,2026-01-24 22:15:10
CISADM,CI_MD_FLD_L,,CISTS_01,N,NO,36644,1138,134,2026-01-09 02:13:44
CISADM,CI_MD_IDX,,CISTS_01,N,NO,0,0,0,2026-01-07 21:30:15
CISADM,CI_MD_IDX_FLD,,CISTS_01,N,NO,0,0,0,2026-01-07 21:30:15
CISADM,CI_MD_LOOKUP_F,,CISTS_01,N,NO,12,4,34,2026-01-07 21:30:15
CISADM,CI_MD_MENU,,CISTS_01,N,NO,903,23,48,2026-01-09 02:12:41
CISADM,CI_MD_MENU_IMOD,,CISTS_01,N,NO,1397,18,24,2026-01-09 02:12:40
CISADM,CI_MD_MENU_ITEM,,CISTS_01,N,NO,2867,137,106,2026-01-09 02:13:02
CISADM,CI_MD_MENU_ITEM_L,,CISTS_01,N,NO,2867,36,45,2026-01-09 02:12:43
CISADM,CI_MD_MENU_L,,CISTS_01,N,NO,903,22,73,2026-01-09 02:12:40
CISADM,CI_MD_MENU_LINE,,CISTS_01,N,NO,2138,54,50,2026-01-09 02:12:45
CISADM,CI_MD_MENU_LINE_L,,CISTS_01,N,NO,2138,25,26,2026-01-09 02:12:42
CISADM,CI_MD_MENU_MOD,,CISTS_01,N,NO,0,0,0,2026-01-07 21:30:16
CISADM,CI_MD_MO,,CISTS_01,N,NO,744,29,75,2026-01-09 02:12:42
CISADM,CI_MD_MO_ALG,,CISTS_01,N,NO,558,13,42,2026-01-16 02:05:31
CISADM,CI_MD_MO_L,,CISTS_01,N,NO,744,11,43,2026-01-09 02:12:39
CISADM,CI_MD_MO_OPT,,CISTS_01,N,NO,6572,82,39,2026-01-09 02:12:48
CISADM,CI_MD_MO_TBL,,CISTS_01,N,NO,3076,136,91,2026-01-15 02:21:37
CISADM,CI_MD_MO_WRK,,CISTS_01,N,NO,0,0,0,2026-01-07 21:30:16
CISADM,CI_MD_MSG,,CISTS_01,N,NO,51,4,14,2026-01-07 21:30:16
CISADM,CI_MD_MSG_L,,CISTS_01,N,NO,51,4,61,2026-01-07 21:30:16
CISADM,CI_MD_NAV,,CISTS_01,N,NO,6957,362,121,2026-01-09 02:13:09
CISADM,CI_MD_PDF,,CISTS_01,N,NO,18,4,29,2026-01-07 21:30:16
CISADM,CI_MD_PDF_VAL,,CISTS_01,N,NO,58,5,76,2026-01-07 21:30:16
CISADM,CI_MD_PRG_COM,,CISTS_01,N,NO,12068,481,124,2026-01-09 02:13:19
CISADM,CI_MD_PRG_ELEM,,CISTS_01,N,NO,32679,2381,215,2026-01-24 22:15:13
CISADM,CI_MD_PRG_EL_AT,,CISTS_01,N,NO,17439,853,111,2026-01-07 21:30:17
CISADM,CI_MD_PRG_LOC,,CISTS_01,N,NO,648,9,36,2026-01-09 02:12:37
CISADM,CI_MD_PRG_MOD,,CISTS_01,N,NO,396,7,24,2026-01-07 21:30:17
CISADM,CI_MD_PRG_SEC,,CISTS_01,N,NO,6134,248,101,2026-01-09 02:13:03
CISADM,CI_MD_PRG_SQL,,CISTS_01,N,NO,17868,819,465,2026-01-07 21:30:17
CISADM,CI_MD_PRG_TAB,,CISTS_01,N,NO,1859,86,101,2026-01-24 22:15:06
CISADM,CI_MD_PRG_VAR,,CISTS_01,N,NO,75574,1405,57,2026-01-24 22:15:09
CISADM,CI_MD_RPT,,CISTS_01,N,NO,30,4,60,2026-01-07 21:30:19
CISADM,CI_MD_RPT_L,,CISTS_01,N,NO,30,5,390,2026-01-07 21:30:19
CISADM,CI_MD_RPT_LBL,,CISTS_01,N,NO,442,13,50,2026-01-24 22:15:05
CISADM,CI_MD_RPT_PARM,,CISTS_01,N,NO,71,5,72,2026-01-07 21:30:19
CISADM,CI_MD_RPT_PARM_L,,CISTS_01,N,NO,71,5,165,2026-01-07 21:30:19
CISADM,CI_MD_SO,,CISTS_01,N,NO,14,4,112,2026-01-09 02:12:13
CISADM,CI_MD_SOCG,,CISTS_01,N,NO,36,8,825,2026-01-09 02:12:18
CISADM,CI_MD_SOCG_FLD,,CISTS_01,N,NO,60,7,148,2026-01-07 21:30:19
CISADM,CI_MD_SOCG_FLDAT,,CISTS_01,N,NO,12,4,96,2026-01-07 21:30:19
CISADM,CI_MD_SOCG_L,,CISTS_01,N,NO,36,4,49,2026-01-09 02:12:19
CISADM,CI_MD_SOCG_SORT,,CISTS_01,N,NO,20,4,71,2026-01-07 21:30:19
CISADM,CI_MD_SO_L,,CISTS_01,N,NO,14,4,60,2026-01-09 02:12:33
CISADM,CI_MD_SO_RSFLD,,CISTS_01,N,NO,79,8,137,2026-01-07 21:30:20
CISADM,CI_MD_SO_RSFLDAT,,CISTS_01,N,NO,8,4,91,2026-01-07 21:30:20
CISADM,CI_MD_SRC_TYPE,,CISTS_01,N,NO,8,4,40,2026-01-09 02:12:14
CISADM,CI_MD_SRC_TYPE_L,,CISTS_01,N,NO,8,4,34,2026-01-07 21:30:20
CISADM,CI_MD_SVC,,CISTS_01,N,NO,4090,109,55,2026-01-09 02:12:52
CISADM,CI_MD_SVC_L,,CISTS_01,N,NO,4080,66,58,2026-01-09 02:12:47
CISADM,CI_MD_SVC_PRG,,CISTS_01,N,NO,2851,57,40,2026-01-09 02:12:45
CISADM,CI_MD_TAB_MOD,,CISTS_01,N,NO,48,4,35,2026-01-09 02:12:14
CISADM,CI_MD_TBL,,CISTS_01,N,NO,3734,354,255,2026-01-23 02:18:55
CISADM,CI_MD_TBL_ADDTL,,CISTS_01,N,NO,710,18,44,2026-01-23 02:18:53
CISADM,CI_MD_TBL_FLD,,CISTS_01,N,NO,31906,1307,99,2026-01-09 02:13:50
CISADM,CI_MD_TBL_FLD_L,,CISTS_01,N,NO,31906,1127,81,2026-01-09 02:13:43
CISADM,CI_MD_TBL_L,,CISTS_01,N,NO,3735,82,71,2026-01-09 02:12:49
CISADM,CI_MD_TMPL,,CISTS_01,N,NO,61,4,44,2026-01-09 02:12:15
CISADM,CI_MD_TMPL_ELTY,,CISTS_01,N,NO,409,6,17,2026-01-07 21:30:21
CISADM,CI_MD_TMPL_L,,CISTS_01,N,NO,61,4,38,2026-01-07 21:30:21
CISADM,CI_MD_TMPL_VAR,,CISTS_01,N,NO,2492,51,45,2026-01-09 02:12:44
CISADM,CI_MD_TMPL_VAR_L,,CISTS_01,N,NO,2143,41,48,2026-01-07 21:30:21
CISADM,CI_MD_TOOLREP_XML,,CISTS_01,N,NO,0,0,0,2026-01-07 21:30:21
CISADM,CI_MD_TOOL_REP,,CISTS_01,N,NO,0,0,0,2026-01-07 21:30:21
CISADM,CI_MD_VAR,,CISTS_01,N,NO,563,11,29,2026-01-07 21:30:21
CISADM,CI_MD_VAR_DTL,,CISTS_01,N,NO,606,19,57,2026-01-07 21:30:21
CISADM,CI_MD_VAR_DTL_L,,CISTS_01,N,NO,606,11,52,2026-01-07 21:30:21
CISADM,CI_MD_WRK_TBL,,CISTS_01,N,NO,0,0,0,2026-01-07 21:30:21
CISADM,CI_MD_WRK_TBLFLD,,CISTS_01,N,NO,0,0,0,2026-01-07 21:30:21
CISADM,CI_MD_WRK_TBL_L,,CISTS_01,N,NO,0,0,0,2026-01-07 21:30:21
CISADM,CI_MEVT_CAN_RSN,,CISTS_01,N,NO,0,0,0,2026-01-07 21:30:21
CISADM,CI_MEVT_CAN_RSN_L,,CISTS_01,N,NO,0,0,0,2026-01-07 21:30:22
CISADM,CI_MFG,,CISTS_01,N,NO,0,0,0,2026-01-07 21:30:22
CISADM,CI_MFG_L,,CISTS_01,N,NO,0,0,0,2026-01-07 21:30:22
CISADM,CI_MKTMSG_TYPE,,CISTS_01,N,NO,0,0,0,2026-01-07 21:30:22
CISADM,CI_MKTMSG_TYPE_ALG,,CISTS_01,N,NO,0,0,0,2026-01-07 21:30:22
CISADM,CI_MKTMSG_TYPE_CHAR,,CISTS_01,N,NO,0,0,0,2026-01-07 21:30:22
CISADM,CI_MKTMSG_TYPE_L,,CISTS_01,N,NO,0,0,0,2026-01-07 21:30:22
CISADM,CI_MODEL,,CISTS_01,N,NO,0,0,0,2026-01-07 21:30:22
CISADM,CI_MODEL_L,,CISTS_01,N,NO,0,0,0,2026-01-07 21:30:22
CISADM,CI_MPL_EXC,,CISTS_01,N,NO,0,0,0,2026-01-07 21:30:22
CISADM,CI_MR,,CISTS_01,N,NO,0,0,0,2026-01-07 21:30:22
CISADM,CI_MRR_STGE_UP,,CISTS_01,N,NO,0,0,0,2026-01-07 21:30:22
CISADM,CI_MR_CHAR,,CISTS_01,N,NO,0,0,0,2026-01-07 21:30:22
CISADM,CI_MR_CYC,,CISTS_01,N,NO,0,0,0,2026-01-07 21:30:22
CISADM,CI_MR_CYC_L,,CISTS_01,N,NO,0,0,0,2026-01-07 21:30:22
CISADM,CI_MR_INSTR,,CISTS_01,N,NO,4,4,8,2026-02-12 02:14:26
CISADM,CI_MR_INSTR_L,,CISTS_01,N,NO,4,4,27,2026-01-10 22:18:28
CISADM,CI_MR_K,,,N,NO,0,,0,2026-01-07 21:30:22
CISADM,CI_MR_REM,,CISTS_01,N,NO,0,0,0,2026-01-07 21:30:22
CISADM,CI_MR_REM_ACTN,,CISTS_01,N,NO,0,0,0,2026-01-07 21:30:22
CISADM,CI_MR_REM_BMSG,,CISTS_01,N,NO,0,0,0,2026-01-07 21:30:22
CISADM,CI_MR_REM_EXCP,,CISTS_01,N,NO,0,0,0,2026-01-07 21:30:22
CISADM,CI_MR_RTE,,CISTS_01,N,NO,0,0,0,2026-01-07 21:30:22
CISADM,CI_MR_RTE_CHAR,,CISTS_01,N,NO,0,0,0,2026-01-07 21:30:22
CISADM,CI_MR_RTE_L,,CISTS_01,N,NO,0,0,0,2026-01-07 21:30:22
CISADM,CI_MR_RTE_SEC,,CISTS_01,N,NO,0,0,0,2026-01-07 21:30:22
CISADM,CI_MR_RTE_TYPE,,CISTS_01,N,NO,0,0,0,2026-01-07 21:30:23
CISADM,CI_MR_RTE_TYPE_L,,CISTS_01,N,NO,0,0,0,2026-01-07 21:30:23
CISADM,CI_MR_SCHED,,CISTS_01,N,NO,0,0,0,2026-01-07 21:30:23
CISADM,CI_MR_SCHED_RTE,,CISTS_01,N,NO,0,0,0,2026-01-07 21:30:23
CISADM,CI_MR_SOURCE,,CISTS_01,N,NO,0,0,0,2026-01-07 21:30:23
CISADM,CI_MR_SOURCE_L,,CISTS_01,N,NO,0,0,0,2026-01-07 21:30:23
CISADM,CI_MR_STAGE_DWN,,CISTS_01,N,NO,0,0,0,2026-01-07 21:30:23
CISADM,CI_MR_STAGE_UP,,CISTS_01,N,NO,0,0,0,2026-01-07 21:30:23
CISADM,CI_MR_STGUP_CHAR,,CISTS_01,N,NO,0,0,0,2026-01-07 21:30:23
CISADM,CI_MR_STGUP_EXC,,CISTS_01,N,NO,0,0,0,2026-01-07 21:30:23
CISADM,CI_MR_WARN,,CISTS_01,N,NO,3,4,8,2026-02-12 02:14:25
CISADM,CI_MR_WARN_L,,CISTS_01,N,NO,3,4,26,2026-01-27 02:21:53
CISADM,CI_MSG,,CISTS_01,N,NO,21079,256,28,2026-02-04 02:18:27
CISADM,CI_MSG_CATEGORY,,CISTS_01,N,NO,127,4,13,2026-02-04 02:18:25
CISADM,CI_MSG_CATEGORY_L,,CISTS_01,N,NO,127,4,37,2026-02-04 02:18:25
CISADM,CI_MSG_L,,CISTS_01,N,NO,21079,640,122,2026-02-04 02:18:28
CISADM,CI_MSG_LOG,,CISTS_01,N,NO,1380240,45056,125,2026-02-14 22:24:09
CISADM,CI_MSG_LOGPARM,,CISTS_01,N,NO,3405670,30464,28,2026-01-09 02:19:40
CISADM,CI_MSG_LOG_PK,,CISTS_01,N,NO,0,0,0,2026-01-07 21:30:28
CISADM,CI_MTR,,CISTS_01,N,NO,0,0,0,2026-01-07 21:30:28
CISADM,CI_MTR_CFGTY_RL,,CISTS_01,N,NO,0,0,0,2026-01-07 21:30:29
CISADM,CI_MTR_CHAR,,CISTS_01,N,NO,0,0,0,2026-01-07 21:30:29
CISADM,CI_MTR_CONFIG,,CISTS_01,N,NO,0,0,0,2026-01-07 21:30:29
CISADM,CI_MTR_CONFIG_K,,,N,NO,0,,0,2026-01-07 21:30:29
CISADM,CI_MTR_CONFIG_TY,,CISTS_01,N,NO,0,0,0,2026-01-07 21:30:29
CISADM,CI_MTR_CONFIG_TY_L,,CISTS_01,N,NO,0,0,0,2026-01-07 21:30:29
CISADM,CI_MTR_EQ,,CISTS_01,N,NO,0,0,0,2026-01-07 21:30:29
CISADM,CI_MTR_ID,,CISTS_01,N,NO,0,0,0,2026-01-07 21:30:29
CISADM,CI_MTR_ID_TYPE,,CISTS_01,N,NO,0,0,0,2026-01-07 21:30:29
CISADM,CI_MTR_ID_TYPE_L,,CISTS_01,N,NO,0,0,0,2026-01-07 21:30:30
CISADM,CI_MTR_K,,,N,NO,0,,0,2026-01-07 21:30:30
CISADM,CI_MTR_LOC,,CISTS_01,N,NO,3,4,8,2026-01-07 21:30:30
CISADM,CI_MTR_LOC_HIS,,CISTS_01,N,NO,0,0,0,2026-01-07 21:30:30
CISADM,CI_MTR_LOC_HIS_K,,,N,NO,0,,0,2026-01-07 21:30:30
CISADM,CI_MTR_LOC_L,,CISTS_01,N,NO,3,4,27,2026-01-07 21:30:30
CISADM,CI_MTR_STK_LOC,,CISTS_01,N,NO,0,0,0,2026-01-07 21:30:30
CISADM,CI_MTR_TYPE,,CISTS_01,N,NO,0,0,0,2026-01-07 21:30:30
CISADM,CI_MTR_TYPE_EQ,,CISTS_01,N,NO,0,0,0,2026-01-07 21:30:31
CISADM,CI_MTR_TYPE_L,,CISTS_01,N,NO,0,0,0,2026-01-07 21:30:31
CISADM,CI_MTR_TYP_CHAR,,CISTS_01,N,NO,0,0,0,2026-01-07 21:30:31
CISADM,CI_MTR_TY_CFGTY,,CISTS_01,N,NO,0,0,0,2026-01-07 21:30:31
CISADM,CI_MULT_ITEM,,CISTS_01,N,NO,0,0,0,2026-01-07 21:30:31
CISADM,CI_NAV_OPT,,CISTS_01,N,NO,3729,389,226,2026-01-16 02:05:55
CISADM,CI_NAV_OPT_CTXT,,CISTS_01,N,NO,2695,99,74,2026-01-16 02:05:36
CISADM,CI_NAV_OPT_L,,CISTS_01,N,NO,3729,83,65,2026-01-09 02:12:49
CISADM,CI_NAV_OPT_USG,,CISTS_01,N,NO,6452,144,46,2026-01-16 02:05:43
CISADM,CI_NB_RULE,,CISTS_01,N,NO,0,0,0,2026-01-07 21:30:31
CISADM,CI_NB_RULE_L,,CISTS_01,N,NO,0,0,0,2026-01-07 21:30:32
CISADM,CI_NB_RULE_PARM,,CISTS_01,N,NO,0,0,0,2026-01-07 21:30:32
CISADM,CI_NB_RULE_VER,,CISTS_01,N,NO,0,0,0,2026-01-07 21:30:32
CISADM,CI_NB_SA,,CISTS_01,N,NO,0,0,0,2026-01-07 21:30:32
CISADM,CI_NB_SCHED_PAY,,CISTS_01,N,NO,0,0,0,2026-01-07 21:30:32
CISADM,CI_NB_SCHED_PAY_K,,,N,NO,0,,0,2026-01-07 21:30:32
CISADM,CI_NCD,,CISTS_01,N,NO,0,0,0,2026-01-07 21:30:32
CISADM,CI_NCD_TYPE,,CISTS_01,N,NO,5,4,16,2026-01-16 02:05:28
CISADM,CI_NCD_TYPE_L,,CISTS_01,N,NO,5,4,37,2026-01-16 02:05:30
CISADM,CI_NT_DNTY_CTXT,,CISTS_01,N,NO,0,0,0,2026-01-07 21:30:32
CISADM,CI_NT_DWN,,CISTS_01,N,NO,0,0,0,2026-01-07 21:30:33
CISADM,CI_NT_DWN_CHAR,,CISTS_01,N,NO,0,0,0,2026-01-07 21:30:33
CISADM,CI_NT_DWN_CTXT,,CISTS_01,N,NO,0,0,0,2026-01-07 21:30:33
CISADM,CI_NT_DWN_EXC,,CISTS_01,N,NO,0,0,0,2026-01-07 21:30:33
CISADM,CI_NT_DWN_EXP,,CISTS_01,N,NO,0,0,0,2026-01-07 21:30:33
CISADM,CI_NT_DWN_FORM,,CISTS_01,N,NO,0,0,0,2026-01-07 21:30:33
CISADM,CI_NT_DWN_FORM_L,,CISTS_01,N,NO,0,0,0,2026-01-07 21:30:33
CISADM,CI_NT_DWN_K,,,N,NO,0,,0,2026-01-07 21:30:33
CISADM,CI_NT_DWN_PROF,,CISTS_01,N,NO,0,0,0,2026-01-07 21:30:33
CISADM,CI_NT_DWN_PROF_L,,CISTS_01,N,NO,0,0,0,2026-01-07 21:30:33
CISADM,CI_NT_DWN_TYPE,,CISTS_01,N,NO,0,0,0,2026-01-07 21:30:33
CISADM,CI_NT_DWN_TYPE_L,,CISTS_01,N,NO,0,0,0,2026-01-07 21:30:34
CISADM,CI_NT_UP,,CISTS_01,N,NO,0,0,0,2026-01-07 21:30:34
CISADM,CI_NT_UP_CHAR,,CISTS_01,N,NO,0,0,0,2026-01-07 21:30:34
CISADM,CI_NT_UP_CTXT,,CISTS_01,N,NO,0,0,0,2026-01-07 21:30:34
CISADM,CI_NT_UP_EXCP,,CISTS_01,N,NO,0,0,0,2026-01-07 21:30:34
CISADM,CI_NT_UP_XSPL,,CISTS_01,N,NO,0,0,0,2026-01-07 21:30:35
CISADM,CI_NT_UP_XTYPE,,CISTS_01,N,NO,0,0,0,2026-01-07 21:30:35
CISADM,CI_NT_UP_XTYPE_L,,CISTS_01,N,NO,0,0,0,2026-01-07 21:30:35
CISADM,CI_NT_XID,,CISTS_01,N,NO,7,4,108,2026-01-09 02:12:21
CISADM,CI_NT_XID_L,,CISTS_01,N,NO,7,4,65,2026-01-09 02:12:20
CISADM,CI_OD_EVT,,CISTS_01,N,NO,0,0,0,2026-01-07 21:30:35
CISADM,CI_OD_EVT_DEP,,CISTS_01,N,NO,0,0,0,2026-01-07 21:30:35
CISADM,CI_OD_EVT_TYPE,,CISTS_01,N,NO,0,0,0,2026-01-07 21:30:35
CISADM,CI_OD_EVT_TYPE_ALG,,CISTS_01,N,NO,0,0,0,2026-01-07 21:30:35
CISADM,CI_OD_EVT_TYPE_L,,CISTS_01,N,NO,0,0,0,2026-01-07 21:30:35
CISADM,CI_OD_PROC,,CISTS_01,N,NO,0,0,0,2026-01-07 21:30:35
CISADM,CI_OD_PROC_K,,,N,NO,0,,0,2026-01-07 21:30:35
CISADM,CI_OD_PROC_LOG,,CISTS_01,N,NO,0,0,0,2026-01-07 21:30:36
CISADM,CI_OD_PROC_LOGPARM,,CISTS_01,N,NO,0,0,0,2026-01-07 21:30:36
CISADM,CI_OD_PROC_OBJ,,CISTS_01,N,NO,0,0,0,2026-01-07 21:30:36
CISADM,CI_OD_PROC_TMP,,CISTS_01,N,NO,0,0,0,2026-01-07 21:30:36
CISADM,CI_OD_PROC_TMP_ALG,,CISTS_01,N,NO,0,0,0,2026-01-07 21:30:36
CISADM,CI_OD_PROC_TMP_L,,CISTS_01,N,NO,0,0,0,2026-01-07 21:30:36
CISADM,CI_OD_RESP,,CISTS_01,N,NO,0,0,0,2026-01-07 21:30:36
CISADM,CI_OD_RESP_DEP,,CISTS_01,N,NO,0,0,0,2026-01-07 21:30:36
CISADM,CI_OD_RULE_ALG,,CISTS_01,N,NO,0,0,0,2026-01-07 21:30:36
CISADM,CI_OEVT_CAN_RSN,,CISTS_01,N,NO,0,0,0,2026-01-07 21:30:36
CISADM,CI_OEVT_CAN_RSN_L,,CISTS_01,N,NO,0,0,0,2026-01-07 21:30:36
CISADM,CI_OP_AREA,,CISTS_01,N,NO,0,0,0,2026-01-07 21:30:36
CISADM,CI_OP_AREA_L,,CISTS_01,N,NO,0,0,0,2026-01-07 21:30:36
CISADM,CI_PAY,,CISTS_01,N,NO,646327,18432,84,2026-02-13 02:17:41
CISADM,CI_PAY_CAN_RSN,,CISTS_01,N,NO,14,4,20,2026-01-24 22:15:05
CISADM,CI_PAY_CAN_RSN_L,,CISTS_01,N,NO,14,4,32,2026-01-17 22:11:34
CISADM,CI_PAY_CHAR,,CISTS_01,N,NO,16276,347,85,2026-01-16 02:05:47
CISADM,CI_PAY_EVENT,,CISTS_01,N,NO,645920,4608,44,2026-02-16 02:16:13
CISADM,CI_PAY_EVENT_K,,,N,NO,645917,,18,2026-01-07 21:30:38
CISADM,CI_PAY_EVT_CHAR,,CISTS_01,N,NO,0,0,0,2026-01-07 21:30:38
CISADM,CI_PAY_EVT_EXCP,,CISTS_01,N,NO,1,5,111,2026-02-24 02:12:04
CISADM,CI_PAY_EXCP,,CISTS_01,N,NO,0,5,0,2026-02-24 02:13:38
CISADM,CI_PAY_K,,,N,NO,646324,,18,2026-01-07 21:30:39
CISADM,CI_PAY_METH,,CISTS_01,N,NO,3,4,19,2026-01-15 02:21:34
CISADM,CI_PAY_METH_L,,CISTS_01,N,NO,3,4,33,2026-01-13 02:15:05
CISADM,CI_PAY_SEG,,CISTS_01,N,NO,2108405,66560,74,2026-01-16 02:09:23
CISADM,CI_PAY_SEG_K,,,N,NO,2108395,,18,2026-01-07 21:30:42
CISADM,CI_PAY_SEG_TYPE,,CISTS_01,N,NO,2,4,25,2026-01-16 02:05:27
CISADM,CI_PAY_SEG_TYPE_L,,CISTS_01,N,NO,2,4,32,2026-01-16 02:05:28
CISADM,CI_PAY_ST,,CISTS_01,N,NO,1,4,167,2026-01-07 21:30:44
CISADM,CI_PAY_TMPL,,CISTS_01,N,NO,0,0,0,2026-01-07 21:30:45
CISADM,CI_PAY_TMPL_L,,CISTS_01,N,NO,0,0,0,2026-01-07 21:30:45
CISADM,CI_PAY_TNDR,,CISTS_01,N,NO,648849,51200,186,2026-01-17 22:12:21
CISADM,CI_PAY_TNDR_CHAR,,CISTS_01,N,NO,761166,15701,87,2026-02-13 02:17:27
CISADM,CI_PAY_TNDR_K,,,N,NO,648847,,18,2026-01-07 21:30:48
CISADM,CI_PAY_TNDR_ST,,CISTS_01,N,NO,1549,132,212,2026-01-09 02:12:54
CISADM,CI_PAY_TNDR_ST_CHAR,,CISTS_01,N,NO,1549,95,189,2026-01-07 21:30:50
CISADM,CI_PER,,CISTS_01,N,NO,50716,2816,362,2026-02-14 22:23:53
CISADM,CI_PER_ADDR_OVRD,,CISTS_01,N,NO,3635,138,118,2026-01-09 02:12:55
CISADM,CI_PER_ADDR_SEAS,,CISTS_01,N,NO,1,4,122,2026-01-16 02:05:24
CISADM,CI_PER_CHAR,,CISTS_01,N,NO,106435,2176,62,2026-01-16 02:06:32
CISADM,CI_PER_ID,,CISTS_01,N,NO,88371,1024,39,2026-02-13 02:17:08
CISADM,CI_PER_K,,,N,NO,50715,,16,2026-01-07 21:30:52
CISADM,CI_PER_NAME,,CISTS_01,N,NO,50723,512,58,2026-01-23 02:18:56
CISADM,CI_PER_PER,,CISTS_01,N,NO,0,0,0,2026-01-07 21:30:53
CISADM,CI_PER_PHONE,,CISTS_01,N,NO,0,0,0,2026-01-07 21:30:53
CISADM,CI_PER_REL_TYPE,,CISTS_01,N,NO,2,4,12,2026-02-13 02:16:57
CISADM,CI_PER_REL_TYPE_L,,CISTS_01,N,NO,2,4,34,2026-01-23 02:18:52
CISADM,CI_PEVT_DST_DTL,,CISTS_01,N,NO,0,0,0,2026-01-07 21:30:53
CISADM,CI_PEVT_DTL_ST,,CISTS_01,N,NO,0,0,0,2026-01-07 21:30:53
CISADM,CI_PFRELTY_PFTY,,CISTS_01,N,NO,0,0,0,2026-01-07 21:30:53
CISADM,CI_PHONE_TYPE,,CISTS_01,N,NO,4,4,34,2026-01-24 22:15:05
CISADM,CI_PHONE_TYPE_L,,CISTS_01,N,NO,4,4,33,2026-01-24 22:15:05
CISADM,CI_PKG,,CISTS_01,N,NO,4,4,30,2026-01-07 21:30:53
CISADM,CI_PKG_CRT,,CISTS_01,N,NO,4,4,80,2026-01-07 21:30:53
CISADM,CI_PKG_CRT_GRP,,CISTS_01,N,NO,4,4,30,2026-01-07 21:30:54
CISADM,CI_PKG_CRT_GRP_L,,CISTS_01,N,NO,4,4,93,2026-01-07 21:30:54
CISADM,CI_PKG_FLD_OVRD,,CISTS_01,N,NO,0,0,0,2026-01-07 21:30:54
CISADM,CI_PKG_FLD_OVRD_L,,CISTS_01,N,NO,0,0,0,2026-01-07 21:30:54
CISADM,CI_PKG_INSTR,,CISTS_01,N,NO,0,0,0,2026-01-07 21:30:54
CISADM,CI_PKG_INSTR_L,,CISTS_01,N,NO,0,0,0,2026-01-07 21:30:54
CISADM,CI_PKG_K,,,N,NO,4,,16,2026-01-07 21:30:54
CISADM,CI_PKG_L,,CISTS_01,N,NO,4,4,51,2026-01-07 21:30:54
CISADM,CI_PKG_SA_TYPE,,CISTS_01,N,NO,0,0,0,2026-01-07 21:30:54
CISADM,CI_PORTAL,,CISTS_01,N,NO,1153,25,42,2026-01-09 02:12:42
CISADM,CI_PORTAL_L,,CISTS_01,N,NO,1153,16,47,2026-01-09 02:12:33
CISADM,CI_PORTAL_OPT,,CISTS_01,N,NO,1742,24,39,2026-01-09 02:12:41
CISADM,CI_PORTAL_ZONE,,CISTS_01,N,NO,2518,70,67,2026-01-09 02:12:46
CISADM,CI_POST_DFLT,,CISTS_01,N,NO,1,4,86,2026-02-13 02:16:57
CISADM,CI_PP,,CISTS_01,N,NO,6764,384,148,2026-02-13 02:17:01
CISADM,CI_PP_K,,,N,NO,6763,,16,2026-01-07 21:30:55
CISADM,CI_PP_SCHED_PAY,,CISTS_01,N,NO,8720,256,44,2026-02-04 02:18:26
CISADM,CI_PP_TYPE,,CISTS_01,N,NO,2,4,34,2026-01-09 02:12:14
CISADM,CI_PP_TYPE_L,,CISTS_01,N,NO,2,4,45,2026-01-13 02:15:05
CISADM,CI_PREM,,CISTS_01,N,NO,12149,896,235,2026-02-14 22:23:52
CISADM,CI_PREM_BKUP,,CISTS_01,N,NO,47305,3214,212,2026-01-07 21:30:55
CISADM,CI_PREM_CHAR,,CISTS_01,N,NO,65670,640,62,2026-02-12 02:14:26
CISADM,CI_PREM_CHAR_1116,,CISTS_01,N,NO,89820,925,67,2026-01-07 21:30:56
CISADM,CI_PREM_CHAR_BK_1021,,CISTS_01,N,NO,47960,984,71,2026-01-07 21:30:56
CISADM,CI_PREM_CHAR_BK_1030,,CISTS_01,N,NO,47957,523,71,2026-01-07 21:30:56
CISADM,CI_PREM_CHAR_TMP,,CISTS_01,N,NO,37779,297,49,2026-01-07 21:30:57
CISADM,CI_PREM_GEO,,CISTS_01,N,NO,23299,241,38,2026-01-16 02:05:38
CISADM,CI_PREM_K,,,N,NO,12139,,16,2026-01-07 21:30:57
CISADM,CI_PREM_TYPE,,CISTS_01,N,NO,10,4,17,2026-01-16 02:05:29
CISADM,CI_PREM_TYPE_L,,CISTS_01,N,NO,10,4,31,2026-01-10 22:18:28
CISADM,CI_PRM_ALT_ADDR,,CISTS_01,N,NO,0,0,0,2026-01-07 21:30:57
CISADM,CI_PRM_ALT_ADDR_K,,,N,NO,0,,0,2026-01-07 21:30:57
CISADM,CI_PROP_DCL_RSN,,CISTS_01,N,NO,0,0,0,2026-01-07 21:30:57
CISADM,CI_PROP_DCL_RSN_L,,CISTS_01,N,NO,0,0,0,2026-01-07 21:30:57
CISADM,CI_PROTOCOL,,CISTS_01,N,NO,0,0,0,2026-01-07 21:30:57
CISADM,CI_PROTOCOL_L,,CISTS_01,N,NO,0,0,0,2026-01-07 21:30:57
CISADM,CI_QTE_RTE_TYPE,,CISTS_01,N,NO,0,0,0,2026-01-07 21:30:57
CISADM,CI_QTE_RTE_TYPE_L,,CISTS_01,N,NO,0,0,0,2026-01-07 21:30:58
CISADM,CI_QUOTE,,CISTS_01,N,NO,0,0,0,2026-01-07 21:30:58
CISADM,CI_QUOTE_DTL,,CISTS_01,N,NO,0,0,0,2026-01-07 21:30:58
CISADM,CI_QUOTE_DTL_K,,,N,NO,0,,0,2026-01-07 21:30:58
CISADM,CI_QUOTE_K,,,N,NO,0,,0,2026-01-07 21:30:58
CISADM,CI_QUOTE_RTG,,CISTS_01,N,NO,0,0,0,2026-01-07 21:30:58
CISADM,CI_RC,,CISTS_01,N,NO,0,0,0,2026-01-07 21:30:58
CISADM,CI_RC_CHAR,,CISTS_01,N,NO,0,0,0,2026-01-07 21:30:58
CISADM,CI_RC_CRT,,CISTS_01,N,NO,0,0,0,2026-01-07 21:30:58
CISADM,CI_RC_CRT_GRP,,CISTS_01,N,NO,0,0,0,2026-01-07 21:30:58
CISADM,CI_RC_CRT_GRP_L,,CISTS_01,N,NO,0,0,0,2026-01-07 21:30:58
CISADM,CI_RC_GL_DST,,CISTS_01,N,NO,0,0,0,2026-01-07 21:30:58
CISADM,CI_RC_L,,CISTS_01,N,NO,0,0,0,2026-01-07 21:30:58
CISADM,CI_RC_XREF,,CISTS_01,N,NO,0,0,0,2026-01-07 21:30:58
CISADM,CI_RDR_TMPL,,CISTS_01,N,NO,0,0,0,2026-01-07 21:30:58
CISADM,CI_READER_REM,,CISTS_01,N,NO,0,0,0,2026-01-07 21:30:58
CISADM,CI_READER_REM_L,,CISTS_01,N,NO,0,0,0,2026-01-07 21:30:58
CISADM,CI_READ_OUT_TYP,,CISTS_01,N,NO,0,0,0,2026-01-07 21:30:58
CISADM,CI_READ_OUT_TYP_L,,CISTS_01,N,NO,0,0,0,2026-01-07 21:30:59
CISADM,CI_REBATE_CLAIM,,CISTS_01,N,NO,0,0,0,2026-01-07 21:30:59
CISADM,CI_REBATE_CLAIM_CHAR,,CISTS_01,N,NO,0,0,0,2026-01-07 21:30:59
CISADM,CI_REBATE_CLAIM_K,,,N,NO,0,,0,2026-01-07 21:30:59
CISADM,CI_REBATE_CLAIM_LOG,,CISTS_01,N,NO,0,0,0,2026-01-07 21:30:59
CISADM,CI_REBATE_CLAIM_LOG_PARM,,CISTS_01,N,NO,0,0,0,2026-01-07 21:30:59
CISADM,CI_REBATE_DEFN,,CISTS_01,N,NO,0,0,0,2026-01-07 21:30:59
CISADM,CI_REBATE_DEFN_L,,CISTS_01,N,NO,0,0,0,2026-01-07 21:30:59
CISADM,CI_REBATE_LINE,,CISTS_01,N,NO,0,0,0,2026-01-07 21:30:59
CISADM,CI_REBATE_LINE_CHAR,,CISTS_01,N,NO,0,0,0,2026-01-07 21:30:59
CISADM,CI_REG,,CISTS_01,N,NO,0,0,0,2026-01-07 21:30:59
CISADM,CI_REG_CHAR,,CISTS_01,N,NO,0,0,0,2026-01-07 21:30:59
CISADM,CI_REG_DATA,,CISTS_01,N,NO,0,0,0,2026-01-07 21:31:00
CISADM,CI_REG_DATA_SET,,CISTS_01,N,NO,0,0,0,2026-01-07 21:31:00
CISADM,CI_REG_DATA_SET_K,,,N,NO,0,,0,2026-01-07 21:31:00
CISADM,CI_REG_DS_EXC,,CISTS_01,N,NO,0,0,0,2026-01-07 21:31:00
CISADM,CI_REG_DS_EXP,,CISTS_01,N,NO,0,0,0,2026-01-07 21:31:00
CISADM,CI_REG_K,,,N,NO,0,,0,2026-01-07 21:31:00
CISADM,CI_REG_READ,,CISTS_01,N,NO,0,0,0,2026-01-07 21:31:00
CISADM,CI_REG_READ_K,,,N,NO,0,,0,2026-01-07 21:31:00
CISADM,CI_REG_RULE,,CISTS_01,N,NO,0,0,0,2026-01-07 21:31:00
CISADM,CI_REG_RULE_L,,CISTS_01,N,NO,0,0,0,2026-01-07 21:31:00
CISADM,CI_REP,,CISTS_01,N,NO,1,4,12,2026-01-07 21:31:00
CISADM,CI_REPL_ACCT,,CISTS_01,N,NO,0,0,0,2026-01-07 21:31:00
CISADM,CI_REPL_CNTL,,CISTS_01,N,NO,0,0,0,2026-01-07 21:31:00
CISADM,CI_REP_L,,CISTS_01,N,NO,1,4,38,2026-01-07 21:31:00
CISADM,CI_RETIRE_RSN,,CISTS_01,N,NO,0,0,0,2026-01-07 21:31:00
CISADM,CI_RETIRE_RSN_L,,CISTS_01,N,NO,0,0,0,2026-01-07 21:31:00
CISADM,CI_REV_CL,,CISTS_01,N,NO,5,4,12,2026-01-09 02:12:28
CISADM,CI_REV_CL_L,,CISTS_01,N,NO,5,4,28,2026-01-09 02:12:29
CISADM,CI_ROLE,,CISTS_01,N,NO,44,4,14,2026-02-21 22:16:49
CISADM,CI_ROLE_L,,CISTS_01,N,NO,44,4,45,2026-01-17 22:11:34
CISADM,CI_ROLE_USER,,CISTS_01,N,NO,714,10,23,2026-01-09 02:12:34
CISADM,CI_ROOT_DIFF,,CISTS_01,N,NO,0,0,0,2026-01-07 21:31:01
CISADM,CI_ROOT_INSTR,,CISTS_01,N,NO,0,0,0,2026-01-07 21:31:01
CISADM,CI_ROOT_INSTR_K,,,N,NO,0,,0,2026-01-07 21:31:01
CISADM,CI_ROOT_OBJ,,CISTS_01,N,NO,0,0,0,2026-01-07 21:31:01
CISADM,CI_ROOT_OBJ_EXC,,CISTS_01,N,NO,0,0,0,2026-01-07 21:31:01
CISADM,CI_ROOT_OBJ_EXP,,CISTS_01,N,NO,0,0,0,2026-01-07 21:31:01
CISADM,CI_ROOT_OBJ_K,,,N,NO,0,,0,2026-01-07 21:31:01
CISADM,CI_ROOT_OBJ_PK,,CISTS_01,N,NO,0,0,0,2026-01-07 21:31:01
CISADM,CI_RPT_OPTION,,CISTS_01,N,NO,0,0,0,2026-01-07 21:31:01
CISADM,CI_RR_STAGE_UP,,CISTS_01,N,NO,0,0,0,2026-01-07 21:31:01
CISADM,CI_RS,,CISTS_01,N,NO,139,8,46,2026-02-11 02:18:56
CISADM,CI_RS_BMSG,,CISTS_01,N,NO,0,0,0,2026-01-07 21:31:01
CISADM,CI_RS_L,,CISTS_01,N,NO,139,8,56,2026-02-11 02:19:10
CISADM,CI_RS_MTR_CFGTY,,CISTS_01,N,NO,0,0,0,2026-01-07 21:31:01
CISADM,CI_RS_REG_RULE,,CISTS_01,N,NO,0,0,0,2026-01-07 21:31:01
CISADM,CI_RS_SQ_RULE,,CISTS_01,N,NO,0,0,0,2026-01-07 21:31:01
CISADM,CI_RS_SUB_RS,,CISTS_01,N,NO,0,0,0,2026-01-07 21:31:01
CISADM,CI_RV,,CISTS_01,N,NO,0,0,0,2026-01-07 21:31:01
CISADM,CI_RV_L,,CISTS_01,N,NO,0,0,0,2026-01-07 21:31:01
CISADM,CI_SA,,CISTS_01,N,NO,143173,11264,214,2026-02-04 02:18:31
CISADM,CI_SATY_ALG,,CISTS_01,N,NO,336,9,39,2026-02-13 02:16:57
CISADM,CI_SATY_COPTY,,CISTS_01,N,NO,0,0,0,2026-01-07 21:31:02
CISADM,CI_SATY_SARELTY,,CISTS_01,N,NO,0,0,0,2026-01-07 21:31:02
CISADM,CI_SATY_TMAPRTY,,CISTS_01,N,NO,0,0,0,2026-01-07 21:31:02
CISADM,CI_SAT_ADJ_PROF,,CISTS_01,N,NO,280,7,27,2026-02-13 02:16:58
CISADM,CI_SAT_NB_RULE,,CISTS_01,N,NO,0,0,0,2026-01-07 21:31:02
CISADM,CI_SAT_PFRELTY,,CISTS_01,N,NO,0,0,0,2026-01-07 21:31:02
CISADM,CI_SA_BK_1102,,CISTS_01,N,NO,194469,15123,245,2026-01-07 21:31:02
CISADM,CI_SA_CHAR,,CISTS_01,N,NO,1538,36,78,2026-01-09 02:12:43
CISADM,CI_SA_CHAR_TMP,,CISTS_01,N,NO,0,0,0,2026-01-07 21:31:03
CISADM,CI_SA_CONTERM,,CISTS_01,N,NO,0,0,0,2026-01-07 21:31:03
CISADM,CI_SA_CONT_QTY,,CISTS_01,N,NO,0,0,0,2026-01-07 21:31:03
CISADM,CI_SA_COP,,CISTS_01,N,NO,0,0,0,2026-01-07 21:31:03
CISADM,CI_SA_COP_K,,,N,NO,0,,0,2026-01-07 21:31:03
CISADM,CI_SA_COP_OVRD,,CISTS_01,N,NO,0,0,0,2026-01-07 21:31:03
CISADM,CI_SA_INTV_PF,,CISTS_01,N,NO,0,0,0,2026-01-07 21:31:03
CISADM,CI_SA_K,,,N,NO,141494,,16,2026-01-07 21:31:03
CISADM,CI_SA_MSG,,CISTS_01,N,NO,0,0,0,2026-01-07 21:31:03
CISADM,CI_SA_NB_PARM,,CISTS_01,N,NO,0,0,0,2026-01-07 21:31:04
CISADM,CI_SA_RCHG_HIST,,CISTS_01,N,NO,19960,256,29,2026-01-16 02:05:41
CISADM,CI_SA_REL,,CISTS_01,N,NO,0,0,0,2026-01-07 21:31:04
CISADM,CI_SA_REL_K,,,N,NO,0,,0,2026-01-07 21:31:04
CISADM,CI_SA_REL_TYPE,,CISTS_01,N,NO,0,0,0,2026-01-07 21:31:04
CISADM,CI_SA_REL_TYPE_L,,CISTS_01,N,NO,0,0,0,2026-01-07 21:31:04
CISADM,CI_SA_RS_HIST,,CISTS_01,N,NO,69865,768,31,2026-01-23 02:18:58
CISADM,CI_SA_SP,,CISTS_01,N,NO,64656,1920,80,2026-01-16 02:06:28
CISADM,CI_SA_SP_CHAR,,CISTS_01,N,NO,0,0,0,2026-01-07 21:31:04
CISADM,CI_SA_SP_FA,,CISTS_01,N,NO,100273,2304,50,2026-01-16 02:06:33
CISADM,CI_SA_SP_K,,,N,NO,64650,,16,2026-01-07 21:31:04
CISADM,CI_SA_SP_TYPE,,CISTS_01,N,NO,98,4,26,2026-01-16 02:05:26
CISADM,CI_SA_TC,,CISTS_01,N,NO,0,0,0,2026-01-07 21:31:05
CISADM,CI_SA_TOU_MAP,,CISTS_01,N,NO,0,0,0,2026-01-07 21:31:05
CISADM,CI_SA_TYPE,,CISTS_01,N,NO,118,23,293,2026-02-17 02:19:56
CISADM,CI_SA_TYPE_BC,,CISTS_01,N,NO,0,0,0,2026-01-07 21:31:05
CISADM,CI_SA_TYPE_CHAR,,CISTS_01,N,NO,115,6,59,2026-01-16 02:05:30
CISADM,CI_SA_TYPE_L,,CISTS_01,N,NO,116,5,87,2026-02-13 02:15:56
CISADM,CI_SA_TYPE_RS,,CISTS_01,N,NO,161,8,29,2026-02-14 22:22:37
CISADM,CI_SCM,,CISTS_01,N,NO,0,0,0,2026-01-07 21:31:05
CISADM,CI_SCMTY_SATY,,CISTS_01,N,NO,0,0,0,2026-01-07 21:31:05
CISADM,CI_SCMTY_SUBCAT,,CISTS_01,N,NO,0,0,0,2026-01-07 21:31:05
CISADM,CI_SCMTY_SUBCAT_L,,CISTS_01,N,NO,0,0,0,2026-01-07 21:31:05
CISADM,CI_SCM_ACCT,,CISTS_01,N,NO,0,0,0,2026-01-07 21:31:05
CISADM,CI_SCM_CHAR,,CISTS_01,N,NO,0,0,0,2026-01-07 21:31:05
CISADM,CI_SCM_K,,,N,NO,0,,0,2026-01-07 21:31:05
CISADM,CI_SCM_NCTV_RSN,,CISTS_01,N,NO,0,0,0,2026-01-07 21:31:05
CISADM,CI_SCM_NCTV_RSN_L,,CISTS_01,N,NO,0,0,0,2026-01-07 21:31:05
CISADM,CI_SCM_TYPE,,CISTS_01,N,NO,0,0,0,2026-01-07 21:31:05
CISADM,CI_SCM_TYPE_ALG,,CISTS_01,N,NO,0,0,0,2026-01-07 21:31:06
CISADM,CI_SCM_TYPE_L,,CISTS_01,N,NO,0,0,0,2026-01-07 21:31:06
CISADM,CI_SCR,,CISTS_01,N,NO,10955,493,98,2026-01-15 02:21:40
CISADM,CI_SCR_CRT,,CISTS_01,N,NO,0,0,0,2026-01-07 21:31:06
CISADM,CI_SCR_CRT_GRP,,CISTS_01,N,NO,0,0,0,2026-01-07 21:31:06
CISADM,CI_SCR_CRT_GRP_L,,CISTS_01,N,NO,0,0,0,2026-01-07 21:31:06
CISADM,CI_SCR_DA,,CISTS_01,N,NO,42010,1195,76,2026-01-13 02:15:08
CISADM,CI_SCR_FLD_MAP,,CISTS_01,N,NO,0,0,0,2026-01-07 21:31:06
CISADM,CI_SCR_L,,CISTS_01,N,NO,10955,159,87,2026-01-17 22:11:36
CISADM,CI_SCR_PRMPT,,CISTS_01,N,NO,526,9,35,2026-01-09 02:12:37
CISADM,CI_SCR_PRMPT_L,,CISTS_01,N,NO,526,9,37,2026-01-09 02:12:35
CISADM,CI_SCR_STEP,,CISTS_01,N,NO,35784,6056,1069,2026-01-15 02:21:57
CISADM,CI_SCR_STEP_L,,CISTS_01,N,NO,35809,640,73,2026-02-04 02:18:28
CISADM,CI_SC_AUTH_LVL,,CISTS_01,N,NO,6,4,20,2026-01-16 02:05:29
CISADM,CI_SC_AUTH_LVL_L,,CISTS_01,N,NO,6,4,45,2026-01-07 21:31:07
CISADM,CI_SC_EVT,,CISTS_01,N,NO,0,0,0,2026-01-07 21:31:07
CISADM,CI_SC_EVTTY_ALG,,CISTS_01,N,NO,0,0,0,2026-01-07 21:31:07
CISADM,CI_SC_EVT_FT,,CISTS_01,N,NO,0,0,0,2026-01-07 21:31:07
CISADM,CI_SC_EVT_FT_K,,,N,NO,0,,0,2026-01-07 21:31:07
CISADM,CI_SC_EVT_K,,,N,NO,0,,0,2026-01-07 21:31:07
CISADM,CI_SC_EVT_TYPE,,CISTS_01,N,NO,0,0,0,2026-01-07 21:31:07
CISADM,CI_SC_EVT_TYPE_L,,CISTS_01,N,NO,0,0,0,2026-01-07 21:31:07
CISADM,CI_SC_TYPE,,CISTS_01,N,NO,3,4,14,2026-01-16 02:05:28
CISADM,CI_SC_TYPE_L,,CISTS_01,N,NO,3,4,48,2026-01-07 21:31:07
CISADM,CI_SEAS_SHIFT,,CISTS_01,N,NO,0,0,0,2026-01-07 21:31:07
CISADM,CI_SEAS_TM_SHIFT,,CISTS_01,N,NO,0,0,0,2026-01-07 21:31:07
CISADM,CI_SEAS_TM_SHIFT_L,,CISTS_01,N,NO,0,0,0,2026-01-07 21:31:07
CISADM,CI_SEQ,,CISTS_01,N,NO,5,4,32,2026-02-27 02:12:54
CISADM,CI_SEV_CRIT,,CISTS_01,N,NO,188,7,47,2026-01-16 02:05:26
CISADM,CI_SEV_EVT,,CISTS_01,N,NO,139046,1788,51,2026-02-27 02:13:03
CISADM,CI_SEV_EVT_1031,,CISTS_01,N,NO,159,6,49,2026-01-07 21:31:08
CISADM,CI_SEV_EVT_CC,,CISTS_01,N,NO,13525,158,28,2026-02-27 02:15:26
CISADM,CI_SEV_EVT_CC_1031,,CISTS_01,N,NO,38,4,28,2026-01-07 21:31:08
CISADM,CI_SEV_EVT_DEP,,CISTS_01,N,NO,56818,384,23,2026-02-27 02:13:00
CISADM,CI_SEV_EVT_DEP_1031,,CISTS_01,N,NO,112,4,23,2026-01-07 21:31:08
CISADM,CI_SEV_EVT_FA,,CISTS_01,N,NO,9660,114,28,2026-02-05 02:20:47
CISADM,CI_SEV_EVT_FA_1031,,CISTS_01,N,NO,43,4,28,2026-01-07 21:31:08
CISADM,CI_SEV_EVT_TYPE,,CISTS_01,N,NO,16,4,61,2026-02-24 02:13:38
CISADM,CI_SEV_EVT_TYPE_L,,CISTS_01,N,NO,16,4,69,2026-01-31 22:17:15
CISADM,CI_SEV_PROC,,CISTS_01,N,NO,31174,894,93,2026-02-27 02:13:15
CISADM,CI_SEV_PROC_1031,,CISTS_01,N,NO,45,5,92,2026-01-07 21:31:09
CISADM,CI_SEV_PROC_K,,,N,NO,31174,,16,2026-02-27 02:13:14
CISADM,CI_SEV_PROC_K_1031,,CISTS_01,N,NO,45,4,16,2026-01-07 21:31:09
CISADM,CI_SEV_PROC_TMP,,CISTS_01,N,NO,7,4,44,2026-01-09 02:12:16
CISADM,CI_SEV_PROC_TMP_L,,CISTS_01,N,NO,7,4,48,2026-01-16 02:05:25
CISADM,CI_SEV_RESP,,CISTS_01,N,NO,20,4,37,2026-02-27 02:15:24
CISADM,CI_SEV_RESP_DEP,,CISTS_01,N,NO,6,4,25,2026-02-27 02:15:23
CISADM,CI_SIC,,CISTS_01,N,NO,0,0,0,2026-01-07 21:31:09
CISADM,CI_SIC_L,,CISTS_01,N,NO,0,0,0,2026-01-07 21:31:09
CISADM,CI_SP,,CISTS_01,N,NO,32976,2048,158,2026-02-17 02:19:59
CISADM,CI_SPR,,CISTS_01,N,NO,0,0,0,2026-01-07 21:31:10
CISADM,CI_SPR_BMSG,,CISTS_01,N,NO,0,0,0,2026-01-07 21:31:10
CISADM,CI_SPR_CHAR,,CISTS_01,N,NO,0,0,0,2026-01-07 21:31:10
CISADM,CI_SPR_L,,CISTS_01,N,NO,0,0,0,2026-01-07 21:31:10
CISADM,CI_SPR_POST,,CISTS_01,N,NO,0,0,0,2026-01-07 21:31:10
CISADM,CI_SPR_SARELTY,,CISTS_01,N,NO,0,0,0,2026-01-07 21:31:10
CISADM,CI_SPR_VALID,,CISTS_01,N,NO,0,0,0,2026-01-07 21:31:10
CISADM,CI_SPTY_ITEMTY,,CISTS_01,N,NO,0,0,0,2026-01-07 21:31:10
CISADM,CI_SPTY_MTRTY,,CISTS_01,N,NO,0,0,0,2026-01-07 21:31:10
CISADM,CI_SP_CHAR,,CISTS_01,N,NO,35039,721,63,2026-01-09 02:13:24
CISADM,CI_SP_EQ,,CISTS_01,N,NO,0,0,0,2026-01-07 21:31:10
CISADM,CI_SP_GEO,,CISTS_01,N,NO,0,0,0,2026-01-07 21:31:10
CISADM,CI_SP_ITEM_EVT,,CISTS_01,N,NO,0,0,0,2026-01-07 21:31:10
CISADM,CI_SP_ITEM_HIST,,CISTS_01,N,NO,0,0,0,2026-01-07 21:31:10
CISADM,CI_SP_ITEM_HIST_K,,,N,NO,0,,0,2026-01-07 21:31:10
CISADM,CI_SP_K,,,N,NO,32966,,16,2026-01-07 21:31:10
CISADM,CI_SP_MTR_EVT,,CISTS_01,N,NO,0,0,0,2026-01-07 21:31:10
CISADM,CI_SP_MTR_HIST,,CISTS_01,N,NO,0,0,0,2026-01-07 21:31:10
CISADM,CI_SP_MTR_HIST_K,,,N,NO,0,,0,2026-01-07 21:31:11
CISADM,CI_SP_MULT_ITEM,,CISTS_01,N,NO,0,0,0,2026-01-07 21:31:11
CISADM,CI_SP_OP_AREA,,CISTS_01,N,NO,0,0,0,2026-01-07 21:31:11
CISADM,CI_SP_RTE,,CISTS_01,N,NO,0,0,0,2026-01-07 21:31:11
CISADM,CI_SP_RTE_CFG,,CISTS_01,N,NO,0,0,0,2026-01-07 21:31:11
CISADM,CI_SP_TYPE,,CISTS_01,N,NO,20,4,53,2026-02-12 02:14:25
CISADM,CI_SP_TYPE_CHAR,,CISTS_01,N,NO,0,0,0,2026-01-07 21:31:11
CISADM,CI_SP_TYPE_EQ,,CISTS_01,N,NO,0,0,0,2026-01-07 21:31:11
CISADM,CI_SP_TYPE_L,,CISTS_01,N,NO,20,4,35,2026-01-16 02:05:26
CISADM,CI_SQI,,CISTS_01,N,NO,43,4,15,2026-01-09 02:12:24
CISADM,CI_SQI_L,,CISTS_01,N,NO,43,4,34,2026-01-09 02:12:17
CISADM,CI_SQ_RULE,,CISTS_01,N,NO,0,0,0,2026-01-07 21:31:11
CISADM,CI_SQ_RULE_L,,CISTS_01,N,NO,0,0,0,2026-01-07 21:31:11
CISADM,CI_SS_ADDR_OVRD,,CISTS_01,N,NO,6,8,129,2026-02-18 02:12:08
CISADM,CI_SS_OPT,,CISTS_01,N,NO,0,0,0,2026-01-07 21:31:11
CISADM,CI_SS_OPT_COP,,CISTS_01,N,NO,0,0,0,2026-01-07 21:31:11
CISADM,CI_SS_OPT_IP,,CISTS_01,N,NO,0,0,0,2026-01-07 21:31:11
CISADM,CI_SS_OPT_L,,CISTS_01,N,NO,0,0,0,2026-01-07 21:31:11
CISADM,CI_SS_OPT_TC,,CISTS_01,N,NO,0,0,0,2026-01-07 21:31:11
CISADM,CI_SS_OPT_TMAP,,CISTS_01,N,NO,0,0,0,2026-01-07 21:31:11
CISADM,CI_SS_PHONE_OVRD,,CISTS_01,N,NO,0,0,0,2026-01-07 21:31:12
CISADM,CI_STATE,,CISTS_01,N,NO,72,4,14,2026-01-15 02:21:35
CISADM,CI_STATE_L,,CISTS_01,N,NO,72,4,28,2026-01-09 02:12:19
CISADM,CI_STK_LOC,,CISTS_01,N,NO,0,0,0,2026-01-07 21:31:12
CISADM,CI_STK_LOC_CHAR,,CISTS_01,N,NO,0,0,0,2026-01-07 21:31:12
CISADM,CI_STK_LOC_L,,CISTS_01,N,NO,0,0,0,2026-01-07 21:31:12
CISADM,CI_STM,,CISTS_01,N,NO,0,0,0,2026-01-07 21:31:12
CISADM,CI_STM_CNST,,CISTS_01,N,NO,0,0,0,2026-01-07 21:31:12
CISADM,CI_STM_CNST_DTL,,CISTS_01,N,NO,0,0,0,2026-01-07 21:31:12
CISADM,CI_STM_CNST_DTL_K,,,N,NO,0,,0,2026-01-07 21:31:12
CISADM,CI_STM_CNST_K,,,N,NO,0,,0,2026-01-07 21:31:12
CISADM,CI_STM_CYC,,CISTS_01,N,NO,1,4,8,2026-01-07 21:31:12
CISADM,CI_STM_CYC_L,,CISTS_01,N,NO,1,4,22,2026-01-07 21:31:12
CISADM,CI_STM_CYC_SCH,,CISTS_01,N,NO,12,4,19,2026-01-07 21:31:12
CISADM,CI_STM_DTL,,CISTS_01,N,NO,0,0,0,2026-01-07 21:31:12
CISADM,CI_STM_DTL_K,,,N,NO,0,,0,2026-01-07 21:31:12
CISADM,CI_STM_K,,,N,NO,0,,0,2026-01-07 21:31:12
CISADM,CI_STM_RTE_TY,,CISTS_01,N,NO,1,4,37,2026-02-13 02:16:57
CISADM,CI_STM_RTE_TY_L,,CISTS_01,N,NO,1,4,31,2026-01-07 21:31:12
CISADM,CI_SVC_RTE_STG_DWN,,CISTS_01,N,NO,0,0,0,2026-01-07 21:31:12
CISADM,CI_SVC_RTE_STG_DWN_K,,,N,NO,0,,0,2026-01-07 21:31:13
CISADM,CI_SVC_TYPE,,CISTS_01,N,NO,7,4,5,2026-01-15 02:21:35
CISADM,CI_SVC_TYPE_L,,CISTS_01,N,NO,7,4,18,2026-01-20 02:18:24
CISADM,CI_SVC_TYP_DFLT,,CISTS_01,N,NO,0,0,0,2026-01-07 21:31:13
CISADM,CI_SYSDATA_LOG,,CISTS_01,N,NO,0,0,0,2026-01-07 21:31:13
CISADM,CI_TAX_EX_TYPE,,CISTS_01,N,NO,4,4,12,2026-01-23 02:18:52
CISADM,CI_TAX_EX_TYPE_L,,CISTS_01,N,NO,4,4,37,2026-01-23 02:18:51
CISADM,CI_TC,,CISTS_01,N,NO,0,0,0,2026-01-07 21:31:13
CISADM,CI_TC_L,,CISTS_01,N,NO,0,0,0,2026-01-07 21:31:13
CISADM,CI_TD_DRLKEY,,CISTS_01,N,NO,441247,3596,34,2026-01-09 02:14:11
CISADM,CI_TD_DRLKEY_1031,,CISTS_01,N,NO,188,5,36,2026-01-07 21:31:14
CISADM,CI_TD_DRLKEY_TY,,CISTS_01,N,NO,351,16,82,2026-01-16 02:05:32
CISADM,CI_TD_ENTRY,,CISTS_01,N,NO,441108,17408,129,2026-02-04 02:18:39
CISADM,CI_TD_ENTRY_1031,,CISTS_01,N,NO,188,10,124,2026-01-07 21:31:15
CISADM,CI_TD_ENTRY_CHA,,CISTS_01,N,NO,1134269,24576,81,2026-02-27 02:15:44
CISADM,CI_TD_ENTRY_CHA_1031,,CISTS_01,N,NO,900,24,83,2026-01-07 21:31:16
CISADM,CI_TD_ENTRY_K,,,N,NO,441103,,20,2026-01-07 21:31:16
CISADM,CI_TD_ENTRY_K_1031,,CISTS_01,N,NO,188,5,20,2026-01-07 21:31:17
CISADM,CI_TD_EX_LIST,,CISTS_01,N,NO,27,4,48,2026-01-23 02:18:51
CISADM,CI_TD_LOG,,CISTS_01,N,NO,1169647,23552,72,2026-01-23 02:20:02
CISADM,CI_TD_LOG_1031,,CISTS_01,N,NO,295,9,55,2026-01-07 21:31:19
CISADM,CI_TD_MSG_PARM,,CISTS_01,N,NO,693572,7296,38,2026-01-23 02:19:12
CISADM,CI_TD_MSG_PARM_1031,,CISTS_01,N,NO,360,7,37,2026-01-07 21:31:20
CISADM,CI_TD_SRTKEY,,CISTS_01,N,NO,1434966,12288,39,2026-02-27 02:15:28
CISADM,CI_TD_SRTKEY_1031,,CISTS_01,N,NO,553,8,43,2026-01-07 21:31:21
CISADM,CI_TD_SRTKEY_TY,,CISTS_01,N,NO,783,10,25,2026-01-23 02:18:52
CISADM,CI_TD_SRTKEY_TY_L,,CISTS_01,N,NO,783,10,43,2026-01-23 02:18:53
CISADM,CI_TD_TYPE,,CISTS_01,N,NO,326,15,84,2026-01-09 02:12:37
CISADM,CI_TD_TYPE_ALG,,CISTS_01,N,NO,15,4,33,2026-01-23 02:18:51
CISADM,CI_TD_TYPE_CHAR,,CISTS_01,N,NO,5,4,69,2026-01-09 02:12:14
CISADM,CI_TD_TYPE_L,,CISTS_01,N,NO,326,21,319,2026-01-09 02:12:41
CISADM,CI_TD_VAL_ROLE,,CISTS_01,N,NO,431,8,25,2026-01-09 02:12:18
CISADM,CI_TENDER_TYPE,,CISTS_01,N,NO,17,4,57,2026-01-16 02:05:30
CISADM,CI_TENDER_TYPE_L,,CISTS_01,N,NO,17,4,32,2026-01-21 02:21:38
CISADM,CI_THRD_PTY,,CISTS_01,N,NO,1,4,29,2026-01-15 02:21:35
CISADM,CI_THRD_PTY_L,,CISTS_01,N,NO,1,4,23,2026-01-30 02:21:34
CISADM,CI_TIME_ZONE,,CISTS_01,N,NO,8,4,38,2026-01-09 02:12:32
CISADM,CI_TIME_ZONE_L,,CISTS_01,N,NO,8,4,45,2026-01-09 02:12:15
CISADM,CI_TMAP_COM_CAL,,CISTS_01,N,NO,0,0,0,2026-01-07 21:31:21
CISADM,CI_TMAP_COM_DAY,,CISTS_01,N,NO,0,0,0,2026-01-07 21:31:21
CISADM,CI_TMAP_COM_WK,,CISTS_01,N,NO,0,0,0,2026-01-07 21:31:21
CISADM,CI_TMAP_REL,,CISTS_01,N,NO,0,0,0,2026-01-07 21:31:21
CISADM,CI_TMAP_RELTY,,CISTS_01,N,NO,0,0,0,2026-01-07 21:31:21
CISADM,CI_TMAP_RELTY_L,,CISTS_01,N,NO,0,0,0,2026-01-07 21:31:21
CISADM,CI_TMAP_TMPL,,CISTS_01,N,NO,0,0,0,2026-01-07 21:31:21
CISADM,CI_TMAP_TMPL_L,,CISTS_01,N,NO,0,0,0,2026-01-07 21:31:22
CISADM,CI_TMAP_TYPE,,CISTS_01,N,NO,0,0,0,2026-01-07 21:31:22
CISADM,CI_TMAP_TYPE_L,,CISTS_01,N,NO,0,0,0,2026-01-07 21:31:22
CISADM,CI_TMAP_TYP_ALG,,CISTS_01,N,NO,0,0,0,2026-01-07 21:31:22
CISADM,CI_TNDR_CTL,,CISTS_01,N,NO,5145,256,102,2026-02-04 02:18:27
CISADM,CI_TNDR_CTL_CHAR,,CISTS_01,N,NO,0,0,0,2026-01-07 21:31:22
CISADM,CI_TNDR_CTL_K,,,N,NO,5143,,16,2026-01-07 21:31:22
CISADM,CI_TNDR_CTL_ST,,CISTS_01,N,NO,48,5,100,2026-01-07 21:31:22
CISADM,CI_TNDR_DEP,,CISTS_01,N,NO,518,21,76,2026-02-13 02:16:59
CISADM,CI_TNDR_DEP_K,,,N,NO,518,,16,2026-01-07 21:31:22
CISADM,CI_TNDR_END_BAL,,CISTS_01,N,NO,7142,64,24,2026-01-16 02:05:35
CISADM,CI_TNDR_SRCE,,CISTS_01,N,NO,36,5,80,2026-01-16 02:05:26
CISADM,CI_TNDR_SRCE_L,,CISTS_01,N,NO,36,4,39,2026-01-16 02:05:30
CISADM,CI_TNDR_ST_EXCP,,CISTS_01,N,NO,0,0,0,2026-01-07 21:31:22
CISADM,CI_TOS,,CISTS_01,N,NO,0,0,0,2026-01-07 21:31:22
CISADM,CI_TOS_CAN_RSN,,CISTS_01,N,NO,0,0,0,2026-01-07 21:31:22
CISADM,CI_TOS_CAN_RSN_L,,CISTS_01,N,NO,0,0,0,2026-01-07 21:31:22
CISADM,CI_TOS_CE,,CISTS_01,N,NO,0,0,0,2026-01-07 21:31:22
CISADM,CI_TOS_CHAR,,CISTS_01,N,NO,0,0,0,2026-01-07 21:31:22
CISADM,CI_TOS_K,,,N,NO,0,,0,2026-01-07 21:31:22
CISADM,CI_TOS_SA,,CISTS_01,N,NO,0,0,0,2026-01-07 21:31:22
CISADM,CI_TOS_TYPE,,CISTS_01,N,NO,0,0,0,2026-01-07 21:31:23
CISADM,CI_TOS_TYPE_CE,,CISTS_01,N,NO,0,0,0,2026-01-07 21:31:23
CISADM,CI_TOS_TYPE_L,,CISTS_01,N,NO,0,0,0,2026-01-07 21:31:23
CISADM,CI_TOU,,CISTS_01,N,NO,4,4,6,2026-01-07 21:31:23
CISADM,CI_TOU_BF_VAL,,CISTS_01,N,NO,0,0,0,2026-01-07 21:31:23
CISADM,CI_TOU_CONT_VAL,,CISTS_01,N,NO,0,0,0,2026-01-07 21:31:23
CISADM,CI_TOU_DATA,,CISTS_01,N,NO,0,0,0,2026-01-07 21:31:23
CISADM,CI_TOU_DATA_SET,,CISTS_01,N,NO,0,0,0,2026-01-07 21:31:23
CISADM,CI_TOU_DATA_SET_K,,,N,NO,0,,0,2026-01-07 21:31:23
CISADM,CI_TOU_DS_EXC,,CISTS_01,N,NO,0,0,0,2026-01-07 21:31:23
CISADM,CI_TOU_DS_EXP,,CISTS_01,N,NO,0,0,0,2026-01-07 21:31:23
CISADM,CI_TOU_GRP,,CISTS_01,N,NO,1,4,10,2026-01-07 21:31:23
CISADM,CI_TOU_GRP_L,,CISTS_01,N,NO,1,4,49,2026-01-28 02:15:05
CISADM,CI_TOU_GRP_TOU,,CISTS_01,N,NO,3,4,16,2026-01-07 21:31:23
CISADM,CI_TOU_L,,CISTS_01,N,NO,4,4,21,2026-02-12 02:14:26
CISADM,CI_TOU_MAP,,CISTS_01,N,NO,0,0,0,2026-01-07 21:31:23
CISADM,CI_TOU_MAP_K,,,N,NO,0,,0,2026-01-07 21:31:23
CISADM,CI_TOU_MAP_L,,CISTS_01,N,NO,0,0,0,2026-01-07 21:31:23
CISADM,CI_TREND,,CISTS_01,N,NO,0,0,0,2026-01-07 21:31:23
CISADM,CI_TREND_AREA,,CISTS_01,N,NO,0,0,0,2026-01-07 21:31:23
CISADM,CI_TREND_AREA_L,,CISTS_01,N,NO,0,0,0,2026-01-07 21:31:23
CISADM,CI_TREND_CL,,CISTS_01,N,NO,0,0,0,2026-01-07 21:31:23
CISADM,CI_TREND_CL_L,,CISTS_01,N,NO,0,0,0,2026-01-07 21:31:23
CISADM,CI_TRG,,CISTS_01,N,NO,0,0,0,2026-01-07 21:31:23
CISADM,CI_TRG_FLD,,CISTS_01,N,NO,0,0,0,2026-01-07 21:31:23
CISADM,CI_TST_COMP_TYP,,CISTS_01,N,NO,0,0,0,2026-01-07 21:31:23
CISADM,CI_TST_COMP_TYP_L,,CISTS_01,N,NO,0,0,0,2026-01-07 21:31:24
CISADM,CI_TST_RES_TYP,,CISTS_01,N,NO,0,0,0,2026-01-07 21:31:24
CISADM,CI_TST_RES_TYP_L,,CISTS_01,N,NO,0,0,0,2026-01-07 21:31:24
CISADM,CI_TURN_IN,,CISTS_01,N,NO,0,0,0,2026-01-07 21:31:24
CISADM,CI_TURN_IN_K,,,N,NO,0,,0,2026-01-07 21:31:24
CISADM,CI_UA,,CISTS_01,N,NO,0,0,0,2026-01-07 21:31:24
CISADM,CI_UATY_TOSTY,,CISTS_01,N,NO,0,0,0,2026-01-07 21:31:24
CISADM,CI_UA_CHAR,,CISTS_01,N,NO,0,0,0,2026-01-07 21:31:24
CISADM,CI_UA_K,,,N,NO,0,,0,2026-01-07 21:31:24
CISADM,CI_UA_PER,,CISTS_01,N,NO,0,0,0,2026-01-07 21:31:24
CISADM,CI_UA_TYPE,,CISTS_01,N,NO,0,0,0,2026-01-07 21:31:24
CISADM,CI_UA_TYPE_ALG,,CISTS_01,N,NO,0,0,0,2026-01-07 21:31:24
CISADM,CI_UA_TYPE_L,,CISTS_01,N,NO,0,0,0,2026-01-07 21:31:24
CISADM,CI_UI_ZONE,,CISTS_01,N,NO,102,6,59,2026-01-09 02:12:30
CISADM,CI_UOM,,CISTS_01,N,NO,33,4,16,2026-01-09 02:12:19
CISADM,CI_UOM_L,,CISTS_01,N,NO,36,4,27,2026-01-09 02:12:21
CISADM,CI_USR_BOOKMARK,,CISTS_01,N,NO,168,20,633,2026-01-09 02:12:40
CISADM,CI_USR_GRP_SC,,CISTS_01,N,NO,3,4,62,2026-01-09 02:12:16
CISADM,CI_USR_NAV_LINK,,CISTS_01,N,NO,12,4,48,2026-01-09 02:12:13
CISADM,CI_USR_PORTAL,,CISTS_01,N,NO,134,5,25,2026-01-17 22:11:34
CISADM,CI_USR_SCR,,CISTS_01,N,NO,17,4,28,2026-01-09 02:12:32
CISADM,CI_USR_ZONE,,CISTS_01,N,NO,718,18,46,2026-01-09 02:12:40
CISADM,CI_USR_ZONE_SAVE,,CISTS_01,N,NO,1,4,3594,2026-01-09 02:12:21
CISADM,CI_UT_INSTL,,CISTS_01,N,NO,569,9,65,2026-01-07 21:31:25
CISADM,CI_UT_INSTL_DTL,,CISTS_01,N,NO,1376,15,56,2026-01-07 21:31:25
CISADM,CI_VAL_ERR,,CISTS_01,N,NO,0,0,0,2026-01-07 21:31:25
CISADM,CI_VAL_FK_ERR,,CISTS_01,N,NO,0,0,0,2026-01-07 21:31:25
CISADM,CI_VAL_SUB_SATY,,CISTS_01,N,NO,0,0,0,2026-01-07 21:31:25
CISADM,CI_WFM,,CISTS_01,N,NO,13,4,21,2026-02-27 02:13:22
CISADM,CI_WFM_L,,CISTS_01,N,NO,13,4,44,2026-01-09 02:12:31
CISADM,CI_WFM_MSG,,CISTS_01,N,NO,0,0,0,2026-01-07 21:31:25
CISADM,CI_WFM_OPT,,CISTS_01,N,NO,111,8,56,2026-02-27 02:13:38
CISADM,CI_WF_EVT,,CISTS_01,N,NO,0,0,0,2026-01-07 21:31:25
CISADM,CI_WF_EVT_CHAR,,CISTS_01,N,NO,0,0,0,2026-01-07 21:31:25
CISADM,CI_WF_EVT_CTXT,,CISTS_01,N,NO,0,0,0,2026-01-07 21:31:25
CISADM,CI_WF_EVT_DEP,,CISTS_01,N,NO,0,0,0,2026-01-07 21:31:25
CISADM,CI_WF_EVT_EXC,,CISTS_01,N,NO,0,0,0,2026-01-07 21:31:25
CISADM,CI_WF_EVT_EXP,,CISTS_01,N,NO,0,0,0,2026-01-07 21:31:25
CISADM,CI_WF_EVT_TYPE,,CISTS_01,N,NO,0,0,0,2026-01-07 21:31:25
CISADM,CI_WF_EVT_TYPE_L,,CISTS_01,N,NO,0,0,0,2026-01-07 21:31:25
CISADM,CI_WF_PP,,CISTS_01,N,NO,0,0,0,2026-01-07 21:31:25
CISADM,CI_WF_PP_L,,CISTS_01,N,NO,0,0,0,2026-01-07 21:31:25
CISADM,CI_WF_PP_NT,,CISTS_01,N,NO,0,0,0,2026-01-07 21:31:25
CISADM,CI_WF_PP_NT_CRT,,CISTS_01,N,NO,0,0,0,2026-01-07 21:31:25
CISADM,CI_WF_PROC,,CISTS_01,N,NO,0,0,0,2026-01-07 21:31:25
CISADM,CI_WF_PROC_CHAR,,CISTS_01,N,NO,0,0,0,2026-01-07 21:31:26
CISADM,CI_WF_PROC_CTXT,,CISTS_01,N,NO,0,0,0,2026-01-07 21:31:26
CISADM,CI_WF_PROC_K,,,N,NO,0,,0,2026-01-07 21:31:26
CISADM,CI_WF_PROC_MSGP,,CISTS_01,N,NO,0,0,0,2026-01-07 21:31:26
CISADM,CI_WF_PROC_SCHED,,CISTS_01,N,NO,0,0,0,2026-01-07 21:31:26
CISADM,CI_WF_PROC_SCHED_K,,,N,NO,0,,0,2026-01-07 21:31:26
CISADM,CI_WF_PROC_TMPL,,CISTS_01,N,NO,0,0,0,2026-01-07 21:31:26
CISADM,CI_WF_PROC_TMPL_L,,CISTS_01,N,NO,0,0,0,2026-01-07 21:31:26
CISADM,CI_WF_RESP,,CISTS_01,N,NO,0,0,0,2026-01-07 21:31:26
CISADM,CI_WF_RESP_DEP,,CISTS_01,N,NO,0,0,0,2026-01-07 21:31:26
CISADM,CI_WO_CNTL,,CISTS_01,N,NO,6,4,92,2026-02-27 02:15:24
CISADM,CI_WO_CNTL_L,,CISTS_01,N,NO,6,4,61,2026-02-27 02:15:24
CISADM,CI_WO_CRIT,,CISTS_01,N,NO,4,4,53,2026-01-07 21:31:26
CISADM,CI_WO_DEBT_CL,,CISTS_01,N,NO,4,4,10,2026-01-20 02:18:25
CISADM,CI_WO_DEBT_CL_L,,CISTS_01,N,NO,4,4,31,2026-01-20 02:18:24
CISADM,CI_WO_EVT,,CISTS_01,N,NO,22378,384,50,2026-02-27 02:15:27
CISADM,CI_WO_EVT_CC,,CISTS_01,N,NO,4416,54,28,2026-02-27 02:15:25
CISADM,CI_WO_EVT_TYP,,CISTS_01,N,NO,12,4,84,2026-01-16 02:05:29
CISADM,CI_WO_EVT_TYP_L,,CISTS_01,N,NO,12,4,106,2026-01-16 02:05:29
CISADM,CI_WO_PROC,,CISTS_01,N,NO,4000,256,84,2026-02-27 02:15:26
CISADM,CI_WO_PROC_K,,,N,NO,3997,,16,2026-01-07 21:31:27
CISADM,CI_WO_PROC_SA,,CISTS_01,N,NO,10394,153,36,2026-01-09 02:12:56
CISADM,CI_WO_PROC_TMPL,,CISTS_01,N,NO,3,4,16,2026-02-27 02:15:23
CISADM,CI_WO_PROC_TMPL_L,,CISTS_01,N,NO,3,4,41,2026-01-16 02:05:25
CISADM,CI_WO_RESP,,CISTS_01,N,NO,13,4,35,2026-02-27 02:15:23
CISADM,CI_XAI_ADAPTER,,CISTS_01,N,NO,8,4,133,2026-02-21 22:16:50
CISADM,CI_XAI_ADAPTER_L,,CISTS_01,N,NO,8,4,68,2026-01-07 21:31:27
CISADM,CI_XAI_CLASS,,CISTS_01,N,NO,28,4,72,2026-02-21 22:16:50
CISADM,CI_XAI_CLASS_L,,CISTS_01,N,NO,28,4,60,2026-01-07 21:31:27
CISADM,CI_XAI_DWN,,CISTS_01,N,NO,0,0,0,2026-01-07 21:31:27
CISADM,CI_XAI_DWN_EXC,,CISTS_01,N,NO,0,0,0,2026-01-07 21:31:27
CISADM,CI_XAI_DWN_EXP,,CISTS_01,N,NO,0,0,0,2026-01-07 21:31:27
CISADM,CI_XAI_ENV_HNDL,,CISTS_01,N,NO,4,4,46,2026-01-07 21:31:27
CISADM,CI_XAI_ENV_HNDL_L,,CISTS_01,N,NO,4,4,43,2026-01-07 21:31:27
CISADM,CI_XAI_EXECUTER,,CISTS_01,N,NO,4,4,65,2026-01-07 21:31:27
CISADM,CI_XAI_EXECUTER_L,,CISTS_01,N,NO,4,4,40,2026-01-07 21:31:27
CISADM,CI_XAI_FORMAT,,CISTS_01,N,NO,21,4,47,2026-01-07 21:31:27
CISADM,CI_XAI_FORMAT_L,,CISTS_01,N,NO,21,4,43,2026-01-07 21:31:27
CISADM,CI_XAI_IN_SVC,,CISTS_01,N,NO,192,16,187,2026-02-21 22:16:50
CISADM,CI_XAI_IN_SVC_L,,CISTS_01,N,NO,192,10,212,2026-02-21 22:16:50
CISADM,CI_XAI_JDBC_CON,,CISTS_01,N,NO,0,0,0,2026-01-07 21:31:28
CISADM,CI_XAI_JDBC_CON_L,,CISTS_01,N,NO,0,0,0,2026-01-07 21:31:28
CISADM,CI_XAI_JMS_CON,,CISTS_01,N,NO,0,0,0,2026-01-07 21:31:28
CISADM,CI_XAI_JMS_CON_L,,CISTS_01,N,NO,0,0,0,2026-01-07 21:31:28
CISADM,CI_XAI_JMS_Q,,CISTS_01,N,NO,0,0,0,2026-01-07 21:31:28
CISADM,CI_XAI_JMS_Q_L,,CISTS_01,N,NO,0,0,0,2026-01-07 21:31:28
CISADM,CI_XAI_JMS_TPC,,CISTS_01,N,NO,0,0,0,2026-01-07 21:31:28
CISADM,CI_XAI_JMS_TPC_L,,CISTS_01,N,NO,0,0,0,2026-01-07 21:31:28
CISADM,CI_XAI_JNDI_SVR,,CISTS_01,N,NO,0,0,0,2026-01-07 21:31:28
CISADM,CI_XAI_JNDI_SVR_L,,CISTS_01,N,NO,0,0,0,2026-01-07 21:31:28
CISADM,CI_XAI_OPTION,,CISTS_01,N,NO,38,4,10,2026-01-09 02:12:23
CISADM,CI_XAI_RCVR,,CISTS_01,N,NO,0,0,0,2026-01-07 21:31:28
CISADM,CI_XAI_RCVR_CTX,,CISTS_01,N,NO,0,0,0,2026-01-07 21:31:28
CISADM,CI_XAI_RCVR_L,,CISTS_01,N,NO,0,0,0,2026-01-07 21:31:28
CISADM,CI_XAI_RCVR_RGRP,,CISTS_01,N,NO,0,0,0,2026-01-07 21:31:28
CISADM,CI_XAI_RCVR_RSP,,CISTS_01,N,NO,0,0,0,2026-01-07 21:31:28
CISADM,CI_XAI_RGRP,,CISTS_01,N,NO,0,0,0,2026-01-07 21:31:28
CISADM,CI_XAI_RGRP_ATT,,CISTS_01,N,NO,0,0,0,2026-01-07 21:31:28
CISADM,CI_XAI_RGRP_L,,CISTS_01,N,NO,0,0,0,2026-01-07 21:31:28
CISADM,CI_XAI_ROUTING,,CISTS_01,N,NO,0,0,0,2026-01-07 21:31:28
CISADM,CI_XAI_RT_TYPE,,CISTS_01,N,NO,0,0,0,2026-01-07 21:31:28
CISADM,CI_XAI_RT_TYPE_L,,CISTS_01,N,NO,0,0,0,2026-01-07 21:31:28
CISADM,CI_XAI_RULE,,CISTS_01,N,NO,0,0,0,2026-01-07 21:31:28
CISADM,CI_XAI_SENDER,,CISTS_01,N,NO,13,4,100,2026-02-13 02:16:57
CISADM,CI_XAI_SENDER_L,,CISTS_01,N,NO,13,4,54,2026-01-07 21:31:29
CISADM,CI_XAI_SNDR_CTX,,CISTS_01,N,NO,56,4,51,2026-02-13 02:16:57
CISADM,CI_XAI_SVC_PARM,,CISTS_01,N,NO,0,0,0,2026-01-07 21:31:29
CISADM,CI_XML_STGCTL_P,,CISTS_01,N,NO,0,0,0,2026-01-07 21:31:29
CISADM,CI_XML_STGUP,,CISTS_01,N,NO,0,0,0,2026-01-07 21:31:29
CISADM,CI_XML_STGUPEXP,,CISTS_01,N,NO,0,0,0,2026-01-07 21:31:29
CISADM,CI_XML_STGUP_EX,,CISTS_01,N,NO,0,0,0,2026-01-07 21:31:29
CISADM,CI_XML_STG_CTL,,CISTS_01,N,NO,0,0,0,2026-01-07 21:31:29
CISADM,CI_ZONE,,CISTS_01,N,NO,5944,169,60,2026-01-09 02:13:00
CISADM,CI_ZONE_HDL,,CISTS_01,N,NO,19,4,71,2026-01-09 02:12:14
CISADM,CI_ZONE_HDL_L,,CISTS_01,N,NO,19,5,503,2026-01-13 02:15:05
CISADM,CI_ZONE_HDL_PRM,,CISTS_01,N,NO,1519,39,59,2026-01-09 02:12:43
CISADM,CI_ZONE_HDL_PRM_L,,CISTS_01,N,NO,1519,90,331,2026-01-13 02:15:06
CISADM,CI_ZONE_L,,CISTS_01,N,NO,5944,157,106,2026-01-09 02:12:58
CISADM,CI_ZONE_PRM,,CISTS_01,N,NO,1092793,27583,66,2026-01-09 02:19:04
CISADM,CMS_SA_SNAPSHOT,,CISTS_01,N,NO,71196,1000,91,2026-02-17 02:19:58
CISADM,D1_ACTIVITY,,CISTS_01,N,NO,712859,112640,1013,2026-02-21 22:16:52
CISADM,D1_ACTIVITY_ADJ_TYPE,,CISTS_01,N,NO,0,0,0,2026-01-07 21:31:35
CISADM,D1_ACTIVITY_CHAR,,CISTS_01,N,NO,67469,1536,71,2026-01-17 22:11:42
CISADM,D1_ACTIVITY_IDENTIFIER,,CISTS_01,N,NO,83001,896,51,2026-01-16 02:06:03
CISADM,D1_ACTIVITY_K,,,N,NO,712848,,20,2026-01-07 21:31:36
CISADM,D1_ACTIVITY_LOG,,CISTS_01,N,NO,2455689,86016,111,2026-01-16 02:10:05
CISADM,D1_ACTIVITY_LOG_PARM,,CISTS_01,N,NO,1889644,20480,40,2026-01-16 02:07:26
CISADM,D1_ACTIVITY_REL,,CISTS_01,N,NO,56873,1024,38,2026-01-16 02:06:05
CISADM,D1_ACTIVITY_REL_OBJ,,CISTS_01,N,NO,2086904,35840,57,2026-01-27 02:22:23
CISADM,D1_ACTIVITY_STAT_MV,,CISTS_01,N,NO,0,0,0,2026-01-07 21:31:57
CISADM,D1_ACTIVITY_TYPE,,CISTS_01,N,NO,20,6,778,2026-01-16 02:05:28
CISADM,D1_ACTIVITY_TYPE_CHAR,,CISTS_01,N,NO,0,0,0,2026-01-07 21:31:57
CISADM,D1_ACTIVITY_TYPE_DIV,,CISTS_01,N,NO,0,0,0,2026-01-07 21:31:57
CISADM,D1_ACTIVITY_TYPE_FLD_TASK_TYPE,,CISTS_01,N,NO,111,5,69,2026-01-16 02:05:30
CISADM,D1_ACTIVITY_TYPE_L,,CISTS_01,N,NO,20,4,50,2026-01-16 02:05:26
CISADM,D1_ADS,,CISTS_01,N,NO,0,0,0,2026-01-07 21:31:57
CISADM,D1_ADS_IDENTIFIER,,CISTS_01,N,NO,0,0,0,2026-01-07 21:31:57
CISADM,D1_ADS_K,,,N,NO,0,,0,2026-01-07 21:31:57
CISADM,D1_ADS_LOG,,CISTS_01,N,NO,0,0,0,2026-01-07 21:31:57
CISADM,D1_ADS_LOG_PARM,,CISTS_01,N,NO,0,0,0,2026-01-07 21:31:57
CISADM,D1_ADS_TYPE,,CISTS_01,N,NO,0,0,0,2026-01-07 21:31:57
CISADM,D1_ADS_TYPE_L,,CISTS_01,N,NO,0,0,0,2026-01-07 21:31:57
CISADM,D1_AGG_GROUP,,CISTS_01,N,NO,0,0,0,2026-01-07 21:31:57
CISADM,D1_AGG_GROUP_CHAR,,CISTS_01,N,NO,0,0,0,2026-01-07 21:31:57
CISADM,D1_AGG_GROUP_L,,CISTS_01,N,NO,0,0,0,2026-01-07 21:31:57
CISADM,D1_AGG_GROUP_LOG,,CISTS_01,N,NO,0,0,0,2026-01-07 21:31:58
CISADM,D1_AGG_GROUP_LOG_PARM,,CISTS_01,N,NO,0,0,0,2026-01-07 21:31:58
CISADM,D1_AGG_GROUP_RUN,,CISTS_01,N,NO,0,0,0,2026-01-07 21:31:58
CISADM,D1_AGG_GROUP_RUN_MC_SET,,CISTS_01,N,NO,0,0,0,2026-01-07 21:31:58
CISADM,D1_AGG_MSRMT,,CISTS_01,N,NO,0,0,0,2026-01-07 21:31:58
CISADM,D1_ATTR_GRP,,CISTS_01,N,NO,0,0,0,2026-01-07 21:31:58
CISADM,D1_ATTR_GRP_CHAR,,CISTS_01,N,NO,0,0,0,2026-01-07 21:31:58
CISADM,D1_ATTR_GRP_L,,CISTS_01,N,NO,0,0,0,2026-01-07 21:31:58
CISADM,D1_ATTR_VAL,,CISTS_01,N,NO,0,0,0,2026-01-07 21:31:58
CISADM,D1_ATTR_VAL_K,,,N,NO,0,,0,2026-01-07 21:31:58
CISADM,D1_ATTR_VAL_LOG,,CISTS_01,N,NO,0,0,0,2026-01-07 21:31:58
CISADM,D1_ATTR_VAL_LOG_PARM,,CISTS_01,N,NO,0,0,0,2026-01-07 21:31:58
CISADM,D1_BILL_CYC,,CISTS_01,N,NO,11,8,130,2026-02-13 02:15:39
CISADM,D1_BILL_CYC_CHAR,,CISTS_01,N,NO,0,0,0,2026-01-07 21:31:58
CISADM,D1_BILL_CYC_L,,CISTS_01,N,NO,11,8,28,2026-02-13 02:15:39
CISADM,D1_BILL_CYC_SCH,,CISTS_01,N,NO,441,16,68,2026-02-13 02:15:46
CISADM,D1_COMMAND_SET,,CISTS_01,N,NO,0,0,0,2026-01-07 21:31:58
CISADM,D1_COMMAND_SET_BUS_OBJ,,CISTS_01,N,NO,0,0,0,2026-01-07 21:31:58
CISADM,D1_COMMAND_SET_CHAR,,CISTS_01,N,NO,0,0,0,2026-01-07 21:31:58
CISADM,D1_COMMAND_SET_L,,CISTS_01,N,NO,0,0,0,2026-01-07 21:31:58
CISADM,D1_COMM_IN,,CISTS_01,N,NO,13682,431,237,2026-01-16 02:05:54
CISADM,D1_COMM_IN_CHAR,,CISTS_01,N,NO,0,0,0,2026-01-07 21:31:58
CISADM,D1_COMM_IN_IDENTIFIER,,CISTS_01,N,NO,13681,147,53,2026-01-07 21:31:58
CISADM,D1_COMM_IN_K,,,N,NO,13682,,20,2026-01-07 21:31:59
CISADM,D1_COMM_IN_LOG,,CISTS_01,N,NO,68652,2414,108,2026-01-07 21:31:59
CISADM,D1_COMM_IN_LOG_PARM,,CISTS_01,N,NO,68732,767,43,2026-01-07 21:31:59
CISADM,D1_COMM_IN_REL_OBJ,,CISTS_01,N,NO,40330,693,58,2026-01-16 02:06:00
CISADM,D1_COMM_OUT,,CISTS_01,N,NO,28598,1022,244,2026-02-27 02:13:28
CISADM,D1_COMM_OUT_CHAR,,CISTS_01,N,NO,0,0,0,2026-01-07 21:31:59
CISADM,D1_COMM_OUT_IDENTIFIER,,CISTS_01,N,NO,27873,384,53,2026-01-16 02:05:44
CISADM,D1_COMM_OUT_K,,,N,NO,27879,,20,2026-01-07 21:31:59
CISADM,D1_COMM_OUT_LOG,,CISTS_01,N,NO,138792,4992,112,2026-01-16 02:06:58
CISADM,D1_COMM_OUT_LOG_PARM,,CISTS_01,N,NO,111014,1280,42,2026-01-16 02:06:14
CISADM,D1_COMM_OUT_REL_OBJ,,CISTS_01,N,NO,83510,1536,54,2026-01-16 02:06:18
CISADM,D1_COMM_TYPE,,CISTS_01,N,NO,3,4,378,2026-01-16 02:05:26
CISADM,D1_COMM_TYPE_CHAR,,CISTS_01,N,NO,0,0,0,2026-01-07 21:32:01
CISADM,D1_COMM_TYPE_L,,CISTS_01,N,NO,3,4,54,2026-01-16 02:05:29
CISADM,D1_COMPL_EVT,,CISTS_01,N,NO,15069,4861,1906,2026-01-16 02:06:56
CISADM,D1_COMPL_EVT_CHAR,,CISTS_01,N,NO,0,0,0,2026-01-07 21:32:01
CISADM,D1_COMPL_EVT_K,,,N,NO,15069,,20,2026-01-07 21:32:01
CISADM,D1_COMPL_EVT_LOG,,CISTS_01,N,NO,30603,1082,108,2026-01-07 21:32:01
CISADM,D1_COMPL_EVT_LOG_PARM,,CISTS_01,N,NO,30139,325,38,2026-01-07 21:32:01
CISADM,D1_COMPL_EVT_REL_OBJ,,CISTS_01,N,NO,1,4,57,2026-01-07 21:32:01
CISADM,D1_CONS_EXT_TYPE,,CISTS_01,N,NO,0,0,0,2026-01-07 21:32:01
CISADM,D1_CONS_EXT_TYPE_ALG,,CISTS_01,N,NO,0,0,0,2026-01-07 21:32:01
CISADM,D1_CONS_EXT_TYPE_CHAR,,CISTS_01,N,NO,0,0,0,2026-01-07 21:32:01
CISADM,D1_CONS_EXT_TYPE_IRR_DATA_MAP,,CISTS_01,N,NO,0,0,0,2026-01-07 21:32:01
CISADM,D1_CONS_EXT_TYPE_L,,CISTS_01,N,NO,0,0,0,2026-01-07 21:32:01
CISADM,D1_CONS_EXT_TYPE_MDS_TYPE,,CISTS_01,N,NO,0,0,0,2026-01-07 21:32:01
CISADM,D1_CONS_EXT_TYPE_SP_TYPE,,CISTS_01,N,NO,0,0,0,2026-01-07 21:32:01
CISADM,D1_CONS_EXT_TYPE_US_TYPE,,CISTS_01,N,NO,0,0,0,2026-01-07 21:32:02
CISADM,D1_CONTACT,,CISTS_01,N,NO,50719,1280,111,2026-02-13 02:17:11
CISADM,D1_CONTACT_CHAR,,CISTS_01,N,NO,0,0,0,2026-01-07 21:32:02
CISADM,D1_CONTACT_EMAIL,,CISTS_01,N,NO,7003,71,47,2026-01-16 02:05:35
CISADM,D1_CONTACT_IDENTIFIER,,CISTS_01,N,NO,52800,484,43,2026-01-09 02:13:14
CISADM,D1_CONTACT_K,,,N,NO,50718,,18,2026-01-07 21:32:02
CISADM,D1_CONTACT_NAME,,CISTS_01,N,NO,50719,512,58,2026-02-13 02:17:04
CISADM,D1_CONTACT_PHONE,,CISTS_01,N,NO,48505,768,47,2026-02-13 02:17:07
CISADM,D1_CONTACT_TYPE,,CISTS_01,N,NO,2,4,73,2026-02-13 02:16:58
CISADM,D1_CONTACT_TYPE_CHAR,,CISTS_01,N,NO,0,0,0,2026-01-07 21:32:02
CISADM,D1_CONTACT_TYPE_L,,CISTS_01,N,NO,2,4,23,2026-02-13 02:16:59
CISADM,D1_DATA_SRC,,CISTS_01,N,NO,0,0,0,2026-01-07 21:32:03
CISADM,D1_DATA_SRC_CHAR,,CISTS_01,N,NO,0,0,0,2026-01-07 21:32:03
CISADM,D1_DATA_SRC_ITEM_TYPE,,CISTS_01,N,NO,0,0,0,2026-01-07 21:32:03
CISADM,D1_DATA_SRC_L,,CISTS_01,N,NO,0,0,0,2026-01-07 21:32:03
CISADM,D1_DATA_SRC_MC_SET,,CISTS_01,N,NO,0,0,0,2026-01-07 21:32:03
CISADM,D1_DATA_SRC_MC_TYPE,,CISTS_01,N,NO,0,0,0,2026-01-07 21:32:03
CISADM,D1_DATA_SRC_MSRMT_DATA_SNAP,,CISTS_01,N,NO,0,0,0,2026-01-07 21:32:03
CISADM,D1_DATA_SRC_SP_QTY,,CISTS_01,N,NO,0,0,0,2026-01-07 21:32:03
CISADM,D1_DATA_SRC_US_QTY,,CISTS_01,N,NO,0,0,0,2026-01-07 21:32:03
CISADM,D1_DATA_SRC_US_TYPE,,CISTS_01,N,NO,0,0,0,2026-01-07 21:32:03
CISADM,D1_DIVISION,,CISTS_01,N,NO,1,4,39,2026-01-09 02:12:18
CISADM,D1_DIVISION_CHAR,,CISTS_01,N,NO,0,0,0,2026-01-07 21:32:03
CISADM,D1_DIVISION_L,,CISTS_01,N,NO,1,4,31,2026-01-16 02:05:25
CISADM,D1_DVC,,CISTS_01,N,NO,54308,1796,132,2026-01-31 22:17:19
CISADM,D1_DVC_CFG,,CISTS_01,N,NO,26967,1150,126,2026-01-28 02:15:12
CISADM,D1_DVC_CFG_BK_1018,,CISTS_01,N,NO,205,12,122,2026-01-07 21:32:04
CISADM,D1_DVC_CFG_CHAR,,CISTS_01,N,NO,2,4,78,2026-01-16 02:05:24
CISADM,D1_DVC_CFG_K,,,N,NO,26967,,18,2026-01-07 21:32:04
CISADM,D1_DVC_CFG_LOG,,CISTS_01,N,NO,53920,1898,106,2026-01-07 21:32:04
CISADM,D1_DVC_CFG_LOG_PARM,,CISTS_01,N,NO,8010,86,35,2026-01-07 21:32:04
CISADM,D1_DVC_CFG_TMP,,CISTS_01,N,NO,23918,451,126,2026-01-07 21:32:04
CISADM,D1_DVC_CFG_TYPE,,CISTS_01,N,NO,7,4,86,2026-01-09 02:12:13
CISADM,D1_DVC_CFG_TYPE_CHAR,,CISTS_01,N,NO,0,0,0,2026-01-07 21:32:05
CISADM,D1_DVC_CFG_TYPE_L,,CISTS_01,N,NO,7,4,70,2026-01-16 02:05:27
CISADM,D1_DVC_CFG_TYPE_MC_TYPE,,CISTS_01,N,NO,16,4,47,2026-01-23 02:18:51
CISADM,D1_DVC_CHAR,,CISTS_01,N,NO,22828,502,78,2026-01-30 02:21:36
CISADM,D1_DVC_EQPMNT,,CISTS_01,N,NO,0,0,0,2026-01-07 21:32:05
CISADM,D1_DVC_EVT,,CISTS_01,N,NO,7788,1328,1036,2026-01-31 22:17:18
CISADM,D1_DVC_EVT_CHAR,,CISTS_01,N,NO,0,0,0,2026-01-07 21:32:05
CISADM,D1_DVC_EVT_IDENTIFIER,,CISTS_01,N,NO,7787,107,147,2026-01-28 02:15:08
CISADM,D1_DVC_EVT_K,,,N,NO,7788,,20,2026-01-07 21:32:05
CISADM,D1_DVC_EVT_LOG,,CISTS_01,N,NO,7781,283,121,2026-01-07 21:32:05
CISADM,D1_DVC_EVT_LOG_PARM,,CISTS_01,N,NO,7832,94,44,2026-01-07 21:32:06
CISADM,D1_DVC_EVT_REL_OBJ,,CISTS_01,N,NO,0,0,0,2026-01-07 21:32:06
CISADM,D1_DVC_EVT_TYPE,,CISTS_01,N,NO,96,7,258,2026-01-28 02:15:05
CISADM,D1_DVC_EVT_TYPE_CHAR,,CISTS_01,N,NO,0,0,0,2026-01-07 21:32:06
CISADM,D1_DVC_EVT_TYPE_L,,CISTS_01,N,NO,96,4,41,2026-01-28 02:15:05
CISADM,D1_DVC_IDENTIFIER,,CISTS_01,N,NO,177918,1609,43,2026-01-27 02:21:58
CISADM,D1_DVC_K,,,N,NO,54308,,18,2026-01-07 21:32:06
CISADM,D1_DVC_LOG,,CISTS_01,N,NO,30456,1077,106,2026-01-27 02:21:55
CISADM,D1_DVC_LOG_PARM,,CISTS_01,N,NO,7628,82,34,2026-01-27 02:21:53
CISADM,D1_DVC_TYPE,,CISTS_01,N,NO,7,4,134,2026-02-13 02:16:58
CISADM,D1_DVC_TYPE_CFG_TYPE,,CISTS_01,N,NO,7,4,35,2026-01-07 21:32:07
CISADM,D1_DVC_TYPE_CHAR,,CISTS_01,N,NO,25,4,59,2026-01-27 02:21:52
CISADM,D1_DVC_TYPE_L,,CISTS_01,N,NO,7,4,52,2026-02-18 02:13:50
CISADM,D1_DVC_TYPE_SPR,,CISTS_01,N,NO,0,0,0,2026-01-07 21:32:07
CISADM,D1_DVC_TYPE_SQ,,CISTS_01,N,NO,8,4,53,2026-01-07 21:32:07
CISADM,D1_DVC_TYPE_SQ_CHAR,,CISTS_01,N,NO,0,0,0,2026-01-07 21:32:07
CISADM,D1_DVC_TYPE_VALID_DVC_CHAR,,CISTS_01,N,NO,0,0,0,2026-01-07 21:32:07
CISADM,D1_DYN_OPT,,CISTS_01,N,NO,0,0,0,2026-01-07 21:32:07
CISADM,D1_DYN_OPT_CHAR,,CISTS_01,N,NO,0,0,0,2026-01-07 21:32:07
CISADM,D1_DYN_OPT_EVENT,,CISTS_01,N,NO,0,0,0,2026-01-07 21:32:08
CISADM,D1_DYN_OPT_EVENT_CHAR,,CISTS_01,N,NO,0,0,0,2026-01-07 21:32:08
CISADM,D1_DYN_OPT_EVENT_K,,,N,NO,0,,0,2026-01-07 21:32:08
CISADM,D1_DYN_OPT_EVENT_LOG,,CISTS_01,N,NO,0,0,0,2026-01-07 21:32:08
CISADM,D1_DYN_OPT_EVENT_LOG_PARM,,CISTS_01,N,NO,0,0,0,2026-01-07 21:32:08
CISADM,D1_DYN_OPT_K,,,N,NO,0,,0,2026-01-07 21:32:08
CISADM,D1_DYN_OPT_L,,CISTS_01,N,NO,0,0,0,2026-01-07 21:32:08
CISADM,D1_DYN_OPT_LOG,,CISTS_01,N,NO,0,0,0,2026-01-07 21:32:08
CISADM,D1_DYN_OPT_LOG_PARM,,CISTS_01,N,NO,0,0,0,2026-01-07 21:32:08
CISADM,D1_DYN_OPT_TYPE,,CISTS_01,N,NO,0,0,0,2026-01-07 21:32:08
CISADM,D1_DYN_OPT_TYPE_CHAR,,CISTS_01,N,NO,0,0,0,2026-01-07 21:32:08
CISADM,D1_DYN_OPT_TYPE_L,,CISTS_01,N,NO,0,0,0,2026-01-07 21:32:08
CISADM,D1_EXCP_TYPE,,CISTS_01,N,NO,34,5,113,2026-01-09 02:12:27
CISADM,D1_EXCP_TYPE_CHAR,,CISTS_01,N,NO,0,0,0,2026-01-07 21:32:08
CISADM,D1_EXCP_TYPE_L,,CISTS_01,N,NO,34,4,58,2026-01-27 02:21:53
CISADM,D1_FACILITY,,CISTS_01,N,NO,0,0,0,2026-01-07 21:32:08
CISADM,D1_FACILITY_CHAR,,CISTS_01,N,NO,0,0,0,2026-01-07 21:32:08
CISADM,D1_FACILITY_IDENTIFIER,,CISTS_01,N,NO,0,0,0,2026-01-07 21:32:08
CISADM,D1_FACILITY_K,,,N,NO,0,,0,2026-01-07 21:32:08
CISADM,D1_FACILITY_L,,CISTS_01,N,NO,0,0,0,2026-01-07 21:32:08
CISADM,D1_FACILITY_LOG,,CISTS_01,N,NO,0,0,0,2026-01-07 21:32:08
CISADM,D1_FACILITY_LOG_PARM,,CISTS_01,N,NO,0,0,0,2026-01-07 21:32:08
CISADM,D1_FACILITY_SP,,CISTS_01,N,NO,0,0,0,2026-01-07 21:32:08
CISADM,D1_FACTOR,,CISTS_01,N,NO,9,4,81,2026-02-28 22:20:29
CISADM,D1_FACTOR_CHAR,,CISTS_01,N,NO,0,0,0,2026-01-07 21:32:09
CISADM,D1_FACTOR_CHAR_VALUE,,CISTS_01,N,NO,32,4,44,2026-01-07 21:32:09
CISADM,D1_FACTOR_L,,CISTS_01,N,NO,9,4,66,2026-01-23 02:18:51
CISADM,D1_FACTOR_VALUE,,CISTS_01,N,NO,26,4,112,2026-02-28 22:20:29
CISADM,D1_FACTOR_VALUE_CHAR,,CISTS_01,N,NO,0,0,0,2026-01-07 21:32:09
CISADM,D1_GTT1,,,Y,NO,,,,
CISADM,D1_GTT10,,,Y,NO,,,,
CISADM,D1_GTT2,,,Y,NO,,,,
CISADM,D1_GTT3,,,Y,NO,,,,
CISADM,D1_GTT4,,,Y,NO,,,,
CISADM,D1_GTT5,,,Y,NO,,,,
CISADM,D1_GTT6,,,Y,NO,,,,
CISADM,D1_GTT7,,,Y,NO,,,,
CISADM,D1_GTT8,,,Y,NO,,,,
CISADM,D1_GTT9,,,Y,NO,,,,
CISADM,D1_IMD_CTRL,,CISTS_01,N,NO,344,24,101,2026-01-23 02:17:58
CISADM,D1_IMD_CTRL_SEEDER,,CISTS_01,N,NO,4,4,101,2026-01-07 21:32:09
CISADM,D1_INIT_MSRMT_DATA,,CISTS_01,N,NO,694598,633728,3634,2026-02-27 02:16:01
CISADM,D1_INIT_MSRMT_DATA_CHAR,,CISTS_01,N,NO,0,0,0,2026-01-07 21:32:20
CISADM,D1_INIT_MSRMT_DATA_K,,,N,NO,694579,,20,2026-01-07 21:32:20
CISADM,D1_INIT_MSRMT_DATA_LOG,,CISTS_01,N,NO,564585,19652,116,2026-01-23 02:19:57
CISADM,D1_INIT_MSRMT_DATA_LOG_PARM,,CISTS_01,N,NO,1118242,14566,58,2026-01-07 21:32:22
CISADM,D1_INIT_MSRMT_SNAP,,CISTS_01,N,NO,0,0,0,2026-01-07 21:32:23
CISADM,D1_INIT_MSRMT_SNAP_CHAR,,CISTS_01,N,NO,0,0,0,2026-01-07 21:32:23
CISADM,D1_INIT_MSRMT_SNAP_K,,,N,NO,0,,0,2026-01-07 21:32:24
CISADM,D1_INIT_MSRMT_SNAP_LOG,,CISTS_01,N,NO,0,0,0,2026-01-07 21:32:24
CISADM,D1_INIT_MSRMT_SNAP_LOG_PARM,,CISTS_01,N,NO,0,0,0,2026-01-07 21:32:24
CISADM,D1_INSTALL_EVT,,CISTS_01,N,NO,24992,1068,235,2026-01-28 02:15:11
CISADM,D1_INSTALL_EVT_CHAR,,CISTS_01,N,NO,75,5,78,2026-01-16 02:05:25
CISADM,D1_INSTALL_EVT_K,,,N,NO,24992,,18,2026-01-07 21:32:24
CISADM,D1_INSTALL_EVT_LOG,,CISTS_01,N,NO,34381,1214,106,2026-01-07 21:32:24
CISADM,D1_INSTALL_EVT_LOG_PARM,,CISTS_01,N,NO,12390,127,32,2026-01-07 21:32:25
CISADM,D1_INT_SNAP_MAP,,CISTS_01,N,NO,0,0,0,2026-01-07 21:32:25
CISADM,D1_MANUFACTURER,,CISTS_01,N,NO,11,4,43,2026-01-27 02:21:53
CISADM,D1_MANUFACTURER_L,,CISTS_01,N,NO,11,4,25,2026-02-18 02:13:49
CISADM,D1_MC_COMPAR_PERIOD,,CISTS_01,N,NO,0,0,0,2026-01-07 21:32:25
CISADM,D1_MC_COMPAR_PERIOD_LOG,,CISTS_01,N,NO,0,0,0,2026-01-07 21:32:25
CISADM,D1_MC_COMPAR_TYPE,,CISTS_01,N,NO,0,0,0,2026-01-07 21:32:25
CISADM,D1_MC_COMPAR_TYPE_L,,CISTS_01,N,NO,0,0,0,2026-01-07 21:32:25
CISADM,D1_MC_COMPAR_TYPE_REL_OBJ,,CISTS_01,N,NO,0,0,0,2026-01-07 21:32:25
CISADM,D1_MC_TYPE_VALUE_IDENTIFIER,,CISTS_01,N,NO,9,4,49,2026-01-09 02:12:19
CISADM,D1_MC_TYPE_VALUE_IDENTIFIER_L,,CISTS_01,N,NO,9,4,32,2026-01-23 02:18:51
CISADM,D1_MDSI,,CISTS_01,N,NO,0,0,0,2026-01-07 21:32:26
CISADM,D1_MDSI_K,,,N,NO,0,,0,2026-01-07 21:32:26
CISADM,D1_MDSS,,CISTS_01,N,NO,0,0,0,2026-01-07 21:32:26
CISADM,D1_MDSS_K,,,N,NO,0,,0,2026-01-07 21:32:26
CISADM,D1_MEASR_BK_1027,,CISTS_01,N,NO,3357782,160541,170,2026-01-08 02:37:35
CISADM,D1_MEASR_COMP,,CISTS_01,N,NO,28504,1388,287,2026-01-30 02:21:37
CISADM,D1_MEASR_COMP_ATTRIBUTES,,CISTS_01,N,NO,0,0,0,2026-01-07 21:32:30
CISADM,D1_MEASR_COMP_CHAR,,CISTS_01,N,NO,0,0,0,2026-01-07 21:32:31
CISADM,D1_MEASR_COMP_IDENTIFIER,,CISTS_01,N,NO,26729,249,39,2026-01-09 02:12:55
CISADM,D1_MEASR_COMP_K,,,N,NO,28504,,18,2026-01-07 21:32:31
CISADM,D1_MEASR_COMP_LOG,,CISTS_01,N,NO,28535,1008,106,2026-01-07 21:32:31
CISADM,D1_MEASR_COMP_LOG_PARM,,CISTS_01,N,NO,94,4,36,2026-01-07 21:32:31
CISADM,D1_MEASR_COMP_REL,,CISTS_01,N,NO,0,0,0,2026-01-07 21:32:31
CISADM,D1_MEASR_COMP_SET,,CISTS_01,N,NO,0,0,0,2026-01-07 21:32:31
CISADM,D1_MEASR_COMP_SET_CHAR,,CISTS_01,N,NO,0,0,0,2026-01-07 21:32:31
CISADM,D1_MEASR_COMP_SET_CRIT,,CISTS_01,N,NO,0,0,0,2026-01-07 21:32:32
CISADM,D1_MEASR_COMP_SET_DIMENSION,,CISTS_01,N,NO,0,0,0,2026-01-07 21:32:32
CISADM,D1_MEASR_COMP_SET_L,,CISTS_01,N,NO,0,0,0,2026-01-07 21:32:32
CISADM,D1_MEASR_COMP_SET_LOG,,CISTS_01,N,NO,0,0,0,2026-01-07 21:32:32
CISADM,D1_MEASR_COMP_SET_LOG_PARM,,CISTS_01,N,NO,0,0,0,2026-01-07 21:32:32
CISADM,D1_MEASR_COMP_SET_PARTICIPANT,,CISTS_01,N,NO,0,0,0,2026-01-07 21:32:32
CISADM,D1_MEASR_COMP_SET_REL,,CISTS_01,N,NO,0,0,0,2026-01-07 21:32:32
CISADM,D1_MEASR_COMP_SMALL_CORRECT,,CISTS_01,N,NO,728,13,41,2026-01-07 21:32:32
CISADM,D1_MEASR_COMP_TYPE,,CISTS_01,N,NO,9,5,1247,2026-01-30 02:21:34
CISADM,D1_MEASR_COMP_TYPE_CHAR,,CISTS_01,N,NO,0,0,0,2026-01-07 21:32:32
CISADM,D1_MEASR_COMP_TYPE_L,,CISTS_01,N,NO,9,4,59,2026-01-29 02:18:01
CISADM,D1_MEASR_COMP_TYPE_VEE_GRP,,CISTS_01,N,NO,90,4,37,2026-02-28 22:20:29
CISADM,D1_MEASR_COMP_TYP_FBK_VEE_GRP,,CISTS_01,N,NO,27,4,46,2026-02-28 22:20:29
CISADM,D1_MEASR_COMP_VEE_GROUP,,CISTS_01,N,NO,0,0,0,2026-01-07 21:32:32
CISADM,D1_MKT,,CISTS_01,N,NO,0,0,0,2026-01-07 21:32:32
CISADM,D1_MKT_AWARD,,CISTS_01,N,NO,0,0,0,2026-01-07 21:32:32
CISADM,D1_MKT_AWARD_CHAR,,CISTS_01,N,NO,0,0,0,2026-01-07 21:32:32
CISADM,D1_MKT_AWARD_CONTRACT,,CISTS_01,N,NO,0,0,0,2026-01-07 21:32:32
CISADM,D1_MKT_AWARD_DT_CHAR,,CISTS_01,N,NO,0,0,0,2026-01-07 21:32:32
CISADM,D1_MKT_AWARD_IDENTIFIER,,CISTS_01,N,NO,0,0,0,2026-01-07 21:32:32
CISADM,D1_MKT_AWARD_K,,,N,NO,0,,0,2026-01-07 21:32:32
CISADM,D1_MKT_AWARD_LOG,,CISTS_01,N,NO,0,0,0,2026-01-07 21:32:32
CISADM,D1_MKT_AWARD_LOG_PARM,,CISTS_01,N,NO,0,0,0,2026-01-07 21:32:33
CISADM,D1_MKT_CHAR,,CISTS_01,N,NO,0,0,0,2026-01-07 21:32:33
CISADM,D1_MKT_CONTRACT,,CISTS_01,N,NO,0,0,0,2026-01-07 21:32:33
CISADM,D1_MKT_CONTRACT_CHAR,,CISTS_01,N,NO,0,0,0,2026-01-07 21:32:33
CISADM,D1_MKT_CONTRACT_IDENTIFIER,,CISTS_01,N,NO,0,0,0,2026-01-07 21:32:33
CISADM,D1_MKT_CONTRACT_K,,,N,NO,0,,0,2026-01-07 21:32:33
CISADM,D1_MKT_CONTRACT_LOG,,CISTS_01,N,NO,0,0,0,2026-01-07 21:32:33
CISADM,D1_MKT_CONTRACT_LOG_PARM,,CISTS_01,N,NO,0,0,0,2026-01-07 21:32:33
CISADM,D1_MKT_CONTRACT_TYPE,,CISTS_01,N,NO,0,0,0,2026-01-07 21:32:33
CISADM,D1_MKT_CONTRACT_TYPE_CHAR,,CISTS_01,N,NO,0,0,0,2026-01-07 21:32:33
CISADM,D1_MKT_CONTRACT_TYPE_L,,CISTS_01,N,NO,0,0,0,2026-01-07 21:32:33
CISADM,D1_MKT_FALLBACK_SPR,,CISTS_01,N,NO,0,0,0,2026-01-07 21:32:33
CISADM,D1_MKT_L,,CISTS_01,N,NO,0,0,0,2026-01-07 21:32:33
CISADM,D1_MKT_PRODUCT,,CISTS_01,N,NO,0,0,0,2026-01-07 21:32:33
CISADM,D1_MKT_PRODUCT_CHAR,,CISTS_01,N,NO,0,0,0,2026-01-07 21:32:33
CISADM,D1_MKT_PRODUCT_IDENTIFIER,,CISTS_01,N,NO,0,0,0,2026-01-07 21:32:33
CISADM,D1_MKT_PRODUCT_K,,,N,NO,0,,0,2026-01-07 21:32:33
CISADM,D1_MKT_PRODUCT_L,,CISTS_01,N,NO,0,0,0,2026-01-07 21:32:33
CISADM,D1_MKT_PRODUCT_LOG,,CISTS_01,N,NO,0,0,0,2026-01-07 21:32:33
CISADM,D1_MKT_PRODUCT_LOG_PARM,,CISTS_01,N,NO,0,0,0,2026-01-07 21:32:33
CISADM,D1_MKT_PRODUCT_SET,,CISTS_01,N,NO,0,0,0,2026-01-07 21:32:33
CISADM,D1_MKT_PRODUCT_SET_CHAR,,CISTS_01,N,NO,0,0,0,2026-01-07 21:32:33
CISADM,D1_MKT_PRODUCT_SET_L,,CISTS_01,N,NO,0,0,0,2026-01-07 21:32:34
CISADM,D1_MKT_PRODUCT_TYPE,,CISTS_01,N,NO,0,0,0,2026-01-07 21:32:34
CISADM,D1_MKT_PRODUCT_TYPE_CHAR,,CISTS_01,N,NO,0,0,0,2026-01-07 21:32:34
CISADM,D1_MKT_PRODUCT_TYPE_L,,CISTS_01,N,NO,0,0,0,2026-01-07 21:32:34
CISADM,D1_MKT_REL_TYPE,,CISTS_01,N,NO,0,0,0,2026-01-07 21:32:34
CISADM,D1_MKT_RP,,CISTS_01,N,NO,0,0,0,2026-01-07 21:32:34
CISADM,D1_MKT_RP_ATTR,,CISTS_01,N,NO,0,0,0,2026-01-07 21:32:34
CISADM,D1_MKT_RP_CHAR,,CISTS_01,N,NO,0,0,0,2026-01-07 21:32:34
CISADM,D1_MKT_RP_IDENTIFIER,,CISTS_01,N,NO,0,0,0,2026-01-07 21:32:34
CISADM,D1_MKT_RP_K,,,N,NO,0,,0,2026-01-07 21:32:34
CISADM,D1_MKT_RP_LOG,,CISTS_01,N,NO,0,0,0,2026-01-07 21:32:34
CISADM,D1_MKT_RP_LOG_PARM,,CISTS_01,N,NO,0,0,0,2026-01-07 21:32:34
CISADM,D1_MKT_RP_REL,,CISTS_01,N,NO,0,0,0,2026-01-07 21:32:35
CISADM,D1_MKT_RP_REL_OBJ,,CISTS_01,N,NO,0,0,0,2026-01-07 21:32:35
CISADM,D1_MKT_VALID_SPR,,CISTS_01,N,NO,0,0,0,2026-01-07 21:32:35
CISADM,D1_MODEL,,CISTS_01,N,NO,57,4,33,2026-01-07 21:32:35
CISADM,D1_MODEL_L,,CISTS_01,N,NO,57,4,46,2026-02-18 02:13:49
CISADM,D1_MSRMT,,CISTS_01,N,NO,1680195,80896,177,2026-01-17 22:12:49
CISADM,D1_MSRMT_CHAR,,CISTS_01,N,NO,0,0,0,2026-01-07 21:32:37
CISADM,D1_MSRMT_CYC,,CISTS_01,N,NO,9,4,106,2026-01-09 02:12:16
CISADM,D1_MSRMT_CYC_BILL_CYC,,CISTS_01,N,NO,9,4,14,2026-02-13 02:16:58
CISADM,D1_MSRMT_CYC_CHAR,,CISTS_01,N,NO,0,0,0,2026-01-07 21:32:37
CISADM,D1_MSRMT_CYC_L,,CISTS_01,N,NO,9,4,37,2026-01-30 02:21:34
CISADM,D1_MSRMT_CYC_MCR,,CISTS_01,N,NO,9,4,42,2026-01-23 02:18:52
CISADM,D1_MSRMT_CYC_RTE,,CISTS_01,N,NO,74,5,59,2026-01-30 02:21:34
CISADM,D1_MSRMT_CYC_RTE_CHAR,,CISTS_01,N,NO,0,0,0,2026-01-07 21:32:38
CISADM,D1_MSRMT_CYC_RTE_L,,CISTS_01,N,NO,74,4,29,2026-01-29 02:18:01
CISADM,D1_MSRMT_CYC_SCHED,,CISTS_01,N,NO,437,12,88,2026-01-30 02:21:34
CISADM,D1_MSRMT_CYC_SCHED_CHAR,,CISTS_01,N,NO,0,0,0,2026-01-07 21:32:38
CISADM,D1_MSRMT_CYC_SCHED_RTE,,CISTS_01,N,NO,2570,20,33,2026-01-30 02:21:34
CISADM,D1_MSRMT_DATA_SNAP_TYPE,,CISTS_01,N,NO,0,0,0,2026-01-07 21:32:38
CISADM,D1_MSRMT_DATA_SNAP_TYPE_CHAR,,CISTS_01,N,NO,0,0,0,2026-01-07 21:32:38
CISADM,D1_MSRMT_DATA_SNAP_TYPE_L,,CISTS_01,N,NO,0,0,0,2026-01-07 21:32:38
CISADM,D1_MSRMT_LOG,,CISTS_01,N,NO,16216,16383,3769,2026-01-27 02:22:12
CISADM,D1_MSRMT_LOG_PARM,,CISTS_01,N,NO,0,0,0,2026-01-07 21:32:38
CISADM,D1_MSRMT_TMP,,,Y,NO,,,,
CISADM,D1_MULTI_VAR_FACTOR,,CISTS_01,N,NO,0,0,0,2026-01-07 21:32:38
CISADM,D1_MULTI_VAR_FACTOR_L,,CISTS_01,N,NO,0,0,0,2026-01-07 21:32:38
CISADM,D1_MULTI_VAR_FACTOR_VAL,,CISTS_01,N,NO,0,0,0,2026-01-07 21:32:39
CISADM,D1_MULTI_VAR_FACTOR_VAL_CHAR,,CISTS_01,N,NO,0,0,0,2026-01-07 21:32:39
CISADM,D1_NW_LOC,,CISTS_01,N,NO,0,0,0,2026-01-07 21:32:39
CISADM,D1_NW_LOC_CHAR,,CISTS_01,N,NO,0,0,0,2026-01-07 21:32:39
CISADM,D1_NW_LOC_IDENTIFIER,,CISTS_01,N,NO,0,0,0,2026-01-07 21:32:39
CISADM,D1_NW_LOC_K,,,N,NO,0,,0,2026-01-07 21:32:39
CISADM,D1_NW_LOC_LOG,,CISTS_01,N,NO,0,0,0,2026-01-07 21:32:39
CISADM,D1_NW_LOC_LOG_PARM,,CISTS_01,N,NO,0,0,0,2026-01-07 21:32:39
CISADM,D1_NW_NODE,,CISTS_01,N,NO,0,0,0,2026-01-07 21:32:39
CISADM,D1_OBIEE_EVENT_POLLING,,CISTS_01,N,NO,0,0,0,2026-01-07 21:32:39
CISADM,D1_ON_OFF_HIST,,CISTS_01,N,NO,29441,507,80,2026-01-09 02:13:16
CISADM,D1_PROC_MTHD,,CISTS_01,N,NO,19,4,323,2026-01-16 02:05:29
CISADM,D1_PROC_MTHD_CHAR,,CISTS_01,N,NO,0,0,0,2026-01-07 21:32:39
CISADM,D1_PROC_MTHD_L,,CISTS_01,N,NO,19,4,41,2026-01-09 02:12:19
CISADM,D1_PROC_TIMETABLE_TYPE,,CISTS_01,N,NO,0,0,0,2026-01-07 21:32:39
CISADM,D1_PROC_TIMETABLE_TYPE_L,,CISTS_01,N,NO,0,0,0,2026-01-07 21:32:39
CISADM,D1_REFERENCED_MKT_PRODUCT,,CISTS_01,N,NO,0,0,0,2026-01-07 21:32:39
CISADM,D1_SETT_UNIT,,CISTS_01,N,NO,0,0,0,2026-01-07 21:32:39
CISADM,D1_SETT_UNIT_CHAR,,CISTS_01,N,NO,0,0,0,2026-01-07 21:32:39
CISADM,D1_SETT_UNIT_DIMENSION,,CISTS_01,N,NO,0,0,0,2026-01-07 21:32:39
CISADM,D1_SETT_UNIT_DIM_COMB,,CISTS_01,N,NO,0,0,0,2026-01-07 21:32:39
CISADM,D1_SETT_UNIT_DIM_VAL,,CISTS_01,N,NO,0,0,0,2026-01-07 21:32:39
CISADM,D1_SETT_UNIT_L,,CISTS_01,N,NO,0,0,0,2026-01-07 21:32:40
CISADM,D1_SNAPSHOT_DL_CTRL,,CISTS_01,N,NO,0,0,0,2026-01-07 21:32:40
CISADM,D1_SP,,CISTS_01,N,NO,32976,2304,414,2026-02-21 22:16:51
CISADM,D1_SPR,,CISTS_01,N,NO,5,4,481,2026-01-09 02:12:28
CISADM,D1_SPR_CHAR,,CISTS_01,N,NO,0,0,0,2026-01-07 21:32:40
CISADM,D1_SPR_DT_CHAR,,CISTS_01,N,NO,0,0,0,2026-01-07 21:32:40
CISADM,D1_SPR_L,,CISTS_01,N,NO,5,4,26,2026-01-30 02:21:34
CISADM,D1_SP_CHAR,,CISTS_01,N,NO,35039,766,65,2026-01-09 02:13:23
CISADM,D1_SP_CONTACT,,CISTS_01,N,NO,30876,464,34,2026-01-09 02:13:13
CISADM,D1_SP_EQPMNT,,CISTS_01,N,NO,25642,366,44,2026-01-30 02:21:36
CISADM,D1_SP_FACILITY,,CISTS_01,N,NO,0,0,0,2026-01-07 21:32:41
CISADM,D1_SP_IDENTIFIER,,CISTS_01,N,NO,98901,1024,45,2026-02-12 02:14:28
CISADM,D1_SP_K,,,N,NO,32966,,18,2026-01-07 21:32:41
CISADM,D1_SP_LOG,,CISTS_01,N,NO,33339,1280,106,2026-02-12 02:14:30
CISADM,D1_SP_LOG_PARM,,CISTS_01,N,NO,1818,24,34,2026-02-12 02:14:26
CISADM,D1_SP_MKT_PARTICIPANT,,CISTS_01,N,NO,0,0,0,2026-01-07 21:32:42
CISADM,D1_SP_MSRMT_CYC_SCHED_RTE,,CISTS_01,N,NO,848476,38823,127,2026-01-30 02:22:12
CISADM,D1_SP_QTY,,CISTS_01,N,NO,0,0,0,2026-01-07 21:32:42
CISADM,D1_SP_QTY_K,,,N,NO,0,,0,2026-01-07 21:32:43
CISADM,D1_SP_QTY_LOG,,CISTS_01,N,NO,0,0,0,2026-01-07 21:32:43
CISADM,D1_SP_QTY_LOG_PARM,,CISTS_01,N,NO,0,0,0,2026-01-07 21:32:43
CISADM,D1_SP_QTY_TYPE,,CISTS_01,N,NO,0,0,0,2026-01-07 21:32:43
CISADM,D1_SP_QTY_TYPE_IDENTIFIER,,CISTS_01,N,NO,0,0,0,2026-01-07 21:32:43
CISADM,D1_SP_QTY_TYPE_IDENTIFIER_L,,CISTS_01,N,NO,0,0,0,2026-01-07 21:32:43
CISADM,D1_SP_QTY_TYPE_L,,CISTS_01,N,NO,0,0,0,2026-01-07 21:32:43
CISADM,D1_SP_REL,,CISTS_01,N,NO,0,0,0,2026-01-07 21:32:43
CISADM,D1_SP_SNAP_DL,,CISTS_01,N,NO,0,0,0,2026-01-07 21:32:43
CISADM,D1_SP_SNAP_DL_K,,,N,NO,0,,0,2026-01-07 21:32:43
CISADM,D1_SP_TYPE,,CISTS_01,N,NO,20,4,331,2026-02-21 22:16:50
CISADM,D1_SP_TYPE_CHAR,,CISTS_01,N,NO,0,0,0,2026-01-07 21:32:43
CISADM,D1_SP_TYPE_DEVICE_TYPE,,CISTS_01,N,NO,28,4,23,2026-01-16 02:05:31
CISADM,D1_SP_TYPE_DISCONNECT_LOCATION,,CISTS_01,N,NO,0,0,0,2026-01-07 21:32:43
CISADM,D1_SP_TYPE_DIV,,CISTS_01,N,NO,20,4,14,2026-01-16 02:05:29
CISADM,D1_SP_TYPE_FIELD_TASK_TYPE,,CISTS_01,N,NO,0,0,0,2026-01-07 21:32:43
CISADM,D1_SP_TYPE_L,,CISTS_01,N,NO,20,4,35,2026-01-29 02:18:01
CISADM,D1_SP_UNR_USG_SNAP_DL,,CISTS_01,N,NO,0,0,0,2026-01-07 21:32:43
CISADM,D1_SP_UNR_USG_SNAP_DL_K,,,N,NO,0,,0,2026-01-07 21:32:43
CISADM,D1_SP_USG_SNAP_DL,,CISTS_01,N,NO,0,0,0,2026-01-07 21:32:43
CISADM,D1_SP_USG_SNAP_DL_K,,,N,NO,0,,0,2026-01-07 21:32:44
CISADM,D1_SP_VEE_EXCP_SNAP_DL,,CISTS_01,N,NO,0,0,0,2026-01-07 21:32:44
CISADM,D1_SP_VEE_EXCP_SNAP_DL_K,,,N,NO,0,,0,2026-01-07 21:32:44
CISADM,D1_SQI,,CISTS_01,N,NO,44,4,56,2026-01-07 21:32:44
CISADM,D1_SQI_L,,CISTS_01,N,NO,44,4,34,2026-01-09 02:12:18
CISADM,D1_STG_MSRMT,,CISTS_01,N,NO,0,0,0,2026-01-07 21:32:44
CISADM,D1_SVC_TYPE,,CISTS_01,N,NO,7,4,36,2026-01-16 02:05:27
CISADM,D1_SVC_TYPE_L,,CISTS_01,N,NO,7,4,18,2026-01-16 02:05:27
CISADM,D1_TOU,,CISTS_01,N,NO,4,4,257,2026-01-29 02:18:01
CISADM,D1_TOU_GRP,,CISTS_01,N,NO,1,4,41,2026-01-29 02:18:01
CISADM,D1_TOU_GRP_CHAR,,CISTS_01,N,NO,0,0,0,2026-01-07 21:32:44
CISADM,D1_TOU_GRP_L,,CISTS_01,N,NO,1,4,49,2026-01-29 02:18:01
CISADM,D1_TOU_GRP_TOU,,CISTS_01,N,NO,3,4,16,2026-01-07 21:32:44
CISADM,D1_TOU_L,,CISTS_01,N,NO,4,4,21,2026-01-09 02:12:31
CISADM,D1_TOU_MAP,,CISTS_01,N,NO,0,0,0,2026-01-07 21:32:44
CISADM,D1_TOU_MAP_CHAR,,CISTS_01,N,NO,0,0,0,2026-01-07 21:32:44
CISADM,D1_TOU_MAP_DATA,,CISTS_01,N,NO,0,0,0,2026-01-07 21:32:44
CISADM,D1_TOU_MAP_DATA_CHAR,,CISTS_01,N,NO,0,0,0,2026-01-07 21:32:44
CISADM,D1_TOU_MAP_DATA_TMP,,,Y,NO,,,,
CISADM,D1_TOU_MAP_DATA_TMP2,,,Y,NO,,,,
CISADM,D1_TOU_MAP_DYN_OPT,,CISTS_01,N,NO,0,0,0,2026-01-07 21:32:44
CISADM,D1_TOU_MAP_K,,,N,NO,0,,0,2026-01-07 21:32:44
CISADM,D1_TOU_MAP_L,,CISTS_01,N,NO,0,0,0,2026-01-07 21:32:45
CISADM,D1_TOU_MAP_LOG,,CISTS_01,N,NO,0,0,0,2026-01-07 21:32:45
CISADM,D1_TOU_MAP_LOG_PARM,,CISTS_01,N,NO,0,0,0,2026-01-07 21:32:45
CISADM,D1_TOU_MAP_TMPLT,,CISTS_01,N,NO,1,4,3378,2026-01-07 21:32:45
CISADM,D1_TOU_MAP_TMPLT_CHAR,,CISTS_01,N,NO,0,0,0,2026-01-07 21:32:45
CISADM,D1_TOU_MAP_TMPLT_L,,CISTS_01,N,NO,1,4,66,2026-01-07 21:32:45
CISADM,D1_TOU_MAP_TYPE,,CISTS_01,N,NO,1,4,101,2026-02-03 02:14:28
CISADM,D1_TOU_MAP_TYPE_CHAR,,CISTS_01,N,NO,0,0,0,2026-01-07 21:32:45
CISADM,D1_TOU_MAP_TYPE_L,,CISTS_01,N,NO,1,4,52,2026-02-03 02:14:28
CISADM,D1_TOU_MAP_TYPE_TMPLT,,CISTS_01,N,NO,0,0,0,2026-01-07 21:32:45
CISADM,D1_UOM,,CISTS_01,N,NO,33,4,61,2026-01-09 02:12:27
CISADM,D1_UOM_L,,CISTS_01,N,NO,33,4,31,2026-01-09 02:12:21
CISADM,D1_US,,CISTS_01,N,NO,68115,3840,374,2026-01-23 02:19:08
CISADM,D1_USAGE,,CISTS_01,N,NO,684188,348672,3001,2026-01-23 02:23:03
CISADM,D1_USAGE_CAL_TYPE_CTRL,,CISTS_01,N,NO,0,0,0,2026-01-07 21:32:52
CISADM,D1_USAGE_CHAR,,CISTS_01,N,NO,0,0,0,2026-01-07 21:32:52
CISADM,D1_USAGE_CTRL,,CISTS_01,N,NO,3460,112,67,2026-01-09 02:12:51
CISADM,D1_USAGE_EXCP,,CISTS_01,N,NO,539601,24576,164,2026-01-20 02:18:49
CISADM,D1_USAGE_EXCP_CHAR,,CISTS_01,N,NO,0,0,0,2026-01-07 21:32:53
CISADM,D1_USAGE_EXCP_K,,,N,NO,539599,,20,2026-01-07 21:32:53
CISADM,D1_USAGE_EXCP_PARM,,CISTS_01,N,NO,1605425,19456,48,2026-01-09 02:16:55
CISADM,D1_USAGE_EXCP_TYPE,,CISTS_01,N,NO,4,4,85,2026-01-09 02:12:15
CISADM,D1_USAGE_EXCP_TYPE_CHAR,,CISTS_01,N,NO,0,0,0,2026-01-07 21:32:54
CISADM,D1_USAGE_EXCP_TYPE_L,,CISTS_01,N,NO,4,4,39,2026-01-09 02:12:30
CISADM,D1_USAGE_K,,,N,NO,684162,,20,2026-01-07 21:32:55
CISADM,D1_USAGE_LOG,,CISTS_01,N,NO,12631121,439680,109,2026-01-09 02:31:15
CISADM,D1_USAGE_LOG_PARM,,CISTS_01,N,NO,18045938,205696,46,2026-01-09 02:27:08
CISADM,D1_USAGE_PERIOD,,CISTS_01,N,NO,656981,17408,174,2026-01-09 02:16:32
CISADM,D1_USAGE_PERIOD_ITEM_DET,,CISTS_01,N,NO,0,0,0,2026-01-07 21:33:51
CISADM,D1_USAGE_PERIOD_SQ,,CISTS_01,N,NO,679716,28672,294,2026-01-27 02:22:14
CISADM,D1_USAGE_PERIOD_SQ_DATA,,CISTS_01,N,NO,0,0,0,2026-01-07 21:33:52
CISADM,D1_USAGE_REL,,CISTS_01,N,NO,84,5,38,2026-01-09 02:12:12
CISADM,D1_USAGE_SCALAR_DTL,,CISTS_01,N,NO,720055,31744,298,2026-02-20 02:20:50
CISADM,D1_USER_DIV,,CISTS_01,N,NO,0,0,0,2026-01-07 21:33:54
CISADM,D1_USG_CAL_TYPE,,CISTS_01,N,NO,0,0,0,2026-01-07 21:33:54
CISADM,D1_USG_CAL_TYPE_CHAR,,CISTS_01,N,NO,0,0,0,2026-01-07 21:33:54
CISADM,D1_USG_CAL_TYPE_L,,CISTS_01,N,NO,0,0,0,2026-01-07 21:33:54
CISADM,D1_USG_CAL_TYPE_REQ_TYPE,,CISTS_01,N,NO,0,0,0,2026-01-07 21:33:54
CISADM,D1_USG_CAL_TYPE_USTYPE_USG_GRP,,CISTS_01,N,NO,0,0,0,2026-01-07 21:33:54
CISADM,D1_USG_CAL_TYPE_US_TYPE,,CISTS_01,N,NO,0,0,0,2026-01-07 21:33:54
CISADM,D1_USG_GRP,,CISTS_01,N,NO,9,4,48,2026-02-14 22:23:50
CISADM,D1_USG_GRP_CHAR,,CISTS_01,N,NO,0,0,0,2026-01-07 21:33:54
CISADM,D1_USG_GRP_L,,CISTS_01,N,NO,9,4,71,2026-01-20 02:18:25
CISADM,D1_USG_GRP_VAL_DC_TYPE,,CISTS_01,N,NO,14,4,31,2026-01-07 21:33:55
CISADM,D1_USG_RULE,,CISTS_01,N,NO,19,10,2278,2026-01-09 02:12:38
CISADM,D1_USG_RULE_CHAR,,CISTS_01,N,NO,0,0,0,2026-01-07 21:33:55
CISADM,D1_USG_RULE_ELIG_CRIT,,CISTS_01,N,NO,0,0,0,2026-01-07 21:33:55
CISADM,D1_USG_RULE_ELIG_CRIT_CHAR,,CISTS_01,N,NO,0,0,0,2026-01-07 21:33:55
CISADM,D1_USG_RULE_ELIG_CRIT_L,,CISTS_01,N,NO,0,0,0,2026-01-07 21:33:55
CISADM,D1_USG_RULE_L,,CISTS_01,N,NO,19,4,52,2026-01-09 02:12:21
CISADM,D1_US_CHAR,,CISTS_01,N,NO,0,0,0,2026-01-07 21:33:55
CISADM,D1_US_CONTACT,,CISTS_01,N,NO,68109,1012,34,2026-01-09 02:13:37
CISADM,D1_US_DYN_OPT,,CISTS_01,N,NO,0,0,0,2026-01-07 21:33:55
CISADM,D1_US_DYN_OPT_OVRRD,,CISTS_01,N,NO,0,0,0,2026-01-07 21:33:55
CISADM,D1_US_FACTOR_OVRD,,CISTS_01,N,NO,0,0,0,2026-01-07 21:33:55
CISADM,D1_US_IDENTIFIER,,CISTS_01,N,NO,136218,1234,43,2026-01-09 02:13:45
CISADM,D1_US_K,,,N,NO,68109,,18,2026-01-07 21:33:56
CISADM,D1_US_LOG,,CISTS_01,N,NO,122299,4352,106,2026-01-16 02:06:45
CISADM,D1_US_LOG_PARM,,CISTS_01,N,NO,122299,1280,35,2026-01-16 02:06:15
CISADM,D1_US_MC,,CISTS_01,N,NO,0,0,0,2026-01-07 21:33:57
CISADM,D1_US_MC_SET,,CISTS_01,N,NO,0,0,0,2026-01-07 21:33:57
CISADM,D1_US_MKT_PART,,CISTS_01,N,NO,0,0,0,2026-01-07 21:33:57
CISADM,D1_US_MKT_PART_CHAR,,CISTS_01,N,NO,0,0,0,2026-01-07 21:33:57
CISADM,D1_US_MKT_PART_IDENTIFIER,,CISTS_01,N,NO,0,0,0,2026-01-07 21:33:57
CISADM,D1_US_MKT_PART_K,,,N,NO,0,,0,2026-01-07 21:33:57
CISADM,D1_US_MKT_PART_LOG,,CISTS_01,N,NO,0,0,0,2026-01-07 21:33:57
CISADM,D1_US_MKT_PART_LOG_PARM,,CISTS_01,N,NO,0,0,0,2026-01-07 21:33:57
CISADM,D1_US_QTY,,CISTS_01,N,NO,0,0,0,2026-01-07 21:33:57
CISADM,D1_US_QTY_K,,,N,NO,0,,0,2026-01-07 21:33:57
CISADM,D1_US_QTY_LOG,,CISTS_01,N,NO,0,0,0,2026-01-07 21:33:57
CISADM,D1_US_QTY_LOG_PARM,,CISTS_01,N,NO,0,0,0,2026-01-07 21:33:58
CISADM,D1_US_QTY_TYPE,,CISTS_01,N,NO,0,0,0,2026-01-07 21:33:58
CISADM,D1_US_QTY_TYPE_IDENTIFIER,,CISTS_01,N,NO,0,0,0,2026-01-07 21:33:58
CISADM,D1_US_QTY_TYPE_IDENTIFIER_L,,CISTS_01,N,NO,0,0,0,2026-01-07 21:33:58
CISADM,D1_US_QTY_TYPE_L,,CISTS_01,N,NO,0,0,0,2026-01-07 21:33:58
CISADM,D1_US_REL,,CISTS_01,N,NO,0,0,0,2026-01-07 21:33:58
CISADM,D1_US_RS_CLASS,,CISTS_01,N,NO,0,0,0,2026-01-07 21:33:58
CISADM,D1_US_SP,,CISTS_01,N,NO,64647,1152,73,2026-01-16 02:06:11
CISADM,D1_US_SP_CHAR,,CISTS_01,N,NO,0,0,0,2026-01-07 21:33:58
CISADM,D1_US_TYPE,,CISTS_01,N,NO,81,16,403,2026-02-14 22:23:43
CISADM,D1_US_TYPE_CHAR,,CISTS_01,N,NO,81,8,55,2026-02-14 22:23:43
CISADM,D1_US_TYPE_FB_USG_GRP,,CISTS_01,N,NO,0,0,0,2026-01-07 21:33:58
CISADM,D1_US_TYPE_L,,CISTS_01,N,NO,81,8,52,2026-02-14 22:23:43
CISADM,D1_US_TYPE_VAL_DYN_OPT_TYPE,,CISTS_01,N,NO,0,0,0,2026-01-07 21:33:58
CISADM,D1_US_TYPE_VAL_SPR,,CISTS_01,N,NO,81,8,16,2026-02-14 22:23:49
CISADM,D1_US_TYPE_VAL_SP_TYPE,,CISTS_01,N,NO,109,8,16,2026-02-14 22:23:49
CISADM,D1_US_TYPE_VAL_USG_GRP,,CISTS_01,N,NO,58,4,19,2026-01-09 02:12:17
CISADM,D1_US_USG_GRP,,CISTS_01,N,NO,0,0,0,2026-01-07 21:33:58
CISADM,D1_US_USG_GRP_DL,,CISTS_01,N,NO,0,0,0,2026-01-07 21:33:58
CISADM,D1_US_USG_GRP_SEQ,,CISTS_01,N,NO,0,0,0,2026-01-07 21:33:59
CISADM,D1_VALID_MULTI_VAR_FACTOR,,CISTS_01,N,NO,0,0,0,2026-01-07 21:33:59
CISADM,D1_VEE_ELIG_CRIT,,CISTS_01,N,NO,0,0,0,2026-01-07 21:33:59
CISADM,D1_VEE_ELIG_CRIT_CHAR,,CISTS_01,N,NO,0,0,0,2026-01-07 21:33:59
CISADM,D1_VEE_ELIG_CRIT_L,,CISTS_01,N,NO,0,0,0,2026-01-07 21:33:59
CISADM,D1_VEE_EXCP,,CISTS_01,N,NO,1603952,67584,193,2026-02-03 02:14:53
CISADM,D1_VEE_EXCP_CHAR,,CISTS_01,N,NO,0,0,0,2026-01-07 21:34:00
CISADM,D1_VEE_EXCP_K,,,N,NO,1603895,,20,2026-01-07 21:34:00
CISADM,D1_VEE_EXCP_PARM,,CISTS_01,N,NO,510472,5665,44,2026-01-27 02:22:02
CISADM,D1_VEE_GRP,,CISTS_01,N,NO,110,5,54,2026-01-07 21:34:02
CISADM,D1_VEE_GRP_CHAR,,CISTS_01,N,NO,0,0,0,2026-01-07 21:34:02
CISADM,D1_VEE_GRP_L,,CISTS_01,N,NO,110,6,133,2026-01-20 02:18:25
CISADM,D1_VEE_RULE,,CISTS_01,N,NO,445,121,1547,2026-02-28 22:20:29
CISADM,D1_VEE_RULE_CHAR,,CISTS_01,N,NO,0,0,0,2026-01-07 21:34:02
CISADM,D1_VEE_RULE_L,,CISTS_01,N,NO,445,14,132,2026-01-09 02:12:39
CISADM,ERR$_C1_BI_FTGL_MONTHLY_A,"DML Error Logging table for ""C1_BI_FTGL_MONTHLY_A""",CISTS_01,N,NO,0,0,0,2026-01-07 21:34:02
CISADM,ERR$_C1_BI_FT_MONTHLY_A,"DML Error Logging table for ""C1_BI_FT_MONTHLY_A""",CISTS_01,N,NO,0,0,0,2026-01-07 21:34:02
CISADM,F1_ACTION_METHOD,,CISTS_01,N,NO,3,4,165,2026-01-16 02:05:25
CISADM,F1_ACTION_METHOD_CHAR,,CISTS_01,N,NO,0,0,0,2026-01-07 21:34:03
CISADM,F1_ACTION_METHOD_L,,CISTS_01,N,NO,3,4,43,2026-01-16 02:05:28
CISADM,F1_ARC_TBL_PARTITION_HIST,,CISTS_01,N,NO,0,0,0,2026-01-07 21:34:03
CISADM,F1_ATTACHMENT,,CISTS_01,N,NO,3,4,389,2026-02-04 02:18:24
CISADM,F1_ATTACHMENT_CHAR,,CISTS_01,N,NO,13,4,74,2026-01-09 02:12:13
CISADM,F1_ATTACHMENT_K,,,N,NO,3,,20,2026-01-07 21:34:03
CISADM,F1_BKT_CONFIG,,CISTS_01,N,NO,1,4,48,2026-01-23 02:17:03
CISADM,F1_BKT_CONFIG_L,,CISTS_01,N,NO,1,4,48,2026-01-23 02:17:03
CISADM,F1_BKT_CONFIG_REL_OBJ,,CISTS_01,N,NO,0,0,0,2026-01-07 21:34:03
CISADM,F1_BKT_CONFIG_VAL,,CISTS_01,N,NO,5,8,27,2026-01-23 02:16:58
CISADM,F1_BKT_CONFIG_VAL_L,,CISTS_01,N,NO,5,8,35,2026-01-23 02:16:58
CISADM,F1_BNDL,,CISTS_01,N,NO,12,4,281,2026-02-14 22:23:49
CISADM,F1_BNDL_CHAR,,CISTS_01,N,NO,0,0,0,2026-01-07 21:34:04
CISADM,F1_BNDL_ENTITY,,CISTS_01,N,NO,112,6,71,2026-02-14 22:23:49
CISADM,F1_BNDL_K,,,N,NO,12,,18,2026-01-07 21:34:04
CISADM,F1_BNDL_LOG,,CISTS_01,N,NO,26,4,104,2026-01-07 21:34:04
CISADM,F1_BNDL_LOG_PARM,,CISTS_01,N,NO,24,4,35,2026-01-07 21:34:04
CISADM,F1_BUS_EVT_LOG,,CISTS_01,N,NO,0,0,0,2026-01-07 21:34:04
CISADM,F1_BUS_EVT_LOG_CHAR,,CISTS_01,N,NO,0,0,0,2026-01-07 21:34:04
CISADM,F1_BUS_EVT_LOG_K,,,N,NO,0,,0,2026-01-07 21:34:04
CISADM,F1_BUS_EVT_LOG_MSG_PARM,,CISTS_01,N,NO,0,0,0,2026-01-07 21:34:04
CISADM,F1_BUS_FLG,,CISTS_01,N,NO,0,0,0,2026-01-07 21:34:04
CISADM,F1_BUS_FLG_CHAR,,CISTS_01,N,NO,0,0,0,2026-01-07 21:34:04
CISADM,F1_BUS_FLG_K,,,N,NO,0,,0,2026-01-07 21:34:04
CISADM,F1_BUS_FLG_LOG,,CISTS_01,N,NO,0,0,0,2026-01-07 21:34:05
CISADM,F1_BUS_FLG_LOG_PARM,,CISTS_01,N,NO,0,0,0,2026-01-07 21:34:05
CISADM,F1_BUS_FLG_REL,,CISTS_01,N,NO,0,0,0,2026-01-07 21:34:05
CISADM,F1_BUS_FLG_REL_OBJ,,CISTS_01,N,NO,0,0,0,2026-01-07 21:34:05
CISADM,F1_BUS_FLG_TYPE,,CISTS_01,N,NO,0,0,0,2026-01-07 21:34:05
CISADM,F1_BUS_FLG_TYPE_ALG,,CISTS_01,N,NO,0,0,0,2026-01-07 21:34:05
CISADM,F1_BUS_FLG_TYPE_BUS_PROC,,CISTS_01,N,NO,0,0,0,2026-01-07 21:34:05
CISADM,F1_BUS_FLG_TYPE_CHAR,,CISTS_01,N,NO,0,0,0,2026-01-07 21:34:05
CISADM,F1_BUS_FLG_TYPE_L,,CISTS_01,N,NO,0,0,0,2026-01-07 21:34:05
CISADM,F1_BUS_OBJ,,CISTS_01,N,NO,3889,256,140,2026-01-17 22:11:36
CISADM,F1_BUS_OBJ_ALG,,CISTS_01,N,NO,3742,105,60,2026-01-16 02:05:37
CISADM,F1_BUS_OBJ_L,,CISTS_01,N,NO,3889,181,264,2026-01-28 02:15:08
CISADM,F1_BUS_OBJ_OPT,,CISTS_01,N,NO,5463,120,63,2026-01-16 02:05:37
CISADM,F1_BUS_OBJ_STATUS,,CISTS_01,N,NO,4464,178,89,2026-01-23 02:18:54
CISADM,F1_BUS_OBJ_STATUS_ALG,,CISTS_01,N,NO,8791,289,73,2026-01-16 02:05:49
CISADM,F1_BUS_OBJ_STATUS_L,,CISTS_01,N,NO,4464,125,79,2026-01-09 02:12:53
CISADM,F1_BUS_OBJ_STATUS_OPT,,CISTS_01,N,NO,8206,223,66,2026-01-09 02:12:59
CISADM,F1_BUS_OBJ_STATUS_RSN,,CISTS_01,N,NO,195,11,139,2026-01-16 02:05:32
CISADM,F1_BUS_OBJ_STATUS_RSN_CHAR,,CISTS_01,N,NO,25,4,69,2026-01-21 02:21:37
CISADM,F1_BUS_OBJ_STATUS_RSN_L,,CISTS_01,N,NO,195,6,60,2026-01-16 02:05:28
CISADM,F1_BUS_OBJ_TR_RULE,,CISTS_01,N,NO,5416,199,80,2026-01-09 02:12:58
CISADM,F1_BUS_OBJ_TR_RULE_L,,CISTS_01,N,NO,5416,182,79,2026-01-09 02:13:02
CISADM,F1_BUS_SVC,,CISTS_01,N,NO,3793,153,81,2026-01-13 02:15:07
CISADM,F1_BUS_SVC_L,,CISTS_01,N,NO,3793,145,209,2026-01-09 02:13:04
CISADM,F1_CALENDAR_D,,CISTS_01,N,NO,0,0,0,2026-01-07 21:34:07
CISADM,F1_COLOR_OPT,,CISTS_01,N,NO,17,4,95,2026-01-16 02:05:27
CISADM,F1_COLOR_OPT_ITEM,,CISTS_01,N,NO,0,0,0,2026-01-07 21:34:07
CISADM,F1_COLOR_OPT_L,,CISTS_01,N,NO,17,4,46,2026-01-07 21:34:07
CISADM,F1_CRYPTO_KEY,,CISTS_01,N,NO,0,0,0,2026-01-07 21:34:07
CISADM,F1_CRYPTO_KEY_RING,,CISTS_01,N,NO,0,0,0,2026-01-07 21:34:07
CISADM,F1_CRYPTO_KEY_RING_L,,CISTS_01,N,NO,0,0,0,2026-01-07 21:34:07
CISADM,F1_CRYPTO_KEY_RING_LINK,,CISTS_01,N,NO,0,0,0,2026-01-07 21:34:07
CISADM,F1_CRYPTO_KEY_RING_LOG,,CISTS_01,N,NO,0,0,0,2026-01-07 21:34:07
CISADM,F1_CRYPTO_KEY_RING_LOG_PARM,,CISTS_01,N,NO,0,0,0,2026-01-07 21:34:08
CISADM,F1_CUBE_TYPE,,CISTS_01,N,NO,0,0,0,2026-01-07 21:34:08
CISADM,F1_CUBE_TYPE_L,,CISTS_01,N,NO,0,0,0,2026-01-07 21:34:08
CISADM,F1_CUBE_VIEW,,CISTS_01,N,NO,0,0,0,2026-01-07 21:34:08
CISADM,F1_CUBE_VIEW_L,,CISTS_01,N,NO,0,0,0,2026-01-07 21:34:08
CISADM,F1_CUBE_VIEW_LOG,,CISTS_01,N,NO,0,0,0,2026-01-07 21:34:08
CISADM,F1_CUBE_VIEW_LOG_PARM,,CISTS_01,N,NO,0,0,0,2026-01-07 21:34:08
CISADM,F1_DATA_AREA,,CISTS_01,N,NO,3087,109,70,2026-01-09 02:12:51
CISADM,F1_DATA_AREA_L,,CISTS_01,N,NO,3087,76,116,2026-01-16 02:05:35
CISADM,F1_DATA_EXPORT_CTRL,,CISTS_01,N,NO,0,0,0,2026-01-07 21:34:08
CISADM,F1_DATA_EXPORT_CTRL_LOG,,CISTS_01,N,NO,2,4,91,2026-01-07 21:34:08
CISADM,F1_DATA_EXPORT_CTRL_LOG_PARM,,CISTS_01,N,NO,0,0,0,2026-01-07 21:34:08
CISADM,F1_DB_OBJECTS_REPO,,CISTS_01,N,NO,10225,144,88,2026-01-07 21:34:08
CISADM,F1_DEPLOYMENT,,CISTS_01,N,NO,0,0,0,2026-01-07 21:34:08
CISADM,F1_DEPLOYMENT_ITEM,,CISTS_01,N,NO,209,7,53,2026-01-07 21:34:08
CISADM,F1_DEPLOYMENT_ITEM_METADATA,,CISTS_01,N,NO,0,0,0,2026-01-07 21:34:09
CISADM,F1_DEPLOYMENT_K,,,N,NO,0,,0,2026-01-07 21:34:09
CISADM,F1_DEPLOYMENT_PART,,CISTS_01,N,NO,4,4,52,2026-01-07 21:34:09
CISADM,F1_DEPLOYMENT_PART_L,,CISTS_01,N,NO,4,4,85,2026-01-07 21:34:09
CISADM,F1_DEPLOYMENT_TYPE,,CISTS_01,N,NO,0,0,0,2026-01-07 21:34:09
CISADM,F1_DEPLOYMENT_TYPE_L,,CISTS_01,N,NO,0,0,0,2026-01-07 21:34:09
CISADM,F1_DEPTYP_DEPPART,,CISTS_01,N,NO,0,0,0,2026-01-07 21:34:09
CISADM,F1_DEPTYP_MDT_TYPE,,CISTS_01,N,NO,0,0,0,2026-01-07 21:34:09
CISADM,F1_DEPTYP_MSG_CAT,,CISTS_01,N,NO,0,0,0,2026-01-07 21:34:09
CISADM,F1_DEPTYP_USR_GRP,,CISTS_01,N,NO,0,0,0,2026-01-07 21:34:09
CISADM,F1_ERASURE_SCHED,,CISTS_01,N,NO,0,0,0,2026-01-07 21:34:09
CISADM,F1_ERASURE_SCHED_K,,,N,NO,0,,0,2026-01-07 21:34:09
CISADM,F1_ERASURE_SCHED_LOG,,CISTS_01,N,NO,0,0,0,2026-01-07 21:34:09
CISADM,F1_ERASURE_SCHED_LOG_PARM,,CISTS_01,N,NO,0,0,0,2026-01-07 21:34:09
CISADM,F1_ETL_MP_CTRL,,CISTS_01,N,NO,0,0,0,2026-01-07 21:34:09
CISADM,F1_EXTSYS_OUTMSG_PROF,,CISTS_01,N,NO,12,4,95,2026-02-13 02:16:57
CISADM,F1_EXT_LOOKUP_VAL,,CISTS_01,N,NO,2379,104,248,2026-02-14 22:23:50
CISADM,F1_EXT_LOOKUP_VAL_CHAR,,CISTS_01,N,NO,683,32,104,2026-02-14 22:23:50
CISADM,F1_EXT_LOOKUP_VAL_L,,CISTS_01,N,NO,2383,56,90,2026-02-14 22:23:50
CISADM,F1_FACT,,CISTS_01,N,NO,45,12,1159,2026-02-27 02:15:24
CISADM,F1_FACT_CHAR,,CISTS_01,N,NO,30,4,63,2026-02-27 02:15:23
CISADM,F1_FACT_K,,,N,NO,45,,18,2026-01-07 21:34:10
CISADM,F1_FACT_LOG,,CISTS_01,N,NO,45,5,106,2026-01-07 21:34:10
CISADM,F1_FACT_LOG_PARM,,CISTS_01,N,NO,0,0,0,2026-01-07 21:34:10
CISADM,F1_FILE_INT_REC,,CISTS_01,N,NO,5,4,119,2026-01-07 21:34:10
CISADM,F1_FILE_INT_REC_ALG,,CISTS_01,N,NO,5,4,63,2026-01-07 21:34:10
CISADM,F1_FILE_INT_REC_L,,CISTS_01,N,NO,5,4,148,2026-01-07 21:34:10
CISADM,F1_FILE_INT_TYPE,,CISTS_01,N,NO,5,4,70,2026-01-07 21:34:10
CISADM,F1_FILE_INT_TYPE_L,,CISTS_01,N,NO,5,4,130,2026-01-07 21:34:10
CISADM,F1_GENERIC_GTT,,,Y,NO,,,,
CISADM,F1_GEN_PROC,,CISTS_01,N,NO,572246,11152,75,2026-01-07 21:34:10
CISADM,F1_GEN_PROC_K,,,N,NO,572246,,20,2026-01-07 21:34:11
CISADM,F1_GNRL_AUDIT,,CISTS_01,N,NO,0,0,0,2026-01-07 21:34:11
CISADM,F1_GNRL_AUDIT_CHAR,,CISTS_01,N,NO,0,0,0,2026-01-07 21:34:12
CISADM,F1_GNRL_AUDIT_K,,,N,NO,0,,0,2026-01-07 21:34:12
CISADM,F1_GNRL_AUDIT_VAL,,CISTS_01,N,NO,0,0,0,2026-01-07 21:34:12
CISADM,F1_INSIGHT_GRP,,CISTS_01,N,NO,4,4,57,2026-01-16 02:05:31
CISADM,F1_INSIGHT_GRP_CHAR,,CISTS_01,N,NO,0,0,0,2026-01-07 21:34:12
CISADM,F1_INSIGHT_GRP_L,,CISTS_01,N,NO,4,4,155,2026-01-07 21:34:12
CISADM,F1_INSIGHT_GRP_TYPE,,CISTS_01,N,NO,19,4,41,2026-01-16 02:05:31
CISADM,F1_INSIGHT_GRP_VISUAL_STR,,CISTS_01,N,NO,6,4,25,2026-01-07 21:34:12
CISADM,F1_INSIGHT_TYPE,,CISTS_01,N,NO,51,5,66,2026-01-16 02:05:30
CISADM,F1_INSIGHT_TYPE_ALG,,CISTS_01,N,NO,51,4,46,2026-01-16 02:05:31
CISADM,F1_INSIGHT_TYPE_CHAR,,CISTS_01,N,NO,0,0,0,2026-01-07 21:34:12
CISADM,F1_INSIGHT_TYPE_L,,CISTS_01,N,NO,51,4,63,2026-01-07 21:34:12
CISADM,F1_INSIGHT_TYPE_USER_ACT,,CISTS_01,N,NO,22,4,58,2026-01-16 02:05:30
CISADM,F1_INSIGHT_TYPE_USER_ACT_ALG,,CISTS_01,N,NO,0,0,0,2026-01-07 21:34:12
CISADM,F1_INSIGHT_TYPE_VISUAL_SETTING,,CISTS_01,N,NO,141,6,78,2026-01-16 02:05:27
CISADM,F1_INSTALLATION,,CISTS_01,N,NO,1,4,138,2026-01-09 02:12:20
CISADM,F1_IWS_ANN,,CISTS_01,N,NO,2,4,61,2026-02-21 22:16:50
CISADM,F1_IWS_ANN_L,,CISTS_01,N,NO,2,4,112,2026-01-07 21:34:12
CISADM,F1_IWS_ANN_PARM,,CISTS_01,N,NO,5,4,74,2026-02-21 22:16:50
CISADM,F1_IWS_ANN_TYPE,,CISTS_01,N,NO,5,4,97,2026-02-21 22:16:50
CISADM,F1_IWS_ANN_TYPE_L,,CISTS_01,N,NO,5,4,159,2026-01-07 21:34:13
CISADM,F1_IWS_ANN_TYPE_PARM,,CISTS_01,N,NO,7,4,79,2026-02-21 22:16:49
CISADM,F1_IWS_ANN_TYPE_PARM_L,,CISTS_01,N,NO,7,4,239,2026-01-07 21:34:13
CISADM,F1_IWS_SVC,,CISTS_01,N,NO,536,18,106,2026-02-21 22:16:51
CISADM,F1_IWS_SVC_ANN,,CISTS_01,N,NO,28,4,40,2026-01-28 02:15:05
CISADM,F1_IWS_SVC_CHAR,,CISTS_01,N,NO,0,0,0,2026-01-07 21:34:13
CISADM,F1_IWS_SVC_FLDTEXT,,CISTS_01,N,NO,2104,78,183,2026-01-28 02:15:07
CISADM,F1_IWS_SVC_L,,CISTS_01,N,NO,536,24,225,2026-01-28 02:15:07
CISADM,F1_IWS_SVC_LOG,,CISTS_01,N,NO,33,4,125,2026-01-07 21:34:13
CISADM,F1_IWS_SVC_LOG_PARM,,CISTS_01,N,NO,87,5,53,2026-01-07 21:34:13
CISADM,F1_IWS_SVC_OPER,,CISTS_01,N,NO,688,59,216,2026-01-28 02:15:07
CISADM,F1_IWS_SVC_OPER_L,,CISTS_01,N,NO,688,15,88,2026-01-28 02:15:06
CISADM,F1_IWS_SVC_OPER_OPT,,CISTS_01,N,NO,2,4,853,2026-01-07 21:34:13
CISADM,F1_IWS_SVC_OPER_PARM,,CISTS_01,N,NO,169,26,314,2026-01-28 02:15:07
CISADM,F1_IWS_SVC_SCHEMA,,CISTS_01,N,NO,132,27,1071,2026-01-07 21:34:13
CISADM,F1_KEY_HASH,,CISTS_01,N,NO,2,4,76,2026-01-09 02:12:12
CISADM,F1_LGCY_OBJ,,CISTS_01,N,NO,1520,31,79,2026-01-07 21:34:13
CISADM,F1_MANAG_CONTENT,,CISTS_01,N,NO,183,44,1364,2026-01-09 02:12:44
CISADM,F1_MANAG_CONTENT_L,,CISTS_01,N,NO,183,7,116,2026-01-07 21:34:14
CISADM,F1_MAP,,CISTS_01,N,NO,5364,837,984,2026-01-09 02:13:31
CISADM,F1_MAP_L,,CISTS_01,N,NO,5363,118,97,2026-01-09 02:12:53
CISADM,F1_MAP_OVRD,,CISTS_01,N,NO,1,4,172,2026-01-09 02:12:26
CISADM,F1_MDT,,CISTS_01,N,NO,0,0,0,2026-01-07 21:34:14
CISADM,F1_MDT_CHAR,,CISTS_01,N,NO,0,0,0,2026-01-07 21:34:14
CISADM,F1_MDT_K,,,N,NO,0,,0,2026-01-07 21:34:14
CISADM,F1_MDT_TYPE,,CISTS_01,N,NO,0,0,0,2026-01-07 21:34:14
CISADM,F1_MDT_TYPE_CHAR,,CISTS_01,N,NO,0,0,0,2026-01-07 21:34:14
CISADM,F1_MDT_TYPE_L,,CISTS_01,N,NO,0,0,0,2026-01-07 21:34:14
CISADM,F1_MD_BI_TBL,,CISTS_01,N,NO,243,15,112,2026-01-27 02:21:53
CISADM,F1_MD_BI_TBL_FLD,,CISTS_01,N,NO,2737,120,125,2026-01-24 22:15:07
CISADM,F1_MD_BI_TBL_L,,CISTS_01,N,NO,243,8,63,2026-01-27 02:21:52
CISADM,F1_MD_DB_OBJ,,CISTS_01,N,NO,8,4,27,2026-01-07 21:34:14
CISADM,F1_MIGR_DATA_ST,,CISTS_01,N,NO,578,40,375,2026-02-14 22:23:49
CISADM,F1_MIGR_DATA_ST_ALG,,CISTS_01,N,NO,0,0,0,2026-01-07 21:34:15
CISADM,F1_MIGR_DATA_ST_K,,,N,NO,572,,20,2026-01-07 21:34:15
CISADM,F1_MIGR_DATA_ST_LOG,,CISTS_01,N,NO,3024,120,107,2026-01-15 02:21:36
CISADM,F1_MIGR_DATA_ST_LOG_PARM,,CISTS_01,N,NO,2977,40,43,2026-01-15 02:21:36
CISADM,F1_MIGR_DATA_ST_TBL,,CISTS_01,N,NO,561,32,183,2026-01-23 02:17:34
CISADM,F1_MIGR_OBJ,,CISTS_01,N,NO,76998,4992,177,2026-01-23 02:19:09
CISADM,F1_MIGR_OBJ_ALG,,CISTS_01,N,NO,170,8,39,2026-01-23 02:18:50
CISADM,F1_MIGR_OBJ_CLOB,,CISTS_01,N,NO,6890,1152,954,2026-01-23 02:19:01
CISADM,F1_MIGR_OBJ_K,,,N,NO,76985,,20,2026-01-07 21:34:15
CISADM,F1_MIGR_OBJ_LOG,,CISTS_01,N,NO,245747,9216,106,2026-01-23 02:19:16
CISADM,F1_MIGR_OBJ_LOG_PARM,,CISTS_01,N,NO,245687,2688,38,2026-01-23 02:19:03
CISADM,F1_MIGR_OBJ_SQL,,CISTS_01,N,NO,57691,2560,262,2026-01-23 02:19:02
CISADM,F1_MIGR_OBJ_SQL_PK,,CISTS_01,N,NO,148084,3456,65,2026-01-23 02:19:07
CISADM,F1_MIGR_PLAN,,CISTS_01,N,NO,637,25,70,2026-01-09 02:12:42
CISADM,F1_MIGR_PLAN_INSTR,,CISTS_01,N,NO,2309,126,178,2026-01-09 02:12:53
CISADM,F1_MIGR_PLAN_INSTR_ALG,,CISTS_01,N,NO,7,4,63,2026-01-15 02:21:35
CISADM,F1_MIGR_PLAN_INSTR_L,,CISTS_01,N,NO,2311,52,65,2026-01-07 21:34:17
CISADM,F1_MIGR_PLAN_L,,CISTS_01,N,NO,637,20,129,2026-01-09 02:12:41
CISADM,F1_MIGR_REQ,,CISTS_01,N,NO,160,9,78,2026-01-15 02:21:34
CISADM,F1_MIGR_REQ_INCL_REQ,,CISTS_01,N,NO,52,5,70,2026-01-09 02:12:13
CISADM,F1_MIGR_REQ_INSTR,,CISTS_01,N,NO,11155,384,83,2026-01-15 02:21:39
CISADM,F1_MIGR_REQ_INSTR_ENTITY,,CISTS_01,N,NO,10830,384,78,2026-01-15 02:21:40
CISADM,F1_MIGR_REQ_INSTR_L,,CISTS_01,N,NO,11155,256,49,2026-01-15 02:21:37
CISADM,F1_MIGR_REQ_L,,CISTS_01,N,NO,161,16,148,2026-02-04 02:18:26
CISADM,F1_MIGR_TRANS,,CISTS_01,N,NO,7793,384,158,2026-02-14 22:23:51
CISADM,F1_MIGR_TRANS_K,,,N,NO,7789,,20,2026-01-07 21:34:19
CISADM,F1_MIGR_TRANS_LOG,,CISTS_01,N,NO,18730,768,107,2026-01-23 02:18:59
CISADM,F1_MIGR_TRANS_LOG_PARM,,CISTS_01,N,NO,17572,256,39,2026-01-23 02:18:53
CISADM,F1_MKTCFG,,CISTS_01,N,NO,0,0,0,2026-01-07 21:34:19
CISADM,F1_MKTCFG_CHAR,,CISTS_01,N,NO,0,0,0,2026-01-07 21:34:19
CISADM,F1_MKTCFG_L,,CISTS_01,N,NO,0,0,0,2026-01-07 21:34:19
CISADM,F1_MKTMSG_IN,,CISTS_01,N,NO,0,0,0,2026-01-07 21:34:19
CISADM,F1_MKTMSG_IN_CHAR,,CISTS_01,N,NO,0,0,0,2026-01-07 21:34:20
CISADM,F1_MKTMSG_IN_DATA,,CISTS_01,N,NO,0,0,0,2026-01-07 21:34:20
CISADM,F1_MKTMSG_IN_EXT_REF,,CISTS_01,N,NO,0,0,0,2026-01-07 21:34:20
CISADM,F1_MKTMSG_IN_ID,,CISTS_01,N,NO,0,0,0,2026-01-07 21:34:20
CISADM,F1_MKTMSG_IN_K,,,N,NO,0,,0,2026-01-07 21:34:20
CISADM,F1_MKTMSG_IN_LOG,,CISTS_01,N,NO,0,0,0,2026-01-07 21:34:20
CISADM,F1_MKTMSG_IN_LOG_PARM,,CISTS_01,N,NO,0,0,0,2026-01-07 21:34:20
CISADM,F1_MKTMSG_IN_REL_OBJ,,CISTS_01,N,NO,0,0,0,2026-01-07 21:34:20
CISADM,F1_MKTMSG_OUT,,CISTS_01,N,NO,0,0,0,2026-01-07 21:34:20
CISADM,F1_MKTMSG_OUT_CHAR,,CISTS_01,N,NO,0,0,0,2026-01-07 21:34:20
CISADM,F1_MKTMSG_OUT_DATA,,CISTS_01,N,NO,0,0,0,2026-01-07 21:34:20
CISADM,F1_MKTMSG_OUT_EXT_REF,,CISTS_01,N,NO,0,0,0,2026-01-07 21:34:20
CISADM,F1_MKTMSG_OUT_ID,,CISTS_01,N,NO,0,0,0,2026-01-07 21:34:20
CISADM,F1_MKTMSG_OUT_K,,,N,NO,0,,0,2026-01-07 21:34:20
CISADM,F1_MKTMSG_OUT_LOG,,CISTS_01,N,NO,0,0,0,2026-01-07 21:34:20
CISADM,F1_MKTMSG_OUT_LOG_PARM,,CISTS_01,N,NO,0,0,0,2026-01-07 21:34:21
CISADM,F1_MKTMSG_OUT_REL_OBJ,,CISTS_01,N,NO,0,0,0,2026-01-07 21:34:21
CISADM,F1_MKTMSG_TYPE,,CISTS_01,N,NO,0,0,0,2026-01-07 21:34:21
CISADM,F1_MKTMSG_TYPE_CHAR,,CISTS_01,N,NO,0,0,0,2026-01-07 21:34:21
CISADM,F1_MKTMSG_TYPE_L,,CISTS_01,N,NO,0,0,0,2026-01-07 21:34:21
CISADM,F1_MKTPROC,,CISTS_01,N,NO,0,0,0,2026-01-07 21:34:21
CISADM,F1_MKTPROC_CHAR,,CISTS_01,N,NO,0,0,0,2026-01-07 21:34:21
CISADM,F1_MKTPROC_EVT,,CISTS_01,N,NO,0,0,0,2026-01-07 21:34:21
CISADM,F1_MKTPROC_EVT_CHAR,,CISTS_01,N,NO,0,0,0,2026-01-07 21:34:21
CISADM,F1_MKTPROC_EVT_K,,,N,NO,0,,0,2026-01-07 21:34:21
CISADM,F1_MKTPROC_EVT_LOG,,CISTS_01,N,NO,0,0,0,2026-01-07 21:34:21
CISADM,F1_MKTPROC_EVT_LOG_PARM,,CISTS_01,N,NO,0,0,0,2026-01-07 21:34:21
CISADM,F1_MKTPROC_EVT_REL_OBJ,,CISTS_01,N,NO,0,0,0,2026-01-07 21:34:22
CISADM,F1_MKTPROC_ID,,CISTS_01,N,NO,0,0,0,2026-01-07 21:34:22
CISADM,F1_MKTPROC_K,,,N,NO,0,,0,2026-01-07 21:34:22
CISADM,F1_MKTPROC_LOG,,CISTS_01,N,NO,0,0,0,2026-01-07 21:34:22
CISADM,F1_MKTPROC_LOG_PARM,,CISTS_01,N,NO,0,0,0,2026-01-07 21:34:22
CISADM,F1_MKTPROC_REL_OBJ,,CISTS_01,N,NO,0,0,0,2026-01-07 21:34:23
CISADM,F1_MKTPROC_REL_PROC,,CISTS_01,N,NO,0,0,0,2026-01-07 21:34:23
CISADM,F1_MKTPROC_TYPE,,CISTS_01,N,NO,0,0,0,2026-01-07 21:34:23
CISADM,F1_MKTPROC_TYPE_CHAR,,CISTS_01,N,NO,0,0,0,2026-01-07 21:34:23
CISADM,F1_MKTPROC_TYPE_EVT,,CISTS_01,N,NO,0,0,0,2026-01-07 21:34:23
CISADM,F1_MKTPROC_TYPE_L,,CISTS_01,N,NO,0,0,0,2026-01-07 21:34:23
CISADM,F1_MOBILE_COMPONENT,,CISTS_01,N,NO,81,5,82,2026-01-07 21:34:23
CISADM,F1_MOBILE_COMPONENT_L,,CISTS_01,N,NO,81,5,121,2026-01-07 21:34:23
CISADM,F1_MOB_COMP_CHAR,,CISTS_01,N,NO,4,4,58,2026-01-07 21:34:23
CISADM,F1_MOB_COMP_CNT,,CISTS_01,N,NO,139,30,1204,2026-01-07 21:34:23
CISADM,F1_MO_UPD,,CISTS_01,N,NO,0,0,0,2026-01-07 21:34:24
CISADM,F1_MO_UPD_BACKLOG,,CISTS_01,N,NO,0,0,0,2026-01-07 21:34:24
CISADM,F1_MST_CONFIG,,CISTS_01,N,NO,22,6,910,2026-01-09 02:12:23
CISADM,F1_OBJ_REV,,CISTS_01,N,NO,0,0,0,2026-01-07 21:34:24
CISADM,F1_OBJ_REV_CHAR,,CISTS_01,N,NO,0,0,0,2026-01-07 21:34:24
CISADM,F1_OBJ_REV_LOG,,CISTS_01,N,NO,0,0,0,2026-01-07 21:34:24
CISADM,F1_OBJ_REV_LOG_PARM,,CISTS_01,N,NO,0,0,0,2026-01-07 21:34:24
CISADM,F1_OUTMSG,,CISTS_01,N,NO,439389,78848,1191,2026-02-13 02:18:01
CISADM,F1_OUTMSG_ERRPARM,,CISTS_01,N,NO,53504,1294,135,2026-02-27 02:15:27
CISADM,F1_OUTMSG_K,,,N,NO,439377,,18,2026-01-07 21:34:26
CISADM,F1_OUTMSG_TYPE,,CISTS_01,N,NO,94,7,88,2026-01-09 02:12:18
CISADM,F1_OUTMSG_TYPE_L,,CISTS_01,N,NO,94,5,81,2026-01-16 02:05:26
CISADM,F1_PERF_TGT,,CISTS_01,N,NO,0,0,0,2026-01-07 21:34:27
CISADM,F1_PERF_TGT_CHAR,,CISTS_01,N,NO,0,0,0,2026-01-07 21:34:27
CISADM,F1_PERF_TGT_L,,CISTS_01,N,NO,0,0,0,2026-01-07 21:34:27
CISADM,F1_PERF_TGT_LOG,,CISTS_01,N,NO,0,0,0,2026-01-07 21:34:27
CISADM,F1_PERF_TGT_LOG_PARM,,CISTS_01,N,NO,0,0,0,2026-01-07 21:34:27
CISADM,F1_PERF_TGT_REL_OBJ,,CISTS_01,N,NO,0,0,0,2026-01-07 21:34:27
CISADM,F1_PERF_TGT_TYPE,,CISTS_01,N,NO,1,4,102,2026-01-07 21:34:27
CISADM,F1_PERF_TGT_TYPE_CHAR,,CISTS_01,N,NO,0,0,0,2026-01-07 21:34:27
CISADM,F1_PERF_TGT_TYPE_L,,CISTS_01,N,NO,1,4,63,2026-01-07 21:34:27
CISADM,F1_PROC_DEFN,,CISTS_01,N,NO,9,4,240,2026-01-16 02:05:29
CISADM,F1_PROC_DEFN_L,,CISTS_01,N,NO,9,4,58,2026-01-16 02:05:28
CISADM,F1_PROC_NEXT_PANEL,,CISTS_01,N,NO,26,4,87,2026-01-24 22:15:05
CISADM,F1_PROC_PANEL,,CISTS_01,N,NO,35,5,190,2026-01-24 22:15:05
CISADM,F1_PROC_STORE,,CISTS_01,N,NO,10741,1280,720,2026-01-16 02:06:15
CISADM,F1_PROC_STORE_DTL_ELEMENTS,,CISTS_01,N,NO,28004,384,52,2026-01-16 02:05:46
CISADM,F1_PROC_STORE_K,,,N,NO,10738,,20,2026-01-07 21:34:28
CISADM,F1_PROC_STORE_LOG,,CISTS_01,N,NO,19215,384,66,2026-01-16 02:05:46
CISADM,F1_PROC_STORE_LOG_PARM,,CISTS_01,N,NO,19215,256,39,2026-01-16 02:05:42
CISADM,F1_REMOTE_MSG,,CISTS_01,N,NO,0,0,0,2026-01-07 21:34:28
CISADM,F1_REMOTE_MSG_CHAR,,CISTS_01,N,NO,0,0,0,2026-01-07 21:34:29
CISADM,F1_REMOTE_MSG_K,,,N,NO,0,,0,2026-01-07 21:34:29
CISADM,F1_REMOTE_MSG_LOG,,CISTS_01,N,NO,0,0,0,2026-01-07 21:34:29
CISADM,F1_REMOTE_MSG_LOG_PARM,,CISTS_01,N,NO,0,0,0,2026-01-07 21:34:29
CISADM,F1_REQ,,CISTS_01,N,NO,9,6,1767,2026-01-07 21:34:29
CISADM,F1_REQ_CHAR,,CISTS_01,N,NO,9,4,46,2026-01-07 21:34:29
CISADM,F1_REQ_K,,,N,NO,9,,18,2026-01-07 21:34:29
CISADM,F1_REQ_LOG,,CISTS_01,N,NO,27,4,104,2026-01-07 21:34:29
CISADM,F1_REQ_LOG_PARM,,CISTS_01,N,NO,27,4,37,2026-01-07 21:34:29
CISADM,F1_REQ_TYPE,,CISTS_01,N,NO,1,4,197,2026-01-07 21:34:29
CISADM,F1_REQ_TYPE_L,,CISTS_01,N,NO,1,4,47,2026-01-07 21:34:29
CISADM,F1_REQ_TYPE_LOG,,CISTS_01,N,NO,1,4,115,2026-01-07 21:34:29
CISADM,F1_REQ_TYPE_LOG_PARM,,CISTS_01,N,NO,3,4,40,2026-01-07 21:34:29
CISADM,F1_SCHEMA,,CISTS_01,N,NO,22674,3206,898,2026-01-09 02:14:10
CISADM,F1_STATS,,CISTS_01,N,NO,5,4,130,2026-01-07 21:34:30
CISADM,F1_STATS_CHAR,,CISTS_01,N,NO,0,0,0,2026-01-07 21:34:30
CISADM,F1_STATS_L,,CISTS_01,N,NO,5,4,123,2026-01-07 21:34:30
CISADM,F1_STATS_LOG,,CISTS_01,N,NO,0,0,0,2026-01-07 21:34:30
CISADM,F1_STATS_LOG_PARM,,CISTS_01,N,NO,0,0,0,2026-01-07 21:34:30
CISADM,F1_STATS_REL_OBJ,,CISTS_01,N,NO,0,0,0,2026-01-07 21:34:30
CISADM,F1_STATS_SNPSHT,,CISTS_01,N,NO,0,0,0,2026-01-07 21:34:30
CISADM,F1_STATS_SNPSHT_CHAR,,CISTS_01,N,NO,0,0,0,2026-01-07 21:34:30
CISADM,F1_STATS_SNPSHT_K,,,N,NO,0,,0,2026-01-07 21:34:30
CISADM,F1_STATS_SNPSHT_LOG,,CISTS_01,N,NO,0,0,0,2026-01-07 21:34:30
CISADM,F1_STATS_SNPSHT_LOG_PARM,,CISTS_01,N,NO,0,0,0,2026-01-07 21:34:30
CISADM,F1_STATS_SNPSHT_REL_OBJ,,CISTS_01,N,NO,0,0,0,2026-01-07 21:34:30
CISADM,F1_SVC_CATALOG,,CISTS_01,N,NO,0,0,0,2026-01-07 21:34:30
CISADM,F1_SVC_TASK,,CISTS_01,N,NO,421308,22528,351,2026-01-31 22:17:34
CISADM,F1_SVC_TASK_CHAR,,CISTS_01,N,NO,1867526,40960,89,2026-01-16 02:08:27
CISADM,F1_SVC_TASK_K,,,N,NO,421282,,20,2026-01-07 21:34:33
CISADM,F1_SVC_TASK_LOG,,CISTS_01,N,NO,1736677,58368,110,2026-01-16 02:09:05
CISADM,F1_SVC_TASK_LOG_PARM,,CISTS_01,N,NO,1332136,14592,39,2026-01-09 02:15:29
CISADM,F1_SVC_TASK_REL_OBJ,,CISTS_01,N,NO,728164,11264,54,2026-01-09 02:15:17
CISADM,F1_SVC_TASK_TYPE,,CISTS_01,N,NO,70,19,1333,2026-01-09 02:12:42
CISADM,F1_SVC_TASK_TYPE_CHAR,,CISTS_01,N,NO,5,4,62,2026-02-13 02:16:58
CISADM,F1_SVC_TASK_TYPE_L,,CISTS_01,N,NO,70,4,67,2026-01-09 02:12:16
CISADM,F1_SYNC_REQ,,CISTS_01,N,NO,462038,188416,2176,2026-02-27 02:15:03
CISADM,F1_SYNC_REQ_CHAR,,CISTS_01,N,NO,0,0,0,2026-01-07 21:34:44
CISADM,F1_SYNC_REQ_EXTRACT,,CISTS_01,N,NO,20,8,1425,2026-01-07 21:34:44
CISADM,F1_SYNC_REQ_IN,,CISTS_01,N,NO,165878,164736,5922,2026-01-16 02:11:50
CISADM,F1_SYNC_REQ_IN_CHAR,,CISTS_01,N,NO,3447,82,77,2026-01-07 21:34:48
CISADM,F1_SYNC_REQ_IN_EXCP,,CISTS_01,N,NO,13,4,30,2026-01-07 21:34:48
CISADM,F1_SYNC_REQ_IN_EXCP_PARM,,CISTS_01,N,NO,4,4,42,2026-01-07 21:34:48
CISADM,F1_SYNC_REQ_IN_K,,,N,NO,165858,,20,2026-01-07 21:34:48
CISADM,F1_SYNC_REQ_IN_LOG,,CISTS_01,N,NO,1150182,39936,106,2026-01-16 02:08:11
CISADM,F1_SYNC_REQ_IN_LOG_PARM,,CISTS_01,N,NO,1150042,12521,42,2026-01-07 21:34:51
CISADM,F1_SYNC_REQ_IN_REL_OBJ,,CISTS_01,N,NO,0,0,0,2026-01-07 21:34:53
CISADM,F1_SYNC_REQ_K,,,N,NO,456432,,20,2026-01-07 21:34:53
CISADM,F1_SYNC_REQ_LOG,,CISTS_01,N,NO,1972218,68608,108,2026-01-16 02:09:34
CISADM,F1_SYNC_REQ_LOG_PARM,,CISTS_01,N,NO,1764598,20480,45,2026-01-16 02:07:37
CISADM,F1_TAG,,CISTS_01,N,NO,0,0,0,2026-01-07 21:35:01
CISADM,F1_TAGGED_ENTITY,,CISTS_01,N,NO,0,0,0,2026-01-07 21:35:01
CISADM,F1_TAG_CHAR,,CISTS_01,N,NO,0,0,0,2026-01-07 21:35:02
CISADM,F1_TAG_L,,CISTS_01,N,NO,0,0,0,2026-01-07 21:35:02
CISADM,F1_TIME_D,,CISTS_01,N,NO,0,0,0,2026-01-07 21:35:02
CISADM,F1_TREE,,CISTS_01,N,NO,12,4,75,2026-01-09 02:12:18
CISADM,F1_TREE_L,,CISTS_01,N,NO,12,4,66,2026-01-07 21:35:02
CISADM,F1_TREE_NODE,,CISTS_01,N,NO,101,7,135,2026-01-24 22:15:05
CISADM,F1_TREE_NODE_ALG,,CISTS_01,N,NO,125,8,91,2026-01-09 02:12:15
CISADM,F1_TREE_NODE_L,,CISTS_01,N,NO,101,7,87,2026-01-07 21:35:02
CISADM,F1_TSPACE_ENTRY,,CISTS_01,N,NO,159,64,1809,2026-02-27 02:12:55
CISADM,F1_WEB_CAT,,CISTS_01,N,NO,26,4,49,2026-01-28 02:15:06
CISADM,F1_WEB_CAT_INCL_SVC,,CISTS_01,N,NO,361,7,56,2026-01-28 02:15:06
CISADM,F1_WEB_CAT_L,,CISTS_01,N,NO,26,4,39,2026-01-28 02:15:05
CISADM,F1_WEB_SVC,,CISTS_01,N,NO,0,0,0,2026-01-07 21:35:02
CISADM,F1_WEB_SVC_CHAR,,CISTS_01,N,NO,0,0,0,2026-01-07 21:35:02
CISADM,F1_WEB_SVC_GTT,,,Y,NO,,,,
CISADM,F1_WEB_SVC_L,,CISTS_01,N,NO,0,0,0,2026-01-07 21:35:02
CISADM,F1_WEB_SVC_LOG,,CISTS_01,N,NO,0,0,0,2026-01-07 21:35:02
CISADM,F1_WEB_SVC_LOG_PARM,,CISTS_01,N,NO,0,0,0,2026-01-07 21:35:03
CISADM,F1_WEB_SVC_OPERATIONS,,CISTS_01,N,NO,0,0,0,2026-01-07 21:35:03
CISADM,SC_ACCESS_CNTL,,CISTS_01,N,NO,29640,743,55,2026-01-09 02:13:27
CISADM,SC_APP_SERVICE,,CISTS_01,N,NO,2930,42,29,2026-01-09 02:12:44
CISADM,SC_APP_SERVICE_L,,CISTS_01,N,NO,2930,47,60,2026-01-09 02:12:44
CISADM,SC_USER,,CISTS_01,N,NO,150,13,245,2026-02-18 02:12:26
CISADM,SC_USER_CHAR,,CISTS_01,N,NO,65,8,63,2026-02-27 02:13:22
CISADM,SC_USER_GROUP,,CISTS_01,N,NO,52,4,29,2026-02-21 22:16:49
CISADM,SC_USER_GROUP_L,,CISTS_01,N,NO,52,4,51,2026-01-17 22:11:34
CISADM,SC_USR_GRP_PROF,,CISTS_01,N,NO,10578,248,58,2026-01-09 02:12:57
CISADM,SC_USR_GRP_USR,,CISTS_01,N,NO,407,10,46,2026-01-09 02:12:39
CISADM,TMP_TAB_CNV_SA_PREM,,CISTS_01,N,NO,47550,802,38,2026-01-07 21:35:04
CISADM,W1_ACPT_LINE,,CISTS_01,N,NO,0,0,0,2026-01-07 21:35:04
CISADM,W1_ACPT_LINE_ASSET,,CISTS_01,N,NO,0,0,0,2026-01-07 21:35:04
CISADM,W1_ACPT_LINE_CHAR,,CISTS_01,N,NO,0,0,0,2026-01-07 21:35:04
CISADM,W1_ACPT_LINE_K,,,N,NO,0,,0,2026-01-07 21:35:04
CISADM,W1_ACPT_LINE_LOG,,CISTS_01,N,NO,0,0,0,2026-01-07 21:35:04
CISADM,W1_ACPT_LINE_LOG_PARM,,CISTS_01,N,NO,0,0,0,2026-01-07 21:35:04
CISADM,W1_ACPT_LINE_LOT,,CISTS_01,N,NO,0,0,0,2026-01-07 21:35:04
CISADM,W1_ACTIVITY,,CISTS_01,N,NO,38,6,434,2026-02-04 02:18:25
CISADM,W1_ACTIVITY_ASSET,,CISTS_01,N,NO,0,0,0,2026-01-07 21:35:04
CISADM,W1_ACTIVITY_ATTACHMENT,,CISTS_01,N,NO,0,0,0,2026-01-07 21:35:04
CISADM,W1_ACTIVITY_CHAR,,CISTS_01,N,NO,0,0,0,2026-01-07 21:35:05
CISADM,W1_ACTIVITY_COST_CENTER,,CISTS_01,N,NO,0,0,0,2026-01-07 21:35:05
CISADM,W1_ACTIVITY_DEPENDENCY,,CISTS_01,N,NO,0,0,0,2026-01-07 21:35:05
CISADM,W1_ACTIVITY_DOCUMENT,,CISTS_01,N,NO,0,0,0,2026-01-07 21:35:05
CISADM,W1_ACTIVITY_IDENTIFIER,,CISTS_01,N,NO,0,0,0,2026-01-07 21:35:05
CISADM,W1_ACTIVITY_K,,,N,NO,38,,20,2026-01-07 21:35:05
CISADM,W1_ACTIVITY_LOG,,CISTS_01,N,NO,139,8,106,2026-01-07 21:35:05
CISADM,W1_ACTIVITY_LOG_PARM,,CISTS_01,N,NO,139,5,46,2026-01-07 21:35:05
CISADM,W1_ACTIVITY_MEASUREMENT_TYPE,,CISTS_01,N,NO,0,0,0,2026-01-07 21:35:05
CISADM,W1_ACTIVITY_NOTE,,CISTS_01,N,NO,0,0,0,2026-01-07 21:35:05
CISADM,W1_ACTIVITY_PLAN_SVC_HIST_TYPE,,CISTS_01,N,NO,0,0,0,2026-01-07 21:35:05
CISADM,W1_ACTIVITY_REL_OBJ,,CISTS_01,N,NO,0,0,0,2026-01-07 21:35:05
CISADM,W1_ACTIVITY_TYPE,,CISTS_01,N,NO,3,4,238,2026-02-04 02:18:26
CISADM,W1_ACTIVITY_TYPE_ATTACHMENT,,CISTS_01,N,NO,0,0,0,2026-01-07 21:35:05
CISADM,W1_ACTIVITY_TYPE_CEVT_TYPE,,CISTS_01,N,NO,3,4,73,2026-02-04 02:18:25
CISADM,W1_ACTIVITY_TYPE_CHAR,,CISTS_01,N,NO,0,0,0,2026-01-07 21:35:05
CISADM,W1_ACTIVITY_TYPE_DOCUMENT,,CISTS_01,N,NO,0,0,0,2026-01-07 21:35:05
CISADM,W1_ACTIVITY_TYPE_IDENTIFIER,,CISTS_01,N,NO,0,0,0,2026-01-07 21:35:05
CISADM,W1_ACTIVITY_TYPE_L,,CISTS_01,N,NO,3,4,73,2026-02-04 02:18:26
CISADM,W1_ACTIVITY_TYPE_OUTMSG_TYPE,,CISTS_01,N,NO,0,0,0,2026-01-07 21:35:05
CISADM,W1_ACTIVITY_TYPE_RESRC_REQMT,,CISTS_01,N,NO,0,0,0,2026-01-07 21:35:06
CISADM,W1_ACTIVITY_TYPE_SERVICE_CLASS,,CISTS_01,N,NO,0,0,0,2026-01-07 21:35:06
CISADM,W1_ACT_CONSTR_LOC,,CISTS_01,N,NO,0,0,0,2026-01-07 21:35:06
CISADM,W1_ACT_CONSTR_LOC_CHAR,,CISTS_01,N,NO,0,0,0,2026-01-07 21:35:06
CISADM,W1_ACT_CONSTR_LOC_CU,,CISTS_01,N,NO,0,0,0,2026-01-07 21:35:06
CISADM,W1_ACT_CONSTR_LOC_CU_ASSET,,CISTS_01,N,NO,0,0,0,2026-01-07 21:35:06
CISADM,W1_ACT_CONSTR_LOC_K,,,N,NO,0,,0,2026-01-07 21:35:06
CISADM,W1_ACT_RECON,,CISTS_01,N,NO,0,0,0,2026-01-07 21:35:06
CISADM,W1_ACT_RECON_CHAR,,CISTS_01,N,NO,0,0,0,2026-01-07 21:35:06
CISADM,W1_ACT_RECON_COST_CENTER,,CISTS_01,N,NO,0,0,0,2026-01-07 21:35:06
CISADM,W1_ACT_RECON_DOCUMENT,,CISTS_01,N,NO,0,0,0,2026-01-07 21:35:06
CISADM,W1_ACT_RECON_IDENTIFIER,,CISTS_01,N,NO,0,0,0,2026-01-07 21:35:06
CISADM,W1_ACT_RECON_K,,,N,NO,0,,0,2026-01-07 21:35:06
CISADM,W1_ACT_RECON_LOG,,CISTS_01,N,NO,0,0,0,2026-01-07 21:35:06
CISADM,W1_ACT_RECON_LOG_PARM,,CISTS_01,N,NO,0,0,0,2026-01-07 21:35:06
CISADM,W1_ACT_RECON_NOTE,,CISTS_01,N,NO,0,0,0,2026-01-07 21:35:06
CISADM,W1_ACT_RECON_PROP_UNIT,,CISTS_01,N,NO,0,0,0,2026-01-07 21:35:06
CISADM,W1_ACT_RESRC_REQMT,,CISTS_01,N,NO,0,0,0,2026-01-07 21:35:06
CISADM,W1_ACT_RESRC_REQMT_CHAR,,CISTS_01,N,NO,0,0,0,2026-01-07 21:35:06
CISADM,W1_ACT_RESRC_REQMT_DOCUMENT,,CISTS_01,N,NO,0,0,0,2026-01-07 21:35:06
CISADM,W1_ACT_RESRC_REQMT_DTL,,CISTS_01,N,NO,0,0,0,2026-01-07 21:35:06
CISADM,W1_ACT_RESRC_REQMT_IDENTIFIER,,CISTS_01,N,NO,0,0,0,2026-01-07 21:35:07
CISADM,W1_ACT_RESRC_REQMT_K,,,N,NO,0,,0,2026-01-07 21:35:07
CISADM,W1_ACT_RESRC_REQMT_LOG,,CISTS_01,N,NO,0,0,0,2026-01-07 21:35:07
CISADM,W1_ACT_RESRC_REQMT_LOG_PARM,,CISTS_01,N,NO,0,0,0,2026-01-07 21:35:07
CISADM,W1_ACT_RESRC_REQMT_NOTE,,CISTS_01,N,NO,0,0,0,2026-01-07 21:35:07
CISADM,W1_ACT_TYPE_PLAN_SVC_HIST_TYPE,,CISTS_01,N,NO,0,0,0,2026-01-07 21:35:07
CISADM,W1_ADJUSTMENT,,CISTS_01,N,NO,0,0,0,2026-01-07 21:35:07
CISADM,W1_ADJUSTMENT_CHAR,,CISTS_01,N,NO,0,0,0,2026-01-07 21:35:07
CISADM,W1_ADJUSTMENT_DOCUMENT,,CISTS_01,N,NO,0,0,0,2026-01-07 21:35:07
CISADM,W1_ADJUSTMENT_DTL,,CISTS_01,N,NO,0,0,0,2026-01-07 21:35:07
CISADM,W1_ADJUSTMENT_IDENTIFIER,,CISTS_01,N,NO,0,0,0,2026-01-07 21:35:07
CISADM,W1_ADJUSTMENT_LOG,,CISTS_01,N,NO,0,0,0,2026-01-07 21:35:07
CISADM,W1_ADJUSTMENT_LOG_PARM,,CISTS_01,N,NO,0,0,0,2026-01-07 21:35:07
CISADM,W1_ADJUSTMENT_TYPE,,CISTS_01,N,NO,0,0,0,2026-01-07 21:35:07
CISADM,W1_ADJUSTMENT_TYPE_CHAR,,CISTS_01,N,NO,0,0,0,2026-01-07 21:35:07
CISADM,W1_ADJUSTMENT_TYPE_L,,CISTS_01,N,NO,0,0,0,2026-01-07 21:35:07
CISADM,W1_APPROVAL_PROF,,CISTS_01,N,NO,0,0,0,2026-01-07 21:35:07
CISADM,W1_APPROVAL_PROF_CHAR,,CISTS_01,N,NO,0,0,0,2026-01-07 21:35:07
CISADM,W1_APPROVAL_PROF_IDENTIFIER,,CISTS_01,N,NO,0,0,0,2026-01-07 21:35:07
CISADM,W1_APPROVAL_PROF_L,,CISTS_01,N,NO,0,0,0,2026-01-07 21:35:07
CISADM,W1_APPROVAL_PROF_USER_GROUP,,CISTS_01,N,NO,0,0,0,2026-01-07 21:35:07
CISADM,W1_APPROVAL_REQ,,CISTS_01,N,NO,0,0,0,2026-01-07 21:35:07
CISADM,W1_APPROVAL_REQ_APPROVER,,CISTS_01,N,NO,0,0,0,2026-01-07 21:35:07
CISADM,W1_APPROVAL_REQ_CHAR,,CISTS_01,N,NO,0,0,0,2026-01-07 21:35:07
CISADM,W1_APPROVAL_REQ_IDENTIFIER,,CISTS_01,N,NO,0,0,0,2026-01-07 21:35:08
CISADM,W1_APPROVAL_REQ_K,,,N,NO,0,,0,2026-01-07 21:35:08
CISADM,W1_APPROVAL_REQ_LOG,,CISTS_01,N,NO,0,0,0,2026-01-07 21:35:08
CISADM,W1_APPROVAL_REQ_LOG_PARM,,CISTS_01,N,NO,0,0,0,2026-01-07 21:35:08
CISADM,W1_ASSESS_CLASS,,CISTS_01,N,NO,0,0,0,2026-01-07 21:35:08
CISADM,W1_ASSESS_CLASS_ASSESS_GRP,,CISTS_01,N,NO,0,0,0,2026-01-07 21:35:08
CISADM,W1_ASSESS_CLASS_CHAR,,CISTS_01,N,NO,0,0,0,2026-01-07 21:35:08
CISADM,W1_ASSESS_CLASS_L,,CISTS_01,N,NO,0,0,0,2026-01-07 21:35:08
CISADM,W1_ASSESS_CLASS_LOG,,CISTS_01,N,NO,0,0,0,2026-01-07 21:35:08
CISADM,W1_ASSESS_CLASS_LOG_PARM,,CISTS_01,N,NO,0,0,0,2026-01-07 21:35:08
CISADM,W1_ASSESS_GRP,,CISTS_01,N,NO,0,0,0,2026-01-07 21:35:08
CISADM,W1_ASSESS_GRP_AGING_FACTOR,,CISTS_01,N,NO,0,0,0,2026-01-07 21:35:08
CISADM,W1_ASSESS_GRP_CHAR,,CISTS_01,N,NO,0,0,0,2026-01-07 21:35:08
CISADM,W1_ASSESS_GRP_L,,CISTS_01,N,NO,0,0,0,2026-01-07 21:35:08
CISADM,W1_ASSESS_GRP_SVC_HIST_TYPE,,CISTS_01,N,NO,0,0,0,2026-01-07 21:35:08
CISADM,W1_ASSET,,CISTS_01,N,NO,54302,2423,281,2026-01-28 02:15:16
CISADM,W1_ASSET_ATTACHMENT,,CISTS_01,N,NO,0,0,0,2026-01-07 21:35:09
CISADM,W1_ASSET_ATTRIBUTE,,CISTS_01,N,NO,869,22,73,2026-01-16 02:05:33
CISADM,W1_ASSET_CHAR,,CISTS_01,N,NO,0,0,0,2026-01-07 21:35:09
CISADM,W1_ASSET_CHAR2,,CISTS_01,N,NO,0,0,0,2026-01-07 21:35:09
CISADM,W1_ASSET_DOCUMENT,,CISTS_01,N,NO,0,0,0,2026-01-07 21:35:09
CISADM,W1_ASSET_EMPLOYEE,,CISTS_01,N,NO,0,0,0,2026-01-07 21:35:09
CISADM,W1_ASSET_IDENTIFIER,,CISTS_01,N,NO,167802,1517,41,2026-01-17 22:11:43
CISADM,W1_ASSET_K,,,N,NO,54302,,18,2026-01-07 21:35:09
CISADM,W1_ASSET_LOG,,CISTS_01,N,NO,51674,1468,106,2026-01-07 21:35:10
CISADM,W1_ASSET_LOG_PARM,,CISTS_01,N,NO,33287,368,41,2026-01-07 21:35:10
CISADM,W1_ASSET_MAINT_TRIGGER_FCST,,CISTS_01,N,NO,0,0,0,2026-01-07 21:35:10
CISADM,W1_ASSET_MEASUREMENT_TYPE,,CISTS_01,N,NO,0,0,0,2026-01-07 21:35:10
CISADM,W1_ASSET_NODE,,CISTS_01,N,NO,72281,929,84,2026-01-17 22:11:40
CISADM,W1_ASSET_NOTE,,CISTS_01,N,NO,0,0,0,2026-01-07 21:35:11
CISADM,W1_ASSET_TYPE,,CISTS_01,N,NO,6,4,153,2026-02-04 02:18:25
CISADM,W1_ASSET_TYPE_ATTRIBUTE,,CISTS_01,N,NO,5,4,25,2026-01-07 21:35:11
CISADM,W1_ASSET_TYPE_CHAR,,CISTS_01,N,NO,0,0,0,2026-01-07 21:35:11
CISADM,W1_ASSET_TYPE_L,,CISTS_01,N,NO,6,4,48,2026-01-31 22:17:15
CISADM,W1_ASSET_TYPE_NODE_TYPE,,CISTS_01,N,NO,82,4,43,2026-01-07 21:35:11
CISADM,W1_ASSET_TYPE_STATS,,CISTS_01,N,NO,0,0,0,2026-01-07 21:35:11
CISADM,W1_ASSET_TYPE_STATS_CHAR,,CISTS_01,N,NO,0,0,0,2026-01-07 21:35:11
CISADM,W1_ASSET_TYPE_SVC_HIST_TYPE,,CISTS_01,N,NO,9,4,32,2026-01-07 21:35:11
CISADM,W1_BC_ACCESS_LIST,,CISTS_01,N,NO,0,0,0,2026-01-07 21:35:11
CISADM,W1_BC_ACCESS_LIST_CHAR,,CISTS_01,N,NO,0,0,0,2026-01-07 21:35:11
CISADM,W1_BC_ACCESS_LIST_L,,CISTS_01,N,NO,0,0,0,2026-01-07 21:35:11
CISADM,W1_BC_ACCESS_LIST_USER,,CISTS_01,N,NO,0,0,0,2026-01-07 21:35:11
CISADM,W1_BC_HEADER,,CISTS_01,N,NO,0,0,0,2026-01-07 21:35:12
CISADM,W1_BC_HEADER_CHAR,,CISTS_01,N,NO,0,0,0,2026-01-07 21:35:12
CISADM,W1_BC_HEADER_DOCUMENT,,CISTS_01,N,NO,0,0,0,2026-01-07 21:35:12
CISADM,W1_BC_HEADER_IDENTIFIER,,CISTS_01,N,NO,0,0,0,2026-01-07 21:35:12
CISADM,W1_BC_HEADER_K,,,N,NO,0,,0,2026-01-07 21:35:12
CISADM,W1_BC_HEADER_LOG,,CISTS_01,N,NO,0,0,0,2026-01-07 21:35:12
CISADM,W1_BC_HEADER_LOG_PARM,,CISTS_01,N,NO,0,0,0,2026-01-07 21:35:12
CISADM,W1_BC_HEADER_NOTE,,CISTS_01,N,NO,0,0,0,2026-01-07 21:35:12
CISADM,W1_BC_LINE,,CISTS_01,N,NO,0,0,0,2026-01-07 21:35:12
CISADM,W1_BC_LINE_CHAR,,CISTS_01,N,NO,0,0,0,2026-01-07 21:35:12
CISADM,W1_BC_LINE_DOCUMENT,,CISTS_01,N,NO,0,0,0,2026-01-07 21:35:12
CISADM,W1_BC_LINE_K,,,N,NO,0,,0,2026-01-07 21:35:12
CISADM,W1_BC_LINE_LOG,,CISTS_01,N,NO,0,0,0,2026-01-07 21:35:12
CISADM,W1_BC_LINE_LOG_PARM,,CISTS_01,N,NO,0,0,0,2026-01-07 21:35:12
CISADM,W1_BC_LINE_MFR,,CISTS_01,N,NO,0,0,0,2026-01-07 21:35:12
CISADM,W1_BKT_CONFIG,,CISTS_01,N,NO,0,0,0,2026-01-07 21:35:12
CISADM,W1_BKT_CONFIG_L,,CISTS_01,N,NO,0,0,0,2026-01-07 21:35:12
CISADM,W1_BKT_CONFIG_REL_OBJ,,CISTS_01,N,NO,0,0,0,2026-01-07 21:35:12
CISADM,W1_BKT_CONFIG_VAL,,CISTS_01,N,NO,0,0,0,2026-01-07 21:35:12
CISADM,W1_BKT_CONFIG_VAL_L,,CISTS_01,N,NO,0,0,0,2026-01-07 21:35:12
CISADM,W1_BOM_ASSEMBLY,,CISTS_01,N,NO,0,0,0,2026-01-07 21:35:12
CISADM,W1_BOM_CHAR,,CISTS_01,N,NO,0,0,0,2026-01-07 21:35:13
CISADM,W1_BOM_DOCUMENT,,CISTS_01,N,NO,0,0,0,2026-01-07 21:35:13
CISADM,W1_BOM_IDENTIFIER,,CISTS_01,N,NO,0,0,0,2026-01-07 21:35:13
CISADM,W1_BOM_K,,,N,NO,0,,0,2026-01-07 21:35:13
CISADM,W1_BOM_NOTE,,CISTS_01,N,NO,0,0,0,2026-01-07 21:35:13
CISADM,W1_BOM_PART,,CISTS_01,N,NO,0,0,0,2026-01-07 21:35:13
CISADM,W1_BUSINESS_UNIT,,CISTS_01,N,NO,0,0,0,2026-01-07 21:35:13
CISADM,W1_BUSINESS_UNIT_CHAR,,CISTS_01,N,NO,0,0,0,2026-01-07 21:35:13
CISADM,W1_BUSINESS_UNIT_L,,CISTS_01,N,NO,0,0,0,2026-01-07 21:35:13
CISADM,W1_BUYER,,CISTS_01,N,NO,0,0,0,2026-01-07 21:35:13
CISADM,W1_BUYER_CHAR,,CISTS_01,N,NO,0,0,0,2026-01-07 21:35:13
CISADM,W1_BUYER_EMAIL,,CISTS_01,N,NO,0,0,0,2026-01-07 21:35:13
CISADM,W1_BUYER_IDENTIFIER,,CISTS_01,N,NO,0,0,0,2026-01-07 21:35:13
CISADM,W1_BUYER_L,,CISTS_01,N,NO,0,0,0,2026-01-07 21:35:13
CISADM,W1_BUYER_LOG,,CISTS_01,N,NO,0,0,0,2026-01-07 21:35:13
CISADM,W1_BUYER_LOG_PARM,,CISTS_01,N,NO,0,0,0,2026-01-07 21:35:13
CISADM,W1_BUYER_PHONE,,CISTS_01,N,NO,0,0,0,2026-01-07 21:35:13
CISADM,W1_CALENDAR,,CISTS_01,N,NO,0,0,0,2026-01-07 21:35:13
CISADM,W1_CALENDAR_CHAR,,CISTS_01,N,NO,0,0,0,2026-01-07 21:35:13
CISADM,W1_CALENDAR_L,,CISTS_01,N,NO,0,0,0,2026-01-07 21:35:13
CISADM,W1_CALENDAR_PERIOD,,CISTS_01,N,NO,0,0,0,2026-01-07 21:35:13
CISADM,W1_CALENDAR_PERIOD_L,,CISTS_01,N,NO,0,0,0,2026-01-07 21:35:13
CISADM,W1_CAPABILITY_TYPE,,CISTS_01,N,NO,0,0,0,2026-01-07 21:35:13
CISADM,W1_CAPABILITY_TYPE_CHAR,,CISTS_01,N,NO,0,0,0,2026-01-07 21:35:13
CISADM,W1_CAPABILITY_TYPE_L,,CISTS_01,N,NO,0,0,0,2026-01-07 21:35:13
CISADM,W1_CHANGE_REQ,,CISTS_01,N,NO,0,0,0,2026-01-07 21:35:13
CISADM,W1_CHANGE_REQ_APPR_PROF,,CISTS_01,N,NO,0,0,0,2026-01-07 21:35:14
CISADM,W1_CHANGE_REQ_CHAR,,CISTS_01,N,NO,0,0,0,2026-01-07 21:35:14
CISADM,W1_CHANGE_REQ_DOCUMENT,,CISTS_01,N,NO,0,0,0,2026-01-07 21:35:14
CISADM,W1_CHANGE_REQ_K,,,N,NO,0,,0,2026-01-07 21:35:14
CISADM,W1_CHANGE_REQ_LOG,,CISTS_01,N,NO,0,0,0,2026-01-07 21:35:14
CISADM,W1_CHANGE_REQ_LOG_PARM,,CISTS_01,N,NO,0,0,0,2026-01-07 21:35:14
CISADM,W1_CHANGE_REQ_TYPE,,CISTS_01,N,NO,0,0,0,2026-01-07 21:35:14
CISADM,W1_CHANGE_REQ_TYPE_CHAR,,CISTS_01,N,NO,0,0,0,2026-01-07 21:35:14
CISADM,W1_CHANGE_REQ_TYPE_L,,CISTS_01,N,NO,0,0,0,2026-01-07 21:35:14
CISADM,W1_CHILD_SPEC,,CISTS_01,N,NO,0,0,0,2026-01-07 21:35:14
CISADM,W1_CHILD_SPEC_CHAR,,CISTS_01,N,NO,0,0,0,2026-01-07 21:35:14
CISADM,W1_CHILD_SPEC_IDENTIFIER,,CISTS_01,N,NO,0,0,0,2026-01-07 21:35:14
CISADM,W1_CHILD_SPEC_L,,CISTS_01,N,NO,0,0,0,2026-01-07 21:35:14
CISADM,W1_CHILD_SPEC_LOG,,CISTS_01,N,NO,0,0,0,2026-01-07 21:35:14
CISADM,W1_CHILD_SPEC_LOG_PARM,,CISTS_01,N,NO,0,0,0,2026-01-07 21:35:14
CISADM,W1_CHKLST,,CISTS_01,N,NO,0,0,0,2026-01-07 21:35:14
CISADM,W1_CHKLST_CHAR,,CISTS_01,N,NO,0,0,0,2026-01-07 21:35:14
CISADM,W1_CHKLST_IDENTIFIER,,CISTS_01,N,NO,0,0,0,2026-01-07 21:35:14
CISADM,W1_CHKLST_K,,,N,NO,0,,0,2026-01-07 21:35:14
CISADM,W1_CHKLST_LINE_ITEM,,CISTS_01,N,NO,0,0,0,2026-01-07 21:35:14
CISADM,W1_CHKLST_LOG,,CISTS_01,N,NO,0,0,0,2026-01-07 21:35:14
CISADM,W1_CHKLST_LOG_PARM,,CISTS_01,N,NO,0,0,0,2026-01-07 21:35:14
CISADM,W1_CHKLST_REL_OBJ,,CISTS_01,N,NO,0,0,0,2026-01-07 21:35:14
CISADM,W1_CHKLST_TYP,,CISTS_01,N,NO,0,0,0,2026-01-07 21:35:14
CISADM,W1_CHKLST_TYP_CHAR,,CISTS_01,N,NO,0,0,0,2026-01-07 21:35:14
CISADM,W1_CHKLST_TYP_CONST_BO_STATE,,CISTS_01,N,NO,0,0,0,2026-01-07 21:35:14
CISADM,W1_CHKLST_TYP_DFLT_LINE_ITEM,,CISTS_01,N,NO,0,0,0,2026-01-07 21:35:14
CISADM,W1_CHKLST_TYP_L,,CISTS_01,N,NO,0,0,0,2026-01-07 21:35:14
CISADM,W1_CMDTY_CAT,,CISTS_01,N,NO,0,0,0,2026-01-07 21:35:14
CISADM,W1_CMDTY_CAT_CHAR,,CISTS_01,N,NO,0,0,0,2026-01-07 21:35:15
CISADM,W1_CMDTY_CAT_L,,CISTS_01,N,NO,0,0,0,2026-01-07 21:35:15
CISADM,W1_CMDTY_CMP,,CISTS_01,N,NO,0,0,0,2026-01-07 21:35:15
CISADM,W1_CMDTY_CMP_CHAR,,CISTS_01,N,NO,0,0,0,2026-01-07 21:35:15
CISADM,W1_CMDTY_CMP_L,,CISTS_01,N,NO,0,0,0,2026-01-07 21:35:15
CISADM,W1_CMDTY_NAME,,CISTS_01,N,NO,0,0,0,2026-01-07 21:35:15
CISADM,W1_CMDTY_NAME_CHAR,,CISTS_01,N,NO,0,0,0,2026-01-07 21:35:15
CISADM,W1_CMDTY_NAME_L,,CISTS_01,N,NO,0,0,0,2026-01-07 21:35:15
CISADM,W1_CMDTY_TYPE,,CISTS_01,N,NO,0,0,0,2026-01-07 21:35:15
CISADM,W1_CMDTY_TYPE_CHAR,,CISTS_01,N,NO,0,0,0,2026-01-07 21:35:15
CISADM,W1_CMDTY_TYPE_L,,CISTS_01,N,NO,0,0,0,2026-01-07 21:35:15
CISADM,W1_CMPL_EVT,,CISTS_01,N,NO,38,5,211,2026-01-07 21:35:15
CISADM,W1_CMPL_EVT_CHAR,,CISTS_01,N,NO,0,0,0,2026-01-07 21:35:15
CISADM,W1_CMPL_EVT_K,,,N,NO,38,,20,2026-01-07 21:35:15
CISADM,W1_CMPL_EVT_LOG,,CISTS_01,N,NO,71,6,106,2026-01-07 21:35:15
CISADM,W1_CMPL_EVT_LOG_PARM,,CISTS_01,N,NO,71,4,38,2026-01-07 21:35:15
CISADM,W1_CMPL_EVT_REL_OBJ,,CISTS_01,N,NO,0,0,0,2026-01-07 21:35:15
CISADM,W1_CMPL_EVT_TYPE,,CISTS_01,N,NO,33,10,1169,2026-01-07 21:35:15
CISADM,W1_CMPL_EVT_TYPE_CHAR,,CISTS_01,N,NO,2,4,79,2026-01-07 21:35:15
CISADM,W1_CMPL_EVT_TYPE_IDENTIFIER,,CISTS_01,N,NO,0,0,0,2026-01-07 21:35:15
CISADM,W1_CMPL_EVT_TYPE_L,,CISTS_01,N,NO,33,4,77,2026-02-03 02:14:28
CISADM,W1_COLOR,,CISTS_01,N,NO,0,0,0,2026-01-07 21:35:15
CISADM,W1_COLOR_CHAR,,CISTS_01,N,NO,0,0,0,2026-01-07 21:35:15
CISADM,W1_COLOR_L,,CISTS_01,N,NO,0,0,0,2026-01-07 21:35:15
CISADM,W1_COMMUNICATION,,CISTS_01,N,NO,0,0,0,2026-01-07 21:35:16
CISADM,W1_COMMUNICATION_CHAR,,CISTS_01,N,NO,0,0,0,2026-01-07 21:35:16
CISADM,W1_COMMUNICATION_K,,,N,NO,0,,0,2026-01-07 21:35:16
CISADM,W1_COMMUNICATION_LOG,,CISTS_01,N,NO,0,0,0,2026-01-07 21:35:16
CISADM,W1_COMMUNICATION_LOG_PARM,,CISTS_01,N,NO,0,0,0,2026-01-07 21:35:16
CISADM,W1_COMMUNICATION_PHONE,,CISTS_01,N,NO,0,0,0,2026-01-07 21:35:16
CISADM,W1_COMMUNICATION_REL_OBJ,,CISTS_01,N,NO,0,0,0,2026-01-07 21:35:16
CISADM,W1_COMM_IN,,CISTS_01,N,NO,0,0,0,2026-01-07 21:35:16
CISADM,W1_COMM_IN_CHAR,,CISTS_01,N,NO,0,0,0,2026-01-07 21:35:16
CISADM,W1_COMM_IN_IDENTIFIER,,CISTS_01,N,NO,0,0,0,2026-01-07 21:35:16
CISADM,W1_COMM_IN_K,,,N,NO,0,,0,2026-01-07 21:35:16
CISADM,W1_COMM_IN_LOG,,CISTS_01,N,NO,0,0,0,2026-01-07 21:35:16
CISADM,W1_COMM_IN_LOG_PARM,,CISTS_01,N,NO,0,0,0,2026-01-07 21:35:16
CISADM,W1_COMM_IN_REL_OBJ,,CISTS_01,N,NO,0,0,0,2026-01-07 21:35:16
CISADM,W1_COMM_TYPE,,CISTS_01,N,NO,9,5,1426,2026-01-07 21:35:16
CISADM,W1_COMM_TYPE_CHAR,,CISTS_01,N,NO,0,0,0,2026-01-07 21:35:16
CISADM,W1_COMM_TYPE_L,,CISTS_01,N,NO,9,4,65,2026-01-07 21:35:16
CISADM,W1_COMPLIANCE_CAT,,CISTS_01,N,NO,0,0,0,2026-01-07 21:35:16
CISADM,W1_COMPLIANCE_CAT_CHAR,,CISTS_01,N,NO,0,0,0,2026-01-07 21:35:16
CISADM,W1_COMPLIANCE_CAT_L,,CISTS_01,N,NO,0,0,0,2026-01-07 21:35:16
CISADM,W1_COMPLIANCE_TYPE,,CISTS_01,N,NO,0,0,0,2026-01-07 21:35:16
CISADM,W1_COMPLIANCE_TYPE_CHAR,,CISTS_01,N,NO,0,0,0,2026-01-07 21:35:16
CISADM,W1_COMPLIANCE_TYPE_L,,CISTS_01,N,NO,0,0,0,2026-01-07 21:35:16
CISADM,W1_COMPLIANCE_TYPE_REGT_AGCY,,CISTS_01,N,NO,0,0,0,2026-01-07 21:35:16
CISADM,W1_CONFIG,,CISTS_01,N,NO,0,0,0,2026-01-07 21:35:16
CISADM,W1_CONFIG_CHAR,,CISTS_01,N,NO,0,0,0,2026-01-07 21:35:16
CISADM,W1_CONFIG_CHAR2,,CISTS_01,N,NO,0,0,0,2026-01-07 21:35:16
CISADM,W1_CONFIG_IDENTIFIER,,CISTS_01,N,NO,0,0,0,2026-01-07 21:35:16
CISADM,W1_CONFIG_K,,,N,NO,0,,0,2026-01-07 21:35:17
CISADM,W1_CONFIG_LOG,,CISTS_01,N,NO,0,0,0,2026-01-07 21:35:17
CISADM,W1_CONFIG_LOG_PARM,,CISTS_01,N,NO,0,0,0,2026-01-07 21:35:17
CISADM,W1_CONFIG_RPT,,CISTS_01,N,NO,0,0,0,2026-01-07 21:35:17
CISADM,W1_CONFIG_RPT_CHAR,,CISTS_01,N,NO,0,0,0,2026-01-07 21:35:17
CISADM,W1_CONFIG_RPT_CHAR2,,CISTS_01,N,NO,0,0,0,2026-01-07 21:35:17
CISADM,W1_CONFIG_RPT_IDENTIFIER,,CISTS_01,N,NO,0,0,0,2026-01-07 21:35:17
CISADM,W1_CONFIG_RPT_K,,,N,NO,0,,0,2026-01-07 21:35:17
CISADM,W1_CONFIG_RPT_LOG,,CISTS_01,N,NO,0,0,0,2026-01-07 21:35:17
CISADM,W1_CONFIG_RPT_LOG_PARM,,CISTS_01,N,NO,0,0,0,2026-01-07 21:35:17
CISADM,W1_CONFIG_RPT_SPECIFICATION,,CISTS_01,N,NO,0,0,0,2026-01-07 21:35:17
CISADM,W1_CONFIG_TYPE,,CISTS_01,N,NO,0,0,0,2026-01-07 21:35:17
CISADM,W1_CONFIG_TYPE_CHAR,,CISTS_01,N,NO,0,0,0,2026-01-07 21:35:17
CISADM,W1_CONFIG_TYPE_IDENTIFIER,,CISTS_01,N,NO,0,0,0,2026-01-07 21:35:17
CISADM,W1_CONFIG_TYPE_L,,CISTS_01,N,NO,0,0,0,2026-01-07 21:35:17
CISADM,W1_CONTACT,,CISTS_01,N,NO,49323,1147,86,2026-01-16 02:06:13
CISADM,W1_CONTACT_CHAR,,CISTS_01,N,NO,0,0,0,2026-01-07 21:35:17
CISADM,W1_CONTACT_CHAR2,,CISTS_01,N,NO,0,0,0,2026-01-07 21:35:17
CISADM,W1_CONTACT_EMAIL,,CISTS_01,N,NO,667,10,47,2026-01-16 02:05:31
CISADM,W1_CONTACT_IDENTIFIER,,CISTS_01,N,NO,49323,453,34,2026-01-17 22:11:37
CISADM,W1_CONTACT_K,,,N,NO,49323,,18,2026-01-07 21:35:17
CISADM,W1_CONTACT_NAME,,CISTS_01,N,NO,49323,477,58,2026-01-16 02:05:52
CISADM,W1_CONTACT_PHONE,,CISTS_01,N,NO,2455,27,39,2026-01-16 02:05:33
CISADM,W1_CONTACT_RELATIONSHIP,,CISTS_01,N,NO,0,0,0,2026-01-07 21:35:18
CISADM,W1_CONTACT_TYPE,,CISTS_01,N,NO,2,4,73,2026-01-07 21:35:18
CISADM,W1_CONTACT_TYPE_CHAR,,CISTS_01,N,NO,0,0,0,2026-01-07 21:35:18
CISADM,W1_CONTACT_TYPE_L,,CISTS_01,N,NO,2,4,23,2026-02-03 02:14:27
CISADM,W1_COST_CATEGORY,,CISTS_01,N,NO,0,0,0,2026-01-07 21:35:18
CISADM,W1_COST_CATEGORY_CHAR,,CISTS_01,N,NO,0,0,0,2026-01-07 21:35:18
CISADM,W1_COST_CATEGORY_L,,CISTS_01,N,NO,0,0,0,2026-01-07 21:35:18
CISADM,W1_COST_CENTER,,CISTS_01,N,NO,0,0,0,2026-01-07 21:35:18
CISADM,W1_COST_CENTER_CHAR,,CISTS_01,N,NO,0,0,0,2026-01-07 21:35:18
CISADM,W1_COST_CENTER_EXPCD,,CISTS_01,N,NO,0,0,0,2026-01-07 21:35:18
CISADM,W1_COST_CENTER_IDENTIFIER,,CISTS_01,N,NO,0,0,0,2026-01-07 21:35:18
CISADM,W1_COST_CENTER_L,,CISTS_01,N,NO,0,0,0,2026-01-07 21:35:18
CISADM,W1_COST_CENTER_LOG,,CISTS_01,N,NO,0,0,0,2026-01-07 21:35:18
CISADM,W1_COST_CENTER_LOG_PARM,,CISTS_01,N,NO,0,0,0,2026-01-07 21:35:18
CISADM,W1_CREW,,CISTS_01,N,NO,0,0,0,2026-01-07 21:35:18
CISADM,W1_CREW_CHAR,,CISTS_01,N,NO,0,0,0,2026-01-07 21:35:18
CISADM,W1_CREW_DEFAULT_MEMBER,,CISTS_01,N,NO,0,0,0,2026-01-07 21:35:18
CISADM,W1_CREW_IDENTIFIER,,CISTS_01,N,NO,0,0,0,2026-01-07 21:35:18
CISADM,W1_CREW_K,,,N,NO,0,,0,2026-01-07 21:35:18
CISADM,W1_CREW_LOG,,CISTS_01,N,NO,0,0,0,2026-01-07 21:35:18
CISADM,W1_CREW_LOG_PARM,,CISTS_01,N,NO,0,0,0,2026-01-07 21:35:18
CISADM,W1_CREW_SHIFT,,CISTS_01,N,NO,0,0,0,2026-01-07 21:35:18
CISADM,W1_CREW_SHIFT_ACT_SCHED,,CISTS_01,N,NO,0,0,0,2026-01-07 21:35:19
CISADM,W1_CREW_SHIFT_CHAR,,CISTS_01,N,NO,0,0,0,2026-01-07 21:35:19
CISADM,W1_CREW_SHIFT_K,,,N,NO,0,,0,2026-01-07 21:35:19
CISADM,W1_CREW_SHIFT_LOG,,CISTS_01,N,NO,0,0,0,2026-01-07 21:35:19
CISADM,W1_CREW_SHIFT_LOG_PARM,,CISTS_01,N,NO,0,0,0,2026-01-07 21:35:19
CISADM,W1_CREW_SHIFT_MEMBER,,CISTS_01,N,NO,0,0,0,2026-01-07 21:35:19
CISADM,W1_CREW_SHIFT_SERVICE_AREA,,CISTS_01,N,NO,0,0,0,2026-01-07 21:35:19
CISADM,W1_CREW_SHIFT_SERVICE_CLASS,,CISTS_01,N,NO,0,0,0,2026-01-07 21:35:19
CISADM,W1_CREW_SHIFT_TYPE,,CISTS_01,N,NO,0,0,0,2026-01-07 21:35:19
CISADM,W1_CREW_SHIFT_TYPE_CHAR,,CISTS_01,N,NO,0,0,0,2026-01-07 21:35:19
CISADM,W1_CREW_SHIFT_TYPE_L,,CISTS_01,N,NO,0,0,0,2026-01-07 21:35:19
CISADM,W1_CREW_STR_ASSN,,CISTS_01,N,NO,0,0,0,2026-01-07 21:35:19
CISADM,W1_CREW_TYPE,,CISTS_01,N,NO,0,0,0,2026-01-07 21:35:19
CISADM,W1_CREW_TYPE_CHAR,,CISTS_01,N,NO,0,0,0,2026-01-07 21:35:19
CISADM,W1_CREW_TYPE_L,,CISTS_01,N,NO,0,0,0,2026-01-07 21:35:19
CISADM,W1_CREW_TYPE_RESRC_PROFILE,,CISTS_01,N,NO,0,0,0,2026-01-07 21:35:19
CISADM,W1_CREW_VALID_MEMBER,,CISTS_01,N,NO,0,0,0,2026-01-07 21:35:19
CISADM,W1_CU,,CISTS_01,N,NO,0,0,0,2026-01-07 21:35:19
CISADM,W1_CU_CATEGORY,,CISTS_01,N,NO,0,0,0,2026-01-07 21:35:19
CISADM,W1_CU_CATEGORY_CHAR,,CISTS_01,N,NO,0,0,0,2026-01-07 21:35:19
CISADM,W1_CU_CATEGORY_L,,CISTS_01,N,NO,0,0,0,2026-01-07 21:35:19
CISADM,W1_CU_CHAR,,CISTS_01,N,NO,0,0,0,2026-01-07 21:35:19
CISADM,W1_CU_CNTRCTR_BID,,CISTS_01,N,NO,0,0,0,2026-01-07 21:35:19
CISADM,W1_CU_CNTRCTR_BID_CHAR,,CISTS_01,N,NO,0,0,0,2026-01-07 21:35:19
CISADM,W1_CU_CNTRCTR_BID_DOCUMENT,,CISTS_01,N,NO,0,0,0,2026-01-07 21:35:19
CISADM,W1_CU_CNTRCTR_BID_IDENTIFIER,,CISTS_01,N,NO,0,0,0,2026-01-07 21:35:19
CISADM,W1_CU_CNTRCTR_BID_K,,,N,NO,0,,0,2026-01-07 21:35:20
CISADM,W1_CU_CNTRCTR_BID_LOG,,CISTS_01,N,NO,0,0,0,2026-01-07 21:35:20
CISADM,W1_CU_CNTRCTR_BID_LOG_PARM,,CISTS_01,N,NO,0,0,0,2026-01-07 21:35:20
CISADM,W1_CU_CNTRCTR_BID_NOTE,,CISTS_01,N,NO,0,0,0,2026-01-07 21:35:20
CISADM,W1_CU_COST_CENTER,,CISTS_01,N,NO,0,0,0,2026-01-07 21:35:20
CISADM,W1_CU_DOCUMENT,,CISTS_01,N,NO,0,0,0,2026-01-07 21:35:20
CISADM,W1_CU_IDENTIFIER,,CISTS_01,N,NO,0,0,0,2026-01-07 21:35:20
CISADM,W1_CU_K,,,N,NO,0,,0,2026-01-07 21:35:20
CISADM,W1_CU_LOG,,CISTS_01,N,NO,0,0,0,2026-01-07 21:35:20
CISADM,W1_CU_LOG_PARM,,CISTS_01,N,NO,0,0,0,2026-01-07 21:35:20
CISADM,W1_CU_NOTE,,CISTS_01,N,NO,0,0,0,2026-01-07 21:35:20
CISADM,W1_CU_REF_CU,,CISTS_01,N,NO,0,0,0,2026-01-07 21:35:20
CISADM,W1_CU_RESRC_TYPE,,CISTS_01,N,NO,0,0,0,2026-01-07 21:35:20
CISADM,W1_CU_SET,,CISTS_01,N,NO,0,0,0,2026-01-07 21:35:20
CISADM,W1_CU_SET_CHAR,,CISTS_01,N,NO,0,0,0,2026-01-07 21:35:20
CISADM,W1_CU_SET_DOCUMENT,,CISTS_01,N,NO,0,0,0,2026-01-07 21:35:20
CISADM,W1_CU_SET_IDENTIFIER,,CISTS_01,N,NO,0,0,0,2026-01-07 21:35:20
CISADM,W1_CU_SET_L,,CISTS_01,N,NO,0,0,0,2026-01-07 21:35:20
CISADM,W1_CU_SET_LOG,,CISTS_01,N,NO,0,0,0,2026-01-07 21:35:20
CISADM,W1_CU_SET_LOG_PARM,,CISTS_01,N,NO,0,0,0,2026-01-07 21:35:20
CISADM,W1_CU_SET_NOTE,,CISTS_01,N,NO,0,0,0,2026-01-07 21:35:20
CISADM,W1_CU_USAGE,,CISTS_01,N,NO,0,0,0,2026-01-07 21:35:20
CISADM,W1_CU_USAGE_CHAR,,CISTS_01,N,NO,0,0,0,2026-01-07 21:35:20
CISADM,W1_CU_USAGE_COST_CENTER,,CISTS_01,N,NO,0,0,0,2026-01-07 21:35:20
CISADM,W1_CU_USAGE_L,,CISTS_01,N,NO,0,0,0,2026-01-07 21:35:20
CISADM,W1_DESIGN_ELEMENT,,CISTS_01,N,NO,0,0,0,2026-01-07 21:35:20
CISADM,W1_DESIGN_ELEMENT_CHAR,,CISTS_01,N,NO,0,0,0,2026-01-07 21:35:20
CISADM,W1_DESIGN_ELEMENT_CU,,CISTS_01,N,NO,0,0,0,2026-01-07 21:35:20
CISADM,W1_DESIGN_ELEMENT_DOCUMENT,,CISTS_01,N,NO,0,0,0,2026-01-07 21:35:20
CISADM,W1_DESIGN_ELEMENT_IDENTIFIER,,CISTS_01,N,NO,0,0,0,2026-01-07 21:35:21
CISADM,W1_DESIGN_ELEMENT_ITEMS,,CISTS_01,N,NO,0,0,0,2026-01-07 21:35:21
CISADM,W1_DESIGN_ELEMENT_K,,,N,NO,0,,0,2026-01-07 21:35:21
CISADM,W1_DESIGN_ELEMENT_LOG,,CISTS_01,N,NO,0,0,0,2026-01-07 21:35:21
CISADM,W1_DESIGN_ELEMENT_LOG_PARM,,CISTS_01,N,NO,0,0,0,2026-01-07 21:35:21
CISADM,W1_DESIGN_ELEMENT_NOTE,,CISTS_01,N,NO,0,0,0,2026-01-07 21:35:21
CISADM,W1_DIST_CODE,,CISTS_01,N,NO,0,0,0,2026-01-07 21:35:21
CISADM,W1_DIST_CODE_CHAR,,CISTS_01,N,NO,0,0,0,2026-01-07 21:35:21
CISADM,W1_DIST_CODE_GL_DETAIL,,CISTS_01,N,NO,0,0,0,2026-01-07 21:35:21
CISADM,W1_DIST_CODE_L,,CISTS_01,N,NO,0,0,0,2026-01-07 21:35:21
CISADM,W1_DOCUMENT,,CISTS_01,N,NO,0,0,0,2026-01-07 21:35:21
CISADM,W1_DOCUMENT_CHAR,,CISTS_01,N,NO,0,0,0,2026-01-07 21:35:21
CISADM,W1_DOCUMENT_IDENTIFIER,,CISTS_01,N,NO,0,0,0,2026-01-07 21:35:21
CISADM,W1_DOCUMENT_K,,,N,NO,0,,0,2026-01-07 21:35:21
CISADM,W1_DOCUMENT_LOG,,CISTS_01,N,NO,0,0,0,2026-01-07 21:35:21
CISADM,W1_DOCUMENT_LOG_PARM,,CISTS_01,N,NO,0,0,0,2026-01-07 21:35:21
CISADM,W1_DOCUMENT_TYPE,,CISTS_01,N,NO,0,0,0,2026-01-07 21:35:21
CISADM,W1_DOCUMENT_TYPE_CHAR,,CISTS_01,N,NO,0,0,0,2026-01-07 21:35:21
CISADM,W1_DOCUMENT_TYPE_L,,CISTS_01,N,NO,0,0,0,2026-01-07 21:35:21
CISADM,W1_EMPLOYEE,,CISTS_01,N,NO,0,0,0,2026-01-07 21:35:21
CISADM,W1_EMPLOYEE_BILLABLE_RATE,,CISTS_01,N,NO,0,0,0,2026-01-07 21:35:21
CISADM,W1_EMPLOYEE_CHAR,,CISTS_01,N,NO,0,0,0,2026-01-07 21:35:21
CISADM,W1_EMPLOYEE_IDENTIFIER,,CISTS_01,N,NO,0,0,0,2026-01-07 21:35:21
CISADM,W1_EMPLOYEE_K,,,N,NO,0,,0,2026-01-07 21:35:21
CISADM,W1_EMPLOYEE_LOG,,CISTS_01,N,NO,0,0,0,2026-01-07 21:35:21
CISADM,W1_EMPLOYEE_LOG_PARM,,CISTS_01,N,NO,0,0,0,2026-01-07 21:35:21
CISADM,W1_EMPLOYEE_PHONE,,CISTS_01,N,NO,0,0,0,2026-01-07 21:35:21
CISADM,W1_EMPLOYEE_TRAINING,,CISTS_01,N,NO,0,0,0,2026-01-07 21:35:21
CISADM,W1_EMPLOYEE_TYPE,,CISTS_01,N,NO,0,0,0,2026-01-07 21:35:21
CISADM,W1_EMPLOYEE_TYPE_CHAR,,CISTS_01,N,NO,0,0,0,2026-01-07 21:35:21
CISADM,W1_EMPLOYEE_TYPE_L,,CISTS_01,N,NO,0,0,0,2026-01-07 21:35:22
CISADM,W1_EMPLOYEE_WORK_AREA,,CISTS_01,N,NO,0,0,0,2026-01-07 21:35:22
CISADM,W1_EMP_AUTO_TIMESHEET,,CISTS_01,N,NO,0,0,0,2026-01-07 21:35:22
CISADM,W1_EQUIP_GROUP,,CISTS_01,N,NO,0,0,0,2026-01-07 21:35:22
CISADM,W1_EQUIP_GROUP_CHAR,,CISTS_01,N,NO,0,0,0,2026-01-07 21:35:22
CISADM,W1_EQUIP_GROUP_L,,CISTS_01,N,NO,0,0,0,2026-01-07 21:35:22
CISADM,W1_ERP_INTEGRATION,,CISTS_01,N,NO,0,0,0,2026-01-07 21:35:22
CISADM,W1_ERP_INTEGRATION_CHAR,,CISTS_01,N,NO,0,0,0,2026-01-07 21:35:22
CISADM,W1_ERP_INTEGRATION_LOG,,CISTS_01,N,NO,0,0,0,2026-01-07 21:35:22
CISADM,W1_ERP_INTEGRATION_LOG_PARM,,CISTS_01,N,NO,0,0,0,2026-01-07 21:35:22
CISADM,W1_EU,,CISTS_01,N,NO,0,0,0,2026-01-07 21:35:22
CISADM,W1_EU_CHAR,,CISTS_01,N,NO,0,0,0,2026-01-07 21:35:22
CISADM,W1_EU_EMPLOYEE,,CISTS_01,N,NO,0,0,0,2026-01-07 21:35:22
CISADM,W1_EU_IDENTIFIER,,CISTS_01,N,NO,0,0,0,2026-01-07 21:35:22
CISADM,W1_EU_K,,,N,NO,0,,0,2026-01-07 21:35:22
CISADM,W1_EU_LOG,,CISTS_01,N,NO,0,0,0,2026-01-07 21:35:22
CISADM,W1_EU_LOG_PARM,,CISTS_01,N,NO,0,0,0,2026-01-07 21:35:22
CISADM,W1_EU_TIMESHEET,,CISTS_01,N,NO,0,0,0,2026-01-07 21:35:22
CISADM,W1_EU_TYPE,,CISTS_01,N,NO,0,0,0,2026-01-07 21:35:22
CISADM,W1_EU_TYPE_CHAR,,CISTS_01,N,NO,0,0,0,2026-01-07 21:35:22
CISADM,W1_EU_TYPE_L,,CISTS_01,N,NO,0,0,0,2026-01-07 21:35:22
CISADM,W1_EXPEDITE,,CISTS_01,N,NO,0,0,0,2026-01-07 21:35:22
CISADM,W1_EXPEDITE_CHAR,,CISTS_01,N,NO,0,0,0,2026-01-07 21:35:22
CISADM,W1_EXPEDITE_IDENTIFIER,,CISTS_01,N,NO,0,0,0,2026-01-07 21:35:22
CISADM,W1_EXPEDITE_K,,,N,NO,0,,0,2026-01-07 21:35:22
CISADM,W1_EXPEDITE_LOG,,CISTS_01,N,NO,0,0,0,2026-01-07 21:35:22
CISADM,W1_EXPEDITE_LOG_PARM,,CISTS_01,N,NO,0,0,0,2026-01-07 21:35:22
CISADM,W1_EXPEDITE_PO_LINE,,CISTS_01,N,NO,0,0,0,2026-01-07 21:35:22
CISADM,W1_EXPENSE_CD,,CISTS_01,N,NO,0,0,0,2026-01-07 21:35:23
CISADM,W1_EXPENSE_CD_CHAR,,CISTS_01,N,NO,0,0,0,2026-01-07 21:35:23
CISADM,W1_EXPENSE_CD_IDENTIFIER,,CISTS_01,N,NO,0,0,0,2026-01-07 21:35:23
CISADM,W1_EXPENSE_CD_L,,CISTS_01,N,NO,0,0,0,2026-01-07 21:35:23
CISADM,W1_EXPENSE_CD_LOG,,CISTS_01,N,NO,0,0,0,2026-01-07 21:35:23
CISADM,W1_EXPENSE_CD_LOG_PARM,,CISTS_01,N,NO,0,0,0,2026-01-07 21:35:23
CISADM,W1_FACTOR,,CISTS_01,N,NO,0,0,0,2026-01-07 21:35:23
CISADM,W1_FACTOR_CHAR,,CISTS_01,N,NO,0,0,0,2026-01-07 21:35:23
CISADM,W1_FACTOR_CHAR_VAL,,CISTS_01,N,NO,0,0,0,2026-01-07 21:35:23
CISADM,W1_FACTOR_L,,CISTS_01,N,NO,0,0,0,2026-01-07 21:35:23
CISADM,W1_FACTOR_VAL,,CISTS_01,N,NO,0,0,0,2026-01-07 21:35:23
CISADM,W1_FACTOR_VAL_CHAR,,CISTS_01,N,NO,0,0,0,2026-01-07 21:35:23
CISADM,W1_FAILURE_COMP,,CISTS_01,N,NO,0,0,0,2026-01-07 21:35:23
CISADM,W1_FAILURE_COMP_CHAR,,CISTS_01,N,NO,0,0,0,2026-01-07 21:35:23
CISADM,W1_FAILURE_COMP_L,,CISTS_01,N,NO,0,0,0,2026-01-07 21:35:23
CISADM,W1_FAILURE_MODE,,CISTS_01,N,NO,0,0,0,2026-01-07 21:35:23
CISADM,W1_FAILURE_MODE_CHAR,,CISTS_01,N,NO,0,0,0,2026-01-07 21:35:23
CISADM,W1_FAILURE_MODE_L,,CISTS_01,N,NO,0,0,0,2026-01-07 21:35:23
CISADM,W1_FAILURE_PROF,,CISTS_01,N,NO,0,0,0,2026-01-07 21:35:23
CISADM,W1_FAILURE_PROF_CHAR,,CISTS_01,N,NO,0,0,0,2026-01-07 21:35:23
CISADM,W1_FAILURE_PROF_FAILURE_COMP,,CISTS_01,N,NO,0,0,0,2026-01-07 21:35:23
CISADM,W1_FAILURE_PROF_FAILURE_MODE,,CISTS_01,N,NO,0,0,0,2026-01-07 21:35:23
CISADM,W1_FAILURE_PROF_FAILURE_REPAIR,,CISTS_01,N,NO,0,0,0,2026-01-07 21:35:23
CISADM,W1_FAILURE_PROF_FAILURE_TYPE,,CISTS_01,N,NO,0,0,0,2026-01-07 21:35:23
CISADM,W1_FAILURE_PROF_L,,CISTS_01,N,NO,0,0,0,2026-01-07 21:35:23
CISADM,W1_FAILURE_REPAIR,,CISTS_01,N,NO,0,0,0,2026-01-07 21:35:23
CISADM,W1_FAILURE_REPAIR_CHAR,,CISTS_01,N,NO,0,0,0,2026-01-07 21:35:23
CISADM,W1_FAILURE_REPAIR_L,,CISTS_01,N,NO,0,0,0,2026-01-07 21:35:23
CISADM,W1_FAILURE_TYPE,,CISTS_01,N,NO,0,0,0,2026-01-07 21:35:23
CISADM,W1_FAILURE_TYPE_CHAR,,CISTS_01,N,NO,0,0,0,2026-01-07 21:35:23
CISADM,W1_FAILURE_TYPE_L,,CISTS_01,N,NO,0,0,0,2026-01-07 21:35:23
CISADM,W1_FOB,,CISTS_01,N,NO,0,0,0,2026-01-07 21:35:23
CISADM,W1_FOB_CHAR,,CISTS_01,N,NO,0,0,0,2026-01-07 21:35:24
CISADM,W1_FOB_L,,CISTS_01,N,NO,0,0,0,2026-01-07 21:35:24
CISADM,W1_FT,,CISTS_01,N,NO,0,0,0,2026-01-07 21:35:24
CISADM,W1_FT_CHAR,,CISTS_01,N,NO,0,0,0,2026-01-07 21:35:24
CISADM,W1_FT_GL_DTL,,CISTS_01,N,NO,0,0,0,2026-01-07 21:35:24
CISADM,W1_FT_K,,,N,NO,0,,0,2026-01-07 21:35:24
CISADM,W1_FT_LOG,,CISTS_01,N,NO,0,0,0,2026-01-07 21:35:24
CISADM,W1_FT_LOG_PARM,,CISTS_01,N,NO,0,0,0,2026-01-07 21:35:24
CISADM,W1_FT_PROCESS,,CISTS_01,N,NO,0,0,0,2026-01-07 21:35:24
CISADM,W1_GIS_BATCH_DTLS,,CISTS_01,N,NO,0,0,0,2026-01-07 21:35:24
CISADM,W1_GIS_ID_DTLS,,CISTS_01,N,NO,0,0,0,2026-01-07 21:35:24
CISADM,W1_INVOICE_GROUP,,CISTS_01,N,NO,0,0,0,2026-01-07 21:35:24
CISADM,W1_INVOICE_GROUP_CHAR,,CISTS_01,N,NO,0,0,0,2026-01-07 21:35:24
CISADM,W1_INVOICE_GROUP_IDENTIFIER,,CISTS_01,N,NO,0,0,0,2026-01-07 21:35:24
CISADM,W1_INVOICE_GROUP_LOG,,CISTS_01,N,NO,0,0,0,2026-01-07 21:35:24
CISADM,W1_INVOICE_GROUP_LOG_PARM,,CISTS_01,N,NO,0,0,0,2026-01-07 21:35:24
CISADM,W1_INVOICE_HEADER,,CISTS_01,N,NO,0,0,0,2026-01-07 21:35:24
CISADM,W1_INVOICE_HEADER_CHAR,,CISTS_01,N,NO,0,0,0,2026-01-07 21:35:24
CISADM,W1_INVOICE_HEADER_COST_CENTER,,CISTS_01,N,NO,0,0,0,2026-01-07 21:35:24
CISADM,W1_INVOICE_HEADER_DOCUMENT,,CISTS_01,N,NO,0,0,0,2026-01-07 21:35:24
CISADM,W1_INVOICE_HEADER_IDENTIFIER,,CISTS_01,N,NO,0,0,0,2026-01-07 21:35:25
CISADM,W1_INVOICE_HEADER_K,,,N,NO,0,,0,2026-01-07 21:35:25
CISADM,W1_INVOICE_HEADER_LOG,,CISTS_01,N,NO,0,0,0,2026-01-07 21:35:25
CISADM,W1_INVOICE_HEADER_LOG_PARM,,CISTS_01,N,NO,0,0,0,2026-01-07 21:35:25
CISADM,W1_INVOICE_HEADER_NOTE,,CISTS_01,N,NO,0,0,0,2026-01-07 21:35:25
CISADM,W1_INVOICE_LINE,,CISTS_01,N,NO,0,0,0,2026-01-07 21:35:25
CISADM,W1_INVOICE_LINE_CHAR,,CISTS_01,N,NO,0,0,0,2026-01-07 21:35:25
CISADM,W1_INVOICE_LINE_COST_CENTER,,CISTS_01,N,NO,0,0,0,2026-01-07 21:35:25
CISADM,W1_INVOICE_LINE_DOCUMENT,,CISTS_01,N,NO,0,0,0,2026-01-07 21:35:25
CISADM,W1_INVOICE_LINE_IDENTIFIER,,CISTS_01,N,NO,0,0,0,2026-01-07 21:35:25
CISADM,W1_INVOICE_LINE_K,,,N,NO,0,,0,2026-01-07 21:35:25
CISADM,W1_INVOICE_LINE_LOG,,CISTS_01,N,NO,0,0,0,2026-01-07 21:35:25
CISADM,W1_INVOICE_LINE_LOG_PARM,,CISTS_01,N,NO,0,0,0,2026-01-07 21:35:25
CISADM,W1_INVOICE_LINE_NOTE,,CISTS_01,N,NO,0,0,0,2026-01-07 21:35:25
CISADM,W1_INVOICE_LINE_TAX_LINE,,CISTS_01,N,NO,0,0,0,2026-01-07 21:35:25
CISADM,W1_INV_ADJ,,CISTS_01,N,NO,0,0,0,2026-01-07 21:35:25
CISADM,W1_INV_ADJ_ASSET,,CISTS_01,N,NO,0,0,0,2026-01-07 21:35:25
CISADM,W1_INV_ADJ_CHAR,,CISTS_01,N,NO,0,0,0,2026-01-07 21:35:25
CISADM,W1_INV_ADJ_K,,,N,NO,0,,0,2026-01-07 21:35:25
CISADM,W1_INV_ADJ_LOG,,CISTS_01,N,NO,0,0,0,2026-01-07 21:35:25
CISADM,W1_INV_ADJ_LOG_PARM,,CISTS_01,N,NO,0,0,0,2026-01-07 21:35:25
CISADM,W1_INV_ADJ_LOT,,CISTS_01,N,NO,0,0,0,2026-01-07 21:35:25
CISADM,W1_LABOR_EARNING_TYPE,,CISTS_01,N,NO,0,0,0,2026-01-07 21:35:26
CISADM,W1_LABOR_EARNING_TYPE_CHAR,,CISTS_01,N,NO,0,0,0,2026-01-07 21:35:26
CISADM,W1_LABOR_EARNING_TYPE_L,,CISTS_01,N,NO,0,0,0,2026-01-07 21:35:26
CISADM,W1_MAINTMGR,,CISTS_01,N,NO,0,0,0,2026-01-07 21:35:26
CISADM,W1_MAINTMGR_CHAR,,CISTS_01,N,NO,0,0,0,2026-01-07 21:35:26
CISADM,W1_MAINTMGR_L,,CISTS_01,N,NO,0,0,0,2026-01-07 21:35:26
CISADM,W1_MAINT_EVENT,,CISTS_01,N,NO,0,0,0,2026-01-07 21:35:26
CISADM,W1_MAINT_EVENT_CHAR,,CISTS_01,N,NO,0,0,0,2026-01-07 21:35:26
CISADM,W1_MAINT_EVENT_IDENTIFIER,,CISTS_01,N,NO,0,0,0,2026-01-07 21:35:26
CISADM,W1_MAINT_EVENT_K,,,N,NO,0,,0,2026-01-07 21:35:26
CISADM,W1_MAINT_EVENT_LOG,,CISTS_01,N,NO,0,0,0,2026-01-07 21:35:26
CISADM,W1_MAINT_EVENT_LOG_PARM,,CISTS_01,N,NO,0,0,0,2026-01-07 21:35:26
CISADM,W1_MAINT_EVENT_MAINT_PLAN,,CISTS_01,N,NO,0,0,0,2026-01-07 21:35:26
CISADM,W1_MAINT_SCHEDULE,,CISTS_01,N,NO,0,0,0,2026-01-07 21:35:26
CISADM,W1_MAINT_SCHEDULE_CHAR,,CISTS_01,N,NO,0,0,0,2026-01-07 21:35:26
CISADM,W1_MAINT_SCHEDULE_IDENTIFIER,,CISTS_01,N,NO,0,0,0,2026-01-07 21:35:26
CISADM,W1_MAINT_SCHEDULE_K,,,N,NO,0,,0,2026-01-07 21:35:26
CISADM,W1_MAINT_SCHEDULE_LOG,,CISTS_01,N,NO,0,0,0,2026-01-07 21:35:26
CISADM,W1_MAINT_SCHEDULE_LOG_PARM,,CISTS_01,N,NO,0,0,0,2026-01-07 21:35:26
CISADM,W1_MAINT_TRIGGER,,CISTS_01,N,NO,0,0,0,2026-01-07 21:35:26
CISADM,W1_MAINT_TRIGGER_CHAR,,CISTS_01,N,NO,0,0,0,2026-01-07 21:35:26
CISADM,W1_MAINT_TRIGGER_IDENTIFIER,,CISTS_01,N,NO,0,0,0,2026-01-07 21:35:26
CISADM,W1_MAINT_TRIGGER_K,,,N,NO,0,,0,2026-01-07 21:35:26
CISADM,W1_MAINT_TRIGGER_LOG,,CISTS_01,N,NO,0,0,0,2026-01-07 21:35:27
CISADM,W1_MAINT_TRIGGER_LOG_PARM,,CISTS_01,N,NO,0,0,0,2026-01-07 21:35:27
CISADM,W1_MAINT_TRIGGER_PLN_FAIL_INFO,,CISTS_01,N,NO,0,0,0,2026-01-07 21:35:27
CISADM,W1_MANUFACTURER,,CISTS_01,N,NO,11,4,45,2026-01-07 21:35:27
CISADM,W1_MANUFACTURER_CHAR,,CISTS_01,N,NO,0,0,0,2026-01-07 21:35:27
CISADM,W1_MANUFACTURER_IDENTIFIER,,CISTS_01,N,NO,0,0,0,2026-01-07 21:35:27
CISADM,W1_MANUFACTURER_L,,CISTS_01,N,NO,11,4,25,2026-01-07 21:35:27
CISADM,W1_MAT_DISP,,CISTS_01,N,NO,0,0,0,2026-01-07 21:35:27
CISADM,W1_MAT_DISP_CHAR,,CISTS_01,N,NO,0,0,0,2026-01-07 21:35:27
CISADM,W1_MAT_DISP_IDENTIFIER,,CISTS_01,N,NO,0,0,0,2026-01-07 21:35:27
CISADM,W1_MAT_DISP_K,,,N,NO,0,,0,2026-01-07 21:35:27
CISADM,W1_MAT_DISP_LINE,,CISTS_01,N,NO,0,0,0,2026-01-07 21:35:27
CISADM,W1_MAT_DISP_LOG,,CISTS_01,N,NO,0,0,0,2026-01-07 21:35:27
CISADM,W1_MAT_DISP_LOG_PARM,,CISTS_01,N,NO,0,0,0,2026-01-07 21:35:27
CISADM,W1_MAT_ISS_LINE,,CISTS_01,N,NO,0,0,0,2026-01-07 21:35:27
CISADM,W1_MAT_ISS_LINE_CHAR,,CISTS_01,N,NO,0,0,0,2026-01-07 21:35:27
CISADM,W1_MAT_ISS_LINE_K,,,N,NO,0,,0,2026-01-07 21:35:27
CISADM,W1_MAT_ISS_LINE_LOG,,CISTS_01,N,NO,0,0,0,2026-01-07 21:35:27
CISADM,W1_MAT_ISS_LINE_LOG_PARM,,CISTS_01,N,NO,0,0,0,2026-01-07 21:35:27
CISADM,W1_MAT_REQ_HEADER,,CISTS_01,N,NO,0,0,0,2026-01-07 21:35:27
CISADM,W1_MAT_REQ_HEADER_CHAR,,CISTS_01,N,NO,0,0,0,2026-01-07 21:35:27
CISADM,W1_MAT_REQ_HEADER_COST_CENTER,,CISTS_01,N,NO,0,0,0,2026-01-07 21:35:27
CISADM,W1_MAT_REQ_HEADER_K,,,N,NO,0,,0,2026-01-07 21:35:27
CISADM,W1_MAT_REQ_HEADER_LOG,,CISTS_01,N,NO,0,0,0,2026-01-07 21:35:27
CISADM,W1_MAT_REQ_HEADER_LOG_PARM,,CISTS_01,N,NO,0,0,0,2026-01-07 21:35:27
CISADM,W1_MAT_REQ_LINE,,CISTS_01,N,NO,0,0,0,2026-01-07 21:35:27
CISADM,W1_MAT_REQ_LINE_CHAR,,CISTS_01,N,NO,0,0,0,2026-01-07 21:35:28
CISADM,W1_MAT_REQ_LINE_K,,,N,NO,0,,0,2026-01-07 21:35:28
CISADM,W1_MAT_REQ_LINE_LOG,,CISTS_01,N,NO,0,0,0,2026-01-07 21:35:28
CISADM,W1_MAT_REQ_LINE_LOG_PARM,,CISTS_01,N,NO,0,0,0,2026-01-07 21:35:28
CISADM,W1_MAT_REQ_TMPL,,CISTS_01,N,NO,0,0,0,2026-01-07 21:35:28
CISADM,W1_MAT_REQ_TMPL_CHAR,,CISTS_01,N,NO,0,0,0,2026-01-07 21:35:28
CISADM,W1_MAT_REQ_TMPL_K,,,N,NO,0,,0,2026-01-07 21:35:28
CISADM,W1_MAT_REQ_TMPL_LOG,,CISTS_01,N,NO,0,0,0,2026-01-07 21:35:28
CISADM,W1_MAT_REQ_TMPL_LOG_PARM,,CISTS_01,N,NO,0,0,0,2026-01-07 21:35:28
CISADM,W1_MAT_REQ_TMPL_MAT,,CISTS_01,N,NO,0,0,0,2026-01-07 21:35:28
CISADM,W1_MAT_RET_HEADER,,CISTS_01,N,NO,0,0,0,2026-01-07 21:35:28
CISADM,W1_MAT_RET_HEADER_CHAR,,CISTS_01,N,NO,0,0,0,2026-01-07 21:35:28
CISADM,W1_MAT_RET_HEADER_COST_CENTER,,CISTS_01,N,NO,0,0,0,2026-01-07 21:35:28
CISADM,W1_MAT_RET_HEADER_K,,,N,NO,0,,0,2026-01-07 21:35:28
CISADM,W1_MAT_RET_HEADER_LOG,,CISTS_01,N,NO,0,0,0,2026-01-07 21:35:28
CISADM,W1_MAT_RET_HEADER_LOG_PARM,,CISTS_01,N,NO,0,0,0,2026-01-07 21:35:28
CISADM,W1_MAT_RET_LINE,,CISTS_01,N,NO,0,0,0,2026-01-07 21:35:28
CISADM,W1_MAT_RET_LINE_CHAR,,CISTS_01,N,NO,0,0,0,2026-01-07 21:35:28
CISADM,W1_MAT_RET_LINE_K,,,N,NO,0,,0,2026-01-07 21:35:28
CISADM,W1_MAT_RET_LINE_LOG,,CISTS_01,N,NO,0,0,0,2026-01-07 21:35:28
CISADM,W1_MAT_RET_LINE_LOG_PARM,,CISTS_01,N,NO,0,0,0,2026-01-07 21:35:28
CISADM,W1_MEASUREMENT,,CISTS_01,N,NO,0,0,0,2026-01-07 21:35:28
CISADM,W1_MEASUREMENT_CHAR,,CISTS_01,N,NO,0,0,0,2026-01-07 21:35:28
CISADM,W1_MEASUREMENT_K,,,N,NO,0,,0,2026-01-07 21:35:28
CISADM,W1_MEASUREMENT_LOG,,CISTS_01,N,NO,0,0,0,2026-01-07 21:35:28
CISADM,W1_MEASUREMENT_LOG_PARM,,CISTS_01,N,NO,0,0,0,2026-01-07 21:35:29
CISADM,W1_MEASUREMENT_TYPE,,CISTS_01,N,NO,0,0,0,2026-01-07 21:35:29
CISADM,W1_MEASUREMENT_TYPE_CHAR,,CISTS_01,N,NO,0,0,0,2026-01-07 21:35:29
CISADM,W1_MEASUREMENT_TYPE_IDENTIFIER,,CISTS_01,N,NO,0,0,0,2026-01-07 21:35:29
CISADM,W1_MEASUREMENT_TYPE_L,,CISTS_01,N,NO,0,0,0,2026-01-07 21:35:29
CISADM,W1_MEASUREMENT_UOM,,CISTS_01,N,NO,0,0,0,2026-01-07 21:35:29
CISADM,W1_MEASUREMENT_UOM_CHAR,,CISTS_01,N,NO,0,0,0,2026-01-07 21:35:29
CISADM,W1_MEASUREMENT_UOM_L,,CISTS_01,N,NO,0,0,0,2026-01-07 21:35:29
CISADM,W1_MOBILE_SUBSCR,,CISTS_01,N,NO,0,0,0,2026-01-07 21:35:29
CISADM,W1_MOBILE_SUBSCR_CHAR,,CISTS_01,N,NO,0,0,0,2026-01-07 21:35:29
CISADM,W1_MOBILE_SUBSCR_K,,,N,NO,0,,0,2026-01-07 21:35:29
CISADM,W1_MOBILE_SUBSCR_LOG,,CISTS_01,N,NO,0,0,0,2026-01-07 21:35:29
CISADM,W1_MOBILE_SUBSCR_LOG_PARM,,CISTS_01,N,NO,0,0,0,2026-01-07 21:35:29
CISADM,W1_NODE,,CISTS_01,N,NO,32981,2432,487,2026-02-18 02:13:53
CISADM,W1_NODE_ATTACHMENT,,CISTS_01,N,NO,0,0,0,2026-01-07 21:35:29
CISADM,W1_NODE_CHAR,,CISTS_01,N,NO,0,0,0,2026-01-07 21:35:29
CISADM,W1_NODE_CHAR2,,CISTS_01,N,NO,0,0,0,2026-01-07 21:35:29
CISADM,W1_NODE_CONTACT,,CISTS_01,N,NO,30876,512,34,2026-02-13 02:17:03
CISADM,W1_NODE_COST_CENTER,,CISTS_01,N,NO,0,0,0,2026-01-07 21:35:30
CISADM,W1_NODE_DOCUMENT,,CISTS_01,N,NO,0,0,0,2026-01-07 21:35:30
CISADM,W1_NODE_IDENTIFIER,,CISTS_01,N,NO,32977,384,34,2026-02-18 02:13:51
CISADM,W1_NODE_K,,,N,NO,32971,,18,2026-01-07 21:35:30
CISADM,W1_NODE_LOG,,CISTS_01,N,NO,32972,1024,91,2026-02-12 02:14:30
CISADM,W1_NODE_LOG_PARM,,CISTS_01,N,NO,0,0,0,2026-01-07 21:35:30
CISADM,W1_NODE_MAINT_TRIGGER,,CISTS_01,N,NO,0,0,0,2026-01-07 21:35:30
CISADM,W1_NODE_TYPE,,CISTS_01,N,NO,25,4,103,2026-02-13 02:16:58
CISADM,W1_NODE_TYPE_CHAR,,CISTS_01,N,NO,0,0,0,2026-01-07 21:35:30
CISADM,W1_NODE_TYPE_L,,CISTS_01,N,NO,25,4,36,2026-02-18 02:13:50
CISADM,W1_ODC,,CISTS_01,N,NO,0,0,0,2026-01-07 21:35:30
CISADM,W1_ODC_CHAR,,CISTS_01,N,NO,0,0,0,2026-01-07 21:35:30
CISADM,W1_ODC_DTL,,CISTS_01,N,NO,0,0,0,2026-01-07 21:35:30
CISADM,W1_ODC_DTL_CHAR,,CISTS_01,N,NO,0,0,0,2026-01-07 21:35:31
CISADM,W1_ODC_DTL_COST,,CISTS_01,N,NO,0,0,0,2026-01-07 21:35:31
CISADM,W1_ODC_DTL_K,,,N,NO,0,,0,2026-01-07 21:35:31
CISADM,W1_ODC_DTL_LOG,,CISTS_01,N,NO,0,0,0,2026-01-07 21:35:31
CISADM,W1_ODC_DTL_LOG_PARM,,CISTS_01,N,NO,0,0,0,2026-01-07 21:35:31
CISADM,W1_ODC_IDENTIFIER,,CISTS_01,N,NO,0,0,0,2026-01-07 21:35:31
CISADM,W1_ODC_K,,,N,NO,0,,0,2026-01-07 21:35:31
CISADM,W1_ODC_LOG,,CISTS_01,N,NO,0,0,0,2026-01-07 21:35:31
CISADM,W1_ODC_LOG_PARM,,CISTS_01,N,NO,0,0,0,2026-01-07 21:35:31
CISADM,W1_OVERHEAD,,CISTS_01,N,NO,0,0,0,2026-01-07 21:35:31
CISADM,W1_OVERHEAD_CHAR,,CISTS_01,N,NO,0,0,0,2026-01-07 21:35:31
CISADM,W1_OVERHEAD_L,,CISTS_01,N,NO,0,0,0,2026-01-07 21:35:31
CISADM,W1_OVERHEAD_RESRC,,CISTS_01,N,NO,0,0,0,2026-01-07 21:35:31
CISADM,W1_OVERTIME_TYPE,,CISTS_01,N,NO,0,0,0,2026-01-07 21:35:31
CISADM,W1_OVERTIME_TYPE_CHAR,,CISTS_01,N,NO,0,0,0,2026-01-07 21:35:31
CISADM,W1_OVERTIME_TYPE_L,,CISTS_01,N,NO,0,0,0,2026-01-07 21:35:31
CISADM,W1_PARENT_NODE_TYPE,,CISTS_01,N,NO,0,0,0,2026-01-07 21:35:31
CISADM,W1_PARENT_ORG_MT_VW,,CISTS_01,N,NO,0,0,0,2026-01-07 21:35:31
CISADM,W1_PAYMENT_TERM,,CISTS_01,N,NO,0,0,0,2026-01-07 21:35:31
CISADM,W1_PAYMENT_TERM_CHAR,,CISTS_01,N,NO,0,0,0,2026-01-07 21:35:31
CISADM,W1_PAYMENT_TERM_L,,CISTS_01,N,NO,0,0,0,2026-01-07 21:35:31
CISADM,W1_PEER_NODE,,CISTS_01,N,NO,0,0,0,2026-01-07 21:35:31
CISADM,W1_PEER_NODE_TYPE,,CISTS_01,N,NO,0,0,0,2026-01-07 21:35:31
CISADM,W1_PEER_SPECIFICATION,,CISTS_01,N,NO,0,0,0,2026-01-07 21:35:31
CISADM,W1_PERMIT,,CISTS_01,N,NO,0,0,0,2026-01-07 21:35:31
CISADM,W1_PERMIT_ASSET_LOCATION,,CISTS_01,N,NO,0,0,0,2026-01-07 21:35:32
CISADM,W1_PERMIT_CHAR,,CISTS_01,N,NO,0,0,0,2026-01-07 21:35:32
CISADM,W1_PERMIT_CLASS,,CISTS_01,N,NO,0,0,0,2026-01-07 21:35:32
CISADM,W1_PERMIT_CLASS_CHAR,,CISTS_01,N,NO,0,0,0,2026-01-07 21:35:32
CISADM,W1_PERMIT_CLASS_L,,CISTS_01,N,NO,0,0,0,2026-01-07 21:35:32
CISADM,W1_PERMIT_DOCUMENT,,CISTS_01,N,NO,0,0,0,2026-01-07 21:35:32
CISADM,W1_PERMIT_EMPLOYEE_LOG,,CISTS_01,N,NO,0,0,0,2026-01-07 21:35:32
CISADM,W1_PERMIT_IDENTIFIER,,CISTS_01,N,NO,0,0,0,2026-01-07 21:35:32
CISADM,W1_PERMIT_K,,,N,NO,0,,0,2026-01-07 21:35:32
CISADM,W1_PERMIT_LOG,,CISTS_01,N,NO,0,0,0,2026-01-07 21:35:32
CISADM,W1_PERMIT_LOG_PARM,,CISTS_01,N,NO,0,0,0,2026-01-07 21:35:32
CISADM,W1_PERMIT_NOTE,,CISTS_01,N,NO,0,0,0,2026-01-07 21:35:32
CISADM,W1_PERMIT_RESOURCE,,CISTS_01,N,NO,0,0,0,2026-01-07 21:35:32
CISADM,W1_PERMIT_TMPL,,CISTS_01,N,NO,0,0,0,2026-01-07 21:35:32
CISADM,W1_PERMIT_TMPL_CHAR,,CISTS_01,N,NO,0,0,0,2026-01-07 21:35:32
CISADM,W1_PERMIT_TMPL_CHKLST,,CISTS_01,N,NO,0,0,0,2026-01-07 21:35:32
CISADM,W1_PERMIT_TMPL_DOCUMENT,,CISTS_01,N,NO,0,0,0,2026-01-07 21:35:32
CISADM,W1_PERMIT_TMPL_L,,CISTS_01,N,NO,0,0,0,2026-01-07 21:35:32
CISADM,W1_PERMIT_TMPL_NOTE,,CISTS_01,N,NO,0,0,0,2026-01-07 21:35:32
CISADM,W1_PERMIT_TMPL_RESRC,,CISTS_01,N,NO,0,0,0,2026-01-07 21:35:32
CISADM,W1_PERMIT_TMPL_SVC_HIST_TYPE,,CISTS_01,N,NO,0,0,0,2026-01-07 21:35:32
CISADM,W1_PI_CNT_LINE,,CISTS_01,N,NO,0,0,0,2026-01-07 21:35:32
CISADM,W1_PI_CNT_LINE_CHAR,,CISTS_01,N,NO,0,0,0,2026-01-07 21:35:32
CISADM,W1_PI_CNT_LINE_K,,,N,NO,0,,0,2026-01-07 21:35:32
CISADM,W1_PI_CNT_LINE_LOG,,CISTS_01,N,NO,0,0,0,2026-01-07 21:35:32
CISADM,W1_PI_CNT_LINE_LOG_PARM,,CISTS_01,N,NO,0,0,0,2026-01-07 21:35:32
CISADM,W1_PI_CNT_MST,,CISTS_01,N,NO,0,0,0,2026-01-07 21:35:32
CISADM,W1_PI_CNT_MST_CHAR,,CISTS_01,N,NO,0,0,0,2026-01-07 21:35:33
CISADM,W1_PI_CNT_MST_K,,,N,NO,0,,0,2026-01-07 21:35:33
CISADM,W1_PI_CNT_MST_LOG,,CISTS_01,N,NO,0,0,0,2026-01-07 21:35:33
CISADM,W1_PI_CNT_MST_LOG_PARM,,CISTS_01,N,NO,0,0,0,2026-01-07 21:35:33
CISADM,W1_PI_HEADER,,CISTS_01,N,NO,0,0,0,2026-01-07 21:35:33
CISADM,W1_PI_HEADER_CHAR,,CISTS_01,N,NO,0,0,0,2026-01-07 21:35:33
CISADM,W1_PI_HEADER_K,,,N,NO,0,,0,2026-01-07 21:35:33
CISADM,W1_PI_HEADER_LOG,,CISTS_01,N,NO,0,0,0,2026-01-07 21:35:33
CISADM,W1_PI_HEADER_LOG_PARM,,CISTS_01,N,NO,0,0,0,2026-01-07 21:35:33
CISADM,W1_PLANNER,,CISTS_01,N,NO,0,0,0,2026-01-07 21:35:33
CISADM,W1_PLANNER_CHAR,,CISTS_01,N,NO,0,0,0,2026-01-07 21:35:33
CISADM,W1_PLANNER_L,,CISTS_01,N,NO,0,0,0,2026-01-07 21:35:33
CISADM,W1_PO_HEADER,,CISTS_01,N,NO,0,0,0,2026-01-07 21:35:33
CISADM,W1_PO_HEADER_CHAR,,CISTS_01,N,NO,0,0,0,2026-01-07 21:35:33
CISADM,W1_PO_HEADER_COST_CENTER,,CISTS_01,N,NO,0,0,0,2026-01-07 21:35:33
CISADM,W1_PO_HEADER_DOCUMENT,,CISTS_01,N,NO,0,0,0,2026-01-07 21:35:33
CISADM,W1_PO_HEADER_IDENTIFIER,,CISTS_01,N,NO,0,0,0,2026-01-07 21:35:33
CISADM,W1_PO_HEADER_K,,,N,NO,0,,0,2026-01-07 21:35:33
CISADM,W1_PO_HEADER_LOG,,CISTS_01,N,NO,0,0,0,2026-01-07 21:35:33
CISADM,W1_PO_HEADER_LOG_PARM,,CISTS_01,N,NO,0,0,0,2026-01-07 21:35:33
CISADM,W1_PO_HEADER_NOTE,,CISTS_01,N,NO,0,0,0,2026-01-07 21:35:33
CISADM,W1_PO_LINE,,CISTS_01,N,NO,0,0,0,2026-01-07 21:35:33
CISADM,W1_PO_LINE_CHAR,,CISTS_01,N,NO,0,0,0,2026-01-07 21:35:33
CISADM,W1_PO_LINE_COST_CENTER,,CISTS_01,N,NO,0,0,0,2026-01-07 21:35:34
CISADM,W1_PO_LINE_DOCUMENT,,CISTS_01,N,NO,0,0,0,2026-01-07 21:35:34
CISADM,W1_PO_LINE_K,,,N,NO,0,,0,2026-01-07 21:35:34
CISADM,W1_PO_LINE_LOG,,CISTS_01,N,NO,0,0,0,2026-01-07 21:35:34
CISADM,W1_PO_LINE_LOG_PARM,,CISTS_01,N,NO,0,0,0,2026-01-07 21:35:34
CISADM,W1_PO_LINE_MFR,,CISTS_01,N,NO,0,0,0,2026-01-07 21:35:34
CISADM,W1_PO_LINE_NOTE,,CISTS_01,N,NO,0,0,0,2026-01-07 21:35:34
CISADM,W1_PO_LINE_TAX_LINE,,CISTS_01,N,NO,0,0,0,2026-01-07 21:35:34
CISADM,W1_PROCESS,,CISTS_01,N,NO,0,0,0,2026-01-07 21:35:34
CISADM,W1_PROCESS_CHAR,,CISTS_01,N,NO,0,0,0,2026-01-07 21:35:34
CISADM,W1_PROCESS_DOCUMENT,,CISTS_01,N,NO,0,0,0,2026-01-07 21:35:34
CISADM,W1_PROCESS_IDENTIFIER,,CISTS_01,N,NO,0,0,0,2026-01-07 21:35:34
CISADM,W1_PROCESS_K,,,N,NO,0,,0,2026-01-07 21:35:34
CISADM,W1_PROCESS_LOC,,CISTS_01,N,NO,0,0,0,2026-01-07 21:35:34
CISADM,W1_PROCESS_LOG,,CISTS_01,N,NO,0,0,0,2026-01-07 21:35:34
CISADM,W1_PROCESS_LOG_PARM,,CISTS_01,N,NO,0,0,0,2026-01-07 21:35:34
CISADM,W1_PROCESS_TYPE,,CISTS_01,N,NO,0,0,0,2026-01-07 21:35:34
CISADM,W1_PROCESS_TYPE_CHAR,,CISTS_01,N,NO,0,0,0,2026-01-07 21:35:34
CISADM,W1_PROCESS_TYPE_L,,CISTS_01,N,NO,0,0,0,2026-01-07 21:35:34
CISADM,W1_PROJECT,,CISTS_01,N,NO,0,0,0,2026-01-07 21:35:34
CISADM,W1_PROJECT_CATEGORY,,CISTS_01,N,NO,0,0,0,2026-01-07 21:35:34
CISADM,W1_PROJECT_CATEGORY_CHAR,,CISTS_01,N,NO,0,0,0,2026-01-07 21:35:34
CISADM,W1_PROJECT_CATEGORY_L,,CISTS_01,N,NO,0,0,0,2026-01-07 21:35:34
CISADM,W1_PROJECT_CATEGORY_LOG,,CISTS_01,N,NO,0,0,0,2026-01-07 21:35:34
CISADM,W1_PROJECT_CATEGORY_LOG_PARM,,CISTS_01,N,NO,0,0,0,2026-01-07 21:35:34
CISADM,W1_PROJECT_CHAR,,CISTS_01,N,NO,0,0,0,2026-01-07 21:35:34
CISADM,W1_PROJECT_COST_CENTER,,CISTS_01,N,NO,0,0,0,2026-01-07 21:35:34
CISADM,W1_PROJECT_DOCUMENT,,CISTS_01,N,NO,0,0,0,2026-01-07 21:35:34
CISADM,W1_PROJECT_IDENTIFIER,,CISTS_01,N,NO,0,0,0,2026-01-07 21:35:34
CISADM,W1_PROJECT_K,,,N,NO,0,,0,2026-01-07 21:35:34
CISADM,W1_PROJECT_LOG,,CISTS_01,N,NO,0,0,0,2026-01-07 21:35:35
CISADM,W1_PROJECT_LOG_PARM,,CISTS_01,N,NO,0,0,0,2026-01-07 21:35:35
CISADM,W1_PROJECT_NOTE,,CISTS_01,N,NO,0,0,0,2026-01-07 21:35:35
CISADM,W1_PROPERTY_UNIT,,CISTS_01,N,NO,0,0,0,2026-01-07 21:35:35
CISADM,W1_PROPERTY_UNIT_CHAR,,CISTS_01,N,NO,0,0,0,2026-01-07 21:35:35
CISADM,W1_PROPERTY_UNIT_L,,CISTS_01,N,NO,0,0,0,2026-01-07 21:35:35
CISADM,W1_PR_HDR,,CISTS_01,N,NO,0,0,0,2026-01-07 21:35:35
CISADM,W1_PR_HDR_CHAR,,CISTS_01,N,NO,0,0,0,2026-01-07 21:35:35
CISADM,W1_PR_HDR_COST_CTR,,CISTS_01,N,NO,0,0,0,2026-01-07 21:35:35
CISADM,W1_PR_HDR_DOCUMENT,,CISTS_01,N,NO,0,0,0,2026-01-07 21:35:35
CISADM,W1_PR_HDR_IDENTIFIER,,CISTS_01,N,NO,0,0,0,2026-01-07 21:35:35
CISADM,W1_PR_HDR_K,,,N,NO,0,,0,2026-01-07 21:35:35
CISADM,W1_PR_HDR_LOG,,CISTS_01,N,NO,0,0,0,2026-01-07 21:35:35
CISADM,W1_PR_HDR_LOG_PARM,,CISTS_01,N,NO,0,0,0,2026-01-07 21:35:35
CISADM,W1_PR_HDR_NOTE,,CISTS_01,N,NO,0,0,0,2026-01-07 21:35:35
CISADM,W1_PR_LINE,,CISTS_01,N,NO,0,0,0,2026-01-07 21:35:35
CISADM,W1_PR_LINE_CHAR,,CISTS_01,N,NO,0,0,0,2026-01-07 21:35:35
CISADM,W1_PR_LINE_COST,,CISTS_01,N,NO,0,0,0,2026-01-07 21:35:35
CISADM,W1_PR_LINE_DOCUMENT,,CISTS_01,N,NO,0,0,0,2026-01-07 21:35:35
CISADM,W1_PR_LINE_K,,,N,NO,0,,0,2026-01-07 21:35:35
CISADM,W1_PR_LINE_LOG,,CISTS_01,N,NO,0,0,0,2026-01-07 21:35:35
CISADM,W1_PR_LINE_LOG_PARM,,CISTS_01,N,NO,0,0,0,2026-01-07 21:35:36
CISADM,W1_PR_LINE_MFR,,CISTS_01,N,NO,0,0,0,2026-01-07 21:35:36
CISADM,W1_PR_LINE_NOTE,,CISTS_01,N,NO,0,0,0,2026-01-07 21:35:36
CISADM,W1_PR_LINE_TXLN,,CISTS_01,N,NO,0,0,0,2026-01-07 21:35:36
CISADM,W1_PURCHASE_CMDTY,,CISTS_01,N,NO,0,0,0,2026-01-07 21:35:36
CISADM,W1_PURCHASE_CMDTY_CHAR,,CISTS_01,N,NO,0,0,0,2026-01-07 21:35:36
CISADM,W1_PURCHASE_CMDTY_L,,CISTS_01,N,NO,0,0,0,2026-01-07 21:35:36
CISADM,W1_QUESTION,,CISTS_01,N,NO,5,4,73,2026-01-07 21:35:36
CISADM,W1_QUESTION_ANSWER,,CISTS_01,N,NO,5,4,59,2026-01-07 21:35:36
CISADM,W1_QUESTION_ANSWER_L,,CISTS_01,N,NO,5,4,81,2026-01-07 21:35:36
CISADM,W1_QUESTION_L,,CISTS_01,N,NO,5,4,62,2026-01-07 21:35:36
CISADM,W1_RCPT_HDR,,CISTS_01,N,NO,0,0,0,2026-01-07 21:35:36
CISADM,W1_RCPT_HDR_CHAR,,CISTS_01,N,NO,0,0,0,2026-01-07 21:35:36
CISADM,W1_RCPT_HDR_DOCUMENT,,CISTS_01,N,NO,0,0,0,2026-01-07 21:35:36
CISADM,W1_RCPT_HDR_IDENTIFIER,,CISTS_01,N,NO,0,0,0,2026-01-07 21:35:36
CISADM,W1_RCPT_HDR_K,,,N,NO,0,,0,2026-01-07 21:35:36
CISADM,W1_RCPT_HDR_LOG,,CISTS_01,N,NO,0,0,0,2026-01-07 21:35:36
CISADM,W1_RCPT_HDR_LOG_PARM,,CISTS_01,N,NO,0,0,0,2026-01-07 21:35:36
CISADM,W1_RCPT_HDR_NOTE,,CISTS_01,N,NO,0,0,0,2026-01-07 21:35:36
CISADM,W1_RCPT_LINE,,CISTS_01,N,NO,0,0,0,2026-01-07 21:35:36
CISADM,W1_RCPT_LINE_CHAR,,CISTS_01,N,NO,0,0,0,2026-01-07 21:35:36
CISADM,W1_RCPT_LINE_DOCUMENT,,CISTS_01,N,NO,0,0,0,2026-01-07 21:35:36
CISADM,W1_RCPT_LINE_K,,,N,NO,0,,0,2026-01-07 21:35:36
CISADM,W1_RCPT_LINE_LOG,,CISTS_01,N,NO,0,0,0,2026-01-07 21:35:36
CISADM,W1_RCPT_LINE_LOG_PARM,,CISTS_01,N,NO,0,0,0,2026-01-07 21:35:37
CISADM,W1_RCPT_LINE_NOTE,,CISTS_01,N,NO,0,0,0,2026-01-07 21:35:37
CISADM,W1_RCPT_LINE_SHIP_DEFICIENCY,,CISTS_01,N,NO,0,0,0,2026-01-07 21:35:37
CISADM,W1_REPORT_QUEUE,,CISTS_01,N,NO,0,0,0,2026-01-07 21:35:37
CISADM,W1_RESRC_TYPE,,CISTS_01,N,NO,0,0,0,2026-01-07 21:35:37
CISADM,W1_RESRC_TYPE_ALT,,CISTS_01,N,NO,0,0,0,2026-01-07 21:35:37
CISADM,W1_RESRC_TYPE_CHAR,,CISTS_01,N,NO,0,0,0,2026-01-07 21:35:37
CISADM,W1_RESRC_TYPE_DOCUMENT,,CISTS_01,N,NO,0,0,0,2026-01-07 21:35:37
CISADM,W1_RESRC_TYPE_IDENTIFIER,,CISTS_01,N,NO,0,0,0,2026-01-07 21:35:37
CISADM,W1_RESRC_TYPE_K,,,N,NO,0,,0,2026-01-07 21:35:37
CISADM,W1_RESRC_TYPE_L,,CISTS_01,N,NO,0,0,0,2026-01-07 21:35:37
CISADM,W1_RESRC_TYPE_LOG,,CISTS_01,N,NO,0,0,0,2026-01-07 21:35:37
CISADM,W1_RESRC_TYPE_LOG_PARM,,CISTS_01,N,NO,0,0,0,2026-01-07 21:35:37
CISADM,W1_RESRC_TYPE_MFR,,CISTS_01,N,NO,0,0,0,2026-01-07 21:35:37
CISADM,W1_RESRC_TYPE_NOTE,,CISTS_01,N,NO,0,0,0,2026-01-07 21:35:37
CISADM,W1_RESRC_TYPE_UNIT_PRICE,,CISTS_01,N,NO,0,0,0,2026-01-07 21:35:37
CISADM,W1_RESRC_TYPE_VENDOR_LOC,,CISTS_01,N,NO,0,0,0,2026-01-07 21:35:37
CISADM,W1_RESRC_UOM,,CISTS_01,N,NO,0,0,0,2026-01-07 21:35:37
CISADM,W1_RESRC_UOM_CHAR,,CISTS_01,N,NO,0,0,0,2026-01-07 21:35:37
CISADM,W1_RESRC_UOM_L,,CISTS_01,N,NO,0,0,0,2026-01-07 21:35:37
CISADM,W1_RR,,CISTS_01,N,NO,0,0,0,2026-01-07 21:35:37
CISADM,W1_RR_CHAR,,CISTS_01,N,NO,0,0,0,2026-01-07 21:35:37
CISADM,W1_RR_K,,,N,NO,0,,0,2026-01-07 21:35:37
CISADM,W1_RR_LOG,,CISTS_01,N,NO,0,0,0,2026-01-07 21:35:37
CISADM,W1_RR_LOG_PARM,,CISTS_01,N,NO,0,0,0,2026-01-07 21:35:37
CISADM,W1_RTN_LINE,,CISTS_01,N,NO,0,0,0,2026-01-07 21:35:37
CISADM,W1_RTN_LINE_ASSET,,CISTS_01,N,NO,0,0,0,2026-01-07 21:35:38
CISADM,W1_RTN_LINE_CHAR,,CISTS_01,N,NO,0,0,0,2026-01-07 21:35:38
CISADM,W1_RTN_LINE_K,,,N,NO,0,,0,2026-01-07 21:35:38
CISADM,W1_RTN_LINE_LOG,,CISTS_01,N,NO,0,0,0,2026-01-07 21:35:38
CISADM,W1_RTN_LINE_LOG_PARM,,CISTS_01,N,NO,0,0,0,2026-01-07 21:35:38
CISADM,W1_RTN_LINE_LOT,,CISTS_01,N,NO,0,0,0,2026-01-07 21:35:38
CISADM,W1_SERVICE_AREA,,CISTS_01,N,NO,0,0,0,2026-01-07 21:35:38
CISADM,W1_SERVICE_AREA_CHAR,,CISTS_01,N,NO,0,0,0,2026-01-07 21:35:38
CISADM,W1_SERVICE_AREA_L,,CISTS_01,N,NO,0,0,0,2026-01-07 21:35:38
CISADM,W1_SERVICE_CALL_CATEGORY,,CISTS_01,N,NO,0,0,0,2026-01-07 21:35:38
CISADM,W1_SERVICE_CALL_CATEGORY_CHAR,,CISTS_01,N,NO,0,0,0,2026-01-07 21:35:38
CISADM,W1_SERVICE_CALL_CATEGORY_L,,CISTS_01,N,NO,0,0,0,2026-01-07 21:35:38
CISADM,W1_SERVICE_CLASS,,CISTS_01,N,NO,0,0,0,2026-01-07 21:35:38
CISADM,W1_SERVICE_CLASS_CHAR,,CISTS_01,N,NO,0,0,0,2026-01-07 21:35:38
CISADM,W1_SERVICE_CLASS_L,,CISTS_01,N,NO,0,0,0,2026-01-07 21:35:38
CISADM,W1_SERVICE_CODE,,CISTS_01,N,NO,0,0,0,2026-01-07 21:35:38
CISADM,W1_SERVICE_CODE_CHAR,,CISTS_01,N,NO,0,0,0,2026-01-07 21:35:38
CISADM,W1_SERVICE_CODE_L,,CISTS_01,N,NO,0,0,0,2026-01-07 21:35:38
CISADM,W1_SHAPE,,CISTS_01,N,NO,0,0,0,2026-01-07 21:35:38
CISADM,W1_SHAPE_L,,CISTS_01,N,NO,0,0,0,2026-01-07 21:35:38
CISADM,W1_SHIFT_WEEKLY_TMPL,,CISTS_01,N,NO,0,0,0,2026-01-07 21:35:38
CISADM,W1_SHIFT_WEEKLY_TMPL_CHAR,,CISTS_01,N,NO,0,0,0,2026-01-07 21:35:38
CISADM,W1_SHIFT_WEEKLY_TMPL_K,,,N,NO,0,,0,2026-01-07 21:35:38
CISADM,W1_SHIFT_WEEKLY_TMPL_LOG,,CISTS_01,N,NO,0,0,0,2026-01-07 21:35:38
CISADM,W1_SHIFT_WEEKLY_TMPL_LOG_PARM,,CISTS_01,N,NO,0,0,0,2026-01-07 21:35:38
CISADM,W1_SHIPPING_LINE,,CISTS_01,N,NO,0,0,0,2026-01-07 21:35:38
CISADM,W1_SHIPPING_LINE_ASSET,,CISTS_01,N,NO,0,0,0,2026-01-07 21:35:38
CISADM,W1_SHIPPING_LINE_CHAR,,CISTS_01,N,NO,0,0,0,2026-01-07 21:35:38
CISADM,W1_SHIPPING_LINE_K,,,N,NO,0,,0,2026-01-07 21:35:39
CISADM,W1_SHIPPING_LINE_LOT,,CISTS_01,N,NO,0,0,0,2026-01-07 21:35:39
CISADM,W1_SHIPPING_MEMO,,CISTS_01,N,NO,0,0,0,2026-01-07 21:35:39
CISADM,W1_SHIPPING_MEMO_CHAR,,CISTS_01,N,NO,0,0,0,2026-01-07 21:35:39
CISADM,W1_SHIPPING_MEMO_DOCUMENT,,CISTS_01,N,NO,0,0,0,2026-01-07 21:35:39
CISADM,W1_SHIPPING_MEMO_IDENTIFIER,,CISTS_01,N,NO,0,0,0,2026-01-07 21:35:39
CISADM,W1_SHIPPING_MEMO_K,,,N,NO,0,,0,2026-01-07 21:35:39
CISADM,W1_SHIPPING_MEMO_LOG,,CISTS_01,N,NO,0,0,0,2026-01-07 21:35:39
CISADM,W1_SHIPPING_MEMO_LOG_PARM,,CISTS_01,N,NO,0,0,0,2026-01-07 21:35:39
CISADM,W1_SHIPPING_MEMO_NOTE,,CISTS_01,N,NO,0,0,0,2026-01-07 21:35:39
CISADM,W1_SHIP_DEFICIENCY_TYPE,,CISTS_01,N,NO,0,0,0,2026-01-07 21:35:39
CISADM,W1_SHIP_DEFICIENCY_TYPE_CHAR,,CISTS_01,N,NO,0,0,0,2026-01-07 21:35:39
CISADM,W1_SHIP_DEFICIENCY_TYPE_L,,CISTS_01,N,NO,0,0,0,2026-01-07 21:35:39
CISADM,W1_SPECIFICATION,,CISTS_01,N,NO,58,9,675,2026-01-27 02:21:53
CISADM,W1_SPECIFICATION_ATTACHMENT,,CISTS_01,N,NO,0,0,0,2026-01-07 21:35:39
CISADM,W1_SPECIFICATION_CHAR,,CISTS_01,N,NO,0,0,0,2026-01-07 21:35:39
CISADM,W1_SPECIFICATION_DOCUMENT,,CISTS_01,N,NO,0,0,0,2026-01-07 21:35:39
CISADM,W1_SPECIFICATION_IDENTIFIER,,CISTS_01,N,NO,56,4,61,2026-01-07 21:35:39
CISADM,W1_SPECIFICATION_L,,CISTS_01,N,NO,58,4,60,2026-01-28 02:15:06
CISADM,W1_SPECIFICATION_MAINT_SCHED,,CISTS_01,N,NO,0,0,0,2026-01-07 21:35:39
CISADM,W1_STATISTIC,,CISTS_01,N,NO,0,0,0,2026-01-07 21:35:39
CISADM,W1_STATISTIC_CHAR,,CISTS_01,N,NO,0,0,0,2026-01-07 21:35:39
CISADM,W1_STATISTIC_LOG,,CISTS_01,N,NO,0,0,0,2026-01-07 21:35:39
CISADM,W1_STATISTIC_LOG_PARM,,CISTS_01,N,NO,0,0,0,2026-01-07 21:35:39
CISADM,W1_STOCK_ITEM_DTL,,CISTS_01,N,NO,0,0,0,2026-01-07 21:35:39
CISADM,W1_STOCK_ITEM_DTL_BIN,,CISTS_01,N,NO,0,0,0,2026-01-07 21:35:40
CISADM,W1_STOCK_ITEM_DTL_CHAR,,CISTS_01,N,NO,0,0,0,2026-01-07 21:35:40
CISADM,W1_STOCK_ITEM_DTL_DOCUMENT,,CISTS_01,N,NO,0,0,0,2026-01-07 21:35:40
CISADM,W1_STOCK_ITEM_DTL_IDENTIFIER,,CISTS_01,N,NO,0,0,0,2026-01-07 21:35:40
CISADM,W1_STOCK_ITEM_DTL_K,,,N,NO,0,,0,2026-01-07 21:35:40
CISADM,W1_STOCK_ITEM_DTL_LOG,,CISTS_01,N,NO,0,0,0,2026-01-07 21:35:40
CISADM,W1_STOCK_ITEM_DTL_LOG_PARM,,CISTS_01,N,NO,0,0,0,2026-01-07 21:35:40
CISADM,W1_STOCK_ITEM_DTL_NOTE,,CISTS_01,N,NO,0,0,0,2026-01-07 21:35:40
CISADM,W1_STOCK_ITEM_DTL_VENDOR_LOC,,CISTS_01,N,NO,0,0,0,2026-01-07 21:35:40
CISADM,W1_STOCK_TRANS,,CISTS_01,N,NO,0,0,0,2026-01-07 21:35:40
CISADM,W1_STOCK_TRANS_CHAR,,CISTS_01,N,NO,0,0,0,2026-01-07 21:35:40
CISADM,W1_STOCK_TRANS_K,,,N,NO,0,,0,2026-01-07 21:35:40
CISADM,W1_STOCK_TRANS_LOG,,CISTS_01,N,NO,0,0,0,2026-01-07 21:35:40
CISADM,W1_STOCK_TRANS_LOG_PARM,,CISTS_01,N,NO,0,0,0,2026-01-07 21:35:40
CISADM,W1_SVC_CALL_CAT_SVC_CODE,,CISTS_01,N,NO,0,0,0,2026-01-07 21:35:40
CISADM,W1_SVC_HIST,,CISTS_01,N,NO,0,0,0,2026-01-07 21:35:40
CISADM,W1_SVC_HIST_ATTACHMENT,,CISTS_01,N,NO,0,0,0,2026-01-07 21:35:40
CISADM,W1_SVC_HIST_CHAR,,CISTS_01,N,NO,0,0,0,2026-01-07 21:35:40
CISADM,W1_SVC_HIST_CHAR2,,CISTS_01,N,NO,0,0,0,2026-01-07 21:35:40
CISADM,W1_SVC_HIST_DOCUMENT,,CISTS_01,N,NO,0,0,0,2026-01-07 21:35:40
CISADM,W1_SVC_HIST_IDENTIFIER,,CISTS_01,N,NO,0,0,0,2026-01-07 21:35:40
CISADM,W1_SVC_HIST_K,,,N,NO,0,,0,2026-01-07 21:35:40
CISADM,W1_SVC_HIST_LOG,,CISTS_01,N,NO,0,0,0,2026-01-07 21:35:40
CISADM,W1_SVC_HIST_LOG_PARM,,CISTS_01,N,NO,0,0,0,2026-01-07 21:35:40
CISADM,W1_SVC_HIST_PARTICIPANT,,CISTS_01,N,NO,0,0,0,2026-01-07 21:35:41
CISADM,W1_SVC_HIST_QSTN_ANSR,,CISTS_01,N,NO,0,0,0,2026-01-07 21:35:41
CISADM,W1_SVC_HIST_REL_OBJ,,CISTS_01,N,NO,0,0,0,2026-01-07 21:35:41
CISADM,W1_SVC_HIST_TYPE,,CISTS_01,N,NO,3,4,104,2026-01-07 21:35:41
CISADM,W1_SVC_HIST_TYPE_CHAR,,CISTS_01,N,NO,0,0,0,2026-01-07 21:35:41
CISADM,W1_SVC_HIST_TYPE_FLLW_UP_ACTN,,CISTS_01,N,NO,0,0,0,2026-01-07 21:35:41
CISADM,W1_SVC_HIST_TYPE_L,,CISTS_01,N,NO,3,4,44,2026-02-18 02:13:50
CISADM,W1_SVC_HIST_TYPE_QSTN,,CISTS_01,N,NO,9,4,40,2026-01-07 21:35:41
CISADM,W1_SVC_HIST_TYPE_REL_SH_TYPE,,CISTS_01,N,NO,0,0,0,2026-01-07 21:35:41
CISADM,W1_SVC_SCHED,,CISTS_01,N,NO,0,0,0,2026-01-07 21:35:41
CISADM,W1_TAX_RATE_COMP,,CISTS_01,N,NO,0,0,0,2026-01-07 21:35:41
CISADM,W1_TAX_RATE_COMP_L,,CISTS_01,N,NO,0,0,0,2026-01-07 21:35:41
CISADM,W1_TAX_RATE_EFFDT,,CISTS_01,N,NO,0,0,0,2026-01-07 21:35:41
CISADM,W1_TAX_RATE_SCHED,,CISTS_01,N,NO,0,0,0,2026-01-07 21:35:41
CISADM,W1_TAX_RATE_SCHED_CHAR,,CISTS_01,N,NO,0,0,0,2026-01-07 21:35:41
CISADM,W1_TAX_RATE_SCHED_L,,CISTS_01,N,NO,0,0,0,2026-01-07 21:35:41
CISADM,W1_TIMEKEEPER,,CISTS_01,N,NO,0,0,0,2026-01-07 21:35:41
CISADM,W1_TIMEKEEPER_CHAR,,CISTS_01,N,NO,0,0,0,2026-01-07 21:35:41
CISADM,W1_TIMEKEEPER_EMP,,CISTS_01,N,NO,0,0,0,2026-01-07 21:35:41
CISADM,W1_TIMEKEEPER_L,,CISTS_01,N,NO,0,0,0,2026-01-07 21:35:41
CISADM,W1_TIMEKEEPER_LOG,,CISTS_01,N,NO,0,0,0,2026-01-07 21:35:41
CISADM,W1_TIMEKEEPER_LOG_PARM,,CISTS_01,N,NO,0,0,0,2026-01-07 21:35:41
CISADM,W1_TIMESHEET,,CISTS_01,N,NO,0,0,0,2026-01-07 21:35:41
CISADM,W1_TIMESHEET_CHAR,,CISTS_01,N,NO,0,0,0,2026-01-07 21:35:41
CISADM,W1_TIMESHEET_DETAIL,,CISTS_01,N,NO,0,0,0,2026-01-07 21:35:41
CISADM,W1_TIMESHEET_DETAIL_CHAR,,CISTS_01,N,NO,0,0,0,2026-01-07 21:35:41
CISADM,W1_TIMESHEET_DETAIL_K,,,N,NO,0,,0,2026-01-07 21:35:41
CISADM,W1_TIMESHEET_DETAIL_LOG,,CISTS_01,N,NO,0,0,0,2026-01-07 21:35:42
CISADM,W1_TIMESHEET_DETAIL_LOG_PARM,,CISTS_01,N,NO,0,0,0,2026-01-07 21:35:42
CISADM,W1_TIMESHEET_IDENTIFIER,,CISTS_01,N,NO,0,0,0,2026-01-07 21:35:42
CISADM,W1_TIMESHEET_K,,,N,NO,0,,0,2026-01-07 21:35:42
CISADM,W1_TIMESHEET_LOG,,CISTS_01,N,NO,0,0,0,2026-01-07 21:35:42
CISADM,W1_TIMESHEET_LOG_PARM,,CISTS_01,N,NO,0,0,0,2026-01-07 21:35:42
CISADM,W1_TIME_PERIOD,,CISTS_01,N,NO,0,0,0,2026-01-07 21:35:42
CISADM,W1_TIME_PERIOD_CHAR,,CISTS_01,N,NO,0,0,0,2026-01-07 21:35:42
CISADM,W1_TIME_PERIOD_L,,CISTS_01,N,NO,0,0,0,2026-01-07 21:35:42
CISADM,W1_TIMSHEETDTL_COST_CTR,,CISTS_01,N,NO,0,0,0,2026-01-07 21:35:42
CISADM,W1_TMPL_ACT,,CISTS_01,N,NO,0,0,0,2026-01-07 21:35:42
CISADM,W1_TMPL_ACT_CHAR,,CISTS_01,N,NO,0,0,0,2026-01-07 21:35:42
CISADM,W1_TMPL_ACT_CHKLST_TYP,,CISTS_01,N,NO,0,0,0,2026-01-07 21:35:42
CISADM,W1_TMPL_ACT_COST_CENTER,,CISTS_01,N,NO,0,0,0,2026-01-07 21:35:42
CISADM,W1_TMPL_ACT_COST_DIST,,CISTS_01,N,NO,0,0,0,2026-01-07 21:35:42
CISADM,W1_TMPL_ACT_DOCUMENT,,CISTS_01,N,NO,0,0,0,2026-01-07 21:35:42
CISADM,W1_TMPL_ACT_IDENTIFIER,,CISTS_01,N,NO,0,0,0,2026-01-07 21:35:42
CISADM,W1_TMPL_ACT_K,,,N,NO,0,,0,2026-01-07 21:35:42
CISADM,W1_TMPL_ACT_LOG,,CISTS_01,N,NO,0,0,0,2026-01-07 21:35:42
CISADM,W1_TMPL_ACT_LOG_PARM,,CISTS_01,N,NO,0,0,0,2026-01-07 21:35:42
CISADM,W1_TMPL_ACT_NOTE,,CISTS_01,N,NO,0,0,0,2026-01-07 21:35:42
CISADM,W1_TMPL_ACT_PLAN_SVC_HIST_TYPE,,CISTS_01,N,NO,0,0,0,2026-01-07 21:35:42
CISADM,W1_TMPL_ACT_RSRC,,CISTS_01,N,NO,0,0,0,2026-01-07 21:35:42
CISADM,W1_TMPL_ACT_RSRC_CHAR,,CISTS_01,N,NO,0,0,0,2026-01-07 21:35:42
CISADM,W1_TMPL_ACT_RSRC_DOCUMENT,,CISTS_01,N,NO,0,0,0,2026-01-07 21:35:42
CISADM,W1_TMPL_ACT_RSRC_IDENTIFIER,,CISTS_01,N,NO,0,0,0,2026-01-07 21:35:42
CISADM,W1_TMPL_ACT_RSRC_K,,,N,NO,0,,0,2026-01-07 21:35:42
CISADM,W1_TMPL_ACT_RSRC_LOG,,CISTS_01,N,NO,0,0,0,2026-01-07 21:35:42
CISADM,W1_TMPL_ACT_RSRC_LOG_PARM,,CISTS_01,N,NO,0,0,0,2026-01-07 21:35:42
CISADM,W1_TMPL_ACT_RSRC_NOTE,,CISTS_01,N,NO,0,0,0,2026-01-07 21:35:42
CISADM,W1_TMPL_WO,,CISTS_01,N,NO,0,0,0,2026-01-07 21:35:43
CISADM,W1_TMPL_WO_CHAR,,CISTS_01,N,NO,0,0,0,2026-01-07 21:35:43
CISADM,W1_TMPL_WO_IDENTIFIER,,CISTS_01,N,NO,0,0,0,2026-01-07 21:35:43
CISADM,W1_TMPL_WO_K,,,N,NO,0,,0,2026-01-07 21:35:43
CISADM,W1_TMPL_WO_LOG,,CISTS_01,N,NO,0,0,0,2026-01-07 21:35:43
CISADM,W1_TMPL_WO_LOG_PARM,,CISTS_01,N,NO,0,0,0,2026-01-07 21:35:43
CISADM,W1_TMPL_WO_NOTE,,CISTS_01,N,NO,0,0,0,2026-01-07 21:35:43
CISADM,W1_VENDOR,,CISTS_01,N,NO,0,0,0,2026-01-07 21:35:43
CISADM,W1_VENDOR_CHAR,,CISTS_01,N,NO,0,0,0,2026-01-07 21:35:43
CISADM,W1_VENDOR_IDENTIFIER,,CISTS_01,N,NO,0,0,0,2026-01-07 21:35:43
CISADM,W1_VENDOR_LOC,,CISTS_01,N,NO,0,0,0,2026-01-07 21:35:43
CISADM,W1_VENDOR_LOC_CAPABILITY,,CISTS_01,N,NO,0,0,0,2026-01-07 21:35:43
CISADM,W1_VENDOR_LOC_CHAR,,CISTS_01,N,NO,0,0,0,2026-01-07 21:35:43
CISADM,W1_VENDOR_LOC_CMDTY,,CISTS_01,N,NO,0,0,0,2026-01-07 21:35:43
CISADM,W1_VENDOR_LOC_CONTACT,,CISTS_01,N,NO,0,0,0,2026-01-07 21:35:43
CISADM,W1_VENDOR_LOC_DOCUMENT,,CISTS_01,N,NO,0,0,0,2026-01-07 21:35:43
CISADM,W1_VENDOR_LOC_IDENTIFIER,,CISTS_01,N,NO,0,0,0,2026-01-07 21:35:43
CISADM,W1_VENDOR_LOC_K,,,N,NO,0,,0,2026-01-07 21:35:43
CISADM,W1_VENDOR_LOC_LOG,,CISTS_01,N,NO,0,0,0,2026-01-07 21:35:43
CISADM,W1_VENDOR_LOC_LOG_PARM,,CISTS_01,N,NO,0,0,0,2026-01-07 21:35:43
CISADM,W1_VENDOR_LOC_NOTE,,CISTS_01,N,NO,0,0,0,2026-01-07 21:35:43
CISADM,W1_VENDOR_LOC_PAYTO_LOC,,CISTS_01,N,NO,0,0,0,2026-01-07 21:35:43
CISADM,W1_VENDOR_LOG,,CISTS_01,N,NO,0,0,0,2026-01-07 21:35:43
CISADM,W1_VENDOR_LOG_PARM,,CISTS_01,N,NO,0,0,0,2026-01-07 21:35:43
CISADM,W1_WARRANTY,,CISTS_01,N,NO,0,0,0,2026-01-07 21:35:43
CISADM,W1_WARRANTY_ATTACHMENT,,CISTS_01,N,NO,0,0,0,2026-01-07 21:35:43
CISADM,W1_WARRANTY_CHAR,,CISTS_01,N,NO,0,0,0,2026-01-07 21:35:43
CISADM,W1_WARRANTY_DOCUMENT,,CISTS_01,N,NO,0,0,0,2026-01-07 21:35:43
CISADM,W1_WARRANTY_IDENTIFIER,,CISTS_01,N,NO,0,0,0,2026-01-07 21:35:43
CISADM,W1_WARRANTY_K,,,N,NO,0,,0,2026-01-07 21:35:43
CISADM,W1_WARRANTY_LOG,,CISTS_01,N,NO,0,0,0,2026-01-07 21:35:44
CISADM,W1_WARRANTY_LOG_PARM,,CISTS_01,N,NO,0,0,0,2026-01-07 21:35:44
CISADM,W1_WARRANTY_NOTE,,CISTS_01,N,NO,0,0,0,2026-01-07 21:35:44
CISADM,W1_WARRANTY_TERM,,CISTS_01,N,NO,0,0,0,2026-01-07 21:35:44
CISADM,W1_WARRANTY_TERM_CHAR,,CISTS_01,N,NO,0,0,0,2026-01-07 21:35:44
CISADM,W1_WARRANTY_TERM_DOCUMENT,,CISTS_01,N,NO,0,0,0,2026-01-07 21:35:44
CISADM,W1_WARRANTY_TERM_L,,CISTS_01,N,NO,0,0,0,2026-01-07 21:35:44
CISADM,W1_WO,,CISTS_01,N,NO,0,0,0,2026-01-07 21:35:44
CISADM,W1_WORK_CAL,,CISTS_01,N,NO,0,0,0,2026-01-07 21:35:44
CISADM,W1_WORK_CAL_L,,CISTS_01,N,NO,0,0,0,2026-01-07 21:35:44
CISADM,W1_WORK_CAL_SCHED_DATE,,CISTS_01,N,NO,0,0,0,2026-01-07 21:35:44
CISADM,W1_WORK_CATEGORY,,CISTS_01,N,NO,0,0,0,2026-01-07 21:35:44
CISADM,W1_WORK_CATEGORY_CHAR,,CISTS_01,N,NO,0,0,0,2026-01-07 21:35:44
CISADM,W1_WORK_CATEGORY_L,,CISTS_01,N,NO,0,0,0,2026-01-07 21:35:44
CISADM,W1_WORK_CLASS,,CISTS_01,N,NO,0,0,0,2026-01-07 21:35:44
CISADM,W1_WORK_CLASS_CHAR,,CISTS_01,N,NO,0,0,0,2026-01-07 21:35:44
CISADM,W1_WORK_CLASS_L,,CISTS_01,N,NO,0,0,0,2026-01-07 21:35:44
CISADM,W1_WORK_CLASS_WORK_CATEGORY,,CISTS_01,N,NO,0,0,0,2026-01-07 21:35:44
CISADM,W1_WORK_DESIGN,,CISTS_01,N,NO,0,0,0,2026-01-07 21:35:44
CISADM,W1_WORK_DESIGN_CHAR,,CISTS_01,N,NO,0,0,0,2026-01-07 21:35:44
CISADM,W1_WORK_DESIGN_DOCUMENT,,CISTS_01,N,NO,0,0,0,2026-01-07 21:35:44
CISADM,W1_WORK_DESIGN_IDENTIFIER,,CISTS_01,N,NO,0,0,0,2026-01-07 21:35:44
CISADM,W1_WORK_DESIGN_K,,,N,NO,0,,0,2026-01-07 21:35:44
CISADM,W1_WORK_DESIGN_LOG,,CISTS_01,N,NO,0,0,0,2026-01-07 21:35:44
CISADM,W1_WORK_DESIGN_LOG_PARM,,CISTS_01,N,NO,0,0,0,2026-01-07 21:35:44
CISADM,W1_WORK_DESIGN_NOTE,,CISTS_01,N,NO,0,0,0,2026-01-07 21:35:44
CISADM,W1_WORK_DESIGN_OTHER_COST,,CISTS_01,N,NO,0,0,0,2026-01-07 21:35:44
CISADM,W1_WORK_DESIGN_RSRC_COST,,CISTS_01,N,NO,0,0,0,2026-01-07 21:35:45
CISADM,W1_WORK_LOC,,CISTS_01,N,NO,0,0,0,2026-01-07 21:35:45
CISADM,W1_WORK_LOC_CHAR,,CISTS_01,N,NO,0,0,0,2026-01-07 21:35:45
CISADM,W1_WORK_LOC_IDENTIFIER,,CISTS_01,N,NO,0,0,0,2026-01-07 21:35:45
CISADM,W1_WORK_LOC_K,,,N,NO,0,,0,2026-01-07 21:35:45
CISADM,W1_WORK_LOC_LOG,,CISTS_01,N,NO,0,0,0,2026-01-07 21:35:45
CISADM,W1_WORK_LOC_LOG_PARM,,CISTS_01,N,NO,0,0,0,2026-01-07 21:35:45
CISADM,W1_WORK_REQ,,CISTS_01,N,NO,0,0,0,2026-01-07 21:35:45
CISADM,W1_WORK_REQ_CHAR,,CISTS_01,N,NO,0,0,0,2026-01-07 21:35:45
CISADM,W1_WORK_REQ_DOCUMENT,,CISTS_01,N,NO,0,0,0,2026-01-07 21:35:45
CISADM,W1_WORK_REQ_IDENTIFIER,,CISTS_01,N,NO,0,0,0,2026-01-07 21:35:45
CISADM,W1_WORK_REQ_K,,,N,NO,0,,0,2026-01-07 21:35:45
CISADM,W1_WORK_REQ_LOG,,CISTS_01,N,NO,0,0,0,2026-01-07 21:35:45
CISADM,W1_WORK_REQ_LOG_PARM,,CISTS_01,N,NO,0,0,0,2026-01-07 21:35:45
CISADM,W1_WORK_REQ_PHONE,,CISTS_01,N,NO,0,0,0,2026-01-07 21:35:45
CISADM,W1_WO_CHAR,,CISTS_01,N,NO,0,0,0,2026-01-07 21:35:45
CISADM,W1_WO_COST_CENTER,,CISTS_01,N,NO,0,0,0,2026-01-07 21:35:46
CISADM,W1_WO_IDENTIFIER,,CISTS_01,N,NO,0,0,0,2026-01-07 21:35:46
CISADM,W1_WO_K,,,N,NO,0,,0,2026-01-07 21:35:46
CISADM,W1_WO_LOG,,CISTS_01,N,NO,0,0,0,2026-01-07 21:35:46
CISADM,W1_WO_LOG_PARM,,CISTS_01,N,NO,0,0,0,2026-01-07 21:35:46
CISADM,W1_WO_NOTE,,CISTS_01,N,NO,0,0,0,2026-01-07 21:35:46
