OWNER,TABLE_NAME,PARTITION_NAME,OBJECT_TYPE,NUM_ROWS,BLOCKS,AVG_ROW_LEN,SAMPLE_SIZE,LAST_ANALYZED,STALE_STATS,GLOBAL_STATS,USER_STATS
CISADM,ACCT_CUSTOMER_RPT_CURR,,TABLE,1049,73,448,1049,2026-06-06 05:00:17,NO,YES,NO
CISADM,BILLABLE_CHARGE_RPT_CURR,,TABLE,18127,496,166,18127,2026-06-06 05:00:18,NO,YES,NO
CISADM,BSEG_BILLED_USAGE_RPT_CURR,,TABLE,166078,11117,443,166078,2026-05-23 05:00:35,NO,YES,NO
CISADM,BSEG_SQ_USAGE_RPT_CURR,,TABLE,189885,11117,383,189885,2026-06-07 13:00:24,NO,YES,NO
CISADM,C0_INSTALLATION,,TABLE,1,4,229,1,2026-02-05 05:00:09,NO,YES,NO
CISADM,C1_BI_FTGL_MONTHLY_A,,TABLE,3246,92,113,3246,2026-05-12 05:00:13,NO,YES,NO
CISADM,C1_BI_FT_MONTHLY_A,,TABLE,1658,75,77,1658,2026-05-12 05:00:13,NO,YES,NO
CISADM,C1_BI_SA_SNAPSHOT,,TABLE,4296,65,97,4296,2026-05-12 05:00:13,NO,YES,NO
CISADM,C1_CALC_GRP,,TABLE,203,8,52,203,2026-02-04 05:00:40,NO,YES,NO
CISADM,C1_CALC_GRP_CHAR,,TABLE,0,0,0,0,2026-02-03 17:44:28,NO,YES,NO
CISADM,C1_CALC_GRP_L,,TABLE,406,16,67,406,2026-02-03 17:44:28,NO,YES,NO
CISADM,C1_CALC_RULE,,TABLE,604,256,1970,604,2026-02-03 17:44:28,NO,YES,NO
CISADM,C1_CALC_RULE_CHAR,,TABLE,367,16,76,367,2026-02-03 17:44:28,NO,YES,NO
CISADM,C1_CALC_RULE_CRT,,TABLE,238,20,452,238,2026-02-04 05:00:44,NO,YES,NO
CISADM,C1_CALC_RULE_CRT_CHAR,,TABLE,0,0,0,0,2026-02-03 17:44:28,NO,YES,NO
CISADM,C1_CALC_RULE_CRT_L,,TABLE,476,16,80,476,2026-02-03 17:44:28,NO,YES,NO
CISADM,C1_CALC_RULE_L,,TABLE,1304,31,107,1304,2026-02-03 17:44:28,NO,YES,NO
CISADM,C1_CALC_RULE_MBR_CAT,,TABLE,431,8,49,431,2026-02-03 17:44:28,NO,YES,NO
CISADM,C1_CALC_RULE_TRGT_CAT,,TABLE,1,5,39,1,2026-02-03 17:44:28,NO,YES,NO
CISADM,C1_CC_IDENTIFIER,,TABLE,0,0,0,0,2026-02-03 17:44:29,NO,YES,NO
CISADM,C1_CC_LOG,,TABLE,62,5,55,62,2026-05-12 05:00:12,NO,YES,NO
CISADM,C1_CC_LOG_PARM,,TABLE,0,0,0,0,2026-02-03 17:44:29,NO,YES,NO
CISADM,C1_CIS_DIV_RTYP,,TABLE,0,0,0,0,2026-02-03 17:44:29,NO,YES,NO
CISADM,C1_CIS_DIV_SEQ_CHAR,,TABLE,0,0,0,0,2026-02-03 17:44:29,NO,YES,NO
CISADM,C1_CL_CAT_TYPE,,TABLE,5,4,43,5,2026-02-04 05:00:41,NO,YES,NO
CISADM,C1_CL_CAT_TYPE_CHAR,,TABLE,0,0,0,0,2026-02-03 17:44:29,NO,YES,NO
CISADM,C1_CL_CAT_TYPE_L,,TABLE,10,8,244,10,2026-02-03 17:44:29,NO,YES,NO
CISADM,C1_CL_CAT_VAL,,TABLE,24,4,17,24,2026-02-03 17:44:29,NO,YES,NO
CISADM,C1_CL_CAT_VAL_L,,TABLE,48,8,37,48,2026-02-03 17:44:29,NO,YES,NO
CISADM,C1_COMM_RTE_TYPE,,TABLE,7,8,73,7,2026-03-20 05:00:10,NO,YES,NO
CISADM,C1_COMM_RTE_TYPE_CHAR,,TABLE,0,0,0,0,2026-02-03 17:44:29,NO,YES,NO
CISADM,C1_COMM_RTE_TYPE_DVTYP,,TABLE,3,4,21,3,2026-02-03 17:44:29,NO,YES,NO
CISADM,C1_COMM_RTE_TYPE_L,,TABLE,14,8,30,14,2026-02-03 17:44:29,NO,YES,NO
CISADM,C1_CONT,,TABLE,0,0,0,0,2026-02-03 17:44:29,NO,YES,NO
CISADM,C1_CONT_CHAR,,TABLE,0,0,0,0,2026-02-03 17:44:29,NO,YES,NO
CISADM,C1_CONT_ID,,TABLE,0,0,0,0,2026-02-03 17:44:29,NO,YES,NO
CISADM,C1_CONT_K,,TABLE,0,,0,0,2026-02-03 17:44:29,NO,YES,NO
CISADM,C1_CONT_LOG,,TABLE,0,0,0,0,2026-02-03 17:44:29,NO,YES,NO
CISADM,C1_CONT_LOG_PARM,,TABLE,0,0,0,0,2026-02-03 17:44:29,NO,YES,NO
CISADM,C1_CONT_MS,,TABLE,0,0,0,0,2026-02-03 17:44:29,NO,YES,NO
CISADM,C1_CONT_MS_PROD,,TABLE,0,0,0,0,2026-02-03 17:44:29,NO,YES,NO
CISADM,C1_CONT_MS_TYPE,,TABLE,0,0,0,0,2026-02-03 17:44:29,NO,YES,NO
CISADM,C1_CONT_MS_TYPE_CHAR,,TABLE,0,0,0,0,2026-02-03 17:44:29,NO,YES,NO
CISADM,C1_CONT_MS_TYPE_L,,TABLE,0,0,0,0,2026-02-03 17:44:29,NO,YES,NO
CISADM,C1_CONT_PROD,,TABLE,0,0,0,0,2026-02-03 17:44:29,NO,YES,NO
CISADM,C1_CONT_PROD_CHAR,,TABLE,0,0,0,0,2026-02-03 17:44:29,NO,YES,NO
CISADM,C1_CONT_PROD_K,,TABLE,0,,0,0,2026-02-03 17:44:29,NO,YES,NO
CISADM,C1_CONT_RULE,,TABLE,0,0,0,0,2026-02-03 17:44:29,NO,YES,NO
CISADM,C1_CONT_RULE_CHAR,,TABLE,0,0,0,0,2026-02-03 17:44:29,NO,YES,NO
CISADM,C1_CONT_RULE_L,,TABLE,0,0,0,0,2026-02-03 17:44:29,NO,YES,NO
CISADM,C1_CONT_TYPE,,TABLE,0,0,0,0,2026-02-03 17:44:29,NO,YES,NO
CISADM,C1_CONT_TYPE_CHAR,,TABLE,0,0,0,0,2026-02-03 17:44:29,NO,YES,NO
CISADM,C1_CONT_TYPE_L,,TABLE,0,0,0,0,2026-02-03 17:44:29,NO,YES,NO
CISADM,C1_CONT_TYPE_VALID_PROD,,TABLE,0,0,0,0,2026-02-03 17:44:29,NO,YES,NO
CISADM,C1_CS_REQ,,TABLE,2912,128,265,2912,2026-05-12 05:00:14,NO,YES,NO
CISADM,C1_CS_REQ_ACCT,,TABLE,2298,120,299,2298,2026-05-12 05:00:14,NO,YES,NO
CISADM,C1_CS_REQ_ACCT_ALERT,,TABLE,318,8,41,318,2026-05-12 05:00:12,NO,YES,NO
CISADM,C1_CS_REQ_ACCT_APAY,,TABLE,1,5,85,1,2026-05-12 05:00:12,NO,YES,NO
CISADM,C1_CS_REQ_ACCT_CHAR,,TABLE,967,16,57,967,2026-02-03 17:44:30,NO,YES,NO
CISADM,C1_CS_REQ_ACCT_K,,TABLE,2293,,20,2293,2026-02-03 17:44:30,NO,YES,NO
CISADM,C1_CS_REQ_ACCT_LOG,,TABLE,8634,256,66,8634,2026-05-12 05:00:15,NO,YES,NO
CISADM,C1_CS_REQ_ACCT_LOG_PARM,,TABLE,8614,104,39,8614,2026-02-03 17:44:30,NO,YES,NO
CISADM,C1_CS_REQ_ACCT_MSG,,TABLE,18,4,29,18,2026-02-03 17:44:30,NO,YES,NO
CISADM,C1_CS_REQ_ACCT_MSG_PARM,,TABLE,36,4,31,36,2026-02-03 17:44:30,NO,YES,NO
CISADM,C1_CS_REQ_ACCT_NCD,,TABLE,0,0,0,0,2026-02-03 17:44:30,NO,YES,NO
CISADM,C1_CS_REQ_ACCT_PER,,TABLE,2294,48,90,2294,2026-02-03 17:44:30,NO,YES,NO
CISADM,C1_CS_REQ_ACCT_PER_ADDR,,TABLE,651,16,80,651,2026-02-03 17:44:30,NO,YES,NO
CISADM,C1_CS_REQ_ACCT_PER_K,,TABLE,2294,,20,2294,2026-02-03 17:44:30,NO,YES,NO
CISADM,C1_CS_REQ_CHAR,,TABLE,0,0,0,0,2026-02-03 17:44:30,NO,YES,NO
CISADM,C1_CS_REQ_CONT,,TABLE,0,0,0,0,2026-02-03 17:44:30,NO,YES,NO
CISADM,C1_CS_REQ_CONT_CHAR,,TABLE,0,0,0,0,2026-02-03 17:44:30,NO,YES,NO
CISADM,C1_CS_REQ_CONT_ID,,TABLE,0,0,0,0,2026-02-03 17:44:30,NO,YES,NO
CISADM,C1_CS_REQ_CONT_K,,TABLE,0,,0,0,2026-02-03 17:44:30,NO,YES,NO
CISADM,C1_CS_REQ_CONT_LOG,,TABLE,0,0,0,0,2026-02-03 17:44:30,NO,YES,NO
CISADM,C1_CS_REQ_CONT_LOG_PARM,,TABLE,0,0,0,0,2026-02-03 17:44:30,NO,YES,NO
CISADM,C1_CS_REQ_CONT_MS,,TABLE,0,0,0,0,2026-02-03 17:44:30,NO,YES,NO
CISADM,C1_CS_REQ_CONT_MS_PROD,,TABLE,0,0,0,0,2026-02-03 17:44:31,NO,YES,NO
CISADM,C1_CS_REQ_CONT_PROD,,TABLE,0,0,0,0,2026-02-03 17:44:31,NO,YES,NO
CISADM,C1_CS_REQ_CONT_PROD_CHAR,,TABLE,0,0,0,0,2026-02-03 17:44:31,NO,YES,NO
CISADM,C1_CS_REQ_CONT_PROD_K,,TABLE,0,,0,0,2026-02-03 17:44:31,NO,YES,NO
CISADM,C1_CS_REQ_CONT_PROD_LOG,,TABLE,0,0,0,0,2026-02-03 17:44:31,NO,YES,NO
CISADM,C1_CS_REQ_CONT_PROD_LOG_PARM,,TABLE,0,0,0,0,2026-02-03 17:44:31,NO,YES,NO
CISADM,C1_CS_REQ_K,,TABLE,2893,,20,2893,2026-02-03 17:44:31,NO,YES,NO
CISADM,C1_CS_REQ_LOG,,TABLE,24373,512,71,24373,2026-05-12 05:00:15,NO,YES,NO
CISADM,C1_CS_REQ_LOG_PARM,,TABLE,36858,512,38,36858,2026-02-03 17:44:31,NO,YES,NO
CISADM,C1_CS_REQ_PER,,TABLE,2041,256,465,2041,2026-05-12 05:00:15,NO,YES,NO
CISADM,C1_CS_REQ_PER_ADDR_SEAS,,TABLE,0,0,0,0,2026-02-03 17:44:31,NO,YES,NO
CISADM,C1_CS_REQ_PER_CHAR,,TABLE,4695,56,58,4695,2026-02-03 17:44:31,NO,YES,NO
CISADM,C1_CS_REQ_PER_CONTDET,,TABLE,4174,64,79,4174,2026-02-03 17:44:32,NO,YES,NO
CISADM,C1_CS_REQ_PER_ID,,TABLE,3459,40,45,3459,2026-02-03 17:44:32,NO,YES,NO
CISADM,C1_CS_REQ_PER_K,,TABLE,2036,,20,2036,2026-02-03 17:44:32,NO,YES,NO
CISADM,C1_CS_REQ_PER_LOG,,TABLE,7131,128,66,7131,2026-05-23 05:00:30,NO,YES,NO
CISADM,C1_CS_REQ_PER_LOG_PARM,,TABLE,7111,87,38,7111,2026-02-03 17:44:32,NO,YES,NO
CISADM,C1_CS_REQ_PER_NAME,,TABLE,2036,32,63,2036,2026-02-03 17:44:32,NO,YES,NO
CISADM,C1_CS_REQ_PER_PER,,TABLE,0,0,0,0,2026-02-03 17:44:32,NO,YES,NO
CISADM,C1_CS_REQ_PREM,,TABLE,2018,112,326,2018,2026-05-12 05:00:13,NO,YES,NO
CISADM,C1_CS_REQ_PREM_ALT_ADDR,,TABLE,0,0,0,0,2026-02-03 17:44:32,NO,YES,NO
CISADM,C1_CS_REQ_PREM_CHAR,,TABLE,10670,112,52,10670,2026-02-03 17:44:32,NO,YES,NO
CISADM,C1_CS_REQ_PREM_GEO,,TABLE,2982,32,43,2982,2026-02-03 17:44:33,NO,YES,NO
CISADM,C1_CS_REQ_PREM_K,,TABLE,2015,,20,2015,2026-02-03 17:44:33,NO,YES,NO
CISADM,C1_CS_REQ_PREM_LOG,,TABLE,2218,48,66,2218,2026-05-12 05:00:13,NO,YES,NO
CISADM,C1_CS_REQ_PREM_LOG_PARM,,TABLE,2215,32,33,2215,2026-02-03 17:44:33,NO,YES,NO
CISADM,C1_CS_REQ_REL_OBJ,,TABLE,8360,256,50,8360,2026-02-03 17:44:33,NO,YES,NO
CISADM,C1_CS_REQ_SA,,TABLE,7004,384,255,7004,2026-05-12 05:00:15,NO,YES,NO
CISADM,C1_CS_REQ_SA_CHAR,,TABLE,0,0,0,0,2026-02-03 17:44:34,NO,YES,NO
CISADM,C1_CS_REQ_SA_CONTERM,,TABLE,0,0,0,0,2026-02-03 17:44:34,NO,YES,NO
CISADM,C1_CS_REQ_SA_CONT_QTY,,TABLE,0,0,0,0,2026-02-03 17:44:34,NO,YES,NO
CISADM,C1_CS_REQ_SA_COP,,TABLE,0,0,0,0,2026-02-03 17:44:34,NO,YES,NO
CISADM,C1_CS_REQ_SA_COP_OVRD,,TABLE,0,0,0,0,2026-02-03 17:44:34,NO,YES,NO
CISADM,C1_CS_REQ_SA_K,,TABLE,6988,,20,6988,2026-02-03 17:44:34,NO,YES,NO
CISADM,C1_CS_REQ_SA_LOG,,TABLE,14008,256,66,14008,2026-05-12 05:00:14,NO,YES,NO
CISADM,C1_CS_REQ_SA_LOG_PARM,,TABLE,13976,256,33,13976,2026-02-03 17:44:34,NO,YES,NO
CISADM,C1_CS_REQ_SA_MSG,,TABLE,0,0,0,0,2026-02-03 17:44:34,NO,YES,NO
CISADM,C1_CS_REQ_SA_RCHG,,TABLE,4490,48,24,4490,2026-02-03 17:44:34,NO,YES,NO
CISADM,C1_CS_REQ_SA_RS,,TABLE,0,0,0,0,2026-02-03 17:44:34,NO,YES,NO
CISADM,C1_CS_REQ_SA_SP,,TABLE,3307,64,50,3307,2026-05-12 05:00:13,NO,YES,NO
CISADM,C1_CS_REQ_SA_SP_CHAR,,TABLE,0,0,0,0,2026-02-03 17:44:34,NO,YES,NO
CISADM,C1_CS_REQ_SA_SP_FA,,TABLE,0,0,0,0,2026-02-03 17:44:34,NO,YES,NO
CISADM,C1_CS_REQ_SA_SP_K,,TABLE,3299,,20,3299,2026-02-03 17:44:34,NO,YES,NO
CISADM,C1_CS_REQ_SA_TOU_CONT_VAL,,TABLE,0,0,0,0,2026-02-03 17:44:34,NO,YES,NO
CISADM,C1_CS_REQ_SVC_LOC,,TABLE,0,0,0,0,2026-02-03 17:44:34,NO,YES,NO
CISADM,C1_CS_REQ_SVC_LOC_CHAR,,TABLE,0,0,0,0,2026-02-03 17:44:34,NO,YES,NO
CISADM,C1_CS_REQ_SVC_LOC_CONT_PROD,,TABLE,0,0,0,0,2026-02-03 17:44:34,NO,YES,NO
CISADM,C1_CS_REQ_SVC_LOC_K,,TABLE,0,,0,0,2026-02-03 17:44:34,NO,YES,NO
CISADM,C1_CS_REQ_SVC_LOC_LOG,,TABLE,0,0,0,0,2026-02-03 17:44:34,NO,YES,NO
CISADM,C1_CS_REQ_SVC_LOC_LOG_PARM,,TABLE,0,0,0,0,2026-02-03 17:44:34,NO,YES,NO
CISADM,C1_CS_REQ_TYPE,,TABLE,3,4,574,3,2026-02-04 05:00:40,NO,YES,NO
CISADM,C1_CS_REQ_TYPE_ALG,,TABLE,4,4,39,4,2026-02-03 17:44:35,NO,YES,NO
CISADM,C1_CS_REQ_TYPE_ALG_CUST_CL,,TABLE,8,4,49,8,2026-02-03 17:44:35,NO,YES,NO
CISADM,C1_CS_REQ_TYPE_ALG_PER_BUS,,TABLE,2,8,41,2,2026-02-03 17:44:35,NO,YES,NO
CISADM,C1_CS_REQ_TYPE_CHAR,,TABLE,0,0,0,0,2026-02-03 17:44:35,NO,YES,NO
CISADM,C1_CS_REQ_TYPE_CUST_CL,,TABLE,4,4,391,4,2026-02-03 17:44:35,NO,YES,NO
CISADM,C1_CS_REQ_TYPE_L,,TABLE,6,8,37,6,2026-02-03 17:44:35,NO,YES,NO
CISADM,C1_CS_REQ_TYPE_PER_BUS,,TABLE,6,4,406,6,2026-02-03 17:44:35,NO,YES,NO
CISADM,C1_CS_REQ_TYPE_QSTN_RELOBJ,,TABLE,0,0,0,0,2026-02-03 17:44:35,NO,YES,NO
CISADM,C1_CS_REQ_TYPE_QUESTION,,TABLE,0,0,0,0,2026-02-03 17:44:35,NO,YES,NO
CISADM,C1_CS_REQ_TYPE_QUESTION_REL,,TABLE,0,0,0,0,2026-02-03 17:44:35,NO,YES,NO
CISADM,C1_CS_REQ_TYPE_REL_UPD,,TABLE,0,0,0,0,2026-02-03 17:44:35,NO,YES,NO
CISADM,C1_CS_REQ_TYPE_SVC_CRIT,,TABLE,0,0,0,0,2026-02-03 17:44:35,NO,YES,NO
CISADM,C1_CS_REQ_TYPE_SVC_CRIT_ALG,,TABLE,0,0,0,0,2026-02-03 17:44:35,NO,YES,NO
CISADM,C1_CS_REQ_TYPE_SVC_CRIT_L,,TABLE,0,0,0,0,2026-02-03 17:44:35,NO,YES,NO
CISADM,C1_CS_REQ_TYPE_SVC_CRIT_SATY,,TABLE,0,0,0,0,2026-02-03 17:44:35,NO,YES,NO
CISADM,C1_CS_REQ_TYPE_SVC_CRIT_STOP,,TABLE,0,0,0,0,2026-02-03 17:44:35,NO,YES,NO
CISADM,C1_CS_REQ_TYPE_SVC_LOC_BO,,TABLE,0,0,0,0,2026-02-03 17:44:35,NO,YES,NO
CISADM,C1_CUST_REL_REQ,,TABLE,0,0,0,0,2026-02-03 17:44:35,NO,YES,NO
CISADM,C1_CUST_REL_REQ_CHAR,,TABLE,0,0,0,0,2026-02-03 17:44:35,NO,YES,NO
CISADM,C1_CUST_REL_REQ_K,,TABLE,0,,0,0,2026-02-03 17:44:35,NO,YES,NO
CISADM,C1_CUST_REL_REQ_LOG,,TABLE,0,0,0,0,2026-02-03 17:44:35,NO,YES,NO
CISADM,C1_CUST_REL_REQ_LOG_PARM,,TABLE,0,0,0,0,2026-02-03 17:44:35,NO,YES,NO
CISADM,C1_CUST_REL_REQ_REL_OBJ,,TABLE,0,0,0,0,2026-02-03 17:44:35,NO,YES,NO
CISADM,C1_CUST_REL_REQ_TYPE,,TABLE,0,0,0,0,2026-02-03 17:44:35,NO,YES,NO
CISADM,C1_CUST_REL_REQ_TYPE_CHAR,,TABLE,0,0,0,0,2026-02-03 17:44:35,NO,YES,NO
CISADM,C1_CUST_REL_REQ_TYPE_L,,TABLE,0,0,0,0,2026-02-03 17:44:35,NO,YES,NO
CISADM,C1_ENRL_CONTDET,,TABLE,13,5,82,13,2026-05-06 05:00:07,NO,YES,NO
CISADM,C1_ENRL_CONTDET_K,,TABLE,15,,16,15,2026-05-06 05:00:07,NO,YES,NO
CISADM,C1_INITIATIVE,,TABLE,0,0,0,0,2026-02-03 17:44:35,NO,YES,NO
CISADM,C1_INITIATIVE_CHAR,,TABLE,0,0,0,0,2026-02-03 17:44:35,NO,YES,NO
CISADM,C1_INITIATIVE_CRITERIA,,TABLE,0,0,0,0,2026-02-03 17:44:35,NO,YES,NO
CISADM,C1_INITIATIVE_CRITERIA_CHAR,,TABLE,0,0,0,0,2026-02-03 17:44:35,NO,YES,NO
CISADM,C1_INITIATIVE_CRITERIA_L,,TABLE,0,0,0,0,2026-02-03 17:44:35,NO,YES,NO
CISADM,C1_INITIATIVE_L,,TABLE,0,0,0,0,2026-02-03 17:44:35,NO,YES,NO
CISADM,C1_INITIATIVE_LEAD_DEFN,,TABLE,0,0,0,0,2026-02-03 17:44:35,NO,YES,NO
CISADM,C1_INITIATIVE_LOG,,TABLE,0,0,0,0,2026-02-03 17:44:35,NO,YES,NO
CISADM,C1_INITIATIVE_LOG_PARM,,TABLE,0,0,0,0,2026-02-03 17:44:35,NO,YES,NO
CISADM,C1_INITIATIVE_REL_OBJ,,TABLE,0,0,0,0,2026-02-03 17:44:35,NO,YES,NO
CISADM,C1_INTV_DATA_GTT,,TABLE,,,,,,,NO,NO
CISADM,C1_ISS_CTR,,TABLE,0,0,0,0,2026-02-03 17:44:35,NO,YES,NO
CISADM,C1_ISS_CTR_CHAR,,TABLE,0,0,0,0,2026-02-03 17:44:35,NO,YES,NO
CISADM,C1_ISS_CTR_DTL,,TABLE,0,0,0,0,2026-02-03 17:44:35,NO,YES,NO
CISADM,C1_ISS_CTR_L,,TABLE,0,0,0,0,2026-02-03 17:44:35,NO,YES,NO
CISADM,C1_ISS_CTR_LOG,,TABLE,0,0,0,0,2026-02-03 17:44:35,NO,YES,NO
CISADM,C1_ISS_CTR_LOG_PARM,,TABLE,0,0,0,0,2026-02-03 17:44:35,NO,YES,NO
CISADM,C1_LEAD,,TABLE,0,0,0,0,2026-02-03 17:44:35,NO,YES,NO
CISADM,C1_LEAD_CHAR,,TABLE,0,0,0,0,2026-02-03 17:44:36,NO,YES,NO
CISADM,C1_LEAD_EVT,,TABLE,0,0,0,0,2026-02-03 17:44:36,NO,YES,NO
CISADM,C1_LEAD_EVT_CHAR,,TABLE,0,0,0,0,2026-02-03 17:44:36,NO,YES,NO
CISADM,C1_LEAD_EVT_K,,TABLE,0,,0,0,2026-02-03 17:44:36,NO,YES,NO
CISADM,C1_LEAD_EVT_LOG,,TABLE,0,0,0,0,2026-02-03 17:44:36,NO,YES,NO
CISADM,C1_LEAD_EVT_LOG_PARM,,TABLE,0,0,0,0,2026-02-03 17:44:36,NO,YES,NO
CISADM,C1_LEAD_EVT_STEP,,TABLE,0,0,0,0,2026-02-03 17:44:36,NO,YES,NO
CISADM,C1_LEAD_EVT_STEP_K,,TABLE,0,,0,0,2026-02-03 17:44:36,NO,YES,NO
CISADM,C1_LEAD_EVT_TYPE,,TABLE,0,0,0,0,2026-02-03 17:44:36,NO,YES,NO
CISADM,C1_LEAD_EVT_TYPE_CHAR,,TABLE,0,0,0,0,2026-02-03 17:44:36,NO,YES,NO
CISADM,C1_LEAD_EVT_TYPE_L,,TABLE,0,0,0,0,2026-02-03 17:44:36,NO,YES,NO
CISADM,C1_LEAD_K,,TABLE,0,,0,0,2026-02-03 17:44:36,NO,YES,NO
CISADM,C1_LEAD_LOG,,TABLE,0,0,0,0,2026-02-03 17:44:36,NO,YES,NO
CISADM,C1_LEAD_LOG_PARM,,TABLE,0,0,0,0,2026-02-03 17:44:36,NO,YES,NO
CISADM,C1_LEAD_REL_OBJ,,TABLE,0,0,0,0,2026-02-03 17:44:36,NO,YES,NO
CISADM,C1_LETY_STEP_TYPE,,TABLE,0,0,0,0,2026-02-03 17:44:36,NO,YES,NO
CISADM,C1_LETY_STEP_TYPE_L,,TABLE,0,0,0,0,2026-02-03 17:44:36,NO,YES,NO
CISADM,C1_LTR_TMPL_REC,,TABLE,150,9,250,150,2026-02-04 05:00:42,NO,YES,NO
CISADM,C1_LTR_TMPL_REC_L,,TABLE,300,8,47,300,2026-02-03 17:44:36,NO,YES,NO
CISADM,C1_MKT,,TABLE,0,0,0,0,2026-02-03 17:44:36,NO,YES,NO
CISADM,C1_MKTMSG_CHG,,TABLE,0,0,0,0,2026-02-03 17:44:36,NO,YES,NO
CISADM,C1_MKTMSG_CHG_DTL,,TABLE,0,0,0,0,2026-02-03 17:44:36,NO,YES,NO
CISADM,C1_MKTMSG_CHG_K,,TABLE,0,,0,0,2026-02-03 17:44:36,NO,YES,NO
CISADM,C1_MKTMSG_CHG_LOG,,TABLE,0,0,0,0,2026-02-03 17:44:36,NO,YES,NO
CISADM,C1_MKTMSG_CHG_LOG_PARM,,TABLE,0,0,0,0,2026-02-03 17:44:36,NO,YES,NO
CISADM,C1_MKTMSG_CHG_REL_OBJ,,TABLE,0,0,0,0,2026-02-03 17:44:36,NO,YES,NO
CISADM,C1_MKTMSG_PAY,,TABLE,0,0,0,0,2026-02-03 17:44:36,NO,YES,NO
CISADM,C1_MKTMSG_PAY_DTL,,TABLE,0,0,0,0,2026-02-03 17:44:36,NO,YES,NO
CISADM,C1_MKTMSG_PAY_K,,TABLE,0,,0,0,2026-02-03 17:44:36,NO,YES,NO
CISADM,C1_MKTMSG_PAY_LOG,,TABLE,0,0,0,0,2026-02-03 17:44:36,NO,YES,NO
CISADM,C1_MKTMSG_PAY_LOG_PARM,,TABLE,0,0,0,0,2026-02-03 17:44:36,NO,YES,NO
CISADM,C1_MKTMSG_PAY_REL_OBJ,,TABLE,0,0,0,0,2026-02-03 17:44:36,NO,YES,NO
CISADM,C1_MKTMSG_USG,,TABLE,0,0,0,0,2026-02-03 17:44:36,NO,YES,NO
CISADM,C1_MKTMSG_USG_DTL,,TABLE,0,0,0,0,2026-02-03 17:44:36,NO,YES,NO
CISADM,C1_MKTMSG_USG_K,,TABLE,0,,0,0,2026-02-03 17:44:36,NO,YES,NO
CISADM,C1_MKTMSG_USG_LOG,,TABLE,0,0,0,0,2026-02-03 17:44:36,NO,YES,NO
CISADM,C1_MKTMSG_USG_LOG_PARM,,TABLE,0,0,0,0,2026-02-03 17:44:36,NO,YES,NO
CISADM,C1_MKTMSG_USG_REL_OBJ,,TABLE,0,0,0,0,2026-02-03 17:44:36,NO,YES,NO
CISADM,C1_MKT_CHAR,,TABLE,0,0,0,0,2026-02-03 17:44:36,NO,YES,NO
CISADM,C1_MKT_FALLBACK_SPR,,TABLE,0,0,0,0,2026-02-03 17:44:36,NO,YES,NO
CISADM,C1_MKT_L,,TABLE,0,0,0,0,2026-02-03 17:44:36,NO,YES,NO
CISADM,C1_MKT_PROV_CONFIG_OPT,,TABLE,0,0,0,0,2026-02-03 17:44:36,NO,YES,NO
CISADM,C1_MKT_PROV_CONFIG_OPT_L,,TABLE,0,0,0,0,2026-02-03 17:44:36,NO,YES,NO
CISADM,C1_MKT_RP,,TABLE,0,0,0,0,2026-02-03 17:44:36,NO,YES,NO
CISADM,C1_MKT_RP_ATTR,,TABLE,0,0,0,0,2026-02-03 17:44:36,NO,YES,NO
CISADM,C1_MKT_RP_CHAR,,TABLE,0,0,0,0,2026-02-03 17:44:36,NO,YES,NO
CISADM,C1_MKT_RP_K,,TABLE,0,,0,0,2026-02-03 17:44:36,NO,YES,NO
CISADM,C1_MKT_RP_LOG,,TABLE,0,0,0,0,2026-02-03 17:44:36,NO,YES,NO
CISADM,C1_MKT_RP_LOG_PARM,,TABLE,0,0,0,0,2026-02-03 17:44:36,NO,YES,NO
CISADM,C1_MKT_RP_REL,,TABLE,0,0,0,0,2026-02-03 17:44:37,NO,YES,NO
CISADM,C1_MKT_RP_REL_OBJ,,TABLE,0,0,0,0,2026-02-03 17:44:37,NO,YES,NO
CISADM,C1_MKT_VALID_SPR,,TABLE,0,0,0,0,2026-02-03 17:44:37,NO,YES,NO
CISADM,C1_NTF_EVT_CC_CL_TYPE,,TABLE,0,0,0,0,2026-02-03 17:44:37,NO,YES,NO
CISADM,C1_NTF_EVT_TYPE,,TABLE,0,0,0,0,2026-02-03 17:44:37,NO,YES,NO
CISADM,C1_NTF_EVT_TYPE_ALG,,TABLE,0,0,0,0,2026-02-03 17:44:37,NO,YES,NO
CISADM,C1_NTF_EVT_TYPE_CHAR,,TABLE,0,0,0,0,2026-02-03 17:44:37,NO,YES,NO
CISADM,C1_NTF_PREF,,TABLE,0,0,0,0,2026-02-03 17:44:37,NO,YES,NO
CISADM,C1_NTF_PREF_CHAR,,TABLE,0,0,0,0,2026-02-03 17:44:37,NO,YES,NO
CISADM,C1_NTF_PREF_ID,,TABLE,0,0,0,0,2026-02-03 17:44:37,NO,YES,NO
CISADM,C1_NTF_PREF_K,,TABLE,0,,0,0,2026-02-03 17:44:37,NO,YES,NO
CISADM,C1_NTF_PREF_LOG,,TABLE,0,0,0,0,2026-02-03 17:44:37,NO,YES,NO
CISADM,C1_NTF_PREF_LOG_PARM,,TABLE,0,0,0,0,2026-02-03 17:44:37,NO,YES,NO
CISADM,C1_NTF_TYPE,,TABLE,8,4,77,8,2026-02-04 05:00:40,NO,YES,NO
CISADM,C1_NTF_TYPE_ALG,,TABLE,0,0,0,0,2026-02-03 17:44:37,NO,YES,NO
CISADM,C1_NTF_TYPE_CHAR,,TABLE,0,0,0,0,2026-02-03 17:44:37,NO,YES,NO
CISADM,C1_NTF_TYPE_COMM_RTE_TYPE,,TABLE,15,4,30,15,2026-02-03 17:44:37,NO,YES,NO
CISADM,C1_NTF_TYPE_DVTYP,,TABLE,7,4,99,7,2026-02-03 17:44:37,NO,YES,NO
CISADM,C1_NTF_TYPE_L,,TABLE,14,8,60,14,2026-02-03 17:44:37,NO,YES,NO
CISADM,C1_OFFCYC_BGEN,,TABLE,29583,1920,432,29583,2026-02-03 17:44:37,NO,YES,NO
CISADM,C1_OFFCYC_BGEN_ADJ,,TABLE,2,5,31,2,2026-02-03 17:44:37,NO,YES,NO
CISADM,C1_OFFCYC_BGEN_BCHG,,TABLE,2,5,31,2,2026-02-03 17:44:37,NO,YES,NO
CISADM,C1_OFFCYC_BGEN_BSEG,,TABLE,0,0,0,0,2026-02-03 17:44:37,NO,YES,NO
CISADM,C1_OFFCYC_BGEN_CHAR,,TABLE,30597,768,81,30597,2026-02-03 17:44:37,NO,YES,NO
CISADM,C1_OFFCYC_BGEN_K,,TABLE,29583,,18,29583,2026-02-03 17:44:38,NO,YES,NO
CISADM,C1_OFFCYC_BGEN_LOG,,TABLE,34722,896,104,34722,2026-02-03 17:44:38,NO,YES,NO
CISADM,C1_OFFCYC_BGEN_LOG_PARM,,TABLE,33703,384,36,33703,2026-02-03 17:44:38,NO,YES,NO
CISADM,C1_OFFCYC_BGEN_SA,,TABLE,29580,384,29,29580,2026-02-03 17:44:38,NO,YES,NO
CISADM,C1_PA_RQST,,TABLE,20,5,222,20,2026-02-05 05:00:07,NO,YES,NO
CISADM,C1_PA_RQST_CHAR,,TABLE,0,0,0,0,2026-02-03 17:44:39,NO,YES,NO
CISADM,C1_PA_RQST_ELIG_RSLT,,TABLE,17,5,120,17,2026-02-05 05:00:10,NO,YES,NO
CISADM,C1_PA_RQST_K,,TABLE,20,,20,20,2026-02-05 05:00:10,NO,YES,NO
CISADM,C1_PA_RQST_LOG,,TABLE,88,5,71,88,2026-02-05 05:00:07,NO,YES,NO
CISADM,C1_PA_RQST_LOG_PARM,,TABLE,84,5,39,84,2026-02-05 05:00:09,NO,YES,NO
CISADM,C1_PA_RQST_REL_OBJ,,TABLE,28,5,182,28,2026-02-05 05:00:09,NO,YES,NO
CISADM,C1_PA_RQST_TYPE,,TABLE,6,4,218,6,2026-02-04 05:00:38,NO,YES,NO
CISADM,C1_PA_RQST_TYPE_ALG,,TABLE,14,4,46,14,2026-02-05 05:00:36,NO,YES,NO
CISADM,C1_PA_RQST_TYPE_CHAR,,TABLE,0,0,0,0,2026-02-03 17:44:39,NO,YES,NO
CISADM,C1_PA_RQST_TYPE_DOWN_PAY_OPT,,TABLE,16,4,31,16,2026-02-03 17:44:39,NO,YES,NO
CISADM,C1_PA_RQST_TYPE_DOWN_PAY_OPT_L,,TABLE,32,8,36,32,2026-02-03 17:44:39,NO,YES,NO
CISADM,C1_PA_RQST_TYPE_L,,TABLE,12,8,97,12,2026-02-03 17:44:39,NO,YES,NO
CISADM,C1_PER_CONTDET,,TABLE,1790,50,179,1790,2026-02-03 17:44:39,NO,YES,NO
CISADM,C1_PER_CONT_DET_K,,TABLE,1789,,16,1789,2026-02-03 17:44:39,NO,YES,NO
CISADM,C1_PER_SS_PAYOPT,,TABLE,0,0,0,0,2026-02-03 17:44:39,NO,YES,NO
CISADM,C1_PER_SS_PAYOPT_K,,TABLE,0,,0,0,2026-02-03 17:44:39,NO,YES,NO
CISADM,C1_PREM_ACTIVITY_GTT,,TABLE,,,,,,,NO,NO
CISADM,C1_PROD,,TABLE,0,0,0,0,2026-02-03 17:44:39,NO,YES,NO
CISADM,C1_PROD_CHAR,,TABLE,0,0,0,0,2026-02-03 17:44:39,NO,YES,NO
CISADM,C1_PROD_COMP,,TABLE,0,0,0,0,2026-02-03 17:44:39,NO,YES,NO
CISADM,C1_PROD_COMP_CHAR,,TABLE,0,0,0,0,2026-02-03 17:44:39,NO,YES,NO
CISADM,C1_PROD_COMP_CHILD,,TABLE,0,0,0,0,2026-02-03 17:44:39,NO,YES,NO
CISADM,C1_PROD_COMP_ELIG_CRIT,,TABLE,0,0,0,0,2026-02-03 17:44:39,NO,YES,NO
CISADM,C1_PROD_COMP_ELIG_CRIT_CHAR,,TABLE,0,0,0,0,2026-02-03 17:44:40,NO,YES,NO
CISADM,C1_PROD_COMP_ELIG_CRIT_L,,TABLE,0,0,0,0,2026-02-03 17:44:40,NO,YES,NO
CISADM,C1_PROD_COMP_L,,TABLE,0,0,0,0,2026-02-03 17:44:40,NO,YES,NO
CISADM,C1_PROD_ELIG_CRIT,,TABLE,0,0,0,0,2026-02-03 17:44:40,NO,YES,NO
CISADM,C1_PROD_ELIG_CRIT_CHAR,,TABLE,0,0,0,0,2026-02-03 17:44:40,NO,YES,NO
CISADM,C1_PROD_ELIG_CRIT_L,,TABLE,0,0,0,0,2026-02-03 17:44:40,NO,YES,NO
CISADM,C1_PROD_L,,TABLE,0,0,0,0,2026-02-03 17:44:40,NO,YES,NO
CISADM,C1_PROD_RULE,,TABLE,0,0,0,0,2026-02-03 17:44:40,NO,YES,NO
CISADM,C1_PROD_RULE_CHAR,,TABLE,0,0,0,0,2026-02-03 17:44:40,NO,YES,NO
CISADM,C1_PROD_RULE_L,,TABLE,0,0,0,0,2026-02-03 17:44:40,NO,YES,NO
CISADM,C1_PROD_VER,,TABLE,0,0,0,0,2026-02-03 17:44:40,NO,YES,NO
CISADM,C1_PROD_VER_CHAR,,TABLE,0,0,0,0,2026-02-03 17:44:40,NO,YES,NO
CISADM,C1_PROD_VER_K,,TABLE,0,,0,0,2026-02-03 17:44:40,NO,YES,NO
CISADM,C1_PROD_VER_L,,TABLE,0,0,0,0,2026-02-03 17:44:40,NO,YES,NO
CISADM,C1_PROD_VER_LOG,,TABLE,0,0,0,0,2026-02-03 17:44:40,NO,YES,NO
CISADM,C1_PROD_VER_LOG_PARM,,TABLE,0,0,0,0,2026-02-03 17:44:40,NO,YES,NO
CISADM,C1_PROD_VER_RULE,,TABLE,0,0,0,0,2026-02-03 17:44:40,NO,YES,NO
CISADM,C1_PROV_CONFIG_OPT,,TABLE,0,0,0,0,2026-02-03 17:44:40,NO,YES,NO
CISADM,C1_PROV_CONFIG_OPT_L,,TABLE,0,0,0,0,2026-02-03 17:44:40,NO,YES,NO
CISADM,C1_PROV_CONFIG_SATY,,TABLE,0,0,0,0,2026-02-03 17:44:40,NO,YES,NO
CISADM,C1_PROV_CONFIG_SATY_OVRD,,TABLE,0,0,0,0,2026-02-03 17:44:40,NO,YES,NO
CISADM,C1_QUESTION,,TABLE,0,0,0,0,2026-02-03 17:44:40,NO,YES,NO
CISADM,C1_QUESTION_ANSWER,,TABLE,0,0,0,0,2026-02-03 17:44:40,NO,YES,NO
CISADM,C1_QUESTION_ANSWER_L,,TABLE,0,0,0,0,2026-02-03 17:44:40,NO,YES,NO
CISADM,C1_QUESTION_CHAR,,TABLE,0,0,0,0,2026-02-03 17:44:40,NO,YES,NO
CISADM,C1_QUESTION_L,,TABLE,0,0,0,0,2026-02-03 17:44:40,NO,YES,NO
CISADM,C1_RC_CALC_GTT,,TABLE,,,,,,,NO,NO
CISADM,C1_RC_CALC_LN_GTT,,TABLE,,,,,,,NO,NO
CISADM,C1_RC_CHAR_GTT,,TABLE,,,,,,,NO,NO
CISADM,C1_RC_READ_GTT,,TABLE,,,,,,,NO,NO
CISADM,C1_RC_SQ_GTT,,TABLE,,,,,,,NO,NO
CISADM,C1_RC_TRACE_GTT,,TABLE,,,,,,,NO,NO
CISADM,C1_REPRESENTATIVE,,TABLE,44,8,254,44,2026-02-03 17:44:40,NO,YES,NO
CISADM,C1_REPRESENTATIVE_CHAR,,TABLE,0,0,0,0,2026-02-03 17:44:40,NO,YES,NO
CISADM,C1_REPRESENTATIVE_L,,TABLE,88,8,34,88,2026-02-03 17:44:40,NO,YES,NO
CISADM,C1_REPRESENTATIVE_LOG,,TABLE,47,8,99,47,2026-02-03 17:44:40,NO,YES,NO
CISADM,C1_REPRESENTATIVE_LOG_PARM,,TABLE,49,8,30,49,2026-02-03 17:44:40,NO,YES,NO
CISADM,C1_REP_GRP_MEM,,TABLE,0,0,0,0,2026-02-03 17:44:40,NO,YES,NO
CISADM,C1_RESPONSE,,TABLE,0,0,0,0,2026-02-03 17:44:40,NO,YES,NO
CISADM,C1_RESPONSE_ANSWER,,TABLE,0,0,0,0,2026-02-03 17:44:40,NO,YES,NO
CISADM,C1_RESPONSE_CHAR,,TABLE,0,0,0,0,2026-02-03 17:44:40,NO,YES,NO
CISADM,C1_RESPONSE_K,,TABLE,0,,0,0,2026-02-03 17:44:40,NO,YES,NO
CISADM,C1_RESPONSE_LOG,,TABLE,0,0,0,0,2026-02-03 17:44:40,NO,YES,NO
CISADM,C1_RESPONSE_LOG_PARM,,TABLE,0,0,0,0,2026-02-03 17:44:40,NO,YES,NO
CISADM,C1_RS_POST_PROC,,TABLE,0,0,0,0,2026-02-03 17:44:40,NO,YES,NO
CISADM,C1_RS_POST_PROC_L,,TABLE,0,0,0,0,2026-02-03 17:44:40,NO,YES,NO
CISADM,C1_RS_PRE_PROC,,TABLE,185,8,26,185,2026-02-03 17:44:40,NO,YES,NO
CISADM,C1_RS_PRE_PROC_L,,TABLE,370,8,34,370,2026-02-03 17:44:40,NO,YES,NO
CISADM,C1_RS_RV2,,TABLE,141,8,35,141,2026-02-03 17:44:40,NO,YES,NO
CISADM,C1_RS_RV2_L,,TABLE,282,8,53,282,2026-02-03 17:44:41,NO,YES,NO
CISADM,C1_SA_CONT_PROD,,TABLE,0,0,0,0,2026-02-03 17:44:41,NO,YES,NO
CISADM,C1_SERVICE_CAT,,TABLE,0,0,0,0,2026-02-03 17:44:41,NO,YES,NO
CISADM,C1_SERVICE_CAT_CHAR,,TABLE,0,0,0,0,2026-02-03 17:44:41,NO,YES,NO
CISADM,C1_SERVICE_CAT_L,,TABLE,0,0,0,0,2026-02-03 17:44:41,NO,YES,NO
CISADM,C1_SERVICE_CAT_SVC_CD,,TABLE,0,0,0,0,2026-02-03 17:44:41,NO,YES,NO
CISADM,C1_SERVICE_CODE,,TABLE,0,0,0,0,2026-02-03 17:44:41,NO,YES,NO
CISADM,C1_SERVICE_CODE_CHAR,,TABLE,0,0,0,0,2026-02-03 17:44:41,NO,YES,NO
CISADM,C1_SERVICE_CODE_L,,TABLE,0,0,0,0,2026-02-03 17:44:41,NO,YES,NO
CISADM,C1_SERVICE_CODE_QUESTION,,TABLE,0,0,0,0,2026-02-03 17:44:41,NO,YES,NO
CISADM,C1_SPR_MKT_OPT,,TABLE,0,0,0,0,2026-02-03 17:44:41,NO,YES,NO
CISADM,C1_SPR_MKT_OPT_SA,,TABLE,0,0,0,0,2026-02-03 17:44:41,NO,YES,NO
CISADM,C1_SS_CONT_OVRD,,TABLE,9,5,86,9,2026-04-17 05:00:19,NO,YES,NO
CISADM,C1_SS_CONT_OVRD_K,,TABLE,21,,16,21,2026-02-06 05:00:15,NO,YES,NO
CISADM,C1_TOU_MAP,,TABLE,1,5,124,1,2026-02-04 05:00:37,NO,YES,NO
CISADM,C1_TOU_MAP_CHAR,,TABLE,0,0,0,0,2026-02-03 17:44:41,NO,YES,NO
CISADM,C1_TOU_MAP_DATA,,TABLE,0,0,0,0,2026-02-03 17:44:41,NO,YES,NO
CISADM,C1_TOU_MAP_DATA_CHAR,,TABLE,0,0,0,0,2026-02-03 17:44:41,NO,YES,NO
CISADM,C1_TOU_MAP_K,,TABLE,1,,18,1,2026-02-03 17:44:41,NO,YES,NO
CISADM,C1_TOU_MAP_L,,TABLE,2,5,54,2,2026-02-03 17:44:41,NO,YES,NO
CISADM,C1_TOU_MAP_LOG,,TABLE,1,5,106,1,2026-02-03 17:44:41,NO,YES,NO
CISADM,C1_TOU_MAP_LOG_PARM,,TABLE,1,5,34,1,2026-02-03 17:44:41,NO,YES,NO
CISADM,C1_TOU_MAP_TMPLT,,TABLE,1,4,2138,1,2026-02-04 05:00:39,NO,YES,NO
CISADM,C1_TOU_MAP_TMPLT_CHAR,,TABLE,0,0,0,0,2026-02-03 17:44:41,NO,YES,NO
CISADM,C1_TOU_MAP_TMPLT_L,,TABLE,2,8,66,2,2026-02-03 17:44:41,NO,YES,NO
CISADM,C1_TOU_MAP_TYPE,,TABLE,2,8,118,2,2026-02-04 05:00:37,NO,YES,NO
CISADM,C1_TOU_MAP_TYPE_CHAR,,TABLE,0,0,0,0,2026-02-03 17:44:41,NO,YES,NO
CISADM,C1_TOU_MAP_TYPE_L,,TABLE,4,8,52,4,2026-02-03 17:44:41,NO,YES,NO
CISADM,C1_TOU_MAP_TYPE_TMPLT,,TABLE,0,0,0,0,2026-02-03 17:44:41,NO,YES,NO
CISADM,C1_USAGE,,TABLE,27462,1882,508,27462,2026-05-22 05:02:12,NO,YES,NO
CISADM,C1_USAGE_CHAR,,TABLE,0,0,0,0,2026-02-03 17:44:42,NO,YES,NO
CISADM,C1_USAGE_K,,TABLE,27456,,18,27456,2026-02-03 17:44:42,NO,YES,NO
CISADM,C1_USAGE_LOG,,TABLE,138221,2764,104,138221,2026-02-03 17:44:42,NO,YES,NO
CISADM,C1_USAGE_LOG_PARM,,TABLE,138221,1630,47,138221,2026-02-03 17:44:43,NO,YES,NO
CISADM,C1_USER_CIS_DIV,,TABLE,1,5,20,1,2026-02-03 17:44:43,NO,YES,NO
CISADM,C1_USER_TNDR_SRCE,,TABLE,0,0,0,0,2026-02-03 17:44:43,NO,YES,NO
CISADM,C1_WEB_USER,,TABLE,0,0,0,0,2026-02-03 17:44:43,NO,YES,NO
CISADM,C1_WEB_USER_ACCT,,TABLE,0,0,0,0,2026-02-03 17:44:43,NO,YES,NO
CISADM,C1_WEB_USER_ACCT_LOG,,TABLE,0,0,0,0,2026-02-03 17:44:43,NO,YES,NO
CISADM,C1_WEB_USER_ACCT_LOG_PARM,,TABLE,0,0,0,0,2026-02-03 17:44:43,NO,YES,NO
CISADM,C1_WEB_USER_K,,TABLE,0,,0,0,2026-02-03 17:44:43,NO,YES,NO
CISADM,C1_WEB_USER_LOG,,TABLE,0,0,0,0,2026-02-03 17:44:43,NO,YES,NO
CISADM,C1_WEB_USER_LOG_PARM,,TABLE,0,0,0,0,2026-02-03 17:44:43,NO,YES,NO
CISADM,CASE_PREM_CONTACT_RPT_CURR,,TABLE,14,5,649,14,2026-06-06 05:00:16,NO,YES,NO
CISADM,CI_ACCT,,TABLE,1049,50,266,1049,2026-06-06 05:00:32,NO,YES,NO
CISADM,CI_ACCT_ALERT,,TABLE,321,5,34,321,2026-02-03 17:44:43,NO,YES,NO
CISADM,CI_ACCT_APAY,,TABLE,1,5,80,1,2026-02-03 17:44:43,NO,YES,NO
CISADM,CI_ACCT_APAY_K,,TABLE,1,,16,1,2026-02-03 17:44:43,NO,YES,NO
CISADM,CI_ACCT_CHAR,,TABLE,1047,13,62,1047,2026-02-03 17:44:43,NO,YES,NO
CISADM,CI_ACCT_K,,TABLE,1044,,16,1044,2026-02-03 17:44:43,NO,YES,NO
CISADM,CI_ACCT_MGMT_GR,,TABLE,1,4,14,1,2026-02-03 17:44:44,NO,YES,NO
CISADM,CI_ACCT_MGMT_GR_L,,TABLE,2,8,31,2,2026-05-22 05:02:10,NO,YES,NO
CISADM,CI_ACCT_MGRP_RL,,TABLE,5,4,34,5,2026-02-03 17:44:44,NO,YES,NO
CISADM,CI_ACCT_MSG,,TABLE,3,5,22,3,2026-02-03 17:44:44,NO,YES,NO
CISADM,CI_ACCT_MSG_PRM,,TABLE,6,5,29,6,2026-02-03 17:44:44,NO,YES,NO
CISADM,CI_ACCT_PER,,TABLE,1045,20,101,1045,2026-02-03 17:44:44,NO,YES,NO
CISADM,CI_ACCT_REL_TYP,,TABLE,14,4,12,14,2026-02-03 17:44:44,NO,YES,NO
CISADM,CI_ACCT_REL_TYP_L,,TABLE,28,8,28,28,2026-02-03 17:44:44,NO,YES,NO
CISADM,CI_ACC_GRP,,TABLE,1,4,16,1,2026-02-03 17:44:44,NO,YES,NO
CISADM,CI_ACC_GRP_DAR,,TABLE,1,4,29,1,2026-02-03 17:44:44,NO,YES,NO
CISADM,CI_ACC_GRP_L,,TABLE,2,8,35,2,2026-02-03 17:44:44,NO,YES,NO
CISADM,CI_ACC_GRP_ROLE,,TABLE,0,0,0,0,2026-02-03 17:44:44,NO,YES,NO
CISADM,CI_ADJ,,TABLE,12242,244,129,12242,2026-02-03 17:44:44,NO,YES,NO
CISADM,CI_ADJT_ADJTPRF,,TABLE,90,8,21,90,2026-02-03 17:44:44,NO,YES,NO
CISADM,CI_ADJ_APREQ,,TABLE,3,5,220,3,2026-02-03 17:44:45,NO,YES,NO
CISADM,CI_ADJ_APREQ_K,,TABLE,36,,18,36,2026-02-03 17:44:45,NO,YES,NO
CISADM,CI_ADJ_CALC_LN,,TABLE,0,0,0,0,2026-02-03 17:44:45,NO,YES,NO
CISADM,CI_ADJ_CAN_RSN,,TABLE,7,8,8,7,2026-02-03 17:44:45,NO,YES,NO
CISADM,CI_ADJ_CAN_RSN_L,,TABLE,14,8,35,14,2026-02-03 17:44:45,NO,YES,NO
CISADM,CI_ADJ_CHAR,,TABLE,0,0,0,0,2026-02-03 17:44:45,NO,YES,NO
CISADM,CI_ADJ_CL_CHAR,,TABLE,0,0,0,0,2026-02-03 17:44:45,NO,YES,NO
CISADM,CI_ADJ_K,,TABLE,12242,,18,12242,2026-02-03 17:44:45,NO,YES,NO
CISADM,CI_ADJ_STG_CTL,,TABLE,0,8,0,0,2026-02-03 17:44:45,NO,YES,NO
CISADM,CI_ADJ_STG_CTL_CHAR,,TABLE,0,0,0,0,2026-02-03 17:44:45,NO,YES,NO
CISADM,CI_ADJ_STG_CTL_MSGP,,TABLE,0,0,0,0,2026-02-03 17:44:45,NO,YES,NO
CISADM,CI_ADJ_STG_UP,,TABLE,0,59,0,0,2026-02-03 17:44:45,NO,YES,NO
CISADM,CI_ADJ_STG_UP_CHAR,,TABLE,0,0,0,0,2026-02-03 17:44:45,NO,YES,NO
CISADM,CI_ADJ_STG_UP_MSGP,,TABLE,1500,16,26,1500,2026-02-03 17:44:45,NO,YES,NO
CISADM,CI_ADJ_TYPE,,TABLE,91,8,92,91,2026-02-03 17:44:45,NO,YES,NO
CISADM,CI_ADJ_TYPE_L,,TABLE,182,8,89,182,2026-02-03 17:44:45,NO,YES,NO
CISADM,CI_ADJ_TYP_PROF,,TABLE,3,4,12,3,2026-02-03 17:44:45,NO,YES,NO
CISADM,CI_ADJ_TYP_PROF_L,,TABLE,6,8,33,6,2026-02-03 17:44:45,NO,YES,NO
CISADM,CI_ADJ_TY_ALG,,TABLE,97,8,33,97,2026-02-03 17:44:45,NO,YES,NO
CISADM,CI_ADJ_TY_CHAR,,TABLE,1,4,53,1,2026-02-03 17:44:45,NO,YES,NO
CISADM,CI_ADM_RVW_SCH,,TABLE,1158,5,22,1158,2026-02-03 17:44:45,NO,YES,NO
CISADM,CI_ALERT_TYPE,,TABLE,13,8,18,13,2026-02-03 17:44:45,NO,YES,NO
CISADM,CI_ALERT_TYPE_L,,TABLE,26,8,44,26,2026-02-03 17:44:45,NO,YES,NO
CISADM,CI_ALG,,TABLE,6136,96,34,6136,2026-02-04 05:00:48,NO,YES,NO
CISADM,CI_ALG_L,,TABLE,12264,251,70,12264,2026-02-03 17:44:46,NO,YES,NO
CISADM,CI_ALG_PARM,,TABLE,8629,119,51,8629,2026-02-04 05:00:50,NO,YES,NO
CISADM,CI_ALG_TYPE,,TABLE,5741,119,57,5741,2026-02-03 17:44:46,NO,YES,NO
CISADM,CI_ALG_TYPE_L,,TABLE,11474,890,475,11474,2026-02-03 17:44:46,NO,YES,NO
CISADM,CI_ALG_TYPE_PRM,,TABLE,6766,72,26,6766,2026-02-04 05:00:47,NO,YES,NO
CISADM,CI_ALG_TYPE_PRM_L,,TABLE,13527,251,59,13527,2026-02-03 17:44:46,NO,YES,NO
CISADM,CI_ALG_VER,,TABLE,5807,64,29,5807,2026-02-04 05:00:47,NO,YES,NO
CISADM,CI_AM_ACTIVITY_TYPE,,TABLE,0,0,0,0,2026-02-03 17:44:47,NO,YES,NO
CISADM,CI_AM_ACTIVITY_TYPE_L,,TABLE,0,0,0,0,2026-02-03 17:44:47,NO,YES,NO
CISADM,CI_AM_REQ,,TABLE,0,0,0,0,2026-02-03 17:44:47,NO,YES,NO
CISADM,CI_AM_REQ_K,,TABLE,0,,0,0,2026-02-03 17:44:47,NO,YES,NO
CISADM,CI_AM_REQ_LOG,,TABLE,0,0,0,0,2026-02-03 17:44:47,NO,YES,NO
CISADM,CI_AM_REQ_LOG_PARM,,TABLE,0,0,0,0,2026-02-03 17:44:47,NO,YES,NO
CISADM,CI_APAY_CLR_STG,,TABLE,0,0,0,0,2026-02-03 17:44:47,NO,YES,NO
CISADM,CI_APAY_CLR_STG_K,,TABLE,0,,0,0,2026-02-03 17:44:47,NO,YES,NO
CISADM,CI_APAY_RT_TYPE,,TABLE,2,4,103,2,2026-02-04 05:00:38,NO,YES,NO
CISADM,CI_APAY_RT_TYPE_L,,TABLE,4,8,46,4,2026-02-03 17:44:47,NO,YES,NO
CISADM,CI_APAY_SRC,,TABLE,11,4,85,11,2026-02-03 17:44:47,NO,YES,NO
CISADM,CI_APAY_SRC_L,,TABLE,22,8,69,22,2026-02-03 17:44:47,NO,YES,NO
CISADM,CI_APPR_PROF,,TABLE,2,4,1031,2,2026-02-04 05:00:39,NO,YES,NO
CISADM,CI_APPR_PROF_L,,TABLE,4,8,54,4,2026-02-03 17:44:47,NO,YES,NO
CISADM,CI_APPR_REQ,,TABLE,268,32,649,268,2026-02-03 17:44:47,NO,YES,NO
CISADM,CI_APPR_REQ_CHAR,,TABLE,0,0,0,0,2026-02-03 17:44:47,NO,YES,NO
CISADM,CI_APPR_REQ_K,,TABLE,268,,18,268,2026-02-03 17:44:47,NO,YES,NO
CISADM,CI_APPR_REQ_LOG,,TABLE,1625,64,108,1625,2026-02-03 17:44:47,NO,YES,NO
CISADM,CI_APPR_REQ_LOG_PARM,,TABLE,786,16,44,786,2026-02-03 17:44:47,NO,YES,NO
CISADM,CI_APP_SVC_ACC,,TABLE,11475,256,34,11475,2026-02-04 05:00:51,NO,YES,NO
CISADM,CI_APP_SVC_SCTY,,TABLE,3,4,35,3,2026-02-03 17:44:47,NO,YES,NO
CISADM,CI_APREQ_TYPE,,TABLE,2,4,19,2,2026-02-03 17:44:48,NO,YES,NO
CISADM,CI_APREQ_TYPE_L,,TABLE,4,8,29,4,2026-02-03 17:44:48,NO,YES,NO
CISADM,CI_ARC_ROOT_INST,,TABLE,0,0,0,0,2026-02-03 17:44:48,NO,YES,NO
CISADM,CI_ARC_ROOT_INST_K,,TABLE,0,,0,0,2026-02-03 17:44:48,NO,YES,NO
CISADM,CI_ARC_ROOT_OBJ,,TABLE,0,0,0,0,2026-02-03 17:44:48,NO,YES,NO
CISADM,CI_ARC_ROOT_OBJ_K,,TABLE,0,,0,0,2026-02-03 17:44:48,NO,YES,NO
CISADM,CI_ARC_ROOT_PK,,TABLE,0,0,0,0,2026-02-03 17:44:48,NO,YES,NO
CISADM,CI_AUDIT,,TABLE,1,5,152,1,2026-02-03 17:44:48,NO,YES,NO
CISADM,CI_AUDIT_K,,TABLE,1,,18,1,2026-02-03 17:44:48,NO,YES,NO
CISADM,CI_BAL_CTL_GRP,,TABLE,7,4,45,7,2026-05-22 05:02:10,NO,YES,NO
CISADM,CI_BAL_CTL_MEM,,TABLE,1874,27,57,1874,2026-02-03 17:44:48,NO,YES,NO
CISADM,CI_BAL_CTL_TMP,,TABLE,1583,22,43,1583,2026-02-03 17:44:48,NO,YES,NO
CISADM,CI_BANK,,TABLE,1,8,9,1,2026-02-04 05:00:18,NO,YES,NO
CISADM,CI_BANK_ACCOUNT,,TABLE,1,8,59,1,2026-02-03 17:44:48,NO,YES,NO
CISADM,CI_BANK_ACCOUNT_L,,TABLE,2,8,73,2,2026-02-03 17:44:48,NO,YES,NO
CISADM,CI_BANK_L,,TABLE,2,8,58,2,2026-02-04 05:00:28,NO,YES,NO
CISADM,CI_BATCH_CTRL,,TABLE,2766,103,154,2766,2026-02-04 05:00:49,NO,YES,NO
CISADM,CI_BATCH_CTRL_ALG,,TABLE,721,16,38,721,2026-02-04 05:00:42,NO,YES,NO
CISADM,CI_BATCH_CTRL_L,,TABLE,5528,508,579,5528,2026-02-03 17:44:48,NO,YES,NO
CISADM,CI_BATCH_CTRL_P,,TABLE,16155,256,45,16155,2026-02-04 05:00:55,NO,YES,NO
CISADM,CI_BATCH_CTRL_P_L,,TABLE,32288,1016,188,32288,2026-02-03 17:44:49,NO,YES,NO
CISADM,CI_BATCH_INST,,TABLE,176134,1408,46,176134,2026-05-23 05:00:32,NO,YES,NO
CISADM,CI_BATCH_JOB,,TABLE,1553,48,112,1553,2026-02-03 17:44:50,NO,YES,NO
CISADM,CI_BATCH_JOB_K,,TABLE,1553,,20,1553,2026-02-03 17:44:50,NO,YES,NO
CISADM,CI_BATCH_JOB_PRM,,TABLE,8138,71,43,8138,2026-02-03 17:44:50,NO,YES,NO
CISADM,CI_BATCH_RUN,,TABLE,170551,1280,48,170551,2026-02-03 17:44:50,NO,YES,NO
CISADM,CI_BATCH_THD,,TABLE,176037,1664,60,176037,2026-02-03 17:44:50,NO,YES,NO
CISADM,CI_BCHG_LINE_UP,,TABLE,0,0,0,0,2026-02-03 17:44:51,NO,YES,NO
CISADM,CI_BCHG_READ,,TABLE,0,0,0,0,2026-02-03 17:44:51,NO,YES,NO
CISADM,CI_BCHG_SQ,,TABLE,0,0,0,0,2026-02-03 17:44:51,NO,YES,NO
CISADM,CI_BCHG_UP,,TABLE,0,0,0,0,2026-02-03 17:44:51,NO,YES,NO
CISADM,CI_BCHG_UP_EXCP,,TABLE,0,0,0,0,2026-02-03 17:44:51,NO,YES,NO
CISADM,CI_BCHG_UP_OVRD,,TABLE,0,0,0,0,2026-02-03 17:44:51,NO,YES,NO
CISADM,CI_BCHG_UP_READ,,TABLE,0,0,0,0,2026-02-03 17:44:51,NO,YES,NO
CISADM,CI_BCHG_UP_SQ,,TABLE,0,0,0,0,2026-02-03 17:44:51,NO,YES,NO
CISADM,CI_BCHG_UP_XTYP,,TABLE,0,0,0,0,2026-02-03 17:44:51,NO,YES,NO
CISADM,CI_BCHG_UP_XTYP_L,,TABLE,0,0,0,0,2026-02-03 17:44:51,NO,YES,NO
CISADM,CI_BF,,TABLE,183,8,66,183,2026-02-03 17:44:51,NO,YES,NO
CISADM,CI_BFCH_TOUGRP,,TABLE,0,0,0,0,2026-02-03 17:44:51,NO,YES,NO
CISADM,CI_BF_CHAR,,TABLE,284,10,53,284,2026-02-03 17:44:51,NO,YES,NO
CISADM,CI_BF_CHAR_DST,,TABLE,0,0,0,0,2026-02-03 17:44:51,NO,YES,NO
CISADM,CI_BF_L,,TABLE,366,8,54,366,2026-02-03 17:44:51,NO,YES,NO
CISADM,CI_BF_VAL,,TABLE,780,24,52,780,2026-02-04 05:00:44,NO,YES,NO
CISADM,CI_BILL,,TABLE,41157,874,141,41157,2026-02-03 17:44:52,NO,YES,NO
CISADM,CI_BILL_CAN_RSN,,TABLE,10,4,11,10,2026-02-03 17:44:53,NO,YES,NO
CISADM,CI_BILL_CAN_RSN_L,,TABLE,20,8,32,20,2026-02-03 17:44:53,NO,YES,NO
CISADM,CI_BILL_CHAR,,TABLE,0,0,0,0,2026-02-03 17:44:53,NO,YES,NO
CISADM,CI_BILL_CHG,,TABLE,18116,384,80,18116,2026-02-03 17:44:53,NO,YES,NO
CISADM,CI_BILL_CHG_K,,TABLE,18116,,18,18116,2026-02-03 17:44:53,NO,YES,NO
CISADM,CI_BILL_CYC,,TABLE,10,4,14,10,2026-02-03 17:44:54,NO,YES,NO
CISADM,CI_BILL_CYC_L,,TABLE,20,8,29,20,2026-02-03 17:44:54,NO,YES,NO
CISADM,CI_BILL_CYC_SCH,,TABLE,216,8,42,216,2026-02-03 17:44:54,NO,YES,NO
CISADM,CI_BILL_CYC_SEC,,TABLE,0,0,0,0,2026-02-03 17:44:54,NO,YES,NO
CISADM,CI_BILL_EXCP,,TABLE,0,5,0,0,2026-02-03 17:44:54,NO,YES,NO
CISADM,CI_BILL_K,,TABLE,41157,,18,41157,2026-02-03 17:44:54,NO,YES,NO
CISADM,CI_BILL_MSG,,TABLE,12,4,20,12,2026-02-03 17:44:55,NO,YES,NO
CISADM,CI_BILL_MSGS,,TABLE,11317,43,21,11317,2026-03-10 05:00:13,NO,YES,NO
CISADM,CI_BILL_MSG_L,,TABLE,24,8,161,24,2026-02-03 17:44:55,NO,YES,NO
CISADM,CI_BILL_MSG_PRM,,TABLE,306,5,31,306,2026-02-03 17:44:55,NO,YES,NO
CISADM,CI_BILL_PERIOD,,TABLE,1,4,12,1,2026-02-03 17:44:55,NO,YES,NO
CISADM,CI_BILL_PERIOD_L,,TABLE,2,8,24,2,2026-02-03 17:44:55,NO,YES,NO
CISADM,CI_BILL_PER_SCH,,TABLE,24,4,28,24,2026-02-03 17:44:55,NO,YES,NO
CISADM,CI_BILL_ROUTING,,TABLE,6904,244,203,6904,2026-03-11 05:00:18,NO,YES,NO
CISADM,CI_BILL_RT_TYPE,,TABLE,3,8,37,3,2026-02-03 17:44:56,NO,YES,NO
CISADM,CI_BILL_RT_TYPE_L,,TABLE,6,8,35,6,2026-02-03 17:44:56,NO,YES,NO
CISADM,CI_BILL_RVW_SCH,,TABLE,0,0,0,0,2026-02-03 17:44:56,NO,YES,NO
CISADM,CI_BILL_SA,,TABLE,168179,1126,39,168179,2026-02-03 17:44:56,NO,YES,NO
CISADM,CI_BILL_SCNR,,TABLE,0,0,0,0,2026-02-03 17:44:58,NO,YES,NO
CISADM,CI_BILL_SCNR_K,,TABLE,0,,0,0,2026-02-03 17:44:58,NO,YES,NO
CISADM,CI_BILL_SCNR_SQ,,TABLE,0,0,0,0,2026-02-03 17:44:58,NO,YES,NO
CISADM,CI_BILL_SEG_TYP,,TABLE,8,4,77,8,2026-02-03 17:44:58,NO,YES,NO
CISADM,CI_BILL_SEG_TYP_L,,TABLE,16,8,40,16,2026-02-03 17:44:58,NO,YES,NO
CISADM,CI_BPRT_GRP,,TABLE,0,0,0,0,2026-02-03 17:44:58,NO,YES,NO
CISADM,CI_BPRT_GRP_K,,TABLE,0,,0,0,2026-02-03 17:44:58,NO,YES,NO
CISADM,CI_BPRT_SGRP_SA,,TABLE,0,0,0,0,2026-02-03 17:44:58,NO,YES,NO
CISADM,CI_BPRT_SUBGRP,,TABLE,0,0,0,0,2026-02-03 17:44:58,NO,YES,NO
CISADM,CI_BSEG,,TABLE,168608,4528,186,42152,2026-05-22 05:02:14,NO,YES,NO
CISADM,CI_BSEG_CALC,,TABLE,167526,2512,102,167526,2026-02-03 17:45:02,NO,YES,NO
CISADM,CI_BSEG_CALC_LN,,TABLE,80140,2008,167,80140,2026-02-03 17:45:03,NO,YES,NO
CISADM,CI_BSEG_CL_CHAR,,TABLE,0,0,0,0,2026-02-03 17:45:04,NO,YES,NO
CISADM,CI_BSEG_EXCP,,TABLE,1629,110,165,1629,2026-02-03 17:45:04,NO,YES,NO
CISADM,CI_BSEG_ITEM,,TABLE,0,0,0,0,2026-02-03 17:45:04,NO,YES,NO
CISADM,CI_BSEG_K,,TABLE,168542,,18,168542,2026-02-03 17:45:04,NO,YES,NO
CISADM,CI_BSEG_MSG,,TABLE,2989,13,21,2989,2026-03-11 05:00:18,NO,YES,NO
CISADM,CI_BSEG_READ,,TABLE,113087,1882,114,113087,2026-05-30 05:00:30,NO,YES,NO
CISADM,CI_BSEG_SQ,,TABLE,191922,1000,30,191922,2026-02-03 17:45:05,NO,YES,NO
CISADM,CI_BUD_PLAN,,TABLE,2,4,60,2,2026-02-03 17:45:06,NO,YES,NO
CISADM,CI_BUD_PLAN_L,,TABLE,4,8,40,4,2026-02-03 17:45:06,NO,YES,NO
CISADM,CI_BUD_RVW,,TABLE,826,9,32,826,2026-02-03 17:45:06,NO,YES,NO
CISADM,CI_B_CHG_LINE,,TABLE,18127,384,67,18127,2026-02-03 17:45:06,NO,YES,NO
CISADM,CI_B_CHG_TMPLT,,TABLE,5,5,16,5,2026-02-03 17:45:06,NO,YES,NO
CISADM,CI_B_CHG_TMPLT_L,,TABLE,10,5,71,10,2026-02-03 17:45:06,NO,YES,NO
CISADM,CI_B_LN_CHAR,,TABLE,0,0,0,0,2026-02-03 17:45:06,NO,YES,NO
CISADM,CI_B_LN_UP_CHAR,,TABLE,0,0,0,0,2026-02-03 17:45:06,NO,YES,NO
CISADM,CI_B_TMPLT_LINE,,TABLE,8,5,39,8,2026-02-03 17:45:06,NO,YES,NO
CISADM,CI_B_TMPLT_LINE_L,,TABLE,16,5,38,16,2026-02-03 17:45:07,NO,YES,NO
CISADM,CI_B_TMPLT_SQ,,TABLE,0,0,0,0,2026-02-03 17:45:07,NO,YES,NO
CISADM,CI_B_TM_LN_CHA,,TABLE,0,0,0,0,2026-02-03 17:45:07,NO,YES,NO
CISADM,CI_CAL_GL,,TABLE,1,4,9,1,2026-02-03 17:45:07,NO,YES,NO
CISADM,CI_CAL_GL_L,,TABLE,2,8,26,2,2026-02-03 17:45:07,NO,YES,NO
CISADM,CI_CAL_HOL,,TABLE,36,4,36,36,2026-02-03 17:45:07,NO,YES,NO
CISADM,CI_CAL_HOL_L,,TABLE,72,8,40,72,2026-02-03 17:45:07,NO,YES,NO
CISADM,CI_CAL_PERIOD,,TABLE,60,4,45,60,2026-02-03 17:45:07,NO,YES,NO
CISADM,CI_CAL_PERIOD_L,,TABLE,120,8,31,120,2026-02-03 17:45:07,NO,YES,NO
CISADM,CI_CAL_WORK,,TABLE,2,4,26,2,2026-02-24 05:00:06,NO,YES,NO
CISADM,CI_CAL_WORK_L,,TABLE,4,8,45,4,2026-02-24 05:00:07,NO,YES,NO
CISADM,CI_CAMPAIGN,,TABLE,15,8,166,15,2026-02-03 17:45:07,NO,YES,NO
CISADM,CI_CAMPAIGN_L,,TABLE,30,8,107,30,2026-02-03 17:45:07,NO,YES,NO
CISADM,CI_CAMP_ALG,,TABLE,17,8,37,17,2026-02-03 17:45:07,NO,YES,NO
CISADM,CI_CAMP_FLD_TYPE,,TABLE,121,8,95,121,2026-02-03 17:45:07,NO,YES,NO
CISADM,CI_CAMP_FLD_TYPE_L,,TABLE,242,8,82,242,2026-02-03 17:45:07,NO,YES,NO
CISADM,CI_CASE,,TABLE,14,5,182,14,2026-06-06 05:00:32,NO,YES,NO
CISADM,CI_CASE_CHAR,,TABLE,20,5,64,20,2026-03-03 05:00:14,NO,YES,NO
CISADM,CI_CASE_K,,TABLE,14,,16,14,2026-03-03 05:00:13,NO,YES,NO
CISADM,CI_CASE_LOG,,TABLE,45,5,113,45,2026-03-03 05:00:14,NO,YES,NO
CISADM,CI_CASE_LOG_PARM,,TABLE,0,0,0,0,2026-02-03 17:45:08,NO,YES,NO
CISADM,CI_CASE_STATUS,,TABLE,35,8,74,35,2026-02-03 17:45:08,NO,YES,NO
CISADM,CI_CASE_STATUS_L,,TABLE,70,8,100,70,2026-02-03 17:45:08,NO,YES,NO
CISADM,CI_CASE_ST_ALG,,TABLE,32,8,50,32,2026-02-03 17:45:08,NO,YES,NO
CISADM,CI_CASE_ST_CHTY,,TABLE,10,8,38,10,2026-02-03 17:45:08,NO,YES,NO
CISADM,CI_CASE_TR_RULE,,TABLE,37,8,57,37,2026-02-03 17:45:08,NO,YES,NO
CISADM,CI_CASE_TR_RULE_L,,TABLE,74,8,63,74,2026-02-03 17:45:08,NO,YES,NO
CISADM,CI_CASE_TYPE,,TABLE,6,8,114,6,2026-02-04 05:00:39,NO,YES,NO
CISADM,CI_CASE_TYPE_ALG,,TABLE,4,8,37,4,2026-02-03 17:45:08,NO,YES,NO
CISADM,CI_CASE_TYPE_L,,TABLE,12,8,220,12,2026-05-23 05:00:30,NO,YES,NO
CISADM,CI_CC,,TABLE,1173,35,171,1173,2026-02-03 17:45:08,NO,YES,NO
CISADM,CI_CCL_CTL_ALG,,TABLE,69,8,39,69,2026-02-03 17:45:09,NO,YES,NO
CISADM,CI_CC_CHAR,,TABLE,13,5,76,13,2026-02-03 17:45:09,NO,YES,NO
CISADM,CI_CC_CL,,TABLE,8,4,8,8,2026-02-03 17:45:09,NO,YES,NO
CISADM,CI_CC_CL_L,,TABLE,16,8,32,16,2026-02-03 17:45:09,NO,YES,NO
CISADM,CI_CC_K,,TABLE,1173,,16,1173,2026-02-03 17:45:09,NO,YES,NO
CISADM,CI_CC_LOG,,TABLE,5,5,161,5,2026-02-03 17:45:09,NO,YES,NO
CISADM,CI_CC_LOG_K,,TABLE,267,,18,267,2026-02-03 17:45:09,NO,YES,NO
CISADM,CI_CC_TYPE,,TABLE,73,8,99,73,2026-02-04 05:00:38,NO,YES,NO
CISADM,CI_CC_TYPE_L,,TABLE,146,8,55,146,2026-02-03 17:45:09,NO,YES,NO
CISADM,CI_CEVT_CAN_RSN,,TABLE,0,0,0,0,2026-02-03 17:45:10,NO,YES,NO
CISADM,CI_CEVT_CAN_RSN_L,,TABLE,0,0,0,0,2026-02-03 17:45:10,NO,YES,NO
CISADM,CI_CHAR_DFLT,,TABLE,0,0,0,0,2026-02-03 17:45:10,NO,YES,NO
CISADM,CI_CHAR_DFLT_SV,,TABLE,0,0,0,0,2026-02-03 17:45:10,NO,YES,NO
CISADM,CI_CHAR_ENTITY,,TABLE,1004,16,22,1004,2026-02-04 05:00:42,NO,YES,NO
CISADM,CI_CHAR_TYPE,,TABLE,535,24,82,535,2026-02-04 05:00:44,NO,YES,NO
CISADM,CI_CHAR_TYPE_L,,TABLE,1070,16,43,1070,2026-02-03 17:45:10,NO,YES,NO
CISADM,CI_CHAR_VAL,,TABLE,434,16,34,434,2026-02-04 05:00:41,NO,YES,NO
CISADM,CI_CHAR_VAL_L,,TABLE,868,16,53,868,2026-02-03 17:45:10,NO,YES,NO
CISADM,CI_CHG_LOG,,TABLE,337241,7800,95,337241,2026-02-03 17:45:10,NO,YES,NO
CISADM,CI_CHTY_ADJTY,,TABLE,3,4,57,3,2026-02-03 17:45:13,NO,YES,NO
CISADM,CI_CHTY_CASETY,,TABLE,17,8,61,17,2026-02-03 17:45:13,NO,YES,NO
CISADM,CI_CHTY_CCTY,,TABLE,2,4,66,2,2026-02-03 17:45:13,NO,YES,NO
CISADM,CI_CHTY_COPTY,,TABLE,0,0,0,0,2026-02-03 17:45:13,NO,YES,NO
CISADM,CI_CHTY_COP_ETY,,TABLE,0,0,0,0,2026-02-03 17:45:13,NO,YES,NO
CISADM,CI_CHTY_DV_TTYP,,TABLE,0,0,0,0,2026-02-03 17:45:13,NO,YES,NO
CISADM,CI_CHTY_FATY,,TABLE,0,0,0,0,2026-02-03 17:45:13,NO,YES,NO
CISADM,CI_CHTY_ITTY,,TABLE,0,0,0,0,2026-02-03 17:45:14,NO,YES,NO
CISADM,CI_CHTY_MTTY,,TABLE,0,0,0,0,2026-02-03 17:45:14,NO,YES,NO
CISADM,CI_CHTY_SCMTY,,TABLE,0,0,0,0,2026-02-03 17:45:14,NO,YES,NO
CISADM,CI_CHTY_SPTY,,TABLE,31,8,54,31,2026-02-03 17:45:14,NO,YES,NO
CISADM,CI_CHTY_TDTY,,TABLE,13,8,57,13,2026-02-03 17:45:14,NO,YES,NO
CISADM,CI_CHTY_TOSTY,,TABLE,0,0,0,0,2026-02-03 17:45:14,NO,YES,NO
CISADM,CI_CHTY_UATY,,TABLE,0,0,0,0,2026-02-03 17:45:14,NO,YES,NO
CISADM,CI_CIS_DIVISION,,TABLE,3,8,64,3,2026-02-24 05:00:06,NO,YES,NO
CISADM,CI_CIS_DIVISION_L,,TABLE,6,8,29,6,2026-02-24 05:00:07,NO,YES,NO
CISADM,CI_CIS_DIV_CHAR,,TABLE,9,8,58,9,2026-02-03 17:45:14,NO,YES,NO
CISADM,CI_CNV_DUP_KEY,,TABLE,0,0,0,0,2026-02-03 17:45:14,NO,YES,NO
CISADM,CI_CNV_KEY_TMP,,TABLE,0,0,0,0,2026-02-03 17:45:14,NO,YES,NO
CISADM,CI_COLL_AGY,,TABLE,1,4,34,1,2026-02-03 17:45:14,NO,YES,NO
CISADM,CI_COLL_AGY_HIS,,TABLE,1615,32,53,1615,2026-02-03 17:45:14,NO,YES,NO
CISADM,CI_COLL_AGY_L,,TABLE,2,8,45,2,2026-02-03 17:45:14,NO,YES,NO
CISADM,CI_COLL_AGY_REF,,TABLE,1516,45,70,1516,2026-02-03 17:45:15,NO,YES,NO
CISADM,CI_COLL_AGY_REF_K,,TABLE,1516,,16,1516,2026-02-03 17:45:16,NO,YES,NO
CISADM,CI_COLL_CL,,TABLE,6,4,19,6,2026-02-03 17:45:16,NO,YES,NO
CISADM,CI_COLL_CL_CNTL,,TABLE,6,4,50,6,2026-02-03 17:45:16,NO,YES,NO
CISADM,CI_COLL_CL_CNTL_L,,TABLE,12,8,64,12,2026-02-03 17:45:16,NO,YES,NO
CISADM,CI_COLL_CL_L,,TABLE,12,8,37,12,2026-02-03 17:45:16,NO,YES,NO
CISADM,CI_COLL_CRIT,,TABLE,10,4,53,10,2026-02-03 17:45:16,NO,YES,NO
CISADM,CI_COLL_CRIT_CT,,TABLE,10,4,40,10,2026-02-03 17:45:16,NO,YES,NO
CISADM,CI_COLL_EVT,,TABLE,46432,693,51,46432,2026-02-03 17:45:16,NO,YES,NO
CISADM,CI_COLL_EVT_1031,,TABLE,19647,299,44,19647,2026-02-03 17:45:17,NO,YES,NO
CISADM,CI_COLL_EVT_CC,,TABLE,8669,103,28,8669,2026-02-03 17:45:17,NO,YES,NO
CISADM,CI_COLL_EVT_CC_1031,,TABLE,28,4,28,28,2026-02-03 17:45:17,NO,YES,NO
CISADM,CI_COLL_EVT_TYP,,TABLE,11,4,56,11,2026-02-03 17:45:17,NO,YES,NO
CISADM,CI_COLL_EVT_TYP_L,,TABLE,22,8,115,22,2026-02-03 17:45:17,NO,YES,NO
CISADM,CI_COLL_PROC,,TABLE,11478,426,100,11478,2026-02-03 17:45:17,NO,YES,NO
CISADM,CI_COLL_PROC_1031,,TABLE,6550,246,100,6550,2026-02-03 17:45:18,NO,YES,NO
CISADM,CI_COLL_PROC_K,,TABLE,11478,,16,11478,2026-02-03 17:45:18,NO,YES,NO
CISADM,CI_COLL_PROC_K_1031,,TABLE,6550,42,16,6550,2026-02-03 17:45:18,NO,YES,NO
CISADM,CI_COLL_PROC_SA,,TABLE,38516,539,36,38516,2026-02-03 17:45:18,NO,YES,NO
CISADM,CI_COLL_PROC_SA_1031,,TABLE,21803,309,37,21803,2026-02-03 17:45:19,NO,YES,NO
CISADM,CI_COLL_PROC_TM,,TABLE,5,4,29,5,2026-02-03 17:45:19,NO,YES,NO
CISADM,CI_COLL_PROC_TM_L,,TABLE,10,8,42,10,2026-02-03 17:45:19,NO,YES,NO
CISADM,CI_COLL_RESP,,TABLE,12,4,34,12,2026-02-03 17:45:19,NO,YES,NO
CISADM,CI_COL_REF,,TABLE,0,0,0,0,2026-02-03 17:45:19,NO,YES,NO
CISADM,CI_COL_REF_ALG,,TABLE,0,0,0,0,2026-02-03 17:45:19,NO,YES,NO
CISADM,CI_COL_REF_L,,TABLE,0,0,0,0,2026-02-03 17:45:19,NO,YES,NO
CISADM,CI_CONSV_PROG,,TABLE,0,0,0,0,2026-02-03 17:45:19,NO,YES,NO
CISADM,CI_CONSV_PROG_CHAR,,TABLE,0,0,0,0,2026-02-03 17:45:19,NO,YES,NO
CISADM,CI_CONSV_PROG_L,,TABLE,0,0,0,0,2026-02-03 17:45:19,NO,YES,NO
CISADM,CI_CONT_QTY_TMP,,TABLE,0,0,0,0,2026-02-03 17:45:19,NO,YES,NO
CISADM,CI_CONT_QTY_TYP,,TABLE,2,5,12,2,2026-02-03 17:45:19,NO,YES,NO
CISADM,CI_CONT_QTY_TYP_L,,TABLE,4,5,37,4,2026-02-03 17:45:19,NO,YES,NO
CISADM,CI_COP,,TABLE,0,0,0,0,2026-02-03 17:45:19,NO,YES,NO
CISADM,CI_COP_CHAR,,TABLE,0,0,0,0,2026-02-03 17:45:19,NO,YES,NO
CISADM,CI_COP_EVT,,TABLE,0,0,0,0,2026-02-03 17:45:20,NO,YES,NO
CISADM,CI_COP_EVT_CHAR,,TABLE,0,0,0,0,2026-02-03 17:45:20,NO,YES,NO
CISADM,CI_COP_EVT_EXC,,TABLE,0,0,0,0,2026-02-03 17:45:20,NO,YES,NO
CISADM,CI_COP_EVT_EXP,,TABLE,0,0,0,0,2026-02-03 17:45:20,NO,YES,NO
CISADM,CI_COP_EVT_K,,TABLE,0,,0,0,2026-02-03 17:45:20,NO,YES,NO
CISADM,CI_COP_EVT_TYPE,,TABLE,0,0,0,0,2026-02-03 17:45:20,NO,YES,NO
CISADM,CI_COP_EVT_TYPE_L,,TABLE,0,0,0,0,2026-02-03 17:45:20,NO,YES,NO
CISADM,CI_COP_K,,TABLE,0,,0,0,2026-02-03 17:45:20,NO,YES,NO
CISADM,CI_COP_L,,TABLE,0,0,0,0,2026-02-03 17:45:20,NO,YES,NO
CISADM,CI_COP_TYPE,,TABLE,0,0,0,0,2026-02-03 17:45:20,NO,YES,NO
CISADM,CI_COP_TYPE_ALG,,TABLE,0,0,0,0,2026-02-03 17:45:20,NO,YES,NO
CISADM,CI_COP_TYPE_L,,TABLE,0,0,0,0,2026-02-03 17:45:20,NO,YES,NO
CISADM,CI_COUNTRY,,TABLE,8,4,98,8,2026-02-03 17:45:20,NO,YES,NO
CISADM,CI_COUNTRY_L,,TABLE,16,8,88,16,2026-02-03 17:45:20,NO,YES,NO
CISADM,CI_CR_RAT_HIST,,TABLE,156,5,118,156,2026-02-05 05:00:34,NO,YES,NO
CISADM,CI_CR_RAT_HIST_K,,TABLE,155,,16,155,2026-02-03 17:45:20,NO,YES,NO
CISADM,CI_CR_UNIT,,TABLE,0,0,0,0,2026-02-03 17:45:20,NO,YES,NO
CISADM,CI_CR_UNIT_L,,TABLE,0,0,0,0,2026-02-03 17:45:20,NO,YES,NO
CISADM,CI_CURRENCY_CD,,TABLE,1,4,20,1,2026-02-03 17:45:20,NO,YES,NO
CISADM,CI_CURRENCY_CD_L,,TABLE,2,8,32,2,2026-02-03 17:45:21,NO,YES,NO
CISADM,CI_CUST_CL,,TABLE,5,4,29,5,2026-02-03 17:45:21,NO,YES,NO
CISADM,CI_CUST_CL_CTRL,,TABLE,5,4,53,5,2026-02-03 17:45:21,NO,YES,NO
CISADM,CI_CUST_CL_L,,TABLE,10,8,31,10,2026-02-03 17:45:21,NO,YES,NO
CISADM,CI_CUST_CL_MSG,,TABLE,15,4,28,15,2026-02-03 17:45:21,NO,YES,NO
CISADM,CI_CUT_EVT,,TABLE,0,0,0,0,2026-02-03 17:45:22,NO,YES,NO
CISADM,CI_CUT_EVT_DEP,,TABLE,0,0,0,0,2026-02-03 17:45:22,NO,YES,NO
CISADM,CI_CUT_EVT_TYPE,,TABLE,0,0,0,0,2026-02-03 17:45:22,NO,YES,NO
CISADM,CI_CUT_EVT_TYPE_L,,TABLE,0,0,0,0,2026-02-03 17:45:22,NO,YES,NO
CISADM,CI_CUT_EVT_TYP_ALG,,TABLE,0,0,0,0,2026-02-03 17:45:22,NO,YES,NO
CISADM,CI_CUT_PROC,,TABLE,0,0,0,0,2026-02-03 17:45:22,NO,YES,NO
CISADM,CI_CUT_PROC_K,,TABLE,0,,0,0,2026-02-03 17:45:22,NO,YES,NO
CISADM,CI_CUT_PROC_TMP,,TABLE,0,0,0,0,2026-02-03 17:45:22,NO,YES,NO
CISADM,CI_CUT_PROC_TMP_L,,TABLE,0,0,0,0,2026-02-03 17:45:22,NO,YES,NO
CISADM,CI_CUT_PROC_TM_ALG,,TABLE,0,0,0,0,2026-02-03 17:45:22,NO,YES,NO
CISADM,CI_CUT_RESP,,TABLE,0,0,0,0,2026-02-03 17:45:22,NO,YES,NO
CISADM,CI_CUT_RESP_DEP,,TABLE,0,0,0,0,2026-02-03 17:45:22,NO,YES,NO
CISADM,CI_CVAL_TMPL,,TABLE,0,0,0,0,2026-02-03 17:45:22,NO,YES,NO
CISADM,CI_CVAL_TOU_TMP,,TABLE,0,0,0,0,2026-02-03 17:45:22,NO,YES,NO
CISADM,CI_DAR,,TABLE,1,4,16,1,2026-05-14 05:00:12,NO,YES,NO
CISADM,CI_DAR_L,,TABLE,2,8,42,2,2026-02-03 17:45:22,NO,YES,NO
CISADM,CI_DAR_USR,,TABLE,108,8,33,108,2026-02-03 17:45:23,NO,YES,NO
CISADM,CI_DATA_DIFF,,TABLE,0,0,0,0,2026-02-03 17:45:23,NO,YES,NO
CISADM,CI_DATA_DIFF_PK,,TABLE,0,0,0,0,2026-02-03 17:45:23,NO,YES,NO
CISADM,CI_DB_INSTR,,TABLE,0,0,0,0,2026-02-03 17:45:23,NO,YES,NO
CISADM,CI_DB_INSTR_ALG,,TABLE,0,0,0,0,2026-02-03 17:45:23,NO,YES,NO
CISADM,CI_DB_INSTR_L,,TABLE,0,0,0,0,2026-02-03 17:45:23,NO,YES,NO
CISADM,CI_DB_INST_OVRD,,TABLE,0,0,0,0,2026-02-03 17:45:23,NO,YES,NO
CISADM,CI_DB_PROC,,TABLE,0,0,0,0,2026-02-03 17:45:23,NO,YES,NO
CISADM,CI_DB_PROC_L,,TABLE,0,0,0,0,2026-02-03 17:45:23,NO,YES,NO
CISADM,CI_DCL,,TABLE,0,0,0,0,2026-02-03 17:45:23,NO,YES,NO
CISADM,CI_DCL_K,,TABLE,0,,0,0,2026-02-03 17:45:23,NO,YES,NO
CISADM,CI_DC_ALG,,TABLE,9,4,29,9,2026-02-03 17:45:23,NO,YES,NO
CISADM,CI_DEBT_CL,,TABLE,5,4,10,5,2026-02-03 17:45:24,NO,YES,NO
CISADM,CI_DEBT_CL_L,,TABLE,10,8,29,10,2026-02-03 17:45:24,NO,YES,NO
CISADM,CI_DEG_DAY,,TABLE,0,0,0,0,2026-02-03 17:45:24,NO,YES,NO
CISADM,CI_DEP_CL,,TABLE,2,4,96,2,2026-02-03 17:45:24,NO,YES,NO
CISADM,CI_DEP_CL_L,,TABLE,4,8,70,4,2026-02-03 17:45:24,NO,YES,NO
CISADM,CI_DEP_CTL,,TABLE,631,23,66,631,2026-02-03 17:45:24,NO,YES,NO
CISADM,CI_DEP_CTL_CHAR,,TABLE,0,0,0,0,2026-02-03 17:45:24,NO,YES,NO
CISADM,CI_DEP_CTL_K,,TABLE,631,,16,631,2026-02-03 17:45:24,NO,YES,NO
CISADM,CI_DEP_CTL_ST,,TABLE,37,4,86,37,2026-02-03 17:45:24,NO,YES,NO
CISADM,CI_DEP_RVW,,TABLE,108,5,51,108,2026-02-03 17:45:25,NO,YES,NO
CISADM,CI_DG_APP_SCHED,,TABLE,0,0,0,0,2026-02-03 17:45:25,NO,YES,NO
CISADM,CI_DG_APP_SCHED_K,,TABLE,0,,0,0,2026-02-03 17:45:25,NO,YES,NO
CISADM,CI_DISCON_LOC,,TABLE,2,4,8,2,2026-02-03 17:45:25,NO,YES,NO
CISADM,CI_DISCON_LOC_L,,TABLE,4,8,35,4,2026-02-03 17:45:25,NO,YES,NO
CISADM,CI_DISP_GRP,,TABLE,0,0,0,0,2026-02-03 17:45:25,NO,YES,NO
CISADM,CI_DISP_GRP_ALG,,TABLE,0,0,0,0,2026-02-03 17:45:25,NO,YES,NO
CISADM,CI_DISP_GRP_L,,TABLE,0,0,0,0,2026-02-03 17:45:25,NO,YES,NO
CISADM,CI_DISP_GRP_REP,,TABLE,0,0,0,0,2026-02-03 17:45:25,NO,YES,NO
CISADM,CI_DISP_ICON,,TABLE,242,8,48,242,2026-02-03 17:45:25,NO,YES,NO
CISADM,CI_DISP_ICON_L,,TABLE,484,8,40,484,2026-02-03 17:45:25,NO,YES,NO
CISADM,CI_DISP_PROF,,TABLE,3,4,70,3,2026-02-03 17:45:26,NO,YES,NO
CISADM,CI_DISP_PROF_L,,TABLE,6,8,43,6,2026-02-03 17:45:26,NO,YES,NO
CISADM,CI_DIV_TD_ROLE,,TABLE,0,0,0,0,2026-02-03 17:45:26,NO,YES,NO
CISADM,CI_DST_CD_CHAR,,TABLE,306,16,60,306,2026-02-03 17:45:26,NO,YES,NO
CISADM,CI_DST_CODE,,TABLE,163,16,67,163,2026-02-04 05:00:41,NO,YES,NO
CISADM,CI_DST_CODE_EFF,,TABLE,163,8,72,163,2026-02-03 17:45:26,NO,YES,NO
CISADM,CI_DST_CODE_L,,TABLE,326,8,57,326,2026-02-03 17:45:26,NO,YES,NO
CISADM,CI_DST_RULE,,TABLE,0,0,0,0,2026-02-03 17:45:26,NO,YES,NO
CISADM,CI_DST_RULE_ALG,,TABLE,0,0,0,0,2026-02-03 17:45:27,NO,YES,NO
CISADM,CI_DST_RULE_L,,TABLE,0,0,0,0,2026-02-03 17:45:27,NO,YES,NO
CISADM,CI_DV_TEST,,TABLE,0,0,0,0,2026-02-03 17:45:27,NO,YES,NO
CISADM,CI_DV_TEST_CHAR,,TABLE,0,0,0,0,2026-02-03 17:45:27,NO,YES,NO
CISADM,CI_DV_TEST_COMP,,TABLE,0,0,0,0,2026-02-03 17:45:27,NO,YES,NO
CISADM,CI_DV_TEST_EXCP,,TABLE,0,0,0,0,2026-02-03 17:45:27,NO,YES,NO
CISADM,CI_DV_TEST_K,,TABLE,0,,0,0,2026-02-03 17:45:27,NO,YES,NO
CISADM,CI_DV_TEST_RES,,TABLE,0,0,0,0,2026-02-03 17:45:27,NO,YES,NO
CISADM,CI_DV_TEST_SEL,,TABLE,0,0,0,0,2026-02-03 17:45:27,NO,YES,NO
CISADM,CI_DV_TEST_SEL_K,,TABLE,0,,0,0,2026-02-03 17:45:27,NO,YES,NO
CISADM,CI_DV_TEST_TYPE,,TABLE,0,0,0,0,2026-02-03 17:45:27,NO,YES,NO
CISADM,CI_DV_TEST_TYPE_L,,TABLE,0,0,0,0,2026-02-03 17:45:27,NO,YES,NO
CISADM,CI_DV_TTYP_CHAR,,TABLE,0,0,0,0,2026-02-03 17:45:27,NO,YES,NO
CISADM,CI_DV_TTYP_COMP,,TABLE,0,0,0,0,2026-02-03 17:45:27,NO,YES,NO
CISADM,CI_DV_TTYP_ITEM,,TABLE,0,0,0,0,2026-02-03 17:45:27,NO,YES,NO
CISADM,CI_DV_TTYP_MTR,,TABLE,0,0,0,0,2026-02-03 17:45:27,NO,YES,NO
CISADM,CI_ENRL,,TABLE,6,5,263,6,2026-05-06 05:00:06,NO,YES,NO
CISADM,CI_ENRL_ADDR,,TABLE,6,5,150,6,2026-02-03 17:45:27,NO,YES,NO
CISADM,CI_ENRL_CAN_RSN,,TABLE,1,4,14,1,2026-02-03 17:45:28,NO,YES,NO
CISADM,CI_ENRL_CAN_RSN_L,,TABLE,2,8,33,2,2026-02-03 17:45:28,NO,YES,NO
CISADM,CI_ENRL_CBK_RSN,,TABLE,0,0,0,0,2026-02-03 17:45:28,NO,YES,NO
CISADM,CI_ENRL_CBK_RSN_L,,TABLE,0,0,0,0,2026-02-03 17:45:28,NO,YES,NO
CISADM,CI_ENRL_FLD,,TABLE,48,5,62,48,2026-02-03 17:45:28,NO,YES,NO
CISADM,CI_ENRL_K,,TABLE,6,,18,6,2026-05-06 05:00:07,NO,YES,NO
CISADM,CI_ENRL_LOG,,TABLE,14,5,48,14,2026-04-15 05:00:22,NO,YES,NO
CISADM,CI_ENRL_PER_ID,,TABLE,6,5,39,6,2026-02-03 17:45:28,NO,YES,NO
CISADM,CI_ENRL_PER_NM,,TABLE,6,5,52,6,2026-05-06 05:00:07,NO,YES,NO
CISADM,CI_ENRL_PER_PHN,,TABLE,0,0,0,0,2026-02-03 17:45:28,NO,YES,NO
CISADM,CI_ENV_REF,,TABLE,0,0,0,0,2026-02-03 17:45:28,NO,YES,NO
CISADM,CI_ENV_REF_L,,TABLE,0,0,0,0,2026-02-03 17:45:28,NO,YES,NO
CISADM,CI_FA,,TABLE,1393,50,177,1393,2026-02-03 17:45:28,NO,YES,NO
CISADM,CI_FAC_LVL_1,,TABLE,0,0,0,0,2026-02-03 17:45:29,NO,YES,NO
CISADM,CI_FAC_LVL_1_2,,TABLE,0,0,0,0,2026-02-03 17:45:29,NO,YES,NO
CISADM,CI_FAC_LVL_1_L,,TABLE,0,0,0,0,2026-02-03 17:45:29,NO,YES,NO
CISADM,CI_FAC_LVL_2,,TABLE,0,0,0,0,2026-02-03 17:45:29,NO,YES,NO
CISADM,CI_FAC_LVL_2_3,,TABLE,0,0,0,0,2026-02-03 17:45:29,NO,YES,NO
CISADM,CI_FAC_LVL_2_L,,TABLE,0,0,0,0,2026-02-03 17:45:29,NO,YES,NO
CISADM,CI_FAC_LVL_3,,TABLE,0,0,0,0,2026-02-03 17:45:29,NO,YES,NO
CISADM,CI_FAC_LVL_3_L,,TABLE,0,0,0,0,2026-02-03 17:45:29,NO,YES,NO
CISADM,CI_FAC_LVL_NAME,,TABLE,0,0,0,0,2026-02-03 17:45:29,NO,YES,NO
CISADM,CI_FAC_LVL_NAME_L,,TABLE,0,0,0,0,2026-02-03 17:45:29,NO,YES,NO
CISADM,CI_FAPR_FATY,,TABLE,6,4,21,6,2026-02-03 17:45:29,NO,YES,NO
CISADM,CI_FAPR_TMPL,,TABLE,6,4,39,6,2026-02-03 17:45:29,NO,YES,NO
CISADM,CI_FA_CAN_RSN,,TABLE,4,4,17,4,2026-02-03 17:45:29,NO,YES,NO
CISADM,CI_FA_CAN_RSN_L,,TABLE,8,8,42,8,2026-02-03 17:45:29,NO,YES,NO
CISADM,CI_FA_CHAR,,TABLE,0,0,0,0,2026-02-03 17:45:29,NO,YES,NO
CISADM,CI_FA_CMPL_CTRL,,TABLE,0,0,0,0,2026-02-03 17:45:29,NO,YES,NO
CISADM,CI_FA_K,,TABLE,1295,,16,1295,2026-02-03 17:45:29,NO,YES,NO
CISADM,CI_FA_LOG,,TABLE,0,0,0,0,2026-02-03 17:45:30,NO,YES,NO
CISADM,CI_FA_REM,,TABLE,0,0,0,0,2026-02-03 17:45:30,NO,YES,NO
CISADM,CI_FA_REM_ALG,,TABLE,1,5,37,1,2026-02-04 05:00:16,NO,YES,NO
CISADM,CI_FA_REM_CD,,TABLE,1,5,18,1,2026-02-04 05:00:16,NO,YES,NO
CISADM,CI_FA_REM_CD_L,,TABLE,2,5,42,2,2026-02-04 05:00:16,NO,YES,NO
CISADM,CI_FA_REM_EXC,,TABLE,0,0,0,0,2026-02-03 17:45:30,NO,YES,NO
CISADM,CI_FA_REM_EXP,,TABLE,0,0,0,0,2026-02-03 17:45:30,NO,YES,NO
CISADM,CI_FA_RESCHED_RSN,,TABLE,0,0,0,0,2026-02-03 17:45:30,NO,YES,NO
CISADM,CI_FA_RESCHED_RSN_L,,TABLE,0,0,0,0,2026-02-03 17:45:30,NO,YES,NO
CISADM,CI_FA_STAGE_UP,,TABLE,0,0,0,0,2026-02-03 17:45:30,NO,YES,NO
CISADM,CI_FA_STEP,,TABLE,0,0,0,0,2026-02-03 17:45:30,NO,YES,NO
CISADM,CI_FA_STEP_TYPE,,TABLE,0,0,0,0,2026-02-03 17:45:30,NO,YES,NO
CISADM,CI_FA_STEP_TYPE_L,,TABLE,0,0,0,0,2026-02-03 17:45:30,NO,YES,NO
CISADM,CI_FA_STGUP_CHAR,,TABLE,0,0,0,0,2026-02-03 17:45:30,NO,YES,NO
CISADM,CI_FA_STGUP_EXC,,TABLE,0,0,0,0,2026-02-03 17:45:30,NO,YES,NO
CISADM,CI_FA_STGUP_REM,,TABLE,0,0,0,0,2026-02-03 17:45:30,NO,YES,NO
CISADM,CI_FA_STP_STGUP,,TABLE,0,0,0,0,2026-02-03 17:45:30,NO,YES,NO
CISADM,CI_FA_TYPE,,TABLE,6,4,68,6,2026-02-04 05:00:39,NO,YES,NO
CISADM,CI_FA_TYPE_CHAR,,TABLE,0,0,0,0,2026-02-03 17:45:31,NO,YES,NO
CISADM,CI_FA_TYPE_L,,TABLE,12,8,36,12,2026-02-03 17:45:31,NO,YES,NO
CISADM,CI_FA_TYPE_PROF,,TABLE,1,4,12,1,2026-02-03 17:45:31,NO,YES,NO
CISADM,CI_FA_TYPE_PROF_L,,TABLE,2,8,49,2,2026-02-03 17:45:31,NO,YES,NO
CISADM,CI_FK_REF,,TABLE,1043,104,262,1043,2026-02-04 05:00:48,NO,YES,NO
CISADM,CI_FK_REF_L,,TABLE,2086,23,46,2086,2026-02-03 17:45:32,NO,YES,NO
CISADM,CI_FO,,TABLE,0,0,0,0,2026-02-03 17:45:33,NO,YES,NO
CISADM,CI_FO_K,,TABLE,0,,0,0,2026-02-03 17:45:33,NO,YES,NO
CISADM,CI_FO_STG_DWN,,TABLE,0,0,0,0,2026-02-03 17:45:33,NO,YES,NO
CISADM,CI_FREQ,,TABLE,6,4,21,6,2026-02-03 17:45:33,NO,YES,NO
CISADM,CI_FREQ_L,,TABLE,12,8,28,12,2026-02-03 17:45:33,NO,YES,NO
CISADM,CI_FS_CL,,TABLE,0,0,0,0,2026-02-03 17:45:33,NO,YES,NO
CISADM,CI_FS_CL_DFLT,,TABLE,0,0,0,0,2026-02-03 17:45:33,NO,YES,NO
CISADM,CI_FS_CL_L,,TABLE,0,0,0,0,2026-02-03 17:45:33,NO,YES,NO
CISADM,CI_FS_CTRL,,TABLE,0,0,0,0,2026-02-03 17:45:33,NO,YES,NO
CISADM,CI_FS_DGRP,,TABLE,0,0,0,0,2026-02-03 17:45:33,NO,YES,NO
CISADM,CI_FS_OP_AREA,,TABLE,0,0,0,0,2026-02-03 17:45:33,NO,YES,NO
CISADM,CI_FT,,TABLE,337824,9077,175,84456,2026-05-22 05:02:17,NO,YES,NO
CISADM,CI_FT_GL,,TABLE,140849,1882,90,140849,2026-02-03 17:45:42,NO,YES,NO
CISADM,CI_FT_K,,TABLE,337927,,18,337927,2026-02-03 17:45:43,NO,YES,NO
CISADM,CI_FT_PROC,,TABLE,62415,622,57,62415,2026-02-03 17:45:43,NO,YES,NO
CISADM,CI_FUNC,,TABLE,0,0,0,0,2026-02-03 17:45:44,NO,YES,NO
CISADM,CI_FUNC_FLD,,TABLE,0,0,0,0,2026-02-03 17:45:44,NO,YES,NO
CISADM,CI_FUNC_FLD_L,,TABLE,0,0,0,0,2026-02-03 17:45:44,NO,YES,NO
CISADM,CI_FUNC_L,,TABLE,0,0,0,0,2026-02-03 17:45:44,NO,YES,NO
CISADM,CI_FUND,,TABLE,0,0,0,0,2026-02-03 17:45:44,NO,YES,NO
CISADM,CI_FUND_L,,TABLE,0,0,0,0,2026-02-03 17:45:44,NO,YES,NO
CISADM,CI_GEO_DFLT_SVC,,TABLE,0,0,0,0,2026-02-03 17:45:44,NO,YES,NO
CISADM,CI_GEO_TYPE,,TABLE,3,8,25,3,2026-02-03 17:45:44,NO,YES,NO
CISADM,CI_GEO_TYPE_L,,TABLE,6,8,33,6,2026-02-03 17:45:44,NO,YES,NO
CISADM,CI_GEO_TYP_DFLT,,TABLE,0,0,0,0,2026-02-03 17:45:44,NO,YES,NO
CISADM,CI_GL_DIVISION,,TABLE,1,4,16,1,2026-02-03 17:45:44,NO,YES,NO
CISADM,CI_GL_DIVISION_L,,TABLE,2,8,30,2,2026-02-03 17:45:44,NO,YES,NO
CISADM,CI_HI_LO_FACTOR,,TABLE,0,0,0,0,2026-02-03 17:45:44,NO,YES,NO
CISADM,CI_ID_TYPE,,TABLE,9,4,68,9,2026-02-04 05:00:41,NO,YES,NO
CISADM,CI_ID_TYPE_L,,TABLE,18,8,33,18,2026-02-03 17:45:44,NO,YES,NO
CISADM,CI_INSTALL_ALG,,TABLE,90,8,30,90,2026-02-03 17:45:44,NO,YES,NO
CISADM,CI_INSTALL_MSG,,TABLE,4,4,17,4,2026-02-03 17:45:44,NO,YES,NO
CISADM,CI_INSTALL_MSG_L,,TABLE,8,8,52,8,2026-02-03 17:45:44,NO,YES,NO
CISADM,CI_INSTALL_PROD,,TABLE,6,4,95,6,2026-02-03 17:45:44,NO,YES,NO
CISADM,CI_INTV_DATA,,TABLE,0,0,0,0,2026-02-03 17:45:44,NO,YES,NO
CISADM,CI_INTV_DATA_SET,,TABLE,0,0,0,0,2026-02-03 17:45:44,NO,YES,NO
CISADM,CI_INTV_DATA_SET_K,,TABLE,0,,0,0,2026-02-03 17:45:44,NO,YES,NO
CISADM,CI_INTV_DS_EXC,,TABLE,0,0,0,0,2026-02-03 17:45:45,NO,YES,NO
CISADM,CI_INTV_PF,,TABLE,0,0,0,0,2026-02-03 17:45:45,NO,YES,NO
CISADM,CI_INTV_PFRELTY,,TABLE,0,0,0,0,2026-02-03 17:45:45,NO,YES,NO
CISADM,CI_INTV_PFRELTY_L,,TABLE,0,0,0,0,2026-02-03 17:45:45,NO,YES,NO
CISADM,CI_INTV_PF_ALG,,TABLE,0,0,0,0,2026-02-03 17:45:45,NO,YES,NO
CISADM,CI_INTV_PF_K,,TABLE,0,,0,0,2026-02-03 17:45:45,NO,YES,NO
CISADM,CI_INTV_PF_L,,TABLE,0,0,0,0,2026-02-03 17:45:45,NO,YES,NO
CISADM,CI_INTV_PF_TYP,,TABLE,0,0,0,0,2026-02-03 17:45:45,NO,YES,NO
CISADM,CI_INTV_PF_TYP_L,,TABLE,0,0,0,0,2026-02-03 17:45:45,NO,YES,NO
CISADM,CI_INTV_REG_ALG,,TABLE,0,0,0,0,2026-02-03 17:45:45,NO,YES,NO
CISADM,CI_INTV_REG_TYP,,TABLE,0,0,0,0,2026-02-03 17:45:45,NO,YES,NO
CISADM,CI_INTV_REG_TYP_L,,TABLE,0,0,0,0,2026-02-03 17:45:45,NO,YES,NO
CISADM,CI_INTV_VAL,,TABLE,1,5,26,1,2026-02-03 17:45:45,NO,YES,NO
CISADM,CI_INTV_VAL_SET,,TABLE,1,5,59,1,2026-02-03 17:45:45,NO,YES,NO
CISADM,CI_INTV_VAL_SET_K,,TABLE,1,,18,1,2026-02-03 17:45:45,NO,YES,NO
CISADM,CI_ITEM,,TABLE,0,0,0,0,2026-02-03 17:45:45,NO,YES,NO
CISADM,CI_ITEM_CHAR,,TABLE,0,0,0,0,2026-02-03 17:45:45,NO,YES,NO
CISADM,CI_ITEM_EQ,,TABLE,0,0,0,0,2026-02-03 17:45:45,NO,YES,NO
CISADM,CI_ITEM_K,,TABLE,0,,0,0,2026-02-03 17:45:45,NO,YES,NO
CISADM,CI_ITEM_LOC_HIS,,TABLE,0,0,0,0,2026-02-03 17:45:45,NO,YES,NO
CISADM,CI_ITEM_LOC_HIS_K,,TABLE,0,,0,0,2026-02-03 17:45:45,NO,YES,NO
CISADM,CI_ITEM_SQ_EST,,TABLE,0,0,0,0,2026-02-03 17:45:45,NO,YES,NO
CISADM,CI_ITEM_STK_LOC,,TABLE,0,0,0,0,2026-02-03 17:45:45,NO,YES,NO
CISADM,CI_ITEM_TYPE,,TABLE,11,8,31,11,2026-02-03 17:45:45,NO,YES,NO
CISADM,CI_ITEM_TYPE_EQ,,TABLE,0,0,0,0,2026-02-03 17:45:45,NO,YES,NO
CISADM,CI_ITEM_TYPE_L,,TABLE,22,8,40,22,2026-02-03 17:45:45,NO,YES,NO
CISADM,CI_ITEM_TYP_CHA,,TABLE,0,0,0,0,2026-02-03 17:45:45,NO,YES,NO
CISADM,CI_LANDLORD,,TABLE,117,5,57,117,2026-02-03 17:45:45,NO,YES,NO
CISADM,CI_LANDLORD_K,,TABLE,117,,16,117,2026-02-03 17:45:45,NO,YES,NO
CISADM,CI_LANGUAGE,,TABLE,2,8,39,2,2026-02-03 17:45:45,NO,YES,NO
CISADM,CI_LETTER_TMPL,,TABLE,29,4,71,29,2026-02-04 05:00:39,NO,YES,NO
CISADM,CI_LETTER_TMPL_L,,TABLE,58,8,46,58,2026-05-23 05:00:30,NO,YES,NO
CISADM,CI_LL_DETAIL,,TABLE,810,5,28,810,2026-02-03 17:45:45,NO,YES,NO
CISADM,CI_LOOKUP_FIELD,,TABLE,2784,64,61,2784,2026-02-04 05:00:46,NO,YES,NO
CISADM,CI_LOOKUP_VAL,,TABLE,11480,256,60,11480,2026-02-03 17:45:46,NO,YES,NO
CISADM,CI_LOOKUP_VAL_L,,TABLE,22947,508,88,22947,2026-02-03 17:45:46,NO,YES,NO
CISADM,CI_MATCH_EVT,,TABLE,0,0,0,0,2026-02-03 17:45:46,NO,YES,NO
CISADM,CI_MATCH_EVT_K,,TABLE,0,,0,0,2026-02-03 17:45:46,NO,YES,NO
CISADM,CI_MATCH_TYPE,,TABLE,0,0,0,0,2026-02-03 17:45:46,NO,YES,NO
CISADM,CI_MATCH_TYPE_L,,TABLE,0,0,0,0,2026-02-03 17:45:46,NO,YES,NO
CISADM,CI_MD_ATT_TY,,TABLE,107,5,34,107,2026-02-03 17:45:47,NO,YES,NO
CISADM,CI_MD_AT_DTL,,TABLE,106,6,57,106,2026-02-03 17:45:47,NO,YES,NO
CISADM,CI_MD_AT_DTL_L,,TABLE,212,8,68,212,2026-02-03 17:45:47,NO,YES,NO
CISADM,CI_MD_CONST,,TABLE,12165,512,79,12165,2026-02-03 17:45:47,NO,YES,NO
CISADM,CI_MD_CONST_FLD,,TABLE,17624,512,55,17624,2026-02-03 17:45:47,NO,YES,NO
CISADM,CI_MD_CTL,,TABLE,20,4,15,20,2026-02-03 17:45:47,NO,YES,NO
CISADM,CI_MD_CTL_L,,TABLE,40,8,44,40,2026-02-03 17:45:48,NO,YES,NO
CISADM,CI_MD_CTL_TMPL,,TABLE,225,5,24,225,2026-02-03 17:45:48,NO,YES,NO
CISADM,CI_MD_ELTY,,TABLE,34,4,8,34,2026-02-03 17:45:48,NO,YES,NO
CISADM,CI_MD_ELTY_AT,,TABLE,489,10,31,489,2026-02-03 17:45:48,NO,YES,NO
CISADM,CI_MD_ELTY_L,,TABLE,68,8,28,68,2026-02-03 17:45:48,NO,YES,NO
CISADM,CI_MD_FLD,,TABLE,38275,1664,119,38275,2026-02-04 05:01:02,NO,YES,NO
CISADM,CI_MD_FLD_ADDTL,,TABLE,38247,370,44,38247,2026-02-04 05:00:58,NO,YES,NO
CISADM,CI_MD_FLD_L,,TABLE,76519,2286,138,76519,2026-02-03 17:45:48,NO,YES,NO
CISADM,CI_MD_IDX,,TABLE,5232,43,54,5232,2026-02-04 05:00:46,NO,YES,NO
CISADM,CI_MD_IDX_FLD,,TABLE,10543,88,55,10543,2026-02-04 05:00:48,NO,YES,NO
CISADM,CI_MD_LOOKUP_F,,TABLE,12,4,34,12,2026-02-03 17:45:50,NO,YES,NO
CISADM,CI_MD_MENU,,TABLE,956,24,48,956,2026-02-04 05:00:44,NO,YES,NO
CISADM,CI_MD_MENU_IMOD,,TABLE,1384,24,24,1384,2026-02-04 05:00:44,NO,YES,NO
CISADM,CI_MD_MENU_ITEM,,TABLE,2981,256,112,2981,2026-02-04 05:00:54,NO,YES,NO
CISADM,CI_MD_MENU_ITEM_L,,TABLE,5962,63,47,5962,2026-02-03 17:45:50,NO,YES,NO
CISADM,CI_MD_MENU_L,,TABLE,1912,39,75,1912,2026-02-03 17:45:50,NO,YES,NO
CISADM,CI_MD_MENU_LINE,,TABLE,2218,56,50,2218,2026-02-04 05:00:46,NO,YES,NO
CISADM,CI_MD_MENU_LINE_L,,TABLE,4436,39,26,4436,2026-02-03 17:45:50,NO,YES,NO
CISADM,CI_MD_MENU_MOD,,TABLE,0,0,0,0,2026-02-03 17:45:51,NO,YES,NO
CISADM,CI_MD_MO,,TABLE,757,32,75,757,2026-02-03 17:45:51,NO,YES,NO
CISADM,CI_MD_MO_ALG,,TABLE,579,16,42,579,2026-02-04 05:00:43,NO,YES,NO
CISADM,CI_MD_MO_L,,TABLE,1514,23,46,1514,2026-02-03 17:45:51,NO,YES,NO
CISADM,CI_MD_MO_OPT,,TABLE,6773,80,39,6773,2026-02-04 05:00:47,NO,YES,NO
CISADM,CI_MD_MO_TBL,,TABLE,3135,256,91,3135,2026-02-03 17:45:51,NO,YES,NO
CISADM,CI_MD_MO_WRK,,TABLE,0,0,0,0,2026-02-03 17:45:52,NO,YES,NO
CISADM,CI_MD_MSG,,TABLE,51,4,14,51,2026-02-03 17:45:52,NO,YES,NO
CISADM,CI_MD_MSG_L,,TABLE,102,8,61,102,2026-02-03 17:45:52,NO,YES,NO
CISADM,CI_MD_NAV,,TABLE,7078,384,121,7078,2026-02-03 17:45:52,NO,YES,NO
CISADM,CI_MD_PDF,,TABLE,18,4,29,18,2026-02-03 17:45:52,NO,YES,NO
CISADM,CI_MD_PDF_VAL,,TABLE,116,8,76,116,2026-02-03 17:45:52,NO,YES,NO
CISADM,CI_MD_PRG_COM,,TABLE,12138,512,124,12138,2026-02-04 05:00:58,NO,YES,NO
CISADM,CI_MD_PRG_ELEM,,TABLE,32169,2432,215,32169,2026-02-03 17:45:53,NO,YES,NO
CISADM,CI_MD_PRG_EL_AT,,TABLE,17362,896,111,17362,2026-02-04 05:00:59,NO,YES,NO
CISADM,CI_MD_PRG_LOC,,TABLE,634,9,36,634,2026-02-04 05:00:43,NO,YES,NO
CISADM,CI_MD_PRG_MOD,,TABLE,396,7,24,396,2026-02-04 05:00:37,NO,YES,NO
CISADM,CI_MD_PRG_SEC,,TABLE,6014,256,101,6014,2026-02-04 05:00:54,NO,YES,NO
CISADM,CI_MD_PRG_SQL,,TABLE,17899,896,465,17899,2026-02-04 05:00:59,NO,YES,NO
CISADM,CI_MD_PRG_TAB,,TABLE,1915,88,101,1915,2026-02-04 05:00:48,NO,YES,NO
CISADM,CI_MD_PRG_VAR,,TABLE,75947,1534,57,75947,2026-02-04 05:01:01,NO,YES,NO
CISADM,CI_MD_RPT,,TABLE,31,8,60,31,2026-02-03 17:45:56,NO,YES,NO
CISADM,CI_MD_RPT_L,,TABLE,62,8,379,62,2026-02-03 17:45:56,NO,YES,NO
CISADM,CI_MD_RPT_LBL,,TABLE,442,13,50,442,2026-02-03 17:45:56,NO,YES,NO
CISADM,CI_MD_RPT_PARM,,TABLE,72,8,72,72,2026-02-03 17:45:56,NO,YES,NO
CISADM,CI_MD_RPT_PARM_L,,TABLE,144,8,164,144,2026-02-03 17:45:56,NO,YES,NO
CISADM,CI_MD_SO,,TABLE,14,4,112,14,2026-02-03 17:45:56,NO,YES,NO
CISADM,CI_MD_SOCG,,TABLE,36,8,825,36,2026-02-03 17:45:56,NO,YES,NO
CISADM,CI_MD_SOCG_FLD,,TABLE,60,7,148,60,2026-02-03 17:45:56,NO,YES,NO
CISADM,CI_MD_SOCG_FLDAT,,TABLE,12,4,96,12,2026-02-03 17:45:56,NO,YES,NO
CISADM,CI_MD_SOCG_L,,TABLE,72,8,49,72,2026-02-03 17:45:56,NO,YES,NO
CISADM,CI_MD_SOCG_SORT,,TABLE,20,4,71,20,2026-02-03 17:45:56,NO,YES,NO
CISADM,CI_MD_SO_L,,TABLE,28,8,65,28,2026-02-03 17:45:56,NO,YES,NO
CISADM,CI_MD_SO_RSFLD,,TABLE,79,8,137,79,2026-02-03 17:45:56,NO,YES,NO
CISADM,CI_MD_SO_RSFLDAT,,TABLE,8,4,91,8,2026-02-03 17:45:56,NO,YES,NO
CISADM,CI_MD_SRC_TYPE,,TABLE,8,4,40,8,2026-02-03 17:45:56,NO,YES,NO
CISADM,CI_MD_SRC_TYPE_L,,TABLE,16,8,34,16,2026-02-03 17:45:56,NO,YES,NO
CISADM,CI_MD_SVC,,TABLE,4187,112,55,4187,2026-02-18 05:00:26,NO,YES,NO
CISADM,CI_MD_SVC_L,,TABLE,8354,110,62,8354,2026-02-18 05:00:26,NO,YES,NO
CISADM,CI_MD_SVC_PRG,,TABLE,2870,64,40,2870,2026-02-04 05:00:47,NO,YES,NO
CISADM,CI_MD_TAB_MOD,,TABLE,48,4,35,48,2026-02-04 05:00:37,NO,YES,NO
CISADM,CI_MD_TBL,,TABLE,3795,384,255,3795,2026-02-04 05:00:57,NO,YES,NO
CISADM,CI_MD_TBL_ADDTL,,TABLE,3795,39,44,3795,2026-02-04 05:00:45,NO,YES,NO
CISADM,CI_MD_TBL_FLD,,TABLE,32494,1408,99,32494,2026-02-04 05:01:00,NO,YES,NO
CISADM,CI_MD_TBL_FLD_L,,TABLE,64988,1782,81,64988,2026-02-03 17:45:57,NO,YES,NO
CISADM,CI_MD_TBL_L,,TABLE,7592,252,74,7592,2026-02-03 17:45:58,NO,YES,NO
CISADM,CI_MD_TMPL,,TABLE,61,4,44,61,2026-02-03 17:45:58,NO,YES,NO
CISADM,CI_MD_TMPL_ELTY,,TABLE,409,6,17,409,2026-02-03 17:45:58,NO,YES,NO
CISADM,CI_MD_TMPL_L,,TABLE,122,8,38,122,2026-02-03 17:45:58,NO,YES,NO
CISADM,CI_MD_TMPL_VAR,,TABLE,2493,56,45,2493,2026-02-03 17:45:58,NO,YES,NO
CISADM,CI_MD_TMPL_VAR_L,,TABLE,4288,63,48,4288,2026-02-03 17:45:58,NO,YES,NO
CISADM,CI_MD_TOOLREP_XML,,TABLE,0,0,0,0,2026-02-03 17:45:58,NO,YES,NO
CISADM,CI_MD_TOOL_REP,,TABLE,0,0,0,0,2026-02-03 17:45:58,NO,YES,NO
CISADM,CI_MD_VAR,,TABLE,564,16,29,564,2026-02-03 17:45:58,NO,YES,NO
CISADM,CI_MD_VAR_DTL,,TABLE,607,24,57,607,2026-02-03 17:45:58,NO,YES,NO
CISADM,CI_MD_VAR_DTL_L,,TABLE,1214,16,52,1214,2026-02-03 17:45:58,NO,YES,NO
CISADM,CI_MD_WRK_TBL,,TABLE,0,0,0,0,2026-02-03 17:45:58,NO,YES,NO
CISADM,CI_MD_WRK_TBLFLD,,TABLE,0,0,0,0,2026-02-03 17:45:58,NO,YES,NO
CISADM,CI_MD_WRK_TBL_L,,TABLE,0,0,0,0,2026-02-03 17:45:58,NO,YES,NO
CISADM,CI_MEVT_CAN_RSN,,TABLE,0,0,0,0,2026-02-03 17:45:58,NO,YES,NO
CISADM,CI_MEVT_CAN_RSN_L,,TABLE,0,0,0,0,2026-02-03 17:45:58,NO,YES,NO
CISADM,CI_MFG,,TABLE,0,0,0,0,2026-02-03 17:45:58,NO,YES,NO
CISADM,CI_MFG_L,,TABLE,0,0,0,0,2026-02-03 17:45:58,NO,YES,NO
CISADM,CI_MKTMSG_TYPE,,TABLE,0,0,0,0,2026-02-03 17:45:58,NO,YES,NO
CISADM,CI_MKTMSG_TYPE_ALG,,TABLE,0,0,0,0,2026-02-03 17:45:58,NO,YES,NO
CISADM,CI_MKTMSG_TYPE_CHAR,,TABLE,0,0,0,0,2026-02-03 17:45:58,NO,YES,NO
CISADM,CI_MKTMSG_TYPE_L,,TABLE,0,0,0,0,2026-02-03 17:45:58,NO,YES,NO
CISADM,CI_MODEL,,TABLE,0,0,0,0,2026-02-03 17:45:58,NO,YES,NO
CISADM,CI_MODEL_L,,TABLE,0,0,0,0,2026-02-03 17:45:58,NO,YES,NO
CISADM,CI_MPL_EXC,,TABLE,0,0,0,0,2026-02-03 17:45:58,NO,YES,NO
CISADM,CI_MR,,TABLE,0,0,0,0,2026-02-03 17:45:58,NO,YES,NO
CISADM,CI_MRR_STGE_UP,,TABLE,0,0,0,0,2026-02-03 17:45:58,NO,YES,NO
CISADM,CI_MR_CHAR,,TABLE,0,0,0,0,2026-02-03 17:45:58,NO,YES,NO
CISADM,CI_MR_CYC,,TABLE,0,0,0,0,2026-02-03 17:45:59,NO,YES,NO
CISADM,CI_MR_CYC_L,,TABLE,0,0,0,0,2026-02-03 17:45:59,NO,YES,NO
CISADM,CI_MR_INSTR,,TABLE,4,4,8,4,2026-02-03 17:45:59,NO,YES,NO
CISADM,CI_MR_INSTR_L,,TABLE,8,8,27,8,2026-02-03 17:45:59,NO,YES,NO
CISADM,CI_MR_K,,TABLE,0,,0,0,2026-02-03 17:45:59,NO,YES,NO
CISADM,CI_MR_REM,,TABLE,0,0,0,0,2026-02-03 17:45:59,NO,YES,NO
CISADM,CI_MR_REM_ACTN,,TABLE,0,0,0,0,2026-02-03 17:45:59,NO,YES,NO
CISADM,CI_MR_REM_BMSG,,TABLE,0,0,0,0,2026-02-03 17:45:59,NO,YES,NO
CISADM,CI_MR_REM_EXCP,,TABLE,0,0,0,0,2026-02-03 17:45:59,NO,YES,NO
CISADM,CI_MR_RTE,,TABLE,0,0,0,0,2026-02-03 17:45:59,NO,YES,NO
CISADM,CI_MR_RTE_CHAR,,TABLE,0,0,0,0,2026-02-03 17:45:59,NO,YES,NO
CISADM,CI_MR_RTE_L,,TABLE,0,0,0,0,2026-02-03 17:45:59,NO,YES,NO
CISADM,CI_MR_RTE_SEC,,TABLE,0,0,0,0,2026-02-03 17:45:59,NO,YES,NO
CISADM,CI_MR_RTE_TYPE,,TABLE,0,0,0,0,2026-02-03 17:45:59,NO,YES,NO
CISADM,CI_MR_RTE_TYPE_L,,TABLE,0,0,0,0,2026-02-03 17:45:59,NO,YES,NO
CISADM,CI_MR_SCHED,,TABLE,0,0,0,0,2026-02-03 17:45:59,NO,YES,NO
CISADM,CI_MR_SCHED_RTE,,TABLE,0,0,0,0,2026-02-03 17:45:59,NO,YES,NO
CISADM,CI_MR_SOURCE,,TABLE,0,0,0,0,2026-02-03 17:45:59,NO,YES,NO
CISADM,CI_MR_SOURCE_L,,TABLE,0,0,0,0,2026-02-03 17:45:59,NO,YES,NO
CISADM,CI_MR_STAGE_DWN,,TABLE,0,0,0,0,2026-02-03 17:45:59,NO,YES,NO
CISADM,CI_MR_STAGE_UP,,TABLE,0,0,0,0,2026-02-03 17:45:59,NO,YES,NO
CISADM,CI_MR_STGUP_CHAR,,TABLE,0,0,0,0,2026-02-03 17:45:59,NO,YES,NO
CISADM,CI_MR_STGUP_EXC,,TABLE,0,0,0,0,2026-02-03 17:45:59,NO,YES,NO
CISADM,CI_MR_WARN,,TABLE,3,4,8,3,2026-02-03 17:45:59,NO,YES,NO
CISADM,CI_MR_WARN_L,,TABLE,6,8,26,6,2026-02-03 17:45:59,NO,YES,NO
CISADM,CI_MSG,,TABLE,22223,256,28,22223,2026-02-04 05:00:52,NO,YES,NO
CISADM,CI_MSG_CATEGORY,,TABLE,128,8,13,128,2026-02-03 17:45:59,NO,YES,NO
CISADM,CI_MSG_CATEGORY_L,,TABLE,255,8,39,255,2026-02-03 17:45:59,NO,YES,NO
CISADM,CI_MSG_L,,TABLE,44079,1270,132,44079,2026-02-03 17:45:59,NO,YES,NO
CISADM,CI_MSG_LOG,,TABLE,356800,12288,126,356800,2026-02-03 17:46:00,NO,YES,NO
CISADM,CI_MSG_LOGPARM,,TABLE,888595,7936,28,888595,2026-02-03 17:46:01,NO,YES,NO
CISADM,CI_MSG_LOG_PK,,TABLE,0,0,0,0,2026-02-03 17:46:02,NO,YES,NO
CISADM,CI_MTR,,TABLE,0,0,0,0,2026-02-03 17:46:02,NO,YES,NO
CISADM,CI_MTR_CFGTY_RL,,TABLE,0,0,0,0,2026-02-03 17:46:02,NO,YES,NO
CISADM,CI_MTR_CHAR,,TABLE,0,0,0,0,2026-02-03 17:46:02,NO,YES,NO
CISADM,CI_MTR_CONFIG,,TABLE,0,0,0,0,2026-02-03 17:46:02,NO,YES,NO
CISADM,CI_MTR_CONFIG_K,,TABLE,0,,0,0,2026-02-03 17:46:02,NO,YES,NO
CISADM,CI_MTR_CONFIG_TY,,TABLE,0,0,0,0,2026-02-03 17:46:02,NO,YES,NO
CISADM,CI_MTR_CONFIG_TY_L,,TABLE,0,0,0,0,2026-02-03 17:46:02,NO,YES,NO
CISADM,CI_MTR_EQ,,TABLE,0,0,0,0,2026-02-03 17:46:02,NO,YES,NO
CISADM,CI_MTR_ID,,TABLE,0,0,0,0,2026-02-03 17:46:02,NO,YES,NO
CISADM,CI_MTR_ID_TYPE,,TABLE,0,0,0,0,2026-02-03 17:46:02,NO,YES,NO
CISADM,CI_MTR_ID_TYPE_L,,TABLE,0,0,0,0,2026-02-03 17:46:02,NO,YES,NO
CISADM,CI_MTR_K,,TABLE,0,,0,0,2026-02-03 17:46:02,NO,YES,NO
CISADM,CI_MTR_LOC,,TABLE,3,4,8,3,2026-02-03 17:46:02,NO,YES,NO
CISADM,CI_MTR_LOC_HIS,,TABLE,0,0,0,0,2026-02-03 17:46:02,NO,YES,NO
CISADM,CI_MTR_LOC_HIS_K,,TABLE,0,,0,0,2026-02-03 17:46:02,NO,YES,NO
CISADM,CI_MTR_LOC_L,,TABLE,6,8,27,6,2026-02-03 17:46:02,NO,YES,NO
CISADM,CI_MTR_STK_LOC,,TABLE,0,0,0,0,2026-02-03 17:46:02,NO,YES,NO
CISADM,CI_MTR_TYPE,,TABLE,0,0,0,0,2026-02-03 17:46:02,NO,YES,NO
CISADM,CI_MTR_TYPE_EQ,,TABLE,0,0,0,0,2026-02-03 17:46:02,NO,YES,NO
CISADM,CI_MTR_TYPE_L,,TABLE,0,0,0,0,2026-02-03 17:46:02,NO,YES,NO
CISADM,CI_MTR_TYP_CHAR,,TABLE,0,0,0,0,2026-02-03 17:46:02,NO,YES,NO
CISADM,CI_MTR_TY_CFGTY,,TABLE,0,0,0,0,2026-02-03 17:46:02,NO,YES,NO
CISADM,CI_MULT_ITEM,,TABLE,0,0,0,0,2026-02-03 17:46:02,NO,YES,NO
CISADM,CI_NAV_OPT,,TABLE,3770,389,226,3770,2026-02-03 17:46:02,NO,YES,NO
CISADM,CI_NAV_OPT_CTXT,,TABLE,2753,104,74,2753,2026-02-04 05:00:49,NO,YES,NO
CISADM,CI_NAV_OPT_L,,TABLE,7540,126,68,7540,2026-02-03 17:46:02,NO,YES,NO
CISADM,CI_NAV_OPT_USG,,TABLE,6671,256,46,6671,2026-02-04 05:00:53,NO,YES,NO
CISADM,CI_NB_RULE,,TABLE,0,0,0,0,2026-02-03 17:46:03,NO,YES,NO
CISADM,CI_NB_RULE_L,,TABLE,0,0,0,0,2026-02-03 17:46:03,NO,YES,NO
CISADM,CI_NB_RULE_PARM,,TABLE,0,0,0,0,2026-02-03 17:46:03,NO,YES,NO
CISADM,CI_NB_RULE_VER,,TABLE,0,0,0,0,2026-02-03 17:46:03,NO,YES,NO
CISADM,CI_NB_SA,,TABLE,0,0,0,0,2026-02-03 17:46:03,NO,YES,NO
CISADM,CI_NB_SCHED_PAY,,TABLE,0,0,0,0,2026-02-03 17:46:03,NO,YES,NO
CISADM,CI_NB_SCHED_PAY_K,,TABLE,0,,0,0,2026-02-03 17:46:03,NO,YES,NO
CISADM,CI_NCD,,TABLE,0,0,0,0,2026-02-03 17:46:03,NO,YES,NO
CISADM,CI_NCD_TYPE,,TABLE,5,4,16,5,2026-02-03 17:46:03,NO,YES,NO
CISADM,CI_NCD_TYPE_L,,TABLE,10,8,37,10,2026-02-03 17:46:03,NO,YES,NO
CISADM,CI_NT_DNTY_CTXT,,TABLE,0,0,0,0,2026-02-03 17:46:03,NO,YES,NO
CISADM,CI_NT_DWN,,TABLE,100,5,105,100,2026-02-03 17:46:03,NO,YES,NO
CISADM,CI_NT_DWN_CHAR,,TABLE,0,0,0,0,2026-02-03 17:46:03,NO,YES,NO
CISADM,CI_NT_DWN_CTXT,,TABLE,200,5,72,200,2026-02-03 17:46:03,NO,YES,NO
CISADM,CI_NT_DWN_EXC,,TABLE,0,0,0,0,2026-02-03 17:46:03,NO,YES,NO
CISADM,CI_NT_DWN_EXP,,TABLE,0,0,0,0,2026-02-03 17:46:03,NO,YES,NO
CISADM,CI_NT_DWN_FORM,,TABLE,0,0,0,0,2026-02-03 17:46:03,NO,YES,NO
CISADM,CI_NT_DWN_FORM_L,,TABLE,0,0,0,0,2026-02-03 17:46:03,NO,YES,NO
CISADM,CI_NT_DWN_K,,TABLE,0,,0,0,2026-02-03 17:46:03,NO,YES,NO
CISADM,CI_NT_DWN_PROF,,TABLE,0,0,0,0,2026-02-03 17:46:03,NO,YES,NO
CISADM,CI_NT_DWN_PROF_L,,TABLE,0,0,0,0,2026-02-03 17:46:03,NO,YES,NO
CISADM,CI_NT_DWN_TYPE,,TABLE,0,0,0,0,2026-02-03 17:46:03,NO,YES,NO
CISADM,CI_NT_DWN_TYPE_L,,TABLE,0,0,0,0,2026-02-03 17:46:03,NO,YES,NO
CISADM,CI_NT_UP,,TABLE,0,0,0,0,2026-02-03 17:46:03,NO,YES,NO
CISADM,CI_NT_UP_CHAR,,TABLE,0,0,0,0,2026-02-03 17:46:03,NO,YES,NO
CISADM,CI_NT_UP_CTXT,,TABLE,0,0,0,0,2026-02-03 17:46:03,NO,YES,NO
CISADM,CI_NT_UP_EXCP,,TABLE,0,0,0,0,2026-02-03 17:46:03,NO,YES,NO
CISADM,CI_NT_UP_XSPL,,TABLE,0,0,0,0,2026-02-03 17:46:03,NO,YES,NO
CISADM,CI_NT_UP_XTYPE,,TABLE,0,0,0,0,2026-02-03 17:46:03,NO,YES,NO
CISADM,CI_NT_UP_XTYPE_L,,TABLE,0,0,0,0,2026-02-03 17:46:03,NO,YES,NO
CISADM,CI_NT_XID,,TABLE,6,4,108,6,2026-03-28 05:00:11,NO,YES,NO
CISADM,CI_NT_XID_L,,TABLE,12,8,67,12,2026-02-18 05:00:12,NO,YES,NO
CISADM,CI_OD_EVT,,TABLE,0,0,0,0,2026-02-03 17:46:03,NO,YES,NO
CISADM,CI_OD_EVT_DEP,,TABLE,0,0,0,0,2026-02-03 17:46:03,NO,YES,NO
CISADM,CI_OD_EVT_TYPE,,TABLE,0,0,0,0,2026-02-03 17:46:03,NO,YES,NO
CISADM,CI_OD_EVT_TYPE_ALG,,TABLE,0,0,0,0,2026-02-03 17:46:03,NO,YES,NO
CISADM,CI_OD_EVT_TYPE_L,,TABLE,0,0,0,0,2026-02-03 17:46:03,NO,YES,NO
CISADM,CI_OD_PROC,,TABLE,0,0,0,0,2026-02-03 17:46:03,NO,YES,NO
CISADM,CI_OD_PROC_K,,TABLE,0,,0,0,2026-02-03 17:46:03,NO,YES,NO
CISADM,CI_OD_PROC_LOG,,TABLE,0,0,0,0,2026-02-03 17:46:03,NO,YES,NO
CISADM,CI_OD_PROC_LOGPARM,,TABLE,0,0,0,0,2026-02-03 17:46:03,NO,YES,NO
CISADM,CI_OD_PROC_OBJ,,TABLE,0,0,0,0,2026-02-03 17:46:03,NO,YES,NO
CISADM,CI_OD_PROC_TMP,,TABLE,0,0,0,0,2026-02-03 17:46:03,NO,YES,NO
CISADM,CI_OD_PROC_TMP_ALG,,TABLE,0,0,0,0,2026-02-03 17:46:03,NO,YES,NO
CISADM,CI_OD_PROC_TMP_L,,TABLE,0,0,0,0,2026-02-03 17:46:03,NO,YES,NO
CISADM,CI_OD_RESP,,TABLE,0,0,0,0,2026-02-03 17:46:03,NO,YES,NO
CISADM,CI_OD_RESP_DEP,,TABLE,0,0,0,0,2026-02-03 17:46:03,NO,YES,NO
CISADM,CI_OD_RULE_ALG,,TABLE,0,0,0,0,2026-02-03 17:46:03,NO,YES,NO
CISADM,CI_OEVT_CAN_RSN,,TABLE,0,0,0,0,2026-02-03 17:46:03,NO,YES,NO
CISADM,CI_OEVT_CAN_RSN_L,,TABLE,0,0,0,0,2026-02-03 17:46:03,NO,YES,NO
CISADM,CI_OP_AREA,,TABLE,0,0,0,0,2026-02-03 17:46:03,NO,YES,NO
CISADM,CI_OP_AREA_L,,TABLE,0,0,0,0,2026-02-03 17:46:03,NO,YES,NO
CISADM,CI_PAY,,TABLE,39685,496,84,39685,2026-02-03 17:46:03,NO,YES,NO
CISADM,CI_PAY_CAN_RSN,,TABLE,13,4,20,13,2026-02-03 17:46:04,NO,YES,NO
CISADM,CI_PAY_CAN_RSN_L,,TABLE,26,8,31,26,2026-02-03 17:46:04,NO,YES,NO
CISADM,CI_PAY_CHAR,,TABLE,421,13,85,421,2026-02-03 17:46:04,NO,YES,NO
CISADM,CI_PAY_EVENT,,TABLE,39684,370,44,39684,2026-02-03 17:46:04,NO,YES,NO
CISADM,CI_PAY_EVENT_K,,TABLE,39684,,18,39684,2026-02-03 17:46:05,NO,YES,NO
CISADM,CI_PAY_EVT_CHAR,,TABLE,0,0,0,0,2026-02-03 17:46:05,NO,YES,NO
CISADM,CI_PAY_EVT_EXCP,,TABLE,0,5,0,0,2026-02-26 05:00:10,NO,YES,NO
CISADM,CI_PAY_EXCP,,TABLE,0,5,0,0,2026-05-20 05:00:16,NO,YES,NO
CISADM,CI_PAY_K,,TABLE,39685,,18,39685,2026-02-03 17:46:05,NO,YES,NO
CISADM,CI_PAY_METH,,TABLE,3,4,19,3,2026-02-03 17:46:05,NO,YES,NO
CISADM,CI_PAY_METH_L,,TABLE,6,8,33,6,2026-02-03 17:46:05,NO,YES,NO
CISADM,CI_PAY_SEG,,TABLE,154389,1756,74,154389,2026-02-19 05:00:19,NO,YES,NO
CISADM,CI_PAY_SEG_K,,TABLE,154365,,18,154365,2026-02-03 17:46:07,NO,YES,NO
CISADM,CI_PAY_SEG_TYPE,,TABLE,2,4,25,2,2026-02-03 17:46:07,NO,YES,NO
CISADM,CI_PAY_SEG_TYPE_L,,TABLE,4,8,32,4,2026-02-03 17:46:07,NO,YES,NO
CISADM,CI_PAY_ST,,TABLE,0,0,0,0,2026-02-03 17:46:07,NO,YES,NO
CISADM,CI_PAY_TMPL,,TABLE,0,0,0,0,2026-02-03 17:46:07,NO,YES,NO
CISADM,CI_PAY_TMPL_L,,TABLE,0,0,0,0,2026-02-03 17:46:07,NO,YES,NO
CISADM,CI_PAY_TNDR,,TABLE,39734,1126,186,39734,2026-02-03 17:46:07,NO,YES,NO
CISADM,CI_PAY_TNDR_CHAR,,TABLE,452,13,91,452,2026-02-03 17:46:08,NO,YES,NO
CISADM,CI_PAY_TNDR_K,,TABLE,39734,,18,39734,2026-02-03 17:46:08,NO,YES,NO
CISADM,CI_PAY_TNDR_ST,,TABLE,1258,106,213,1258,2026-02-03 17:46:08,NO,YES,NO
CISADM,CI_PAY_TNDR_ST_CHAR,,TABLE,1258,77,189,1258,2026-02-03 17:46:09,NO,YES,NO
CISADM,CI_PER,,TABLE,923,28,172,923,2026-02-03 17:46:09,NO,YES,NO
CISADM,CI_PER_ADDR_OVRD,,TABLE,50,5,127,50,2026-02-03 17:46:09,NO,YES,NO
CISADM,CI_PER_ADDR_SEAS,,TABLE,0,0,0,0,2026-02-03 17:46:09,NO,YES,NO
CISADM,CI_PER_CHAR,,TABLE,1866,20,62,1866,2026-02-03 17:46:09,NO,YES,NO
CISADM,CI_PER_ID,,TABLE,1469,13,37,1469,2026-02-03 17:46:09,NO,YES,NO
CISADM,CI_PER_K,,TABLE,922,,16,922,2026-02-03 17:46:09,NO,YES,NO
CISADM,CI_PER_NAME,,TABLE,925,13,56,925,2026-02-03 17:46:09,NO,YES,NO
CISADM,CI_PER_PER,,TABLE,0,0,0,0,2026-02-03 17:46:10,NO,YES,NO
CISADM,CI_PER_PHONE,,TABLE,0,0,0,0,2026-02-03 17:46:10,NO,YES,NO
CISADM,CI_PER_REL_TYPE,,TABLE,0,0,0,0,2026-02-03 17:46:10,NO,YES,NO
CISADM,CI_PER_REL_TYPE_L,,TABLE,0,0,0,0,2026-02-03 17:46:10,NO,YES,NO
CISADM,CI_PEVT_DST_DTL,,TABLE,0,0,0,0,2026-02-03 17:46:10,NO,YES,NO
CISADM,CI_PEVT_DTL_ST,,TABLE,0,0,0,0,2026-02-03 17:46:10,NO,YES,NO
CISADM,CI_PFRELTY_PFTY,,TABLE,0,0,0,0,2026-02-03 17:46:10,NO,YES,NO
CISADM,CI_PHONE_TYPE,,TABLE,4,4,34,4,2026-02-03 17:46:10,NO,YES,NO
CISADM,CI_PHONE_TYPE_L,,TABLE,8,8,33,8,2026-02-03 17:46:10,NO,YES,NO
CISADM,CI_PKG,,TABLE,4,4,30,4,2026-02-03 17:46:10,NO,YES,NO
CISADM,CI_PKG_CRT,,TABLE,4,4,80,4,2026-02-03 17:46:10,NO,YES,NO
CISADM,CI_PKG_CRT_GRP,,TABLE,4,4,30,4,2026-02-03 17:46:10,NO,YES,NO
CISADM,CI_PKG_CRT_GRP_L,,TABLE,8,8,93,8,2026-02-03 17:46:10,NO,YES,NO
CISADM,CI_PKG_FLD_OVRD,,TABLE,0,0,0,0,2026-02-03 17:46:10,NO,YES,NO
CISADM,CI_PKG_FLD_OVRD_L,,TABLE,0,0,0,0,2026-02-03 17:46:10,NO,YES,NO
CISADM,CI_PKG_INSTR,,TABLE,0,0,0,0,2026-02-03 17:46:10,NO,YES,NO
CISADM,CI_PKG_INSTR_L,,TABLE,0,0,0,0,2026-02-03 17:46:10,NO,YES,NO
CISADM,CI_PKG_K,,TABLE,4,,16,4,2026-02-03 17:46:10,NO,YES,NO
CISADM,CI_PKG_L,,TABLE,8,8,51,8,2026-02-03 17:46:10,NO,YES,NO
CISADM,CI_PKG_SA_TYPE,,TABLE,0,0,0,0,2026-02-03 17:46:10,NO,YES,NO
CISADM,CI_PORTAL,,TABLE,1237,32,42,1237,2026-02-04 05:00:45,NO,YES,NO
CISADM,CI_PORTAL_L,,TABLE,2473,31,49,2473,2026-02-18 05:00:25,NO,YES,NO
CISADM,CI_PORTAL_OPT,,TABLE,1925,24,39,1925,2026-02-04 05:00:44,NO,YES,NO
CISADM,CI_PORTAL_ZONE,,TABLE,2708,80,67,2708,2026-02-04 05:00:47,NO,YES,NO
CISADM,CI_POST_DFLT,,TABLE,1,4,86,1,2026-02-03 17:46:10,NO,YES,NO
CISADM,CI_PP,,TABLE,1313,64,140,1313,2026-05-23 05:00:30,NO,YES,NO
CISADM,CI_PP_K,,TABLE,1313,,16,1313,2026-02-03 17:46:11,NO,YES,NO
CISADM,CI_PP_SCHED_PAY,,TABLE,1789,32,43,1789,2026-02-03 17:46:11,NO,YES,NO
CISADM,CI_PP_TYPE,,TABLE,2,4,34,2,2026-02-03 17:46:11,NO,YES,NO
CISADM,CI_PP_TYPE_L,,TABLE,4,8,44,4,2026-02-03 17:46:11,NO,YES,NO
CISADM,CI_PREM,,TABLE,1041,35,220,1041,2026-06-06 05:00:33,NO,YES,NO
CISADM,CI_PREM_BKUP,,TABLE,47305,3214,212,47305,2026-02-03 17:46:11,NO,YES,NO
CISADM,CI_PREM_CHAR,,TABLE,5830,58,62,5830,2026-02-03 17:46:11,NO,YES,NO
CISADM,CI_PREM_CHAR_1116,,TABLE,89820,925,67,89820,2026-02-03 17:46:11,NO,YES,NO
CISADM,CI_PREM_CHAR_BK_1021,,TABLE,47960,984,71,47960,2026-02-03 17:46:11,NO,YES,NO
CISADM,CI_PREM_CHAR_BK_1030,,TABLE,47957,523,71,47957,2026-02-03 17:46:12,NO,YES,NO
CISADM,CI_PREM_CHAR_TMP,,TABLE,37779,297,49,37779,2026-02-03 17:46:12,NO,YES,NO
CISADM,CI_PREM_GEO,,TABLE,1955,13,39,1955,2026-02-18 05:00:06,NO,YES,NO
CISADM,CI_PREM_K,,TABLE,1041,,16,1041,2026-02-03 17:46:12,NO,YES,NO
CISADM,CI_PREM_TYPE,,TABLE,10,4,17,10,2026-02-03 17:46:12,NO,YES,NO
CISADM,CI_PREM_TYPE_L,,TABLE,20,8,31,20,2026-02-03 17:46:12,NO,YES,NO
CISADM,CI_PRM_ALT_ADDR,,TABLE,0,0,0,0,2026-02-03 17:46:12,NO,YES,NO
CISADM,CI_PRM_ALT_ADDR_K,,TABLE,0,,0,0,2026-02-03 17:46:12,NO,YES,NO
CISADM,CI_PROP_DCL_RSN,,TABLE,0,0,0,0,2026-02-03 17:46:12,NO,YES,NO
CISADM,CI_PROP_DCL_RSN_L,,TABLE,0,0,0,0,2026-02-03 17:46:12,NO,YES,NO
CISADM,CI_PROTOCOL,,TABLE,0,0,0,0,2026-02-03 17:46:12,NO,YES,NO
CISADM,CI_PROTOCOL_L,,TABLE,0,0,0,0,2026-02-03 17:46:12,NO,YES,NO
CISADM,CI_QTE_RTE_TYPE,,TABLE,0,0,0,0,2026-02-03 17:46:12,NO,YES,NO
CISADM,CI_QTE_RTE_TYPE_L,,TABLE,0,0,0,0,2026-02-03 17:46:12,NO,YES,NO
CISADM,CI_QUOTE,,TABLE,0,0,0,0,2026-02-03 17:46:12,NO,YES,NO
CISADM,CI_QUOTE_DTL,,TABLE,0,0,0,0,2026-02-03 17:46:12,NO,YES,NO
CISADM,CI_QUOTE_DTL_K,,TABLE,0,,0,0,2026-02-03 17:46:12,NO,YES,NO
CISADM,CI_QUOTE_K,,TABLE,0,,0,0,2026-02-03 17:46:12,NO,YES,NO
CISADM,CI_QUOTE_RTG,,TABLE,0,0,0,0,2026-02-03 17:46:12,NO,YES,NO
CISADM,CI_RC,,TABLE,0,0,0,0,2026-02-03 17:46:12,NO,YES,NO
CISADM,CI_RC_CHAR,,TABLE,0,0,0,0,2026-02-03 17:46:12,NO,YES,NO
CISADM,CI_RC_CRT,,TABLE,0,0,0,0,2026-02-03 17:46:12,NO,YES,NO
CISADM,CI_RC_CRT_GRP,,TABLE,0,0,0,0,2026-02-03 17:46:12,NO,YES,NO
CISADM,CI_RC_CRT_GRP_L,,TABLE,0,0,0,0,2026-02-03 17:46:12,NO,YES,NO
CISADM,CI_RC_GL_DST,,TABLE,0,0,0,0,2026-02-03 17:46:12,NO,YES,NO
CISADM,CI_RC_L,,TABLE,0,0,0,0,2026-02-03 17:46:12,NO,YES,NO
CISADM,CI_RC_XREF,,TABLE,0,0,0,0,2026-02-03 17:46:12,NO,YES,NO
CISADM,CI_RDR_TMPL,,TABLE,0,0,0,0,2026-02-03 17:46:12,NO,YES,NO
CISADM,CI_READER_REM,,TABLE,0,0,0,0,2026-02-03 17:46:12,NO,YES,NO
CISADM,CI_READER_REM_L,,TABLE,0,0,0,0,2026-02-03 17:46:12,NO,YES,NO
CISADM,CI_READ_OUT_TYP,,TABLE,0,0,0,0,2026-02-03 17:46:12,NO,YES,NO
CISADM,CI_READ_OUT_TYP_L,,TABLE,0,0,0,0,2026-02-03 17:46:12,NO,YES,NO
CISADM,CI_REBATE_CLAIM,,TABLE,0,0,0,0,2026-02-03 17:46:12,NO,YES,NO
CISADM,CI_REBATE_CLAIM_CHAR,,TABLE,0,0,0,0,2026-02-03 17:46:12,NO,YES,NO
CISADM,CI_REBATE_CLAIM_K,,TABLE,0,,0,0,2026-02-03 17:46:12,NO,YES,NO
CISADM,CI_REBATE_CLAIM_LOG,,TABLE,0,0,0,0,2026-02-03 17:46:12,NO,YES,NO
CISADM,CI_REBATE_CLAIM_LOG_PARM,,TABLE,0,0,0,0,2026-02-03 17:46:12,NO,YES,NO
CISADM,CI_REBATE_DEFN,,TABLE,0,0,0,0,2026-02-03 17:46:12,NO,YES,NO
CISADM,CI_REBATE_DEFN_L,,TABLE,0,0,0,0,2026-02-03 17:46:12,NO,YES,NO
CISADM,CI_REBATE_LINE,,TABLE,0,0,0,0,2026-02-03 17:46:12,NO,YES,NO
CISADM,CI_REBATE_LINE_CHAR,,TABLE,0,0,0,0,2026-02-03 17:46:12,NO,YES,NO
CISADM,CI_REG,,TABLE,0,0,0,0,2026-02-03 17:46:12,NO,YES,NO
CISADM,CI_REG_CHAR,,TABLE,0,0,0,0,2026-02-03 17:46:12,NO,YES,NO
CISADM,CI_REG_DATA,,TABLE,0,0,0,0,2026-02-03 17:46:12,NO,YES,NO
CISADM,CI_REG_DATA_SET,,TABLE,0,0,0,0,2026-02-03 17:46:12,NO,YES,NO
CISADM,CI_REG_DATA_SET_K,,TABLE,0,,0,0,2026-02-03 17:46:13,NO,YES,NO
CISADM,CI_REG_DS_EXC,,TABLE,0,0,0,0,2026-02-03 17:46:13,NO,YES,NO
CISADM,CI_REG_DS_EXP,,TABLE,0,0,0,0,2026-02-03 17:46:13,NO,YES,NO
CISADM,CI_REG_K,,TABLE,0,,0,0,2026-02-03 17:46:13,NO,YES,NO
CISADM,CI_REG_READ,,TABLE,0,0,0,0,2026-02-03 17:46:13,NO,YES,NO
CISADM,CI_REG_READ_K,,TABLE,0,,0,0,2026-02-03 17:46:13,NO,YES,NO
CISADM,CI_REG_RULE,,TABLE,0,0,0,0,2026-02-03 17:46:13,NO,YES,NO
CISADM,CI_REG_RULE_L,,TABLE,0,0,0,0,2026-02-03 17:46:13,NO,YES,NO
CISADM,CI_REP,,TABLE,1,4,12,1,2026-02-03 17:46:13,NO,YES,NO
CISADM,CI_REPL_ACCT,,TABLE,0,0,0,0,2026-02-03 17:46:13,NO,YES,NO
CISADM,CI_REPL_CNTL,,TABLE,0,0,0,0,2026-02-03 17:46:13,NO,YES,NO
CISADM,CI_REP_L,,TABLE,2,8,38,2,2026-02-03 17:46:13,NO,YES,NO
CISADM,CI_RETIRE_RSN,,TABLE,0,0,0,0,2026-02-03 17:46:13,NO,YES,NO
CISADM,CI_RETIRE_RSN_L,,TABLE,0,0,0,0,2026-02-03 17:46:13,NO,YES,NO
CISADM,CI_REV_CL,,TABLE,5,4,12,5,2026-02-03 17:46:13,NO,YES,NO
CISADM,CI_REV_CL_L,,TABLE,10,8,31,10,2026-02-03 17:46:13,NO,YES,NO
CISADM,CI_ROLE,,TABLE,44,8,14,44,2026-05-14 05:00:16,NO,YES,NO
CISADM,CI_ROLE_L,,TABLE,88,8,45,88,2026-02-03 17:46:13,NO,YES,NO
CISADM,CI_ROLE_USER,,TABLE,802,16,23,802,2026-02-03 17:46:13,NO,YES,NO
CISADM,CI_ROOT_DIFF,,TABLE,0,0,0,0,2026-02-03 17:46:13,NO,YES,NO
CISADM,CI_ROOT_INSTR,,TABLE,0,0,0,0,2026-02-03 17:46:13,NO,YES,NO
CISADM,CI_ROOT_INSTR_K,,TABLE,0,,0,0,2026-02-03 17:46:13,NO,YES,NO
CISADM,CI_ROOT_OBJ,,TABLE,0,0,0,0,2026-02-03 17:46:13,NO,YES,NO
CISADM,CI_ROOT_OBJ_EXC,,TABLE,0,0,0,0,2026-02-03 17:46:13,NO,YES,NO
CISADM,CI_ROOT_OBJ_EXP,,TABLE,0,0,0,0,2026-02-03 17:46:13,NO,YES,NO
CISADM,CI_ROOT_OBJ_K,,TABLE,0,,0,0,2026-02-03 17:46:13,NO,YES,NO
CISADM,CI_ROOT_OBJ_PK,,TABLE,0,0,0,0,2026-02-03 17:46:13,NO,YES,NO
CISADM,CI_RPT_OPTION,,TABLE,0,0,0,0,2026-02-03 17:46:13,NO,YES,NO
CISADM,CI_RR_STAGE_UP,,TABLE,0,0,0,0,2026-02-03 17:46:13,NO,YES,NO
CISADM,CI_RS,,TABLE,125,8,46,125,2026-02-03 17:46:13,NO,YES,NO
CISADM,CI_RS_BMSG,,TABLE,0,0,0,0,2026-02-03 17:46:13,NO,YES,NO
CISADM,CI_RS_L,,TABLE,250,8,57,250,2026-02-03 17:46:13,NO,YES,NO
CISADM,CI_RS_MTR_CFGTY,,TABLE,0,0,0,0,2026-02-03 17:46:13,NO,YES,NO
CISADM,CI_RS_REG_RULE,,TABLE,0,0,0,0,2026-02-03 17:46:13,NO,YES,NO
CISADM,CI_RS_SQ_RULE,,TABLE,0,0,0,0,2026-02-03 17:46:13,NO,YES,NO
CISADM,CI_RS_SUB_RS,,TABLE,0,0,0,0,2026-02-03 17:46:13,NO,YES,NO
CISADM,CI_RV,,TABLE,0,0,0,0,2026-02-03 17:46:13,NO,YES,NO
CISADM,CI_RV_L,,TABLE,0,0,0,0,2026-02-03 17:46:13,NO,YES,NO
CISADM,CI_SA,,TABLE,6643,244,218,6643,2026-06-06 05:00:35,NO,YES,NO
CISADM,CI_SATY_ALG,,TABLE,321,16,39,321,2026-02-03 17:46:14,NO,YES,NO
CISADM,CI_SATY_COPTY,,TABLE,0,0,0,0,2026-02-03 17:46:14,NO,YES,NO
CISADM,CI_SATY_SARELTY,,TABLE,0,0,0,0,2026-02-03 17:46:14,NO,YES,NO
CISADM,CI_SATY_TMAPRTY,,TABLE,0,0,0,0,2026-02-03 17:46:14,NO,YES,NO
CISADM,CI_SAT_ADJ_PROF,,TABLE,260,8,27,260,2026-02-03 17:46:14,NO,YES,NO
CISADM,CI_SAT_NB_RULE,,TABLE,0,0,0,0,2026-02-03 17:46:14,NO,YES,NO
CISADM,CI_SAT_PFRELTY,,TABLE,0,0,0,0,2026-02-03 17:46:14,NO,YES,NO
CISADM,CI_SA_BK_1102,,TABLE,194469,15123,245,194469,2026-02-03 17:46:14,NO,YES,NO
CISADM,CI_SA_CHAR,,TABLE,55,5,72,55,2026-02-03 17:46:14,NO,YES,NO
CISADM,CI_SA_CHAR_TMP,,TABLE,0,0,0,0,2026-02-03 17:46:14,NO,YES,NO
CISADM,CI_SA_CONTERM,,TABLE,0,0,0,0,2026-02-03 17:46:14,NO,YES,NO
CISADM,CI_SA_CONT_QTY,,TABLE,5,5,34,5,2026-02-03 17:46:14,NO,YES,NO
CISADM,CI_SA_COP,,TABLE,0,0,0,0,2026-02-03 17:46:14,NO,YES,NO
CISADM,CI_SA_COP_K,,TABLE,0,,0,0,2026-02-03 17:46:14,NO,YES,NO
CISADM,CI_SA_COP_OVRD,,TABLE,0,0,0,0,2026-02-03 17:46:14,NO,YES,NO
CISADM,CI_SA_INTV_PF,,TABLE,0,0,0,0,2026-02-03 17:46:14,NO,YES,NO
CISADM,CI_SA_K,,TABLE,6625,,16,6625,2026-02-03 17:46:14,NO,YES,NO
CISADM,CI_SA_MSG,,TABLE,0,0,0,0,2026-02-03 17:46:15,NO,YES,NO
CISADM,CI_SA_NB_PARM,,TABLE,0,0,0,0,2026-02-03 17:46:15,NO,YES,NO
CISADM,CI_SA_RCHG_HIST,,TABLE,405,5,29,405,2026-02-03 17:46:15,NO,YES,NO
CISADM,CI_SA_REL,,TABLE,0,0,0,0,2026-02-03 17:46:15,NO,YES,NO
CISADM,CI_SA_REL_K,,TABLE,0,,0,0,2026-02-03 17:46:15,NO,YES,NO
CISADM,CI_SA_REL_TYPE,,TABLE,0,0,0,0,2026-02-03 17:46:15,NO,YES,NO
CISADM,CI_SA_REL_TYPE_L,,TABLE,0,0,0,0,2026-02-03 17:46:15,NO,YES,NO
CISADM,CI_SA_RS_HIST,,TABLE,4345,28,31,4345,2026-02-03 17:46:15,NO,YES,NO
CISADM,CI_SA_SP,,TABLE,4269,50,78,4269,2026-02-03 17:46:15,NO,YES,NO
CISADM,CI_SA_SP_CHAR,,TABLE,0,0,0,0,2026-02-03 17:46:15,NO,YES,NO
CISADM,CI_SA_SP_FA,,TABLE,1777,20,50,1777,2026-02-03 17:46:15,NO,YES,NO
CISADM,CI_SA_SP_K,,TABLE,4269,,16,4269,2026-02-03 17:46:15,NO,YES,NO
CISADM,CI_SA_SP_TYPE,,TABLE,97,8,27,97,2026-02-03 17:46:16,NO,YES,NO
CISADM,CI_SA_TC,,TABLE,0,0,0,0,2026-02-03 17:46:16,NO,YES,NO
CISADM,CI_SA_TOU_MAP,,TABLE,0,0,0,0,2026-02-03 17:46:16,NO,YES,NO
CISADM,CI_SA_TYPE,,TABLE,105,16,293,105,2026-02-04 05:00:42,NO,YES,NO
CISADM,CI_SA_TYPE_BC,,TABLE,5,5,29,5,2026-02-03 17:46:16,NO,YES,NO
CISADM,CI_SA_TYPE_CHAR,,TABLE,166,8,59,166,2026-02-03 17:46:16,NO,YES,NO
CISADM,CI_SA_TYPE_L,,TABLE,210,8,88,210,2026-02-03 17:46:16,NO,YES,NO
CISADM,CI_SA_TYPE_RS,,TABLE,145,8,29,145,2026-02-03 17:46:16,NO,YES,NO
CISADM,CI_SCM,,TABLE,0,0,0,0,2026-02-03 17:46:16,NO,YES,NO
CISADM,CI_SCMTY_SATY,,TABLE,0,0,0,0,2026-02-03 17:46:16,NO,YES,NO
CISADM,CI_SCMTY_SUBCAT,,TABLE,0,0,0,0,2026-02-03 17:46:16,NO,YES,NO
CISADM,CI_SCMTY_SUBCAT_L,,TABLE,0,0,0,0,2026-02-03 17:46:16,NO,YES,NO
CISADM,CI_SCM_ACCT,,TABLE,0,0,0,0,2026-02-03 17:46:16,NO,YES,NO
CISADM,CI_SCM_CHAR,,TABLE,0,0,0,0,2026-02-03 17:46:16,NO,YES,NO
CISADM,CI_SCM_K,,TABLE,0,,0,0,2026-02-03 17:46:16,NO,YES,NO
CISADM,CI_SCM_NCTV_RSN,,TABLE,0,0,0,0,2026-02-03 17:46:16,NO,YES,NO
CISADM,CI_SCM_NCTV_RSN_L,,TABLE,0,0,0,0,2026-02-03 17:46:16,NO,YES,NO
CISADM,CI_SCM_TYPE,,TABLE,0,0,0,0,2026-02-03 17:46:16,NO,YES,NO
CISADM,CI_SCM_TYPE_ALG,,TABLE,0,0,0,0,2026-02-03 17:46:16,NO,YES,NO
CISADM,CI_SCM_TYPE_L,,TABLE,0,0,0,0,2026-02-03 17:46:16,NO,YES,NO
CISADM,CI_SCR,,TABLE,11899,512,98,11899,2026-02-04 05:00:58,NO,YES,NO
CISADM,CI_SCR_CRT,,TABLE,0,0,0,0,2026-02-03 17:46:16,NO,YES,NO
CISADM,CI_SCR_CRT_GRP,,TABLE,0,0,0,0,2026-02-03 17:46:16,NO,YES,NO
CISADM,CI_SCR_CRT_GRP_L,,TABLE,0,0,0,0,2026-02-03 17:46:16,NO,YES,NO
CISADM,CI_SCR_DA,,TABLE,45894,1280,76,45894,2026-02-04 05:01:00,NO,YES,NO
CISADM,CI_SCR_FLD_MAP,,TABLE,0,0,0,0,2026-02-03 17:46:17,NO,YES,NO
CISADM,CI_SCR_L,,TABLE,23777,382,94,23777,2026-02-03 17:46:17,NO,YES,NO
CISADM,CI_SCR_PRMPT,,TABLE,543,16,35,543,2026-02-04 05:00:43,NO,YES,NO
CISADM,CI_SCR_PRMPT_L,,TABLE,1086,16,37,1086,2026-02-03 17:46:17,NO,YES,NO
CISADM,CI_SCR_STEP,,TABLE,39116,6774,1076,39116,2026-02-04 05:01:04,NO,YES,NO
CISADM,CI_SCR_STEP_L,,TABLE,78111,1270,72,78111,2026-02-03 17:46:17,NO,YES,NO
CISADM,CI_SC_AUTH_LVL,,TABLE,6,4,20,6,2026-02-03 17:46:18,NO,YES,NO
CISADM,CI_SC_AUTH_LVL_L,,TABLE,12,8,45,12,2026-02-03 17:46:18,NO,YES,NO
CISADM,CI_SC_EVT,,TABLE,0,0,0,0,2026-02-03 17:46:18,NO,YES,NO
CISADM,CI_SC_EVTTY_ALG,,TABLE,0,0,0,0,2026-02-03 17:46:18,NO,YES,NO
CISADM,CI_SC_EVT_FT,,TABLE,0,0,0,0,2026-02-03 17:46:18,NO,YES,NO
CISADM,CI_SC_EVT_FT_K,,TABLE,0,,0,0,2026-02-03 17:46:18,NO,YES,NO
CISADM,CI_SC_EVT_K,,TABLE,0,,0,0,2026-02-03 17:46:18,NO,YES,NO
CISADM,CI_SC_EVT_TYPE,,TABLE,0,0,0,0,2026-02-03 17:46:18,NO,YES,NO
CISADM,CI_SC_EVT_TYPE_L,,TABLE,0,0,0,0,2026-02-03 17:46:18,NO,YES,NO
CISADM,CI_SC_TYPE,,TABLE,3,4,14,3,2026-02-03 17:46:18,NO,YES,NO
CISADM,CI_SC_TYPE_L,,TABLE,6,8,48,6,2026-02-03 17:46:18,NO,YES,NO
CISADM,CI_SEAS_SHIFT,,TABLE,0,0,0,0,2026-02-03 17:46:18,NO,YES,NO
CISADM,CI_SEAS_TM_SHIFT,,TABLE,0,0,0,0,2026-02-03 17:46:18,NO,YES,NO
CISADM,CI_SEAS_TM_SHIFT_L,,TABLE,0,0,0,0,2026-02-03 17:46:18,NO,YES,NO
CISADM,CI_SEQ,,TABLE,5,8,32,5,2026-04-21 05:00:16,NO,YES,NO
CISADM,CI_SEV_CRIT,,TABLE,195,8,47,195,2026-02-03 17:46:18,NO,YES,NO
CISADM,CI_SEV_EVT,,TABLE,11592,180,52,11592,2026-02-03 17:46:18,NO,YES,NO
CISADM,CI_SEV_EVT_1031,,TABLE,159,6,49,159,2026-02-03 17:46:18,NO,YES,NO
CISADM,CI_SEV_EVT_CC,,TABLE,1826,24,28,1826,2026-02-03 17:46:18,NO,YES,NO
CISADM,CI_SEV_EVT_CC_1031,,TABLE,38,4,28,38,2026-02-03 17:46:18,NO,YES,NO
CISADM,CI_SEV_EVT_DEP,,TABLE,4659,35,23,4659,2026-02-03 17:46:18,NO,YES,NO
CISADM,CI_SEV_EVT_DEP_1031,,TABLE,112,4,23,112,2026-02-03 17:46:18,NO,YES,NO
CISADM,CI_SEV_EVT_FA,,TABLE,526,9,28,526,2026-02-03 17:46:18,NO,YES,NO
CISADM,CI_SEV_EVT_FA_1031,,TABLE,43,4,28,43,2026-02-03 17:46:19,NO,YES,NO
CISADM,CI_SEV_EVT_TYPE,,TABLE,12,4,61,12,2026-02-03 17:46:19,NO,YES,NO
CISADM,CI_SEV_EVT_TYPE_L,,TABLE,24,8,71,24,2026-02-03 17:46:19,NO,YES,NO
CISADM,CI_SEV_PROC,,TABLE,2267,74,94,2267,2026-02-03 17:46:19,NO,YES,NO
CISADM,CI_SEV_PROC_1031,,TABLE,45,5,92,45,2026-02-03 17:46:19,NO,YES,NO
CISADM,CI_SEV_PROC_K,,TABLE,2267,,16,2267,2026-02-03 17:46:19,NO,YES,NO
CISADM,CI_SEV_PROC_K_1031,,TABLE,45,4,16,45,2026-02-03 17:46:19,NO,YES,NO
CISADM,CI_SEV_PROC_TMP,,TABLE,6,4,44,6,2026-02-03 17:46:19,NO,YES,NO
CISADM,CI_SEV_PROC_TMP_L,,TABLE,12,8,48,12,2026-02-03 17:46:19,NO,YES,NO
CISADM,CI_SEV_RESP,,TABLE,12,4,36,12,2026-02-03 17:46:19,NO,YES,NO
CISADM,CI_SEV_RESP_DEP,,TABLE,3,4,25,3,2026-02-03 17:46:19,NO,YES,NO
CISADM,CI_SIC,,TABLE,0,0,0,0,2026-02-03 17:46:19,NO,YES,NO
CISADM,CI_SIC_L,,TABLE,0,0,0,0,2026-02-03 17:46:19,NO,YES,NO
CISADM,CI_SP,,TABLE,3305,110,159,3305,2026-02-03 17:46:19,NO,YES,NO
CISADM,CI_SPR,,TABLE,0,0,0,0,2026-02-03 17:46:19,NO,YES,NO
CISADM,CI_SPR_BMSG,,TABLE,0,0,0,0,2026-02-03 17:46:19,NO,YES,NO
CISADM,CI_SPR_CHAR,,TABLE,0,0,0,0,2026-02-03 17:46:19,NO,YES,NO
CISADM,CI_SPR_L,,TABLE,0,0,0,0,2026-02-03 17:46:19,NO,YES,NO
CISADM,CI_SPR_POST,,TABLE,0,0,0,0,2026-02-03 17:46:19,NO,YES,NO
CISADM,CI_SPR_SARELTY,,TABLE,0,0,0,0,2026-02-03 17:46:19,NO,YES,NO
CISADM,CI_SPR_VALID,,TABLE,0,0,0,0,2026-02-03 17:46:19,NO,YES,NO
CISADM,CI_SPTY_ITEMTY,,TABLE,0,0,0,0,2026-02-03 17:46:19,NO,YES,NO
CISADM,CI_SPTY_MTRTY,,TABLE,0,0,0,0,2026-02-03 17:46:19,NO,YES,NO
CISADM,CI_SP_CHAR,,TABLE,3771,43,63,3771,2026-02-03 17:46:19,NO,YES,NO
CISADM,CI_SP_EQ,,TABLE,0,0,0,0,2026-02-03 17:46:19,NO,YES,NO
CISADM,CI_SP_GEO,,TABLE,3,5,35,3,2026-02-03 17:46:19,NO,YES,NO
CISADM,CI_SP_ITEM_EVT,,TABLE,0,0,0,0,2026-02-03 17:46:20,NO,YES,NO
CISADM,CI_SP_ITEM_HIST,,TABLE,0,0,0,0,2026-02-03 17:46:20,NO,YES,NO
CISADM,CI_SP_ITEM_HIST_K,,TABLE,0,,0,0,2026-02-03 17:46:20,NO,YES,NO
CISADM,CI_SP_K,,TABLE,3305,,16,3305,2026-02-03 17:46:20,NO,YES,NO
CISADM,CI_SP_MTR_EVT,,TABLE,0,0,0,0,2026-02-03 17:46:20,NO,YES,NO
CISADM,CI_SP_MTR_HIST,,TABLE,0,0,0,0,2026-02-03 17:46:20,NO,YES,NO
CISADM,CI_SP_MTR_HIST_K,,TABLE,0,,0,0,2026-02-03 17:46:20,NO,YES,NO
CISADM,CI_SP_MULT_ITEM,,TABLE,0,0,0,0,2026-02-03 17:46:20,NO,YES,NO
CISADM,CI_SP_OP_AREA,,TABLE,0,0,0,0,2026-02-03 17:46:20,NO,YES,NO
CISADM,CI_SP_RTE,,TABLE,0,0,0,0,2026-02-03 17:46:20,NO,YES,NO
CISADM,CI_SP_RTE_CFG,,TABLE,0,0,0,0,2026-02-03 17:46:20,NO,YES,NO
CISADM,CI_SP_TYPE,,TABLE,23,8,54,23,2026-02-03 17:46:20,NO,YES,NO
CISADM,CI_SP_TYPE_CHAR,,TABLE,0,0,0,0,2026-02-03 17:46:20,NO,YES,NO
CISADM,CI_SP_TYPE_EQ,,TABLE,0,0,0,0,2026-02-03 17:46:20,NO,YES,NO
CISADM,CI_SP_TYPE_L,,TABLE,46,8,35,46,2026-02-03 17:46:20,NO,YES,NO
CISADM,CI_SQI,,TABLE,42,4,15,42,2026-02-03 17:46:20,NO,YES,NO
CISADM,CI_SQI_L,,TABLE,84,8,33,84,2026-02-03 17:46:20,NO,YES,NO
CISADM,CI_SQ_RULE,,TABLE,0,0,0,0,2026-02-03 17:46:20,NO,YES,NO
CISADM,CI_SQ_RULE_L,,TABLE,0,0,0,0,2026-02-03 17:46:20,NO,YES,NO
CISADM,CI_SS_ADDR_OVRD,,TABLE,7,5,105,7,2026-04-17 05:00:17,NO,YES,NO
CISADM,CI_SS_OPT,,TABLE,0,0,0,0,2026-02-03 17:46:20,NO,YES,NO
CISADM,CI_SS_OPT_COP,,TABLE,0,0,0,0,2026-02-03 17:46:20,NO,YES,NO
CISADM,CI_SS_OPT_IP,,TABLE,0,0,0,0,2026-02-03 17:46:20,NO,YES,NO
CISADM,CI_SS_OPT_L,,TABLE,0,0,0,0,2026-02-03 17:46:20,NO,YES,NO
CISADM,CI_SS_OPT_TC,,TABLE,0,0,0,0,2026-02-03 17:46:20,NO,YES,NO
CISADM,CI_SS_OPT_TMAP,,TABLE,0,0,0,0,2026-02-03 17:46:20,NO,YES,NO
CISADM,CI_SS_PHONE_OVRD,,TABLE,0,0,0,0,2026-02-03 17:46:20,NO,YES,NO
CISADM,CI_STATE,,TABLE,74,8,14,74,2026-02-03 17:46:20,NO,YES,NO
CISADM,CI_STATE_L,,TABLE,148,8,28,148,2026-02-03 17:46:20,NO,YES,NO
CISADM,CI_STK_LOC,,TABLE,0,0,0,0,2026-02-03 17:46:20,NO,YES,NO
CISADM,CI_STK_LOC_CHAR,,TABLE,0,0,0,0,2026-02-03 17:46:20,NO,YES,NO
CISADM,CI_STK_LOC_L,,TABLE,0,0,0,0,2026-02-03 17:46:20,NO,YES,NO
CISADM,CI_STM,,TABLE,1,5,60,1,2026-02-03 17:46:20,NO,YES,NO
CISADM,CI_STM_CNST,,TABLE,2,5,101,2,2026-02-03 17:46:20,NO,YES,NO
CISADM,CI_STM_CNST_DTL,,TABLE,6,5,80,6,2026-02-03 17:46:20,NO,YES,NO
CISADM,CI_STM_CNST_DTL_K,,TABLE,6,,16,6,2026-02-03 17:46:20,NO,YES,NO
CISADM,CI_STM_CNST_K,,TABLE,2,,16,2,2026-02-03 17:46:20,NO,YES,NO
CISADM,CI_STM_CYC,,TABLE,1,4,8,1,2026-02-03 17:46:20,NO,YES,NO
CISADM,CI_STM_CYC_L,,TABLE,2,8,22,2,2026-02-03 17:46:20,NO,YES,NO
CISADM,CI_STM_CYC_SCH,,TABLE,12,4,19,12,2026-02-03 17:46:20,NO,YES,NO
CISADM,CI_STM_DTL,,TABLE,77,5,64,77,2026-02-03 17:46:20,NO,YES,NO
CISADM,CI_STM_DTL_K,,TABLE,77,,18,77,2026-02-03 17:46:20,NO,YES,NO
CISADM,CI_STM_K,,TABLE,1,,18,1,2026-02-03 17:46:20,NO,YES,NO
CISADM,CI_STM_RTE_TY,,TABLE,1,4,37,1,2026-02-03 17:46:21,NO,YES,NO
CISADM,CI_STM_RTE_TY_L,,TABLE,2,8,31,2,2026-02-03 17:46:21,NO,YES,NO
CISADM,CI_SVC_RTE_STG_DWN,,TABLE,0,0,0,0,2026-02-03 17:46:21,NO,YES,NO
CISADM,CI_SVC_RTE_STG_DWN_K,,TABLE,0,,0,0,2026-02-03 17:46:21,NO,YES,NO
CISADM,CI_SVC_TYPE,,TABLE,8,8,6,8,2026-02-03 17:46:21,NO,YES,NO
CISADM,CI_SVC_TYPE_L,,TABLE,16,8,20,16,2026-02-03 17:46:21,NO,YES,NO
CISADM,CI_SVC_TYP_DFLT,,TABLE,0,0,0,0,2026-02-03 17:46:21,NO,YES,NO
CISADM,CI_SYSDATA_LOG,,TABLE,0,0,0,0,2026-02-03 17:46:21,NO,YES,NO
CISADM,CI_TAX_EX_TYPE,,TABLE,4,4,12,4,2026-02-03 17:46:21,NO,YES,NO
CISADM,CI_TAX_EX_TYPE_L,,TABLE,8,8,37,8,2026-02-03 17:46:21,NO,YES,NO
CISADM,CI_TC,,TABLE,0,0,0,0,2026-02-03 17:46:21,NO,YES,NO
CISADM,CI_TC_L,,TABLE,0,0,0,0,2026-02-03 17:46:21,NO,YES,NO
CISADM,CI_TD_DRLKEY,,TABLE,308693,2560,34,308693,2026-02-03 17:46:21,NO,YES,NO
CISADM,CI_TD_DRLKEY_1031,,TABLE,188,5,36,188,2026-02-03 17:46:21,NO,YES,NO
CISADM,CI_TD_DRLKEY_TY,,TABLE,358,16,82,358,2026-02-04 05:00:43,NO,YES,NO
CISADM,CI_TD_ENTRY,,TABLE,308597,12288,128,308597,2026-02-03 17:46:22,NO,YES,NO
CISADM,CI_TD_ENTRY_1031,,TABLE,188,10,124,188,2026-02-03 17:46:24,NO,YES,NO
CISADM,CI_TD_ENTRY_CHA,,TABLE,721810,16380,81,721810,2026-02-03 17:46:24,NO,YES,NO
CISADM,CI_TD_ENTRY_CHA_1031,,TABLE,900,24,83,900,2026-02-03 17:46:25,NO,YES,NO
CISADM,CI_TD_ENTRY_K,,TABLE,308597,,20,308597,2026-02-03 17:46:25,NO,YES,NO
CISADM,CI_TD_ENTRY_K_1031,,TABLE,188,5,20,188,2026-02-03 17:46:25,NO,YES,NO
CISADM,CI_TD_EX_LIST,,TABLE,27,4,48,27,2026-02-03 17:46:25,NO,YES,NO
CISADM,CI_TD_LOG,,TABLE,821943,16384,72,821943,2026-02-03 17:46:25,NO,YES,NO
CISADM,CI_TD_LOG_1031,,TABLE,295,9,55,295,2026-02-03 17:46:27,NO,YES,NO
CISADM,CI_TD_MSG_PARM,,TABLE,447314,4734,38,447314,2026-02-03 17:46:27,NO,YES,NO
CISADM,CI_TD_MSG_PARM_1031,,TABLE,360,7,37,360,2026-02-03 17:46:27,NO,YES,NO
CISADM,CI_TD_SRTKEY,,TABLE,985900,8064,39,985900,2026-02-03 17:46:27,NO,YES,NO
CISADM,CI_TD_SRTKEY_1031,,TABLE,553,8,43,553,2026-02-03 17:46:28,NO,YES,NO
CISADM,CI_TD_SRTKEY_TY,,TABLE,800,16,25,800,2026-02-04 05:00:42,NO,YES,NO
CISADM,CI_TD_SRTKEY_TY_L,,TABLE,1600,16,45,1600,2026-02-03 17:46:28,NO,YES,NO
CISADM,CI_TD_TYPE,,TABLE,335,16,84,335,2026-02-04 05:00:42,NO,YES,NO
CISADM,CI_TD_TYPE_ALG,,TABLE,16,8,33,16,2026-02-03 17:46:29,NO,YES,NO
CISADM,CI_TD_TYPE_CHAR,,TABLE,5,4,69,5,2026-02-03 17:46:29,NO,YES,NO
CISADM,CI_TD_TYPE_L,,TABLE,670,47,354,670,2026-02-03 17:46:29,NO,YES,NO
CISADM,CI_TD_VAL_ROLE,,TABLE,440,16,25,440,2026-02-03 17:46:29,NO,YES,NO
CISADM,CI_TENDER_TYPE,,TABLE,16,4,57,16,2026-02-04 05:00:38,NO,YES,NO
CISADM,CI_TENDER_TYPE_L,,TABLE,32,8,33,32,2026-02-03 17:46:29,NO,YES,NO
CISADM,CI_THRD_PTY,,TABLE,0,0,0,0,2026-02-03 17:46:29,NO,YES,NO
CISADM,CI_THRD_PTY_L,,TABLE,0,0,0,0,2026-02-03 17:46:29,NO,YES,NO
CISADM,CI_TIME_ZONE,,TABLE,8,4,38,8,2026-02-03 17:46:29,NO,YES,NO
CISADM,CI_TIME_ZONE_L,,TABLE,16,8,46,16,2026-02-03 17:46:29,NO,YES,NO
CISADM,CI_TMAP_COM_CAL,,TABLE,0,0,0,0,2026-02-03 17:46:29,NO,YES,NO
CISADM,CI_TMAP_COM_DAY,,TABLE,0,0,0,0,2026-02-03 17:46:29,NO,YES,NO
CISADM,CI_TMAP_COM_WK,,TABLE,0,0,0,0,2026-02-03 17:46:29,NO,YES,NO
CISADM,CI_TMAP_REL,,TABLE,0,0,0,0,2026-02-03 17:46:29,NO,YES,NO
CISADM,CI_TMAP_RELTY,,TABLE,0,0,0,0,2026-02-03 17:46:29,NO,YES,NO
CISADM,CI_TMAP_RELTY_L,,TABLE,0,0,0,0,2026-02-03 17:46:29,NO,YES,NO
CISADM,CI_TMAP_TMPL,,TABLE,0,0,0,0,2026-02-03 17:46:29,NO,YES,NO
CISADM,CI_TMAP_TMPL_L,,TABLE,0,0,0,0,2026-02-03 17:46:29,NO,YES,NO
CISADM,CI_TMAP_TYPE,,TABLE,0,0,0,0,2026-02-03 17:46:29,NO,YES,NO
CISADM,CI_TMAP_TYPE_L,,TABLE,0,0,0,0,2026-02-03 17:46:29,NO,YES,NO
CISADM,CI_TMAP_TYP_ALG,,TABLE,0,0,0,0,2026-02-03 17:46:29,NO,YES,NO
CISADM,CI_TNDR_CTL,,TABLE,1326,55,103,1326,2026-02-03 17:46:29,NO,YES,NO
CISADM,CI_TNDR_CTL_CHAR,,TABLE,0,0,0,0,2026-02-03 17:46:29,NO,YES,NO
CISADM,CI_TNDR_CTL_K,,TABLE,1326,,16,1326,2026-02-03 17:46:29,NO,YES,NO
CISADM,CI_TNDR_CTL_ST,,TABLE,37,5,100,37,2026-02-03 17:46:29,NO,YES,NO
CISADM,CI_TNDR_DEP,,TABLE,141,16,76,141,2026-02-03 17:46:29,NO,YES,NO
CISADM,CI_TNDR_DEP_K,,TABLE,141,,16,141,2026-02-03 17:46:30,NO,YES,NO
CISADM,CI_TNDR_END_BAL,,TABLE,1896,24,24,1896,2026-02-03 17:46:30,NO,YES,NO
CISADM,CI_TNDR_SRCE,,TABLE,35,8,80,35,2026-02-03 17:46:30,NO,YES,NO
CISADM,CI_TNDR_SRCE_L,,TABLE,70,8,37,70,2026-02-03 17:46:30,NO,YES,NO
CISADM,CI_TNDR_ST_EXCP,,TABLE,0,0,0,0,2026-02-03 17:46:30,NO,YES,NO
CISADM,CI_TOS,,TABLE,0,0,0,0,2026-02-03 17:46:30,NO,YES,NO
CISADM,CI_TOS_CAN_RSN,,TABLE,0,0,0,0,2026-02-03 17:46:30,NO,YES,NO
CISADM,CI_TOS_CAN_RSN_L,,TABLE,0,0,0,0,2026-02-03 17:46:30,NO,YES,NO
CISADM,CI_TOS_CE,,TABLE,0,0,0,0,2026-02-03 17:46:30,NO,YES,NO
CISADM,CI_TOS_CHAR,,TABLE,0,0,0,0,2026-02-03 17:46:30,NO,YES,NO
CISADM,CI_TOS_K,,TABLE,0,,0,0,2026-02-03 17:46:30,NO,YES,NO
CISADM,CI_TOS_SA,,TABLE,0,0,0,0,2026-02-03 17:46:30,NO,YES,NO
CISADM,CI_TOS_TYPE,,TABLE,0,0,0,0,2026-02-03 17:46:30,NO,YES,NO
CISADM,CI_TOS_TYPE_CE,,TABLE,0,0,0,0,2026-02-03 17:46:30,NO,YES,NO
CISADM,CI_TOS_TYPE_L,,TABLE,0,0,0,0,2026-02-03 17:46:30,NO,YES,NO
CISADM,CI_TOU,,TABLE,4,4,6,4,2026-02-03 17:46:30,NO,YES,NO
CISADM,CI_TOU_BF_VAL,,TABLE,0,0,0,0,2026-02-03 17:46:30,NO,YES,NO
CISADM,CI_TOU_CONT_VAL,,TABLE,0,0,0,0,2026-02-03 17:46:30,NO,YES,NO
CISADM,CI_TOU_DATA,,TABLE,0,0,0,0,2026-02-03 17:46:30,NO,YES,NO
CISADM,CI_TOU_DATA_SET,,TABLE,0,0,0,0,2026-02-03 17:46:30,NO,YES,NO
CISADM,CI_TOU_DATA_SET_K,,TABLE,0,,0,0,2026-02-03 17:46:30,NO,YES,NO
CISADM,CI_TOU_DS_EXC,,TABLE,0,0,0,0,2026-02-03 17:46:30,NO,YES,NO
CISADM,CI_TOU_DS_EXP,,TABLE,0,0,0,0,2026-02-03 17:46:30,NO,YES,NO
CISADM,CI_TOU_GRP,,TABLE,1,4,10,1,2026-02-03 17:46:30,NO,YES,NO
CISADM,CI_TOU_GRP_L,,TABLE,2,8,49,2,2026-02-03 17:46:30,NO,YES,NO
CISADM,CI_TOU_GRP_TOU,,TABLE,3,4,16,3,2026-02-03 17:46:30,NO,YES,NO
CISADM,CI_TOU_L,,TABLE,8,8,21,8,2026-02-03 17:46:30,NO,YES,NO
CISADM,CI_TOU_MAP,,TABLE,0,0,0,0,2026-02-03 17:46:30,NO,YES,NO
CISADM,CI_TOU_MAP_K,,TABLE,0,,0,0,2026-02-03 17:46:30,NO,YES,NO
CISADM,CI_TOU_MAP_L,,TABLE,0,0,0,0,2026-02-03 17:46:30,NO,YES,NO
CISADM,CI_TREND,,TABLE,0,0,0,0,2026-02-03 17:46:30,NO,YES,NO
CISADM,CI_TREND_AREA,,TABLE,0,0,0,0,2026-02-03 17:46:30,NO,YES,NO
CISADM,CI_TREND_AREA_L,,TABLE,0,0,0,0,2026-02-03 17:46:30,NO,YES,NO
CISADM,CI_TREND_CL,,TABLE,0,0,0,0,2026-02-03 17:46:30,NO,YES,NO
CISADM,CI_TREND_CL_L,,TABLE,0,0,0,0,2026-02-03 17:46:30,NO,YES,NO
CISADM,CI_TRG,,TABLE,0,0,0,0,2026-02-03 17:46:30,NO,YES,NO
CISADM,CI_TRG_FLD,,TABLE,0,0,0,0,2026-02-03 17:46:30,NO,YES,NO
CISADM,CI_TST_COMP_TYP,,TABLE,0,0,0,0,2026-02-03 17:46:30,NO,YES,NO
CISADM,CI_TST_COMP_TYP_L,,TABLE,0,0,0,0,2026-02-03 17:46:30,NO,YES,NO
CISADM,CI_TST_RES_TYP,,TABLE,0,0,0,0,2026-02-03 17:46:30,NO,YES,NO
CISADM,CI_TST_RES_TYP_L,,TABLE,0,0,0,0,2026-02-03 17:46:30,NO,YES,NO
CISADM,CI_TURN_IN,,TABLE,0,0,0,0,2026-02-03 17:46:30,NO,YES,NO
CISADM,CI_TURN_IN_K,,TABLE,0,,0,0,2026-02-03 17:46:30,NO,YES,NO
CISADM,CI_UA,,TABLE,0,0,0,0,2026-02-03 17:46:30,NO,YES,NO
CISADM,CI_UATY_TOSTY,,TABLE,0,0,0,0,2026-02-03 17:46:30,NO,YES,NO
CISADM,CI_UA_CHAR,,TABLE,0,0,0,0,2026-02-03 17:46:30,NO,YES,NO
CISADM,CI_UA_K,,TABLE,0,,0,0,2026-02-03 17:46:30,NO,YES,NO
CISADM,CI_UA_PER,,TABLE,0,0,0,0,2026-02-03 17:46:30,NO,YES,NO
CISADM,CI_UA_TYPE,,TABLE,0,0,0,0,2026-02-03 17:46:30,NO,YES,NO
CISADM,CI_UA_TYPE_ALG,,TABLE,0,0,0,0,2026-02-03 17:46:30,NO,YES,NO
CISADM,CI_UA_TYPE_L,,TABLE,0,0,0,0,2026-02-03 17:46:31,NO,YES,NO
CISADM,CI_UI_ZONE,,TABLE,102,8,59,102,2026-02-03 17:46:31,NO,YES,NO
CISADM,CI_UOM,,TABLE,31,4,16,31,2026-02-03 17:46:31,NO,YES,NO
CISADM,CI_UOM_L,,TABLE,68,8,27,68,2026-05-22 05:02:10,NO,YES,NO
CISADM,CI_USR_BOOKMARK,,TABLE,230,32,665,230,2026-02-03 17:46:31,NO,YES,NO
CISADM,CI_USR_GRP_SC,,TABLE,3,4,62,3,2026-02-03 17:46:31,NO,YES,NO
CISADM,CI_USR_NAV_LINK,,TABLE,20,8,48,20,2026-04-15 05:00:27,NO,YES,NO
CISADM,CI_USR_PORTAL,,TABLE,138,8,25,138,2026-04-07 05:00:16,NO,YES,NO
CISADM,CI_USR_SCR,,TABLE,19,8,28,19,2026-02-04 05:00:28,NO,YES,NO
CISADM,CI_USR_ZONE,,TABLE,882,16,46,882,2026-02-03 17:46:31,NO,YES,NO
CISADM,CI_USR_ZONE_SAVE,,TABLE,1,4,3594,1,2026-02-03 17:46:31,NO,YES,NO
CISADM,CI_UT_INSTL,,TABLE,1001,16,65,1001,2026-02-11 05:00:38,NO,YES,NO
CISADM,CI_UT_INSTL_DTL,,TABLE,2849,31,57,2849,2026-02-11 05:00:38,NO,YES,NO
CISADM,CI_VAL_ERR,,TABLE,0,0,0,0,2026-02-03 17:46:31,NO,YES,NO
CISADM,CI_VAL_FK_ERR,,TABLE,0,0,0,0,2026-02-03 17:46:31,NO,YES,NO
CISADM,CI_VAL_SUB_SATY,,TABLE,0,0,0,0,2026-02-03 17:46:31,NO,YES,NO
CISADM,CI_WFM,,TABLE,12,8,21,12,2026-02-04 05:00:35,NO,YES,NO
CISADM,CI_WFM_L,,TABLE,24,8,45,24,2026-02-03 17:46:31,NO,YES,NO
CISADM,CI_WFM_MSG,,TABLE,0,0,0,0,2026-02-03 17:46:31,NO,YES,NO
CISADM,CI_WFM_OPT,,TABLE,71,8,52,71,2026-02-03 17:46:31,NO,YES,NO
CISADM,CI_WF_EVT,,TABLE,0,0,0,0,2026-02-03 17:46:31,NO,YES,NO
CISADM,CI_WF_EVT_CHAR,,TABLE,0,0,0,0,2026-02-03 17:46:31,NO,YES,NO
CISADM,CI_WF_EVT_CTXT,,TABLE,0,0,0,0,2026-02-03 17:46:31,NO,YES,NO
CISADM,CI_WF_EVT_DEP,,TABLE,0,0,0,0,2026-02-03 17:46:31,NO,YES,NO
CISADM,CI_WF_EVT_EXC,,TABLE,0,0,0,0,2026-02-03 17:46:31,NO,YES,NO
CISADM,CI_WF_EVT_EXP,,TABLE,0,0,0,0,2026-02-03 17:46:31,NO,YES,NO
CISADM,CI_WF_EVT_TYPE,,TABLE,0,0,0,0,2026-02-03 17:46:31,NO,YES,NO
CISADM,CI_WF_EVT_TYPE_L,,TABLE,0,0,0,0,2026-02-03 17:46:31,NO,YES,NO
CISADM,CI_WF_PP,,TABLE,0,0,0,0,2026-02-03 17:46:31,NO,YES,NO
CISADM,CI_WF_PP_L,,TABLE,0,0,0,0,2026-02-03 17:46:32,NO,YES,NO
CISADM,CI_WF_PP_NT,,TABLE,0,0,0,0,2026-02-03 17:46:32,NO,YES,NO
CISADM,CI_WF_PP_NT_CRT,,TABLE,0,0,0,0,2026-02-03 17:46:32,NO,YES,NO
CISADM,CI_WF_PROC,,TABLE,0,0,0,0,2026-02-03 17:46:32,NO,YES,NO
CISADM,CI_WF_PROC_CHAR,,TABLE,0,0,0,0,2026-02-03 17:46:32,NO,YES,NO
CISADM,CI_WF_PROC_CTXT,,TABLE,0,0,0,0,2026-02-03 17:46:32,NO,YES,NO
CISADM,CI_WF_PROC_K,,TABLE,0,,0,0,2026-02-03 17:46:32,NO,YES,NO
CISADM,CI_WF_PROC_MSGP,,TABLE,0,0,0,0,2026-02-03 17:46:32,NO,YES,NO
CISADM,CI_WF_PROC_SCHED,,TABLE,0,0,0,0,2026-02-03 17:46:32,NO,YES,NO
CISADM,CI_WF_PROC_SCHED_K,,TABLE,0,,0,0,2026-02-03 17:46:32,NO,YES,NO
CISADM,CI_WF_PROC_TMPL,,TABLE,0,0,0,0,2026-02-03 17:46:32,NO,YES,NO
CISADM,CI_WF_PROC_TMPL_L,,TABLE,0,0,0,0,2026-02-03 17:46:32,NO,YES,NO
CISADM,CI_WF_RESP,,TABLE,0,0,0,0,2026-02-03 17:46:32,NO,YES,NO
CISADM,CI_WF_RESP_DEP,,TABLE,0,0,0,0,2026-02-03 17:46:32,NO,YES,NO
CISADM,CI_WO_CNTL,,TABLE,9,4,92,9,2026-02-03 17:46:32,NO,YES,NO
CISADM,CI_WO_CNTL_L,,TABLE,18,8,64,18,2026-02-03 17:46:32,NO,YES,NO
CISADM,CI_WO_CRIT,,TABLE,6,4,53,6,2026-02-03 17:46:32,NO,YES,NO
CISADM,CI_WO_DEBT_CL,,TABLE,4,4,10,4,2026-02-03 17:46:32,NO,YES,NO
CISADM,CI_WO_DEBT_CL_L,,TABLE,8,8,31,8,2026-02-03 17:46:32,NO,YES,NO
CISADM,CI_WO_EVT,,TABLE,5841,96,48,5841,2026-02-03 17:46:32,NO,YES,NO
CISADM,CI_WO_EVT_CC,,TABLE,594,10,28,594,2026-02-03 17:46:32,NO,YES,NO
CISADM,CI_WO_EVT_TYP,,TABLE,11,4,84,11,2026-02-03 17:46:32,NO,YES,NO
CISADM,CI_WO_EVT_TYP_L,,TABLE,22,8,109,22,2026-05-23 05:00:30,NO,YES,NO
CISADM,CI_WO_PROC,,TABLE,1637,64,84,1637,2026-02-03 17:46:32,NO,YES,NO
CISADM,CI_WO_PROC_K,,TABLE,1637,,16,1637,2026-02-03 17:46:32,NO,YES,NO
CISADM,CI_WO_PROC_SA,,TABLE,4404,72,36,4404,2026-02-03 17:46:32,NO,YES,NO
CISADM,CI_WO_PROC_TMPL,,TABLE,3,4,16,3,2026-02-03 17:46:32,NO,YES,NO
CISADM,CI_WO_PROC_TMPL_L,,TABLE,6,8,41,6,2026-02-03 17:46:33,NO,YES,NO
CISADM,CI_WO_RESP,,TABLE,13,4,35,13,2026-02-03 17:46:33,NO,YES,NO
CISADM,CI_XAI_ADAPTER,,TABLE,8,4,133,8,2026-02-03 17:46:33,NO,YES,NO
CISADM,CI_XAI_ADAPTER_L,,TABLE,16,8,70,16,2026-02-03 17:46:33,NO,YES,NO
CISADM,CI_XAI_CLASS,,TABLE,28,4,72,28,2026-02-03 17:46:33,NO,YES,NO
CISADM,CI_XAI_CLASS_L,,TABLE,56,8,65,56,2026-02-03 17:46:33,NO,YES,NO
CISADM,CI_XAI_DWN,,TABLE,0,0,0,0,2026-02-03 17:46:33,NO,YES,NO
CISADM,CI_XAI_DWN_EXC,,TABLE,0,0,0,0,2026-02-03 17:46:33,NO,YES,NO
CISADM,CI_XAI_DWN_EXP,,TABLE,0,0,0,0,2026-02-03 17:46:33,NO,YES,NO
CISADM,CI_XAI_ENV_HNDL,,TABLE,4,4,46,4,2026-02-03 17:46:33,NO,YES,NO
CISADM,CI_XAI_ENV_HNDL_L,,TABLE,8,8,45,8,2026-02-03 17:46:33,NO,YES,NO
CISADM,CI_XAI_EXECUTER,,TABLE,4,4,65,4,2026-02-03 17:46:33,NO,YES,NO
CISADM,CI_XAI_EXECUTER_L,,TABLE,8,8,44,8,2026-02-03 17:46:33,NO,YES,NO
CISADM,CI_XAI_FORMAT,,TABLE,21,4,47,21,2026-02-03 17:46:33,NO,YES,NO
CISADM,CI_XAI_FORMAT_L,,TABLE,42,8,44,42,2026-02-03 17:46:33,NO,YES,NO
CISADM,CI_XAI_IN_SVC,,TABLE,191,16,187,191,2026-02-04 05:00:42,NO,YES,NO
CISADM,CI_XAI_IN_SVC_L,,TABLE,382,23,236,382,2026-02-03 17:46:33,NO,YES,NO
CISADM,CI_XAI_JDBC_CON,,TABLE,0,0,0,0,2026-02-03 17:46:33,NO,YES,NO
CISADM,CI_XAI_JDBC_CON_L,,TABLE,0,0,0,0,2026-02-03 17:46:33,NO,YES,NO
CISADM,CI_XAI_JMS_CON,,TABLE,0,0,0,0,2026-02-03 17:46:33,NO,YES,NO
CISADM,CI_XAI_JMS_CON_L,,TABLE,0,0,0,0,2026-02-03 17:46:33,NO,YES,NO
CISADM,CI_XAI_JMS_Q,,TABLE,0,0,0,0,2026-02-03 17:46:33,NO,YES,NO
CISADM,CI_XAI_JMS_Q_L,,TABLE,0,0,0,0,2026-02-03 17:46:33,NO,YES,NO
CISADM,CI_XAI_JMS_TPC,,TABLE,0,0,0,0,2026-02-03 17:46:33,NO,YES,NO
CISADM,CI_XAI_JMS_TPC_L,,TABLE,0,0,0,0,2026-02-03 17:46:33,NO,YES,NO
CISADM,CI_XAI_JNDI_SVR,,TABLE,0,0,0,0,2026-02-03 17:46:33,NO,YES,NO
CISADM,CI_XAI_JNDI_SVR_L,,TABLE,0,0,0,0,2026-02-03 17:46:33,NO,YES,NO
CISADM,CI_XAI_OPTION,,TABLE,9,4,11,9,2026-02-03 17:46:33,NO,YES,NO
CISADM,CI_XAI_RCVR,,TABLE,0,0,0,0,2026-02-03 17:46:33,NO,YES,NO
CISADM,CI_XAI_RCVR_CTX,,TABLE,0,0,0,0,2026-02-03 17:46:33,NO,YES,NO
CISADM,CI_XAI_RCVR_L,,TABLE,0,0,0,0,2026-02-03 17:46:33,NO,YES,NO
CISADM,CI_XAI_RCVR_RGRP,,TABLE,0,0,0,0,2026-02-03 17:46:33,NO,YES,NO
CISADM,CI_XAI_RCVR_RSP,,TABLE,0,0,0,0,2026-02-03 17:46:33,NO,YES,NO
CISADM,CI_XAI_RGRP,,TABLE,0,0,0,0,2026-02-03 17:46:33,NO,YES,NO
CISADM,CI_XAI_RGRP_ATT,,TABLE,0,0,0,0,2026-02-03 17:46:33,NO,YES,NO
CISADM,CI_XAI_RGRP_L,,TABLE,0,0,0,0,2026-02-03 17:46:33,NO,YES,NO
CISADM,CI_XAI_ROUTING,,TABLE,0,0,0,0,2026-02-03 17:46:33,NO,YES,NO
CISADM,CI_XAI_RT_TYPE,,TABLE,0,0,0,0,2026-02-03 17:46:33,NO,YES,NO
CISADM,CI_XAI_RT_TYPE_L,,TABLE,0,0,0,0,2026-02-03 17:46:33,NO,YES,NO
CISADM,CI_XAI_RULE,,TABLE,0,0,0,0,2026-02-03 17:46:33,NO,YES,NO
CISADM,CI_XAI_SENDER,,TABLE,10,4,100,10,2026-02-03 17:46:33,NO,YES,NO
CISADM,CI_XAI_SENDER_L,,TABLE,20,8,54,20,2026-02-03 17:46:33,NO,YES,NO
CISADM,CI_XAI_SNDR_CTX,,TABLE,37,8,53,37,2026-02-03 17:46:33,NO,YES,NO
CISADM,CI_XAI_SVC_PARM,,TABLE,0,0,0,0,2026-02-03 17:46:33,NO,YES,NO
CISADM,CI_XML_STGCTL_P,,TABLE,0,0,0,0,2026-02-03 17:46:33,NO,YES,NO
CISADM,CI_XML_STGUP,,TABLE,0,0,0,0,2026-02-03 17:46:33,NO,YES,NO
CISADM,CI_XML_STGUPEXP,,TABLE,0,0,0,0,2026-02-03 17:46:33,NO,YES,NO
CISADM,CI_XML_STGUP_EX,,TABLE,0,0,0,0,2026-02-03 17:46:34,NO,YES,NO
CISADM,CI_XML_STG_CTL,,TABLE,0,0,0,0,2026-02-03 17:46:34,NO,YES,NO
CISADM,CI_ZONE,,TABLE,6401,256,60,6401,2026-02-04 05:00:54,NO,YES,NO
CISADM,CI_ZONE_HDL,,TABLE,19,4,71,19,2026-02-04 05:00:36,NO,YES,NO
CISADM,CI_ZONE_HDL_L,,TABLE,38,8,556,38,2026-02-03 17:46:34,NO,YES,NO
CISADM,CI_ZONE_HDL_PRM,,TABLE,1519,39,59,1519,2026-02-04 05:00:45,NO,YES,NO
CISADM,CI_ZONE_HDL_PRM_L,,TABLE,3038,252,351,3038,2026-02-03 17:46:34,NO,YES,NO
CISADM,CI_ZONE_L,,TABLE,12801,382,112,12801,2026-02-03 17:46:34,NO,YES,NO
CISADM,CI_ZONE_PRM,,TABLE,1165968,29688,66,1165968,2026-02-04 05:01:12,NO,YES,NO
CISADM,CMS_SA_SNAPSHOT,,TABLE,4331,65,94,4331,2026-02-03 17:46:36,NO,YES,NO
CISADM,CREW_OPS_RPT_CURR,,TABLE,44,5,263,44,2026-06-06 05:00:17,NO,YES,NO
CISADM,D1_ACTIVITY,,TABLE,214737,29667,862,214737,2026-06-06 05:00:46,NO,YES,NO
CISADM,D1_ACTIVITY_ADJ_TYPE,,TABLE,0,0,0,0,2026-02-03 17:46:41,NO,YES,NO
CISADM,D1_ACTIVITY_CHAR,,TABLE,460,16,71,460,2026-04-15 05:00:27,NO,YES,NO
CISADM,D1_ACTIVITY_IDENTIFIER,,TABLE,13081,256,53,13081,2026-02-03 17:46:41,NO,YES,NO
CISADM,D1_ACTIVITY_K,,TABLE,214695,,20,214695,2026-02-03 17:46:41,NO,YES,NO
CISADM,D1_ACTIVITY_LOG,,TABLE,684179,24576,111,684179,2026-02-03 17:46:42,NO,YES,NO
CISADM,D1_ACTIVITY_LOG_PARM,,TABLE,537805,5760,39,537805,2026-02-03 17:46:44,NO,YES,NO
CISADM,D1_ACTIVITY_REL,,TABLE,7641,256,38,7641,2026-02-03 17:46:44,NO,YES,NO
CISADM,D1_ACTIVITY_REL_OBJ,,TABLE,614841,11264,57,614841,2026-02-03 17:46:45,NO,YES,NO
CISADM,D1_ACTIVITY_STAT_MV,,TABLE,0,0,0,0,2026-02-03 17:46:46,NO,YES,NO
CISADM,D1_ACTIVITY_TYPE,,TABLE,23,8,753,23,2026-02-03 17:46:46,NO,YES,NO
CISADM,D1_ACTIVITY_TYPE_CHAR,,TABLE,0,0,0,0,2026-02-03 17:46:46,NO,YES,NO
CISADM,D1_ACTIVITY_TYPE_DIV,,TABLE,0,0,0,0,2026-02-03 17:46:46,NO,YES,NO
CISADM,D1_ACTIVITY_TYPE_FLD_TASK_TYPE,,TABLE,110,5,62,110,2026-02-03 17:46:46,NO,YES,NO
CISADM,D1_ACTIVITY_TYPE_L,,TABLE,45,8,48,45,2026-05-21 05:00:18,NO,YES,NO
CISADM,D1_ADS,,TABLE,0,0,0,0,2026-02-03 17:46:46,NO,YES,NO
CISADM,D1_ADS_IDENTIFIER,,TABLE,0,0,0,0,2026-02-03 17:46:46,NO,YES,NO
CISADM,D1_ADS_K,,TABLE,0,,0,0,2026-02-03 17:46:46,NO,YES,NO
CISADM,D1_ADS_LOG,,TABLE,0,0,0,0,2026-02-03 17:46:46,NO,YES,NO
CISADM,D1_ADS_LOG_PARM,,TABLE,0,0,0,0,2026-02-03 17:46:46,NO,YES,NO
CISADM,D1_ADS_TYPE,,TABLE,0,0,0,0,2026-02-03 17:46:46,NO,YES,NO
CISADM,D1_ADS_TYPE_L,,TABLE,0,0,0,0,2026-02-03 17:46:46,NO,YES,NO
CISADM,D1_AGG_GROUP,,TABLE,0,0,0,0,2026-02-03 17:46:46,NO,YES,NO
CISADM,D1_AGG_GROUP_CHAR,,TABLE,0,0,0,0,2026-02-03 17:46:46,NO,YES,NO
CISADM,D1_AGG_GROUP_L,,TABLE,0,0,0,0,2026-02-03 17:46:46,NO,YES,NO
CISADM,D1_AGG_GROUP_LOG,,TABLE,0,0,0,0,2026-02-03 17:46:46,NO,YES,NO
CISADM,D1_AGG_GROUP_LOG_PARM,,TABLE,0,0,0,0,2026-02-03 17:46:46,NO,YES,NO
CISADM,D1_AGG_GROUP_RUN,,TABLE,0,0,0,0,2026-02-03 17:46:46,NO,YES,NO
CISADM,D1_AGG_GROUP_RUN_MC_SET,,TABLE,0,0,0,0,2026-02-03 17:46:46,NO,YES,NO
CISADM,D1_AGG_MSRMT,,TABLE,0,0,0,0,2026-02-03 17:46:46,NO,YES,NO
CISADM,D1_ATTR_GRP,,TABLE,0,0,0,0,2026-02-03 17:46:46,NO,YES,NO
CISADM,D1_ATTR_GRP_CHAR,,TABLE,0,0,0,0,2026-02-03 17:46:46,NO,YES,NO
CISADM,D1_ATTR_GRP_L,,TABLE,0,0,0,0,2026-02-03 17:46:46,NO,YES,NO
CISADM,D1_ATTR_VAL,,TABLE,0,0,0,0,2026-02-03 17:46:46,NO,YES,NO
CISADM,D1_ATTR_VAL_K,,TABLE,0,,0,0,2026-02-03 17:46:46,NO,YES,NO
CISADM,D1_ATTR_VAL_LOG,,TABLE,0,0,0,0,2026-02-03 17:46:46,NO,YES,NO
CISADM,D1_ATTR_VAL_LOG_PARM,,TABLE,0,0,0,0,2026-02-03 17:46:46,NO,YES,NO
CISADM,D1_BILL_CYC,,TABLE,10,4,132,10,2026-02-04 05:00:38,NO,YES,NO
CISADM,D1_BILL_CYC_CHAR,,TABLE,0,0,0,0,2026-02-03 17:46:46,NO,YES,NO
CISADM,D1_BILL_CYC_L,,TABLE,20,8,27,20,2026-02-03 17:46:46,NO,YES,NO
CISADM,D1_BILL_CYC_SCH,,TABLE,216,8,75,216,2026-02-04 05:00:40,NO,YES,NO
CISADM,D1_COMMAND_SET,,TABLE,0,0,0,0,2026-02-03 17:46:46,NO,YES,NO
CISADM,D1_COMMAND_SET_BUS_OBJ,,TABLE,0,0,0,0,2026-02-03 17:46:46,NO,YES,NO
CISADM,D1_COMMAND_SET_CHAR,,TABLE,0,0,0,0,2026-02-03 17:46:46,NO,YES,NO
CISADM,D1_COMMAND_SET_L,,TABLE,0,0,0,0,2026-02-03 17:46:46,NO,YES,NO
CISADM,D1_COMM_IN,,TABLE,3521,120,237,3521,2026-02-03 17:46:46,NO,YES,NO
CISADM,D1_COMM_IN_CHAR,,TABLE,1,5,63,1,2026-04-22 05:00:06,NO,YES,NO
CISADM,D1_COMM_IN_IDENTIFIER,,TABLE,3521,40,53,3521,2026-02-03 17:46:47,NO,YES,NO
CISADM,D1_COMM_IN_K,,TABLE,3521,,20,3521,2026-02-03 17:46:47,NO,YES,NO
CISADM,D1_COMM_IN_LOG,,TABLE,17724,640,108,17724,2026-02-03 17:46:47,NO,YES,NO
CISADM,D1_COMM_IN_LOG_PARM,,TABLE,17786,256,43,17786,2026-02-03 17:46:47,NO,YES,NO
CISADM,D1_COMM_IN_REL_OBJ,,TABLE,10152,256,58,10152,2026-02-03 17:46:47,NO,YES,NO
CISADM,D1_COMM_OUT,,TABLE,5137,256,256,5137,2026-02-03 17:46:47,NO,YES,NO
CISADM,D1_COMM_OUT_CHAR,,TABLE,0,0,0,0,2026-02-03 17:46:47,NO,YES,NO
CISADM,D1_COMM_OUT_IDENTIFIER,,TABLE,5065,56,53,5065,2026-02-03 17:46:47,NO,YES,NO
CISADM,D1_COMM_OUT_K,,TABLE,5137,,20,5137,2026-02-03 17:46:48,NO,YES,NO
CISADM,D1_COMM_OUT_LOG,,TABLE,24896,896,112,24896,2026-02-03 17:46:48,NO,YES,NO
CISADM,D1_COMM_OUT_LOG_PARM,,TABLE,20030,256,42,20030,2026-04-09 05:00:17,NO,YES,NO
CISADM,D1_COMM_OUT_REL_OBJ,,TABLE,15379,384,54,15379,2026-02-03 17:46:48,NO,YES,NO
CISADM,D1_COMM_TYPE,,TABLE,3,4,378,3,2026-04-22 05:00:14,NO,YES,NO
CISADM,D1_COMM_TYPE_CHAR,,TABLE,0,0,0,0,2026-02-03 17:46:49,NO,YES,NO
CISADM,D1_COMM_TYPE_L,,TABLE,6,8,54,6,2026-02-03 17:46:49,NO,YES,NO
CISADM,D1_COMPL_EVT,,TABLE,3524,1152,1929,3524,2026-02-03 17:46:49,NO,YES,NO
CISADM,D1_COMPL_EVT_CHAR,,TABLE,0,0,0,0,2026-02-03 17:46:49,NO,YES,NO
CISADM,D1_COMPL_EVT_K,,TABLE,3524,,20,3524,2026-02-03 17:46:49,NO,YES,NO
CISADM,D1_COMPL_EVT_LOG,,TABLE,7155,256,108,7155,2026-04-22 05:00:12,NO,YES,NO
CISADM,D1_COMPL_EVT_LOG_PARM,,TABLE,7021,87,37,7021,2026-02-03 17:46:49,NO,YES,NO
CISADM,D1_COMPL_EVT_REL_OBJ,,TABLE,1,4,57,1,2026-02-03 17:46:49,NO,YES,NO
CISADM,D1_CONS_EXT_TYPE,,TABLE,0,0,0,0,2026-02-03 17:46:49,NO,YES,NO
CISADM,D1_CONS_EXT_TYPE_ALG,,TABLE,0,0,0,0,2026-02-03 17:46:49,NO,YES,NO
CISADM,D1_CONS_EXT_TYPE_CHAR,,TABLE,0,0,0,0,2026-02-03 17:46:49,NO,YES,NO
CISADM,D1_CONS_EXT_TYPE_IRR_DATA_MAP,,TABLE,0,0,0,0,2026-02-03 17:46:49,NO,YES,NO
CISADM,D1_CONS_EXT_TYPE_L,,TABLE,0,0,0,0,2026-02-03 17:46:49,NO,YES,NO
CISADM,D1_CONS_EXT_TYPE_MDS_TYPE,,TABLE,0,0,0,0,2026-02-03 17:46:49,NO,YES,NO
CISADM,D1_CONS_EXT_TYPE_SP_TYPE,,TABLE,0,0,0,0,2026-02-03 17:46:49,NO,YES,NO
CISADM,D1_CONS_EXT_TYPE_US_TYPE,,TABLE,0,0,0,0,2026-02-03 17:46:49,NO,YES,NO
CISADM,D1_CONTACT,,TABLE,929,20,134,929,2026-02-04 05:00:44,NO,YES,NO
CISADM,D1_CONTACT_CHAR,,TABLE,0,0,0,0,2026-02-03 17:46:50,NO,YES,NO
CISADM,D1_CONTACT_EMAIL,,TABLE,236,5,47,236,2026-02-03 17:46:50,NO,YES,NO
CISADM,D1_CONTACT_IDENTIFIER,,TABLE,976,5,43,976,2026-02-03 17:46:50,NO,YES,NO
CISADM,D1_CONTACT_K,,TABLE,929,,18,929,2026-02-03 17:46:50,NO,YES,NO
CISADM,D1_CONTACT_NAME,,TABLE,929,13,56,929,2026-02-03 17:46:50,NO,YES,NO
CISADM,D1_CONTACT_PHONE,,TABLE,1189,13,47,1189,2026-02-03 17:46:50,NO,YES,NO
CISADM,D1_CONTACT_TYPE,,TABLE,2,4,73,2,2026-02-04 05:00:39,NO,YES,NO
CISADM,D1_CONTACT_TYPE_CHAR,,TABLE,0,0,0,0,2026-02-03 17:46:50,NO,YES,NO
CISADM,D1_CONTACT_TYPE_L,,TABLE,4,8,23,4,2026-02-03 17:46:50,NO,YES,NO
CISADM,D1_DATA_SRC,,TABLE,0,0,0,0,2026-02-03 17:46:50,NO,YES,NO
CISADM,D1_DATA_SRC_CHAR,,TABLE,0,0,0,0,2026-02-03 17:46:50,NO,YES,NO
CISADM,D1_DATA_SRC_ITEM_TYPE,,TABLE,0,0,0,0,2026-02-03 17:46:50,NO,YES,NO
CISADM,D1_DATA_SRC_L,,TABLE,0,0,0,0,2026-02-03 17:46:50,NO,YES,NO
CISADM,D1_DATA_SRC_MC_SET,,TABLE,0,0,0,0,2026-02-03 17:46:50,NO,YES,NO
CISADM,D1_DATA_SRC_MC_TYPE,,TABLE,0,0,0,0,2026-02-03 17:46:50,NO,YES,NO
CISADM,D1_DATA_SRC_MSRMT_DATA_SNAP,,TABLE,0,0,0,0,2026-02-03 17:46:50,NO,YES,NO
CISADM,D1_DATA_SRC_SP_QTY,,TABLE,0,0,0,0,2026-02-03 17:46:50,NO,YES,NO
CISADM,D1_DATA_SRC_US_QTY,,TABLE,0,0,0,0,2026-02-03 17:46:50,NO,YES,NO
CISADM,D1_DATA_SRC_US_TYPE,,TABLE,0,0,0,0,2026-02-03 17:46:50,NO,YES,NO
CISADM,D1_DIVISION,,TABLE,3,8,38,3,2026-02-24 05:00:06,NO,YES,NO
CISADM,D1_DIVISION_CHAR,,TABLE,0,0,0,0,2026-02-03 17:46:50,NO,YES,NO
CISADM,D1_DIVISION_L,,TABLE,6,8,27,6,2026-02-24 05:00:08,NO,YES,NO
CISADM,D1_DVC,,TABLE,5086,88,117,5086,2026-06-06 05:00:34,NO,YES,NO
CISADM,D1_DVC_CFG,,TABLE,2466,50,126,2466,2026-06-06 05:00:34,NO,YES,NO
CISADM,D1_DVC_CFG_BK_1018,,TABLE,205,12,122,205,2026-02-03 17:46:51,NO,YES,NO
CISADM,D1_DVC_CFG_CHAR,,TABLE,0,0,0,0,2026-02-03 17:46:51,NO,YES,NO
CISADM,D1_DVC_CFG_K,,TABLE,2465,,18,2465,2026-02-03 17:46:51,NO,YES,NO
CISADM,D1_DVC_CFG_LOG,,TABLE,4926,103,106,4926,2026-02-03 17:46:51,NO,YES,NO
CISADM,D1_DVC_CFG_LOG_PARM,,TABLE,126,5,35,126,2026-02-03 17:46:51,NO,YES,NO
CISADM,D1_DVC_CFG_TMP,,TABLE,23918,451,126,23918,2026-02-03 17:46:51,NO,YES,NO
CISADM,D1_DVC_CFG_TYPE,,TABLE,9,8,91,9,2026-04-22 05:00:14,NO,YES,NO
CISADM,D1_DVC_CFG_TYPE_CHAR,,TABLE,0,0,0,0,2026-02-03 17:46:51,NO,YES,NO
CISADM,D1_DVC_CFG_TYPE_L,,TABLE,18,8,63,18,2026-02-03 17:46:51,NO,YES,NO
CISADM,D1_DVC_CFG_TYPE_MC_TYPE,,TABLE,19,8,44,19,2026-02-03 17:46:51,NO,YES,NO
CISADM,D1_DVC_CHAR,,TABLE,2388,28,78,2388,2026-02-03 17:46:51,NO,YES,NO
CISADM,D1_DVC_EQPMNT,,TABLE,0,0,0,0,2026-02-03 17:46:51,NO,YES,NO
CISADM,D1_DVC_EVT,,TABLE,1436,252,1036,1436,2026-02-03 17:46:51,NO,YES,NO
CISADM,D1_DVC_EVT_CHAR,,TABLE,0,0,0,0,2026-02-03 17:46:52,NO,YES,NO
CISADM,D1_DVC_EVT_IDENTIFIER,,TABLE,1435,22,145,1435,2026-02-03 17:46:52,NO,YES,NO
CISADM,D1_DVC_EVT_K,,TABLE,1436,,20,1436,2026-02-03 17:46:52,NO,YES,NO
CISADM,D1_DVC_EVT_LOG,,TABLE,1434,56,121,1434,2026-02-03 17:46:52,NO,YES,NO
CISADM,D1_DVC_EVT_LOG_PARM,,TABLE,1434,20,44,1434,2026-02-03 17:46:52,NO,YES,NO
CISADM,D1_DVC_EVT_REL_OBJ,,TABLE,0,0,0,0,2026-02-03 17:46:52,NO,YES,NO
CISADM,D1_DVC_EVT_TYPE,,TABLE,96,7,259,96,2026-02-04 05:00:40,NO,YES,NO
CISADM,D1_DVC_EVT_TYPE_CHAR,,TABLE,0,0,0,0,2026-02-03 17:46:52,NO,YES,NO
CISADM,D1_DVC_EVT_TYPE_L,,TABLE,192,8,41,192,2026-02-03 17:46:52,NO,YES,NO
CISADM,D1_DVC_IDENTIFIER,,TABLE,15397,80,41,15397,2026-02-03 17:46:52,NO,YES,NO
CISADM,D1_DVC_K,,TABLE,5085,,18,5085,2026-02-03 17:46:53,NO,YES,NO
CISADM,D1_DVC_LOG,,TABLE,2473,50,106,2473,2026-02-03 17:46:53,NO,YES,NO
CISADM,D1_DVC_LOG_PARM,,TABLE,84,5,34,84,2026-02-03 17:46:53,NO,YES,NO
CISADM,D1_DVC_TYPE,,TABLE,16,8,118,16,2026-02-04 05:00:38,NO,YES,NO
CISADM,D1_DVC_TYPE_CFG_TYPE,,TABLE,9,8,31,9,2026-02-03 17:46:53,NO,YES,NO
CISADM,D1_DVC_TYPE_CHAR,,TABLE,36,8,57,36,2026-02-03 17:46:53,NO,YES,NO
CISADM,D1_DVC_TYPE_L,,TABLE,32,8,44,32,2026-02-03 17:46:53,NO,YES,NO
CISADM,D1_DVC_TYPE_SPR,,TABLE,0,0,0,0,2026-02-03 17:46:53,NO,YES,NO
CISADM,D1_DVC_TYPE_SQ,,TABLE,8,4,53,8,2026-02-04 05:00:40,NO,YES,NO
CISADM,D1_DVC_TYPE_SQ_CHAR,,TABLE,0,0,0,0,2026-02-03 17:46:53,NO,YES,NO
CISADM,D1_DVC_TYPE_VALID_DVC_CHAR,,TABLE,0,0,0,0,2026-02-03 17:46:53,NO,YES,NO
CISADM,D1_DYN_OPT,,TABLE,0,0,0,0,2026-02-03 17:46:53,NO,YES,NO
CISADM,D1_DYN_OPT_CHAR,,TABLE,0,0,0,0,2026-02-03 17:46:53,NO,YES,NO
CISADM,D1_DYN_OPT_EVENT,,TABLE,0,0,0,0,2026-02-03 17:46:53,NO,YES,NO
CISADM,D1_DYN_OPT_EVENT_CHAR,,TABLE,0,0,0,0,2026-02-03 17:46:53,NO,YES,NO
CISADM,D1_DYN_OPT_EVENT_K,,TABLE,0,,0,0,2026-02-03 17:46:53,NO,YES,NO
CISADM,D1_DYN_OPT_EVENT_LOG,,TABLE,0,0,0,0,2026-02-03 17:46:53,NO,YES,NO
CISADM,D1_DYN_OPT_EVENT_LOG_PARM,,TABLE,0,0,0,0,2026-02-03 17:46:53,NO,YES,NO
CISADM,D1_DYN_OPT_K,,TABLE,0,,0,0,2026-02-03 17:46:53,NO,YES,NO
CISADM,D1_DYN_OPT_L,,TABLE,0,0,0,0,2026-02-03 17:46:53,NO,YES,NO
CISADM,D1_DYN_OPT_LOG,,TABLE,0,0,0,0,2026-02-03 17:46:53,NO,YES,NO
CISADM,D1_DYN_OPT_LOG_PARM,,TABLE,0,0,0,0,2026-02-03 17:46:53,NO,YES,NO
CISADM,D1_DYN_OPT_QUESTION,,TABLE,0,0,0,0,2026-02-03 17:46:53,NO,YES,NO
CISADM,D1_DYN_OPT_RATE,,TABLE,0,0,0,0,2026-02-03 17:46:53,NO,YES,NO
CISADM,D1_DYN_OPT_RULE,,TABLE,0,0,0,0,2026-02-03 17:46:53,NO,YES,NO
CISADM,D1_DYN_OPT_SPECIFICATION,,TABLE,0,0,0,0,2026-02-03 17:46:53,NO,YES,NO
CISADM,D1_DYN_OPT_TYPE,,TABLE,0,0,0,0,2026-02-03 17:46:53,NO,YES,NO
CISADM,D1_DYN_OPT_TYPE_CHAR,,TABLE,0,0,0,0,2026-02-03 17:46:53,NO,YES,NO
CISADM,D1_DYN_OPT_TYPE_L,,TABLE,0,0,0,0,2026-02-03 17:46:53,NO,YES,NO
CISADM,D1_DYN_OPT_TYPE_REL,,TABLE,0,0,0,0,2026-02-03 17:46:53,NO,YES,NO
CISADM,D1_EVT_PARTICIPATION,,TABLE,0,0,0,0,2026-02-03 17:46:54,NO,YES,NO
CISADM,D1_EVT_PARTICIPATION_CHAR,,TABLE,0,0,0,0,2026-02-03 17:46:54,NO,YES,NO
CISADM,D1_EVT_PARTICIPATION_K,,TABLE,0,,0,0,2026-02-03 17:46:54,NO,YES,NO
CISADM,D1_EVT_PARTICIPATION_LOG,,TABLE,0,0,0,0,2026-02-03 17:46:54,NO,YES,NO
CISADM,D1_EVT_PARTICIPATION_LOG_PARM,,TABLE,0,0,0,0,2026-02-03 17:46:54,NO,YES,NO
CISADM,D1_EXCP_TYPE,,TABLE,34,5,113,34,2026-02-04 05:00:40,NO,YES,NO
CISADM,D1_EXCP_TYPE_CHAR,,TABLE,0,0,0,0,2026-02-03 17:46:54,NO,YES,NO
CISADM,D1_EXCP_TYPE_L,,TABLE,68,8,58,68,2026-02-03 17:46:54,NO,YES,NO
CISADM,D1_FACILITY,,TABLE,0,0,0,0,2026-02-03 17:46:54,NO,YES,NO
CISADM,D1_FACILITY_CHAR,,TABLE,0,0,0,0,2026-02-03 17:46:54,NO,YES,NO
CISADM,D1_FACILITY_IDENTIFIER,,TABLE,0,0,0,0,2026-02-03 17:46:54,NO,YES,NO
CISADM,D1_FACILITY_K,,TABLE,0,,0,0,2026-02-03 17:46:54,NO,YES,NO
CISADM,D1_FACILITY_L,,TABLE,0,0,0,0,2026-02-03 17:46:54,NO,YES,NO
CISADM,D1_FACILITY_LOG,,TABLE,0,0,0,0,2026-02-03 17:46:54,NO,YES,NO
CISADM,D1_FACILITY_LOG_PARM,,TABLE,0,0,0,0,2026-02-03 17:46:54,NO,YES,NO
CISADM,D1_FACILITY_SP,,TABLE,0,0,0,0,2026-02-03 17:46:54,NO,YES,NO
CISADM,D1_FACTOR,,TABLE,9,4,81,9,2026-02-04 05:00:40,NO,YES,NO
CISADM,D1_FACTOR_CHAR,,TABLE,0,0,0,0,2026-02-03 17:46:54,NO,YES,NO
CISADM,D1_FACTOR_CHAR_VALUE,,TABLE,32,4,44,32,2026-02-03 17:46:54,NO,YES,NO
CISADM,D1_FACTOR_L,,TABLE,18,8,66,18,2026-02-03 17:46:54,NO,YES,NO
CISADM,D1_FACTOR_VALUE,,TABLE,26,4,112,26,2026-02-04 05:00:38,NO,YES,NO
CISADM,D1_FACTOR_VALUE_CHAR,,TABLE,0,0,0,0,2026-02-03 17:46:54,NO,YES,NO
CISADM,D1_GTT1,,TABLE,,,,,,,NO,NO
CISADM,D1_GTT10,,TABLE,,,,,,,NO,NO
CISADM,D1_GTT2,,TABLE,,,,,,,NO,NO
CISADM,D1_GTT3,,TABLE,,,,,,,NO,NO
CISADM,D1_GTT4,,TABLE,,,,,,,NO,NO
CISADM,D1_GTT5,,TABLE,,,,,,,NO,NO
CISADM,D1_GTT6,,TABLE,,,,,,,NO,NO
CISADM,D1_GTT7,,TABLE,,,,,,,NO,NO
CISADM,D1_GTT8,,TABLE,,,,,,,NO,NO
CISADM,D1_GTT9,,TABLE,,,,,,,NO,NO
CISADM,D1_IMD_CTRL,,TABLE,113,8,101,113,2026-04-17 05:00:18,NO,YES,NO
CISADM,D1_IMD_CTRL_SEEDER,,TABLE,0,5,0,0,2026-02-03 17:46:54,NO,YES,NO
CISADM,D1_INIT_MSRMT_DATA,,TABLE,213380,196608,4017,53345,2026-05-22 05:02:23,NO,YES,NO
CISADM,D1_INIT_MSRMT_DATA_CHAR,,TABLE,0,0,0,0,2026-02-03 17:47:16,NO,YES,NO
CISADM,D1_INIT_MSRMT_DATA_K,,TABLE,212984,,20,212984,2026-02-03 17:47:16,NO,YES,NO
CISADM,D1_INIT_MSRMT_DATA_LOG,,TABLE,377039,13312,116,377039,2026-02-03 17:47:16,NO,YES,NO
CISADM,D1_INIT_MSRMT_DATA_LOG_PARM,,TABLE,669058,9216,58,669058,2026-02-03 17:47:17,NO,YES,NO
CISADM,D1_INIT_MSRMT_SNAP,,TABLE,0,0,0,0,2026-02-03 17:47:17,NO,YES,NO
CISADM,D1_INIT_MSRMT_SNAP_CHAR,,TABLE,0,0,0,0,2026-02-03 17:47:17,NO,YES,NO
CISADM,D1_INIT_MSRMT_SNAP_K,,TABLE,0,,0,0,2026-02-03 17:47:17,NO,YES,NO
CISADM,D1_INIT_MSRMT_SNAP_LOG,,TABLE,0,0,0,0,2026-02-03 17:47:17,NO,YES,NO
CISADM,D1_INIT_MSRMT_SNAP_LOG_PARM,,TABLE,0,0,0,0,2026-02-03 17:47:17,NO,YES,NO
CISADM,D1_INSTALL_EVT,,TABLE,2426,80,224,2426,2026-02-03 17:47:17,NO,YES,NO
CISADM,D1_INSTALL_EVT_CHAR,,TABLE,0,0,0,0,2026-02-03 17:47:18,NO,YES,NO
CISADM,D1_INSTALL_EVT_K,,TABLE,2426,,18,2426,2026-02-03 17:47:18,NO,YES,NO
CISADM,D1_INSTALL_EVT_LOG,,TABLE,2547,58,106,2547,2026-02-03 17:47:18,NO,YES,NO
CISADM,D1_INSTALL_EVT_LOG_PARM,,TABLE,155,5,33,155,2026-03-28 05:00:11,NO,YES,NO
CISADM,D1_INT_SNAP_MAP,,TABLE,0,0,0,0,2026-02-03 17:47:18,NO,YES,NO
CISADM,D1_MANUFACTURER,,TABLE,11,4,43,11,2026-02-04 05:00:41,NO,YES,NO
CISADM,D1_MANUFACTURER_L,,TABLE,22,8,25,22,2026-02-03 17:47:18,NO,YES,NO
CISADM,D1_MC_COMPAR_PERIOD,,TABLE,0,0,0,0,2026-02-03 17:47:18,NO,YES,NO
CISADM,D1_MC_COMPAR_PERIOD_LOG,,TABLE,0,0,0,0,2026-02-03 17:47:18,NO,YES,NO
CISADM,D1_MC_COMPAR_TYPE,,TABLE,0,0,0,0,2026-02-03 17:47:18,NO,YES,NO
CISADM,D1_MC_COMPAR_TYPE_L,,TABLE,0,0,0,0,2026-02-03 17:47:18,NO,YES,NO
CISADM,D1_MC_COMPAR_TYPE_REL_OBJ,,TABLE,0,0,0,0,2026-02-03 17:47:18,NO,YES,NO
CISADM,D1_MC_TYPE_VALUE_IDENTIFIER,,TABLE,300,8,51,300,2026-02-03 17:47:18,NO,YES,NO
CISADM,D1_MC_TYPE_VALUE_IDENTIFIER_L,,TABLE,321,8,49,321,2026-02-03 17:47:18,NO,YES,NO
CISADM,D1_MDSI,,TABLE,0,0,0,0,2026-02-03 17:47:18,NO,YES,NO
CISADM,D1_MDSI_K,,TABLE,0,,0,0,2026-02-03 17:47:18,NO,YES,NO
CISADM,D1_MDSS,,TABLE,0,0,0,0,2026-02-03 17:47:18,NO,YES,NO
CISADM,D1_MDSS_K,,TABLE,0,,0,0,2026-02-03 17:47:18,NO,YES,NO
CISADM,D1_MEASR_BK_1027,,TABLE,3357782,160539,170,3357782,2026-02-03 17:47:18,NO,YES,NO
CISADM,D1_MEASR_COMP,,TABLE,7074,622,496,7074,2026-05-22 05:02:10,NO,YES,NO
CISADM,D1_MEASR_COMP_ATTRIBUTES,,TABLE,0,0,0,0,2026-02-03 17:47:24,NO,YES,NO
CISADM,D1_MEASR_COMP_CHAR,,TABLE,14960,244,78,14960,2026-02-03 17:47:24,NO,YES,NO
CISADM,D1_MEASR_COMP_IDENTIFIER,,TABLE,2638,13,39,2638,2026-02-03 17:47:24,NO,YES,NO
CISADM,D1_MEASR_COMP_K,,TABLE,7073,,18,7073,2026-02-03 17:47:24,NO,YES,NO
CISADM,D1_MEASR_COMP_LOG,,TABLE,20226,496,106,20226,2026-02-03 17:47:24,NO,YES,NO
CISADM,D1_MEASR_COMP_LOG_PARM,,TABLE,22993,244,37,22993,2026-02-03 17:47:24,NO,YES,NO
CISADM,D1_MEASR_COMP_REL,,TABLE,2184,13,34,2184,2026-02-03 17:47:24,NO,YES,NO
CISADM,D1_MEASR_COMP_SET,,TABLE,0,0,0,0,2026-02-03 17:47:24,NO,YES,NO
CISADM,D1_MEASR_COMP_SET_CHAR,,TABLE,0,0,0,0,2026-02-03 17:47:24,NO,YES,NO
CISADM,D1_MEASR_COMP_SET_CRIT,,TABLE,0,0,0,0,2026-02-03 17:47:25,NO,YES,NO
CISADM,D1_MEASR_COMP_SET_DIMENSION,,TABLE,0,0,0,0,2026-02-03 17:47:25,NO,YES,NO
CISADM,D1_MEASR_COMP_SET_L,,TABLE,0,0,0,0,2026-02-03 17:47:25,NO,YES,NO
CISADM,D1_MEASR_COMP_SET_LOG,,TABLE,0,0,0,0,2026-02-03 17:47:25,NO,YES,NO
CISADM,D1_MEASR_COMP_SET_LOG_PARM,,TABLE,0,0,0,0,2026-02-03 17:47:25,NO,YES,NO
CISADM,D1_MEASR_COMP_SET_PARTICIPANT,,TABLE,0,0,0,0,2026-02-03 17:47:25,NO,YES,NO
CISADM,D1_MEASR_COMP_SET_REL,,TABLE,0,0,0,0,2026-02-03 17:47:25,NO,YES,NO
CISADM,D1_MEASR_COMP_SMALL_CORRECT,,TABLE,728,13,41,728,2026-02-03 17:47:25,NO,YES,NO
CISADM,D1_MEASR_COMP_TYPE,,TABLE,49,16,1171,49,2026-02-04 05:00:43,NO,YES,NO
CISADM,D1_MEASR_COMP_TYPE_CHAR,,TABLE,0,0,0,0,2026-02-03 17:47:25,NO,YES,NO
CISADM,D1_MEASR_COMP_TYPE_L,,TABLE,62,8,71,62,2026-02-03 17:47:25,NO,YES,NO
CISADM,D1_MEASR_COMP_TYPE_VEE_GRP,,TABLE,93,8,37,93,2026-02-03 17:47:25,NO,YES,NO
CISADM,D1_MEASR_COMP_TYP_FBK_VEE_GRP,,TABLE,28,8,46,28,2026-02-03 17:47:25,NO,YES,NO
CISADM,D1_MEASR_COMP_VEE_GROUP,,TABLE,6,5,43,6,2026-02-03 17:47:25,NO,YES,NO
CISADM,D1_MKT,,TABLE,0,0,0,0,2026-02-03 17:47:25,NO,YES,NO
CISADM,D1_MKT_AWARD,,TABLE,0,0,0,0,2026-02-03 17:47:25,NO,YES,NO
CISADM,D1_MKT_AWARD_CHAR,,TABLE,0,0,0,0,2026-02-03 17:47:25,NO,YES,NO
CISADM,D1_MKT_AWARD_CONTRACT,,TABLE,0,0,0,0,2026-02-03 17:47:25,NO,YES,NO
CISADM,D1_MKT_AWARD_DT_CHAR,,TABLE,0,0,0,0,2026-02-03 17:47:25,NO,YES,NO
CISADM,D1_MKT_AWARD_IDENTIFIER,,TABLE,0,0,0,0,2026-02-03 17:47:25,NO,YES,NO
CISADM,D1_MKT_AWARD_K,,TABLE,0,,0,0,2026-02-03 17:47:25,NO,YES,NO
CISADM,D1_MKT_AWARD_LOG,,TABLE,0,0,0,0,2026-02-03 17:47:25,NO,YES,NO
CISADM,D1_MKT_AWARD_LOG_PARM,,TABLE,0,0,0,0,2026-02-03 17:47:25,NO,YES,NO
CISADM,D1_MKT_CHAR,,TABLE,0,0,0,0,2026-02-03 17:47:25,NO,YES,NO
CISADM,D1_MKT_CONTRACT,,TABLE,0,0,0,0,2026-02-03 17:47:25,NO,YES,NO
CISADM,D1_MKT_CONTRACT_CHAR,,TABLE,0,0,0,0,2026-02-03 17:47:25,NO,YES,NO
CISADM,D1_MKT_CONTRACT_IDENTIFIER,,TABLE,0,0,0,0,2026-02-03 17:47:25,NO,YES,NO
CISADM,D1_MKT_CONTRACT_K,,TABLE,0,,0,0,2026-02-03 17:47:25,NO,YES,NO
CISADM,D1_MKT_CONTRACT_LOG,,TABLE,0,0,0,0,2026-02-03 17:47:25,NO,YES,NO
CISADM,D1_MKT_CONTRACT_LOG_PARM,,TABLE,0,0,0,0,2026-02-03 17:47:25,NO,YES,NO
CISADM,D1_MKT_CONTRACT_TYPE,,TABLE,0,0,0,0,2026-02-03 17:47:25,NO,YES,NO
CISADM,D1_MKT_CONTRACT_TYPE_CHAR,,TABLE,0,0,0,0,2026-02-03 17:47:25,NO,YES,NO
CISADM,D1_MKT_CONTRACT_TYPE_L,,TABLE,0,0,0,0,2026-02-03 17:47:25,NO,YES,NO
CISADM,D1_MKT_FALLBACK_SPR,,TABLE,0,0,0,0,2026-02-03 17:47:25,NO,YES,NO
CISADM,D1_MKT_L,,TABLE,0,0,0,0,2026-02-03 17:47:25,NO,YES,NO
CISADM,D1_MKT_PRODUCT,,TABLE,0,0,0,0,2026-02-03 17:47:25,NO,YES,NO
CISADM,D1_MKT_PRODUCT_CHAR,,TABLE,0,0,0,0,2026-02-03 17:47:25,NO,YES,NO
CISADM,D1_MKT_PRODUCT_IDENTIFIER,,TABLE,0,0,0,0,2026-02-03 17:47:25,NO,YES,NO
CISADM,D1_MKT_PRODUCT_K,,TABLE,0,,0,0,2026-02-03 17:47:25,NO,YES,NO
CISADM,D1_MKT_PRODUCT_L,,TABLE,0,0,0,0,2026-02-03 17:47:25,NO,YES,NO
CISADM,D1_MKT_PRODUCT_LOG,,TABLE,0,0,0,0,2026-02-03 17:47:25,NO,YES,NO
CISADM,D1_MKT_PRODUCT_LOG_PARM,,TABLE,0,0,0,0,2026-02-03 17:47:25,NO,YES,NO
CISADM,D1_MKT_PRODUCT_SET,,TABLE,0,0,0,0,2026-02-03 17:47:25,NO,YES,NO
CISADM,D1_MKT_PRODUCT_SET_CHAR,,TABLE,0,0,0,0,2026-02-03 17:47:25,NO,YES,NO
CISADM,D1_MKT_PRODUCT_SET_L,,TABLE,0,0,0,0,2026-02-03 17:47:25,NO,YES,NO
CISADM,D1_MKT_PRODUCT_TYPE,,TABLE,0,0,0,0,2026-02-03 17:47:25,NO,YES,NO
CISADM,D1_MKT_PRODUCT_TYPE_CHAR,,TABLE,0,0,0,0,2026-02-03 17:47:25,NO,YES,NO
CISADM,D1_MKT_PRODUCT_TYPE_L,,TABLE,0,0,0,0,2026-02-03 17:47:25,NO,YES,NO
CISADM,D1_MKT_REL_TYPE,,TABLE,0,0,0,0,2026-02-03 17:47:25,NO,YES,NO
CISADM,D1_MKT_RP,,TABLE,0,0,0,0,2026-02-03 17:47:25,NO,YES,NO
CISADM,D1_MKT_RP_ATTR,,TABLE,0,0,0,0,2026-02-03 17:47:25,NO,YES,NO
CISADM,D1_MKT_RP_CHAR,,TABLE,0,0,0,0,2026-02-03 17:47:25,NO,YES,NO
CISADM,D1_MKT_RP_IDENTIFIER,,TABLE,0,0,0,0,2026-02-03 17:47:25,NO,YES,NO
CISADM,D1_MKT_RP_K,,TABLE,0,,0,0,2026-02-03 17:47:25,NO,YES,NO
CISADM,D1_MKT_RP_LOG,,TABLE,0,0,0,0,2026-02-03 17:47:25,NO,YES,NO
CISADM,D1_MKT_RP_LOG_PARM,,TABLE,0,0,0,0,2026-02-03 17:47:25,NO,YES,NO
CISADM,D1_MKT_RP_REL,,TABLE,0,0,0,0,2026-02-03 17:47:25,NO,YES,NO
CISADM,D1_MKT_RP_REL_OBJ,,TABLE,0,0,0,0,2026-02-03 17:47:26,NO,YES,NO
CISADM,D1_MKT_VALID_SPR,,TABLE,0,0,0,0,2026-02-03 17:47:26,NO,YES,NO
CISADM,D1_MODEL,,TABLE,58,8,33,58,2026-02-03 17:47:26,NO,YES,NO
CISADM,D1_MODEL_L,,TABLE,116,8,47,116,2026-02-03 17:47:26,NO,YES,NO
CISADM,D1_MSRMT,,TABLE,10409822,226995,151,10409822,2026-05-28 05:00:31,NO,YES,NO
CISADM,D1_MSRMT_CHAR,,TABLE,0,0,0,0,2026-02-03 17:47:43,NO,YES,NO
CISADM,D1_MSRMT_CYC,,TABLE,9,4,106,9,2026-02-04 05:00:40,NO,YES,NO
CISADM,D1_MSRMT_CYC_BILL_CYC,,TABLE,9,4,14,9,2026-02-03 17:47:43,NO,YES,NO
CISADM,D1_MSRMT_CYC_CHAR,,TABLE,0,0,0,0,2026-02-03 17:47:43,NO,YES,NO
CISADM,D1_MSRMT_CYC_L,,TABLE,18,8,37,18,2026-02-03 17:47:43,NO,YES,NO
CISADM,D1_MSRMT_CYC_MCR,,TABLE,9,4,42,9,2026-02-04 05:00:37,NO,YES,NO
CISADM,D1_MSRMT_CYC_RTE,,TABLE,74,5,59,74,2026-02-04 05:00:39,NO,YES,NO
CISADM,D1_MSRMT_CYC_RTE_CHAR,,TABLE,0,0,0,0,2026-02-03 17:47:43,NO,YES,NO
CISADM,D1_MSRMT_CYC_RTE_L,,TABLE,148,8,29,148,2026-02-03 17:47:43,NO,YES,NO
CISADM,D1_MSRMT_CYC_SCHED,,TABLE,217,8,81,217,2026-02-04 05:00:37,NO,YES,NO
CISADM,D1_MSRMT_CYC_SCHED_CHAR,,TABLE,0,0,0,0,2026-02-03 17:47:43,NO,YES,NO
CISADM,D1_MSRMT_CYC_SCHED_RTE,,TABLE,1275,11,33,1275,2026-02-03 17:47:43,NO,YES,NO
CISADM,D1_MSRMT_DATA_SNAP_TYPE,,TABLE,0,0,0,0,2026-02-03 17:47:44,NO,YES,NO
CISADM,D1_MSRMT_DATA_SNAP_TYPE_CHAR,,TABLE,0,0,0,0,2026-02-03 17:47:44,NO,YES,NO
CISADM,D1_MSRMT_DATA_SNAP_TYPE_L,,TABLE,0,0,0,0,2026-02-03 17:47:44,NO,YES,NO
CISADM,D1_MSRMT_LOG,,TABLE,3220,3198,3693,3220,2026-02-04 05:01:03,NO,YES,NO
CISADM,D1_MSRMT_LOG_PARM,,TABLE,0,0,0,0,2026-02-03 17:47:44,NO,YES,NO
CISADM,D1_MSRMT_RPT_CURR,,TABLE,10409822,711264,527,10409822,2026-05-23 05:00:47,NO,YES,NO
CISADM,D1_MSRMT_TMP,,TABLE,,,,,,,NO,NO
CISADM,D1_MULTI_VAR_FACTOR,,TABLE,0,0,0,0,2026-02-03 17:47:44,NO,YES,NO
CISADM,D1_MULTI_VAR_FACTOR_L,,TABLE,0,0,0,0,2026-02-03 17:47:44,NO,YES,NO
CISADM,D1_MULTI_VAR_FACTOR_VAL,,TABLE,0,0,0,0,2026-02-03 17:47:44,NO,YES,NO
CISADM,D1_MULTI_VAR_FACTOR_VAL_CHAR,,TABLE,0,0,0,0,2026-02-03 17:47:44,NO,YES,NO
CISADM,D1_NW_LOC,,TABLE,0,0,0,0,2026-02-03 17:47:44,NO,YES,NO
CISADM,D1_NW_LOC_CHAR,,TABLE,0,0,0,0,2026-02-03 17:47:44,NO,YES,NO
CISADM,D1_NW_LOC_IDENTIFIER,,TABLE,0,0,0,0,2026-02-03 17:47:44,NO,YES,NO
CISADM,D1_NW_LOC_K,,TABLE,0,,0,0,2026-02-03 17:47:44,NO,YES,NO
CISADM,D1_NW_LOC_LOG,,TABLE,0,0,0,0,2026-02-03 17:47:44,NO,YES,NO
CISADM,D1_NW_LOC_LOG_PARM,,TABLE,0,0,0,0,2026-02-03 17:47:44,NO,YES,NO
CISADM,D1_NW_NODE,,TABLE,0,0,0,0,2026-02-03 17:47:44,NO,YES,NO
CISADM,D1_OBIEE_EVENT_POLLING,,TABLE,0,0,0,0,2026-02-03 17:47:44,NO,YES,NO
CISADM,D1_ON_OFF_HIST,,TABLE,2507,35,80,2507,2026-02-03 17:47:44,NO,YES,NO
CISADM,D1_PROC_MTHD,,TABLE,19,4,323,19,2026-02-03 17:47:44,NO,YES,NO
CISADM,D1_PROC_MTHD_CHAR,,TABLE,0,0,0,0,2026-02-03 17:47:44,NO,YES,NO
CISADM,D1_PROC_MTHD_L,,TABLE,38,8,41,38,2026-02-03 17:47:44,NO,YES,NO
CISADM,D1_PROC_TIMETABLE_TYPE,,TABLE,0,0,0,0,2026-02-03 17:47:44,NO,YES,NO
CISADM,D1_PROC_TIMETABLE_TYPE_L,,TABLE,0,0,0,0,2026-02-03 17:47:45,NO,YES,NO
CISADM,D1_REFERENCED_MKT_PRODUCT,,TABLE,0,0,0,0,2026-02-03 17:47:45,NO,YES,NO
CISADM,D1_RULE,,TABLE,0,0,0,0,2026-02-03 17:47:45,NO,YES,NO
CISADM,D1_RULE_CHAR,,TABLE,0,0,0,0,2026-02-03 17:47:45,NO,YES,NO
CISADM,D1_RULE_L,,TABLE,0,0,0,0,2026-02-03 17:47:45,NO,YES,NO
CISADM,D1_SETT_UNIT,,TABLE,0,0,0,0,2026-02-03 17:47:45,NO,YES,NO
CISADM,D1_SETT_UNIT_CHAR,,TABLE,0,0,0,0,2026-02-03 17:47:45,NO,YES,NO
CISADM,D1_SETT_UNIT_DIMENSION,,TABLE,0,0,0,0,2026-02-03 17:47:45,NO,YES,NO
CISADM,D1_SETT_UNIT_DIM_COMB,,TABLE,0,0,0,0,2026-02-03 17:47:45,NO,YES,NO
CISADM,D1_SETT_UNIT_DIM_VAL,,TABLE,0,0,0,0,2026-02-03 17:47:45,NO,YES,NO
CISADM,D1_SETT_UNIT_L,,TABLE,0,0,0,0,2026-02-03 17:47:45,NO,YES,NO
CISADM,D1_SNAPSHOT_DL_CTRL,,TABLE,0,0,0,0,2026-02-03 17:47:45,NO,YES,NO
CISADM,D1_SP,,TABLE,3305,244,411,3305,2026-06-06 05:00:36,NO,YES,NO
CISADM,D1_SPR,,TABLE,6,8,564,6,2026-03-28 05:00:11,NO,YES,NO
CISADM,D1_SPR_CHAR,,TABLE,0,0,0,0,2026-02-03 17:47:45,NO,YES,NO
CISADM,D1_SPR_DT_CHAR,,TABLE,0,0,0,0,2026-02-03 17:47:45,NO,YES,NO
CISADM,D1_SPR_L,,TABLE,12,8,26,12,2026-02-03 17:47:45,NO,YES,NO
CISADM,D1_SP_CHAR,,TABLE,3778,43,65,3778,2026-02-03 17:47:45,NO,YES,NO
CISADM,D1_SP_CONTACT,,TABLE,3172,20,34,3172,2026-02-03 17:47:45,NO,YES,NO
CISADM,D1_SP_EQPMNT,,TABLE,2626,20,44,2626,2026-02-03 17:47:45,NO,YES,NO
CISADM,D1_SP_FACILITY,,TABLE,0,0,0,0,2026-02-03 17:47:46,NO,YES,NO
CISADM,D1_SP_IDENTIFIER,,TABLE,9915,58,45,9915,2026-02-03 17:47:46,NO,YES,NO
CISADM,D1_SP_K,,TABLE,3305,,18,3305,2026-02-03 17:47:46,NO,YES,NO
CISADM,D1_SP_LOG,,TABLE,3305,65,106,3305,2026-02-03 17:47:46,NO,YES,NO
CISADM,D1_SP_LOG_PARM,,TABLE,90,5,34,90,2026-02-03 17:47:46,NO,YES,NO
CISADM,D1_SP_MKT_PARTICIPANT,,TABLE,0,0,0,0,2026-02-03 17:47:46,NO,YES,NO
CISADM,D1_SP_MSRMT_CYC_SCHED_RTE,,TABLE,246754,11368,127,246754,2026-02-04 05:01:05,NO,YES,NO
CISADM,D1_SP_QTY,,TABLE,0,0,0,0,2026-02-03 17:47:47,NO,YES,NO
CISADM,D1_SP_QTY_K,,TABLE,0,,0,0,2026-02-03 17:47:47,NO,YES,NO
CISADM,D1_SP_QTY_LOG,,TABLE,0,0,0,0,2026-02-03 17:47:47,NO,YES,NO
CISADM,D1_SP_QTY_LOG_PARM,,TABLE,0,0,0,0,2026-02-03 17:47:47,NO,YES,NO
CISADM,D1_SP_QTY_TYPE,,TABLE,0,0,0,0,2026-02-03 17:47:47,NO,YES,NO
CISADM,D1_SP_QTY_TYPE_IDENTIFIER,,TABLE,0,0,0,0,2026-02-03 17:47:47,NO,YES,NO
CISADM,D1_SP_QTY_TYPE_IDENTIFIER_L,,TABLE,0,0,0,0,2026-02-03 17:47:47,NO,YES,NO
CISADM,D1_SP_QTY_TYPE_L,,TABLE,0,0,0,0,2026-02-03 17:47:47,NO,YES,NO
CISADM,D1_SP_REL,,TABLE,0,0,0,0,2026-02-03 17:47:47,NO,YES,NO
CISADM,D1_SP_SNAP_DL,,TABLE,0,0,0,0,2026-02-03 17:47:47,NO,YES,NO
CISADM,D1_SP_SNAP_DL_K,,TABLE,0,,0,0,2026-02-03 17:47:47,NO,YES,NO
CISADM,D1_SP_TYPE,,TABLE,23,8,338,23,2026-02-04 05:00:40,NO,YES,NO
CISADM,D1_SP_TYPE_CHAR,,TABLE,0,0,0,0,2026-02-03 17:47:47,NO,YES,NO
CISADM,D1_SP_TYPE_DEVICE_TYPE,,TABLE,38,8,22,38,2026-02-03 17:47:47,NO,YES,NO
CISADM,D1_SP_TYPE_DISCONNECT_LOCATION,,TABLE,0,0,0,0,2026-02-03 17:47:47,NO,YES,NO
CISADM,D1_SP_TYPE_DIV,,TABLE,21,8,15,21,2026-02-03 17:47:47,NO,YES,NO
CISADM,D1_SP_TYPE_FIELD_TASK_TYPE,,TABLE,0,0,0,0,2026-02-03 17:47:47,NO,YES,NO
CISADM,D1_SP_TYPE_L,,TABLE,46,8,35,46,2026-02-03 17:47:47,NO,YES,NO
CISADM,D1_SP_UNR_USG_SNAP_DL,,TABLE,0,0,0,0,2026-02-03 17:47:47,NO,YES,NO
CISADM,D1_SP_UNR_USG_SNAP_DL_K,,TABLE,0,,0,0,2026-02-03 17:47:47,NO,YES,NO
CISADM,D1_SP_USG_SNAP_DL,,TABLE,0,0,0,0,2026-02-03 17:47:47,NO,YES,NO
CISADM,D1_SP_USG_SNAP_DL_K,,TABLE,0,,0,0,2026-02-03 17:47:47,NO,YES,NO
CISADM,D1_SP_VEE_EXCP_SNAP_DL,,TABLE,0,0,0,0,2026-02-03 17:47:47,NO,YES,NO
CISADM,D1_SP_VEE_EXCP_SNAP_DL_K,,TABLE,0,,0,0,2026-02-03 17:47:47,NO,YES,NO
CISADM,D1_SQI,,TABLE,43,4,55,43,2026-02-04 05:00:41,NO,YES,NO
CISADM,D1_SQI_L,,TABLE,86,8,33,86,2026-02-03 17:47:47,NO,YES,NO
CISADM,D1_STG_MSRMT,,TABLE,0,0,0,0,2026-02-03 17:47:47,NO,YES,NO
CISADM,D1_SVC_TYPE,,TABLE,8,8,39,8,2026-02-04 05:00:40,NO,YES,NO
CISADM,D1_SVC_TYPE_L,,TABLE,16,8,20,16,2026-02-03 17:47:47,NO,YES,NO
CISADM,D1_TOU,,TABLE,4,4,257,4,2026-02-04 05:00:37,NO,YES,NO
CISADM,D1_TOU_GRP,,TABLE,1,4,41,1,2026-02-04 05:00:37,NO,YES,NO
CISADM,D1_TOU_GRP_CHAR,,TABLE,0,0,0,0,2026-02-03 17:47:47,NO,YES,NO
CISADM,D1_TOU_GRP_L,,TABLE,2,8,49,2,2026-02-03 17:47:47,NO,YES,NO
CISADM,D1_TOU_GRP_TOU,,TABLE,3,4,16,3,2026-02-03 17:47:47,NO,YES,NO
CISADM,D1_TOU_L,,TABLE,8,8,21,8,2026-02-03 17:47:47,NO,YES,NO
CISADM,D1_TOU_MAP,,TABLE,1,5,124,1,2026-02-04 05:00:38,NO,YES,NO
CISADM,D1_TOU_MAP_CHAR,,TABLE,0,0,0,0,2026-02-03 17:47:48,NO,YES,NO
CISADM,D1_TOU_MAP_DATA,,TABLE,24817,244,59,24817,2026-02-04 05:00:53,NO,YES,NO
CISADM,D1_TOU_MAP_DATA_CHAR,,TABLE,0,0,0,0,2026-02-03 17:47:48,NO,YES,NO
CISADM,D1_TOU_MAP_DATA_TMP,,TABLE,,,,,,,NO,NO
CISADM,D1_TOU_MAP_DATA_TMP2,,TABLE,,,,,,,NO,NO
CISADM,D1_TOU_MAP_DYN_OPT,,TABLE,0,0,0,0,2026-02-03 17:47:48,NO,YES,NO
CISADM,D1_TOU_MAP_K,,TABLE,1,,18,1,2026-02-03 17:47:48,NO,YES,NO
CISADM,D1_TOU_MAP_L,,TABLE,2,5,54,2,2026-02-03 17:47:48,NO,YES,NO
CISADM,D1_TOU_MAP_LOG,,TABLE,1,5,106,1,2026-02-03 17:47:48,NO,YES,NO
CISADM,D1_TOU_MAP_LOG_PARM,,TABLE,1,5,34,1,2026-02-03 17:47:48,NO,YES,NO
CISADM,D1_TOU_MAP_TMPLT,,TABLE,1,4,3378,1,2026-02-04 05:00:40,NO,YES,NO
CISADM,D1_TOU_MAP_TMPLT_CHAR,,TABLE,0,0,0,0,2026-02-03 17:47:48,NO,YES,NO
CISADM,D1_TOU_MAP_TMPLT_L,,TABLE,2,8,66,2,2026-02-03 17:47:48,NO,YES,NO
CISADM,D1_TOU_MAP_TYPE,,TABLE,2,8,118,2,2026-02-04 05:00:41,NO,YES,NO
CISADM,D1_TOU_MAP_TYPE_CHAR,,TABLE,0,0,0,0,2026-02-03 17:47:48,NO,YES,NO
CISADM,D1_TOU_MAP_TYPE_L,,TABLE,4,8,52,4,2026-02-03 17:47:48,NO,YES,NO
CISADM,D1_TOU_MAP_TYPE_TMPLT,,TABLE,0,0,0,0,2026-02-03 17:47:48,NO,YES,NO
CISADM,D1_UOM,,TABLE,31,4,58,31,2026-02-04 05:00:38,NO,YES,NO
CISADM,D1_UOM_L,,TABLE,62,8,31,62,2026-02-03 17:47:48,NO,YES,NO
CISADM,D1_US,,TABLE,4298,244,374,4298,2026-02-03 17:47:48,NO,YES,NO
CISADM,D1_USAGE,,TABLE,27704,14177,2977,6926,2026-05-22 05:02:22,NO,YES,NO
CISADM,D1_USAGE_CAL_TYPE_CTRL,,TABLE,0,0,0,0,2026-02-03 17:47:51,NO,YES,NO
CISADM,D1_USAGE_CHAR,,TABLE,0,0,0,0,2026-02-03 17:47:51,NO,YES,NO
CISADM,D1_USAGE_CTRL,,TABLE,1271,31,67,1271,2026-02-03 17:47:51,NO,YES,NO
CISADM,D1_USAGE_EXCP,,TABLE,140339,6272,164,140339,2026-06-06 05:00:37,NO,YES,NO
CISADM,D1_USAGE_EXCP_CHAR,,TABLE,0,0,0,0,2026-02-03 17:47:53,NO,YES,NO
CISADM,D1_USAGE_EXCP_K,,TABLE,140335,,20,140335,2026-02-03 17:47:53,NO,YES,NO
CISADM,D1_USAGE_EXCP_PARM,,TABLE,413386,4864,48,413386,2026-02-03 17:47:53,NO,YES,NO
CISADM,D1_USAGE_EXCP_TYPE,,TABLE,4,4,85,4,2026-02-04 05:00:39,NO,YES,NO
CISADM,D1_USAGE_EXCP_TYPE_CHAR,,TABLE,0,0,0,0,2026-02-03 17:47:53,NO,YES,NO
CISADM,D1_USAGE_EXCP_TYPE_L,,TABLE,8,8,39,8,2026-02-03 17:47:53,NO,YES,NO
CISADM,D1_USAGE_K,,TABLE,27456,,20,27456,2026-02-03 17:47:53,NO,YES,NO
CISADM,D1_USAGE_LOG,,TABLE,441200,9077,108,110300,2026-02-03 17:47:53,NO,YES,NO
CISADM,D1_USAGE_LOG_PARM,,TABLE,626796,7048,45,156699,2026-02-03 17:47:55,NO,YES,NO
CISADM,D1_USAGE_PERIOD,,TABLE,24880,748,174,24880,2026-02-03 17:47:56,NO,YES,NO
CISADM,D1_USAGE_PERIOD_ITEM_DET,,TABLE,0,0,0,0,2026-02-03 17:47:56,NO,YES,NO
CISADM,D1_USAGE_PERIOD_SQ,,TABLE,26500,1126,297,26500,2026-02-03 17:47:56,NO,YES,NO
CISADM,D1_USAGE_PERIOD_SQ_DATA,,TABLE,0,0,0,0,2026-02-03 17:47:57,NO,YES,NO
CISADM,D1_USAGE_REL,,TABLE,0,0,0,0,2026-02-03 17:47:57,NO,YES,NO
CISADM,D1_USAGE_RPT_CURR,,TABLE,27462,3394,831,27462,2026-05-23 05:00:34,NO,YES,NO
CISADM,D1_USAGE_SCALAR_DTL,,TABLE,28844,1252,294,28844,2026-05-22 05:02:11,NO,YES,NO
CISADM,D1_USAGE_SCALAR_DTL_RPT_CURR,,TABLE,28844,3973,934,28844,2026-05-23 05:00:34,NO,YES,NO
CISADM,D1_USER_DIV,,TABLE,1,5,19,1,2026-02-03 17:47:57,NO,YES,NO
CISADM,D1_USG_CAL_TYPE,,TABLE,0,0,0,0,2026-02-03 17:47:57,NO,YES,NO
CISADM,D1_USG_CAL_TYPE_CHAR,,TABLE,0,0,0,0,2026-02-03 17:47:57,NO,YES,NO
CISADM,D1_USG_CAL_TYPE_L,,TABLE,0,0,0,0,2026-02-03 17:47:57,NO,YES,NO
CISADM,D1_USG_CAL_TYPE_REQ_TYPE,,TABLE,0,0,0,0,2026-02-03 17:47:57,NO,YES,NO
CISADM,D1_USG_CAL_TYPE_USTYPE_USG_GRP,,TABLE,0,0,0,0,2026-02-03 17:47:57,NO,YES,NO
CISADM,D1_USG_CAL_TYPE_US_TYPE,,TABLE,0,0,0,0,2026-02-03 17:47:57,NO,YES,NO
CISADM,D1_USG_GRP,,TABLE,11,8,51,11,2026-02-03 17:47:57,NO,YES,NO
CISADM,D1_USG_GRP_CHAR,,TABLE,0,0,0,0,2026-02-03 17:47:58,NO,YES,NO
CISADM,D1_USG_GRP_L,,TABLE,22,8,67,22,2026-02-03 17:47:58,NO,YES,NO
CISADM,D1_USG_GRP_VAL_DC_TYPE,,TABLE,17,8,29,17,2026-02-03 17:47:58,NO,YES,NO
CISADM,D1_USG_RULE,,TABLE,23,16,2228,23,2026-02-03 17:47:58,NO,YES,NO
CISADM,D1_USG_RULE_CHAR,,TABLE,0,0,0,0,2026-02-03 17:47:58,NO,YES,NO
CISADM,D1_USG_RULE_ELIG_CRIT,,TABLE,0,0,0,0,2026-02-03 17:47:58,NO,YES,NO
CISADM,D1_USG_RULE_ELIG_CRIT_CHAR,,TABLE,0,0,0,0,2026-02-03 17:47:58,NO,YES,NO
CISADM,D1_USG_RULE_ELIG_CRIT_L,,TABLE,0,0,0,0,2026-02-03 17:47:58,NO,YES,NO
CISADM,D1_USG_RULE_L,,TABLE,46,8,52,46,2026-02-03 17:47:58,NO,YES,NO
CISADM,D1_US_CHAR,,TABLE,0,0,0,0,2026-02-03 17:47:58,NO,YES,NO
CISADM,D1_US_CONTACT,,TABLE,4295,28,34,4295,2026-02-03 17:47:58,NO,YES,NO
CISADM,D1_US_DYN_OPT,,TABLE,0,0,0,0,2026-02-03 17:47:58,NO,YES,NO
CISADM,D1_US_DYN_OPT_OVRRD,,TABLE,0,0,0,0,2026-02-03 17:47:58,NO,YES,NO
CISADM,D1_US_FACTOR_OVRD,,TABLE,0,0,0,0,2026-02-03 17:47:58,NO,YES,NO
CISADM,D1_US_IDENTIFIER,,TABLE,8593,50,43,8593,2026-02-03 17:47:58,NO,YES,NO
CISADM,D1_US_K,,TABLE,4298,,18,4298,2026-02-03 17:47:58,NO,YES,NO
CISADM,D1_US_LOG,,TABLE,5011,103,106,5011,2026-02-03 17:47:58,NO,YES,NO
CISADM,D1_US_LOG_PARM,,TABLE,5011,50,34,5011,2026-02-03 17:47:59,NO,YES,NO
CISADM,D1_US_MC,,TABLE,0,0,0,0,2026-02-03 17:47:59,NO,YES,NO
CISADM,D1_US_MC_SET,,TABLE,0,0,0,0,2026-02-03 17:47:59,NO,YES,NO
CISADM,D1_US_MKT_PART,,TABLE,0,0,0,0,2026-02-03 17:47:59,NO,YES,NO
CISADM,D1_US_MKT_PART_CHAR,,TABLE,0,0,0,0,2026-02-03 17:47:59,NO,YES,NO
CISADM,D1_US_MKT_PART_IDENTIFIER,,TABLE,0,0,0,0,2026-02-03 17:47:59,NO,YES,NO
CISADM,D1_US_MKT_PART_K,,TABLE,0,,0,0,2026-02-03 17:47:59,NO,YES,NO
CISADM,D1_US_MKT_PART_LOG,,TABLE,0,0,0,0,2026-02-03 17:47:59,NO,YES,NO
CISADM,D1_US_MKT_PART_LOG_PARM,,TABLE,0,0,0,0,2026-02-03 17:47:59,NO,YES,NO
CISADM,D1_US_QTY,,TABLE,0,0,0,0,2026-02-03 17:47:59,NO,YES,NO
CISADM,D1_US_QTY_K,,TABLE,0,,0,0,2026-02-03 17:47:59,NO,YES,NO
CISADM,D1_US_QTY_LOG,,TABLE,0,0,0,0,2026-02-03 17:47:59,NO,YES,NO
CISADM,D1_US_QTY_LOG_PARM,,TABLE,0,0,0,0,2026-02-03 17:47:59,NO,YES,NO
CISADM,D1_US_QTY_TYPE,,TABLE,0,0,0,0,2026-02-03 17:47:59,NO,YES,NO
CISADM,D1_US_QTY_TYPE_IDENTIFIER,,TABLE,0,0,0,0,2026-02-03 17:47:59,NO,YES,NO
CISADM,D1_US_QTY_TYPE_IDENTIFIER_L,,TABLE,0,0,0,0,2026-02-03 17:47:59,NO,YES,NO
CISADM,D1_US_QTY_TYPE_L,,TABLE,0,0,0,0,2026-02-03 17:47:59,NO,YES,NO
CISADM,D1_US_REL,,TABLE,0,0,0,0,2026-02-03 17:47:59,NO,YES,NO
CISADM,D1_US_RS_CLASS,,TABLE,0,0,0,0,2026-02-03 17:47:59,NO,YES,NO
CISADM,D1_US_SP,,TABLE,4269,58,83,4269,2026-02-03 17:47:59,NO,YES,NO
CISADM,D1_US_SP_CHAR,,TABLE,0,0,0,0,2026-02-03 17:47:59,NO,YES,NO
CISADM,D1_US_TYPE,,TABLE,74,16,402,74,2026-02-04 05:00:42,NO,YES,NO
CISADM,D1_US_TYPE_CHAR,,TABLE,74,8,55,74,2026-02-03 17:47:59,NO,YES,NO
CISADM,D1_US_TYPE_FB_USG_GRP,,TABLE,0,0,0,0,2026-02-03 17:47:59,NO,YES,NO
CISADM,D1_US_TYPE_L,,TABLE,148,8,50,148,2026-02-03 17:47:59,NO,YES,NO
CISADM,D1_US_TYPE_VALID_US_CHAR,,TABLE,0,0,0,0,2026-02-03 17:47:59,NO,YES,NO
CISADM,D1_US_TYPE_VAL_DYN_OPT_TYPE,,TABLE,0,0,0,0,2026-02-03 17:47:59,NO,YES,NO
CISADM,D1_US_TYPE_VAL_SPR,,TABLE,74,8,16,74,2026-02-03 17:47:59,NO,YES,NO
CISADM,D1_US_TYPE_VAL_SP_TYPE,,TABLE,103,8,16,103,2026-02-03 17:47:59,NO,YES,NO
CISADM,D1_US_TYPE_VAL_USG_GRP,,TABLE,59,8,19,59,2026-02-03 17:48:00,NO,YES,NO
CISADM,D1_US_USG_GRP,,TABLE,3,5,34,3,2026-02-03 17:48:00,NO,YES,NO
CISADM,D1_US_USG_GRP_DL,,TABLE,0,0,0,0,2026-02-03 17:48:00,NO,YES,NO
CISADM,D1_US_USG_GRP_SEQ,,TABLE,0,0,0,0,2026-02-03 17:48:00,NO,YES,NO
CISADM,D1_VALID_MULTI_VAR_FACTOR,,TABLE,0,0,0,0,2026-02-03 17:48:00,NO,YES,NO
CISADM,D1_VEE_ELIG_CRIT,,TABLE,0,0,0,0,2026-02-03 17:48:00,NO,YES,NO
CISADM,D1_VEE_ELIG_CRIT_CHAR,,TABLE,0,0,0,0,2026-02-03 17:48:00,NO,YES,NO
CISADM,D1_VEE_ELIG_CRIT_L,,TABLE,0,0,0,0,2026-02-03 17:48:00,NO,YES,NO
CISADM,D1_VEE_EXCP,,TABLE,541797,23552,204,541797,2026-06-06 05:00:39,NO,YES,NO
CISADM,D1_VEE_EXCP_CHAR,,TABLE,0,0,0,0,2026-02-03 17:48:01,NO,YES,NO
CISADM,D1_VEE_EXCP_K,,TABLE,541766,,20,541766,2026-02-03 17:48:01,NO,YES,NO
CISADM,D1_VEE_EXCP_PARM,,TABLE,147022,1664,43,147022,2026-02-03 17:48:02,NO,YES,NO
CISADM,D1_VEE_GRP,,TABLE,110,5,54,110,2026-02-03 17:48:02,NO,YES,NO
CISADM,D1_VEE_GRP_CHAR,,TABLE,0,0,0,0,2026-02-03 17:48:02,NO,YES,NO
CISADM,D1_VEE_GRP_L,,TABLE,220,16,133,220,2026-02-03 17:48:02,NO,YES,NO
CISADM,D1_VEE_RULE,,TABLE,445,121,1547,445,2026-02-03 17:48:02,NO,YES,NO
CISADM,D1_VEE_RULE_CHAR,,TABLE,0,0,0,0,2026-02-03 17:48:02,NO,YES,NO
CISADM,D1_VEE_RULE_L,,TABLE,890,31,132,890,2026-02-03 17:48:02,NO,YES,NO
CISADM,DEVICE_SP_RPT_CURR,,TABLE,5086,496,561,5086,2026-06-06 05:00:18,NO,YES,NO
CISADM,DR$XM171S3$I,,TABLE,,,,,,,NO,NO
CISADM,DR$XM171S3$K,,TABLE,,,,,,,NO,NO
CISADM,DR$XM171S3$N,,TABLE,,,,,,,NO,NO
CISADM,DR$XM171S3$U,,TABLE,,,,,,,NO,NO
CISADM,DR$XM174S6$I,,TABLE,,,,,,,NO,NO
CISADM,DR$XM174S6$K,,TABLE,,,,,,,NO,NO
CISADM,DR$XM174S6$N,,TABLE,,,,,,,NO,NO
CISADM,DR$XM174S6$U,,TABLE,,,,,,,NO,NO
CISADM,DR$XM174S7$I,,TABLE,,,,,,,NO,NO
CISADM,DR$XM174S7$K,,TABLE,,,,,,,NO,NO
CISADM,DR$XM174S7$N,,TABLE,,,,,,,NO,NO
CISADM,DR$XM174S7$U,,TABLE,,,,,,,NO,NO
CISADM,DR$XM409S5$I,,TABLE,,,,,,,NO,NO
CISADM,DR$XM409S5$K,,TABLE,,,,,,,NO,NO
CISADM,DR$XM409S5$N,,TABLE,,,,,,,NO,NO
CISADM,DR$XM409S5$U,,TABLE,,,,,,,NO,NO
CISADM,DR$XM409S6$I,,TABLE,,,,,,,NO,NO
CISADM,DR$XM409S6$K,,TABLE,,,,,,,NO,NO
CISADM,DR$XM409S6$N,,TABLE,,,,,,,NO,NO
CISADM,DR$XM409S6$U,,TABLE,,,,,,,NO,NO
CISADM,ERR$_C1_BI_FTGL_MONTHLY_A,,TABLE,0,0,0,0,2026-02-03 17:48:02,NO,YES,NO
CISADM,ERR$_C1_BI_FT_MONTHLY_A,,TABLE,0,0,0,0,2026-02-03 17:48:02,NO,YES,NO
CISADM,F1_ACTION_METHOD,,TABLE,4,8,169,4,2026-02-04 05:00:39,NO,YES,NO
CISADM,F1_ACTION_METHOD_CHAR,,TABLE,0,0,0,0,2026-02-03 17:48:03,NO,YES,NO
CISADM,F1_ACTION_METHOD_L,,TABLE,8,8,45,8,2026-02-03 17:48:03,NO,YES,NO
CISADM,F1_ARC_TBL_PARTITION_HIST,,TABLE,0,0,0,0,2026-02-03 17:48:03,NO,YES,NO
CISADM,F1_ATTACHMENT,,TABLE,3,5,649,3,2026-02-03 17:48:03,NO,YES,NO
CISADM,F1_ATTACHMENT_CHAR,,TABLE,9,5,77,9,2026-02-03 17:48:03,NO,YES,NO
CISADM,F1_ATTACHMENT_K,,TABLE,3,,20,3,2026-02-03 17:48:03,NO,YES,NO
CISADM,F1_BATCH_RUN_ANALYTICS_SNAP,,TABLE,0,0,0,0,2026-02-03 17:48:03,NO,YES,NO
CISADM,F1_BATCH_THD_ANALYTICS_SNAP,,TABLE,0,0,0,0,2026-02-03 17:48:03,NO,YES,NO
CISADM,F1_BKT_CONFIG,,TABLE,2,5,48,2,2026-02-03 17:48:03,NO,YES,NO
CISADM,F1_BKT_CONFIG_L,,TABLE,3,5,47,3,2026-02-03 17:48:03,NO,YES,NO
CISADM,F1_BKT_CONFIG_REL_OBJ,,TABLE,0,0,0,0,2026-02-03 17:48:03,NO,YES,NO
CISADM,F1_BKT_CONFIG_VAL,,TABLE,10,5,27,10,2026-02-03 17:48:03,NO,YES,NO
CISADM,F1_BKT_CONFIG_VAL_L,,TABLE,15,5,39,15,2026-02-03 17:48:03,NO,YES,NO
CISADM,F1_BNDL,,TABLE,46,5,352,46,2026-02-05 05:00:11,NO,YES,NO
CISADM,F1_BNDL_CHAR,,TABLE,0,0,0,0,2026-02-03 17:48:03,NO,YES,NO
CISADM,F1_BNDL_ENTITY,,TABLE,637,13,69,637,2026-03-20 05:00:10,NO,YES,NO
CISADM,F1_BNDL_K,,TABLE,44,,18,44,2026-02-03 17:48:03,NO,YES,NO
CISADM,F1_BNDL_LOG,,TABLE,106,5,105,106,2026-02-03 17:48:03,NO,YES,NO
CISADM,F1_BNDL_LOG_PARM,,TABLE,91,5,35,91,2026-02-03 17:48:03,NO,YES,NO
CISADM,F1_BUS_EVT_LOG,,TABLE,0,0,0,0,2026-02-03 17:48:03,NO,YES,NO
CISADM,F1_BUS_EVT_LOG_CHAR,,TABLE,0,0,0,0,2026-02-03 17:48:03,NO,YES,NO
CISADM,F1_BUS_EVT_LOG_K,,TABLE,0,,0,0,2026-02-03 17:48:03,NO,YES,NO
CISADM,F1_BUS_EVT_LOG_MSG_PARM,,TABLE,0,0,0,0,2026-02-03 17:48:03,NO,YES,NO
CISADM,F1_BUS_FLG,,TABLE,0,0,0,0,2026-02-03 17:48:03,NO,YES,NO
CISADM,F1_BUS_FLG_CHAR,,TABLE,0,0,0,0,2026-02-03 17:48:03,NO,YES,NO
CISADM,F1_BUS_FLG_K,,TABLE,0,,0,0,2026-02-03 17:48:03,NO,YES,NO
CISADM,F1_BUS_FLG_LOG,,TABLE,0,0,0,0,2026-02-03 17:48:03,NO,YES,NO
CISADM,F1_BUS_FLG_LOG_PARM,,TABLE,0,0,0,0,2026-02-03 17:48:03,NO,YES,NO
CISADM,F1_BUS_FLG_REL,,TABLE,0,0,0,0,2026-02-03 17:48:03,NO,YES,NO
CISADM,F1_BUS_FLG_REL_OBJ,,TABLE,0,0,0,0,2026-02-03 17:48:03,NO,YES,NO
CISADM,F1_BUS_FLG_TYPE,,TABLE,0,0,0,0,2026-02-03 17:48:03,NO,YES,NO
CISADM,F1_BUS_FLG_TYPE_ALG,,TABLE,0,0,0,0,2026-02-03 17:48:03,NO,YES,NO
CISADM,F1_BUS_FLG_TYPE_BUS_PROC,,TABLE,0,0,0,0,2026-02-03 17:48:04,NO,YES,NO
CISADM,F1_BUS_FLG_TYPE_CHAR,,TABLE,0,0,0,0,2026-02-03 17:48:04,NO,YES,NO
CISADM,F1_BUS_FLG_TYPE_L,,TABLE,0,0,0,0,2026-02-03 17:48:04,NO,YES,NO
CISADM,F1_BUS_OBJ,,TABLE,4110,382,140,4110,2026-02-04 05:00:56,NO,YES,NO
CISADM,F1_BUS_OBJ_ALG,,TABLE,3991,112,60,3991,2026-02-04 05:00:50,NO,YES,NO
CISADM,F1_BUS_OBJ_L,,TABLE,8213,508,285,8213,2026-02-03 17:48:04,NO,YES,NO
CISADM,F1_BUS_OBJ_OPT,,TABLE,5853,128,63,5853,2026-02-04 05:00:51,NO,YES,NO
CISADM,F1_BUS_OBJ_STATUS,,TABLE,4759,256,89,4759,2026-02-04 05:00:53,NO,YES,NO
CISADM,F1_BUS_OBJ_STATUS_ALG,,TABLE,9315,384,73,9315,2026-02-04 05:00:55,NO,YES,NO
CISADM,F1_BUS_OBJ_STATUS_L,,TABLE,9512,254,81,9512,2026-02-03 17:48:05,NO,YES,NO
CISADM,F1_BUS_OBJ_STATUS_OPT,,TABLE,8757,256,66,8757,2026-02-04 05:00:55,NO,YES,NO
CISADM,F1_BUS_OBJ_STATUS_RSN,,TABLE,216,16,140,216,2026-02-04 05:00:43,NO,YES,NO
CISADM,F1_BUS_OBJ_STATUS_RSN_CHAR,,TABLE,32,8,69,32,2026-02-04 05:00:38,NO,YES,NO
CISADM,F1_BUS_OBJ_STATUS_RSN_L,,TABLE,432,16,65,432,2026-02-03 17:48:06,NO,YES,NO
CISADM,F1_BUS_OBJ_TR_RULE,,TABLE,5860,256,80,5860,2026-02-04 05:00:52,NO,YES,NO
CISADM,F1_BUS_OBJ_TR_RULE_L,,TABLE,11716,256,80,11716,2026-02-03 17:48:06,NO,YES,NO
CISADM,F1_BUS_SVC,,TABLE,4065,256,81,4065,2026-02-04 05:00:52,NO,YES,NO
CISADM,F1_BUS_SVC_L,,TABLE,8129,382,218,8129,2026-02-03 17:48:07,NO,YES,NO
CISADM,F1_CALENDAR_D,,TABLE,0,0,0,0,2026-02-03 17:48:07,NO,YES,NO
CISADM,F1_COLOR_OPT,,TABLE,17,4,95,17,2026-02-04 05:00:39,NO,YES,NO
CISADM,F1_COLOR_OPT_ITEM,,TABLE,0,0,0,0,2026-02-03 17:48:07,NO,YES,NO
CISADM,F1_COLOR_OPT_L,,TABLE,34,8,47,34,2026-02-03 17:48:07,NO,YES,NO
CISADM,F1_CRYPTO_KEY,,TABLE,0,0,0,0,2026-02-03 17:48:07,NO,YES,NO
CISADM,F1_CRYPTO_KEY_RING,,TABLE,1,5,140,1,2026-02-04 05:00:39,NO,YES,NO
CISADM,F1_CRYPTO_KEY_RING_L,,TABLE,2,5,65,2,2026-02-03 17:48:07,NO,YES,NO
CISADM,F1_CRYPTO_KEY_RING_LOG,,TABLE,0,0,0,0,2026-02-03 17:48:07,NO,YES,NO
CISADM,F1_CRYPTO_KEY_RING_LOG_PARM,,TABLE,0,0,0,0,2026-02-03 17:48:07,NO,YES,NO
CISADM,F1_CUBE_TYPE,,TABLE,0,0,0,0,2026-02-03 17:48:07,NO,YES,NO
CISADM,F1_CUBE_TYPE_L,,TABLE,0,0,0,0,2026-02-03 17:48:07,NO,YES,NO
CISADM,F1_CUBE_VIEW,,TABLE,0,0,0,0,2026-02-03 17:48:07,NO,YES,NO
CISADM,F1_CUBE_VIEW_L,,TABLE,0,0,0,0,2026-02-03 17:48:07,NO,YES,NO
CISADM,F1_CUBE_VIEW_LOG,,TABLE,0,0,0,0,2026-02-03 17:48:07,NO,YES,NO
CISADM,F1_CUBE_VIEW_LOG_PARM,,TABLE,0,0,0,0,2026-02-03 17:48:07,NO,YES,NO
CISADM,F1_DATA_AREA,,TABLE,3287,112,70,3287,2026-02-03 17:48:07,NO,YES,NO
CISADM,F1_DATA_AREA_L,,TABLE,6572,251,123,6572,2026-02-03 17:48:07,NO,YES,NO
CISADM,F1_DATA_EXPORT_CTRL,,TABLE,589,13,82,589,2026-02-03 17:48:07,NO,YES,NO
CISADM,F1_DATA_EXPORT_CTRL_LOG,,TABLE,589,13,89,589,2026-02-03 17:48:07,NO,YES,NO
CISADM,F1_DATA_EXPORT_CTRL_LOG_PARM,,TABLE,0,0,0,0,2026-02-03 17:48:08,NO,YES,NO
CISADM,F1_DB_OBJECTS_REPO,,TABLE,10505,256,88,10505,2026-02-03 17:48:08,NO,YES,NO
CISADM,F1_DEPLOYMENT,,TABLE,0,0,0,0,2026-02-03 17:48:08,NO,YES,NO
CISADM,F1_DEPLOYMENT_ITEM,,TABLE,209,7,53,209,2026-02-03 17:48:08,NO,YES,NO
CISADM,F1_DEPLOYMENT_ITEM_METADATA,,TABLE,0,0,0,0,2026-02-03 17:48:08,NO,YES,NO
CISADM,F1_DEPLOYMENT_K,,TABLE,0,,0,0,2026-02-03 17:48:08,NO,YES,NO
CISADM,F1_DEPLOYMENT_PART,,TABLE,4,4,52,4,2026-02-03 17:48:08,NO,YES,NO
CISADM,F1_DEPLOYMENT_PART_L,,TABLE,8,8,85,8,2026-02-03 17:48:08,NO,YES,NO
CISADM,F1_DEPLOYMENT_TYPE,,TABLE,0,0,0,0,2026-02-03 17:48:08,NO,YES,NO
CISADM,F1_DEPLOYMENT_TYPE_L,,TABLE,0,0,0,0,2026-02-03 17:48:08,NO,YES,NO
CISADM,F1_DEPTYP_DEPPART,,TABLE,0,0,0,0,2026-02-03 17:48:08,NO,YES,NO
CISADM,F1_DEPTYP_MDT_TYPE,,TABLE,0,0,0,0,2026-02-03 17:48:08,NO,YES,NO
CISADM,F1_DEPTYP_MSG_CAT,,TABLE,0,0,0,0,2026-02-03 17:48:08,NO,YES,NO
CISADM,F1_DEPTYP_USR_GRP,,TABLE,0,0,0,0,2026-02-03 17:48:08,NO,YES,NO
CISADM,F1_ERASURE_SCHED,,TABLE,0,0,0,0,2026-02-03 17:48:08,NO,YES,NO
CISADM,F1_ERASURE_SCHED_K,,TABLE,0,,0,0,2026-02-03 17:48:08,NO,YES,NO
CISADM,F1_ERASURE_SCHED_LOG,,TABLE,0,0,0,0,2026-02-03 17:48:08,NO,YES,NO
CISADM,F1_ERASURE_SCHED_LOG_PARM,,TABLE,0,0,0,0,2026-02-03 17:48:08,NO,YES,NO
CISADM,F1_ETL_MP_CTRL,,TABLE,0,0,0,0,2026-02-03 17:48:08,NO,YES,NO
CISADM,F1_EXTSYS_OUTMSG_PROF,,TABLE,10,4,96,10,2026-02-03 17:48:08,NO,YES,NO
CISADM,F1_EXT_LOOKUP_VAL,,TABLE,2636,112,241,2636,2026-02-04 05:00:49,NO,YES,NO
CISADM,F1_EXT_LOOKUP_VAL_CHAR,,TABLE,723,32,105,723,2026-02-04 05:00:45,NO,YES,NO
CISADM,F1_EXT_LOOKUP_VAL_L,,TABLE,5275,109,93,5275,2026-02-03 17:48:08,NO,YES,NO
CISADM,F1_FACT,,TABLE,26,8,1031,26,2026-02-03 17:48:09,NO,YES,NO
CISADM,F1_FACT_CHAR,,TABLE,9,4,62,9,2026-02-03 17:48:09,NO,YES,NO
CISADM,F1_FACT_K,,TABLE,26,,18,26,2026-02-03 17:48:09,NO,YES,NO
CISADM,F1_FACT_LOG,,TABLE,26,4,106,26,2026-02-03 17:48:09,NO,YES,NO
CISADM,F1_FACT_LOG_PARM,,TABLE,0,0,0,0,2026-02-03 17:48:09,NO,YES,NO
CISADM,F1_FILE_INT_REC,,TABLE,7,8,121,7,2026-02-04 05:00:41,NO,YES,NO
CISADM,F1_FILE_INT_REC_ALG,,TABLE,7,8,65,7,2026-02-04 05:00:39,NO,YES,NO
CISADM,F1_FILE_INT_REC_L,,TABLE,14,8,134,14,2026-02-03 17:48:09,NO,YES,NO
CISADM,F1_FILE_INT_TYPE,,TABLE,7,8,71,7,2026-02-04 05:00:40,NO,YES,NO
CISADM,F1_FILE_INT_TYPE_L,,TABLE,14,8,113,14,2026-02-03 17:48:09,NO,YES,NO
CISADM,F1_GENERIC_GTT,,TABLE,,,,,,,NO,NO
CISADM,F1_GEN_PROC,,TABLE,152399,2987,74,152399,2026-02-03 17:48:09,NO,YES,NO
CISADM,F1_GEN_PROC_K,,TABLE,152399,,20,152399,2026-02-03 17:48:10,NO,YES,NO
CISADM,F1_GNRL_AUDIT,,TABLE,0,0,0,0,2026-02-03 17:48:10,NO,YES,NO
CISADM,F1_GNRL_AUDIT_CHAR,,TABLE,0,0,0,0,2026-02-03 17:48:10,NO,YES,NO
CISADM,F1_GNRL_AUDIT_K,,TABLE,0,,0,0,2026-02-03 17:48:10,NO,YES,NO
CISADM,F1_GNRL_AUDIT_VAL,,TABLE,0,0,0,0,2026-02-03 17:48:10,NO,YES,NO
CISADM,F1_INSIGHT_GRP,,TABLE,5,8,55,5,2026-02-04 05:00:40,NO,YES,NO
CISADM,F1_INSIGHT_GRP_CHAR,,TABLE,0,0,0,0,2026-02-03 17:48:10,NO,YES,NO
CISADM,F1_INSIGHT_GRP_L,,TABLE,10,8,131,10,2026-02-03 17:48:10,NO,YES,NO
CISADM,F1_INSIGHT_GRP_TYPE,,TABLE,30,8,39,30,2026-02-03 17:48:10,NO,YES,NO
CISADM,F1_INSIGHT_GRP_VISUAL_STR,,TABLE,9,8,23,9,2026-02-03 17:48:10,NO,YES,NO
CISADM,F1_INSIGHT_TYPE,,TABLE,64,8,66,64,2026-02-04 05:00:41,NO,YES,NO
CISADM,F1_INSIGHT_TYPE_ALG,,TABLE,64,8,46,64,2026-02-04 05:00:38,NO,YES,NO
CISADM,F1_INSIGHT_TYPE_CHAR,,TABLE,0,0,0,0,2026-02-03 17:48:10,NO,YES,NO
CISADM,F1_INSIGHT_TYPE_L,,TABLE,128,8,71,128,2026-02-03 17:48:10,NO,YES,NO
CISADM,F1_INSIGHT_TYPE_USER_ACT,,TABLE,27,8,58,27,2026-02-04 05:00:40,NO,YES,NO
CISADM,F1_INSIGHT_TYPE_USER_ACT_ALG,,TABLE,0,0,0,0,2026-02-03 17:48:10,NO,YES,NO
CISADM,F1_INSIGHT_TYPE_VISUAL_SETTING,,TABLE,160,8,80,160,2026-02-04 05:00:41,NO,YES,NO
CISADM,F1_INSTALLATION,,TABLE,1,4,138,1,2026-03-19 05:00:16,NO,YES,NO
CISADM,F1_IWS_ANN,,TABLE,2,4,61,2,2026-02-04 05:00:41,NO,YES,NO
CISADM,F1_IWS_ANN_L,,TABLE,4,8,114,4,2026-02-03 17:48:10,NO,YES,NO
CISADM,F1_IWS_ANN_PARM,,TABLE,4,4,73,4,2026-02-04 05:00:39,NO,YES,NO
CISADM,F1_IWS_ANN_TYPE,,TABLE,5,4,97,5,2026-02-04 05:00:38,NO,YES,NO
CISADM,F1_IWS_ANN_TYPE_L,,TABLE,10,8,165,10,2026-02-03 17:48:11,NO,YES,NO
CISADM,F1_IWS_ANN_TYPE_PARM,,TABLE,7,4,79,7,2026-02-04 05:00:39,NO,YES,NO
CISADM,F1_IWS_ANN_TYPE_PARM_L,,TABLE,14,8,252,14,2026-02-03 17:48:11,NO,YES,NO
CISADM,F1_IWS_SVC,,TABLE,571,24,108,571,2026-02-04 05:00:44,NO,YES,NO
CISADM,F1_IWS_SVC_ANN,,TABLE,33,8,40,33,2026-02-03 17:48:11,NO,YES,NO
CISADM,F1_IWS_SVC_CHAR,,TABLE,0,0,0,0,2026-02-03 17:48:11,NO,YES,NO
CISADM,F1_IWS_SVC_FLDTEXT,,TABLE,2966,110,182,2966,2026-02-04 05:00:50,NO,YES,NO
CISADM,F1_IWS_SVC_L,,TABLE,1140,54,240,1140,2026-02-03 17:48:11,NO,YES,NO
CISADM,F1_IWS_SVC_LOG,,TABLE,37,8,123,37,2026-02-03 17:48:11,NO,YES,NO
CISADM,F1_IWS_SVC_LOG_PARM,,TABLE,81,4,53,81,2026-02-03 17:48:11,NO,YES,NO
CISADM,F1_IWS_SVC_OPER,,TABLE,767,64,215,767,2026-02-04 05:00:46,NO,YES,NO
CISADM,F1_IWS_SVC_OPER_L,,TABLE,1530,31,80,1530,2026-02-03 17:48:11,NO,YES,NO
CISADM,F1_IWS_SVC_OPER_OPT,,TABLE,7,8,3900,7,2026-02-04 05:00:38,NO,YES,NO
CISADM,F1_IWS_SVC_OPER_PARM,,TABLE,177,32,314,177,2026-02-04 05:00:45,NO,YES,NO
CISADM,F1_IWS_SVC_SCHEMA,,TABLE,219,39,898,219,2026-02-03 17:48:11,NO,YES,NO
CISADM,F1_KEY_HASH,,TABLE,2,4,76,2,2026-02-03 17:48:12,NO,YES,NO
CISADM,F1_LGCY_OBJ,,TABLE,1357,31,80,1357,2026-02-03 17:48:12,NO,YES,NO
CISADM,F1_MANAG_CONTENT,,TABLE,192,48,1356,192,2026-02-03 17:48:12,NO,YES,NO
CISADM,F1_MANAG_CONTENT_L,,TABLE,384,16,132,384,2026-02-03 17:48:12,NO,YES,NO
CISADM,F1_MAP,,TABLE,5697,896,971,5697,2026-02-04 05:01:00,NO,YES,NO
CISADM,F1_MAP_L,,TABLE,11388,254,103,11388,2026-02-03 17:48:12,NO,YES,NO
CISADM,F1_MAP_OVRD,,TABLE,1,4,39,1,2026-02-03 17:48:12,NO,YES,NO
CISADM,F1_MDT,,TABLE,0,0,0,0,2026-02-03 17:48:12,NO,YES,NO
CISADM,F1_MDT_CHAR,,TABLE,0,0,0,0,2026-02-03 17:48:12,NO,YES,NO
CISADM,F1_MDT_K,,TABLE,0,,0,0,2026-02-03 17:48:12,NO,YES,NO
CISADM,F1_MDT_TYPE,,TABLE,0,0,0,0,2026-02-03 17:48:12,NO,YES,NO
CISADM,F1_MDT_TYPE_CHAR,,TABLE,0,0,0,0,2026-02-03 17:48:12,NO,YES,NO
CISADM,F1_MDT_TYPE_L,,TABLE,0,0,0,0,2026-02-03 17:48:12,NO,YES,NO
CISADM,F1_MD_BI_TBL,,TABLE,245,16,112,245,2026-02-04 05:00:43,NO,YES,NO
CISADM,F1_MD_BI_TBL_FLD,,TABLE,2752,128,125,2752,2026-02-04 05:00:51,NO,YES,NO
CISADM,F1_MD_BI_TBL_L,,TABLE,490,16,65,490,2026-02-03 17:48:12,NO,YES,NO
CISADM,F1_MD_DB_OBJ,,TABLE,8,4,27,8,2026-02-03 17:48:12,NO,YES,NO
CISADM,F1_MIGR_DATA_ST,,TABLE,582,40,385,582,2026-02-03 17:48:12,NO,YES,NO
CISADM,F1_MIGR_DATA_ST_ALG,,TABLE,0,0,0,0,2026-02-03 17:48:13,NO,YES,NO
CISADM,F1_MIGR_DATA_ST_K,,TABLE,582,,20,582,2026-02-03 17:48:13,NO,YES,NO
CISADM,F1_MIGR_DATA_ST_LOG,,TABLE,3080,119,107,3080,2026-02-03 17:48:13,NO,YES,NO
CISADM,F1_MIGR_DATA_ST_LOG_PARM,,TABLE,3020,40,43,3020,2026-02-03 17:48:13,NO,YES,NO
CISADM,F1_MIGR_DATA_ST_TBL,,TABLE,1021,62,334,1021,2026-02-03 17:48:13,NO,YES,NO
CISADM,F1_MIGR_OBJ,,TABLE,91630,5370,182,91630,2026-02-03 17:48:13,NO,YES,NO
CISADM,F1_MIGR_OBJ_ALG,,TABLE,632,16,39,632,2026-02-03 17:48:14,NO,YES,NO
CISADM,F1_MIGR_OBJ_CLOB,,TABLE,9539,1402,893,9539,2026-02-03 17:48:14,NO,YES,NO
CISADM,F1_MIGR_OBJ_DATA,,TABLE,14879,1882,824,14879,2026-02-03 17:48:14,NO,YES,NO
CISADM,F1_MIGR_OBJ_K,,TABLE,91630,,20,91630,2026-02-03 17:48:15,NO,YES,NO
CISADM,F1_MIGR_OBJ_LOG,,TABLE,304219,10236,106,304219,2026-02-03 17:48:15,NO,YES,NO
CISADM,F1_MIGR_OBJ_LOG_PARM,,TABLE,304239,3192,39,304239,2026-02-03 17:48:16,NO,YES,NO
CISADM,F1_MIGR_OBJ_SQL,,TABLE,138365,5456,246,138365,2026-02-03 17:48:16,NO,YES,NO
CISADM,F1_MIGR_OBJ_SQL_PK,,TABLE,315795,5094,65,315795,2026-02-03 17:48:17,NO,YES,NO
CISADM,F1_MIGR_PLAN,,TABLE,537,24,70,537,2026-02-04 05:00:44,NO,YES,NO
CISADM,F1_MIGR_PLAN_INSTR,,TABLE,2218,128,183,2218,2026-02-04 05:00:51,NO,YES,NO
CISADM,F1_MIGR_PLAN_INSTR_ALG,,TABLE,6,8,63,6,2026-02-04 05:00:39,NO,YES,NO
CISADM,F1_MIGR_PLAN_INSTR_L,,TABLE,4436,79,68,4436,2026-02-03 17:48:18,NO,YES,NO
CISADM,F1_MIGR_PLAN_L,,TABLE,1074,31,133,1074,2026-02-03 17:48:18,NO,YES,NO
CISADM,F1_MIGR_REQ,,TABLE,115,8,77,115,2026-03-17 05:00:12,NO,YES,NO
CISADM,F1_MIGR_REQ_INCL_REQ,,TABLE,34,5,70,34,2026-02-04 05:00:38,NO,YES,NO
CISADM,F1_MIGR_REQ_INSTR,,TABLE,10935,384,82,10935,2026-02-04 05:00:55,NO,YES,NO
CISADM,F1_MIGR_REQ_INSTR_ENTITY,,TABLE,10434,384,77,10434,2026-03-17 05:00:14,NO,YES,NO
CISADM,F1_MIGR_REQ_INSTR_L,,TABLE,21870,382,49,21870,2026-02-03 17:48:18,NO,YES,NO
CISADM,F1_MIGR_REQ_L,,TABLE,226,16,169,226,2026-02-03 17:48:18,NO,YES,NO
CISADM,F1_MIGR_TRANS,,TABLE,14375,510,158,14375,2026-02-03 17:48:19,NO,YES,NO
CISADM,F1_MIGR_TRANS_K,,TABLE,14375,,20,14375,2026-02-03 17:48:19,NO,YES,NO
CISADM,F1_MIGR_TRANS_LOG,,TABLE,38471,1146,106,38471,2026-02-03 17:48:19,NO,YES,NO
CISADM,F1_MIGR_TRANS_LOG_PARM,,TABLE,37331,508,40,37331,2026-02-03 17:48:19,NO,YES,NO
CISADM,F1_MKTCFG,,TABLE,0,0,0,0,2026-02-03 17:48:20,NO,YES,NO
CISADM,F1_MKTCFG_CHAR,,TABLE,0,0,0,0,2026-02-03 17:48:20,NO,YES,NO
CISADM,F1_MKTCFG_L,,TABLE,0,0,0,0,2026-02-03 17:48:20,NO,YES,NO
CISADM,F1_MKTMSG_IN,,TABLE,0,0,0,0,2026-02-03 17:48:20,NO,YES,NO
CISADM,F1_MKTMSG_IN_CHAR,,TABLE,0,0,0,0,2026-02-03 17:48:20,NO,YES,NO
CISADM,F1_MKTMSG_IN_DATA,,TABLE,0,0,0,0,2026-02-03 17:48:20,NO,YES,NO
CISADM,F1_MKTMSG_IN_EXT_REF,,TABLE,0,0,0,0,2026-02-03 17:48:20,NO,YES,NO
CISADM,F1_MKTMSG_IN_ID,,TABLE,0,0,0,0,2026-02-03 17:48:20,NO,YES,NO
CISADM,F1_MKTMSG_IN_K,,TABLE,0,,0,0,2026-02-03 17:48:20,NO,YES,NO
CISADM,F1_MKTMSG_IN_LOG,,TABLE,0,0,0,0,2026-02-03 17:48:20,NO,YES,NO
CISADM,F1_MKTMSG_IN_LOG_PARM,,TABLE,0,0,0,0,2026-02-03 17:48:20,NO,YES,NO
CISADM,F1_MKTMSG_IN_REL_OBJ,,TABLE,0,0,0,0,2026-02-03 17:48:20,NO,YES,NO
CISADM,F1_MKTMSG_OUT,,TABLE,0,0,0,0,2026-02-03 17:48:20,NO,YES,NO
CISADM,F1_MKTMSG_OUT_CHAR,,TABLE,0,0,0,0,2026-02-03 17:48:20,NO,YES,NO
CISADM,F1_MKTMSG_OUT_DATA,,TABLE,0,0,0,0,2026-02-03 17:48:20,NO,YES,NO
CISADM,F1_MKTMSG_OUT_EXT_REF,,TABLE,0,0,0,0,2026-02-03 17:48:20,NO,YES,NO
CISADM,F1_MKTMSG_OUT_ID,,TABLE,0,0,0,0,2026-02-03 17:48:20,NO,YES,NO
CISADM,F1_MKTMSG_OUT_K,,TABLE,0,,0,0,2026-02-03 17:48:20,NO,YES,NO
CISADM,F1_MKTMSG_OUT_LOG,,TABLE,0,0,0,0,2026-02-03 17:48:20,NO,YES,NO
CISADM,F1_MKTMSG_OUT_LOG_PARM,,TABLE,0,0,0,0,2026-02-03 17:48:20,NO,YES,NO
CISADM,F1_MKTMSG_OUT_REL_OBJ,,TABLE,0,0,0,0,2026-02-03 17:48:20,NO,YES,NO
CISADM,F1_MKTMSG_TYPE,,TABLE,0,0,0,0,2026-02-03 17:48:20,NO,YES,NO
CISADM,F1_MKTMSG_TYPE_CHAR,,TABLE,0,0,0,0,2026-02-03 17:48:20,NO,YES,NO
CISADM,F1_MKTMSG_TYPE_L,,TABLE,0,0,0,0,2026-02-03 17:48:20,NO,YES,NO
CISADM,F1_MKTPROC,,TABLE,0,0,0,0,2026-02-03 17:48:20,NO,YES,NO
CISADM,F1_MKTPROC_CHAR,,TABLE,0,0,0,0,2026-02-03 17:48:20,NO,YES,NO
CISADM,F1_MKTPROC_EVT,,TABLE,0,0,0,0,2026-02-03 17:48:20,NO,YES,NO
CISADM,F1_MKTPROC_EVT_CHAR,,TABLE,0,0,0,0,2026-02-03 17:48:20,NO,YES,NO
CISADM,F1_MKTPROC_EVT_K,,TABLE,0,,0,0,2026-02-03 17:48:20,NO,YES,NO
CISADM,F1_MKTPROC_EVT_LOG,,TABLE,0,0,0,0,2026-02-03 17:48:20,NO,YES,NO
CISADM,F1_MKTPROC_EVT_LOG_PARM,,TABLE,0,0,0,0,2026-02-03 17:48:20,NO,YES,NO
CISADM,F1_MKTPROC_EVT_REL_OBJ,,TABLE,0,0,0,0,2026-02-03 17:48:20,NO,YES,NO
CISADM,F1_MKTPROC_ID,,TABLE,0,0,0,0,2026-02-03 17:48:20,NO,YES,NO
CISADM,F1_MKTPROC_K,,TABLE,0,,0,0,2026-02-03 17:48:20,NO,YES,NO
CISADM,F1_MKTPROC_LOG,,TABLE,0,0,0,0,2026-02-03 17:48:20,NO,YES,NO
CISADM,F1_MKTPROC_LOG_PARM,,TABLE,0,0,0,0,2026-02-03 17:48:20,NO,YES,NO
CISADM,F1_MKTPROC_REL_OBJ,,TABLE,0,0,0,0,2026-02-03 17:48:20,NO,YES,NO
CISADM,F1_MKTPROC_REL_PROC,,TABLE,0,0,0,0,2026-02-03 17:48:20,NO,YES,NO
CISADM,F1_MKTPROC_TYPE,,TABLE,0,0,0,0,2026-02-03 17:48:20,NO,YES,NO
CISADM,F1_MKTPROC_TYPE_CHAR,,TABLE,0,0,0,0,2026-02-03 17:48:20,NO,YES,NO
CISADM,F1_MKTPROC_TYPE_EVT,,TABLE,0,0,0,0,2026-02-03 17:48:20,NO,YES,NO
CISADM,F1_MKTPROC_TYPE_L,,TABLE,0,0,0,0,2026-02-03 17:48:20,NO,YES,NO
CISADM,F1_MOBILE_COMPONENT,,TABLE,81,5,82,81,2026-02-04 05:00:37,NO,YES,NO
CISADM,F1_MOBILE_COMPONENT_L,,TABLE,162,8,121,162,2026-02-03 17:48:20,NO,YES,NO
CISADM,F1_MOB_COMP_CHAR,,TABLE,4,4,58,4,2026-02-03 17:48:21,NO,YES,NO
CISADM,F1_MOB_COMP_CNT,,TABLE,139,30,1204,139,2026-02-03 17:48:21,NO,YES,NO
CISADM,F1_MO_UPD,,TABLE,0,0,0,0,2026-02-03 17:48:21,NO,YES,NO
CISADM,F1_MO_UPD_BACKLOG,,TABLE,0,0,0,0,2026-02-03 17:48:21,NO,YES,NO
CISADM,F1_MO_UPD_BACKUP,,TABLE,0,0,0,0,2026-02-03 17:48:21,NO,YES,NO
CISADM,F1_MST_CONFIG,,TABLE,24,8,891,24,2026-02-05 05:00:30,NO,YES,NO
CISADM,F1_OBJ_REV,,TABLE,0,0,0,0,2026-02-03 17:48:21,NO,YES,NO
CISADM,F1_OBJ_REV_CHAR,,TABLE,0,0,0,0,2026-02-03 17:48:21,NO,YES,NO
CISADM,F1_OBJ_REV_LOG,,TABLE,0,0,0,0,2026-02-03 17:48:21,NO,YES,NO
CISADM,F1_OBJ_REV_LOG_PARM,,TABLE,0,0,0,0,2026-02-03 17:48:21,NO,YES,NO
CISADM,F1_OUTMSG,,TABLE,67832,19432,1210,67832,2026-02-13 05:00:15,NO,YES,NO
CISADM,F1_OUTMSG_ERRPARM,,TABLE,13982,1014,133,13982,2026-02-03 17:48:22,NO,YES,NO
CISADM,F1_OUTMSG_K,,TABLE,67817,,18,67817,2026-02-03 17:48:22,NO,YES,NO
CISADM,F1_OUTMSG_TYPE,,TABLE,102,8,88,102,2026-02-04 05:00:37,NO,YES,NO
CISADM,F1_OUTMSG_TYPE_L,,TABLE,204,8,85,204,2026-02-03 17:48:22,NO,YES,NO
CISADM,F1_PERF_TGT,,TABLE,7,5,204,7,2026-02-03 17:48:22,NO,YES,NO
CISADM,F1_PERF_TGT_CHAR,,TABLE,0,0,0,0,2026-02-03 17:48:22,NO,YES,NO
CISADM,F1_PERF_TGT_L,,TABLE,14,5,44,14,2026-02-03 17:48:22,NO,YES,NO
CISADM,F1_PERF_TGT_LOG,,TABLE,23,5,62,23,2026-02-03 17:48:22,NO,YES,NO
CISADM,F1_PERF_TGT_LOG_PARM,,TABLE,23,5,35,23,2026-02-03 17:48:22,NO,YES,NO
CISADM,F1_PERF_TGT_REL_OBJ,,TABLE,9,5,43,9,2026-02-03 17:48:22,NO,YES,NO
CISADM,F1_PERF_TGT_TYPE,,TABLE,2,8,104,2,2026-02-04 05:00:37,NO,YES,NO
CISADM,F1_PERF_TGT_TYPE_CHAR,,TABLE,0,0,0,0,2026-02-03 17:48:22,NO,YES,NO
CISADM,F1_PERF_TGT_TYPE_L,,TABLE,4,8,66,4,2026-02-03 17:48:22,NO,YES,NO
CISADM,F1_PROC_DEFN,,TABLE,12,8,238,12,2026-02-05 05:00:36,NO,YES,NO
CISADM,F1_PROC_DEFN_L,,TABLE,24,8,62,24,2026-02-03 17:48:23,NO,YES,NO
CISADM,F1_PROC_NEXT_PANEL,,TABLE,36,8,86,36,2026-02-04 05:00:38,NO,YES,NO
CISADM,F1_PROC_PANEL,,TABLE,48,8,185,48,2026-02-04 05:00:40,NO,YES,NO
CISADM,F1_PROC_STORE,,TABLE,2537,384,791,2537,2026-02-03 17:48:23,NO,YES,NO
CISADM,F1_PROC_STORE_DTL_ELEMENTS,,TABLE,6448,96,52,6448,2026-02-03 17:48:23,NO,YES,NO
CISADM,F1_PROC_STORE_K,,TABLE,2537,,20,2537,2026-02-03 17:48:23,NO,YES,NO
CISADM,F1_PROC_STORE_LOG,,TABLE,4444,87,66,4444,2026-02-03 17:48:23,NO,YES,NO
CISADM,F1_PROC_STORE_LOG_PARM,,TABLE,4444,56,39,4444,2026-02-03 17:48:23,NO,YES,NO
CISADM,F1_REDACTION_RULE,,TABLE,0,0,0,0,2026-02-03 17:48:23,NO,YES,NO
CISADM,F1_REDACTION_RULE_L,,TABLE,0,0,0,0,2026-02-03 17:48:23,NO,YES,NO
CISADM,F1_REMOTE_MSG,,TABLE,0,0,0,0,2026-02-03 17:48:23,NO,YES,NO
CISADM,F1_REMOTE_MSG_CHAR,,TABLE,0,0,0,0,2026-02-03 17:48:23,NO,YES,NO
CISADM,F1_REMOTE_MSG_K,,TABLE,0,,0,0,2026-02-03 17:48:23,NO,YES,NO
CISADM,F1_REMOTE_MSG_LOG,,TABLE,0,0,0,0,2026-02-03 17:48:23,NO,YES,NO
CISADM,F1_REMOTE_MSG_LOG_PARM,,TABLE,0,0,0,0,2026-02-03 17:48:23,NO,YES,NO
CISADM,F1_REQ,,TABLE,14,8,955,14,2026-02-05 05:00:11,NO,YES,NO
CISADM,F1_REQ_CHAR,,TABLE,4,8,44,4,2026-02-03 17:48:23,NO,YES,NO
CISADM,F1_REQ_K,,TABLE,14,,18,14,2026-02-05 05:00:17,NO,YES,NO
CISADM,F1_REQ_LOG,,TABLE,35,8,104,35,2026-02-05 05:00:16,NO,YES,NO
CISADM,F1_REQ_LOG_PARM,,TABLE,35,8,37,35,2026-02-05 05:00:17,NO,YES,NO
CISADM,F1_REQ_TYPE,,TABLE,2,8,652,2,2026-02-04 05:00:37,NO,YES,NO
CISADM,F1_REQ_TYPE_L,,TABLE,4,8,46,4,2026-02-03 17:48:24,NO,YES,NO
CISADM,F1_REQ_TYPE_LOG,,TABLE,2,8,110,2,2026-02-03 17:48:24,NO,YES,NO
CISADM,F1_REQ_TYPE_LOG_PARM,,TABLE,4,8,38,4,2026-02-03 17:48:24,NO,YES,NO
CISADM,F1_SCHEMA,,TABLE,24258,3452,901,24258,2026-02-03 17:48:24,NO,YES,NO
CISADM,F1_STATS,,TABLE,16,8,129,16,2026-02-03 17:48:24,NO,YES,NO
CISADM,F1_STATS_CHAR,,TABLE,0,0,0,0,2026-02-03 17:48:24,NO,YES,NO
CISADM,F1_STATS_L,,TABLE,23,8,86,23,2026-02-03 17:48:24,NO,YES,NO
CISADM,F1_STATS_LOG,,TABLE,42,8,82,42,2026-02-03 17:48:24,NO,YES,NO
CISADM,F1_STATS_LOG_PARM,,TABLE,70,8,47,70,2026-02-03 17:48:24,NO,YES,NO
CISADM,F1_STATS_REL_OBJ,,TABLE,0,0,0,0,2026-02-03 17:48:24,NO,YES,NO
CISADM,F1_STATS_SNPSHT,,TABLE,80,13,532,80,2026-02-03 17:48:24,NO,YES,NO
CISADM,F1_STATS_SNPSHT_CHAR,,TABLE,0,0,0,0,2026-02-03 17:48:24,NO,YES,NO
CISADM,F1_STATS_SNPSHT_K,,TABLE,54,,18,54,2026-02-03 17:48:24,NO,YES,NO
CISADM,F1_STATS_SNPSHT_LOG,,TABLE,108,5,64,108,2026-02-03 17:48:24,NO,YES,NO
CISADM,F1_STATS_SNPSHT_LOG_PARM,,TABLE,108,5,36,108,2026-02-03 17:48:24,NO,YES,NO
CISADM,F1_STATS_SNPSHT_REL_OBJ,,TABLE,0,0,0,0,2026-02-03 17:48:25,NO,YES,NO
CISADM,F1_SVC_CATALOG,,TABLE,0,0,0,0,2026-02-03 17:48:25,NO,YES,NO
CISADM,F1_SVC_TASK,,TABLE,59092,3838,425,59092,2026-02-03 17:48:25,NO,YES,NO
CISADM,F1_SVC_TASK_CHAR,,TABLE,224999,4990,89,224999,2026-02-03 17:48:26,NO,YES,NO
CISADM,F1_SVC_TASK_K,,TABLE,59092,,20,59092,2026-02-03 17:48:26,NO,YES,NO
CISADM,F1_SVC_TASK_LOG,,TABLE,271848,11256,109,271848,2026-02-03 17:48:26,NO,YES,NO
CISADM,F1_SVC_TASK_LOG_PARM,,TABLE,210510,2934,39,210510,2026-02-03 17:48:27,NO,YES,NO
CISADM,F1_SVC_TASK_REL_OBJ,,TABLE,105900,1664,54,105900,2026-02-03 17:48:28,NO,YES,NO
CISADM,F1_SVC_TASK_TYPE,,TABLE,72,24,1329,72,2026-02-04 05:00:44,NO,YES,NO
CISADM,F1_SVC_TASK_TYPE_CHAR,,TABLE,5,4,62,5,2026-03-28 05:00:12,NO,YES,NO
CISADM,F1_SVC_TASK_TYPE_L,,TABLE,144,8,65,144,2026-02-03 17:48:29,NO,YES,NO
CISADM,F1_SYNC_REQ,,TABLE,123918,39932,1728,123918,2026-02-03 17:48:29,NO,YES,NO
CISADM,F1_SYNC_REQ_CHAR,,TABLE,0,0,0,0,2026-02-03 17:48:32,NO,YES,NO
CISADM,F1_SYNC_REQ_EXTRACT,,TABLE,0,0,0,0,2026-02-03 17:48:32,NO,YES,NO
CISADM,F1_SYNC_REQ_IN,,TABLE,33410,33788,5686,33410,2026-02-04 05:01:15,NO,YES,NO
CISADM,F1_SYNC_REQ_IN_CHAR,,TABLE,335,11,76,335,2026-02-03 17:48:33,NO,YES,NO
CISADM,F1_SYNC_REQ_IN_EXCP,,TABLE,9,8,30,9,2026-03-28 05:00:09,NO,YES,NO
CISADM,F1_SYNC_REQ_IN_EXCP_PARM,,TABLE,0,5,0,0,2026-02-03 17:48:33,NO,YES,NO
CISADM,F1_SYNC_REQ_IN_K,,TABLE,33410,,20,33410,2026-02-03 17:48:33,NO,YES,NO
CISADM,F1_SYNC_REQ_IN_LOG,,TABLE,232920,8192,106,232920,2026-02-03 17:48:33,NO,YES,NO
CISADM,F1_SYNC_REQ_IN_LOG_PARM,,TABLE,232920,2560,42,232920,2026-02-03 17:48:34,NO,YES,NO
CISADM,F1_SYNC_REQ_IN_REL_OBJ,,TABLE,0,0,0,0,2026-02-03 17:48:34,NO,YES,NO
CISADM,F1_SYNC_REQ_K,,TABLE,123918,,20,123918,2026-02-03 17:48:34,NO,YES,NO
CISADM,F1_SYNC_REQ_LOG,,TABLE,466986,16384,108,466986,2026-02-03 17:48:34,NO,YES,NO
CISADM,F1_SYNC_REQ_LOG_PARM,,TABLE,408678,4608,44,408678,2026-02-03 17:48:37,NO,YES,NO
CISADM,F1_TAG,,TABLE,1,5,76,1,2026-02-04 05:00:36,NO,YES,NO
CISADM,F1_TAGGED_ENTITY,,TABLE,26,5,77,26,2026-02-04 05:00:37,NO,YES,NO
CISADM,F1_TAG_CHAR,,TABLE,0,0,0,0,2026-02-03 17:48:38,NO,YES,NO
CISADM,F1_TAG_L,,TABLE,2,5,107,2,2026-02-03 17:48:38,NO,YES,NO
CISADM,F1_TIME_D,,TABLE,0,0,0,0,2026-02-03 17:48:38,NO,YES,NO
CISADM,F1_TREE,,TABLE,16,8,75,16,2026-02-04 05:00:38,NO,YES,NO
CISADM,F1_TREE_L,,TABLE,32,8,66,32,2026-02-03 17:48:38,NO,YES,NO
CISADM,F1_TREE_NODE,,TABLE,165,16,133,165,2026-02-04 05:00:41,NO,YES,NO
CISADM,F1_TREE_NODE_ALG,,TABLE,195,16,91,195,2026-02-04 05:00:41,NO,YES,NO
CISADM,F1_TREE_NODE_L,,TABLE,330,16,89,330,2026-02-03 17:48:38,NO,YES,NO
CISADM,F1_TSPACE_ENTRY,,TABLE,168,64,1749,168,2026-03-26 05:00:13,NO,YES,NO
CISADM,F1_WEB_CAT,,TABLE,29,8,49,29,2026-02-04 05:00:39,NO,YES,NO
CISADM,F1_WEB_CAT_INCL_SVC,,TABLE,527,16,56,527,2026-02-04 05:00:41,NO,YES,NO
CISADM,F1_WEB_CAT_L,,TABLE,58,8,40,58,2026-02-03 17:48:38,NO,YES,NO
CISADM,F1_WEB_SVC,,TABLE,0,0,0,0,2026-02-03 17:48:38,NO,YES,NO
CISADM,F1_WEB_SVC_CHAR,,TABLE,0,0,0,0,2026-02-03 17:48:38,NO,YES,NO
CISADM,F1_WEB_SVC_GTT,,TABLE,,,,,,,NO,NO
CISADM,F1_WEB_SVC_L,,TABLE,0,0,0,0,2026-02-03 17:48:38,NO,YES,NO
CISADM,F1_WEB_SVC_LOG,,TABLE,0,0,0,0,2026-02-03 17:48:38,NO,YES,NO
CISADM,F1_WEB_SVC_LOG_PARM,,TABLE,0,0,0,0,2026-02-03 17:48:38,NO,YES,NO
CISADM,F1_WEB_SVC_OPERATIONS,,TABLE,0,0,0,0,2026-02-03 17:48:38,NO,YES,NO
CISADM,FIELD_ACTIVITY_RPT_CURR,,TABLE,5210,370,396,5210,2026-06-06 05:00:17,NO,YES,NO
CISADM,FT_GL_DISTRIBUTION_RPT_CURR,,TABLE,108865,11627,689,108865,2026-06-06 21:09:56,NO,YES,NO
CISADM,FT_RPT_CURR,,TABLE,62986,3142,354,62986,2026-06-04 05:00:25,NO,YES,NO
CISADM,NEW_SERVICE_PIPELINE_RPT_CURR,,TABLE,6643,622,536,6643,2026-06-06 05:00:18,NO,YES,NO
CISADM,OPS_EXCEPTION_RPT_CURR,,TABLE,560109,32537,396,560109,2026-06-06 05:00:22,NO,YES,NO
CISADM,PAY_EVENT_RPT_CURR,,TABLE,39701,1504,261,39701,2026-06-06 05:00:18,NO,YES,NO
CISADM,SA_AGED_BAL_RPT_CURR,,TABLE,5408,370,368,5408,2026-06-06 05:00:17,NO,YES,NO
CISADM,SC_ACCESS_CNTL,,TABLE,36927,894,55,36927,2026-02-03 17:48:38,NO,YES,NO
CISADM,SC_APP_SERVICE,,TABLE,3106,48,29,3106,2026-02-18 05:00:25,NO,YES,NO
CISADM,SC_APP_SERVICE_L,,TABLE,6212,78,64,6212,2026-02-18 05:00:26,NO,YES,NO
CISADM,SC_USER,,TABLE,147,12,238,147,2026-04-24 05:00:12,NO,YES,NO
CISADM,SC_USER_CHAR,,TABLE,64,8,67,64,2026-02-03 17:48:39,NO,YES,NO
CISADM,SC_USER_GROUP,,TABLE,57,8,29,57,2026-05-14 05:00:14,NO,YES,NO
CISADM,SC_USER_GROUP_L,,TABLE,114,8,52,114,2026-02-03 17:48:39,NO,YES,NO
CISADM,SC_USR_GRP_PROF,,TABLE,12962,384,58,12962,2026-02-03 17:48:39,NO,YES,NO
CISADM,SC_USR_GRP_USR,,TABLE,385,16,46,385,2026-02-03 17:48:39,NO,YES,NO
CISADM,SEC_INVENTORY,,TABLE,0,0,0,0,2026-02-03 17:48:39,NO,YES,NO
CISADM,TMP_TAB_CNV_SA_PREM,,TABLE,47550,802,38,47550,2026-02-03 17:48:39,NO,YES,NO
CISADM,W1_ACPT_LINE,,TABLE,0,0,0,0,2026-02-03 17:48:40,NO,YES,NO
CISADM,W1_ACPT_LINE_ASSET,,TABLE,0,0,0,0,2026-02-03 17:48:40,NO,YES,NO
CISADM,W1_ACPT_LINE_CHAR,,TABLE,0,0,0,0,2026-02-03 17:48:40,NO,YES,NO
CISADM,W1_ACPT_LINE_K,,TABLE,0,,0,0,2026-02-03 17:48:40,NO,YES,NO
CISADM,W1_ACPT_LINE_LOG,,TABLE,0,0,0,0,2026-02-03 17:48:40,NO,YES,NO
CISADM,W1_ACPT_LINE_LOG_PARM,,TABLE,0,0,0,0,2026-02-03 17:48:40,NO,YES,NO
CISADM,W1_ACPT_LINE_LOT,,TABLE,0,0,0,0,2026-02-03 17:48:40,NO,YES,NO
CISADM,W1_ACTIVITY,,TABLE,25,8,1046,25,2026-02-05 05:00:12,NO,YES,NO
CISADM,W1_ACTIVITY_ASSET,,TABLE,0,0,0,0,2026-02-03 17:48:40,NO,YES,NO
CISADM,W1_ACTIVITY_ATTACHMENT,,TABLE,0,0,0,0,2026-02-03 17:48:40,NO,YES,NO
CISADM,W1_ACTIVITY_CHAR,,TABLE,0,0,0,0,2026-02-03 17:48:40,NO,YES,NO
CISADM,W1_ACTIVITY_COST_CENTER,,TABLE,0,0,0,0,2026-02-03 17:48:40,NO,YES,NO
CISADM,W1_ACTIVITY_DEPENDENCY,,TABLE,0,0,0,0,2026-02-03 17:48:40,NO,YES,NO
CISADM,W1_ACTIVITY_DOCUMENT,,TABLE,0,0,0,0,2026-02-03 17:48:40,NO,YES,NO
CISADM,W1_ACTIVITY_IDENTIFIER,,TABLE,0,0,0,0,2026-02-03 17:48:40,NO,YES,NO
CISADM,W1_ACTIVITY_K,,TABLE,23,,20,23,2026-02-03 17:48:40,NO,YES,NO
CISADM,W1_ACTIVITY_LOG,,TABLE,71,8,106,71,2026-02-05 05:00:17,NO,YES,NO
CISADM,W1_ACTIVITY_LOG_PARM,,TABLE,65,8,46,65,2026-02-03 17:48:40,NO,YES,NO
CISADM,W1_ACTIVITY_MEASUREMENT_TYPE,,TABLE,0,0,0,0,2026-02-03 17:48:40,NO,YES,NO
CISADM,W1_ACTIVITY_NOTE,,TABLE,0,0,0,0,2026-02-03 17:48:40,NO,YES,NO
CISADM,W1_ACTIVITY_PLAN_SVC_HIST_TYPE,,TABLE,0,0,0,0,2026-02-03 17:48:40,NO,YES,NO
CISADM,W1_ACTIVITY_REL_OBJ,,TABLE,0,0,0,0,2026-02-03 17:48:40,NO,YES,NO
CISADM,W1_ACTIVITY_TYPE,,TABLE,3,4,238,3,2026-02-03 17:48:40,NO,YES,NO
CISADM,W1_ACTIVITY_TYPE_ATTACHMENT,,TABLE,0,0,0,0,2026-02-03 17:48:40,NO,YES,NO
CISADM,W1_ACTIVITY_TYPE_CEVT_TYPE,,TABLE,3,4,73,3,2026-02-03 17:48:40,NO,YES,NO
CISADM,W1_ACTIVITY_TYPE_CHAR,,TABLE,0,0,0,0,2026-02-03 17:48:40,NO,YES,NO
CISADM,W1_ACTIVITY_TYPE_DOCUMENT,,TABLE,0,0,0,0,2026-02-03 17:48:40,NO,YES,NO
CISADM,W1_ACTIVITY_TYPE_IDENTIFIER,,TABLE,0,0,0,0,2026-02-03 17:48:40,NO,YES,NO
CISADM,W1_ACTIVITY_TYPE_L,,TABLE,6,8,73,6,2026-02-03 17:48:40,NO,YES,NO
CISADM,W1_ACTIVITY_TYPE_OUTMSG_TYPE,,TABLE,0,0,0,0,2026-02-03 17:48:40,NO,YES,NO
CISADM,W1_ACTIVITY_TYPE_RESRC_REQMT,,TABLE,0,0,0,0,2026-02-03 17:48:40,NO,YES,NO
CISADM,W1_ACTIVITY_TYPE_SERVICE_CLASS,,TABLE,0,0,0,0,2026-02-03 17:48:40,NO,YES,NO
CISADM,W1_ACT_CONSTR_LOC,,TABLE,0,0,0,0,2026-02-03 17:48:40,NO,YES,NO
CISADM,W1_ACT_CONSTR_LOC_CHAR,,TABLE,0,0,0,0,2026-02-03 17:48:40,NO,YES,NO
CISADM,W1_ACT_CONSTR_LOC_CU,,TABLE,0,0,0,0,2026-02-03 17:48:40,NO,YES,NO
CISADM,W1_ACT_CONSTR_LOC_CU_ASSET,,TABLE,0,0,0,0,2026-02-03 17:48:40,NO,YES,NO
CISADM,W1_ACT_CONSTR_LOC_K,,TABLE,0,,0,0,2026-02-03 17:48:41,NO,YES,NO
CISADM,W1_ACT_RECON,,TABLE,0,0,0,0,2026-02-03 17:48:41,NO,YES,NO
CISADM,W1_ACT_RECON_CHAR,,TABLE,0,0,0,0,2026-02-03 17:48:41,NO,YES,NO
CISADM,W1_ACT_RECON_COST_CENTER,,TABLE,0,0,0,0,2026-02-03 17:48:41,NO,YES,NO
CISADM,W1_ACT_RECON_DOCUMENT,,TABLE,0,0,0,0,2026-02-03 17:48:41,NO,YES,NO
CISADM,W1_ACT_RECON_IDENTIFIER,,TABLE,0,0,0,0,2026-02-03 17:48:41,NO,YES,NO
CISADM,W1_ACT_RECON_K,,TABLE,0,,0,0,2026-02-03 17:48:41,NO,YES,NO
CISADM,W1_ACT_RECON_LOG,,TABLE,0,0,0,0,2026-02-03 17:48:41,NO,YES,NO
CISADM,W1_ACT_RECON_LOG_PARM,,TABLE,0,0,0,0,2026-02-03 17:48:41,NO,YES,NO
CISADM,W1_ACT_RECON_NOTE,,TABLE,0,0,0,0,2026-02-03 17:48:41,NO,YES,NO
CISADM,W1_ACT_RECON_PROP_UNIT,,TABLE,0,0,0,0,2026-02-03 17:48:41,NO,YES,NO
CISADM,W1_ACT_RESRC_REQMT,,TABLE,0,0,0,0,2026-02-03 17:48:41,NO,YES,NO
CISADM,W1_ACT_RESRC_REQMT_CHAR,,TABLE,0,0,0,0,2026-02-03 17:48:41,NO,YES,NO
CISADM,W1_ACT_RESRC_REQMT_DOCUMENT,,TABLE,0,0,0,0,2026-02-03 17:48:41,NO,YES,NO
CISADM,W1_ACT_RESRC_REQMT_DTL,,TABLE,0,0,0,0,2026-02-03 17:48:41,NO,YES,NO
CISADM,W1_ACT_RESRC_REQMT_IDENTIFIER,,TABLE,0,0,0,0,2026-02-03 17:48:41,NO,YES,NO
CISADM,W1_ACT_RESRC_REQMT_K,,TABLE,0,,0,0,2026-02-03 17:48:41,NO,YES,NO
CISADM,W1_ACT_RESRC_REQMT_LOG,,TABLE,0,0,0,0,2026-02-03 17:48:41,NO,YES,NO
CISADM,W1_ACT_RESRC_REQMT_LOG_PARM,,TABLE,0,0,0,0,2026-02-03 17:48:41,NO,YES,NO
CISADM,W1_ACT_RESRC_REQMT_NOTE,,TABLE,0,0,0,0,2026-02-03 17:48:41,NO,YES,NO
CISADM,W1_ACT_TYPE_PLAN_SVC_HIST_TYPE,,TABLE,0,0,0,0,2026-02-03 17:48:41,NO,YES,NO
CISADM,W1_ADJUSTMENT,,TABLE,0,0,0,0,2026-02-03 17:48:41,NO,YES,NO
CISADM,W1_ADJUSTMENT_CHAR,,TABLE,0,0,0,0,2026-02-03 17:48:41,NO,YES,NO
CISADM,W1_ADJUSTMENT_DOCUMENT,,TABLE,0,0,0,0,2026-02-03 17:48:41,NO,YES,NO
CISADM,W1_ADJUSTMENT_DTL,,TABLE,0,0,0,0,2026-02-03 17:48:41,NO,YES,NO
CISADM,W1_ADJUSTMENT_IDENTIFIER,,TABLE,0,0,0,0,2026-02-03 17:48:41,NO,YES,NO
CISADM,W1_ADJUSTMENT_LOG,,TABLE,0,0,0,0,2026-02-03 17:48:41,NO,YES,NO
CISADM,W1_ADJUSTMENT_LOG_PARM,,TABLE,0,0,0,0,2026-02-03 17:48:41,NO,YES,NO
CISADM,W1_ADJUSTMENT_TYPE,,TABLE,0,0,0,0,2026-02-03 17:48:41,NO,YES,NO
CISADM,W1_ADJUSTMENT_TYPE_CHAR,,TABLE,0,0,0,0,2026-02-03 17:48:41,NO,YES,NO
CISADM,W1_ADJUSTMENT_TYPE_L,,TABLE,0,0,0,0,2026-02-03 17:48:41,NO,YES,NO
CISADM,W1_APPROVAL_PROF,,TABLE,0,0,0,0,2026-02-03 17:48:41,NO,YES,NO
CISADM,W1_APPROVAL_PROF_CHAR,,TABLE,0,0,0,0,2026-02-03 17:48:41,NO,YES,NO
CISADM,W1_APPROVAL_PROF_IDENTIFIER,,TABLE,0,0,0,0,2026-02-03 17:48:41,NO,YES,NO
CISADM,W1_APPROVAL_PROF_L,,TABLE,0,0,0,0,2026-02-03 17:48:41,NO,YES,NO
CISADM,W1_APPROVAL_PROF_USER_GROUP,,TABLE,0,0,0,0,2026-02-03 17:48:41,NO,YES,NO
CISADM,W1_APPROVAL_REQ,,TABLE,0,0,0,0,2026-02-03 17:48:41,NO,YES,NO
CISADM,W1_APPROVAL_REQ_APPROVER,,TABLE,0,0,0,0,2026-02-03 17:48:41,NO,YES,NO
CISADM,W1_APPROVAL_REQ_CHAR,,TABLE,0,0,0,0,2026-02-03 17:48:41,NO,YES,NO
CISADM,W1_APPROVAL_REQ_IDENTIFIER,,TABLE,0,0,0,0,2026-02-03 17:48:41,NO,YES,NO
CISADM,W1_APPROVAL_REQ_K,,TABLE,0,,0,0,2026-02-03 17:48:41,NO,YES,NO
CISADM,W1_APPROVAL_REQ_LOG,,TABLE,0,0,0,0,2026-02-03 17:48:41,NO,YES,NO
CISADM,W1_APPROVAL_REQ_LOG_PARM,,TABLE,0,0,0,0,2026-02-03 17:48:41,NO,YES,NO
CISADM,W1_ASSESS_CLASS,,TABLE,0,0,0,0,2026-02-03 17:48:41,NO,YES,NO
CISADM,W1_ASSESS_CLASS_ASSESS_GRP,,TABLE,0,0,0,0,2026-02-03 17:48:41,NO,YES,NO
CISADM,W1_ASSESS_CLASS_CHAR,,TABLE,0,0,0,0,2026-02-03 17:48:41,NO,YES,NO
CISADM,W1_ASSESS_CLASS_L,,TABLE,0,0,0,0,2026-02-03 17:48:41,NO,YES,NO
CISADM,W1_ASSESS_CLASS_LOG,,TABLE,0,0,0,0,2026-02-03 17:48:41,NO,YES,NO
CISADM,W1_ASSESS_CLASS_LOG_PARM,,TABLE,0,0,0,0,2026-02-03 17:48:41,NO,YES,NO
CISADM,W1_ASSESS_GRP,,TABLE,0,0,0,0,2026-02-03 17:48:41,NO,YES,NO
CISADM,W1_ASSESS_GRP_AGING_FACTOR,,TABLE,0,0,0,0,2026-02-03 17:48:41,NO,YES,NO
CISADM,W1_ASSESS_GRP_CHAR,,TABLE,0,0,0,0,2026-02-03 17:48:41,NO,YES,NO
CISADM,W1_ASSESS_GRP_L,,TABLE,0,0,0,0,2026-02-03 17:48:41,NO,YES,NO
CISADM,W1_ASSESS_GRP_SVC_HIST_TYPE,,TABLE,0,0,0,0,2026-02-03 17:48:41,NO,YES,NO
CISADM,W1_ASSET,,TABLE,5087,244,279,5087,2026-02-03 17:48:41,NO,YES,NO
CISADM,W1_ASSET_ATTACHMENT,,TABLE,0,0,0,0,2026-02-03 17:48:42,NO,YES,NO
CISADM,W1_ASSET_ATTRIBUTE,,TABLE,0,0,0,0,2026-02-03 17:48:42,NO,YES,NO
CISADM,W1_ASSET_CHAR,,TABLE,0,0,0,0,2026-02-03 17:48:42,NO,YES,NO
CISADM,W1_ASSET_CHAR2,,TABLE,0,0,0,0,2026-02-03 17:48:42,NO,YES,NO
CISADM,W1_ASSET_DOCUMENT,,TABLE,0,0,0,0,2026-02-03 17:48:42,NO,YES,NO
CISADM,W1_ASSET_EMPLOYEE,,TABLE,0,0,0,0,2026-02-03 17:48:42,NO,YES,NO
CISADM,W1_ASSET_IDENTIFIER,,TABLE,15266,80,41,15266,2026-02-03 17:48:42,NO,YES,NO
CISADM,W1_ASSET_K,,TABLE,5087,,18,5087,2026-02-03 17:48:42,NO,YES,NO
CISADM,W1_ASSET_LOG,,TABLE,2687,58,106,2687,2026-02-03 17:48:42,NO,YES,NO
CISADM,W1_ASSET_LOG_PARM,,TABLE,370,5,44,370,2026-02-03 17:48:43,NO,YES,NO
CISADM,W1_ASSET_MAINT_TRIGGER_FCST,,TABLE,0,0,0,0,2026-02-03 17:48:43,NO,YES,NO
CISADM,W1_ASSET_MEASUREMENT_TYPE,,TABLE,0,0,0,0,2026-02-03 17:48:43,NO,YES,NO
CISADM,W1_ASSET_NODE,,TABLE,5230,80,95,5230,2026-02-03 17:48:43,NO,YES,NO
CISADM,W1_ASSET_NOTE,,TABLE,0,0,0,0,2026-02-03 17:48:43,NO,YES,NO
CISADM,W1_ASSET_TYPE,,TABLE,12,8,151,12,2026-03-26 05:00:13,NO,YES,NO
CISADM,W1_ASSET_TYPE_ATTRIBUTE,,TABLE,6,8,26,6,2026-02-03 17:48:43,NO,YES,NO
CISADM,W1_ASSET_TYPE_CHAR,,TABLE,0,0,0,0,2026-02-03 17:48:43,NO,YES,NO
CISADM,W1_ASSET_TYPE_L,,TABLE,24,8,42,24,2026-02-03 17:48:43,NO,YES,NO
CISADM,W1_ASSET_TYPE_NODE_TYPE,,TABLE,136,8,41,136,2026-02-03 17:48:43,NO,YES,NO
CISADM,W1_ASSET_TYPE_STATS,,TABLE,0,0,0,0,2026-02-03 17:48:43,NO,YES,NO
CISADM,W1_ASSET_TYPE_STATS_CHAR,,TABLE,0,0,0,0,2026-02-03 17:48:43,NO,YES,NO
CISADM,W1_ASSET_TYPE_SVC_HIST_TYPE,,TABLE,12,8,35,12,2026-02-03 17:48:43,NO,YES,NO
CISADM,W1_AST_DERMS_EVTCTL_CSTHIST,,TABLE,0,0,0,0,2026-02-03 17:48:43,NO,YES,NO
CISADM,W1_BC_ACCESS_LIST,,TABLE,0,0,0,0,2026-02-03 17:48:43,NO,YES,NO
CISADM,W1_BC_ACCESS_LIST_CHAR,,TABLE,0,0,0,0,2026-02-03 17:48:43,NO,YES,NO
CISADM,W1_BC_ACCESS_LIST_L,,TABLE,0,0,0,0,2026-02-03 17:48:43,NO,YES,NO
CISADM,W1_BC_ACCESS_LIST_USER,,TABLE,0,0,0,0,2026-02-03 17:48:43,NO,YES,NO
CISADM,W1_BC_HEADER,,TABLE,0,0,0,0,2026-02-03 17:48:43,NO,YES,NO
CISADM,W1_BC_HEADER_CHAR,,TABLE,0,0,0,0,2026-02-03 17:48:43,NO,YES,NO
CISADM,W1_BC_HEADER_DOCUMENT,,TABLE,0,0,0,0,2026-02-03 17:48:43,NO,YES,NO
CISADM,W1_BC_HEADER_IDENTIFIER,,TABLE,0,0,0,0,2026-02-03 17:48:43,NO,YES,NO
CISADM,W1_BC_HEADER_K,,TABLE,0,,0,0,2026-02-03 17:48:43,NO,YES,NO
CISADM,W1_BC_HEADER_LOG,,TABLE,0,0,0,0,2026-02-03 17:48:43,NO,YES,NO
CISADM,W1_BC_HEADER_LOG_PARM,,TABLE,0,0,0,0,2026-02-03 17:48:44,NO,YES,NO
CISADM,W1_BC_HEADER_NOTE,,TABLE,0,0,0,0,2026-02-03 17:48:44,NO,YES,NO
CISADM,W1_BC_LINE,,TABLE,0,0,0,0,2026-02-03 17:48:44,NO,YES,NO
CISADM,W1_BC_LINE_CHAR,,TABLE,0,0,0,0,2026-02-03 17:48:44,NO,YES,NO
CISADM,W1_BC_LINE_DOCUMENT,,TABLE,0,0,0,0,2026-02-03 17:48:44,NO,YES,NO
CISADM,W1_BC_LINE_K,,TABLE,0,,0,0,2026-02-03 17:48:44,NO,YES,NO
CISADM,W1_BC_LINE_LOG,,TABLE,0,0,0,0,2026-02-03 17:48:44,NO,YES,NO
CISADM,W1_BC_LINE_LOG_PARM,,TABLE,0,0,0,0,2026-02-03 17:48:44,NO,YES,NO
CISADM,W1_BC_LINE_MFR,,TABLE,0,0,0,0,2026-02-03 17:48:44,NO,YES,NO
CISADM,W1_BKT_CONFIG,,TABLE,0,0,0,0,2026-02-03 17:48:44,NO,YES,NO
CISADM,W1_BKT_CONFIG_L,,TABLE,0,0,0,0,2026-02-03 17:48:44,NO,YES,NO
CISADM,W1_BKT_CONFIG_REL_OBJ,,TABLE,0,0,0,0,2026-02-03 17:48:44,NO,YES,NO
CISADM,W1_BKT_CONFIG_VAL,,TABLE,0,0,0,0,2026-02-03 17:48:44,NO,YES,NO
CISADM,W1_BKT_CONFIG_VAL_L,,TABLE,0,0,0,0,2026-02-03 17:48:44,NO,YES,NO
CISADM,W1_BOM_ASSEMBLY,,TABLE,0,0,0,0,2026-02-03 17:48:44,NO,YES,NO
CISADM,W1_BOM_CHAR,,TABLE,0,0,0,0,2026-02-03 17:48:44,NO,YES,NO
CISADM,W1_BOM_DOCUMENT,,TABLE,0,0,0,0,2026-02-03 17:48:44,NO,YES,NO
CISADM,W1_BOM_IDENTIFIER,,TABLE,0,0,0,0,2026-02-03 17:48:44,NO,YES,NO
CISADM,W1_BOM_K,,TABLE,0,,0,0,2026-02-03 17:48:44,NO,YES,NO
CISADM,W1_BOM_NOTE,,TABLE,0,0,0,0,2026-02-03 17:48:44,NO,YES,NO
CISADM,W1_BOM_PART,,TABLE,0,0,0,0,2026-02-03 17:48:44,NO,YES,NO
CISADM,W1_BUSINESS_UNIT,,TABLE,0,0,0,0,2026-02-03 17:48:44,NO,YES,NO
CISADM,W1_BUSINESS_UNIT_CHAR,,TABLE,0,0,0,0,2026-02-03 17:48:44,NO,YES,NO
CISADM,W1_BUSINESS_UNIT_L,,TABLE,0,0,0,0,2026-02-03 17:48:44,NO,YES,NO
CISADM,W1_BUYER,,TABLE,0,0,0,0,2026-02-03 17:48:44,NO,YES,NO
CISADM,W1_BUYER_CHAR,,TABLE,0,0,0,0,2026-02-03 17:48:44,NO,YES,NO
CISADM,W1_BUYER_EMAIL,,TABLE,0,0,0,0,2026-02-03 17:48:44,NO,YES,NO
CISADM,W1_BUYER_IDENTIFIER,,TABLE,0,0,0,0,2026-02-03 17:48:44,NO,YES,NO
CISADM,W1_BUYER_L,,TABLE,0,0,0,0,2026-02-03 17:48:44,NO,YES,NO
CISADM,W1_BUYER_LOG,,TABLE,0,0,0,0,2026-02-03 17:48:44,NO,YES,NO
CISADM,W1_BUYER_LOG_PARM,,TABLE,0,0,0,0,2026-02-03 17:48:44,NO,YES,NO
CISADM,W1_BUYER_PHONE,,TABLE,0,0,0,0,2026-02-03 17:48:44,NO,YES,NO
CISADM,W1_CALENDAR,,TABLE,0,0,0,0,2026-02-03 17:48:44,NO,YES,NO
CISADM,W1_CALENDAR_CHAR,,TABLE,0,0,0,0,2026-02-03 17:48:44,NO,YES,NO
CISADM,W1_CALENDAR_L,,TABLE,0,0,0,0,2026-02-03 17:48:44,NO,YES,NO
CISADM,W1_CALENDAR_PERIOD,,TABLE,0,0,0,0,2026-02-03 17:48:44,NO,YES,NO
CISADM,W1_CALENDAR_PERIOD_L,,TABLE,0,0,0,0,2026-02-03 17:48:44,NO,YES,NO
CISADM,W1_CAPABILITY_TYPE,,TABLE,0,0,0,0,2026-02-03 17:48:44,NO,YES,NO
CISADM,W1_CAPABILITY_TYPE_CHAR,,TABLE,0,0,0,0,2026-02-03 17:48:44,NO,YES,NO
CISADM,W1_CAPABILITY_TYPE_L,,TABLE,0,0,0,0,2026-02-03 17:48:44,NO,YES,NO
CISADM,W1_CHANGE_REQ,,TABLE,0,0,0,0,2026-02-03 17:48:44,NO,YES,NO
CISADM,W1_CHANGE_REQ_APPR_PROF,,TABLE,0,0,0,0,2026-02-03 17:48:44,NO,YES,NO
CISADM,W1_CHANGE_REQ_CHAR,,TABLE,0,0,0,0,2026-02-03 17:48:44,NO,YES,NO
CISADM,W1_CHANGE_REQ_DOCUMENT,,TABLE,0,0,0,0,2026-02-03 17:48:44,NO,YES,NO
CISADM,W1_CHANGE_REQ_K,,TABLE,0,,0,0,2026-02-03 17:48:44,NO,YES,NO
CISADM,W1_CHANGE_REQ_LOG,,TABLE,0,0,0,0,2026-02-03 17:48:44,NO,YES,NO
CISADM,W1_CHANGE_REQ_LOG_PARM,,TABLE,0,0,0,0,2026-02-03 17:48:44,NO,YES,NO
CISADM,W1_CHANGE_REQ_TYPE,,TABLE,0,0,0,0,2026-02-03 17:48:44,NO,YES,NO
CISADM,W1_CHANGE_REQ_TYPE_CHAR,,TABLE,0,0,0,0,2026-02-03 17:48:44,NO,YES,NO
CISADM,W1_CHANGE_REQ_TYPE_L,,TABLE,0,0,0,0,2026-02-03 17:48:44,NO,YES,NO
CISADM,W1_CHILD_SPEC,,TABLE,0,0,0,0,2026-02-03 17:48:44,NO,YES,NO
CISADM,W1_CHILD_SPEC_CHAR,,TABLE,0,0,0,0,2026-02-03 17:48:44,NO,YES,NO
CISADM,W1_CHILD_SPEC_IDENTIFIER,,TABLE,0,0,0,0,2026-02-03 17:48:44,NO,YES,NO
CISADM,W1_CHILD_SPEC_L,,TABLE,0,0,0,0,2026-02-03 17:48:44,NO,YES,NO
CISADM,W1_CHILD_SPEC_LOG,,TABLE,0,0,0,0,2026-02-03 17:48:44,NO,YES,NO
CISADM,W1_CHILD_SPEC_LOG_PARM,,TABLE,0,0,0,0,2026-02-03 17:48:45,NO,YES,NO
CISADM,W1_CHKLST,,TABLE,0,0,0,0,2026-02-03 17:48:45,NO,YES,NO
CISADM,W1_CHKLST_CHAR,,TABLE,0,0,0,0,2026-02-03 17:48:45,NO,YES,NO
CISADM,W1_CHKLST_IDENTIFIER,,TABLE,0,0,0,0,2026-02-03 17:48:45,NO,YES,NO
CISADM,W1_CHKLST_K,,TABLE,0,,0,0,2026-02-03 17:48:45,NO,YES,NO
CISADM,W1_CHKLST_LINE_ITEM,,TABLE,0,0,0,0,2026-02-03 17:48:45,NO,YES,NO
CISADM,W1_CHKLST_LOG,,TABLE,0,0,0,0,2026-02-03 17:48:45,NO,YES,NO
CISADM,W1_CHKLST_LOG_PARM,,TABLE,0,0,0,0,2026-02-03 17:48:45,NO,YES,NO
CISADM,W1_CHKLST_REL_OBJ,,TABLE,0,0,0,0,2026-02-03 17:48:45,NO,YES,NO
CISADM,W1_CHKLST_TYP,,TABLE,0,0,0,0,2026-02-03 17:48:45,NO,YES,NO
CISADM,W1_CHKLST_TYP_CHAR,,TABLE,0,0,0,0,2026-02-03 17:48:45,NO,YES,NO
CISADM,W1_CHKLST_TYP_CONST_BO_STATE,,TABLE,0,0,0,0,2026-02-03 17:48:45,NO,YES,NO
CISADM,W1_CHKLST_TYP_DFLT_LINE_ITEM,,TABLE,0,0,0,0,2026-02-03 17:48:45,NO,YES,NO
CISADM,W1_CHKLST_TYP_L,,TABLE,0,0,0,0,2026-02-03 17:48:45,NO,YES,NO
CISADM,W1_CMDTY_CAT,,TABLE,0,0,0,0,2026-02-03 17:48:45,NO,YES,NO
CISADM,W1_CMDTY_CAT_CHAR,,TABLE,0,0,0,0,2026-02-03 17:48:45,NO,YES,NO
CISADM,W1_CMDTY_CAT_L,,TABLE,0,0,0,0,2026-02-03 17:48:45,NO,YES,NO
CISADM,W1_CMDTY_CMP,,TABLE,0,0,0,0,2026-02-03 17:48:45,NO,YES,NO
CISADM,W1_CMDTY_CMP_CHAR,,TABLE,0,0,0,0,2026-02-03 17:48:45,NO,YES,NO
CISADM,W1_CMDTY_CMP_L,,TABLE,0,0,0,0,2026-02-03 17:48:45,NO,YES,NO
CISADM,W1_CMDTY_NAME,,TABLE,0,0,0,0,2026-02-03 17:48:45,NO,YES,NO
CISADM,W1_CMDTY_NAME_CHAR,,TABLE,0,0,0,0,2026-02-03 17:48:45,NO,YES,NO
CISADM,W1_CMDTY_NAME_L,,TABLE,0,0,0,0,2026-02-03 17:48:45,NO,YES,NO
CISADM,W1_CMDTY_TYPE,,TABLE,0,0,0,0,2026-02-03 17:48:45,NO,YES,NO
CISADM,W1_CMDTY_TYPE_CHAR,,TABLE,0,0,0,0,2026-02-03 17:48:45,NO,YES,NO
CISADM,W1_CMDTY_TYPE_L,,TABLE,0,0,0,0,2026-02-03 17:48:45,NO,YES,NO
CISADM,W1_CMPL_EVT,,TABLE,25,8,211,25,2026-02-05 05:00:17,NO,YES,NO
CISADM,W1_CMPL_EVT_CHAR,,TABLE,0,0,0,0,2026-02-03 17:48:45,NO,YES,NO
CISADM,W1_CMPL_EVT_K,,TABLE,23,,20,23,2026-02-03 17:48:45,NO,YES,NO
CISADM,W1_CMPL_EVT_LOG,,TABLE,46,8,106,46,2026-02-05 05:00:17,NO,YES,NO
CISADM,W1_CMPL_EVT_LOG_PARM,,TABLE,42,8,38,42,2026-02-03 17:48:45,NO,YES,NO
CISADM,W1_CMPL_EVT_REL_OBJ,,TABLE,0,0,0,0,2026-02-03 17:48:45,NO,YES,NO
CISADM,W1_CMPL_EVT_TYPE,,TABLE,33,10,1169,33,2026-02-04 05:00:43,NO,YES,NO
CISADM,W1_CMPL_EVT_TYPE_CHAR,,TABLE,2,4,79,2,2026-02-03 17:48:45,NO,YES,NO
CISADM,W1_CMPL_EVT_TYPE_IDENTIFIER,,TABLE,0,0,0,0,2026-02-03 17:48:45,NO,YES,NO
CISADM,W1_CMPL_EVT_TYPE_L,,TABLE,66,8,77,66,2026-02-03 17:48:45,NO,YES,NO
CISADM,W1_COLOR,,TABLE,0,0,0,0,2026-02-03 17:48:45,NO,YES,NO
CISADM,W1_COLOR_CHAR,,TABLE,0,0,0,0,2026-02-03 17:48:45,NO,YES,NO
CISADM,W1_COLOR_L,,TABLE,0,0,0,0,2026-02-03 17:48:45,NO,YES,NO
CISADM,W1_COMMUNICATION,,TABLE,0,0,0,0,2026-02-03 17:48:45,NO,YES,NO
CISADM,W1_COMMUNICATION_CHAR,,TABLE,0,0,0,0,2026-02-03 17:48:45,NO,YES,NO
CISADM,W1_COMMUNICATION_K,,TABLE,0,,0,0,2026-02-03 17:48:45,NO,YES,NO
CISADM,W1_COMMUNICATION_LOG,,TABLE,0,0,0,0,2026-02-03 17:48:46,NO,YES,NO
CISADM,W1_COMMUNICATION_LOG_PARM,,TABLE,0,0,0,0,2026-02-03 17:48:46,NO,YES,NO
CISADM,W1_COMMUNICATION_PHONE,,TABLE,0,0,0,0,2026-02-03 17:48:46,NO,YES,NO
CISADM,W1_COMMUNICATION_REL_OBJ,,TABLE,0,0,0,0,2026-02-03 17:48:46,NO,YES,NO
CISADM,W1_COMM_IN,,TABLE,0,0,0,0,2026-02-03 17:48:46,NO,YES,NO
CISADM,W1_COMM_IN_CHAR,,TABLE,0,0,0,0,2026-02-03 17:48:46,NO,YES,NO
CISADM,W1_COMM_IN_IDENTIFIER,,TABLE,0,0,0,0,2026-02-03 17:48:46,NO,YES,NO
CISADM,W1_COMM_IN_K,,TABLE,0,,0,0,2026-02-03 17:48:46,NO,YES,NO
CISADM,W1_COMM_IN_LOG,,TABLE,0,0,0,0,2026-02-03 17:48:46,NO,YES,NO
CISADM,W1_COMM_IN_LOG_PARM,,TABLE,0,0,0,0,2026-02-03 17:48:46,NO,YES,NO
CISADM,W1_COMM_IN_REL_OBJ,,TABLE,0,0,0,0,2026-02-03 17:48:46,NO,YES,NO
CISADM,W1_COMM_TYPE,,TABLE,9,5,1426,9,2026-02-04 05:00:38,NO,YES,NO
CISADM,W1_COMM_TYPE_CHAR,,TABLE,0,0,0,0,2026-02-03 17:48:46,NO,YES,NO
CISADM,W1_COMM_TYPE_L,,TABLE,18,8,65,18,2026-02-03 17:48:46,NO,YES,NO
CISADM,W1_COMPLIANCE_CAT,,TABLE,0,0,0,0,2026-02-03 17:48:46,NO,YES,NO
CISADM,W1_COMPLIANCE_CAT_CHAR,,TABLE,0,0,0,0,2026-02-03 17:48:46,NO,YES,NO
CISADM,W1_COMPLIANCE_CAT_L,,TABLE,0,0,0,0,2026-02-03 17:48:46,NO,YES,NO
CISADM,W1_COMPLIANCE_TYPE,,TABLE,0,0,0,0,2026-02-03 17:48:46,NO,YES,NO
CISADM,W1_COMPLIANCE_TYPE_CHAR,,TABLE,0,0,0,0,2026-02-03 17:48:46,NO,YES,NO
CISADM,W1_COMPLIANCE_TYPE_L,,TABLE,0,0,0,0,2026-02-03 17:48:46,NO,YES,NO
CISADM,W1_COMPLIANCE_TYPE_REGT_AGCY,,TABLE,0,0,0,0,2026-02-03 17:48:46,NO,YES,NO
CISADM,W1_CONFIG,,TABLE,0,0,0,0,2026-02-03 17:48:46,NO,YES,NO
CISADM,W1_CONFIG_CHAR,,TABLE,0,0,0,0,2026-02-03 17:48:46,NO,YES,NO
CISADM,W1_CONFIG_CHAR2,,TABLE,0,0,0,0,2026-02-03 17:48:46,NO,YES,NO
CISADM,W1_CONFIG_IDENTIFIER,,TABLE,0,0,0,0,2026-02-03 17:48:46,NO,YES,NO
CISADM,W1_CONFIG_K,,TABLE,0,,0,0,2026-02-03 17:48:46,NO,YES,NO
CISADM,W1_CONFIG_LOG,,TABLE,0,0,0,0,2026-02-03 17:48:46,NO,YES,NO
CISADM,W1_CONFIG_LOG_PARM,,TABLE,0,0,0,0,2026-02-03 17:48:46,NO,YES,NO
CISADM,W1_CONFIG_RPT,,TABLE,0,0,0,0,2026-02-03 17:48:46,NO,YES,NO
CISADM,W1_CONFIG_RPT_CHAR,,TABLE,0,0,0,0,2026-02-03 17:48:46,NO,YES,NO
CISADM,W1_CONFIG_RPT_CHAR2,,TABLE,0,0,0,0,2026-02-03 17:48:46,NO,YES,NO
CISADM,W1_CONFIG_RPT_IDENTIFIER,,TABLE,0,0,0,0,2026-02-03 17:48:46,NO,YES,NO
CISADM,W1_CONFIG_RPT_K,,TABLE,0,,0,0,2026-02-03 17:48:46,NO,YES,NO
CISADM,W1_CONFIG_RPT_LOG,,TABLE,0,0,0,0,2026-02-03 17:48:46,NO,YES,NO
CISADM,W1_CONFIG_RPT_LOG_PARM,,TABLE,0,0,0,0,2026-02-03 17:48:46,NO,YES,NO
CISADM,W1_CONFIG_RPT_SPECIFICATION,,TABLE,0,0,0,0,2026-02-03 17:48:46,NO,YES,NO
CISADM,W1_CONFIG_TYPE,,TABLE,0,0,0,0,2026-02-03 17:48:46,NO,YES,NO
CISADM,W1_CONFIG_TYPE_CHAR,,TABLE,0,0,0,0,2026-02-03 17:48:46,NO,YES,NO
CISADM,W1_CONFIG_TYPE_IDENTIFIER,,TABLE,0,0,0,0,2026-02-03 17:48:46,NO,YES,NO
CISADM,W1_CONFIG_TYPE_L,,TABLE,0,0,0,0,2026-02-03 17:48:46,NO,YES,NO
CISADM,W1_CONTACT,,TABLE,921,13,87,921,2026-02-04 05:00:43,NO,YES,NO
CISADM,W1_CONTACT_CHAR,,TABLE,0,0,0,0,2026-02-03 17:48:46,NO,YES,NO
CISADM,W1_CONTACT_CHAR2,,TABLE,0,0,0,0,2026-02-03 17:48:46,NO,YES,NO
CISADM,W1_CONTACT_EMAIL,,TABLE,6,5,48,6,2026-02-03 17:48:47,NO,YES,NO
CISADM,W1_CONTACT_IDENTIFIER,,TABLE,921,5,34,921,2026-02-03 17:48:47,NO,YES,NO
CISADM,W1_CONTACT_K,,TABLE,921,,18,921,2026-02-03 17:48:47,NO,YES,NO
CISADM,W1_CONTACT_NAME,,TABLE,921,13,54,921,2026-02-03 17:48:47,NO,YES,NO
CISADM,W1_CONTACT_PHONE,,TABLE,41,5,39,41,2026-02-03 17:48:47,NO,YES,NO
CISADM,W1_CONTACT_RELATIONSHIP,,TABLE,0,0,0,0,2026-02-03 17:48:47,NO,YES,NO
CISADM,W1_CONTACT_TYPE,,TABLE,2,4,73,2,2026-02-04 05:00:37,NO,YES,NO
CISADM,W1_CONTACT_TYPE_CHAR,,TABLE,0,0,0,0,2026-02-03 17:48:47,NO,YES,NO
CISADM,W1_CONTACT_TYPE_L,,TABLE,4,8,23,4,2026-02-03 17:48:47,NO,YES,NO
CISADM,W1_COST_CATEGORY,,TABLE,0,0,0,0,2026-02-03 17:48:47,NO,YES,NO
CISADM,W1_COST_CATEGORY_CHAR,,TABLE,0,0,0,0,2026-02-03 17:48:47,NO,YES,NO
CISADM,W1_COST_CATEGORY_L,,TABLE,0,0,0,0,2026-02-03 17:48:47,NO,YES,NO
CISADM,W1_COST_CENTER,,TABLE,0,0,0,0,2026-02-03 17:48:47,NO,YES,NO
CISADM,W1_COST_CENTER_CHAR,,TABLE,0,0,0,0,2026-02-03 17:48:47,NO,YES,NO
CISADM,W1_COST_CENTER_EXPCD,,TABLE,0,0,0,0,2026-02-03 17:48:47,NO,YES,NO
CISADM,W1_COST_CENTER_IDENTIFIER,,TABLE,0,0,0,0,2026-02-03 17:48:47,NO,YES,NO
CISADM,W1_COST_CENTER_L,,TABLE,0,0,0,0,2026-02-03 17:48:47,NO,YES,NO
CISADM,W1_COST_CENTER_LOG,,TABLE,0,0,0,0,2026-02-03 17:48:47,NO,YES,NO
CISADM,W1_COST_CENTER_LOG_PARM,,TABLE,0,0,0,0,2026-02-03 17:48:47,NO,YES,NO
CISADM,W1_CREW,,TABLE,0,0,0,0,2026-02-03 17:48:47,NO,YES,NO
CISADM,W1_CREW_CHAR,,TABLE,0,0,0,0,2026-02-03 17:48:47,NO,YES,NO
CISADM,W1_CREW_DEFAULT_MEMBER,,TABLE,0,0,0,0,2026-02-03 17:48:47,NO,YES,NO
CISADM,W1_CREW_IDENTIFIER,,TABLE,0,0,0,0,2026-02-03 17:48:47,NO,YES,NO
CISADM,W1_CREW_K,,TABLE,0,,0,0,2026-02-03 17:48:47,NO,YES,NO
CISADM,W1_CREW_LOG,,TABLE,0,0,0,0,2026-02-03 17:48:47,NO,YES,NO
CISADM,W1_CREW_LOG_PARM,,TABLE,0,0,0,0,2026-02-03 17:48:47,NO,YES,NO
CISADM,W1_CREW_SHIFT,,TABLE,0,0,0,0,2026-02-03 17:48:47,NO,YES,NO
CISADM,W1_CREW_SHIFT_ACT_SCHED,,TABLE,0,0,0,0,2026-02-03 17:48:47,NO,YES,NO
CISADM,W1_CREW_SHIFT_CHAR,,TABLE,0,0,0,0,2026-02-03 17:48:47,NO,YES,NO
CISADM,W1_CREW_SHIFT_K,,TABLE,0,,0,0,2026-02-03 17:48:47,NO,YES,NO
CISADM,W1_CREW_SHIFT_LOG,,TABLE,0,0,0,0,2026-02-03 17:48:47,NO,YES,NO
CISADM,W1_CREW_SHIFT_LOG_PARM,,TABLE,0,0,0,0,2026-02-03 17:48:47,NO,YES,NO
CISADM,W1_CREW_SHIFT_MEMBER,,TABLE,0,0,0,0,2026-02-03 17:48:47,NO,YES,NO
CISADM,W1_CREW_SHIFT_SERVICE_AREA,,TABLE,0,0,0,0,2026-02-03 17:48:47,NO,YES,NO
CISADM,W1_CREW_SHIFT_SERVICE_CLASS,,TABLE,0,0,0,0,2026-02-03 17:48:47,NO,YES,NO
CISADM,W1_CREW_SHIFT_TYPE,,TABLE,0,0,0,0,2026-02-03 17:48:47,NO,YES,NO
CISADM,W1_CREW_SHIFT_TYPE_CHAR,,TABLE,0,0,0,0,2026-02-03 17:48:48,NO,YES,NO
CISADM,W1_CREW_SHIFT_TYPE_L,,TABLE,0,0,0,0,2026-02-03 17:48:48,NO,YES,NO
CISADM,W1_CREW_STR_ASSN,,TABLE,0,0,0,0,2026-02-03 17:48:48,NO,YES,NO
CISADM,W1_CREW_TYPE,,TABLE,0,0,0,0,2026-02-03 17:48:48,NO,YES,NO
CISADM,W1_CREW_TYPE_CHAR,,TABLE,0,0,0,0,2026-02-03 17:48:48,NO,YES,NO
CISADM,W1_CREW_TYPE_L,,TABLE,0,0,0,0,2026-02-03 17:48:48,NO,YES,NO
CISADM,W1_CREW_TYPE_RESRC_PROFILE,,TABLE,0,0,0,0,2026-02-03 17:48:48,NO,YES,NO
CISADM,W1_CREW_VALID_MEMBER,,TABLE,0,0,0,0,2026-02-03 17:48:48,NO,YES,NO
CISADM,W1_CU,,TABLE,0,0,0,0,2026-02-03 17:48:48,NO,YES,NO
CISADM,W1_CU_CATEGORY,,TABLE,0,0,0,0,2026-02-03 17:48:48,NO,YES,NO
CISADM,W1_CU_CATEGORY_CHAR,,TABLE,0,0,0,0,2026-02-03 17:48:48,NO,YES,NO
CISADM,W1_CU_CATEGORY_L,,TABLE,0,0,0,0,2026-02-03 17:48:48,NO,YES,NO
CISADM,W1_CU_CHAR,,TABLE,0,0,0,0,2026-02-03 17:48:48,NO,YES,NO
CISADM,W1_CU_CNTRCTR_BID,,TABLE,0,0,0,0,2026-02-03 17:48:48,NO,YES,NO
CISADM,W1_CU_CNTRCTR_BID_CHAR,,TABLE,0,0,0,0,2026-02-03 17:48:48,NO,YES,NO
CISADM,W1_CU_CNTRCTR_BID_DOCUMENT,,TABLE,0,0,0,0,2026-02-03 17:48:48,NO,YES,NO
CISADM,W1_CU_CNTRCTR_BID_IDENTIFIER,,TABLE,0,0,0,0,2026-02-03 17:48:48,NO,YES,NO
CISADM,W1_CU_CNTRCTR_BID_K,,TABLE,0,,0,0,2026-02-03 17:48:48,NO,YES,NO
CISADM,W1_CU_CNTRCTR_BID_LOG,,TABLE,0,0,0,0,2026-02-03 17:48:48,NO,YES,NO
CISADM,W1_CU_CNTRCTR_BID_LOG_PARM,,TABLE,0,0,0,0,2026-02-03 17:48:48,NO,YES,NO
CISADM,W1_CU_CNTRCTR_BID_NOTE,,TABLE,0,0,0,0,2026-02-03 17:48:48,NO,YES,NO
CISADM,W1_CU_COST_CENTER,,TABLE,0,0,0,0,2026-02-03 17:48:48,NO,YES,NO
CISADM,W1_CU_CU_USAGE,,TABLE,0,0,0,0,2026-02-03 17:48:48,NO,YES,NO
CISADM,W1_CU_DOCUMENT,,TABLE,0,0,0,0,2026-02-03 17:48:48,NO,YES,NO
CISADM,W1_CU_IDENTIFIER,,TABLE,0,0,0,0,2026-02-03 17:48:48,NO,YES,NO
CISADM,W1_CU_K,,TABLE,0,,0,0,2026-02-03 17:48:48,NO,YES,NO
CISADM,W1_CU_LOG,,TABLE,0,0,0,0,2026-02-03 17:48:48,NO,YES,NO
CISADM,W1_CU_LOG_PARM,,TABLE,0,0,0,0,2026-02-03 17:48:48,NO,YES,NO
CISADM,W1_CU_NOTE,,TABLE,0,0,0,0,2026-02-03 17:48:48,NO,YES,NO
CISADM,W1_CU_REF_CU,,TABLE,0,0,0,0,2026-02-03 17:48:48,NO,YES,NO
CISADM,W1_CU_RESRC_TYPE,,TABLE,0,0,0,0,2026-02-03 17:48:48,NO,YES,NO
CISADM,W1_CU_SET,,TABLE,0,0,0,0,2026-02-03 17:48:48,NO,YES,NO
CISADM,W1_CU_SET_CHAR,,TABLE,0,0,0,0,2026-02-03 17:48:48,NO,YES,NO
CISADM,W1_CU_SET_DOCUMENT,,TABLE,0,0,0,0,2026-02-03 17:48:48,NO,YES,NO
CISADM,W1_CU_SET_IDENTIFIER,,TABLE,0,0,0,0,2026-02-03 17:48:48,NO,YES,NO
CISADM,W1_CU_SET_L,,TABLE,0,0,0,0,2026-02-03 17:48:48,NO,YES,NO
CISADM,W1_CU_SET_LOG,,TABLE,0,0,0,0,2026-02-03 17:48:48,NO,YES,NO
CISADM,W1_CU_SET_LOG_PARM,,TABLE,0,0,0,0,2026-02-03 17:48:48,NO,YES,NO
CISADM,W1_CU_SET_NOTE,,TABLE,0,0,0,0,2026-02-03 17:48:48,NO,YES,NO
CISADM,W1_CU_USAGE,,TABLE,0,0,0,0,2026-02-03 17:48:48,NO,YES,NO
CISADM,W1_CU_USAGE_CHAR,,TABLE,0,0,0,0,2026-02-03 17:48:48,NO,YES,NO
CISADM,W1_CU_USAGE_COST_CENTER,,TABLE,0,0,0,0,2026-02-03 17:48:48,NO,YES,NO
CISADM,W1_CU_USAGE_L,,TABLE,0,0,0,0,2026-02-03 17:48:48,NO,YES,NO
CISADM,W1_DESIGN_ELEMENT,,TABLE,0,0,0,0,2026-02-03 17:48:48,NO,YES,NO
CISADM,W1_DESIGN_ELEMENT_CHAR,,TABLE,0,0,0,0,2026-02-03 17:48:48,NO,YES,NO
CISADM,W1_DESIGN_ELEMENT_CHKLST_TYP,,TABLE,0,0,0,0,2026-02-03 17:48:48,NO,YES,NO
CISADM,W1_DESIGN_ELEMENT_CU,,TABLE,0,0,0,0,2026-02-03 17:48:48,NO,YES,NO
CISADM,W1_DESIGN_ELEMENT_DEP,,TABLE,0,0,0,0,2026-02-03 17:48:48,NO,YES,NO
CISADM,W1_DESIGN_ELEMENT_DOCUMENT,,TABLE,0,0,0,0,2026-02-03 17:48:48,NO,YES,NO
CISADM,W1_DESIGN_ELEMENT_IDENTIFIER,,TABLE,0,0,0,0,2026-02-03 17:48:49,NO,YES,NO
CISADM,W1_DESIGN_ELEMENT_ITEMS,,TABLE,0,0,0,0,2026-02-03 17:48:49,NO,YES,NO
CISADM,W1_DESIGN_ELEMENT_K,,TABLE,0,,0,0,2026-02-03 17:48:49,NO,YES,NO
CISADM,W1_DESIGN_ELEMENT_LOG,,TABLE,0,0,0,0,2026-02-03 17:48:49,NO,YES,NO
CISADM,W1_DESIGN_ELEMENT_LOG_PARM,,TABLE,0,0,0,0,2026-02-03 17:48:49,NO,YES,NO
CISADM,W1_DESIGN_ELEMENT_NOTE,,TABLE,0,0,0,0,2026-02-03 17:48:49,NO,YES,NO
CISADM,W1_DIST_CODE,,TABLE,0,0,0,0,2026-02-03 17:48:49,NO,YES,NO
CISADM,W1_DIST_CODE_CHAR,,TABLE,0,0,0,0,2026-02-03 17:48:49,NO,YES,NO
CISADM,W1_DIST_CODE_GL_DETAIL,,TABLE,0,0,0,0,2026-02-03 17:48:49,NO,YES,NO
CISADM,W1_DIST_CODE_L,,TABLE,0,0,0,0,2026-02-03 17:48:49,NO,YES,NO
CISADM,W1_DOCUMENT,,TABLE,0,0,0,0,2026-02-03 17:48:49,NO,YES,NO
CISADM,W1_DOCUMENT_CHAR,,TABLE,0,0,0,0,2026-02-03 17:48:49,NO,YES,NO
CISADM,W1_DOCUMENT_IDENTIFIER,,TABLE,0,0,0,0,2026-02-03 17:48:49,NO,YES,NO
CISADM,W1_DOCUMENT_K,,TABLE,0,,0,0,2026-02-03 17:48:49,NO,YES,NO
CISADM,W1_DOCUMENT_LOG,,TABLE,0,0,0,0,2026-02-03 17:48:49,NO,YES,NO
CISADM,W1_DOCUMENT_LOG_PARM,,TABLE,0,0,0,0,2026-02-03 17:48:49,NO,YES,NO
CISADM,W1_DOCUMENT_TYPE,,TABLE,0,0,0,0,2026-02-03 17:48:49,NO,YES,NO
CISADM,W1_DOCUMENT_TYPE_CHAR,,TABLE,0,0,0,0,2026-02-03 17:48:49,NO,YES,NO
CISADM,W1_DOCUMENT_TYPE_L,,TABLE,0,0,0,0,2026-02-03 17:48:49,NO,YES,NO
CISADM,W1_EMPLOYEE,,TABLE,0,0,0,0,2026-02-03 17:48:49,NO,YES,NO
CISADM,W1_EMPLOYEE_BILLABLE_RATE,,TABLE,0,0,0,0,2026-02-03 17:48:49,NO,YES,NO
CISADM,W1_EMPLOYEE_CHAR,,TABLE,0,0,0,0,2026-02-03 17:48:49,NO,YES,NO
CISADM,W1_EMPLOYEE_IDENTIFIER,,TABLE,0,0,0,0,2026-02-03 17:48:49,NO,YES,NO
CISADM,W1_EMPLOYEE_K,,TABLE,0,,0,0,2026-02-03 17:48:49,NO,YES,NO
CISADM,W1_EMPLOYEE_LOG,,TABLE,0,0,0,0,2026-02-03 17:48:49,NO,YES,NO
CISADM,W1_EMPLOYEE_LOG_PARM,,TABLE,0,0,0,0,2026-02-03 17:48:49,NO,YES,NO
CISADM,W1_EMPLOYEE_PHONE,,TABLE,0,0,0,0,2026-02-03 17:48:49,NO,YES,NO
CISADM,W1_EMPLOYEE_TRAINING,,TABLE,0,0,0,0,2026-02-03 17:48:49,NO,YES,NO
CISADM,W1_EMPLOYEE_TYPE,,TABLE,0,0,0,0,2026-02-03 17:48:49,NO,YES,NO
CISADM,W1_EMPLOYEE_TYPE_CHAR,,TABLE,0,0,0,0,2026-02-03 17:48:49,NO,YES,NO
CISADM,W1_EMPLOYEE_TYPE_L,,TABLE,0,0,0,0,2026-02-03 17:48:49,NO,YES,NO
CISADM,W1_EMPLOYEE_WORK_AREA,,TABLE,0,0,0,0,2026-02-03 17:48:49,NO,YES,NO
CISADM,W1_EMP_AUTO_TIMESHEET,,TABLE,0,0,0,0,2026-02-03 17:48:49,NO,YES,NO
CISADM,W1_EQUIP_GROUP,,TABLE,0,0,0,0,2026-02-03 17:48:49,NO,YES,NO
CISADM,W1_EQUIP_GROUP_CHAR,,TABLE,0,0,0,0,2026-02-03 17:48:49,NO,YES,NO
CISADM,W1_EQUIP_GROUP_L,,TABLE,0,0,0,0,2026-02-03 17:48:49,NO,YES,NO
CISADM,W1_ERP_INTEGRATION,,TABLE,0,0,0,0,2026-02-03 17:48:49,NO,YES,NO
CISADM,W1_ERP_INTEGRATION_CHAR,,TABLE,0,0,0,0,2026-02-03 17:48:49,NO,YES,NO
CISADM,W1_ERP_INTEGRATION_LOG,,TABLE,0,0,0,0,2026-02-03 17:48:49,NO,YES,NO
CISADM,W1_ERP_INTEGRATION_LOG_PARM,,TABLE,0,0,0,0,2026-02-03 17:48:49,NO,YES,NO
CISADM,W1_EU,,TABLE,0,0,0,0,2026-02-03 17:48:49,NO,YES,NO
CISADM,W1_EU_CHAR,,TABLE,0,0,0,0,2026-02-03 17:48:49,NO,YES,NO
CISADM,W1_EU_EMPLOYEE,,TABLE,0,0,0,0,2026-02-03 17:48:50,NO,YES,NO
CISADM,W1_EU_IDENTIFIER,,TABLE,0,0,0,0,2026-02-03 17:48:50,NO,YES,NO
CISADM,W1_EU_K,,TABLE,0,,0,0,2026-02-03 17:48:50,NO,YES,NO
CISADM,W1_EU_LOG,,TABLE,0,0,0,0,2026-02-03 17:48:50,NO,YES,NO
CISADM,W1_EU_LOG_PARM,,TABLE,0,0,0,0,2026-02-03 17:48:50,NO,YES,NO
CISADM,W1_EU_TIMESHEET,,TABLE,0,0,0,0,2026-02-03 17:48:50,NO,YES,NO
CISADM,W1_EU_TYPE,,TABLE,0,0,0,0,2026-02-03 17:48:50,NO,YES,NO
CISADM,W1_EU_TYPE_CHAR,,TABLE,0,0,0,0,2026-02-03 17:48:50,NO,YES,NO
CISADM,W1_EU_TYPE_L,,TABLE,0,0,0,0,2026-02-03 17:48:50,NO,YES,NO
CISADM,W1_EXPEDITE,,TABLE,0,0,0,0,2026-02-03 17:48:50,NO,YES,NO
CISADM,W1_EXPEDITE_CHAR,,TABLE,0,0,0,0,2026-02-03 17:48:50,NO,YES,NO
CISADM,W1_EXPEDITE_IDENTIFIER,,TABLE,0,0,0,0,2026-02-03 17:48:50,NO,YES,NO
CISADM,W1_EXPEDITE_K,,TABLE,0,,0,0,2026-02-03 17:48:50,NO,YES,NO
CISADM,W1_EXPEDITE_LOG,,TABLE,0,0,0,0,2026-02-03 17:48:50,NO,YES,NO
CISADM,W1_EXPEDITE_LOG_PARM,,TABLE,0,0,0,0,2026-02-03 17:48:50,NO,YES,NO
CISADM,W1_EXPEDITE_PO_LINE,,TABLE,0,0,0,0,2026-02-03 17:48:50,NO,YES,NO
CISADM,W1_EXPENSE_CD,,TABLE,0,0,0,0,2026-02-03 17:48:50,NO,YES,NO
CISADM,W1_EXPENSE_CD_CHAR,,TABLE,0,0,0,0,2026-02-03 17:48:50,NO,YES,NO
CISADM,W1_EXPENSE_CD_IDENTIFIER,,TABLE,0,0,0,0,2026-02-03 17:48:50,NO,YES,NO
CISADM,W1_EXPENSE_CD_L,,TABLE,0,0,0,0,2026-02-03 17:48:50,NO,YES,NO
CISADM,W1_EXPENSE_CD_LOG,,TABLE,0,0,0,0,2026-02-03 17:48:50,NO,YES,NO
CISADM,W1_EXPENSE_CD_LOG_PARM,,TABLE,0,0,0,0,2026-02-03 17:48:50,NO,YES,NO
CISADM,W1_FACTOR,,TABLE,0,0,0,0,2026-02-03 17:48:50,NO,YES,NO
CISADM,W1_FACTOR_CHAR,,TABLE,0,0,0,0,2026-02-03 17:48:50,NO,YES,NO
CISADM,W1_FACTOR_CHAR_VAL,,TABLE,0,0,0,0,2026-02-03 17:48:50,NO,YES,NO
CISADM,W1_FACTOR_L,,TABLE,0,0,0,0,2026-02-03 17:48:50,NO,YES,NO
CISADM,W1_FACTOR_VAL,,TABLE,0,0,0,0,2026-02-03 17:48:50,NO,YES,NO
CISADM,W1_FACTOR_VAL_CHAR,,TABLE,0,0,0,0,2026-02-03 17:48:50,NO,YES,NO
CISADM,W1_FAILURE_COMP,,TABLE,0,0,0,0,2026-02-03 17:48:50,NO,YES,NO
CISADM,W1_FAILURE_COMP_CHAR,,TABLE,0,0,0,0,2026-02-03 17:48:50,NO,YES,NO
CISADM,W1_FAILURE_COMP_L,,TABLE,0,0,0,0,2026-02-03 17:48:50,NO,YES,NO
CISADM,W1_FAILURE_MODE,,TABLE,0,0,0,0,2026-02-03 17:48:50,NO,YES,NO
CISADM,W1_FAILURE_MODE_CHAR,,TABLE,0,0,0,0,2026-02-03 17:48:50,NO,YES,NO
CISADM,W1_FAILURE_MODE_L,,TABLE,0,0,0,0,2026-02-03 17:48:50,NO,YES,NO
CISADM,W1_FAILURE_PROF,,TABLE,0,0,0,0,2026-02-03 17:48:50,NO,YES,NO
CISADM,W1_FAILURE_PROF_CHAR,,TABLE,0,0,0,0,2026-02-03 17:48:50,NO,YES,NO
CISADM,W1_FAILURE_PROF_FAILURE_COMP,,TABLE,0,0,0,0,2026-02-03 17:48:50,NO,YES,NO
CISADM,W1_FAILURE_PROF_FAILURE_MODE,,TABLE,0,0,0,0,2026-02-03 17:48:50,NO,YES,NO
CISADM,W1_FAILURE_PROF_FAILURE_REPAIR,,TABLE,0,0,0,0,2026-02-03 17:48:50,NO,YES,NO
CISADM,W1_FAILURE_PROF_FAILURE_TYPE,,TABLE,0,0,0,0,2026-02-03 17:48:50,NO,YES,NO
CISADM,W1_FAILURE_PROF_L,,TABLE,0,0,0,0,2026-02-03 17:48:50,NO,YES,NO
CISADM,W1_FAILURE_REPAIR,,TABLE,0,0,0,0,2026-02-03 17:48:50,NO,YES,NO
CISADM,W1_FAILURE_REPAIR_CHAR,,TABLE,0,0,0,0,2026-02-03 17:48:50,NO,YES,NO
CISADM,W1_FAILURE_REPAIR_L,,TABLE,0,0,0,0,2026-02-03 17:48:50,NO,YES,NO
CISADM,W1_FAILURE_TYPE,,TABLE,0,0,0,0,2026-02-03 17:48:50,NO,YES,NO
CISADM,W1_FAILURE_TYPE_CHAR,,TABLE,0,0,0,0,2026-02-03 17:48:50,NO,YES,NO
CISADM,W1_FAILURE_TYPE_L,,TABLE,0,0,0,0,2026-02-03 17:48:50,NO,YES,NO
CISADM,W1_FOB,,TABLE,0,0,0,0,2026-02-03 17:48:50,NO,YES,NO
CISADM,W1_FOB_CHAR,,TABLE,0,0,0,0,2026-02-03 17:48:50,NO,YES,NO
CISADM,W1_FOB_L,,TABLE,0,0,0,0,2026-02-03 17:48:50,NO,YES,NO
CISADM,W1_FT,,TABLE,0,0,0,0,2026-02-03 17:48:50,NO,YES,NO
CISADM,W1_FT_CHAR,,TABLE,0,0,0,0,2026-02-03 17:48:50,NO,YES,NO
CISADM,W1_FT_GL_DTL,,TABLE,0,0,0,0,2026-02-03 17:48:50,NO,YES,NO
CISADM,W1_FT_K,,TABLE,0,,0,0,2026-02-03 17:48:50,NO,YES,NO
CISADM,W1_FT_LOG,,TABLE,0,0,0,0,2026-02-03 17:48:51,NO,YES,NO
CISADM,W1_FT_LOG_PARM,,TABLE,0,0,0,0,2026-02-03 17:48:51,NO,YES,NO
CISADM,W1_FT_PROCESS,,TABLE,0,0,0,0,2026-02-03 17:48:51,NO,YES,NO
CISADM,W1_GIS_BATCH_DTLS,,TABLE,0,0,0,0,2026-02-03 17:48:51,NO,YES,NO
CISADM,W1_GIS_ID_DTLS,,TABLE,0,0,0,0,2026-02-03 17:48:51,NO,YES,NO
CISADM,W1_INVOICE_GROUP,,TABLE,0,0,0,0,2026-02-03 17:48:51,NO,YES,NO
CISADM,W1_INVOICE_GROUP_CHAR,,TABLE,0,0,0,0,2026-02-03 17:48:51,NO,YES,NO
CISADM,W1_INVOICE_GROUP_IDENTIFIER,,TABLE,0,0,0,0,2026-02-03 17:48:51,NO,YES,NO
CISADM,W1_INVOICE_GROUP_LOG,,TABLE,0,0,0,0,2026-02-03 17:48:51,NO,YES,NO
CISADM,W1_INVOICE_GROUP_LOG_PARM,,TABLE,0,0,0,0,2026-02-03 17:48:51,NO,YES,NO
CISADM,W1_INVOICE_HEADER,,TABLE,0,0,0,0,2026-02-03 17:48:51,NO,YES,NO
CISADM,W1_INVOICE_HEADER_CHAR,,TABLE,0,0,0,0,2026-02-03 17:48:51,NO,YES,NO
CISADM,W1_INVOICE_HEADER_COST_CENTER,,TABLE,0,0,0,0,2026-02-03 17:48:51,NO,YES,NO
CISADM,W1_INVOICE_HEADER_DOCUMENT,,TABLE,0,0,0,0,2026-02-03 17:48:51,NO,YES,NO
CISADM,W1_INVOICE_HEADER_IDENTIFIER,,TABLE,0,0,0,0,2026-02-03 17:48:51,NO,YES,NO
CISADM,W1_INVOICE_HEADER_K,,TABLE,0,,0,0,2026-02-03 17:48:51,NO,YES,NO
CISADM,W1_INVOICE_HEADER_LOG,,TABLE,0,0,0,0,2026-02-03 17:48:51,NO,YES,NO
CISADM,W1_INVOICE_HEADER_LOG_PARM,,TABLE,0,0,0,0,2026-02-03 17:48:51,NO,YES,NO
CISADM,W1_INVOICE_HEADER_NOTE,,TABLE,0,0,0,0,2026-02-03 17:48:51,NO,YES,NO
CISADM,W1_INVOICE_LINE,,TABLE,0,0,0,0,2026-02-03 17:48:51,NO,YES,NO
CISADM,W1_INVOICE_LINE_CHAR,,TABLE,0,0,0,0,2026-02-03 17:48:51,NO,YES,NO
CISADM,W1_INVOICE_LINE_COST_CENTER,,TABLE,0,0,0,0,2026-02-03 17:48:51,NO,YES,NO
CISADM,W1_INVOICE_LINE_DOCUMENT,,TABLE,0,0,0,0,2026-02-03 17:48:51,NO,YES,NO
CISADM,W1_INVOICE_LINE_IDENTIFIER,,TABLE,0,0,0,0,2026-02-03 17:48:51,NO,YES,NO
CISADM,W1_INVOICE_LINE_K,,TABLE,0,,0,0,2026-02-03 17:48:51,NO,YES,NO
CISADM,W1_INVOICE_LINE_LOG,,TABLE,0,0,0,0,2026-02-03 17:48:51,NO,YES,NO
CISADM,W1_INVOICE_LINE_LOG_PARM,,TABLE,0,0,0,0,2026-02-03 17:48:51,NO,YES,NO
CISADM,W1_INVOICE_LINE_NOTE,,TABLE,0,0,0,0,2026-02-03 17:48:51,NO,YES,NO
CISADM,W1_INVOICE_LINE_TAX_LINE,,TABLE,0,0,0,0,2026-02-03 17:48:51,NO,YES,NO
CISADM,W1_INV_ADJ,,TABLE,0,0,0,0,2026-02-03 17:48:51,NO,YES,NO
CISADM,W1_INV_ADJ_ASSET,,TABLE,0,0,0,0,2026-02-03 17:48:51,NO,YES,NO
CISADM,W1_INV_ADJ_CHAR,,TABLE,0,0,0,0,2026-02-03 17:48:51,NO,YES,NO
CISADM,W1_INV_ADJ_K,,TABLE,0,,0,0,2026-02-03 17:48:51,NO,YES,NO
CISADM,W1_INV_ADJ_LOG,,TABLE,0,0,0,0,2026-02-03 17:48:51,NO,YES,NO
CISADM,W1_INV_ADJ_LOG_PARM,,TABLE,0,0,0,0,2026-02-03 17:48:51,NO,YES,NO
CISADM,W1_INV_ADJ_LOT,,TABLE,0,0,0,0,2026-02-03 17:48:51,NO,YES,NO
CISADM,W1_LABOR_EARNING_TYPE,,TABLE,0,0,0,0,2026-02-03 17:48:51,NO,YES,NO
CISADM,W1_LABOR_EARNING_TYPE_CHAR,,TABLE,0,0,0,0,2026-02-03 17:48:51,NO,YES,NO
CISADM,W1_LABOR_EARNING_TYPE_L,,TABLE,0,0,0,0,2026-02-03 17:48:51,NO,YES,NO
CISADM,W1_MAINTMGR,,TABLE,0,0,0,0,2026-02-03 17:48:51,NO,YES,NO
CISADM,W1_MAINTMGR_CHAR,,TABLE,0,0,0,0,2026-02-03 17:48:51,NO,YES,NO
CISADM,W1_MAINTMGR_L,,TABLE,0,0,0,0,2026-02-03 17:48:51,NO,YES,NO
CISADM,W1_MAINT_EVENT,,TABLE,0,0,0,0,2026-02-03 17:48:51,NO,YES,NO
CISADM,W1_MAINT_EVENT_CHAR,,TABLE,0,0,0,0,2026-02-03 17:48:51,NO,YES,NO
CISADM,W1_MAINT_EVENT_IDENTIFIER,,TABLE,0,0,0,0,2026-02-03 17:48:51,NO,YES,NO
CISADM,W1_MAINT_EVENT_K,,TABLE,0,,0,0,2026-02-03 17:48:51,NO,YES,NO
CISADM,W1_MAINT_EVENT_LOG,,TABLE,0,0,0,0,2026-02-03 17:48:52,NO,YES,NO
CISADM,W1_MAINT_EVENT_LOG_PARM,,TABLE,0,0,0,0,2026-02-03 17:48:52,NO,YES,NO
CISADM,W1_MAINT_EVENT_MAINT_PLAN,,TABLE,0,0,0,0,2026-02-03 17:48:52,NO,YES,NO
CISADM,W1_MAINT_SCHEDULE,,TABLE,0,0,0,0,2026-02-03 17:48:52,NO,YES,NO
CISADM,W1_MAINT_SCHEDULE_CHAR,,TABLE,0,0,0,0,2026-02-03 17:48:52,NO,YES,NO
CISADM,W1_MAINT_SCHEDULE_IDENTIFIER,,TABLE,0,0,0,0,2026-02-03 17:48:52,NO,YES,NO
CISADM,W1_MAINT_SCHEDULE_K,,TABLE,0,,0,0,2026-02-03 17:48:52,NO,YES,NO
CISADM,W1_MAINT_SCHEDULE_LOG,,TABLE,0,0,0,0,2026-02-03 17:48:52,NO,YES,NO
CISADM,W1_MAINT_SCHEDULE_LOG_PARM,,TABLE,0,0,0,0,2026-02-03 17:48:52,NO,YES,NO
CISADM,W1_MAINT_TRIGGER,,TABLE,0,0,0,0,2026-02-03 17:48:52,NO,YES,NO
CISADM,W1_MAINT_TRIGGER_CHAR,,TABLE,0,0,0,0,2026-02-03 17:48:52,NO,YES,NO
CISADM,W1_MAINT_TRIGGER_IDENTIFIER,,TABLE,0,0,0,0,2026-02-03 17:48:52,NO,YES,NO
CISADM,W1_MAINT_TRIGGER_K,,TABLE,0,,0,0,2026-02-03 17:48:52,NO,YES,NO
CISADM,W1_MAINT_TRIGGER_LOG,,TABLE,0,0,0,0,2026-02-03 17:48:52,NO,YES,NO
CISADM,W1_MAINT_TRIGGER_LOG_PARM,,TABLE,0,0,0,0,2026-02-03 17:48:52,NO,YES,NO
CISADM,W1_MAINT_TRIGGER_PLN_FAIL_INFO,,TABLE,0,0,0,0,2026-02-03 17:48:52,NO,YES,NO
CISADM,W1_MANUFACTURER,,TABLE,11,4,45,11,2026-02-04 05:00:41,NO,YES,NO
CISADM,W1_MANUFACTURER_CHAR,,TABLE,0,0,0,0,2026-02-03 17:48:52,NO,YES,NO
CISADM,W1_MANUFACTURER_IDENTIFIER,,TABLE,0,0,0,0,2026-02-03 17:48:52,NO,YES,NO
CISADM,W1_MANUFACTURER_L,,TABLE,22,8,25,22,2026-02-03 17:48:52,NO,YES,NO
CISADM,W1_MAT_DISP,,TABLE,0,0,0,0,2026-02-03 17:48:52,NO,YES,NO
CISADM,W1_MAT_DISP_CHAR,,TABLE,0,0,0,0,2026-02-03 17:48:52,NO,YES,NO
CISADM,W1_MAT_DISP_IDENTIFIER,,TABLE,0,0,0,0,2026-02-03 17:48:52,NO,YES,NO
CISADM,W1_MAT_DISP_K,,TABLE,0,,0,0,2026-02-03 17:48:52,NO,YES,NO
CISADM,W1_MAT_DISP_LINE,,TABLE,0,0,0,0,2026-02-03 17:48:52,NO,YES,NO
CISADM,W1_MAT_DISP_LOG,,TABLE,0,0,0,0,2026-02-03 17:48:52,NO,YES,NO
CISADM,W1_MAT_DISP_LOG_PARM,,TABLE,0,0,0,0,2026-02-03 17:48:52,NO,YES,NO
CISADM,W1_MAT_ISS_LINE,,TABLE,0,0,0,0,2026-02-03 17:48:53,NO,YES,NO
CISADM,W1_MAT_ISS_LINE_CHAR,,TABLE,0,0,0,0,2026-02-03 17:48:53,NO,YES,NO
CISADM,W1_MAT_ISS_LINE_K,,TABLE,0,,0,0,2026-02-03 17:48:53,NO,YES,NO
CISADM,W1_MAT_ISS_LINE_LOG,,TABLE,0,0,0,0,2026-02-03 17:48:53,NO,YES,NO
CISADM,W1_MAT_ISS_LINE_LOG_PARM,,TABLE,0,0,0,0,2026-02-03 17:48:53,NO,YES,NO
CISADM,W1_MAT_REQ_HEADER,,TABLE,0,0,0,0,2026-02-03 17:48:53,NO,YES,NO
CISADM,W1_MAT_REQ_HEADER_CHAR,,TABLE,0,0,0,0,2026-02-03 17:48:53,NO,YES,NO
CISADM,W1_MAT_REQ_HEADER_COST_CENTER,,TABLE,0,0,0,0,2026-02-03 17:48:53,NO,YES,NO
CISADM,W1_MAT_REQ_HEADER_K,,TABLE,0,,0,0,2026-02-03 17:48:53,NO,YES,NO
CISADM,W1_MAT_REQ_HEADER_LOG,,TABLE,0,0,0,0,2026-02-03 17:48:53,NO,YES,NO
CISADM,W1_MAT_REQ_HEADER_LOG_PARM,,TABLE,0,0,0,0,2026-02-03 17:48:53,NO,YES,NO
CISADM,W1_MAT_REQ_LINE,,TABLE,0,0,0,0,2026-02-03 17:48:53,NO,YES,NO
CISADM,W1_MAT_REQ_LINE_CHAR,,TABLE,0,0,0,0,2026-02-03 17:48:53,NO,YES,NO
CISADM,W1_MAT_REQ_LINE_K,,TABLE,0,,0,0,2026-02-03 17:48:53,NO,YES,NO
CISADM,W1_MAT_REQ_LINE_LOG,,TABLE,0,0,0,0,2026-02-03 17:48:53,NO,YES,NO
CISADM,W1_MAT_REQ_LINE_LOG_PARM,,TABLE,0,0,0,0,2026-02-03 17:48:53,NO,YES,NO
CISADM,W1_MAT_REQ_TMPL,,TABLE,0,0,0,0,2026-02-03 17:48:53,NO,YES,NO
CISADM,W1_MAT_REQ_TMPL_CHAR,,TABLE,0,0,0,0,2026-02-03 17:48:53,NO,YES,NO
CISADM,W1_MAT_REQ_TMPL_K,,TABLE,0,,0,0,2026-02-03 17:48:53,NO,YES,NO
CISADM,W1_MAT_REQ_TMPL_LOG,,TABLE,0,0,0,0,2026-02-03 17:48:53,NO,YES,NO
CISADM,W1_MAT_REQ_TMPL_LOG_PARM,,TABLE,0,0,0,0,2026-02-03 17:48:53,NO,YES,NO
CISADM,W1_MAT_REQ_TMPL_MAT,,TABLE,0,0,0,0,2026-02-03 17:48:53,NO,YES,NO
CISADM,W1_MAT_RET_HEADER,,TABLE,0,0,0,0,2026-02-03 17:48:53,NO,YES,NO
CISADM,W1_MAT_RET_HEADER_CHAR,,TABLE,0,0,0,0,2026-02-03 17:48:53,NO,YES,NO
CISADM,W1_MAT_RET_HEADER_COST_CENTER,,TABLE,0,0,0,0,2026-02-03 17:48:53,NO,YES,NO
CISADM,W1_MAT_RET_HEADER_K,,TABLE,0,,0,0,2026-02-03 17:48:53,NO,YES,NO
CISADM,W1_MAT_RET_HEADER_LOG,,TABLE,0,0,0,0,2026-02-03 17:48:53,NO,YES,NO
CISADM,W1_MAT_RET_HEADER_LOG_PARM,,TABLE,0,0,0,0,2026-02-03 17:48:53,NO,YES,NO
CISADM,W1_MAT_RET_LINE,,TABLE,0,0,0,0,2026-02-03 17:48:53,NO,YES,NO
CISADM,W1_MAT_RET_LINE_CHAR,,TABLE,0,0,0,0,2026-02-03 17:48:53,NO,YES,NO
CISADM,W1_MAT_RET_LINE_K,,TABLE,0,,0,0,2026-02-03 17:48:53,NO,YES,NO
CISADM,W1_MAT_RET_LINE_LOG,,TABLE,0,0,0,0,2026-02-03 17:48:53,NO,YES,NO
CISADM,W1_MAT_RET_LINE_LOG_PARM,,TABLE,0,0,0,0,2026-02-03 17:48:53,NO,YES,NO
CISADM,W1_MEASUREMENT,,TABLE,0,0,0,0,2026-02-03 17:48:53,NO,YES,NO
CISADM,W1_MEASUREMENT_CHAR,,TABLE,0,0,0,0,2026-02-03 17:48:53,NO,YES,NO
CISADM,W1_MEASUREMENT_K,,TABLE,0,,0,0,2026-02-03 17:48:53,NO,YES,NO
CISADM,W1_MEASUREMENT_LOG,,TABLE,0,0,0,0,2026-02-03 17:48:53,NO,YES,NO
CISADM,W1_MEASUREMENT_LOG_PARM,,TABLE,0,0,0,0,2026-02-03 17:48:53,NO,YES,NO
CISADM,W1_MEASUREMENT_TYPE,,TABLE,0,0,0,0,2026-02-03 17:48:53,NO,YES,NO
CISADM,W1_MEASUREMENT_TYPE_CHAR,,TABLE,0,0,0,0,2026-02-03 17:48:53,NO,YES,NO
CISADM,W1_MEASUREMENT_TYPE_IDENTIFIER,,TABLE,0,0,0,0,2026-02-03 17:48:53,NO,YES,NO
CISADM,W1_MEASUREMENT_TYPE_L,,TABLE,0,0,0,0,2026-02-03 17:48:53,NO,YES,NO
CISADM,W1_MEASUREMENT_UOM,,TABLE,0,0,0,0,2026-02-03 17:48:53,NO,YES,NO
CISADM,W1_MEASUREMENT_UOM_CHAR,,TABLE,0,0,0,0,2026-02-03 17:48:53,NO,YES,NO
CISADM,W1_MEASUREMENT_UOM_L,,TABLE,0,0,0,0,2026-02-03 17:48:53,NO,YES,NO
CISADM,W1_MOBILE_SUBSCR,,TABLE,0,0,0,0,2026-02-03 17:48:53,NO,YES,NO
CISADM,W1_MOBILE_SUBSCR_CHAR,,TABLE,0,0,0,0,2026-02-03 17:48:53,NO,YES,NO
CISADM,W1_MOBILE_SUBSCR_K,,TABLE,0,,0,0,2026-02-03 17:48:53,NO,YES,NO
CISADM,W1_MOBILE_SUBSCR_LOG,,TABLE,0,0,0,0,2026-02-03 17:48:53,NO,YES,NO
CISADM,W1_MOBILE_SUBSCR_LOG_PARM,,TABLE,0,0,0,0,2026-02-03 17:48:53,NO,YES,NO
CISADM,W1_NODE,,TABLE,3310,244,499,3310,2026-03-28 05:00:12,NO,YES,NO
CISADM,W1_NODE_ATTACHMENT,,TABLE,0,0,0,0,2026-02-03 17:48:54,NO,YES,NO
CISADM,W1_NODE_CHAR,,TABLE,0,0,0,0,2026-02-03 17:48:54,NO,YES,NO
CISADM,W1_NODE_CHAR2,,TABLE,0,0,0,0,2026-02-03 17:48:54,NO,YES,NO
CISADM,W1_NODE_CONTACT,,TABLE,3172,20,34,3172,2026-02-03 17:48:54,NO,YES,NO
CISADM,W1_NODE_COST_CENTER,,TABLE,0,0,0,0,2026-02-03 17:48:54,NO,YES,NO
CISADM,W1_NODE_DOCUMENT,,TABLE,0,0,0,0,2026-02-03 17:48:54,NO,YES,NO
CISADM,W1_NODE_IDENTIFIER,,TABLE,3306,20,34,3306,2026-02-03 17:48:54,NO,YES,NO
CISADM,W1_NODE_K,,TABLE,3310,,18,3310,2026-02-03 17:48:54,NO,YES,NO
CISADM,W1_NODE_LOG,,TABLE,3310,65,91,3310,2026-02-04 05:00:47,NO,YES,NO
CISADM,W1_NODE_LOG_PARM,,TABLE,0,0,0,0,2026-02-03 17:48:54,NO,YES,NO
CISADM,W1_NODE_MAINT_TRIGGER,,TABLE,0,0,0,0,2026-02-03 17:48:54,NO,YES,NO
CISADM,W1_NODE_TYPE,,TABLE,28,8,103,28,2026-02-03 17:48:55,NO,YES,NO
CISADM,W1_NODE_TYPE_CHAR,,TABLE,0,0,0,0,2026-02-03 17:48:55,NO,YES,NO
CISADM,W1_NODE_TYPE_L,,TABLE,56,8,35,56,2026-02-03 17:48:55,NO,YES,NO
CISADM,W1_ODC,,TABLE,0,0,0,0,2026-02-03 17:48:55,NO,YES,NO
CISADM,W1_ODC_CHAR,,TABLE,0,0,0,0,2026-02-03 17:48:55,NO,YES,NO
CISADM,W1_ODC_DTL,,TABLE,0,0,0,0,2026-02-03 17:48:55,NO,YES,NO
CISADM,W1_ODC_DTL_CHAR,,TABLE,0,0,0,0,2026-02-03 17:48:55,NO,YES,NO
CISADM,W1_ODC_DTL_COST,,TABLE,0,0,0,0,2026-02-03 17:48:55,NO,YES,NO
CISADM,W1_ODC_DTL_K,,TABLE,0,,0,0,2026-02-03 17:48:55,NO,YES,NO
CISADM,W1_ODC_DTL_LOG,,TABLE,0,0,0,0,2026-02-03 17:48:55,NO,YES,NO
CISADM,W1_ODC_DTL_LOG_PARM,,TABLE,0,0,0,0,2026-02-03 17:48:55,NO,YES,NO
CISADM,W1_ODC_IDENTIFIER,,TABLE,0,0,0,0,2026-02-03 17:48:55,NO,YES,NO
CISADM,W1_ODC_K,,TABLE,0,,0,0,2026-02-03 17:48:55,NO,YES,NO
CISADM,W1_ODC_LOG,,TABLE,0,0,0,0,2026-02-03 17:48:55,NO,YES,NO
CISADM,W1_ODC_LOG_PARM,,TABLE,0,0,0,0,2026-02-03 17:48:55,NO,YES,NO
CISADM,W1_OVERHEAD,,TABLE,0,0,0,0,2026-02-03 17:48:55,NO,YES,NO
CISADM,W1_OVERHEAD_CHAR,,TABLE,0,0,0,0,2026-02-03 17:48:55,NO,YES,NO
CISADM,W1_OVERHEAD_L,,TABLE,0,0,0,0,2026-02-03 17:48:55,NO,YES,NO
CISADM,W1_OVERHEAD_RESRC,,TABLE,0,0,0,0,2026-02-03 17:48:55,NO,YES,NO
CISADM,W1_OVERTIME_TYPE,,TABLE,0,0,0,0,2026-02-03 17:48:55,NO,YES,NO
CISADM,W1_OVERTIME_TYPE_CHAR,,TABLE,0,0,0,0,2026-02-03 17:48:55,NO,YES,NO
CISADM,W1_OVERTIME_TYPE_L,,TABLE,0,0,0,0,2026-02-03 17:48:55,NO,YES,NO
CISADM,W1_PARENT_NODE_TYPE,,TABLE,0,0,0,0,2026-02-03 17:48:55,NO,YES,NO
CISADM,W1_PARENT_ORG_MT_VW,,TABLE,0,0,0,0,2026-02-03 17:48:55,NO,YES,NO
CISADM,W1_PAYMENT_TERM,,TABLE,0,0,0,0,2026-02-03 17:48:55,NO,YES,NO
CISADM,W1_PAYMENT_TERM_CHAR,,TABLE,0,0,0,0,2026-02-03 17:48:55,NO,YES,NO
CISADM,W1_PAYMENT_TERM_L,,TABLE,0,0,0,0,2026-02-03 17:48:55,NO,YES,NO
CISADM,W1_PEER_NODE,,TABLE,0,0,0,0,2026-02-03 17:48:55,NO,YES,NO
CISADM,W1_PEER_NODE_TYPE,,TABLE,0,0,0,0,2026-02-03 17:48:55,NO,YES,NO
CISADM,W1_PEER_SPECIFICATION,,TABLE,0,0,0,0,2026-02-03 17:48:55,NO,YES,NO
CISADM,W1_PERMIT,,TABLE,0,0,0,0,2026-02-03 17:48:55,NO,YES,NO
CISADM,W1_PERMIT_ASSET_LOCATION,,TABLE,0,0,0,0,2026-02-03 17:48:55,NO,YES,NO
CISADM,W1_PERMIT_CHAR,,TABLE,0,0,0,0,2026-02-03 17:48:55,NO,YES,NO
CISADM,W1_PERMIT_CLASS,,TABLE,0,0,0,0,2026-02-03 17:48:55,NO,YES,NO
CISADM,W1_PERMIT_CLASS_CHAR,,TABLE,0,0,0,0,2026-02-03 17:48:55,NO,YES,NO
CISADM,W1_PERMIT_CLASS_L,,TABLE,0,0,0,0,2026-02-03 17:48:55,NO,YES,NO
CISADM,W1_PERMIT_DOCUMENT,,TABLE,0,0,0,0,2026-02-03 17:48:55,NO,YES,NO
CISADM,W1_PERMIT_EMPLOYEE_LOG,,TABLE,0,0,0,0,2026-02-03 17:48:55,NO,YES,NO
CISADM,W1_PERMIT_IDENTIFIER,,TABLE,0,0,0,0,2026-02-03 17:48:55,NO,YES,NO
CISADM,W1_PERMIT_K,,TABLE,0,,0,0,2026-02-03 17:48:55,NO,YES,NO
CISADM,W1_PERMIT_LOG,,TABLE,0,0,0,0,2026-02-03 17:48:55,NO,YES,NO
CISADM,W1_PERMIT_LOG_PARM,,TABLE,0,0,0,0,2026-02-03 17:48:55,NO,YES,NO
CISADM,W1_PERMIT_NOTE,,TABLE,0,0,0,0,2026-02-03 17:48:55,NO,YES,NO
CISADM,W1_PERMIT_RESOURCE,,TABLE,0,0,0,0,2026-02-03 17:48:55,NO,YES,NO
CISADM,W1_PERMIT_TMPL,,TABLE,0,0,0,0,2026-02-03 17:48:55,NO,YES,NO
CISADM,W1_PERMIT_TMPL_CHAR,,TABLE,0,0,0,0,2026-02-03 17:48:55,NO,YES,NO
CISADM,W1_PERMIT_TMPL_CHKLST,,TABLE,0,0,0,0,2026-02-03 17:48:55,NO,YES,NO
CISADM,W1_PERMIT_TMPL_DOCUMENT,,TABLE,0,0,0,0,2026-02-03 17:48:55,NO,YES,NO
CISADM,W1_PERMIT_TMPL_L,,TABLE,0,0,0,0,2026-02-03 17:48:55,NO,YES,NO
CISADM,W1_PERMIT_TMPL_NOTE,,TABLE,0,0,0,0,2026-02-03 17:48:55,NO,YES,NO
CISADM,W1_PERMIT_TMPL_RESRC,,TABLE,0,0,0,0,2026-02-03 17:48:55,NO,YES,NO
CISADM,W1_PERMIT_TMPL_SVC_HIST_TYPE,,TABLE,0,0,0,0,2026-02-03 17:48:55,NO,YES,NO
CISADM,W1_PI_CNT_LINE,,TABLE,0,0,0,0,2026-02-03 17:48:55,NO,YES,NO
CISADM,W1_PI_CNT_LINE_CHAR,,TABLE,0,0,0,0,2026-02-03 17:48:55,NO,YES,NO
CISADM,W1_PI_CNT_LINE_K,,TABLE,0,,0,0,2026-02-03 17:48:55,NO,YES,NO
CISADM,W1_PI_CNT_LINE_LOG,,TABLE,0,0,0,0,2026-02-03 17:48:55,NO,YES,NO
CISADM,W1_PI_CNT_LINE_LOG_PARM,,TABLE,0,0,0,0,2026-02-03 17:48:56,NO,YES,NO
CISADM,W1_PI_CNT_MST,,TABLE,0,0,0,0,2026-02-03 17:48:56,NO,YES,NO
CISADM,W1_PI_CNT_MST_CHAR,,TABLE,0,0,0,0,2026-02-03 17:48:56,NO,YES,NO
CISADM,W1_PI_CNT_MST_K,,TABLE,0,,0,0,2026-02-03 17:48:56,NO,YES,NO
CISADM,W1_PI_CNT_MST_LOG,,TABLE,0,0,0,0,2026-02-03 17:48:56,NO,YES,NO
CISADM,W1_PI_CNT_MST_LOG_PARM,,TABLE,0,0,0,0,2026-02-03 17:48:56,NO,YES,NO
CISADM,W1_PI_HEADER,,TABLE,0,0,0,0,2026-02-03 17:48:56,NO,YES,NO
CISADM,W1_PI_HEADER_CHAR,,TABLE,0,0,0,0,2026-02-03 17:48:56,NO,YES,NO
CISADM,W1_PI_HEADER_K,,TABLE,0,,0,0,2026-02-03 17:48:56,NO,YES,NO
CISADM,W1_PI_HEADER_LOG,,TABLE,0,0,0,0,2026-02-03 17:48:56,NO,YES,NO
CISADM,W1_PI_HEADER_LOG_PARM,,TABLE,0,0,0,0,2026-02-03 17:48:56,NO,YES,NO
CISADM,W1_PLANNER,,TABLE,0,0,0,0,2026-02-03 17:48:56,NO,YES,NO
CISADM,W1_PLANNER_CHAR,,TABLE,0,0,0,0,2026-02-03 17:48:56,NO,YES,NO
CISADM,W1_PLANNER_L,,TABLE,0,0,0,0,2026-02-03 17:48:56,NO,YES,NO
CISADM,W1_PO_HEADER,,TABLE,0,0,0,0,2026-02-03 17:48:56,NO,YES,NO
CISADM,W1_PO_HEADER_CHAR,,TABLE,0,0,0,0,2026-02-03 17:48:56,NO,YES,NO
CISADM,W1_PO_HEADER_COST_CENTER,,TABLE,0,0,0,0,2026-02-03 17:48:56,NO,YES,NO
CISADM,W1_PO_HEADER_DOCUMENT,,TABLE,0,0,0,0,2026-02-03 17:48:56,NO,YES,NO
CISADM,W1_PO_HEADER_IDENTIFIER,,TABLE,0,0,0,0,2026-02-03 17:48:56,NO,YES,NO
CISADM,W1_PO_HEADER_K,,TABLE,0,,0,0,2026-02-03 17:48:56,NO,YES,NO
CISADM,W1_PO_HEADER_LOG,,TABLE,0,0,0,0,2026-02-03 17:48:56,NO,YES,NO
CISADM,W1_PO_HEADER_LOG_PARM,,TABLE,0,0,0,0,2026-02-03 17:48:56,NO,YES,NO
CISADM,W1_PO_HEADER_NOTE,,TABLE,0,0,0,0,2026-02-03 17:48:56,NO,YES,NO
CISADM,W1_PO_LINE,,TABLE,0,0,0,0,2026-02-03 17:48:56,NO,YES,NO
CISADM,W1_PO_LINE_CHAR,,TABLE,0,0,0,0,2026-02-03 17:48:56,NO,YES,NO
CISADM,W1_PO_LINE_COST_CENTER,,TABLE,0,0,0,0,2026-02-03 17:48:56,NO,YES,NO
CISADM,W1_PO_LINE_DOCUMENT,,TABLE,0,0,0,0,2026-02-03 17:48:56,NO,YES,NO
CISADM,W1_PO_LINE_K,,TABLE,0,,0,0,2026-02-03 17:48:56,NO,YES,NO
CISADM,W1_PO_LINE_LOG,,TABLE,0,0,0,0,2026-02-03 17:48:56,NO,YES,NO
CISADM,W1_PO_LINE_LOG_PARM,,TABLE,0,0,0,0,2026-02-03 17:48:56,NO,YES,NO
CISADM,W1_PO_LINE_MFR,,TABLE,0,0,0,0,2026-02-03 17:48:56,NO,YES,NO
CISADM,W1_PO_LINE_NOTE,,TABLE,0,0,0,0,2026-02-03 17:48:56,NO,YES,NO
CISADM,W1_PO_LINE_TAX_LINE,,TABLE,0,0,0,0,2026-02-03 17:48:56,NO,YES,NO
CISADM,W1_PROCESS,,TABLE,0,0,0,0,2026-02-03 17:48:56,NO,YES,NO
CISADM,W1_PROCESS_CHAR,,TABLE,0,0,0,0,2026-02-03 17:48:56,NO,YES,NO
CISADM,W1_PROCESS_DOCUMENT,,TABLE,0,0,0,0,2026-02-03 17:48:56,NO,YES,NO
CISADM,W1_PROCESS_IDENTIFIER,,TABLE,0,0,0,0,2026-02-03 17:48:56,NO,YES,NO
CISADM,W1_PROCESS_K,,TABLE,0,,0,0,2026-02-03 17:48:56,NO,YES,NO
CISADM,W1_PROCESS_LOC,,TABLE,0,0,0,0,2026-02-03 17:48:56,NO,YES,NO
CISADM,W1_PROCESS_LOG,,TABLE,0,0,0,0,2026-02-03 17:48:56,NO,YES,NO
CISADM,W1_PROCESS_LOG_PARM,,TABLE,0,0,0,0,2026-02-03 17:48:56,NO,YES,NO
CISADM,W1_PROCESS_TYPE,,TABLE,0,0,0,0,2026-02-03 17:48:56,NO,YES,NO
CISADM,W1_PROCESS_TYPE_CHAR,,TABLE,0,0,0,0,2026-02-03 17:48:56,NO,YES,NO
CISADM,W1_PROCESS_TYPE_L,,TABLE,0,0,0,0,2026-02-03 17:48:56,NO,YES,NO
CISADM,W1_PROJECT,,TABLE,0,0,0,0,2026-02-03 17:48:56,NO,YES,NO
CISADM,W1_PROJECT_CATEGORY,,TABLE,0,0,0,0,2026-02-03 17:48:56,NO,YES,NO
CISADM,W1_PROJECT_CATEGORY_CHAR,,TABLE,0,0,0,0,2026-02-03 17:48:56,NO,YES,NO
CISADM,W1_PROJECT_CATEGORY_L,,TABLE,0,0,0,0,2026-02-03 17:48:56,NO,YES,NO
CISADM,W1_PROJECT_CATEGORY_LOG,,TABLE,0,0,0,0,2026-02-03 17:48:57,NO,YES,NO
CISADM,W1_PROJECT_CATEGORY_LOG_PARM,,TABLE,0,0,0,0,2026-02-03 17:48:57,NO,YES,NO
CISADM,W1_PROJECT_CHAR,,TABLE,0,0,0,0,2026-02-03 17:48:57,NO,YES,NO
CISADM,W1_PROJECT_COST_CENTER,,TABLE,0,0,0,0,2026-02-03 17:48:57,NO,YES,NO
CISADM,W1_PROJECT_DOCUMENT,,TABLE,0,0,0,0,2026-02-03 17:48:57,NO,YES,NO
CISADM,W1_PROJECT_IDENTIFIER,,TABLE,0,0,0,0,2026-02-03 17:48:57,NO,YES,NO
CISADM,W1_PROJECT_K,,TABLE,0,,0,0,2026-02-03 17:48:57,NO,YES,NO
CISADM,W1_PROJECT_LOG,,TABLE,0,0,0,0,2026-02-03 17:48:57,NO,YES,NO
CISADM,W1_PROJECT_LOG_PARM,,TABLE,0,0,0,0,2026-02-03 17:48:57,NO,YES,NO
CISADM,W1_PROJECT_NOTE,,TABLE,0,0,0,0,2026-02-03 17:48:57,NO,YES,NO
CISADM,W1_PROPERTY_UNIT,,TABLE,0,0,0,0,2026-02-03 17:48:57,NO,YES,NO
CISADM,W1_PROPERTY_UNIT_CHAR,,TABLE,0,0,0,0,2026-02-03 17:48:57,NO,YES,NO
CISADM,W1_PROPERTY_UNIT_L,,TABLE,0,0,0,0,2026-02-03 17:48:57,NO,YES,NO
CISADM,W1_PR_HDR,,TABLE,0,0,0,0,2026-02-03 17:48:57,NO,YES,NO
CISADM,W1_PR_HDR_CHAR,,TABLE,0,0,0,0,2026-02-03 17:48:57,NO,YES,NO
CISADM,W1_PR_HDR_COST_CTR,,TABLE,0,0,0,0,2026-02-03 17:48:57,NO,YES,NO
CISADM,W1_PR_HDR_DOCUMENT,,TABLE,0,0,0,0,2026-02-03 17:48:57,NO,YES,NO
CISADM,W1_PR_HDR_IDENTIFIER,,TABLE,0,0,0,0,2026-02-03 17:48:57,NO,YES,NO
CISADM,W1_PR_HDR_K,,TABLE,0,,0,0,2026-02-03 17:48:57,NO,YES,NO
CISADM,W1_PR_HDR_LOG,,TABLE,0,0,0,0,2026-02-03 17:48:57,NO,YES,NO
CISADM,W1_PR_HDR_LOG_PARM,,TABLE,0,0,0,0,2026-02-03 17:48:57,NO,YES,NO
CISADM,W1_PR_HDR_NOTE,,TABLE,0,0,0,0,2026-02-03 17:48:57,NO,YES,NO
CISADM,W1_PR_LINE,,TABLE,0,0,0,0,2026-02-03 17:48:57,NO,YES,NO
CISADM,W1_PR_LINE_CHAR,,TABLE,0,0,0,0,2026-02-03 17:48:57,NO,YES,NO
CISADM,W1_PR_LINE_COST,,TABLE,0,0,0,0,2026-02-03 17:48:57,NO,YES,NO
CISADM,W1_PR_LINE_DOCUMENT,,TABLE,0,0,0,0,2026-02-03 17:48:57,NO,YES,NO
CISADM,W1_PR_LINE_K,,TABLE,0,,0,0,2026-02-03 17:48:57,NO,YES,NO
CISADM,W1_PR_LINE_LOG,,TABLE,0,0,0,0,2026-02-03 17:48:57,NO,YES,NO
CISADM,W1_PR_LINE_LOG_PARM,,TABLE,0,0,0,0,2026-02-03 17:48:57,NO,YES,NO
CISADM,W1_PR_LINE_MFR,,TABLE,0,0,0,0,2026-02-03 17:48:57,NO,YES,NO
CISADM,W1_PR_LINE_NOTE,,TABLE,0,0,0,0,2026-02-03 17:48:57,NO,YES,NO
CISADM,W1_PR_LINE_TXLN,,TABLE,0,0,0,0,2026-02-03 17:48:57,NO,YES,NO
CISADM,W1_PURCHASE_CMDTY,,TABLE,0,0,0,0,2026-02-03 17:48:57,NO,YES,NO
CISADM,W1_PURCHASE_CMDTY_CHAR,,TABLE,0,0,0,0,2026-02-03 17:48:57,NO,YES,NO
CISADM,W1_PURCHASE_CMDTY_L,,TABLE,0,0,0,0,2026-02-03 17:48:57,NO,YES,NO
CISADM,W1_QUESTION,,TABLE,7,8,71,7,2026-02-04 05:00:39,NO,YES,NO
CISADM,W1_QUESTION_ANSWER,,TABLE,7,8,56,7,2026-02-03 17:48:57,NO,YES,NO
CISADM,W1_QUESTION_ANSWER_L,,TABLE,14,8,76,14,2026-02-03 17:48:57,NO,YES,NO
CISADM,W1_QUESTION_L,,TABLE,14,8,58,14,2026-02-03 17:48:57,NO,YES,NO
CISADM,W1_RCPT_HDR,,TABLE,0,0,0,0,2026-02-03 17:48:57,NO,YES,NO
CISADM,W1_RCPT_HDR_CHAR,,TABLE,0,0,0,0,2026-02-03 17:48:57,NO,YES,NO
CISADM,W1_RCPT_HDR_DOCUMENT,,TABLE,0,0,0,0,2026-02-03 17:48:57,NO,YES,NO
CISADM,W1_RCPT_HDR_IDENTIFIER,,TABLE,0,0,0,0,2026-02-03 17:48:57,NO,YES,NO
CISADM,W1_RCPT_HDR_K,,TABLE,0,,0,0,2026-02-03 17:48:57,NO,YES,NO
CISADM,W1_RCPT_HDR_LOG,,TABLE,0,0,0,0,2026-02-03 17:48:57,NO,YES,NO
CISADM,W1_RCPT_HDR_LOG_PARM,,TABLE,0,0,0,0,2026-02-03 17:48:57,NO,YES,NO
CISADM,W1_RCPT_HDR_NOTE,,TABLE,0,0,0,0,2026-02-03 17:48:57,NO,YES,NO
CISADM,W1_RCPT_LINE,,TABLE,0,0,0,0,2026-02-03 17:48:57,NO,YES,NO
CISADM,W1_RCPT_LINE_CHAR,,TABLE,0,0,0,0,2026-02-03 17:48:58,NO,YES,NO
CISADM,W1_RCPT_LINE_DOCUMENT,,TABLE,0,0,0,0,2026-02-03 17:48:58,NO,YES,NO
CISADM,W1_RCPT_LINE_K,,TABLE,0,,0,0,2026-02-03 17:48:58,NO,YES,NO
CISADM,W1_RCPT_LINE_LOG,,TABLE,0,0,0,0,2026-02-03 17:48:58,NO,YES,NO
CISADM,W1_RCPT_LINE_LOG_PARM,,TABLE,0,0,0,0,2026-02-03 17:48:58,NO,YES,NO
CISADM,W1_RCPT_LINE_NOTE,,TABLE,0,0,0,0,2026-02-03 17:48:58,NO,YES,NO
CISADM,W1_RCPT_LINE_SHIP_DEFICIENCY,,TABLE,0,0,0,0,2026-02-03 17:48:58,NO,YES,NO
CISADM,W1_REPORT_QUEUE,,TABLE,0,0,0,0,2026-02-03 17:48:58,NO,YES,NO
CISADM,W1_RESRC_TYPE,,TABLE,0,0,0,0,2026-02-03 17:48:58,NO,YES,NO
CISADM,W1_RESRC_TYPE_ALT,,TABLE,0,0,0,0,2026-02-03 17:48:58,NO,YES,NO
CISADM,W1_RESRC_TYPE_CHAR,,TABLE,0,0,0,0,2026-02-03 17:48:58,NO,YES,NO
CISADM,W1_RESRC_TYPE_DOCUMENT,,TABLE,0,0,0,0,2026-02-03 17:48:58,NO,YES,NO
CISADM,W1_RESRC_TYPE_IDENTIFIER,,TABLE,0,0,0,0,2026-02-03 17:48:58,NO,YES,NO
CISADM,W1_RESRC_TYPE_K,,TABLE,0,,0,0,2026-02-03 17:48:58,NO,YES,NO
CISADM,W1_RESRC_TYPE_L,,TABLE,0,0,0,0,2026-02-03 17:48:58,NO,YES,NO
CISADM,W1_RESRC_TYPE_LOG,,TABLE,0,0,0,0,2026-02-03 17:48:58,NO,YES,NO
CISADM,W1_RESRC_TYPE_LOG_PARM,,TABLE,0,0,0,0,2026-02-03 17:48:58,NO,YES,NO
CISADM,W1_RESRC_TYPE_MFR,,TABLE,0,0,0,0,2026-02-03 17:48:58,NO,YES,NO
CISADM,W1_RESRC_TYPE_NOTE,,TABLE,0,0,0,0,2026-02-03 17:48:58,NO,YES,NO
CISADM,W1_RESRC_TYPE_UNIT_PRICE,,TABLE,0,0,0,0,2026-02-03 17:48:58,NO,YES,NO
CISADM,W1_RESRC_TYPE_VENDOR_LOC,,TABLE,0,0,0,0,2026-02-03 17:48:58,NO,YES,NO
CISADM,W1_RESRC_UOM,,TABLE,0,0,0,0,2026-02-03 17:48:58,NO,YES,NO
CISADM,W1_RESRC_UOM_CHAR,,TABLE,0,0,0,0,2026-02-03 17:48:58,NO,YES,NO
CISADM,W1_RESRC_UOM_L,,TABLE,0,0,0,0,2026-02-03 17:48:58,NO,YES,NO
CISADM,W1_RR,,TABLE,0,0,0,0,2026-02-03 17:48:58,NO,YES,NO
CISADM,W1_RR_CHAR,,TABLE,0,0,0,0,2026-02-03 17:48:58,NO,YES,NO
CISADM,W1_RR_K,,TABLE,0,,0,0,2026-02-03 17:48:58,NO,YES,NO
CISADM,W1_RR_LOG,,TABLE,0,0,0,0,2026-02-03 17:48:58,NO,YES,NO
CISADM,W1_RR_LOG_PARM,,TABLE,0,0,0,0,2026-02-03 17:48:58,NO,YES,NO
CISADM,W1_RTN_LINE,,TABLE,0,0,0,0,2026-02-03 17:48:58,NO,YES,NO
CISADM,W1_RTN_LINE_ASSET,,TABLE,0,0,0,0,2026-02-03 17:48:58,NO,YES,NO
CISADM,W1_RTN_LINE_CHAR,,TABLE,0,0,0,0,2026-02-03 17:48:58,NO,YES,NO
CISADM,W1_RTN_LINE_K,,TABLE,0,,0,0,2026-02-03 17:48:58,NO,YES,NO
CISADM,W1_RTN_LINE_LOG,,TABLE,0,0,0,0,2026-02-03 17:48:58,NO,YES,NO
CISADM,W1_RTN_LINE_LOG_PARM,,TABLE,0,0,0,0,2026-02-03 17:48:58,NO,YES,NO
CISADM,W1_RTN_LINE_LOT,,TABLE,0,0,0,0,2026-02-03 17:48:58,NO,YES,NO
CISADM,W1_SERVICE_AREA,,TABLE,0,0,0,0,2026-02-03 17:48:58,NO,YES,NO
CISADM,W1_SERVICE_AREA_CHAR,,TABLE,0,0,0,0,2026-02-03 17:48:58,NO,YES,NO
CISADM,W1_SERVICE_AREA_L,,TABLE,0,0,0,0,2026-02-03 17:48:58,NO,YES,NO
CISADM,W1_SERVICE_CALL_CATEGORY,,TABLE,0,0,0,0,2026-02-03 17:48:58,NO,YES,NO
CISADM,W1_SERVICE_CALL_CATEGORY_CHAR,,TABLE,0,0,0,0,2026-02-03 17:48:58,NO,YES,NO
CISADM,W1_SERVICE_CALL_CATEGORY_L,,TABLE,0,0,0,0,2026-02-03 17:48:58,NO,YES,NO
CISADM,W1_SERVICE_CLASS,,TABLE,0,0,0,0,2026-02-03 17:48:59,NO,YES,NO
CISADM,W1_SERVICE_CLASS_CHAR,,TABLE,0,0,0,0,2026-02-03 17:48:59,NO,YES,NO
CISADM,W1_SERVICE_CLASS_L,,TABLE,0,0,0,0,2026-02-03 17:48:59,NO,YES,NO
CISADM,W1_SERVICE_CODE,,TABLE,0,0,0,0,2026-02-03 17:48:59,NO,YES,NO
CISADM,W1_SERVICE_CODE_CHAR,,TABLE,0,0,0,0,2026-02-03 17:48:59,NO,YES,NO
CISADM,W1_SERVICE_CODE_L,,TABLE,0,0,0,0,2026-02-03 17:48:59,NO,YES,NO
CISADM,W1_SHAPE,,TABLE,0,0,0,0,2026-02-03 17:48:59,NO,YES,NO
CISADM,W1_SHAPE_L,,TABLE,0,0,0,0,2026-02-03 17:48:59,NO,YES,NO
CISADM,W1_SHIFT_WEEKLY_TMPL,,TABLE,0,0,0,0,2026-02-03 17:48:59,NO,YES,NO
CISADM,W1_SHIFT_WEEKLY_TMPL_CHAR,,TABLE,0,0,0,0,2026-02-03 17:48:59,NO,YES,NO
CISADM,W1_SHIFT_WEEKLY_TMPL_K,,TABLE,0,,0,0,2026-02-03 17:48:59,NO,YES,NO
CISADM,W1_SHIFT_WEEKLY_TMPL_LOG,,TABLE,0,0,0,0,2026-02-03 17:48:59,NO,YES,NO
CISADM,W1_SHIFT_WEEKLY_TMPL_LOG_PARM,,TABLE,0,0,0,0,2026-02-03 17:48:59,NO,YES,NO
CISADM,W1_SHIPPING_LINE,,TABLE,0,0,0,0,2026-02-03 17:48:59,NO,YES,NO
CISADM,W1_SHIPPING_LINE_ASSET,,TABLE,0,0,0,0,2026-02-03 17:48:59,NO,YES,NO
CISADM,W1_SHIPPING_LINE_CHAR,,TABLE,0,0,0,0,2026-02-03 17:48:59,NO,YES,NO
CISADM,W1_SHIPPING_LINE_K,,TABLE,0,,0,0,2026-02-03 17:48:59,NO,YES,NO
CISADM,W1_SHIPPING_LINE_LOT,,TABLE,0,0,0,0,2026-02-03 17:48:59,NO,YES,NO
CISADM,W1_SHIPPING_MEMO,,TABLE,0,0,0,0,2026-02-03 17:48:59,NO,YES,NO
CISADM,W1_SHIPPING_MEMO_CHAR,,TABLE,0,0,0,0,2026-02-03 17:48:59,NO,YES,NO
CISADM,W1_SHIPPING_MEMO_DOCUMENT,,TABLE,0,0,0,0,2026-02-03 17:48:59,NO,YES,NO
CISADM,W1_SHIPPING_MEMO_IDENTIFIER,,TABLE,0,0,0,0,2026-02-03 17:48:59,NO,YES,NO
CISADM,W1_SHIPPING_MEMO_K,,TABLE,0,,0,0,2026-02-03 17:48:59,NO,YES,NO
CISADM,W1_SHIPPING_MEMO_LOG,,TABLE,0,0,0,0,2026-02-03 17:48:59,NO,YES,NO
CISADM,W1_SHIPPING_MEMO_LOG_PARM,,TABLE,0,0,0,0,2026-02-03 17:48:59,NO,YES,NO
CISADM,W1_SHIPPING_MEMO_NOTE,,TABLE,0,0,0,0,2026-02-03 17:48:59,NO,YES,NO
CISADM,W1_SHIP_DEFICIENCY_TYPE,,TABLE,0,0,0,0,2026-02-03 17:48:59,NO,YES,NO
CISADM,W1_SHIP_DEFICIENCY_TYPE_CHAR,,TABLE,0,0,0,0,2026-02-03 17:48:59,NO,YES,NO
CISADM,W1_SHIP_DEFICIENCY_TYPE_L,,TABLE,0,0,0,0,2026-02-03 17:48:59,NO,YES,NO
CISADM,W1_SPECIFICATION,,TABLE,66,16,650,66,2026-02-03 17:48:59,NO,YES,NO
CISADM,W1_SPECIFICATION_ATTACHMENT,,TABLE,0,0,0,0,2026-02-03 17:48:59,NO,YES,NO
CISADM,W1_SPECIFICATION_CHAR,,TABLE,0,0,0,0,2026-02-03 17:48:59,NO,YES,NO
CISADM,W1_SPECIFICATION_DOCUMENT,,TABLE,0,0,0,0,2026-02-03 17:48:59,NO,YES,NO
CISADM,W1_SPECIFICATION_IDENTIFIER,,TABLE,57,8,61,57,2026-02-03 17:48:59,NO,YES,NO
CISADM,W1_SPECIFICATION_L,,TABLE,132,8,58,132,2026-02-03 17:48:59,NO,YES,NO
CISADM,W1_SPECIFICATION_MAINT_SCHED,,TABLE,0,0,0,0,2026-02-03 17:48:59,NO,YES,NO
CISADM,W1_STATISTIC,,TABLE,0,0,0,0,2026-02-03 17:48:59,NO,YES,NO
CISADM,W1_STATISTIC_CHAR,,TABLE,0,0,0,0,2026-02-03 17:48:59,NO,YES,NO
CISADM,W1_STATISTIC_LOG,,TABLE,0,0,0,0,2026-02-03 17:48:59,NO,YES,NO
CISADM,W1_STATISTIC_LOG_PARM,,TABLE,0,0,0,0,2026-02-03 17:48:59,NO,YES,NO
CISADM,W1_STOCK_ITEM_DTL,,TABLE,0,0,0,0,2026-02-03 17:48:59,NO,YES,NO
CISADM,W1_STOCK_ITEM_DTL_BIN,,TABLE,0,0,0,0,2026-02-03 17:49:00,NO,YES,NO
CISADM,W1_STOCK_ITEM_DTL_CHAR,,TABLE,0,0,0,0,2026-02-03 17:49:00,NO,YES,NO
CISADM,W1_STOCK_ITEM_DTL_DOCUMENT,,TABLE,0,0,0,0,2026-02-03 17:49:00,NO,YES,NO
CISADM,W1_STOCK_ITEM_DTL_IDENTIFIER,,TABLE,0,0,0,0,2026-02-03 17:49:00,NO,YES,NO
CISADM,W1_STOCK_ITEM_DTL_K,,TABLE,0,,0,0,2026-02-03 17:49:00,NO,YES,NO
CISADM,W1_STOCK_ITEM_DTL_LOG,,TABLE,0,0,0,0,2026-02-03 17:49:00,NO,YES,NO
CISADM,W1_STOCK_ITEM_DTL_LOG_PARM,,TABLE,0,0,0,0,2026-02-03 17:49:00,NO,YES,NO
CISADM,W1_STOCK_ITEM_DTL_NOTE,,TABLE,0,0,0,0,2026-02-03 17:49:00,NO,YES,NO
CISADM,W1_STOCK_ITEM_DTL_VENDOR_LOC,,TABLE,0,0,0,0,2026-02-03 17:49:00,NO,YES,NO
CISADM,W1_STOCK_TRANS,,TABLE,0,0,0,0,2026-02-03 17:49:00,NO,YES,NO
CISADM,W1_STOCK_TRANS_CHAR,,TABLE,0,0,0,0,2026-02-03 17:49:00,NO,YES,NO
CISADM,W1_STOCK_TRANS_K,,TABLE,0,,0,0,2026-02-03 17:49:00,NO,YES,NO
CISADM,W1_STOCK_TRANS_LOG,,TABLE,0,0,0,0,2026-02-03 17:49:00,NO,YES,NO
CISADM,W1_STOCK_TRANS_LOG_PARM,,TABLE,0,0,0,0,2026-02-03 17:49:00,NO,YES,NO
CISADM,W1_SVC_CALL_CAT_SVC_CODE,,TABLE,0,0,0,0,2026-02-03 17:49:00,NO,YES,NO
CISADM,W1_SVC_HIST,,TABLE,10,5,267,10,2026-04-23 05:00:21,NO,YES,NO
CISADM,W1_SVC_HIST_ATTACHMENT,,TABLE,0,0,0,0,2026-02-03 17:49:00,NO,YES,NO
CISADM,W1_SVC_HIST_CHAR,,TABLE,0,0,0,0,2026-02-03 17:49:00,NO,YES,NO
CISADM,W1_SVC_HIST_CHAR2,,TABLE,0,0,0,0,2026-02-03 17:49:00,NO,YES,NO
CISADM,W1_SVC_HIST_DOCUMENT,,TABLE,0,0,0,0,2026-02-03 17:49:00,NO,YES,NO
CISADM,W1_SVC_HIST_IDENTIFIER,,TABLE,0,0,0,0,2026-02-03 17:49:00,NO,YES,NO
CISADM,W1_SVC_HIST_K,,TABLE,10,,18,10,2026-02-03 17:49:00,NO,YES,NO
CISADM,W1_SVC_HIST_LOG,,TABLE,30,5,106,30,2026-02-03 17:49:00,NO,YES,NO
CISADM,W1_SVC_HIST_LOG_PARM,,TABLE,30,5,41,30,2026-02-03 17:49:00,NO,YES,NO
CISADM,W1_SVC_HIST_PARTICIPANT,,TABLE,0,0,0,0,2026-02-03 17:49:00,NO,YES,NO
CISADM,W1_SVC_HIST_QSTN_ANSR,,TABLE,30,5,65,30,2026-02-03 17:49:00,NO,YES,NO
CISADM,W1_SVC_HIST_REL_OBJ,,TABLE,0,0,0,0,2026-02-03 17:49:01,NO,YES,NO
CISADM,W1_SVC_HIST_TYPE,,TABLE,3,8,103,3,2026-02-04 05:00:36,NO,YES,NO
CISADM,W1_SVC_HIST_TYPE_CHAR,,TABLE,0,0,0,0,2026-02-03 17:49:01,NO,YES,NO
CISADM,W1_SVC_HIST_TYPE_FLLW_UP_ACTN,,TABLE,0,0,0,0,2026-02-03 17:49:01,NO,YES,NO
CISADM,W1_SVC_HIST_TYPE_L,,TABLE,6,8,48,6,2026-02-03 17:49:01,NO,YES,NO
CISADM,W1_SVC_HIST_TYPE_QSTN,,TABLE,9,8,39,9,2026-02-03 17:49:01,NO,YES,NO
CISADM,W1_SVC_HIST_TYPE_REL_SH_TYPE,,TABLE,0,0,0,0,2026-02-03 17:49:01,NO,YES,NO
CISADM,W1_SVC_SCHED,,TABLE,0,0,0,0,2026-02-03 17:49:01,NO,YES,NO
CISADM,W1_TAX_RATE_COMP,,TABLE,0,0,0,0,2026-02-03 17:49:01,NO,YES,NO
CISADM,W1_TAX_RATE_COMP_L,,TABLE,0,0,0,0,2026-02-03 17:49:01,NO,YES,NO
CISADM,W1_TAX_RATE_EFFDT,,TABLE,0,0,0,0,2026-02-03 17:49:01,NO,YES,NO
CISADM,W1_TAX_RATE_SCHED,,TABLE,0,0,0,0,2026-02-03 17:49:01,NO,YES,NO
CISADM,W1_TAX_RATE_SCHED_CHAR,,TABLE,0,0,0,0,2026-02-03 17:49:01,NO,YES,NO
CISADM,W1_TAX_RATE_SCHED_L,,TABLE,0,0,0,0,2026-02-03 17:49:01,NO,YES,NO
CISADM,W1_TIMEKEEPER,,TABLE,0,0,0,0,2026-02-03 17:49:01,NO,YES,NO
CISADM,W1_TIMEKEEPER_CHAR,,TABLE,0,0,0,0,2026-02-03 17:49:01,NO,YES,NO
CISADM,W1_TIMEKEEPER_EMP,,TABLE,0,0,0,0,2026-02-03 17:49:01,NO,YES,NO
CISADM,W1_TIMEKEEPER_L,,TABLE,0,0,0,0,2026-02-03 17:49:01,NO,YES,NO
CISADM,W1_TIMEKEEPER_LOG,,TABLE,0,0,0,0,2026-02-03 17:49:01,NO,YES,NO
CISADM,W1_TIMEKEEPER_LOG_PARM,,TABLE,0,0,0,0,2026-02-03 17:49:01,NO,YES,NO
CISADM,W1_TIMESHEET,,TABLE,0,0,0,0,2026-02-03 17:49:01,NO,YES,NO
CISADM,W1_TIMESHEET_CHAR,,TABLE,0,0,0,0,2026-02-03 17:49:01,NO,YES,NO
CISADM,W1_TIMESHEET_DETAIL,,TABLE,0,0,0,0,2026-02-03 17:49:01,NO,YES,NO
CISADM,W1_TIMESHEET_DETAIL_CHAR,,TABLE,0,0,0,0,2026-02-03 17:49:01,NO,YES,NO
CISADM,W1_TIMESHEET_DETAIL_K,,TABLE,0,,0,0,2026-02-03 17:49:01,NO,YES,NO
CISADM,W1_TIMESHEET_DETAIL_LOG,,TABLE,0,0,0,0,2026-02-03 17:49:01,NO,YES,NO
CISADM,W1_TIMESHEET_DETAIL_LOG_PARM,,TABLE,0,0,0,0,2026-02-03 17:49:01,NO,YES,NO
CISADM,W1_TIMESHEET_IDENTIFIER,,TABLE,0,0,0,0,2026-02-03 17:49:01,NO,YES,NO
CISADM,W1_TIMESHEET_K,,TABLE,0,,0,0,2026-02-03 17:49:01,NO,YES,NO
CISADM,W1_TIMESHEET_LOG,,TABLE,0,0,0,0,2026-02-03 17:49:01,NO,YES,NO
CISADM,W1_TIMESHEET_LOG_PARM,,TABLE,0,0,0,0,2026-02-03 17:49:01,NO,YES,NO
CISADM,W1_TIME_PERIOD,,TABLE,0,0,0,0,2026-02-03 17:49:01,NO,YES,NO
CISADM,W1_TIME_PERIOD_CHAR,,TABLE,0,0,0,0,2026-02-03 17:49:01,NO,YES,NO
CISADM,W1_TIME_PERIOD_L,,TABLE,0,0,0,0,2026-02-03 17:49:01,NO,YES,NO
CISADM,W1_TIMSHEETDTL_COST_CTR,,TABLE,0,0,0,0,2026-02-03 17:49:01,NO,YES,NO
CISADM,W1_TMPL_ACT,,TABLE,0,0,0,0,2026-02-03 17:49:01,NO,YES,NO
CISADM,W1_TMPL_ACT_CHAR,,TABLE,0,0,0,0,2026-02-03 17:49:01,NO,YES,NO
CISADM,W1_TMPL_ACT_CHKLST_TYP,,TABLE,0,0,0,0,2026-02-03 17:49:01,NO,YES,NO
CISADM,W1_TMPL_ACT_COST_CENTER,,TABLE,0,0,0,0,2026-02-03 17:49:01,NO,YES,NO
CISADM,W1_TMPL_ACT_COST_DIST,,TABLE,0,0,0,0,2026-02-03 17:49:01,NO,YES,NO
CISADM,W1_TMPL_ACT_DOCUMENT,,TABLE,0,0,0,0,2026-02-03 17:49:01,NO,YES,NO
CISADM,W1_TMPL_ACT_IDENTIFIER,,TABLE,0,0,0,0,2026-02-03 17:49:01,NO,YES,NO
CISADM,W1_TMPL_ACT_K,,TABLE,0,,0,0,2026-02-03 17:49:01,NO,YES,NO
CISADM,W1_TMPL_ACT_LOG,,TABLE,0,0,0,0,2026-02-03 17:49:01,NO,YES,NO
CISADM,W1_TMPL_ACT_LOG_PARM,,TABLE,0,0,0,0,2026-02-03 17:49:01,NO,YES,NO
CISADM,W1_TMPL_ACT_NOTE,,TABLE,0,0,0,0,2026-02-03 17:49:01,NO,YES,NO
CISADM,W1_TMPL_ACT_PLAN_SVC_HIST_TYPE,,TABLE,0,0,0,0,2026-02-03 17:49:01,NO,YES,NO
CISADM,W1_TMPL_ACT_RSRC,,TABLE,0,0,0,0,2026-02-03 17:49:01,NO,YES,NO
CISADM,W1_TMPL_ACT_RSRC_CHAR,,TABLE,0,0,0,0,2026-02-03 17:49:02,NO,YES,NO
CISADM,W1_TMPL_ACT_RSRC_DOCUMENT,,TABLE,0,0,0,0,2026-02-03 17:49:02,NO,YES,NO
CISADM,W1_TMPL_ACT_RSRC_IDENTIFIER,,TABLE,0,0,0,0,2026-02-03 17:49:02,NO,YES,NO
CISADM,W1_TMPL_ACT_RSRC_K,,TABLE,0,,0,0,2026-02-03 17:49:02,NO,YES,NO
CISADM,W1_TMPL_ACT_RSRC_LOG,,TABLE,0,0,0,0,2026-02-03 17:49:02,NO,YES,NO
CISADM,W1_TMPL_ACT_RSRC_LOG_PARM,,TABLE,0,0,0,0,2026-02-03 17:49:02,NO,YES,NO
CISADM,W1_TMPL_ACT_RSRC_NOTE,,TABLE,0,0,0,0,2026-02-03 17:49:02,NO,YES,NO
CISADM,W1_TMPL_WO,,TABLE,0,0,0,0,2026-02-03 17:49:02,NO,YES,NO
CISADM,W1_TMPL_WO_CHAR,,TABLE,0,0,0,0,2026-02-03 17:49:02,NO,YES,NO
CISADM,W1_TMPL_WO_DOCUMENT,,TABLE,0,0,0,0,2026-02-03 17:49:02,NO,YES,NO
CISADM,W1_TMPL_WO_IDENTIFIER,,TABLE,0,0,0,0,2026-02-03 17:49:02,NO,YES,NO
CISADM,W1_TMPL_WO_K,,TABLE,0,,0,0,2026-02-03 17:49:02,NO,YES,NO
CISADM,W1_TMPL_WO_LOG,,TABLE,0,0,0,0,2026-02-03 17:49:02,NO,YES,NO
CISADM,W1_TMPL_WO_LOG_PARM,,TABLE,0,0,0,0,2026-02-03 17:49:02,NO,YES,NO
CISADM,W1_TMPL_WO_NOTE,,TABLE,0,0,0,0,2026-02-03 17:49:02,NO,YES,NO
CISADM,W1_VENDOR,,TABLE,0,0,0,0,2026-02-03 17:49:02,NO,YES,NO
CISADM,W1_VENDOR_CHAR,,TABLE,0,0,0,0,2026-02-03 17:49:02,NO,YES,NO
CISADM,W1_VENDOR_IDENTIFIER,,TABLE,0,0,0,0,2026-02-03 17:49:02,NO,YES,NO
CISADM,W1_VENDOR_LOC,,TABLE,0,0,0,0,2026-02-03 17:49:02,NO,YES,NO
CISADM,W1_VENDOR_LOC_CAPABILITY,,TABLE,0,0,0,0,2026-02-03 17:49:02,NO,YES,NO
CISADM,W1_VENDOR_LOC_CHAR,,TABLE,0,0,0,0,2026-02-03 17:49:02,NO,YES,NO
CISADM,W1_VENDOR_LOC_CMDTY,,TABLE,0,0,0,0,2026-02-03 17:49:02,NO,YES,NO
CISADM,W1_VENDOR_LOC_CONTACT,,TABLE,0,0,0,0,2026-02-03 17:49:02,NO,YES,NO
CISADM,W1_VENDOR_LOC_DOCUMENT,,TABLE,0,0,0,0,2026-02-03 17:49:02,NO,YES,NO
CISADM,W1_VENDOR_LOC_IDENTIFIER,,TABLE,0,0,0,0,2026-02-03 17:49:02,NO,YES,NO
CISADM,W1_VENDOR_LOC_K,,TABLE,0,,0,0,2026-02-03 17:49:02,NO,YES,NO
CISADM,W1_VENDOR_LOC_LOG,,TABLE,0,0,0,0,2026-02-03 17:49:02,NO,YES,NO
CISADM,W1_VENDOR_LOC_LOG_PARM,,TABLE,0,0,0,0,2026-02-03 17:49:02,NO,YES,NO
CISADM,W1_VENDOR_LOC_NOTE,,TABLE,0,0,0,0,2026-02-03 17:49:02,NO,YES,NO
CISADM,W1_VENDOR_LOC_PAYTO_LOC,,TABLE,0,0,0,0,2026-02-03 17:49:02,NO,YES,NO
CISADM,W1_VENDOR_LOG,,TABLE,0,0,0,0,2026-02-03 17:49:02,NO,YES,NO
CISADM,W1_VENDOR_LOG_PARM,,TABLE,0,0,0,0,2026-02-03 17:49:02,NO,YES,NO
CISADM,W1_WARRANTY,,TABLE,0,0,0,0,2026-02-03 17:49:02,NO,YES,NO
CISADM,W1_WARRANTY_ATTACHMENT,,TABLE,0,0,0,0,2026-02-03 17:49:02,NO,YES,NO
CISADM,W1_WARRANTY_CHAR,,TABLE,0,0,0,0,2026-02-03 17:49:02,NO,YES,NO
CISADM,W1_WARRANTY_DOCUMENT,,TABLE,0,0,0,0,2026-02-03 17:49:02,NO,YES,NO
CISADM,W1_WARRANTY_IDENTIFIER,,TABLE,0,0,0,0,2026-02-03 17:49:02,NO,YES,NO
CISADM,W1_WARRANTY_K,,TABLE,0,,0,0,2026-02-03 17:49:02,NO,YES,NO
CISADM,W1_WARRANTY_LOG,,TABLE,0,0,0,0,2026-02-03 17:49:02,NO,YES,NO
CISADM,W1_WARRANTY_LOG_PARM,,TABLE,0,0,0,0,2026-02-03 17:49:02,NO,YES,NO
CISADM,W1_WARRANTY_NOTE,,TABLE,0,0,0,0,2026-02-03 17:49:02,NO,YES,NO
CISADM,W1_WARRANTY_TERM,,TABLE,0,0,0,0,2026-02-03 17:49:02,NO,YES,NO
CISADM,W1_WARRANTY_TERM_CHAR,,TABLE,0,0,0,0,2026-02-03 17:49:02,NO,YES,NO
CISADM,W1_WARRANTY_TERM_DOCUMENT,,TABLE,0,0,0,0,2026-02-03 17:49:02,NO,YES,NO
CISADM,W1_WARRANTY_TERM_L,,TABLE,0,0,0,0,2026-02-03 17:49:02,NO,YES,NO
CISADM,W1_WO,,TABLE,0,0,0,0,2026-02-03 17:49:02,NO,YES,NO
CISADM,W1_WORK_CAL,,TABLE,0,0,0,0,2026-02-03 17:49:02,NO,YES,NO
CISADM,W1_WORK_CAL_L,,TABLE,0,0,0,0,2026-02-03 17:49:02,NO,YES,NO
CISADM,W1_WORK_CAL_SCHED_DATE,,TABLE,0,0,0,0,2026-02-03 17:49:02,NO,YES,NO
CISADM,W1_WORK_CATEGORY,,TABLE,0,0,0,0,2026-02-03 17:49:02,NO,YES,NO
CISADM,W1_WORK_CATEGORY_CHAR,,TABLE,0,0,0,0,2026-02-03 17:49:02,NO,YES,NO
CISADM,W1_WORK_CATEGORY_L,,TABLE,0,0,0,0,2026-02-03 17:49:03,NO,YES,NO
CISADM,W1_WORK_CLASS,,TABLE,0,0,0,0,2026-02-03 17:49:03,NO,YES,NO
CISADM,W1_WORK_CLASS_CHAR,,TABLE,0,0,0,0,2026-02-03 17:49:03,NO,YES,NO
CISADM,W1_WORK_CLASS_L,,TABLE,0,0,0,0,2026-02-03 17:49:03,NO,YES,NO
CISADM,W1_WORK_CLASS_WORK_CATEGORY,,TABLE,0,0,0,0,2026-02-03 17:49:03,NO,YES,NO
CISADM,W1_WORK_DESIGN,,TABLE,0,0,0,0,2026-02-03 17:49:03,NO,YES,NO
CISADM,W1_WORK_DESIGN_CHAR,,TABLE,0,0,0,0,2026-02-03 17:49:03,NO,YES,NO
CISADM,W1_WORK_DESIGN_DOCUMENT,,TABLE,0,0,0,0,2026-02-03 17:49:03,NO,YES,NO
CISADM,W1_WORK_DESIGN_IDENTIFIER,,TABLE,0,0,0,0,2026-02-03 17:49:03,NO,YES,NO
CISADM,W1_WORK_DESIGN_K,,TABLE,0,,0,0,2026-02-03 17:49:03,NO,YES,NO
CISADM,W1_WORK_DESIGN_LOG,,TABLE,0,0,0,0,2026-02-03 17:49:03,NO,YES,NO
CISADM,W1_WORK_DESIGN_LOG_PARM,,TABLE,0,0,0,0,2026-02-03 17:49:03,NO,YES,NO
CISADM,W1_WORK_DESIGN_NOTE,,TABLE,0,0,0,0,2026-02-03 17:49:03,NO,YES,NO
CISADM,W1_WORK_DESIGN_OTHER_COST,,TABLE,0,0,0,0,2026-02-03 17:49:03,NO,YES,NO
CISADM,W1_WORK_DESIGN_RSRC_COST,,TABLE,0,0,0,0,2026-02-03 17:49:03,NO,YES,NO
CISADM,W1_WORK_LOC,,TABLE,0,0,0,0,2026-02-03 17:49:03,NO,YES,NO
CISADM,W1_WORK_LOC_CHAR,,TABLE,0,0,0,0,2026-02-03 17:49:03,NO,YES,NO
CISADM,W1_WORK_LOC_IDENTIFIER,,TABLE,0,0,0,0,2026-02-03 17:49:03,NO,YES,NO
CISADM,W1_WORK_LOC_K,,TABLE,0,,0,0,2026-02-03 17:49:03,NO,YES,NO
CISADM,W1_WORK_LOC_LOG,,TABLE,0,0,0,0,2026-02-03 17:49:03,NO,YES,NO
CISADM,W1_WORK_LOC_LOG_PARM,,TABLE,0,0,0,0,2026-02-03 17:49:03,NO,YES,NO
CISADM,W1_WORK_REQ,,TABLE,0,0,0,0,2026-02-03 17:49:03,NO,YES,NO
CISADM,W1_WORK_REQ_CHAR,,TABLE,0,0,0,0,2026-02-03 17:49:03,NO,YES,NO
CISADM,W1_WORK_REQ_DOCUMENT,,TABLE,0,0,0,0,2026-02-03 17:49:03,NO,YES,NO
CISADM,W1_WORK_REQ_IDENTIFIER,,TABLE,0,0,0,0,2026-02-03 17:49:03,NO,YES,NO
CISADM,W1_WORK_REQ_K,,TABLE,0,,0,0,2026-02-03 17:49:03,NO,YES,NO
CISADM,W1_WORK_REQ_LOG,,TABLE,0,0,0,0,2026-02-03 17:49:03,NO,YES,NO
CISADM,W1_WORK_REQ_LOG_PARM,,TABLE,0,0,0,0,2026-02-03 17:49:03,NO,YES,NO
CISADM,W1_WORK_REQ_PHONE,,TABLE,0,0,0,0,2026-02-03 17:49:03,NO,YES,NO
CISADM,W1_WO_CHAR,,TABLE,0,0,0,0,2026-02-03 17:49:03,NO,YES,NO
CISADM,W1_WO_COST_CENTER,,TABLE,0,0,0,0,2026-02-03 17:49:03,NO,YES,NO
CISADM,W1_WO_DOCUMENT,,TABLE,0,0,0,0,2026-02-03 17:49:03,NO,YES,NO
CISADM,W1_WO_IDENTIFIER,,TABLE,0,0,0,0,2026-02-03 17:49:03,NO,YES,NO
CISADM,W1_WO_K,,TABLE,0,,0,0,2026-02-03 17:49:03,NO,YES,NO
CISADM,W1_WO_LOG,,TABLE,0,0,0,0,2026-02-03 17:49:03,NO,YES,NO
CISADM,W1_WO_LOG_PARM,,TABLE,0,0,0,0,2026-02-03 17:49:03,NO,YES,NO
CISADM,W1_WO_NOTE,,TABLE,0,0,0,0,2026-02-03 17:49:03,NO,YES,NO
CISADM,WORKFLOW_QUEUE_RPT_CURR,,TABLE,484810,25397,364,484810,2026-06-06 05:00:18,NO,YES,NO
CISADM,WO_PROC_RPT_CURR,,TABLE,1637,95,394,1637,2026-06-06 05:00:17,NO,YES,NO
