table_name,discovered_in_cisadm_dictionary,in_workstream_dictionary,workstreams,in_domain_metadata,num_rows,last_analyzed,stats_population_status,stats_freshness
C0_INSTALLATION,Y,N,,N,1,2026-01-27 02:21:52,populated,stale
C1_BI_FTGL_MONTHLY_A,Y,N,,N,0,2026-01-07 21:28:52,empty,stale
C1_BI_FT_MONTHLY_A,Y,N,,N,0,2026-01-07 21:28:52,empty,stale
C1_BI_SA_SNAPSHOT,Y,N,,N,1242803,2026-01-22 02:15:12,populated,stale
C1_CALC_GRP,Y,N,,N,218,2026-02-11 02:19:09,populated,stale
C1_CALC_GRP_CHAR,Y,N,,N,0,2026-01-07 21:28:53,empty,stale
C1_CALC_GRP_L,Y,N,,N,218,2026-02-11 02:19:09,populated,stale
C1_CALC_RULE,Y,N,,N,611,2026-02-11 02:19:03,populated,stale
C1_CALC_RULE_CHAR,Y,N,,N,387,2026-02-11 02:18:57,populated,stale
C1_CALC_RULE_CRT,Y,N,,N,290,2026-02-19 02:25:54,populated,stale
C1_CALC_RULE_CRT_CHAR,Y,N,,N,0,2026-01-07 21:28:53,empty,stale
C1_CALC_RULE_CRT_L,Y,N,,N,306,2026-02-11 02:18:51,populated,stale
C1_CALC_RULE_L,Y,N,,N,659,2026-02-11 02:19:40,populated,stale
C1_CALC_RULE_MBR_CAT,Y,N,,N,440,2026-02-11 02:19:09,populated,stale
C1_CALC_RULE_TRGT_CAT,Y,N,,N,0,2026-01-07 21:28:54,empty,stale
C1_CIS_DIV_RTYP,Y,N,,N,0,2026-01-07 21:28:54,empty,stale
C1_CIS_DIV_SEQ_CHAR,Y,N,,N,0,2026-01-07 21:28:54,empty,stale
C1_CL_CAT_TYPE,Y,N,,N,5,2026-01-28 02:15:05,populated,stale
C1_CL_CAT_TYPE_CHAR,Y,N,,N,0,2026-01-07 21:28:54,empty,stale
C1_CL_CAT_TYPE_L,Y,N,,N,5,2026-01-28 02:15:05,populated,stale
C1_CL_CAT_VAL,Y,N,,N,24,2026-01-28 02:15:05,populated,stale
C1_CL_CAT_VAL_L,Y,N,,N,24,2026-01-28 02:15:05,populated,stale
C1_COMM_RTE_TYPE,Y,N,,N,6,2026-01-16 02:05:29,populated,stale
C1_COMM_RTE_TYPE_CHAR,Y,N,,N,0,2026-01-07 21:28:54,empty,stale
C1_COMM_RTE_TYPE_DVTYP,Y,N,,N,3,2026-01-09 02:12:15,populated,stale
C1_COMM_RTE_TYPE_L,Y,N,,N,6,2026-01-09 02:12:16,populated,stale
C1_CONT,Y,N,,N,0,2026-01-07 21:28:54,empty,stale
C1_CONT_CHAR,Y,N,,N,0,2026-01-07 21:28:54,empty,stale
C1_CONT_ID,Y,N,,N,0,2026-01-07 21:28:54,empty,stale
C1_CONT_K,Y,N,,N,0,2026-01-07 21:28:54,empty,stale
C1_CONT_LOG,Y,N,,N,0,2026-01-07 21:28:54,empty,stale
C1_CONT_LOG_PARM,Y,N,,N,0,2026-01-07 21:28:54,empty,stale
C1_CONT_MS,Y,N,,N,0,2026-01-07 21:28:54,empty,stale
C1_CONT_MS_PROD,Y,N,,N,0,2026-01-07 21:28:54,empty,stale
C1_CONT_MS_TYPE,Y,N,,N,0,2026-01-07 21:28:54,empty,stale
C1_CONT_MS_TYPE_CHAR,Y,N,,N,0,2026-01-07 21:28:54,empty,stale
C1_CONT_MS_TYPE_L,Y,N,,N,0,2026-01-07 21:28:54,empty,stale
C1_CONT_PROD,Y,N,,N,0,2026-01-07 21:28:54,empty,stale
C1_CONT_PROD_CHAR,Y,N,,N,0,2026-01-07 21:28:55,empty,stale
C1_CONT_PROD_K,Y,N,,N,0,2026-01-07 21:28:55,empty,stale
C1_CONT_RULE,Y,N,,N,0,2026-01-07 21:28:55,empty,stale
C1_CONT_RULE_CHAR,Y,N,,N,0,2026-01-07 21:28:55,empty,stale
C1_CONT_RULE_L,Y,N,,N,0,2026-01-07 21:28:55,empty,stale
C1_CONT_TYPE,Y,N,,N,0,2026-01-07 21:28:55,empty,stale
C1_CONT_TYPE_CHAR,Y,N,,N,0,2026-01-07 21:28:55,empty,stale
C1_CONT_TYPE_L,Y,N,,N,0,2026-01-07 21:28:55,empty,stale
C1_CONT_TYPE_VALID_PROD,Y,N,,N,0,2026-01-07 21:28:55,empty,stale
C1_CS_REQ,Y,N,,N,12277,2026-01-16 02:05:50,populated,stale
C1_CS_REQ_ACCT,Y,N,,N,10207,2026-01-16 02:05:57,populated,stale
C1_CS_REQ_ACCT_ALERT,Y,N,,N,1920,2026-01-16 02:05:33,populated,stale
C1_CS_REQ_ACCT_APAY,Y,N,,N,0,2026-01-07 21:28:55,empty,stale
C1_CS_REQ_ACCT_CHAR,Y,N,,N,3395,2026-01-16 02:05:34,populated,stale
C1_CS_REQ_ACCT_K,Y,N,,N,10204,2026-01-07 21:28:56,populated,stale
C1_CS_REQ_ACCT_LOG,Y,N,,N,38385,2026-01-16 02:06:02,populated,stale
C1_CS_REQ_ACCT_LOG_PARM,Y,N,,N,38385,2026-01-16 02:05:54,populated,stale
C1_CS_REQ_ACCT_MSG,Y,N,,N,86,2026-01-16 02:05:24,populated,stale
C1_CS_REQ_ACCT_MSG_PARM,Y,N,,N,172,2026-01-07 21:28:56,populated,stale
C1_CS_REQ_ACCT_NCD,Y,N,,N,0,2026-01-07 21:28:56,empty,stale
C1_CS_REQ_ACCT_PER,Y,N,,N,10210,2026-01-16 02:05:41,populated,stale
C1_CS_REQ_ACCT_PER_ADDR,Y,N,,N,2502,2026-01-16 02:05:34,populated,stale
C1_CS_REQ_ACCT_PER_K,Y,N,,N,10207,2026-01-07 21:28:56,populated,stale
C1_CS_REQ_CHAR,Y,N,,N,0,2026-01-07 21:28:56,empty,stale
C1_CS_REQ_CONT,Y,N,,N,0,2026-01-07 21:28:56,empty,stale
C1_CS_REQ_CONT_CHAR,Y,N,,N,0,2026-01-07 21:28:56,empty,stale
C1_CS_REQ_CONT_ID,Y,N,,N,0,2026-01-07 21:28:56,empty,stale
C1_CS_REQ_CONT_K,Y,N,,N,0,2026-01-07 21:28:56,empty,stale
C1_CS_REQ_CONT_LOG,Y,N,,N,0,2026-01-07 21:28:56,empty,stale
C1_CS_REQ_CONT_LOG_PARM,Y,N,,N,0,2026-01-07 21:28:56,empty,stale
C1_CS_REQ_CONT_MS,Y,N,,N,0,2026-01-07 21:28:57,empty,stale
C1_CS_REQ_CONT_MS_PROD,Y,N,,N,0,2026-01-07 21:28:57,empty,stale
C1_CS_REQ_CONT_PROD,Y,N,,N,0,2026-01-07 21:28:57,empty,stale
C1_CS_REQ_CONT_PROD_CHAR,Y,N,,N,0,2026-01-07 21:28:57,empty,stale
C1_CS_REQ_CONT_PROD_K,Y,N,,N,0,2026-01-07 21:28:57,empty,stale
C1_CS_REQ_CONT_PROD_LOG,Y,N,,N,0,2026-01-07 21:28:57,empty,stale
C1_CS_REQ_CONT_PROD_LOG_PARM,Y,N,,N,0,2026-01-07 21:28:57,empty,stale
C1_CS_REQ_K,Y,N,,N,12274,2026-01-07 21:28:57,populated,stale
C1_CS_REQ_LOG,Y,N,,N,106674,2026-01-16 02:06:27,populated,stale
C1_CS_REQ_LOG_PARM,Y,N,,N,161791,2026-01-16 02:06:26,populated,stale
C1_CS_REQ_PER,Y,N,,N,9382,2026-02-13 02:17:06,populated,stale
C1_CS_REQ_PER_ADDR_SEAS,Y,N,,N,1,2026-01-16 02:05:25,populated,stale
C1_CS_REQ_PER_CHAR,Y,N,,N,21927,2026-01-16 02:05:39,populated,stale
C1_CS_REQ_PER_CONTDET,Y,N,,N,18797,2026-02-13 02:16:59,populated,stale
C1_CS_REQ_PER_ID,Y,N,,N,15185,2026-01-16 02:05:38,populated,stale
C1_CS_REQ_PER_K,Y,N,,N,9380,2026-01-07 21:28:58,populated,stale
C1_CS_REQ_PER_LOG,Y,N,,N,33748,2026-01-16 02:05:58,populated,stale
C1_CS_REQ_PER_LOG_PARM,Y,N,,N,33748,2026-01-16 02:05:48,populated,stale
C1_CS_REQ_PER_NAME,Y,N,,N,9383,2026-01-16 02:05:35,populated,stale
C1_CS_REQ_PER_PER,Y,N,,N,0,2026-01-07 21:28:59,empty,stale
C1_CS_REQ_PREM,Y,N,,N,8995,2026-01-16 02:05:54,populated,stale
C1_CS_REQ_PREM_ALT_ADDR,Y,N,,N,0,2026-01-07 21:28:59,empty,stale
C1_CS_REQ_PREM_CHAR,Y,N,,N,46961,2026-01-16 02:05:55,populated,stale
C1_CS_REQ_PREM_GEO,Y,N,,N,15934,2026-01-16 02:05:42,populated,stale
C1_CS_REQ_PREM_K,Y,N,,N,8993,2026-01-07 21:28:59,populated,stale
C1_CS_REQ_PREM_LOG,Y,N,,N,9905,2026-01-16 02:05:41,populated,stale
C1_CS_REQ_PREM_LOG_PARM,Y,N,,N,9905,2026-01-16 02:05:36,populated,stale
C1_CS_REQ_REL_OBJ,Y,N,,N,37354,2026-01-16 02:05:57,populated,stale
C1_CS_REQ_SA,Y,N,,N,29607,2026-01-16 02:06:24,populated,stale
C1_CS_REQ_SA_CHAR,Y,N,,N,0,2026-01-07 21:29:00,empty,stale
C1_CS_REQ_SA_CONTERM,Y,N,,N,0,2026-01-07 21:29:00,empty,stale
C1_CS_REQ_SA_CONT_QTY,Y,N,,N,0,2026-01-07 21:29:00,empty,stale
C1_CS_REQ_SA_COP,Y,N,,N,0,2026-01-07 21:29:00,empty,stale
C1_CS_REQ_SA_COP_OVRD,Y,N,,N,0,2026-01-07 21:29:00,empty,stale
C1_CS_REQ_SA_K,Y,N,,N,29599,2026-01-07 21:29:00,populated,stale
C1_CS_REQ_SA_LOG,Y,N,,N,59214,2026-01-16 02:06:08,populated,stale
C1_CS_REQ_SA_LOG_PARM,Y,N,,N,59214,2026-01-16 02:05:59,populated,stale
C1_CS_REQ_SA_MSG,Y,N,,N,0,2026-01-07 21:29:01,empty,stale
C1_CS_REQ_SA_RCHG,Y,N,,N,19902,2026-01-16 02:05:39,populated,stale
C1_CS_REQ_SA_RS,Y,N,,N,0,2026-01-07 21:29:01,empty,stale
C1_CS_REQ_SA_SP,Y,N,,N,14482,2026-01-16 02:05:42,populated,stale
C1_CS_REQ_SA_SP_CHAR,Y,N,,N,0,2026-01-07 21:29:01,empty,stale
C1_CS_REQ_SA_SP_FA,Y,N,,N,0,2026-01-07 21:29:01,empty,stale
C1_CS_REQ_SA_SP_K,Y,N,,N,14476,2026-01-07 21:29:01,populated,stale
C1_CS_REQ_SA_TOU_CONT_VAL,Y,N,,N,0,2026-01-07 21:29:01,empty,stale
C1_CS_REQ_SVC_LOC,Y,N,,N,0,2026-01-07 21:29:01,empty,stale
C1_CS_REQ_SVC_LOC_CHAR,Y,N,,N,0,2026-01-07 21:29:01,empty,stale
C1_CS_REQ_SVC_LOC_CONT_PROD,Y,N,,N,0,2026-01-07 21:29:01,empty,stale
C1_CS_REQ_SVC_LOC_K,Y,N,,N,0,2026-01-07 21:29:01,empty,stale
C1_CS_REQ_SVC_LOC_LOG,Y,N,,N,0,2026-01-07 21:29:01,empty,stale
C1_CS_REQ_SVC_LOC_LOG_PARM,Y,N,,N,0,2026-01-07 21:29:01,empty,stale
C1_CS_REQ_TYPE,Y,N,,N,3,2026-01-16 02:05:27,populated,stale
C1_CS_REQ_TYPE_ALG,Y,N,,N,4,2026-01-16 02:05:27,populated,stale
C1_CS_REQ_TYPE_ALG_CUST_CL,Y,N,,N,8,2026-01-16 02:05:28,populated,stale
C1_CS_REQ_TYPE_ALG_PER_BUS,Y,N,,N,2,2026-01-16 02:05:30,populated,stale
C1_CS_REQ_TYPE_CHAR,Y,N,,N,0,2026-01-07 21:29:01,empty,stale
C1_CS_REQ_TYPE_CUST_CL,Y,N,,N,4,2026-01-16 02:05:30,populated,stale
C1_CS_REQ_TYPE_L,Y,N,,N,3,2026-01-16 02:05:29,populated,stale
C1_CS_REQ_TYPE_PER_BUS,Y,N,,N,6,2026-01-16 02:05:27,populated,stale
C1_CS_REQ_TYPE_SVC_LOC_BO,Y,N,,N,0,2026-01-07 21:29:01,empty,stale
C1_CUST_REL_REQ,Y,N,,N,0,2026-01-07 21:29:02,empty,stale
C1_CUST_REL_REQ_CHAR,Y,N,,N,0,2026-01-07 21:29:02,empty,stale
C1_CUST_REL_REQ_K,Y,N,,N,0,2026-01-07 21:29:02,empty,stale
C1_CUST_REL_REQ_LOG,Y,N,,N,0,2026-01-07 21:29:02,empty,stale
C1_CUST_REL_REQ_LOG_PARM,Y,N,,N,0,2026-01-07 21:29:02,empty,stale
C1_CUST_REL_REQ_REL_OBJ,Y,N,,N,0,2026-01-07 21:29:02,empty,stale
C1_CUST_REL_REQ_TYPE,Y,N,,N,0,2026-01-07 21:29:02,empty,stale
C1_CUST_REL_REQ_TYPE_CHAR,Y,N,,N,0,2026-01-07 21:29:02,empty,stale
C1_CUST_REL_REQ_TYPE_L,Y,N,,N,0,2026-01-07 21:29:02,empty,stale
C1_ENRL_CONTDET,Y,N,,N,0,2026-01-07 21:29:02,empty,stale
C1_ENRL_CONTDET_K,Y,N,,N,0,2026-01-07 21:29:02,empty,stale
C1_INITIATIVE,Y,N,,N,0,2026-01-07 21:29:02,empty,stale
C1_INITIATIVE_CHAR,Y,N,,N,0,2026-01-07 21:29:02,empty,stale
C1_INITIATIVE_CRITERIA,Y,N,,N,0,2026-01-07 21:29:02,empty,stale
C1_INITIATIVE_CRITERIA_CHAR,Y,N,,N,0,2026-01-07 21:29:02,empty,stale
C1_INITIATIVE_CRITERIA_L,Y,N,,N,0,2026-01-07 21:29:02,empty,stale
C1_INITIATIVE_L,Y,N,,N,0,2026-01-07 21:29:02,empty,stale
C1_INITIATIVE_LEAD_DEFN,Y,N,,N,0,2026-01-07 21:29:02,empty,stale
C1_INITIATIVE_LOG,Y,N,,N,0,2026-01-07 21:29:02,empty,stale
C1_INITIATIVE_LOG_PARM,Y,N,,N,0,2026-01-07 21:29:02,empty,stale
C1_INITIATIVE_REL_OBJ,Y,N,,N,0,2026-01-07 21:29:02,empty,stale
C1_INTV_DATA_GTT,Y,N,,N,,,unknown,unknown
C1_ISS_CTR,Y,N,,N,0,2026-01-07 21:29:02,empty,stale
C1_ISS_CTR_CHAR,Y,N,,N,0,2026-01-07 21:29:02,empty,stale
C1_ISS_CTR_DTL,Y,N,,N,0,2026-01-07 21:29:02,empty,stale
C1_ISS_CTR_L,Y,N,,N,0,2026-01-07 21:29:02,empty,stale
C1_ISS_CTR_LOG,Y,N,,N,0,2026-01-07 21:29:02,empty,stale
C1_ISS_CTR_LOG_PARM,Y,N,,N,0,2026-01-07 21:29:02,empty,stale
C1_LEAD,Y,N,,N,0,2026-01-07 21:29:02,empty,stale
C1_LEAD_CHAR,Y,N,,N,0,2026-01-07 21:29:03,empty,stale
C1_LEAD_EVT,Y,N,,N,0,2026-01-07 21:29:03,empty,stale
C1_LEAD_EVT_CHAR,Y,N,,N,0,2026-01-07 21:29:03,empty,stale
C1_LEAD_EVT_K,Y,N,,N,0,2026-01-07 21:29:03,empty,stale
C1_LEAD_EVT_LOG,Y,N,,N,0,2026-01-07 21:29:03,empty,stale
C1_LEAD_EVT_LOG_PARM,Y,N,,N,0,2026-01-07 21:29:03,empty,stale
C1_LEAD_EVT_STEP,Y,N,,N,0,2026-01-07 21:29:03,empty,stale
C1_LEAD_EVT_STEP_K,Y,N,,N,0,2026-01-07 21:29:03,empty,stale
C1_LEAD_EVT_TYPE,Y,N,,N,0,2026-01-07 21:29:03,empty,stale
C1_LEAD_EVT_TYPE_CHAR,Y,N,,N,0,2026-01-07 21:29:03,empty,stale
C1_LEAD_EVT_TYPE_L,Y,N,,N,0,2026-01-07 21:29:03,empty,stale
C1_LEAD_K,Y,N,,N,0,2026-01-07 21:29:03,empty,stale
C1_LEAD_LOG,Y,N,,N,0,2026-01-07 21:29:03,empty,stale
C1_LEAD_LOG_PARM,Y,N,,N,0,2026-01-07 21:29:03,empty,stale
C1_LEAD_REL_OBJ,Y,N,,N,0,2026-01-07 21:29:03,empty,stale
C1_LETY_STEP_TYPE,Y,N,,N,0,2026-01-07 21:29:03,empty,stale
C1_LETY_STEP_TYPE_L,Y,N,,N,0,2026-01-07 21:29:03,empty,stale
C1_LTR_TMPL_REC,Y,N,,N,152,2026-01-07 21:29:03,populated,stale
C1_LTR_TMPL_REC_L,Y,N,,N,152,2026-01-07 21:29:03,populated,stale
C1_MKT,Y,N,,N,0,2026-01-07 21:29:03,empty,stale
C1_MKTMSG_CHG,Y,N,,N,0,2026-01-07 21:29:03,empty,stale
C1_MKTMSG_CHG_DTL,Y,N,,N,0,2026-01-07 21:29:03,empty,stale
C1_MKTMSG_CHG_K,Y,N,,N,0,2026-01-07 21:29:03,empty,stale
C1_MKTMSG_CHG_LOG,Y,N,,N,0,2026-01-07 21:29:03,empty,stale
C1_MKTMSG_CHG_LOG_PARM,Y,N,,N,0,2026-01-07 21:29:03,empty,stale
C1_MKTMSG_CHG_REL_OBJ,Y,N,,N,0,2026-01-07 21:29:04,empty,stale
C1_MKTMSG_PAY,Y,N,,N,0,2026-01-07 21:29:04,empty,stale
C1_MKTMSG_PAY_DTL,Y,N,,N,0,2026-01-07 21:29:04,empty,stale
C1_MKTMSG_PAY_K,Y,N,,N,0,2026-01-07 21:29:04,empty,stale
C1_MKTMSG_PAY_LOG,Y,N,,N,0,2026-01-07 21:29:04,empty,stale
C1_MKTMSG_PAY_LOG_PARM,Y,N,,N,0,2026-01-07 21:29:04,empty,stale
C1_MKTMSG_PAY_REL_OBJ,Y,N,,N,0,2026-01-07 21:29:04,empty,stale
C1_MKTMSG_USG,Y,N,,N,0,2026-01-07 21:29:04,empty,stale
C1_MKTMSG_USG_DTL,Y,N,,N,0,2026-01-07 21:29:04,empty,stale
C1_MKTMSG_USG_K,Y,N,,N,0,2026-01-07 21:29:04,empty,stale
C1_MKTMSG_USG_LOG,Y,N,,N,0,2026-01-07 21:29:04,empty,stale
C1_MKTMSG_USG_LOG_PARM,Y,N,,N,0,2026-01-07 21:29:04,empty,stale
C1_MKTMSG_USG_REL_OBJ,Y,N,,N,0,2026-01-07 21:29:04,empty,stale
C1_MKT_CHAR,Y,N,,N,0,2026-01-07 21:29:04,empty,stale
C1_MKT_FALLBACK_SPR,Y,N,,N,0,2026-01-07 21:29:04,empty,stale
C1_MKT_L,Y,N,,N,0,2026-01-07 21:29:04,empty,stale
C1_MKT_PROV_CONFIG_OPT,Y,N,,N,0,2026-01-07 21:29:04,empty,stale
C1_MKT_PROV_CONFIG_OPT_L,Y,N,,N,0,2026-01-07 21:29:04,empty,stale
C1_MKT_RP,Y,N,,N,0,2026-01-07 21:29:04,empty,stale
C1_MKT_RP_ATTR,Y,N,,N,0,2026-01-07 21:29:04,empty,stale
C1_MKT_RP_CHAR,Y,N,,N,0,2026-01-07 21:29:04,empty,stale
C1_MKT_RP_K,Y,N,,N,0,2026-01-07 21:29:04,empty,stale
C1_MKT_RP_LOG,Y,N,,N,0,2026-01-07 21:29:04,empty,stale
C1_MKT_RP_LOG_PARM,Y,N,,N,0,2026-01-07 21:29:04,empty,stale
C1_MKT_RP_REL,Y,N,,N,0,2026-01-07 21:29:04,empty,stale
C1_MKT_RP_REL_OBJ,Y,N,,N,0,2026-01-07 21:29:04,empty,stale
C1_MKT_VALID_SPR,Y,N,,N,0,2026-01-07 21:29:04,empty,stale
C1_NTF_PREF,Y,N,,N,0,2026-01-07 21:29:05,empty,stale
C1_NTF_PREF_CHAR,Y,N,,N,0,2026-01-07 21:29:05,empty,stale
C1_NTF_PREF_ID,Y,N,,N,0,2026-01-07 21:29:05,empty,stale
C1_NTF_PREF_K,Y,N,,N,0,2026-01-07 21:29:05,empty,stale
C1_NTF_PREF_LOG,Y,N,,N,0,2026-01-07 21:29:05,empty,stale
C1_NTF_PREF_LOG_PARM,Y,N,,N,0,2026-01-07 21:29:05,empty,stale
C1_NTF_TYPE,Y,N,,N,9,2026-01-09 02:12:23,populated,stale
C1_NTF_TYPE_ALG,Y,N,,N,0,2026-01-07 21:29:05,empty,stale
C1_NTF_TYPE_CHAR,Y,N,,N,0,2026-01-07 21:29:05,empty,stale
C1_NTF_TYPE_COMM_RTE_TYPE,Y,N,,N,15,2026-02-27 02:15:23,populated,stale
C1_NTF_TYPE_DVTYP,Y,N,,N,8,2026-02-27 02:15:24,populated,stale
C1_NTF_TYPE_L,Y,N,,N,8,2026-02-27 02:15:23,populated,stale
C1_OFFCYC_BGEN,Y,N,,N,38559,2026-01-09 02:14:08,populated,stale
C1_OFFCYC_BGEN_ADJ,Y,N,,N,0,2026-01-07 21:29:05,empty,stale
C1_OFFCYC_BGEN_BCHG,Y,N,,N,0,2026-01-07 21:29:05,empty,stale
C1_OFFCYC_BGEN_BSEG,Y,N,,N,0,2026-01-07 21:29:05,empty,stale
C1_OFFCYC_BGEN_CHAR,Y,N,,N,39582,2026-01-09 02:13:28,populated,stale
C1_OFFCYC_BGEN_K,Y,N,,N,38559,2026-01-07 21:29:05,populated,stale
C1_OFFCYC_BGEN_LOG,Y,N,,N,44078,2026-01-09 02:13:31,populated,stale
C1_OFFCYC_BGEN_LOG_PARM,Y,N,,N,43057,2026-01-07 21:29:06,populated,stale
C1_OFFCYC_BGEN_SA,Y,N,,N,38559,2026-01-09 02:13:12,populated,stale
C1_PA_RQST,Y,Y,debt_mgmt,Y,0,2026-01-07 21:29:06,empty,stale
C1_PA_RQST_CHAR,Y,N,,N,0,2026-01-07 21:29:06,empty,stale
C1_PA_RQST_ELIG_RSLT,Y,N,,N,0,2026-01-07 21:29:06,empty,stale
C1_PA_RQST_K,Y,N,,N,0,2026-01-07 21:29:06,empty,stale
C1_PA_RQST_LOG,Y,N,,N,0,2026-01-07 21:29:06,empty,stale
C1_PA_RQST_LOG_PARM,Y,N,,N,0,2026-01-07 21:29:06,empty,stale
C1_PA_RQST_REL_OBJ,Y,Y,debt_mgmt,Y,0,2026-01-07 21:29:06,empty,stale
C1_PA_RQST_TYPE,Y,N,,N,6,2026-01-07 21:29:06,populated,stale
C1_PA_RQST_TYPE_ALG,Y,N,,N,14,2026-01-07 21:29:06,populated,stale
C1_PA_RQST_TYPE_CHAR,Y,N,,N,0,2026-01-07 21:29:06,empty,stale
C1_PA_RQST_TYPE_DOWN_PAY_OPT,Y,N,,N,16,2026-01-07 21:29:07,populated,stale
C1_PA_RQST_TYPE_DOWN_PAY_OPT_L,Y,N,,N,16,2026-01-07 21:29:07,populated,stale
C1_PA_RQST_TYPE_L,Y,N,,N,6,2026-02-11 02:19:41,populated,stale
C1_PER_CONTDET,Y,N,,N,72394,2026-02-13 02:17:15,populated,stale
C1_PER_CONT_DET_K,Y,N,,N,72394,2026-01-07 21:29:07,populated,stale
C1_PER_SS_PAYOPT,Y,N,,N,0,2026-01-07 21:29:07,empty,stale
C1_PER_SS_PAYOPT_K,Y,N,,N,0,2026-01-07 21:29:07,empty,stale
C1_PREM_ACTIVITY_GTT,Y,N,,N,,,unknown,unknown
C1_PROD,Y,N,,N,0,2026-01-07 21:29:07,empty,stale
C1_PROD_CHAR,Y,N,,N,0,2026-01-07 21:29:07,empty,stale
C1_PROD_COMP,Y,N,,N,0,2026-01-07 21:29:07,empty,stale
C1_PROD_COMP_CHAR,Y,N,,N,0,2026-01-07 21:29:07,empty,stale
C1_PROD_COMP_CHILD,Y,N,,N,0,2026-01-07 21:29:07,empty,stale
C1_PROD_COMP_ELIG_CRIT,Y,N,,N,0,2026-01-07 21:29:07,empty,stale
C1_PROD_COMP_ELIG_CRIT_CHAR,Y,N,,N,0,2026-01-07 21:29:07,empty,stale
C1_PROD_COMP_ELIG_CRIT_L,Y,N,,N,0,2026-01-07 21:29:07,empty,stale
C1_PROD_COMP_L,Y,N,,N,0,2026-01-07 21:29:08,empty,stale
C1_PROD_ELIG_CRIT,Y,N,,N,0,2026-01-07 21:29:08,empty,stale
C1_PROD_ELIG_CRIT_CHAR,Y,N,,N,0,2026-01-07 21:29:08,empty,stale
C1_PROD_ELIG_CRIT_L,Y,N,,N,0,2026-01-07 21:29:08,empty,stale
C1_PROD_L,Y,N,,N,0,2026-01-07 21:29:08,empty,stale
C1_PROD_RULE,Y,N,,N,0,2026-01-07 21:29:08,empty,stale
C1_PROD_RULE_CHAR,Y,N,,N,0,2026-01-07 21:29:08,empty,stale
C1_PROD_RULE_L,Y,N,,N,0,2026-01-07 21:29:08,empty,stale
C1_PROD_VER,Y,N,,N,0,2026-01-07 21:29:08,empty,stale
C1_PROD_VER_CHAR,Y,N,,N,0,2026-01-07 21:29:08,empty,stale
C1_PROD_VER_K,Y,N,,N,0,2026-01-07 21:29:08,empty,stale
C1_PROD_VER_L,Y,N,,N,0,2026-01-07 21:29:08,empty,stale
C1_PROD_VER_LOG,Y,N,,N,0,2026-01-07 21:29:08,empty,stale
C1_PROD_VER_LOG_PARM,Y,N,,N,0,2026-01-07 21:29:08,empty,stale
C1_PROD_VER_RULE,Y,N,,N,0,2026-01-07 21:29:08,empty,stale
C1_PROV_CONFIG_OPT,Y,N,,N,0,2026-01-07 21:29:08,empty,stale
C1_PROV_CONFIG_OPT_L,Y,N,,N,0,2026-01-07 21:29:08,empty,stale
C1_PROV_CONFIG_SATY,Y,N,,N,0,2026-01-07 21:29:08,empty,stale
C1_PROV_CONFIG_SATY_OVRD,Y,N,,N,0,2026-01-07 21:29:08,empty,stale
C1_RC_CALC_GTT,Y,N,,N,,,unknown,unknown
C1_RC_CALC_LN_GTT,Y,N,,N,,,unknown,unknown
C1_RC_CHAR_GTT,Y,N,,N,,,unknown,unknown
C1_RC_READ_GTT,Y,N,,N,,,unknown,unknown
C1_RC_SQ_GTT,Y,N,,N,,,unknown,unknown
C1_RC_TRACE_GTT,Y,N,,N,,,unknown,unknown
C1_REPRESENTATIVE,Y,Y,customer_ops,Y,35,2026-02-18 02:13:50,populated,stale
C1_REPRESENTATIVE_CHAR,Y,N,,N,0,2026-01-07 21:29:08,empty,stale
C1_REPRESENTATIVE_L,Y,N,,N,35,2026-01-17 22:11:34,populated,stale
C1_REPRESENTATIVE_LOG,Y,N,,N,36,2026-01-07 21:29:08,populated,stale
C1_REPRESENTATIVE_LOG_PARM,Y,N,,N,38,2026-01-07 21:29:08,populated,stale
C1_REP_GRP_MEM,Y,N,,N,0,2026-01-07 21:29:08,empty,stale
C1_RS_POST_PROC,Y,N,,N,0,2026-01-07 21:29:08,empty,stale
C1_RS_POST_PROC_L,Y,N,,N,0,2026-01-07 21:29:08,empty,stale
C1_RS_PRE_PROC,Y,N,,N,200,2026-02-11 02:19:09,populated,stale
C1_RS_PRE_PROC_L,Y,N,,N,191,2026-01-28 02:15:04,populated,stale
C1_RS_RV2,Y,N,,N,156,2026-02-11 02:19:09,populated,stale
C1_RS_RV2_L,Y,N,,N,156,2026-02-11 02:19:40,populated,stale
C1_SA_CONT_PROD,Y,N,,N,0,2026-01-07 21:29:09,empty,stale
C1_SPR_MKT_OPT,Y,N,,N,0,2026-01-07 21:29:09,empty,stale
C1_SPR_MKT_OPT_SA,Y,N,,N,0,2026-01-07 21:29:09,empty,stale
C1_SS_CONT_OVRD,Y,N,,N,26,2026-02-14 22:21:36,populated,stale
C1_SS_CONT_OVRD_K,Y,N,,N,26,2026-02-14 22:21:36,populated,stale
C1_TOU_MAP,Y,N,,N,0,2026-01-07 21:29:09,empty,stale
C1_TOU_MAP_CHAR,Y,N,,N,0,2026-01-07 21:29:09,empty,stale
C1_TOU_MAP_DATA,Y,N,,N,0,2026-01-07 21:29:09,empty,stale
C1_TOU_MAP_DATA_CHAR,Y,N,,N,0,2026-01-07 21:29:09,empty,stale
C1_TOU_MAP_K,Y,N,,N,0,2026-01-07 21:29:09,empty,stale
C1_TOU_MAP_L,Y,N,,N,0,2026-01-07 21:29:09,empty,stale
C1_TOU_MAP_LOG,Y,N,,N,0,2026-01-07 21:29:09,empty,stale
C1_TOU_MAP_LOG_PARM,Y,N,,N,0,2026-01-07 21:29:09,empty,stale
C1_TOU_MAP_TMPLT,Y,N,,N,1,2026-01-07 21:29:09,populated,stale
C1_TOU_MAP_TMPLT_CHAR,Y,N,,N,0,2026-01-07 21:29:09,empty,stale
C1_TOU_MAP_TMPLT_L,Y,N,,N,1,2026-01-07 21:29:09,populated,stale
C1_TOU_MAP_TYPE,Y,N,,N,1,2026-01-07 21:29:09,populated,stale
C1_TOU_MAP_TYPE_CHAR,Y,N,,N,0,2026-01-07 21:29:09,empty,stale
C1_TOU_MAP_TYPE_L,Y,N,,N,1,2026-01-07 21:29:09,populated,stale
C1_TOU_MAP_TYPE_TMPLT,Y,N,,N,0,2026-01-07 21:29:09,empty,stale
C1_USAGE,Y,Y,meter_ops,Y,684082,2026-01-09 02:21:13,populated,stale
C1_USAGE_CHAR,Y,N,,N,0,2026-01-07 21:29:10,empty,stale
C1_USAGE_K,Y,N,,N,684078,2026-01-07 21:29:11,populated,stale
C1_USAGE_LOG,Y,N,,N,3421984,2026-01-09 02:23:10,populated,stale
C1_USAGE_LOG_PARM,Y,N,,N,3421984,2026-01-09 02:20:40,populated,stale
C1_USER_CIS_DIV,Y,N,,N,0,2026-01-07 21:29:19,empty,stale
C1_USER_TNDR_SRCE,Y,N,,N,0,2026-01-07 21:29:19,empty,stale
C1_WEB_USER,Y,N,,N,0,2026-01-07 21:29:19,empty,stale
C1_WEB_USER_ACCT,Y,N,,N,0,2026-01-07 21:29:19,empty,stale
C1_WEB_USER_ACCT_LOG,Y,N,,N,0,2026-01-07 21:29:19,empty,stale
C1_WEB_USER_ACCT_LOG_PARM,Y,N,,N,0,2026-01-07 21:29:19,empty,stale
C1_WEB_USER_K,Y,N,,N,0,2026-01-07 21:29:19,empty,stale
C1_WEB_USER_LOG,Y,N,,N,0,2026-01-07 21:29:19,empty,stale
C1_WEB_USER_LOG_PARM,Y,N,,N,0,2026-01-07 21:29:19,empty,stale
CI_ACCT,Y,Y,customer_ops|debt_mgmt,N,92087,2026-02-27 02:14:38,populated,stale
CI_ACCT_ALERT,Y,Y,customer_ops,N,7444,2026-01-09 02:12:49,populated,stale
CI_ACCT_APAY,Y,N,,N,0,2026-01-07 21:29:20,empty,stale
CI_ACCT_APAY_K,Y,N,,N,0,2026-01-07 21:29:20,empty,stale
CI_ACCT_CHAR,Y,N,,N,87657,2026-01-29 02:18:03,populated,stale
CI_ACCT_K,Y,N,,N,92072,2026-01-07 21:29:21,populated,stale
CI_ACCT_MGMT_GR,Y,N,,N,1,2026-01-07 21:29:21,populated,stale
CI_ACCT_MGMT_GR_L,Y,N,,N,1,2026-01-16 02:05:30,populated,stale
CI_ACCT_MGRP_RL,Y,N,,N,5,2026-01-07 21:29:21,populated,stale
CI_ACCT_MSG,Y,N,,N,72,2026-01-09 02:12:11,populated,stale
CI_ACCT_MSG_PRM,Y,N,,N,142,2026-01-09 02:12:11,populated,stale
CI_ACCT_PER,Y,N,,N,92111,2026-02-13 02:17:12,populated,stale
CI_ACCT_REL_TYP,Y,N,,N,14,2026-01-16 02:05:30,populated,stale
CI_ACCT_REL_TYP_L,Y,N,,N,14,2026-01-09 02:12:14,populated,stale
CI_ACC_GRP,Y,N,,N,1,2026-01-09 02:12:18,populated,stale
CI_ACC_GRP_DAR,Y,N,,N,1,2026-01-09 02:12:17,populated,stale
CI_ACC_GRP_L,Y,N,,N,1,2026-01-09 02:12:26,populated,stale
CI_ACC_GRP_ROLE,Y,N,,N,0,2026-01-07 21:29:22,empty,stale
CI_ADJ,Y,Y,finance,Y,430339,2026-02-18 02:13:39,populated,stale
CI_ADJT_ADJTPRF,Y,N,,N,94,2026-01-09 02:12:31,populated,stale
CI_ADJ_APREQ,Y,N,,N,441,2026-02-18 02:13:50,populated,stale
CI_ADJ_APREQ_K,Y,N,,N,441,2026-01-07 21:29:23,populated,stale
CI_ADJ_CALC_LN,Y,N,,N,0,2026-01-07 21:29:23,empty,stale
CI_ADJ_CAN_RSN,Y,N,,N,6,2026-01-16 02:05:27,populated,stale
CI_ADJ_CAN_RSN_L,Y,N,,N,6,2026-01-16 02:05:31,populated,stale
CI_ADJ_CHAR,Y,N,,N,4165,2026-01-15 02:19:58,populated,stale
CI_ADJ_CL_CHAR,Y,N,,N,0,2026-01-07 21:29:23,empty,stale
CI_ADJ_K,Y,N,,N,426177,2026-01-07 21:29:23,populated,stale
CI_ADJ_STG_CTL,Y,N,,N,1,2026-01-07 21:29:23,populated,stale
CI_ADJ_STG_CTL_CHAR,Y,N,,N,0,2026-01-07 21:29:23,empty,stale
CI_ADJ_STG_CTL_MSGP,Y,N,,N,0,2026-01-07 21:29:24,empty,stale
CI_ADJ_STG_UP,Y,N,,N,1452,2026-01-07 21:29:24,populated,stale
CI_ADJ_STG_UP_CHAR,Y,N,,N,0,2026-01-07 21:29:24,empty,stale
CI_ADJ_STG_UP_MSGP,Y,N,,N,1503,2026-01-07 21:29:24,populated,stale
CI_ADJ_TYPE,Y,N,,N,95,2026-01-23 02:18:52,populated,stale
CI_ADJ_TYPE_L,Y,N,,N,95,2026-02-18 02:13:50,populated,stale
CI_ADJ_TYP_PROF,Y,N,,N,3,2026-01-20 02:18:25,populated,stale
CI_ADJ_TYP_PROF_L,Y,N,,N,3,2026-01-20 02:18:25,populated,stale
CI_ADJ_TY_ALG,Y,N,,N,98,2026-01-09 02:12:16,populated,stale
CI_ADJ_TY_CHAR,Y,N,,N,1,2026-01-09 02:12:32,populated,stale
CI_ADM_RVW_SCH,Y,N,,N,7959,2026-02-27 02:12:58,populated,stale
CI_ALERT_TYPE,Y,N,,N,12,2026-02-13 02:16:58,populated,stale
CI_ALERT_TYPE_L,Y,N,,N,12,2026-02-14 22:23:50,populated,stale
CI_ALG,Y,N,,N,5720,2026-01-13 02:15:06,populated,stale
CI_ALG_L,Y,N,,N,5720,2026-01-09 02:12:46,populated,stale
CI_ALG_PARM,Y,N,,N,7838,2026-01-15 02:21:36,populated,stale
CI_ALG_TYPE,Y,N,,N,5369,2026-01-13 02:15:07,populated,stale
CI_ALG_TYPE_L,Y,N,,N,5369,2026-01-09 02:13:18,populated,stale
CI_ALG_TYPE_PRM,Y,N,,N,6264,2026-01-13 02:15:06,populated,stale
CI_ALG_TYPE_PRM_L,Y,N,,N,6264,2026-01-13 02:15:06,populated,stale
CI_ALG_VER,Y,N,,N,5395,2026-01-13 02:15:05,populated,stale
CI_AM_ACTIVITY_TYPE,Y,N,,N,0,2026-01-07 21:29:25,empty,stale
CI_AM_ACTIVITY_TYPE_L,Y,N,,N,0,2026-01-07 21:29:25,empty,stale
CI_AM_REQ,Y,N,,N,0,2026-01-07 21:29:25,empty,stale
CI_AM_REQ_K,Y,N,,N,0,2026-01-07 21:29:25,empty,stale
CI_AM_REQ_LOG,Y,N,,N,0,2026-01-07 21:29:25,empty,stale
CI_AM_REQ_LOG_PARM,Y,N,,N,0,2026-01-07 21:29:25,empty,stale
CI_APAY_CLR_STG,Y,N,,N,0,2026-01-07 21:29:25,empty,stale
CI_APAY_CLR_STG_K,Y,N,,N,0,2026-01-07 21:29:25,empty,stale
CI_APAY_RT_TYPE,Y,N,,N,2,2026-01-07 21:29:25,populated,stale
CI_APAY_RT_TYPE_L,Y,N,,N,2,2026-01-07 21:29:25,populated,stale
CI_APAY_SRC,Y,N,,N,11,2026-01-07 21:29:25,populated,stale
CI_APAY_SRC_L,Y,N,,N,11,2026-01-30 02:21:34,populated,stale
CI_APPR_PROF,Y,N,,N,2,2026-01-09 02:12:20,populated,stale
CI_APPR_PROF_L,Y,N,,N,2,2026-01-09 02:12:27,populated,stale
CI_APPR_REQ,Y,Y,customer_ops,Y,15373,2026-02-18 02:13:51,populated,stale
CI_APPR_REQ_CHAR,Y,N,,N,0,2026-01-07 21:29:26,empty,stale
CI_APPR_REQ_K,Y,N,,N,15369,2026-01-07 21:29:26,populated,stale
CI_APPR_REQ_LOG,Y,N,,N,98370,2026-01-23 02:19:05,populated,stale
CI_APPR_REQ_LOG_PARM,Y,N,,N,45736,2026-01-23 02:18:57,populated,stale
CI_APP_SVC_ACC,Y,N,,N,10747,2026-01-09 02:13:03,populated,stale
CI_APP_SVC_SCTY,Y,N,,N,3,2026-01-16 02:05:27,populated,stale
CI_APREQ_TYPE,Y,N,,N,2,2026-01-09 02:12:17,populated,stale
CI_APREQ_TYPE_L,Y,N,,N,2,2026-01-09 02:12:25,populated,stale
CI_ARC_ROOT_INST,Y,N,,N,0,2026-01-07 21:29:26,empty,stale
CI_ARC_ROOT_INST_K,Y,N,,N,0,2026-01-07 21:29:26,empty,stale
CI_ARC_ROOT_OBJ,Y,N,,N,0,2026-01-07 21:29:27,empty,stale
CI_ARC_ROOT_OBJ_K,Y,N,,N,0,2026-01-07 21:29:27,empty,stale
CI_ARC_ROOT_PK,Y,N,,N,0,2026-01-07 21:29:27,empty,stale
CI_AUDIT,Y,N,,N,0,2026-01-07 21:29:27,empty,stale
CI_AUDIT_K,Y,N,,N,0,2026-01-07 21:29:27,empty,stale
CI_BAL_CTL_GRP,Y,N,,N,25,2026-01-31 22:17:15,populated,stale
CI_BAL_CTL_MEM,Y,N,,N,8508,2026-01-07 21:29:27,populated,stale
CI_BAL_CTL_TMP,Y,N,,N,6077,2026-01-07 21:29:27,populated,stale
CI_BANK,Y,N,,N,1,2026-01-07 21:29:27,populated,stale
CI_BANK_ACCOUNT,Y,N,,N,1,2026-01-16 02:05:26,populated,stale
CI_BANK_ACCOUNT_L,Y,N,,N,1,2026-01-16 02:05:25,populated,stale
CI_BANK_L,Y,N,,N,1,2026-01-16 02:05:31,populated,stale
CI_BATCH_CTRL,Y,N,,N,2394,2026-02-04 02:18:22,populated,stale
CI_BATCH_CTRL_ALG,Y,N,,N,520,2026-01-23 02:18:50,populated,stale
CI_BATCH_CTRL_L,Y,N,,N,2394,2026-01-23 02:18:54,populated,stale
CI_BATCH_CTRL_P,Y,N,,N,13148,2026-01-15 02:21:38,populated,stale
CI_BATCH_CTRL_P_L,Y,N,,N,13148,2026-01-09 02:13:18,populated,stale
CI_BATCH_INST,Y,N,,N,674580,2026-02-14 22:23:54,populated,stale
CI_BATCH_JOB,Y,N,,N,1500,2026-01-23 02:18:00,populated,stale
CI_BATCH_JOB_K,Y,N,,N,1446,2026-01-07 21:29:28,populated,stale
CI_BATCH_JOB_PRM,Y,N,,N,7627,2026-01-09 02:12:46,populated,stale
CI_BATCH_RUN,Y,N,,N,659829,2026-01-21 02:21:40,populated,stale
CI_BATCH_THD,Y,N,,N,674478,2026-02-14 22:23:59,populated,stale
CI_BCHG_LINE_UP,Y,N,,N,0,2026-01-07 21:29:30,empty,stale
CI_BCHG_READ,Y,N,,N,0,2026-01-07 21:29:30,empty,stale
CI_BCHG_SQ,Y,N,,N,0,2026-01-07 21:29:30,empty,stale
CI_BCHG_UP,Y,N,,N,0,2026-01-07 21:29:30,empty,stale
CI_BCHG_UP_EXCP,Y,N,,N,0,2026-01-07 21:29:30,empty,stale
CI_BCHG_UP_OVRD,Y,N,,N,0,2026-01-07 21:29:30,empty,stale
CI_BCHG_UP_READ,Y,N,,N,0,2026-01-07 21:29:30,empty,stale
CI_BCHG_UP_SQ,Y,N,,N,0,2026-01-07 21:29:30,empty,stale
CI_BCHG_UP_XTYP,Y,N,,N,0,2026-01-07 21:29:30,empty,stale
CI_BCHG_UP_XTYP_L,Y,N,,N,0,2026-01-07 21:29:30,empty,stale
CI_BF,Y,N,,N,275,2026-02-13 02:16:07,populated,stale
CI_BFCH_TOUGRP,Y,N,,N,0,2026-01-07 21:29:30,empty,stale
CI_BF_CHAR,Y,N,,N,370,2026-01-09 02:12:36,populated,stale
CI_BF_CHAR_DST,Y,N,,N,0,2026-01-07 21:29:31,empty,stale
CI_BF_L,Y,N,,N,275,2026-02-11 02:19:09,populated,stale
CI_BF_VAL,Y,N,,N,826,2026-01-28 02:15:06,populated,stale
CI_BILL,Y,Y,billing,Y,653581,2026-02-11 02:19:44,populated,stale
CI_BILL_CAN_RSN,Y,N,,N,10,2026-01-09 02:12:13,populated,stale
CI_BILL_CAN_RSN_L,Y,N,,N,10,2026-01-09 02:12:28,populated,stale
CI_BILL_CHAR,Y,N,,N,0,2026-01-07 21:29:33,empty,stale
CI_BILL_CHG,Y,N,,N,18110,2026-01-09 02:13:05,populated,stale
CI_BILL_CHG_K,Y,N,,N,18110,2026-01-07 21:29:33,populated,stale
CI_BILL_CYC,Y,N,,N,11,2026-02-13 02:15:39,populated,stale
CI_BILL_CYC_L,Y,N,,N,11,2026-02-13 02:15:39,populated,stale
CI_BILL_CYC_SCH,Y,N,,N,441,2026-02-13 02:15:46,populated,stale
CI_BILL_CYC_SEC,Y,N,,N,0,2026-01-07 21:29:33,empty,stale
CI_BILL_EXCP,Y,N,,N,0,2026-01-07 21:29:33,empty,stale
CI_BILL_K,Y,N,,N,653570,2026-01-07 21:29:33,populated,stale
CI_BILL_MSG,Y,N,,N,11,2026-01-09 02:12:27,populated,stale
CI_BILL_MSGS,Y,Y,billing,Y,989473,2026-01-09 02:15:02,populated,stale
CI_BILL_MSG_L,Y,N,,N,11,2026-01-09 02:12:25,populated,stale
CI_BILL_MSG_PRM,Y,Y,billing,Y,18714,2026-01-09 02:12:56,populated,stale
CI_BILL_PERIOD,Y,N,,N,3,2026-02-13 02:15:32,populated,stale
CI_BILL_PERIOD_L,Y,N,,N,3,2026-02-13 02:15:33,populated,stale
CI_BILL_PER_SCH,Y,N,,N,53,2026-02-13 02:15:39,populated,stale
CI_BILL_ROUTING,Y,Y,billing,Y,293327,2026-02-14 22:24:02,populated,stale
CI_BILL_RT_TYPE,Y,N,,N,2,2026-01-09 02:12:14,populated,stale
CI_BILL_RT_TYPE_L,Y,N,,N,2,2026-02-11 02:19:41,populated,stale
CI_BILL_RVW_SCH,Y,N,,N,0,2026-01-07 21:29:35,empty,stale
CI_BILL_SA,Y,N,,N,2439561,2026-01-09 02:20:11,populated,stale
CI_BILL_SCNR,Y,N,,N,0,2026-01-07 21:29:36,empty,stale
CI_BILL_SCNR_K,Y,N,,N,0,2026-01-07 21:29:36,empty,stale
CI_BILL_SCNR_SQ,Y,N,,N,0,2026-01-07 21:29:36,empty,stale
CI_BILL_SEG_TYP,Y,N,,N,8,2026-01-09 02:12:17,populated,stale
CI_BILL_SEG_TYP_L,Y,N,,N,8,2026-01-09 02:12:33,populated,stale
CI_BPRT_GRP,Y,N,,N,0,2026-01-07 21:29:36,empty,stale
CI_BPRT_GRP_K,Y,N,,N,0,2026-01-07 21:29:36,empty,stale
CI_BPRT_SGRP_SA,Y,N,,N,0,2026-01-07 21:29:36,empty,stale
CI_BPRT_SUBGRP,Y,N,,N,0,2026-01-07 21:29:36,empty,stale
CI_BSEG,Y,Y,billing,Y,2219024,2026-02-18 02:14:01,populated,stale
CI_BSEG_CALC,Y,Y,billing,Y,2239642,2026-02-14 22:24:17,populated,stale
CI_BSEG_CALC_LN,Y,Y,billing,Y,2562108,2026-02-03 02:15:06,populated,stale
CI_BSEG_CL_CHAR,Y,N,,N,0,2026-01-07 21:29:42,empty,stale
CI_BSEG_EXCP,Y,Y,billing,Y,3463,2026-02-14 22:23:51,populated,stale
CI_BSEG_ITEM,Y,Y,billing,Y,0,2026-01-07 21:29:42,empty,stale
CI_BSEG_K,Y,N,,N,2218965,2026-01-07 21:29:43,populated,stale
CI_BSEG_MSG,Y,Y,billing,Y,49337,2026-01-09 02:13:09,populated,stale
CI_BSEG_READ,Y,Y,billing,Y,3267813,2026-02-12 02:14:44,populated,stale
CI_BSEG_SQ,Y,Y,billing,Y,3747321,2026-01-09 02:19:16,populated,stale
CI_BUD_PLAN,Y,N,,N,2,2026-01-16 02:05:28,populated,stale
CI_BUD_PLAN_L,Y,N,,N,2,2026-01-09 02:12:31,populated,stale
CI_BUD_RVW,Y,N,,N,1103,2026-01-07 21:29:47,populated,stale
CI_B_CHG_LINE,Y,N,,N,18110,2026-01-07 21:29:47,populated,stale
CI_B_CHG_TMPLT,Y,N,,N,0,2026-01-07 21:29:47,empty,stale
CI_B_CHG_TMPLT_L,Y,N,,N,0,2026-01-07 21:29:47,empty,stale
CI_B_LN_CHAR,Y,N,,N,0,2026-01-07 21:29:47,empty,stale
CI_B_LN_UP_CHAR,Y,N,,N,0,2026-01-07 21:29:47,empty,stale
CI_B_TMPLT_LINE,Y,N,,N,0,2026-01-07 21:29:47,empty,stale
CI_B_TMPLT_LINE_L,Y,N,,N,0,2026-01-07 21:29:47,empty,stale
CI_B_TMPLT_SQ,Y,N,,N,0,2026-01-07 21:29:47,empty,stale
CI_B_TM_LN_CHA,Y,N,,N,0,2026-01-07 21:29:47,empty,stale
CI_CAL_GL,Y,N,,N,1,2026-01-20 02:18:25,populated,stale
CI_CAL_GL_L,Y,N,,N,1,2026-01-15 02:21:35,populated,stale
CI_CAL_HOL,Y,N,,N,114,2026-01-09 02:12:14,populated,stale
CI_CAL_HOL_L,Y,N,,N,114,2026-01-23 02:18:52,populated,stale
CI_CAL_PERIOD,Y,N,,N,60,2026-01-23 02:18:50,populated,stale
CI_CAL_PERIOD_L,Y,N,,N,60,2026-01-15 02:21:35,populated,stale
CI_CAL_WORK,Y,N,,N,3,2026-01-09 02:12:32,populated,stale
CI_CAL_WORK_L,Y,N,,N,3,2026-01-09 02:12:30,populated,stale
CI_CAMPAIGN,Y,N,,N,11,2026-01-16 02:05:25,populated,stale
CI_CAMPAIGN_L,Y,N,,N,11,2026-01-16 02:05:28,populated,stale
CI_CAMP_ALG,Y,N,,N,13,2026-01-16 02:05:30,populated,stale
CI_CAMP_FLD_TYPE,Y,N,,N,95,2026-01-07 21:29:48,populated,stale
CI_CAMP_FLD_TYPE_L,Y,N,,N,95,2026-01-07 21:29:48,populated,stale
CI_CASE,Y,N,,N,2,2026-01-16 02:05:24,populated,stale
CI_CASE_CHAR,Y,N,,N,6,2026-01-07 21:29:48,populated,stale
CI_CASE_K,Y,N,,N,2,2026-01-07 21:29:48,populated,stale
CI_CASE_LOG,Y,N,,N,6,2026-01-22 02:15:50,populated,stale
CI_CASE_LOG_PARM,Y,N,,N,0,2026-01-07 21:29:48,empty,stale
CI_CASE_STATUS,Y,N,,N,24,2026-01-09 02:12:32,populated,stale
CI_CASE_STATUS_L,Y,N,,N,24,2026-01-16 02:05:28,populated,stale
CI_CASE_ST_ALG,Y,N,,N,17,2026-01-07 21:29:48,populated,stale
CI_CASE_ST_CHTY,Y,N,,N,9,2026-01-07 21:29:48,populated,stale
CI_CASE_TR_RULE,Y,N,,N,22,2026-01-07 21:29:48,populated,stale
CI_CASE_TR_RULE_L,Y,N,,N,22,2026-01-07 21:29:48,populated,stale
CI_CASE_TYPE,Y,N,,N,5,2026-01-31 22:17:15,populated,stale
CI_CASE_TYPE_ALG,Y,N,,N,3,2026-01-07 21:29:48,populated,stale
CI_CASE_TYPE_L,Y,N,,N,5,2026-01-16 02:05:26,populated,stale
CI_CC,Y,N,,N,122436,2026-02-27 02:14:57,populated,stale
CI_CCL_CTL_ALG,Y,N,,N,82,2026-01-15 02:21:35,populated,stale
CI_CC_CHAR,Y,N,,N,520,2026-01-16 02:05:31,populated,stale
CI_CC_CL,Y,N,,N,8,2026-01-09 02:12:20,populated,stale
CI_CC_CL_L,Y,N,,N,8,2026-01-09 02:12:20,populated,stale
CI_CC_K,Y,N,,N,117931,2026-01-07 21:29:49,populated,stale
CI_CC_LOG,Y,N,,N,1030,2026-02-27 02:15:24,populated,stale
CI_CC_LOG_K,Y,N,,N,1030,2026-01-07 21:29:50,populated,stale
CI_CC_TYPE,Y,N,,N,70,2026-01-09 02:12:24,populated,stale
CI_CC_TYPE_L,Y,N,,N,70,2026-01-09 02:12:20,populated,stale
CI_CEVT_CAN_RSN,Y,N,,N,0,2026-01-07 21:29:50,empty,stale
CI_CEVT_CAN_RSN_L,Y,N,,N,0,2026-01-07 21:29:50,empty,stale
CI_CHAR_DFLT,Y,N,,N,0,2026-01-07 21:29:50,empty,stale
CI_CHAR_DFLT_SV,Y,N,,N,0,2026-01-07 21:29:50,empty,stale
CI_CHAR_ENTITY,Y,N,,N,911,2026-01-09 02:12:38,populated,stale
CI_CHAR_TYPE,Y,N,,N,471,2026-01-24 22:15:06,populated,stale
CI_CHAR_TYPE_L,Y,N,,N,471,2026-01-30 02:21:33,populated,stale
CI_CHAR_VAL,Y,N,,N,394,2026-01-09 02:12:34,populated,stale
CI_CHAR_VAL_L,Y,N,,N,394,2026-01-09 02:12:38,populated,stale
CI_CHG_LOG,Y,N,,N,494400,2026-01-07 21:29:50,populated,stale
CI_CHTY_ADJTY,Y,N,,N,4,2026-01-09 02:12:17,populated,stale
CI_CHTY_CASETY,Y,N,,N,13,2026-01-07 21:29:50,populated,stale
CI_CHTY_CCTY,Y,N,,N,2,2026-02-27 02:15:23,populated,stale
CI_CHTY_COPTY,Y,N,,N,0,2026-01-07 21:29:51,empty,stale
CI_CHTY_COP_ETY,Y,N,,N,0,2026-01-07 21:29:51,empty,stale
CI_CHTY_DV_TTYP,Y,N,,N,0,2026-01-07 21:29:51,empty,stale
CI_CHTY_FATY,Y,N,,N,0,2026-01-07 21:29:51,empty,stale
CI_CHTY_ITTY,Y,N,,N,0,2026-01-07 21:29:51,empty,stale
CI_CHTY_MTTY,Y,N,,N,0,2026-01-07 21:29:51,empty,stale
CI_CHTY_SCMTY,Y,N,,N,0,2026-01-07 21:29:51,empty,stale
CI_CHTY_SPTY,Y,N,,N,25,2026-02-12 02:14:25,populated,stale
CI_CHTY_TDTY,Y,N,,N,6,2026-01-23 02:18:51,populated,stale
CI_CHTY_TOSTY,Y,N,,N,0,2026-01-07 21:29:51,empty,stale
CI_CHTY_UATY,Y,N,,N,0,2026-01-07 21:29:51,empty,stale
CI_CIS_DIVISION,Y,N,,N,1,2026-01-09 02:12:18,populated,stale
CI_CIS_DIVISION_L,Y,N,,N,1,2026-01-09 02:12:22,populated,stale
CI_CIS_DIV_CHAR,Y,N,,N,3,2026-01-09 02:12:26,populated,stale
CI_CNV_DUP_KEY,Y,N,,N,0,2026-01-07 21:29:51,empty,stale
CI_CNV_KEY_TMP,Y,N,,N,0,2026-01-07 21:29:51,empty,stale
CI_COLL_AGY,Y,N,,N,1,2026-02-27 02:15:23,populated,stale
CI_COLL_AGY_HIS,Y,N,,N,3786,2026-02-27 02:15:25,populated,stale
CI_COLL_AGY_L,Y,N,,N,1,2026-02-17 02:19:57,populated,stale
CI_COLL_AGY_REF,Y,N,,N,2558,2026-02-17 02:19:57,populated,stale
CI_COLL_AGY_REF_K,Y,N,,N,2558,2026-01-07 21:29:51,populated,stale
CI_COLL_CL,Y,N,,N,6,2026-02-27 02:15:24,populated,stale
CI_COLL_CL_CNTL,Y,N,,N,6,2026-01-09 02:12:13,populated,stale
CI_COLL_CL_CNTL_L,Y,N,,N,6,2026-01-09 02:12:20,populated,stale
CI_COLL_CL_L,Y,N,,N,6,2026-01-21 02:21:37,populated,stale
CI_COLL_CRIT,Y,N,,N,10,2026-01-09 02:12:18,populated,stale
CI_COLL_CRIT_CT,Y,N,,N,10,2026-01-28 02:15:05,populated,stale
CI_COLL_EVT,Y,N,,N,176115,2026-02-27 02:13:17,populated,stale
CI_COLL_EVT_1031,Y,N,,N,19647,2026-01-07 21:29:52,populated,stale
CI_COLL_EVT_CC,Y,N,,N,40428,2026-02-27 02:13:55,populated,stale
CI_COLL_EVT_CC_1031,Y,N,,N,28,2026-01-07 21:29:52,populated,stale
CI_COLL_EVT_TYP,Y,N,,N,11,2026-01-09 02:12:19,populated,stale
CI_COLL_EVT_TYP_L,Y,N,,N,11,2026-01-09 02:12:21,populated,stale
CI_COLL_PROC,Y,Y,debt_mgmt,N,44440,2026-02-27 02:13:29,populated,stale
CI_COLL_PROC_1031,Y,N,,N,6550,2026-01-07 21:29:52,populated,stale
CI_COLL_PROC_K,Y,N,,N,44440,2026-02-27 02:13:49,populated,stale
CI_COLL_PROC_K_1031,Y,N,,N,6550,2026-01-07 21:29:52,populated,stale
CI_COLL_PROC_SA,Y,N,,N,162301,2026-02-27 02:14:14,populated,stale
CI_COLL_PROC_SA_1031,Y,N,,N,21803,2026-01-07 21:29:53,populated,stale
CI_COLL_PROC_TM,Y,N,,N,5,2026-01-09 02:12:15,populated,stale
CI_COLL_PROC_TM_L,Y,N,,N,5,2026-01-09 02:12:25,populated,stale
CI_COLL_RESP,Y,N,,N,12,2026-02-27 02:15:24,populated,stale
CI_COL_REF,Y,N,,N,0,2026-01-07 21:29:53,empty,stale
CI_COL_REF_ALG,Y,N,,N,0,2026-01-07 21:29:53,empty,stale
CI_COL_REF_L,Y,N,,N,0,2026-01-07 21:29:53,empty,stale
CI_CONSV_PROG,Y,N,,N,0,2026-01-07 21:29:53,empty,stale
CI_CONSV_PROG_CHAR,Y,N,,N,0,2026-01-07 21:29:53,empty,stale
CI_CONSV_PROG_L,Y,N,,N,0,2026-01-07 21:29:53,empty,stale
CI_CONT_QTY_TMP,Y,N,,N,0,2026-01-07 21:29:53,empty,stale
CI_CONT_QTY_TYP,Y,N,,N,1,2026-01-23 02:18:52,populated,stale
CI_CONT_QTY_TYP_L,Y,N,,N,1,2026-01-23 02:18:50,populated,stale
CI_COP,Y,N,,N,0,2026-01-07 21:29:53,empty,stale
CI_COP_CHAR,Y,N,,N,0,2026-01-07 21:29:53,empty,stale
CI_COP_EVT,Y,N,,N,0,2026-01-07 21:29:53,empty,stale
CI_COP_EVT_CHAR,Y,N,,N,0,2026-01-07 21:29:53,empty,stale
CI_COP_EVT_EXC,Y,N,,N,0,2026-01-07 21:29:53,empty,stale
CI_COP_EVT_EXP,Y,N,,N,0,2026-01-07 21:29:53,empty,stale
CI_COP_EVT_K,Y,N,,N,0,2026-01-07 21:29:53,empty,stale
CI_COP_EVT_TYPE,Y,N,,N,0,2026-01-07 21:29:53,empty,stale
CI_COP_EVT_TYPE_L,Y,N,,N,0,2026-01-07 21:29:53,empty,stale
CI_COP_K,Y,N,,N,0,2026-01-07 21:29:53,empty,stale
CI_COP_L,Y,N,,N,0,2026-01-07 21:29:53,empty,stale
CI_COP_TYPE,Y,N,,N,0,2026-01-07 21:29:53,empty,stale
CI_COP_TYPE_ALG,Y,N,,N,0,2026-01-07 21:29:53,empty,stale
CI_COP_TYPE_L,Y,N,,N,0,2026-01-07 21:29:53,empty,stale
CI_COUNTRY,Y,N,,N,8,2026-01-09 02:12:30,populated,stale
CI_COUNTRY_L,Y,N,,N,8,2026-01-09 02:12:26,populated,stale
CI_CR_RAT_HIST,Y,N,,N,17884,2026-01-16 02:06:01,populated,stale
CI_CR_RAT_HIST_K,Y,N,,N,17884,2026-01-07 21:29:54,populated,stale
CI_CR_UNIT,Y,N,,N,0,2026-01-07 21:29:54,empty,stale
CI_CR_UNIT_L,Y,N,,N,0,2026-01-07 21:29:54,empty,stale
CI_CURRENCY_CD,Y,N,,N,1,2026-01-09 02:12:13,populated,stale
CI_CURRENCY_CD_L,Y,N,,N,1,2026-01-09 02:12:14,populated,stale
CI_CUST_CL,Y,N,,N,5,2026-01-09 02:12:14,populated,stale
CI_CUST_CL_CTRL,Y,N,,N,5,2026-02-27 02:15:23,populated,stale
CI_CUST_CL_L,Y,N,,N,5,2026-01-09 02:12:18,populated,stale
CI_CUST_CL_MSG,Y,N,,N,2,2026-01-09 02:12:18,populated,stale
CI_CUT_EVT,Y,N,,N,0,2026-01-07 21:29:54,empty,stale
CI_CUT_EVT_DEP,Y,N,,N,0,2026-01-07 21:29:54,empty,stale
CI_CUT_EVT_TYPE,Y,N,,N,0,2026-01-07 21:29:54,empty,stale
CI_CUT_EVT_TYPE_L,Y,N,,N,0,2026-01-07 21:29:54,empty,stale
CI_CUT_EVT_TYP_ALG,Y,N,,N,0,2026-01-07 21:29:54,empty,stale
CI_CUT_PROC,Y,N,,N,0,2026-01-07 21:29:54,empty,stale
CI_CUT_PROC_K,Y,N,,N,0,2026-01-07 21:29:54,empty,stale
CI_CUT_PROC_TMP,Y,N,,N,0,2026-01-07 21:29:54,empty,stale
CI_CUT_PROC_TMP_L,Y,N,,N,0,2026-01-07 21:29:54,empty,stale
CI_CUT_PROC_TM_ALG,Y,N,,N,0,2026-01-07 21:29:54,empty,stale
CI_CUT_RESP,Y,N,,N,0,2026-01-07 21:29:54,empty,stale
CI_CUT_RESP_DEP,Y,N,,N,0,2026-01-07 21:29:54,empty,stale
CI_CVAL_TMPL,Y,N,,N,0,2026-01-07 21:29:54,empty,stale
CI_CVAL_TOU_TMP,Y,N,,N,0,2026-01-07 21:29:54,empty,stale
CI_DAR,Y,N,,N,1,2026-02-21 22:15:07,populated,stale
CI_DAR_L,Y,N,,N,1,2026-01-17 22:11:34,populated,stale
CI_DAR_USR,Y,N,,N,134,2026-01-09 02:12:19,populated,stale
CI_DATA_DIFF,Y,N,,N,0,2026-01-07 21:29:55,empty,stale
CI_DATA_DIFF_PK,Y,N,,N,0,2026-01-07 21:29:55,empty,stale
CI_DB_INSTR,Y,N,,N,0,2026-01-07 21:29:55,empty,stale
CI_DB_INSTR_ALG,Y,N,,N,0,2026-01-07 21:29:55,empty,stale
CI_DB_INSTR_L,Y,N,,N,0,2026-01-07 21:29:55,empty,stale
CI_DB_INST_OVRD,Y,N,,N,0,2026-01-07 21:29:55,empty,stale
CI_DB_PROC,Y,N,,N,0,2026-01-07 21:29:55,empty,stale
CI_DB_PROC_L,Y,N,,N,0,2026-01-07 21:29:55,empty,stale
CI_DCL,Y,N,,N,0,2026-01-07 21:29:55,empty,stale
CI_DCL_K,Y,N,,N,0,2026-01-07 21:29:55,empty,stale
CI_DC_ALG,Y,N,,N,9,2026-01-09 02:12:20,populated,stale
CI_DEBT_CL,Y,N,,N,5,2026-02-27 02:15:23,populated,stale
CI_DEBT_CL_L,Y,N,,N,5,2026-01-09 02:12:31,populated,stale
CI_DEG_DAY,Y,N,,N,0,2026-01-07 21:29:55,empty,stale
CI_DEP_CL,Y,N,,N,2,2026-01-16 02:05:26,populated,stale
CI_DEP_CL_L,Y,N,,N,2,2026-01-16 02:05:28,populated,stale
CI_DEP_CTL,Y,Y,cashiering,N,2239,2026-01-17 22:11:35,populated,stale
CI_DEP_CTL_CHAR,Y,N,,N,0,2026-01-07 21:29:55,empty,stale
CI_DEP_CTL_K,Y,N,,N,2239,2026-01-07 21:29:55,populated,stale
CI_DEP_CTL_ST,Y,N,,N,48,2026-01-07 21:29:55,populated,stale
CI_DEP_RVW,Y,N,,N,0,2026-01-07 21:29:55,empty,stale
CI_DG_APP_SCHED,Y,N,,N,0,2026-01-07 21:29:55,empty,stale
CI_DG_APP_SCHED_K,Y,N,,N,0,2026-01-07 21:29:55,empty,stale
CI_DISCON_LOC,Y,N,,N,2,2026-01-07 21:29:55,populated,stale
CI_DISCON_LOC_L,Y,N,,N,2,2026-02-17 02:19:57,populated,stale
CI_DISP_GRP,Y,N,,N,0,2026-01-07 21:29:55,empty,stale
CI_DISP_GRP_ALG,Y,N,,N,0,2026-01-07 21:29:55,empty,stale
CI_DISP_GRP_L,Y,N,,N,0,2026-01-07 21:29:56,empty,stale
CI_DISP_GRP_REP,Y,N,,N,0,2026-01-07 21:29:56,empty,stale
CI_DISP_ICON,Y,N,,N,225,2026-01-09 02:12:21,populated,stale
CI_DISP_ICON_L,Y,N,,N,225,2026-01-27 02:21:53,populated,stale
CI_DISP_PROF,Y,N,,N,3,2026-01-09 02:12:16,populated,stale
CI_DISP_PROF_L,Y,N,,N,3,2026-01-16 02:05:29,populated,stale
CI_DIV_TD_ROLE,Y,N,,N,0,2026-01-07 21:29:56,empty,stale
CI_DST_CD_CHAR,Y,N,,N,338,2026-02-18 02:13:50,populated,stale
CI_DST_CODE,Y,N,,N,183,2026-01-09 02:12:39,populated,stale
CI_DST_CODE_EFF,Y,N,,N,183,2026-01-23 02:18:51,populated,stale
CI_DST_CODE_L,Y,N,,N,183,2026-01-31 22:17:16,populated,stale
CI_DST_RULE,Y,N,,N,0,2026-01-07 21:29:56,empty,stale
CI_DST_RULE_ALG,Y,N,,N,0,2026-01-07 21:29:56,empty,stale
CI_DST_RULE_L,Y,N,,N,0,2026-01-07 21:29:56,empty,stale
CI_DV_TEST,Y,N,,N,0,2026-01-07 21:29:56,empty,stale
CI_DV_TEST_CHAR,Y,N,,N,0,2026-01-07 21:29:56,empty,stale
CI_DV_TEST_COMP,Y,N,,N,0,2026-01-07 21:29:56,empty,stale
CI_DV_TEST_EXCP,Y,N,,N,0,2026-01-07 21:29:56,empty,stale
CI_DV_TEST_K,Y,N,,N,0,2026-01-07 21:29:56,empty,stale
CI_DV_TEST_RES,Y,N,,N,0,2026-01-07 21:29:56,empty,stale
CI_DV_TEST_SEL,Y,N,,N,0,2026-01-07 21:29:56,empty,stale
CI_DV_TEST_SEL_K,Y,N,,N,0,2026-01-07 21:29:56,empty,stale
CI_DV_TEST_TYPE,Y,N,,N,0,2026-01-07 21:29:56,empty,stale
CI_DV_TEST_TYPE_L,Y,N,,N,0,2026-01-07 21:29:56,empty,stale
CI_DV_TTYP_CHAR,Y,N,,N,0,2026-01-07 21:29:56,empty,stale
CI_DV_TTYP_COMP,Y,N,,N,0,2026-01-07 21:29:57,empty,stale
CI_DV_TTYP_ITEM,Y,N,,N,0,2026-01-07 21:29:57,empty,stale
CI_DV_TTYP_MTR,Y,N,,N,0,2026-01-07 21:29:57,empty,stale
CI_ENRL,Y,N,,N,0,2026-01-07 21:29:57,empty,stale
CI_ENRL_ADDR,Y,N,,N,0,2026-01-07 21:29:57,empty,stale
CI_ENRL_CAN_RSN,Y,N,,N,1,2026-01-07 21:29:57,populated,stale
CI_ENRL_CAN_RSN_L,Y,N,,N,1,2026-01-07 21:29:57,populated,stale
CI_ENRL_CBK_RSN,Y,N,,N,0,2026-01-07 21:29:57,empty,stale
CI_ENRL_CBK_RSN_L,Y,N,,N,0,2026-01-07 21:29:57,empty,stale
CI_ENRL_FLD,Y,N,,N,0,2026-01-07 21:29:57,empty,stale
CI_ENRL_K,Y,N,,N,0,2026-01-07 21:29:57,empty,stale
CI_ENRL_LOG,Y,N,,N,0,2026-01-07 21:29:57,empty,stale
CI_ENRL_PER_ID,Y,N,,N,0,2026-01-07 21:29:57,empty,stale
CI_ENRL_PER_NM,Y,N,,N,0,2026-01-07 21:29:57,empty,stale
CI_ENRL_PER_PHN,Y,N,,N,0,2026-01-07 21:29:57,empty,stale
CI_ENV_REF,Y,N,,N,0,2026-01-07 21:29:57,empty,stale
CI_ENV_REF_L,Y,N,,N,0,2026-01-07 21:29:57,empty,stale
CI_FA,Y,N,,N,64777,2026-01-16 02:06:39,populated,stale
CI_FAC_LVL_1,Y,N,,N,0,2026-01-07 21:29:58,empty,stale
CI_FAC_LVL_1_2,Y,N,,N,0,2026-01-07 21:29:58,empty,stale
CI_FAC_LVL_1_L,Y,N,,N,0,2026-01-07 21:29:58,empty,stale
CI_FAC_LVL_2,Y,N,,N,0,2026-01-07 21:29:58,empty,stale
CI_FAC_LVL_2_3,Y,N,,N,0,2026-01-07 21:29:58,empty,stale
CI_FAC_LVL_2_L,Y,N,,N,0,2026-01-07 21:29:58,empty,stale
CI_FAC_LVL_3,Y,N,,N,0,2026-01-07 21:29:58,empty,stale
CI_FAC_LVL_3_L,Y,N,,N,0,2026-01-07 21:29:58,empty,stale
CI_FAC_LVL_NAME,Y,N,,N,0,2026-01-07 21:29:58,empty,stale
CI_FAC_LVL_NAME_L,Y,N,,N,0,2026-01-07 21:29:58,empty,stale
CI_FAPR_FATY,Y,N,,N,6,2026-01-07 21:29:58,populated,stale
CI_FAPR_TMPL,Y,N,,N,6,2026-01-16 02:05:31,populated,stale
CI_FA_CAN_RSN,Y,N,,N,4,2026-01-16 02:05:25,populated,stale
CI_FA_CAN_RSN_L,Y,N,,N,4,2026-02-28 22:20:29,populated,stale
CI_FA_CHAR,Y,N,,N,0,2026-01-07 21:29:58,empty,stale
CI_FA_CMPL_CTRL,Y,N,,N,0,2026-01-07 21:29:58,empty,stale
CI_FA_K,Y,N,,N,64765,2026-01-07 21:29:58,populated,stale
CI_FA_LOG,Y,N,,N,0,2026-01-07 21:29:58,empty,stale
CI_FA_REM,Y,N,,N,0,2026-01-07 21:29:58,empty,stale
CI_FA_REM_ALG,Y,N,,N,0,2026-01-07 21:29:58,empty,stale
CI_FA_REM_CD,Y,N,,N,0,2026-01-07 21:29:58,empty,stale
CI_FA_REM_CD_L,Y,N,,N,0,2026-01-07 21:29:58,empty,stale
CI_FA_REM_EXC,Y,N,,N,0,2026-01-07 21:29:58,empty,stale
CI_FA_REM_EXP,Y,N,,N,0,2026-01-07 21:29:58,empty,stale
CI_FA_RESCHED_RSN,Y,N,,N,0,2026-01-07 21:29:58,empty,stale
CI_FA_RESCHED_RSN_L,Y,N,,N,0,2026-01-07 21:29:58,empty,stale
CI_FA_STAGE_UP,Y,N,,N,0,2026-01-07 21:29:58,empty,stale
CI_FA_STEP,Y,N,,N,0,2026-01-07 21:29:58,empty,stale
CI_FA_STEP_TYPE,Y,N,,N,0,2026-01-07 21:29:59,empty,stale
CI_FA_STEP_TYPE_L,Y,N,,N,0,2026-01-07 21:29:59,empty,stale
CI_FA_STGUP_CHAR,Y,N,,N,0,2026-01-07 21:29:59,empty,stale
CI_FA_STGUP_EXC,Y,N,,N,0,2026-01-07 21:29:59,empty,stale
CI_FA_STGUP_REM,Y,N,,N,0,2026-01-07 21:29:59,empty,stale
CI_FA_STP_STGUP,Y,N,,N,0,2026-01-07 21:29:59,empty,stale
CI_FA_TYPE,Y,N,,N,6,2026-01-16 02:05:26,populated,stale
CI_FA_TYPE_CHAR,Y,N,,N,0,2026-01-07 21:29:59,empty,stale
CI_FA_TYPE_L,Y,N,,N,6,2026-01-09 02:12:14,populated,stale
CI_FA_TYPE_PROF,Y,N,,N,1,2026-02-13 02:16:58,populated,stale
CI_FA_TYPE_PROF_L,Y,N,,N,1,2026-02-13 02:16:57,populated,stale
CI_FK_REF,Y,N,,N,1007,2026-01-24 22:15:07,populated,stale
CI_FK_REF_L,Y,N,,N,1007,2026-01-09 02:12:40,populated,stale
CI_FO,Y,N,,N,0,2026-01-07 21:29:59,empty,stale
CI_FO_K,Y,N,,N,0,2026-01-07 21:29:59,empty,stale
CI_FO_STG_DWN,Y,N,,N,0,2026-01-07 21:29:59,empty,stale
CI_FREQ,Y,N,,N,6,2026-01-09 02:12:21,populated,stale
CI_FREQ_L,Y,N,,N,6,2026-01-09 02:12:26,populated,stale
CI_FS_CL,Y,N,,N,0,2026-01-07 21:29:59,empty,stale
CI_FS_CL_DFLT,Y,N,,N,0,2026-01-07 21:29:59,empty,stale
CI_FS_CL_L,Y,N,,N,0,2026-01-07 21:29:59,empty,stale
CI_FS_CTRL,Y,N,,N,0,2026-01-07 21:29:59,empty,stale
CI_FS_DGRP,Y,N,,N,0,2026-01-07 21:29:59,empty,stale
CI_FS_OP_AREA,Y,N,,N,0,2026-01-07 21:29:59,empty,stale
CI_FT,Y,Y,billing|debt_mgmt|finance,Y,4854740,2026-02-20 02:21:40,populated,stale
CI_FT_GL,Y,Y,finance,Y,4953885,2026-02-20 02:21:03,populated,stale
CI_FT_K,Y,N,,N,4850471,2026-01-07 21:30:07,populated,stale
CI_FT_PROC,Y,Y,finance,Y,2316563,2026-01-23 02:20:21,populated,stale
CI_FUNC,Y,N,,N,0,2026-01-07 21:30:09,empty,stale
CI_FUNC_FLD,Y,N,,N,0,2026-01-07 21:30:09,empty,stale
CI_FUNC_FLD_L,Y,N,,N,0,2026-01-07 21:30:09,empty,stale
CI_FUNC_L,Y,N,,N,0,2026-01-07 21:30:09,empty,stale
CI_FUND,Y,N,,N,0,2026-01-07 21:30:09,empty,stale
CI_FUND_L,Y,N,,N,0,2026-01-07 21:30:09,empty,stale
CI_GEO_DFLT_SVC,Y,N,,N,0,2026-01-07 21:30:09,empty,stale
CI_GEO_TYPE,Y,N,,N,2,2026-01-09 02:12:17,populated,stale
CI_GEO_TYPE_L,Y,N,,N,2,2026-01-09 02:12:23,populated,stale
CI_GEO_TYP_DFLT,Y,N,,N,0,2026-01-07 21:30:10,empty,stale
CI_GL_DIVISION,Y,N,,N,1,2026-01-09 02:12:14,populated,stale
CI_GL_DIVISION_L,Y,N,,N,1,2026-01-23 02:18:52,populated,stale
CI_HI_LO_FACTOR,Y,N,,N,0,2026-01-07 21:30:10,empty,stale
CI_ID_TYPE,Y,N,,N,9,2026-01-16 02:05:28,populated,stale
CI_ID_TYPE_L,Y,N,,N,9,2026-01-16 02:05:29,populated,stale
CI_INSTALL_ALG,Y,N,,N,90,2026-01-09 02:12:17,populated,stale
CI_INSTALL_MSG,Y,N,,N,4,2026-01-09 02:12:19,populated,stale
CI_INSTALL_MSG_L,Y,N,,N,4,2026-01-09 02:12:15,populated,stale
CI_INSTALL_PROD,Y,N,,N,6,2026-01-09 02:12:13,populated,stale
CI_INTV_DATA,Y,N,,N,0,2026-01-07 21:30:10,empty,stale
CI_INTV_DATA_SET,Y,N,,N,0,2026-01-07 21:30:10,empty,stale
CI_INTV_DATA_SET_K,Y,N,,N,0,2026-01-07 21:30:10,empty,stale
CI_INTV_DS_EXC,Y,N,,N,0,2026-01-07 21:30:11,empty,stale
CI_INTV_PF,Y,N,,N,0,2026-01-07 21:30:11,empty,stale
CI_INTV_PFRELTY,Y,N,,N,0,2026-01-07 21:30:11,empty,stale
CI_INTV_PFRELTY_L,Y,N,,N,0,2026-01-07 21:30:11,empty,stale
CI_INTV_PF_ALG,Y,N,,N,0,2026-01-07 21:30:11,empty,stale
CI_INTV_PF_K,Y,N,,N,0,2026-01-07 21:30:11,empty,stale
CI_INTV_PF_L,Y,N,,N,0,2026-01-07 21:30:11,empty,stale
CI_INTV_PF_TYP,Y,N,,N,0,2026-01-07 21:30:11,empty,stale
CI_INTV_PF_TYP_L,Y,N,,N,0,2026-01-07 21:30:11,empty,stale
CI_INTV_REG_ALG,Y,N,,N,0,2026-01-07 21:30:11,empty,stale
CI_INTV_REG_TYP,Y,N,,N,0,2026-01-07 21:30:11,empty,stale
CI_INTV_REG_TYP_L,Y,N,,N,0,2026-01-07 21:30:11,empty,stale
CI_INTV_VAL,Y,N,,N,0,2026-01-07 21:30:11,empty,stale
CI_INTV_VAL_SET,Y,N,,N,0,2026-01-07 21:30:11,empty,stale
CI_INTV_VAL_SET_K,Y,N,,N,0,2026-01-07 21:30:11,empty,stale
CI_ITEM,Y,N,,N,0,2026-01-07 21:30:11,empty,stale
CI_ITEM_CHAR,Y,N,,N,0,2026-01-07 21:30:11,empty,stale
CI_ITEM_EQ,Y,N,,N,0,2026-01-07 21:30:11,empty,stale
CI_ITEM_K,Y,N,,N,0,2026-01-07 21:30:11,empty,stale
CI_ITEM_LOC_HIS,Y,N,,N,0,2026-01-07 21:30:11,empty,stale
CI_ITEM_LOC_HIS_K,Y,N,,N,0,2026-01-07 21:30:11,empty,stale
CI_ITEM_SQ_EST,Y,N,,N,0,2026-01-07 21:30:11,empty,stale
CI_ITEM_STK_LOC,Y,N,,N,0,2026-01-07 21:30:11,empty,stale
CI_ITEM_TYPE,Y,N,,N,4,2026-01-07 21:30:11,populated,stale
CI_ITEM_TYPE_EQ,Y,N,,N,0,2026-01-07 21:30:11,empty,stale
CI_ITEM_TYPE_L,Y,N,,N,4,2026-01-07 21:30:12,populated,stale
CI_ITEM_TYP_CHA,Y,N,,N,0,2026-01-07 21:30:12,empty,stale
CI_LANDLORD,Y,Y,customer_ops,Y,2802,2026-02-14 22:23:50,populated,stale
CI_LANDLORD_K,Y,N,,N,2802,2026-01-07 21:30:12,populated,stale
CI_LANGUAGE,Y,N,,N,1,2026-01-09 02:12:26,populated,stale
CI_LETTER_TMPL,Y,N,,N,29,2026-02-27 02:15:24,populated,stale
CI_LETTER_TMPL_L,Y,N,,N,29,2026-01-31 22:17:15,populated,stale
CI_LL_DETAIL,Y,N,,N,16921,2026-02-17 02:19:58,populated,stale
CI_LOOKUP_FIELD,Y,N,,N,2653,2026-01-09 02:12:44,populated,stale
CI_LOOKUP_VAL,Y,Y,common,N,10907,2026-01-21 02:21:38,populated,stale
CI_LOOKUP_VAL_L,Y,N,,N,10907,2026-01-09 02:13:04,populated,stale
CI_MATCH_EVT,Y,N,,N,0,2026-01-07 21:30:12,empty,stale
CI_MATCH_EVT_K,Y,N,,N,0,2026-01-07 21:30:12,empty,stale
CI_MATCH_TYPE,Y,N,,N,0,2026-01-07 21:30:13,empty,stale
CI_MATCH_TYPE_L,Y,N,,N,0,2026-01-07 21:30:13,empty,stale
CI_MD_ATT_TY,Y,N,,N,107,2026-01-07 21:30:13,populated,stale
CI_MD_AT_DTL,Y,N,,N,106,2026-01-07 21:30:13,populated,stale
CI_MD_AT_DTL_L,Y,N,,N,106,2026-01-07 21:30:13,populated,stale
CI_MD_CONST,Y,N,,N,11965,2026-01-09 02:13:17,populated,stale
CI_MD_CONST_FLD,Y,N,,N,17314,2026-01-09 02:13:16,populated,stale
CI_MD_CTL,Y,N,,N,20,2026-01-07 21:30:13,populated,stale
CI_MD_CTL_L,Y,N,,N,20,2026-01-07 21:30:13,populated,stale
CI_MD_CTL_TMPL,Y,N,,N,225,2026-01-07 21:30:14,populated,stale
CI_MD_ELTY,Y,N,,N,34,2026-01-07 21:30:14,populated,stale
CI_MD_ELTY_AT,Y,N,,N,489,2026-01-07 21:30:14,populated,stale
CI_MD_ELTY_L,Y,N,,N,34,2026-01-07 21:30:14,populated,stale
CI_MD_FLD,Y,N,,N,36646,2026-01-24 22:15:10,populated,stale
CI_MD_FLD_L,Y,N,,N,36644,2026-01-09 02:13:44,populated,stale
CI_MD_IDX,Y,N,,N,0,2026-01-07 21:30:15,empty,stale
CI_MD_IDX_FLD,Y,N,,N,0,2026-01-07 21:30:15,empty,stale
CI_MD_LOOKUP_F,Y,N,,N,12,2026-01-07 21:30:15,populated,stale
CI_MD_MENU,Y,N,,N,903,2026-01-09 02:12:41,populated,stale
CI_MD_MENU_IMOD,Y,N,,N,1397,2026-01-09 02:12:40,populated,stale
CI_MD_MENU_ITEM,Y,N,,N,2867,2026-01-09 02:13:02,populated,stale
CI_MD_MENU_ITEM_L,Y,N,,N,2867,2026-01-09 02:12:43,populated,stale
CI_MD_MENU_L,Y,N,,N,903,2026-01-09 02:12:40,populated,stale
CI_MD_MENU_LINE,Y,N,,N,2138,2026-01-09 02:12:45,populated,stale
CI_MD_MENU_LINE_L,Y,N,,N,2138,2026-01-09 02:12:42,populated,stale
CI_MD_MENU_MOD,Y,N,,N,0,2026-01-07 21:30:16,empty,stale
CI_MD_MO,Y,N,,N,744,2026-01-09 02:12:42,populated,stale
CI_MD_MO_ALG,Y,N,,N,558,2026-01-16 02:05:31,populated,stale
CI_MD_MO_L,Y,N,,N,744,2026-01-09 02:12:39,populated,stale
CI_MD_MO_OPT,Y,N,,N,6572,2026-01-09 02:12:48,populated,stale
CI_MD_MO_TBL,Y,N,,N,3076,2026-01-15 02:21:37,populated,stale
CI_MD_MO_WRK,Y,N,,N,0,2026-01-07 21:30:16,empty,stale
CI_MD_MSG,Y,N,,N,51,2026-01-07 21:30:16,populated,stale
CI_MD_MSG_L,Y,N,,N,51,2026-01-07 21:30:16,populated,stale
CI_MD_NAV,Y,N,,N,6957,2026-01-09 02:13:09,populated,stale
CI_MD_PDF,Y,N,,N,18,2026-01-07 21:30:16,populated,stale
CI_MD_PDF_VAL,Y,N,,N,58,2026-01-07 21:30:16,populated,stale
CI_MD_PRG_COM,Y,N,,N,12068,2026-01-09 02:13:19,populated,stale
CI_MD_PRG_ELEM,Y,N,,N,32679,2026-01-24 22:15:13,populated,stale
CI_MD_PRG_EL_AT,Y,N,,N,17439,2026-01-07 21:30:17,populated,stale
CI_MD_PRG_LOC,Y,N,,N,648,2026-01-09 02:12:37,populated,stale
CI_MD_PRG_MOD,Y,N,,N,396,2026-01-07 21:30:17,populated,stale
CI_MD_PRG_SEC,Y,N,,N,6134,2026-01-09 02:13:03,populated,stale
CI_MD_PRG_SQL,Y,N,,N,17868,2026-01-07 21:30:17,populated,stale
CI_MD_PRG_TAB,Y,N,,N,1859,2026-01-24 22:15:06,populated,stale
CI_MD_PRG_VAR,Y,N,,N,75574,2026-01-24 22:15:09,populated,stale
CI_MD_RPT,Y,N,,N,30,2026-01-07 21:30:19,populated,stale
CI_MD_RPT_L,Y,N,,N,30,2026-01-07 21:30:19,populated,stale
CI_MD_RPT_LBL,Y,N,,N,442,2026-01-24 22:15:05,populated,stale
CI_MD_RPT_PARM,Y,N,,N,71,2026-01-07 21:30:19,populated,stale
CI_MD_RPT_PARM_L,Y,N,,N,71,2026-01-07 21:30:19,populated,stale
CI_MD_SO,Y,N,,N,14,2026-01-09 02:12:13,populated,stale
CI_MD_SOCG,Y,N,,N,36,2026-01-09 02:12:18,populated,stale
CI_MD_SOCG_FLD,Y,N,,N,60,2026-01-07 21:30:19,populated,stale
CI_MD_SOCG_FLDAT,Y,N,,N,12,2026-01-07 21:30:19,populated,stale
CI_MD_SOCG_L,Y,N,,N,36,2026-01-09 02:12:19,populated,stale
CI_MD_SOCG_SORT,Y,N,,N,20,2026-01-07 21:30:19,populated,stale
CI_MD_SO_L,Y,N,,N,14,2026-01-09 02:12:33,populated,stale
CI_MD_SO_RSFLD,Y,N,,N,79,2026-01-07 21:30:20,populated,stale
CI_MD_SO_RSFLDAT,Y,N,,N,8,2026-01-07 21:30:20,populated,stale
CI_MD_SRC_TYPE,Y,N,,N,8,2026-01-09 02:12:14,populated,stale
CI_MD_SRC_TYPE_L,Y,N,,N,8,2026-01-07 21:30:20,populated,stale
CI_MD_SVC,Y,N,,N,4090,2026-01-09 02:12:52,populated,stale
CI_MD_SVC_L,Y,N,,N,4080,2026-01-09 02:12:47,populated,stale
CI_MD_SVC_PRG,Y,N,,N,2851,2026-01-09 02:12:45,populated,stale
CI_MD_TAB_MOD,Y,N,,N,48,2026-01-09 02:12:14,populated,stale
CI_MD_TBL,Y,N,,N,3734,2026-01-23 02:18:55,populated,stale
CI_MD_TBL_ADDTL,Y,N,,N,710,2026-01-23 02:18:53,populated,stale
CI_MD_TBL_FLD,Y,N,,N,31906,2026-01-09 02:13:50,populated,stale
CI_MD_TBL_FLD_L,Y,N,,N,31906,2026-01-09 02:13:43,populated,stale
CI_MD_TBL_L,Y,N,,N,3735,2026-01-09 02:12:49,populated,stale
CI_MD_TMPL,Y,N,,N,61,2026-01-09 02:12:15,populated,stale
CI_MD_TMPL_ELTY,Y,N,,N,409,2026-01-07 21:30:21,populated,stale
CI_MD_TMPL_L,Y,N,,N,61,2026-01-07 21:30:21,populated,stale
CI_MD_TMPL_VAR,Y,N,,N,2492,2026-01-09 02:12:44,populated,stale
CI_MD_TMPL_VAR_L,Y,N,,N,2143,2026-01-07 21:30:21,populated,stale
CI_MD_TOOLREP_XML,Y,N,,N,0,2026-01-07 21:30:21,empty,stale
CI_MD_TOOL_REP,Y,N,,N,0,2026-01-07 21:30:21,empty,stale
CI_MD_VAR,Y,N,,N,563,2026-01-07 21:30:21,populated,stale
CI_MD_VAR_DTL,Y,N,,N,606,2026-01-07 21:30:21,populated,stale
CI_MD_VAR_DTL_L,Y,N,,N,606,2026-01-07 21:30:21,populated,stale
CI_MD_WRK_TBL,Y,N,,N,0,2026-01-07 21:30:21,empty,stale
CI_MD_WRK_TBLFLD,Y,N,,N,0,2026-01-07 21:30:21,empty,stale
CI_MD_WRK_TBL_L,Y,N,,N,0,2026-01-07 21:30:21,empty,stale
CI_MEVT_CAN_RSN,Y,N,,N,0,2026-01-07 21:30:21,empty,stale
CI_MEVT_CAN_RSN_L,Y,N,,N,0,2026-01-07 21:30:22,empty,stale
CI_MFG,Y,N,,N,0,2026-01-07 21:30:22,empty,stale
CI_MFG_L,Y,N,,N,0,2026-01-07 21:30:22,empty,stale
CI_MKTMSG_TYPE,Y,N,,N,0,2026-01-07 21:30:22,empty,stale
CI_MKTMSG_TYPE_ALG,Y,N,,N,0,2026-01-07 21:30:22,empty,stale
CI_MKTMSG_TYPE_CHAR,Y,N,,N,0,2026-01-07 21:30:22,empty,stale
CI_MKTMSG_TYPE_L,Y,N,,N,0,2026-01-07 21:30:22,empty,stale
CI_MODEL,Y,N,,N,0,2026-01-07 21:30:22,empty,stale
CI_MODEL_L,Y,N,,N,0,2026-01-07 21:30:22,empty,stale
CI_MPL_EXC,Y,N,,N,0,2026-01-07 21:30:22,empty,stale
CI_MR,Y,N,,N,0,2026-01-07 21:30:22,empty,stale
CI_MRR_STGE_UP,Y,N,,N,0,2026-01-07 21:30:22,empty,stale
CI_MR_CHAR,Y,N,,N,0,2026-01-07 21:30:22,empty,stale
CI_MR_CYC,Y,N,,N,0,2026-01-07 21:30:22,empty,stale
CI_MR_CYC_L,Y,N,,N,0,2026-01-07 21:30:22,empty,stale
CI_MR_INSTR,Y,N,,N,4,2026-02-12 02:14:26,populated,stale
CI_MR_INSTR_L,Y,N,,N,4,2026-01-10 22:18:28,populated,stale
CI_MR_K,Y,N,,N,0,2026-01-07 21:30:22,empty,stale
CI_MR_REM,Y,N,,N,0,2026-01-07 21:30:22,empty,stale
CI_MR_REM_ACTN,Y,N,,N,0,2026-01-07 21:30:22,empty,stale
CI_MR_REM_BMSG,Y,N,,N,0,2026-01-07 21:30:22,empty,stale
CI_MR_REM_EXCP,Y,N,,N,0,2026-01-07 21:30:22,empty,stale
CI_MR_RTE,Y,N,,N,0,2026-01-07 21:30:22,empty,stale
CI_MR_RTE_CHAR,Y,N,,N,0,2026-01-07 21:30:22,empty,stale
CI_MR_RTE_L,Y,N,,N,0,2026-01-07 21:30:22,empty,stale
CI_MR_RTE_SEC,Y,N,,N,0,2026-01-07 21:30:22,empty,stale
CI_MR_RTE_TYPE,Y,N,,N,0,2026-01-07 21:30:23,empty,stale
CI_MR_RTE_TYPE_L,Y,N,,N,0,2026-01-07 21:30:23,empty,stale
CI_MR_SCHED,Y,N,,N,0,2026-01-07 21:30:23,empty,stale
CI_MR_SCHED_RTE,Y,N,,N,0,2026-01-07 21:30:23,empty,stale
CI_MR_SOURCE,Y,N,,N,0,2026-01-07 21:30:23,empty,stale
CI_MR_SOURCE_L,Y,N,,N,0,2026-01-07 21:30:23,empty,stale
CI_MR_STAGE_DWN,Y,N,,N,0,2026-01-07 21:30:23,empty,stale
CI_MR_STAGE_UP,Y,N,,N,0,2026-01-07 21:30:23,empty,stale
CI_MR_STGUP_CHAR,Y,N,,N,0,2026-01-07 21:30:23,empty,stale
CI_MR_STGUP_EXC,Y,N,,N,0,2026-01-07 21:30:23,empty,stale
CI_MR_WARN,Y,N,,N,3,2026-02-12 02:14:25,populated,stale
CI_MR_WARN_L,Y,N,,N,3,2026-01-27 02:21:53,populated,stale
CI_MSG,Y,N,,N,21079,2026-02-04 02:18:27,populated,stale
CI_MSG_CATEGORY,Y,N,,N,127,2026-02-04 02:18:25,populated,stale
CI_MSG_CATEGORY_L,Y,N,,N,127,2026-02-04 02:18:25,populated,stale
CI_MSG_L,Y,N,,N,21079,2026-02-04 02:18:28,populated,stale
CI_MSG_LOG,Y,N,,N,1380240,2026-02-14 22:24:09,populated,stale
CI_MSG_LOGPARM,Y,N,,N,3405670,2026-01-09 02:19:40,populated,stale
CI_MSG_LOG_PK,Y,N,,N,0,2026-01-07 21:30:28,empty,stale
CI_MTR,Y,N,,N,0,2026-01-07 21:30:28,empty,stale
CI_MTR_CFGTY_RL,Y,N,,N,0,2026-01-07 21:30:29,empty,stale
CI_MTR_CHAR,Y,N,,N,0,2026-01-07 21:30:29,empty,stale
CI_MTR_CONFIG,Y,N,,N,0,2026-01-07 21:30:29,empty,stale
CI_MTR_CONFIG_K,Y,N,,N,0,2026-01-07 21:30:29,empty,stale
CI_MTR_CONFIG_TY,Y,N,,N,0,2026-01-07 21:30:29,empty,stale
CI_MTR_CONFIG_TY_L,Y,N,,N,0,2026-01-07 21:30:29,empty,stale
CI_MTR_EQ,Y,N,,N,0,2026-01-07 21:30:29,empty,stale
CI_MTR_ID,Y,N,,N,0,2026-01-07 21:30:29,empty,stale
CI_MTR_ID_TYPE,Y,N,,N,0,2026-01-07 21:30:29,empty,stale
CI_MTR_ID_TYPE_L,Y,N,,N,0,2026-01-07 21:30:30,empty,stale
CI_MTR_K,Y,N,,N,0,2026-01-07 21:30:30,empty,stale
CI_MTR_LOC,Y,N,,N,3,2026-01-07 21:30:30,populated,stale
CI_MTR_LOC_HIS,Y,N,,N,0,2026-01-07 21:30:30,empty,stale
CI_MTR_LOC_HIS_K,Y,N,,N,0,2026-01-07 21:30:30,empty,stale
CI_MTR_LOC_L,Y,N,,N,3,2026-01-07 21:30:30,populated,stale
CI_MTR_STK_LOC,Y,N,,N,0,2026-01-07 21:30:30,empty,stale
CI_MTR_TYPE,Y,N,,N,0,2026-01-07 21:30:30,empty,stale
CI_MTR_TYPE_EQ,Y,N,,N,0,2026-01-07 21:30:31,empty,stale
CI_MTR_TYPE_L,Y,N,,N,0,2026-01-07 21:30:31,empty,stale
CI_MTR_TYP_CHAR,Y,N,,N,0,2026-01-07 21:30:31,empty,stale
CI_MTR_TY_CFGTY,Y,N,,N,0,2026-01-07 21:30:31,empty,stale
CI_MULT_ITEM,Y,N,,N,0,2026-01-07 21:30:31,empty,stale
CI_NAV_OPT,Y,N,,N,3729,2026-01-16 02:05:55,populated,stale
CI_NAV_OPT_CTXT,Y,N,,N,2695,2026-01-16 02:05:36,populated,stale
CI_NAV_OPT_L,Y,N,,N,3729,2026-01-09 02:12:49,populated,stale
CI_NAV_OPT_USG,Y,N,,N,6452,2026-01-16 02:05:43,populated,stale
CI_NB_RULE,Y,N,,N,0,2026-01-07 21:30:31,empty,stale
CI_NB_RULE_L,Y,N,,N,0,2026-01-07 21:30:32,empty,stale
CI_NB_RULE_PARM,Y,N,,N,0,2026-01-07 21:30:32,empty,stale
CI_NB_RULE_VER,Y,N,,N,0,2026-01-07 21:30:32,empty,stale
CI_NB_SA,Y,N,,N,0,2026-01-07 21:30:32,empty,stale
CI_NB_SCHED_PAY,Y,N,,N,0,2026-01-07 21:30:32,empty,stale
CI_NB_SCHED_PAY_K,Y,N,,N,0,2026-01-07 21:30:32,empty,stale
CI_NCD,Y,N,,N,0,2026-01-07 21:30:32,empty,stale
CI_NCD_TYPE,Y,N,,N,5,2026-01-16 02:05:28,populated,stale
CI_NCD_TYPE_L,Y,N,,N,5,2026-01-16 02:05:30,populated,stale
CI_NT_DNTY_CTXT,Y,N,,N,0,2026-01-07 21:30:32,empty,stale
CI_NT_DWN,Y,N,,N,0,2026-01-07 21:30:33,empty,stale
CI_NT_DWN_CHAR,Y,N,,N,0,2026-01-07 21:30:33,empty,stale
CI_NT_DWN_CTXT,Y,N,,N,0,2026-01-07 21:30:33,empty,stale
CI_NT_DWN_EXC,Y,N,,N,0,2026-01-07 21:30:33,empty,stale
CI_NT_DWN_EXP,Y,N,,N,0,2026-01-07 21:30:33,empty,stale
CI_NT_DWN_FORM,Y,N,,N,0,2026-01-07 21:30:33,empty,stale
CI_NT_DWN_FORM_L,Y,N,,N,0,2026-01-07 21:30:33,empty,stale
CI_NT_DWN_K,Y,N,,N,0,2026-01-07 21:30:33,empty,stale
CI_NT_DWN_PROF,Y,N,,N,0,2026-01-07 21:30:33,empty,stale
CI_NT_DWN_PROF_L,Y,N,,N,0,2026-01-07 21:30:33,empty,stale
CI_NT_DWN_TYPE,Y,N,,N,0,2026-01-07 21:30:33,empty,stale
CI_NT_DWN_TYPE_L,Y,N,,N,0,2026-01-07 21:30:34,empty,stale
CI_NT_UP,Y,N,,N,0,2026-01-07 21:30:34,empty,stale
CI_NT_UP_CHAR,Y,N,,N,0,2026-01-07 21:30:34,empty,stale
CI_NT_UP_CTXT,Y,N,,N,0,2026-01-07 21:30:34,empty,stale
CI_NT_UP_EXCP,Y,N,,N,0,2026-01-07 21:30:34,empty,stale
CI_NT_UP_XSPL,Y,N,,N,0,2026-01-07 21:30:35,empty,stale
CI_NT_UP_XTYPE,Y,N,,N,0,2026-01-07 21:30:35,empty,stale
CI_NT_UP_XTYPE_L,Y,N,,N,0,2026-01-07 21:30:35,empty,stale
CI_NT_XID,Y,N,,N,7,2026-01-09 02:12:21,populated,stale
CI_NT_XID_L,Y,N,,N,7,2026-01-09 02:12:20,populated,stale
CI_OD_EVT,Y,N,,N,0,2026-01-07 21:30:35,empty,stale
CI_OD_EVT_DEP,Y,N,,N,0,2026-01-07 21:30:35,empty,stale
CI_OD_EVT_TYPE,Y,N,,N,0,2026-01-07 21:30:35,empty,stale
CI_OD_EVT_TYPE_ALG,Y,N,,N,0,2026-01-07 21:30:35,empty,stale
CI_OD_EVT_TYPE_L,Y,N,,N,0,2026-01-07 21:30:35,empty,stale
CI_OD_PROC,Y,N,,N,0,2026-01-07 21:30:35,empty,stale
CI_OD_PROC_K,Y,N,,N,0,2026-01-07 21:30:35,empty,stale
CI_OD_PROC_LOG,Y,N,,N,0,2026-01-07 21:30:36,empty,stale
CI_OD_PROC_LOGPARM,Y,N,,N,0,2026-01-07 21:30:36,empty,stale
CI_OD_PROC_OBJ,Y,N,,N,0,2026-01-07 21:30:36,empty,stale
CI_OD_PROC_TMP,Y,N,,N,0,2026-01-07 21:30:36,empty,stale
CI_OD_PROC_TMP_ALG,Y,N,,N,0,2026-01-07 21:30:36,empty,stale
CI_OD_PROC_TMP_L,Y,N,,N,0,2026-01-07 21:30:36,empty,stale
CI_OD_RESP,Y,N,,N,0,2026-01-07 21:30:36,empty,stale
CI_OD_RESP_DEP,Y,N,,N,0,2026-01-07 21:30:36,empty,stale
CI_OD_RULE_ALG,Y,N,,N,0,2026-01-07 21:30:36,empty,stale
CI_OEVT_CAN_RSN,Y,N,,N,0,2026-01-07 21:30:36,empty,stale
CI_OEVT_CAN_RSN_L,Y,N,,N,0,2026-01-07 21:30:36,empty,stale
CI_OP_AREA,Y,N,,N,0,2026-01-07 21:30:36,empty,stale
CI_OP_AREA_L,Y,N,,N,0,2026-01-07 21:30:36,empty,stale
CI_PAY,Y,N,,N,646327,2026-02-13 02:17:41,populated,stale
CI_PAY_CAN_RSN,Y,N,,N,14,2026-01-24 22:15:05,populated,stale
CI_PAY_CAN_RSN_L,Y,N,,N,14,2026-01-17 22:11:34,populated,stale
CI_PAY_CHAR,Y,N,,N,16276,2026-01-16 02:05:47,populated,stale
CI_PAY_EVENT,Y,Y,cashiering,N,645920,2026-02-16 02:16:13,populated,stale
CI_PAY_EVENT_K,Y,N,,N,645917,2026-01-07 21:30:38,populated,stale
CI_PAY_EVT_CHAR,Y,N,,N,0,2026-01-07 21:30:38,empty,stale
CI_PAY_EVT_EXCP,Y,N,,N,1,2026-02-24 02:12:04,populated,stale
CI_PAY_EXCP,Y,N,,N,0,2026-02-24 02:13:38,empty,stale
CI_PAY_K,Y,N,,N,646324,2026-01-07 21:30:39,populated,stale
CI_PAY_METH,Y,N,,N,3,2026-01-15 02:21:34,populated,stale
CI_PAY_METH_L,Y,N,,N,3,2026-01-13 02:15:05,populated,stale
CI_PAY_SEG,Y,Y,cashiering,Y,2108405,2026-01-16 02:09:23,populated,stale
CI_PAY_SEG_K,Y,N,,N,2108395,2026-01-07 21:30:42,populated,stale
CI_PAY_SEG_TYPE,Y,N,,N,2,2026-01-16 02:05:27,populated,stale
CI_PAY_SEG_TYPE_L,Y,N,,N,2,2026-01-16 02:05:28,populated,stale
CI_PAY_ST,Y,N,,N,1,2026-01-07 21:30:44,populated,stale
CI_PAY_TMPL,Y,N,,N,0,2026-01-07 21:30:45,empty,stale
CI_PAY_TMPL_L,Y,N,,N,0,2026-01-07 21:30:45,empty,stale
CI_PAY_TNDR,Y,Y,cashiering,N,648849,2026-01-17 22:12:21,populated,stale
CI_PAY_TNDR_CHAR,Y,N,,N,761166,2026-02-13 02:17:27,populated,stale
CI_PAY_TNDR_K,Y,N,,N,648847,2026-01-07 21:30:48,populated,stale
CI_PAY_TNDR_ST,Y,N,,N,1549,2026-01-09 02:12:54,populated,stale
CI_PAY_TNDR_ST_CHAR,Y,N,,N,1549,2026-01-07 21:30:50,populated,stale
CI_PER,Y,Y,customer_ops,Y,50716,2026-02-14 22:23:53,populated,stale
CI_PER_ADDR_OVRD,Y,N,,N,3635,2026-01-09 02:12:55,populated,stale
CI_PER_ADDR_SEAS,Y,N,,N,1,2026-01-16 02:05:24,populated,stale
CI_PER_CHAR,Y,N,,N,106435,2026-01-16 02:06:32,populated,stale
CI_PER_ID,Y,N,,N,88371,2026-02-13 02:17:08,populated,stale
CI_PER_K,Y,N,,N,50715,2026-01-07 21:30:52,populated,stale
CI_PER_NAME,Y,Y,customer_ops,N,50723,2026-01-23 02:18:56,populated,stale
CI_PER_PER,Y,N,,N,0,2026-01-07 21:30:53,empty,stale
CI_PER_PHONE,Y,N,,N,0,2026-01-07 21:30:53,empty,stale
CI_PER_REL_TYPE,Y,N,,N,2,2026-02-13 02:16:57,populated,stale
CI_PER_REL_TYPE_L,Y,N,,N,2,2026-01-23 02:18:52,populated,stale
CI_PEVT_DST_DTL,Y,N,,N,0,2026-01-07 21:30:53,empty,stale
CI_PEVT_DTL_ST,Y,N,,N,0,2026-01-07 21:30:53,empty,stale
CI_PFRELTY_PFTY,Y,N,,N,0,2026-01-07 21:30:53,empty,stale
CI_PHONE_TYPE,Y,N,,N,4,2026-01-24 22:15:05,populated,stale
CI_PHONE_TYPE_L,Y,N,,N,4,2026-01-24 22:15:05,populated,stale
CI_PKG,Y,N,,N,4,2026-01-07 21:30:53,populated,stale
CI_PKG_CRT,Y,N,,N,4,2026-01-07 21:30:53,populated,stale
CI_PKG_CRT_GRP,Y,N,,N,4,2026-01-07 21:30:54,populated,stale
CI_PKG_CRT_GRP_L,Y,N,,N,4,2026-01-07 21:30:54,populated,stale
CI_PKG_FLD_OVRD,Y,N,,N,0,2026-01-07 21:30:54,empty,stale
CI_PKG_FLD_OVRD_L,Y,N,,N,0,2026-01-07 21:30:54,empty,stale
CI_PKG_INSTR,Y,N,,N,0,2026-01-07 21:30:54,empty,stale
CI_PKG_INSTR_L,Y,N,,N,0,2026-01-07 21:30:54,empty,stale
CI_PKG_K,Y,N,,N,4,2026-01-07 21:30:54,populated,stale
CI_PKG_L,Y,N,,N,4,2026-01-07 21:30:54,populated,stale
CI_PKG_SA_TYPE,Y,N,,N,0,2026-01-07 21:30:54,empty,stale
CI_PORTAL,Y,N,,N,1153,2026-01-09 02:12:42,populated,stale
CI_PORTAL_L,Y,N,,N,1153,2026-01-09 02:12:33,populated,stale
CI_PORTAL_OPT,Y,N,,N,1742,2026-01-09 02:12:41,populated,stale
CI_PORTAL_ZONE,Y,N,,N,2518,2026-01-09 02:12:46,populated,stale
CI_POST_DFLT,Y,N,,N,1,2026-02-13 02:16:57,populated,stale
CI_PP,Y,N,,N,6764,2026-02-13 02:17:01,populated,stale
CI_PP_K,Y,N,,N,6763,2026-01-07 21:30:55,populated,stale
CI_PP_SCHED_PAY,Y,N,,N,8720,2026-02-04 02:18:26,populated,stale
CI_PP_TYPE,Y,N,,N,2,2026-01-09 02:12:14,populated,stale
CI_PP_TYPE_L,Y,N,,N,2,2026-01-13 02:15:05,populated,stale
CI_PREM,Y,Y,common,Y,12149,2026-02-14 22:23:52,populated,stale
CI_PREM_BKUP,Y,N,,N,47305,2026-01-07 21:30:55,populated,stale
CI_PREM_CHAR,Y,Y,common,Y,65670,2026-02-12 02:14:26,populated,stale
CI_PREM_CHAR_1116,Y,N,,N,89820,2026-01-07 21:30:56,populated,stale
CI_PREM_CHAR_BK_1021,Y,N,,N,47960,2026-01-07 21:30:56,populated,stale
CI_PREM_CHAR_BK_1030,Y,N,,N,47957,2026-01-07 21:30:56,populated,stale
CI_PREM_CHAR_TMP,Y,N,,N,37779,2026-01-07 21:30:57,populated,stale
CI_PREM_GEO,Y,Y,common,Y,23299,2026-01-16 02:05:38,populated,stale
CI_PREM_K,Y,N,,N,12139,2026-01-07 21:30:57,populated,stale
CI_PREM_TYPE,Y,N,,N,10,2026-01-16 02:05:29,populated,stale
CI_PREM_TYPE_L,Y,N,,N,10,2026-01-10 22:18:28,populated,stale
CI_PRM_ALT_ADDR,Y,N,,N,0,2026-01-07 21:30:57,empty,stale
CI_PRM_ALT_ADDR_K,Y,N,,N,0,2026-01-07 21:30:57,empty,stale
CI_PROP_DCL_RSN,Y,N,,N,0,2026-01-07 21:30:57,empty,stale
CI_PROP_DCL_RSN_L,Y,N,,N,0,2026-01-07 21:30:57,empty,stale
CI_PROTOCOL,Y,N,,N,0,2026-01-07 21:30:57,empty,stale
CI_PROTOCOL_L,Y,N,,N,0,2026-01-07 21:30:57,empty,stale
CI_QTE_RTE_TYPE,Y,N,,N,0,2026-01-07 21:30:57,empty,stale
CI_QTE_RTE_TYPE_L,Y,N,,N,0,2026-01-07 21:30:58,empty,stale
CI_QUOTE,Y,N,,N,0,2026-01-07 21:30:58,empty,stale
CI_QUOTE_DTL,Y,N,,N,0,2026-01-07 21:30:58,empty,stale
CI_QUOTE_DTL_K,Y,N,,N,0,2026-01-07 21:30:58,empty,stale
CI_QUOTE_K,Y,N,,N,0,2026-01-07 21:30:58,empty,stale
CI_QUOTE_RTG,Y,N,,N,0,2026-01-07 21:30:58,empty,stale
CI_RC,Y,N,,N,0,2026-01-07 21:30:58,empty,stale
CI_RC_CHAR,Y,N,,N,0,2026-01-07 21:30:58,empty,stale
CI_RC_CRT,Y,N,,N,0,2026-01-07 21:30:58,empty,stale
CI_RC_CRT_GRP,Y,N,,N,0,2026-01-07 21:30:58,empty,stale
CI_RC_CRT_GRP_L,Y,N,,N,0,2026-01-07 21:30:58,empty,stale
CI_RC_GL_DST,Y,N,,N,0,2026-01-07 21:30:58,empty,stale
CI_RC_L,Y,N,,N,0,2026-01-07 21:30:58,empty,stale
CI_RC_XREF,Y,N,,N,0,2026-01-07 21:30:58,empty,stale
CI_RDR_TMPL,Y,N,,N,0,2026-01-07 21:30:58,empty,stale
CI_READER_REM,Y,N,,N,0,2026-01-07 21:30:58,empty,stale
CI_READER_REM_L,Y,N,,N,0,2026-01-07 21:30:58,empty,stale
CI_READ_OUT_TYP,Y,N,,N,0,2026-01-07 21:30:58,empty,stale
CI_READ_OUT_TYP_L,Y,N,,N,0,2026-01-07 21:30:59,empty,stale
CI_REBATE_CLAIM,Y,N,,N,0,2026-01-07 21:30:59,empty,stale
CI_REBATE_CLAIM_CHAR,Y,N,,N,0,2026-01-07 21:30:59,empty,stale
CI_REBATE_CLAIM_K,Y,N,,N,0,2026-01-07 21:30:59,empty,stale
CI_REBATE_CLAIM_LOG,Y,N,,N,0,2026-01-07 21:30:59,empty,stale
CI_REBATE_CLAIM_LOG_PARM,Y,N,,N,0,2026-01-07 21:30:59,empty,stale
CI_REBATE_DEFN,Y,N,,N,0,2026-01-07 21:30:59,empty,stale
CI_REBATE_DEFN_L,Y,N,,N,0,2026-01-07 21:30:59,empty,stale
CI_REBATE_LINE,Y,N,,N,0,2026-01-07 21:30:59,empty,stale
CI_REBATE_LINE_CHAR,Y,N,,N,0,2026-01-07 21:30:59,empty,stale
CI_REG,Y,N,,N,0,2026-01-07 21:30:59,empty,stale
CI_REG_CHAR,Y,N,,N,0,2026-01-07 21:30:59,empty,stale
CI_REG_DATA,Y,N,,N,0,2026-01-07 21:31:00,empty,stale
CI_REG_DATA_SET,Y,N,,N,0,2026-01-07 21:31:00,empty,stale
CI_REG_DATA_SET_K,Y,N,,N,0,2026-01-07 21:31:00,empty,stale
CI_REG_DS_EXC,Y,N,,N,0,2026-01-07 21:31:00,empty,stale
CI_REG_DS_EXP,Y,N,,N,0,2026-01-07 21:31:00,empty,stale
CI_REG_K,Y,N,,N,0,2026-01-07 21:31:00,empty,stale
CI_REG_READ,Y,N,,N,0,2026-01-07 21:31:00,empty,stale
CI_REG_READ_K,Y,N,,N,0,2026-01-07 21:31:00,empty,stale
CI_REG_RULE,Y,N,,N,0,2026-01-07 21:31:00,empty,stale
CI_REG_RULE_L,Y,N,,N,0,2026-01-07 21:31:00,empty,stale
CI_REP,Y,N,,N,1,2026-01-07 21:31:00,populated,stale
CI_REPL_ACCT,Y,N,,N,0,2026-01-07 21:31:00,empty,stale
CI_REPL_CNTL,Y,N,,N,0,2026-01-07 21:31:00,empty,stale
CI_REP_L,Y,N,,N,1,2026-01-07 21:31:00,populated,stale
CI_RETIRE_RSN,Y,N,,N,0,2026-01-07 21:31:00,empty,stale
CI_RETIRE_RSN_L,Y,N,,N,0,2026-01-07 21:31:00,empty,stale
CI_REV_CL,Y,N,,N,5,2026-01-09 02:12:28,populated,stale
CI_REV_CL_L,Y,N,,N,5,2026-01-09 02:12:29,populated,stale
CI_ROLE,Y,N,,N,44,2026-02-21 22:16:49,populated,stale
CI_ROLE_L,Y,N,,N,44,2026-01-17 22:11:34,populated,stale
CI_ROLE_USER,Y,N,,N,714,2026-01-09 02:12:34,populated,stale
CI_ROOT_DIFF,Y,N,,N,0,2026-01-07 21:31:01,empty,stale
CI_ROOT_INSTR,Y,N,,N,0,2026-01-07 21:31:01,empty,stale
CI_ROOT_INSTR_K,Y,N,,N,0,2026-01-07 21:31:01,empty,stale
CI_ROOT_OBJ,Y,N,,N,0,2026-01-07 21:31:01,empty,stale
CI_ROOT_OBJ_EXC,Y,N,,N,0,2026-01-07 21:31:01,empty,stale
CI_ROOT_OBJ_EXP,Y,N,,N,0,2026-01-07 21:31:01,empty,stale
CI_ROOT_OBJ_K,Y,N,,N,0,2026-01-07 21:31:01,empty,stale
CI_ROOT_OBJ_PK,Y,N,,N,0,2026-01-07 21:31:01,empty,stale
CI_RPT_OPTION,Y,N,,N,0,2026-01-07 21:31:01,empty,stale
CI_RR_STAGE_UP,Y,N,,N,0,2026-01-07 21:31:01,empty,stale
CI_RS,Y,N,,N,139,2026-02-11 02:18:56,populated,stale
CI_RS_BMSG,Y,N,,N,0,2026-01-07 21:31:01,empty,stale
CI_RS_L,Y,Y,billing,N,139,2026-02-11 02:19:10,populated,stale
CI_RS_MTR_CFGTY,Y,N,,N,0,2026-01-07 21:31:01,empty,stale
CI_RS_REG_RULE,Y,N,,N,0,2026-01-07 21:31:01,empty,stale
CI_RS_SQ_RULE,Y,N,,N,0,2026-01-07 21:31:01,empty,stale
CI_RS_SUB_RS,Y,N,,N,0,2026-01-07 21:31:01,empty,stale
CI_RV,Y,N,,N,0,2026-01-07 21:31:01,empty,stale
CI_RV_L,Y,N,,N,0,2026-01-07 21:31:01,empty,stale
CI_SA,Y,Y,new_services,Y,143173,2026-02-04 02:18:31,populated,stale
CI_SATY_ALG,Y,N,,N,336,2026-02-13 02:16:57,populated,stale
CI_SATY_COPTY,Y,N,,N,0,2026-01-07 21:31:02,empty,stale
CI_SATY_SARELTY,Y,N,,N,0,2026-01-07 21:31:02,empty,stale
CI_SATY_TMAPRTY,Y,N,,N,0,2026-01-07 21:31:02,empty,stale
CI_SAT_ADJ_PROF,Y,N,,N,280,2026-02-13 02:16:58,populated,stale
CI_SAT_NB_RULE,Y,N,,N,0,2026-01-07 21:31:02,empty,stale
CI_SAT_PFRELTY,Y,N,,N,0,2026-01-07 21:31:02,empty,stale
CI_SA_BK_1102,Y,N,,N,194469,2026-01-07 21:31:02,populated,stale
CI_SA_CHAR,Y,N,,N,1538,2026-01-09 02:12:43,populated,stale
CI_SA_CHAR_TMP,Y,N,,N,0,2026-01-07 21:31:03,empty,stale
CI_SA_CONTERM,Y,N,,N,0,2026-01-07 21:31:03,empty,stale
CI_SA_CONT_QTY,Y,N,,N,0,2026-01-07 21:31:03,empty,stale
CI_SA_COP,Y,N,,N,0,2026-01-07 21:31:03,empty,stale
CI_SA_COP_K,Y,N,,N,0,2026-01-07 21:31:03,empty,stale
CI_SA_COP_OVRD,Y,N,,N,0,2026-01-07 21:31:03,empty,stale
CI_SA_INTV_PF,Y,N,,N,0,2026-01-07 21:31:03,empty,stale
CI_SA_K,Y,N,,N,141494,2026-01-07 21:31:03,populated,stale
CI_SA_MSG,Y,N,,N,0,2026-01-07 21:31:03,empty,stale
CI_SA_NB_PARM,Y,N,,N,0,2026-01-07 21:31:04,empty,stale
CI_SA_RCHG_HIST,Y,N,,N,19960,2026-01-16 02:05:41,populated,stale
CI_SA_REL,Y,N,,N,0,2026-01-07 21:31:04,empty,stale
CI_SA_REL_K,Y,N,,N,0,2026-01-07 21:31:04,empty,stale
CI_SA_REL_TYPE,Y,N,,N,0,2026-01-07 21:31:04,empty,stale
CI_SA_REL_TYPE_L,Y,N,,N,0,2026-01-07 21:31:04,empty,stale
CI_SA_RS_HIST,Y,N,,N,69865,2026-01-23 02:18:58,populated,stale
CI_SA_SP,Y,N,,N,64656,2026-01-16 02:06:28,populated,stale
CI_SA_SP_CHAR,Y,N,,N,0,2026-01-07 21:31:04,empty,stale
CI_SA_SP_FA,Y,N,,N,100273,2026-01-16 02:06:33,populated,stale
CI_SA_SP_K,Y,N,,N,64650,2026-01-07 21:31:04,populated,stale
CI_SA_SP_TYPE,Y,N,,N,98,2026-01-16 02:05:26,populated,stale
CI_SA_TC,Y,N,,N,0,2026-01-07 21:31:05,empty,stale
CI_SA_TOU_MAP,Y,N,,N,0,2026-01-07 21:31:05,empty,stale
CI_SA_TYPE,Y,N,,N,118,2026-02-17 02:19:56,populated,stale
CI_SA_TYPE_BC,Y,N,,N,0,2026-01-07 21:31:05,empty,stale
CI_SA_TYPE_CHAR,Y,N,,N,115,2026-01-16 02:05:30,populated,stale
CI_SA_TYPE_L,Y,N,,N,116,2026-02-13 02:15:56,populated,stale
CI_SA_TYPE_RS,Y,N,,N,161,2026-02-14 22:22:37,populated,stale
CI_SCM,Y,N,,N,0,2026-01-07 21:31:05,empty,stale
CI_SCMTY_SATY,Y,N,,N,0,2026-01-07 21:31:05,empty,stale
CI_SCMTY_SUBCAT,Y,N,,N,0,2026-01-07 21:31:05,empty,stale
CI_SCMTY_SUBCAT_L,Y,N,,N,0,2026-01-07 21:31:05,empty,stale
CI_SCM_ACCT,Y,N,,N,0,2026-01-07 21:31:05,empty,stale
CI_SCM_CHAR,Y,N,,N,0,2026-01-07 21:31:05,empty,stale
CI_SCM_K,Y,N,,N,0,2026-01-07 21:31:05,empty,stale
CI_SCM_NCTV_RSN,Y,N,,N,0,2026-01-07 21:31:05,empty,stale
CI_SCM_NCTV_RSN_L,Y,N,,N,0,2026-01-07 21:31:05,empty,stale
CI_SCM_TYPE,Y,N,,N,0,2026-01-07 21:31:05,empty,stale
CI_SCM_TYPE_ALG,Y,N,,N,0,2026-01-07 21:31:06,empty,stale
CI_SCM_TYPE_L,Y,N,,N,0,2026-01-07 21:31:06,empty,stale
CI_SCR,Y,N,,N,10955,2026-01-15 02:21:40,populated,stale
CI_SCR_CRT,Y,N,,N,0,2026-01-07 21:31:06,empty,stale
CI_SCR_CRT_GRP,Y,N,,N,0,2026-01-07 21:31:06,empty,stale
CI_SCR_CRT_GRP_L,Y,N,,N,0,2026-01-07 21:31:06,empty,stale
CI_SCR_DA,Y,N,,N,42010,2026-01-13 02:15:08,populated,stale
CI_SCR_FLD_MAP,Y,N,,N,0,2026-01-07 21:31:06,empty,stale
CI_SCR_L,Y,N,,N,10955,2026-01-17 22:11:36,populated,stale
CI_SCR_PRMPT,Y,N,,N,526,2026-01-09 02:12:37,populated,stale
CI_SCR_PRMPT_L,Y,N,,N,526,2026-01-09 02:12:35,populated,stale
CI_SCR_STEP,Y,N,,N,35784,2026-01-15 02:21:57,populated,stale
CI_SCR_STEP_L,Y,N,,N,35809,2026-02-04 02:18:28,populated,stale
CI_SC_AUTH_LVL,Y,N,,N,6,2026-01-16 02:05:29,populated,stale
CI_SC_AUTH_LVL_L,Y,N,,N,6,2026-01-07 21:31:07,populated,stale
CI_SC_EVT,Y,N,,N,0,2026-01-07 21:31:07,empty,stale
CI_SC_EVTTY_ALG,Y,N,,N,0,2026-01-07 21:31:07,empty,stale
CI_SC_EVT_FT,Y,N,,N,0,2026-01-07 21:31:07,empty,stale
CI_SC_EVT_FT_K,Y,N,,N,0,2026-01-07 21:31:07,empty,stale
CI_SC_EVT_K,Y,N,,N,0,2026-01-07 21:31:07,empty,stale
CI_SC_EVT_TYPE,Y,N,,N,0,2026-01-07 21:31:07,empty,stale
CI_SC_EVT_TYPE_L,Y,N,,N,0,2026-01-07 21:31:07,empty,stale
CI_SC_TYPE,Y,N,,N,3,2026-01-16 02:05:28,populated,stale
CI_SC_TYPE_L,Y,N,,N,3,2026-01-07 21:31:07,populated,stale
CI_SEAS_SHIFT,Y,N,,N,0,2026-01-07 21:31:07,empty,stale
CI_SEAS_TM_SHIFT,Y,N,,N,0,2026-01-07 21:31:07,empty,stale
CI_SEAS_TM_SHIFT_L,Y,N,,N,0,2026-01-07 21:31:07,empty,stale
CI_SEQ,Y,N,,N,5,2026-02-27 02:12:54,populated,stale
CI_SEV_CRIT,Y,N,,N,188,2026-01-16 02:05:26,populated,stale
CI_SEV_EVT,Y,N,,N,139046,2026-02-27 02:13:03,populated,stale
CI_SEV_EVT_1031,Y,N,,N,159,2026-01-07 21:31:08,populated,stale
CI_SEV_EVT_CC,Y,N,,N,13525,2026-02-27 02:15:26,populated,stale
CI_SEV_EVT_CC_1031,Y,N,,N,38,2026-01-07 21:31:08,populated,stale
CI_SEV_EVT_DEP,Y,N,,N,56818,2026-02-27 02:13:00,populated,stale
CI_SEV_EVT_DEP_1031,Y,N,,N,112,2026-01-07 21:31:08,populated,stale
CI_SEV_EVT_FA,Y,N,,N,9660,2026-02-05 02:20:47,populated,stale
CI_SEV_EVT_FA_1031,Y,N,,N,43,2026-01-07 21:31:08,populated,stale
CI_SEV_EVT_TYPE,Y,N,,N,16,2026-02-24 02:13:38,populated,stale
CI_SEV_EVT_TYPE_L,Y,N,,N,16,2026-01-31 22:17:15,populated,stale
CI_SEV_PROC,Y,N,,N,31174,2026-02-27 02:13:15,populated,stale
CI_SEV_PROC_1031,Y,N,,N,45,2026-01-07 21:31:09,populated,stale
CI_SEV_PROC_K,Y,N,,N,31174,2026-02-27 02:13:14,populated,stale
CI_SEV_PROC_K_1031,Y,N,,N,45,2026-01-07 21:31:09,populated,stale
CI_SEV_PROC_TMP,Y,N,,N,7,2026-01-09 02:12:16,populated,stale
CI_SEV_PROC_TMP_L,Y,N,,N,7,2026-01-16 02:05:25,populated,stale
CI_SEV_RESP,Y,N,,N,20,2026-02-27 02:15:24,populated,stale
CI_SEV_RESP_DEP,Y,N,,N,6,2026-02-27 02:15:23,populated,stale
CI_SIC,Y,N,,N,0,2026-01-07 21:31:09,empty,stale
CI_SIC_L,Y,N,,N,0,2026-01-07 21:31:09,empty,stale
CI_SP,Y,Y,field_ops|field_tasks|meter_ops,Y,32976,2026-02-17 02:19:59,populated,stale
CI_SPR,Y,N,,N,0,2026-01-07 21:31:10,empty,stale
CI_SPR_BMSG,Y,N,,N,0,2026-01-07 21:31:10,empty,stale
CI_SPR_CHAR,Y,N,,N,0,2026-01-07 21:31:10,empty,stale
CI_SPR_L,Y,N,,N,0,2026-01-07 21:31:10,empty,stale
CI_SPR_POST,Y,N,,N,0,2026-01-07 21:31:10,empty,stale
CI_SPR_SARELTY,Y,N,,N,0,2026-01-07 21:31:10,empty,stale
CI_SPR_VALID,Y,N,,N,0,2026-01-07 21:31:10,empty,stale
CI_SPTY_ITEMTY,Y,N,,N,0,2026-01-07 21:31:10,empty,stale
CI_SPTY_MTRTY,Y,N,,N,0,2026-01-07 21:31:10,empty,stale
CI_SP_CHAR,Y,Y,new_services,N,35039,2026-01-09 02:13:24,populated,stale
CI_SP_EQ,Y,N,,N,0,2026-01-07 21:31:10,empty,stale
CI_SP_GEO,Y,N,,N,0,2026-01-07 21:31:10,empty,stale
CI_SP_ITEM_EVT,Y,N,,N,0,2026-01-07 21:31:10,empty,stale
CI_SP_ITEM_HIST,Y,N,,N,0,2026-01-07 21:31:10,empty,stale
CI_SP_ITEM_HIST_K,Y,N,,N,0,2026-01-07 21:31:10,empty,stale
CI_SP_K,Y,N,,N,32966,2026-01-07 21:31:10,populated,stale
CI_SP_MTR_EVT,Y,N,,N,0,2026-01-07 21:31:10,empty,stale
CI_SP_MTR_HIST,Y,N,,N,0,2026-01-07 21:31:10,empty,stale
CI_SP_MTR_HIST_K,Y,N,,N,0,2026-01-07 21:31:11,empty,stale
CI_SP_MULT_ITEM,Y,N,,N,0,2026-01-07 21:31:11,empty,stale
CI_SP_OP_AREA,Y,N,,N,0,2026-01-07 21:31:11,empty,stale
CI_SP_RTE,Y,N,,N,0,2026-01-07 21:31:11,empty,stale
CI_SP_RTE_CFG,Y,N,,N,0,2026-01-07 21:31:11,empty,stale
CI_SP_TYPE,Y,N,,N,20,2026-02-12 02:14:25,populated,stale
CI_SP_TYPE_CHAR,Y,N,,N,0,2026-01-07 21:31:11,empty,stale
CI_SP_TYPE_EQ,Y,N,,N,0,2026-01-07 21:31:11,empty,stale
CI_SP_TYPE_L,Y,N,,N,20,2026-01-16 02:05:26,populated,stale
CI_SQI,Y,N,,N,43,2026-01-09 02:12:24,populated,stale
CI_SQI_L,Y,N,,N,43,2026-01-09 02:12:17,populated,stale
CI_SQ_RULE,Y,N,,N,0,2026-01-07 21:31:11,empty,stale
CI_SQ_RULE_L,Y,N,,N,0,2026-01-07 21:31:11,empty,stale
CI_SS_ADDR_OVRD,Y,N,,N,6,2026-02-18 02:12:08,populated,stale
CI_SS_OPT,Y,N,,N,0,2026-01-07 21:31:11,empty,stale
CI_SS_OPT_COP,Y,N,,N,0,2026-01-07 21:31:11,empty,stale
CI_SS_OPT_IP,Y,N,,N,0,2026-01-07 21:31:11,empty,stale
CI_SS_OPT_L,Y,N,,N,0,2026-01-07 21:31:11,empty,stale
CI_SS_OPT_TC,Y,N,,N,0,2026-01-07 21:31:11,empty,stale
CI_SS_OPT_TMAP,Y,N,,N,0,2026-01-07 21:31:11,empty,stale
CI_SS_PHONE_OVRD,Y,N,,N,0,2026-01-07 21:31:12,empty,stale
CI_STATE,Y,N,,N,72,2026-01-15 02:21:35,populated,stale
CI_STATE_L,Y,N,,N,72,2026-01-09 02:12:19,populated,stale
CI_STK_LOC,Y,N,,N,0,2026-01-07 21:31:12,empty,stale
CI_STK_LOC_CHAR,Y,N,,N,0,2026-01-07 21:31:12,empty,stale
CI_STK_LOC_L,Y,N,,N,0,2026-01-07 21:31:12,empty,stale
CI_STM,Y,N,,N,0,2026-01-07 21:31:12,empty,stale
CI_STM_CNST,Y,N,,N,0,2026-01-07 21:31:12,empty,stale
CI_STM_CNST_DTL,Y,N,,N,0,2026-01-07 21:31:12,empty,stale
CI_STM_CNST_DTL_K,Y,N,,N,0,2026-01-07 21:31:12,empty,stale
CI_STM_CNST_K,Y,N,,N,0,2026-01-07 21:31:12,empty,stale
CI_STM_CYC,Y,N,,N,1,2026-01-07 21:31:12,populated,stale
CI_STM_CYC_L,Y,N,,N,1,2026-01-07 21:31:12,populated,stale
CI_STM_CYC_SCH,Y,N,,N,12,2026-01-07 21:31:12,populated,stale
CI_STM_DTL,Y,N,,N,0,2026-01-07 21:31:12,empty,stale
CI_STM_DTL_K,Y,N,,N,0,2026-01-07 21:31:12,empty,stale
CI_STM_K,Y,N,,N,0,2026-01-07 21:31:12,empty,stale
CI_STM_RTE_TY,Y,N,,N,1,2026-02-13 02:16:57,populated,stale
CI_STM_RTE_TY_L,Y,N,,N,1,2026-01-07 21:31:12,populated,stale
CI_SVC_RTE_STG_DWN,Y,N,,N,0,2026-01-07 21:31:12,empty,stale
CI_SVC_RTE_STG_DWN_K,Y,N,,N,0,2026-01-07 21:31:13,empty,stale
CI_SVC_TYPE,Y,N,,N,7,2026-01-15 02:21:35,populated,stale
CI_SVC_TYPE_L,Y,N,,N,7,2026-01-20 02:18:24,populated,stale
CI_SVC_TYP_DFLT,Y,N,,N,0,2026-01-07 21:31:13,empty,stale
CI_SYSDATA_LOG,Y,N,,N,0,2026-01-07 21:31:13,empty,stale
CI_TAX_EX_TYPE,Y,N,,N,4,2026-01-23 02:18:52,populated,stale
CI_TAX_EX_TYPE_L,Y,N,,N,4,2026-01-23 02:18:51,populated,stale
CI_TC,Y,N,,N,0,2026-01-07 21:31:13,empty,stale
CI_TC_L,Y,N,,N,0,2026-01-07 21:31:13,empty,stale
CI_TD_DRLKEY,Y,N,,N,441247,2026-01-09 02:14:11,populated,stale
CI_TD_DRLKEY_1031,Y,N,,N,188,2026-01-07 21:31:14,populated,stale
CI_TD_DRLKEY_TY,Y,N,,N,351,2026-01-16 02:05:32,populated,stale
CI_TD_ENTRY,Y,N,,N,441108,2026-02-04 02:18:39,populated,stale
CI_TD_ENTRY_1031,Y,N,,N,188,2026-01-07 21:31:15,populated,stale
CI_TD_ENTRY_CHA,Y,N,,N,1134269,2026-02-27 02:15:44,populated,stale
CI_TD_ENTRY_CHA_1031,Y,N,,N,900,2026-01-07 21:31:16,populated,stale
CI_TD_ENTRY_K,Y,N,,N,441103,2026-01-07 21:31:16,populated,stale
CI_TD_ENTRY_K_1031,Y,N,,N,188,2026-01-07 21:31:17,populated,stale
CI_TD_EX_LIST,Y,N,,N,27,2026-01-23 02:18:51,populated,stale
CI_TD_LOG,Y,N,,N,1169647,2026-01-23 02:20:02,populated,stale
CI_TD_LOG_1031,Y,N,,N,295,2026-01-07 21:31:19,populated,stale
CI_TD_MSG_PARM,Y,N,,N,693572,2026-01-23 02:19:12,populated,stale
CI_TD_MSG_PARM_1031,Y,N,,N,360,2026-01-07 21:31:20,populated,stale
CI_TD_SRTKEY,Y,N,,N,1434966,2026-02-27 02:15:28,populated,stale
CI_TD_SRTKEY_1031,Y,N,,N,553,2026-01-07 21:31:21,populated,stale
CI_TD_SRTKEY_TY,Y,N,,N,783,2026-01-23 02:18:52,populated,stale
CI_TD_SRTKEY_TY_L,Y,N,,N,783,2026-01-23 02:18:53,populated,stale
CI_TD_TYPE,Y,N,,N,326,2026-01-09 02:12:37,populated,stale
CI_TD_TYPE_ALG,Y,N,,N,15,2026-01-23 02:18:51,populated,stale
CI_TD_TYPE_CHAR,Y,N,,N,5,2026-01-09 02:12:14,populated,stale
CI_TD_TYPE_L,Y,N,,N,326,2026-01-09 02:12:41,populated,stale
CI_TD_VAL_ROLE,Y,N,,N,431,2026-01-09 02:12:18,populated,stale
CI_TENDER_TYPE,Y,N,,N,17,2026-01-16 02:05:30,populated,stale
CI_TENDER_TYPE_L,Y,N,,N,17,2026-01-21 02:21:38,populated,stale
CI_THRD_PTY,Y,N,,N,1,2026-01-15 02:21:35,populated,stale
CI_THRD_PTY_L,Y,N,,N,1,2026-01-30 02:21:34,populated,stale
CI_TIME_ZONE,Y,N,,N,8,2026-01-09 02:12:32,populated,stale
CI_TIME_ZONE_L,Y,N,,N,8,2026-01-09 02:12:15,populated,stale
CI_TMAP_COM_CAL,Y,N,,N,0,2026-01-07 21:31:21,empty,stale
CI_TMAP_COM_DAY,Y,N,,N,0,2026-01-07 21:31:21,empty,stale
CI_TMAP_COM_WK,Y,N,,N,0,2026-01-07 21:31:21,empty,stale
CI_TMAP_REL,Y,N,,N,0,2026-01-07 21:31:21,empty,stale
CI_TMAP_RELTY,Y,N,,N,0,2026-01-07 21:31:21,empty,stale
CI_TMAP_RELTY_L,Y,N,,N,0,2026-01-07 21:31:21,empty,stale
CI_TMAP_TMPL,Y,N,,N,0,2026-01-07 21:31:21,empty,stale
CI_TMAP_TMPL_L,Y,N,,N,0,2026-01-07 21:31:22,empty,stale
CI_TMAP_TYPE,Y,N,,N,0,2026-01-07 21:31:22,empty,stale
CI_TMAP_TYPE_L,Y,N,,N,0,2026-01-07 21:31:22,empty,stale
CI_TMAP_TYP_ALG,Y,N,,N,0,2026-01-07 21:31:22,empty,stale
CI_TNDR_CTL,Y,N,,N,5145,2026-02-04 02:18:27,populated,stale
CI_TNDR_CTL_CHAR,Y,N,,N,0,2026-01-07 21:31:22,empty,stale
CI_TNDR_CTL_K,Y,N,,N,5143,2026-01-07 21:31:22,populated,stale
CI_TNDR_CTL_ST,Y,N,,N,48,2026-01-07 21:31:22,populated,stale
CI_TNDR_DEP,Y,N,,N,518,2026-02-13 02:16:59,populated,stale
CI_TNDR_DEP_K,Y,N,,N,518,2026-01-07 21:31:22,populated,stale
CI_TNDR_END_BAL,Y,N,,N,7142,2026-01-16 02:05:35,populated,stale
CI_TNDR_SRCE,Y,N,,N,36,2026-01-16 02:05:26,populated,stale
CI_TNDR_SRCE_L,Y,N,,N,36,2026-01-16 02:05:30,populated,stale
CI_TNDR_ST_EXCP,Y,N,,N,0,2026-01-07 21:31:22,empty,stale
CI_TOS,Y,N,,N,0,2026-01-07 21:31:22,empty,stale
CI_TOS_CAN_RSN,Y,N,,N,0,2026-01-07 21:31:22,empty,stale
CI_TOS_CAN_RSN_L,Y,N,,N,0,2026-01-07 21:31:22,empty,stale
CI_TOS_CE,Y,N,,N,0,2026-01-07 21:31:22,empty,stale
CI_TOS_CHAR,Y,N,,N,0,2026-01-07 21:31:22,empty,stale
CI_TOS_K,Y,N,,N,0,2026-01-07 21:31:22,empty,stale
CI_TOS_SA,Y,N,,N,0,2026-01-07 21:31:22,empty,stale
CI_TOS_TYPE,Y,N,,N,0,2026-01-07 21:31:23,empty,stale
CI_TOS_TYPE_CE,Y,N,,N,0,2026-01-07 21:31:23,empty,stale
CI_TOS_TYPE_L,Y,N,,N,0,2026-01-07 21:31:23,empty,stale
CI_TOU,Y,N,,N,4,2026-01-07 21:31:23,populated,stale
CI_TOU_BF_VAL,Y,N,,N,0,2026-01-07 21:31:23,empty,stale
CI_TOU_CONT_VAL,Y,N,,N,0,2026-01-07 21:31:23,empty,stale
CI_TOU_DATA,Y,N,,N,0,2026-01-07 21:31:23,empty,stale
CI_TOU_DATA_SET,Y,N,,N,0,2026-01-07 21:31:23,empty,stale
CI_TOU_DATA_SET_K,Y,N,,N,0,2026-01-07 21:31:23,empty,stale
CI_TOU_DS_EXC,Y,N,,N,0,2026-01-07 21:31:23,empty,stale
CI_TOU_DS_EXP,Y,N,,N,0,2026-01-07 21:31:23,empty,stale
CI_TOU_GRP,Y,N,,N,1,2026-01-07 21:31:23,populated,stale
CI_TOU_GRP_L,Y,N,,N,1,2026-01-28 02:15:05,populated,stale
CI_TOU_GRP_TOU,Y,N,,N,3,2026-01-07 21:31:23,populated,stale
CI_TOU_L,Y,N,,N,4,2026-02-12 02:14:26,populated,stale
CI_TOU_MAP,Y,N,,N,0,2026-01-07 21:31:23,empty,stale
CI_TOU_MAP_K,Y,N,,N,0,2026-01-07 21:31:23,empty,stale
CI_TOU_MAP_L,Y,N,,N,0,2026-01-07 21:31:23,empty,stale
CI_TREND,Y,N,,N,0,2026-01-07 21:31:23,empty,stale
CI_TREND_AREA,Y,N,,N,0,2026-01-07 21:31:23,empty,stale
CI_TREND_AREA_L,Y,N,,N,0,2026-01-07 21:31:23,empty,stale
CI_TREND_CL,Y,N,,N,0,2026-01-07 21:31:23,empty,stale
CI_TREND_CL_L,Y,N,,N,0,2026-01-07 21:31:23,empty,stale
CI_TRG,Y,N,,N,0,2026-01-07 21:31:23,empty,stale
CI_TRG_FLD,Y,N,,N,0,2026-01-07 21:31:23,empty,stale
CI_TST_COMP_TYP,Y,N,,N,0,2026-01-07 21:31:23,empty,stale
CI_TST_COMP_TYP_L,Y,N,,N,0,2026-01-07 21:31:24,empty,stale
CI_TST_RES_TYP,Y,N,,N,0,2026-01-07 21:31:24,empty,stale
CI_TST_RES_TYP_L,Y,N,,N,0,2026-01-07 21:31:24,empty,stale
CI_TURN_IN,Y,N,,N,0,2026-01-07 21:31:24,empty,stale
CI_TURN_IN_K,Y,N,,N,0,2026-01-07 21:31:24,empty,stale
CI_UA,Y,N,,N,0,2026-01-07 21:31:24,empty,stale
CI_UATY_TOSTY,Y,N,,N,0,2026-01-07 21:31:24,empty,stale
CI_UA_CHAR,Y,N,,N,0,2026-01-07 21:31:24,empty,stale
CI_UA_K,Y,N,,N,0,2026-01-07 21:31:24,empty,stale
CI_UA_PER,Y,N,,N,0,2026-01-07 21:31:24,empty,stale
CI_UA_TYPE,Y,N,,N,0,2026-01-07 21:31:24,empty,stale
CI_UA_TYPE_ALG,Y,N,,N,0,2026-01-07 21:31:24,empty,stale
CI_UA_TYPE_L,Y,N,,N,0,2026-01-07 21:31:24,empty,stale
CI_UI_ZONE,Y,N,,N,102,2026-01-09 02:12:30,populated,stale
CI_UOM,Y,N,,N,33,2026-01-09 02:12:19,populated,stale
CI_UOM_L,Y,N,,N,36,2026-01-09 02:12:21,populated,stale
CI_USR_BOOKMARK,Y,N,,N,168,2026-01-09 02:12:40,populated,stale
CI_USR_GRP_SC,Y,N,,N,3,2026-01-09 02:12:16,populated,stale
CI_USR_NAV_LINK,Y,N,,N,12,2026-01-09 02:12:13,populated,stale
CI_USR_PORTAL,Y,N,,N,134,2026-01-17 22:11:34,populated,stale
CI_USR_SCR,Y,N,,N,17,2026-01-09 02:12:32,populated,stale
CI_USR_ZONE,Y,N,,N,718,2026-01-09 02:12:40,populated,stale
CI_USR_ZONE_SAVE,Y,N,,N,1,2026-01-09 02:12:21,populated,stale
CI_UT_INSTL,Y,N,,N,569,2026-01-07 21:31:25,populated,stale
CI_UT_INSTL_DTL,Y,N,,N,1376,2026-01-07 21:31:25,populated,stale
CI_VAL_ERR,Y,N,,N,0,2026-01-07 21:31:25,empty,stale
CI_VAL_FK_ERR,Y,N,,N,0,2026-01-07 21:31:25,empty,stale
CI_VAL_SUB_SATY,Y,N,,N,0,2026-01-07 21:31:25,empty,stale
CI_WFM,Y,N,,N,13,2026-02-27 02:13:22,populated,stale
CI_WFM_L,Y,N,,N,13,2026-01-09 02:12:31,populated,stale
CI_WFM_MSG,Y,N,,N,0,2026-01-07 21:31:25,empty,stale
CI_WFM_OPT,Y,N,,N,111,2026-02-27 02:13:38,populated,stale
CI_WF_EVT,Y,N,,N,0,2026-01-07 21:31:25,empty,stale
CI_WF_EVT_CHAR,Y,N,,N,0,2026-01-07 21:31:25,empty,stale
CI_WF_EVT_CTXT,Y,N,,N,0,2026-01-07 21:31:25,empty,stale
CI_WF_EVT_DEP,Y,N,,N,0,2026-01-07 21:31:25,empty,stale
CI_WF_EVT_EXC,Y,N,,N,0,2026-01-07 21:31:25,empty,stale
CI_WF_EVT_EXP,Y,N,,N,0,2026-01-07 21:31:25,empty,stale
CI_WF_EVT_TYPE,Y,N,,N,0,2026-01-07 21:31:25,empty,stale
CI_WF_EVT_TYPE_L,Y,N,,N,0,2026-01-07 21:31:25,empty,stale
CI_WF_PP,Y,N,,N,0,2026-01-07 21:31:25,empty,stale
CI_WF_PP_L,Y,N,,N,0,2026-01-07 21:31:25,empty,stale
CI_WF_PP_NT,Y,N,,N,0,2026-01-07 21:31:25,empty,stale
CI_WF_PP_NT_CRT,Y,N,,N,0,2026-01-07 21:31:25,empty,stale
CI_WF_PROC,Y,N,,N,0,2026-01-07 21:31:25,empty,stale
CI_WF_PROC_CHAR,Y,N,,N,0,2026-01-07 21:31:26,empty,stale
CI_WF_PROC_CTXT,Y,N,,N,0,2026-01-07 21:31:26,empty,stale
CI_WF_PROC_K,Y,N,,N,0,2026-01-07 21:31:26,empty,stale
CI_WF_PROC_MSGP,Y,N,,N,0,2026-01-07 21:31:26,empty,stale
CI_WF_PROC_SCHED,Y,N,,N,0,2026-01-07 21:31:26,empty,stale
CI_WF_PROC_SCHED_K,Y,N,,N,0,2026-01-07 21:31:26,empty,stale
CI_WF_PROC_TMPL,Y,N,,N,0,2026-01-07 21:31:26,empty,stale
CI_WF_PROC_TMPL_L,Y,N,,N,0,2026-01-07 21:31:26,empty,stale
CI_WF_RESP,Y,N,,N,0,2026-01-07 21:31:26,empty,stale
CI_WF_RESP_DEP,Y,N,,N,0,2026-01-07 21:31:26,empty,stale
CI_WO_CNTL,Y,N,,N,6,2026-02-27 02:15:24,populated,stale
CI_WO_CNTL_L,Y,N,,N,6,2026-02-27 02:15:24,populated,stale
CI_WO_CRIT,Y,N,,N,4,2026-01-07 21:31:26,populated,stale
CI_WO_DEBT_CL,Y,N,,N,4,2026-01-20 02:18:25,populated,stale
CI_WO_DEBT_CL_L,Y,N,,N,4,2026-01-20 02:18:24,populated,stale
CI_WO_EVT,Y,N,,N,22378,2026-02-27 02:15:27,populated,stale
CI_WO_EVT_CC,Y,N,,N,4416,2026-02-27 02:15:25,populated,stale
CI_WO_EVT_TYP,Y,N,,N,12,2026-01-16 02:05:29,populated,stale
CI_WO_EVT_TYP_L,Y,N,,N,12,2026-01-16 02:05:29,populated,stale
CI_WO_PROC,Y,N,,N,4000,2026-02-27 02:15:26,populated,stale
CI_WO_PROC_K,Y,N,,N,3997,2026-01-07 21:31:27,populated,stale
CI_WO_PROC_SA,Y,N,,N,10394,2026-01-09 02:12:56,populated,stale
CI_WO_PROC_TMPL,Y,N,,N,3,2026-02-27 02:15:23,populated,stale
CI_WO_PROC_TMPL_L,Y,N,,N,3,2026-01-16 02:05:25,populated,stale
CI_WO_RESP,Y,N,,N,13,2026-02-27 02:15:23,populated,stale
CI_XAI_ADAPTER,Y,N,,N,8,2026-02-21 22:16:50,populated,stale
CI_XAI_ADAPTER_L,Y,N,,N,8,2026-01-07 21:31:27,populated,stale
CI_XAI_CLASS,Y,N,,N,28,2026-02-21 22:16:50,populated,stale
CI_XAI_CLASS_L,Y,N,,N,28,2026-01-07 21:31:27,populated,stale
CI_XAI_DWN,Y,N,,N,0,2026-01-07 21:31:27,empty,stale
CI_XAI_DWN_EXC,Y,N,,N,0,2026-01-07 21:31:27,empty,stale
CI_XAI_DWN_EXP,Y,N,,N,0,2026-01-07 21:31:27,empty,stale
CI_XAI_ENV_HNDL,Y,N,,N,4,2026-01-07 21:31:27,populated,stale
CI_XAI_ENV_HNDL_L,Y,N,,N,4,2026-01-07 21:31:27,populated,stale
CI_XAI_EXECUTER,Y,N,,N,4,2026-01-07 21:31:27,populated,stale
CI_XAI_EXECUTER_L,Y,N,,N,4,2026-01-07 21:31:27,populated,stale
CI_XAI_FORMAT,Y,N,,N,21,2026-01-07 21:31:27,populated,stale
CI_XAI_FORMAT_L,Y,N,,N,21,2026-01-07 21:31:27,populated,stale
CI_XAI_IN_SVC,Y,N,,N,192,2026-02-21 22:16:50,populated,stale
CI_XAI_IN_SVC_L,Y,N,,N,192,2026-02-21 22:16:50,populated,stale
CI_XAI_JDBC_CON,Y,N,,N,0,2026-01-07 21:31:28,empty,stale
CI_XAI_JDBC_CON_L,Y,N,,N,0,2026-01-07 21:31:28,empty,stale
CI_XAI_JMS_CON,Y,N,,N,0,2026-01-07 21:31:28,empty,stale
CI_XAI_JMS_CON_L,Y,N,,N,0,2026-01-07 21:31:28,empty,stale
CI_XAI_JMS_Q,Y,N,,N,0,2026-01-07 21:31:28,empty,stale
CI_XAI_JMS_Q_L,Y,N,,N,0,2026-01-07 21:31:28,empty,stale
CI_XAI_JMS_TPC,Y,N,,N,0,2026-01-07 21:31:28,empty,stale
CI_XAI_JMS_TPC_L,Y,N,,N,0,2026-01-07 21:31:28,empty,stale
CI_XAI_JNDI_SVR,Y,N,,N,0,2026-01-07 21:31:28,empty,stale
CI_XAI_JNDI_SVR_L,Y,N,,N,0,2026-01-07 21:31:28,empty,stale
CI_XAI_OPTION,Y,N,,N,38,2026-01-09 02:12:23,populated,stale
CI_XAI_RCVR,Y,N,,N,0,2026-01-07 21:31:28,empty,stale
CI_XAI_RCVR_CTX,Y,N,,N,0,2026-01-07 21:31:28,empty,stale
CI_XAI_RCVR_L,Y,N,,N,0,2026-01-07 21:31:28,empty,stale
CI_XAI_RCVR_RGRP,Y,N,,N,0,2026-01-07 21:31:28,empty,stale
CI_XAI_RCVR_RSP,Y,N,,N,0,2026-01-07 21:31:28,empty,stale
CI_XAI_RGRP,Y,N,,N,0,2026-01-07 21:31:28,empty,stale
CI_XAI_RGRP_ATT,Y,N,,N,0,2026-01-07 21:31:28,empty,stale
CI_XAI_RGRP_L,Y,N,,N,0,2026-01-07 21:31:28,empty,stale
CI_XAI_ROUTING,Y,N,,N,0,2026-01-07 21:31:28,empty,stale
CI_XAI_RT_TYPE,Y,N,,N,0,2026-01-07 21:31:28,empty,stale
CI_XAI_RT_TYPE_L,Y,N,,N,0,2026-01-07 21:31:28,empty,stale
CI_XAI_RULE,Y,N,,N,0,2026-01-07 21:31:28,empty,stale
CI_XAI_SENDER,Y,N,,N,13,2026-02-13 02:16:57,populated,stale
CI_XAI_SENDER_L,Y,N,,N,13,2026-01-07 21:31:29,populated,stale
CI_XAI_SNDR_CTX,Y,N,,N,56,2026-02-13 02:16:57,populated,stale
CI_XAI_SVC_PARM,Y,N,,N,0,2026-01-07 21:31:29,empty,stale
CI_XML_STGCTL_P,Y,N,,N,0,2026-01-07 21:31:29,empty,stale
CI_XML_STGUP,Y,N,,N,0,2026-01-07 21:31:29,empty,stale
CI_XML_STGUPEXP,Y,N,,N,0,2026-01-07 21:31:29,empty,stale
CI_XML_STGUP_EX,Y,N,,N,0,2026-01-07 21:31:29,empty,stale
CI_XML_STG_CTL,Y,N,,N,0,2026-01-07 21:31:29,empty,stale
CI_ZONE,Y,N,,N,5944,2026-01-09 02:13:00,populated,stale
CI_ZONE_HDL,Y,N,,N,19,2026-01-09 02:12:14,populated,stale
CI_ZONE_HDL_L,Y,N,,N,19,2026-01-13 02:15:05,populated,stale
CI_ZONE_HDL_PRM,Y,N,,N,1519,2026-01-09 02:12:43,populated,stale
CI_ZONE_HDL_PRM_L,Y,N,,N,1519,2026-01-13 02:15:06,populated,stale
CI_ZONE_L,Y,N,,N,5944,2026-01-09 02:12:58,populated,stale
CI_ZONE_PRM,Y,N,,N,1092793,2026-01-09 02:19:04,populated,stale
CMS_SA_SNAPSHOT,Y,N,,N,71196,2026-02-17 02:19:58,populated,stale
D1_ACTIVITY,Y,Y,field_ops,Y,712859,2026-02-21 22:16:52,populated,stale
D1_ACTIVITY_ADJ_TYPE,Y,N,,N,0,2026-01-07 21:31:35,empty,stale
D1_ACTIVITY_CHAR,Y,Y,field_ops,Y,67469,2026-01-17 22:11:42,populated,stale
D1_ACTIVITY_IDENTIFIER,Y,N,,N,83001,2026-01-16 02:06:03,populated,stale
D1_ACTIVITY_K,Y,N,,N,712848,2026-01-07 21:31:36,populated,stale
D1_ACTIVITY_LOG,Y,N,,N,2455689,2026-01-16 02:10:05,populated,stale
D1_ACTIVITY_LOG_PARM,Y,N,,N,1889644,2026-01-16 02:07:26,populated,stale
D1_ACTIVITY_REL,Y,Y,field_ops,Y,56873,2026-01-16 02:06:05,populated,stale
D1_ACTIVITY_REL_OBJ,Y,Y,field_ops,Y,2086904,2026-01-27 02:22:23,populated,stale
D1_ACTIVITY_STAT_MV,Y,N,,N,0,2026-01-07 21:31:57,empty,stale
D1_ACTIVITY_TYPE,Y,N,,N,20,2026-01-16 02:05:28,populated,stale
D1_ACTIVITY_TYPE_CHAR,Y,N,,N,0,2026-01-07 21:31:57,empty,stale
D1_ACTIVITY_TYPE_DIV,Y,N,,N,0,2026-01-07 21:31:57,empty,stale
D1_ACTIVITY_TYPE_FLD_TASK_TYPE,Y,N,,N,111,2026-01-16 02:05:30,populated,stale
D1_ACTIVITY_TYPE_L,Y,N,,N,20,2026-01-16 02:05:26,populated,stale
D1_ADS,Y,N,,N,0,2026-01-07 21:31:57,empty,stale
D1_ADS_IDENTIFIER,Y,N,,N,0,2026-01-07 21:31:57,empty,stale
D1_ADS_K,Y,N,,N,0,2026-01-07 21:31:57,empty,stale
D1_ADS_LOG,Y,N,,N,0,2026-01-07 21:31:57,empty,stale
D1_ADS_LOG_PARM,Y,N,,N,0,2026-01-07 21:31:57,empty,stale
D1_ADS_TYPE,Y,N,,N,0,2026-01-07 21:31:57,empty,stale
D1_ADS_TYPE_L,Y,N,,N,0,2026-01-07 21:31:57,empty,stale
D1_AGG_GROUP,Y,N,,N,0,2026-01-07 21:31:57,empty,stale
D1_AGG_GROUP_CHAR,Y,N,,N,0,2026-01-07 21:31:57,empty,stale
D1_AGG_GROUP_L,Y,N,,N,0,2026-01-07 21:31:57,empty,stale
D1_AGG_GROUP_LOG,Y,N,,N,0,2026-01-07 21:31:58,empty,stale
D1_AGG_GROUP_LOG_PARM,Y,N,,N,0,2026-01-07 21:31:58,empty,stale
D1_AGG_GROUP_RUN,Y,N,,N,0,2026-01-07 21:31:58,empty,stale
D1_AGG_GROUP_RUN_MC_SET,Y,N,,N,0,2026-01-07 21:31:58,empty,stale
D1_AGG_MSRMT,Y,N,,N,0,2026-01-07 21:31:58,empty,stale
D1_ATTR_GRP,Y,N,,N,0,2026-01-07 21:31:58,empty,stale
D1_ATTR_GRP_CHAR,Y,N,,N,0,2026-01-07 21:31:58,empty,stale
D1_ATTR_GRP_L,Y,N,,N,0,2026-01-07 21:31:58,empty,stale
D1_ATTR_VAL,Y,N,,N,0,2026-01-07 21:31:58,empty,stale
D1_ATTR_VAL_K,Y,N,,N,0,2026-01-07 21:31:58,empty,stale
D1_ATTR_VAL_LOG,Y,N,,N,0,2026-01-07 21:31:58,empty,stale
D1_ATTR_VAL_LOG_PARM,Y,N,,N,0,2026-01-07 21:31:58,empty,stale
D1_BILL_CYC,Y,N,,N,11,2026-02-13 02:15:39,populated,stale
D1_BILL_CYC_CHAR,Y,N,,N,0,2026-01-07 21:31:58,empty,stale
D1_BILL_CYC_L,Y,N,,N,11,2026-02-13 02:15:39,populated,stale
D1_BILL_CYC_SCH,Y,N,,N,441,2026-02-13 02:15:46,populated,stale
D1_COMMAND_SET,Y,N,,N,0,2026-01-07 21:31:58,empty,stale
D1_COMMAND_SET_BUS_OBJ,Y,N,,N,0,2026-01-07 21:31:58,empty,stale
D1_COMMAND_SET_CHAR,Y,N,,N,0,2026-01-07 21:31:58,empty,stale
D1_COMMAND_SET_L,Y,N,,N,0,2026-01-07 21:31:58,empty,stale
D1_COMM_IN,Y,N,,N,13682,2026-01-16 02:05:54,populated,stale
D1_COMM_IN_CHAR,Y,N,,N,0,2026-01-07 21:31:58,empty,stale
D1_COMM_IN_IDENTIFIER,Y,N,,N,13681,2026-01-07 21:31:58,populated,stale
D1_COMM_IN_K,Y,N,,N,13682,2026-01-07 21:31:59,populated,stale
D1_COMM_IN_LOG,Y,N,,N,68652,2026-01-07 21:31:59,populated,stale
D1_COMM_IN_LOG_PARM,Y,N,,N,68732,2026-01-07 21:31:59,populated,stale
D1_COMM_IN_REL_OBJ,Y,N,,N,40330,2026-01-16 02:06:00,populated,stale
D1_COMM_OUT,Y,N,,N,28598,2026-02-27 02:13:28,populated,stale
D1_COMM_OUT_CHAR,Y,N,,N,0,2026-01-07 21:31:59,empty,stale
D1_COMM_OUT_IDENTIFIER,Y,N,,N,27873,2026-01-16 02:05:44,populated,stale
D1_COMM_OUT_K,Y,N,,N,27879,2026-01-07 21:31:59,populated,stale
D1_COMM_OUT_LOG,Y,N,,N,138792,2026-01-16 02:06:58,populated,stale
D1_COMM_OUT_LOG_PARM,Y,N,,N,111014,2026-01-16 02:06:14,populated,stale
D1_COMM_OUT_REL_OBJ,Y,N,,N,83510,2026-01-16 02:06:18,populated,stale
D1_COMM_TYPE,Y,N,,N,3,2026-01-16 02:05:26,populated,stale
D1_COMM_TYPE_CHAR,Y,N,,N,0,2026-01-07 21:32:01,empty,stale
D1_COMM_TYPE_L,Y,N,,N,3,2026-01-16 02:05:29,populated,stale
D1_COMPL_EVT,Y,N,,N,15069,2026-01-16 02:06:56,populated,stale
D1_COMPL_EVT_CHAR,Y,N,,N,0,2026-01-07 21:32:01,empty,stale
D1_COMPL_EVT_K,Y,N,,N,15069,2026-01-07 21:32:01,populated,stale
D1_COMPL_EVT_LOG,Y,N,,N,30603,2026-01-07 21:32:01,populated,stale
D1_COMPL_EVT_LOG_PARM,Y,N,,N,30139,2026-01-07 21:32:01,populated,stale
D1_COMPL_EVT_REL_OBJ,Y,N,,N,1,2026-01-07 21:32:01,populated,stale
D1_CONS_EXT_TYPE,Y,N,,N,0,2026-01-07 21:32:01,empty,stale
D1_CONS_EXT_TYPE_ALG,Y,N,,N,0,2026-01-07 21:32:01,empty,stale
D1_CONS_EXT_TYPE_CHAR,Y,N,,N,0,2026-01-07 21:32:01,empty,stale
D1_CONS_EXT_TYPE_IRR_DATA_MAP,Y,N,,N,0,2026-01-07 21:32:01,empty,stale
D1_CONS_EXT_TYPE_L,Y,N,,N,0,2026-01-07 21:32:01,empty,stale
D1_CONS_EXT_TYPE_MDS_TYPE,Y,N,,N,0,2026-01-07 21:32:01,empty,stale
D1_CONS_EXT_TYPE_SP_TYPE,Y,N,,N,0,2026-01-07 21:32:01,empty,stale
D1_CONS_EXT_TYPE_US_TYPE,Y,N,,N,0,2026-01-07 21:32:02,empty,stale
D1_CONTACT,Y,N,,N,50719,2026-02-13 02:17:11,populated,stale
D1_CONTACT_CHAR,Y,N,,N,0,2026-01-07 21:32:02,empty,stale
D1_CONTACT_EMAIL,Y,N,,N,7003,2026-01-16 02:05:35,populated,stale
D1_CONTACT_IDENTIFIER,Y,Y,customer_ops,Y,52800,2026-01-09 02:13:14,populated,stale
D1_CONTACT_K,Y,N,,N,50718,2026-01-07 21:32:02,populated,stale
D1_CONTACT_NAME,Y,N,,N,50719,2026-02-13 02:17:04,populated,stale
D1_CONTACT_PHONE,Y,N,,N,48505,2026-02-13 02:17:07,populated,stale
D1_CONTACT_TYPE,Y,N,,N,2,2026-02-13 02:16:58,populated,stale
D1_CONTACT_TYPE_CHAR,Y,N,,N,0,2026-01-07 21:32:02,empty,stale
D1_CONTACT_TYPE_L,Y,N,,N,2,2026-02-13 02:16:59,populated,stale
D1_DATA_SRC,Y,N,,N,0,2026-01-07 21:32:03,empty,stale
D1_DATA_SRC_CHAR,Y,N,,N,0,2026-01-07 21:32:03,empty,stale
D1_DATA_SRC_ITEM_TYPE,Y,N,,N,0,2026-01-07 21:32:03,empty,stale
D1_DATA_SRC_L,Y,N,,N,0,2026-01-07 21:32:03,empty,stale
D1_DATA_SRC_MC_SET,Y,N,,N,0,2026-01-07 21:32:03,empty,stale
D1_DATA_SRC_MC_TYPE,Y,N,,N,0,2026-01-07 21:32:03,empty,stale
D1_DATA_SRC_MSRMT_DATA_SNAP,Y,N,,N,0,2026-01-07 21:32:03,empty,stale
D1_DATA_SRC_SP_QTY,Y,N,,N,0,2026-01-07 21:32:03,empty,stale
D1_DATA_SRC_US_QTY,Y,N,,N,0,2026-01-07 21:32:03,empty,stale
D1_DATA_SRC_US_TYPE,Y,N,,N,0,2026-01-07 21:32:03,empty,stale
D1_DIVISION,Y,N,,N,1,2026-01-09 02:12:18,populated,stale
D1_DIVISION_CHAR,Y,N,,N,0,2026-01-07 21:32:03,empty,stale
D1_DIVISION_L,Y,N,,N,1,2026-01-16 02:05:25,populated,stale
D1_DVC,Y,Y,meter_ops,Y,54308,2026-01-31 22:17:19,populated,stale
D1_DVC_CFG,Y,Y,meter_ops,Y,26967,2026-01-28 02:15:12,populated,stale
D1_DVC_CFG_BK_1018,Y,N,,N,205,2026-01-07 21:32:04,populated,stale
D1_DVC_CFG_CHAR,Y,Y,meter_ops,Y,2,2026-01-16 02:05:24,populated,stale
D1_DVC_CFG_K,Y,N,,N,26967,2026-01-07 21:32:04,populated,stale
D1_DVC_CFG_LOG,Y,N,,N,53920,2026-01-07 21:32:04,populated,stale
D1_DVC_CFG_LOG_PARM,Y,N,,N,8010,2026-01-07 21:32:04,populated,stale
D1_DVC_CFG_TMP,Y,N,,N,23918,2026-01-07 21:32:04,populated,stale
D1_DVC_CFG_TYPE,Y,N,,N,7,2026-01-09 02:12:13,populated,stale
D1_DVC_CFG_TYPE_CHAR,Y,N,,N,0,2026-01-07 21:32:05,empty,stale
D1_DVC_CFG_TYPE_L,Y,N,,N,7,2026-01-16 02:05:27,populated,stale
D1_DVC_CFG_TYPE_MC_TYPE,Y,N,,N,16,2026-01-23 02:18:51,populated,stale
D1_DVC_CHAR,Y,N,,N,22828,2026-01-30 02:21:36,populated,stale
D1_DVC_EQPMNT,Y,N,,N,0,2026-01-07 21:32:05,empty,stale
D1_DVC_EVT,Y,Y,meter_ops,Y,7788,2026-01-31 22:17:18,populated,stale
D1_DVC_EVT_CHAR,Y,N,,N,0,2026-01-07 21:32:05,empty,stale
D1_DVC_EVT_IDENTIFIER,Y,N,,N,7787,2026-01-28 02:15:08,populated,stale
D1_DVC_EVT_K,Y,N,,N,7788,2026-01-07 21:32:05,populated,stale
D1_DVC_EVT_LOG,Y,N,,N,7781,2026-01-07 21:32:05,populated,stale
D1_DVC_EVT_LOG_PARM,Y,N,,N,7832,2026-01-07 21:32:06,populated,stale
D1_DVC_EVT_REL_OBJ,Y,N,,N,0,2026-01-07 21:32:06,empty,stale
D1_DVC_EVT_TYPE,Y,N,,N,96,2026-01-28 02:15:05,populated,stale
D1_DVC_EVT_TYPE_CHAR,Y,N,,N,0,2026-01-07 21:32:06,empty,stale
D1_DVC_EVT_TYPE_L,Y,N,,N,96,2026-01-28 02:15:05,populated,stale
D1_DVC_IDENTIFIER,Y,Y,meter_ops,Y,177918,2026-01-27 02:21:58,populated,stale
D1_DVC_K,Y,N,,N,54308,2026-01-07 21:32:06,populated,stale
D1_DVC_LOG,Y,N,,N,30456,2026-01-27 02:21:55,populated,stale
D1_DVC_LOG_PARM,Y,N,,N,7628,2026-01-27 02:21:53,populated,stale
D1_DVC_TYPE,Y,N,,N,7,2026-02-13 02:16:58,populated,stale
D1_DVC_TYPE_CFG_TYPE,Y,N,,N,7,2026-01-07 21:32:07,populated,stale
D1_DVC_TYPE_CHAR,Y,N,,N,25,2026-01-27 02:21:52,populated,stale
D1_DVC_TYPE_L,Y,N,,N,7,2026-02-18 02:13:50,populated,stale
D1_DVC_TYPE_SPR,Y,N,,N,0,2026-01-07 21:32:07,empty,stale
D1_DVC_TYPE_SQ,Y,N,,N,8,2026-01-07 21:32:07,populated,stale
D1_DVC_TYPE_SQ_CHAR,Y,N,,N,0,2026-01-07 21:32:07,empty,stale
D1_DVC_TYPE_VALID_DVC_CHAR,Y,N,,N,0,2026-01-07 21:32:07,empty,stale
D1_DYN_OPT,Y,N,,N,0,2026-01-07 21:32:07,empty,stale
D1_DYN_OPT_CHAR,Y,N,,N,0,2026-01-07 21:32:07,empty,stale
D1_DYN_OPT_EVENT,Y,N,,N,0,2026-01-07 21:32:08,empty,stale
D1_DYN_OPT_EVENT_CHAR,Y,N,,N,0,2026-01-07 21:32:08,empty,stale
D1_DYN_OPT_EVENT_K,Y,N,,N,0,2026-01-07 21:32:08,empty,stale
D1_DYN_OPT_EVENT_LOG,Y,N,,N,0,2026-01-07 21:32:08,empty,stale
D1_DYN_OPT_EVENT_LOG_PARM,Y,N,,N,0,2026-01-07 21:32:08,empty,stale
D1_DYN_OPT_K,Y,N,,N,0,2026-01-07 21:32:08,empty,stale
D1_DYN_OPT_L,Y,N,,N,0,2026-01-07 21:32:08,empty,stale
D1_DYN_OPT_LOG,Y,N,,N,0,2026-01-07 21:32:08,empty,stale
D1_DYN_OPT_LOG_PARM,Y,N,,N,0,2026-01-07 21:32:08,empty,stale
D1_DYN_OPT_TYPE,Y,N,,N,0,2026-01-07 21:32:08,empty,stale
D1_DYN_OPT_TYPE_CHAR,Y,N,,N,0,2026-01-07 21:32:08,empty,stale
D1_DYN_OPT_TYPE_L,Y,N,,N,0,2026-01-07 21:32:08,empty,stale
D1_EXCP_TYPE,Y,N,,N,34,2026-01-09 02:12:27,populated,stale
D1_EXCP_TYPE_CHAR,Y,N,,N,0,2026-01-07 21:32:08,empty,stale
D1_EXCP_TYPE_L,Y,N,,N,34,2026-01-27 02:21:53,populated,stale
D1_FACILITY,Y,N,,N,0,2026-01-07 21:32:08,empty,stale
D1_FACILITY_CHAR,Y,N,,N,0,2026-01-07 21:32:08,empty,stale
D1_FACILITY_IDENTIFIER,Y,N,,N,0,2026-01-07 21:32:08,empty,stale
D1_FACILITY_K,Y,N,,N,0,2026-01-07 21:32:08,empty,stale
D1_FACILITY_L,Y,N,,N,0,2026-01-07 21:32:08,empty,stale
D1_FACILITY_LOG,Y,N,,N,0,2026-01-07 21:32:08,empty,stale
D1_FACILITY_LOG_PARM,Y,N,,N,0,2026-01-07 21:32:08,empty,stale
D1_FACILITY_SP,Y,N,,N,0,2026-01-07 21:32:08,empty,stale
D1_FACTOR,Y,N,,N,9,2026-02-28 22:20:29,populated,stale
D1_FACTOR_CHAR,Y,N,,N,0,2026-01-07 21:32:09,empty,stale
D1_FACTOR_CHAR_VALUE,Y,N,,N,32,2026-01-07 21:32:09,populated,stale
D1_FACTOR_L,Y,N,,N,9,2026-01-23 02:18:51,populated,stale
D1_FACTOR_VALUE,Y,N,,N,26,2026-02-28 22:20:29,populated,stale
D1_FACTOR_VALUE_CHAR,Y,N,,N,0,2026-01-07 21:32:09,empty,stale
D1_GTT1,Y,N,,N,,,unknown,unknown
D1_GTT10,Y,N,,N,,,unknown,unknown
D1_GTT2,Y,N,,N,,,unknown,unknown
D1_GTT3,Y,N,,N,,,unknown,unknown
D1_GTT4,Y,N,,N,,,unknown,unknown
D1_GTT5,Y,N,,N,,,unknown,unknown
D1_GTT6,Y,N,,N,,,unknown,unknown
D1_GTT7,Y,N,,N,,,unknown,unknown
D1_GTT8,Y,N,,N,,,unknown,unknown
D1_GTT9,Y,N,,N,,,unknown,unknown
D1_IMD_CTRL,Y,N,,N,344,2026-01-23 02:17:58,populated,stale
D1_IMD_CTRL_SEEDER,Y,N,,N,4,2026-01-07 21:32:09,populated,stale
D1_INIT_MSRMT_DATA,Y,Y,meter_ops,Y,694598,2026-02-27 02:16:01,populated,stale
D1_INIT_MSRMT_DATA_CHAR,Y,N,,N,0,2026-01-07 21:32:20,empty,stale
D1_INIT_MSRMT_DATA_K,Y,N,,N,694579,2026-01-07 21:32:20,populated,stale
D1_INIT_MSRMT_DATA_LOG,Y,N,,N,564585,2026-01-23 02:19:57,populated,stale
D1_INIT_MSRMT_DATA_LOG_PARM,Y,N,,N,1118242,2026-01-07 21:32:22,populated,stale
D1_INIT_MSRMT_SNAP,Y,N,,N,0,2026-01-07 21:32:23,empty,stale
D1_INIT_MSRMT_SNAP_CHAR,Y,N,,N,0,2026-01-07 21:32:23,empty,stale
D1_INIT_MSRMT_SNAP_K,Y,N,,N,0,2026-01-07 21:32:24,empty,stale
D1_INIT_MSRMT_SNAP_LOG,Y,N,,N,0,2026-01-07 21:32:24,empty,stale
D1_INIT_MSRMT_SNAP_LOG_PARM,Y,N,,N,0,2026-01-07 21:32:24,empty,stale
D1_INSTALL_EVT,Y,Y,meter_ops,Y,24992,2026-01-28 02:15:11,populated,stale
D1_INSTALL_EVT_CHAR,Y,N,,N,75,2026-01-16 02:05:25,populated,stale
D1_INSTALL_EVT_K,Y,N,,N,24992,2026-01-07 21:32:24,populated,stale
D1_INSTALL_EVT_LOG,Y,N,,N,34381,2026-01-07 21:32:24,populated,stale
D1_INSTALL_EVT_LOG_PARM,Y,N,,N,12390,2026-01-07 21:32:25,populated,stale
D1_INT_SNAP_MAP,Y,N,,N,0,2026-01-07 21:32:25,empty,stale
D1_MANUFACTURER,Y,N,,N,11,2026-01-27 02:21:53,populated,stale
D1_MANUFACTURER_L,Y,N,,N,11,2026-02-18 02:13:49,populated,stale
D1_MC_COMPAR_PERIOD,Y,N,,N,0,2026-01-07 21:32:25,empty,stale
D1_MC_COMPAR_PERIOD_LOG,Y,N,,N,0,2026-01-07 21:32:25,empty,stale
D1_MC_COMPAR_TYPE,Y,N,,N,0,2026-01-07 21:32:25,empty,stale
D1_MC_COMPAR_TYPE_L,Y,N,,N,0,2026-01-07 21:32:25,empty,stale
D1_MC_COMPAR_TYPE_REL_OBJ,Y,N,,N,0,2026-01-07 21:32:25,empty,stale
D1_MC_TYPE_VALUE_IDENTIFIER,Y,N,,N,9,2026-01-09 02:12:19,populated,stale
D1_MC_TYPE_VALUE_IDENTIFIER_L,Y,N,,N,9,2026-01-23 02:18:51,populated,stale
D1_MDSI,Y,N,,N,0,2026-01-07 21:32:26,empty,stale
D1_MDSI_K,Y,N,,N,0,2026-01-07 21:32:26,empty,stale
D1_MDSS,Y,N,,N,0,2026-01-07 21:32:26,empty,stale
D1_MDSS_K,Y,N,,N,0,2026-01-07 21:32:26,empty,stale
D1_MEASR_BK_1027,Y,N,,N,3357782,2026-01-08 02:37:35,populated,stale
D1_MEASR_COMP,Y,Y,meter_ops,Y,28504,2026-01-30 02:21:37,populated,stale
D1_MEASR_COMP_ATTRIBUTES,Y,N,,N,0,2026-01-07 21:32:30,empty,stale
D1_MEASR_COMP_CHAR,Y,N,,N,0,2026-01-07 21:32:31,empty,stale
D1_MEASR_COMP_IDENTIFIER,Y,N,,N,26729,2026-01-09 02:12:55,populated,stale
D1_MEASR_COMP_K,Y,N,,N,28504,2026-01-07 21:32:31,populated,stale
D1_MEASR_COMP_LOG,Y,N,,N,28535,2026-01-07 21:32:31,populated,stale
D1_MEASR_COMP_LOG_PARM,Y,N,,N,94,2026-01-07 21:32:31,populated,stale
D1_MEASR_COMP_REL,Y,N,,N,0,2026-01-07 21:32:31,empty,stale
D1_MEASR_COMP_SET,Y,N,,N,0,2026-01-07 21:32:31,empty,stale
D1_MEASR_COMP_SET_CHAR,Y,N,,N,0,2026-01-07 21:32:31,empty,stale
D1_MEASR_COMP_SET_CRIT,Y,N,,N,0,2026-01-07 21:32:32,empty,stale
D1_MEASR_COMP_SET_DIMENSION,Y,N,,N,0,2026-01-07 21:32:32,empty,stale
D1_MEASR_COMP_SET_L,Y,N,,N,0,2026-01-07 21:32:32,empty,stale
D1_MEASR_COMP_SET_LOG,Y,N,,N,0,2026-01-07 21:32:32,empty,stale
D1_MEASR_COMP_SET_LOG_PARM,Y,N,,N,0,2026-01-07 21:32:32,empty,stale
D1_MEASR_COMP_SET_PARTICIPANT,Y,N,,N,0,2026-01-07 21:32:32,empty,stale
D1_MEASR_COMP_SET_REL,Y,N,,N,0,2026-01-07 21:32:32,empty,stale
D1_MEASR_COMP_SMALL_CORRECT,Y,N,,N,728,2026-01-07 21:32:32,populated,stale
D1_MEASR_COMP_TYPE,Y,N,,N,9,2026-01-30 02:21:34,populated,stale
D1_MEASR_COMP_TYPE_CHAR,Y,N,,N,0,2026-01-07 21:32:32,empty,stale
D1_MEASR_COMP_TYPE_L,Y,N,,N,9,2026-01-29 02:18:01,populated,stale
D1_MEASR_COMP_TYPE_VEE_GRP,Y,N,,N,90,2026-02-28 22:20:29,populated,stale
D1_MEASR_COMP_TYP_FBK_VEE_GRP,Y,N,,N,27,2026-02-28 22:20:29,populated,stale
D1_MEASR_COMP_VEE_GROUP,Y,N,,N,0,2026-01-07 21:32:32,empty,stale
D1_MKT,Y,N,,N,0,2026-01-07 21:32:32,empty,stale
D1_MKT_AWARD,Y,N,,N,0,2026-01-07 21:32:32,empty,stale
D1_MKT_AWARD_CHAR,Y,N,,N,0,2026-01-07 21:32:32,empty,stale
D1_MKT_AWARD_CONTRACT,Y,N,,N,0,2026-01-07 21:32:32,empty,stale
D1_MKT_AWARD_DT_CHAR,Y,N,,N,0,2026-01-07 21:32:32,empty,stale
D1_MKT_AWARD_IDENTIFIER,Y,N,,N,0,2026-01-07 21:32:32,empty,stale
D1_MKT_AWARD_K,Y,N,,N,0,2026-01-07 21:32:32,empty,stale
D1_MKT_AWARD_LOG,Y,N,,N,0,2026-01-07 21:32:32,empty,stale
D1_MKT_AWARD_LOG_PARM,Y,N,,N,0,2026-01-07 21:32:33,empty,stale
D1_MKT_CHAR,Y,N,,N,0,2026-01-07 21:32:33,empty,stale
D1_MKT_CONTRACT,Y,N,,N,0,2026-01-07 21:32:33,empty,stale
D1_MKT_CONTRACT_CHAR,Y,N,,N,0,2026-01-07 21:32:33,empty,stale
D1_MKT_CONTRACT_IDENTIFIER,Y,N,,N,0,2026-01-07 21:32:33,empty,stale
D1_MKT_CONTRACT_K,Y,N,,N,0,2026-01-07 21:32:33,empty,stale
D1_MKT_CONTRACT_LOG,Y,N,,N,0,2026-01-07 21:32:33,empty,stale
D1_MKT_CONTRACT_LOG_PARM,Y,N,,N,0,2026-01-07 21:32:33,empty,stale
D1_MKT_CONTRACT_TYPE,Y,N,,N,0,2026-01-07 21:32:33,empty,stale
D1_MKT_CONTRACT_TYPE_CHAR,Y,N,,N,0,2026-01-07 21:32:33,empty,stale
D1_MKT_CONTRACT_TYPE_L,Y,N,,N,0,2026-01-07 21:32:33,empty,stale
D1_MKT_FALLBACK_SPR,Y,N,,N,0,2026-01-07 21:32:33,empty,stale
D1_MKT_L,Y,N,,N,0,2026-01-07 21:32:33,empty,stale
D1_MKT_PRODUCT,Y,N,,N,0,2026-01-07 21:32:33,empty,stale
D1_MKT_PRODUCT_CHAR,Y,N,,N,0,2026-01-07 21:32:33,empty,stale
D1_MKT_PRODUCT_IDENTIFIER,Y,N,,N,0,2026-01-07 21:32:33,empty,stale
D1_MKT_PRODUCT_K,Y,N,,N,0,2026-01-07 21:32:33,empty,stale
D1_MKT_PRODUCT_L,Y,N,,N,0,2026-01-07 21:32:33,empty,stale
D1_MKT_PRODUCT_LOG,Y,N,,N,0,2026-01-07 21:32:33,empty,stale
D1_MKT_PRODUCT_LOG_PARM,Y,N,,N,0,2026-01-07 21:32:33,empty,stale
D1_MKT_PRODUCT_SET,Y,N,,N,0,2026-01-07 21:32:33,empty,stale
D1_MKT_PRODUCT_SET_CHAR,Y,N,,N,0,2026-01-07 21:32:33,empty,stale
D1_MKT_PRODUCT_SET_L,Y,N,,N,0,2026-01-07 21:32:34,empty,stale
D1_MKT_PRODUCT_TYPE,Y,N,,N,0,2026-01-07 21:32:34,empty,stale
D1_MKT_PRODUCT_TYPE_CHAR,Y,N,,N,0,2026-01-07 21:32:34,empty,stale
D1_MKT_PRODUCT_TYPE_L,Y,N,,N,0,2026-01-07 21:32:34,empty,stale
D1_MKT_REL_TYPE,Y,N,,N,0,2026-01-07 21:32:34,empty,stale
D1_MKT_RP,Y,N,,N,0,2026-01-07 21:32:34,empty,stale
D1_MKT_RP_ATTR,Y,N,,N,0,2026-01-07 21:32:34,empty,stale
D1_MKT_RP_CHAR,Y,N,,N,0,2026-01-07 21:32:34,empty,stale
D1_MKT_RP_IDENTIFIER,Y,N,,N,0,2026-01-07 21:32:34,empty,stale
D1_MKT_RP_K,Y,N,,N,0,2026-01-07 21:32:34,empty,stale
D1_MKT_RP_LOG,Y,N,,N,0,2026-01-07 21:32:34,empty,stale
D1_MKT_RP_LOG_PARM,Y,N,,N,0,2026-01-07 21:32:34,empty,stale
D1_MKT_RP_REL,Y,N,,N,0,2026-01-07 21:32:35,empty,stale
D1_MKT_RP_REL_OBJ,Y,N,,N,0,2026-01-07 21:32:35,empty,stale
D1_MKT_VALID_SPR,Y,N,,N,0,2026-01-07 21:32:35,empty,stale
D1_MODEL,Y,N,,N,57,2026-01-07 21:32:35,populated,stale
D1_MODEL_L,Y,N,,N,57,2026-02-18 02:13:49,populated,stale
D1_MSRMT,Y,Y,meter_ops,Y,1680195,2026-01-17 22:12:49,populated,stale
D1_MSRMT_CHAR,Y,N,,N,0,2026-01-07 21:32:37,empty,stale
D1_MSRMT_CYC,Y,N,,N,9,2026-01-09 02:12:16,populated,stale
D1_MSRMT_CYC_BILL_CYC,Y,N,,N,9,2026-02-13 02:16:58,populated,stale
D1_MSRMT_CYC_CHAR,Y,N,,N,0,2026-01-07 21:32:37,empty,stale
D1_MSRMT_CYC_L,Y,N,,N,9,2026-01-30 02:21:34,populated,stale
D1_MSRMT_CYC_MCR,Y,N,,N,9,2026-01-23 02:18:52,populated,stale
D1_MSRMT_CYC_RTE,Y,N,,N,74,2026-01-30 02:21:34,populated,stale
D1_MSRMT_CYC_RTE_CHAR,Y,N,,N,0,2026-01-07 21:32:38,empty,stale
D1_MSRMT_CYC_RTE_L,Y,N,,N,74,2026-01-29 02:18:01,populated,stale
D1_MSRMT_CYC_SCHED,Y,N,,N,437,2026-01-30 02:21:34,populated,stale
D1_MSRMT_CYC_SCHED_CHAR,Y,N,,N,0,2026-01-07 21:32:38,empty,stale
D1_MSRMT_CYC_SCHED_RTE,Y,N,,N,2570,2026-01-30 02:21:34,populated,stale
D1_MSRMT_DATA_SNAP_TYPE,Y,N,,N,0,2026-01-07 21:32:38,empty,stale
D1_MSRMT_DATA_SNAP_TYPE_CHAR,Y,N,,N,0,2026-01-07 21:32:38,empty,stale
D1_MSRMT_DATA_SNAP_TYPE_L,Y,N,,N,0,2026-01-07 21:32:38,empty,stale
D1_MSRMT_LOG,Y,Y,meter_ops,Y,16216,2026-01-27 02:22:12,populated,stale
D1_MSRMT_LOG_PARM,Y,N,,N,0,2026-01-07 21:32:38,empty,stale
D1_MSRMT_TMP,Y,N,,N,,,unknown,unknown
D1_MULTI_VAR_FACTOR,Y,N,,N,0,2026-01-07 21:32:38,empty,stale
D1_MULTI_VAR_FACTOR_L,Y,N,,N,0,2026-01-07 21:32:38,empty,stale
D1_MULTI_VAR_FACTOR_VAL,Y,N,,N,0,2026-01-07 21:32:39,empty,stale
D1_MULTI_VAR_FACTOR_VAL_CHAR,Y,N,,N,0,2026-01-07 21:32:39,empty,stale
D1_NW_LOC,Y,N,,N,0,2026-01-07 21:32:39,empty,stale
D1_NW_LOC_CHAR,Y,N,,N,0,2026-01-07 21:32:39,empty,stale
D1_NW_LOC_IDENTIFIER,Y,N,,N,0,2026-01-07 21:32:39,empty,stale
D1_NW_LOC_K,Y,N,,N,0,2026-01-07 21:32:39,empty,stale
D1_NW_LOC_LOG,Y,N,,N,0,2026-01-07 21:32:39,empty,stale
D1_NW_LOC_LOG_PARM,Y,N,,N,0,2026-01-07 21:32:39,empty,stale
D1_NW_NODE,Y,N,,N,0,2026-01-07 21:32:39,empty,stale
D1_OBIEE_EVENT_POLLING,Y,N,,N,0,2026-01-07 21:32:39,empty,stale
D1_ON_OFF_HIST,Y,N,,N,29441,2026-01-09 02:13:16,populated,stale
D1_PROC_MTHD,Y,N,,N,19,2026-01-16 02:05:29,populated,stale
D1_PROC_MTHD_CHAR,Y,N,,N,0,2026-01-07 21:32:39,empty,stale
D1_PROC_MTHD_L,Y,N,,N,19,2026-01-09 02:12:19,populated,stale
D1_PROC_TIMETABLE_TYPE,Y,N,,N,0,2026-01-07 21:32:39,empty,stale
D1_PROC_TIMETABLE_TYPE_L,Y,N,,N,0,2026-01-07 21:32:39,empty,stale
D1_REFERENCED_MKT_PRODUCT,Y,N,,N,0,2026-01-07 21:32:39,empty,stale
D1_SETT_UNIT,Y,N,,N,0,2026-01-07 21:32:39,empty,stale
D1_SETT_UNIT_CHAR,Y,N,,N,0,2026-01-07 21:32:39,empty,stale
D1_SETT_UNIT_DIMENSION,Y,N,,N,0,2026-01-07 21:32:39,empty,stale
D1_SETT_UNIT_DIM_COMB,Y,N,,N,0,2026-01-07 21:32:39,empty,stale
D1_SETT_UNIT_DIM_VAL,Y,N,,N,0,2026-01-07 21:32:39,empty,stale
D1_SETT_UNIT_L,Y,N,,N,0,2026-01-07 21:32:40,empty,stale
D1_SNAPSHOT_DL_CTRL,Y,N,,N,0,2026-01-07 21:32:40,empty,stale
D1_SP,Y,Y,meter_ops,Y,32976,2026-02-21 22:16:51,populated,stale
D1_SPR,Y,N,,N,5,2026-01-09 02:12:28,populated,stale
D1_SPR_CHAR,Y,N,,N,0,2026-01-07 21:32:40,empty,stale
D1_SPR_DT_CHAR,Y,N,,N,0,2026-01-07 21:32:40,empty,stale
D1_SPR_L,Y,N,,N,5,2026-01-30 02:21:34,populated,stale
D1_SP_CHAR,Y,N,,N,35039,2026-01-09 02:13:23,populated,stale
D1_SP_CONTACT,Y,N,,N,30876,2026-01-09 02:13:13,populated,stale
D1_SP_EQPMNT,Y,Y,meter_ops,Y,25642,2026-01-30 02:21:36,populated,stale
D1_SP_FACILITY,Y,N,,N,0,2026-01-07 21:32:41,empty,stale
D1_SP_IDENTIFIER,Y,Y,meter_ops,Y,98901,2026-02-12 02:14:28,populated,stale
D1_SP_K,Y,N,,N,32966,2026-01-07 21:32:41,populated,stale
D1_SP_LOG,Y,N,,N,33339,2026-02-12 02:14:30,populated,stale
D1_SP_LOG_PARM,Y,N,,N,1818,2026-02-12 02:14:26,populated,stale
D1_SP_MKT_PARTICIPANT,Y,N,,N,0,2026-01-07 21:32:42,empty,stale
D1_SP_MSRMT_CYC_SCHED_RTE,Y,Y,meter_ops,Y,848476,2026-01-30 02:22:12,populated,stale
D1_SP_QTY,Y,N,,N,0,2026-01-07 21:32:42,empty,stale
D1_SP_QTY_K,Y,N,,N,0,2026-01-07 21:32:43,empty,stale
D1_SP_QTY_LOG,Y,N,,N,0,2026-01-07 21:32:43,empty,stale
D1_SP_QTY_LOG_PARM,Y,N,,N,0,2026-01-07 21:32:43,empty,stale
D1_SP_QTY_TYPE,Y,N,,N,0,2026-01-07 21:32:43,empty,stale
D1_SP_QTY_TYPE_IDENTIFIER,Y,N,,N,0,2026-01-07 21:32:43,empty,stale
D1_SP_QTY_TYPE_IDENTIFIER_L,Y,N,,N,0,2026-01-07 21:32:43,empty,stale
D1_SP_QTY_TYPE_L,Y,N,,N,0,2026-01-07 21:32:43,empty,stale
D1_SP_REL,Y,N,,N,0,2026-01-07 21:32:43,empty,stale
D1_SP_SNAP_DL,Y,N,,N,0,2026-01-07 21:32:43,empty,stale
D1_SP_SNAP_DL_K,Y,N,,N,0,2026-01-07 21:32:43,empty,stale
D1_SP_TYPE,Y,N,,N,20,2026-02-21 22:16:50,populated,stale
D1_SP_TYPE_CHAR,Y,N,,N,0,2026-01-07 21:32:43,empty,stale
D1_SP_TYPE_DEVICE_TYPE,Y,N,,N,28,2026-01-16 02:05:31,populated,stale
D1_SP_TYPE_DISCONNECT_LOCATION,Y,N,,N,0,2026-01-07 21:32:43,empty,stale
D1_SP_TYPE_DIV,Y,N,,N,20,2026-01-16 02:05:29,populated,stale
D1_SP_TYPE_FIELD_TASK_TYPE,Y,N,,N,0,2026-01-07 21:32:43,empty,stale
D1_SP_TYPE_L,Y,N,,N,20,2026-01-29 02:18:01,populated,stale
D1_SP_UNR_USG_SNAP_DL,Y,N,,N,0,2026-01-07 21:32:43,empty,stale
D1_SP_UNR_USG_SNAP_DL_K,Y,N,,N,0,2026-01-07 21:32:43,empty,stale
D1_SP_USG_SNAP_DL,Y,N,,N,0,2026-01-07 21:32:43,empty,stale
D1_SP_USG_SNAP_DL_K,Y,N,,N,0,2026-01-07 21:32:44,empty,stale
D1_SP_VEE_EXCP_SNAP_DL,Y,N,,N,0,2026-01-07 21:32:44,empty,stale
D1_SP_VEE_EXCP_SNAP_DL_K,Y,N,,N,0,2026-01-07 21:32:44,empty,stale
D1_SQI,Y,N,,N,44,2026-01-07 21:32:44,populated,stale
D1_SQI_L,Y,N,,N,44,2026-01-09 02:12:18,populated,stale
D1_STG_MSRMT,Y,N,,N,0,2026-01-07 21:32:44,empty,stale
D1_SVC_TYPE,Y,N,,N,7,2026-01-16 02:05:27,populated,stale
D1_SVC_TYPE_L,Y,N,,N,7,2026-01-16 02:05:27,populated,stale
D1_TOU,Y,N,,N,4,2026-01-29 02:18:01,populated,stale
D1_TOU_GRP,Y,N,,N,1,2026-01-29 02:18:01,populated,stale
D1_TOU_GRP_CHAR,Y,N,,N,0,2026-01-07 21:32:44,empty,stale
D1_TOU_GRP_L,Y,N,,N,1,2026-01-29 02:18:01,populated,stale
D1_TOU_GRP_TOU,Y,N,,N,3,2026-01-07 21:32:44,populated,stale
D1_TOU_L,Y,N,,N,4,2026-01-09 02:12:31,populated,stale
D1_TOU_MAP,Y,N,,N,0,2026-01-07 21:32:44,empty,stale
D1_TOU_MAP_CHAR,Y,N,,N,0,2026-01-07 21:32:44,empty,stale
D1_TOU_MAP_DATA,Y,N,,N,0,2026-01-07 21:32:44,empty,stale
D1_TOU_MAP_DATA_CHAR,Y,N,,N,0,2026-01-07 21:32:44,empty,stale
D1_TOU_MAP_DATA_TMP,Y,N,,N,,,unknown,unknown
D1_TOU_MAP_DATA_TMP2,Y,N,,N,,,unknown,unknown
D1_TOU_MAP_DYN_OPT,Y,N,,N,0,2026-01-07 21:32:44,empty,stale
D1_TOU_MAP_K,Y,N,,N,0,2026-01-07 21:32:44,empty,stale
D1_TOU_MAP_L,Y,N,,N,0,2026-01-07 21:32:45,empty,stale
D1_TOU_MAP_LOG,Y,N,,N,0,2026-01-07 21:32:45,empty,stale
D1_TOU_MAP_LOG_PARM,Y,N,,N,0,2026-01-07 21:32:45,empty,stale
D1_TOU_MAP_TMPLT,Y,N,,N,1,2026-01-07 21:32:45,populated,stale
D1_TOU_MAP_TMPLT_CHAR,Y,N,,N,0,2026-01-07 21:32:45,empty,stale
D1_TOU_MAP_TMPLT_L,Y,N,,N,1,2026-01-07 21:32:45,populated,stale
D1_TOU_MAP_TYPE,Y,N,,N,1,2026-02-03 02:14:28,populated,stale
D1_TOU_MAP_TYPE_CHAR,Y,N,,N,0,2026-01-07 21:32:45,empty,stale
D1_TOU_MAP_TYPE_L,Y,N,,N,1,2026-02-03 02:14:28,populated,stale
D1_TOU_MAP_TYPE_TMPLT,Y,N,,N,0,2026-01-07 21:32:45,empty,stale
D1_UOM,Y,N,,N,33,2026-01-09 02:12:27,populated,stale
D1_UOM_L,Y,N,,N,33,2026-01-09 02:12:21,populated,stale
D1_US,Y,Y,meter_ops,Y,68115,2026-01-23 02:19:08,populated,stale
D1_USAGE,Y,Y,meter_ops,Y,684188,2026-01-23 02:23:03,populated,stale
D1_USAGE_BO_DATA_AREA,N,Y,meter_ops,Y,,,unknown,unknown
D1_USAGE_CAL_TYPE_CTRL,Y,N,,N,0,2026-01-07 21:32:52,empty,stale
D1_USAGE_CHAR,Y,N,,N,0,2026-01-07 21:32:52,empty,stale
D1_USAGE_CTRL,Y,N,,N,3460,2026-01-09 02:12:51,populated,stale
D1_USAGE_EXCP,Y,Y,meter_ops,Y,539601,2026-01-20 02:18:49,populated,stale
D1_USAGE_EXCP_CHAR,Y,N,,N,0,2026-01-07 21:32:53,empty,stale
D1_USAGE_EXCP_K,Y,N,,N,539599,2026-01-07 21:32:53,populated,stale
D1_USAGE_EXCP_PARM,Y,N,,N,1605425,2026-01-09 02:16:55,populated,stale
D1_USAGE_EXCP_TYPE,Y,N,,N,4,2026-01-09 02:12:15,populated,stale
D1_USAGE_EXCP_TYPE_CHAR,Y,N,,N,0,2026-01-07 21:32:54,empty,stale
D1_USAGE_EXCP_TYPE_L,Y,N,,N,4,2026-01-09 02:12:30,populated,stale
D1_USAGE_K,Y,N,,N,684162,2026-01-07 21:32:55,populated,stale
D1_USAGE_LOG,Y,N,,N,12631121,2026-01-09 02:31:15,populated,stale
D1_USAGE_LOG_PARM,Y,N,,N,18045938,2026-01-09 02:27:08,populated,stale
D1_USAGE_PERIOD,Y,N,,N,656981,2026-01-09 02:16:32,populated,stale
D1_USAGE_PERIOD_ITEM_DET,Y,N,,N,0,2026-01-07 21:33:51,empty,stale
D1_USAGE_PERIOD_SQ,Y,Y,meter_ops,Y,679716,2026-01-27 02:22:14,populated,stale
D1_USAGE_PERIOD_SQ_DATA,Y,N,,N,0,2026-01-07 21:33:52,empty,stale
D1_USAGE_REL,Y,N,,N,84,2026-01-09 02:12:12,populated,stale
D1_USAGE_SCALAR_DTL,Y,N,,N,720055,2026-02-20 02:20:50,populated,stale
D1_USER_DIV,Y,N,,N,0,2026-01-07 21:33:54,empty,stale
D1_USG_CAL_TYPE,Y,N,,N,0,2026-01-07 21:33:54,empty,stale
D1_USG_CAL_TYPE_CHAR,Y,N,,N,0,2026-01-07 21:33:54,empty,stale
D1_USG_CAL_TYPE_L,Y,N,,N,0,2026-01-07 21:33:54,empty,stale
D1_USG_CAL_TYPE_REQ_TYPE,Y,N,,N,0,2026-01-07 21:33:54,empty,stale
D1_USG_CAL_TYPE_USTYPE_USG_GRP,Y,N,,N,0,2026-01-07 21:33:54,empty,stale
D1_USG_CAL_TYPE_US_TYPE,Y,N,,N,0,2026-01-07 21:33:54,empty,stale
D1_USG_GRP,Y,N,,N,9,2026-02-14 22:23:50,populated,stale
D1_USG_GRP_CHAR,Y,N,,N,0,2026-01-07 21:33:54,empty,stale
D1_USG_GRP_L,Y,N,,N,9,2026-01-20 02:18:25,populated,stale
D1_USG_GRP_VAL_DC_TYPE,Y,N,,N,14,2026-01-07 21:33:55,populated,stale
D1_USG_RULE,Y,N,,N,19,2026-01-09 02:12:38,populated,stale
D1_USG_RULE_CHAR,Y,N,,N,0,2026-01-07 21:33:55,empty,stale
D1_USG_RULE_ELIG_CRIT,Y,N,,N,0,2026-01-07 21:33:55,empty,stale
D1_USG_RULE_ELIG_CRIT_CHAR,Y,N,,N,0,2026-01-07 21:33:55,empty,stale
D1_USG_RULE_ELIG_CRIT_L,Y,N,,N,0,2026-01-07 21:33:55,empty,stale
D1_USG_RULE_L,Y,N,,N,19,2026-01-09 02:12:21,populated,stale
D1_US_CHAR,Y,N,,N,0,2026-01-07 21:33:55,empty,stale
D1_US_CONTACT,Y,Y,customer_ops,Y,68109,2026-01-09 02:13:37,populated,stale
D1_US_DYN_OPT,Y,N,,N,0,2026-01-07 21:33:55,empty,stale
D1_US_DYN_OPT_OVRRD,Y,N,,N,0,2026-01-07 21:33:55,empty,stale
D1_US_FACTOR_OVRD,Y,N,,N,0,2026-01-07 21:33:55,empty,stale
D1_US_IDENTIFIER,Y,Y,meter_ops,Y,136218,2026-01-09 02:13:45,populated,stale
D1_US_K,Y,N,,N,68109,2026-01-07 21:33:56,populated,stale
D1_US_LOG,Y,N,,N,122299,2026-01-16 02:06:45,populated,stale
D1_US_LOG_PARM,Y,N,,N,122299,2026-01-16 02:06:15,populated,stale
D1_US_MC,Y,N,,N,0,2026-01-07 21:33:57,empty,stale
D1_US_MC_SET,Y,N,,N,0,2026-01-07 21:33:57,empty,stale
D1_US_MKT_PART,Y,N,,N,0,2026-01-07 21:33:57,empty,stale
D1_US_MKT_PART_CHAR,Y,N,,N,0,2026-01-07 21:33:57,empty,stale
D1_US_MKT_PART_IDENTIFIER,Y,N,,N,0,2026-01-07 21:33:57,empty,stale
D1_US_MKT_PART_K,Y,N,,N,0,2026-01-07 21:33:57,empty,stale
D1_US_MKT_PART_LOG,Y,N,,N,0,2026-01-07 21:33:57,empty,stale
D1_US_MKT_PART_LOG_PARM,Y,N,,N,0,2026-01-07 21:33:57,empty,stale
D1_US_QTY,Y,N,,N,0,2026-01-07 21:33:57,empty,stale
D1_US_QTY_K,Y,N,,N,0,2026-01-07 21:33:57,empty,stale
D1_US_QTY_LOG,Y,N,,N,0,2026-01-07 21:33:57,empty,stale
D1_US_QTY_LOG_PARM,Y,N,,N,0,2026-01-07 21:33:58,empty,stale
D1_US_QTY_TYPE,Y,N,,N,0,2026-01-07 21:33:58,empty,stale
D1_US_QTY_TYPE_IDENTIFIER,Y,N,,N,0,2026-01-07 21:33:58,empty,stale
D1_US_QTY_TYPE_IDENTIFIER_L,Y,N,,N,0,2026-01-07 21:33:58,empty,stale
D1_US_QTY_TYPE_L,Y,N,,N,0,2026-01-07 21:33:58,empty,stale
D1_US_REL,Y,N,,N,0,2026-01-07 21:33:58,empty,stale
D1_US_RS_CLASS,Y,N,,N,0,2026-01-07 21:33:58,empty,stale
D1_US_SP,Y,Y,meter_ops,Y,64647,2026-01-16 02:06:11,populated,stale
D1_US_SP_CHAR,Y,N,,N,0,2026-01-07 21:33:58,empty,stale
D1_US_TYPE,Y,N,,N,81,2026-02-14 22:23:43,populated,stale
D1_US_TYPE_CHAR,Y,N,,N,81,2026-02-14 22:23:43,populated,stale
D1_US_TYPE_FB_USG_GRP,Y,N,,N,0,2026-01-07 21:33:58,empty,stale
D1_US_TYPE_L,Y,N,,N,81,2026-02-14 22:23:43,populated,stale
D1_US_TYPE_VAL_DYN_OPT_TYPE,Y,N,,N,0,2026-01-07 21:33:58,empty,stale
D1_US_TYPE_VAL_SPR,Y,N,,N,81,2026-02-14 22:23:49,populated,stale
D1_US_TYPE_VAL_SP_TYPE,Y,N,,N,109,2026-02-14 22:23:49,populated,stale
D1_US_TYPE_VAL_USG_GRP,Y,N,,N,58,2026-01-09 02:12:17,populated,stale
D1_US_USG_GRP,Y,N,,N,0,2026-01-07 21:33:58,empty,stale
D1_US_USG_GRP_DL,Y,N,,N,0,2026-01-07 21:33:58,empty,stale
D1_US_USG_GRP_SEQ,Y,N,,N,0,2026-01-07 21:33:59,empty,stale
D1_VALID_MULTI_VAR_FACTOR,Y,N,,N,0,2026-01-07 21:33:59,empty,stale
D1_VEE_ELIG_CRIT,Y,N,,N,0,2026-01-07 21:33:59,empty,stale
D1_VEE_ELIG_CRIT_CHAR,Y,N,,N,0,2026-01-07 21:33:59,empty,stale
D1_VEE_ELIG_CRIT_L,Y,N,,N,0,2026-01-07 21:33:59,empty,stale
D1_VEE_EXCP,Y,Y,meter_ops,Y,1603952,2026-02-03 02:14:53,populated,stale
D1_VEE_EXCP_CHAR,Y,N,,N,0,2026-01-07 21:34:00,empty,stale
D1_VEE_EXCP_K,Y,N,,N,1603895,2026-01-07 21:34:00,populated,stale
D1_VEE_EXCP_PARM,Y,N,,N,510472,2026-01-27 02:22:02,populated,stale
D1_VEE_GRP,Y,N,,N,110,2026-01-07 21:34:02,populated,stale
D1_VEE_GRP_CHAR,Y,N,,N,0,2026-01-07 21:34:02,empty,stale
D1_VEE_GRP_L,Y,N,,N,110,2026-01-20 02:18:25,populated,stale
D1_VEE_RULE,Y,N,,N,445,2026-02-28 22:20:29,populated,stale
D1_VEE_RULE_CHAR,Y,N,,N,0,2026-01-07 21:34:02,empty,stale
D1_VEE_RULE_L,Y,N,,N,445,2026-01-09 02:12:39,populated,stale
ERR$_C1_BI_FTGL_MONTHLY_A,Y,N,,N,0,2026-01-07 21:34:02,empty,stale
ERR$_C1_BI_FT_MONTHLY_A,Y,N,,N,0,2026-01-07 21:34:02,empty,stale
F1_ACTION_METHOD,Y,N,,N,3,2026-01-16 02:05:25,populated,stale
F1_ACTION_METHOD_CHAR,Y,N,,N,0,2026-01-07 21:34:03,empty,stale
F1_ACTION_METHOD_L,Y,N,,N,3,2026-01-16 02:05:28,populated,stale
F1_ARC_TBL_PARTITION_HIST,Y,N,,N,0,2026-01-07 21:34:03,empty,stale
F1_ATTACHMENT,Y,N,,N,3,2026-02-04 02:18:24,populated,stale
F1_ATTACHMENT_CHAR,Y,N,,N,13,2026-01-09 02:12:13,populated,stale
F1_ATTACHMENT_K,Y,N,,N,3,2026-01-07 21:34:03,populated,stale
F1_BKT_CONFIG,Y,N,,N,1,2026-01-23 02:17:03,populated,stale
F1_BKT_CONFIG_L,Y,N,,N,1,2026-01-23 02:17:03,populated,stale
F1_BKT_CONFIG_REL_OBJ,Y,N,,N,0,2026-01-07 21:34:03,empty,stale
F1_BKT_CONFIG_VAL,Y,N,,N,5,2026-01-23 02:16:58,populated,stale
F1_BKT_CONFIG_VAL_L,Y,N,,N,5,2026-01-23 02:16:58,populated,stale
F1_BNDL,Y,Y,common,Y,12,2026-02-14 22:23:49,populated,stale
F1_BNDL_CHAR,Y,N,,N,0,2026-01-07 21:34:04,empty,stale
F1_BNDL_ENTITY,Y,N,,N,112,2026-02-14 22:23:49,populated,stale
F1_BNDL_ENTTY,N,Y,common,Y,,,unknown,unknown
F1_BNDL_K,Y,N,,N,12,2026-01-07 21:34:04,populated,stale
F1_BNDL_LOG,Y,N,,N,26,2026-01-07 21:34:04,populated,stale
F1_BNDL_LOG_PARM,Y,N,,N,24,2026-01-07 21:34:04,populated,stale
F1_BUS_EVT_LOG,Y,N,,N,0,2026-01-07 21:34:04,empty,stale
F1_BUS_EVT_LOG_CHAR,Y,N,,N,0,2026-01-07 21:34:04,empty,stale
F1_BUS_EVT_LOG_K,Y,N,,N,0,2026-01-07 21:34:04,empty,stale
F1_BUS_EVT_LOG_MSG_PARM,Y,N,,N,0,2026-01-07 21:34:04,empty,stale
F1_BUS_FLG,Y,N,,N,0,2026-01-07 21:34:04,empty,stale
F1_BUS_FLG_CHAR,Y,N,,N,0,2026-01-07 21:34:04,empty,stale
F1_BUS_FLG_K,Y,N,,N,0,2026-01-07 21:34:04,empty,stale
F1_BUS_FLG_LOG,Y,N,,N,0,2026-01-07 21:34:05,empty,stale
F1_BUS_FLG_LOG_PARM,Y,N,,N,0,2026-01-07 21:34:05,empty,stale
F1_BUS_FLG_REL,Y,N,,N,0,2026-01-07 21:34:05,empty,stale
F1_BUS_FLG_REL_OBJ,Y,N,,N,0,2026-01-07 21:34:05,empty,stale
F1_BUS_FLG_TYPE,Y,N,,N,0,2026-01-07 21:34:05,empty,stale
F1_BUS_FLG_TYPE_ALG,Y,N,,N,0,2026-01-07 21:34:05,empty,stale
F1_BUS_FLG_TYPE_BUS_PROC,Y,N,,N,0,2026-01-07 21:34:05,empty,stale
F1_BUS_FLG_TYPE_CHAR,Y,N,,N,0,2026-01-07 21:34:05,empty,stale
F1_BUS_FLG_TYPE_L,Y,N,,N,0,2026-01-07 21:34:05,empty,stale
F1_BUS_OBJ,Y,N,,N,3889,2026-01-17 22:11:36,populated,stale
F1_BUS_OBJ_ALG,Y,N,,N,3742,2026-01-16 02:05:37,populated,stale
F1_BUS_OBJ_L,Y,N,,N,3889,2026-01-28 02:15:08,populated,stale
F1_BUS_OBJ_OPT,Y,N,,N,5463,2026-01-16 02:05:37,populated,stale
F1_BUS_OBJ_STATUS,Y,N,,N,4464,2026-01-23 02:18:54,populated,stale
F1_BUS_OBJ_STATUS_ALG,Y,N,,N,8791,2026-01-16 02:05:49,populated,stale
F1_BUS_OBJ_STATUS_L,Y,N,,N,4464,2026-01-09 02:12:53,populated,stale
F1_BUS_OBJ_STATUS_OPT,Y,N,,N,8206,2026-01-09 02:12:59,populated,stale
F1_BUS_OBJ_STATUS_RSN,Y,N,,N,195,2026-01-16 02:05:32,populated,stale
F1_BUS_OBJ_STATUS_RSN_CHAR,Y,N,,N,25,2026-01-21 02:21:37,populated,stale
F1_BUS_OBJ_STATUS_RSN_L,Y,N,,N,195,2026-01-16 02:05:28,populated,stale
F1_BUS_OBJ_TR_RULE,Y,N,,N,5416,2026-01-09 02:12:58,populated,stale
F1_BUS_OBJ_TR_RULE_L,Y,N,,N,5416,2026-01-09 02:13:02,populated,stale
F1_BUS_SVC,Y,N,,N,3793,2026-01-13 02:15:07,populated,stale
F1_BUS_SVC_L,Y,N,,N,3793,2026-01-09 02:13:04,populated,stale
F1_CALENDAR_D,Y,N,,N,0,2026-01-07 21:34:07,empty,stale
F1_COLOR_OPT,Y,N,,N,17,2026-01-16 02:05:27,populated,stale
F1_COLOR_OPT_ITEM,Y,N,,N,0,2026-01-07 21:34:07,empty,stale
F1_COLOR_OPT_L,Y,N,,N,17,2026-01-07 21:34:07,populated,stale
F1_CRYPTO_KEY,Y,N,,N,0,2026-01-07 21:34:07,empty,stale
F1_CRYPTO_KEY_RING,Y,N,,N,0,2026-01-07 21:34:07,empty,stale
F1_CRYPTO_KEY_RING_L,Y,N,,N,0,2026-01-07 21:34:07,empty,stale
F1_CRYPTO_KEY_RING_LINK,Y,N,,N,0,2026-01-07 21:34:07,empty,stale
F1_CRYPTO_KEY_RING_LOG,Y,N,,N,0,2026-01-07 21:34:07,empty,stale
F1_CRYPTO_KEY_RING_LOG_PARM,Y,N,,N,0,2026-01-07 21:34:08,empty,stale
F1_CUBE_TYPE,Y,N,,N,0,2026-01-07 21:34:08,empty,stale
F1_CUBE_TYPE_L,Y,N,,N,0,2026-01-07 21:34:08,empty,stale
F1_CUBE_VIEW,Y,N,,N,0,2026-01-07 21:34:08,empty,stale
F1_CUBE_VIEW_L,Y,N,,N,0,2026-01-07 21:34:08,empty,stale
F1_CUBE_VIEW_LOG,Y,N,,N,0,2026-01-07 21:34:08,empty,stale
F1_CUBE_VIEW_LOG_PARM,Y,N,,N,0,2026-01-07 21:34:08,empty,stale
F1_DATA_AREA,Y,N,,N,3087,2026-01-09 02:12:51,populated,stale
F1_DATA_AREA_L,Y,N,,N,3087,2026-01-16 02:05:35,populated,stale
F1_DATA_EXPORT_CTRL,Y,N,,N,0,2026-01-07 21:34:08,empty,stale
F1_DATA_EXPORT_CTRL_LOG,Y,N,,N,2,2026-01-07 21:34:08,populated,stale
F1_DATA_EXPORT_CTRL_LOG_PARM,Y,N,,N,0,2026-01-07 21:34:08,empty,stale
F1_DB_OBJECTS_REPO,Y,N,,N,10225,2026-01-07 21:34:08,populated,stale
F1_DEPLOYMENT,Y,N,,N,0,2026-01-07 21:34:08,empty,stale
F1_DEPLOYMENT_ITEM,Y,N,,N,209,2026-01-07 21:34:08,populated,stale
F1_DEPLOYMENT_ITEM_METADATA,Y,N,,N,0,2026-01-07 21:34:09,empty,stale
F1_DEPLOYMENT_K,Y,N,,N,0,2026-01-07 21:34:09,empty,stale
F1_DEPLOYMENT_PART,Y,N,,N,4,2026-01-07 21:34:09,populated,stale
F1_DEPLOYMENT_PART_L,Y,N,,N,4,2026-01-07 21:34:09,populated,stale
F1_DEPLOYMENT_TYPE,Y,N,,N,0,2026-01-07 21:34:09,empty,stale
F1_DEPLOYMENT_TYPE_L,Y,N,,N,0,2026-01-07 21:34:09,empty,stale
F1_DEPTYP_DEPPART,Y,N,,N,0,2026-01-07 21:34:09,empty,stale
F1_DEPTYP_MDT_TYPE,Y,N,,N,0,2026-01-07 21:34:09,empty,stale
F1_DEPTYP_MSG_CAT,Y,N,,N,0,2026-01-07 21:34:09,empty,stale
F1_DEPTYP_USR_GRP,Y,N,,N,0,2026-01-07 21:34:09,empty,stale
F1_ERASURE_SCHED,Y,N,,N,0,2026-01-07 21:34:09,empty,stale
F1_ERASURE_SCHED_K,Y,N,,N,0,2026-01-07 21:34:09,empty,stale
F1_ERASURE_SCHED_LOG,Y,N,,N,0,2026-01-07 21:34:09,empty,stale
F1_ERASURE_SCHED_LOG_PARM,Y,N,,N,0,2026-01-07 21:34:09,empty,stale
F1_ETL_MP_CTRL,Y,N,,N,0,2026-01-07 21:34:09,empty,stale
F1_EXTSYS_OUTMSG_PROF,Y,N,,N,12,2026-02-13 02:16:57,populated,stale
F1_EXT_LOOKUP_VAL,Y,N,,N,2379,2026-02-14 22:23:50,populated,stale
F1_EXT_LOOKUP_VAL_CHAR,Y,N,,N,683,2026-02-14 22:23:50,populated,stale
F1_EXT_LOOKUP_VAL_L,Y,N,,N,2383,2026-02-14 22:23:50,populated,stale
F1_FACT,Y,N,,N,45,2026-02-27 02:15:24,populated,stale
F1_FACT_CHAR,Y,N,,N,30,2026-02-27 02:15:23,populated,stale
F1_FACT_K,Y,N,,N,45,2026-01-07 21:34:10,populated,stale
F1_FACT_LOG,Y,N,,N,45,2026-01-07 21:34:10,populated,stale
F1_FACT_LOG_PARM,Y,N,,N,0,2026-01-07 21:34:10,empty,stale
F1_FILE_INT_REC,Y,N,,N,5,2026-01-07 21:34:10,populated,stale
F1_FILE_INT_REC_ALG,Y,N,,N,5,2026-01-07 21:34:10,populated,stale
F1_FILE_INT_REC_L,Y,N,,N,5,2026-01-07 21:34:10,populated,stale
F1_FILE_INT_TYPE,Y,N,,N,5,2026-01-07 21:34:10,populated,stale
F1_FILE_INT_TYPE_L,Y,N,,N,5,2026-01-07 21:34:10,populated,stale
F1_GENERIC_GTT,Y,N,,N,,,unknown,unknown
F1_GEN_PROC,Y,N,,N,572246,2026-01-07 21:34:10,populated,stale
F1_GEN_PROC_K,Y,N,,N,572246,2026-01-07 21:34:11,populated,stale
F1_GNRL_AUDIT,Y,N,,N,0,2026-01-07 21:34:11,empty,stale
F1_GNRL_AUDIT_CHAR,Y,N,,N,0,2026-01-07 21:34:12,empty,stale
F1_GNRL_AUDIT_K,Y,N,,N,0,2026-01-07 21:34:12,empty,stale
F1_GNRL_AUDIT_VAL,Y,N,,N,0,2026-01-07 21:34:12,empty,stale
F1_INSIGHT_GRP,Y,N,,N,4,2026-01-16 02:05:31,populated,stale
F1_INSIGHT_GRP_CHAR,Y,N,,N,0,2026-01-07 21:34:12,empty,stale
F1_INSIGHT_GRP_L,Y,N,,N,4,2026-01-07 21:34:12,populated,stale
F1_INSIGHT_GRP_TYPE,Y,N,,N,19,2026-01-16 02:05:31,populated,stale
F1_INSIGHT_GRP_VISUAL_STR,Y,N,,N,6,2026-01-07 21:34:12,populated,stale
F1_INSIGHT_TYPE,Y,N,,N,51,2026-01-16 02:05:30,populated,stale
F1_INSIGHT_TYPE_ALG,Y,N,,N,51,2026-01-16 02:05:31,populated,stale
F1_INSIGHT_TYPE_CHAR,Y,N,,N,0,2026-01-07 21:34:12,empty,stale
F1_INSIGHT_TYPE_L,Y,N,,N,51,2026-01-07 21:34:12,populated,stale
F1_INSIGHT_TYPE_USER_ACT,Y,N,,N,22,2026-01-16 02:05:30,populated,stale
F1_INSIGHT_TYPE_USER_ACT_ALG,Y,N,,N,0,2026-01-07 21:34:12,empty,stale
F1_INSIGHT_TYPE_VISUAL_SETTING,Y,N,,N,141,2026-01-16 02:05:27,populated,stale
F1_INSTALLATION,Y,N,,N,1,2026-01-09 02:12:20,populated,stale
F1_IWS_ANN,Y,N,,N,2,2026-02-21 22:16:50,populated,stale
F1_IWS_ANN_L,Y,N,,N,2,2026-01-07 21:34:12,populated,stale
F1_IWS_ANN_PARM,Y,N,,N,5,2026-02-21 22:16:50,populated,stale
F1_IWS_ANN_TYPE,Y,N,,N,5,2026-02-21 22:16:50,populated,stale
F1_IWS_ANN_TYPE_L,Y,N,,N,5,2026-01-07 21:34:13,populated,stale
F1_IWS_ANN_TYPE_PARM,Y,N,,N,7,2026-02-21 22:16:49,populated,stale
F1_IWS_ANN_TYPE_PARM_L,Y,N,,N,7,2026-01-07 21:34:13,populated,stale
F1_IWS_SVC,Y,N,,N,536,2026-02-21 22:16:51,populated,stale
F1_IWS_SVC_ANN,Y,N,,N,28,2026-01-28 02:15:05,populated,stale
F1_IWS_SVC_CHAR,Y,N,,N,0,2026-01-07 21:34:13,empty,stale
F1_IWS_SVC_FLDTEXT,Y,N,,N,2104,2026-01-28 02:15:07,populated,stale
F1_IWS_SVC_L,Y,N,,N,536,2026-01-28 02:15:07,populated,stale
F1_IWS_SVC_LOG,Y,N,,N,33,2026-01-07 21:34:13,populated,stale
F1_IWS_SVC_LOG_PARM,Y,N,,N,87,2026-01-07 21:34:13,populated,stale
F1_IWS_SVC_OPER,Y,N,,N,688,2026-01-28 02:15:07,populated,stale
F1_IWS_SVC_OPER_L,Y,N,,N,688,2026-01-28 02:15:06,populated,stale
F1_IWS_SVC_OPER_OPT,Y,N,,N,2,2026-01-07 21:34:13,populated,stale
F1_IWS_SVC_OPER_PARM,Y,N,,N,169,2026-01-28 02:15:07,populated,stale
F1_IWS_SVC_SCHEMA,Y,N,,N,132,2026-01-07 21:34:13,populated,stale
F1_KEY_HASH,Y,N,,N,2,2026-01-09 02:12:12,populated,stale
F1_LGCY_OBJ,Y,N,,N,1520,2026-01-07 21:34:13,populated,stale
F1_MANAG_CONTENT,Y,N,,N,183,2026-01-09 02:12:44,populated,stale
F1_MANAG_CONTENT_L,Y,N,,N,183,2026-01-07 21:34:14,populated,stale
F1_MAP,Y,N,,N,5364,2026-01-09 02:13:31,populated,stale
F1_MAP_L,Y,N,,N,5363,2026-01-09 02:12:53,populated,stale
F1_MAP_OVRD,Y,N,,N,1,2026-01-09 02:12:26,populated,stale
F1_MDT,Y,N,,N,0,2026-01-07 21:34:14,empty,stale
F1_MDT_CHAR,Y,N,,N,0,2026-01-07 21:34:14,empty,stale
F1_MDT_K,Y,N,,N,0,2026-01-07 21:34:14,empty,stale
F1_MDT_TYPE,Y,N,,N,0,2026-01-07 21:34:14,empty,stale
F1_MDT_TYPE_CHAR,Y,N,,N,0,2026-01-07 21:34:14,empty,stale
F1_MDT_TYPE_L,Y,N,,N,0,2026-01-07 21:34:14,empty,stale
F1_MD_BI_TBL,Y,N,,N,243,2026-01-27 02:21:53,populated,stale
F1_MD_BI_TBL_FLD,Y,N,,N,2737,2026-01-24 22:15:07,populated,stale
F1_MD_BI_TBL_L,Y,N,,N,243,2026-01-27 02:21:52,populated,stale
F1_MD_DB_OBJ,Y,N,,N,8,2026-01-07 21:34:14,populated,stale
F1_MIGR_DATA_ST,Y,Y,common,Y,578,2026-02-14 22:23:49,populated,stale
F1_MIGR_DATA_ST_ALG,Y,N,,N,0,2026-01-07 21:34:15,empty,stale
F1_MIGR_DATA_ST_K,Y,N,,N,572,2026-01-07 21:34:15,populated,stale
F1_MIGR_DATA_ST_LOG,Y,N,,N,3024,2026-01-15 02:21:36,populated,stale
F1_MIGR_DATA_ST_LOG_PARM,Y,N,,N,2977,2026-01-15 02:21:36,populated,stale
F1_MIGR_DATA_ST_TBL,Y,N,,N,561,2026-01-23 02:17:34,populated,stale
F1_MIGR_OBJ,Y,N,,N,76998,2026-01-23 02:19:09,populated,stale
F1_MIGR_OBJ_ALG,Y,N,,N,170,2026-01-23 02:18:50,populated,stale
F1_MIGR_OBJ_CLOB,Y,N,,N,6890,2026-01-23 02:19:01,populated,stale
F1_MIGR_OBJ_K,Y,N,,N,76985,2026-01-07 21:34:15,populated,stale
F1_MIGR_OBJ_LOG,Y,N,,N,245747,2026-01-23 02:19:16,populated,stale
F1_MIGR_OBJ_LOG_PARM,Y,N,,N,245687,2026-01-23 02:19:03,populated,stale
F1_MIGR_OBJ_SQL,Y,N,,N,57691,2026-01-23 02:19:02,populated,stale
F1_MIGR_OBJ_SQL_PK,Y,N,,N,148084,2026-01-23 02:19:07,populated,stale
F1_MIGR_PLAN,Y,N,,N,637,2026-01-09 02:12:42,populated,stale
F1_MIGR_PLAN_INSTR,Y,N,,N,2309,2026-01-09 02:12:53,populated,stale
F1_MIGR_PLAN_INSTR_ALG,Y,N,,N,7,2026-01-15 02:21:35,populated,stale
F1_MIGR_PLAN_INSTR_L,Y,N,,N,2311,2026-01-07 21:34:17,populated,stale
F1_MIGR_PLAN_L,Y,N,,N,637,2026-01-09 02:12:41,populated,stale
F1_MIGR_REQ,Y,N,,N,160,2026-01-15 02:21:34,populated,stale
F1_MIGR_REQ_INCL_REQ,Y,N,,N,52,2026-01-09 02:12:13,populated,stale
F1_MIGR_REQ_INSTR,Y,N,,N,11155,2026-01-15 02:21:39,populated,stale
F1_MIGR_REQ_INSTR_ENTITY,Y,N,,N,10830,2026-01-15 02:21:40,populated,stale
F1_MIGR_REQ_INSTR_L,Y,N,,N,11155,2026-01-15 02:21:37,populated,stale
F1_MIGR_REQ_L,Y,N,,N,161,2026-02-04 02:18:26,populated,stale
F1_MIGR_TRANS,Y,Y,common,Y,7793,2026-02-14 22:23:51,populated,stale
F1_MIGR_TRANS_K,Y,N,,N,7789,2026-01-07 21:34:19,populated,stale
F1_MIGR_TRANS_LOG,Y,N,,N,18730,2026-01-23 02:18:59,populated,stale
F1_MIGR_TRANS_LOG_PARM,Y,N,,N,17572,2026-01-23 02:18:53,populated,stale
F1_MKTCFG,Y,N,,N,0,2026-01-07 21:34:19,empty,stale
F1_MKTCFG_CHAR,Y,N,,N,0,2026-01-07 21:34:19,empty,stale
F1_MKTCFG_L,Y,N,,N,0,2026-01-07 21:34:19,empty,stale
F1_MKTMSG_IN,Y,N,,N,0,2026-01-07 21:34:19,empty,stale
F1_MKTMSG_IN_CHAR,Y,N,,N,0,2026-01-07 21:34:20,empty,stale
F1_MKTMSG_IN_DATA,Y,N,,N,0,2026-01-07 21:34:20,empty,stale
F1_MKTMSG_IN_EXT_REF,Y,N,,N,0,2026-01-07 21:34:20,empty,stale
F1_MKTMSG_IN_ID,Y,N,,N,0,2026-01-07 21:34:20,empty,stale
F1_MKTMSG_IN_K,Y,N,,N,0,2026-01-07 21:34:20,empty,stale
F1_MKTMSG_IN_LOG,Y,N,,N,0,2026-01-07 21:34:20,empty,stale
F1_MKTMSG_IN_LOG_PARM,Y,N,,N,0,2026-01-07 21:34:20,empty,stale
F1_MKTMSG_IN_REL_OBJ,Y,N,,N,0,2026-01-07 21:34:20,empty,stale
F1_MKTMSG_OUT,Y,N,,N,0,2026-01-07 21:34:20,empty,stale
F1_MKTMSG_OUT_CHAR,Y,N,,N,0,2026-01-07 21:34:20,empty,stale
F1_MKTMSG_OUT_DATA,Y,N,,N,0,2026-01-07 21:34:20,empty,stale
F1_MKTMSG_OUT_EXT_REF,Y,N,,N,0,2026-01-07 21:34:20,empty,stale
F1_MKTMSG_OUT_ID,Y,N,,N,0,2026-01-07 21:34:20,empty,stale
F1_MKTMSG_OUT_K,Y,N,,N,0,2026-01-07 21:34:20,empty,stale
F1_MKTMSG_OUT_LOG,Y,N,,N,0,2026-01-07 21:34:20,empty,stale
F1_MKTMSG_OUT_LOG_PARM,Y,N,,N,0,2026-01-07 21:34:21,empty,stale
F1_MKTMSG_OUT_REL_OBJ,Y,N,,N,0,2026-01-07 21:34:21,empty,stale
F1_MKTMSG_TYPE,Y,N,,N,0,2026-01-07 21:34:21,empty,stale
F1_MKTMSG_TYPE_CHAR,Y,N,,N,0,2026-01-07 21:34:21,empty,stale
F1_MKTMSG_TYPE_L,Y,N,,N,0,2026-01-07 21:34:21,empty,stale
F1_MKTPROC,Y,N,,N,0,2026-01-07 21:34:21,empty,stale
F1_MKTPROC_CHAR,Y,N,,N,0,2026-01-07 21:34:21,empty,stale
F1_MKTPROC_EVT,Y,N,,N,0,2026-01-07 21:34:21,empty,stale
F1_MKTPROC_EVT_CHAR,Y,N,,N,0,2026-01-07 21:34:21,empty,stale
F1_MKTPROC_EVT_K,Y,N,,N,0,2026-01-07 21:34:21,empty,stale
F1_MKTPROC_EVT_LOG,Y,N,,N,0,2026-01-07 21:34:21,empty,stale
F1_MKTPROC_EVT_LOG_PARM,Y,N,,N,0,2026-01-07 21:34:21,empty,stale
F1_MKTPROC_EVT_REL_OBJ,Y,N,,N,0,2026-01-07 21:34:22,empty,stale
F1_MKTPROC_ID,Y,N,,N,0,2026-01-07 21:34:22,empty,stale
F1_MKTPROC_K,Y,N,,N,0,2026-01-07 21:34:22,empty,stale
F1_MKTPROC_LOG,Y,N,,N,0,2026-01-07 21:34:22,empty,stale
F1_MKTPROC_LOG_PARM,Y,N,,N,0,2026-01-07 21:34:22,empty,stale
F1_MKTPROC_REL_OBJ,Y,N,,N,0,2026-01-07 21:34:23,empty,stale
F1_MKTPROC_REL_PROC,Y,N,,N,0,2026-01-07 21:34:23,empty,stale
F1_MKTPROC_TYPE,Y,N,,N,0,2026-01-07 21:34:23,empty,stale
F1_MKTPROC_TYPE_CHAR,Y,N,,N,0,2026-01-07 21:34:23,empty,stale
F1_MKTPROC_TYPE_EVT,Y,N,,N,0,2026-01-07 21:34:23,empty,stale
F1_MKTPROC_TYPE_L,Y,N,,N,0,2026-01-07 21:34:23,empty,stale
F1_MOBILE_COMPONENT,Y,N,,N,81,2026-01-07 21:34:23,populated,stale
F1_MOBILE_COMPONENT_L,Y,N,,N,81,2026-01-07 21:34:23,populated,stale
F1_MOB_COMP_CHAR,Y,N,,N,4,2026-01-07 21:34:23,populated,stale
F1_MOB_COMP_CNT,Y,N,,N,139,2026-01-07 21:34:23,populated,stale
F1_MO_UPD,Y,N,,N,0,2026-01-07 21:34:24,empty,stale
F1_MO_UPD_BACKLOG,Y,N,,N,0,2026-01-07 21:34:24,empty,stale
F1_MST_CONFIG,Y,N,,N,22,2026-01-09 02:12:23,populated,stale
F1_OBJ_REV,Y,N,,N,0,2026-01-07 21:34:24,empty,stale
F1_OBJ_REV_CHAR,Y,N,,N,0,2026-01-07 21:34:24,empty,stale
F1_OBJ_REV_LOG,Y,N,,N,0,2026-01-07 21:34:24,empty,stale
F1_OBJ_REV_LOG_PARM,Y,N,,N,0,2026-01-07 21:34:24,empty,stale
F1_OUTMSG,Y,N,,N,439389,2026-02-13 02:18:01,populated,stale
F1_OUTMSG_ERRPARM,Y,N,,N,53504,2026-02-27 02:15:27,populated,stale
F1_OUTMSG_K,Y,N,,N,439377,2026-01-07 21:34:26,populated,stale
F1_OUTMSG_TYPE,Y,N,,N,94,2026-01-09 02:12:18,populated,stale
F1_OUTMSG_TYPE_L,Y,N,,N,94,2026-01-16 02:05:26,populated,stale
F1_PERF_TGT,Y,N,,N,0,2026-01-07 21:34:27,empty,stale
F1_PERF_TGT_CHAR,Y,N,,N,0,2026-01-07 21:34:27,empty,stale
F1_PERF_TGT_L,Y,N,,N,0,2026-01-07 21:34:27,empty,stale
F1_PERF_TGT_LOG,Y,N,,N,0,2026-01-07 21:34:27,empty,stale
F1_PERF_TGT_LOG_PARM,Y,N,,N,0,2026-01-07 21:34:27,empty,stale
F1_PERF_TGT_REL_OBJ,Y,N,,N,0,2026-01-07 21:34:27,empty,stale
F1_PERF_TGT_TYPE,Y,N,,N,1,2026-01-07 21:34:27,populated,stale
F1_PERF_TGT_TYPE_CHAR,Y,N,,N,0,2026-01-07 21:34:27,empty,stale
F1_PERF_TGT_TYPE_L,Y,N,,N,1,2026-01-07 21:34:27,populated,stale
F1_PROC_DEFN,Y,N,,N,9,2026-01-16 02:05:29,populated,stale
F1_PROC_DEFN_L,Y,N,,N,9,2026-01-16 02:05:28,populated,stale
F1_PROC_NEXT_PANEL,Y,N,,N,26,2026-01-24 22:15:05,populated,stale
F1_PROC_PANEL,Y,N,,N,35,2026-01-24 22:15:05,populated,stale
F1_PROC_STORE,Y,N,,N,10741,2026-01-16 02:06:15,populated,stale
F1_PROC_STORE_DTL_ELEMENTS,Y,N,,N,28004,2026-01-16 02:05:46,populated,stale
F1_PROC_STORE_K,Y,N,,N,10738,2026-01-07 21:34:28,populated,stale
F1_PROC_STORE_LOG,Y,N,,N,19215,2026-01-16 02:05:46,populated,stale
F1_PROC_STORE_LOG_PARM,Y,N,,N,19215,2026-01-16 02:05:42,populated,stale
F1_REMOTE_MSG,Y,N,,N,0,2026-01-07 21:34:28,empty,stale
F1_REMOTE_MSG_CHAR,Y,N,,N,0,2026-01-07 21:34:29,empty,stale
F1_REMOTE_MSG_K,Y,N,,N,0,2026-01-07 21:34:29,empty,stale
F1_REMOTE_MSG_LOG,Y,N,,N,0,2026-01-07 21:34:29,empty,stale
F1_REMOTE_MSG_LOG_PARM,Y,N,,N,0,2026-01-07 21:34:29,empty,stale
F1_REQ,Y,N,,N,9,2026-01-07 21:34:29,populated,stale
F1_REQ_CHAR,Y,N,,N,9,2026-01-07 21:34:29,populated,stale
F1_REQ_K,Y,N,,N,9,2026-01-07 21:34:29,populated,stale
F1_REQ_LOG,Y,N,,N,27,2026-01-07 21:34:29,populated,stale
F1_REQ_LOG_PARM,Y,N,,N,27,2026-01-07 21:34:29,populated,stale
F1_REQ_TYPE,Y,N,,N,1,2026-01-07 21:34:29,populated,stale
F1_REQ_TYPE_L,Y,N,,N,1,2026-01-07 21:34:29,populated,stale
F1_REQ_TYPE_LOG,Y,N,,N,1,2026-01-07 21:34:29,populated,stale
F1_REQ_TYPE_LOG_PARM,Y,N,,N,3,2026-01-07 21:34:29,populated,stale
F1_SCHEMA,Y,N,,N,22674,2026-01-09 02:14:10,populated,stale
F1_STATS,Y,N,,N,5,2026-01-07 21:34:30,populated,stale
F1_STATS_CHAR,Y,N,,N,0,2026-01-07 21:34:30,empty,stale
F1_STATS_L,Y,N,,N,5,2026-01-07 21:34:30,populated,stale
F1_STATS_LOG,Y,N,,N,0,2026-01-07 21:34:30,empty,stale
F1_STATS_LOG_PARM,Y,N,,N,0,2026-01-07 21:34:30,empty,stale
F1_STATS_REL_OBJ,Y,N,,N,0,2026-01-07 21:34:30,empty,stale
F1_STATS_SNPSHT,Y,N,,N,0,2026-01-07 21:34:30,empty,stale
F1_STATS_SNPSHT_CHAR,Y,N,,N,0,2026-01-07 21:34:30,empty,stale
F1_STATS_SNPSHT_K,Y,N,,N,0,2026-01-07 21:34:30,empty,stale
F1_STATS_SNPSHT_LOG,Y,N,,N,0,2026-01-07 21:34:30,empty,stale
F1_STATS_SNPSHT_LOG_PARM,Y,N,,N,0,2026-01-07 21:34:30,empty,stale
F1_STATS_SNPSHT_REL_OBJ,Y,N,,N,0,2026-01-07 21:34:30,empty,stale
F1_SVC_CATALOG,Y,N,,N,0,2026-01-07 21:34:30,empty,stale
F1_SVC_TASK,Y,N,,N,421308,2026-01-31 22:17:34,populated,stale
F1_SVC_TASK_CHAR,Y,N,,N,1867526,2026-01-16 02:08:27,populated,stale
F1_SVC_TASK_K,Y,N,,N,421282,2026-01-07 21:34:33,populated,stale
F1_SVC_TASK_LOG,Y,N,,N,1736677,2026-01-16 02:09:05,populated,stale
F1_SVC_TASK_LOG_PARM,Y,N,,N,1332136,2026-01-09 02:15:29,populated,stale
F1_SVC_TASK_REL_OBJ,Y,N,,N,728164,2026-01-09 02:15:17,populated,stale
F1_SVC_TASK_TYPE,Y,N,,N,70,2026-01-09 02:12:42,populated,stale
F1_SVC_TASK_TYPE_CHAR,Y,N,,N,5,2026-02-13 02:16:58,populated,stale
F1_SVC_TASK_TYPE_L,Y,N,,N,70,2026-01-09 02:12:16,populated,stale
F1_SYNC_REQ,Y,N,,N,462038,2026-02-27 02:15:03,populated,stale
F1_SYNC_REQ_CHAR,Y,N,,N,0,2026-01-07 21:34:44,empty,stale
F1_SYNC_REQ_EXTRACT,Y,N,,N,20,2026-01-07 21:34:44,populated,stale
F1_SYNC_REQ_IN,Y,N,,N,165878,2026-01-16 02:11:50,populated,stale
F1_SYNC_REQ_IN_CHAR,Y,N,,N,3447,2026-01-07 21:34:48,populated,stale
F1_SYNC_REQ_IN_EXCP,Y,N,,N,13,2026-01-07 21:34:48,populated,stale
F1_SYNC_REQ_IN_EXCP_PARM,Y,N,,N,4,2026-01-07 21:34:48,populated,stale
F1_SYNC_REQ_IN_K,Y,N,,N,165858,2026-01-07 21:34:48,populated,stale
F1_SYNC_REQ_IN_LOG,Y,N,,N,1150182,2026-01-16 02:08:11,populated,stale
F1_SYNC_REQ_IN_LOG_PARM,Y,N,,N,1150042,2026-01-07 21:34:51,populated,stale
F1_SYNC_REQ_IN_REL_OBJ,Y,N,,N,0,2026-01-07 21:34:53,empty,stale
F1_SYNC_REQ_K,Y,N,,N,456432,2026-01-07 21:34:53,populated,stale
F1_SYNC_REQ_LOG,Y,N,,N,1972218,2026-01-16 02:09:34,populated,stale
F1_SYNC_REQ_LOG_PARM,Y,N,,N,1764598,2026-01-16 02:07:37,populated,stale
F1_TAG,Y,N,,N,0,2026-01-07 21:35:01,empty,stale
F1_TAGGED_ENTITY,Y,N,,N,0,2026-01-07 21:35:01,empty,stale
F1_TAG_CHAR,Y,N,,N,0,2026-01-07 21:35:02,empty,stale
F1_TAG_L,Y,N,,N,0,2026-01-07 21:35:02,empty,stale
F1_TIME_D,Y,N,,N,0,2026-01-07 21:35:02,empty,stale
F1_TREE,Y,N,,N,12,2026-01-09 02:12:18,populated,stale
F1_TREE_L,Y,N,,N,12,2026-01-07 21:35:02,populated,stale
F1_TREE_NODE,Y,N,,N,101,2026-01-24 22:15:05,populated,stale
F1_TREE_NODE_ALG,Y,N,,N,125,2026-01-09 02:12:15,populated,stale
F1_TREE_NODE_L,Y,N,,N,101,2026-01-07 21:35:02,populated,stale
F1_TSK,N,Y,field_tasks,N,,,unknown,unknown
F1_TSK_LOG,N,Y,field_tasks,N,,,unknown,unknown
F1_TSPACE_ENTRY,Y,N,,N,159,2026-02-27 02:12:55,populated,stale
F1_WEB_CAT,Y,N,,N,26,2026-01-28 02:15:06,populated,stale
F1_WEB_CAT_INCL_SVC,Y,N,,N,361,2026-01-28 02:15:06,populated,stale
F1_WEB_CAT_L,Y,N,,N,26,2026-01-28 02:15:05,populated,stale
F1_WEB_SVC,Y,N,,N,0,2026-01-07 21:35:02,empty,stale
F1_WEB_SVC_CHAR,Y,N,,N,0,2026-01-07 21:35:02,empty,stale
F1_WEB_SVC_GTT,Y,N,,N,,,unknown,unknown
F1_WEB_SVC_L,Y,N,,N,0,2026-01-07 21:35:02,empty,stale
F1_WEB_SVC_LOG,Y,N,,N,0,2026-01-07 21:35:02,empty,stale
F1_WEB_SVC_LOG_PARM,Y,N,,N,0,2026-01-07 21:35:03,empty,stale
F1_WEB_SVC_OPERATIONS,Y,N,,N,0,2026-01-07 21:35:03,empty,stale
SC_ACCESS_CNTL,Y,N,,N,29640,2026-01-09 02:13:27,populated,stale
SC_APP_SERVICE,Y,N,,N,2930,2026-01-09 02:12:44,populated,stale
SC_APP_SERVICE_L,Y,N,,N,2930,2026-01-09 02:12:44,populated,stale
SC_USER,Y,N,,N,150,2026-02-18 02:12:26,populated,stale
SC_USER_CHAR,Y,N,,N,65,2026-02-27 02:13:22,populated,stale
SC_USER_GROUP,Y,N,,N,52,2026-02-21 22:16:49,populated,stale
SC_USER_GROUP_L,Y,N,,N,52,2026-01-17 22:11:34,populated,stale
SC_USR_GRP_PROF,Y,N,,N,10578,2026-01-09 02:12:57,populated,stale
SC_USR_GRP_USR,Y,N,,N,407,2026-01-09 02:12:39,populated,stale
TMP_TAB_CNV_SA_PREM,Y,N,,N,47550,2026-01-07 21:35:04,populated,stale
W1_ACPT_LINE,Y,N,,N,0,2026-01-07 21:35:04,empty,stale
W1_ACPT_LINE_ASSET,Y,N,,N,0,2026-01-07 21:35:04,empty,stale
W1_ACPT_LINE_CHAR,Y,N,,N,0,2026-01-07 21:35:04,empty,stale
W1_ACPT_LINE_K,Y,N,,N,0,2026-01-07 21:35:04,empty,stale
W1_ACPT_LINE_LOG,Y,N,,N,0,2026-01-07 21:35:04,empty,stale
W1_ACPT_LINE_LOG_PARM,Y,N,,N,0,2026-01-07 21:35:04,empty,stale
W1_ACPT_LINE_LOT,Y,N,,N,0,2026-01-07 21:35:04,empty,stale
W1_ACTIVITY,Y,N,,N,38,2026-02-04 02:18:25,populated,stale
W1_ACTIVITY_ASSET,Y,N,,N,0,2026-01-07 21:35:04,empty,stale
W1_ACTIVITY_ATTACHMENT,Y,N,,N,0,2026-01-07 21:35:04,empty,stale
W1_ACTIVITY_CHAR,Y,N,,N,0,2026-01-07 21:35:05,empty,stale
W1_ACTIVITY_COST_CENTER,Y,N,,N,0,2026-01-07 21:35:05,empty,stale
W1_ACTIVITY_DEPENDENCY,Y,N,,N,0,2026-01-07 21:35:05,empty,stale
W1_ACTIVITY_DOCUMENT,Y,N,,N,0,2026-01-07 21:35:05,empty,stale
W1_ACTIVITY_IDENTIFIER,Y,N,,N,0,2026-01-07 21:35:05,empty,stale
W1_ACTIVITY_K,Y,N,,N,38,2026-01-07 21:35:05,populated,stale
W1_ACTIVITY_LOG,Y,N,,N,139,2026-01-07 21:35:05,populated,stale
W1_ACTIVITY_LOG_PARM,Y,N,,N,139,2026-01-07 21:35:05,populated,stale
W1_ACTIVITY_MEASUREMENT_TYPE,Y,N,,N,0,2026-01-07 21:35:05,empty,stale
W1_ACTIVITY_NOTE,Y,N,,N,0,2026-01-07 21:35:05,empty,stale
W1_ACTIVITY_PLAN_SVC_HIST_TYPE,Y,N,,N,0,2026-01-07 21:35:05,empty,stale
W1_ACTIVITY_REL_OBJ,Y,N,,N,0,2026-01-07 21:35:05,empty,stale
W1_ACTIVITY_TYPE,Y,N,,N,3,2026-02-04 02:18:26,populated,stale
W1_ACTIVITY_TYPE_ATTACHMENT,Y,N,,N,0,2026-01-07 21:35:05,empty,stale
W1_ACTIVITY_TYPE_CEVT_TYPE,Y,N,,N,3,2026-02-04 02:18:25,populated,stale
W1_ACTIVITY_TYPE_CHAR,Y,N,,N,0,2026-01-07 21:35:05,empty,stale
W1_ACTIVITY_TYPE_DOCUMENT,Y,N,,N,0,2026-01-07 21:35:05,empty,stale
W1_ACTIVITY_TYPE_IDENTIFIER,Y,N,,N,0,2026-01-07 21:35:05,empty,stale
W1_ACTIVITY_TYPE_L,Y,N,,N,3,2026-02-04 02:18:26,populated,stale
W1_ACTIVITY_TYPE_OUTMSG_TYPE,Y,N,,N,0,2026-01-07 21:35:05,empty,stale
W1_ACTIVITY_TYPE_RESRC_REQMT,Y,N,,N,0,2026-01-07 21:35:06,empty,stale
W1_ACTIVITY_TYPE_SERVICE_CLASS,Y,N,,N,0,2026-01-07 21:35:06,empty,stale
W1_ACT_CONSTR_LOC,Y,N,,N,0,2026-01-07 21:35:06,empty,stale
W1_ACT_CONSTR_LOC_CHAR,Y,N,,N,0,2026-01-07 21:35:06,empty,stale
W1_ACT_CONSTR_LOC_CU,Y,N,,N,0,2026-01-07 21:35:06,empty,stale
W1_ACT_CONSTR_LOC_CU_ASSET,Y,N,,N,0,2026-01-07 21:35:06,empty,stale
W1_ACT_CONSTR_LOC_K,Y,N,,N,0,2026-01-07 21:35:06,empty,stale
W1_ACT_RECON,Y,N,,N,0,2026-01-07 21:35:06,empty,stale
W1_ACT_RECON_CHAR,Y,N,,N,0,2026-01-07 21:35:06,empty,stale
W1_ACT_RECON_COST_CENTER,Y,N,,N,0,2026-01-07 21:35:06,empty,stale
W1_ACT_RECON_DOCUMENT,Y,N,,N,0,2026-01-07 21:35:06,empty,stale
W1_ACT_RECON_IDENTIFIER,Y,N,,N,0,2026-01-07 21:35:06,empty,stale
W1_ACT_RECON_K,Y,N,,N,0,2026-01-07 21:35:06,empty,stale
W1_ACT_RECON_LOG,Y,N,,N,0,2026-01-07 21:35:06,empty,stale
W1_ACT_RECON_LOG_PARM,Y,N,,N,0,2026-01-07 21:35:06,empty,stale
W1_ACT_RECON_NOTE,Y,N,,N,0,2026-01-07 21:35:06,empty,stale
W1_ACT_RECON_PROP_UNIT,Y,N,,N,0,2026-01-07 21:35:06,empty,stale
W1_ACT_RESRC_REQMT,Y,N,,N,0,2026-01-07 21:35:06,empty,stale
W1_ACT_RESRC_REQMT_CHAR,Y,N,,N,0,2026-01-07 21:35:06,empty,stale
W1_ACT_RESRC_REQMT_DOCUMENT,Y,N,,N,0,2026-01-07 21:35:06,empty,stale
W1_ACT_RESRC_REQMT_DTL,Y,N,,N,0,2026-01-07 21:35:06,empty,stale
W1_ACT_RESRC_REQMT_IDENTIFIER,Y,N,,N,0,2026-01-07 21:35:07,empty,stale
W1_ACT_RESRC_REQMT_K,Y,N,,N,0,2026-01-07 21:35:07,empty,stale
W1_ACT_RESRC_REQMT_LOG,Y,N,,N,0,2026-01-07 21:35:07,empty,stale
W1_ACT_RESRC_REQMT_LOG_PARM,Y,N,,N,0,2026-01-07 21:35:07,empty,stale
W1_ACT_RESRC_REQMT_NOTE,Y,N,,N,0,2026-01-07 21:35:07,empty,stale
W1_ACT_TYPE_PLAN_SVC_HIST_TYPE,Y,N,,N,0,2026-01-07 21:35:07,empty,stale
W1_ADJUSTMENT,Y,N,,N,0,2026-01-07 21:35:07,empty,stale
W1_ADJUSTMENT_CHAR,Y,N,,N,0,2026-01-07 21:35:07,empty,stale
W1_ADJUSTMENT_DOCUMENT,Y,N,,N,0,2026-01-07 21:35:07,empty,stale
W1_ADJUSTMENT_DTL,Y,N,,N,0,2026-01-07 21:35:07,empty,stale
W1_ADJUSTMENT_IDENTIFIER,Y,N,,N,0,2026-01-07 21:35:07,empty,stale
W1_ADJUSTMENT_LOG,Y,N,,N,0,2026-01-07 21:35:07,empty,stale
W1_ADJUSTMENT_LOG_PARM,Y,N,,N,0,2026-01-07 21:35:07,empty,stale
W1_ADJUSTMENT_TYPE,Y,N,,N,0,2026-01-07 21:35:07,empty,stale
W1_ADJUSTMENT_TYPE_CHAR,Y,N,,N,0,2026-01-07 21:35:07,empty,stale
W1_ADJUSTMENT_TYPE_L,Y,N,,N,0,2026-01-07 21:35:07,empty,stale
W1_APPROVAL_PROF,Y,N,,N,0,2026-01-07 21:35:07,empty,stale
W1_APPROVAL_PROF_CHAR,Y,N,,N,0,2026-01-07 21:35:07,empty,stale
W1_APPROVAL_PROF_IDENTIFIER,Y,N,,N,0,2026-01-07 21:35:07,empty,stale
W1_APPROVAL_PROF_L,Y,N,,N,0,2026-01-07 21:35:07,empty,stale
W1_APPROVAL_PROF_USER_GROUP,Y,N,,N,0,2026-01-07 21:35:07,empty,stale
W1_APPROVAL_REQ,Y,N,,N,0,2026-01-07 21:35:07,empty,stale
W1_APPROVAL_REQ_APPROVER,Y,N,,N,0,2026-01-07 21:35:07,empty,stale
W1_APPROVAL_REQ_CHAR,Y,N,,N,0,2026-01-07 21:35:07,empty,stale
W1_APPROVAL_REQ_IDENTIFIER,Y,N,,N,0,2026-01-07 21:35:08,empty,stale
W1_APPROVAL_REQ_K,Y,N,,N,0,2026-01-07 21:35:08,empty,stale
W1_APPROVAL_REQ_LOG,Y,N,,N,0,2026-01-07 21:35:08,empty,stale
W1_APPROVAL_REQ_LOG_PARM,Y,N,,N,0,2026-01-07 21:35:08,empty,stale
W1_ASSESS_CLASS,Y,N,,N,0,2026-01-07 21:35:08,empty,stale
W1_ASSESS_CLASS_ASSESS_GRP,Y,N,,N,0,2026-01-07 21:35:08,empty,stale
W1_ASSESS_CLASS_CHAR,Y,N,,N,0,2026-01-07 21:35:08,empty,stale
W1_ASSESS_CLASS_L,Y,N,,N,0,2026-01-07 21:35:08,empty,stale
W1_ASSESS_CLASS_LOG,Y,N,,N,0,2026-01-07 21:35:08,empty,stale
W1_ASSESS_CLASS_LOG_PARM,Y,N,,N,0,2026-01-07 21:35:08,empty,stale
W1_ASSESS_GRP,Y,N,,N,0,2026-01-07 21:35:08,empty,stale
W1_ASSESS_GRP_AGING_FACTOR,Y,N,,N,0,2026-01-07 21:35:08,empty,stale
W1_ASSESS_GRP_CHAR,Y,N,,N,0,2026-01-07 21:35:08,empty,stale
W1_ASSESS_GRP_L,Y,N,,N,0,2026-01-07 21:35:08,empty,stale
W1_ASSESS_GRP_SVC_HIST_TYPE,Y,N,,N,0,2026-01-07 21:35:08,empty,stale
W1_ASSET,Y,N,,N,54302,2026-01-28 02:15:16,populated,stale
W1_ASSET_ATTACHMENT,Y,N,,N,0,2026-01-07 21:35:09,empty,stale
W1_ASSET_ATTRIBUTE,Y,N,,N,869,2026-01-16 02:05:33,populated,stale
W1_ASSET_CHAR,Y,N,,N,0,2026-01-07 21:35:09,empty,stale
W1_ASSET_CHAR2,Y,N,,N,0,2026-01-07 21:35:09,empty,stale
W1_ASSET_DOCUMENT,Y,N,,N,0,2026-01-07 21:35:09,empty,stale
W1_ASSET_EMPLOYEE,Y,N,,N,0,2026-01-07 21:35:09,empty,stale
W1_ASSET_IDENTIFIER,Y,N,,N,167802,2026-01-17 22:11:43,populated,stale
W1_ASSET_K,Y,N,,N,54302,2026-01-07 21:35:09,populated,stale
W1_ASSET_LOG,Y,N,,N,51674,2026-01-07 21:35:10,populated,stale
W1_ASSET_LOG_PARM,Y,N,,N,33287,2026-01-07 21:35:10,populated,stale
W1_ASSET_MAINT_TRIGGER_FCST,Y,N,,N,0,2026-01-07 21:35:10,empty,stale
W1_ASSET_MEASUREMENT_TYPE,Y,N,,N,0,2026-01-07 21:35:10,empty,stale
W1_ASSET_NODE,Y,N,,N,72281,2026-01-17 22:11:40,populated,stale
W1_ASSET_NOTE,Y,N,,N,0,2026-01-07 21:35:11,empty,stale
W1_ASSET_TYPE,Y,N,,N,6,2026-02-04 02:18:25,populated,stale
W1_ASSET_TYPE_ATTRIBUTE,Y,N,,N,5,2026-01-07 21:35:11,populated,stale
W1_ASSET_TYPE_CHAR,Y,N,,N,0,2026-01-07 21:35:11,empty,stale
W1_ASSET_TYPE_L,Y,N,,N,6,2026-01-31 22:17:15,populated,stale
W1_ASSET_TYPE_NODE_TYPE,Y,N,,N,82,2026-01-07 21:35:11,populated,stale
W1_ASSET_TYPE_STATS,Y,N,,N,0,2026-01-07 21:35:11,empty,stale
W1_ASSET_TYPE_STATS_CHAR,Y,N,,N,0,2026-01-07 21:35:11,empty,stale
W1_ASSET_TYPE_SVC_HIST_TYPE,Y,N,,N,9,2026-01-07 21:35:11,populated,stale
W1_BC_ACCESS_LIST,Y,N,,N,0,2026-01-07 21:35:11,empty,stale
W1_BC_ACCESS_LIST_CHAR,Y,N,,N,0,2026-01-07 21:35:11,empty,stale
W1_BC_ACCESS_LIST_L,Y,N,,N,0,2026-01-07 21:35:11,empty,stale
W1_BC_ACCESS_LIST_USER,Y,N,,N,0,2026-01-07 21:35:11,empty,stale
W1_BC_HEADER,Y,N,,N,0,2026-01-07 21:35:12,empty,stale
W1_BC_HEADER_CHAR,Y,N,,N,0,2026-01-07 21:35:12,empty,stale
W1_BC_HEADER_DOCUMENT,Y,N,,N,0,2026-01-07 21:35:12,empty,stale
W1_BC_HEADER_IDENTIFIER,Y,N,,N,0,2026-01-07 21:35:12,empty,stale
W1_BC_HEADER_K,Y,N,,N,0,2026-01-07 21:35:12,empty,stale
W1_BC_HEADER_LOG,Y,N,,N,0,2026-01-07 21:35:12,empty,stale
W1_BC_HEADER_LOG_PARM,Y,N,,N,0,2026-01-07 21:35:12,empty,stale
W1_BC_HEADER_NOTE,Y,N,,N,0,2026-01-07 21:35:12,empty,stale
W1_BC_LINE,Y,N,,N,0,2026-01-07 21:35:12,empty,stale
W1_BC_LINE_CHAR,Y,N,,N,0,2026-01-07 21:35:12,empty,stale
W1_BC_LINE_DOCUMENT,Y,N,,N,0,2026-01-07 21:35:12,empty,stale
W1_BC_LINE_K,Y,N,,N,0,2026-01-07 21:35:12,empty,stale
W1_BC_LINE_LOG,Y,N,,N,0,2026-01-07 21:35:12,empty,stale
W1_BC_LINE_LOG_PARM,Y,N,,N,0,2026-01-07 21:35:12,empty,stale
W1_BC_LINE_MFR,Y,N,,N,0,2026-01-07 21:35:12,empty,stale
W1_BKT_CONFIG,Y,N,,N,0,2026-01-07 21:35:12,empty,stale
W1_BKT_CONFIG_L,Y,N,,N,0,2026-01-07 21:35:12,empty,stale
W1_BKT_CONFIG_REL_OBJ,Y,N,,N,0,2026-01-07 21:35:12,empty,stale
W1_BKT_CONFIG_VAL,Y,N,,N,0,2026-01-07 21:35:12,empty,stale
W1_BKT_CONFIG_VAL_L,Y,N,,N,0,2026-01-07 21:35:12,empty,stale
W1_BOM_ASSEMBLY,Y,N,,N,0,2026-01-07 21:35:12,empty,stale
W1_BOM_CHAR,Y,N,,N,0,2026-01-07 21:35:13,empty,stale
W1_BOM_DOCUMENT,Y,N,,N,0,2026-01-07 21:35:13,empty,stale
W1_BOM_IDENTIFIER,Y,N,,N,0,2026-01-07 21:35:13,empty,stale
W1_BOM_K,Y,N,,N,0,2026-01-07 21:35:13,empty,stale
W1_BOM_NOTE,Y,N,,N,0,2026-01-07 21:35:13,empty,stale
W1_BOM_PART,Y,N,,N,0,2026-01-07 21:35:13,empty,stale
W1_BUSINESS_UNIT,Y,N,,N,0,2026-01-07 21:35:13,empty,stale
W1_BUSINESS_UNIT_CHAR,Y,N,,N,0,2026-01-07 21:35:13,empty,stale
W1_BUSINESS_UNIT_L,Y,N,,N,0,2026-01-07 21:35:13,empty,stale
W1_BUYER,Y,N,,N,0,2026-01-07 21:35:13,empty,stale
W1_BUYER_CHAR,Y,N,,N,0,2026-01-07 21:35:13,empty,stale
W1_BUYER_EMAIL,Y,N,,N,0,2026-01-07 21:35:13,empty,stale
W1_BUYER_IDENTIFIER,Y,N,,N,0,2026-01-07 21:35:13,empty,stale
W1_BUYER_L,Y,N,,N,0,2026-01-07 21:35:13,empty,stale
W1_BUYER_LOG,Y,N,,N,0,2026-01-07 21:35:13,empty,stale
W1_BUYER_LOG_PARM,Y,N,,N,0,2026-01-07 21:35:13,empty,stale
W1_BUYER_PHONE,Y,N,,N,0,2026-01-07 21:35:13,empty,stale
W1_CALENDAR,Y,N,,N,0,2026-01-07 21:35:13,empty,stale
W1_CALENDAR_CHAR,Y,N,,N,0,2026-01-07 21:35:13,empty,stale
W1_CALENDAR_L,Y,N,,N,0,2026-01-07 21:35:13,empty,stale
W1_CALENDAR_PERIOD,Y,N,,N,0,2026-01-07 21:35:13,empty,stale
W1_CALENDAR_PERIOD_L,Y,N,,N,0,2026-01-07 21:35:13,empty,stale
W1_CAPABILITY_TYPE,Y,N,,N,0,2026-01-07 21:35:13,empty,stale
W1_CAPABILITY_TYPE_CHAR,Y,N,,N,0,2026-01-07 21:35:13,empty,stale
W1_CAPABILITY_TYPE_L,Y,N,,N,0,2026-01-07 21:35:13,empty,stale
W1_CHANGE_REQ,Y,N,,N,0,2026-01-07 21:35:13,empty,stale
W1_CHANGE_REQ_APPR_PROF,Y,N,,N,0,2026-01-07 21:35:14,empty,stale
W1_CHANGE_REQ_CHAR,Y,N,,N,0,2026-01-07 21:35:14,empty,stale
W1_CHANGE_REQ_DOCUMENT,Y,N,,N,0,2026-01-07 21:35:14,empty,stale
W1_CHANGE_REQ_K,Y,N,,N,0,2026-01-07 21:35:14,empty,stale
W1_CHANGE_REQ_LOG,Y,N,,N,0,2026-01-07 21:35:14,empty,stale
W1_CHANGE_REQ_LOG_PARM,Y,N,,N,0,2026-01-07 21:35:14,empty,stale
W1_CHANGE_REQ_TYPE,Y,N,,N,0,2026-01-07 21:35:14,empty,stale
W1_CHANGE_REQ_TYPE_CHAR,Y,N,,N,0,2026-01-07 21:35:14,empty,stale
W1_CHANGE_REQ_TYPE_L,Y,N,,N,0,2026-01-07 21:35:14,empty,stale
W1_CHILD_SPEC,Y,N,,N,0,2026-01-07 21:35:14,empty,stale
W1_CHILD_SPEC_CHAR,Y,N,,N,0,2026-01-07 21:35:14,empty,stale
W1_CHILD_SPEC_IDENTIFIER,Y,N,,N,0,2026-01-07 21:35:14,empty,stale
W1_CHILD_SPEC_L,Y,N,,N,0,2026-01-07 21:35:14,empty,stale
W1_CHILD_SPEC_LOG,Y,N,,N,0,2026-01-07 21:35:14,empty,stale
W1_CHILD_SPEC_LOG_PARM,Y,N,,N,0,2026-01-07 21:35:14,empty,stale
W1_CHKLST,Y,N,,N,0,2026-01-07 21:35:14,empty,stale
W1_CHKLST_CHAR,Y,N,,N,0,2026-01-07 21:35:14,empty,stale
W1_CHKLST_IDENTIFIER,Y,N,,N,0,2026-01-07 21:35:14,empty,stale
W1_CHKLST_K,Y,N,,N,0,2026-01-07 21:35:14,empty,stale
W1_CHKLST_LINE_ITEM,Y,N,,N,0,2026-01-07 21:35:14,empty,stale
W1_CHKLST_LOG,Y,N,,N,0,2026-01-07 21:35:14,empty,stale
W1_CHKLST_LOG_PARM,Y,N,,N,0,2026-01-07 21:35:14,empty,stale
W1_CHKLST_REL_OBJ,Y,N,,N,0,2026-01-07 21:35:14,empty,stale
W1_CHKLST_TYP,Y,N,,N,0,2026-01-07 21:35:14,empty,stale
W1_CHKLST_TYP_CHAR,Y,N,,N,0,2026-01-07 21:35:14,empty,stale
W1_CHKLST_TYP_CONST_BO_STATE,Y,N,,N,0,2026-01-07 21:35:14,empty,stale
W1_CHKLST_TYP_DFLT_LINE_ITEM,Y,N,,N,0,2026-01-07 21:35:14,empty,stale
W1_CHKLST_TYP_L,Y,N,,N,0,2026-01-07 21:35:14,empty,stale
W1_CMDTY_CAT,Y,N,,N,0,2026-01-07 21:35:14,empty,stale
W1_CMDTY_CAT_CHAR,Y,N,,N,0,2026-01-07 21:35:15,empty,stale
W1_CMDTY_CAT_L,Y,N,,N,0,2026-01-07 21:35:15,empty,stale
W1_CMDTY_CMP,Y,N,,N,0,2026-01-07 21:35:15,empty,stale
W1_CMDTY_CMP_CHAR,Y,N,,N,0,2026-01-07 21:35:15,empty,stale
W1_CMDTY_CMP_L,Y,N,,N,0,2026-01-07 21:35:15,empty,stale
W1_CMDTY_NAME,Y,N,,N,0,2026-01-07 21:35:15,empty,stale
W1_CMDTY_NAME_CHAR,Y,N,,N,0,2026-01-07 21:35:15,empty,stale
W1_CMDTY_NAME_L,Y,N,,N,0,2026-01-07 21:35:15,empty,stale
W1_CMDTY_TYPE,Y,N,,N,0,2026-01-07 21:35:15,empty,stale
W1_CMDTY_TYPE_CHAR,Y,N,,N,0,2026-01-07 21:35:15,empty,stale
W1_CMDTY_TYPE_L,Y,N,,N,0,2026-01-07 21:35:15,empty,stale
W1_CMPL_EVT,Y,N,,N,38,2026-01-07 21:35:15,populated,stale
W1_CMPL_EVT_CHAR,Y,N,,N,0,2026-01-07 21:35:15,empty,stale
W1_CMPL_EVT_K,Y,N,,N,38,2026-01-07 21:35:15,populated,stale
W1_CMPL_EVT_LOG,Y,N,,N,71,2026-01-07 21:35:15,populated,stale
W1_CMPL_EVT_LOG_PARM,Y,N,,N,71,2026-01-07 21:35:15,populated,stale
W1_CMPL_EVT_REL_OBJ,Y,N,,N,0,2026-01-07 21:35:15,empty,stale
W1_CMPL_EVT_TYPE,Y,N,,N,33,2026-01-07 21:35:15,populated,stale
W1_CMPL_EVT_TYPE_CHAR,Y,N,,N,2,2026-01-07 21:35:15,populated,stale
W1_CMPL_EVT_TYPE_IDENTIFIER,Y,N,,N,0,2026-01-07 21:35:15,empty,stale
W1_CMPL_EVT_TYPE_L,Y,N,,N,33,2026-02-03 02:14:28,populated,stale
W1_COLOR,Y,N,,N,0,2026-01-07 21:35:15,empty,stale
W1_COLOR_CHAR,Y,N,,N,0,2026-01-07 21:35:15,empty,stale
W1_COLOR_L,Y,N,,N,0,2026-01-07 21:35:15,empty,stale
W1_COMMUNICATION,Y,N,,N,0,2026-01-07 21:35:16,empty,stale
W1_COMMUNICATION_CHAR,Y,N,,N,0,2026-01-07 21:35:16,empty,stale
W1_COMMUNICATION_K,Y,N,,N,0,2026-01-07 21:35:16,empty,stale
W1_COMMUNICATION_LOG,Y,N,,N,0,2026-01-07 21:35:16,empty,stale
W1_COMMUNICATION_LOG_PARM,Y,N,,N,0,2026-01-07 21:35:16,empty,stale
W1_COMMUNICATION_PHONE,Y,N,,N,0,2026-01-07 21:35:16,empty,stale
W1_COMMUNICATION_REL_OBJ,Y,N,,N,0,2026-01-07 21:35:16,empty,stale
W1_COMM_IN,Y,N,,N,0,2026-01-07 21:35:16,empty,stale
W1_COMM_IN_CHAR,Y,N,,N,0,2026-01-07 21:35:16,empty,stale
W1_COMM_IN_IDENTIFIER,Y,N,,N,0,2026-01-07 21:35:16,empty,stale
W1_COMM_IN_K,Y,N,,N,0,2026-01-07 21:35:16,empty,stale
W1_COMM_IN_LOG,Y,N,,N,0,2026-01-07 21:35:16,empty,stale
W1_COMM_IN_LOG_PARM,Y,N,,N,0,2026-01-07 21:35:16,empty,stale
W1_COMM_IN_REL_OBJ,Y,N,,N,0,2026-01-07 21:35:16,empty,stale
W1_COMM_TYPE,Y,N,,N,9,2026-01-07 21:35:16,populated,stale
W1_COMM_TYPE_CHAR,Y,N,,N,0,2026-01-07 21:35:16,empty,stale
W1_COMM_TYPE_L,Y,N,,N,9,2026-01-07 21:35:16,populated,stale
W1_COMPLIANCE_CAT,Y,N,,N,0,2026-01-07 21:35:16,empty,stale
W1_COMPLIANCE_CAT_CHAR,Y,N,,N,0,2026-01-07 21:35:16,empty,stale
W1_COMPLIANCE_CAT_L,Y,N,,N,0,2026-01-07 21:35:16,empty,stale
W1_COMPLIANCE_TYPE,Y,N,,N,0,2026-01-07 21:35:16,empty,stale
W1_COMPLIANCE_TYPE_CHAR,Y,N,,N,0,2026-01-07 21:35:16,empty,stale
W1_COMPLIANCE_TYPE_L,Y,N,,N,0,2026-01-07 21:35:16,empty,stale
W1_COMPLIANCE_TYPE_REGT_AGCY,Y,N,,N,0,2026-01-07 21:35:16,empty,stale
W1_CONFIG,Y,N,,N,0,2026-01-07 21:35:16,empty,stale
W1_CONFIG_CHAR,Y,N,,N,0,2026-01-07 21:35:16,empty,stale
W1_CONFIG_CHAR2,Y,N,,N,0,2026-01-07 21:35:16,empty,stale
W1_CONFIG_IDENTIFIER,Y,N,,N,0,2026-01-07 21:35:16,empty,stale
W1_CONFIG_K,Y,N,,N,0,2026-01-07 21:35:17,empty,stale
W1_CONFIG_LOG,Y,N,,N,0,2026-01-07 21:35:17,empty,stale
W1_CONFIG_LOG_PARM,Y,N,,N,0,2026-01-07 21:35:17,empty,stale
W1_CONFIG_RPT,Y,N,,N,0,2026-01-07 21:35:17,empty,stale
W1_CONFIG_RPT_CHAR,Y,N,,N,0,2026-01-07 21:35:17,empty,stale
W1_CONFIG_RPT_CHAR2,Y,N,,N,0,2026-01-07 21:35:17,empty,stale
W1_CONFIG_RPT_IDENTIFIER,Y,N,,N,0,2026-01-07 21:35:17,empty,stale
W1_CONFIG_RPT_K,Y,N,,N,0,2026-01-07 21:35:17,empty,stale
W1_CONFIG_RPT_LOG,Y,N,,N,0,2026-01-07 21:35:17,empty,stale
W1_CONFIG_RPT_LOG_PARM,Y,N,,N,0,2026-01-07 21:35:17,empty,stale
W1_CONFIG_RPT_SPECIFICATION,Y,N,,N,0,2026-01-07 21:35:17,empty,stale
W1_CONFIG_TYPE,Y,N,,N,0,2026-01-07 21:35:17,empty,stale
W1_CONFIG_TYPE_CHAR,Y,N,,N,0,2026-01-07 21:35:17,empty,stale
W1_CONFIG_TYPE_IDENTIFIER,Y,N,,N,0,2026-01-07 21:35:17,empty,stale
W1_CONFIG_TYPE_L,Y,N,,N,0,2026-01-07 21:35:17,empty,stale
W1_CONTACT,Y,N,,N,49323,2026-01-16 02:06:13,populated,stale
W1_CONTACT_CHAR,Y,N,,N,0,2026-01-07 21:35:17,empty,stale
W1_CONTACT_CHAR2,Y,N,,N,0,2026-01-07 21:35:17,empty,stale
W1_CONTACT_EMAIL,Y,N,,N,667,2026-01-16 02:05:31,populated,stale
W1_CONTACT_IDENTIFIER,Y,N,,N,49323,2026-01-17 22:11:37,populated,stale
W1_CONTACT_K,Y,N,,N,49323,2026-01-07 21:35:17,populated,stale
W1_CONTACT_NAME,Y,N,,N,49323,2026-01-16 02:05:52,populated,stale
W1_CONTACT_PHONE,Y,N,,N,2455,2026-01-16 02:05:33,populated,stale
W1_CONTACT_RELATIONSHIP,Y,N,,N,0,2026-01-07 21:35:18,empty,stale
W1_CONTACT_TYPE,Y,N,,N,2,2026-01-07 21:35:18,populated,stale
W1_CONTACT_TYPE_CHAR,Y,N,,N,0,2026-01-07 21:35:18,empty,stale
W1_CONTACT_TYPE_L,Y,N,,N,2,2026-02-03 02:14:27,populated,stale
W1_COST_CATEGORY,Y,N,,N,0,2026-01-07 21:35:18,empty,stale
W1_COST_CATEGORY_CHAR,Y,N,,N,0,2026-01-07 21:35:18,empty,stale
W1_COST_CATEGORY_L,Y,N,,N,0,2026-01-07 21:35:18,empty,stale
W1_COST_CENTER,Y,N,,N,0,2026-01-07 21:35:18,empty,stale
W1_COST_CENTER_CHAR,Y,N,,N,0,2026-01-07 21:35:18,empty,stale
W1_COST_CENTER_EXPCD,Y,N,,N,0,2026-01-07 21:35:18,empty,stale
W1_COST_CENTER_IDENTIFIER,Y,N,,N,0,2026-01-07 21:35:18,empty,stale
W1_COST_CENTER_L,Y,N,,N,0,2026-01-07 21:35:18,empty,stale
W1_COST_CENTER_LOG,Y,N,,N,0,2026-01-07 21:35:18,empty,stale
W1_COST_CENTER_LOG_PARM,Y,N,,N,0,2026-01-07 21:35:18,empty,stale
W1_CREW,Y,N,,N,0,2026-01-07 21:35:18,empty,stale
W1_CREW_CHAR,Y,N,,N,0,2026-01-07 21:35:18,empty,stale
W1_CREW_DEFAULT_MEMBER,Y,N,,N,0,2026-01-07 21:35:18,empty,stale
W1_CREW_IDENTIFIER,Y,N,,N,0,2026-01-07 21:35:18,empty,stale
W1_CREW_K,Y,N,,N,0,2026-01-07 21:35:18,empty,stale
W1_CREW_LOG,Y,N,,N,0,2026-01-07 21:35:18,empty,stale
W1_CREW_LOG_PARM,Y,N,,N,0,2026-01-07 21:35:18,empty,stale
W1_CREW_SHIFT,Y,N,,N,0,2026-01-07 21:35:18,empty,stale
W1_CREW_SHIFT_ACT_SCHED,Y,N,,N,0,2026-01-07 21:35:19,empty,stale
W1_CREW_SHIFT_CHAR,Y,N,,N,0,2026-01-07 21:35:19,empty,stale
W1_CREW_SHIFT_K,Y,N,,N,0,2026-01-07 21:35:19,empty,stale
W1_CREW_SHIFT_LOG,Y,N,,N,0,2026-01-07 21:35:19,empty,stale
W1_CREW_SHIFT_LOG_PARM,Y,N,,N,0,2026-01-07 21:35:19,empty,stale
W1_CREW_SHIFT_MEMBER,Y,N,,N,0,2026-01-07 21:35:19,empty,stale
W1_CREW_SHIFT_SERVICE_AREA,Y,N,,N,0,2026-01-07 21:35:19,empty,stale
W1_CREW_SHIFT_SERVICE_CLASS,Y,N,,N,0,2026-01-07 21:35:19,empty,stale
W1_CREW_SHIFT_TYPE,Y,N,,N,0,2026-01-07 21:35:19,empty,stale
W1_CREW_SHIFT_TYPE_CHAR,Y,N,,N,0,2026-01-07 21:35:19,empty,stale
W1_CREW_SHIFT_TYPE_L,Y,N,,N,0,2026-01-07 21:35:19,empty,stale
W1_CREW_STR_ASSN,Y,N,,N,0,2026-01-07 21:35:19,empty,stale
W1_CREW_TYPE,Y,N,,N,0,2026-01-07 21:35:19,empty,stale
W1_CREW_TYPE_CHAR,Y,N,,N,0,2026-01-07 21:35:19,empty,stale
W1_CREW_TYPE_L,Y,N,,N,0,2026-01-07 21:35:19,empty,stale
W1_CREW_TYPE_RESRC_PROFILE,Y,N,,N,0,2026-01-07 21:35:19,empty,stale
W1_CREW_VALID_MEMBER,Y,N,,N,0,2026-01-07 21:35:19,empty,stale
W1_CU,Y,N,,N,0,2026-01-07 21:35:19,empty,stale
W1_CU_CATEGORY,Y,N,,N,0,2026-01-07 21:35:19,empty,stale
W1_CU_CATEGORY_CHAR,Y,N,,N,0,2026-01-07 21:35:19,empty,stale
W1_CU_CATEGORY_L,Y,N,,N,0,2026-01-07 21:35:19,empty,stale
W1_CU_CHAR,Y,N,,N,0,2026-01-07 21:35:19,empty,stale
W1_CU_CNTRCTR_BID,Y,N,,N,0,2026-01-07 21:35:19,empty,stale
W1_CU_CNTRCTR_BID_CHAR,Y,N,,N,0,2026-01-07 21:35:19,empty,stale
W1_CU_CNTRCTR_BID_DOCUMENT,Y,N,,N,0,2026-01-07 21:35:19,empty,stale
W1_CU_CNTRCTR_BID_IDENTIFIER,Y,N,,N,0,2026-01-07 21:35:19,empty,stale
W1_CU_CNTRCTR_BID_K,Y,N,,N,0,2026-01-07 21:35:20,empty,stale
W1_CU_CNTRCTR_BID_LOG,Y,N,,N,0,2026-01-07 21:35:20,empty,stale
W1_CU_CNTRCTR_BID_LOG_PARM,Y,N,,N,0,2026-01-07 21:35:20,empty,stale
W1_CU_CNTRCTR_BID_NOTE,Y,N,,N,0,2026-01-07 21:35:20,empty,stale
W1_CU_COST_CENTER,Y,N,,N,0,2026-01-07 21:35:20,empty,stale
W1_CU_DOCUMENT,Y,N,,N,0,2026-01-07 21:35:20,empty,stale
W1_CU_IDENTIFIER,Y,N,,N,0,2026-01-07 21:35:20,empty,stale
W1_CU_K,Y,N,,N,0,2026-01-07 21:35:20,empty,stale
W1_CU_LOG,Y,N,,N,0,2026-01-07 21:35:20,empty,stale
W1_CU_LOG_PARM,Y,N,,N,0,2026-01-07 21:35:20,empty,stale
W1_CU_NOTE,Y,N,,N,0,2026-01-07 21:35:20,empty,stale
W1_CU_REF_CU,Y,N,,N,0,2026-01-07 21:35:20,empty,stale
W1_CU_RESRC_TYPE,Y,N,,N,0,2026-01-07 21:35:20,empty,stale
W1_CU_SET,Y,N,,N,0,2026-01-07 21:35:20,empty,stale
W1_CU_SET_CHAR,Y,N,,N,0,2026-01-07 21:35:20,empty,stale
W1_CU_SET_DOCUMENT,Y,N,,N,0,2026-01-07 21:35:20,empty,stale
W1_CU_SET_IDENTIFIER,Y,N,,N,0,2026-01-07 21:35:20,empty,stale
W1_CU_SET_L,Y,N,,N,0,2026-01-07 21:35:20,empty,stale
W1_CU_SET_LOG,Y,N,,N,0,2026-01-07 21:35:20,empty,stale
W1_CU_SET_LOG_PARM,Y,N,,N,0,2026-01-07 21:35:20,empty,stale
W1_CU_SET_NOTE,Y,N,,N,0,2026-01-07 21:35:20,empty,stale
W1_CU_USAGE,Y,N,,N,0,2026-01-07 21:35:20,empty,stale
W1_CU_USAGE_CHAR,Y,N,,N,0,2026-01-07 21:35:20,empty,stale
W1_CU_USAGE_COST_CENTER,Y,N,,N,0,2026-01-07 21:35:20,empty,stale
W1_CU_USAGE_L,Y,N,,N,0,2026-01-07 21:35:20,empty,stale
W1_DESIGN_ELEMENT,Y,N,,N,0,2026-01-07 21:35:20,empty,stale
W1_DESIGN_ELEMENT_CHAR,Y,N,,N,0,2026-01-07 21:35:20,empty,stale
W1_DESIGN_ELEMENT_CU,Y,N,,N,0,2026-01-07 21:35:20,empty,stale
W1_DESIGN_ELEMENT_DOCUMENT,Y,N,,N,0,2026-01-07 21:35:20,empty,stale
W1_DESIGN_ELEMENT_IDENTIFIER,Y,N,,N,0,2026-01-07 21:35:21,empty,stale
W1_DESIGN_ELEMENT_ITEMS,Y,N,,N,0,2026-01-07 21:35:21,empty,stale
W1_DESIGN_ELEMENT_K,Y,N,,N,0,2026-01-07 21:35:21,empty,stale
W1_DESIGN_ELEMENT_LOG,Y,N,,N,0,2026-01-07 21:35:21,empty,stale
W1_DESIGN_ELEMENT_LOG_PARM,Y,N,,N,0,2026-01-07 21:35:21,empty,stale
W1_DESIGN_ELEMENT_NOTE,Y,N,,N,0,2026-01-07 21:35:21,empty,stale
W1_DIST_CODE,Y,N,,N,0,2026-01-07 21:35:21,empty,stale
W1_DIST_CODE_CHAR,Y,N,,N,0,2026-01-07 21:35:21,empty,stale
W1_DIST_CODE_GL_DETAIL,Y,N,,N,0,2026-01-07 21:35:21,empty,stale
W1_DIST_CODE_L,Y,N,,N,0,2026-01-07 21:35:21,empty,stale
W1_DOCUMENT,Y,N,,N,0,2026-01-07 21:35:21,empty,stale
W1_DOCUMENT_CHAR,Y,N,,N,0,2026-01-07 21:35:21,empty,stale
W1_DOCUMENT_IDENTIFIER,Y,N,,N,0,2026-01-07 21:35:21,empty,stale
W1_DOCUMENT_K,Y,N,,N,0,2026-01-07 21:35:21,empty,stale
W1_DOCUMENT_LOG,Y,N,,N,0,2026-01-07 21:35:21,empty,stale
W1_DOCUMENT_LOG_PARM,Y,N,,N,0,2026-01-07 21:35:21,empty,stale
W1_DOCUMENT_TYPE,Y,N,,N,0,2026-01-07 21:35:21,empty,stale
W1_DOCUMENT_TYPE_CHAR,Y,N,,N,0,2026-01-07 21:35:21,empty,stale
W1_DOCUMENT_TYPE_L,Y,N,,N,0,2026-01-07 21:35:21,empty,stale
W1_EMPLOYEE,Y,N,,N,0,2026-01-07 21:35:21,empty,stale
W1_EMPLOYEE_BILLABLE_RATE,Y,N,,N,0,2026-01-07 21:35:21,empty,stale
W1_EMPLOYEE_CHAR,Y,N,,N,0,2026-01-07 21:35:21,empty,stale
W1_EMPLOYEE_IDENTIFIER,Y,N,,N,0,2026-01-07 21:35:21,empty,stale
W1_EMPLOYEE_K,Y,N,,N,0,2026-01-07 21:35:21,empty,stale
W1_EMPLOYEE_LOG,Y,N,,N,0,2026-01-07 21:35:21,empty,stale
W1_EMPLOYEE_LOG_PARM,Y,N,,N,0,2026-01-07 21:35:21,empty,stale
W1_EMPLOYEE_PHONE,Y,N,,N,0,2026-01-07 21:35:21,empty,stale
W1_EMPLOYEE_TRAINING,Y,N,,N,0,2026-01-07 21:35:21,empty,stale
W1_EMPLOYEE_TYPE,Y,N,,N,0,2026-01-07 21:35:21,empty,stale
W1_EMPLOYEE_TYPE_CHAR,Y,N,,N,0,2026-01-07 21:35:21,empty,stale
W1_EMPLOYEE_TYPE_L,Y,N,,N,0,2026-01-07 21:35:22,empty,stale
W1_EMPLOYEE_WORK_AREA,Y,N,,N,0,2026-01-07 21:35:22,empty,stale
W1_EMP_AUTO_TIMESHEET,Y,N,,N,0,2026-01-07 21:35:22,empty,stale
W1_EQUIP_GROUP,Y,N,,N,0,2026-01-07 21:35:22,empty,stale
W1_EQUIP_GROUP_CHAR,Y,N,,N,0,2026-01-07 21:35:22,empty,stale
W1_EQUIP_GROUP_L,Y,N,,N,0,2026-01-07 21:35:22,empty,stale
W1_ERP_INTEGRATION,Y,N,,N,0,2026-01-07 21:35:22,empty,stale
W1_ERP_INTEGRATION_CHAR,Y,N,,N,0,2026-01-07 21:35:22,empty,stale
W1_ERP_INTEGRATION_LOG,Y,N,,N,0,2026-01-07 21:35:22,empty,stale
W1_ERP_INTEGRATION_LOG_PARM,Y,N,,N,0,2026-01-07 21:35:22,empty,stale
W1_EU,Y,N,,N,0,2026-01-07 21:35:22,empty,stale
W1_EU_CHAR,Y,N,,N,0,2026-01-07 21:35:22,empty,stale
W1_EU_EMPLOYEE,Y,N,,N,0,2026-01-07 21:35:22,empty,stale
W1_EU_IDENTIFIER,Y,N,,N,0,2026-01-07 21:35:22,empty,stale
W1_EU_K,Y,N,,N,0,2026-01-07 21:35:22,empty,stale
W1_EU_LOG,Y,N,,N,0,2026-01-07 21:35:22,empty,stale
W1_EU_LOG_PARM,Y,N,,N,0,2026-01-07 21:35:22,empty,stale
W1_EU_TIMESHEET,Y,N,,N,0,2026-01-07 21:35:22,empty,stale
W1_EU_TYPE,Y,N,,N,0,2026-01-07 21:35:22,empty,stale
W1_EU_TYPE_CHAR,Y,N,,N,0,2026-01-07 21:35:22,empty,stale
W1_EU_TYPE_L,Y,N,,N,0,2026-01-07 21:35:22,empty,stale
W1_EXPEDITE,Y,N,,N,0,2026-01-07 21:35:22,empty,stale
W1_EXPEDITE_CHAR,Y,N,,N,0,2026-01-07 21:35:22,empty,stale
W1_EXPEDITE_IDENTIFIER,Y,N,,N,0,2026-01-07 21:35:22,empty,stale
W1_EXPEDITE_K,Y,N,,N,0,2026-01-07 21:35:22,empty,stale
W1_EXPEDITE_LOG,Y,N,,N,0,2026-01-07 21:35:22,empty,stale
W1_EXPEDITE_LOG_PARM,Y,N,,N,0,2026-01-07 21:35:22,empty,stale
W1_EXPEDITE_PO_LINE,Y,N,,N,0,2026-01-07 21:35:22,empty,stale
W1_EXPENSE_CD,Y,N,,N,0,2026-01-07 21:35:23,empty,stale
W1_EXPENSE_CD_CHAR,Y,N,,N,0,2026-01-07 21:35:23,empty,stale
W1_EXPENSE_CD_IDENTIFIER,Y,N,,N,0,2026-01-07 21:35:23,empty,stale
W1_EXPENSE_CD_L,Y,N,,N,0,2026-01-07 21:35:23,empty,stale
W1_EXPENSE_CD_LOG,Y,N,,N,0,2026-01-07 21:35:23,empty,stale
W1_EXPENSE_CD_LOG_PARM,Y,N,,N,0,2026-01-07 21:35:23,empty,stale
W1_FACTOR,Y,N,,N,0,2026-01-07 21:35:23,empty,stale
W1_FACTOR_CHAR,Y,N,,N,0,2026-01-07 21:35:23,empty,stale
W1_FACTOR_CHAR_VAL,Y,N,,N,0,2026-01-07 21:35:23,empty,stale
W1_FACTOR_L,Y,N,,N,0,2026-01-07 21:35:23,empty,stale
W1_FACTOR_VAL,Y,N,,N,0,2026-01-07 21:35:23,empty,stale
W1_FACTOR_VAL_CHAR,Y,N,,N,0,2026-01-07 21:35:23,empty,stale
W1_FAILURE_COMP,Y,N,,N,0,2026-01-07 21:35:23,empty,stale
W1_FAILURE_COMP_CHAR,Y,N,,N,0,2026-01-07 21:35:23,empty,stale
W1_FAILURE_COMP_L,Y,N,,N,0,2026-01-07 21:35:23,empty,stale
W1_FAILURE_MODE,Y,N,,N,0,2026-01-07 21:35:23,empty,stale
W1_FAILURE_MODE_CHAR,Y,N,,N,0,2026-01-07 21:35:23,empty,stale
W1_FAILURE_MODE_L,Y,N,,N,0,2026-01-07 21:35:23,empty,stale
W1_FAILURE_PROF,Y,N,,N,0,2026-01-07 21:35:23,empty,stale
W1_FAILURE_PROF_CHAR,Y,N,,N,0,2026-01-07 21:35:23,empty,stale
W1_FAILURE_PROF_FAILURE_COMP,Y,N,,N,0,2026-01-07 21:35:23,empty,stale
W1_FAILURE_PROF_FAILURE_MODE,Y,N,,N,0,2026-01-07 21:35:23,empty,stale
W1_FAILURE_PROF_FAILURE_REPAIR,Y,N,,N,0,2026-01-07 21:35:23,empty,stale
W1_FAILURE_PROF_FAILURE_TYPE,Y,N,,N,0,2026-01-07 21:35:23,empty,stale
W1_FAILURE_PROF_L,Y,N,,N,0,2026-01-07 21:35:23,empty,stale
W1_FAILURE_REPAIR,Y,N,,N,0,2026-01-07 21:35:23,empty,stale
W1_FAILURE_REPAIR_CHAR,Y,N,,N,0,2026-01-07 21:35:23,empty,stale
W1_FAILURE_REPAIR_L,Y,N,,N,0,2026-01-07 21:35:23,empty,stale
W1_FAILURE_TYPE,Y,N,,N,0,2026-01-07 21:35:23,empty,stale
W1_FAILURE_TYPE_CHAR,Y,N,,N,0,2026-01-07 21:35:23,empty,stale
W1_FAILURE_TYPE_L,Y,N,,N,0,2026-01-07 21:35:23,empty,stale
W1_FOB,Y,N,,N,0,2026-01-07 21:35:23,empty,stale
W1_FOB_CHAR,Y,N,,N,0,2026-01-07 21:35:24,empty,stale
W1_FOB_L,Y,N,,N,0,2026-01-07 21:35:24,empty,stale
W1_FT,Y,N,,N,0,2026-01-07 21:35:24,empty,stale
W1_FT_CHAR,Y,N,,N,0,2026-01-07 21:35:24,empty,stale
W1_FT_GL_DTL,Y,N,,N,0,2026-01-07 21:35:24,empty,stale
W1_FT_K,Y,N,,N,0,2026-01-07 21:35:24,empty,stale
W1_FT_LOG,Y,N,,N,0,2026-01-07 21:35:24,empty,stale
W1_FT_LOG_PARM,Y,N,,N,0,2026-01-07 21:35:24,empty,stale
W1_FT_PROCESS,Y,N,,N,0,2026-01-07 21:35:24,empty,stale
W1_GIS_BATCH_DTLS,Y,N,,N,0,2026-01-07 21:35:24,empty,stale
W1_GIS_ID_DTLS,Y,N,,N,0,2026-01-07 21:35:24,empty,stale
W1_INVOICE_GROUP,Y,N,,N,0,2026-01-07 21:35:24,empty,stale
W1_INVOICE_GROUP_CHAR,Y,N,,N,0,2026-01-07 21:35:24,empty,stale
W1_INVOICE_GROUP_IDENTIFIER,Y,N,,N,0,2026-01-07 21:35:24,empty,stale
W1_INVOICE_GROUP_LOG,Y,N,,N,0,2026-01-07 21:35:24,empty,stale
W1_INVOICE_GROUP_LOG_PARM,Y,N,,N,0,2026-01-07 21:35:24,empty,stale
W1_INVOICE_HEADER,Y,N,,N,0,2026-01-07 21:35:24,empty,stale
W1_INVOICE_HEADER_CHAR,Y,N,,N,0,2026-01-07 21:35:24,empty,stale
W1_INVOICE_HEADER_COST_CENTER,Y,N,,N,0,2026-01-07 21:35:24,empty,stale
W1_INVOICE_HEADER_DOCUMENT,Y,N,,N,0,2026-01-07 21:35:24,empty,stale
W1_INVOICE_HEADER_IDENTIFIER,Y,N,,N,0,2026-01-07 21:35:25,empty,stale
W1_INVOICE_HEADER_K,Y,N,,N,0,2026-01-07 21:35:25,empty,stale
W1_INVOICE_HEADER_LOG,Y,N,,N,0,2026-01-07 21:35:25,empty,stale
W1_INVOICE_HEADER_LOG_PARM,Y,N,,N,0,2026-01-07 21:35:25,empty,stale
W1_INVOICE_HEADER_NOTE,Y,N,,N,0,2026-01-07 21:35:25,empty,stale
W1_INVOICE_LINE,Y,N,,N,0,2026-01-07 21:35:25,empty,stale
W1_INVOICE_LINE_CHAR,Y,N,,N,0,2026-01-07 21:35:25,empty,stale
W1_INVOICE_LINE_COST_CENTER,Y,N,,N,0,2026-01-07 21:35:25,empty,stale
W1_INVOICE_LINE_DOCUMENT,Y,N,,N,0,2026-01-07 21:35:25,empty,stale
W1_INVOICE_LINE_IDENTIFIER,Y,N,,N,0,2026-01-07 21:35:25,empty,stale
W1_INVOICE_LINE_K,Y,N,,N,0,2026-01-07 21:35:25,empty,stale
W1_INVOICE_LINE_LOG,Y,N,,N,0,2026-01-07 21:35:25,empty,stale
W1_INVOICE_LINE_LOG_PARM,Y,N,,N,0,2026-01-07 21:35:25,empty,stale
W1_INVOICE_LINE_NOTE,Y,N,,N,0,2026-01-07 21:35:25,empty,stale
W1_INVOICE_LINE_TAX_LINE,Y,N,,N,0,2026-01-07 21:35:25,empty,stale
W1_INV_ADJ,Y,N,,N,0,2026-01-07 21:35:25,empty,stale
W1_INV_ADJ_ASSET,Y,N,,N,0,2026-01-07 21:35:25,empty,stale
W1_INV_ADJ_CHAR,Y,N,,N,0,2026-01-07 21:35:25,empty,stale
W1_INV_ADJ_K,Y,N,,N,0,2026-01-07 21:35:25,empty,stale
W1_INV_ADJ_LOG,Y,N,,N,0,2026-01-07 21:35:25,empty,stale
W1_INV_ADJ_LOG_PARM,Y,N,,N,0,2026-01-07 21:35:25,empty,stale
W1_INV_ADJ_LOT,Y,N,,N,0,2026-01-07 21:35:25,empty,stale
W1_LABOR_EARNING_TYPE,Y,N,,N,0,2026-01-07 21:35:26,empty,stale
W1_LABOR_EARNING_TYPE_CHAR,Y,N,,N,0,2026-01-07 21:35:26,empty,stale
W1_LABOR_EARNING_TYPE_L,Y,N,,N,0,2026-01-07 21:35:26,empty,stale
W1_MAINTMGR,Y,N,,N,0,2026-01-07 21:35:26,empty,stale
W1_MAINTMGR_CHAR,Y,N,,N,0,2026-01-07 21:35:26,empty,stale
W1_MAINTMGR_L,Y,N,,N,0,2026-01-07 21:35:26,empty,stale
W1_MAINT_EVENT,Y,N,,N,0,2026-01-07 21:35:26,empty,stale
W1_MAINT_EVENT_CHAR,Y,N,,N,0,2026-01-07 21:35:26,empty,stale
W1_MAINT_EVENT_IDENTIFIER,Y,N,,N,0,2026-01-07 21:35:26,empty,stale
W1_MAINT_EVENT_K,Y,N,,N,0,2026-01-07 21:35:26,empty,stale
W1_MAINT_EVENT_LOG,Y,N,,N,0,2026-01-07 21:35:26,empty,stale
W1_MAINT_EVENT_LOG_PARM,Y,N,,N,0,2026-01-07 21:35:26,empty,stale
W1_MAINT_EVENT_MAINT_PLAN,Y,N,,N,0,2026-01-07 21:35:26,empty,stale
W1_MAINT_SCHEDULE,Y,N,,N,0,2026-01-07 21:35:26,empty,stale
W1_MAINT_SCHEDULE_CHAR,Y,N,,N,0,2026-01-07 21:35:26,empty,stale
W1_MAINT_SCHEDULE_IDENTIFIER,Y,N,,N,0,2026-01-07 21:35:26,empty,stale
W1_MAINT_SCHEDULE_K,Y,N,,N,0,2026-01-07 21:35:26,empty,stale
W1_MAINT_SCHEDULE_LOG,Y,N,,N,0,2026-01-07 21:35:26,empty,stale
W1_MAINT_SCHEDULE_LOG_PARM,Y,N,,N,0,2026-01-07 21:35:26,empty,stale
W1_MAINT_TRIGGER,Y,N,,N,0,2026-01-07 21:35:26,empty,stale
W1_MAINT_TRIGGER_CHAR,Y,N,,N,0,2026-01-07 21:35:26,empty,stale
W1_MAINT_TRIGGER_IDENTIFIER,Y,N,,N,0,2026-01-07 21:35:26,empty,stale
W1_MAINT_TRIGGER_K,Y,N,,N,0,2026-01-07 21:35:26,empty,stale
W1_MAINT_TRIGGER_LOG,Y,N,,N,0,2026-01-07 21:35:27,empty,stale
W1_MAINT_TRIGGER_LOG_PARM,Y,N,,N,0,2026-01-07 21:35:27,empty,stale
W1_MAINT_TRIGGER_PLN_FAIL_INFO,Y,N,,N,0,2026-01-07 21:35:27,empty,stale
W1_MANUFACTURER,Y,N,,N,11,2026-01-07 21:35:27,populated,stale
W1_MANUFACTURER_CHAR,Y,N,,N,0,2026-01-07 21:35:27,empty,stale
W1_MANUFACTURER_IDENTIFIER,Y,N,,N,0,2026-01-07 21:35:27,empty,stale
W1_MANUFACTURER_L,Y,N,,N,11,2026-01-07 21:35:27,populated,stale
W1_MAT_DISP,Y,N,,N,0,2026-01-07 21:35:27,empty,stale
W1_MAT_DISP_CHAR,Y,N,,N,0,2026-01-07 21:35:27,empty,stale
W1_MAT_DISP_IDENTIFIER,Y,N,,N,0,2026-01-07 21:35:27,empty,stale
W1_MAT_DISP_K,Y,N,,N,0,2026-01-07 21:35:27,empty,stale
W1_MAT_DISP_LINE,Y,N,,N,0,2026-01-07 21:35:27,empty,stale
W1_MAT_DISP_LOG,Y,N,,N,0,2026-01-07 21:35:27,empty,stale
W1_MAT_DISP_LOG_PARM,Y,N,,N,0,2026-01-07 21:35:27,empty,stale
W1_MAT_ISS_LINE,Y,N,,N,0,2026-01-07 21:35:27,empty,stale
W1_MAT_ISS_LINE_CHAR,Y,N,,N,0,2026-01-07 21:35:27,empty,stale
W1_MAT_ISS_LINE_K,Y,N,,N,0,2026-01-07 21:35:27,empty,stale
W1_MAT_ISS_LINE_LOG,Y,N,,N,0,2026-01-07 21:35:27,empty,stale
W1_MAT_ISS_LINE_LOG_PARM,Y,N,,N,0,2026-01-07 21:35:27,empty,stale
W1_MAT_REQ_HEADER,Y,N,,N,0,2026-01-07 21:35:27,empty,stale
W1_MAT_REQ_HEADER_CHAR,Y,N,,N,0,2026-01-07 21:35:27,empty,stale
W1_MAT_REQ_HEADER_COST_CENTER,Y,N,,N,0,2026-01-07 21:35:27,empty,stale
W1_MAT_REQ_HEADER_K,Y,N,,N,0,2026-01-07 21:35:27,empty,stale
W1_MAT_REQ_HEADER_LOG,Y,N,,N,0,2026-01-07 21:35:27,empty,stale
W1_MAT_REQ_HEADER_LOG_PARM,Y,N,,N,0,2026-01-07 21:35:27,empty,stale
W1_MAT_REQ_LINE,Y,N,,N,0,2026-01-07 21:35:27,empty,stale
W1_MAT_REQ_LINE_CHAR,Y,N,,N,0,2026-01-07 21:35:28,empty,stale
W1_MAT_REQ_LINE_K,Y,N,,N,0,2026-01-07 21:35:28,empty,stale
W1_MAT_REQ_LINE_LOG,Y,N,,N,0,2026-01-07 21:35:28,empty,stale
W1_MAT_REQ_LINE_LOG_PARM,Y,N,,N,0,2026-01-07 21:35:28,empty,stale
W1_MAT_REQ_TMPL,Y,N,,N,0,2026-01-07 21:35:28,empty,stale
W1_MAT_REQ_TMPL_CHAR,Y,N,,N,0,2026-01-07 21:35:28,empty,stale
W1_MAT_REQ_TMPL_K,Y,N,,N,0,2026-01-07 21:35:28,empty,stale
W1_MAT_REQ_TMPL_LOG,Y,N,,N,0,2026-01-07 21:35:28,empty,stale
W1_MAT_REQ_TMPL_LOG_PARM,Y,N,,N,0,2026-01-07 21:35:28,empty,stale
W1_MAT_REQ_TMPL_MAT,Y,N,,N,0,2026-01-07 21:35:28,empty,stale
W1_MAT_RET_HEADER,Y,N,,N,0,2026-01-07 21:35:28,empty,stale
W1_MAT_RET_HEADER_CHAR,Y,N,,N,0,2026-01-07 21:35:28,empty,stale
W1_MAT_RET_HEADER_COST_CENTER,Y,N,,N,0,2026-01-07 21:35:28,empty,stale
W1_MAT_RET_HEADER_K,Y,N,,N,0,2026-01-07 21:35:28,empty,stale
W1_MAT_RET_HEADER_LOG,Y,N,,N,0,2026-01-07 21:35:28,empty,stale
W1_MAT_RET_HEADER_LOG_PARM,Y,N,,N,0,2026-01-07 21:35:28,empty,stale
W1_MAT_RET_LINE,Y,N,,N,0,2026-01-07 21:35:28,empty,stale
W1_MAT_RET_LINE_CHAR,Y,N,,N,0,2026-01-07 21:35:28,empty,stale
W1_MAT_RET_LINE_K,Y,N,,N,0,2026-01-07 21:35:28,empty,stale
W1_MAT_RET_LINE_LOG,Y,N,,N,0,2026-01-07 21:35:28,empty,stale
W1_MAT_RET_LINE_LOG_PARM,Y,N,,N,0,2026-01-07 21:35:28,empty,stale
W1_MEASUREMENT,Y,N,,N,0,2026-01-07 21:35:28,empty,stale
W1_MEASUREMENT_CHAR,Y,N,,N,0,2026-01-07 21:35:28,empty,stale
W1_MEASUREMENT_K,Y,N,,N,0,2026-01-07 21:35:28,empty,stale
W1_MEASUREMENT_LOG,Y,N,,N,0,2026-01-07 21:35:28,empty,stale
W1_MEASUREMENT_LOG_PARM,Y,N,,N,0,2026-01-07 21:35:29,empty,stale
W1_MEASUREMENT_TYPE,Y,N,,N,0,2026-01-07 21:35:29,empty,stale
W1_MEASUREMENT_TYPE_CHAR,Y,N,,N,0,2026-01-07 21:35:29,empty,stale
W1_MEASUREMENT_TYPE_IDENTIFIER,Y,N,,N,0,2026-01-07 21:35:29,empty,stale
W1_MEASUREMENT_TYPE_L,Y,N,,N,0,2026-01-07 21:35:29,empty,stale
W1_MEASUREMENT_UOM,Y,N,,N,0,2026-01-07 21:35:29,empty,stale
W1_MEASUREMENT_UOM_CHAR,Y,N,,N,0,2026-01-07 21:35:29,empty,stale
W1_MEASUREMENT_UOM_L,Y,N,,N,0,2026-01-07 21:35:29,empty,stale
W1_MOBILE_SUBSCR,Y,N,,N,0,2026-01-07 21:35:29,empty,stale
W1_MOBILE_SUBSCR_CHAR,Y,N,,N,0,2026-01-07 21:35:29,empty,stale
W1_MOBILE_SUBSCR_K,Y,N,,N,0,2026-01-07 21:35:29,empty,stale
W1_MOBILE_SUBSCR_LOG,Y,N,,N,0,2026-01-07 21:35:29,empty,stale
W1_MOBILE_SUBSCR_LOG_PARM,Y,N,,N,0,2026-01-07 21:35:29,empty,stale
W1_NODE,Y,N,,N,32981,2026-02-18 02:13:53,populated,stale
W1_NODE_ATTACHMENT,Y,N,,N,0,2026-01-07 21:35:29,empty,stale
W1_NODE_CHAR,Y,N,,N,0,2026-01-07 21:35:29,empty,stale
W1_NODE_CHAR2,Y,N,,N,0,2026-01-07 21:35:29,empty,stale
W1_NODE_CONTACT,Y,N,,N,30876,2026-02-13 02:17:03,populated,stale
W1_NODE_COST_CENTER,Y,N,,N,0,2026-01-07 21:35:30,empty,stale
W1_NODE_DOCUMENT,Y,N,,N,0,2026-01-07 21:35:30,empty,stale
W1_NODE_IDENTIFIER,Y,N,,N,32977,2026-02-18 02:13:51,populated,stale
W1_NODE_K,Y,N,,N,32971,2026-01-07 21:35:30,populated,stale
W1_NODE_LOG,Y,N,,N,32972,2026-02-12 02:14:30,populated,stale
W1_NODE_LOG_PARM,Y,N,,N,0,2026-01-07 21:35:30,empty,stale
W1_NODE_MAINT_TRIGGER,Y,N,,N,0,2026-01-07 21:35:30,empty,stale
W1_NODE_TYPE,Y,N,,N,25,2026-02-13 02:16:58,populated,stale
W1_NODE_TYPE_CHAR,Y,N,,N,0,2026-01-07 21:35:30,empty,stale
W1_NODE_TYPE_L,Y,N,,N,25,2026-02-18 02:13:50,populated,stale
W1_ODC,Y,N,,N,0,2026-01-07 21:35:30,empty,stale
W1_ODC_CHAR,Y,N,,N,0,2026-01-07 21:35:30,empty,stale
W1_ODC_DTL,Y,N,,N,0,2026-01-07 21:35:30,empty,stale
W1_ODC_DTL_CHAR,Y,N,,N,0,2026-01-07 21:35:31,empty,stale
W1_ODC_DTL_COST,Y,N,,N,0,2026-01-07 21:35:31,empty,stale
W1_ODC_DTL_K,Y,N,,N,0,2026-01-07 21:35:31,empty,stale
W1_ODC_DTL_LOG,Y,N,,N,0,2026-01-07 21:35:31,empty,stale
W1_ODC_DTL_LOG_PARM,Y,N,,N,0,2026-01-07 21:35:31,empty,stale
W1_ODC_IDENTIFIER,Y,N,,N,0,2026-01-07 21:35:31,empty,stale
W1_ODC_K,Y,N,,N,0,2026-01-07 21:35:31,empty,stale
W1_ODC_LOG,Y,N,,N,0,2026-01-07 21:35:31,empty,stale
W1_ODC_LOG_PARM,Y,N,,N,0,2026-01-07 21:35:31,empty,stale
W1_OVERHEAD,Y,N,,N,0,2026-01-07 21:35:31,empty,stale
W1_OVERHEAD_CHAR,Y,N,,N,0,2026-01-07 21:35:31,empty,stale
W1_OVERHEAD_L,Y,N,,N,0,2026-01-07 21:35:31,empty,stale
W1_OVERHEAD_RESRC,Y,N,,N,0,2026-01-07 21:35:31,empty,stale
W1_OVERTIME_TYPE,Y,N,,N,0,2026-01-07 21:35:31,empty,stale
W1_OVERTIME_TYPE_CHAR,Y,N,,N,0,2026-01-07 21:35:31,empty,stale
W1_OVERTIME_TYPE_L,Y,N,,N,0,2026-01-07 21:35:31,empty,stale
W1_PARENT_NODE_TYPE,Y,N,,N,0,2026-01-07 21:35:31,empty,stale
W1_PARENT_ORG_MT_VW,Y,N,,N,0,2026-01-07 21:35:31,empty,stale
W1_PAYMENT_TERM,Y,N,,N,0,2026-01-07 21:35:31,empty,stale
W1_PAYMENT_TERM_CHAR,Y,N,,N,0,2026-01-07 21:35:31,empty,stale
W1_PAYMENT_TERM_L,Y,N,,N,0,2026-01-07 21:35:31,empty,stale
W1_PEER_NODE,Y,N,,N,0,2026-01-07 21:35:31,empty,stale
W1_PEER_NODE_TYPE,Y,N,,N,0,2026-01-07 21:35:31,empty,stale
W1_PEER_SPECIFICATION,Y,N,,N,0,2026-01-07 21:35:31,empty,stale
W1_PERMIT,Y,N,,N,0,2026-01-07 21:35:31,empty,stale
W1_PERMIT_ASSET_LOCATION,Y,N,,N,0,2026-01-07 21:35:32,empty,stale
W1_PERMIT_CHAR,Y,N,,N,0,2026-01-07 21:35:32,empty,stale
W1_PERMIT_CLASS,Y,N,,N,0,2026-01-07 21:35:32,empty,stale
W1_PERMIT_CLASS_CHAR,Y,N,,N,0,2026-01-07 21:35:32,empty,stale
W1_PERMIT_CLASS_L,Y,N,,N,0,2026-01-07 21:35:32,empty,stale
W1_PERMIT_DOCUMENT,Y,N,,N,0,2026-01-07 21:35:32,empty,stale
W1_PERMIT_EMPLOYEE_LOG,Y,N,,N,0,2026-01-07 21:35:32,empty,stale
W1_PERMIT_IDENTIFIER,Y,N,,N,0,2026-01-07 21:35:32,empty,stale
W1_PERMIT_K,Y,N,,N,0,2026-01-07 21:35:32,empty,stale
W1_PERMIT_LOG,Y,N,,N,0,2026-01-07 21:35:32,empty,stale
W1_PERMIT_LOG_PARM,Y,N,,N,0,2026-01-07 21:35:32,empty,stale
W1_PERMIT_NOTE,Y,N,,N,0,2026-01-07 21:35:32,empty,stale
W1_PERMIT_RESOURCE,Y,N,,N,0,2026-01-07 21:35:32,empty,stale
W1_PERMIT_TMPL,Y,N,,N,0,2026-01-07 21:35:32,empty,stale
W1_PERMIT_TMPL_CHAR,Y,N,,N,0,2026-01-07 21:35:32,empty,stale
W1_PERMIT_TMPL_CHKLST,Y,N,,N,0,2026-01-07 21:35:32,empty,stale
W1_PERMIT_TMPL_DOCUMENT,Y,N,,N,0,2026-01-07 21:35:32,empty,stale
W1_PERMIT_TMPL_L,Y,N,,N,0,2026-01-07 21:35:32,empty,stale
W1_PERMIT_TMPL_NOTE,Y,N,,N,0,2026-01-07 21:35:32,empty,stale
W1_PERMIT_TMPL_RESRC,Y,N,,N,0,2026-01-07 21:35:32,empty,stale
W1_PERMIT_TMPL_SVC_HIST_TYPE,Y,N,,N,0,2026-01-07 21:35:32,empty,stale
W1_PI_CNT_LINE,Y,N,,N,0,2026-01-07 21:35:32,empty,stale
W1_PI_CNT_LINE_CHAR,Y,N,,N,0,2026-01-07 21:35:32,empty,stale
W1_PI_CNT_LINE_K,Y,N,,N,0,2026-01-07 21:35:32,empty,stale
W1_PI_CNT_LINE_LOG,Y,N,,N,0,2026-01-07 21:35:32,empty,stale
W1_PI_CNT_LINE_LOG_PARM,Y,N,,N,0,2026-01-07 21:35:32,empty,stale
W1_PI_CNT_MST,Y,N,,N,0,2026-01-07 21:35:32,empty,stale
W1_PI_CNT_MST_CHAR,Y,N,,N,0,2026-01-07 21:35:33,empty,stale
W1_PI_CNT_MST_K,Y,N,,N,0,2026-01-07 21:35:33,empty,stale
W1_PI_CNT_MST_LOG,Y,N,,N,0,2026-01-07 21:35:33,empty,stale
W1_PI_CNT_MST_LOG_PARM,Y,N,,N,0,2026-01-07 21:35:33,empty,stale
W1_PI_HEADER,Y,N,,N,0,2026-01-07 21:35:33,empty,stale
W1_PI_HEADER_CHAR,Y,N,,N,0,2026-01-07 21:35:33,empty,stale
W1_PI_HEADER_K,Y,N,,N,0,2026-01-07 21:35:33,empty,stale
W1_PI_HEADER_LOG,Y,N,,N,0,2026-01-07 21:35:33,empty,stale
W1_PI_HEADER_LOG_PARM,Y,N,,N,0,2026-01-07 21:35:33,empty,stale
W1_PLANNER,Y,N,,N,0,2026-01-07 21:35:33,empty,stale
W1_PLANNER_CHAR,Y,N,,N,0,2026-01-07 21:35:33,empty,stale
W1_PLANNER_L,Y,N,,N,0,2026-01-07 21:35:33,empty,stale
W1_PO_HEADER,Y,N,,N,0,2026-01-07 21:35:33,empty,stale
W1_PO_HEADER_CHAR,Y,N,,N,0,2026-01-07 21:35:33,empty,stale
W1_PO_HEADER_COST_CENTER,Y,N,,N,0,2026-01-07 21:35:33,empty,stale
W1_PO_HEADER_DOCUMENT,Y,N,,N,0,2026-01-07 21:35:33,empty,stale
W1_PO_HEADER_IDENTIFIER,Y,N,,N,0,2026-01-07 21:35:33,empty,stale
W1_PO_HEADER_K,Y,N,,N,0,2026-01-07 21:35:33,empty,stale
W1_PO_HEADER_LOG,Y,N,,N,0,2026-01-07 21:35:33,empty,stale
W1_PO_HEADER_LOG_PARM,Y,N,,N,0,2026-01-07 21:35:33,empty,stale
W1_PO_HEADER_NOTE,Y,N,,N,0,2026-01-07 21:35:33,empty,stale
W1_PO_LINE,Y,N,,N,0,2026-01-07 21:35:33,empty,stale
W1_PO_LINE_CHAR,Y,N,,N,0,2026-01-07 21:35:33,empty,stale
W1_PO_LINE_COST_CENTER,Y,N,,N,0,2026-01-07 21:35:34,empty,stale
W1_PO_LINE_DOCUMENT,Y,N,,N,0,2026-01-07 21:35:34,empty,stale
W1_PO_LINE_K,Y,N,,N,0,2026-01-07 21:35:34,empty,stale
W1_PO_LINE_LOG,Y,N,,N,0,2026-01-07 21:35:34,empty,stale
W1_PO_LINE_LOG_PARM,Y,N,,N,0,2026-01-07 21:35:34,empty,stale
W1_PO_LINE_MFR,Y,N,,N,0,2026-01-07 21:35:34,empty,stale
W1_PO_LINE_NOTE,Y,N,,N,0,2026-01-07 21:35:34,empty,stale
W1_PO_LINE_TAX_LINE,Y,N,,N,0,2026-01-07 21:35:34,empty,stale
W1_PROCESS,Y,N,,N,0,2026-01-07 21:35:34,empty,stale
W1_PROCESS_CHAR,Y,N,,N,0,2026-01-07 21:35:34,empty,stale
W1_PROCESS_DOCUMENT,Y,N,,N,0,2026-01-07 21:35:34,empty,stale
W1_PROCESS_IDENTIFIER,Y,N,,N,0,2026-01-07 21:35:34,empty,stale
W1_PROCESS_K,Y,N,,N,0,2026-01-07 21:35:34,empty,stale
W1_PROCESS_LOC,Y,N,,N,0,2026-01-07 21:35:34,empty,stale
W1_PROCESS_LOG,Y,N,,N,0,2026-01-07 21:35:34,empty,stale
W1_PROCESS_LOG_PARM,Y,N,,N,0,2026-01-07 21:35:34,empty,stale
W1_PROCESS_TYPE,Y,N,,N,0,2026-01-07 21:35:34,empty,stale
W1_PROCESS_TYPE_CHAR,Y,N,,N,0,2026-01-07 21:35:34,empty,stale
W1_PROCESS_TYPE_L,Y,N,,N,0,2026-01-07 21:35:34,empty,stale
W1_PROJECT,Y,N,,N,0,2026-01-07 21:35:34,empty,stale
W1_PROJECT_CATEGORY,Y,N,,N,0,2026-01-07 21:35:34,empty,stale
W1_PROJECT_CATEGORY_CHAR,Y,N,,N,0,2026-01-07 21:35:34,empty,stale
W1_PROJECT_CATEGORY_L,Y,N,,N,0,2026-01-07 21:35:34,empty,stale
W1_PROJECT_CATEGORY_LOG,Y,N,,N,0,2026-01-07 21:35:34,empty,stale
W1_PROJECT_CATEGORY_LOG_PARM,Y,N,,N,0,2026-01-07 21:35:34,empty,stale
W1_PROJECT_CHAR,Y,N,,N,0,2026-01-07 21:35:34,empty,stale
W1_PROJECT_COST_CENTER,Y,N,,N,0,2026-01-07 21:35:34,empty,stale
W1_PROJECT_DOCUMENT,Y,N,,N,0,2026-01-07 21:35:34,empty,stale
W1_PROJECT_IDENTIFIER,Y,N,,N,0,2026-01-07 21:35:34,empty,stale
W1_PROJECT_K,Y,N,,N,0,2026-01-07 21:35:34,empty,stale
W1_PROJECT_LOG,Y,N,,N,0,2026-01-07 21:35:35,empty,stale
W1_PROJECT_LOG_PARM,Y,N,,N,0,2026-01-07 21:35:35,empty,stale
W1_PROJECT_NOTE,Y,N,,N,0,2026-01-07 21:35:35,empty,stale
W1_PROPERTY_UNIT,Y,N,,N,0,2026-01-07 21:35:35,empty,stale
W1_PROPERTY_UNIT_CHAR,Y,N,,N,0,2026-01-07 21:35:35,empty,stale
W1_PROPERTY_UNIT_L,Y,N,,N,0,2026-01-07 21:35:35,empty,stale
W1_PR_HDR,Y,N,,N,0,2026-01-07 21:35:35,empty,stale
W1_PR_HDR_CHAR,Y,N,,N,0,2026-01-07 21:35:35,empty,stale
W1_PR_HDR_COST_CTR,Y,N,,N,0,2026-01-07 21:35:35,empty,stale
W1_PR_HDR_DOCUMENT,Y,N,,N,0,2026-01-07 21:35:35,empty,stale
W1_PR_HDR_IDENTIFIER,Y,N,,N,0,2026-01-07 21:35:35,empty,stale
W1_PR_HDR_K,Y,N,,N,0,2026-01-07 21:35:35,empty,stale
W1_PR_HDR_LOG,Y,N,,N,0,2026-01-07 21:35:35,empty,stale
W1_PR_HDR_LOG_PARM,Y,N,,N,0,2026-01-07 21:35:35,empty,stale
W1_PR_HDR_NOTE,Y,N,,N,0,2026-01-07 21:35:35,empty,stale
W1_PR_LINE,Y,N,,N,0,2026-01-07 21:35:35,empty,stale
W1_PR_LINE_CHAR,Y,N,,N,0,2026-01-07 21:35:35,empty,stale
W1_PR_LINE_COST,Y,N,,N,0,2026-01-07 21:35:35,empty,stale
W1_PR_LINE_DOCUMENT,Y,N,,N,0,2026-01-07 21:35:35,empty,stale
W1_PR_LINE_K,Y,N,,N,0,2026-01-07 21:35:35,empty,stale
W1_PR_LINE_LOG,Y,N,,N,0,2026-01-07 21:35:35,empty,stale
W1_PR_LINE_LOG_PARM,Y,N,,N,0,2026-01-07 21:35:36,empty,stale
W1_PR_LINE_MFR,Y,N,,N,0,2026-01-07 21:35:36,empty,stale
W1_PR_LINE_NOTE,Y,N,,N,0,2026-01-07 21:35:36,empty,stale
W1_PR_LINE_TXLN,Y,N,,N,0,2026-01-07 21:35:36,empty,stale
W1_PURCHASE_CMDTY,Y,N,,N,0,2026-01-07 21:35:36,empty,stale
W1_PURCHASE_CMDTY_CHAR,Y,N,,N,0,2026-01-07 21:35:36,empty,stale
W1_PURCHASE_CMDTY_L,Y,N,,N,0,2026-01-07 21:35:36,empty,stale
W1_QUESTION,Y,N,,N,5,2026-01-07 21:35:36,populated,stale
W1_QUESTION_ANSWER,Y,N,,N,5,2026-01-07 21:35:36,populated,stale
W1_QUESTION_ANSWER_L,Y,N,,N,5,2026-01-07 21:35:36,populated,stale
W1_QUESTION_L,Y,N,,N,5,2026-01-07 21:35:36,populated,stale
W1_RCPT_HDR,Y,N,,N,0,2026-01-07 21:35:36,empty,stale
W1_RCPT_HDR_CHAR,Y,N,,N,0,2026-01-07 21:35:36,empty,stale
W1_RCPT_HDR_DOCUMENT,Y,N,,N,0,2026-01-07 21:35:36,empty,stale
W1_RCPT_HDR_IDENTIFIER,Y,N,,N,0,2026-01-07 21:35:36,empty,stale
W1_RCPT_HDR_K,Y,N,,N,0,2026-01-07 21:35:36,empty,stale
W1_RCPT_HDR_LOG,Y,N,,N,0,2026-01-07 21:35:36,empty,stale
W1_RCPT_HDR_LOG_PARM,Y,N,,N,0,2026-01-07 21:35:36,empty,stale
W1_RCPT_HDR_NOTE,Y,N,,N,0,2026-01-07 21:35:36,empty,stale
W1_RCPT_LINE,Y,N,,N,0,2026-01-07 21:35:36,empty,stale
W1_RCPT_LINE_CHAR,Y,N,,N,0,2026-01-07 21:35:36,empty,stale
W1_RCPT_LINE_DOCUMENT,Y,N,,N,0,2026-01-07 21:35:36,empty,stale
W1_RCPT_LINE_K,Y,N,,N,0,2026-01-07 21:35:36,empty,stale
W1_RCPT_LINE_LOG,Y,N,,N,0,2026-01-07 21:35:36,empty,stale
W1_RCPT_LINE_LOG_PARM,Y,N,,N,0,2026-01-07 21:35:37,empty,stale
W1_RCPT_LINE_NOTE,Y,N,,N,0,2026-01-07 21:35:37,empty,stale
W1_RCPT_LINE_SHIP_DEFICIENCY,Y,N,,N,0,2026-01-07 21:35:37,empty,stale
W1_REPORT_QUEUE,Y,N,,N,0,2026-01-07 21:35:37,empty,stale
W1_RESRC_TYPE,Y,N,,N,0,2026-01-07 21:35:37,empty,stale
W1_RESRC_TYPE_ALT,Y,N,,N,0,2026-01-07 21:35:37,empty,stale
W1_RESRC_TYPE_CHAR,Y,N,,N,0,2026-01-07 21:35:37,empty,stale
W1_RESRC_TYPE_DOCUMENT,Y,N,,N,0,2026-01-07 21:35:37,empty,stale
W1_RESRC_TYPE_IDENTIFIER,Y,N,,N,0,2026-01-07 21:35:37,empty,stale
W1_RESRC_TYPE_K,Y,N,,N,0,2026-01-07 21:35:37,empty,stale
W1_RESRC_TYPE_L,Y,N,,N,0,2026-01-07 21:35:37,empty,stale
W1_RESRC_TYPE_LOG,Y,N,,N,0,2026-01-07 21:35:37,empty,stale
W1_RESRC_TYPE_LOG_PARM,Y,N,,N,0,2026-01-07 21:35:37,empty,stale
W1_RESRC_TYPE_MFR,Y,N,,N,0,2026-01-07 21:35:37,empty,stale
W1_RESRC_TYPE_NOTE,Y,N,,N,0,2026-01-07 21:35:37,empty,stale
W1_RESRC_TYPE_UNIT_PRICE,Y,N,,N,0,2026-01-07 21:35:37,empty,stale
W1_RESRC_TYPE_VENDOR_LOC,Y,N,,N,0,2026-01-07 21:35:37,empty,stale
W1_RESRC_UOM,Y,N,,N,0,2026-01-07 21:35:37,empty,stale
W1_RESRC_UOM_CHAR,Y,N,,N,0,2026-01-07 21:35:37,empty,stale
W1_RESRC_UOM_L,Y,N,,N,0,2026-01-07 21:35:37,empty,stale
W1_RR,Y,N,,N,0,2026-01-07 21:35:37,empty,stale
W1_RR_CHAR,Y,N,,N,0,2026-01-07 21:35:37,empty,stale
W1_RR_K,Y,N,,N,0,2026-01-07 21:35:37,empty,stale
W1_RR_LOG,Y,N,,N,0,2026-01-07 21:35:37,empty,stale
W1_RR_LOG_PARM,Y,N,,N,0,2026-01-07 21:35:37,empty,stale
W1_RTN_LINE,Y,N,,N,0,2026-01-07 21:35:37,empty,stale
W1_RTN_LINE_ASSET,Y,N,,N,0,2026-01-07 21:35:38,empty,stale
W1_RTN_LINE_CHAR,Y,N,,N,0,2026-01-07 21:35:38,empty,stale
W1_RTN_LINE_K,Y,N,,N,0,2026-01-07 21:35:38,empty,stale
W1_RTN_LINE_LOG,Y,N,,N,0,2026-01-07 21:35:38,empty,stale
W1_RTN_LINE_LOG_PARM,Y,N,,N,0,2026-01-07 21:35:38,empty,stale
W1_RTN_LINE_LOT,Y,N,,N,0,2026-01-07 21:35:38,empty,stale
W1_SERVICE_AREA,Y,N,,N,0,2026-01-07 21:35:38,empty,stale
W1_SERVICE_AREA_CHAR,Y,N,,N,0,2026-01-07 21:35:38,empty,stale
W1_SERVICE_AREA_L,Y,N,,N,0,2026-01-07 21:35:38,empty,stale
W1_SERVICE_CALL_CATEGORY,Y,N,,N,0,2026-01-07 21:35:38,empty,stale
W1_SERVICE_CALL_CATEGORY_CHAR,Y,N,,N,0,2026-01-07 21:35:38,empty,stale
W1_SERVICE_CALL_CATEGORY_L,Y,N,,N,0,2026-01-07 21:35:38,empty,stale
W1_SERVICE_CLASS,Y,N,,N,0,2026-01-07 21:35:38,empty,stale
W1_SERVICE_CLASS_CHAR,Y,N,,N,0,2026-01-07 21:35:38,empty,stale
W1_SERVICE_CLASS_L,Y,N,,N,0,2026-01-07 21:35:38,empty,stale
W1_SERVICE_CODE,Y,N,,N,0,2026-01-07 21:35:38,empty,stale
W1_SERVICE_CODE_CHAR,Y,N,,N,0,2026-01-07 21:35:38,empty,stale
W1_SERVICE_CODE_L,Y,N,,N,0,2026-01-07 21:35:38,empty,stale
W1_SHAPE,Y,N,,N,0,2026-01-07 21:35:38,empty,stale
W1_SHAPE_L,Y,N,,N,0,2026-01-07 21:35:38,empty,stale
W1_SHIFT_WEEKLY_TMPL,Y,N,,N,0,2026-01-07 21:35:38,empty,stale
W1_SHIFT_WEEKLY_TMPL_CHAR,Y,N,,N,0,2026-01-07 21:35:38,empty,stale
W1_SHIFT_WEEKLY_TMPL_K,Y,N,,N,0,2026-01-07 21:35:38,empty,stale
W1_SHIFT_WEEKLY_TMPL_LOG,Y,N,,N,0,2026-01-07 21:35:38,empty,stale
W1_SHIFT_WEEKLY_TMPL_LOG_PARM,Y,N,,N,0,2026-01-07 21:35:38,empty,stale
W1_SHIPPING_LINE,Y,N,,N,0,2026-01-07 21:35:38,empty,stale
W1_SHIPPING_LINE_ASSET,Y,N,,N,0,2026-01-07 21:35:38,empty,stale
W1_SHIPPING_LINE_CHAR,Y,N,,N,0,2026-01-07 21:35:38,empty,stale
W1_SHIPPING_LINE_K,Y,N,,N,0,2026-01-07 21:35:39,empty,stale
W1_SHIPPING_LINE_LOT,Y,N,,N,0,2026-01-07 21:35:39,empty,stale
W1_SHIPPING_MEMO,Y,N,,N,0,2026-01-07 21:35:39,empty,stale
W1_SHIPPING_MEMO_CHAR,Y,N,,N,0,2026-01-07 21:35:39,empty,stale
W1_SHIPPING_MEMO_DOCUMENT,Y,N,,N,0,2026-01-07 21:35:39,empty,stale
W1_SHIPPING_MEMO_IDENTIFIER,Y,N,,N,0,2026-01-07 21:35:39,empty,stale
W1_SHIPPING_MEMO_K,Y,N,,N,0,2026-01-07 21:35:39,empty,stale
W1_SHIPPING_MEMO_LOG,Y,N,,N,0,2026-01-07 21:35:39,empty,stale
W1_SHIPPING_MEMO_LOG_PARM,Y,N,,N,0,2026-01-07 21:35:39,empty,stale
W1_SHIPPING_MEMO_NOTE,Y,N,,N,0,2026-01-07 21:35:39,empty,stale
W1_SHIP_DEFICIENCY_TYPE,Y,N,,N,0,2026-01-07 21:35:39,empty,stale
W1_SHIP_DEFICIENCY_TYPE_CHAR,Y,N,,N,0,2026-01-07 21:35:39,empty,stale
W1_SHIP_DEFICIENCY_TYPE_L,Y,N,,N,0,2026-01-07 21:35:39,empty,stale
W1_SPECIFICATION,Y,N,,N,58,2026-01-27 02:21:53,populated,stale
W1_SPECIFICATION_ATTACHMENT,Y,N,,N,0,2026-01-07 21:35:39,empty,stale
W1_SPECIFICATION_CHAR,Y,N,,N,0,2026-01-07 21:35:39,empty,stale
W1_SPECIFICATION_DOCUMENT,Y,N,,N,0,2026-01-07 21:35:39,empty,stale
W1_SPECIFICATION_IDENTIFIER,Y,N,,N,56,2026-01-07 21:35:39,populated,stale
W1_SPECIFICATION_L,Y,N,,N,58,2026-01-28 02:15:06,populated,stale
W1_SPECIFICATION_MAINT_SCHED,Y,N,,N,0,2026-01-07 21:35:39,empty,stale
W1_STATISTIC,Y,N,,N,0,2026-01-07 21:35:39,empty,stale
W1_STATISTIC_CHAR,Y,N,,N,0,2026-01-07 21:35:39,empty,stale
W1_STATISTIC_LOG,Y,N,,N,0,2026-01-07 21:35:39,empty,stale
W1_STATISTIC_LOG_PARM,Y,N,,N,0,2026-01-07 21:35:39,empty,stale
W1_STOCK_ITEM_DTL,Y,N,,N,0,2026-01-07 21:35:39,empty,stale
W1_STOCK_ITEM_DTL_BIN,Y,N,,N,0,2026-01-07 21:35:40,empty,stale
W1_STOCK_ITEM_DTL_CHAR,Y,N,,N,0,2026-01-07 21:35:40,empty,stale
W1_STOCK_ITEM_DTL_DOCUMENT,Y,N,,N,0,2026-01-07 21:35:40,empty,stale
W1_STOCK_ITEM_DTL_IDENTIFIER,Y,N,,N,0,2026-01-07 21:35:40,empty,stale
W1_STOCK_ITEM_DTL_K,Y,N,,N,0,2026-01-07 21:35:40,empty,stale
W1_STOCK_ITEM_DTL_LOG,Y,N,,N,0,2026-01-07 21:35:40,empty,stale
W1_STOCK_ITEM_DTL_LOG_PARM,Y,N,,N,0,2026-01-07 21:35:40,empty,stale
W1_STOCK_ITEM_DTL_NOTE,Y,N,,N,0,2026-01-07 21:35:40,empty,stale
W1_STOCK_ITEM_DTL_VENDOR_LOC,Y,N,,N,0,2026-01-07 21:35:40,empty,stale
W1_STOCK_TRANS,Y,N,,N,0,2026-01-07 21:35:40,empty,stale
W1_STOCK_TRANS_CHAR,Y,N,,N,0,2026-01-07 21:35:40,empty,stale
W1_STOCK_TRANS_K,Y,N,,N,0,2026-01-07 21:35:40,empty,stale
W1_STOCK_TRANS_LOG,Y,N,,N,0,2026-01-07 21:35:40,empty,stale
W1_STOCK_TRANS_LOG_PARM,Y,N,,N,0,2026-01-07 21:35:40,empty,stale
W1_SVC_CALL_CAT_SVC_CODE,Y,N,,N,0,2026-01-07 21:35:40,empty,stale
W1_SVC_HIST,Y,N,,N,0,2026-01-07 21:35:40,empty,stale
W1_SVC_HIST_ATTACHMENT,Y,N,,N,0,2026-01-07 21:35:40,empty,stale
W1_SVC_HIST_CHAR,Y,N,,N,0,2026-01-07 21:35:40,empty,stale
W1_SVC_HIST_CHAR2,Y,N,,N,0,2026-01-07 21:35:40,empty,stale
W1_SVC_HIST_DOCUMENT,Y,N,,N,0,2026-01-07 21:35:40,empty,stale
W1_SVC_HIST_IDENTIFIER,Y,N,,N,0,2026-01-07 21:35:40,empty,stale
W1_SVC_HIST_K,Y,N,,N,0,2026-01-07 21:35:40,empty,stale
W1_SVC_HIST_LOG,Y,N,,N,0,2026-01-07 21:35:40,empty,stale
W1_SVC_HIST_LOG_PARM,Y,N,,N,0,2026-01-07 21:35:40,empty,stale
W1_SVC_HIST_PARTICIPANT,Y,N,,N,0,2026-01-07 21:35:41,empty,stale
W1_SVC_HIST_QSTN_ANSR,Y,N,,N,0,2026-01-07 21:35:41,empty,stale
W1_SVC_HIST_REL_OBJ,Y,N,,N,0,2026-01-07 21:35:41,empty,stale
W1_SVC_HIST_TYPE,Y,N,,N,3,2026-01-07 21:35:41,populated,stale
W1_SVC_HIST_TYPE_CHAR,Y,N,,N,0,2026-01-07 21:35:41,empty,stale
W1_SVC_HIST_TYPE_FLLW_UP_ACTN,Y,N,,N,0,2026-01-07 21:35:41,empty,stale
W1_SVC_HIST_TYPE_L,Y,N,,N,3,2026-02-18 02:13:50,populated,stale
W1_SVC_HIST_TYPE_QSTN,Y,N,,N,9,2026-01-07 21:35:41,populated,stale
W1_SVC_HIST_TYPE_REL_SH_TYPE,Y,N,,N,0,2026-01-07 21:35:41,empty,stale
W1_SVC_SCHED,Y,N,,N,0,2026-01-07 21:35:41,empty,stale
W1_TAX_RATE_COMP,Y,N,,N,0,2026-01-07 21:35:41,empty,stale
W1_TAX_RATE_COMP_L,Y,N,,N,0,2026-01-07 21:35:41,empty,stale
W1_TAX_RATE_EFFDT,Y,N,,N,0,2026-01-07 21:35:41,empty,stale
W1_TAX_RATE_SCHED,Y,N,,N,0,2026-01-07 21:35:41,empty,stale
W1_TAX_RATE_SCHED_CHAR,Y,N,,N,0,2026-01-07 21:35:41,empty,stale
W1_TAX_RATE_SCHED_L,Y,N,,N,0,2026-01-07 21:35:41,empty,stale
W1_TIMEKEEPER,Y,N,,N,0,2026-01-07 21:35:41,empty,stale
W1_TIMEKEEPER_CHAR,Y,N,,N,0,2026-01-07 21:35:41,empty,stale
W1_TIMEKEEPER_EMP,Y,N,,N,0,2026-01-07 21:35:41,empty,stale
W1_TIMEKEEPER_L,Y,N,,N,0,2026-01-07 21:35:41,empty,stale
W1_TIMEKEEPER_LOG,Y,N,,N,0,2026-01-07 21:35:41,empty,stale
W1_TIMEKEEPER_LOG_PARM,Y,N,,N,0,2026-01-07 21:35:41,empty,stale
W1_TIMESHEET,Y,N,,N,0,2026-01-07 21:35:41,empty,stale
W1_TIMESHEET_CHAR,Y,N,,N,0,2026-01-07 21:35:41,empty,stale
W1_TIMESHEET_DETAIL,Y,N,,N,0,2026-01-07 21:35:41,empty,stale
W1_TIMESHEET_DETAIL_CHAR,Y,N,,N,0,2026-01-07 21:35:41,empty,stale
W1_TIMESHEET_DETAIL_K,Y,N,,N,0,2026-01-07 21:35:41,empty,stale
W1_TIMESHEET_DETAIL_LOG,Y,N,,N,0,2026-01-07 21:35:42,empty,stale
W1_TIMESHEET_DETAIL_LOG_PARM,Y,N,,N,0,2026-01-07 21:35:42,empty,stale
W1_TIMESHEET_IDENTIFIER,Y,N,,N,0,2026-01-07 21:35:42,empty,stale
W1_TIMESHEET_K,Y,N,,N,0,2026-01-07 21:35:42,empty,stale
W1_TIMESHEET_LOG,Y,N,,N,0,2026-01-07 21:35:42,empty,stale
W1_TIMESHEET_LOG_PARM,Y,N,,N,0,2026-01-07 21:35:42,empty,stale
W1_TIME_PERIOD,Y,N,,N,0,2026-01-07 21:35:42,empty,stale
W1_TIME_PERIOD_CHAR,Y,N,,N,0,2026-01-07 21:35:42,empty,stale
W1_TIME_PERIOD_L,Y,N,,N,0,2026-01-07 21:35:42,empty,stale
W1_TIMSHEETDTL_COST_CTR,Y,N,,N,0,2026-01-07 21:35:42,empty,stale
W1_TMPL_ACT,Y,N,,N,0,2026-01-07 21:35:42,empty,stale
W1_TMPL_ACT_CHAR,Y,N,,N,0,2026-01-07 21:35:42,empty,stale
W1_TMPL_ACT_CHKLST_TYP,Y,N,,N,0,2026-01-07 21:35:42,empty,stale
W1_TMPL_ACT_COST_CENTER,Y,N,,N,0,2026-01-07 21:35:42,empty,stale
W1_TMPL_ACT_COST_DIST,Y,N,,N,0,2026-01-07 21:35:42,empty,stale
W1_TMPL_ACT_DOCUMENT,Y,N,,N,0,2026-01-07 21:35:42,empty,stale
W1_TMPL_ACT_IDENTIFIER,Y,N,,N,0,2026-01-07 21:35:42,empty,stale
W1_TMPL_ACT_K,Y,N,,N,0,2026-01-07 21:35:42,empty,stale
W1_TMPL_ACT_LOG,Y,N,,N,0,2026-01-07 21:35:42,empty,stale
W1_TMPL_ACT_LOG_PARM,Y,N,,N,0,2026-01-07 21:35:42,empty,stale
W1_TMPL_ACT_NOTE,Y,N,,N,0,2026-01-07 21:35:42,empty,stale
W1_TMPL_ACT_PLAN_SVC_HIST_TYPE,Y,N,,N,0,2026-01-07 21:35:42,empty,stale
W1_TMPL_ACT_RSRC,Y,N,,N,0,2026-01-07 21:35:42,empty,stale
W1_TMPL_ACT_RSRC_CHAR,Y,N,,N,0,2026-01-07 21:35:42,empty,stale
W1_TMPL_ACT_RSRC_DOCUMENT,Y,N,,N,0,2026-01-07 21:35:42,empty,stale
W1_TMPL_ACT_RSRC_IDENTIFIER,Y,N,,N,0,2026-01-07 21:35:42,empty,stale
W1_TMPL_ACT_RSRC_K,Y,N,,N,0,2026-01-07 21:35:42,empty,stale
W1_TMPL_ACT_RSRC_LOG,Y,N,,N,0,2026-01-07 21:35:42,empty,stale
W1_TMPL_ACT_RSRC_LOG_PARM,Y,N,,N,0,2026-01-07 21:35:42,empty,stale
W1_TMPL_ACT_RSRC_NOTE,Y,N,,N,0,2026-01-07 21:35:42,empty,stale
W1_TMPL_WO,Y,N,,N,0,2026-01-07 21:35:43,empty,stale
W1_TMPL_WO_CHAR,Y,N,,N,0,2026-01-07 21:35:43,empty,stale
W1_TMPL_WO_IDENTIFIER,Y,N,,N,0,2026-01-07 21:35:43,empty,stale
W1_TMPL_WO_K,Y,N,,N,0,2026-01-07 21:35:43,empty,stale
W1_TMPL_WO_LOG,Y,N,,N,0,2026-01-07 21:35:43,empty,stale
W1_TMPL_WO_LOG_PARM,Y,N,,N,0,2026-01-07 21:35:43,empty,stale
W1_TMPL_WO_NOTE,Y,N,,N,0,2026-01-07 21:35:43,empty,stale
W1_VENDOR,Y,N,,N,0,2026-01-07 21:35:43,empty,stale
W1_VENDOR_CHAR,Y,N,,N,0,2026-01-07 21:35:43,empty,stale
W1_VENDOR_IDENTIFIER,Y,N,,N,0,2026-01-07 21:35:43,empty,stale
W1_VENDOR_LOC,Y,N,,N,0,2026-01-07 21:35:43,empty,stale
W1_VENDOR_LOC_CAPABILITY,Y,N,,N,0,2026-01-07 21:35:43,empty,stale
W1_VENDOR_LOC_CHAR,Y,N,,N,0,2026-01-07 21:35:43,empty,stale
W1_VENDOR_LOC_CMDTY,Y,N,,N,0,2026-01-07 21:35:43,empty,stale
W1_VENDOR_LOC_CONTACT,Y,N,,N,0,2026-01-07 21:35:43,empty,stale
W1_VENDOR_LOC_DOCUMENT,Y,N,,N,0,2026-01-07 21:35:43,empty,stale
W1_VENDOR_LOC_IDENTIFIER,Y,N,,N,0,2026-01-07 21:35:43,empty,stale
W1_VENDOR_LOC_K,Y,N,,N,0,2026-01-07 21:35:43,empty,stale
W1_VENDOR_LOC_LOG,Y,N,,N,0,2026-01-07 21:35:43,empty,stale
W1_VENDOR_LOC_LOG_PARM,Y,N,,N,0,2026-01-07 21:35:43,empty,stale
W1_VENDOR_LOC_NOTE,Y,N,,N,0,2026-01-07 21:35:43,empty,stale
W1_VENDOR_LOC_PAYTO_LOC,Y,N,,N,0,2026-01-07 21:35:43,empty,stale
W1_VENDOR_LOG,Y,N,,N,0,2026-01-07 21:35:43,empty,stale
W1_VENDOR_LOG_PARM,Y,N,,N,0,2026-01-07 21:35:43,empty,stale
W1_WARRANTY,Y,N,,N,0,2026-01-07 21:35:43,empty,stale
W1_WARRANTY_ATTACHMENT,Y,N,,N,0,2026-01-07 21:35:43,empty,stale
W1_WARRANTY_CHAR,Y,N,,N,0,2026-01-07 21:35:43,empty,stale
W1_WARRANTY_DOCUMENT,Y,N,,N,0,2026-01-07 21:35:43,empty,stale
W1_WARRANTY_IDENTIFIER,Y,N,,N,0,2026-01-07 21:35:43,empty,stale
W1_WARRANTY_K,Y,N,,N,0,2026-01-07 21:35:43,empty,stale
W1_WARRANTY_LOG,Y,N,,N,0,2026-01-07 21:35:44,empty,stale
W1_WARRANTY_LOG_PARM,Y,N,,N,0,2026-01-07 21:35:44,empty,stale
W1_WARRANTY_NOTE,Y,N,,N,0,2026-01-07 21:35:44,empty,stale
W1_WARRANTY_TERM,Y,N,,N,0,2026-01-07 21:35:44,empty,stale
W1_WARRANTY_TERM_CHAR,Y,N,,N,0,2026-01-07 21:35:44,empty,stale
W1_WARRANTY_TERM_DOCUMENT,Y,N,,N,0,2026-01-07 21:35:44,empty,stale
W1_WARRANTY_TERM_L,Y,N,,N,0,2026-01-07 21:35:44,empty,stale
W1_WO,Y,N,,N,0,2026-01-07 21:35:44,empty,stale
W1_WORK_CAL,Y,N,,N,0,2026-01-07 21:35:44,empty,stale
W1_WORK_CAL_L,Y,N,,N,0,2026-01-07 21:35:44,empty,stale
W1_WORK_CAL_SCHED_DATE,Y,N,,N,0,2026-01-07 21:35:44,empty,stale
W1_WORK_CATEGORY,Y,N,,N,0,2026-01-07 21:35:44,empty,stale
W1_WORK_CATEGORY_CHAR,Y,N,,N,0,2026-01-07 21:35:44,empty,stale
W1_WORK_CATEGORY_L,Y,N,,N,0,2026-01-07 21:35:44,empty,stale
W1_WORK_CLASS,Y,N,,N,0,2026-01-07 21:35:44,empty,stale
W1_WORK_CLASS_CHAR,Y,N,,N,0,2026-01-07 21:35:44,empty,stale
W1_WORK_CLASS_L,Y,N,,N,0,2026-01-07 21:35:44,empty,stale
W1_WORK_CLASS_WORK_CATEGORY,Y,N,,N,0,2026-01-07 21:35:44,empty,stale
W1_WORK_DESIGN,Y,N,,N,0,2026-01-07 21:35:44,empty,stale
W1_WORK_DESIGN_CHAR,Y,N,,N,0,2026-01-07 21:35:44,empty,stale
W1_WORK_DESIGN_DOCUMENT,Y,N,,N,0,2026-01-07 21:35:44,empty,stale
W1_WORK_DESIGN_IDENTIFIER,Y,N,,N,0,2026-01-07 21:35:44,empty,stale
W1_WORK_DESIGN_K,Y,N,,N,0,2026-01-07 21:35:44,empty,stale
W1_WORK_DESIGN_LOG,Y,N,,N,0,2026-01-07 21:35:44,empty,stale
W1_WORK_DESIGN_LOG_PARM,Y,N,,N,0,2026-01-07 21:35:44,empty,stale
W1_WORK_DESIGN_NOTE,Y,N,,N,0,2026-01-07 21:35:44,empty,stale
W1_WORK_DESIGN_OTHER_COST,Y,N,,N,0,2026-01-07 21:35:44,empty,stale
W1_WORK_DESIGN_RSRC_COST,Y,N,,N,0,2026-01-07 21:35:45,empty,stale
W1_WORK_LOC,Y,N,,N,0,2026-01-07 21:35:45,empty,stale
W1_WORK_LOC_CHAR,Y,N,,N,0,2026-01-07 21:35:45,empty,stale
W1_WORK_LOC_IDENTIFIER,Y,N,,N,0,2026-01-07 21:35:45,empty,stale
W1_WORK_LOC_K,Y,N,,N,0,2026-01-07 21:35:45,empty,stale
W1_WORK_LOC_LOG,Y,N,,N,0,2026-01-07 21:35:45,empty,stale
W1_WORK_LOC_LOG_PARM,Y,N,,N,0,2026-01-07 21:35:45,empty,stale
W1_WORK_REQ,Y,N,,N,0,2026-01-07 21:35:45,empty,stale
W1_WORK_REQ_CHAR,Y,N,,N,0,2026-01-07 21:35:45,empty,stale
W1_WORK_REQ_DOCUMENT,Y,N,,N,0,2026-01-07 21:35:45,empty,stale
W1_WORK_REQ_IDENTIFIER,Y,N,,N,0,2026-01-07 21:35:45,empty,stale
W1_WORK_REQ_K,Y,N,,N,0,2026-01-07 21:35:45,empty,stale
W1_WORK_REQ_LOG,Y,N,,N,0,2026-01-07 21:35:45,empty,stale
W1_WORK_REQ_LOG_PARM,Y,N,,N,0,2026-01-07 21:35:45,empty,stale
W1_WORK_REQ_PHONE,Y,N,,N,0,2026-01-07 21:35:45,empty,stale
W1_WO_CHAR,Y,N,,N,0,2026-01-07 21:35:45,empty,stale
W1_WO_COST_CENTER,Y,N,,N,0,2026-01-07 21:35:46,empty,stale
W1_WO_IDENTIFIER,Y,N,,N,0,2026-01-07 21:35:46,empty,stale
W1_WO_K,Y,N,,N,0,2026-01-07 21:35:46,empty,stale
W1_WO_LOG,Y,N,,N,0,2026-01-07 21:35:46,empty,stale
W1_WO_LOG_PARM,Y,N,,N,0,2026-01-07 21:35:46,empty,stale
W1_WO_NOTE,Y,N,,N,0,2026-01-07 21:35:46,empty,stale
