DEVICE_CONFIG_EFFECT_DTTM,ASSET_CREATION_DT,SERIAL_NUMBER,BILL_CYCLE,CURRENT_DISPOSITION,CURRENT_DISP_DT,MTR_SPEC,SPID,SP_TYPE,MTR_SITE_ID,PREM_ID,PREM_ADDR,PIN,CURRENT_LOC_ORG_ID
1996-06-01-12.06.00,5/31/96,96062389, ,NI-RETIRED,1/21/26,SM-DISC-B58,685215593200,WT-RES,18422-WT-000,6913584376,220 ELM ST,FDL-15-17-15-13-596-00,
1997-05-01-12.05.00,4/30/97,96640009,01,NI-RETIRED,8/7/24,SM-DISC-B75,849689515100,WT-RES,21040-WT-000,1185871427,393 LINDEN ST,FDL-15-17-15-42-304-00,
1998-08-01-12.08.00,7/31/98,98232965,02,NI-RETIRED,4/12/24,SM-DISC-B58,410807822300,WT-RES,5696-WT-000,7640892746,21 N HICKORY ST,FDL-15-17-10-33-535-00,
2001-02-19-12.02.00,2/18/01,16492266,03,NI-RETIRED,6/12/25,SM-DISC-B75,529111182600,WT-COM,32092-WT-000,3487762650,13 N MAIN ST,FDL-15-17-10-44-831-00,
2001-02-19-12.02.00,2/18/01,16826508,03,NI-RETIRED,4/21/25,SM-DISC-B58,929322734100,WT-COM,32094-WT-000,0011910275,11 N MAIN ST,FDL-15-17-10-44-831-00,
2001-02-19-12.02.00,2/18/01,16826509,03,NI-RETIRED,5/16/25,SM-DISC-B58,731452894500,WT-COM,32096-WT-000,1073102945,9 N MAIN ST,FDL-15-17-10-44-831-00,
2001-03-21-12.03.00,3/20/01,16826631,03,NI-RETIRED,4/17/24,SM-DISC-B58,845458740500,WT-RES,6134-WT-000,3501211204,23 E JOHNSON ST,FDL-15-17-10-41-020-00,
2002-02-19-12.02.00,2/18/02,17552444,01,NI-RETIRED,4/17/24,SM-DISC-B58,626798089000,WT-RES,16690-WT-000,7932165848,264 14TH ST,FDL-15-17-14-33-621-00,
2002-03-21-12.03.00,3/20/02,17893168,01,NI-RETIRED,4/17/24,SM-DISC-B58,418055975100,WT-RES,17002-WT-000,9964356806,321 14TH ST,FDL-15-17-14-34-853-00,
2002-03-22-12.03.00,3/21/02,17461823,01,NI-RETIRED,4/12/24,SM-DISC-B100,123462071800,WT-RES,38468-WT-000,3220084220,562 S NATIONAL AVE,FDL-15-17-14-44-761-01,
2002-04-12-12.04.00,4/11/02,17893286,01,NI-RETIRED,4/17/24,SM-DISC-B58,676957203200,WT-RES,17242-WT-000,9301228991,590 E 9TH ST,FDL-15-17-14-41-041-00,
2002-05-10-12.05.00,5/9/02,17910397,01,NI-RETIRED,8/7/24,SM-DISC-B100,954011265000,WT-RES,28302-WT-000,1478514783,41 HAMPTON CT,FDL-15-17-24-33-512-00,
2002-05-23-12.05.00,5/22/02,17893370,01,NI-RETIRED,8/7/24,SM-DISC-B58,538168235100,WT-RES,21378-WT-000,4650545964,540 S MAIN ST,FDL-15-17-15-43-628-00,
2002-06-18-12.06.00,6/17/02,18070663,02,NI-RETIRED,1/20/26,SM-DISC-B58,315119270100,WT-RES,30766-WT-000,8999295553,402 MORRIS ST,FDL-15-17-15-31-070-00,
2002-07-03-12.07.00,7/2/02,18129552,01,NI-RETIRED,4/12/24,SM-DISC-B100,482175729100,WT-RES,34964-WT-000,4884919894,1137 S PARK AVE,FDL-15-17-26-21-013-00,
2003-01-07-12.01.00,1/6/03,17908163,02,NI-RETIRED,4/12/24,SM-DISC-B75,116752118300,WT-RES,12024-WT-000,7486412318,965 SPRINGS RD,FDL-15-17-13-24-798-00,
2003-01-07-12.01.00,1/6/03,18117654,03,NI-RETIRED,4/17/24,SM-DISC-B58,649283413000,WT-RES,7980-WT-000,4120635264,341 BISCHOFF ST,FDL-15-17-11-21-038-00,
2003-01-08-12.01.00,1/7/03,18117665,03,NI-RETIRED,4/17/24,SM-DISC-B58,841130727400,WT-RES,7986-WT-000,4907225948,353 BISCHOFF ST,FDL-15-17-11-21-041-00,
2003-01-10-12.01.00,1/9/03,18117657,03,NI-RETIRED,4/17/24,SM-DISC-B58,817078431200,WT-RES,32460-WT-000,6914958404,524 NORTHGATE ST,FDL-15-17-02-34-799-00,
2003-01-16-12.01.00,1/15/03,18117740,01,NI-RETIRED,4/17/24,SM-DISC-B58,049400672800,WT-RES,21038-WT-000,6487564118,397 LINDEN ST,FDL-15-17-15-42-303-00,
2003-01-17-12.01.00,1/16/03,18117739,01,NI-RETIRED,4/17/24,SM-DISC-B58,431401503500,WT-RES,14092-WT-000,7854805321,295 WOODWARD ST,FDL-15-17-14-14-818-00,
2003-01-28-12.01.00,1/27/03,18117666,01,NI-RETIRED,4/17/24,SM-DISC-B58,211467594600,WT-RES,15076-WT-000,4756540108,171 6TH ST,FDL-15-17-14-23-577-00,
2003-02-04-12.02.00,2/3/03,18117703,01,NI-RETIRED,4/17/24,SM-DISC-B58,337079180700,WT-RES,21032-WT-000,8291669641,411 LINDEN ST,FDL-15-17-15-42-300-00,
2003-02-06-12.02.00,2/5/03,18117706,01,NI-RETIRED,4/17/24,SM-DISC-B58,769102720300,WT-RES,16936-WT-000,2284618140,391 E 13TH ST,FDL-15-17-14-34-820-00,
2003-02-13-12.02.00,2/12/03,17908206,03,NI-RETIRED,4/12/24,SM-DISC-B75,645491806500,WT-RES,174-WT-000,2954229522,978 WHIPPOORWILL LN,FDL-15-17-01-42-278-00,
2003-02-13-12.02.00,2/12/03,18117686,01,NI-RETIRED,4/17/24,SM-DISC-B58,667474231700,WT-RES,15442-WT-000,7293327116,297 5TH ST,FDL-15-17-14-24-808-00,
2003-02-19-12.02.00,2/18/03,17908174,01,NI-RETIRED,4/12/24,SM-DISC-B75,188630174000,WT-RES,26538-WT-000,5964639516,263 HAWTHORNE DR,FDL-15-17-23-32-259-00,
2003-02-24-12.02.00,2/23/03,18117683,02,NI-RETIRED,4/17/24,SM-DISC-B58,165843272700,WT-RES,11352-WT-000,1072951714,778 MEADOWBROOK LN,FDL-15-17-12-33-516-00,
2003-02-26-12.02.00,2/25/03,18117695,02,NI-RETIRED,4/21/25,SM-DISC-B58,419032032900,WT-RES,13662-WT-000,1021181198,411 3RD ST,FDL-15-17-14-12-331-00,
2003-03-04-12.03.00,3/3/03,18117672,02,NI-RETIRED,4/17/24,SM-DISC-B58,154325072000,WT-RES,10044-WT-000,8275400459,228 E DIVISION ST,FDL-15-17-11-33-559-00,
2003-03-04-12.03.00,3/3/03,18117694,02,NI-RETIRED,4/17/24,SM-DISC-B58,387155057100,WT-RES,22696-WT-000,7670485174,316 HILLCREST LN,FDL-15-17-16-13-588-00,
2003-03-04-12.03.00,3/3/03,18440383,01,NI-RETIRED,4/12/24,SM-DISC-B100,925614431300,WT-RES,25468-WT-000,4079196861,5 CUMBERLYNN CIR,FDL-15-17-23-14-796-00,
2003-03-05-12.03.00,3/4/03,18117668,02,NI-RETIRED,4/17/24,SM-DISC-B58,484551735400,WT-RES,5594-WT-000,0999187058,73 N HICKORY ST,FDL-15-17-10-32-364-01,
2003-03-05-12.03.00,3/4/03,18117670,02,NI-RETIRED,4/19/24,SM-DISC-B58,385662383700,WT-RES,19160-WT-000,0998770071,367 WESTERN AVE,FDL-15-17-15-22-314-00,
2003-03-05-12.03.00,3/4/03,18117671,02,NI-RETIRED,4/17/24,SM-DISC-B58,280385464100,WT-RES,10706-WT-000,3530842885,34 N NATIONAL AVE,FDL-15-17-11-44-754-00,
2003-03-07-12.03.00,3/6/03,18117669,02,NI-RETIRED,4/17/24,SM-DISC-B58,010423912100,WT-RES,22874-WT-000,2076211919,261 S SEYMOUR ST,FDL-15-17-16-14-782-00,
2003-03-07-12.03.00,3/6/03,18117701,02,NI-RETIRED,4/17/24,SM-DISC-B58,770176056600,WT-RES,20180-WT-000,9214051512,489 FARWELL AVE,FDL-15-17-15-33-536-00,
2003-03-11-12.03.00,3/10/03,17908209,01,NI-RETIRED,4/12/24,SM-DISC-B75,828935693000,WT-RES,12234-WT-000,6859365728,720 GLENWOOD DR,FDL-15-17-13-32-272-00,
2003-03-11-12.03.00,3/10/03,18117700,01,NI-RETIRED,4/17/24,SM-DISC-B58,801238309400,WT-RES,20628-WT-000,8128448692,39 E 10TH ST,FDL-15-17-15-41-048-00,
2003-03-12-12.03.00,3/11/03,18117714,03,NI-RETIRED,11/22/23,SM-DISC-B58,990815963100,WT-COM,31864-WT-000,9658337559,188 WALNUT ST,FDL-15-17-10-32-343-00,
2003-03-13-12.03.00,3/12/03,17908210,02,NI-RETIRED,4/12/24,SM-DISC-B75,064419165400,WT-RES,23312-WT-000,0950913245,786 MC ARTHUR ST,FDL-15-17-16-23-512-00,
2003-03-18-12.03.00,3/17/03,18117728,03,NI-RETIRED,4/19/24,SM-DISC-B58,102327633200,WT-RES,7056-WT-000,2052038333,390 N NATIONAL AVE,FDL-15-17-11-11-022-00,
2003-03-18-12.03.00,3/17/03,18407664,03,NI-RETIRED,4/17/24,SM-DISC-B58,268845697100,WT-RES,3932-WT-000,0841704431,123 W MC WILLIAMS ST,FDL-15-17-10-12-394-00,
2003-03-19-12.03.00,3/18/03,17908317,03,NI-RETIRED,4/12/24,SM-DISC-B75,871848361800,WT-COM,4670-WT-000,2696117690,160 W SCOTT ST,FDL-15-17-10-21-026-00,
2003-03-20-12.03.00,3/19/03,01088608,03,NI-RETIRED,4/12/24,SM-DISC-B100,323964817700,WT-RES,9438-WT-000,5047048069,102 COTTAGE AVE,FDL-15-17-11-31-105-00,
2003-03-20-12.03.00,3/19/03,01088611,01,NI-RETIRED,4/12/24,SM-DISC-B100,645435411700,WT-RES,16716-WT-000,2692570825,558 S PARK AVE,FDL-15-17-14-33-635-00,
2003-03-24-12.03.00,3/23/03,18407668,03,NI-RETIRED,4/17/24,SM-DISC-B58,271485411600,WT-RES,1106-WT-000,6240405117,482 MADISON ST,FDL-15-17-03-33-580-00,
2003-03-25-12.03.00,3/24/03,01109685,02,NI-RETIRED,4/12/24,SM-DISC-B100,565191074000,WT-COM,23580-WT-000,9120053759,277 S PIONEER RD,FDL-15-17-16-32-262-00,
2003-03-25-12.03.00,3/24/03,18407620,03,NI-RETIRED,4/17/24,SM-DISC-B58,507079699700,WT-RES,4738-WT-000,0415219858,440 SATTERLEE ST,FDL-15-17-10-22-255-00,
2003-03-26-12.03.00,3/25/03,17908314,02,NI-RETIRED,8/7/24,SM-DISC-B75,319533499900,EX-RES,23322-EX-000,1430963741,822 S PIONEER PKY,FDL-15-17-16-23-517-00,
2003-03-26-12.03.00,3/25/03,18407599,03,NI-RETIRED,4/17/24,SM-DISC-B58,581895079400,WT-RES,4806-WT-000,0008938347,403 FRANKLIN ST,FDL-15-17-10-22-290-00,
2003-03-26-12.03.00,3/25/03,18440375,02,NI-RETIRED,8/7/24,SM-DISC-B100,694462994300,WT-RES,23322-WT-000,1430963741,822 S PIONEER PKY,FDL-15-17-16-23-517-00,
2003-03-27-12.03.00,3/26/03,01052799,02,NI-RETIRED,3/7/25,SM-DISC-B100,298759757200,WT-RES,10378-WT-000,6098639009,310 E DIVISION ST,FDL-15-17-11-34-848-00,
2003-03-27-12.03.00,3/26/03,18117725,02,NI-RETIRED,4/17/24,SM-DISC-B58,981140562200,WT-RES,10892-WT-000,5028826095,19 S RESERVE AVE,FDL-15-17-11-44-847-00,
2003-03-28-12.03.00,3/27/03,18117718,02,NI-RETIRED,4/17/24,SM-DISC-B58,682712324300,WT-RES,13560-WT-000,8322436656,524 E 1ST ST,FDL-15-17-14-12-280-00,
2003-03-31-12.03.00,3/30/03,18407595,01,NI-RETIRED,4/17/24,SM-DISC-B58,158217392600,WT-RES,13872-WT-000,7523969313,541 8TH ST,FDL-15-17-14-13-574-00,
2003-04-02-12.04.00,4/1/03,18117729,01,NI-RETIRED,4/17/24,SM-DISC-B58,108419436600,WT-RES,17268-WT-000,3774013787,567 E 10TH ST,FDL-15-17-14-41-054-00,
2003-04-03-12.04.00,4/2/03,18407550,01,NI-RETIRED,4/17/24,SM-DISC-B58,988481334700,WT-RES,17338-WT-000,1250103726,545 BOYD ST,FDL-15-17-14-41-089-00,
2003-04-03-12.04.00,4/2/03,18407551,02,NI-RETIRED,4/17/24,SM-DISC-B58,917177802900,WT-RES,5588-WT-000,8517085128,81 N HICKORY ST,FDL-15-17-10-32-361-00,
2003-04-03-12.04.00,4/2/03,18407672,03,NI-RETIRED,4/17/24,SM-DISC-B58,853015059900,WT-RES,1858-WT-000,6420144162,540 W SCOTT ST,FDL-15-17-09-11-017-00,
2003-04-07-12.04.00,4/6/03,18407552,03,NI-RETIRED,10/23/23,SM-DISC-B58,081960483500,WT-RES,7232-WT-000,2352712119,503 E BANK ST,FDL-15-17-11-12-277-00,
2003-04-07-12.04.00,4/6/03,18407592,02,NI-RETIRED,4/17/24,SM-DISC-B58,322479053700,WT-RES,20302-WT-000,8173267781,384 EVERGREEN AVE,FDL-15-17-15-33-597-00,
2003-04-07-12.04.00,4/6/03,18407598,03,NI-RETIRED,4/17/24,SM-DISC-B58,614723406300,WT-COM,4764-WT-000,6115445919,426 MILL ST,FDL-15-17-10-22-268-00,
2003-04-10-12.04.00,4/9/03,17908305,01,NI-RETIRED,4/12/24,SM-DISC-B75,550839679100,WT-RES,13054-WT-000,8694404606,1524 PRIMROSE LN,FDL-15-17-13-43-609-00,
2003-04-21-12.04.00,4/20/03,18407648,01,NI-RETIRED,8/7/24,SM-DISC-B58,110233706300,WT-RES,15472-WT-000,0321279206,312 5TH ST,FDL-15-17-14-24-823-00,
2003-04-21-12.04.00,4/20/03,18407674,01,NI-RETIRED,4/17/24,SM-DISC-B58,953991716500,WT-RES,21010-WT-000,1866034917,460 LINDEN ST,FDL-15-17-15-42-289-01,
2003-04-28-12.04.00,4/27/03,01088610,03,NI-RETIRED,4/12/24,SM-DISC-B100,313121812700,WT-RES,34892-WT-000,6156893328,27 WHISPERING SPRINGS CT,FDL-15-18-05-34-754-00,
2003-05-02-12.05.00,5/1/03,18407623,01,NI-RETIRED,4/17/24,SM-DISC-B58,742752609800,WT-RES,16382-WT-000,8485853691,236 BOYD ST,FDL-15-17-14-32-426-00,
2003-05-06-12.05.00,5/5/03,18407608,02,NI-RETIRED,4/17/24,SM-DISC-B58,902211056000,WT-RES,22654-WT-000,0087017114,287 HILLCREST LN,FDL-15-17-16-13-567-00,
2003-05-07-12.05.00,5/6/03,18407612,01,NI-RETIRED,4/17/24,SM-DISC-B58,208616269400,WT-RES,24396-WT-000,9377433278,685 GRACE AVE,FDL-15-17-22-12-285-00,
2003-05-08-12.05.00,5/7/03,18407605,02,NI-RETIRED,4/17/24,SM-DISC-B58,530532408300,WT-RES,20336-WT-000,3719412624,390 UNEEDA ST,FDL-15-17-15-33-614-00,
2003-05-12-12.05.00,5/11/03,18407582,01,NI-RETIRED,4/17/24,SM-DISC-B58,496082086500,WT-RES,29280-WT-000,2760396388,266 1/2 8TH ST,FDL-15-17-14-32-251-00,
2003-05-13-12.05.00,5/12/03,18440396,03,NI-RETIRED,4/12/24,SM-DISC-B100,175741181000,WT-RES,36286-WT-000,2976652112,312 E HARBOR VIEW DR,FDL-15-17-02-34-755-02,
2003-05-14-12.05.00,5/13/03,01052797,02,NI-RETIRED,4/12/24,SM-DISC-B100,692047482300,WT-COM,28728-WT-000,8277095794,1880 MORRIS ST,FDL-15-17-27-21-002-00,
2003-05-16-12.05.00,5/15/03,18407590,02,NI-RETIRED,4/17/24,SM-DISC-B58,335533692700,WT-COM,24884-WT-000,7758446503,995 MORRIS ST,FDL-15-17-22-31-008-00,
2003-05-19-12.05.00,5/18/03,18407578,02,NI-RETIRED,4/17/24,SM-DISC-B58,665631468200,WT-RES,11610-WT-000,0490566952,874 CASTLE RD,FDL-15-17-13-21-013-00,
2003-05-21-12.05.00,5/20/03,18407653,02,NI-RETIRED,4/17/24,SM-DISC-B58,195097825200,WT-RES,19094-WT-000,7050989095,129 MARY'S AVE,FDL-15-17-15-22-280-00,
2003-05-21-12.05.00,5/20/03,18407660,02,NI-RETIRED,4/17/24,SM-DISC-B58,474439813600,WT-RES,5578-WT-000,9373775191,112 WALNUT ST,FDL-15-17-10-32-356-00,
2003-05-21-12.05.00,5/20/03,18914765,02,NI-RETIRED,4/19/24,SM-DISC-B58,712713634200,WT-COM,30734-WT-000,7471135892,711 MORRIS CT,FDL-15-17-22-21-037-00,
2003-05-22-12.05.00,5/21/03,17908294,01,NI-RETIRED,8/7/24,SM-DISC-B75,740097635800,WT-RES,29878-WT-000,3409407455,1065 BUTTERMILK CREEK DR,FDL-15-17-23-34-764-00,
2003-05-28-12.05.00,5/27/03,17908290,01,NI-RETIRED,4/15/24,SM-DISC-B75,327405937300,WT-RES,27834-WT-000,2672595447,865 MULLEN DR,FDL-15-17-24-21-010-00,
2003-05-28-12.05.00,5/27/03,18407682,01,NI-RETIRED,4/17/24,SM-DISC-B58,429552324900,WT-RES,21470-WT-000,6934865245,81 E 12TH ST,FDL-15-17-15-44-764-00,
2003-05-29-12.05.00,5/28/03,18914792,01,NI-RETIRED,4/17/24,SM-DISC-B58,498920795400,WT-RES,21584-WT-000,5290217414,69 E 13TH ST,FDL-15-17-15-44-821-00,
2003-05-30-12.05.00,5/29/03,17908236,03,NI-RETIRED,4/15/24,SM-DISC-B75,471893772800,WT-RES,36318-WT-000,4060024365,1755 E JOHNSON ST A,FDL-15-18-08-23-749-01,
2003-05-30-12.05.00,5/29/03,17908248,03,NI-RETIRED,4/15/24,SM-DISC-B75,171956655200,WT-RES,36324-WT-000,9115958079,1755 E JOHNSON ST D,FDL-15-18-08-23-749-01,
2003-05-30-12.05.00,5/29/03,17908289,03,NI-RETIRED,4/15/24,SM-DISC-B75,602795642100,WT-RES,36322-WT-000,5235472407,1755 E JOHNSON ST C,FDL-15-18-08-23-749-01,
2003-06-05-12.06.00,6/4/03,18391845,01,NI-RETIRED,4/15/24,SM-DISC-B75,686581108100,WT-RES,35750-WT-000,1245443638,164 YACOUB LN,FDL-15-17-26-21-035-00,
2003-06-10-12.06.00,6/9/03,18914820,01,NI-RETIRED,4/17/24,SM-DISC-B58,265214703400,WT-RES,16886-WT-000,4132968412,368 E 12TH ST,FDL-15-17-14-34-795-00,
2003-06-11-12.06.00,6/10/03,18914819,01,NI-RETIRED,4/17/24,SM-DISC-B58,927899999200,WT-RES,16898-WT-000,5102728844,494 BRUCE ST,FDL-15-17-14-34-801-00,
2003-06-12-12.06.00,6/11/03,18440397,03,NI-RETIRED,4/12/24,SM-DISC-B100,745074817500,WT-RES,33684-WT-000,0015409242,310 E HARBOR VIEW DR,FDL-15-17-02-34-755-01,
2003-06-16-12.06.00,6/15/03,18914801,02,NI-RETIRED,4/17/24,SM-DISC-B58,464549651100,WT-RES,20210-WT-000,0690712728,491 S HICKORY ST,FDL-15-17-15-33-551-00,
2003-06-18-12.06.00,6/17/03,18391836,02,NI-RETIRED,4/15/24,SM-DISC-B75,819442806300,WT-RES,35086-WT-000,9978934940,1048 SPRINGS RD,FDL-15-17-13-13-501-00,
2003-06-20-12.06.00,6/19/03,18407636,01,NI-RETIRED,4/17/24,SM-DISC-B58,378929871500,WT-RES,16090-WT-000,6101070892,191 E 9TH ST,FDL-15-17-14-32-280-00,
2003-06-20-12.06.00,6/19/03,18407639,02,NI-RETIRED,4/17/24,SM-DISC-B58,901328768200,WT-RES,5660-WT-000,8096468857,367 FOREST AVE,FDL-15-17-10-33-517-00,
2003-06-24-12.06.00,6/23/03,18914783,03,NI-RETIRED,4/17/24,SM-DISC-B58,732688341300,WT-RES,9350-WT-000,3699648787,145 COTTAGE AVE,FDL-15-17-11-31-061-00,
2003-06-24-12.06.00,6/23/03,18914788,01,NI-RETIRED,4/17/24,SM-DISC-B58,253026453300,WT-RES,29446-WT-000,1920624699,532 MARTIN AVE,FDL-15-17-14-34-867-00,
2003-06-25-12.06.00,6/24/03,18440379,03,NI-RETIRED,4/12/24,SM-DISC-B100,077063202000,WT-COM,836-WT-000,0921277213,601 E SCOTT ST,FDL-15-17-02-44-759-00,
2003-06-25-12.06.00,6/24/03,18440401,03,NI-RETIRED,4/12/24,SM-DISC-B100,745380170800,WT-COM,834-WT-000,2784640263,603 E SCOTT ST,FDL-15-17-02-44-758-00,
2003-06-25-12.06.00,6/24/03,18914779,01,NI-RETIRED,4/17/24,SM-DISC-B58,865114274200,WT-RES,20774-WT-000,7059800602,388 SHERMAN ST,FDL-15-17-15-41-121-00,
2003-06-26-12.06.00,6/25/03,18391872,02,NI-RETIRED,4/15/24,SM-DISC-B75,966640089400,WT-RES,19832-WT-000,2327596917,453 MORRIS ST,FDL-15-17-15-31-097-00,
2003-06-26-12.06.00,6/25/03,18391873,02,NI-RETIRED,4/15/24,SM-DISC-B75,133391688000,WT-RES,30656-WT-000,0840384764,455 MORRIS ST,FDL-15-17-15-31-097-00,
2003-06-26-12.06.00,6/25/03,18914781,01,NI-RETIRED,4/17/24,SM-DISC-B58,756390709000,WT-RES,15946-WT-000,0468319563,296 BOYD ST,FDL-15-17-14-31-146-00,
2003-06-30-12.06.00,6/29/03,18407631,03,NI-RETIRED,4/17/24,SM-DISC-B58,970200013700,WT-RES,9848-WT-000,3391970656,261 E MERRILL AVE,FDL-15-17-11-32-411-00,
2003-06-30-12.06.00,6/29/03,18914815,02,NI-RETIRED,4/17/24,SM-DISC-B58,766154879900,WT-RES,23148-WT-000,5216976345,790 FOREST AVE,FDL-15-17-16-22-250-00,
2003-06-30-12.06.00,6/29/03,18914841,02,NI-RETIRED,4/17/24,SM-DISC-B58,348760449000,WT-RES,31634-WT-000,8407104288,79 N PIONEER PKY,FDL-15-17-09-33-508-00,
2003-07-07-12.07.00,7/6/03,18914818,02,NI-RETIRED,4/17/24,SM-DISC-B58,775683424500,WT-RES,22294-WT-000,9016618593,573 EMMA ST,FDL-15-17-16-12-283-00,
2003-07-08-12.07.00,7/7/03,18070664,01,NI-RETIRED,4/17/24,SM-DISC-B58,517251600400,WT-RES,16842-WT-000,0492197232,301 E 12TH ST,FDL-15-17-14-34-773-00,
2003-07-09-12.07.00,7/8/03,18914789,02,NI-RETIRED,4/17/24,SM-DISC-B58,846005349500,WT-RES,13536-WT-000,9133022192,450 E 1ST ST,FDL-15-17-14-12-268-00,
2003-07-11-12.07.00,7/10/03,18914817,01,NI-RETIRED,4/17/24,SM-DISC-B58,743963572100,WT-RES,21432-WT-000,7770015493,10 14TH ST,FDL-15-17-15-43-655-00,
2003-07-11-12.07.00,7/10/03,18914844,03,NI-RETIRED,4/17/24,SM-DISC-B58,607363799400,WT-RES,4782-WT-000,8331338671,362 W SCOTT ST,FDL-15-17-10-22-278-00,
2003-07-11-12.07.00,7/10/03,18914847,02,NI-RETIRED,4/17/24,SM-DISC-B58,591800162800,WT-RES,3168-WT-000,3639427385,16 N HICKORY ST,FDL-15-17-09-44-800-00,
2003-07-15-12.07.00,7/14/03,18914836,03,NI-RETIRED,4/17/24,SM-DISC-B58,392123910100,WT-RES,8122-WT-000,6905671264,292 E BANK ST,FDL-15-17-11-21-109-00,
2003-07-15-12.07.00,7/14/03,19131222,03,NI-RETIRED,4/18/24,SM-DISC-B58,178079913900,WT-RES,7308-WT-000,2580371208,464 BISCHOFF ST,FDL-15-17-11-12-315-00,
2003-07-16-12.07.00,7/15/03,19146055,03,NI-RETIRED,4/12/24,SM-DISC-B100,264982427100,WT-RES,11108-WT-000,9107080466,15 BARRINGTON CT,FDL-15-17-12-31-032-00,
2003-07-17-12.07.00,7/16/03,19131229,03,NI-RETIRED,4/18/24,SM-DISC-B58,660747010500,WT-RES,9364-WT-000,7331059776,128 COTTAGE AVE,FDL-15-17-11-31-068-00,
2003-07-17-12.07.00,7/16/03,19131230,02,NI-RETIRED,4/18/24,SM-DISC-B58,839978975500,WT-RES,2152-WT-000,0680059983,927 FOREST CIR,FDL-15-17-09-33-507-00,
2003-07-18-12.07.00,7/17/03,18391884,01,NI-RETIRED,8/7/24,SM-DISC-B75,587094687800,WT-RES,25136-WT-000,9497423521,1076 EASTMAN LN,FDL-15-17-22-44-762-01,
2003-07-22-12.07.00,7/21/03,18391865,01,NI-RETIRED,4/15/24,SM-DISC-B75,468432705700,WT-RES,24564-WT-000,7931110608,52 MARIA LN,FDL-15-17-22-14-763-00,
2003-07-22-12.07.00,7/21/03,18391886,02,NI-RETIRED,3/7/25,SM-DISC-B75,420750315300,WT-RES,23568-WT-000,1060597370,25 ROBERTS CT,FDL-15-17-16-32-256-00,
2003-07-24-12.07.00,7/23/03,18391885,01,NI-RETIRED,8/7/24,SM-DISC-B75,693926763500,WT-RES,12866-WT-000,2006466299,548 CROWFOOT AVE,FDL-15-17-13-43-515-00,
2003-07-25-12.07.00,7/24/03,19131250,02,NI-RETIRED,4/18/24,SM-DISC-B58,241590337900,WT-RES,22706-WT-000,3434147925,633 GROVE ST,FDL-15-17-16-13-593-00,
2003-07-30-12.07.00,7/29/03,01129957,01,NI-RETIRED,4/12/24,SM-DISC-B100,777531197300,WT-RES,27118-WT-000,8474417069,506 E PIONEER RD,FDL-15-17-23-42-252-00,
2003-07-30-12.07.00,7/29/03,19131252,01,NI-RETIRED,4/18/24,SM-DISC-B58,744926954300,SP-RES,27118-SP-000,8474417069,506 E PIONEER RD,FDL-15-17-23-42-252-00,
2003-07-31-12.07.00,7/30/03,19131243,02,NI-RETIRED,4/18/24,SM-DISC-B58,332151601600,WT-RES,23768-WT-000,9889124349,612 GROVE ST,FDL-15-17-16-42-261-00,
2003-08-05-12.08.00,8/4/03,18117708,02,NI-RETIRED,4/18/24,SM-DISC-B58,674102488600,WT-RES,23106-WT-000,2676858811,757 RUGGLES ST,FDL-15-17-16-21-061-00,
2003-08-05-12.08.00,8/4/03,18914787,02,NI-RETIRED,4/18/24,SM-DISC-B58,263146029900,WT-RES,23110-WT-000,4113188137,739 RUGGLES ST,FDL-15-17-16-21-063-00,
2003-08-05-12.08.00,8/4/03,19131263,02,NI-RETIRED,4/18/24,SM-DISC-B58,594689939600,WT-RES,14712-WT-000,6267496563,211 E 2ND ST,FDL-15-17-14-22-334-00,
2003-08-12-12.08.00,8/11/03,19131274,02,NI-RETIRED,4/18/24,SM-DISC-B58,656048555800,WT-RES,13350-WT-000,3183607050,70 S SALLIE AVE,FDL-15-17-14-11-033-00,
2003-08-12-12.08.00,8/11/03,19258260,02,NI-RETIRED,4/15/24,SM-DISC-B75,141724109500,WT-RES,23560-WT-000,8079207203,810 GROVE ST,FDL-15-17-16-32-252-00,
2003-08-13-12.08.00,8/12/03,19131265,02,NI-RETIRED,4/18/24,SM-DISC-B58,099139154300,WT-RES,22796-WT-000,8574806569,280 S PETERS AVE,FDL-15-17-16-13-638-00,
2003-08-14-12.08.00,8/13/03,18391852,01,NI-RETIRED,8/7/24,SM-DISC-B75,724140097600,WT-RES,13276-WT-000,3079013325,523 CROWFOOT AVE,FDL-15-17-13-44-858-00,
2003-08-14-12.08.00,8/13/03,19131302,02,NI-RETIRED,4/18/24,SM-DISC-B58,228243946600,WT-RES,23162-WT-000,4665620826,852 FOREST AVE,FDL-15-17-16-22-257-00,
2003-08-19-12.08.00,8/18/03,19131303,02,NI-RETIRED,4/18/24,SM-DISC-B58,495443466300,WT-RES,2696-WT-000,1532272996,428 RUSSELL ST,FDL-15-17-09-41-107-00,
2003-08-22-12.08.00,8/21/03,19131301,01,NI-RETIRED,4/18/24,SM-DISC-B58,717813985300,WT-RES,27172-WT-000,9496349844,927 MEADOW LN,FDL-15-17-23-42-279-00,
2003-08-25-12.08.00,8/24/03,19131285,02,NI-RETIRED,4/18/24,SM-DISC-B58,435106922200,WT-RES,23134-WT-000,6786886407,759 WESTERN AVE,FDL-15-17-16-21-075-00,
2003-08-26-12.08.00,8/25/03,18407645,01,NI-RETIRED,4/18/24,SM-DISC-B58,116514974100,WT-RES,18826-WT-000,4975167557,33 8TH ST,FDL-15-17-15-14-924-00,
2003-08-26-12.08.00,8/25/03,19131275,02,NI-RETIRED,4/19/24,SM-DISC-B58,503904598900,WT-RES,2228-WT-000,8129978324,21 S PIONEER PKY,FDL-15-17-09-33-545-00,
2003-08-28-12.08.00,8/27/03,19131292,02,NI-RETIRED,4/18/24,SM-DISC-B58,100117241600,WT-RES,14492-WT-000,9353525088,336 3RD ST,FDL-15-17-14-21-167-00,
2003-08-29-12.08.00,8/28/03,19131281,02,NI-RETIRED,4/18/24,SM-DISC-B58,318658271300,WT-RES,13554-WT-000,9379142694,510 E 1ST ST,FDL-15-17-14-12-277-00,
2003-09-02-12.09.00,9/1/03,19131288,01,NI-RETIRED,4/18/24,SM-DISC-B58,501877738000,WT-RES,15974-WT-000,8438177093,376 BOYD ST,FDL-15-17-14-31-160-00,
2003-09-03-12.09.00,9/2/03,18391849,02,NI-RETIRED,4/16/24,SM-DISC-B75,540517092300,WT-RES,33528-WT-000,4469461108,180 SOUTHLAKE CIR,FDL-15-17-22-43-550-00,
2003-09-03-12.09.00,9/2/03,19131282,01,NI-RETIRED,4/18/24,SM-DISC-B58,694534312800,WT-RES,18716-WT-000,9751315056,271 S MARR ST,FDL-15-17-15-14-869-00,
2003-09-04-12.09.00,9/3/03,19261186,01,NI-RETIRED,9/9/25,SM-DISC-B58,381999936800,WT-RES,29778-WT-000,3235014457,929 MEADOW LN,FDL-15-17-23-42-279-00,
2003-09-05-12.09.00,9/4/03,19131289,01,NI-RETIRED,4/18/24,SM-DISC-B58,051446570200,WT-RES,27184-WT-000,9500046274,977 MEADOW LN,FDL-15-17-23-42-285-00,
2003-09-08-12.09.00,9/7/03,19261193,02,NI-RETIRED,4/18/24,SM-DISC-B58,817206418900,WT-RES,22394-WT-000,4224972354,615 RUGGLES ST,FDL-15-17-16-12-333-00,
2003-09-09-12.09.00,9/8/03,19261195,03,NI-RETIRED,4/18/24,SM-DISC-B58,322099392100,WT-RES,8348-WT-000,5275963721,232 BISCHOFF ST,FDL-15-17-11-22-305-00,
2003-09-09-12.09.00,9/8/03,19261198,01,NI-RETIRED,4/18/24,SM-DISC-B58,553277493400,WT-RES,27394-WT-000,1252502098,1036 MEADOW LN,FDL-15-17-23-43-569-00,
2003-09-10-12.09.00,9/9/03,19261206,01,NI-RETIRED,4/18/24,SM-DISC-B58,088311750100,WT-RES,29772-WT-000,0661356039,919 MARTIN AVE,FDL-15-17-23-42-261-00,
2003-09-11-12.09.00,9/10/03,19261199,01,NI-RETIRED,4/18/24,SM-DISC-B58,122093451900,EX-RES,29790-EX-000,1976386023,1017 MARTIN AVE,FDL-15-17-23-43-575-00,
2003-09-12-12.09.00,9/11/03,19261192,03,NI-RETIRED,4/18/24,SM-DISC-B58,537420381900,WT-RES,9202-WT-000,8526390304,270 STOW ST,FDL-15-17-11-24-889-00,
2003-09-15-12.09.00,9/14/03,19125103,01,NI-RETIRED,2/18/25,SM-DISC-B75,500792296700,WT-RES,12112-WT-000,0649141631,1042 PRIMROSE LN,FDL-15-17-13-31-030-00,
2003-09-15-12.09.00,9/14/03,19261196,03,NI-RETIRED,4/18/24,SM-DISC-B58,510564637400,WT-RES,7976-WT-000,2035131768,433 ROOSEVELT ST,FDL-15-17-11-21-036-00,
2003-09-18-12.09.00,9/17/03,19125127,01,NI-RETIRED,4/16/24,SM-DISC-B75,604853105800,EX-RES,26460-EX-000,7271720459,975 BIRCH TREE LN,FDL-15-17-23-31-025-00,
2003-09-18-12.09.00,9/17/03,19262122,01,NI-RETIRED,4/12/24,SM-DISC-B100,869424410900,WT-RES,26460-WT-000,7271720459,975 BIRCH TREE LN,FDL-15-17-23-31-025-00,
2003-10-06-12.10.00,10/5/03,19131237,01,NI-RETIRED,4/18/24,SM-DISC-B58,615565506100,WT-RES,15570-WT-000,0155355326,282 LLOYD ST,FDL-15-17-14-24-873-00,
2003-10-13-12.10.00,10/12/03,19261237,01,NI-RETIRED,4/18/24,SM-DISC-B58,911905181100,WT-RES,16776-WT-000,8539497110,577 S PARK AVE,FDL-15-17-14-33-665-00,
2003-10-22-12.10.00,10/21/03,19261238,03,NI-RETIRED,4/18/24,SM-DISC-B58,914204707000,WT-RES,1846-WT-000,9073701383,498 W SCOTT ST,FDL-15-17-09-11-011-00,
2003-10-27-12.10.00,10/26/03,19261215,01,NI-RETIRED,4/18/24,SM-DISC-B58,347254192300,WT-RES,15730-WT-000,7536854524,365 E 9TH ST,FDL-15-17-14-31-037-00,
2003-10-28-12.10.00,10/27/03,19261229,01,NI-RETIRED,4/18/24,SM-DISC-B58,617466073600,WT-RES,15074-WT-000,1986639255,165 6TH ST,FDL-15-17-14-23-576-00,
2003-10-30-12.10.00,10/29/03,19261242,01,NI-RETIRED,4/19/24,SM-DISC-B58,159208748100,WT-RES,20582-WT-000,4635767118,27 E 9TH ST,FDL-15-17-15-41-025-00,
2003-10-31-12.10.00,10/30/03,19261177,01,NI-RETIRED,4/19/24,SM-DISC-B58,705803972300,WT-RES,21252-WT-000,7921384114,538 GREENWOOD ST,FDL-15-17-15-43-563-00,
2003-11-04-12.11.00,11/3/03,19261259,02,NI-RETIRED,4/19/24,SM-DISC-B58,530999038000,WT-RES,22070-WT-000,7948111404,145 S SEYMOUR ST,FDL-15-17-16-11-099-00,
2003-11-05-12.11.00,11/4/03,19261243,01,NI-RETIRED,4/19/24,SM-DISC-B58,885516813800,WT-RES,16480-WT-000,0047710464,481 S PARK AVE,FDL-15-17-14-33-517-00,
2003-11-06-12.11.00,11/5/03,19261212,02,NI-RETIRED,4/19/24,SM-DISC-B58,959345004000,WT-RES,14334-WT-000,8033877621,343 E 2ND ST,FDL-15-17-14-21-087-00,
2003-11-06-12.11.00,11/5/03,19545795,03,NI-RETIRED,4/16/24,SM-DISC-B75,522046129400,WT-RES,35176-WT-000,4556810210,17 HUNTERS CT,FDL-15-18-06-43-534-00,
2003-11-11-12.11.00,11/10/03,19261222,02,NI-RETIRED,4/19/24,SM-DISC-B58,804963202400,WT-RES,23390-WT-000,6585626414,729 MC ARTHUR ST,FDL-15-17-16-24-766-00,
2003-11-12-12.11.00,11/11/03,19261250,02,NI-RETIRED,4/19/24,SM-DISC-B58,932597127700,WT-RES,10852-WT-000,9647588722,60 N SALLIE AVE,FDL-15-17-11-44-827-00,
2003-11-18-12.11.00,11/17/03,17893182,03,NI-RETIRED,4/19/24,SM-DISC-B58,255893356500,WT-RES,4158-WT-000,5733300646,118 W ARNDT ST,FDL-15-17-10-13-589-00,
2003-11-18-12.11.00,11/17/03,19261221,02,NI-RETIRED,4/19/24,SM-DISC-B58,520435104900,WT-RES,2226-WT-000,2865805740,29 S PIONEER PKY,FDL-15-17-09-33-544-00,
2003-11-18-12.11.00,11/17/03,19261273,02,NI-RETIRED,4/19/24,SM-DISC-B58,865199851900,WT-RES,22652-WT-000,8441511275,295 HILLCREST LN,FDL-15-17-16-13-566-00,
2003-11-19-12.11.00,11/18/03,19261267,02,NI-RETIRED,4/19/24,SM-DISC-B58,202041986500,WT-RES,14218-WT-000,0405018342,291 E 1ST ST,FDL-15-17-14-21-029-00,
2003-11-19-12.11.00,11/18/03,19261269,02,NI-RETIRED,4/19/24,SM-DISC-B58,666777943700,WT-RES,2478-WT-000,1222840932,781 FOREST CIR,FDL-15-17-09-34-836-00,
2003-11-20-12.11.00,11/19/03,19610430,02,NI-RETIRED,4/19/24,SM-DISC-B58,744804476600,WT-RES,3160-WT-000,1537531881,418 THOMAS ST,FDL-15-17-09-44-796-00,
2003-12-01-12.12.00,11/30/03,19610429,01,NI-RETIRED,4/19/24,SM-DISC-B58,974401339100,WT-RES,36334-WT-000,9905936520,390 SHERMAN ST,FDL-15-17-15-41-121-00,
2003-12-05-12.12.00,12/4/03,19608604,03,NI-RETIRED,4/16/24,SM-DISC-B75,110941280400,WT-RES,4788-WT-000,9129868531,378 W SCOTT ST,FDL-15-17-10-22-281-00,
2003-12-08-12.12.00,12/7/03,19544114,01,NI-RETIRED,4/19/24,SM-DISC-B58,148849391200,WT-RES,16726-WT-000,6041824188,185 15TH ST,FDL-15-17-14-33-640-00,
2003-12-08-12.12.00,12/7/03,19544120,02,NI-RETIRED,4/19/24,SM-DISC-B58,522409934500,WT-RES,10920-WT-000,7633384324,54 N RESERVE AVE,FDL-15-17-11-44-861-00,
2003-12-10-12.12.00,12/9/03,19544128,03,NI-RETIRED,4/19/24,SM-DISC-B58,599651466700,WT-RES,1054-WT-000,7216455340,482 TEMPERANCE ST,FDL-15-17-03-33-554-00,
2003-12-12-12.12.00,12/11/03,19544126,01,NI-RETIRED,4/19/24,SM-DISC-B58,304977594600,WT-RES,26284-WT-000,6335128173,733 STERLING DR,FDL-15-17-23-24-783-00,
2003-12-15-12.12.00,12/14/03,19544140,02,NI-RETIRED,4/19/24,SM-DISC-B58,428772852600,WT-RES,10282-WT-000,4370776360,23 CHAMPION AVE,FDL-15-17-11-34-800-00,
2003-12-16-12.12.00,12/15/03,19544138,03,NI-RETIRED,9/9/25,SM-DISC-B58,436382563800,WT-RES,3774-WT-000,5580333360,75 W MC WILLIAMS ST,FDL-15-17-10-12-315-00,
2003-12-17-12.12.00,12/16/03,19544152,03,NI-RETIRED,4/19/24,SM-DISC-B58,614561013900,WT-RES,8944-WT-000,7852601068,269 TAFT ST,FDL-15-17-11-24-759-00,
2003-12-18-12.12.00,12/17/03,19544135,03,NI-RETIRED,9/9/25,SM-DISC-B58,695394593100,WT-RES,7548-WT-000,4855867603,228 WILSON AVE,FDL-15-17-11-13-541-00,
2003-12-18-12.12.00,12/17/03,19544139,03,NI-RETIRED,4/19/24,SM-DISC-B58,147493267000,WT-RES,1856-WT-000,7051262216,536 W SCOTT ST,FDL-15-17-09-11-016-00,
2003-12-22-12.12.00,12/21/03,19262150,02,NI-RETIRED,4/12/24,SM-DISC-B100,850407142700,WT-RES,36854-WT-000,6547039501,284 SOUTHLAKE CIR,FDL-15-17-22-44-781-00,
2003-12-22-12.12.00,12/21/03,19544119,01,NI-RETIRED,8/7/24,SM-DISC-B58,232486086300,WT-RES,15108-WT-000,6063137705,253 6TH ST,FDL-15-17-14-23-593-00,
2003-12-23-12.12.00,12/22/03,19544155,02,NI-RETIRED,4/19/24,SM-DISC-B58,237042785200,WT-RES,13596-WT-000,4491510099,419 E 2ND ST,FDL-15-17-14-12-298-00,
2003-12-23-12.12.00,12/22/03,19544177,02,NI-RETIRED,11/22/23,SM-DISC-B58,090295872500,WT-RES,22458-WT-000,9177243010,611 WESTERN AVE,FDL-15-17-16-12-365-00,
2003-12-29-12.12.00,12/28/03,19544124,01,NI-RETIRED,4/19/24,SM-DISC-B58,355959353900,WT-RES,25632-WT-000,0507149389,361 18TH ST,FDL-15-17-23-21-051-00,
2003-12-30-12.12.00,12/29/03,19610432,02,NI-RETIRED,4/19/24,SM-DISC-B58,043408366900,WT-RES,2328-WT-000,9934960676,23 N BERGER PKY,FDL-15-17-09-34-762-00,
2004-01-02-12.01.00,1/1/04,19544143,02,NI-RETIRED,1/23/25,SM-DISC-B58,662987745600,WT-RES,2324-WT-000,3226597686,39 N BERGER PKY,FDL-15-17-09-34-760-00,
2004-01-02-12.01.00,1/1/04,19544161,03,NI-RETIRED,1/10/25,SM-DISC-B58,912719510700,WT-RES,8166-WT-000,1324220140,361 E MC WILLIAMS ST,FDL-15-17-11-21-131-00,
2004-01-04-12.01.00,1/3/04,29472630,02,NI-RETIRED,8/7/24,SM-DISC-B58,741093464200,WT-RES,10418-WT-000,8124025646,296 SHEBOYGAN ST,FDL-15-17-11-34-873-00,
2004-01-07-12.01.00,1/6/04,19544162,03,NI-RETIRED,1/22/26,SM-DISC-B58,670860298500,WT-RES,1298-WT-000,4526299125,507 ALLEN ST,FDL-15-17-03-44-772-00,
2004-01-08-12.01.00,1/7/04,15987971,01,NI-RETIRED,1/9/25,SM-DISC-B75,192599986900,WT-RES,12794-WT-000,7257810869,454 CROWFOOT AVE,FDL-15-17-13-42-324-00,
2004-01-08-12.01.00,1/7/04,19544167,03,NI-RETIRED,2/25/25,SM-DISC-B58,441712443300,WT-RES,8046-WT-000,4643132124,270 BISCHOFF ST,FDL-15-17-11-21-071-00,
2004-01-08-12.01.00,1/7/04,19544169,03,NI-RETIRED,2/25/25,SM-DISC-B58,645872006300,WT-RES,7424-WT-000,2260494707,410 WETTSTEIN AVE,FDL-15-17-11-12-373-00,
2004-01-09-12.01.00,1/8/04,19544168,01,NI-RETIRED,1/22/25,SM-DISC-B58,198248660700,WT-RES,24172-WT-000,7303235403,100 FANNA ST,FDL-15-17-22-11-031-00,
2004-01-12-12.01.00,1/11/04,15946160,01,NI-RETIRED,8/8/24,SM-DISC-B75,788941030700,WT-RES,35782-WT-000,2670205262,113 YACOUB LN,FDL-15-17-26-21-051-00,
2004-01-12-12.01.00,1/11/04,19544170,01,NI-RETIRED,1/9/25,SM-DISC-B58,117661990200,WT-RES,17590-WT-000,9949306855,521 E 10TH ST,FDL-15-17-14-42-309-00,
2004-01-12-12.01.00,1/11/04,19544201,02,NI-RETIRED,5/19/25,SM-DISC-B58,333373455300,WT-RES,19012-WT-000,4794894672,158 RUGGLES ST,FDL-15-17-15-21-070-00,
2004-01-12-12.01.00,1/11/04,29104056,02,NI-RETIRED,5/29/25,SM-DISC-B75,573393072600,WT-COM,23742-WT-000,2948115522,464 S HICKORY ST,FDL-15-17-16-41-041-00,
2004-01-13-12.01.00,1/12/04,19258266,03,NI-RETIRED,1/9/25,SM-DISC-B75,994199073000,WT-RES,36584-WT-000,9803227761,1094 SPRING LAKE DR,FDL-15-17-12-11-039-00,
2004-01-13-12.01.00,1/12/04,19544186,01,NI-RETIRED,1/9/25,SM-DISC-B58,631333250900,WT-RES,15206-WT-000,5504012793,263 7TH ST,FDL-15-17-14-23-642-00,
2004-01-13-12.01.00,1/12/04,19544188,02,NI-RETIRED,5/19/25,SM-DISC-B58,418942762200,WT-RES,21878-WT-000,6323017273,420 FOREST AVE,FDL-15-17-16-11-002-00,
2004-01-13-12.01.00,1/12/04,19544189,01,NI-RETIRED,2/25/25,SM-DISC-B58,214182668600,WT-RES,15456-WT-000,5542878789,276 5TH ST,FDL-15-17-14-24-815-00,
2004-01-13-12.01.00,1/12/04,19608635,01,NI-RETIRED,2/2/26,SM-DISC-B75,949836817100,WT-RES,12796-WT-000,3528688361,457 CROWFOOT AVE,FDL-15-17-13-42-325-00,
2004-01-14-12.01.00,1/13/04,19261297,02,NI-RETIRED,5/20/25,SM-DISC-B58,167105103600,WT-RES,22612-WT-000,1139648263,251 MUENTER AVE,FDL-15-17-16-13-546-00,
2004-01-14-12.01.00,1/13/04,19261298,03,NI-RETIRED,1/19/26,SM-DISC-B58,463562262500,WT-RES,7168-WT-000,4481158985,387 WILSON AVE,FDL-15-17-11-11-078-00,
2004-01-14-12.01.00,1/13/04,19262156,03,NI-RETIRED,8/7/24,SM-DISC-B100,249981876100,WT-RES,36668-WT-000,1050290630,1119 SPRING LAKE DR,FDL-15-17-12-11-019-00,
2004-01-14-12.01.00,1/13/04,19544172,01,NI-RETIRED,1/9/25,SM-DISC-B58,954448418600,WT-RES,16286-WT-000,7777071933,410 S PARK AVE,FDL-15-17-14-32-378-00,
2004-01-14-12.01.00,1/13/04,19544190,01,NI-RETIRED,1/9/25,SM-DISC-B58,251012222200,WT-RES,15542-WT-000,2018240051,275 8TH ST,FDL-15-17-14-24-859-00,
2004-01-14-12.01.00,1/13/04,19544193,03,NI-RETIRED,1/23/25,SM-DISC-B58,284701387000,WT-RES,3928-WT-000,9415238841,114 W MC WILLIAMS ST,FDL-15-17-10-12-392-00,
2004-01-14-12.01.00,1/13/04,19544199,01,NI-RETIRED,1/24/25,SM-DISC-B58,526555948500,WT-RES,20650-WT-000,2485181938,378 S MARR ST,FDL-15-17-15-41-059-00,
2004-01-14-12.01.00,1/13/04,19544200,01,NI-RETIRED,1/23/25,SM-DISC-B58,246938762700,WT-RES,16606-WT-000,0986309774,259 14TH ST,FDL-15-17-14-33-580-00,
2004-01-15-12.01.00,1/14/04,19261294,01,NI-RETIRED,1/9/25,SM-DISC-B58,485151357400,WT-RES,15230-WT-000,3383748302,228 7TH ST,FDL-15-17-14-23-654-00,
2004-01-15-12.01.00,1/14/04,19261299,01,NI-RETIRED,1/23/25,SM-DISC-B58,158664972500,WT-RES,21260-WT-000,3359226611,564 GREENWOOD ST,FDL-15-17-15-43-567-00,
2004-01-15-12.01.00,1/14/04,19262148,01,NI-RETIRED,2/25/25,SM-DISC-B100,830696792800,WT-RES,26928-WT-000,8501993419,365 WILLSHER DR,FDL-15-17-23-34-826-00,
2004-01-15-12.01.00,1/14/04,19608636,01,NI-RETIRED,2/25/25,SM-DISC-B75,785891081400,WT-RES,35878-WT-000,0399522184,529 T-BIRD DR,FDL-15-17-26-13-505-00,
2004-01-15-12.01.00,1/14/04,19610442,01,NI-RETIRED,1/20/25,SM-DISC-B58,269415531000,WT-RES,15240-WT-000,6069743067,309 S PARK AVE,FDL-15-17-14-23-659-00,
2004-01-16-12.01.00,1/15/04,16441764,01,NI-RETIRED,8/13/24,SM-DISC-B75,674084200300,WT-RES,26956-WT-000,3171485370,995 SYCAMORE TREE DR,FDL-15-17-23-34-840-00,
2004-01-16-12.01.00,1/15/04,19261290,01,NI-RETIRED,1/9/25,SM-DISC-B58,903762059200,WT-RES,13846-WT-000,5850934999,449 5TH ST,FDL-15-17-14-13-561-00,
2004-01-16-12.01.00,1/15/04,19544203,01,NI-RETIRED,8/15/24,SM-DISC-B58,973957128900,EX-RES,26956-EX-000,3171485370,995 SYCAMORE TREE DR,FDL-15-17-23-34-840-00,
2004-01-16-12.01.00,1/15/04,19610448,02,NI-RETIRED,8/7/24,SM-DISC-B58,905256698300,WT-RES,10816-WT-000,9302949807,49 S SALLIE AVE,FDL-15-17-11-44-809-00,
2004-01-19-12.01.00,1/18/04,19261293,01,NI-RETIRED,1/23/25,SM-DISC-B58,700916688300,WT-RES,25608-WT-000,6873678256,374 17TH ST,FDL-15-17-23-21-039-00,
2004-01-19-12.01.00,1/18/04,19610445,01,NI-RETIRED,2/25/25,SM-DISC-B58,899189353100,WT-RES,29824-WT-000,7559175386,1056 MARTIN AVE,FDL-15-17-23-34-756-00,
2004-01-19-12.01.00,1/18/04,19610446,01,NI-RETIRED,1/22/25,SM-DISC-B58,663955389700,WT-RES,29818-WT-000,2771369725,1082 MARTIN AVE,FDL-15-17-23-34-759-00,
2004-01-20-12.01.00,1/19/04,19262155,01,NI-RETIRED,1/10/25,SM-DISC-B100,572186962900,WT-RES,26950-WT-000,3060705997,1021 SYCAMORE TREE DR,FDL-15-17-23-34-837-00,
2004-01-20-12.01.00,1/19/04,19608640,01,NI-RETIRED,8/13/24,SM-DISC-B75,850659417600,WT-RES,26944-WT-000,7346841110,1045 SYCAMORE TREE DR,FDL-15-17-23-34-834-00,
2004-01-20-12.01.00,1/19/04,19610434,01,NI-RETIRED,2/25/25,SM-DISC-B58,323192082600,WT-RES,20690-WT-000,4894822304,399 S MARR ST,FDL-15-17-15-41-079-00,
2004-01-21-12.01.00,1/20/04,19608639,01,NI-RETIRED,8/8/24,SM-DISC-B75,764574662300,WT-RES,26942-WT-000,9883720020,1053 SYCAMORE TREE DR,FDL-15-17-23-34-833-00,
2004-01-21-12.01.00,1/20/04,19610451,01,NI-RETIRED,1/22/25,SM-DISC-B58,755523789600,WT-RES,29844-WT-000,0678092087,962 MARTIN AVE,FDL-15-17-23-31-052-00,
2004-01-22-12.01.00,1/21/04,19608637,01,NI-RETIRED,8/8/24,SM-DISC-B75,967555791300,WT-RES,35742-WT-000,2472698504,128 YACOUB LN,FDL-15-17-26-21-031-00,
2004-01-22-12.01.00,1/21/04,19608638,01,NI-RETIRED,1/10/25,SM-DISC-B75,944504959600,WT-RES,29828-WT-000,3650594787,1038 MARTIN AVE,FDL-15-17-23-34-754-00,
2004-01-22-12.01.00,1/21/04,19610443,01,NI-RETIRED,1/22/25,SM-DISC-B58,013008134600,WT-RES,26242-WT-000,3575317465,60 ARVEY LN,FDL-15-17-23-24-762-00,
2004-01-23-12.01.00,1/22/04,19258262,01,NI-RETIRED,2/25/25,SM-DISC-B75,547066973200,WT-RES,29910-WT-000,5178579110,960 BUTTERMILK CREEK DR,FDL-15-17-23-31-030-00,
2004-01-23-12.01.00,1/22/04,19544194,01,NI-RETIRED,1/23/25,SM-DISC-B58,333579462700,WT-RES,17134-WT-000,5971776218,346 15TH ST,FDL-15-17-14-34-919-00,
2004-01-23-12.01.00,1/22/04,19610463,01,NI-RETIRED,1/22/25,SM-DISC-B58,161549397900,EX-RES,29910-EX-000,5178579110,960 BUTTERMILK CREEK DR,FDL-15-17-23-31-030-00,
2004-01-26-12.01.00,1/25/04,19610480,01,NI-RETIRED,8/15/24,SM-DISC-B58,979981810200,WT-RES,25750-WT-000,4006826543,15 ARVEY LN,FDL-15-17-23-21-110-00,
2004-01-27-12.01.00,1/26/04,19258264,01,NI-RETIRED,1/10/25,SM-DISC-B75,595544795500,WT-RES,24260-WT-000,6962489304,15 PIER CT,FDL-15-17-22-11-075-00,
2004-01-28-12.01.00,1/27/04,16921943,01,NI-RETIRED,2/25/25,SM-DISC-B75,110452923000,WT-RES,29832-WT-000,2235418601,1016 MARTIN AVE,FDL-15-17-23-34-752-00,
2004-01-29-12.01.00,1/28/04,19258263,01,NI-RETIRED,1/9/25,SM-DISC-B75,458144865700,WT-RES,12132-WT-000,6464709254,465 AUSTIN LN,FDL-15-17-13-31-040-00,
2004-01-29-12.01.00,1/28/04,19610444,02,NI-RETIRED,1/23/25,SM-DISC-B58,805090279900,WT-RES,3116-WT-000,3142056071,67 N SEYMOUR ST,FDL-15-17-09-44-773-00,
2004-01-29-12.01.00,1/28/04,19610468,01,NI-RETIRED,1/2/25,SM-DISC-B58,581931563000,WT-RES,16168-WT-000,4491895213,150 E 9TH ST,FDL-15-17-14-32-319-00,
2004-01-30-12.01.00,1/29/04,19258253,03,NI-RETIRED,1/10/25,SM-DISC-B75,018023765800,WT-RES,35200-WT-000,2450557549,1587 HUNTER AVE,FDL-15-18-06-43-530-00,
2004-01-30-12.01.00,1/29/04,19261291,03,NI-RETIRED,1/24/25,SM-DISC-B58,113987106900,WT-RES,7710-WT-000,0628934702,264 GERTRUDE AVE,FDL-15-17-11-14-786-00,
2004-01-31-12.01.00,1/30/04,29472580,01,NI-RETIRED,1/22/26,SM-DISC-B58,781086464600,WT-RES,17170-WT-000,1655569856,614 8TH ST,FDL-15-17-14-41-005-00,
2004-02-05-12.02.00,2/4/04,19258271,01,NI-RETIRED,8/8/24,SM-DISC-B75,271411429100,WT-RES,28562-WT-000,5802595887,1183 COUNTY ROAD V,FDL-15-17-25-22-252-00,
2004-02-06-12.02.00,2/5/04,19258273,01,NI-RETIRED,8/13/24,SM-DISC-B75,505431245900,WT-RES,29866-WT-000,2096823472,1013 BUTTERMILK CREEK DR,FDL-15-17-23-34-770-00,
2004-02-10-12.02.00,2/9/04,19544196,02,NI-RETIRED,8/7/24,SM-DISC-B58,911071403800,WT-RES,10212-WT-000,3223246972,54 OAKLAWN AVE,FDL-15-17-11-34-765-00,
2004-02-10-12.02.00,2/9/04,19544197,02,NI-RETIRED,1/9/25,SM-DISC-B58,688937582600,WT-RES,10210-WT-000,9596650955,44 OAKLAWN AVE,FDL-15-17-11-34-764-00,
2004-02-10-12.02.00,2/9/04,19547098,01,NI-RETIRED,1/10/25,SM-DISC-B100,279888275200,WT-RES,26946-WT-000,6692895657,1037 SYCAMORE TREE DR,FDL-15-17-23-34-835-00,
2004-02-11-12.02.00,2/10/04,19610447,02,NI-RETIRED,5/20/25,SM-DISC-B58,164824959100,WT-RES,22682-WT-000,0060828216,625 PLEASURE PL,FDL-15-17-16-13-581-00,
2004-02-16-12.02.00,2/15/04,15987987,01,NI-RETIRED,8/8/24,SM-DISC-B75,234559098800,WT-RES,29852-WT-000,9018532504,963 BUTTERMILK CREEK DR,FDL-15-17-23-31-037-00,
2004-02-16-12.02.00,2/15/04,19258268,01,NI-RETIRED,1/9/25,SM-DISC-B75,108282343000,WT-RES,16932-WT-000,4766460895,379 E 13TH ST,FDL-15-17-14-34-818-00,
2004-02-16-12.02.00,2/15/04,19258269,03,NI-RETIRED,1/10/25,SM-DISC-B75,897125837900,WT-RES,36596-WT-000,0573861225,1107 SPRING LAKE DR,FDL-15-17-12-11-018-00,
2004-02-17-12.02.00,2/16/04,18391838,01,NI-RETIRED,8/13/24,SM-DISC-B75,763638120500,WT-RES,29870-WT-000,9555374659,1027 BUTTERMILK CREEK DR,FDL-15-17-23-34-768-00,
2004-02-19-12.02.00,2/18/04,19610466,01,NI-RETIRED,1/9/25,SM-DISC-B58,385978244800,WT-RES,15080-WT-000,1612153546,185 6TH ST,FDL-15-17-14-23-579-00,
2004-02-19-12.02.00,2/18/04,19610482,01,NI-RETIRED,2/25/25,SM-DISC-B58,484474589700,WT-RES,29186-WT-000,0968697828,183 6TH ST,FDL-15-17-14-23-579-00,
2004-02-20-12.02.00,2/19/04,19258272,01,NI-RETIRED,8/8/24,SM-DISC-B75,237464738100,WT-RES,29876-WT-000,4984382345,1057 BUTTERMILK CREEK DR,FDL-15-17-23-34-765-00,
2004-02-23-12.02.00,2/22/04,19608626,01,NI-RETIRED,8/8/24,SM-DISC-B75,284025607000,WT-RES,26888-WT-000,5118445027,979 HOLLY TREE LN,FDL-15-17-23-34-806-00,
2004-02-23-12.02.00,2/22/04,19608654,01,NI-RETIRED,8/8/24,SM-DISC-B75,816988577400,WT-RES,26906-WT-000,9390515578,1024 HOLLY TREE LN,FDL-15-17-23-34-815-00,
2004-02-24-12.02.00,2/23/04,17893282,02,NI-RETIRED,1/22/25,SM-DISC-B58,078576688700,WT-RES,2184-WT-000,8573604054,821 FOREST CIR,FDL-15-17-09-33-523-00,
2004-02-24-12.02.00,2/23/04,19258251,01,NI-RETIRED,2/25/25,SM-DISC-B75,376158474400,WT-RES,36548-WT-000,0519565588,18 SOUTHERN EDGE CT,FDL-15-17-26-22-253-00,
2004-02-24-12.02.00,2/23/04,19258252,01,NI-RETIRED,8/8/24,SM-DISC-B75,757326883800,WT-RES,36514-WT-000,7056594415,21 PARK CIR,FDL-15-17-26-21-087-00,
2004-02-24-12.02.00,2/23/04,19608613,01,NI-RETIRED,8/13/24,SM-DISC-B75,863540909000,WT-RES,26914-WT-000,7750094364,1048 HOLLY TREE LN,FDL-15-17-23-34-819-00,
2004-02-24-12.02.00,2/23/04,19608653,01,NI-RETIRED,8/8/24,SM-DISC-B75,952199773500,WT-RES,26910-WT-000,7856787219,1036 HOLLY TREE LN,FDL-15-17-23-34-817-00,
2004-02-24-12.02.00,2/23/04,19610465,02,NI-RETIRED,5/19/25,SM-DISC-B58,065546991100,WT-RES,3258-WT-000,7824934723,481 FOREST AVE,FDL-15-17-09-44-845-00,
2004-02-25-12.02.00,2/24/04,19608627,01,NI-RETIRED,8/8/24,SM-DISC-B75,034213632400,WT-RES,26894-WT-000,8172416746,976 HOLLY TREE LN,FDL-15-17-23-34-809-00,
2004-02-25-12.02.00,2/24/04,19608628,01,NI-RETIRED,8/8/24,SM-DISC-B75,379439944200,WT-RES,26606-WT-000,2177785147,960 HOLLY TREE LN,FDL-15-17-23-33-500-00,
2004-02-27-12.02.00,2/26/04,19608633,01,NI-RETIRED,8/8/24,SM-DISC-B75,185025946000,WT-RES,26896-WT-000,0314001528,984 HOLLY TREE LN,FDL-15-17-23-34-810-00,
2004-02-27-12.02.00,2/26/04,19610474,02,NI-RETIRED,1/22/25,SM-DISC-B58,659858818400,WT-RES,23212-WT-000,9583544733,75 S PIONEER PKY,FDL-15-17-16-22-275-00,
2004-03-01-12.03.00,2/29/04,19608616,01,NI-RETIRED,8/13/24,SM-DISC-B75,053929041400,WT-RES,26884-WT-000,7963112654,995 HOLLY TREE LN,FDL-15-17-23-34-804-00,
2004-03-01-12.03.00,2/29/04,19608617,01,NI-RETIRED,8/13/24,SM-DISC-B75,514740958700,WT-RES,27424-WT-000,5816908385,1001 CHURCHILL LN,FDL-15-17-23-44-750-00,
2004-03-01-12.03.00,2/29/04,19608619,01,NI-RETIRED,8/13/24,SM-DISC-B75,141796197600,WT-RES,26902-WT-000,1282241556,1008 HOLLY TREE LN,FDL-15-17-23-34-813-00,
2004-03-01-12.03.00,2/29/04,97921348,01,NI-RETIRED,8/13/24,SM-DISC-B58,901669279600,WT-RES,17146-WT-000,4505012339,302 15TH ST,FDL-15-17-14-34-925-00,
2004-03-03-12.03.00,3/2/04,19608614,03,NI-RETIRED,1/9/25,SM-DISC-B75,780662634800,WT-RES,11080-WT-000,5763994428,41 CAMBRIDGE CT,FDL-15-17-12-31-018-00,
2004-03-03-12.03.00,3/2/04,19608621,01,NI-RETIRED,8/13/24,SM-DISC-B75,771381591300,WT-RES,26920-WT-000,1517340078,1066 HOLLY TREE LN,FDL-15-17-23-34-822-00,
2004-03-03-12.03.00,3/2/04,19610470,02,NI-RETIRED,2/25/25,SM-DISC-B58,781696854500,WT-RES,22264-WT-000,8663132431,102 S PETERS AVE,FDL-15-17-16-12-267-00,
2004-03-03-12.03.00,3/2/04,19610473,01,NI-RETIRED,1/23/25,SM-DISC-B58,496099937400,WT-RES,21746-WT-000,7742301058,114 14TH ST,FDL-15-17-15-44-902-00,
2004-03-08-12.03.00,3/7/04,19608618,03,NI-RETIRED,1/9/25,SM-DISC-B75,741595142500,WT-RES,36694-WT-000,5441981313,1166 SPRING LAKE DR,FDL-15-17-12-11-032-00,
2004-03-08-12.03.00,3/7/04,19608629,01,NI-RETIRED,2/25/25,SM-DISC-B75,063547239800,WT-RES,29886-WT-000,8305895696,1072 BUTTERMILK CREEK DR,FDL-15-17-23-34-794-00,
2004-03-08-12.03.00,3/7/04,19608634,01,NI-RETIRED,8/13/24,SM-DISC-B75,993472571300,WT-RES,26878-WT-000,1085201145,1019 HOLLY TREE LN,FDL-15-17-23-34-801-00,
2004-03-08-12.03.00,3/7/04,19909919,01,NI-RETIRED,2/2/26,SM-DISC-B75,189221799900,WT-RES,12146-WT-000,3846932329,1034 PRIMROSE LN,FDL-15-17-13-31-047-00,
2004-03-09-12.03.00,3/8/04,19608623,01,NI-RETIRED,8/13/24,SM-DISC-B75,389918552100,WT-RES,26846-WT-000,5640817698,990 BIRCH TREE LN,FDL-15-17-23-34-785-00,
2004-03-09-12.03.00,3/8/04,19610464,01,NI-RETIRED,1/23/25,SM-DISC-B58,117686946900,WT-RES,24380-WT-000,5556907276,9 WOODLAND AVE,FDL-15-17-22-12-277-00,
2004-03-09-12.03.00,3/8/04,19610486,01,NI-RETIRED,1/9/25,SM-DISC-B58,979334639500,WT-RES,18502-WT-000,1818694320,87 5TH ST,FDL-15-17-15-14-761-00,
2004-03-10-12.03.00,3/9/04,19608624,01,NI-RETIRED,8/8/24,SM-DISC-B75,107313045200,WT-RES,26856-WT-000,4801331033,1032 BIRCH TREE LN,FDL-15-17-23-34-790-00,
2004-03-11-12.03.00,3/10/04,19610487,02,NI-RETIRED,1/9/25,SM-DISC-B58,747303586600,WT-RES,10958-WT-000,2933261540,41 S KAYSER ST,FDL-15-17-11-44-880-00,
2004-03-15-12.03.00,3/14/04,19608642,03,NI-RETIRED,2/2/26,SM-DISC-B75,673748012900,WT-RES,7048-WT-000,7455506570,360 N NATIONAL AVE,FDL-15-17-11-11-018-00,
2004-03-16-12.03.00,3/15/04,19258249,01,NI-RETIRED,8/8/24,SM-DISC-B75,693469409000,WT-RES,29892-WT-000,3023300690,1032 BUTTERMILK CREEK DR,FDL-15-17-23-34-776-00,
2004-03-17-12.03.00,3/16/04,19608620,01,NI-RETIRED,1/10/25,SM-DISC-B75,553312062700,WT-RES,29894-WT-000,5236138120,1022 BUTTERMILK CREEK DR,FDL-15-17-23-34-775-00,
2004-03-18-12.03.00,3/17/04,19608649,01,NI-RETIRED,8/13/24,SM-DISC-B75,910628947600,WT-RES,26420-WT-000,2787385596,335 HAWTHORNE DR,FDL-15-17-23-31-005-00,
2004-03-18-12.03.00,3/17/04,19608651,01,NI-RETIRED,8/8/24,SM-DISC-B75,712369470800,WT-RES,26418-WT-000,1738370902,343 HAWTHORNE DR,FDL-15-17-23-31-004-00,
2004-03-18-12.03.00,3/17/04,19608652,01,NI-RETIRED,1/9/25,SM-DISC-B75,481017096700,WT-RES,26848-WT-000,1259385587,998 BIRCH TREE LN,FDL-15-17-23-34-786-00,
2004-03-22-12.03.00,3/21/04,19608643,01,NI-RETIRED,8/13/24,SM-DISC-B75,953695421400,WT-RES,26840-WT-000,0328695718,995 BIRCH TREE LN,FDL-15-17-23-34-782-00,
2004-03-22-12.03.00,3/21/04,19608644,01,NI-RETIRED,8/13/24,SM-DISC-B75,250089800100,WT-RES,26430-WT-000,3680397833,295 HAWTHORNE DR,FDL-15-17-23-31-010-00,
2004-03-22-12.03.00,3/21/04,19608648,01,NI-RETIRED,8/13/24,SM-DISC-B75,563055152800,WT-RES,26452-WT-000,1427873158,935 BIRCH TREE LN,FDL-15-17-23-31-021-00,
2004-03-22-12.03.00,3/21/04,19610477,01,NI-RETIRED,1/22/25,SM-DISC-B58,961999477000,EX-RES,26840-EX-000,0328695718,995 BIRCH TREE LN,FDL-15-17-23-34-782-00,
2004-03-23-12.03.00,3/22/04,19258250,01,NI-RETIRED,1/9/25,SM-DISC-B75,817259418800,WT-RES,13224-WT-000,8801103038,515 DEWBERRY DR,FDL-15-17-13-44-832-00,
2004-03-23-12.03.00,3/22/04,19608650,03,NI-RETIRED,1/10/25,SM-DISC-B75,119468813200,WT-RES,36704-WT-000,4718621219,1106 SPRING LAKE DR,FDL-15-17-12-11-038-00,
2004-03-23-12.03.00,3/22/04,19608658,01,NI-RETIRED,8/8/24,SM-DISC-B75,891647925400,WT-RES,29900-WT-000,9581124450,1000 BUTTERMILK CREEK DR,FDL-15-17-23-34-772-00,
2004-03-23-12.03.00,3/22/04,19608660,01,NI-RETIRED,2/25/25,SM-DISC-B75,471286381200,WT-RES,27460-WT-000,6946850869,617 HAMPTON AVE,FDL-15-17-23-44-768-00,
2004-03-23-12.03.00,3/22/04,19610485,03,NI-RETIRED,1/23/25,SM-DISC-B58,392478557100,WT-RES,10556-WT-000,4122654005,100 MEADOWBROOK BLVD,FDL-15-17-11-41-058-00,
2004-03-23-12.03.00,3/22/04,97902879,01,NI-RETIRED,8/7/24,SM-DISC-B58,302423328000,EX-RES,27460-EX-000,6946850869,617 HAMPTON AVE,FDL-15-17-23-44-768-00,
2004-03-24-12.03.00,3/23/04,19262134,02,NI-RETIRED,8/7/24,SM-DISC-B100,707861981600,WT-COM,24876-WT-000,4727130488,99 W PIONEER RD,FDL-15-17-22-31-004-00,
2004-03-24-12.03.00,3/23/04,19547097,01,NI-RETIRED,8/7/24,SM-DISC-B100,922667982400,WT-RES,27532-WT-000,2832714575,590 WILLSHER DR,FDL-15-17-23-44-804-00,
2004-03-24-12.03.00,3/23/04,19608655,01,NI-RETIRED,8/8/24,SM-DISC-B75,282806040100,WT-RES,27538-WT-000,2780721632,626 HAMPTON AVE,FDL-15-17-23-44-807-00,
2004-03-24-12.03.00,3/23/04,19608657,01,NI-RETIRED,8/7/24,SM-DISC-B100,981756093400,EX-RES,27532-EX-000,2832714575,590 WILLSHER DR,FDL-15-17-23-44-804-00,
2004-03-24-12.03.00,3/23/04,19608659,01,NI-RETIRED,2/25/25,SM-DISC-B75,158546308800,WT-RES,27458-WT-000,0877126318,629 HAMPTON AVE,FDL-15-17-23-44-767-00,
2004-03-25-12.03.00,3/24/04,19610489,03,NI-RETIRED,1/24/25,SM-DISC-B58,176299280400,WT-RES,5130-WT-000,7552142035,166 W ARNDT ST,FDL-15-17-10-24-782-00,
2004-03-29-12.03.00,3/28/04,19608641,01,NI-RETIRED,8/13/24,SM-DISC-B75,327177767300,WT-RES,29994-WT-000,6039542926,553 ASHBURY DR,FDL-15-17-23-41-016-00,
2004-03-29-12.03.00,3/28/04,19608656,02,NI-RETIRED,1/9/25,SM-DISC-B75,061188093200,WT-RES,2928-WT-000,3375724434,608 THOMAS ST,FDL-15-17-09-43-522-00,
2004-03-29-12.03.00,3/28/04,19610498,03,NI-RETIRED,1/23/26,SM-DISC-B58,762065294000,WT-RES,282-WT-000,9326580248,191 WINNEBAGO DR,FDL-15-17-02-33-514-00,
2004-03-30-12.03.00,3/29/04,15802444,01,NI-RETIRED,1/22/25,SM-DISC-B58,887828091000,EX-RES,27098-EX-000,9176414514,972 CHURCHILL LN,FDL-15-17-23-41-038-00,
2004-03-30-12.03.00,3/29/04,16492230,01,NI-RETIRED,8/8/24,SM-DISC-B75,858269109300,WT-RES,27218-WT-000,4545954111,528 WINDSOR CT,FDL-15-17-23-42-302-01,
2004-03-30-12.03.00,3/29/04,19608645,01,NI-RETIRED,1/10/25,SM-DISC-B75,660344030000,WT-RES,27226-WT-000,9293164310,498 WINDSOR CT,FDL-15-17-23-42-306-00,
2004-03-30-12.03.00,3/29/04,19608665,01,NI-RETIRED,8/8/24,SM-DISC-B75,928217983200,WT-RES,29984-WT-000,9801116967,503 ASHBURY DR,FDL-15-17-23-42-311-00,
2004-03-30-12.03.00,3/29/04,19608666,01,NI-RETIRED,2/25/25,SM-DISC-B75,486859237300,WT-RES,29988-WT-000,8933814153,523 ASHBURY DR,FDL-15-17-23-42-313-00,
2004-03-30-12.03.00,3/29/04,19608667,01,NI-RETIRED,8/8/24,SM-DISC-B75,509247877500,WT-RES,27240-WT-000,0500928419,521 ASHBURY DR,FDL-15-17-23-42-313-00,
2004-03-30-12.03.00,3/29/04,19608689,01,NI-RETIRED,8/8/24,SM-DISC-B75,699052143900,WT-RES,27454-WT-000,8770252613,649 HAMPTON AVE,FDL-15-17-23-44-765-00,
2004-03-30-12.03.00,3/29/04,19608690,01,NI-RETIRED,8/13/24,SM-DISC-B75,921681959300,WT-RES,29890-WT-000,4844072412,1042 BUTTERMILK CREEK DR,FDL-15-17-23-34-777-00,
2004-03-30-12.03.00,3/29/04,19610494,01,NI-RETIRED,1/22/25,SM-DISC-B58,221306738600,WT-RES,24554-WT-000,6131768033,94 MARIA LN,FDL-15-17-22-14-758-00,
2004-03-31-12.03.00,3/30/04,19262138,01,NI-RETIRED,8/7/24,SM-DISC-B100,230851199700,WT-RES,27504-WT-000,7638125278,1042 BRIARWOOD LN,FDL-15-17-23-44-790-00,
2004-03-31-12.03.00,3/30/04,19608661,01,NI-RETIRED,8/13/24,SM-DISC-B75,931136649700,WT-RES,27228-WT-000,3393347687,933 WINDSOR AVE,FDL-15-17-23-42-307-00,
2004-03-31-12.03.00,3/30/04,19608662,01,NI-RETIRED,8/13/24,SM-DISC-B75,743259035000,WT-RES,26850-WT-000,7999167194,1004 BIRCH TREE LN,FDL-15-17-23-34-787-00,
2004-03-31-12.03.00,3/30/04,19608664,01,NI-RETIRED,8/8/24,SM-DISC-B75,621004164800,WT-RES,27496-WT-000,7825991947,1004 BRIARWOOD LN,FDL-15-17-23-44-786-00,
2004-03-31-12.03.00,3/30/04,19608669,01,NI-RETIRED,2/25/25,SM-DISC-B75,775977084900,WT-RES,26758-WT-000,7750187421,14 WOODVUE CT,FDL-15-17-23-33-584-00,
2004-03-31-12.03.00,3/30/04,19608670,01,NI-RETIRED,8/7/24,SM-DISC-B75,075613182400,WT-RES,27450-WT-000,6481175833,1038 DANBURY AVE,FDL-15-17-23-44-763-00,
2004-04-01-12.04.00,3/31/04,19608672,01,NI-RETIRED,1/10/25,SM-DISC-B75,174916051400,WT-RES,26844-WT-000,2532999633,982 BIRCH TREE LN,FDL-15-17-23-34-784-00,
2004-04-02-12.04.00,4/1/04,19610488,01,NI-RETIRED,2/25/25,SM-DISC-B58,350791360200,WT-RES,20804-WT-000,4740387333,389 SHERMAN ST,FDL-15-17-15-41-136-00,
2004-04-02-12.04.00,4/1/04,19610503,02,NI-RETIRED,8/7/24,SM-DISC-B58,317889182600,WT-RES,9524-WT-000,5667637455,64 ALGOMA ST,FDL-15-17-11-31-148-00,
2004-04-05-12.04.00,4/4/04,19258245,01,NI-RETIRED,1/9/25,SM-DISC-B75,379909463300,WT-RES,12150-WT-000,1370703061,417 AUSTIN LN,FDL-15-17-13-31-049-00,
2004-04-05-12.04.00,4/4/04,19258246,01,NI-RETIRED,1/9/25,SM-DISC-B75,243796107400,WT-RES,36946-WT-000,1153358937,419 AUSTIN LN,FDL-15-17-13-31-049-01,
2004-04-05-12.04.00,4/4/04,19262137,01,NI-RETIRED,7/25/24,SM-DISC-B100,408150118000,WT-RES,27480-WT-000,3197714648,1077 BRIARWOOD LN,FDL-15-17-23-44-778-00,
2004-04-05-12.04.00,4/4/04,19608679,02,NI-RETIRED,3/28/25,SM-DISC-B75,994434353800,WT-RES,3220-WT-000,7288081004,516 W DIVISION ST,FDL-15-17-09-44-826-00,
2004-04-05-12.04.00,4/4/04,19608681,01,NI-RETIRED,8/13/24,SM-DISC-B75,101075928900,WT-RES,27216-WT-000,2375294535,527 WINDSOR CT,FDL-15-17-23-42-301-00,
2004-04-05-12.04.00,4/4/04,19608682,01,NI-RETIRED,8/13/24,SM-DISC-B75,907036221100,WT-RES,27486-WT-000,4359731071,1043 BRIARWOOD LN,FDL-15-17-23-44-781-00,
2004-04-05-12.04.00,4/4/04,19608684,01,NI-RETIRED,8/8/24,SM-DISC-B75,406905253100,WT-RES,27278-WT-000,1847911446,503 WAKEFIELD AVE,FDL-15-17-23-43-511-00,
2004-04-05-12.04.00,4/4/04,19610504,01,NI-RETIRED,1/2/25,SM-DISC-B58,093342014300,WT-RES,15146-WT-000,9781862827,206 6TH ST,FDL-15-17-14-23-612-00,
2004-04-05-12.04.00,4/4/04,19610505,01,NI-RETIRED,8/7/24,SM-DISC-B58,543894718000,EX-RES,27480-EX-000,3197714648,1077 BRIARWOOD LN,FDL-15-17-23-44-778-00,
2004-04-06-12.04.00,4/5/04,19262140,01,NI-RETIRED,8/6/24,SM-DISC-B100,684320801400,WT-RES,27444-WT-000,8653777555,1037 DANBURY AVE,FDL-15-17-23-44-760-00,
2004-04-06-12.04.00,4/5/04,19608677,01,NI-RETIRED,8/8/24,SM-DISC-B75,962170937200,WT-RES,27236-WT-000,4396972156,501 ASHBURY DR,FDL-15-17-23-42-311-00,
2004-04-06-12.04.00,4/5/04,19608678,01,NI-RETIRED,8/8/24,SM-DISC-B75,618099297300,WT-RES,26426-WT-000,7950927667,311 HAWTHORNE DR,FDL-15-17-23-31-008-00,
2004-04-06-12.04.00,4/5/04,19610513,02,NI-RETIRED,5/12/25,SM-DISC-B58,861996513500,WT-RES,19124-WT-000,6834211012,180 MARY'S AVE,FDL-15-17-15-22-296-00,
2004-04-07-12.04.00,4/6/04,19262133,01,NI-RETIRED,7/25/24,SM-DISC-B100,937240744700,WT-RES,27060-WT-000,6955429881,558 ASHBURY DR,FDL-15-17-23-41-020-00,
2004-04-07-12.04.00,4/6/04,19608674,01,NI-RETIRED,1/9/25,SM-DISC-B75,184150303200,WT-RES,13214-WT-000,9400974508,559 DEWBERRY DR,FDL-15-17-13-44-827-00,
2004-04-07-12.04.00,4/6/04,19608675,01,NI-RETIRED,1/9/25,SM-DISC-B75,768185367900,WT-RES,13244-WT-000,2820226187,476 DEWBERRY DR,FDL-15-17-13-44-842-00,
2004-04-07-12.04.00,4/6/04,19608683,01,NI-RETIRED,8/8/24,SM-DISC-B75,007401726000,WT-RES,27244-WT-000,1372926538,983 ASHBURY CT,FDL-15-17-23-42-315-00,
2004-04-07-12.04.00,4/6/04,19610500,02,NI-RETIRED,1/22/25,SM-DISC-B58,793720407400,WT-RES,2208-WT-000,6660860817,830 FOREST CIR,FDL-15-17-09-33-535-00,
2004-04-07-12.04.00,4/6/04,19610506,01,NI-RETIRED,1/22/25,SM-DISC-B58,397692947700,EX-RES,27244-EX-000,1372926538,983 ASHBURY CT,FDL-15-17-23-42-315-00,
2004-04-07-12.04.00,4/6/04,19610518,01,NI-RETIRED,2/25/25,SM-DISC-B58,438462340600,WT-RES,16340-WT-000,5316065310,401 ELLIS ST,FDL-15-17-14-32-405-00,
2004-04-08-12.04.00,4/7/04,19608671,01,NI-RETIRED,2/25/25,SM-DISC-B75,680256141700,WT-RES,27442-WT-000,6713894709,1015 DANBURY AVE,FDL-15-17-23-44-759-00,
2004-04-12-12.04.00,4/11/04,19262144,01,NI-RETIRED,8/6/24,SM-DISC-B100,820622309200,WT-RES,27056-WT-000,9192042096,994 BRIARWOOD LN,FDL-15-17-23-41-018-00,
2004-04-12-12.04.00,4/11/04,19608687,01,NI-RETIRED,8/13/24,SM-DISC-B75,353170541400,WT-RES,27344-WT-000,0741649367,479 WILLSHER DR,FDL-15-17-23-43-544-00,
2004-04-12-12.04.00,4/11/04,19610517,03,NI-RETIRED,2/25/25,SM-DISC-B58,447204454300,WT-RES,8202-WT-000,7458468332,290 E MC WILLIAMS ST,FDL-15-17-11-21-149-00,
2004-04-14-12.04.00,4/13/04,19608696,03,NI-RETIRED,1/9/25,SM-DISC-B75,740226919700,WT-RES,530-WT-000,1814040693,116 AURORA LN,FDL-15-17-02-41-151-00,
2004-04-14-12.04.00,4/13/04,19610491,01,NI-RETIRED,1/9/25,SM-DISC-B58,856829235800,WT-RES,13860-WT-000,0877327251,522 5TH ST,FDL-15-17-14-13-568-00,
2004-04-14-12.04.00,4/13/04,19610492,01,NI-RETIRED,8/13/24,SM-DISC-B58,807662915600,WT-RES,16786-WT-000,9430671822,254 15TH ST,FDL-15-17-14-33-670-00,
2004-04-14-12.04.00,4/13/04,19610515,01,NI-RETIRED,1/22/25,SM-DISC-B58,017018171700,WT-RES,17144-WT-000,7789303654,308 15TH ST,FDL-15-17-14-34-924-00,
2004-04-15-12.04.00,4/14/04,19608692,01,NI-RETIRED,8/13/24,SM-DISC-B75,325053076200,WT-RES,40938-WT-000,1576889590,541 ASHBURY DR LOWER,FDL-15-17-23-41-015-00,
2004-04-15-12.04.00,4/14/04,19608694,01,NI-RETIRED,8/8/24,SM-DISC-B75,477552704300,WT-RES,27482-WT-000,4795677254,1065 BRIARWOOD LN,FDL-15-17-23-44-779-00,
2004-04-15-12.04.00,4/14/04,19608695,03,NI-RETIRED,1/9/25,SM-DISC-B75,690428848900,WT-COM,32488-WT-000,3939902281,223 E SCOTT ST,FDL-15-17-02-33-535-01,
2004-04-15-12.04.00,4/14/04,19610522,02,NI-RETIRED,8/7/24,SM-DISC-B58,125633872300,WT-RES,11330-WT-000,5543523229,763 MEADOWBROOK LN,FDL-15-17-12-33-505-00,
2004-04-15-12.04.00,4/14/04,19610523,03,NI-RETIRED,2/25/25,SM-DISC-B58,151614616200,WT-RES,412-WT-000,5151971791,485 ROOSEVELT ST,FDL-15-17-02-34-784-00,
2004-04-16-12.04.00,4/15/04,19610507,01,NI-RETIRED,8/15/24,SM-DISC-B58,970103822900,WT-RES,21736-WT-000,3987046432,94 14TH ST,FDL-15-17-15-44-897-00,
2004-04-16-12.04.00,4/15/04,19610511,01,NI-RETIRED,1/9/25,SM-DISC-B58,034516803600,WT-RES,15870-WT-000,6590179716,312 E 10TH ST,FDL-15-17-14-31-107-00,
2004-04-19-12.04.00,4/18/04,19258244,01,NI-RETIRED,8/8/24,SM-DISC-B75,550309995800,WT-RES,36528-WT-000,1417095119,1208 S PARK AVE,FDL-15-17-26-21-094-00,
2004-04-19-12.04.00,4/18/04,19258247,01,NI-RETIRED,8/8/24,SM-DISC-B75,403794453200,WT-RES,35864-WT-000,7821173785,462 T-BIRD DR,FDL-15-17-26-12-335-00,
2004-04-19-12.04.00,4/18/04,19258267,01,NI-RETIRED,8/8/24,SM-DISC-B75,285787421300,EX-RES,35864-EX-000,7821173785,462 T-BIRD DR,FDL-15-17-26-12-335-00,
2004-04-19-12.04.00,4/18/04,29130781,01,NI-RETIRED,8/13/24,SM-DISC-B75,422406258100,WT-RES,29908-WT-000,2676201673,968 BUTTERMILK CREEK DR,FDL-15-17-23-31-029-00,
2004-04-20-12.04.00,4/19/04,19262124,01,NI-RETIRED,8/7/24,SM-DISC-B100,744264547700,WT-RES,27494-WT-000,3918506370,1005 BRIARWOOD LN,FDL-15-17-23-44-785-00,
2004-04-20-12.04.00,4/19/04,19610520,01,NI-RETIRED,1/9/25,SM-DISC-B58,123205127600,WT-RES,25176-WT-000,0605547949,105 WAKAWN AVE,FDL-15-17-23-12-256-00,
2004-04-20-12.04.00,4/19/04,19610533,03,NI-RETIRED,1/23/26,SM-DISC-B58,184941894800,WT-RES,8328-WT-000,9018368829,257 BISCHOFF ST,FDL-15-17-11-22-295-00,
2004-04-20-12.04.00,4/19/04,19610537,01,NI-RETIRED,8/7/24,SM-DISC-B58,425959566400,EX-RES,27494-EX-000,3918506370,1005 BRIARWOOD LN,FDL-15-17-23-44-785-00,
2004-04-21-12.04.00,4/20/04,19610512,01,NI-RETIRED,1/9/25,SM-DISC-B58,364051703400,WT-RES,15126-WT-000,2818507666,250 6TH ST,FDL-15-17-14-23-602-00,
2004-04-21-12.04.00,4/20/04,19610527,03,NI-RETIRED,1/9/25,SM-DISC-B58,083689403600,WT-RES,8334-WT-000,2043819076,266 BISCHOFF ST,FDL-15-17-11-22-298-00,
2004-04-21-12.04.00,4/20/04,19610535,02,NI-RETIRED,8/7/24,SM-DISC-B58,183966275600,WT-RES,23250-WT-000,0026842890,802 BRAGG ST,FDL-15-17-16-22-294-00,
2004-04-21-12.04.00,4/20/04,19610536,01,NI-RETIRED,1/22/25,SM-DISC-B58,296973050900,EX-RES,27462-EX-000,0494304746,605 HAMPTON AVE,FDL-15-17-23-44-769-00,
2004-04-21-12.04.00,4/20/04,19610538,02,NI-RETIRED,1/23/25,SM-DISC-B58,943322371900,WT-RES,2242-WT-000,1751695668,41 N PIONEER PKY,FDL-15-17-09-33-552-00,
2004-04-21-12.04.00,4/20/04,29130779,01,NI-RETIRED,2/25/25,SM-DISC-B75,406285734200,WT-RES,27100-WT-000,7093722245,962 CHURCHILL LN,FDL-15-17-23-41-039-00,
2004-04-21-12.04.00,4/20/04,29130780,01,NI-RETIRED,8/8/24,SM-DISC-B75,834969303600,WT-RES,27462-WT-000,0494304746,605 HAMPTON AVE,FDL-15-17-23-44-769-00,
2004-04-22-12.04.00,4/21/04,19610530,01,NI-RETIRED,2/25/25,SM-DISC-B58,910725698900,WT-RES,15814-WT-000,1977048319,341 E 10TH ST,FDL-15-17-14-31-079-00,
2004-04-22-12.04.00,4/21/04,19610539,01,NI-RETIRED,1/22/25,SM-DISC-B58,571264388200,WT-RES,24302-WT-000,9489755761,107 MARIA LN,FDL-15-17-22-11-096-00,
2004-04-22-12.04.00,4/21/04,19610542,01,NI-RETIRED,1/23/25,SM-DISC-B58,038952092500,WT-RES,24636-WT-000,8421512760,96 GUINDON BLVD,FDL-15-17-22-14-798-00,
2004-04-22-12.04.00,4/21/04,29130777,01,NI-RETIRED,8/13/24,SM-DISC-B75,226754902300,WT-RES,27306-WT-000,5040859457,474 WAKEFIELD AVE,FDL-15-17-23-43-525-00,
2004-04-23-12.04.00,4/22/04,19610545,02,NI-RETIRED,4/11/25,SM-DISC-B58,169658472000,WT-RES,22872-WT-000,7987087812,255 S SEYMOUR ST,FDL-15-17-16-14-781-00,
2004-04-23-12.04.00,4/22/04,19610546,01,NI-RETIRED,1/9/25,SM-DISC-B58,994323984400,WT-RES,17252-WT-000,1119407369,560 E 9TH ST,FDL-15-17-14-41-046-00,
2004-04-23-12.04.00,4/22/04,19814713,01,NI-RETIRED,8/13/24,SM-DISC-B58,668918495300,WT-RES,26294-WT-000,1667817198,781 STERLING DR,FDL-15-17-23-24-788-00,
2004-04-26-12.04.00,4/25/04,19262141,01,NI-RETIRED,8/6/24,SM-DISC-B100,346657780200,WT-COM,36418-WT-000,7049972859,555 FOND DU LAC AVE,FDL-15-17-14-44-753-00,
2004-04-26-12.04.00,4/25/04,19610525,02,NI-RETIRED,1/23/25,SM-DISC-B58,503246298200,WT-RES,2724-WT-000,2547875797,90 N BELL ST,FDL-15-17-09-41-121-00,
2004-04-26-12.04.00,4/25/04,19610543,02,NI-RETIRED,1/23/25,SM-DISC-B58,798536261000,WT-RES,2250-WT-000,1921984291,62 N PIONEER PKY,FDL-15-17-09-33-556-00,
2004-04-26-12.04.00,4/25/04,19814736,02,NI-RETIRED,1/23/25,SM-DISC-B58,747519810500,WT-RES,31626-WT-000,9162135828,64 N PIONEER PKY,FDL-15-17-09-33-556-00,
2004-04-26-12.04.00,4/25/04,19814739,02,NI-RETIRED,1/23/25,SM-DISC-B58,576635493900,WT-RES,31664-WT-000,8767470019,73 N ST. JOSEPH'S LN,FDL-15-17-09-43-551-00,
2004-04-27-12.04.00,4/26/04,19608698,01,NI-RETIRED,8/8/24,SM-DISC-B75,394245408800,WT-RES,27284-WT-000,2265215003,535 WAKEFIELD AVE,FDL-15-17-23-43-514-00,
2004-04-27-12.04.00,4/26/04,19608700,01,NI-RETIRED,1/10/25,SM-DISC-B75,485253913200,WT-RES,27198-WT-000,5739821135,956 WINDSOR AVE,FDL-15-17-23-42-292-00,
2004-04-27-12.04.00,4/26/04,19610524,02,NI-RETIRED,8/7/24,SM-DISC-B58,229767648500,WT-RES,14630-WT-000,0265017640,231 E 1ST ST,FDL-15-17-14-22-293-00,
2004-04-27-12.04.00,4/26/04,19610528,01,NI-RETIRED,1/22/25,SM-DISC-B58,441581541800,WT-RES,25804-WT-000,4674712981,395 MAONA AVE,FDL-15-17-23-21-137-00,
2004-04-27-12.04.00,4/26/04,19610534,02,NI-RETIRED,8/7/24,SM-DISC-B58,291845213400,WT-RES,31230-WT-000,9700125271,233 E 1ST ST,FDL-15-17-14-22-293-00,
2004-04-27-12.04.00,4/26/04,19610540,03,NI-RETIRED,1/23/25,SM-DISC-B58,922363677500,WT-RES,4162-WT-000,1233608925,110 W ARNDT ST,FDL-15-17-10-13-591-00,
2004-04-27-12.04.00,4/26/04,19610541,03,NI-RETIRED,2/25/25,SM-DISC-B58,723757242400,WT-RES,5174-WT-000,8593977363,226 N BROOKE ST,FDL-15-17-10-24-804-00,
2004-04-27-12.04.00,4/26/04,19814716,02,NI-RETIRED,4/14/25,SM-DISC-B58,566790241200,WT-RES,19224-WT-000,9351828352,380 WESTERN AVE,FDL-15-17-15-23-519-00,
2004-04-27-12.04.00,4/26/04,19814720,03,NI-RETIRED,1/19/26,SM-DISC-B58,044297272900,WT-RES,378-WT-000,5234721818,293 E SCOTT ST,FDL-15-17-02-34-767-00,
2004-04-27-12.04.00,4/26/04,19814721,01,NI-RETIRED,8/15/24,SM-DISC-B58,201976343600,WT-RES,25306-WT-000,7799988022,797 MEQUON AVE,FDL-15-17-23-13-508-00,
2004-04-27-12.04.00,4/26/04,19814722,02,NI-RETIRED,5/19/25,SM-DISC-B58,597862958600,WT-RES,19166-WT-000,1201581804,347 WESTERN AVE,FDL-15-17-15-22-317-00,
2004-04-27-12.04.00,4/26/04,19814723,03,NI-RETIRED,1/9/25,SM-DISC-B58,810301544100,WT-RES,740-WT-000,0170923699,461 E SCOTT ST,FDL-15-17-02-43-547-00,
2004-04-27-12.04.00,4/26/04,19814881,02,NI-RETIRED,5/20/25,SM-DISC-B58,541725617900,WT-RES,19156-WT-000,9498770271,381 WESTERN AVE,FDL-15-17-15-22-312-00,
2004-04-27-12.04.00,4/26/04,29103981,01,NI-RETIRED,8/8/24,SM-DISC-B75,249665332600,WT-RES,27052-WT-000,7471690304,551 ASHBURY DR,FDL-15-17-23-41-016-00,
2004-04-28-12.04.00,4/27/04,19610499,03,NI-RETIRED,4/19/24,SM-DISC-B58,038592498200,WT-RES,9726-WT-000,1247267620,257 LEDGEVIEW AVE,FDL-15-17-11-32-349-00,
2004-04-28-12.04.00,4/27/04,19814718,01,NI-RETIRED,2/25/25,SM-DISC-B58,561586465700,WT-RES,24294-WT-000,2414022569,135 MARIA LN,FDL-15-17-22-11-092-00,
2004-04-28-12.04.00,4/27/04,19814844,02,NI-RETIRED,4/11/25,SM-DISC-B58,371498452100,WT-RES,3352-WT-000,2723421923,32 S HICKORY ST,FDL-15-17-09-44-892-00,
2004-04-28-12.04.00,4/27/04,19814846,01,NI-RETIRED,1/22/25,SM-DISC-B58,489295048700,WT-RES,24292-WT-000,3684330019,143 MARIA LN,FDL-15-17-22-11-091-00,
2004-04-29-12.04.00,4/28/04,19608699,01,NI-RETIRED,2/25/25,SM-DISC-B75,104048882600,WT-RES,27514-WT-000,1279014691,561 WAKEFIELD AVE,FDL-15-17-23-44-795-00,
2004-04-29-12.04.00,4/28/04,19814880,01,NI-RETIRED,1/24/25,SM-DISC-B58,261567680900,WT-RES,24634-WT-000,9004022666,104 GUINDON BLVD,FDL-15-17-22-14-797-00,
2004-04-29-12.04.00,4/28/04,19814882,01,NI-RETIRED,1/23/25,SM-DISC-B58,727824664600,WT-RES,24578-WT-000,7575704023,65 GUINDON BLVD,FDL-15-17-22-14-770-01,
2004-04-29-12.04.00,4/28/04,19814885,02,NI-RETIRED,1/23/25,SM-DISC-B58,709465065500,WT-RES,2890-WT-000,5765049066,551 THOMAS ST,FDL-15-17-09-43-503-00,
2004-04-30-12.04.00,4/29/04,19608697,01,NI-RETIRED,1/9/25,SM-DISC-B75,100345439600,WT-RES,13248-WT-000,3238018540,490 DEWBERRY DR,FDL-15-17-13-44-844-00,
2004-04-30-12.04.00,4/29/04,19610493,02,NI-RETIRED,1/22/25,SM-DISC-B58,938008932500,WT-RES,10296-WT-000,0477983796,55 CHAMPION AVE,FDL-15-17-11-34-807-00,
2004-04-30-12.04.00,4/29/04,19610496,01,NI-RETIRED,1/23/25,SM-DISC-B58,495797423400,WT-RES,21360-WT-000,9613437453,34 W 13TH ST,FDL-15-17-15-43-619-00,
2004-05-03-12.05.00,5/2/04,19610516,02,NI-RETIRED,4/21/25,SM-DISC-B58,675268302400,WT-RES,22632-WT-000,8769476878,290 MUENTER AVE,FDL-15-17-16-13-556-00,
2004-05-03-12.05.00,5/2/04,19814730,03,NI-RETIRED,1/23/25,SM-DISC-B58,610272066900,EX-RES,4762-EX-000,3036652840,416 MILL ST,FDL-15-17-10-22-267-00,
2004-05-03-12.05.00,5/2/04,19814740,03,NI-RETIRED,1/23/25,SM-DISC-B58,846449143500,WT-RES,4762-WT-000,3036652840,416 MILL ST,FDL-15-17-10-22-267-00,
2004-05-04-12.05.00,5/3/04,19608703,01,NI-RETIRED,8/13/24,SM-DISC-B75,598285006300,WT-RES,27352-WT-000,2652184090,519 WILLSHER DR,FDL-15-17-23-43-548-00,
2004-05-04-12.05.00,5/3/04,19608704,01,NI-RETIRED,1/9/25,SM-DISC-B75,113746434700,WT-RES,13228-WT-000,0912427918,499 DEWBERRY DR,FDL-15-17-13-44-834-00,
2004-05-04-12.05.00,5/3/04,19814811,02,NI-RETIRED,1/23/25,SM-DISC-B58,134210519700,WT-RES,10882-WT-000,5206772560,587 GILLETT ST,FDL-15-17-11-44-842-00,
2004-05-04-12.05.00,5/3/04,19814919,01,NI-RETIRED,8/13/24,SM-DISC-B58,245421425300,WT-RES,25304-WT-000,7500824165,809 MEQUON AVE,FDL-15-17-23-13-507-00,
2004-05-04-12.05.00,5/3/04,19814921,01,NI-RETIRED,1/22/26,SM-DISC-B58,964439756500,WT-RES,13954-WT-000,6598992665,423 8TH ST,FDL-15-17-14-13-617-00,
2004-05-05-12.05.00,5/4/04,19610439,01,NI-RETIRED,8/7/24,SM-DISC-B58,792693192500,WT-RES,16758-WT-000,4396728165,579 ELLIS ST,FDL-15-17-14-33-656-00,
2004-05-05-12.05.00,5/4/04,19814734,01,NI-RETIRED,1/22/25,SM-DISC-B58,595551331500,WT-RES,25820-WT-000,2032152005,614 VINE ST,FDL-15-17-23-22-251-00,
2004-05-05-12.05.00,5/4/04,19814772,01,NI-RETIRED,8/15/24,SM-DISC-B58,045080605800,WT-RES,26276-WT-000,5315273221,701 STERLING DR,FDL-15-17-23-24-779-00,
2004-05-05-12.05.00,5/4/04,19814813,01,NI-RETIRED,1/22/25,SM-DISC-B58,418362041600,WT-RES,16534-WT-000,0152287644,162 E 11TH ST,FDL-15-17-14-33-544-00,
2004-05-06-12.05.00,5/5/04,19608701,03,NI-RETIRED,1/10/25,SM-DISC-B75,904633947000,WT-RES,10554-WT-000,0093108086,591 E MERRILL AVE,FDL-15-17-11-41-057-00,
2004-05-06-12.05.00,5/5/04,19814724,02,NI-RETIRED,4/14/25,SM-DISC-B58,584171775400,WT-RES,30550-WT-000,2528138428,370 WESTERN AVE 10,FDL-15-17-15-23-518-00,
2004-05-06-12.05.00,5/5/04,19814725,02,NI-RETIRED,4/14/25,SM-DISC-B58,526392318100,WT-RES,19222-WT-000,7755093463,370 WESTERN AVE,FDL-15-17-15-23-518-00,
2004-05-06-12.05.00,5/5/04,19814726,02,NI-RETIRED,4/21/25,SM-DISC-B58,458510534200,WT-RES,30548-WT-000,9588889134,370 WESTERN AVE 5,FDL-15-17-15-23-518-00,
2004-05-06-12.05.00,5/5/04,19814727,02,NI-RETIRED,4/21/25,SM-DISC-B58,701169788500,WT-RES,30552-WT-000,0554321292,370 WESTERN AVE 6,FDL-15-17-15-23-518-00,
2004-05-06-12.05.00,5/5/04,19814732,02,NI-RETIRED,2/25/25,SM-DISC-B58,596286908900,WT-RES,13986-WT-000,8379710096,576 EASTWOOD CT,FDL-15-17-14-14-765-00,
2004-05-06-12.05.00,5/5/04,19814735,02,NI-RETIRED,1/23/25,SM-DISC-B58,593242464300,WT-RES,13988-WT-000,1790425030,584 EASTWOOD CT,FDL-15-17-14-14-766-00,
2004-05-06-12.05.00,5/5/04,19814773,02,NI-RETIRED,4/21/25,SM-DISC-B58,263350059300,WT-RES,30556-WT-000,7990159323,370 WESTERN AVE 7,FDL-15-17-15-23-518-00,
2004-05-06-12.05.00,5/5/04,19814775,02,NI-RETIRED,4/14/25,SM-DISC-B58,907868233400,WT-RES,30558-WT-000,2934923102,370 WESTERN AVE 2,FDL-15-17-15-23-518-00,
2004-05-06-12.05.00,5/5/04,19814776,03,NI-RETIRED,1/23/26,SM-DISC-B58,168027744600,WT-RES,8042-WT-000,1892014392,280 BISCHOFF ST,FDL-15-17-11-21-069-00,
2004-05-06-12.05.00,5/5/04,19814810,02,NI-RETIRED,4/14/25,SM-DISC-B58,819125979100,WT-RES,30554-WT-000,5849017891,370 WESTERN AVE 1,FDL-15-17-15-23-518-00,
2004-05-07-12.05.00,5/6/04,19610526,01,NI-RETIRED,1/2/25,SM-DISC-B58,134173083000,WT-RES,16268-WT-000,0182199723,407 S PARK AVE,FDL-15-17-14-32-369-00,
2004-05-07-12.05.00,5/6/04,19610532,02,NI-RETIRED,2/25/25,SM-DISC-B58,273504534400,WT-RES,13978-WT-000,6807438284,593 EASTWOOD CT,FDL-15-17-14-14-761-00,
2004-05-07-12.05.00,5/6/04,19814920,01,NI-RETIRED,1/22/25,SM-DISC-B58,780550809200,WT-RES,25706-WT-000,1385590805,663 BRUCE ST,FDL-15-17-23-21-088-00,
2004-05-07-12.05.00,5/6/04,29130775,01,NI-RETIRED,8/8/24,SM-DISC-B75,337353346300,WT-RES,35790-WT-000,4080954903,225 YACOUB LN,FDL-15-17-26-24-752-00,
2004-05-10-12.05.00,5/9/04,19610435,02,NI-RETIRED,8/11/25,SM-DISC-B58,250826996600,WT-RES,20476-WT-000,6152537242,156 W 12TH ST,FDL-15-17-15-34-805-00,
2004-05-11-12.05.00,5/10/04,16476223,01,NI-RETIRED,1/22/25,SM-DISC-B58,421502585500,WT-RES,21830-WT-000,9092812511,62 15TH ST,FDL-15-17-15-44-944-00,
2004-05-11-12.05.00,5/10/04,19544191,02,NI-RETIRED,5/19/25,SM-DISC-B58,711500083500,WT-RES,22224-WT-000,8384518409,425 WESTERN AVE,FDL-15-17-16-11-176-00,
2004-05-11-12.05.00,5/10/04,19610440,02,NI-RETIRED,5/19/25,SM-DISC-B58,528507684000,EX-RES,22224-EX-000,8384518409,425 WESTERN AVE,FDL-15-17-16-11-176-00,
2004-05-12-12.05.00,5/11/04,29130783,01,NI-RETIRED,8/7/24,SM-DISC-B75,027087740800,WT-RES,36652-WT-000,6541368659,1324 S PARK AVE,FDL-15-17-26-24-759-00,
2004-05-12-12.05.00,5/11/04,29130785,01,NI-RETIRED,8/8/24,SM-DISC-B75,529259921300,WT-RES,36580-WT-000,5806269641,1320 S PARK AVE,FDL-15-17-26-24-759-00,
2004-05-13-12.05.00,5/12/04,19814883,01,NI-RETIRED,1/9/25,SM-DISC-B58,618595347700,WT-RES,18806-WT-000,5380227936,87 8TH ST,FDL-15-17-15-14-914-00,
2004-05-14-12.05.00,5/13/04,29103980,02,NI-RETIRED,5/28/25,SM-DISC-B75,259732394600,WT-RES,30658-WT-000,2551901616,459 MORRIS ST,FDL-15-17-15-31-098-00,
2004-05-14-12.05.00,5/13/04,29130778,02,NI-RETIRED,5/22/25,SM-DISC-B75,782384113000,WT-RES,19834-WT-000,3895570904,457 MORRIS ST,FDL-15-17-15-31-098-00,
2004-05-17-12.05.00,5/16/04,19262146,02,NI-RETIRED,8/7/24,SM-DISC-B100,804037964600,WT-RES,19154-WT-000,9417434250,387 WESTERN AVE,FDL-15-17-15-22-311-00,
2004-05-17-12.05.00,5/16/04,29102344,01,NI-RETIRED,1/23/25,SM-DISC-B58,615073803400,WT-RES,24542-WT-000,3934469784,136 MARIA LN,FDL-15-17-22-14-752-00,
2004-05-17-12.05.00,5/16/04,29102420,02,NI-RETIRED,5/20/25,SM-DISC-B58,323850238800,WT-RES,22298-WT-000,9658503911,565 EMMA ST,FDL-15-17-16-12-285-00,
2004-05-18-12.05.00,5/17/04,19814916,02,NI-RETIRED,2/25/25,SM-DISC-B58,419130390200,WT-RES,2844-WT-000,5112686651,551 NEWPORT AVE,FDL-15-17-09-42-302-00,
2004-05-18-12.05.00,5/17/04,29102347,02,NI-RETIRED,5/20/25,SM-DISC-B58,880580294900,WT-RES,22446-WT-000,1172825705,614 RUGGLES ST,FDL-15-17-16-12-359-00,
2004-05-18-12.05.00,5/17/04,29102348,02,NI-RETIRED,5/12/25,SM-DISC-B58,294160394500,WT-RES,22444-WT-000,7436117609,610 RUGGLES ST,FDL-15-17-16-12-358-00,
2004-05-18-12.05.00,5/17/04,29103976,03,NI-RETIRED,2/25/25,SM-DISC-B75,636397515400,WT-COM,36996-WT-000,4830754446,311 WINNEBAGO DR DOLAR,FDL-15-17-02-34-757-00,
2004-05-18-12.05.00,5/17/04,29103979,03,NI-RETIRED,2/25/25,SM-DISC-B75,866096966700,WT-COM,37000-WT-000,4334768049,325 WINNEBAGO DR DANCE,FDL-15-17-02-34-757-00,
2004-05-18-12.05.00,5/17/04,29130786,03,NI-RETIRED,2/25/25,SM-DISC-B75,601343620600,WT-COM,36998-WT-000,1769670702,319 WINNEBAGO DR FLOOR,FDL-15-17-02-34-757-00,
2004-05-19-12.05.00,5/18/04,29102400,02,NI-RETIRED,4/11/25,SM-DISC-B58,560082191400,WT-RES,22398-WT-000,0149069300,609 RUGGLES ST,FDL-15-17-16-12-335-00,
2004-05-19-12.05.00,5/18/04,29102402,02,NI-RETIRED,5/19/25,SM-DISC-B58,887538482100,WT-RES,22400-WT-000,5021395604,603 RUGGLES ST,FDL-15-17-16-12-336-00,
2004-05-20-12.05.00,5/19/04,19814729,02,NI-RETIRED,8/7/24,SM-DISC-B58,099098778400,WT-RES,14662-WT-000,3800426009,228 E 1ST ST,FDL-15-17-14-22-309-00,
2004-05-20-12.05.00,5/19/04,29102349,02,NI-RETIRED,1/23/25,SM-DISC-B58,738235873300,WT-RES,2282-WT-000,9877333330,8 S PIONEER PKY,FDL-15-17-09-33-572-00,
2004-05-20-12.05.00,5/19/04,29102401,02,NI-RETIRED,2/25/25,SM-DISC-B58,670346142800,WT-RES,2238-WT-000,2030260123,23 N PIONEER PKY,FDL-15-17-09-33-550-00,
2004-05-20-12.05.00,5/19/04,29102408,02,NI-RETIRED,8/7/24,SM-DISC-B58,961746450900,WT-RES,13468-WT-000,5333329761,141 WOODWARD ST,FDL-15-17-14-11-092-00,
2004-05-20-12.05.00,5/19/04,29102418,02,NI-RETIRED,5/16/25,SM-DISC-B58,840561744100,WT-RES,22082-WT-000,1926961248,507 RUGGLES ST,FDL-15-17-16-11-105-00,
2004-05-20-12.05.00,5/19/04,29103985,01,NI-RETIRED,1/10/25,SM-DISC-B75,110787808100,WT-RES,24558-WT-000,0127183336,80 MARIA LN,FDL-15-17-22-14-760-00,
2004-05-21-12.05.00,5/20/04,29102421,01,NI-RETIRED,1/2/25,SM-DISC-B58,644634255900,WT-RES,20734-WT-000,1899374809,417 GRANT ST,FDL-15-17-15-41-101-00,
2004-05-21-12.05.00,5/20/04,29102423,01,NI-RETIRED,1/9/25,SM-DISC-B58,552390547700,WT-RES,29316-WT-000,4889087588,419 GRANT ST,FDL-15-17-15-41-101-00,
2004-05-24-12.05.00,5/23/04,29102424,02,NI-RETIRED,1/23/25,SM-DISC-B58,427399883500,WT-RES,14298-WT-000,6150941457,290 E 1ST ST,FDL-15-17-14-21-069-00,
2004-05-24-12.05.00,5/23/04,29102425,02,NI-RETIRED,1/23/25,SM-DISC-B58,287329786300,WT-RES,31670-WT-000,2664597914,49 N ST. JOSEPH'S LN,FDL-15-17-09-34-779-00,
2004-05-24-12.05.00,5/23/04,29102427,02,NI-RETIRED,8/7/24,SM-DISC-B58,768816729700,WT-RES,14658-WT-000,8256091107,240 E 1ST ST,FDL-15-17-14-22-307-00,
2004-05-24-12.05.00,5/23/04,29102432,03,NI-RETIRED,1/22/26,SM-DISC-B58,204183708200,WT-RES,7440-WT-000,8878437674,352 WETTSTEIN AVE,FDL-15-17-11-12-381-00,
2004-05-24-12.05.00,5/23/04,29102433,02,NI-RETIRED,1/23/25,SM-DISC-B58,858357016500,WT-RES,2230-WT-000,6764262237,15 S PIONEER PKY,FDL-15-17-09-33-546-00,
2004-05-25-12.05.00,5/24/04,18391854,01,NI-RETIRED,8/13/24,SM-DISC-B75,844190912600,WT-RES,29766-WT-000,5173587532,885 MARTIN AVE,FDL-15-17-23-42-258-00,
2004-05-25-12.05.00,5/24/04,19814777,02,NI-RETIRED,1/23/25,SM-DISC-B58,144124404800,WT-RES,2178-WT-000,5293713700,863 FOREST CIR,FDL-15-17-09-33-520-00,
2004-05-25-12.05.00,5/24/04,19814845,02,NI-RETIRED,1/23/25,SM-DISC-B58,044058838800,WT-RES,2180-WT-000,5984736345,857 FOREST CIR,FDL-15-17-09-33-521-00,
2004-05-25-12.05.00,5/24/04,29102429,02,NI-RETIRED,1/23/25,SM-DISC-B58,915453353100,WT-RES,2200-WT-000,8981415023,856 FOREST CIR,FDL-15-17-09-33-531-00,
2004-05-25-12.05.00,5/24/04,29102431,02,NI-RETIRED,1/23/25,SM-DISC-B58,768679135100,WT-RES,2284-WT-000,9367495045,16 S PIONEER PKY,FDL-15-17-09-33-573-00,
2004-05-25-12.05.00,5/24/04,29102435,02,NI-RETIRED,8/7/24,SM-DISC-B58,436425156700,WT-RES,14268-WT-000,9439250375,358 E 1ST ST,FDL-15-17-14-21-054-00,
2004-05-25-12.05.00,5/24/04,29102436,02,NI-RETIRED,1/23/25,SM-DISC-B58,526783308900,WT-RES,2246-WT-000,0550029933,82 N PIONEER PKY,FDL-15-17-09-33-554-00,
2004-05-26-12.05.00,5/25/04,19608686,02,NI-RETIRED,1/10/25,SM-DISC-B75,392163381000,WT-RES,2148-WT-000,1054124212,686 FOREST LN,FDL-15-17-09-33-505-00,
2004-05-26-12.05.00,5/25/04,19608706,02,NI-RETIRED,1/9/25,SM-DISC-B75,045124561400,WT-RES,2160-WT-000,1836453682,711 FOREST CT,FDL-15-17-09-33-511-00,
2004-05-26-12.05.00,5/25/04,19608707,01,NI-RETIRED,8/8/24,SM-DISC-B75,526310028100,WT-RES,27360-WT-000,0122093544,520 WILLSHER DR,FDL-15-17-23-43-552-00,
2004-05-26-12.05.00,5/25/04,29102437,02,NI-RETIRED,1/23/25,SM-DISC-B58,616534628600,WT-RES,31704-WT-000,7996236685,72 N ST. JOSEPH'S LN,FDL-15-17-09-43-515-00,
2004-05-26-12.05.00,5/25/04,29102439,01,NI-RETIRED,1/23/25,SM-DISC-B58,035576461100,WT-RES,24598-WT-000,0413261715,136 GUINDON BLVD,FDL-15-17-22-14-780-00,
2004-05-26-12.05.00,5/25/04,29102442,02,NI-RETIRED,1/23/25,SM-DISC-B58,211388911700,WT-RES,2204-WT-000,7826331198,842 FOREST CIR,FDL-15-17-09-33-533-00,
2004-05-26-12.05.00,5/25/04,29102443,02,NI-RETIRED,5/12/25,SM-DISC-B58,424474444500,WT-RES,22098-WT-000,1053662799,465 RUGGLES ST,FDL-15-17-16-11-113-00,
2004-05-27-12.05.00,5/26/04,29102357,02,NI-RETIRED,8/7/24,SM-DISC-B58,603881900600,WT-RES,2292-WT-000,9548004760,863 FOREST AVE,FDL-15-17-09-33-577-00,
2004-05-27-12.05.00,5/26/04,29102440,03,NI-RETIRED,1/23/26,SM-DISC-B58,458056392100,WT-RES,8332-WT-000,3466829104,436 MOHAWK AVE,FDL-15-17-11-22-297-00,
2004-05-27-12.05.00,5/26/04,29102444,02,NI-RETIRED,5/20/25,SM-DISC-B58,898649532600,WT-RES,19822-WT-000,3957944564,429 MORRIS ST,FDL-15-17-15-31-092-00,
2004-05-27-12.05.00,5/26/04,29102445,03,NI-RETIRED,1/9/25,SM-DISC-B58,724161272300,WT-RES,7218-WT-000,6022499000,355 WEIS AVE,FDL-15-17-11-12-270-00,
2004-05-27-12.05.00,5/26/04,29102452,02,NI-RETIRED,1/23/25,SM-DISC-B58,658172718400,WT-RES,2220-WT-000,1311799917,817 FOREST AVE,FDL-15-17-09-33-541-00,
2004-05-27-12.05.00,5/26/04,29102453,02,NI-RETIRED,2/25/25,SM-DISC-B58,130464119100,WT-RES,2192-WT-000,3044260782,896 FOREST CIR,FDL-15-17-09-33-527-00,
2004-05-27-12.05.00,5/26/04,29102456,02,NI-RETIRED,5/20/25,SM-DISC-B58,569397914100,WT-RES,22080-WT-000,9230283524,511 RUGGLES ST,FDL-15-17-16-11-104-00,
2004-05-27-12.05.00,5/26/04,29130776,01,NI-RETIRED,1/10/25,SM-DISC-B75,866728781800,WT-RES,16632-WT-000,0987976868,185 14TH ST,FDL-15-17-14-33-592-01,
2004-06-01-12.06.00,5/31/04,29102350,02,NI-RETIRED,1/23/25,SM-DISC-B58,473610303200,WT-RES,2212-WT-000,3905098352,789 FOREST AVE,FDL-15-17-09-33-537-00,
2004-06-01-12.06.00,5/31/04,29102361,02,NI-RETIRED,2/25/25,SM-DISC-B58,663353797600,WT-RES,14266-WT-000,4058325843,364 E 1ST ST,FDL-15-17-14-21-053-00,
2004-06-01-12.06.00,5/31/04,29102447,02,NI-RETIRED,5/12/25,SM-DISC-B58,347808387100,WT-RES,20230-WT-000,0654042900,368 SALEM AVE,FDL-15-17-15-33-561-00,
2004-06-01-12.06.00,5/31/04,29102454,02,NI-RETIRED,1/23/25,SM-DISC-B58,284726827400,WT-RES,2186-WT-000,0155483405,922 FOREST CIR,FDL-15-17-09-33-524-00,
2004-06-01-12.06.00,5/31/04,29102455,02,NI-RETIRED,1/23/25,SM-DISC-B58,515135263800,WT-RES,14274-WT-000,7748632829,346 E 1ST ST,FDL-15-17-14-21-057-00,
2004-06-01-12.06.00,5/31/04,29103982,02,NI-RETIRED,1/9/25,SM-DISC-B75,998573893600,WT-RES,31638-WT-000,7669139219,921 FOREST CIR,FDL-15-17-09-33-506-00,
2004-06-02-12.06.00,6/1/04,29102346,01,NI-RETIRED,1/23/25,SM-DISC-B58,059257711300,WT-RES,25670-WT-000,0028238462,296 18TH ST,FDL-15-17-23-21-070-00,
2004-06-02-12.06.00,6/1/04,29102351,02,NI-RETIRED,5/12/25,SM-DISC-B58,015147065100,WT-RES,22418-WT-000,0049581070,561 RUGGLES ST,FDL-15-17-16-12-345-00,
2004-06-02-12.06.00,6/1/04,29102359,02,NI-RETIRED,1/23/25,SM-DISC-B58,956048374000,WT-RES,2288-WT-000,8159519440,32 S PIONEER PKY,FDL-15-17-09-33-575-00,
2004-06-02-12.06.00,6/1/04,29102360,02,NI-RETIRED,1/23/25,SM-DISC-B58,187949132500,WT-RES,2234-WT-000,3520112702,7 N PIONEER PKY,FDL-15-17-09-33-548-00,
2004-06-02-12.06.00,6/1/04,29102406,02,NI-RETIRED,1/23/25,SM-DISC-B58,188962902800,WT-RES,5582-WT-000,1727821045,104 WALNUT ST,FDL-15-17-10-32-358-00,
2004-06-03-12.06.00,6/2/04,29102352,02,NI-RETIRED,1/23/25,SM-DISC-B58,405236166500,WT-RES,14276-WT-000,5050170084,340 E 1ST ST,FDL-15-17-14-21-058-00,
2004-06-03-12.06.00,6/2/04,29102365,02,NI-RETIRED,5/12/25,SM-DISC-B58,826797888300,WT-RES,22228-WT-000,1051945461,417 WESTERN AVE,FDL-15-17-16-11-178-00,
2004-06-03-12.06.00,6/2/04,29102367,02,NI-RETIRED,5/20/25,SM-DISC-B58,077300047700,WT-RES,22114-WT-000,2572389848,110 S HICKORY ST,FDL-15-17-16-11-121-00,
2004-06-03-12.06.00,6/2/04,29102368,02,NI-RETIRED,1/24/25,SM-DISC-B58,615385982200,WT-RES,10376-WT-000,4700051249,302 E DIVISION ST,FDL-15-17-11-34-847-00,
2004-06-03-12.06.00,6/2/04,29102369,02,NI-RETIRED,1/23/25,SM-DISC-B58,973044513600,WT-RES,2202-WT-000,5599731544,848 FOREST CIR,FDL-15-17-09-33-532-00,
2004-06-04-12.06.00,6/3/04,29102370,02,NI-RETIRED,1/23/25,SM-DISC-B58,931849650700,WT-RES,31700-WT-000,2433902164,56 N ST. JOSEPH'S LN,FDL-15-17-09-34-777-00,
2004-06-04-12.06.00,6/3/04,29102371,02,NI-RETIRED,1/23/25,SM-DISC-B58,349498713200,WT-RES,31698-WT-000,5634744626,48 N ST. JOSEPH'S LN,FDL-15-17-09-34-776-00,
2004-06-04-12.06.00,6/3/04,29102404,01,NI-RETIRED,1/22/26,SM-DISC-B58,141721075500,WT-RES,13866-WT-000,3429274055,279 CANDY LN,FDL-15-17-14-13-571-00,
2004-06-07-12.06.00,6/6/04,29102355,03,NI-RETIRED,1/9/25,SM-DISC-B58,174074549300,WT-RES,484-WT-000,9439967335,500 TAFT ST,FDL-15-17-02-34-820-00,
2004-06-07-12.06.00,6/6/04,29102364,02,NI-RETIRED,8/7/24,SM-DISC-B58,164153476500,WT-RES,14290-WT-000,2286426862,306 E 1ST ST,FDL-15-17-14-21-065-00,
2004-06-08-12.06.00,6/7/04,19814808,03,NI-RETIRED,1/22/26,SM-DISC-B58,261022788400,WT-RES,7346-WT-000,3807895270,490 E BANK ST,FDL-15-17-11-12-334-00,
2004-06-08-12.06.00,6/7/04,29102409,02,NI-RETIRED,8/7/24,SM-DISC-B58,560674600700,WT-RES,10370-WT-000,4526118183,278 E DIVISION ST,FDL-15-17-11-34-844-00,
2004-06-08-12.06.00,6/7/04,29102446,02,NI-RETIRED,1/23/25,SM-DISC-B58,404443063200,WT-RES,13686-WT-000,6298780731,454 3RD ST,FDL-15-17-14-12-343-00,
2004-06-09-12.06.00,6/8/04,29102343,02,NI-RETIRED,1/23/25,SM-DISC-B58,309929046600,WT-RES,31028-WT-000,5982352149,183 EVERETT ST,FDL-15-17-14-21-190-00,
2004-06-09-12.06.00,6/8/04,29103978,03,NI-RETIRED,2/25/25,SM-DISC-B75,728351796300,WT-PUB,358-WT-000,6615665872,311 WINNEBAGO DR,FDL-15-17-02-34-757-00,
2004-06-10-12.06.00,6/9/04,19610437,01,NI-RETIRED,9/9/25,SM-DISC-B58,191458868000,WT-RES,15960-WT-000,4912864612,324 BOYD ST,FDL-15-17-14-31-153-00,
2004-06-14-12.06.00,6/13/04,19814728,02,NI-RETIRED,1/23/25,SM-DISC-B58,125351918500,WT-RES,13530-WT-000,7898970565,103 VINCENT ST,FDL-15-17-14-12-265-00,
2004-06-14-12.06.00,6/13/04,29102415,02,NI-RETIRED,1/23/25,SM-DISC-B58,977539510300,WT-RES,13556-WT-000,5097604488,516 E 1ST ST,FDL-15-17-14-12-278-00,
2004-06-14-12.06.00,6/13/04,29102416,02,NI-RETIRED,8/7/24,SM-DISC-B58,627887675000,WT-RES,13538-WT-000,0755077860,454 E 1ST ST,FDL-15-17-14-12-269-00,
2004-06-15-12.06.00,6/14/04,29102412,03,NI-RETIRED,1/22/26,SM-DISC-B58,512665366000,WT-RES,8014-WT-000,1407664664,354 BISCHOFF ST,FDL-15-17-11-21-055-00,
2004-06-16-12.06.00,6/15/04,19608711,01,NI-RETIRED,1/9/25,SM-DISC-B75,964780743400,WT-RES,12834-WT-000,7005030144,399 DEWBERRY DR,FDL-15-17-13-42-344-00,
2004-06-18-12.06.00,6/17/04,29102450,02,NI-RETIRED,5/20/25,SM-DISC-B58,534350781100,WT-RES,5842-WT-000,3571234655,23 S LINCOLN AVE,FDL-15-17-10-33-608-00,
2004-06-21-12.06.00,6/20/04,18070680,02,NI-RETIRED,1/23/25,SM-DISC-B58,467727175000,WT-RES,14294-WT-000,9315795517,298 E 1ST ST,FDL-15-17-14-21-067-00,
2004-06-21-12.06.00,6/20/04,19261171,02,NI-RETIRED,5/12/25,SM-DISC-B58,810365322300,WT-RES,22508-WT-000,1042849626,150 S SEYMOUR ST,FDL-15-17-16-12-390-00,
2004-06-21-12.06.00,6/20/04,19261172,02,NI-RETIRED,1/23/25,SM-DISC-B58,578641795800,WT-RES,31690-WT-000,1694122748,28 N ST. JOSEPH'S LN,FDL-15-17-09-34-772-00,
2004-06-21-12.06.00,6/20/04,29102342,02,NI-RETIRED,1/23/25,SM-DISC-B58,649630066400,WT-RES,13548-WT-000,9920021420,108 ASHLAND AVE,FDL-15-17-14-12-274-00,
2004-06-22-12.06.00,6/21/04,17893266,02,NI-RETIRED,1/23/25,SM-DISC-B58,479656595400,WT-RES,31660-WT-000,0561145258,14 S ST. JOSEPH'S LN,FDL-15-17-09-34-803-00,
2004-06-22-12.06.00,6/21/04,18070665,03,NI-RETIRED,1/24/25,SM-DISC-B58,432370513900,WT-RES,7556-WT-000,4772171874,240 WEIS AVE,FDL-15-17-11-13-545-00,
2004-06-22-12.06.00,6/21/04,19261170,02,NI-RETIRED,5/20/25,SM-DISC-B58,758327382100,EX-RES,23464-EX-000,4025457812,18 STREETER CT,FDL-15-17-16-24-803-00,
2004-06-22-12.06.00,6/21/04,19608713,02,NI-RETIRED,1/9/25,SM-DISC-B75,953050822900,WT-RES,2866-WT-000,6495073020,566 NEWPORT AVE,FDL-15-17-09-42-313-00,
2004-06-22-12.06.00,6/21/04,29103983,02,NI-RETIRED,3/28/25,SM-DISC-B75,335688119500,WT-RES,23464-WT-000,4025457812,18 STREETER CT,FDL-15-17-16-24-803-00,
2004-06-22-12.06.00,6/21/04,29103986,01,NI-RETIRED,8/8/24,SM-DISC-B75,052353727700,WT-RES,36530-WT-000,6503486041,1216 S PARK AVE,FDL-15-17-26-21-095-00,
2004-06-24-12.06.00,6/23/04,17908196,01,NI-RETIRED,1/9/25,SM-DISC-B75,375766275300,WT-RES,24584-WT-000,6641159454,93 GUINDON BLVD,FDL-15-17-22-14-773-00,
2004-06-29-12.06.00,6/28/04,17063738,02,NI-RETIRED,1/22/26,SM-DISC-B58,746300816700,WT-RES,5672-WT-000,3762900075,43 S HICKORY ST,FDL-15-17-10-33-523-00,
2004-06-29-12.06.00,6/28/04,29102373,02,NI-RETIRED,4/21/25,SM-DISC-B58,151410941200,WT-RES,5642-WT-000,2549230941,293 FOREST AVE,FDL-15-17-10-33-508-00,
2004-06-29-12.06.00,6/28/04,29102376,02,NI-RETIRED,4/11/25,SM-DISC-B58,309190240800,WT-RES,22128-WT-000,0165469733,150 S HICKORY ST,FDL-15-17-16-11-128-00,
2004-06-29-12.06.00,6/28/04,29102379,02,NI-RETIRED,4/11/25,SM-DISC-B58,169336402000,WT-RES,3346-WT-000,1947078811,10 S HICKORY ST,FDL-15-17-09-44-889-00,
2004-06-29-12.06.00,6/28/04,29102380,02,NI-RETIRED,1/23/25,SM-DISC-B58,593077820000,WT-RES,10218-WT-000,3829475362,57 COTTAGE AVE,FDL-15-17-11-34-768-00,
2004-06-30-12.06.00,6/29/04,19608702,01,NI-RETIRED,1/10/25,SM-DISC-B75,800804288900,WT-RES,12786-WT-000,1853129647,426 CROWFOOT AVE,FDL-15-17-13-42-320-00,
2004-07-01-12.07.00,6/30/04,19814750,01,NI-RETIRED,1/21/26,SM-DISC-B58,085881778900,WT-RES,25194-WT-000,6059841367,49 WAKAWN AVE,FDL-15-17-23-12-265-00,
2004-07-01-12.07.00,6/30/04,19814751,03,NI-RETIRED,1/23/25,SM-DISC-B58,597214763100,WT-RES,962-WT-000,8582187555,545 N HICKORY ST,FDL-15-17-03-33-508-00,
2004-07-02-12.07.00,7/1/04,29102384,01,NI-RETIRED,8/13/24,SM-DISC-B58,839507344900,WT-RES,26308-WT-000,7162223394,842 STERLING DR,FDL-15-17-23-24-795-00,
2004-07-06-12.07.00,7/5/04,17908159,01,NI-RETIRED,8/7/24,SM-DISC-B75,731922878700,WT-RES,37016-WT-000,4557443230,1362 S PARK AVE,FDL-15-17-26-24-763-00,
2004-07-06-12.07.00,7/5/04,19814744,02,NI-RETIRED,8/7/24,SM-DISC-B58,047863942600,WT-RES,13526-WT-000,8400207271,418 E 1ST ST,FDL-15-17-14-12-263-00,
2004-07-06-12.07.00,7/5/04,19814747,02,NI-RETIRED,4/11/25,SM-DISC-B58,076245994600,WT-RES,22154-WT-000,3894731083,458 RUGGLES ST,FDL-15-17-16-11-141-00,
2004-07-06-12.07.00,7/5/04,19814753,03,NI-RETIRED,1/24/25,SM-DISC-B58,963173724100,WT-RES,9092-WT-000,6350338160,230 ROOSEVELT ST,FDL-15-17-11-24-834-00,
2004-07-06-12.07.00,7/5/04,29104052,01,NI-RETIRED,1/22/25,SM-DISC-B75,915426147000,WT-RES,36566-WT-000,7514328806,1356 S PARK AVE,FDL-15-17-26-24-763-00,
2004-07-07-12.07.00,7/6/04,19608710,01,NI-RETIRED,2/2/26,SM-DISC-B75,302318072700,WT-COM,17508-WT-000,8573402119,387 FOND DU LAC AVE,FDL-15-17-14-42-267-00,
2004-07-07-12.07.00,7/6/04,29104053,01,NI-RETIRED,8/7/24,SM-DISC-B75,720576447300,WT-RES,35840-WT-000,0505025302,60 COUGAR CT,FDL-15-17-26-12-323-00,
2004-07-08-12.07.00,7/7/04,18070811,01,NI-RETIRED,1/9/25,SM-DISC-B58,240193121700,WT-RES,17476-WT-000,4161644521,532 8TH ST,FDL-15-17-14-42-251-00,
2004-07-08-12.07.00,7/7/04,19814745,02,NI-RETIRED,4/14/25,SM-DISC-B58,077476590400,WT-RES,5894-WT-000,6455099801,24 S GOULD ST,FDL-15-17-10-33-635-00,
2004-07-09-12.07.00,7/8/04,19814789,01,NI-RETIRED,1/2/25,SM-DISC-B58,972474393300,WT-RES,14146-WT-000,5060692691,40 LALLIER LN,FDL-15-17-14-14-845-00,
2004-07-12-12.07.00,7/11/04,19814742,01,NI-RETIRED,1/23/26,SM-DISC-B58,082726373100,WT-RES,17486-WT-000,4824563049,494 8TH ST,FDL-15-17-14-42-256-00,
2004-07-12-12.07.00,7/11/04,19814748,02,NI-RETIRED,1/23/25,SM-DISC-B58,364671695700,WT-RES,14284-WT-000,5161841148,111 EVERETT ST,FDL-15-17-14-21-062-00,
2004-07-12-12.07.00,7/11/04,19814755,02,NI-RETIRED,1/23/25,SM-DISC-B58,477737600200,WT-RES,14554-WT-000,4214372668,244 GILLETT ST,FDL-15-17-14-22-255-00,
2004-07-12-12.07.00,7/11/04,19814759,02,NI-RETIRED,8/7/24,SM-DISC-B58,259657178200,WT-RES,14558-WT-000,2135110718,234 GILLETT ST,FDL-15-17-14-22-257-00,
2004-07-12-12.07.00,7/11/04,19814760,02,NI-RETIRED,8/7/24,SM-DISC-B58,180397808100,WT-RES,14560-WT-000,0648864779,230 GILLETT ST,FDL-15-17-14-22-258-00,
2004-07-12-12.07.00,7/11/04,19814788,01,NI-RETIRED,1/9/25,SM-DISC-B58,412863560700,WT-RES,17328-WT-000,0951227586,570 E 10TH ST,FDL-15-17-14-41-084-00,
2004-07-13-12.07.00,7/12/04,29102377,01,NI-RETIRED,1/22/25,SM-DISC-B58,980315005000,WT-RES,16502-WT-000,6826961284,502 S PARK AVE,FDL-15-17-14-33-528-00,
2004-07-13-12.07.00,7/12/04,29136150,01,NI-RETIRED,8/6/24,SM-DISC-B100,316206202800,WT-RES,37098-WT-000,3595790024,720 RIENZI RD,FDL-15-17-24-22-251-01,
2004-07-14-12.07.00,7/13/04,29103987,03,NI-RETIRED,2/25/25,SM-DISC-B75,711122147000,WT-RES,4842-WT-000,1984074189,367 SIBLEY ST,FDL-15-17-10-22-310-00,
2004-07-15-12.07.00,7/14/04,19814767,02,NI-RETIRED,1/23/26,SM-DISC-B58,045702345800,WT-RES,3232-WT-000,5132988618,33 S SEYMOUR ST,FDL-15-17-09-44-832-00,
2004-07-19-12.07.00,7/18/04,19608719,03,NI-RETIRED,1/9/25,SM-DISC-B75,473706723900,WT-RES,36646-WT-000,5246835714,441 N COUNTRY LN,FDL-15-17-12-11-010-00,
2004-07-19-12.07.00,7/18/04,19814756,03,NI-RETIRED,1/24/25,SM-DISC-B58,418964969400,WT-RES,1848-WT-000,0033543933,502 W SCOTT ST,FDL-15-17-09-11-012-00,
2004-07-19-12.07.00,7/18/04,19814757,02,NI-RETIRED,4/11/25,SM-DISC-B58,612422026100,WT-RES,3032-WT-000,0625426747,22 S SEYMOUR ST,FDL-15-17-09-43-574-00,
2004-07-19-12.07.00,7/18/04,19814758,02,NI-RETIRED,5/20/25,SM-DISC-B58,145124701000,WT-RES,3262-WT-000,9812434222,471 FOREST AVE,FDL-15-17-09-44-847-00,
2004-07-19-12.07.00,7/18/04,19814791,03,NI-RETIRED,1/23/25,SM-DISC-B58,089129913800,WT-RES,4758-WT-000,2914616904,425 MILL ST,FDL-15-17-10-22-265-00,
2004-07-19-12.07.00,7/18/04,29103990,03,NI-RETIRED,1/9/25,SM-DISC-B75,215113769400,WT-RES,4840-WT-000,7551919144,373 SIBLEY ST,FDL-15-17-10-22-309-00,
2004-07-20-12.07.00,7/19/04,19608712,01,NI-RETIRED,8/8/24,SM-DISC-B75,072903752900,WT-RES,35850-WT-000,8731614180,479 T-BIRD DR,FDL-15-17-26-12-328-00,
2004-07-20-12.07.00,7/19/04,19814796,01,NI-RETIRED,2/25/25,SM-DISC-B58,975344408200,WT-RES,25544-WT-000,5012380580,367 17TH ST,FDL-15-17-23-21-007-00,
2004-07-20-12.07.00,7/19/04,19814798,02,NI-RETIRED,4/14/25,SM-DISC-B58,715862853100,WT-RES,3036-WT-000,9443257540,32 S SEYMOUR ST,FDL-15-17-09-43-576-00,
2004-07-20-12.07.00,7/19/04,19814801,02,NI-RETIRED,8/7/24,SM-DISC-B58,744491820000,WT-RES,14216-WT-000,3883244931,287 E 1ST ST,FDL-15-17-14-21-028-00,
2004-07-20-12.07.00,7/19/04,19814802,02,NI-RETIRED,1/23/25,SM-DISC-B58,363555972900,WT-RES,10426-WT-000,9565852052,315 GILLETT ST,FDL-15-17-11-34-884-00,
2004-07-20-12.07.00,7/19/04,19814803,03,NI-RETIRED,1/24/25,SM-DISC-B58,648324532400,WT-RES,4834-WT-000,6901207454,405 SIBLEY ST,FDL-15-17-10-22-306-00,
2004-07-20-12.07.00,7/19/04,29103991,03,NI-RETIRED,1/9/25,SM-DISC-B75,718122467500,WT-RES,36698-WT-000,0834970375,1148 SPRING LAKE DR,FDL-15-17-12-11-035-00,
2004-07-21-12.07.00,7/20/04,19262145,03,NI-RETIRED,8/7/24,SM-DISC-B100,181202643300,WT-RES,35920-WT-000,2124935924,492 WHISPERING SPRINGS DR,FDL-15-18-05-34-758-00,
2004-07-22-12.07.00,7/21/04,01052800,01,NI-RETIRED,8/7/24,SM-DISC-B100,768381833700,WT-RES,34970-WT-000,8008785663,1150 S PARK AVE,FDL-15-17-26-21-016-00,
2004-07-22-12.07.00,7/21/04,19814765,03,NI-RETIRED,1/23/25,SM-DISC-B58,905429368400,WT-RES,998-WT-000,4923593226,484 WASHINGTON ST,FDL-15-17-03-33-526-00,
2004-07-22-12.07.00,7/21/04,19814806,03,NI-RETIRED,2/25/25,SM-DISC-B58,905129068900,WT-RES,1010-WT-000,9985429944,524 WASHINGTON ST,FDL-15-17-03-33-532-00,
2004-07-22-12.07.00,7/21/04,29103994,01,NI-RETIRED,8/7/24,SM-DISC-B75,440878825000,WT-RES,26996-WT-000,9395753258,380 WILLSHER DR,FDL-15-17-23-34-860-00,
2004-07-22-12.07.00,7/21/04,29104025,01,NI-RETIRED,2/2/26,SM-DISC-B75,721116822800,WT-RES,17652-WT-000,4549528432,507 FOND DU LAC AVE A,FDL-15-17-14-42-340-00,
2004-07-23-12.07.00,7/22/04,19814814,03,NI-RETIRED,1/23/25,SM-DISC-B58,754474541700,WT-RES,1082-WT-000,8027191784,369 NORTH ST,FDL-15-17-03-33-568-00,
2004-07-23-12.07.00,7/22/04,19814815,03,NI-RETIRED,1/24/25,SM-DISC-B58,604046287400,WT-RES,1030-WT-000,2451657226,485 WASHINGTON ST,FDL-15-17-03-33-542-00,
2004-07-23-12.07.00,7/22/04,29103995,03,NI-RETIRED,1/9/25,SM-DISC-B75,308480834500,WT-RES,11124-WT-000,0470834194,82 UNIVERSITY DR,FDL-15-17-12-31-040-00,
2004-07-26-12.07.00,7/25/04,19608715,02,NI-RETIRED,5/29/25,SM-DISC-B75,755446834600,WT-RES,3068-WT-000,2260436033,627 FOREST AVE,FDL-15-17-09-43-592-00,
2004-07-26-12.07.00,7/25/04,19814795,01,NI-RETIRED,8/13/24,SM-DISC-B58,742601202900,WT-RES,24412-WT-000,8126536336,31 SUNSET CIR,FDL-15-17-22-12-293-00,
2004-07-26-12.07.00,7/25/04,19814799,03,NI-RETIRED,1/23/25,SM-DISC-B58,708519801800,WT-RES,1056-WT-000,4934672932,486 TEMPERANCE ST,FDL-15-17-03-33-555-00,
2004-07-26-12.07.00,7/25/04,19814807,03,NI-RETIRED,1/23/25,SM-DISC-B58,886572467400,WT-RES,1046-WT-000,3400046255,359 W SCOTT ST,FDL-15-17-03-33-550-00,
2004-07-26-12.07.00,7/25/04,19814824,03,NI-RETIRED,1/23/25,SM-DISC-B58,300999562800,WT-RES,994-WT-000,9843500690,391 W SCOTT ST,FDL-15-17-03-33-524-00,
2004-07-26-12.07.00,7/25/04,19814825,03,NI-RETIRED,1/20/25,SM-DISC-B58,561595207200,WT-RES,1060-WT-000,0790003566,374 MASON ST,FDL-15-17-03-33-557-00,
2004-07-26-12.07.00,7/25/04,19814826,03,NI-RETIRED,1/23/25,SM-DISC-B58,095283129500,WT-RES,1026-WT-000,5987190035,507 WASHINGTON ST,FDL-15-17-03-33-540-00,
2004-07-26-12.07.00,7/25/04,19814831,03,NI-RETIRED,4/19/24,SM-DISC-B58,767794107100,WT-RES,4824-WT-000,9484026481,408 FRANKLIN ST,FDL-15-17-10-22-301-00,
2004-07-26-12.07.00,7/25/04,19814833,02,NI-RETIRED,4/14/25,SM-DISC-B58,237150094200,WT-RES,3038-WT-000,6788565938,34 S SEYMOUR ST,FDL-15-17-09-43-577-00,
2004-07-27-12.07.00,7/26/04,19814834,03,NI-RETIRED,1/23/25,SM-DISC-B58,645965606100,WT-RES,4794-WT-000,0587244263,400 W SCOTT ST,FDL-15-17-10-22-284-00,
2004-07-27-12.07.00,7/26/04,19814835,03,NI-RETIRED,1/23/25,SM-DISC-B58,015002015700,WT-RES,1094-WT-000,0748405008,489 TEMPERANCE ST,FDL-15-17-03-33-574-00,
2004-07-27-12.07.00,7/26/04,19814840,02,NI-RETIRED,1/23/25,SM-DISC-B58,608834155300,WT-RES,31674-WT-000,1329665600,37 N ST. JOSEPH'S LN,FDL-15-17-09-34-781-00,
2004-07-27-12.07.00,7/26/04,29103988,01,NI-RETIRED,1/10/25,SM-DISC-B75,842864351100,WT-RES,29740-WT-000,5762891303,28 GUINDON BLVD,FDL-15-17-22-14-812-00,
2004-07-28-12.07.00,7/27/04,18129576,03,NI-RETIRED,8/7/24,SM-DISC-B100,871019114700,WT-RES,35194-WT-000,3748115004,1557 HUNTER AVE,FDL-15-18-06-43-527-00,
2004-07-28-12.07.00,7/27/04,19814779,02,NI-RETIRED,1/23/25,SM-DISC-B58,355790648200,WT-RES,2920-WT-000,9342531289,31 N PETERS AVE,FDL-15-17-09-43-518-00,
2004-07-29-12.07.00,7/28/04,19814768,02,NI-RETIRED,8/7/24,SM-DISC-B58,360093276700,WT-RES,2468-WT-000,9243132030,812 FOREST CIR,FDL-15-17-09-34-831-00,
2004-07-29-12.07.00,7/28/04,19814769,02,NI-RETIRED,1/23/25,SM-DISC-B58,985879001700,WT-RES,2444-WT-000,9986127007,22 S BERGER PKY,FDL-15-17-09-34-819-00,
2004-07-29-12.07.00,7/28/04,19814770,02,NI-RETIRED,1/23/25,SM-DISC-B58,473708906700,WT-RES,2420-WT-000,2684147740,15 S BERGER PKY,FDL-15-17-09-34-807-00,
2004-07-29-12.07.00,7/28/04,19814781,02,NI-RETIRED,1/23/25,SM-DISC-B58,199369015200,WT-RES,2406-WT-000,1739837444,715 FOREST AVE,FDL-15-17-09-34-800-00,
2004-07-29-12.07.00,7/28/04,19814804,03,NI-RETIRED,1/23/25,SM-DISC-B58,009281700000,WT-RES,1062-WT-000,7957204481,373 MASON ST,FDL-15-17-03-33-558-00,
2004-07-29-12.07.00,7/28/04,19814823,03,NI-RETIRED,6/18/25,SM-DISC-B58,158678668400,WT-RES,9244-WT-000,7263023668,314 ROSE AVE,FDL-15-17-11-31-008-00,
2004-07-29-12.07.00,7/28/04,19814928,03,NI-RETIRED,1/24/25,SM-DISC-B58,665374654800,WT-RES,9004-WT-000,8296458262,291 COTTAGE AVE,FDL-15-17-11-24-789-00,
2004-07-29-12.07.00,7/28/04,29104002,02,NI-RETIRED,1/9/25,SM-DISC-B75,032020261200,WT-RES,2482-WT-000,2226765605,757 FOREST LN,FDL-15-17-09-34-838-00,
2004-07-30-12.07.00,7/29/04,19608691,03,NI-RETIRED,1/10/25,SM-DISC-B75,473421502500,WT-COM,37128-WT-000,2259418303,564 N ROLLING MEADOWS DR KNIT,FDL-15-17-05-44-753-00,
2004-08-02-12.08.00,8/1/04,19814819,03,NI-RETIRED,2/25/25,SM-DISC-B58,888398804000,WT-RES,1092-WT-000,6193379754,493 TEMPERANCE ST,FDL-15-17-03-33-573-00,
2004-08-02-12.08.00,8/1/04,19814841,01,NI-RETIRED,1/9/25,SM-DISC-B58,896715864400,WT-RES,15642-WT-000,1889825625,360 6TH ST,FDL-15-17-14-24-909-00,
2004-08-02-12.08.00,8/1/04,19814944,03,NI-RETIRED,1/24/25,SM-DISC-B58,429176477700,WT-RES,9236-WT-000,9888920446,336 ROSE AVE,FDL-15-17-11-31-004-00,
2004-08-02-12.08.00,8/1/04,19814947,03,NI-RETIRED,1/24/25,SM-DISC-B58,692199792200,WT-RES,9648-WT-000,6688725006,224 E JOHNSON ST,FDL-15-17-11-32-310-00,
2004-08-03-12.08.00,8/2/04,19814843,01,NI-RETIRED,1/20/25,SM-DISC-B58,927419471700,WT-RES,16318-WT-000,3975071770,404 NELSON ST,FDL-15-17-14-32-394-00,
2004-08-03-12.08.00,8/2/04,19814932,02,NI-RETIRED,2/25/25,SM-DISC-B58,831133403700,WT-RES,2464-WT-000,7040681262,798 FOREST CIR,FDL-15-17-09-34-829-00,
2004-08-03-12.08.00,8/2/04,19814933,02,NI-RETIRED,1/23/25,SM-DISC-B58,742974958200,WT-RES,2458-WT-000,1468079765,778 FOREST CIR,FDL-15-17-09-34-826-00,
2004-08-03-12.08.00,8/2/04,19814934,02,NI-RETIRED,1/23/25,SM-DISC-B58,910463528100,WT-RES,2474-WT-000,5097872720,797 FOREST CIR,FDL-15-17-09-34-834-00,
2004-08-03-12.08.00,8/2/04,19814935,03,NI-RETIRED,1/23/25,SM-DISC-B58,114130746200,WT-RES,4800-WT-000,7395435910,416 W SCOTT ST,FDL-15-17-10-22-287-00,
2004-08-03-12.08.00,8/2/04,19814938,01,NI-RETIRED,1/2/25,SM-DISC-B58,690826175700,WT-RES,14988-WT-000,6831661593,193 5TH ST,FDL-15-17-14-23-533-00,
2004-08-03-12.08.00,8/2/04,19814939,02,NI-RETIRED,2/25/25,SM-DISC-B58,646711084800,WT-RES,2460-WT-000,2943574621,784 FOREST CIR,FDL-15-17-09-34-827-00,
2004-08-03-12.08.00,8/2/04,29102375,02,NI-RETIRED,1/23/25,SM-DISC-B58,387512696200,WT-RES,2452-WT-000,1655552053,4 S BERGER PKY,FDL-15-17-09-34-823-00,
2004-08-03-12.08.00,8/2/04,29104003,01,NI-RETIRED,8/8/24,SM-DISC-B75,856532358500,WT-RES,35764-WT-000,6756910297,195 YACOUB LN,FDL-15-17-26-21-042-00,
2004-08-03-12.08.00,8/2/04,29104006,02,NI-RETIRED,1/9/25,SM-DISC-B75,463035314600,WT-RES,2424-WT-000,8953440288,33 S BERGER PKY,FDL-15-17-09-34-809-00,
2004-08-03-12.08.00,8/2/04,29104008,01,NI-RETIRED,8/8/24,SM-DISC-B75,881701166800,WT-RES,35786-WT-000,1786701183,211 YACOUB LN,FDL-15-17-26-24-750-00,
2004-08-03-12.08.00,8/2/04,29104009,01,NI-RETIRED,2/25/25,SM-DISC-B75,963680008600,WT-RES,35762-WT-000,4416685580,203 YACOUB LN,FDL-15-17-26-21-041-00,
2004-08-04-12.08.00,8/3/04,19814820,01,NI-RETIRED,1/22/25,SM-DISC-B58,241287906200,WT-RES,21296-WT-000,7250557010,588 CLARK ST,FDL-15-17-15-43-587-00,
2004-08-05-12.08.00,8/4/04,19814816,02,NI-RETIRED,4/21/25,SM-DISC-B58,602418957700,WT-RES,22748-WT-000,8796505550,607 SUNSET LN,FDL-15-17-16-13-614-00,
2004-08-05-12.08.00,8/4/04,19814822,03,NI-RETIRED,1/23/25,SM-DISC-B58,049520843600,WT-RES,4798-WT-000,5792856400,410 W SCOTT ST,FDL-15-17-10-22-286-00,
2004-08-06-12.08.00,8/5/04,19814842,02,NI-RETIRED,8/7/24,SM-DISC-B58,239906787500,WT-RES,10910-WT-000,1671375290,41 N RESERVE AVE,FDL-15-17-11-44-856-00,
2004-08-09-12.08.00,8/8/04,19814937,03,NI-RETIRED,1/23/25,SM-DISC-B58,067917502900,WT-RES,1020-WT-000,0713822681,533 WASHINGTON ST,FDL-15-17-03-33-537-00,
2004-08-10-12.08.00,8/9/04,19814829,03,NI-RETIRED,1/23/25,SM-DISC-B58,406873689300,EX-RES,4850-EX-000,9432279286,345 SIBLEY ST,FDL-15-17-10-22-313-00,
2004-08-10-12.08.00,8/9/04,19814925,01,NI-RETIRED,1/9/25,SM-DISC-B58,674580559000,WT-RES,15716-WT-000,3552799628,327 E 9TH ST,FDL-15-17-14-31-030-00,
2004-08-10-12.08.00,8/9/04,19814930,03,NI-RETIRED,2/25/25,SM-DISC-B58,856208361200,WT-RES,4850-WT-000,9432279286,345 SIBLEY ST,FDL-15-17-10-22-313-00,
2004-08-10-12.08.00,8/9/04,29104010,02,NI-RETIRED,1/10/25,SM-DISC-B75,186500868300,WT-RES,11944-WT-000,1164237585,977 CRESCENT AVE,FDL-15-17-13-24-758-00,
2004-08-11-12.08.00,8/10/04,19814793,02,NI-RETIRED,1/19/26,SM-DISC-B58,396993970600,WT-RES,20282-WT-000,5404826576,365 EVERGREEN AVE,FDL-15-17-15-33-587-00,
2004-08-11-12.08.00,8/10/04,19814924,02,NI-RETIRED,1/23/25,SM-DISC-B58,893412250100,WT-RES,13376-WT-000,1371220457,556 GILLETT ST,FDL-15-17-14-11-046-00,
2004-08-11-12.08.00,8/10/04,29104014,01,NI-RETIRED,8/8/24,SM-DISC-B75,543109457900,WT-RES,35824-WT-000,1563481934,44 MALIBU CT,FDL-15-17-26-12-315-00,
2004-08-12-12.08.00,8/11/04,19729191,03,NI-RETIRED,1/23/25,SM-DISC-B58,179731950200,WT-RES,4796-WT-000,5195017725,406 W SCOTT ST,FDL-15-17-10-22-285-00,
2004-08-12-12.08.00,8/11/04,19814794,03,NI-RETIRED,1/24/25,SM-DISC-B58,655186919300,WT-RES,4768-WT-000,9698911056,438 MILL ST,FDL-15-17-10-22-270-00,
2004-08-12-12.08.00,8/11/04,19814827,03,NI-RETIRED,1/24/25,SM-DISC-B58,175721246900,WT-RES,9070-WT-000,2526452289,253 ROOSEVELT ST,FDL-15-17-11-24-823-00,
2004-08-12-12.08.00,8/11/04,19814922,01,NI-RETIRED,1/23/25,SM-DISC-B58,868131833300,WT-RES,16486-WT-000,6707886596,467 S PARK AVE,FDL-15-17-14-33-520-00,
2004-08-12-12.08.00,8/11/04,19814941,03,NI-RETIRED,1/24/25,SM-DISC-B58,118924120500,WT-RES,9064-WT-000,6167932247,277 ROOSEVELT ST,FDL-15-17-11-24-820-00,
2004-08-12-12.08.00,8/11/04,29104007,01,NI-RETIRED,11/10/25,SM-DISC-B75,808463015400,WT-RES,36978-WT-000,5222221458,14 CROWFOOT CT,FDL-15-17-13-42-258-00,
2004-08-13-12.08.00,8/12/04,19814940,02,NI-RETIRED,8/7/24,SM-DISC-B58,764340253100,WT-RES,13380-WT-000,0582911853,82 S RESERVE AVE,FDL-15-17-14-11-048-00,
2004-08-13-12.08.00,8/12/04,19814942,03,NI-RETIRED,1/21/26,SM-DISC-B58,386044491200,WT-RES,7996-WT-000,7568719305,441 TAFT ST,FDL-15-17-11-21-046-00,
2004-08-16-12.08.00,8/15/04,19814886,01,NI-RETIRED,2/25/25,SM-DISC-B58,196015347100,WT-RES,16344-WT-000,8848127552,411 ELLIS ST,FDL-15-17-14-32-407-00,
2004-08-16-12.08.00,8/15/04,29472311,02,NI-RETIRED,2/25/25,SM-DISC-B58,998526631300,WT-RES,23214-WT-000,4467718058,91 PARKWAY CT,FDL-15-17-16-22-276-00,
2004-08-17-12.08.00,8/16/04,19608718,03,NI-RETIRED,1/9/25,SM-DISC-B75,415041909200,WT-RES,9054-WT-000,9728785984,297 ROOSEVELT ST,FDL-15-17-11-24-815-00,
2004-08-17-12.08.00,8/16/04,19814948,01,NI-RETIRED,2/25/25,SM-DISC-B58,387412211800,WT-RES,18600-WT-000,0916784814,93 6TH ST,FDL-15-17-15-14-811-00,
2004-08-17-12.08.00,8/16/04,29103996,03,NI-RETIRED,2/25/25,SM-DISC-B75,319699825700,WT-COM,37002-WT-000,8010799167,335 WINNEBAGO DR,FDL-15-17-02-34-757-00,
2004-08-19-12.08.00,8/18/04,19814889,03,NI-RETIRED,1/24/25,SM-DISC-B58,523365431100,WT-RES,8866-WT-000,9426111344,220 E FOLLETT ST,FDL-15-17-11-23-634-00,
2004-08-19-12.08.00,8/18/04,19814950,02,NI-RETIRED,1/23/25,SM-DISC-B58,282920393400,WT-RES,2638-WT-000,6072701948,477 RUSSELL ST,FDL-15-17-09-41-078-00,
2004-08-19-12.08.00,8/18/04,29104011,01,NI-RETIRED,8/8/24,SM-DISC-B75,140321012700,WT-RES,36496-WT-000,9099008472,74 SOUTHERN EDGE DR,FDL-15-17-26-21-078-00,
2004-08-20-12.08.00,8/19/04,19814888,02,NI-RETIRED,1/23/25,SM-DISC-B58,046429980200,WT-RES,13682-WT-000,9310066849,448 3RD ST,FDL-15-17-14-12-341-00,
2004-08-20-12.08.00,8/19/04,19814890,01,NI-RETIRED,1/23/25,SM-DISC-B58,561842961300,WT-RES,17008-WT-000,9733140161,337 14TH ST,FDL-15-17-14-34-856-00,
2004-08-20-12.08.00,8/19/04,19814894,02,NI-RETIRED,4/14/25,SM-DISC-B58,146888655600,WT-RES,22594-WT-000,3377458894,293 MUENTER AVE,FDL-15-17-16-13-537-00,
2004-08-23-12.08.00,8/22/04,19814900,02,NI-RETIRED,4/14/25,SM-DISC-B58,519305701000,WT-RES,3056-WT-000,0062549551,585 FOREST AVE,FDL-15-17-09-43-586-00,
2004-08-23-12.08.00,8/22/04,19814901,02,NI-RETIRED,4/21/25,SM-DISC-B58,564556902100,WT-RES,3062-WT-000,1158233505,603 FOREST AVE,FDL-15-17-09-43-589-00,
2004-08-23-12.08.00,8/22/04,29102390,03,NI-RETIRED,1/24/25,SM-DISC-B58,728693719600,WT-RES,9106-WT-000,1998109085,284 ROOSEVELT ST,FDL-15-17-11-24-841-00,
2004-08-23-12.08.00,8/22/04,29103998,03,NI-RETIRED,1/9/25,SM-DISC-B75,728873568000,WT-RES,618-WT-000,0429824812,76 AURORA LN,FDL-15-17-02-42-300-00,
2004-08-24-12.08.00,8/23/04,19814797,02,NI-RETIRED,4/14/25,SM-DISC-B58,356578822500,WT-RES,3228-WT-000,7415207918,21 S SEYMOUR ST,FDL-15-17-09-44-830-00,
2004-08-24-12.08.00,8/23/04,19814891,02,NI-RETIRED,1/23/25,SM-DISC-B58,549535144900,WT-RES,2378-WT-000,7680551204,679 W DIVISION ST,FDL-15-17-09-34-787-00,
2004-08-24-12.08.00,8/23/04,19814897,02,NI-RETIRED,2/25/25,SM-DISC-B58,762235464700,WT-RES,2382-WT-000,6799123381,665 W DIVISION ST,FDL-15-17-09-34-789-00,
2004-08-24-12.08.00,8/23/04,19814898,02,NI-RETIRED,1/23/25,SM-DISC-B58,122852991300,WT-RES,2392-WT-000,9377592393,688 W DIVISION ST,FDL-15-17-09-34-794-00,
2004-08-24-12.08.00,8/23/04,19814899,03,NI-RETIRED,2/25/25,SM-DISC-B58,566755701800,WT-RES,9100-WT-000,9638879820,268 ROOSEVELT ST,FDL-15-17-11-24-838-00,
2004-08-24-12.08.00,8/23/04,29102386,03,NI-RETIRED,1/9/25,SM-DISC-B58,721086617900,WT-RES,9258-WT-000,7537704644,270 ROSE AVE,FDL-15-17-11-31-015-00,
2004-08-24-12.08.00,8/23/04,29102387,03,NI-RETIRED,1/23/25,SM-DISC-B58,267886608500,WT-RES,1022-WT-000,4826654232,381 NORTH ST,FDL-15-17-03-33-538-00,
2004-08-24-12.08.00,8/23/04,29102389,03,NI-RETIRED,1/24/25,SM-DISC-B58,174841938400,WT-RES,9026-WT-000,9785227516,222 COTTAGE AVE,FDL-15-17-11-24-801-00,
2004-08-24-12.08.00,8/23/04,29104000,01,NI-RETIRED,8/8/24,SM-DISC-B75,493014191100,WT-RES,28172-WT-000,5681200254,1142 WEDGEWOOD LN,FDL-15-17-24-32-262-00,
2004-08-25-12.08.00,8/24/04,19814850,03,NI-RETIRED,1/2/25,SM-DISC-B58,698418578500,WT-RES,32462-WT-000,5709771992,518 NORTHGATE ST,FDL-15-17-02-34-798-00,
2004-08-25-12.08.00,8/24/04,29104038,02,NI-RETIRED,1/9/25,SM-DISC-B75,756823354800,WT-RES,2430-WT-000,8144842184,741 FOREST AVE,FDL-15-17-09-34-812-00,
2004-08-26-12.08.00,8/25/04,29104042,03,NI-RETIRED,1/10/25,SM-DISC-B75,948694870800,WT-RES,35178-WT-000,2132770531,25 HUNTERS CT,FDL-15-18-06-43-535-00,
2004-08-27-12.08.00,8/26/04,19814855,02,NI-RETIRED,5/20/25,SM-DISC-B58,046740396300,WT-RES,20262-WT-000,8819737637,390 ARLINGTON AVE,FDL-15-17-15-33-577-00,
2004-08-27-12.08.00,8/26/04,19814866,02,NI-RETIRED,4/14/25,SM-DISC-B58,718633892900,WT-RES,3252-WT-000,8790353244,20 S BELL ST,FDL-15-17-09-44-842-00,
2004-08-30-12.08.00,8/29/04,19814851,03,NI-RETIRED,1/22/26,SM-DISC-B58,529080725700,WT-RES,7926-WT-000,5090320401,342 E SCOTT ST,FDL-15-17-11-21-011-00,
2004-08-30-12.08.00,8/29/04,19814869,03,NI-RETIRED,1/24/25,SM-DISC-B58,293270846900,WT-RES,8918-WT-000,3672329560,253 ROSE AVE,FDL-15-17-11-23-660-00,
2004-08-30-12.08.00,8/29/04,19814870,03,NI-RETIRED,1/24/25,SM-DISC-B58,546462619400,WT-RES,9220-WT-000,5769042164,263 E FOLLETT ST,FDL-15-17-11-24-899-00,
2004-08-30-12.08.00,8/29/04,19814871,03,NI-RETIRED,1/24/25,SM-DISC-B58,198707988500,WT-RES,8844-WT-000,9202185366,253 E FOLLETT ST,FDL-15-17-11-23-623-00,
2004-08-30-12.08.00,8/29/04,29104012,02,NI-RETIRED,1/9/25,SM-DISC-B75,237327998700,WT-RES,23078-WT-000,9922363725,763 BRAGG ST,FDL-15-17-16-21-047-00,
2004-08-31-12.08.00,8/30/04,01129947,01,NI-RETIRED,8/6/24,SM-DISC-B100,071051518200,WT-RES,24420-WT-000,1477745220,10 SUNSET CIR,FDL-15-17-22-12-297-00,
2004-08-31-12.08.00,8/30/04,19814872,02,NI-RETIRED,4/25/25,SM-DISC-B58,179742975300,WT-RES,22214-WT-000,2396011419,447 WESTERN AVE,FDL-15-17-16-11-171-00,
2004-08-31-12.08.00,8/30/04,19814875,01,NI-RETIRED,1/23/25,SM-DISC-B58,250982942100,WT-RES,24410-WT-000,7651156246,95 SUNSET CIR,FDL-15-17-22-12-292-00,
2004-08-31-12.08.00,8/30/04,19814876,01,NI-RETIRED,1/23/25,SM-DISC-B58,877719150000,WT-RES,24408-WT-000,1109821414,65 SUNSET CIR,FDL-15-17-22-12-291-00,
2004-08-31-12.08.00,8/30/04,19814877,02,NI-RETIRED,4/11/25,SM-DISC-B58,059046643000,WT-RES,22218-WT-000,8275240041,431 WESTERN AVE,FDL-15-17-16-11-173-00,
2004-08-31-12.08.00,8/30/04,19814926,01,NI-RETIRED,1/22/26,SM-DISC-B58,603809148200,WT-RES,17534-WT-000,3877061165,525 E 9TH ST,FDL-15-17-14-42-280-00,
2004-08-31-12.08.00,8/30/04,29104028,01,NI-RETIRED,8/8/24,SM-DISC-B75,285512703900,WT-RES,35852-WT-000,1323605397,471 T-BIRD DR,FDL-15-17-26-12-329-00,
2004-08-31-12.08.00,8/30/04,29104029,02,NI-RETIRED,5/29/25,SM-DISC-B75,849654759000,WT-RES,22210-WT-000,9547883778,455 WESTERN AVE,FDL-15-17-16-11-169-00,
2004-08-31-12.08.00,8/30/04,29104040,03,NI-RETIRED,1/10/25,SM-DISC-B75,949320532300,WT-COM,37014-WT-000,8401125986,568 N ROLLING MEADOWS DR ROGAN,FDL-15-17-05-44-753-00,
2004-08-31-12.08.00,8/30/04,29472304,01,NI-RETIRED,1/22/25,SM-DISC-B58,850611915500,WT-RES,25920-WT-000,8171489018,232 18TH ST,FDL-15-17-23-22-301-00,
2004-09-01-12.09.00,8/31/04,29472303,02,NI-RETIRED,1/23/25,SM-DISC-B58,625167935600,WT-RES,14434-WT-000,4977057683,343 3RD ST,FDL-15-17-14-21-138-00,
2004-09-01-12.09.00,8/31/04,29472306,02,NI-RETIRED,2/25/25,SM-DISC-B58,809063338200,WT-RES,2418-WT-000,2050386820,730 W DIVISION ST,FDL-15-17-09-34-806-00,
2004-09-01-12.09.00,8/31/04,29472308,02,NI-RETIRED,1/23/25,SM-DISC-B58,572906631500,WT-RES,2374-WT-000,6826454029,693 W DIVISION ST,FDL-15-17-09-34-785-00,
2004-09-02-12.09.00,9/1/04,19814879,01,NI-RETIRED,1/20/25,SM-DISC-B58,771784705000,WT-RES,18358-WT-000,3434690295,317 LINDEN ST,FDL-15-17-15-13-564-00,
2004-09-02-12.09.00,9/1/04,29104041,02,NI-RETIRED,5/29/25,SM-DISC-B75,490795707400,WT-RES,22136-WT-000,8569641352,176 S HICKORY ST,FDL-15-17-16-11-132-00,
2004-09-03-12.09.00,9/2/04,19814868,01,NI-RETIRED,1/23/25,SM-DISC-B58,046137837000,WT-RES,25630-WT-000,3992836347,365 18TH ST,FDL-15-17-23-21-050-00,
2004-09-07-12.09.00,9/6/04,19814857,02,NI-RETIRED,5/12/25,SM-DISC-B58,750515659600,WT-RES,22198-WT-000,1661283297,485 WESTERN AVE,FDL-15-17-16-11-163-00,
2004-09-07-12.09.00,9/6/04,29136155,01,NI-RETIRED,8/6/24,SM-DISC-B100,249248870800,WT-RES,24372-WT-000,1603845584,615 GRACE AVE,FDL-15-17-22-12-273-00,
2004-09-07-12.09.00,9/6/04,29472312,01,NI-RETIRED,8/13/24,SM-DISC-B58,448516089100,WT-RES,24406-WT-000,3804542564,70 SUNSET CIR,FDL-15-17-22-12-290-00,
2004-09-07-12.09.00,9/6/04,29472313,03,NI-RETIRED,1/24/25,SM-DISC-B58,309519806900,WT-RES,8874-WT-000,5875429159,209 N PARK AVE,FDL-15-17-11-23-638-00,
2004-09-07-12.09.00,9/6/04,29472316,01,NI-RETIRED,1/22/25,SM-DISC-B58,147777752000,WT-RES,25232-WT-000,3467872567,517 MAONA AVE,FDL-15-17-23-12-284-00,
2004-09-07-12.09.00,9/6/04,29472317,03,NI-RETIRED,1/24/25,SM-DISC-B58,133543346400,WT-RES,8836-WT-000,9046430894,229 E FOLLETT ST,FDL-15-17-11-23-619-00,
2004-09-07-12.09.00,9/6/04,29472318,02,NI-RETIRED,5/20/25,SM-DISC-B58,707009867500,WT-RES,22196-WT-000,3816440612,491 WESTERN AVE,FDL-15-17-16-11-162-00,
2004-09-08-12.09.00,9/7/04,29472322,01,NI-RETIRED,1/22/25,SM-DISC-B58,078096187300,WT-RES,24388-WT-000,8601403035,12 WOODLAND AVE,FDL-15-17-22-12-281-00,
2004-09-08-12.09.00,9/7/04,29472324,03,NI-RETIRED,1/9/25,SM-DISC-B58,233397756200,WT-RES,342-WT-000,8737550827,267 E SCOTT ST,FDL-15-17-02-33-543-00,
2004-09-09-12.09.00,9/8/04,19814915,02,NI-RETIRED,4/21/25,SM-DISC-B58,287503115900,WT-RES,19146-WT-000,6661271147,400 RUGGLES ST,FDL-15-17-15-22-307-00,
2004-09-09-12.09.00,9/8/04,29104020,01,NI-RETIRED,1/10/25,SM-DISC-B75,880047796200,WT-RES,12846-WT-000,8628620711,468 CROWFOOT AVE,FDL-15-17-13-43-505-00,
2004-09-09-12.09.00,9/8/04,29472320,02,NI-RETIRED,4/11/25,SM-DISC-B58,599212611000,WT-RES,22220-WT-000,1055926534,429 WESTERN AVE,FDL-15-17-16-11-174-00,
2004-09-09-12.09.00,9/8/04,29472328,03,NI-RETIRED,1/24/25,SM-DISC-B58,174508194900,WT-RES,9192-WT-000,2394102420,298 MC KINLEY ST,FDL-15-17-11-24-884-00,
2004-09-10-12.09.00,9/9/04,19814911,01,NI-RETIRED,1/23/25,SM-DISC-B58,825397895800,WT-RES,24530-WT-000,1980433771,50 SUNSET CIR,FDL-15-17-22-13-528-00,
2004-09-10-12.09.00,9/9/04,29104001,01,NI-RETIRED,8/8/24,SM-DISC-B75,313453745400,WT-RES,36474-WT-000,3872462377,43 SOUTHERN EDGE DR,FDL-15-17-26-21-067-00,
2004-09-10-12.09.00,9/9/04,29104005,03,NI-RETIRED,1/9/25,SM-DISC-B75,220174141800,WT-RES,35204-WT-000,8550431087,1603 HUNTER AVE,FDL-15-18-06-43-532-00,
2004-09-10-12.09.00,9/9/04,29472315,03,NI-RETIRED,1/24/25,SM-DISC-B58,946912491900,WT-RES,9086-WT-000,7461672723,315 ROSE AVE,FDL-15-17-11-24-831-00,
2004-09-13-12.09.00,9/12/04,19814874,03,NI-RETIRED,1/24/25,SM-DISC-B58,361761053600,WT-RES,8692-WT-000,7802325033,252 E COTTON ST,FDL-15-17-11-23-547-00,
2004-09-13-12.09.00,9/12/04,29104019,01,NI-RETIRED,8/8/24,SM-DISC-B75,576431670800,WT-RES,37278-WT-000,4852328059,1344 S PARK AVE,FDL-15-17-26-24-761-01,
2004-09-14-12.09.00,9/13/04,19814903,03,NI-RETIRED,1/9/25,SM-DISC-B58,180499343100,WT-RES,32466-WT-000,7229189165,506 NORTHGATE ST,FDL-15-17-02-34-796-00,
2004-09-14-12.09.00,9/13/04,19814906,03,NI-RETIRED,1/21/26,SM-DISC-B58,248835924100,WT-RES,8038-WT-000,3072145807,292 BISCHOFF ST,FDL-15-17-11-21-067-00,
2004-09-14-12.09.00,9/13/04,29104036,01,NI-RETIRED,2/25/25,SM-DISC-B75,942407865900,WT-RES,34114-WT-000,2097066331,1212 WINCHESTER AVE,FDL-15-17-26-12-301-00,
2004-09-15-12.09.00,9/14/04,19814878,03,NI-RETIRED,1/24/25,SM-DISC-B58,094238731700,WT-RES,9062-WT-000,1572689802,281 ROOSEVELT ST,FDL-15-17-11-24-819-00,
2004-09-15-12.09.00,9/14/04,19814896,03,NI-RETIRED,1/19/26,SM-DISC-B58,945811328600,WT-RES,8204-WT-000,0099648324,367 MOHAWK AVE,FDL-15-17-11-21-150-00,
2004-09-15-12.09.00,9/14/04,19814912,01,NI-RETIRED,1/23/25,SM-DISC-B58,818577045200,WT-RES,16640-WT-000,7561192395,169 14TH ST,FDL-15-17-14-33-596-00,
2004-09-15-12.09.00,9/14/04,19814913,02,NI-RETIRED,5/19/25,SM-DISC-B58,635119332100,WT-RES,22194-WT-000,3025305482,501 WESTERN AVE,FDL-15-17-16-11-161-00,
2004-09-15-12.09.00,9/14/04,29104048,01,NI-RETIRED,8/8/24,SM-DISC-B75,455384513100,WT-RES,36562-WT-000,5643166700,1340 S PARK AVE,FDL-15-17-26-24-761-00,
2004-09-15-12.09.00,9/14/04,29472309,03,NI-RETIRED,1/20/25,SM-DISC-B58,943287131100,WT-RES,8830-WT-000,1273524548,219 E FOLLETT ST,FDL-15-17-11-23-616-00,
2004-09-16-12.09.00,9/15/04,19814887,03,NI-RETIRED,1/23/25,SM-DISC-B58,625923256500,WT-RES,4044-WT-000,5062513880,291 N MILITARY RD,FDL-15-17-10-13-532-00,
2004-09-16-12.09.00,9/15/04,19814910,01,NI-RETIRED,1/9/25,SM-DISC-B58,388453673000,WT-RES,25192-WT-000,5431690648,55 WAKAWN AVE,FDL-15-17-23-12-264-00,
2004-09-17-12.09.00,9/16/04,01129956,01,NI-RETIRED,2/25/25,SM-DISC-B100,363858724800,WT-RES,24714-WT-000,0033770378,37 21ST ST,FDL-15-17-22-14-835-00,
2004-09-20-12.09.00,9/19/04,29472323,01,NI-RETIRED,1/22/25,SM-DISC-B58,628401244400,WT-RES,21304-WT-000,9362590388,591 CLARK ST,FDL-15-17-15-43-591-00,
2004-09-21-12.09.00,9/20/04,29103999,03,NI-RETIRED,1/9/25,SM-DISC-B75,370537206000,WT-RES,620-WT-000,8526702366,84 AURORA LN,FDL-15-17-02-42-301-00,
2004-09-22-12.09.00,9/21/04,29472314,02,NI-RETIRED,4/14/25,SM-DISC-B58,712213961600,WT-RES,22864-WT-000,2020615569,498 HIGHLAND CT,FDL-15-17-16-14-777-00,
2004-09-23-12.09.00,9/22/04,17861667,01,NI-RETIRED,8/8/24,SM-DISC-B75,887502554300,WT-RES,36464-WT-000,4600828658,77 SOUTHERN EDGE DR,FDL-15-17-26-21-062-00,
2004-09-23-12.09.00,9/22/04,18440371,01,NI-RETIRED,8/7/24,SM-DISC-B100,035093467900,WT-RES,18390-WT-000,8575480947,262 LINDEN ST,FDL-15-17-15-13-580-00,
2004-09-23-12.09.00,9/22/04,29136156,03,NI-RETIRED,8/7/24,SM-DISC-B100,518983619700,WT-RES,35180-WT-000,0318038296,33 HUNTERS CT,FDL-15-18-06-43-536-00,
2004-09-24-12.09.00,9/23/04,29472325,02,NI-RETIRED,4/25/25,SM-DISC-B58,933921462200,WT-RES,30578-WT-000,9028416326,632 PALMAR PL,FDL-15-17-16-13-597-00,
2004-09-27-12.09.00,9/26/04,16410435,01,NI-RETIRED,2/25/25,SM-DISC-B58,065354363100,WT-RES,20978-WT-000,1634729128,55 W 11TH ST,FDL-15-17-15-42-272-00,
2004-09-27-12.09.00,9/26/04,29103997,01,NI-RETIRED,8/8/24,SM-DISC-B75,451037912600,WT-RES,27746-WT-000,0129655712,809 ESTATE DR,FDL-15-17-24-14-762-00,
2004-09-28-12.09.00,9/27/04,29104046,01,NI-RETIRED,1/10/25,SM-DISC-B75,447378715400,WT-RES,13270-WT-000,8513100453,547 CROWFOOT AVE,FDL-15-17-13-44-855-00,
2004-09-28-12.09.00,9/27/04,29468747,02,NI-RETIRED,5/29/25,SM-DISC-B75,775117391400,WT-RES,37076-WT-000,3076610050,342 SOUTHLAKE CIR,FDL-15-17-22-44-788-00,
2004-09-28-12.09.00,9/27/04,29468749,02,NI-RETIRED,5/29/25,SM-DISC-B75,945875385700,WT-RES,37078-WT-000,4074857400,344 SOUTHLAKE CIR,FDL-15-17-22-44-789-00,
2004-09-28-12.09.00,9/27/04,29472326,02,NI-RETIRED,4/25/25,SM-DISC-B58,601943743800,WT-RES,22596-WT-000,2821624289,285 MUENTER AVE,FDL-15-17-16-13-538-00,
2004-09-28-12.09.00,9/27/04,29472334,02,NI-RETIRED,4/14/25,SM-DISC-B58,444893665200,WT-RES,22746-WT-000,8874863069,601 SUNSET LN,FDL-15-17-16-13-613-00,
2004-09-29-12.09.00,9/28/04,19814907,03,NI-RETIRED,1/24/25,SM-DISC-B58,056292740600,WT-RES,8972-WT-000,4446440875,234 TAFT ST,FDL-15-17-11-24-773-00,
2004-09-29-12.09.00,9/28/04,29104039,03,NI-RETIRED,1/9/25,SM-DISC-B75,141397432300,WT-RES,11130-WT-000,9500966853,102 UNIVERSITY DR,FDL-15-17-12-31-043-00,
2004-09-29-12.09.00,9/28/04,29104054,03,NI-RETIRED,1/9/25,SM-DISC-B75,909505680500,WT-RES,11096-WT-000,1120662766,124 UNIVERSITY DR,FDL-15-17-12-31-026-00,
2004-09-29-12.09.00,9/28/04,29472329,02,NI-RETIRED,4/14/25,SM-DISC-B58,468054173300,WT-RES,22608-WT-000,6086815896,259 MUENTER AVE,FDL-15-17-16-13-544-00,
2004-09-30-12.09.00,9/29/04,29104017,03,NI-RETIRED,1/9/25,SM-DISC-B75,522047817400,WT-RES,11152-WT-000,4440922833,69 BRYN MAWR CIR,FDL-15-17-12-32-256-00,
2004-10-01-12.10.00,9/30/04,29104016,03,NI-RETIRED,11/10/25,SM-DISC-B75,956339065600,WT-RES,32312-WT-000,4729731284,579 E SCOTT ST,FDL-15-17-02-44-761-00,
2004-10-04-12.10.00,10/3/04,19814902,03,NI-RETIRED,1/23/25,SM-DISC-B58,413735405700,WT-RES,10510-WT-000,9626026502,154 MEADOWBROOK BLVD,FDL-15-17-11-41-034-00,
2004-10-04-12.10.00,10/3/04,29472335,02,NI-RETIRED,4/14/25,SM-DISC-B58,595422893100,WT-RES,22728-WT-000,3059580002,281 S PETERS AVE,FDL-15-17-16-13-604-00,
2004-10-05-12.10.00,10/4/04,29472336,02,NI-RETIRED,4/14/25,SM-DISC-B58,802218412400,WT-RES,22672-WT-000,3343129054,240 HILLCREST LN,FDL-15-17-16-13-576-00,
2004-10-06-12.10.00,10/5/04,19814818,01,NI-RETIRED,1/9/25,SM-DISC-B58,190757473200,WT-RES,18822-WT-000,1953030612,45 8TH ST,FDL-15-17-15-14-922-00,
2004-10-06-12.10.00,10/5/04,19814909,01,NI-RETIRED,4/11/25,SM-DISC-B58,561095158500,WT-RES,15604-WT-000,4646445599,342 6TH ST,FDL-15-17-14-24-890-00,
2004-10-06-12.10.00,10/5/04,29468748,01,NI-RETIRED,2/25/25,SM-DISC-B75,605900080400,WT-RES,35836-WT-000,5017411683,51 COUGAR CT,FDL-15-17-26-12-321-00,
2004-10-07-12.10.00,10/6/04,17861640,01,NI-RETIRED,1/9/25,SM-DISC-B75,946365078000,WT-RES,12802-WT-000,5062359446,437 CROWFOOT AVE,FDL-15-17-13-42-328-00,
2004-10-07-12.10.00,10/6/04,19608717,02,NI-RETIRED,5/28/25,SM-DISC-B75,566968218900,WT-RES,37080-WT-000,4160355671,346 SOUTHLAKE CIR,FDL-15-17-22-44-790-00,
2004-10-11-12.10.00,10/10/04,19814783,01,NI-RETIRED,8/13/24,SM-DISC-B58,701007642900,WT-RES,25402-WT-000,8672255087,905 MEQUON AVE,FDL-15-17-23-14-763-00,
2004-10-11-12.10.00,10/10/04,19814914,01,NI-RETIRED,8/15/24,SM-DISC-B58,888923569400,WT-RES,21300-WT-000,6731325355,600 CLARK ST,FDL-15-17-15-43-589-00,
2004-10-11-12.10.00,10/10/04,29104033,01,NI-RETIRED,1/9/25,SM-DISC-B75,368715364600,WT-RES,24592-WT-000,9920375366,133 GUINDON BLVD,FDL-15-17-22-14-777-00,
2004-10-11-12.10.00,10/10/04,29136160,01,NI-RETIRED,8/7/24,SM-DISC-B100,339557006100,WT-COM,37238-WT-000,7395945708,912 MARTIN AVE LAUND,FDL-15-17-23-31-002-00,
2004-10-11-12.10.00,10/10/04,29468743,02,NI-RETIRED,3/28/25,SM-DISC-B75,420135703500,WT-RES,22766-WT-000,7839088914,625 SKYLINE CT,FDL-15-17-16-13-623-00,
2004-10-11-12.10.00,10/10/04,29468750,01,NI-RETIRED,1/9/25,SM-DISC-B75,881634950600,WT-RES,17172-WT-000,6740279545,606 8TH ST,FDL-15-17-14-41-006-00,
2004-10-12-12.10.00,10/11/04,29472345,01,NI-RETIRED,1/23/25,SM-DISC-B58,645451902700,WT-RES,21356-WT-000,7481895831,40 W 13TH ST,FDL-15-17-15-43-617-00,
2004-10-13-12.10.00,10/12/04,29130794,01,NI-RETIRED,2/2/26,SM-DISC-B75,340342984200,WT-RES,37100-WT-000,6036014275,800 MULLEN DR,FDL-15-17-24-22-282-00,
2004-10-13-12.10.00,10/12/04,29472343,01,NI-RETIRED,1/23/25,SM-DISC-B58,892670629700,WT-RES,21282-WT-000,4617180799,593 ELIZABETH ST,FDL-15-17-15-43-580-00,
2004-10-13-12.10.00,10/12/04,29472347,01,NI-RETIRED,1/20/25,SM-DISC-B58,666171740000,WT-RES,16126-WT-000,7029407778,262 E 9TH ST,FDL-15-17-14-32-298-00,
2004-10-13-12.10.00,10/12/04,29472368,02,NI-RETIRED,4/14/25,SM-DISC-B58,369953447800,WT-RES,22668-WT-000,1163963812,228 HILLCREST LN,FDL-15-17-16-13-574-00,
2004-10-14-12.10.00,10/13/04,29130793,01,NI-RETIRED,1/9/25,SM-DISC-B75,948821416000,WT-RES,12812-WT-000,4188951771,1148 PRIMROSE LN,FDL-15-17-13-42-333-00,
2004-10-14-12.10.00,10/13/04,29472361,01,NI-RETIRED,4/19/24,SM-DISC-B58,640100960000,WT-RES,16414-WT-000,6876281236,223 E 11TH ST,FDL-15-17-14-32-442-00,
2004-10-14-12.10.00,10/13/04,29472369,01,NI-RETIRED,1/9/25,SM-DISC-B58,446145227800,WT-RES,21050-WT-000,1348815675,363 LINDEN ST,FDL-15-17-15-42-309-00,
2004-10-14-12.10.00,10/13/04,29472372,01,NI-RETIRED,8/15/24,SM-DISC-B58,059631939900,WT-RES,21148-WT-000,3933223144,470 LINDEN ST,FDL-15-17-15-43-510-00,
2004-10-14-12.10.00,10/13/04,29472374,01,NI-RETIRED,1/9/25,SM-DISC-B58,282677252500,WT-RES,21022-WT-000,1412139198,439 LINDEN ST,FDL-15-17-15-42-295-00,
2004-10-14-12.10.00,10/13/04,29472375,01,NI-RETIRED,1/9/25,SM-DISC-B58,419462468800,WT-RES,17586-WT-000,2597735448,431 REGENT ST,FDL-15-17-14-42-306-00,
2004-10-15-12.10.00,10/14/04,29472373,01,NI-RETIRED,1/21/26,SM-DISC-B58,387769179700,WT-RES,13844-WT-000,4581961344,447 5TH ST,FDL-15-17-14-13-560-00,
2004-10-15-12.10.00,10/14/04,29472377,02,NI-RETIRED,5/12/25,SM-DISC-B58,424408785100,WT-RES,22222-WT-000,8827827420,427 WESTERN AVE,FDL-15-17-16-11-175-00,
2004-10-15-12.10.00,10/14/04,29472378,03,NI-RETIRED,1/24/25,SM-DISC-B58,167051620800,WT-RES,9172-WT-000,7122483024,277 E FOLLETT ST,FDL-15-17-11-24-874-00,
2004-10-18-12.10.00,10/17/04,29468742,01,NI-RETIRED,8/8/24,SM-DISC-B75,611748245600,WT-RES,34118-WT-000,7357254986,1198 WINCHESTER AVE,FDL-15-17-26-11-040-00,
2004-10-18-12.10.00,10/17/04,29472380,03,NI-RETIRED,1/20/25,SM-DISC-B58,328245287400,WT-RES,9218-WT-000,0790852433,269 E FOLLETT ST,FDL-15-17-11-24-898-00,
2004-10-18-12.10.00,10/17/04,29472384,02,NI-RETIRED,4/14/25,SM-DISC-B58,547262730000,WT-RES,22664-WT-000,8329949621,251 HILLCREST LN,FDL-15-17-16-13-572-00,
2004-10-19-12.10.00,10/18/04,29472359,02,NI-RETIRED,5/12/25,SM-DISC-B58,712823786600,WT-RES,22232-WT-000,1362584268,542 FOREST AVE,FDL-15-17-16-12-251-00,
2004-10-19-12.10.00,10/18/04,29472364,01,NI-RETIRED,1/23/25,SM-DISC-B58,720863583900,WT-RES,17092-WT-000,7192694575,321 15TH ST,FDL-15-17-14-34-898-00,
2004-10-22-12.10.00,10/21/04,29104034,01,NI-RETIRED,8/8/24,SM-DISC-B75,800603549200,WT-RES,35752-WT-000,3036034794,172 YACOUB LN,FDL-15-17-26-21-036-00,
2004-10-25-12.10.00,10/24/04,29472339,01,NI-RETIRED,1/22/25,SM-DISC-B58,770341634400,WT-RES,26234-WT-000,0594985742,88 ARVEY LN,FDL-15-17-23-24-758-00,
2004-10-25-12.10.00,10/24/04,29472340,01,NI-RETIRED,2/25/25,SM-DISC-B58,955339000400,WT-RES,26240-WT-000,1548769291,64 ARVEY LN,FDL-15-17-23-24-761-00,
2004-10-25-12.10.00,10/24/04,29472342,01,NI-RETIRED,8/15/24,SM-DISC-B58,427676615000,WT-RES,25738-WT-000,1699461130,54 ARVEY LN,FDL-15-17-23-21-104-00,
2004-10-25-12.10.00,10/24/04,29472386,01,NI-RETIRED,8/13/24,SM-DISC-B58,623265231700,WT-RES,25952-WT-000,8323911211,250 19TH ST,FDL-15-17-23-22-317-00,
2004-10-25-12.10.00,10/24/04,29472396,02,NI-RETIRED,4/25/25,SM-DISC-B58,395442242400,WT-RES,22658-WT-000,9456215218,271 HILLCREST LN,FDL-15-17-16-13-569-00,
2004-10-26-12.10.00,10/25/04,19814927,01,NI-RETIRED,8/15/24,SM-DISC-B58,998429861000,WT-RES,25788-WT-000,3357165399,153 ARVEY LN,FDL-15-17-23-21-129-00,
2004-10-26-12.10.00,10/25/04,29104032,01,NI-RETIRED,1/9/25,SM-DISC-B75,161449911400,WT-RES,25516-WT-000,6824808595,970 MEQUON AVE,FDL-15-17-23-14-820-00,
2004-10-26-12.10.00,10/25/04,29472365,01,NI-RETIRED,8/15/24,SM-DISC-B58,545451036500,WT-RES,25428-WT-000,2858185635,900 MEQUON AVE,FDL-15-17-23-14-776-00,
2004-10-26-12.10.00,10/25/04,29472385,01,NI-RETIRED,1/9/25,SM-DISC-B58,911886474700,WT-RES,17352-WT-000,5043333593,597 BOYD ST,FDL-15-17-14-41-096-00,
2004-10-26-12.10.00,10/25/04,29472438,01,NI-RETIRED,8/13/24,SM-DISC-B58,915427482400,WT-RES,25742-WT-000,0831475808,43 ARVEY LN,FDL-15-17-23-21-106-00,
2004-10-27-12.10.00,10/26/04,29472411,01,NI-RETIRED,8/15/24,SM-DISC-B58,467244846400,WT-RES,26318-WT-000,3387139854,843 STERLING DR,FDL-15-17-23-24-800-00,
2004-10-27-12.10.00,10/26/04,29472413,01,NI-RETIRED,8/13/24,SM-DISC-B58,090004847000,WT-RES,26304-WT-000,7260180183,824 STERLING DR,FDL-15-17-23-24-793-00,
2004-10-27-12.10.00,10/26/04,29472415,01,NI-RETIRED,1/9/25,SM-DISC-B58,547017690800,WT-RES,16242-WT-000,3259837220,246 E 10TH ST,FDL-15-17-14-32-356-00,
2004-10-27-12.10.00,10/26/04,29472433,03,NI-RETIRED,1/24/25,SM-DISC-B58,847614148800,WT-RES,8682-WT-000,3063198747,224 E COTTON ST,FDL-15-17-11-23-542-00,
2004-10-27-12.10.00,10/26/04,29472435,01,NI-RETIRED,8/13/24,SM-DISC-B58,410638925300,WT-RES,26248-WT-000,5209974677,760 STERLING DR,FDL-15-17-23-24-765-00,
2004-10-28-12.10.00,10/27/04,29472398,01,NI-RETIRED,2/25/25,SM-DISC-B58,079272774000,WT-RES,16122-WT-000,8857015529,274 E 9TH ST,FDL-15-17-14-32-296-00,
2004-10-28-12.10.00,10/27/04,29472412,01,NI-RETIRED,8/15/24,SM-DISC-B58,367923741800,WT-RES,26330-WT-000,0717720845,828 ELLEN LN,FDL-15-17-23-24-806-00,
2004-10-28-12.10.00,10/27/04,29472414,01,NI-RETIRED,8/13/24,SM-DISC-B58,844458710600,WT-RES,26322-WT-000,2204243042,823 STERLING DR,FDL-15-17-23-24-802-00,
2004-10-28-12.10.00,10/27/04,29472427,01,NI-RETIRED,1/9/25,SM-DISC-B58,228939202700,WT-RES,20700-WT-000,1900117936,371 S MARR ST,FDL-15-17-15-41-084-00,
2004-10-28-12.10.00,10/27/04,29472428,01,NI-RETIRED,1/22/25,SM-DISC-B58,374526625200,WT-RES,24206-WT-000,7453127093,83 18TH ST,FDL-15-17-22-11-048-00,
2004-10-28-12.10.00,10/27/04,29472429,01,NI-RETIRED,1/23/25,SM-DISC-B58,526307104600,WT-RES,24190-WT-000,4361611879,141 18TH ST,FDL-15-17-22-11-040-00,
2004-10-28-12.10.00,10/27/04,29472432,01,NI-RETIRED,1/23/25,SM-DISC-B58,499630239100,WT-RES,24202-WT-000,1117089731,95 18TH ST,FDL-15-17-22-11-046-00,
2004-10-28-12.10.00,10/27/04,29472434,01,NI-RETIRED,8/13/24,SM-DISC-B58,849254408300,WT-RES,25764-WT-000,1275187253,702 BRUCE ST,FDL-15-17-23-21-117-00,
2004-10-29-12.10.00,10/28/04,29472418,01,NI-RETIRED,8/15/24,SM-DISC-B58,772247639700,WT-RES,25954-WT-000,2490445326,234 19TH ST,FDL-15-17-23-22-318-00,
2004-10-29-12.10.00,10/28/04,29472419,01,NI-RETIRED,8/13/24,SM-DISC-B58,977827230100,WT-RES,26238-WT-000,1460155855,72 ARVEY LN,FDL-15-17-23-24-760-00,
2004-10-29-12.10.00,10/28/04,29472424,01,NI-RETIRED,8/13/24,SM-DISC-B58,854939078800,WT-RES,25880-WT-000,1996418546,55 PARK LN,FDL-15-17-23-22-281-00,
2004-10-29-12.10.00,10/28/04,29472426,02,NI-RETIRED,5/19/25,SM-DISC-B58,967073985900,WT-RES,22246-WT-000,4316819610,576 FOREST AVE,FDL-15-17-16-12-258-00,
2004-10-29-12.10.00,10/28/04,29472439,01,NI-RETIRED,8/15/24,SM-DISC-B58,428510450100,EX-RES,25954-EX-000,2490445326,234 19TH ST,FDL-15-17-23-22-318-00,
2004-10-29-12.10.00,10/28/04,29472440,01,NI-RETIRED,1/23/25,SM-DISC-B58,600548753600,WT-RES,25886-WT-000,2696251006,30 PARK LN,FDL-15-17-23-22-284-00,
2004-10-29-12.10.00,10/28/04,29472441,01,NI-RETIRED,2/25/25,SM-DISC-B58,172210718300,WT-RES,20788-WT-000,4279567327,422 SHERMAN ST,FDL-15-17-15-41-128-00,
2004-11-02-12.11.00,11/1/04,29472360,01,NI-RETIRED,1/23/25,SM-DISC-B58,493923994400,WT-RES,21860-WT-000,7958378819,136 15TH ST,FDL-15-17-15-44-959-00,
2004-11-02-12.11.00,11/1/04,29472475,01,NI-RETIRED,8/13/24,SM-DISC-B58,050262730600,WT-RES,25258-WT-000,3353456749,474 MAONA AVE,FDL-15-17-23-12-297-00,
2004-11-03-12.11.00,11/2/04,19814782,03,NI-RETIRED,1/20/25,SM-DISC-B58,243679971600,WT-RES,9150-WT-000,1001833622,235 MC KINLEY ST,FDL-15-17-11-24-863-00,
2004-11-03-12.11.00,11/2/04,29472350,01,NI-RETIRED,1/17/25,SM-DISC-B58,757141492700,WT-RES,15762-WT-000,5510037605,358 E 9TH ST,FDL-15-17-14-31-053-00,
2004-11-04-12.11.00,11/3/04,29472363,01,NI-RETIRED,8/13/24,SM-DISC-B58,300089077300,WT-RES,25782-WT-000,5360923762,115 ARVEY LN,FDL-15-17-23-21-126-00,
2004-11-04-12.11.00,11/3/04,29472408,01,NI-RETIRED,1/8/25,SM-DISC-B58,073844985900,WT-RES,18370-WT-000,4472955194,316 LINDEN ST,FDL-15-17-15-13-570-00,
2004-11-05-12.11.00,11/4/04,29472393,01,NI-RETIRED,1/23/25,SM-DISC-B58,856981059500,WT-RES,24204-WT-000,8070070674,87 18TH ST,FDL-15-17-22-11-047-00,
2004-11-05-12.11.00,11/4/04,29472407,01,NI-RETIRED,1/2/25,SM-DISC-B58,797892616500,WT-RES,16390-WT-000,9370411933,258 BOYD ST,FDL-15-17-14-32-430-00,
2004-11-08-12.11.00,11/7/04,29104049,01,NI-RETIRED,8/8/24,SM-DISC-B75,333623560300,WT-RES,36556-WT-000,8341937319,1286 S PARK AVE,FDL-15-17-26-24-755-00,
2004-11-08-12.11.00,11/7/04,29468745,01,NI-RETIRED,2/25/25,SM-DISC-B75,546204958400,WT-RES,26336-WT-000,4240573253,864 ELLEN LN,FDL-15-17-23-24-809-00,
2004-11-08-12.11.00,11/7/04,29472395,01,NI-RETIRED,1/23/25,SM-DISC-B58,533278610800,WT-RES,25944-WT-000,3171902951,223 19TH ST,FDL-15-17-23-22-313-00,
2004-11-09-12.11.00,11/8/04,29472423,01,NI-RETIRED,1/22/25,SM-DISC-B58,311884317700,WT-RES,25882-WT-000,1682722695,25 PARK LN,FDL-15-17-23-22-282-00,
2004-11-09-12.11.00,11/8/04,29472447,01,NI-RETIRED,8/13/24,SM-DISC-B58,346602637000,WT-RES,25274-WT-000,4836053195,719 MARTIN AVE,FDL-15-17-23-12-305-00,
2004-11-09-12.11.00,11/8/04,29472449,01,NI-RETIRED,1/22/25,SM-DISC-B58,061802262700,WT-RES,26320-WT-000,9348618147,833 STERLING DR,FDL-15-17-23-24-801-00,
2004-11-10-12.11.00,11/9/04,29472355,01,NI-RETIRED,2/25/25,SM-DISC-B58,865017107300,WT-RES,20748-WT-000,5007709294,381 GRANT ST,FDL-15-17-15-41-108-00,
2004-11-10-12.11.00,11/9/04,29472362,01,NI-RETIRED,1/2/25,SM-DISC-B58,464085952800,WT-RES,20782-WT-000,1740332393,408 SHERMAN ST,FDL-15-17-15-41-125-00,
2004-11-10-12.11.00,11/9/04,29472402,01,NI-RETIRED,1/2/25,SM-DISC-B58,990020459700,WT-RES,15178-WT-000,0196926402,181 7TH ST,FDL-15-17-14-23-628-00,
2004-11-11-12.11.00,11/10/04,29472409,02,NI-RETIRED,8/7/24,SM-DISC-B58,993313349700,WT-RES,14222-WT-000,4071876805,309 E 1ST ST,FDL-15-17-14-21-031-00,
2004-11-12-12.11.00,11/11/04,18117596,03,NI-RETIRED,1/9/25,SM-DISC-B58,430493523700,WT-RES,8316-WT-000,5266893263,231 BISCHOFF ST,FDL-15-17-11-22-289-00,
2004-11-12-12.11.00,11/11/04,29472430,02,NI-RETIRED,1/23/25,SM-DISC-B58,612616810300,WT-RES,10280-WT-000,9899559806,19 CHAMPION AVE,FDL-15-17-11-34-799-00,
2004-11-15-12.11.00,11/14/04,29104050,01,NI-RETIRED,2/25/25,SM-DISC-B75,284559714200,WT-RES,29262-WT-000,6796377881,97 1/2 8TH ST,FDL-15-17-15-14-912-00,
2004-11-15-12.11.00,11/14/04,29468746,01,NI-RETIRED,2/25/25,SM-DISC-B75,143411650800,WT-RES,18802-WT-000,9493171780,95 8TH ST,FDL-15-17-15-14-912-00,
2004-11-15-12.11.00,11/14/04,29468751,01,NI-RETIRED,1/9/25,SM-DISC-B75,120830392000,WT-RES,29264-WT-000,7851086717,97 8TH ST,FDL-15-17-15-14-912-00,
2004-11-15-12.11.00,11/14/04,29472352,01,NI-RETIRED,1/22/25,SM-DISC-B58,818772429700,WT-RES,25874-WT-000,3725215257,624 S PARK AVE,FDL-15-17-23-22-278-00,
2004-11-15-12.11.00,11/14/04,29472403,02,NI-RETIRED,1/23/25,SM-DISC-B58,935253377200,WT-RES,14730-WT-000,0353142014,263 E 2ND ST,FDL-15-17-14-22-343-00,
2004-11-15-12.11.00,11/14/04,29472437,02,NI-RETIRED,1/23/25,SM-DISC-B58,798775257200,WT-RES,31178-WT-000,6178053525,263 1/2 E 2ND ST,FDL-15-17-14-22-343-00,
2004-11-16-12.11.00,11/15/04,29130796,02,NI-RETIRED,1/10/25,SM-DISC-B75,350453055200,WT-RES,37254-WT-000,9791016077,236 E 2ND ST UPPER,FDL-15-17-14-22-350-00,
2004-11-16-12.11.00,11/15/04,29472400,02,NI-RETIRED,1/23/25,SM-DISC-B58,219759882100,WT-COM,14744-WT-000,1280543217,236 E 2ND ST    ER,FDL-15-17-14-22-350-00,
2004-11-17-12.11.00,11/16/04,29472410,02,NI-RETIRED,4/11/25,SM-DISC-B58,626022760900,WT-RES,30568-WT-000,3888964850,595 SUNSET LN,FDL-15-17-16-13-61200-,
2004-11-18-12.11.00,11/17/04,29472397,02,NI-RETIRED,5/12/25,SM-DISC-B58,577119414800,WT-RES,5648-WT-000,0272178318,319 FOREST AVE,FDL-15-17-10-33-511-00,
2004-11-18-12.11.00,11/17/04,29472404,02,NI-RETIRED,1/23/25,SM-DISC-B58,969960362200,WT-RES,9992-WT-000,4620790560,43 N PARK AVE,FDL-15-17-11-33-533-00,
2004-11-18-12.11.00,11/17/04,29472420,02,NI-RETIRED,1/24/25,SM-DISC-B58,791994617500,WT-RES,14376-WT-000,5737351537,354 E 2ND ST,FDL-15-17-14-21-108-00,
2004-11-18-12.11.00,11/17/04,29472431,02,NI-RETIRED,5/20/25,SM-DISC-B58,701361465800,WT-RES,20300-WT-000,7569550395,390 EVERGREEN AVE,FDL-15-17-15-33-596-00,
2004-11-18-12.11.00,11/17/04,29472444,01,NI-RETIRED,1/23/25,SM-DISC-B58,241482185600,WT-RES,26278-WT-000,1755943046,709 STERLING DR,FDL-15-17-23-24-780-00,
2004-11-19-12.11.00,11/18/04,29472443,01,NI-RETIRED,1/22/25,SM-DISC-B58,179502695900,WT-RES,26282-WT-000,3370310318,725 STERLING DR,FDL-15-17-23-24-782-00,
2004-11-22-12.11.00,11/21/04,17908189,02,NI-RETIRED,5/29/25,SM-DISC-B75,653902031500,WT-RES,37086-WT-000,5556730700,364 SOUTHLAKE CIR,FDL-15-17-22-44-793-00,
2004-11-22-12.11.00,11/21/04,29472337,02,NI-RETIRED,4/14/25,SM-DISC-B58,854311962900,WT-RES,30576-WT-000,5574273992,628 PALMAR PL,FDL-15-17-16-13-598-00,
2004-11-23-12.11.00,11/22/04,18391844,01,NI-RETIRED,8/13/24,SM-DISC-B75,839610813300,WT-RES,26340-WT-000,6184598366,861 ELLEN LN,FDL-15-17-23-24-811-00,
2004-11-23-12.11.00,11/22/04,29472448,01,NI-RETIRED,8/13/24,SM-DISC-B58,163085905800,EX-RES,26340-EX-000,6184598366,861 ELLEN LN,FDL-15-17-23-24-811-00,
2004-11-24-12.11.00,11/23/04,29472455,02,NI-RETIRED,4/25/25,SM-DISC-B58,762163766400,WT-RES,5750-WT-000,6752781913,41 S BOARDMAN ST,FDL-15-17-10-33-562-00,
2004-11-29-12.11.00,11/28/04,29104031,01,NI-RETIRED,8/13/24,SM-DISC-B75,162683562500,WT-RES,26272-WT-000,8982731438,685 STERLING DR,FDL-15-17-23-24-777-00,
2004-11-29-12.11.00,11/28/04,29472454,01,NI-RETIRED,1/23/25,SM-DISC-B58,196359562400,WT-RES,21278-WT-000,3370083383,600 ELIZABETH ST,FDL-15-17-15-43-578-00,
2004-11-29-12.11.00,11/28/04,29472456,01,NI-RETIRED,8/13/24,SM-DISC-B58,011151306900,WT-RES,25806-WT-000,6825828189,158 ARVEY LN,FDL-15-17-23-21-138-00,
2004-11-29-12.11.00,11/28/04,29472457,01,NI-RETIRED,1/23/25,SM-DISC-B58,194314836500,WT-RES,25830-WT-000,4753951316,240 17TH ST,FDL-15-17-23-22-256-00,
2004-11-29-12.11.00,11/28/04,29472458,01,NI-RETIRED,1/22/25,SM-DISC-B58,690151277000,WT-RES,25860-WT-000,9028231025,625 S PARK AVE,FDL-15-17-23-22-271-01,
2004-11-29-12.11.00,11/28/04,29472460,02,NI-RETIRED,1/23/25,SM-DISC-B58,820909662400,WT-RES,2198-WT-000,9039586364,864 FOREST CIR,FDL-15-17-09-33-530-00,
2004-11-30-12.11.00,11/29/04,29103993,02,NI-RETIRED,8/7/24,SM-DISC-B75,011993388500,WT-RES,31160-WT-000,1795695524,890 BISHOP CT,FDL-15-17-13-21-040-00,
2004-11-30-12.11.00,11/29/04,29130855,03,NI-RETIRED,1/10/25,SM-DISC-B75,161444513200,WT-RES,622-WT-000,4214890477,90 AURORA LN,FDL-15-17-02-42-302-00,
2004-11-30-12.11.00,11/29/04,29472469,03,NI-RETIRED,1/24/25,SM-DISC-B58,257608992200,WT-RES,8932-WT-000,5920314355,299 TAFT ST,FDL-15-17-11-24-752-00,
2004-11-30-12.11.00,11/29/04,29472495,01,NI-RETIRED,2/25/25,SM-DISC-B58,172564852500,WT-RES,26226-WT-000,7761361961,130 ARVEY LN,FDL-15-17-23-24-754-00,
2004-11-30-12.11.00,11/29/04,29472496,01,NI-RETIRED,8/13/24,SM-DISC-B58,558659642300,WT-RES,25344-WT-000,4017921438,754 MEQUON AVE,FDL-15-17-23-13-527-00,
2004-12-02-12.12.00,12/1/04,29472452,02,NI-RETIRED,1/23/25,SM-DISC-B58,314287819400,WT-RES,13384-WT-000,8350768909,542 GILLETT ST,FDL-15-17-14-11-050-00,
2004-12-02-12.12.00,12/1/04,29472462,02,NI-RETIRED,1/23/25,SM-DISC-B58,042136712400,WT-RES,14264-WT-000,9956198363,374 E 1ST ST,FDL-15-17-14-21-052-00,
2004-12-02-12.12.00,12/1/04,29472468,02,NI-RETIRED,1/24/25,SM-DISC-B58,036634516300,WT-RES,10424-WT-000,2949167311,316 SHEBOYGAN ST,FDL-15-17-11-34-876-00,
2004-12-02-12.12.00,12/1/04,29472473,02,NI-RETIRED,8/7/24,SM-DISC-B58,193101127500,WT-RES,10792-WT-000,2524476417,625 E DIVISION ST,FDL-15-17-11-44-797-00,
2004-12-02-12.12.00,12/1/04,29472474,01,NI-RETIRED,8/15/24,SM-DISC-B58,777138020300,WT-RES,25272-WT-000,4835902759,422 MAONA AVE,FDL-15-17-23-12-304-00,
2004-12-03-12.12.00,12/2/04,29472346,01,NI-RETIRED,1/23/25,SM-DISC-B58,103877404600,WT-RES,25854-WT-000,3480201021,233 18TH ST,FDL-15-17-23-22-268-00,
2004-12-06-12.12.00,12/5/04,29472472,01,NI-RETIRED,8/15/24,SM-DISC-B58,408474814800,WT-RES,26250-WT-000,0762207153,752 STERLING DR,FDL-15-17-23-24-766-00,
2004-12-07-12.12.00,12/6/04,18914832,01,NI-RETIRED,1/9/25,SM-DISC-B58,402969762500,WT-RES,20674-WT-000,3265692005,430 S MARR ST,FDL-15-17-15-41-071-00,
2004-12-08-12.12.00,12/7/04,29104057,02,NI-RETIRED,3/28/25,SM-DISC-B75,911876418100,WT-RES,23452-WT-000,3382262340,59 STREETER CT,FDL-15-17-16-24-797-00,
2004-12-08-12.12.00,12/7/04,29104059,02,NI-RETIRED,5/29/25,SM-DISC-B75,242455060900,WT-RES,23466-WT-000,8671668523,10 STREETER CT,FDL-15-17-16-24-804-00,
2004-12-08-12.12.00,12/7/04,29130857,01,NI-RETIRED,8/13/24,SM-DISC-B75,983621357500,WT-RES,25312-WT-000,5633866851,815 KESHENA CT,FDL-15-17-23-13-511-00,
2004-12-08-12.12.00,12/7/04,29472478,01,NI-RETIRED,8/15/24,SM-DISC-B58,255169457100,WT-RES,25228-WT-000,1047457284,128 WAKAWN AVE,FDL-15-17-23-12-282-00,
2004-12-09-12.12.00,12/8/04,17460393,02,NI-RETIRED,8/7/24,SM-DISC-B58,965762574300,WT-RES,14348-WT-000,0433867353,385 E 2ND ST,FDL-15-17-14-21-094-00,
2004-12-09-12.12.00,12/8/04,29472338,01,NI-RETIRED,1/22/25,SM-DISC-B58,350971087100,WT-RES,25166-WT-000,5271661155,139 WAKAWN AVE,FDL-15-17-23-12-251-00,
2004-12-09-12.12.00,12/8/04,29472459,02,NI-RETIRED,8/7/24,SM-DISC-B58,520177647600,WT-RES,13326-WT-000,8776683318,96 S ROYAL AVE,FDL-15-17-14-11-021-00,
2004-12-10-12.12.00,12/9/04,29130795,02,NI-RETIRED,5/22/25,SM-DISC-B75,422420558900,WT-RES,37082-WT-000,4092534127,360 SOUTHLAKE CIR,FDL-15-17-22-44-791-00,
2004-12-10-12.12.00,12/9/04,29472480,01,NI-RETIRED,8/13/24,SM-DISC-B58,020736006100,WT-RES,25330-WT-000,6081749542,739 PANOKA PL,FDL-15-17-23-13-520-00,
2004-12-10-12.12.00,12/9/04,29472490,03,NI-RETIRED,2/25/25,SM-DISC-B58,185477953100,WT-RES,8986-WT-000,7423973023,288 TAFT ST,FDL-15-17-11-24-780-00,
2004-12-13-12.12.00,12/12/04,29472333,02,NI-RETIRED,6/5/25,SM-DISC-B58,427036843900,WT-RES,22316-WT-000,6307188025,584 EMMA ST,FDL-15-17-16-12-294-00,
2004-12-13-12.12.00,12/12/04,29472464,03,NI-RETIRED,1/24/25,SM-DISC-B58,606133463200,WT-RES,7788-WT-000,9565194164,307 LAWRENCE AVE,FDL-15-17-11-14-825-00,
2004-12-13-12.12.00,12/12/04,29472483,01,NI-RETIRED,1/23/25,SM-DISC-B58,795430212300,WT-RES,25846-WT-000,8553477687,642 VINE ST,FDL-15-17-23-22-264-00,
2004-12-13-12.12.00,12/12/04,29472491,01,NI-RETIRED,2/25/25,SM-DISC-B58,253721748100,WT-RES,25214-WT-000,1553939594,48 WAKAWN AVE,FDL-15-17-23-12-275-00,
2004-12-13-12.12.00,12/12/04,29472492,01,NI-RETIRED,1/22/25,SM-DISC-B58,586896417800,WT-RES,25206-WT-000,7004742015,13 WAKAWN AVE,FDL-15-17-23-12-271-00,
2004-12-13-12.12.00,12/12/04,29472494,02,NI-RETIRED,5/20/25,SM-DISC-B58,053021963100,WT-RES,22320-WT-000,6015563994,596 EMMA ST,FDL-15-17-16-12-296-00,
2004-12-14-12.12.00,12/13/04,29104045,01,NI-RETIRED,8/13/24,SM-DISC-B75,115969867500,WT-RES,25392-WT-000,0105848149,935 MEQUON AVE,FDL-15-17-23-14-758-00,
2004-12-14-12.12.00,12/13/04,29130821,02,NI-RETIRED,5/28/25,SM-DISC-B75,469337755300,WT-RES,37088-WT-000,9076567298,366 SOUTHLAKE CIR,FDL-15-17-22-44-794-00,
2004-12-14-12.12.00,12/13/04,29472453,01,NI-RETIRED,1/9/25,SM-DISC-B58,977438436900,WT-RES,25182-WT-000,7467589007,85 WAKAWN AVE,FDL-15-17-23-12-259-00,
2004-12-14-12.12.00,12/13/04,29472476,01,NI-RETIRED,8/13/24,SM-DISC-B58,664453185000,WT-RES,25386-WT-000,0037153285,951 MEQUON AVE,FDL-15-17-23-14-755-00,
2004-12-14-12.12.00,12/13/04,29472479,01,NI-RETIRED,1/22/25,SM-DISC-B58,451567209100,WT-RES,25794-WT-000,7602129955,365 MAONA AVE,FDL-15-17-23-21-132-00,
2004-12-14-12.12.00,12/13/04,29472482,02,NI-RETIRED,1/23/25,SM-DISC-B58,423887773000,WT-RES,31442-WT-000,0883685070,27 N KAYSER ST,FDL-15-17-11-44-890-00,
2004-12-14-12.12.00,12/13/04,29472486,01,NI-RETIRED,2/25/25,SM-DISC-B58,917726229100,WT-RES,20658-WT-000,5423039909,46 E 10TH ST,FDL-15-17-15-41-063-00,
2004-12-14-12.12.00,12/13/04,29472487,01,NI-RETIRED,1/9/25,SM-DISC-B58,859908416500,WT-RES,20630-WT-000,0448424566,35 E 10TH ST,FDL-15-17-15-41-049-00,
2004-12-14-12.12.00,12/13/04,29472493,02,NI-RETIRED,8/7/24,SM-DISC-B58,677791909300,WT-RES,31440-WT-000,0855111058,21 N KAYSER ST,FDL-15-17-11-44-889-00,
2004-12-15-12.12.00,12/14/04,29472351,02,NI-RETIRED,8/7/24,SM-DISC-B58,171905803800,WT-RES,10354-WT-000,3013678073,42 ALGOMA ST,FDL-15-17-11-34-836-00,
2004-12-15-12.12.00,12/14/04,29472392,03,NI-RETIRED,1/22/26,SM-DISC-B58,767293056600,WT-RES,32294-WT-000,8789955191,423 WETTSTEIN AVE,FDL-15-17-11-12-320-00,
2004-12-15-12.12.00,12/14/04,29472463,01,NI-RETIRED,8/15/24,SM-DISC-B58,207075401000,WT-RES,25302-WT-000,0440166789,716 NAKOMA AVE,FDL-15-17-23-13-506-00,
2004-12-15-12.12.00,12/14/04,29472501,01,NI-RETIRED,2/25/25,SM-DISC-B58,413171429900,WT-RES,29378-WT-000,5957562405,36 E 10TH ST,FDL-15-17-15-41-045-00,
2004-12-15-12.12.00,12/14/04,29472502,01,NI-RETIRED,1/22/25,SM-DISC-B58,148581263800,WT-RES,25332-WT-000,1618515519,733 PANOKA PL,FDL-15-17-23-13-521-00,
2004-12-15-12.12.00,12/14/04,29472503,01,NI-RETIRED,1/2/25,SM-DISC-B58,462910853900,WT-RES,20596-WT-000,3717416943,412 CENTER ST,FDL-15-17-15-41-032-00,
2004-12-15-12.12.00,12/14/04,29472504,01,NI-RETIRED,1/9/25,SM-DISC-B58,725704121400,WT-RES,20600-WT-000,6841768055,424 CENTER ST,FDL-15-17-15-41-034-00,
2004-12-15-12.12.00,12/14/04,29472505,01,NI-RETIRED,8/13/24,SM-DISC-B58,722161896300,WT-RES,25218-WT-000,5559729569,64 WAKAWN AVE,FDL-15-17-23-12-277-00,
2004-12-15-12.12.00,12/14/04,29472506,01,NI-RETIRED,8/15/24,SM-DISC-B58,148296705000,WT-RES,25426-WT-000,3119072807,890 MEQUON AVE,FDL-15-17-23-14-775-00,
2004-12-15-12.12.00,12/14/04,29472507,01,NI-RETIRED,8/15/24,SM-DISC-B58,756057281300,WT-RES,25412-WT-000,2849011294,861 MEQUON AVE,FDL-15-17-23-14-768-00,
2004-12-15-12.12.00,12/14/04,29472508,01,NI-RETIRED,8/15/24,SM-DISC-B58,165696123900,WT-RES,25400-WT-000,4404473483,911 MEQUON AVE,FDL-15-17-23-14-762-00,
2004-12-15-12.12.00,12/14/04,29472513,01,NI-RETIRED,8/15/24,SM-DISC-B58,756425020100,WT-RES,25424-WT-000,3532122698,884 MEQUON AVE,FDL-15-17-23-14-774-00,
2004-12-15-12.12.00,12/14/04,29472514,01,NI-RETIRED,8/15/24,SM-DISC-B58,553915339900,WT-RES,25422-WT-000,7071224134,876 MEQUON AVE,FDL-15-17-23-14-773-00,
2004-12-16-12.12.00,12/15/04,29130820,02,NI-RETIRED,5/29/25,SM-DISC-B75,641553541800,WT-RES,23460-WT-000,8276858902,34 STREETER CT,FDL-15-17-16-24-801-00,
2004-12-16-12.12.00,12/15/04,29472515,02,NI-RETIRED,5/20/25,SM-DISC-B58,803784480000,WT-RES,21924-WT-000,8646129226,515 EMMA ST,FDL-15-17-16-11-025-00,
2004-12-16-12.12.00,12/15/04,29472516,01,NI-RETIRED,1/23/25,SM-DISC-B58,353829458000,WT-RES,25340-WT-000,7330430169,742 MEQUON AVE,FDL-15-17-23-13-525-00,
2004-12-16-12.12.00,12/15/04,29472523,01,NI-RETIRED,2/25/25,SM-DISC-B58,553167709400,WT-RES,20590-WT-000,8713480441,19 E 10TH ST,FDL-15-17-15-41-029-00,
2004-12-16-12.12.00,12/15/04,29472525,01,NI-RETIRED,1/9/25,SM-DISC-B58,801637017600,WT-RES,25200-WT-000,7635253834,31 WAKAWN AVE,FDL-15-17-23-12-268-00,
2004-12-16-12.12.00,12/15/04,29472542,02,NI-RETIRED,5/20/25,SM-DISC-B58,889803064400,WT-RES,22492-WT-000,2907598917,546 EMMA ST,FDL-15-17-16-12-382-00,
2004-12-16-12.12.00,12/15/04,29472628,02,NI-RETIRED,5/20/25,SM-DISC-B58,756231092800,WT-RES,22306-WT-000,2857351858,556 EMMA ST,FDL-15-17-16-12-289-00,
2004-12-17-12.12.00,12/16/04,29130803,01,NI-RETIRED,8/8/24,SM-DISC-B75,134909453300,WT-RES,36534-WT-000,1083632958,1234 S PARK AVE,FDL-15-17-26-21-097-00,
2004-12-17-12.12.00,12/16/04,29472522,03,NI-RETIRED,1/9/25,SM-DISC-B58,650132174900,WT-RES,8100-WT-000,4215733015,350 E BANK ST,FDL-15-17-11-21-098-00,
2004-12-17-12.12.00,12/16/04,29472524,03,NI-RETIRED,1/9/25,SM-DISC-B58,091008235400,WT-RES,1576-WT-000,8653357297,500 MONMOUTH ST,FDL-15-17-04-44-791-00,
2004-12-17-12.12.00,12/16/04,29472526,01,NI-RETIRED,1/22/25,SM-DISC-B58,004817914000,WT-RES,16660-WT-000,9604700605,168 14TH ST,FDL-15-17-14-33-606-00,
2004-12-17-12.12.00,12/16/04,29472626,02,NI-RETIRED,6/4/25,SM-DISC-B58,854691514400,WT-RES,22308-WT-000,7396321408,560 EMMA ST,FDL-15-17-16-12-290-00,
2004-12-20-12.12.00,12/19/04,29130787,01,NI-RETIRED,1/9/25,SM-DISC-B75,048373957800,WT-RES,25448-WT-000,6776947364,122 CUMBERLYNN DR,FDL-15-17-23-14-786-00,
2004-12-20-12.12.00,12/19/04,29130853,03,NI-RETIRED,1/10/25,SM-DISC-B75,520747150900,WT-RES,11260-WT-000,7430217033,772 E MERRILL AVE,FDL-15-17-12-32-310-00,
2004-12-20-12.12.00,12/19/04,29472631,01,NI-RETIRED,1/23/25,SM-DISC-B58,001992433400,WT-RES,25840-WT-000,7446635843,266 17TH ST,FDL-15-17-23-22-261-00,
2004-12-20-12.12.00,12/19/04,29472633,01,NI-RETIRED,8/13/24,SM-DISC-B58,272795449900,WT-RES,25210-WT-000,9445987572,24 WAKAWN AVE,FDL-15-17-23-12-273-00,
2004-12-20-12.12.00,12/19/04,29472634,02,NI-RETIRED,8/7/24,SM-DISC-B58,990699846300,WT-RES,10414-WT-000,2085164415,282 SHEBOYGAN ST,FDL-15-17-11-34-871-00,
2004-12-21-12.12.00,12/20/04,29130789,01,NI-RETIRED,1/10/25,SM-DISC-B75,816449863800,WT-RES,25470-WT-000,1619136173,11 CUMBERLYNN CIR,FDL-15-17-23-14-797-00,
2004-12-21-12.12.00,12/20/04,29472625,01,NI-RETIRED,1/2/25,SM-DISC-B58,864950016000,WT-RES,20620-WT-000,2358420811,42 E 10TH ST,FDL-15-17-15-41-044-00,
2004-12-22-12.12.00,12/21/04,29130790,01,NI-RETIRED,8/13/24,SM-DISC-B75,903618738400,WT-RES,25486-WT-000,7272125590,66 CUMBERLYNN DR,FDL-15-17-23-14-805-00,
2004-12-22-12.12.00,12/21/04,29130810,01,NI-RETIRED,1/9/25,SM-DISC-B75,813829013000,WT-RES,15000-WT-000,9774048696,223 5TH ST,FDL-15-17-14-23-539-01,
2004-12-22-12.12.00,12/21/04,29472635,02,NI-RETIRED,1/23/25,SM-DISC-B58,961826952300,WT-RES,10098-WT-000,8668783758,243 SHEBOYGAN ST,FDL-15-17-11-33-587-00,
2004-12-22-12.12.00,12/21/04,29472636,02,NI-RETIRED,4/11/25,SM-DISC-B58,709169085200,WT-RES,22152-WT-000,7905820668,454 RUGGLES ST,FDL-15-17-16-11-140-00,
2004-12-22-12.12.00,12/21/04,29472637,01,NI-RETIRED,8/13/24,SM-DISC-B58,547510493100,WT-RES,25798-WT-000,0467001189,379 MAONA AVE,FDL-15-17-23-21-134-00,
2004-12-22-12.12.00,12/21/04,29472638,02,NI-RETIRED,8/7/24,SM-DISC-B58,852322715600,WT-RES,10402-WT-000,1603808660,289 SHEBOYGAN ST,FDL-15-17-11-34-865-00,
2004-12-23-12.12.00,12/22/04,29130858,03,NI-RETIRED,1/9/25,SM-DISC-B75,626095279000,WT-RES,704-WT-000,7435590616,545 WETTSTEIN AVE,FDL-15-17-02-43-529-00,
2004-12-23-12.12.00,12/22/04,29472632,01,NI-RETIRED,1/22/25,SM-DISC-B58,437756732600,WT-RES,29948-WT-000,8857661551,712 MARTIN AVE,FDL-15-17-23-21-141-00,
2004-12-23-12.12.00,12/22/04,29472641,02,NI-RETIRED,1/23/25,SM-DISC-B58,997574671800,WT-RES,10092-WT-000,1861916581,225 SHEBOYGAN ST,FDL-15-17-11-33-584-00,
2004-12-27-12.12.00,12/26/04,29456339,01,NI-RETIRED,8/6/24,SM-DISC-B100,815519597700,WT-RES,25492-WT-000,8418723899,30 CUMBERLYNN CT,FDL-15-17-23-14-808-00,
2004-12-27-12.12.00,12/26/04,29472488,01,NI-RETIRED,8/7/24,SM-DISC-B58,460913019600,EX-RES,25492-EX-000,8418723899,30 CUMBERLYNN CT,FDL-15-17-23-14-808-00,
2004-12-27-12.12.00,12/26/04,29472500,03,NI-RETIRED,1/22/26,SM-DISC-B58,607607064200,WT-RES,8258-WT-000,8539085993,449 N PARK AVE,FDL-15-17-11-22-260-00,
2004-12-28-12.12.00,12/27/04,29472498,01,NI-RETIRED,8/13/24,SM-DISC-B58,894970785800,WT-RES,25546-WT-000,7986295850,363 17TH ST,FDL-15-17-23-21-008-00,
2004-12-28-12.12.00,12/27/04,29472538,01,NI-RETIRED,8/13/24,SM-DISC-B58,378500371700,WT-RES,26224-WT-000,8360798991,136 ARVEY LN,FDL-15-17-23-24-753-00,
2004-12-28-12.12.00,12/27/04,29472639,01,NI-RETIRED,8/13/24,SM-DISC-B58,819341958400,WT-RES,25796-WT-000,2352841898,371 MAONA AVE,FDL-15-17-23-21-133-00,
2005-01-03-12.01.00,1/2/05,29130818,01,NI-RETIRED,11/19/25,SM-DISC-B75,281367407400,WT-RES,25474-WT-000,9489640808,27 CUMBERLYNN CIR,FDL-15-17-23-14-799-00,
2005-01-03-12.01.00,1/2/05,29472532,03,NI-RETIRED,5/19/25,SM-DISC-B58,395314318400,WT-RES,9204-WT-000,9519855472,275 E COTTON ST,FDL-15-17-11-24-890-00,
2005-01-03-12.01.00,1/2/05,29472536,03,NI-RETIRED,7/10/25,SM-DISC-B58,681815569500,WT-RES,7480-WT-000,4455160525,278 WILSON AVE,FDL-15-17-11-13-507-00,
2005-01-04-12.01.00,1/3/05,19261295,01,NI-RETIRED,8/7/24,SM-DISC-B58,015885072100,EX-RES,26928-EX-000,8501993419,365 WILLSHER DR,FDL-15-17-23-34-826-00,
2005-01-04-12.01.00,1/3/05,29472405,03,NI-RETIRED,5/16/25,SM-DISC-B58,952900822600,WT-RES,8638-WT-000,7647292881,163 E COTTON ST,FDL-15-17-11-23-520-00,
2005-01-04-12.01.00,1/3/05,29472512,02,NI-RETIRED,1/20/26,SM-DISC-B58,195165402200,WT-RES,10070-WT-000,3682791814,147 SHEBOYGAN ST,FDL-15-17-11-33-573-00,
2005-01-04-12.01.00,1/3/05,29472528,02,NI-RETIRED,7/10/25,SM-DISC-B58,114831429700,WT-RES,13458-WT-000,0872074271,179 WOODWARD ST,FDL-15-17-14-11-087-00,
2005-01-05-12.01.00,1/4/05,29130822,01,NI-RETIRED,2/2/26,SM-DISC-B75,175027102900,WT-RES,29686-WT-000,6270343753,798 S MARR ST A,FDL-15-17-22-14-825-00,
2005-01-05-12.01.00,1/4/05,29472451,01,NI-RETIRED,8/11/25,SM-DISC-B58,598403834200,WT-RES,15792-WT-000,0885857484,275 E 10TH ST,FDL-15-17-14-31-068-00,
2005-01-05-12.01.00,1/4/05,29472627,03,NI-RETIRED,5/20/25,SM-DISC-B58,522853930800,WT-RES,5230-WT-000,2195540662,146 W FOLLETT ST,FDL-15-17-10-24-833-00,
2005-01-06-12.01.00,1/5/05,29130791,03,NI-RETIRED,11/26/25,SM-DISC-B75,522367594200,WT-RES,34898-WT-000,0335227828,493 WHISPERING SPRINGS DR,FDL-15-18-05-43-501-00,
2005-01-06-12.01.00,1/5/05,29130819,02,NI-RETIRED,12/22/25,SM-DISC-B75,484419764100,WT-RES,23304-WT-000,2200761673,807 S PIONEER PKY,FDL-15-17-16-23-508-00,
2005-01-06-12.01.00,1/5/05,29472481,02,NI-RETIRED,4/25/25,SM-DISC-B58,360388830900,EX-RES,23304-EX-000,2200761673,807 S PIONEER PKY,FDL-15-17-16-23-508-00,
2005-01-06-12.01.00,1/5/05,29472510,03,NI-RETIRED,5/20/25,SM-DISC-B58,176976863300,WT-RES,3548-WT-000,5064087328,74 E MC WILLIAMS ST,FDL-15-17-10-11-095-00,
2005-01-06-12.01.00,1/5/05,29472530,02,NI-RETIRED,7/10/25,SM-DISC-B58,122545696900,WT-RES,3206-WT-000,4640113432,485 W DIVISION ST,FDL-15-17-09-44-819-00,
2005-01-06-12.01.00,1/5/05,29472539,03,NI-RETIRED,7/10/25,SM-DISC-B58,238910221100,WT-RES,7030-WT-000,1507484640,403 N NATIONAL AVE,FDL-15-17-11-11-009-00,
2005-01-06-12.01.00,1/5/05,29472540,03,NI-RETIRED,7/23/25,SM-DISC-B58,658904326800,WT-RES,410-WT-000,6217715652,491 ROOSEVELT ST,FDL-15-17-02-34-783-00,
2005-01-07-12.01.00,1/6/05,29102391,03,NI-RETIRED,5/19/25,SM-DISC-B58,929723653300,WT-RES,9302-WT-000,3348265325,318 E JOHNSON ST,FDL-15-17-11-31-037-00,
2005-01-10-12.01.00,1/9/05,29130817,01,NI-RETIRED,12/22/25,SM-DISC-B75,255385418600,WT-RES,25460-WT-000,7961452562,51 CUMBERLYNN DR,FDL-15-17-23-14-792-00,
2005-01-10-12.01.00,1/9/05,29130834,01,NI-RETIRED,5/28/25,SM-DISC-B75,984041383500,WT-RES,26762-WT-000,1848134995,23 WOODVUE CT,FDL-15-17-23-33-586-00,
2005-01-10-12.01.00,1/9/05,29130845,01,NI-RETIRED,5/28/25,SM-DISC-B75,818396371800,WT-RES,17376-WT-000,4269930181,215 PHEASANT DR,FDL-15-17-14-41-108-00,
2005-01-10-12.01.00,1/9/05,29472640,02,NI-RETIRED,8/7/25,SM-DISC-B58,194593727100,WT-RES,10334-WT-000,3207064333,35 ALGOMA ST,FDL-15-17-11-34-826-00,
2005-01-10-12.01.00,1/9/05,29472642,01,NI-RETIRED,9/17/25,SM-DISC-B58,012350347100,WT-RES,25596-WT-000,0961675333,344 17TH ST,FDL-15-17-23-21-033-00,
2005-01-11-12.01.00,1/10/05,29472527,01,NI-RETIRED,9/18/25,SM-DISC-B58,066942439600,WT-RES,16230-WT-000,9747540717,421 PLEASANT ST,FDL-15-17-14-32-350-00,
2005-01-12-12.01.00,1/11/05,16920289,01,NI-RETIRED,6/4/25,SM-DISC-B58,983495410900,WT-RES,13938-WT-000,1894073861,419 6TH ST,FDL-15-17-14-13-609-00,
2005-01-13-12.01.00,1/12/05,19814867,01,NI-RETIRED,9/17/25,SM-DISC-B58,405805029300,WT-RES,15646-WT-000,7635429064,310 FOND DU LAC AVE,FDL-15-17-14-24-911-00,
2005-01-13-12.01.00,1/12/05,29472644,02,NI-RETIRED,8/7/25,SM-DISC-B58,309650561700,WT-RES,31320-WT-000,8518744652,26 1/2 ALGOMA ST,FDL-15-17-11-34-840-00,
2005-01-13-12.01.00,1/12/05,29472645,01,NI-RETIRED,9/17/25,SM-DISC-B58,024808690300,WT-RES,25574-WT-000,4361860509,286 17TH ST,FDL-15-17-23-21-022-00,
2005-01-13-12.01.00,1/12/05,29472646,02,NI-RETIRED,8/7/25,SM-DISC-B58,860085067800,WT-RES,10362-WT-000,0942477388,26 ALGOMA ST,FDL-15-17-11-34-840-00,
2005-01-14-12.01.00,1/13/05,29130841,02,NI-RETIRED,2/2/26,SM-DISC-B75,172512015200,WT-RES,23400-WT-000,1034172217,746 MC ARTHUR ST,FDL-15-17-16-24-771-00,
2005-01-14-12.01.00,1/13/05,29130844,02,NI-RETIRED,12/22/25,SM-DISC-B75,163943208600,WT-RES,10366-WT-000,5247276454,275 E DIVISION ST,FDL-15-17-11-34-842-00,
2005-01-17-12.01.00,1/16/05,29130829,01,NI-RETIRED,6/3/25,SM-DISC-B75,679199878600,WT-RES,17670-WT-000,8600007337,5 TYLER CT,FDL-15-17-14-44-752-00,
2005-01-17-12.01.00,1/16/05,29130854,01,NI-RETIRED,6/12/25,SM-DISC-B75,221269688900,WT-RES,17668-WT-000,7460465004,242 PHEASANT DR,FDL-15-17-14-44-751-00,
2005-01-17-12.01.00,1/16/05,29472518,01,NI-RETIRED,8/11/25,SM-DISC-B58,075194506700,WT-RES,21006-WT-000,7086244265,54 W 11TH ST,FDL-15-17-15-42-286-00,
2005-01-18-12.01.00,1/17/05,29130830,01,NI-RETIRED,9/23/25,SM-DISC-B75,788628838600,WT-RES,25480-WT-000,9484816609,42 CUMBERLYNN CIR,FDL-15-17-23-14-802-00,
2005-01-18-12.01.00,1/17/05,29472520,03,NI-RETIRED,5/16/25,SM-DISC-B58,757349855800,WT-RES,10540-WT-000,6364574236,95 MEADOWBROOK BLVD,FDL-15-17-11-41-049-00,
2005-01-18-12.01.00,1/17/05,29472548,03,NI-RETIRED,6/4/25,SM-DISC-B58,531994514000,WT-RES,10502-WT-000,6961839533,584 LEDGEVIEW BLVD,FDL-15-17-11-41-030-00,
2005-01-19-12.01.00,1/18/05,29136159,02,NI-RETIRED,6/18/25,SM-DISC-B100,082665730100,WT-RES,23308-WT-000,7080086524,781 MC ARTHUR ST,FDL-15-17-16-23-510-00,
2005-01-19-12.01.00,1/18/05,29472551,03,NI-RETIRED,5/16/25,SM-DISC-B58,977616958600,WT-RES,10492-WT-000,0895038729,646 LEDGEVIEW BLVD,FDL-15-17-11-41-025-00,
2005-01-19-12.01.00,1/18/05,29472552,03,NI-RETIRED,5/19/25,SM-DISC-B58,775344194100,WT-RES,10494-WT-000,5809638502,632 LEDGEVIEW BLVD,FDL-15-17-11-41-026-00,
2005-01-19-12.01.00,1/18/05,29472647,01,NI-RETIRED,1/22/26,SM-DISC-B58,926461548000,WT-RES,25636-WT-000,4469540542,349 18TH ST,FDL-15-17-23-21-053-00,
2005-01-20-12.01.00,1/19/05,29472558,02,NI-RETIRED,8/7/25,SM-DISC-B58,175325101500,WT-RES,10324-WT-000,8163800208,11 ALGOMA ST,FDL-15-17-11-34-821-00,
2005-01-20-12.01.00,1/19/05,29472643,01,NI-RETIRED,8/11/25,SM-DISC-B58,043108011000,WT-RES,15644-WT-000,8930835869,306 FOND DU LAC AVE,FDL-15-17-14-24-910-00,
2005-01-21-12.01.00,1/20/05,29472547,01,NI-RETIRED,9/9/25,SM-DISC-B58,155508288200,WT-RES,25576-WT-000,7981185272,290 17TH ST,FDL-15-17-23-21-023-00,
2005-01-21-12.01.00,1/20/05,29472550,01,NI-RETIRED,9/17/25,SM-DISC-B58,834181744500,WT-RES,25590-WT-000,1812029052,320 17TH ST,FDL-15-17-23-21-030-00,
2005-01-21-12.01.00,1/20/05,29472557,01,NI-RETIRED,1/22/26,SM-DISC-B58,682339028600,WT-RES,25186-WT-000,0387374573,73 WAKAWN AVE,FDL-15-17-23-12-261-00,
2005-01-24-12.01.00,1/23/05,29130833,01,NI-RETIRED,6/12/25,SM-DISC-B75,433669165600,WT-RES,12332-WT-000,3158293222,266 PHEASANT DR,FDL-15-17-13-33-536-00,
2005-01-24-12.01.00,1/23/05,29130846,03,NI-RETIRED,10/29/25,SM-DISC-B75,352277317900,WT-RES,690-WT-000,7320336533,481 WILLOW DR,FDL-15-17-02-43-522-00,
2005-01-25-12.01.00,1/24/05,29102393,02,NI-RETIRED,7/10/25,SM-DISC-B58,219209506800,WT-RES,23382-WT-000,4156983612,757 MC ARTHUR ST,FDL-15-17-16-24-762-00,
2005-01-25-12.01.00,1/24/05,29130806,01,NI-RETIRED,12/22/25,SM-DISC-B75,127154289200,WT-RES,17072-WT-000,9598928739,559 VINE ST,FDL-15-17-14-34-888-00,
2005-01-25-12.01.00,1/24/05,29130807,01,NI-RETIRED,12/22/25,SM-DISC-B75,366438194100,WT-RES,25500-WT-000,3866304965,99 CUMBERLYNN DR,FDL-15-17-23-14-812-00,
2005-01-25-12.01.00,1/24/05,29130831,01,NI-RETIRED,6/9/25,SM-DISC-B75,007048860500,WT-RES,12334-WT-000,4038378226,274 PHEASANT DR,FDL-15-17-13-33-537-00,
2005-01-25-12.01.00,1/24/05,29130832,03,NI-RETIRED,10/29/25,SM-DISC-B75,800100182200,WT-RES,33340-WT-000,9231739684,594 LEDGEWOOD DR,FDL-15-18-05-33-533-00,
2005-01-26-12.01.00,1/25/05,29130808,01,NI-RETIRED,5/29/25,SM-DISC-B75,162125136200,WT-RES,35770-WT-000,7800089077,169 YACOUB LN,FDL-15-17-26-21-045-00,
2005-01-26-12.01.00,1/25/05,29472509,01,NI-RETIRED,1/19/26,SM-DISC-B58,981118893000,WT-RES,25336-WT-000,9027545283,732 MEQUON AVE,FDL-15-17-23-13-523-00,
2005-01-26-12.01.00,1/25/05,29472559,01,NI-RETIRED,1/19/26,SM-DISC-B58,638184553300,EX-RES,25336-EX-000,9027545283,732 MEQUON AVE,FDL-15-17-23-13-523-00,
2005-01-27-12.01.00,1/26/05,29472564,03,NI-RETIRED,5/20/25,SM-DISC-B58,482446718300,WT-RES,32188-WT-000,3050010544,575 LEDGEVIEW BLVD,FDL-15-17-11-41-017-00,
2005-01-27-12.01.00,1/26/05,29472565,03,NI-RETIRED,5/20/25,SM-DISC-B58,628068784400,WT-RES,10490-WT-000,0913680007,148 N NATIONAL AVE,FDL-15-17-11-41-024-00,
2005-01-27-12.01.00,1/26/05,29472566,03,NI-RETIRED,5/20/25,SM-DISC-B58,506152235200,WT-RES,10486-WT-000,3076721416,633 LEDGEVIEW BLVD,FDL-15-17-11-41-022-00,
2005-01-28-12.01.00,1/27/05,29472543,02,NI-RETIRED,10/22/25,SM-DISC-B58,327036762500,WT-RES,10352-WT-000,1581661791,52 ALGOMA ST,FDL-15-17-11-34-835-00,
2005-01-28-12.01.00,1/27/05,29472555,02,NI-RETIRED,6/30/25,SM-DISC-B58,407978738700,WT-RES,20316-WT-000,3155905674,357 UNEEDA ST,FDL-15-17-15-33-604-00,
2005-01-28-12.01.00,1/27/05,29472567,01,NI-RETIRED,6/16/25,SM-DISC-B58,572039290200,WT-RES,14086-WT-000,2263382404,561 8TH ST,FDL-15-17-14-14-815-00,
2005-01-28-12.01.00,1/27/05,29472568,01,NI-RETIRED,6/16/25,SM-DISC-B58,187775865300,WT-RES,14088-WT-000,9235793842,567 8TH ST,FDL-15-17-14-14-816-00,
2005-01-31-12.01.00,1/30/05,29472554,01,NI-RETIRED,6/4/25,SM-DISC-B58,830230999100,WT-RES,17500-WT-000,9726689286,440 8TH ST,FDL-15-17-14-42-263-00,
2005-02-01-12.02.00,1/31/05,29472569,01,NI-RETIRED,7/23/25,SM-DISC-B58,726330374000,WT-RES,15144-WT-000,2146629851,266 S PARK AVE,FDL-15-17-14-23-611-00,
2005-02-01-12.02.00,1/31/05,29472571,01,NI-RETIRED,9/18/25,SM-DISC-B58,209206126400,WT-RES,25580-WT-000,9977175202,294 17TH ST,FDL-15-17-23-21-025-00,
2005-02-02-12.02.00,2/1/05,29472466,01,NI-RETIRED,6/16/25,SM-DISC-B58,519249912000,WT-RES,17184-WT-000,3960315995,552 8TH ST,FDL-15-17-14-41-012-00,
2005-02-02-12.02.00,2/1/05,29472471,01,NI-RETIRED,9/17/25,SM-DISC-B58,296348765700,WT-RES,16020-WT-000,9042007845,301 E 11TH ST,FDL-15-17-14-31-183-00,
2005-02-03-12.02.00,2/2/05,29472570,01,NI-RETIRED,6/16/25,SM-DISC-B58,367732029300,WT-RES,17502-WT-000,0887577186,432 8TH ST,FDL-15-17-14-42-264-00,
2005-02-04-12.02.00,2/3/05,29102398,01,NI-RETIRED,8/11/25,SM-DISC-B58,722156821900,WT-RES,18630-WT-000,9046271315,23 6TH ST,FDL-15-17-15-14-826-00,
2005-02-04-12.02.00,2/3/05,29102399,01,NI-RETIRED,8/11/25,SM-DISC-B58,431869736800,WT-RES,29174-WT-000,4391415683,23 1/2 6TH ST UPPER,FDL-15-17-15-14-826-00,
2005-02-04-12.02.00,2/3/05,29130809,01,NI-RETIRED,2/2/26,SM-DISC-B75,931279904700,WT-RES,25642-WT-000,0018209268,331 18TH ST,FDL-15-17-23-21-056-00,
2005-02-04-12.02.00,2/3/05,29472354,01,NI-RETIRED,1/19/26,SM-DISC-B58,430355647300,WT-RES,17054-WT-000,5736645757,332 14TH ST,FDL-15-17-14-34-879-00,
2005-02-04-12.02.00,2/3/05,29472649,01,NI-RETIRED,8/11/25,SM-DISC-B58,020338645700,WT-RES,20708-WT-000,2466093972,82 E 9TH ST,FDL-15-17-15-41-088-00,
2005-02-07-12.02.00,2/6/05,19261296,01,NI-RETIRED,6/18/25,SM-DISC-B58,382635893400,WT-RES,17494-WT-000,9435196588,464 8TH ST,FDL-15-17-14-42-260-00,
2005-02-08-12.02.00,2/7/05,29130812,01,NI-RETIRED,6/12/25,SM-DISC-B75,929513162700,WT-RES,17176-WT-000,8545291446,588 8TH ST,FDL-15-17-14-41-008-00,
2005-02-08-12.02.00,2/7/05,29472544,03,NI-RETIRED,11/22/23,SM-DISC-B58,925977229500,WT-RES,9366-WT-000,2885880047,342 LEDGEVIEW AVE,FDL-15-17-11-31-069-00,
2005-02-08-12.02.00,2/7/05,29472553,01,NI-RETIRED,9/17/25,SM-DISC-B58,531923741100,WT-RES,25620-WT-000,7294540412,391 18TH ST,FDL-15-17-23-21-045-00,
2005-02-08-12.02.00,2/7/05,29472574,01,NI-RETIRED,6/4/25,SM-DISC-B58,120013629300,WT-RES,17478-WT-000,9962037517,524 8TH ST,FDL-15-17-14-42-252-00,
2005-02-08-12.02.00,2/7/05,29472578,01,NI-RETIRED,9/17/25,SM-DISC-B58,488689145300,WT-RES,25622-WT-000,7237329383,385 18TH ST,FDL-15-17-23-21-046-00,
2005-02-08-12.02.00,2/7/05,29472579,01,NI-RETIRED,9/9/25,SM-DISC-B58,050211358200,WT-RES,25626-WT-000,4209714542,373 18TH ST,FDL-15-17-23-21-048-00,
2005-02-10-12.02.00,2/9/05,29472546,01,NI-RETIRED,9/18/25,SM-DISC-B58,318236986700,WT-RES,25618-WT-000,8666568118,399 18TH ST,FDL-15-17-23-21-044-00,
2005-02-10-12.02.00,2/9/05,29472575,02,NI-RETIRED,7/10/25,SM-DISC-B58,541549635200,WT-RES,3208-WT-000,6337948243,21 N BELL ST,FDL-15-17-09-44-820-00,
2005-02-11-12.02.00,2/10/05,29130799,01,NI-RETIRED,2/2/26,SM-DISC-B75,425401812600,WT-RES,25910-WT-000,3854084957,194 18TH ST,FDL-15-17-23-22-296-00,
2005-02-11-12.02.00,2/10/05,29130802,01,NI-RETIRED,12/22/25,SM-DISC-B75,032853871000,WT-RES,25964-WT-000,5512843825,676 S PARK AVE,FDL-15-17-23-22-323-00,
2005-02-11-12.02.00,2/10/05,29130804,01,NI-RETIRED,12/22/25,SM-DISC-B75,160186921300,WT-RES,24664-WT-000,9584251021,48 GUINDON BLVD,FDL-15-17-22-14-810-00,
2005-02-11-12.02.00,2/10/05,29472582,01,NI-RETIRED,8/18/25,SM-DISC-B58,998761294300,WT-RES,18536-WT-000,3449651336,28 5TH ST,FDL-15-17-15-14-779-00,
2005-02-11-12.02.00,2/10/05,29472598,01,NI-RETIRED,1/21/26,SM-DISC-B58,869852314600,WT-RES,25640-WT-000,5237000566,337 18TH ST,FDL-15-17-23-21-055-00,
2005-02-14-12.02.00,2/13/05,15946167,01,NI-RETIRED,11/19/25,SM-DISC-B75,995840824500,WT-RES,29744-WT-000,6494829141,26 GUINDON BLVD,FDL-15-17-22-14-812-00,
2005-02-14-12.02.00,2/13/05,29130836,01,NI-RETIRED,5/29/25,SM-DISC-B75,458652912500,WT-RES,37252-WT-000,4240274389,1149 PRIMROSE LN,FDL-15-17-13-42-253-00,
2005-02-14-12.02.00,2/13/05,29472562,02,NI-RETIRED,6/30/25,SM-DISC-B58,361339534600,WT-RES,22238-WT-000,0728912889,556 FOREST AVE,FDL-15-17-16-12-254-00,
2005-02-14-12.02.00,2/13/05,29472583,02,NI-RETIRED,7/23/25,SM-DISC-B58,712322182500,WT-RES,13314-WT-000,6357968021,71 S ROYAL AVE,FDL-15-17-14-11-015-00,
2005-02-15-12.02.00,2/14/05,29130825,01,NI-RETIRED,5/29/25,SM-DISC-B75,882601363400,WT-RES,34974-WT-000,4504398632,1168 S PARK AVE,FDL-15-17-26-21-018-00,
2005-02-15-12.02.00,2/14/05,29472545,03,NI-RETIRED,5/20/25,SM-DISC-B58,391222564900,WT-RES,1678-WT-000,3739920622,513 VERMONT ST,FDL-15-17-04-44-842-00,
2005-02-15-12.02.00,2/14/05,29472581,02,NI-RETIRED,8/7/25,SM-DISC-B58,474965502000,WT-RES,5786-WT-000,7664145319,377 THOMAS ST,FDL-15-17-10-33-580-00,
2005-02-17-12.02.00,2/16/05,16835123,01,NI-RETIRED,11/26/25,SM-DISC-B75,942753943000,WT-RES,25980-WT-000,9272200550,24 EMERALD CT,FDL-15-17-23-22-331-00,
2005-02-17-12.02.00,2/16/05,29472356,03,NI-RETIRED,8/7/25,SM-DISC-B58,950282435700,WT-RES,7154-WT-000,2923358340,590 TAYLOR CT,FDL-15-17-11-11-071-00,
2005-02-17-12.02.00,2/16/05,29472366,01,NI-RETIRED,1/19/26,SM-DISC-B58,143149313500,WT-RES,16988-WT-000,4488771383,291 14TH ST,FDL-15-17-14-34-846-00,
2005-02-18-12.02.00,2/17/05,29472465,01,NI-RETIRED,8/11/25,SM-DISC-B58,166013302800,WT-RES,29212-WT-000,1575808451,174 6TH ST E APT,FDL-15-17-14-23-617-00,
2005-02-18-12.02.00,2/17/05,29472529,01,NI-RETIRED,9/9/25,SM-DISC-B58,702339508500,WT-RES,15970-WT-000,7878013919,366 BOYD ST,FDL-15-17-14-31-158-00,
2005-02-21-12.02.00,2/20/05,29472648,02,NI-RETIRED,6/30/25,SM-DISC-B58,648151640000,WT-RES,14208-WT-000,5565060847,274 GILLETT ST,FDL-15-17-14-21-024-00,
2005-02-22-12.02.00,2/21/05,29468763,03,NI-RETIRED,12/22/25,SM-DISC-B75,883429989200,WT-RES,36670-WT-000,8637727625,1135 SPRING LAKE DR,FDL-15-17-12-11-020-00,
2005-02-22-12.02.00,2/21/05,29468764,02,NI-RETIRED,12/22/25,SM-DISC-B75,858063273700,WT-RES,23246-WT-000,3970185368,788 BRAGG ST,FDL-15-17-16-22-292-00,
2005-02-22-12.02.00,2/21/05,29472620,02,NI-RETIRED,6/30/25,SM-DISC-B58,829748568700,WT-RES,20284-WT-000,6191811436,371 EVERGREEN AVE,FDL-15-17-15-33-588-00,
2005-02-24-12.02.00,2/23/05,29130838,02,NI-RETIRED,12/22/25,SM-DISC-B75,623234135300,WT-RES,14510-WT-000,8134474441,296 3RD ST,FDL-15-17-14-21-176-00,
2005-02-28-12.02.00,2/27/05,29468752,02,NI-RETIRED,12/22/25,SM-DISC-B75,687679131000,WT-RES,5610-WT-000,5923546144,77 N BOARDMAN ST,FDL-15-17-10-32-372-00,
2005-02-28-12.02.00,2/27/05,29468765,01,NI-RETIRED,9/23/25,SM-DISC-B75,581387660300,WT-RES,24282-WT-000,9517662703,130 20TH ST,FDL-15-17-22-11-086-00,
2005-03-01-12.03.00,2/28/05,29472619,02,NI-RETIRED,8/8/25,SM-DISC-B58,894559313500,WT-RES,9516-WT-000,5172452144,68 CHAMPION AVE,FDL-15-17-11-31-144-00,
2005-03-01-12.03.00,2/28/05,29472650,01,NI-RETIRED,6/5/25,SM-DISC-B58,963421624000,WT-RES,13886-WT-000,9830146086,281 DAHL PL,FDL-15-17-14-13-581-00,
2005-03-04-12.03.00,3/3/05,19131251,02,NI-RETIRED,7/10/25,SM-DISC-B58,947858482300,WT-RES,20528-WT-000,6494537634,174 GRIFFITH ST,FDL-15-17-15-34-831-00,
2005-03-04-12.03.00,3/3/05,29130800,01,NI-RETIRED,9/23/25,SM-DISC-B75,026758926000,WT-COM,25966-WT-000,6934228655,668 S PARK AVE,FDL-15-17-23-22-324-00,
2005-03-08-12.03.00,3/7/05,29130824,03,NI-RETIRED,11/19/25,SM-DISC-B75,732132918500,WT-RES,7132-WT-000,7222623115,637 E BANK ST,FDL-15-17-11-11-060-00,
2005-03-09-12.03.00,3/8/05,29130823,01,NI-RETIRED,11/26/25,SM-DISC-B75,308579741600,WT-RES,26052-WT-000,7149864460,199 GUINDON BLVD,FDL-15-17-23-23-507-00,
2005-03-11-12.03.00,3/10/05,29130826,01,NI-RETIRED,5/22/25,SM-DISC-B75,650867716400,WT-RES,36546-WT-000,3580473041,21 SOUTHERN EDGE CT,FDL-15-17-26-22-252-00,
2005-03-12-12.03.00,3/11/05,29472623,02,NI-RETIRED,9/17/25,SM-DISC-B58,619110441300,WT-RES,14746-WT-000,7770037730,232 E 2ND ST,FDL-15-17-14-22-351-00,
2005-03-14-12.03.00,3/13/05,29472541,02,NI-RETIRED,7/30/25,SM-DISC-B58,660650016500,WT-RES,13288-WT-000,3277610699,74 S NATIONAL AVE,FDL-15-17-14-11-002-00,
2005-03-16-12.03.00,3/15/05,29468786,02,NI-RETIRED,2/2/26,SM-DISC-B75,147476552000,WT-RES,23442-WT-000,6599706538,19 STREETER CT,FDL-15-17-16-24-792-00,
2005-03-17-12.03.00,3/16/05,29472614,03,NI-RETIRED,5/19/25,SM-DISC-B58,533890916600,WT-RES,8558-WT-000,9501099229,341 GARFIELD ST,FDL-15-17-11-22-410-00,
2005-03-18-12.03.00,3/17/05,29472612,03,NI-RETIRED,5/16/25,SM-DISC-B58,771812482600,WT-RES,3414-WT-000,4281790437,119 E MC WILLIAMS ST,FDL-15-17-10-11-028-00,
2005-03-21-12.03.00,3/20/05,29468787,01,NI-RETIRED,10/29/25,SM-DISC-B75,390927719500,WT-RES,18580-WT-000,6758210604,140 5TH ST,FDL-15-17-15-14-801-00,
2005-03-21-12.03.00,3/20/05,29472609,02,NI-RETIRED,8/7/25,SM-DISC-B58,920931364800,WT-RES,19500-WT-000,2694878422,308 MORRIS ST,FDL-15-17-15-24-801-00,
2005-03-21-12.03.00,3/20/05,29472610,02,NI-RETIRED,6/16/25,SM-DISC-B58,659062025700,WT-RES,19782-WT-000,3108856338,390 MORRIS ST,FDL-15-17-15-31-072-00,
2005-03-22-12.03.00,3/21/05,29130840,01,NI-RETIRED,11/13/25,SM-DISC-B75,810995006500,WT-RES,29752-WT-000,1264656276,31 GUINDON BLVD,FDL-15-17-22-13-504-00,
2005-03-23-12.03.00,3/22/05,29130839,01,NI-RETIRED,6/3/25,SM-DISC-B75,151942182200,WT-RES,12208-WT-000,1666799599,31 EASTBROOK LN,FDL-15-17-13-32-260-00,
2005-03-23-12.03.00,3/22/05,29468783,01,NI-RETIRED,6/3/25,SM-DISC-B75,202922616300,WT-RES,13230-WT-000,1390896764,491 DEWBERRY DR,FDL-15-17-13-44-835-00,
2005-03-23-12.03.00,3/22/05,29472608,01,NI-RETIRED,1/22/26,SM-DISC-B58,372802402800,WT-RES,25690-WT-000,2524361395,364 18TH ST,FDL-15-17-23-21-080-00,
2005-03-23-12.03.00,3/22/05,29472615,02,NI-RETIRED,7/10/25,SM-DISC-B58,326317037600,WT-RES,20400-WT-000,5530097765,275 W 12TH ST,FDL-15-17-15-34-767-00,
2005-03-24-12.03.00,3/23/05,29130847,02,NI-RETIRED,12/22/25,SM-DISC-B75,083531397800,WT-RES,23328-WT-000,7655263113,840 S PIONEER PKY,FDL-15-17-16-23-520-00,
2005-03-24-12.03.00,3/23/05,29130848,02,NI-RETIRED,12/11/25,SM-DISC-B75,166362843700,WT-RES,23324-WT-000,4055330415,828 S PIONEER PKY,FDL-15-17-16-23-518-00,
2005-03-29-12.03.00,3/28/05,29130852,01,NI-RETIRED,12/22/25,SM-DISC-B75,600856507500,WT-RES,24280-WT-000,4918195304,124 20TH ST,FDL-15-17-22-11-085-00,
2005-03-29-12.03.00,3/28/05,29468784,02,NI-RETIRED,12/22/25,SM-DISC-B75,120358082700,WT-RES,19780-WT-000,0809561710,394 MORRIS ST,FDL-15-17-15-31-071-00,
2005-03-30-12.03.00,3/29/05,29468781,01,NI-RETIRED,6/3/25,SM-DISC-B75,748375907400,WT-RES,36460-WT-000,0394410842,95 SOUTHERN EDGE DR,FDL-15-17-26-21-060-00,
2005-03-30-12.03.00,3/29/05,29472617,03,NI-RETIRED,6/4/25,SM-DISC-B58,180757063100,WT-RES,10538-WT-000,9888196621,120 N NATIONAL AVE,FDL-15-17-11-41-048-00,
2005-03-30-12.03.00,3/29/05,29472657,02,NI-RETIRED,7/7/25,SM-DISC-B58,770418981900,WT-RES,22242-WT-000,7146051469,566 FOREST AVE,FDL-15-17-16-12-256-00,
2005-03-30-12.03.00,3/29/05,29472660,02,NI-RETIRED,7/10/25,SM-DISC-B58,112291665800,WT-RES,11390-WT-000,8738329122,62 CHERRY LN,FDL-15-17-12-33-535-00,
2005-04-01-12.04.00,3/31/05,29130815,03,NI-RETIRED,5/28/25,SM-DISC-B75,221696418000,WT-COM,37316-WT-000,8890969771,1211 RICKMEYER DR #5,FDL-15-17-08-13-501-02,
2005-04-01-12.04.00,3/31/05,29456331,03,NI-RETIRED,5/28/25,SM-DISC-B100,153758133700,WT-COM,1352-WT-000,7843040011,727 NORTHWEST WAY,FDL-15-17-04-34-751-00,
2005-04-04-12.04.00,4/3/05,29130801,01,NI-RETIRED,2/2/26,SM-DISC-B75,104822539700,WT-RES,24250-WT-000,8689191341,10 CAROLINE CT,FDL-15-17-22-11-070-00,
2005-04-04-12.04.00,4/3/05,29472618,01,NI-RETIRED,8/12/25,SM-DISC-B58,455759594500,WT-RES,15888-WT-000,2905274793,408 LLOYD ST,FDL-15-17-14-31-117-00,
2005-04-04-12.04.00,4/3/05,29472662,02,NI-RETIRED,7/7/25,SM-DISC-B58,406745564600,WT-RES,19792-WT-000,3595522416,362 MORRIS ST,FDL-15-17-15-31-077-00,
2005-04-05-12.04.00,4/4/05,29472663,01,NI-RETIRED,8/11/25,SM-DISC-B58,625622939100,WT-RES,20756-WT-000,7344638683,100 E 9TH ST,FDL-15-17-15-41-112-00,
2005-04-06-12.04.00,4/5/05,29472611,02,NI-RETIRED,6/16/25,SM-DISC-B58,864686491600,WT-RES,20482-WT-000,2557380694,161 GRIFFITH ST,FDL-15-17-15-34-808-00,
2005-04-06-12.04.00,4/5/05,29472664,02,NI-RETIRED,8/7/25,SM-DISC-B58,897430285800,WT-RES,20500-WT-000,4674538238,533 MORRIS ST,FDL-15-17-15-34-817-00,
2005-04-06-12.04.00,4/5/05,29472665,02,NI-RETIRED,6/18/25,SM-DISC-B58,523346472000,WT-RES,20490-WT-000,7444790858,185 GRIFFITH ST,FDL-15-17-15-34-812-00,
2005-04-06-12.04.00,4/5/05,29472668,01,NI-RETIRED,8/12/25,SM-DISC-B58,382084606400,WT-RES,29302-WT-000,6698326169,246 1/2 E 9TH ST,FDL-15-17-14-32-301-00,
2005-04-06-12.04.00,4/5/05,29472672,01,NI-RETIRED,8/11/25,SM-DISC-B58,106472479900,WT-RES,16132-WT-000,4434909523,246 E 9TH ST,FDL-15-17-14-32-301-00,
2005-04-06-12.04.00,4/5/05,29472675,01,NI-RETIRED,9/18/25,SM-DISC-B58,948130047500,WT-RES,16738-WT-000,7615131550,153 15TH ST,FDL-15-17-14-33-646-00,
2005-04-06-12.04.00,4/5/05,29472676,03,NI-RETIRED,5/20/25,SM-DISC-B58,058945255500,WT-RES,8336-WT-000,0241202353,262 BISCHOFF ST,FDL-15-17-11-22-299-00,
2005-04-07-12.04.00,4/6/05,29130788,01,NI-RETIRED,6/3/25,SM-DISC-B75,140382586500,WT-RES,37320-WT-000,3140080545,1316 S PARK AVE,FDL-15-17-26-24-758-00,
2005-04-07-12.04.00,4/6/05,29472671,01,NI-RETIRED,6/4/25,SM-DISC-B58,191370412600,WT-RES,14040-WT-000,8265030321,278 LAUREL LN,FDL-15-17-14-14-792-00,
2005-04-08-12.04.00,4/7/05,29130828,03,NI-RETIRED,11/19/25,SM-DISC-B75,104227453400,WT-RES,7044-WT-000,3773750305,346 N NATIONAL AVE,FDL-15-17-11-11-016-00,
2005-04-08-12.04.00,4/7/05,29472616,03,NI-RETIRED,7/23/25,SM-DISC-B58,685302906500,WT-RES,7456-WT-000,6048350580,467 STOW ST,FDL-15-17-11-12-389-00,
2005-04-08-12.04.00,4/7/05,29472681,02,NI-RETIRED,9/9/25,SM-DISC-B58,445062394500,WT-RES,11392-WT-000,3753834027,54 CHERRY LN,FDL-15-17-12-33-536-00,
2005-04-08-12.04.00,4/7/05,29472682,01,NI-RETIRED,1/22/26,SM-DISC-B58,074805009100,WT-RES,24618-WT-000,3584921148,128 GUINDON BLVD,FDL-15-17-22-14-790-00,
2005-04-08-12.04.00,4/7/05,29472685,02,NI-RETIRED,7/7/25,SM-DISC-B58,978556895500,WT-RES,11376-WT-000,6087140053,55 CHERRY LN,FDL-15-17-12-33-528-00,
2005-04-11-12.04.00,4/10/05,29468785,02,NI-RETIRED,11/26/25,SM-DISC-B75,867435267000,WT-RES,20392-WT-000,5451085955,251 W 12TH ST,FDL-15-17-15-34-763-00,
2005-04-11-12.04.00,4/10/05,29472661,01,NI-RETIRED,1/22/26,SM-DISC-B58,506774189800,WT-RES,24220-WT-000,9799991665,110 18TH ST,FDL-15-17-22-11-055-00,
2005-04-11-12.04.00,4/10/05,29472684,02,NI-RETIRED,6/30/25,SM-DISC-B58,904747755800,WT-RES,19490-WT-000,8951162187,338 MORRIS ST,FDL-15-17-15-24-796-00,
2005-04-11-12.04.00,4/10/05,29472687,02,NI-RETIRED,7/10/25,SM-DISC-B58,355734763300,WT-RES,20496-WT-000,3633487442,515 MORRIS ST,FDL-15-17-15-34-815-00,
2005-04-12-12.04.00,4/11/05,29468766,03,NI-RETIRED,11/19/25,SM-DISC-B75,393104120600,WT-RES,36394-WT-000,1793935370,97 SCHUBERT LN,FDL-15-17-02-44-827-00,
2005-04-12-12.04.00,4/11/05,29472677,03,NI-RETIRED,6/4/25,SM-DISC-B58,933248860700,WT-RES,8746-WT-000,3792939438,272 N PARK AVE,FDL-15-17-11-23-574-00,
2005-04-12-12.04.00,4/11/05,29472678,03,NI-RETIRED,5/20/25,SM-DISC-B58,132350069400,WT-RES,8714-WT-000,7890611655,2 BOYLE PL,FDL-15-17-11-23-558-00,
2005-04-12-12.04.00,4/11/05,29472679,03,NI-RETIRED,5/16/25,SM-DISC-B58,090326637400,WT-RES,8678-WT-000,4184688604,301 N PARK AVE,FDL-15-17-11-23-540-00,
2005-04-12-12.04.00,4/11/05,29472686,02,NI-RETIRED,6/16/25,SM-DISC-B58,615509139500,WT-RES,20464-WT-000,7003300476,501 MORRIS ST,FDL-15-17-15-34-799-00,
2005-04-12-12.04.00,4/11/05,29472688,02,NI-RETIRED,7/7/25,SM-DISC-B58,793374811800,WT-RES,20512-WT-000,6163125060,603 MORRIS ST,FDL-15-17-15-34-823-00,
2005-04-13-12.04.00,4/12/05,29468773,01,NI-RETIRED,6/12/25,SM-DISC-B75,434144164300,WT-RES,12224-WT-000,6255780306,64 EASTBROOK LN,FDL-15-17-13-32-268-00,
2005-04-13-12.04.00,4/12/05,29468774,02,NI-RETIRED,12/22/25,SM-DISC-B75,620369653300,WT-RES,37124-WT-000,9777890751,363 S SEYMOUR ST,FDL-15-17-16-41-024-01,
2005-04-13-12.04.00,4/12/05,29468775,02,NI-RETIRED,11/26/25,SM-DISC-B75,272533139900,WT-RES,19836-WT-000,4570440549,461 MORRIS ST,FDL-15-17-15-31-099-00,
2005-04-13-12.04.00,4/12/05,29468776,02,NI-RETIRED,12/22/25,SM-DISC-B75,286804692500,WT-RES,30660-WT-000,2043789679,463 MORRIS ST,FDL-15-17-15-31-099-00,
2005-04-13-12.04.00,4/12/05,29472659,03,NI-RETIRED,5/20/25,SM-DISC-B58,137137278900,WT-RES,8530-WT-000,3147772652,211 MELROSE BLVD,FDL-15-17-11-22-396-00,
2005-04-13-12.04.00,4/12/05,29472680,02,NI-RETIRED,7/7/25,SM-DISC-B58,734145421600,WT-RES,19446-WT-000,2313749932,297 MORRIS ST,FDL-15-17-15-24-774-00,
2005-04-14-12.04.00,4/13/05,16410483,02,NI-RETIRED,6/16/25,SM-DISC-B58,857547223000,WT-RES,20498-WT-000,6496858875,523 MORRIS ST,FDL-15-17-15-34-816-00,
2005-04-14-12.04.00,4/13/05,29130798,01,NI-RETIRED,5/28/25,SM-DISC-B75,015029608900,WT-RES,36536-WT-000,1055434579,1242 S PARK AVE,FDL-15-17-26-21-098-00,
2005-04-15-12.04.00,4/14/05,29472670,02,NI-RETIRED,8/7/25,SM-DISC-B58,358011399300,WT-RES,14514-WT-000,6032339324,286 3RD ST,FDL-15-17-14-21-178-00,
2005-04-18-12.04.00,4/17/05,29468769,02,NI-RETIRED,12/22/25,SM-DISC-B75,779434923900,WT-COM,24996-WT-000,8098683323,20 E PIONEER RD,FDL-15-17-22-42-262-00,
2005-04-18-12.04.00,4/17/05,29472683,03,NI-RETIRED,5/19/25,SM-DISC-B58,467685292500,WT-RES,8618-WT-000,7743670282,323 N PARK AVE,FDL-15-17-11-23-510-00,
2005-04-18-12.04.00,4/17/05,29472689,02,NI-RETIRED,6/18/25,SM-DISC-B58,192097861200,WT-RES,20474-WT-000,9898013891,162 W 12TH ST,FDL-15-17-15-34-804-00,
2005-04-19-12.04.00,4/18/05,29472697,03,NI-RETIRED,5/19/25,SM-DISC-B58,175899232600,WT-RES,9322-WT-000,9913036891,281 LEDGEVIEW AVE,FDL-15-17-11-31-047-00,
2005-04-20-12.04.00,4/19/05,29130835,02,NI-RETIRED,12/22/25,SM-DISC-B75,656077355300,WT-RES,19790-WT-000,9430124733,366 MORRIS ST,FDL-15-17-15-31-076-00,
2005-04-20-12.04.00,4/19/05,29130849,03,NI-RETIRED,11/26/25,SM-DISC-B75,569854096600,WT-RES,870-WT-000,9215440905,651 E SCOTT ST,FDL-15-17-02-44-775-00,
2005-04-21-12.04.00,4/20/05,29472701,02,NI-RETIRED,7/10/25,SM-DISC-B58,227771743400,WT-RES,14770-WT-000,2638944990,158 E 2ND ST,FDL-15-17-14-22-363-00,
2005-04-21-12.04.00,4/20/05,29472702,03,NI-RETIRED,6/4/25,SM-DISC-B58,367803172800,WT-RES,8710-WT-000,2077346552,4 BOYLE PL,FDL-15-17-11-23-556-00,
2005-04-22-12.04.00,4/21/05,19262132,03,NI-RETIRED,5/22/25,SM-DISC-B100,031791334800,WT-COM,1264-WT-000,6763968846,57 E SCOTT ST,FDL-15-17-03-44-755-00,
2005-04-22-12.04.00,4/21/05,19544187,01,NI-RETIRED,9/18/25,SM-DISC-B58,121331751600,WT-RES,16098-WT-000,5431559752,345 S PARK AVE,FDL-15-17-14-32-284-00,
2005-04-22-12.04.00,4/21/05,29102396,01,NI-RETIRED,9/9/25,SM-DISC-B58,496231778300,WT-RES,21852-WT-000,3429031134,120 15TH ST,FDL-15-17-15-44-955-00,
2005-04-22-12.04.00,4/21/05,29472703,01,NI-RETIRED,1/21/26,SM-DISC-B58,557020859900,WT-RES,21724-WT-000,4021401606,551 S MARR ST,FDL-15-17-15-44-891-00,
2005-04-26-12.04.00,4/25/05,29468756,03,NI-RETIRED,12/22/25,SM-DISC-B75,614408187500,WT-RES,36778-WT-000,1973181747,517 N COUNTRY LN,FDL-15-17-01-44-753-00,
2005-04-26-12.04.00,4/25/05,29472709,03,NI-RETIRED,6/5/25,SM-DISC-B58,547553656900,WT-RES,8534-WT-000,3698895561,352 N PARK AVE,FDL-15-17-11-22-398-00,
2005-04-26-12.04.00,4/25/05,29472711,03,NI-RETIRED,5/20/25,SM-DISC-B58,824119015100,WT-RES,8622-WT-000,2303516077,330 N PARK AVE,FDL-15-17-11-23-512-00,
2005-04-27-12.04.00,4/26/05,29130850,02,NI-RETIRED,12/22/25,SM-DISC-B75,638521103800,WT-RES,10416-WT-000,4380148222,290 SHEBOYGAN ST,FDL-15-17-11-34-872-00,
2005-04-27-12.04.00,4/26/05,29472700,02,NI-RETIRED,7/7/25,SM-DISC-B58,784651282600,WT-RES,19820-WT-000,1355674809,425 MORRIS ST,FDL-15-17-15-31-091-00,
2005-04-27-12.04.00,4/26/05,29472723,03,NI-RETIRED,6/4/25,SM-DISC-B58,833672078600,WT-RES,8706-WT-000,7339455627,6 BOYLE PL,FDL-15-17-11-23-554-00,
2005-04-27-12.04.00,4/26/05,29472724,01,NI-RETIRED,4/19/24,SM-DISC-B58,691852246800,WT-RES,18544-WT-000,2210473347,50 5TH ST,FDL-15-17-15-14-783-00,
2005-04-27-12.04.00,4/26/05,29472726,02,NI-RETIRED,7/10/25,SM-DISC-B58,752335043000,WT-RES,14362-WT-000,4160051511,388 E 2ND ST,FDL-15-17-14-21-101-00,
2005-04-27-12.04.00,4/26/05,29472727,02,NI-RETIRED,6/16/25,SM-DISC-B58,970743111600,WT-RES,19838-WT-000,6932073742,471 MORRIS ST,FDL-15-17-15-31-100-01,
2005-04-28-12.04.00,4/27/05,29472696,03,NI-RETIRED,7/10/25,SM-DISC-B58,744327143200,WT-RES,7438-WT-000,0387643964,358 WETTSTEIN AVE,FDL-15-17-11-12-380-00,
2005-04-29-12.04.00,4/28/05,29468753,01,NI-RETIRED,12/22/25,SM-DISC-B75,629798424900,WT-RES,36468-WT-000,2199546512,61 SOUTHERN EDGE DR,FDL-15-17-26-21-064-00,
2005-04-29-12.04.00,4/28/05,29472725,02,NI-RETIRED,7/10/25,SM-DISC-B58,180205937800,WT-RES,22248-WT-000,4231452992,578 FOREST AVE,FDL-15-17-16-12-259-00,
2005-05-03-12.05.00,5/2/05,17893393,02,NI-RETIRED,7/10/25,SM-DISC-B58,421288474800,WT-RES,31086-WT-000,6781061107,192 S NATIONAL AVE,FDL-15-17-14-14-750-00,
2005-05-03-12.05.00,5/2/05,29472706,02,NI-RETIRED,8/8/25,SM-DISC-B58,045482328100,WT-RES,13308-WT-000,5386410583,91 S ROYAL AVE,FDL-15-17-14-11-012-00,
2005-05-04-12.05.00,5/3/05,29472624,03,NI-RETIRED,6/4/25,SM-DISC-B58,536488474300,WT-RES,2012-WT-000,1503427023,217 N BELL ST,FDL-15-17-09-14-777-00,
2005-05-06-12.05.00,5/5/05,29472719,02,NI-RETIRED,7/10/25,SM-DISC-B58,241574227400,WT-RES,14422-WT-000,0534562103,143 EVERETT ST,FDL-15-17-14-21-132-00,
2005-05-06-12.05.00,5/5/05,29472720,03,NI-RETIRED,8/7/25,SM-DISC-B58,093703896200,WT-RES,7934-WT-000,8705705909,450 ROOSEVELT ST,FDL-15-17-11-21-015-00,
2005-05-09-12.05.00,5/8/05,29472722,02,NI-RETIRED,7/7/25,SM-DISC-B58,549007143000,WT-RES,23372-WT-000,4185643418,758 WESTERN AVE,FDL-15-17-16-24-757-00,
2005-05-10-12.05.00,5/9/05,29472699,01,NI-RETIRED,1/22/26,SM-DISC-B58,548197943700,WT-RES,21680-WT-000,4292554641,87 14TH ST,FDL-15-17-15-44-869-00,
2005-05-10-12.05.00,5/9/05,29472729,03,NI-RETIRED,5/16/25,SM-DISC-B58,254966998900,WT-RES,9216-WT-000,9256842483,272 E ARNDT ST,FDL-15-17-11-24-897-00,
2005-05-11-12.05.00,5/10/05,29472698,03,NI-RETIRED,6/5/25,SM-DISC-B58,648718960300,WT-RES,8500-WT-000,2715591642,177 E MC WILLIAMS ST,FDL-15-17-11-22-381-00,
2005-05-11-12.05.00,5/10/05,29472732,03,NI-RETIRED,6/4/25,SM-DISC-B58,897252837600,WT-RES,8754-WT-000,8281213527,261 E ARNDT ST,FDL-15-17-11-23-578-00,
2005-05-11-12.05.00,5/10/05,29472735,03,NI-RETIRED,6/5/25,SM-DISC-B58,418165407200,WT-RES,8768-WT-000,2832609865,230 E ARNDT ST,FDL-15-17-11-23-585-00,
2005-05-11-12.05.00,5/10/05,29472736,03,NI-RETIRED,6/5/25,SM-DISC-B58,890509501800,WT-RES,32392-WT-000,0968828085,232 E ARNDT ST,FDL-15-17-11-23-585-00,
2005-05-11-12.05.00,5/10/05,29472738,01,NI-RETIRED,8/11/25,SM-DISC-B58,139623181600,WT-RES,16342-WT-000,1823004307,405 ELLIS ST,FDL-15-17-14-32-406-00,
2005-05-12-12.05.00,5/11/05,29130851,02,NI-RETIRED,12/11/25,SM-DISC-B75,542983345300,WT-RES,30610-WT-000,6670695494,768 PIONEER PKY,FDL-15-17-16-24-789-00,
2005-05-12-12.05.00,5/11/05,29468795,02,NI-RETIRED,12/22/25,SM-DISC-B75,679387436200,WT-RES,31128-WT-000,0615982735,277 MORNINGSIDE DR,FDL-15-17-13-23-520-00,
2005-05-12-12.05.00,5/11/05,29472694,02,NI-RETIRED,7/7/25,SM-DISC-B58,018076989000,EX-RES,30610-EX-000,6670695494,768 PIONEER PKY,FDL-15-17-16-24-789-00,
2005-05-12-12.05.00,5/11/05,29472721,03,NI-RETIRED,5/20/25,SM-DISC-B58,769446091900,WT-RES,8358-WT-000,1660075716,414 N PARK AVE,FDL-15-17-11-22-310-00,
2005-05-13-12.05.00,5/12/05,29472739,03,NI-RETIRED,7/10/25,SM-DISC-B58,518999538100,WT-RES,7354-WT-000,6466006855,466 E BANK ST,FDL-15-17-11-12-338-00,
2005-05-16-12.05.00,5/15/05,29468760,01,NI-RETIRED,6/3/25,SM-DISC-B75,533471149800,WT-RES,36466-WT-000,4618242090,69 SOUTHERN EDGE DR,FDL-15-17-26-21-063-00,
2005-05-16-12.05.00,5/15/05,29472740,03,NI-RETIRED,7/10/25,SM-DISC-B58,105820971100,WT-RES,7858-WT-000,9396692516,227 WILSON AVE,FDL-15-17-11-14-860-00,
2005-05-17-12.05.00,5/16/05,29468790,02,NI-RETIRED,12/22/25,SM-DISC-B75,112174160900,WT-RES,31164-WT-000,6918311967,894 BISHOP CT,FDL-15-17-13-21-043-00,
2005-05-17-12.05.00,5/16/05,29472744,02,NI-RETIRED,7/7/25,SM-DISC-B58,279406795600,WT-RES,20020-WT-000,4696086311,473 ANN ST,FDL-15-17-15-32-338-00,
2005-05-17-12.05.00,5/16/05,29472755,02,NI-RETIRED,8/8/25,SM-DISC-B58,906072323100,WT-RES,11006-WT-000,8246279918,56 S KAYSER ST,FDL-15-17-11-44-907-00,
2005-05-17-12.05.00,5/16/05,29472757,02,NI-RETIRED,8/7/25,SM-DISC-B58,998455214100,WT-RES,10954-WT-000,1144538327,55 S KAYSER ST,FDL-15-17-11-44-878-00,
2005-05-18-12.05.00,5/17/05,29468792,01,NI-RETIRED,6/3/25,SM-DISC-B75,388365993900,WT-RES,17382-WT-000,5870717281,218 PHEASANT DR,FDL-15-17-14-41-111-00,
2005-05-18-12.05.00,5/17/05,29472756,03,NI-RETIRED,5/16/25,SM-DISC-B58,742532279900,WT-RES,10548-WT-000,8953926698,90 N NATIONAL AVE,FDL-15-17-11-41-053-00,
2005-05-19-12.05.00,5/18/05,17893389,02,NI-RETIRED,7/10/25,SM-DISC-B58,196305932100,WT-RES,13956-WT-000,8370546519,190 S NATIONAL AVE,FDL-15-17-14-14-750-00,
2005-05-19-12.05.00,5/18/05,29468799,02,NI-RETIRED,10/29/25,SM-DISC-B75,611598237600,WT-RES,37434-WT-000,0301331527,8 STONE CASTLE DR,FDL-15-17-26-22-260-00,
2005-05-19-12.05.00,5/18/05,29468801,02,NI-RETIRED,11/19/25,SM-DISC-B75,789417287100,WT-RES,37436-WT-000,7874307268,12 STONE CASTLE DR,FDL-15-17-26-22-261-00,
2005-05-19-12.05.00,5/18/05,29472713,02,NI-RETIRED,4/25/25,SM-DISC-B58,558257302200,WT-COM,19034-WT-000,5077258858,282 FOREST AVE,FDL-15-17-15-22-250-00,
2005-05-19-12.05.00,5/18/05,29472760,02,NI-RETIRED,8/7/25,SM-DISC-B58,997434839600,WT-RES,10964-WT-000,3540450448,19 S KAYSER ST,FDL-15-17-11-44-883-00,
2005-05-19-12.05.00,5/18/05,29472762,03,NI-RETIRED,6/5/25,SM-DISC-B58,674770976500,WT-RES,3538-WT-000,0561957081,345 MARQUETTE ST,FDL-15-17-10-11-090-00,
2005-05-20-12.05.00,5/19/05,29468807,01,NI-RETIRED,6/12/25,SM-DISC-B75,255589706400,WT-RES,12268-WT-000,8589135496,257 PHEASANT DR,FDL-15-17-13-33-505-00,
2005-05-20-12.05.00,5/19/05,29468808,02,NI-RETIRED,4/16/24,SM-DISC-B75,637633878300,WT-RES,31162-WT-000,5593674307,892 BISHOP CT,FDL-15-17-13-21-041-00,
2005-05-20-12.05.00,5/19/05,29472716,03,NI-RETIRED,7/10/25,SM-DISC-B58,030676596500,WT-RES,7840-WT-000,8748939633,297 WILSON AVE,FDL-15-17-11-14-851-00,
2005-05-23-12.05.00,5/22/05,29468802,02,NI-RETIRED,10/29/25,SM-DISC-B75,559094395600,WT-RES,37440-WT-000,4737422753,20 STONE CASTLE DR,FDL-15-17-26-22-263-00,
2005-05-23-12.05.00,5/22/05,29468804,02,NI-RETIRED,11/19/25,SM-DISC-B75,127302821000,WT-RES,37438-WT-000,0888405852,16 STONE CASTLE DR,FDL-15-17-26-22-262-00,
2005-05-23-12.05.00,5/22/05,29472715,01,NI-RETIRED,8/12/25,SM-DISC-B58,283863824900,WT-RES,16166-WT-000,1562185094,156 E 9TH ST,FDL-15-17-14-32-318-00,
2005-05-23-12.05.00,5/22/05,29472717,02,NI-RETIRED,8/7/25,SM-DISC-B58,799190738000,WT-RES,11648-WT-000,5293560883,860 KINGS CT,FDL-15-17-13-21-032-00,
2005-05-23-12.05.00,5/22/05,29472753,02,NI-RETIRED,4/19/24,SM-DISC-B58,090988090900,WT-RES,11606-WT-000,1448716037,878 CASTLE RD,FDL-15-17-13-21-011-00,
2005-05-23-12.05.00,5/22/05,29472758,01,NI-RETIRED,9/17/25,SM-DISC-B58,845452188400,WT-RES,25650-WT-000,7667439256,297 18TH ST,FDL-15-17-23-21-060-00,
2005-05-23-12.05.00,5/22/05,29472761,01,NI-RETIRED,1/22/26,SM-DISC-B58,999902506600,WT-RES,25656-WT-000,2189726659,291 18TH ST,FDL-15-17-23-21-063-00,
2005-05-24-12.05.00,5/23/05,29468791,03,NI-RETIRED,10/29/25,SM-DISC-B75,371116409100,WT-RES,34934-WT-000,0190078306,534 WHISPERING SPRINGS DR,FDL-15-18-05-43-519-00,
2005-05-24-12.05.00,5/23/05,29468806,01,NI-RETIRED,12/22/25,SM-DISC-B75,887555008800,WT-RES,26046-WT-000,1431648357,179 GUINDON BLVD,FDL-15-17-23-23-505-00,
2005-05-24-12.05.00,5/23/05,29468811,01,NI-RETIRED,6/12/25,SM-DISC-B75,827694674100,WT-RES,17380-WT-000,5848161910,226 PHEASANT DR,FDL-15-17-14-41-110-00,
2005-05-24-12.05.00,5/23/05,29468829,01,NI-RETIRED,6/9/25,SM-DISC-B75,627837037500,WT-RES,17298-WT-000,7069097128,46 MULBERRY CT,FDL-15-17-14-41-069-00,
2005-05-24-12.05.00,5/23/05,29468831,02,NI-RETIRED,4/16/24,SM-DISC-B75,805436226300,WT-RES,31154-WT-000,9282556590,891 BISHOP CT,FDL-15-17-13-21-023-00,
2005-05-24-12.05.00,5/23/05,29472749,02,NI-RETIRED,8/7/25,SM-DISC-B58,947954587600,WT-RES,3190-WT-000,1770801588,20 N BUTLER ST,FDL-15-17-09-44-811-00,
2005-05-24-12.05.00,5/23/05,29472777,02,NI-RETIRED,4/19/24,SM-DISC-B58,083912586800,WT-RES,11612-WT-000,7270568417,872 CASTLE RD,FDL-15-17-13-21-014-00,
2005-05-24-12.05.00,5/23/05,29472863,01,NI-RETIRED,9/17/25,SM-DISC-B58,732752108500,WT-RES,25662-WT-000,0399996058,286 18TH ST,FDL-15-17-23-21-066-00,
2005-05-25-12.05.00,5/24/05,29472763,02,NI-RETIRED,8/7/25,SM-DISC-B58,494051336100,WT-RES,13372-WT-000,7776096036,75 S RESERVE AVE,FDL-15-17-14-11-044-00,
2005-05-25-12.05.00,5/24/05,29472764,02,NI-RETIRED,7/28/25,SM-DISC-B58,574925994700,WT-RES,10896-WT-000,0078800041,574 E DIVISION ST,FDL-15-17-11-44-849-00,
2005-05-25-12.05.00,5/24/05,29472780,02,NI-RETIRED,7/7/25,SM-DISC-B58,374546908600,WT-RES,11652-WT-000,5751209866,864 KINGS CT,FDL-15-17-13-21-034-00,
2005-05-26-12.05.00,5/25/05,29468842,02,NI-RETIRED,12/22/25,SM-DISC-B75,067885772700,WT-RES,10828-WT-000,5637006905,9 S SALLIE AVE,FDL-15-17-11-44-815-00,
2005-05-26-12.05.00,5/25/05,29472743,03,NI-RETIRED,5/20/25,SM-DISC-B58,491264140200,WT-RES,1044-WT-000,0406359739,363 W SCOTT ST,FDL-15-17-03-33-549-00,
2005-05-26-12.05.00,5/25/05,29472767,02,NI-RETIRED,8/8/25,SM-DISC-B58,087833288000,WT-RES,10810-WT-000,0024787245,60 S ROYAL AVE,FDL-15-17-11-44-806-00,
2005-05-26-12.05.00,5/25/05,29472779,02,NI-RETIRED,8/7/25,SM-DISC-B58,267051094600,WT-RES,13306-WT-000,3340894085,93 S ROYAL AVE,FDL-15-17-14-11-011-00,
2005-05-26-12.05.00,5/25/05,29472782,02,NI-RETIRED,7/28/25,SM-DISC-B58,837341638000,WT-RES,13310-WT-000,7831637678,83 S ROYAL AVE,FDL-15-17-14-11-013-00,
2005-05-26-12.05.00,5/25/05,29472791,02,NI-RETIRED,7/28/25,SM-DISC-B58,274066942400,WT-RES,10740-WT-000,9889906938,49 S ROYAL AVE,FDL-15-17-11-44-771-00,
2005-05-31-12.05.00,5/30/05,29468821,02,NI-RETIRED,12/22/25,SM-DISC-B75,373834883000,WT-RES,10750-WT-000,9596360811,19 S ROYAL AVE,FDL-15-17-11-44-776-00,
2005-05-31-12.05.00,5/30/05,29472655,02,NI-RETIRED,8/11/25,SM-DISC-B58,110350636600,WT-RES,10998-WT-000,5953410664,26 S KAYSER ST,FDL-15-17-11-44-903-00,
2005-05-31-12.05.00,5/30/05,29472707,01,NI-RETIRED,8/11/25,SM-DISC-B58,253983572800,WT-RES,15660-WT-000,8731327070,384 8TH ST,FDL-15-17-14-31-002-00,
2005-05-31-12.05.00,5/30/05,29472778,03,NI-RETIRED,8/7/25,SM-DISC-B58,031604506400,WT-RES,7804-WT-000,0135316918,300 LAWRENCE AVE,FDL-15-17-11-14-833-00,
2005-06-01-12.06.00,5/31/05,29102395,03,NI-RETIRED,5/20/25,SM-DISC-B58,820551969800,WT-RES,3898-WT-000,5432147434,111 W MC WILLIAMS ST,FDL-15-17-10-12-377-00,
2005-06-01-12.06.00,5/31/05,29472769,01,NI-RETIRED,8/7/25,SM-DISC-B58,075579924900,WT-RES,14986-WT-000,8106475686,189 5TH ST,FDL-15-17-14-23-532-00,
2005-06-01-12.06.00,5/31/05,29472771,01,NI-RETIRED,8/7/25,SM-DISC-B58,200127113200,WT-RES,29120-WT-000,1857658475,189 1/2 5TH ST UPPER,FDL-15-17-14-23-532-00,
2005-06-01-12.06.00,5/31/05,29472773,02,NI-RETIRED,7/23/25,SM-DISC-B58,871216747500,WT-RES,13316-WT-000,5044510152,70 S ROYAL AVE,FDL-15-17-14-11-016-00,
2005-06-01-12.06.00,5/31/05,29472775,02,NI-RETIRED,7/23/25,SM-DISC-B58,848598510900,WT-RES,10884-WT-000,7266444368,55 S RESERVE AVE,FDL-15-17-11-44-843-00,
2005-06-02-12.06.00,6/1/05,29468759,02,NI-RETIRED,12/22/25,SM-DISC-B75,364745874500,WT-RES,10736-WT-000,9290526150,61 S ROYAL AVE,FDL-15-17-11-44-769-00,
2005-06-02-12.06.00,6/1/05,29468825,02,NI-RETIRED,10/29/25,SM-DISC-B75,952216215400,WT-RES,10820-WT-000,3090827656,37 S SALLIE AVE,FDL-15-17-11-44-811-00,
2005-06-02-12.06.00,6/1/05,29472776,02,NI-RETIRED,8/7/25,SM-DISC-B58,422661694000,WT-RES,13300-WT-000,0185502454,641 E 2ND ST,FDL-15-17-14-11-008-00,
2005-06-03-12.06.00,6/2/05,29472600,02,NI-RETIRED,8/7/25,SM-DISC-B58,947522943900,WT-RES,13370-WT-000,7988074151,79 S RESERVE AVE,FDL-15-17-14-11-043-00,
2005-06-03-12.06.00,6/2/05,29472705,02,NI-RETIRED,6/30/25,SM-DISC-B58,216440470700,WT-RES,2682-WT-000,6785117725,126 N HICKORY ST,FDL-15-17-09-41-100-00,
2005-06-03-12.06.00,6/2/05,29472770,02,NI-RETIRED,8/7/25,SM-DISC-B58,272565289100,WT-RES,10886-WT-000,7378935125,47 S RESERVE AVE,FDL-15-17-11-44-844-00,
2005-06-03-12.06.00,6/2/05,29472784,02,NI-RETIRED,7/23/25,SM-DISC-B58,815412612200,EX-RES,10886-EX-000,7378935125,47 S RESERVE AVE,FDL-15-17-11-44-844-00,
2005-06-06-12.06.00,6/5/05,29472590,01,NI-RETIRED,8/11/25,SM-DISC-B58,525213251500,WT-RES,15506-WT-000,5473679172,335 6TH ST,FDL-15-17-14-24-841-00,
2005-06-07-12.06.00,6/6/05,29472789,02,NI-RETIRED,8/7/25,SM-DISC-B58,654961677800,WT-RES,10894-WT-000,4788076614,15 S RESERVE AVE,FDL-15-17-11-44-848-00,
2005-06-08-12.06.00,6/7/05,29472864,02,NI-RETIRED,8/7/25,SM-DISC-B58,592349157800,WT-RES,13292-WT-000,5756492027,90 S NATIONAL AVE,FDL-15-17-14-11-004-00,
2005-06-09-12.06.00,6/8/05,29468823,01,NI-RETIRED,11/19/25,SM-DISC-B75,814901751500,WT-RES,12196-WT-000,0672992872,25 MULBERRY CT,FDL-15-17-13-32-254-00,
2005-06-09-12.06.00,6/8/05,29472772,01,NI-RETIRED,7/10/25,SM-DISC-B58,037900352400,EX-RES,12196-EX-000,0672992872,25 MULBERRY CT,FDL-15-17-13-32-254-00,
2005-06-13-12.06.00,6/12/05,29468828,03,NI-RETIRED,12/22/25,SM-DISC-B75,700713220500,WT-RES,35262-WT-000,9311451458,1464 HUNTER AVE,FDL-15-18-06-34-785-00,
2005-06-13-12.06.00,6/12/05,29472768,02,NI-RETIRED,8/11/25,SM-DISC-B58,246620470200,WT-RES,10744-WT-000,2235873475,37 S ROYAL AVE,FDL-15-17-11-44-773-00,
2005-06-13-12.06.00,6/12/05,29472805,02,NI-RETIRED,7/7/25,SM-DISC-B58,015233056000,WT-RES,21886-WT-000,7519586616,442 FOREST AVE,FDL-15-17-16-11-006-00,
2005-06-14-12.06.00,6/13/05,29468835,02,NI-RETIRED,2/2/26,SM-DISC-B75,850705817800,WT-RES,10004-WT-000,5548534268,22 N PARK AVE,FDL-15-17-11-33-539-00,
2005-06-14-12.06.00,6/13/05,29472793,02,NI-RETIRED,8/7/25,SM-DISC-B58,656287891900,WT-RES,9946-WT-000,4141939016,65 N PARK AVE,FDL-15-17-11-33-510-00,
2005-06-14-12.06.00,6/13/05,29472796,02,NI-RETIRED,4/19/24,SM-DISC-B58,773411990800,WT-RES,11608-WT-000,6475396171,876 CASTLE RD,FDL-15-17-13-21-012-00,
2005-06-15-12.06.00,6/14/05,29130805,02,NI-RETIRED,12/22/25,SM-DISC-B75,868293498000,WT-RES,14270-WT-000,6497697759,354 E 1ST ST,FDL-15-17-14-21-055-00,
2005-06-15-12.06.00,6/14/05,29468824,02,NI-RETIRED,10/29/25,SM-DISC-B75,461061963100,WT-RES,10746-WT-000,1945712546,31 S ROYAL AVE,FDL-15-17-11-44-774-00,
2005-06-15-12.06.00,6/14/05,29472786,02,NI-RETIRED,8/11/25,SM-DISC-B58,200252795600,WT-RES,10018-WT-000,8241002221,163 E DIVISION ST,FDL-15-17-11-33-546-00,
2005-06-15-12.06.00,6/14/05,29472788,02,NI-RETIRED,8/8/25,SM-DISC-B58,780320037300,WT-RES,9986-WT-000,1048681341,190 HOYT ST,FDL-15-17-11-33-530-00,
2005-06-16-12.06.00,6/15/05,29472810,03,NI-RETIRED,8/7/25,SM-DISC-B58,065021534000,WT-RES,506-WT-000,4579906148,523 TAFT ST,FDL-15-17-02-34-831-00,
2005-06-16-12.06.00,6/15/05,29472811,03,NI-RETIRED,8/7/25,SM-DISC-B58,752783934300,WT-RES,7444-WT-000,2807014751,347 WETTSTEIN AVE,FDL-15-17-11-12-383-00,
2005-06-16-12.06.00,6/15/05,29472812,02,NI-RETIRED,8/7/25,SM-DISC-B58,675765464900,WT-RES,10798-WT-000,8256832617,18 S ROYAL AVE,FDL-15-17-11-44-800-00,
2005-06-16-12.06.00,6/15/05,29472813,03,NI-RETIRED,8/7/25,SM-DISC-B58,496971164600,WT-RES,7464-WT-000,6199374504,479 STOW ST,FDL-15-17-11-12-393-00,
2005-06-16-12.06.00,6/15/05,29472814,02,NI-RETIRED,7/28/25,SM-DISC-B58,257390555000,WT-RES,10800-WT-000,8816913791,24 S ROYAL AVE,FDL-15-17-11-44-801-00,
2005-06-17-12.06.00,6/16/05,29468797,02,NI-RETIRED,12/22/25,SM-DISC-B75,687575747700,WT-RES,23606-WT-000,5056673855,683 SULLIVAN DR,FDL-15-17-16-34-750-00,
2005-06-17-12.06.00,6/16/05,29472808,02,NI-RETIRED,7/30/25,SM-DISC-B58,249496732800,WT-RES,6782-WT-000,5720673080,46 OLCOTT ST,FDL-15-17-10-44-768-00,
2005-06-17-12.06.00,6/16/05,29472809,02,NI-RETIRED,8/8/25,SM-DISC-B58,527278239700,WT-RES,6770-WT-000,3659558648,119 E DIVISION ST,FDL-15-17-10-44-762-00,
2005-06-17-12.06.00,6/16/05,29472815,02,NI-RETIRED,8/7/25,SM-DISC-B58,852005988800,WT-RES,10794-WT-000,9722915519,612 E DIVISION ST,FDL-15-17-11-44-798-00,
2005-06-17-12.06.00,6/16/05,29472816,02,NI-RETIRED,8/7/25,SM-DISC-B58,785591337900,WT-RES,6786-WT-000,7090730714,54 OLCOTT ST,FDL-15-17-10-44-770-00,
2005-06-20-12.06.00,6/19/05,29472591,02,NI-RETIRED,7/23/25,SM-DISC-B58,862304846600,WT-RES,6804-WT-000,1157392744,47 AMORY ST,FDL-15-17-10-44-779-00,
2005-06-20-12.06.00,6/19/05,29472592,02,NI-RETIRED,8/7/25,SM-DISC-B58,622624944200,WT-RES,13304-WT-000,4992048945,97 S ROYAL AVE,FDL-15-17-14-11-010-00,
2005-06-20-12.06.00,6/19/05,29472674,03,NI-RETIRED,6/17/25,SM-DISC-B58,560959027700,WT-RES,4160-WT-000,5600160407,114 W ARNDT ST,FDL-15-17-10-13-590-00,
2005-06-21-12.06.00,6/20/05,29102394,01,NI-RETIRED,9/17/25,SM-DISC-B58,787506946700,WT-RES,26288-WT-000,6079018806,751 STERLING DR,FDL-15-17-23-24-785-00,
2005-06-21-12.06.00,6/20/05,29472787,02,NI-RETIRED,8/7/25,SM-DISC-B58,920887813100,WT-RES,6848-WT-000,3610192902,49 N MARR ST,FDL-15-17-10-44-801-00,
2005-06-21-12.06.00,6/20/05,29472790,02,NI-RETIRED,7/10/25,SM-DISC-B58,219971789900,WT-RES,11552-WT-000,1675989732,827 MEADOWBROOK LN,FDL-15-17-12-34-811-00,
2005-06-22-12.06.00,6/21/05,29456337,01,NI-RETIRED,5/22/25,SM-DISC-B100,808279697500,WT-RES,27750-WT-000,1717763227,785 ESTATE DR,FDL-15-17-24-14-764-00,
2005-06-22-12.06.00,6/21/05,29468812,02,NI-RETIRED,10/29/25,SM-DISC-B75,301410483800,WT-RES,37448-WT-000,7164906170,27 STONE CASTLE DR,FDL-15-17-26-22-267-00,
2005-06-22-12.06.00,6/21/05,29468814,02,NI-RETIRED,11/19/25,SM-DISC-B75,666553698000,WT-RES,37444-WT-000,2644755948,19 STONE CASTLE DR,FDL-15-17-26-22-265-00,
2005-06-22-12.06.00,6/21/05,29468815,02,NI-RETIRED,11/19/25,SM-DISC-B75,862803020500,WT-RES,37446-WT-000,6693762784,23 STONE CASTLE DR,FDL-15-17-26-22-266-00,
2005-06-22-12.06.00,6/21/05,29468816,02,NI-RETIRED,10/29/25,SM-DISC-B75,024631524900,WT-RES,37442-WT-000,5873236193,15 STONE CASTLE DR,FDL-15-17-26-22-264-00,
2005-06-22-12.06.00,6/21/05,29468826,02,NI-RETIRED,10/29/25,SM-DISC-B75,937301757200,WT-RES,37452-WT-000,1348294915,35 STONE CASTLE DR,FDL-15-17-26-22-269-00,
2005-06-22-12.06.00,6/21/05,29468827,02,NI-RETIRED,11/13/25,SM-DISC-B75,643658213200,WT-RES,37450-WT-000,9088443270,31 STONE CASTLE DR,FDL-15-17-26-22-268-00,
2005-06-22-12.06.00,6/21/05,29468843,02,NI-RETIRED,12/22/25,SM-DISC-B75,451536262500,WT-COM,6824-WT-000,5014011909,30 AMORY ST,FDL-15-17-10-44-789-00,
2005-06-23-12.06.00,6/22/05,29468844,01,NI-RETIRED,11/13/25,SM-DISC-B75,921106215500,WT-RES,37416-WT-000,8894194016,789 DEMING PL,FDL-15-17-22-14-795-03,
2005-06-23-12.06.00,6/22/05,29472820,02,NI-RETIRED,7/10/25,SM-DISC-B58,063719006400,WT-RES,11348-WT-000,1404882861,762 MEADOWBROOK LN,FDL-15-17-12-33-514-00,
2005-06-23-12.06.00,6/22/05,29472823,02,NI-RETIRED,8/11/25,SM-DISC-B58,906727683200,WT-RES,10012-WT-000,6870477318,18 WOODS PL,FDL-15-17-11-33-543-00,
2005-06-23-12.06.00,6/22/05,29472824,02,NI-RETIRED,6/30/25,SM-DISC-B58,884056136300,WT-RES,11344-WT-000,6298435783,748 MEADOWBROOK LN,FDL-15-17-12-33-512-00,
2005-06-23-12.06.00,6/22/05,29472825,02,NI-RETIRED,7/10/25,SM-DISC-B58,709351115000,WT-RES,11346-WT-000,2179355116,756 MEADOWBROOK LN,FDL-15-17-12-33-513-00,
2005-06-24-12.06.00,6/23/05,29472842,01,NI-RETIRED,6/4/25,SM-DISC-B58,961071261300,WT-RES,17192-WT-000,4614038947,555 E 9TH ST,FDL-15-17-14-41-016-00,
2005-06-24-12.06.00,6/23/05,29472843,02,NI-RETIRED,7/7/25,SM-DISC-B58,985693467100,WT-RES,2316-WT-000,9589616298,700 THOMAS ST,FDL-15-17-09-34-756-00,
2005-06-27-12.06.00,6/26/05,29468847,02,NI-RETIRED,12/22/25,SM-DISC-B75,679550499800,WT-RES,11558-WT-000,5148833254,810 MEADOWBROOK LN,FDL-15-17-12-34-814-00,
2005-06-27-12.06.00,6/26/05,29472807,02,NI-RETIRED,6/18/25,SM-DISC-B58,501058054100,WT-RES,20480-WT-000,6364961659,155 GRIFFITH ST,FDL-15-17-15-34-807-00,
2005-06-27-12.06.00,6/26/05,29472845,02,NI-RETIRED,7/23/25,SM-DISC-B58,944257918800,WT-RES,10014-WT-000,6845266556,26 WOODS PL,FDL-15-17-11-33-544-00,
2005-06-27-12.06.00,6/26/05,29472846,02,NI-RETIRED,7/7/25,SM-DISC-B58,109672992200,WT-RES,11356-WT-000,0435243831,794 MEADOWBROOK LN,FDL-15-17-12-33-518-00,
2005-06-27-12.06.00,6/26/05,29472847,02,NI-RETIRED,8/7/25,SM-DISC-B58,541706547000,WT-RES,11004-WT-000,6159175063,48 S KAYSER ST,FDL-15-17-11-44-906-00,
2005-06-28-12.06.00,6/27/05,29472832,02,NI-RETIRED,6/16/25,SM-DISC-B58,413184326500,WT-RES,23158-WT-000,5271592090,824 FOREST AVE,FDL-15-17-16-22-255-00,
2005-06-28-12.06.00,6/27/05,29472848,02,NI-RETIRED,8/11/25,SM-DISC-B58,611129126900,WT-RES,6802-WT-000,7225061298,53 AMORY ST,FDL-15-17-10-44-778-00,
2005-06-28-12.06.00,6/27/05,29472849,02,NI-RETIRED,8/8/25,SM-DISC-B58,410911885400,WT-RES,10762-WT-000,4667137180,31 N ROYAL AVE,FDL-15-17-11-44-782-00,
2005-06-28-12.06.00,6/27/05,29472850,02,NI-RETIRED,7/10/25,SM-DISC-B58,968350000800,WT-RES,11562-WT-000,5037827163,826 MEADOWBROOK LN,FDL-15-17-12-34-816-00,
2005-06-28-12.06.00,6/27/05,29472851,02,NI-RETIRED,7/10/25,SM-DISC-B58,482815702600,WT-RES,11556-WT-000,2543011998,811 MEADOWBROOK LN,FDL-15-17-12-34-813-00,
2005-06-29-12.06.00,6/28/05,29468819,01,NI-RETIRED,6/3/25,SM-DISC-B75,651761822400,WT-RES,35848-WT-000,2279336153,30 COUGAR CT,FDL-15-17-26-12-327-00,
2005-06-29-12.06.00,6/28/05,29472593,02,NI-RETIRED,7/28/25,SM-DISC-B58,975650106600,WT-RES,10578-WT-000,1348125810,612 E MERRILL AVE,FDL-15-17-11-41-069-00,
2005-06-29-12.06.00,6/28/05,29472819,02,NI-RETIRED,7/7/25,SM-DISC-B58,419430983600,EX-RES,11324-EX-000,2502501443,787 MEADOWBROOK LN,FDL-15-17-12-33-502-00,
2005-06-29-12.06.00,6/28/05,29472821,02,NI-RETIRED,7/23/25,SM-DISC-B58,974531072800,WT-RES,10908-WT-000,0147198646,35 N RESERVE AVE,FDL-15-17-11-44-855-00,
2005-06-29-12.06.00,6/28/05,29472855,03,NI-RETIRED,6/18/25,SM-DISC-B58,318935670200,WT-RES,8354-WT-000,5682717967,417 N PARK AVE,FDL-15-17-11-22-308-00,
2005-06-29-12.06.00,6/28/05,29472856,02,NI-RETIRED,7/7/25,SM-DISC-B58,447638497700,WT-RES,11324-WT-000,2502501443,787 MEADOWBROOK LN,FDL-15-17-12-33-502-00,
2005-06-29-12.06.00,6/28/05,29472868,02,NI-RETIRED,7/23/25,SM-DISC-B58,555456081500,WT-RES,10932-WT-000,0067336429,20 N RESERVE AVE,FDL-15-17-11-44-867-00,
2005-06-29-12.06.00,6/28/05,29472869,02,NI-RETIRED,7/28/25,SM-DISC-B58,924705212400,WT-RES,10914-WT-000,3059118493,55 N RESERVE AVE,FDL-15-17-11-44-858-00,
2005-06-30-12.06.00,6/29/05,29472836,02,NI-RETIRED,8/8/25,SM-DISC-B58,728185946600,WT-RES,11350-WT-000,6730032861,770 MEADOWBROOK LN,FDL-15-17-12-33-515-00,
2005-06-30-12.06.00,6/29/05,29472841,01,NI-RETIRED,9/9/25,SM-DISC-B58,676002350300,WT-RES,15514-WT-000,4615285951,311 6TH ST,FDL-15-17-14-24-845-00,
2005-06-30-12.06.00,6/29/05,29472866,02,NI-RETIRED,8/11/25,SM-DISC-B58,745235662500,WT-RES,10856-WT-000,5812106226,40 N SALLIE AVE,FDL-15-17-11-44-829-00,
2005-07-01-12.07.00,6/30/05,29472818,02,NI-RETIRED,7/10/25,SM-DISC-B58,187387761100,WT-RES,20028-WT-000,2544959765,321 W 11TH ST,FDL-15-17-15-32-342-00,
2005-07-05-12.07.00,7/4/05,29472829,03,NI-RETIRED,7/10/25,SM-DISC-B58,782663431900,WT-RES,7078-WT-000,4886255294,456 N NATIONAL AVE,FDL-15-17-11-11-033-00,
2005-07-06-12.07.00,7/5/05,29472795,02,NI-RETIRED,7/30/25,SM-DISC-B58,654791597300,WT-RES,10900-WT-000,4079163967,585 E DIVISION ST,FDL-15-17-11-44-851-00,
2005-07-06-12.07.00,7/5/05,29472833,01,NI-RETIRED,9/9/25,SM-DISC-B58,919833930800,WT-RES,17026-WT-000,0402910719,387 14TH ST,FDL-15-17-14-34-865-00,
2005-07-07-12.07.00,7/6/05,29472838,02,NI-RETIRED,7/23/25,SM-DISC-B58,342173961100,WT-RES,10844-WT-000,6115712230,41 N SALLIE AVE,FDL-15-17-11-44-823-00,
2005-07-07-12.07.00,7/6/05,29472839,02,NI-RETIRED,7/23/25,SM-DISC-B58,706788994800,WT-RES,10274-WT-000,2271647988,327 E DIVISION ST,FDL-15-17-11-34-796-00,
2005-07-07-12.07.00,7/6/05,29472947,02,NI-RETIRED,8/7/25,SM-DISC-B58,117324627100,WT-RES,10242-WT-000,7261481633,351 E DIVISION ST,FDL-15-17-11-34-780-00,
2005-07-08-12.07.00,7/7/05,29472827,01,NI-RETIRED,8/11/25,SM-DISC-B58,412682601000,WT-RES,16228-WT-000,4622710840,247 BOYD ST,FDL-15-17-14-32-349-00,
2005-07-08-12.07.00,7/7/05,29472840,02,NI-RETIRED,8/7/25,SM-DISC-B58,747101445500,WT-RES,6784-WT-000,0540467075,50 OLCOTT ST,FDL-15-17-10-44-769-00,
2005-07-11-12.07.00,7/10/05,29472797,02,NI-RETIRED,7/23/25,SM-DISC-B58,372695830800,WT-RES,13346-WT-000,3262805954,75 S SALLIE AVE,FDL-15-17-14-11-031-00,
2005-07-11-12.07.00,7/10/05,29472800,02,NI-RETIRED,7/23/25,SM-DISC-B58,615208373200,WT-RES,6780-WT-000,6273381532,40 OLCOTT ST,FDL-15-17-10-44-767-00,
2005-07-11-12.07.00,7/10/05,29472806,02,NI-RETIRED,8/7/25,SM-DISC-B58,864624459800,WT-RES,13344-WT-000,9892741982,79 S SALLIE AVE,FDL-15-17-14-11-030-00,
2005-07-11-12.07.00,7/10/05,29472861,03,NI-RETIRED,9/9/25,SM-DISC-B58,360709333000,WT-RES,1302-WT-000,1666496086,495 ALLEN ST,FDL-15-17-03-44-774-00,
2005-07-11-12.07.00,7/10/05,29472865,02,NI-RETIRED,7/28/25,SM-DISC-B58,266453358400,WT-RES,10308-WT-000,8662278835,34 CHAMPION AVE,FDL-15-17-11-34-813-00,
2005-07-11-12.07.00,7/10/05,29472946,02,NI-RETIRED,7/28/25,SM-DISC-B58,261623388000,WT-RES,13354-WT-000,6540474586,78 S SALLIE AVE,FDL-15-17-14-11-035-00,
2005-07-12-12.07.00,7/11/05,29468837,02,NI-RETIRED,12/22/25,SM-DISC-B75,519970470000,WT-RES,11560-WT-000,4357549409,818 MEADOWBROOK LN,FDL-15-17-12-34-815-00,
2005-07-12-12.07.00,7/11/05,29472801,02,NI-RETIRED,8/11/25,SM-DISC-B58,128920349400,WT-RES,6754-WT-000,9696127492,53 OLCOTT ST,FDL-15-17-10-44-754-00,
2005-07-12-12.07.00,7/11/05,29472859,02,NI-RETIRED,7/23/25,SM-DISC-B58,673764072600,WT-RES,13338-WT-000,5877599867,99 S SALLIE AVE,FDL-15-17-14-11-027-00,
2005-07-12-12.07.00,7/11/05,29472860,02,NI-RETIRED,8/7/25,SM-DISC-B58,705883467100,WT-RES,10786-WT-000,0184620312,24 N ROYAL AVE,FDL-15-17-11-44-794-00,
2005-07-12-12.07.00,7/11/05,29472950,02,NI-RETIRED,7/23/25,SM-DISC-B58,407068426000,WT-RES,13328-WT-000,8134618045,102 S ROYAL AVE,FDL-15-17-14-11-022-00,
2005-07-12-12.07.00,7/11/05,29472951,02,NI-RETIRED,8/8/25,SM-DISC-B58,473210789000,WT-RES,6752-WT-000,3228850035,135 HOYT ST,FDL-15-17-10-44-753-00,
2005-07-12-12.07.00,7/11/05,29472952,02,NI-RETIRED,7/30/25,SM-DISC-B58,243178070600,WT-RES,10764-WT-000,0643228388,35 N ROYAL AVE,FDL-15-17-11-44-783-00,
2005-07-13-12.07.00,7/12/05,29468788,03,NI-RETIRED,12/22/25,SM-DISC-B75,353164431100,WT-RES,36894-WT-000,0079235014,341 WINNEBAGO DR,FDL-15-17-02-34-755-10,
2005-07-13-12.07.00,7/12/05,29468813,03,NI-RETIRED,11/19/25,SM-DISC-B75,074169488300,WT-RES,634-WT-000,5173635057,81 AURORA LN,FDL-15-17-02-42-308-00,
2005-07-13-12.07.00,7/12/05,29472959,02,NI-RETIRED,7/30/25,SM-DISC-B58,403901964300,WT-RES,10216-WT-000,7835096686,61 COTTAGE AVE,FDL-15-17-11-34-767-00,
2005-07-13-12.07.00,7/12/05,29472960,02,NI-RETIRED,8/7/25,SM-DISC-B58,932511519100,WT-RES,13360-WT-000,0116832446,96 S SALLIE AVE,FDL-15-17-14-11-038-00,
2005-07-13-12.07.00,7/12/05,29472961,01,NI-RETIRED,8/11/25,SM-DISC-B58,532477706200,WT-RES,18800-WT-000,7328517551,105 8TH ST,FDL-15-17-15-14-911-00,
2005-07-14-12.07.00,7/13/05,29468818,02,NI-RETIRED,10/29/25,SM-DISC-B75,159082842300,WT-RES,10288-WT-000,9109850829,35 CHAMPION AVE,FDL-15-17-11-34-803-00,
2005-07-14-12.07.00,7/13/05,29472802,02,NI-RETIRED,7/10/25,SM-DISC-B58,433150766600,WT-RES,14336-WT-000,4031870518,347 E 2ND ST,FDL-15-17-14-21-088-00,
2005-07-14-12.07.00,7/13/05,29472982,02,NI-RETIRED,7/28/25,SM-DISC-B58,196899714000,WT-RES,10898-WT-000,7224546799,11 N RESERVE AVE,FDL-15-17-11-44-850-00,
2005-07-14-12.07.00,7/13/05,29472983,01,NI-RETIRED,7/30/25,SM-DISC-B58,713638989600,WT-RES,18856-WT-000,1195501480,82 8TH ST,FDL-15-17-15-14-939-00,
2005-07-14-12.07.00,7/13/05,29472984,01,NI-RETIRED,7/30/25,SM-DISC-B58,935005113300,WT-RES,18880-WT-000,7012057487,321 S MARR ST,FDL-15-17-15-14-951-00,
2005-07-15-12.07.00,7/14/05,29468849,03,NI-RETIRED,12/22/25,SM-DISC-B75,828754090900,WT-RES,34932-WT-000,4609508063,546 WHISPERING SPRINGS DR,FDL-15-18-05-43-518-00,
2005-07-15-12.07.00,7/14/05,29468850,01,NI-RETIRED,5/29/25,SM-DISC-B75,702538900700,WT-RES,12648-WT-000,5687175887,1177 PRIMROSE LN,FDL-15-17-13-42-251-00,
2005-07-15-12.07.00,7/14/05,29472967,02,NI-RETIRED,8/7/25,SM-DISC-B58,087499647400,WT-RES,31338-WT-000,2602626546,59 1/2 AMORY ST,FDL-15-17-10-44-777-00,
2005-07-15-12.07.00,7/14/05,29472968,02,NI-RETIRED,8/7/25,SM-DISC-B58,300556699700,WT-RES,6800-WT-000,5974680099,59 AMORY ST,FDL-15-17-10-44-777-00,
2005-07-15-12.07.00,7/14/05,29472998,02,NI-RETIRED,7/7/25,SM-DISC-B58,004061955100,WT-RES,22000-WT-000,9949601401,112 WARNER ST,FDL-15-17-16-11-063-00,
2005-07-18-12.07.00,7/17/05,29468755,01,NI-RETIRED,5/28/25,SM-DISC-B75,367699172500,WT-RES,36558-WT-000,9548915446,1296 S PARK AVE,FDL-15-17-26-24-756-00,
2005-07-18-12.07.00,7/17/05,29468853,01,NI-RETIRED,6/12/25,SM-DISC-B75,450109520000,WT-RES,17224-WT-000,4922374428,134 PHEASANT DR,FDL-15-17-14-41-032-00,
2005-07-18-12.07.00,7/17/05,29468854,01,NI-RETIRED,6/12/25,SM-DISC-B75,197880896600,EX-RES,17224-EX-000,4922374428,134 PHEASANT DR,FDL-15-17-14-41-032-00,
2005-07-18-12.07.00,7/17/05,29472986,02,NI-RETIRED,7/23/25,SM-DISC-B58,328101498100,WT-RES,10848-WT-000,2854461498,51 N SALLIE AVE,FDL-15-17-11-44-825-00,
2005-07-18-12.07.00,7/17/05,29472997,02,NI-RETIRED,8/7/25,SM-DISC-B58,516022446500,WT-RES,10284-WT-000,5246769602,25 CHAMPION AVE,FDL-15-17-11-34-801-00,
2005-07-18-12.07.00,7/17/05,29473008,02,NI-RETIRED,8/7/25,SM-DISC-B58,770428987700,WT-RES,13342-WT-000,9187910046,85 S SALLIE AVE,FDL-15-17-14-11-029-00,
2005-07-19-12.07.00,7/18/05,29456334,01,NI-RETIRED,5/22/25,SM-DISC-B100,048995599300,WT-RES,27752-WT-000,7470744986,767 ESTATE DR,FDL-15-17-24-14-765-00,
2005-07-19-12.07.00,7/18/05,29468856,02,NI-RETIRED,10/29/25,SM-DISC-B75,539006559500,WT-RES,37458-WT-000,6572025304,36 STONE CASTLE DR,FDL-15-17-26-22-272-00,
2005-07-19-12.07.00,7/18/05,29468857,02,NI-RETIRED,9/23/25,SM-DISC-B75,928177750700,WT-RES,37390-WT-000,2576093337,40 STONE CASTLE DR,FDL-15-17-26-22-273-00,
2005-07-19-12.07.00,7/18/05,29468858,02,NI-RETIRED,10/29/25,SM-DISC-B75,426729015700,WT-RES,37456-WT-000,8930857167,32 STONE CASTLE DR,FDL-15-17-26-22-271-00,
2005-07-19-12.07.00,7/18/05,29468885,02,NI-RETIRED,10/29/25,SM-DISC-B75,897425169000,WT-RES,37454-WT-000,7683157429,28 STONE CASTLE DR,FDL-15-17-26-22-270-00,
2005-07-19-12.07.00,7/18/05,29472991,02,NI-RETIRED,8/7/25,SM-DISC-B58,780185762300,WT-RES,13320-WT-000,9837668454,78 S ROYAL AVE,FDL-15-17-14-11-018-00,
2005-07-19-12.07.00,7/18/05,29473010,02,NI-RETIRED,8/7/25,SM-DISC-B58,309722725500,WT-RES,13322-WT-000,5797382338,84 S ROYAL AVE,FDL-15-17-14-11-019-00,
2005-07-20-12.07.00,7/19/05,29472954,03,NI-RETIRED,5/16/25,SM-DISC-B58,395060857600,WT-RES,9320-WT-000,8976271639,277 LEDGEVIEW AVE,FDL-15-17-11-31-046-00,
2005-07-20-12.07.00,7/19/05,29472956,02,NI-RETIRED,7/10/25,SM-DISC-B58,816972642500,WT-RES,14314-WT-000,5781153173,297 E 2ND ST,FDL-15-17-14-21-077-00,
2005-07-20-12.07.00,7/19/05,29472958,02,NI-RETIRED,8/7/25,SM-DISC-B58,381258072100,WT-RES,6846-WT-000,1776372840,55 N MARR ST,FDL-15-17-10-44-800-00,
2005-07-20-12.07.00,7/19/05,29473009,02,NI-RETIRED,8/7/25,SM-DISC-B58,331481745300,WT-COM,17866-WT-000,4300316280,111 E 2ND ST,FDL-15-17-15-11-060-00,
2005-07-20-12.07.00,7/19/05,29473009,02,NI-RETIRED,8/7/25,SM-DISC-B58,352859497763,WT-RES,17866-WT-000,4300316280,111 E 2ND ST,FDL-15-17-15-11-060-00,
2005-07-21-12.07.00,7/20/05,29468822,01,NI-RETIRED,6/9/25,SM-DISC-B75,759902598300,WT-RES,12260-WT-000,6501403166,82 EASTBROOK LN,FDL-15-17-13-33-501-00,
2005-07-21-12.07.00,7/20/05,29468876,01,NI-RETIRED,6/9/25,SM-DISC-B75,515008285900,WT-RES,12264-WT-000,3279659145,77 EASTBROOK LN,FDL-15-17-13-33-503-00,
2005-07-21-12.07.00,7/20/05,29473002,01,NI-RETIRED,9/17/25,SM-DISC-B58,521038018000,WT-RES,15588-WT-000,1066917495,331 8TH ST,FDL-15-17-14-24-882-00,
2005-07-22-12.07.00,7/21/05,29136162,01,NI-RETIRED,6/18/25,SM-DISC-B100,476369371600,WT-RES,12214-WT-000,4779794388,57 EASTBROOK LN,FDL-15-17-13-32-263-00,
2005-07-22-12.07.00,7/21/05,29468872,01,NI-RETIRED,6/12/25,SM-DISC-B75,631751470100,WT-RES,14120-WT-000,1684621966,51 PHEASANT DR,FDL-15-17-14-14-832-00,
2005-07-22-12.07.00,7/21/05,29468875,02,NI-RETIRED,12/22/25,SM-DISC-B75,191723462500,WT-RES,2164-WT-000,3173393826,725 FOREST CT,FDL-15-17-09-33-513-00,
2005-07-22-12.07.00,7/21/05,29472745,01,NI-RETIRED,8/12/25,SM-DISC-B58,196359827700,WT-RES,15932-WT-000,0772788894,285 BOYD ST,FDL-15-17-14-31-139-00,
2005-07-22-12.07.00,7/21/05,29472989,01,NI-RETIRED,9/18/25,SM-DISC-B58,491032693500,WT-RES,15622-WT-000,3733157740,363 8TH ST,FDL-15-17-14-24-899-00,
2005-07-22-12.07.00,7/21/05,29472995,01,NI-RETIRED,8/11/25,SM-DISC-B58,933079572300,WT-RES,18830-WT-000,7144926123,21 8TH ST,FDL-15-17-15-14-926-00,
2005-07-22-12.07.00,7/21/05,29473000,01,NI-RETIRED,8/7/24,SM-DISC-B58,926006203400,EX-RES,12214-EX-000,4779794388,57 EASTBROOK LN,FDL-15-17-13-32-263-00,
2005-07-25-12.07.00,7/24/05,29472853,01,NI-RETIRED,8/12/25,SM-DISC-B58,828508943100,WT-RES,18848-WT-000,2636090101,314 S MARR ST,FDL-15-17-15-14-935-00,
2005-07-25-12.07.00,7/24/05,29472949,01,NI-RETIRED,8/11/25,SM-DISC-B58,907102338100,WT-RES,18808-WT-000,2105093869,81 8TH ST,FDL-15-17-15-14-915-00,
2005-07-25-12.07.00,7/24/05,29472962,02,NI-RETIRED,7/7/25,SM-DISC-B58,782295304400,WT-RES,14316-WT-000,1802800142,299 E 2ND ST,FDL-15-17-14-21-078-00,
2005-07-25-12.07.00,7/24/05,29472971,01,NI-RETIRED,8/11/25,SM-DISC-B58,258526006900,WT-RES,15684-WT-000,4543938054,330 8TH ST,FDL-15-17-14-31-014-00,
2005-07-25-12.07.00,7/24/05,29472980,03,NI-RETIRED,7/10/25,SM-DISC-B58,164670546500,WT-RES,8088-WT-000,2012513044,393 TAFT ST,FDL-15-17-11-21-092-00,
2005-07-25-12.07.00,7/24/05,29473013,01,NI-RETIRED,9/17/25,SM-DISC-B58,638008400100,WT-RES,15324-WT-000,1730365762,255 8TH ST,FDL-15-17-14-23-701-00,
2005-07-26-12.07.00,7/25/05,29472835,02,NI-RETIRED,8/7/25,SM-DISC-B58,756977611100,WT-RES,10224-WT-000,0890097921,41 COTTAGE AVE,FDL-15-17-11-34-771-00,
2005-07-26-12.07.00,7/25/05,29472973,03,NI-RETIRED,6/4/25,SM-DISC-B58,674164863300,WT-RES,3778-WT-000,9800253615,63 W MC WILLIAMS ST,FDL-15-17-10-12-317-00,
2005-07-26-12.07.00,7/25/05,29473004,01,NI-RETIRED,8/11/25,SM-DISC-B58,375860242500,WT-RES,14992-WT-000,0860898630,205 5TH ST,FDL-15-17-14-23-535-00,
2005-07-26-12.07.00,7/25/05,29473014,01,NI-RETIRED,8/11/25,SM-DISC-B58,062468997800,WT-RES,16336-WT-000,6779738276,391 ELLIS ST,FDL-15-17-14-32-403-00,
2005-07-27-12.07.00,7/26/05,29468855,03,NI-RETIRED,12/22/25,SM-DISC-B75,050158458700,WT-RES,28886-WT-000,4879931525,511 COUNTY ROAD K,FDL-15-18-06-44-753-01,
2005-07-27-12.07.00,7/26/05,29472872,01,NI-RETIRED,8/18/25,SM-DISC-B58,795859533600,WT-RES,15450-WT-000,4236163721,285 5TH ST,FDL-15-17-14-24-812-00,
2005-07-27-12.07.00,7/26/05,29472878,01,NI-RETIRED,9/9/25,SM-DISC-B58,755571887200,WT-RES,16036-WT-000,3515043016,256 8TH ST,FDL-15-17-14-32-253-00,
2005-07-27-12.07.00,7/26/05,29472879,01,NI-RETIRED,9/17/25,SM-DISC-B58,957045162600,WT-RES,15700-WT-000,2809797254,274 8TH ST,FDL-15-17-14-31-022-00,
2005-07-28-12.07.00,7/27/05,29468877,03,NI-RETIRED,11/26/25,SM-DISC-B75,208436485500,WT-RES,35288-WT-000,9088515400,1360 HUNTER AVE,FDL-15-18-06-34-859-00,
2005-07-28-12.07.00,7/27/05,29468879,03,NI-RETIRED,12/22/25,SM-DISC-B75,095843880300,WT-RES,35250-WT-000,3652324347,1508 HUNTER AVE,FDL-15-18-06-43-547-00,
2005-07-28-12.07.00,7/27/05,29468880,01,NI-RETIRED,6/3/25,SM-DISC-B75,422985533000,WT-RES,13264-WT-000,9766868264,560 DEWBERRY DR,FDL-15-17-13-44-852-00,
2005-07-28-12.07.00,7/27/05,29472881,02,NI-RETIRED,8/7/25,SM-DISC-B58,016940046900,WT-RES,14732-WT-000,8134600469,269 E 2ND ST,FDL-15-17-14-22-344-00,
2005-07-28-12.07.00,7/27/05,29472882,01,NI-RETIRED,8/11/25,SM-DISC-B58,943720525600,WT-RES,15056-WT-000,3370423706,172 5TH ST,FDL-15-17-14-23-567-00,
2005-07-28-12.07.00,7/27/05,29472883,01,NI-RETIRED,8/11/25,SM-DISC-B58,990595143700,WT-RES,15052-WT-000,6191304770,184 5TH ST,FDL-15-17-14-23-565-00,
2005-07-28-12.07.00,7/27/05,29472884,01,NI-RETIRED,8/11/25,SM-DISC-B58,174927229900,WT-RES,14998-WT-000,4451281022,219 5TH ST,FDL-15-17-14-23-538-01,
2005-07-28-12.07.00,7/27/05,29472888,02,NI-RETIRED,8/8/25,SM-DISC-B58,505585368600,WT-RES,10222-WT-000,3560932779,47 COTTAGE AVE,FDL-15-17-11-34-770-00,
2005-07-29-12.07.00,7/28/05,29468881,02,NI-RETIRED,12/22/25,SM-DISC-B75,546860657100,WT-RES,2958-WT-000,5601301786,555 W DIVISION ST,FDL-15-17-09-43-537-00,
2005-07-29-12.07.00,7/28/05,29472874,03,NI-RETIRED,9/17/25,SM-DISC-B58,569808954400,WT-RES,7106-WT-000,6622060219,553 E BANK ST,FDL-15-17-11-11-047-00,
2005-07-29-12.07.00,7/28/05,29472875,02,NI-RETIRED,7/10/25,SM-DISC-B58,364880163600,WT-RES,17868-WT-000,8656509411,119 E 2ND ST,FDL-15-17-15-11-061-00,
2005-07-29-12.07.00,7/28/05,29473011,01,NI-RETIRED,8/11/25,SM-DISC-B58,192623806900,WT-RES,29166-WT-000,3829108501,235 1/2 S MARR ST,FDL-15-17-15-14-817-00,
2005-07-29-12.07.00,7/28/05,29473012,01,NI-RETIRED,8/11/25,SM-DISC-B58,511332658700,WT-RES,18612-WT-000,0139610217,235 S MARR ST,FDL-15-17-15-14-817-00,
2005-07-29-12.07.00,7/28/05,29473041,01,NI-RETIRED,8/11/25,SM-DISC-B58,650177088200,WT-RES,15602-WT-000,0338172900,338 6TH ST,FDL-15-17-14-24-889-00,
2005-08-01-12.08.00,7/31/05,29472604,03,NI-RETIRED,8/7/25,SM-DISC-B58,472426072100,WT-RES,7922-WT-000,7109908913,350 E SCOTT ST,FDL-15-17-11-21-009-00,
2005-08-02-12.08.00,8/1/05,19547106,03,NI-RETIRED,8/12/25,SM-DISC-B100,764276553200,WT-RES,34884-WT-000,3647055136,10 WHISPERING SPRINGS CT,FDL-15-18-05-34-750-00,
2005-08-02-12.08.00,8/1/05,29468878,01,NI-RETIRED,6/3/25,SM-DISC-B75,288419109500,WT-RES,35822-WT-000,1291864953,52 MALIBU CT,FDL-15-17-26-12-314-00,
2005-08-03-12.08.00,8/2/05,29468883,01,NI-RETIRED,6/9/25,SM-DISC-B75,373402422800,WT-RES,12266-WT-000,3630517104,87 EASTBROOK LN,FDL-15-17-13-33-504-00,
2005-08-03-12.08.00,8/2/05,29468886,01,NI-RETIRED,6/3/25,SM-DISC-B75,605639685600,WT-RES,13110-WT-000,4639506347,1421 PRIMROSE LN,FDL-15-17-13-44-775-00,
2005-08-03-12.08.00,8/2/05,29472885,01,NI-RETIRED,9/17/25,SM-DISC-B58,482503253900,WT-RES,15014-WT-000,2583894196,267 5TH ST,FDL-15-17-14-23-546-00,
2005-08-03-12.08.00,8/2/05,29473005,01,NI-RETIRED,6/16/25,SM-DISC-B58,016580914100,EX-RES,14126-EX-000,3572307936,71 PHEASANT DR,FDL-15-17-14-14-835-00,
2005-08-03-12.08.00,8/2/05,29473046,01,NI-RETIRED,6/16/25,SM-DISC-B58,698103343800,WT-RES,14126-WT-000,3572307936,71 PHEASANT DR,FDL-15-17-14-14-835-00,
2005-08-04-12.08.00,8/3/05,29473040,02,NI-RETIRED,6/30/25,SM-DISC-B58,624567661700,WT-RES,23122-WT-000,8730221896,748 RUGGLES ST,FDL-15-17-16-21-069-00,
2005-08-04-12.08.00,8/3/05,29473043,01,NI-RETIRED,8/11/25,SM-DISC-B58,768980604500,WT-RES,14976-WT-000,1166416404,165 5TH ST,FDL-15-17-14-23-527-00,
2005-08-05-12.08.00,8/4/05,29472877,02,NI-RETIRED,6/30/25,SM-DISC-B58,868796372900,WT-RES,21876-WT-000,5957147263,418 FOREST AVE,FDL-15-17-16-11-001-00,
2005-08-05-12.08.00,8/4/05,29472889,01,NI-RETIRED,8/18/25,SM-DISC-B58,397560744500,WT-RES,16460-WT-000,3642650801,220 E 11TH ST,FDL-15-17-14-33-507-00,
2005-08-05-12.08.00,8/4/05,29472994,01,NI-RETIRED,1/22/26,SM-DISC-B58,540587757700,WT-RES,29210-WT-000,8199748916,288 LEXINGTON ST,FDL-15-17-14-24-891-00,
2005-08-05-12.08.00,8/4/05,29473039,01,NI-RETIRED,8/11/25,SM-DISC-B58,880530597900,WT-RES,29200-WT-000,0639801141,303 LEXINGTON ST,FDL-15-17-14-24-903-00,
2005-08-08-12.08.00,8/7/05,18914785,01,NI-RETIRED,8/18/25,SM-DISC-B58,979178739200,WT-RES,16450-WT-000,6910480174,250 E 11TH ST,FDL-15-17-14-33-502-00,
2005-08-08-12.08.00,8/7/05,29472898,01,NI-RETIRED,8/11/25,SM-DISC-B58,138559340900,WT-RES,18674-WT-000,9439173398,108 6TH ST,FDL-15-17-15-14-848-00,
2005-08-08-12.08.00,8/7/05,29472900,01,NI-RETIRED,8/11/25,SM-DISC-B58,236098633900,WT-RES,18670-WT-000,7414260792,94 6TH ST,FDL-15-17-15-14-846-00,
2005-08-08-12.08.00,8/7/05,29472993,01,NI-RETIRED,8/11/25,SM-DISC-B58,013064359500,WT-RES,18690-WT-000,5062196469,274 ELLIS ST,FDL-15-17-15-14-856-00,
2005-08-08-12.08.00,8/7/05,29472996,01,NI-RETIRED,8/7/25,SM-DISC-B58,031005969900,WT-RES,18684-WT-000,9537478482,136 6TH ST,FDL-15-17-15-14-853-00,
2005-08-09-12.08.00,8/8/05,29468800,02,NI-RETIRED,10/29/25,SM-DISC-B75,831521109600,WT-RES,37468-WT-000,4294880302,56 STONE CASTLE DR,FDL-15-17-26-22-277-00,
2005-08-09-12.08.00,8/8/05,29468845,02,NI-RETIRED,11/19/25,SM-DISC-B75,241900984900,WT-RES,37466-WT-000,6432590984,52 STONE CASTLE DR,FDL-15-17-26-22-276-00,
2005-08-09-12.08.00,8/8/05,29468846,02,NI-RETIRED,11/13/25,SM-DISC-B75,361627214000,WT-RES,37464-WT-000,2568902982,48 STONE CASTLE DR,FDL-15-17-26-22-275-00,
2005-08-09-12.08.00,8/8/05,29472891,02,NI-RETIRED,9/9/25,SM-DISC-B58,239962853000,WT-RES,14772-WT-000,6256907003,156 E 2ND ST,FDL-15-17-14-22-364-00,
2005-08-09-12.08.00,8/8/05,29472893,02,NI-RETIRED,9/9/25,SM-DISC-B58,628009157200,WT-RES,3148-WT-000,4970507991,446 THOMAS ST,FDL-15-17-09-44-790-00,
2005-08-09-12.08.00,8/8/05,29472902,01,NI-RETIRED,8/11/25,SM-DISC-B58,568671457800,WT-RES,18656-WT-000,3374594725,258 S MARR ST,FDL-15-17-15-14-839-00,
2005-08-09-12.08.00,8/8/05,29472903,01,NI-RETIRED,9/17/25,SM-DISC-B58,002110191100,WT-RES,15114-WT-000,7902823726,265 6TH ST,FDL-15-17-14-23-596-00,
2005-08-09-12.08.00,8/8/05,29472945,01,NI-RETIRED,6/18/25,SM-DISC-B58,699951498400,WT-RES,14084-WT-000,0214045195,290 WOODWARD ST,FDL-15-17-14-14-814-00,
2005-08-09-12.08.00,8/8/05,29472985,01,NI-RETIRED,6/18/25,SM-DISC-B58,150205546700,WT-RES,13856-WT-000,8384146497,521 5TH ST,FDL-15-17-14-13-566-00,
2005-08-10-12.08.00,8/9/05,29472622,01,NI-RETIRED,9/9/25,SM-DISC-B58,027513073900,WT-RES,15120-WT-000,0606667037,268 6TH ST,FDL-15-17-14-23-599-00,
2005-08-10-12.08.00,8/9/05,29472747,02,NI-RETIRED,7/7/25,SM-DISC-B58,998183629100,WT-RES,13990-WT-000,3717746794,592 EASTWOOD CT,FDL-15-17-14-14-767-00,
2005-08-10-12.08.00,8/9/05,29472887,01,NI-RETIRED,9/9/25,SM-DISC-B58,561348170800,WT-RES,15564-WT-000,8977723331,304 6TH ST,FDL-15-17-14-24-870-00,
2005-08-10-12.08.00,8/9/05,29472897,01,NI-RETIRED,9/17/25,SM-DISC-B58,489029607600,WT-RES,15502-WT-000,3314469198,345 6TH ST,FDL-15-17-14-24-839-00,
2005-08-10-12.08.00,8/9/05,29472904,01,NI-RETIRED,6/4/25,SM-DISC-B58,009371936900,WT-RES,14122-WT-000,3143593381,57 PHEASANT DR,FDL-15-17-14-14-833-00,
2005-08-10-12.08.00,8/9/05,29472905,01,NI-RETIRED,9/9/25,SM-DISC-B58,306265111900,WT-RES,15446-WT-000,9676525932,289 5TH ST,FDL-15-17-14-24-810-00,
2005-08-10-12.08.00,8/9/05,29472907,01,NI-RETIRED,9/17/25,SM-DISC-B58,457969790600,WT-RES,15138-WT-000,0989851637,220 6TH ST,FDL-15-17-14-23-608-00,
2005-08-10-12.08.00,8/9/05,29472910,01,NI-RETIRED,9/17/25,SM-DISC-B58,885212739400,WT-RES,15122-WT-000,4672111542,262 6TH ST,FDL-15-17-14-23-600-00,
2005-08-10-12.08.00,8/9/05,29472975,03,NI-RETIRED,5/19/25,SM-DISC-B58,852619919800,WT-RES,8516-WT-000,5973399200,376 MOHAWK AVE,FDL-15-17-11-22-389-00,
2005-08-10-12.08.00,8/9/05,29473045,01,NI-RETIRED,6/16/25,SM-DISC-B58,943093280100,WT-RES,14098-WT-000,5453807036,271 WOODWARD ST,FDL-15-17-14-14-821-00,
2005-08-10-12.08.00,8/9/05,29473047,01,NI-RETIRED,6/5/25,SM-DISC-B58,330322161500,WT-RES,14050-WT-000,6962470483,291 LAUREL LN,FDL-15-17-14-14-797-00,
2005-08-10-12.08.00,8/9/05,29473050,03,NI-RETIRED,8/8/25,SM-DISC-B58,687260658100,WT-RES,7778-WT-000,2302984428,277 LAWRENCE AVE,FDL-15-17-11-14-820-00,
2005-08-11-12.08.00,8/10/05,29472894,01,NI-RETIRED,6/16/25,SM-DISC-B58,978490485300,WT-RES,14056-WT-000,7408563946,271 LAUREL LN,FDL-15-17-14-14-800-00,
2005-08-11-12.08.00,8/10/05,29472895,01,NI-RETIRED,6/4/25,SM-DISC-B58,307240899000,WT-RES,14036-WT-000,4172536807,264 LAUREL LN,FDL-15-17-14-14-790-00,
2005-08-11-12.08.00,8/10/05,29472896,02,NI-RETIRED,8/7/25,SM-DISC-B58,538466746600,WT-RES,14474-WT-000,8180345090,370 3RD ST,FDL-15-17-14-21-158-00,
2005-08-11-12.08.00,8/10/05,29472906,01,NI-RETIRED,8/11/25,SM-DISC-B58,250994878900,WT-RES,15578-WT-000,4129720626,304 LLOYD ST,FDL-15-17-14-24-877-00,
2005-08-11-12.08.00,8/10/05,29472912,01,NI-RETIRED,8/11/25,SM-DISC-B58,695344924300,WT-RES,18558-WT-000,8807509147,78 5TH ST,FDL-15-17-15-14-790-00,
2005-08-11-12.08.00,8/10/05,29472921,01,NI-RETIRED,6/18/25,SM-DISC-B58,031627981000,WT-RES,13868-WT-000,4039952894,285 CANDY LN,FDL-15-17-14-13-572-00,
2005-08-11-12.08.00,8/10/05,29473044,01,NI-RETIRED,6/5/25,SM-DISC-B58,365585085100,WT-RES,14044-WT-000,0492554530,290 LAUREL LN,FDL-15-17-14-14-794-00,
2005-08-12-12.08.00,8/11/05,29472914,01,NI-RETIRED,6/4/25,SM-DISC-B58,485394035600,WT-RES,13896-WT-000,2329069604,256 DAHL PL,FDL-15-17-14-13-586-00,
2005-08-12-12.08.00,8/11/05,29472918,01,NI-RETIRED,8/11/25,SM-DISC-B58,438578385300,WT-RES,15568-WT-000,1533070821,312 6TH ST,FDL-15-17-14-24-872-00,
2005-08-15-12.08.00,8/14/05,29472911,01,NI-RETIRED,8/11/25,SM-DISC-B58,580414783100,WT-RES,18586-WT-000,4357976131,131 6TH ST,FDL-15-17-15-14-804-00,
2005-08-15-12.08.00,8/14/05,29472919,01,NI-RETIRED,8/11/25,SM-DISC-B58,681301647200,WT-RES,20550-WT-000,4127493132,101 E 9TH ST,FDL-15-17-15-41-009-00,
2005-08-15-12.08.00,8/14/05,29472924,01,NI-RETIRED,6/4/25,SM-DISC-B58,957489337700,WT-RES,14096-WT-000,2443934566,279 WOODWARD ST,FDL-15-17-14-14-820-00,
2005-08-16-12.08.00,8/15/05,29472899,01,NI-RETIRED,8/11/25,SM-DISC-B58,538723627800,WT-RES,20760-WT-000,5811469282,114 E 9TH ST,FDL-15-17-15-41-114-00,
2005-08-16-12.08.00,8/15/05,29472925,01,NI-RETIRED,7/30/25,SM-DISC-B58,272636732800,WT-RES,15104-WT-000,6053000004,241 6TH ST,FDL-15-17-14-23-591-00,
2005-08-16-12.08.00,8/15/05,29472926,01,NI-RETIRED,9/9/25,SM-DISC-B58,930137736000,WT-RES,20586-WT-000,6227756873,15 E 9TH ST,FDL-15-17-15-41-027-00,
2005-08-16-12.08.00,8/15/05,29472927,01,NI-RETIRED,6/18/25,SM-DISC-B58,648191084600,WT-RES,17548-WT-000,3683743498,526 E 9TH ST,FDL-15-17-14-42-287-00,
2005-08-16-12.08.00,8/15/05,29472929,01,NI-RETIRED,8/12/25,SM-DISC-B58,110569288100,WT-RES,16164-WT-000,8868100376,164 E 9TH ST,FDL-15-17-14-32-317-00,
2005-08-16-12.08.00,8/15/05,29473048,02,NI-RETIRED,8/7/25,SM-DISC-B58,292278112500,WT-RES,10238-WT-000,6946126411,361 E DIVISION ST,FDL-15-17-11-34-778-00,
2005-08-17-12.08.00,8/16/05,29468851,01,NI-RETIRED,6/3/25,SM-DISC-B75,555571783000,WT-RES,26440-WT-000,0562498907,963 HOLLY TREE LN,FDL-15-17-23-31-015-00,
2005-08-17-12.08.00,8/16/05,29468865,01,NI-RETIRED,5/28/25,SM-DISC-B75,080522892200,WT-RES,13162-WT-000,9313454367,551 SWEETFLAG AVE,FDL-15-17-13-44-801-00,
2005-08-17-12.08.00,8/16/05,29472928,01,NI-RETIRED,7/30/25,SM-DISC-B58,264481322500,WT-RES,20640-WT-000,1173792495,357 CENTER ST,FDL-15-17-15-41-054-00,
2005-08-17-12.08.00,8/16/05,29472930,01,NI-RETIRED,8/11/25,SM-DISC-B58,615886940600,WT-RES,18548-WT-000,9951593812,228 S MARR ST,FDL-15-17-15-14-785-00,
2005-08-17-12.08.00,8/16/05,29472933,02,NI-RETIRED,7/7/25,SM-DISC-B58,512154746000,WT-RES,14690-WT-000,0500236008,153 E 2ND ST,FDL-15-17-14-22-323-00,
2005-08-17-12.08.00,8/16/05,29472979,01,NI-RETIRED,6/4/25,SM-DISC-B58,930936357800,WT-RES,14160-WT-000,1975317022,78 PHEASANT DR,FDL-15-17-14-14-852-00,
2005-08-18-12.08.00,8/17/05,29472890,01,NI-RETIRED,9/17/25,SM-DISC-B58,040348159900,WT-RES,15734-WT-000,4199107687,373 E 9TH ST,FDL-15-17-14-31-039-00,
2005-08-18-12.08.00,8/17/05,29472934,02,NI-RETIRED,7/10/25,SM-DISC-B58,347722108300,WT-COM,31658-WT-000,4705299800,20 S ST. JOSEPH'S LN,FDL-15-17-09-34-802-00,
2005-08-18-12.08.00,8/17/05,29472938,01,NI-RETIRED,6/4/25,SM-DISC-B58,531829695900,WT-RES,14154-WT-000,8894037373,62 LALLIER LN,FDL-15-17-14-14-849-00,
2005-08-18-12.08.00,8/17/05,29472939,01,NI-RETIRED,9/17/25,SM-DISC-B58,394964243800,WT-RES,16274-WT-000,8935055779,393 S PARK AVE,FDL-15-17-14-32-372-00,
2005-08-18-12.08.00,8/17/05,29472941,01,NI-RETIRED,9/9/25,SM-DISC-B58,661773741300,WT-RES,15718-WT-000,3481045992,339 E 9TH ST,FDL-15-17-14-31-031-00,
2005-08-18-12.08.00,8/17/05,29472942,01,NI-RETIRED,9/17/25,SM-DISC-B58,743947752700,WT-RES,15724-WT-000,2626844131,349 E 9TH ST,FDL-15-17-14-31-034-00,
2005-08-18-12.08.00,8/17/05,29472963,01,NI-RETIRED,9/17/25,SM-DISC-B58,746777006700,WT-RES,25538-WT-000,4007454981,379 17TH ST,FDL-15-17-23-21-004-00,
2005-08-22-12.08.00,8/21/05,29468873,01,NI-RETIRED,6/3/25,SM-DISC-B75,285331588200,WT-RES,12588-WT-000,3596215158,1248 PRIMROSE LN,FDL-15-17-13-41-032-00,
2005-08-22-12.08.00,8/21/05,29473056,01,NI-RETIRED,9/17/25,SM-DISC-B58,747019203600,WT-RES,15098-WT-000,8044129119,227 6TH ST,FDL-15-17-14-23-588-00,
2005-08-22-12.08.00,8/21/05,29473057,01,NI-RETIRED,6/4/25,SM-DISC-B58,278267393300,WT-RES,17536-WT-000,7500831244,531 E 9TH ST,FDL-15-17-14-42-281-00,
2005-08-22-12.08.00,8/21/05,29473059,01,NI-RETIRED,8/11/25,SM-DISC-B58,927403125500,WT-RES,15722-WT-000,5532436379,345 E 9TH ST,FDL-15-17-14-31-033-00,
2005-08-23-12.08.00,8/22/05,29468866,01,NI-RETIRED,6/3/25,SM-DISC-B75,069027116600,WT-RES,12820-WT-000,2445703284,420 DEWBERRY DR,FDL-15-17-13-42-337-00,
2005-08-23-12.08.00,8/22/05,29468874,01,NI-RETIRED,2/2/26,SM-DISC-B75,085323785800,WT-RES,24590-WT-000,0669207065,121 GUINDON BLVD,FDL-15-17-22-14-776-00,
2005-08-23-12.08.00,8/22/05,29473049,03,NI-RETIRED,5/20/25,SM-DISC-B58,149039866000,WT-RES,1186-WT-000,7974424417,132 HONE ST,FDL-15-17-03-34-784-00,
2005-08-23-12.08.00,8/22/05,29473058,02,NI-RETIRED,7/10/25,SM-DISC-B58,925318108600,EX-RES,30584-EX-000,5538149330,720 PIONEER PKY,FDL-15-17-16-24-784-00,
2005-08-23-12.08.00,8/22/05,29473061,01,NI-RETIRED,9/9/25,SM-DISC-B58,380955116400,WT-RES,18678-WT-000,3344224099,120 6TH ST,FDL-15-17-15-14-850-00,
2005-08-23-12.08.00,8/22/05,29473062,02,NI-RETIRED,7/10/25,SM-DISC-B58,816285475300,WT-RES,3150-WT-000,1990205267,25 N BUTLER ST,FDL-15-17-09-44-791-00,
2005-08-24-12.08.00,8/23/05,29468867,01,NI-RETIRED,6/3/25,SM-DISC-B75,306147970300,WT-RES,17234-WT-000,8008359629,612 E 9TH ST,FDL-15-17-14-41-037-00,
2005-08-24-12.08.00,8/23/05,29468887,01,NI-RETIRED,5/29/25,SM-DISC-B75,877043362600,WT-RES,12608-WT-000,2156648272,459 SWEETFLAG AVE,FDL-15-17-13-41-042-00,
2005-08-24-12.08.00,8/23/05,29472606,01,NI-RETIRED,9/17/25,SM-DISC-B58,976602189100,WT-RES,15188-WT-000,6750981211,269 S PARK AVE,FDL-15-17-14-23-633-00,
2005-08-24-12.08.00,8/23/05,29472917,01,NI-RETIRED,6/4/25,SM-DISC-B58,812250778800,WT-RES,13908-WT-000,7200760411,296 DAHL PL,FDL-15-17-14-13-592-00,
2005-08-24-12.08.00,8/23/05,29473053,01,NI-RETIRED,6/4/25,SM-DISC-B58,228173110300,WT-RES,17238-WT-000,1391533435,600 E 9TH ST,FDL-15-17-14-41-039-00,
2005-08-24-12.08.00,8/23/05,29473060,01,NI-RETIRED,6/4/25,SM-DISC-B58,226645423100,WT-RES,17240-WT-000,6691543337,596 E 9TH ST,FDL-15-17-14-41-040-00,
2005-08-24-12.08.00,8/23/05,29473065,01,NI-RETIRED,8/11/25,SM-DISC-B58,322297451700,WT-RES,15132-WT-000,5631664706,234 6TH ST,FDL-15-17-14-23-605-00,
2005-08-24-12.08.00,8/23/05,29473067,01,NI-RETIRED,9/17/25,SM-DISC-B58,086461468700,WT-RES,15714-WT-000,8964326833,321 E 9TH ST,FDL-15-17-14-31-029-00,
2005-08-25-12.08.00,8/24/05,29473055,01,NI-RETIRED,6/4/25,SM-DISC-B58,871475194300,WT-RES,17210-WT-000,2702588514,605 E 9TH ST,FDL-15-17-14-41-025-00,
2005-08-25-12.08.00,8/24/05,29473064,01,NI-RETIRED,6/5/25,SM-DISC-B58,547173048100,WT-RES,17544-WT-000,6011334084,536 E 9TH ST,FDL-15-17-14-42-285-00,
2005-08-25-12.08.00,8/24/05,29473068,01,NI-RETIRED,6/16/25,SM-DISC-B58,019273579400,WT-RES,17556-WT-000,5402842149,504 E 9TH ST,FDL-15-17-14-42-291-00,
2005-08-25-12.08.00,8/24/05,29473069,01,NI-RETIRED,6/5/25,SM-DISC-B58,572068119500,WT-RES,14100-WT-000,4821163149,267 WOODWARD ST,FDL-15-17-14-14-822-00,
2005-08-25-12.08.00,8/24/05,29473070,01,NI-RETIRED,8/11/25,SM-DISC-B58,336189965700,WT-RES,15010-WT-000,5404964361,257 5TH ST,FDL-15-17-14-23-544-00,
2005-08-25-12.08.00,8/24/05,29473071,01,NI-RETIRED,6/4/25,SM-DISC-B58,772069678000,WT-RES,17244-WT-000,5161661901,586 E 9TH ST,FDL-15-17-14-41-042-00,
2005-08-25-12.08.00,8/24/05,29473072,01,NI-RETIRED,6/4/25,SM-DISC-B58,459902004600,WT-RES,17554-WT-000,6060438118,510 E 9TH ST,FDL-15-17-14-42-290-00,
2005-08-26-12.08.00,8/25/05,29468888,03,NI-RETIRED,10/29/25,SM-DISC-B75,839587349200,WT-RES,644-WT-000,9517977642,628 SARAH DR,FDL-15-17-02-42-313-00,
2005-08-26-12.08.00,8/25/05,29472920,01,NI-RETIRED,8/11/25,SM-DISC-B58,322423106500,WT-RES,15766-WT-000,5275104685,348 E 9TH ST,FDL-15-17-14-31-055-00,
2005-08-26-12.08.00,8/25/05,29472969,02,NI-RETIRED,8/7/25,SM-DISC-B58,915341478700,WT-RES,10878-WT-000,7017813990,48 S SALLIE AVE,FDL-15-17-11-44-840-00,
2005-08-26-12.08.00,8/25/05,29473018,02,NI-RETIRED,7/7/25,SM-DISC-B58,235858479000,WT-RES,13748-WT-000,9536965820,460 PRAIRIE AVE,FDL-15-17-14-13-509-00,
2005-08-29-12.08.00,8/28/05,29472909,01,NI-RETIRED,8/11/25,SM-DISC-B58,975909111500,WT-RES,15710-WT-000,7819320243,297 E 9TH ST,FDL-15-17-14-31-027-00,
2005-08-29-12.08.00,8/28/05,29472936,02,NI-RETIRED,7/10/25,SM-DISC-B58,216578521200,WT-RES,5772-WT-000,5189825511,373 W DIVISION ST,FDL-15-17-10-33-573-00,
2005-08-29-12.08.00,8/28/05,29473016,01,NI-RETIRED,6/4/25,SM-DISC-B58,188063006500,WT-RES,17208-WT-000,3860373740,599 E 9TH ST,FDL-15-17-14-41-024-00,
2005-08-29-12.08.00,8/28/05,29473017,01,NI-RETIRED,6/16/25,SM-DISC-B58,028330412600,WT-RES,17258-WT-000,5833808927,548 E 9TH ST,FDL-15-17-14-41-049-00,
2005-08-29-12.08.00,8/28/05,29473031,03,NI-RETIRED,5/20/25,SM-DISC-B58,906246756100,WT-RES,7956-WT-000,9432616335,271 BISCHOFF ST,FDL-15-17-11-21-026-00,
2005-08-29-12.08.00,8/28/05,29473033,01,NI-RETIRED,6/16/25,SM-DISC-B58,136641344700,WT-RES,17560-WT-000,0684030533,480 E 9TH ST,FDL-15-17-14-42-293-00,
2005-08-29-12.08.00,8/28/05,29473066,01,NI-RETIRED,8/11/25,SM-DISC-B58,954548560900,WT-RES,15510-WT-000,4081393059,325 6TH ST,FDL-15-17-14-24-843-00,
2005-08-29-12.08.00,8/28/05,29473073,01,NI-RETIRED,9/17/25,SM-DISC-B58,886386523600,WT-RES,16100-WT-000,8541594792,219 E 9TH ST,FDL-15-17-14-32-285-00,
2005-08-30-12.08.00,8/29/05,29472965,01,NI-RETIRED,6/4/25,SM-DISC-B58,244835995200,WT-RES,17188-WT-000,2782903429,547 E 9TH ST,FDL-15-17-14-41-014-00,
2005-08-30-12.08.00,8/29/05,29472966,01,NI-RETIRED,8/11/25,SM-DISC-B58,517130826800,WT-RES,20536-WT-000,4174550600,334 ELLIS ST,FDL-15-17-15-41-002-00,
2005-08-30-12.08.00,8/29/05,29473020,01,NI-RETIRED,7/23/25,SM-DISC-B58,355211453300,WT-RES,15160-WT-000,8734365823,158 6TH ST,FDL-15-17-14-23-619-00,
2005-08-30-12.08.00,8/29/05,29473021,02,NI-RETIRED,8/8/25,SM-DISC-B58,056874398800,WT-RES,10780-WT-000,5066395430,40 N ROYAL AVE,FDL-15-17-11-44-791-00,
2005-08-31-12.08.00,8/30/05,29468860,01,NI-RETIRED,6/3/25,SM-DISC-B75,944463742300,WT-RES,36492-WT-000,7380779121,42 SOUTHERN EDGE DR,FDL-15-17-26-21-076-00,
2005-08-31-12.08.00,8/30/05,29473023,02,NI-RETIRED,8/7/25,SM-DISC-B58,545646738800,WT-RES,22504-WT-000,1602480547,140 S SEYMOUR ST,FDL-15-17-16-12-388-00,
2005-08-31-12.08.00,8/30/05,29473024,01,NI-RETIRED,9/9/25,SM-DISC-B58,430050869500,WT-RES,15464-WT-000,9067368947,292 5TH ST,FDL-15-17-14-24-819-00,
2005-09-01-12.09.00,8/31/05,29472588,01,NI-RETIRED,9/17/25,SM-DISC-B58,229392532800,WT-RES,15746-WT-000,5351330394,392 E 9TH ST,FDL-15-17-14-31-045-00,
2005-09-01-12.09.00,8/31/05,29473025,01,NI-RETIRED,8/11/25,SM-DISC-B58,937366060200,WT-RES,15478-WT-000,3610413834,324 5TH ST,FDL-15-17-14-24-826-00,
2005-09-02-12.09.00,9/1/05,29473036,01,NI-RETIRED,8/11/25,SM-DISC-B58,494382385200,WT-RES,14970-WT-000,9678501319,149 5TH ST,FDL-15-17-14-23-524-00,
2005-09-06-12.09.00,9/5/05,29472585,01,NI-RETIRED,6/18/25,SM-DISC-B58,475073518000,WT-RES,13922-WT-000,8972756861,271 VINCENT ST,FDL-15-17-14-13-599-00,
2005-09-06-12.09.00,9/5/05,29473037,02,NI-RETIRED,6/30/25,SM-DISC-B58,387441710800,WT-RES,23374-WT-000,4881299091,764 WESTERN AVE,FDL-15-17-16-24-758-00,
2005-09-06-12.09.00,9/5/05,29473038,01,NI-RETIRED,9/17/25,SM-DISC-B58,720665806400,WT-RES,15474-WT-000,8889777310,314 5TH ST,FDL-15-17-14-24-824-00,
2005-09-07-12.09.00,9/6/05,29473028,01,NI-RETIRED,6/16/25,SM-DISC-B58,589725595900,WT-RES,13864-WT-000,4608127579,273 CANDY LN,FDL-15-17-14-13-570-00,
2005-09-07-12.09.00,9/6/05,30050857,01,NI-RETIRED,6/3/25,SM-DISC-B75,859735422600,WT-RES,35890-WT-000,4061112495,490 T-BIRD DR,FDL-15-17-26-13-511-00,
2005-09-08-12.09.00,9/7/05,29473029,01,NI-RETIRED,9/9/25,SM-DISC-B58,575814738400,WT-RES,15142-WT-000,6635488656,263 S PARK AVE,FDL-15-17-14-23-610-00,
2005-09-09-12.09.00,9/8/05,29473035,01,NI-RETIRED,9/17/25,SM-DISC-B58,102527114600,WT-RES,17018-WT-000,4071313216,367 14TH ST,FDL-15-17-14-34-861-00,
2005-09-09-12.09.00,9/8/05,29473078,01,NI-RETIRED,9/17/25,SM-DISC-B58,581899015300,WT-RES,17014-WT-000,2790336582,357 14TH ST,FDL-15-17-14-34-859-00,
2005-09-12-12.09.00,9/11/05,19258238,02,NI-RETIRED,9/23/25,SM-DISC-B75,652199788700,WT-RES,37484-WT-000,7655460537,6 KINGS CREST LN,FDL-15-17-26-22-285-00,
2005-09-12-12.09.00,9/11/05,29473081,01,NI-RETIRED,8/18/25,SM-DISC-B58,752655194400,WT-RES,18658-WT-000,7689969615,263 S MARR ST,FDL-15-17-15-14-840-00,
2005-09-12-12.09.00,9/11/05,30050852,02,NI-RETIRED,9/23/25,SM-DISC-B75,875166348800,WT-RES,37482-WT-000,1398508624,10 KINGS CREST LN,FDL-15-17-26-22-284-00,
2005-09-13-12.09.00,9/12/05,29473075,01,NI-RETIRED,8/11/25,SM-DISC-B58,167954571800,WT-RES,16170-WT-000,7314574899,371 ELLIS ST,FDL-15-17-14-32-320-00,
2005-09-14-12.09.00,9/13/05,29472586,01,NI-RETIRED,8/11/25,SM-DISC-B58,771280982700,WT-RES,16178-WT-000,7375153897,169 E 10TH ST,FDL-15-17-14-32-324-00,
2005-09-14-12.09.00,9/13/05,29472937,01,NI-RETIRED,6/16/25,SM-DISC-B58,582778165600,WT-RES,13904-WT-000,9802633434,286 DAHL PL,FDL-15-17-14-13-590-00,
2005-09-15-12.09.00,9/14/05,29473083,01,NI-RETIRED,8/11/25,SM-DISC-B58,836160097800,WT-RES,16528-WT-000,7050425979,476 KAYE ST,FDL-15-17-14-33-541-00,
2005-09-15-12.09.00,9/14/05,30050853,01,NI-RETIRED,6/9/25,SM-DISC-B75,016911006500,WT-RES,17214-WT-000,9517102122,617 E 9TH ST,FDL-15-17-14-41-027-00,
2005-09-19-12.09.00,9/18/05,17552415,01,NI-RETIRED,8/11/25,SM-DISC-B58,730526706000,WT-RES,15752-WT-000,7322893588,376 E 9TH ST,FDL-15-17-14-31-048-00,
2005-09-19-12.09.00,9/18/05,29473090,03,NI-RETIRED,5/19/25,SM-DISC-B58,685673897000,WT-RES,1294-WT-000,2372654175,529 ALLEN ST,FDL-15-17-03-44-770-00,
2005-09-19-12.09.00,9/18/05,29473091,03,NI-RETIRED,1/19/26,SM-DISC-B58,986868982500,WT-RES,8562-WT-000,5114426782,333 GARFIELD ST,FDL-15-17-11-22-412-00,
2005-09-19-12.09.00,9/18/05,29473094,03,NI-RETIRED,6/4/25,SM-DISC-B58,950023465900,WT-RES,3438-WT-000,6918042625,329 AMORY ST,FDL-15-17-10-11-040-00,
2005-09-19-12.09.00,9/18/05,29473096,01,NI-RETIRED,6/18/25,SM-DISC-B58,650082145000,WT-RES,17204-WT-000,8717990674,593 E 9TH ST,FDL-15-17-14-41-022-00,
2005-09-19-12.09.00,9/18/05,29473097,01,NI-RETIRED,9/17/25,SM-DISC-B58,151013369600,WT-RES,15802-WT-000,0794521789,303 E 10TH ST,FDL-15-17-14-31-073-00,
2005-09-19-12.09.00,9/18/05,30050858,01,NI-RETIRED,6/3/25,SM-DISC-B75,349511915700,WT-RES,13262-WT-000,4850836369,548 DEWBERRY DR,FDL-15-17-13-44-851-00,
2005-09-20-12.09.00,9/19/05,29472977,02,NI-RETIRED,7/7/25,SM-DISC-B58,088503330400,WT-RES,2954-WT-000,2099725647,6 N SEYMOUR ST,FDL-15-17-09-43-535-00,
2005-09-20-12.09.00,9/19/05,29473026,01,NI-RETIRED,9/17/25,SM-DISC-B58,447482066600,WT-RES,16244-WT-000,7782567342,242 E 10TH ST,FDL-15-17-14-32-357-00,
2005-09-20-12.09.00,9/19/05,29473027,01,NI-RETIRED,4/19/24,SM-DISC-B58,963465148300,WT-RES,16310-WT-000,3748636602,174 E 10TH ST,FDL-15-17-14-32-390-00,
2005-09-20-12.09.00,9/19/05,29473095,01,NI-RETIRED,1/21/26,SM-DISC-B58,413645338000,WT-RES,16994-WT-000,7438887850,297 14TH ST,FDL-15-17-14-34-849-00,
2005-09-20-12.09.00,9/19/05,29473110,01,NI-RETIRED,9/17/25,SM-DISC-B58,511803825500,WT-RES,15876-WT-000,6781774371,286 E 10TH ST,FDL-15-17-14-31-111-00,
2005-09-20-12.09.00,9/19/05,29473111,01,NI-RETIRED,8/11/25,SM-DISC-B58,759066890500,WT-RES,16218-WT-000,6953141556,254 E 10TH ST,FDL-15-17-14-32-344-00,
2005-09-20-12.09.00,9/19/05,29473112,01,NI-RETIRED,7/30/25,SM-DISC-B58,612783487700,WT-RES,20846-WT-000,7628888625,426 ELLIS ST,FDL-15-17-15-41-157-00,
2005-09-20-12.09.00,9/19/05,30050856,01,NI-RETIRED,1/10/25,SM-DISC-B75,791255577500,WT-RES,16630-WT-000,3166597983,187 14TH ST,FDL-15-17-14-33-592-00,
2005-09-21-12.09.00,9/20/05,29468859,01,NI-RETIRED,6/3/25,SM-DISC-B75,492790512800,WT-RES,13190-WT-000,9078282798,476 SWEETFLAG AVE,FDL-15-17-13-44-815-00,
2005-09-21-12.09.00,9/20/05,29473082,01,NI-RETIRED,8/18/25,SM-DISC-B58,132140831200,WT-RES,16264-WT-000,3476110055,417 S PARK AVE,FDL-15-17-14-32-367-00,
2005-09-21-12.09.00,9/20/05,29473092,01,NI-RETIRED,9/17/25,SM-DISC-B58,905106206900,WT-RES,15798-WT-000,0678662814,287 E 10TH ST,FDL-15-17-14-31-071-00,
2005-09-21-12.09.00,9/20/05,29473093,01,NI-RETIRED,9/17/25,SM-DISC-B58,798828494900,WT-RES,16644-WT-000,4340123490,161 14TH ST,FDL-15-17-14-33-598-00,
2005-09-21-12.09.00,9/20/05,29473109,01,NI-RETIRED,1/22/26,SM-DISC-B58,781796346900,WT-RES,21654-WT-000,0024184178,145 14TH ST,FDL-15-17-15-44-856-00,
2005-09-21-12.09.00,9/20/05,29473113,01,NI-RETIRED,9/17/25,SM-DISC-B58,060920124500,WT-RES,16238-WT-000,1710477678,397 PLEASANT ST,FDL-15-17-14-32-354-00,
2005-09-21-12.09.00,9/20/05,29473115,01,NI-RETIRED,8/12/25,SM-DISC-B58,274975289400,WT-RES,16288-WT-000,6482752976,416 S PARK AVE,FDL-15-17-14-32-379-00,
2005-09-21-12.09.00,9/20/05,29473117,02,NI-RETIRED,6/30/25,SM-DISC-B58,027167289400,WT-RES,20006-WT-000,1304373413,364 W 11TH ST,FDL-15-17-15-32-331-00,
2005-09-21-12.09.00,9/20/05,30050851,01,NI-RETIRED,6/3/25,SM-DISC-B75,024233708000,WT-RES,36522-WT-000,4401231678,1184 S PARK AVE,FDL-15-17-26-21-091-00,
2005-09-22-12.09.00,9/21/05,29473129,01,NI-RETIRED,9/17/25,SM-DISC-B58,900218161900,WT-RES,21674-WT-000,4545475612,103 14TH ST,FDL-15-17-15-44-866-00,
2005-09-22-12.09.00,9/21/05,29473130,01,NI-RETIRED,1/22/26,SM-DISC-B58,930417915700,WT-RES,21700-WT-000,4397093188,37 14TH ST,FDL-15-17-15-44-879-00,
2005-09-22-12.09.00,9/21/05,29473132,01,NI-RETIRED,9/17/25,SM-DISC-B58,029717642500,WT-RES,15804-WT-000,1241657019,309 E 10TH ST,FDL-15-17-14-31-074-00,
2005-09-23-12.09.00,9/22/05,29473123,01,NI-RETIRED,8/12/25,SM-DISC-B58,278339874300,WT-RES,15820-WT-000,5528391785,355 E 10TH ST,FDL-15-17-14-31-082-00,
2005-09-23-12.09.00,9/22/05,29473124,01,NI-RETIRED,9/18/25,SM-DISC-B58,507829215600,WT-RES,16992-WT-000,7145278376,295 14TH ST,FDL-15-17-14-34-848-00,
2005-09-23-12.09.00,9/22/05,29473126,01,NI-RETIRED,9/17/25,SM-DISC-B58,037626137000,WT-RES,15824-WT-000,7698993054,365 E 10TH ST,FDL-15-17-14-31-084-00,
2005-09-23-12.09.00,9/22/05,29473133,01,NI-RETIRED,1/22/26,SM-DISC-B58,020412571000,WT-RES,21704-WT-000,7699293959,21 14TH ST,FDL-15-17-15-44-881-00,
2005-09-26-12.09.00,9/25/05,29473114,03,NI-RETIRED,5/19/25,SM-DISC-B58,478086607900,WT-RES,5102-WT-000,5711233860,217 W ARNDT ST,FDL-15-17-10-24-767-00,
2005-09-26-12.09.00,9/25/05,29473116,01,NI-RETIRED,8/12/25,SM-DISC-B58,441135551400,WT-RES,15872-WT-000,8640829604,310 E 10TH ST,FDL-15-17-14-31-108-00,
2005-09-26-12.09.00,9/25/05,29473125,01,NI-RETIRED,9/9/25,SM-DISC-B58,626926056100,WT-RES,15850-WT-000,0783682916,372 E 10TH ST,FDL-15-17-14-31-097-00,
2005-09-26-12.09.00,9/25/05,29473151,01,NI-RETIRED,9/9/25,SM-DISC-B58,815103703700,WT-RES,16256-WT-000,6060228579,412 PLEASANT ST,FDL-15-17-14-32-363-00,
2005-09-26-12.09.00,9/25/05,30050862,01,NI-RETIRED,6/9/25,SM-DISC-B75,071936455500,WT-RES,17218-WT-000,0912382264,621 E 9TH ST,FDL-15-17-14-41-029-00,
2005-09-27-12.09.00,9/26/05,29473140,01,NI-RETIRED,7/23/25,SM-DISC-B58,439620752100,WT-RES,16444-WT-000,8749880360,445 ELLIS ST,FDL-15-17-14-32-457-00,
2005-09-27-12.09.00,9/26/05,29473141,01,NI-RETIRED,7/28/25,SM-DISC-B58,799759458900,WT-RES,16330-WT-000,5433205512,162 E 10TH ST,FDL-15-17-14-32-400-00,
2005-09-28-12.09.00,9/27/05,19258232,01,NI-RETIRED,6/9/25,SM-DISC-B75,004578836900,WT-RES,12656-WT-000,0442056848,15 CROWFOOT CT,FDL-15-17-13-42-255-00,
2005-09-28-12.09.00,9/27/05,29473121,01,NI-RETIRED,9/17/25,SM-DISC-B58,270880404300,WT-RES,16832-WT-000,0061698211,294 E 11TH ST,FDL-15-17-14-34-768-00,
2005-09-28-12.09.00,9/27/05,29473139,01,NI-RETIRED,1/22/26,SM-DISC-B58,176152756200,WT-RES,16642-WT-000,0358974776,165 14TH ST,FDL-15-17-14-33-597-00,
2005-09-28-12.09.00,9/27/05,29473145,01,NI-RETIRED,9/17/25,SM-DISC-B58,373832469200,WT-RES,21754-WT-000,5970831242,132 14TH ST,FDL-15-17-15-44-906-00,
2005-09-28-12.09.00,9/27/05,29473153,01,NI-RETIRED,8/18/25,SM-DISC-B58,614503922700,WT-RES,15794-WT-000,4422770685,283 E 10TH ST,FDL-15-17-14-31-069-00,
2005-09-28-12.09.00,9/27/05,29473155,01,NI-RETIRED,8/18/25,SM-DISC-B58,174258220500,WT-RES,15860-WT-000,1034763699,352 E 10TH ST,FDL-15-17-14-31-102-00,
2005-09-28-12.09.00,9/27/05,30050878,01,NI-RETIRED,6/3/25,SM-DISC-B75,572317480200,WT-RES,37620-WT-000,6279836326,17 CROWFOOT CT,FDL-15-17-13-42-255-00,
2005-09-29-12.09.00,9/28/05,29473134,01,NI-RETIRED,9/17/25,SM-DISC-B58,015548638600,WT-RES,21682-WT-000,9255232279,85 14TH ST,FDL-15-17-15-44-870-00,
2005-09-29-12.09.00,9/28/05,29473135,01,NI-RETIRED,8/11/25,SM-DISC-B58,470241046800,WT-RES,20878-WT-000,1474039119,57 E 11TH ST,FDL-15-17-15-41-173-00,
2005-09-29-12.09.00,9/28/05,29473142,01,NI-RETIRED,1/23/26,SM-DISC-B58,012808416400,WT-RES,21686-WT-000,4150653057,75 14TH ST,FDL-15-17-15-44-872-00,
2005-09-29-12.09.00,9/28/05,29473146,01,NI-RETIRED,9/17/25,SM-DISC-B58,432568671200,WT-RES,16656-WT-000,9519169101,160 14TH ST,FDL-15-17-14-33-604-00,
2005-09-29-12.09.00,9/28/05,29473147,01,NI-RETIRED,8/11/25,SM-DISC-B58,958762213200,WT-RES,20864-WT-000,6814012316,99 E 11TH ST,FDL-15-17-15-41-166-00,
2005-09-29-12.09.00,9/28/05,29473152,01,NI-RETIRED,7/28/25,SM-DISC-B58,599722685500,WT-RES,16312-WT-000,0118572888,170 E 10TH ST,FDL-15-17-14-32-391-00,
2005-09-29-12.09.00,9/28/05,29473154,01,NI-RETIRED,8/11/25,SM-DISC-B58,638913038400,WT-RES,20886-WT-000,9071508377,37 E 11TH ST,FDL-15-17-15-41-177-00,
2005-09-29-12.09.00,9/28/05,29473156,01,NI-RETIRED,9/17/25,SM-DISC-B58,630959918900,WT-RES,16634-WT-000,0949391278,183 14TH ST,FDL-15-17-14-33-593-00,
2005-09-29-12.09.00,9/28/05,29473163,01,NI-RETIRED,1/22/26,SM-DISC-B58,229426170200,WT-RES,17064-WT-000,4925446891,298 14TH ST,FDL-15-17-14-34-884-00,
2005-09-30-12.09.00,9/29/05,29473103,01,NI-RETIRED,9/17/25,SM-DISC-B58,247845069400,WT-RES,16686-WT-000,8904937784,254 14TH ST,FDL-15-17-14-33-619-00,
2005-09-30-12.09.00,9/29/05,29473104,03,NI-RETIRED,7/23/25,SM-DISC-B58,168207393200,WT-RES,7116-WT-000,6368647812,583 E BANK ST,FDL-15-17-11-11-052-00,
2005-09-30-12.09.00,9/29/05,29473165,02,NI-RETIRED,7/10/25,SM-DISC-B58,963881716300,WT-RES,3164-WT-000,5682243336,30 N HICKORY ST,FDL-15-17-09-44-798-00,
2005-09-30-12.09.00,9/29/05,29473166,03,NI-RETIRED,5/19/25,SM-DISC-B58,434584811300,WT-RES,3480-WT-000,5764446404,90 E SCOTT ST,FDL-15-17-10-11-061-00,
2005-10-03-12.10.00,10/2/05,29468839,01,NI-RETIRED,6/3/25,SM-DISC-B75,738507905700,WT-RES,13206-WT-000,9008668355,538 SWEETFLAG AVE,FDL-15-17-13-44-823-00,
2005-10-03-12.10.00,10/2/05,29473119,01,NI-RETIRED,8/11/25,SM-DISC-B58,731880504200,WT-RES,20826-WT-000,5549163039,370 ELLIS ST,FDL-15-17-15-41-147-00,
2005-10-03-12.10.00,10/2/05,29473120,01,NI-RETIRED,1/19/26,SM-DISC-B58,214496966200,WT-RES,21708-WT-000,2863056896,26 14TH ST,FDL-15-17-15-44-883-00,
2005-10-03-12.10.00,10/2/05,29473122,01,NI-RETIRED,9/17/25,SM-DISC-B58,362054100100,WT-RES,17066-WT-000,4611462753,294 14TH ST,FDL-15-17-14-34-885-00,
2005-10-05-12.10.00,10/4/05,29473138,01,NI-RETIRED,8/11/25,SM-DISC-B58,327940084100,WT-RES,16280-WT-000,2966432863,394 S PARK AVE,FDL-15-17-14-32-375-00,
2005-10-05-12.10.00,10/4/05,29473164,01,NI-RETIRED,1/22/26,SM-DISC-B58,799989422400,WT-RES,21720-WT-000,2395617328,544 S MARR ST,FDL-15-17-15-44-889-00,
2005-10-05-12.10.00,10/4/05,29473167,01,NI-RETIRED,9/17/25,SM-DISC-B58,242107279300,WT-RES,16616-WT-000,4392965412,219 14TH ST,FDL-15-17-14-33-585-00,
2005-10-05-12.10.00,10/4/05,29473170,01,NI-RETIRED,9/17/25,SM-DISC-B58,269265716400,WT-RES,21712-WT-000,0610374249,36 14TH ST,FDL-15-17-15-44-885-00,
2005-10-05-12.10.00,10/4/05,30050860,03,NI-RETIRED,11/26/25,SM-DISC-B75,745366545300,WT-RES,778-WT-000,7730891652,68 AURORA LN,FDL-15-17-02-43-571-00,
2005-10-06-12.10.00,10/5/05,29473171,01,NI-RETIRED,8/11/25,SM-DISC-B58,364538878200,WT-RES,20854-WT-000,8156990197,135 E 11TH ST,FDL-15-17-15-41-161-00,
2005-10-06-12.10.00,10/5/05,29473174,01,NI-RETIRED,8/11/25,SM-DISC-B58,622296232100,WT-RES,16346-WT-000,0601447365,417 ELLIS ST,FDL-15-17-14-32-408-00,
2005-10-06-12.10.00,10/5/05,29473176,01,NI-RETIRED,9/17/25,SM-DISC-B58,729847978000,WT-RES,21728-WT-000,6310811684,76 14TH ST,FDL-15-17-15-44-893-00,
2005-10-06-12.10.00,10/5/05,30050880,01,NI-RETIRED,6/3/25,SM-DISC-B75,391934745200,WT-RES,13208-WT-000,9016064426,548 SWEETFLAG AVE,FDL-15-17-13-44-824-00,
2005-10-07-12.10.00,10/6/05,29473180,02,NI-RETIRED,6/16/25,SM-DISC-B58,631878239000,WT-RES,20320-WT-000,4455478342,367 UNEEDA ST,FDL-15-17-15-33-606-00,
2005-10-07-12.10.00,10/6/05,29473182,01,NI-RETIRED,8/11/25,SM-DISC-B58,515668601900,WT-RES,16282-WT-000,3160977019,402 S PARK AVE,FDL-15-17-14-32-376-00,
2005-10-10-12.10.00,10/9/05,29473169,01,NI-RETIRED,9/17/25,SM-DISC-B58,734450330000,WT-RES,16814-WT-000,7844653632,352 E 11TH ST,FDL-15-17-14-34-759-00,
2005-10-10-12.10.00,10/9/05,29473172,01,NI-RETIRED,8/18/25,SM-DISC-B58,072662121000,WT-RES,16812-WT-000,5117466497,358 E 11TH ST,FDL-15-17-14-34-758-00,
2005-10-10-12.10.00,10/9/05,29473173,01,NI-RETIRED,8/12/25,SM-DISC-B58,373218741400,WT-RES,16808-WT-000,0766923009,368 E 11TH ST,FDL-15-17-14-34-756-00,
2005-10-10-12.10.00,10/9/05,29473179,01,NI-RETIRED,9/17/25,SM-DISC-B58,956187320600,WT-RES,16802-WT-000,1473827495,382 E 11TH ST,FDL-15-17-14-34-753-00,
2005-10-10-12.10.00,10/9/05,29473181,01,NI-RETIRED,9/9/25,SM-DISC-B58,264418187400,WT-RES,16410-WT-000,5958492707,229 E 11TH ST,FDL-15-17-14-32-440-00,
2005-10-10-12.10.00,10/9/05,29473183,01,NI-RETIRED,8/7/25,SM-DISC-B58,250455119600,WT-RES,16806-WT-000,6301621363,374 E 11TH ST,FDL-15-17-14-34-755-00,
2005-10-11-12.10.00,10/10/05,29104620,01,NI-RETIRED,5/28/25,SM-DISC-B100,668573840600,WT-RES,27926-WT-000,2099656103,808 MULLEN DR,FDL-15-17-24-22-283-00,
2005-10-11-12.10.00,10/10/05,29473190,01,NI-RETIRED,9/17/25,SM-DISC-B58,566237358100,WT-RES,21676-WT-000,9323672985,99 14TH ST,FDL-15-17-15-44-867-00,
2005-10-11-12.10.00,10/10/05,29473191,01,NI-RETIRED,7/30/25,SM-DISC-B58,417171458200,WT-RES,20916-WT-000,6772930647,100 E 11TH ST,FDL-15-17-15-41-192-00,
2005-10-11-12.10.00,10/10/05,29473193,01,NI-RETIRED,8/12/25,SM-DISC-B58,352819199500,WT-RES,16810-WT-000,3396138658,364 E 11TH ST,FDL-15-17-14-34-757-00,
2005-10-12-12.10.00,10/11/05,29473157,01,NI-RETIRED,1/22/26,SM-DISC-B58,921728969400,WT-RES,17108-WT-000,4801902857,375 15TH ST,FDL-15-17-14-34-906-00,
2005-10-12-12.10.00,10/11/05,29473159,01,NI-RETIRED,9/17/25,SM-DISC-B58,049287343100,WT-RES,16482-WT-000,4665056925,477 S PARK AVE,FDL-15-17-14-33-518-00,
2005-10-12-12.10.00,10/11/05,29473184,01,NI-RETIRED,9/9/25,SM-DISC-B58,468029462300,WT-RES,15886-WT-000,2693193279,407 VINE ST,FDL-15-17-14-31-116-00,
2005-10-12-12.10.00,10/11/05,29473185,01,NI-RETIRED,9/17/25,SM-DISC-B58,565412758100,WT-RES,16646-WT-000,4702273439,157 14TH ST,FDL-15-17-14-33-599-00,
2005-10-12-12.10.00,10/11/05,29473186,01,NI-RETIRED,1/22/26,SM-DISC-B58,139537811900,WT-RES,21734-WT-000,5206503048,90 14TH ST,FDL-15-17-15-44-896-00,
2005-10-12-12.10.00,10/11/05,29473187,01,NI-RETIRED,8/11/25,SM-DISC-B58,920496216200,WT-RES,16292-WT-000,9957568062,191 BOYD ST,FDL-15-17-14-32-381-00,
2005-10-12-12.10.00,10/11/05,29473188,01,NI-RETIRED,9/17/25,SM-DISC-B58,640279104300,WT-RES,16294-WT-000,4693382499,185 BOYD ST,FDL-15-17-14-32-382-00,
2005-10-12-12.10.00,10/11/05,29473192,01,NI-RETIRED,9/17/25,SM-DISC-B58,027180839700,WT-RES,15928-WT-000,5910052246,301 BOYD ST,FDL-15-17-14-31-137-00,
2005-10-12-12.10.00,10/11/05,29473200,01,NI-RETIRED,1/23/26,SM-DISC-B58,048233746900,WT-RES,16678-WT-000,8619751638,559 S PARK AVE,FDL-15-17-14-33-615-00,
2005-10-13-12.10.00,10/12/05,29473158,02,NI-RETIRED,7/10/25,SM-DISC-B58,958387702300,WT-RES,2894-WT-000,2902403488,561 THOMAS ST,FDL-15-17-09-43-505-00,
2005-10-13-12.10.00,10/12/05,29473194,01,NI-RETIRED,8/11/25,SM-DISC-B58,196689330500,WT-RES,20874-WT-000,9497297023,73 E 11TH ST,FDL-15-17-15-41-171-00,
2005-10-13-12.10.00,10/12/05,29473201,01,NI-RETIRED,9/9/25,SM-DISC-B58,596991180400,WT-RES,16828-WT-000,2405899104,300 E 11TH ST,FDL-15-17-14-34-766-00,
2005-10-13-12.10.00,10/12/05,29473202,02,NI-RETIRED,7/10/25,SM-DISC-B58,362093972600,EX-RES,23056-EX-000,2449742671,78 MICHAEL LN,FDL-15-17-16-21-036-00,
2005-10-13-12.10.00,10/12/05,30050869,02,NI-RETIRED,11/19/25,SM-DISC-B75,503703259600,WT-RES,23056-WT-000,2449742671,78 MICHAEL LN,FDL-15-17-16-21-036-00,
2005-10-14-12.10.00,10/13/05,29473100,02,NI-RETIRED,7/10/25,SM-DISC-B58,579100057100,WT-COM,31482-WT-000,9933466883,206 S MILITARY RD,FDL-15-17-15-21-067-00,
2005-10-14-12.10.00,10/13/05,29473160,01,NI-RETIRED,9/17/25,SM-DISC-B58,630384575100,WT-RES,21722-WT-000,7132213923,546 S MARR ST,FDL-15-17-15-44-890-00,
2005-10-14-12.10.00,10/13/05,29473161,01,NI-RETIRED,1/19/26,SM-DISC-B58,173482575000,WT-RES,16672-WT-000,7636888856,544 S PARK AVE,FDL-15-17-14-33-612-00,
2005-10-14-12.10.00,10/13/05,29473206,01,NI-RETIRED,1/22/26,SM-DISC-B58,330924885900,WT-RES,15856-WT-000,9736498987,362 E 10TH ST,FDL-15-17-14-31-100-00,
2005-10-14-12.10.00,10/13/05,29473208,01,NI-RETIRED,9/17/25,SM-DISC-B58,213362673100,WT-RES,25940-WT-000,3392563469,235 19TH ST,FDL-15-17-23-22-311-00,
2005-10-14-12.10.00,10/13/05,30050854,01,NI-RETIRED,6/12/25,SM-DISC-B75,504060442300,WT-RES,12850-WT-000,5816161846,482 CROWFOOT AVE,FDL-15-17-13-43-507-00,
2005-10-17-12.10.00,10/16/05,29473195,01,NI-RETIRED,9/17/25,SM-DISC-B58,306440636800,WT-RES,15920-WT-000,5855864512,325 BOYD ST,FDL-15-17-14-31-133-00,
2005-10-17-12.10.00,10/16/05,29473203,01,NI-RETIRED,9/17/25,SM-DISC-B58,285095613900,WT-RES,15914-WT-000,5108409400,363 BOYD ST,FDL-15-17-14-31-130-00,
2005-10-17-12.10.00,10/16/05,29473212,03,NI-RETIRED,5/19/25,SM-DISC-B58,011052689800,WT-RES,8424-WT-000,1889828189,233 E BANK ST,FDL-15-17-11-22-343-00,
2005-10-18-12.10.00,10/17/05,29468840,03,NI-RETIRED,12/22/25,SM-DISC-B75,675048835800,WT-RES,35242-WT-000,0865626298,1542 HUNTER AVE,FDL-15-18-06-43-543-00,
2005-10-18-12.10.00,10/17/05,29473196,01,NI-RETIRED,9/17/25,SM-DISC-B58,583984129200,WT-RES,15968-WT-000,7033752688,360 BOYD ST,FDL-15-17-14-31-157-00,
2005-10-18-12.10.00,10/17/05,29473197,01,NI-RETIRED,8/11/25,SM-DISC-B58,820176491600,WT-RES,20872-WT-000,0858168566,69 E 11TH ST,FDL-15-17-15-41-170-00,
2005-10-18-12.10.00,10/17/05,29473198,01,NI-RETIRED,9/9/25,SM-DISC-B58,841708188000,WT-RES,15962-WT-000,2773140556,340 BOYD ST,FDL-15-17-14-31-154-00,
2005-10-18-12.10.00,10/17/05,30050870,01,NI-RETIRED,6/3/25,SM-DISC-B75,028448770600,WT-RES,37630-WT-000,6012722879,1345 S PARK AVE,FDL-15-17-26-24-767-00,
2005-10-18-12.10.00,10/17/05,30050871,01,NI-RETIRED,5/29/25,SM-DISC-B75,376335926500,WT-RES,36574-WT-000,7998532200,1341 S PARK AVE,FDL-15-17-26-24-767-00,
2005-10-19-12.10.00,10/18/05,17541821,01,NI-RETIRED,11/19/25,SM-DISC-B75,608944363900,WT-RES,37610-WT-000,0541754850,788 ELLIS ST,FDL-15-17-22-14-780-02,
2005-10-19-12.10.00,10/18/05,29473209,01,NI-RETIRED,9/18/25,SM-DISC-B58,732667086400,WT-RES,16022-WT-000,4884830080,291 E 11TH ST,FDL-15-17-14-31-184-00,
2005-10-19-12.10.00,10/18/05,29473216,01,NI-RETIRED,9/17/25,SM-DISC-B58,432717348900,WT-RES,16004-WT-000,3395045352,321 E 11TH ST,FDL-15-17-14-31-175-00,
2005-10-19-12.10.00,10/18/05,29473217,01,NI-RETIRED,8/11/25,SM-DISC-B58,900601690900,WT-RES,16366-WT-000,4987081894,190 BOYD ST,FDL-15-17-14-32-418-00,
2005-10-19-12.10.00,10/18/05,29473223,01,NI-RETIRED,8/7/25,SM-DISC-B58,932648258800,WT-RES,16538-WT-000,9278433467,152 E 11TH ST,FDL-15-17-14-33-546-00,
2005-10-19-12.10.00,10/18/05,29473224,01,NI-RETIRED,8/12/25,SM-DISC-B58,701512179200,WT-RES,15896-WT-000,2812268767,409 LLOYD ST,FDL-15-17-14-31-121-00,
2005-10-19-12.10.00,10/18/05,29473225,01,NI-RETIRED,8/18/25,SM-DISC-B58,437692660700,WT-RES,15948-WT-000,6196260967,300 BOYD ST,FDL-15-17-14-31-147-00,
2005-10-20-12.10.00,10/19/05,29473214,01,NI-RETIRED,8/11/25,SM-DISC-B58,164075570600,WT-RES,15976-WT-000,7642373296,380 BOYD ST,FDL-15-17-14-31-161-00,
2005-10-20-12.10.00,10/19/05,29473215,01,NI-RETIRED,8/18/25,SM-DISC-B58,067999822900,WT-RES,15950-WT-000,2271655718,308 BOYD ST,FDL-15-17-14-31-148-00,
2005-10-20-12.10.00,10/19/05,29473236,01,NI-RETIRED,1/21/26,SM-DISC-B58,362584662800,WT-RES,21760-WT-000,2770079852,142 14TH ST,FDL-15-17-15-44-909-00,
2005-10-20-12.10.00,10/19/05,29473239,01,NI-RETIRED,8/11/25,SM-DISC-B58,237188637900,WT-RES,16352-WT-000,4637821543,154 BOYD ST,FDL-15-17-14-32-411-00,
2005-10-20-12.10.00,10/19/05,30050882,01,NI-RETIRED,9/23/25,SM-DISC-B75,791294791500,WT-RES,16222-WT-000,9011609294,265 BOYD ST,FDL-15-17-14-32-346-00,
2005-10-21-12.10.00,10/20/05,29473175,03,NI-RETIRED,8/7/25,SM-DISC-B58,754466886700,WT-RES,8148-WT-000,9781211438,374 ROOSEVELT ST,FDL-15-17-11-21-122-00,
2005-10-21-12.10.00,10/20/05,29473242,01,NI-RETIRED,8/11/25,SM-DISC-B58,778333540200,WT-RES,15956-WT-000,8980991545,320 BOYD ST,FDL-15-17-14-31-151-00,
2005-10-24-12.10.00,10/23/05,29468889,02,NI-RETIRED,11/19/25,SM-DISC-B75,998067127900,WT-RES,37470-WT-000,2708027088,38 KINGS CREST LN,FDL-15-17-26-22-278-00,
2005-10-24-12.10.00,10/23/05,29468890,02,NI-RETIRED,11/19/25,SM-DISC-B75,659419393300,WT-RES,37476-WT-000,1995704787,26 KINGS CREST LN,FDL-15-17-26-22-281-00,
2005-10-24-12.10.00,10/23/05,30050867,02,NI-RETIRED,11/19/25,SM-DISC-B75,384833177200,WT-RES,37474-WT-000,9979224160,30 KINGS CREST LN,FDL-15-17-26-22-280-00,
2005-10-24-12.10.00,10/23/05,30050886,02,NI-RETIRED,10/29/25,SM-DISC-B75,706465171100,WT-RES,37472-WT-000,8466457045,34 KINGS CREST LN,FDL-15-17-26-22-279-00,
2005-10-26-12.10.00,10/25/05,29473241,01,NI-RETIRED,9/17/25,SM-DISC-B58,427817554100,WT-RES,17080-WT-000,1196243025,295 15TH ST,FDL-15-17-14-34-892-00,
2005-10-26-12.10.00,10/25/05,29473244,01,NI-RETIRED,9/17/25,SM-DISC-B58,584116824500,WT-RES,15972-WT-000,2611897755,372 BOYD ST,FDL-15-17-14-31-159-00,
2005-10-26-12.10.00,10/25/05,29473245,01,NI-RETIRED,1/23/26,SM-DISC-B58,182170519900,WT-RES,17046-WT-000,1979952596,358 14TH ST,FDL-15-17-14-34-875-00,
2005-10-27-12.10.00,10/26/05,29468841,01,NI-RETIRED,6/3/25,SM-DISC-B75,857842368000,WT-RES,37354-WT-000,0405470804,848 MUSTANG LN,FDL-15-17-25-21-013-00,
2005-10-27-12.10.00,10/26/05,29473246,01,NI-RETIRED,8/11/25,SM-DISC-B58,311214126900,WT-RES,16822-WT-000,2229666174,310 E 11TH ST,FDL-15-17-14-34-763-00,
2005-10-27-12.10.00,10/26/05,29473250,01,NI-RETIRED,8/18/25,SM-DISC-B58,692676520000,WT-RES,16446-WT-000,4035878405,258 E 11TH ST,FDL-15-17-14-33-500-00,
2005-10-28-12.10.00,10/27/05,29473235,01,NI-RETIRED,9/18/25,SM-DISC-B58,260253409000,WT-RES,16478-WT-000,8206565016,485 S PARK AVE,FDL-15-17-14-33-516-00,
2005-10-28-12.10.00,10/27/05,29473247,01,NI-RETIRED,9/17/25,SM-DISC-B58,708427183700,WT-RES,15918-WT-000,7081884839,341 BOYD ST,FDL-15-17-14-31-132-00,
2005-10-28-12.10.00,10/27/05,29473248,01,NI-RETIRED,9/17/25,SM-DISC-B58,201753566800,WT-RES,16698-WT-000,6746301568,269 15TH ST,FDL-15-17-14-33-625-00,
2005-10-31-12.10.00,10/30/05,17280218,01,NI-RETIRED,9/9/25,SM-DISC-B58,951521955000,WT-RES,16402-WT-000,7672816771,239 E 11TH ST,FDL-15-17-14-32-436-00,
2005-10-31-12.10.00,10/30/05,29473254,01,NI-RETIRED,8/11/25,SM-DISC-B58,627667606400,WT-RES,15866-WT-000,7031428612,330 E 10TH ST,FDL-15-17-14-31-105-00,
2005-10-31-12.10.00,10/30/05,32638452,03,NI-RETIRED,11/26/25,SM-DISC-B75,443632375600,WT-RES,866-WT-000,7953336571,647 E SCOTT ST,FDL-15-17-02-44-773-00,
2005-10-31-12.10.00,10/30/05,32638453,03,NI-RETIRED,6/3/25,SM-DISC-B75,479081065200,WT-RES,6366-WT-000,5797243728,114 AMORY ST,FDL-15-17-10-41-137-00,
2005-11-01-12.11.00,10/31/05,29473178,02,NI-RETIRED,7/23/25,SM-DISC-B58,157333142100,WT-RES,10306-WT-000,2483046306,36 CHAMPION AVE,FDL-15-17-11-34-812-00,
2005-11-01-12.11.00,10/31/05,29473226,01,NI-RETIRED,9/17/25,SM-DISC-B58,040551072900,WT-RES,15840-WT-000,2126924863,402 E 10TH ST,FDL-15-17-14-31-092-00,
2005-11-02-12.11.00,11/1/05,29473210,01,NI-RETIRED,9/17/25,SM-DISC-B58,830456866000,WT-RES,15944-WT-000,9809200590,290 BOYD ST,FDL-15-17-14-31-145-00,
2005-11-02-12.11.00,11/1/05,29473211,01,NI-RETIRED,7/28/25,SM-DISC-B58,951253638700,WT-RES,20540-WT-000,0412035302,346 ELLIS ST,FDL-15-17-15-41-004-00,
2005-11-03-12.11.00,11/2/05,29473219,02,NI-RETIRED,7/7/25,SM-DISC-B58,459567356200,WT-RES,20220-WT-000,6002945704,390 SALEM AVE,FDL-15-17-15-33-556-00,
2005-11-03-12.11.00,11/2/05,29473222,01,NI-RETIRED,9/17/25,SM-DISC-B58,421194534400,WT-RES,17096-WT-000,9843047681,337 15TH ST,FDL-15-17-14-34-900-00,
2005-11-03-12.11.00,11/2/05,29473232,03,NI-RETIRED,5/19/25,SM-DISC-B58,184261494600,WT-RES,5206-WT-000,5745258633,206 N BROOKE ST,FDL-15-17-10-24-821-00,
2005-11-03-12.11.00,11/2/05,29473233,03,NI-RETIRED,5/19/25,SM-DISC-B58,041770197900,WT-RES,32844-WT-000,8011456476,208 N BROOKE ST,FDL-15-17-10-24-821-00,
2005-11-04-12.11.00,11/3/05,29473237,01,NI-RETIRED,9/9/25,SM-DISC-B58,025074284700,WT-RES,15958-WT-000,5784605853,322 BOYD ST,FDL-15-17-14-31-152-00,
2005-11-07-12.11.00,11/6/05,29473243,01,NI-RETIRED,1/22/26,SM-DISC-B58,152373109400,WT-RES,16782-WT-000,4043802060,246 15TH ST,FDL-15-17-14-33-668-00,
2005-11-07-12.11.00,11/6/05,29473263,01,NI-RETIRED,9/17/25,SM-DISC-B58,995677127100,WT-RES,17086-WT-000,0483856826,301 15TH ST,FDL-15-17-14-34-895-00,
2005-11-07-12.11.00,11/6/05,29473264,01,NI-RETIRED,7/30/25,SM-DISC-B58,651455258300,WT-RES,16356-WT-000,0665248894,164 BOYD ST,FDL-15-17-14-32-413-00,
2005-11-07-12.11.00,11/6/05,29473285,01,NI-RETIRED,8/7/25,SM-DISC-B58,774528057200,WT-RES,16360-WT-000,3610561033,174 BOYD ST,FDL-15-17-14-32-415-00,
2005-11-08-12.11.00,11/7/05,29473218,01,NI-RETIRED,8/11/25,SM-DISC-B58,992715670700,WT-RES,16800-WT-000,3145947129,388 E 11TH ST,FDL-15-17-14-34-752-00,
2005-11-08-12.11.00,11/7/05,29473261,01,NI-RETIRED,9/17/25,SM-DISC-B58,833167283900,WT-RES,21798-WT-000,4079102510,73 15TH ST,FDL-15-17-15-44-928-00,
2005-11-08-12.11.00,11/7/05,29473289,01,NI-RETIRED,1/23/26,SM-DISC-B58,497642604000,WT-RES,21792-WT-000,6802660419,91 15TH ST,FDL-15-17-15-44-925-00,
2005-11-08-12.11.00,11/7/05,29473290,01,NI-RETIRED,1/23/26,SM-DISC-B58,262114483700,WT-RES,21790-WT-000,0387660898,93 15TH ST,FDL-15-17-15-44-924-00,
2005-11-09-12.11.00,11/8/05,29468891,02,NI-RETIRED,11/19/25,SM-DISC-B75,880793507000,WT-RES,37650-WT-000,2385587102,9 KINGS CREST LN,FDL-15-17-26-22-286-00,
2005-11-09-12.11.00,11/8/05,29473257,01,NI-RETIRED,6/4/25,SM-DISC-B58,520204123100,WT-RES,17496-WT-000,4572508407,456 8TH ST,FDL-15-17-14-42-261-00,
2005-11-09-12.11.00,11/8/05,30050875,02,NI-RETIRED,10/29/25,SM-DISC-B75,758936920500,WT-RES,37654-WT-000,1314436645,17 KINGS CREST LN,FDL-15-17-26-22-288-00,
2005-11-09-12.11.00,11/8/05,32638454,03,NI-RETIRED,12/22/25,SM-DISC-B75,885136090500,WT-RES,36702-WT-000,6855243360,1120 SPRING LAKE DR,FDL-15-17-12-11-037-00,
2005-11-10-12.11.00,11/9/05,29473291,01,NI-RETIRED,9/17/25,SM-DISC-B58,640238115200,WT-RES,16772-WT-000,9882187102,570 S PARK AVE,FDL-15-17-14-33-663-00,
2005-11-10-12.11.00,11/9/05,29473292,01,NI-RETIRED,9/17/25,SM-DISC-B58,082097839600,WT-RES,16728-WT-000,5536662837,175 15TH ST,FDL-15-17-14-33-641-00,
2005-11-10-12.11.00,11/9/05,29473293,01,NI-RETIRED,1/23/26,SM-DISC-B58,658377027500,WT-RES,17094-WT-000,2855714104,329 15TH ST,FDL-15-17-14-34-899-00,
2005-11-10-12.11.00,11/9/05,29473294,01,NI-RETIRED,9/17/25,SM-DISC-B58,671665314700,WT-RES,21768-WT-000,0363391918,135 15TH ST,FDL-15-17-15-44-913-00,
2005-11-10-12.11.00,11/9/05,29473295,01,NI-RETIRED,1/22/26,SM-DISC-B58,972625592100,WT-RES,21786-WT-000,0651425026,101 15TH ST,FDL-15-17-15-44-922-00,
2005-11-10-12.11.00,11/9/05,29473296,01,NI-RETIRED,1/19/26,SM-DISC-B58,932161893400,WT-RES,21766-WT-000,0969708058,139 15TH ST,FDL-15-17-15-44-912-00,
2005-11-10-12.11.00,11/9/05,30050879,01,NI-RETIRED,5/29/25,SM-DISC-B75,292644605600,WT-RES,12586-WT-000,5215026488,1256 PRIMROSE LN,FDL-15-17-13-41-031-00,
2005-11-14-12.11.00,11/13/05,29473299,01,NI-RETIRED,9/17/25,SM-DISC-B58,205212929700,WT-RES,21864-WT-000,7863935884,146 15TH ST,FDL-15-17-15-44-961-00,
2005-11-15-12.11.00,11/14/05,29473265,03,NI-RETIRED,6/4/25,SM-DISC-B58,057588012100,WT-RES,9736-WT-000,7474885932,262 LEDGEVIEW AVE,FDL-15-17-11-32-354-00,
2005-11-15-12.11.00,11/14/05,30050876,01,NI-RETIRED,5/29/25,SM-DISC-B75,095314952400,WT-RES,36560-WT-000,4882468579,1304 S PARK AVE,FDL-15-17-26-24-757-00,
2005-11-16-12.11.00,11/15/05,29456336,02,NI-RETIRED,8/12/25,SM-DISC-B100,889242536100,WT-RES,37648-WT-000,4299801678,5942 TERRACE RD,T09-15-17-20-04-008-02,
2005-11-16-12.11.00,11/15/05,29473297,01,NI-RETIRED,9/17/25,SM-DISC-B58,920160801000,WT-RES,21820-WT-000,0741666677,32 15TH ST,FDL-15-17-15-44-939-00,
2005-11-17-12.11.00,11/16/05,29468893,03,NI-RETIRED,5/22/25,SM-DISC-B75,601885006200,WT-RES,11084-WT-000,5481671929,38 CAMBRIDGE CT,FDL-15-17-12-31-020-00,
2005-11-17-12.11.00,11/16/05,29468894,03,NI-RETIRED,5/29/25,SM-DISC-B75,997099145400,WT-RES,11266-WT-000,7979209415,20 BARRINGTON CT,FDL-15-17-12-32-313-00,
2005-11-17-12.11.00,11/16/05,29468895,03,NI-RETIRED,6/3/25,SM-DISC-B75,846947129500,WT-RES,11116-WT-000,1944026355,37 BARRINGTON CT,FDL-15-17-12-31-036-00,
2005-11-22-12.11.00,11/21/05,29473266,03,NI-RETIRED,5/19/25,SM-DISC-B58,749611365100,WT-RES,9372-WT-000,4476958835,330 LEDGEVIEW AVE,FDL-15-17-11-31-072-00,
2005-11-22-12.11.00,11/21/05,30050872,03,NI-RETIRED,5/28/25,SM-DISC-B75,833038361800,WT-RES,11270-WT-000,8140429526,40 BARRINGTON CT,FDL-15-17-12-32-315-00,
2005-11-23-12.11.00,11/22/05,29468852,02,NI-RETIRED,12/22/25,SM-DISC-B75,118322409200,WT-RES,23076-WT-000,0675766355,769 BRAGG ST,FDL-15-17-16-21-046-00,
2005-11-23-12.11.00,11/22/05,30050881,03,NI-RETIRED,2/2/26,SM-DISC-B75,802517218900,WT-RES,11118-WT-000,6618234602,44 BARRINGTON CT,FDL-15-17-12-31-037-00,
2005-11-23-12.11.00,11/22/05,32638456,01,NI-RETIRED,5/28/25,SM-DISC-B75,629188718600,WT-RES,37348-WT-000,2478426174,869 MUSTANG LN,FDL-15-17-25-21-010-00,
2005-11-25-12.11.00,11/24/05,29473287,03,NI-RETIRED,7/7/25,SM-DISC-B58,198129860700,WT-RES,7666-WT-000,0989104689,257 GERTRUDE AVE,FDL-15-17-11-14-764-00,
2005-11-28-12.11.00,11/27/05,30050890,03,NI-RETIRED,5/29/25,SM-DISC-B75,378722802900,WT-RES,11146-WT-000,4295295333,47 BRYN MAWR CIR,FDL-15-17-12-32-253-00,
2005-11-28-12.11.00,11/27/05,30050891,03,NI-RETIRED,5/28/25,SM-DISC-B75,238352414500,WT-RES,11150-WT-000,7402562148,63 BRYN MAWR CIR,FDL-15-17-12-32-255-00,
2005-11-28-12.11.00,11/27/05,30050893,03,NI-RETIRED,6/3/25,SM-DISC-B75,964907639700,WT-RES,11154-WT-000,0491930308,75 BRYN MAWR CIR,FDL-15-17-12-32-257-00,
2005-11-29-12.11.00,11/28/05,29473268,03,NI-RETIRED,7/10/25,SM-DISC-B58,208982038800,WT-RES,7672-WT-000,1715817360,277 GERTRUDE AVE,FDL-15-17-11-14-767-00,
2005-11-29-12.11.00,11/28/05,29473269,03,NI-RETIRED,7/10/25,SM-DISC-B58,335422637200,WT-RES,7704-WT-000,5949189468,282 GERTRUDE AVE,FDL-15-17-11-14-783-00,
2005-11-29-12.11.00,11/28/05,29473271,03,NI-RETIRED,8/7/25,SM-DISC-B58,193585001600,WT-RES,7786-WT-000,5479548932,301 LAWRENCE AVE,FDL-15-17-11-14-824-00,
2005-11-29-12.11.00,11/28/05,29473272,03,NI-RETIRED,8/8/25,SM-DISC-B58,664126568700,WT-RES,7766-WT-000,0119064970,577 MARSHALL AVE,FDL-15-17-11-14-814-00,
2005-11-29-12.11.00,11/28/05,29473302,03,NI-RETIRED,6/4/25,SM-DISC-B58,860055599500,WT-RES,9740-WT-000,4121930603,256 LEDGEVIEW AVE,FDL-15-17-11-32-356-00,
2005-11-29-12.11.00,11/28/05,32638460,03,NI-RETIRED,10/29/25,SM-DISC-B75,476813779600,WT-RES,7754-WT-000,2841360758,290 BREISTER AVE,FDL-15-17-11-14-808-00,
2005-11-30-12.11.00,11/29/05,18129537,02,NI-RETIRED,6/18/25,SM-DISC-B100,297468688000,WT-IND,23986-WT-000,9425525908,450 ARLINGTON AVE,FDL-15-17-16-44-777-00,
2005-11-30-12.11.00,11/29/05,29473274,03,NI-RETIRED,8/7/25,SM-DISC-B58,932586089500,WT-RES,7706-WT-000,5431943275,276 GERTRUDE AVE,FDL-15-17-11-14-784-00,
2005-11-30-12.11.00,11/29/05,29473276,03,NI-RETIRED,8/7/25,SM-DISC-B58,244852537700,WT-RES,7744-WT-000,6017119105,318 BREISTER AVE,FDL-15-17-11-14-803-00,
2005-11-30-12.11.00,11/29/05,29473279,03,NI-RETIRED,8/7/25,SM-DISC-B58,783432496700,WT-RES,7758-WT-000,1389122184,276 BREISTER AVE,FDL-15-17-11-14-810-00,
2005-11-30-12.11.00,11/29/05,29473281,01,NI-RETIRED,9/18/25,SM-DISC-B58,199102374600,WT-RES,21822-WT-000,7178166610,36 15TH ST,FDL-15-17-15-44-940-00,
2005-11-30-12.11.00,11/29/05,29473282,03,NI-RETIRED,7/23/25,SM-DISC-B58,652997084600,WT-RES,7756-WT-000,2052897390,282 BREISTER AVE,FDL-15-17-11-14-809-00,
2005-11-30-12.11.00,11/29/05,30050896,03,NI-RETIRED,5/28/25,SM-DISC-B75,827082650800,WT-RES,11264-WT-000,7067255937,8 BARRINGTON CT,FDL-15-17-12-32-312-00,
2005-12-01-12.12.00,11/30/05,29473275,03,NI-RETIRED,8/7/25,SM-DISC-B58,347211509900,WT-RES,7026-WT-000,2011812549,417 N NATIONAL AVE,FDL-15-17-11-11-007-00,
2005-12-01-12.12.00,11/30/05,30050892,03,NI-RETIRED,5/22/25,SM-DISC-B75,055981984400,WT-COM,37672-WT-000,1170545254,1211 RICKMEYER DR D2,FDL-15-17-08-13-501-02,
2005-12-02-12.12.00,12/1/05,30050874,01,NI-RETIRED,6/3/25,SM-DISC-B75,403623423200,WT-RES,37180-WT-000,4267364129,798 MUSTANG LN,FDL-15-17-25-22-263-00,
2005-12-02-12.12.00,12/1/05,30050885,03,NI-RETIRED,12/22/25,SM-DISC-B75,787496181600,WT-RES,35578-WT-000,3570032620,1479 HUNTER AVE,FDL-15-18-06-34-782-00,
2005-12-05-12.12.00,12/4/05,32638458,03,NI-RETIRED,12/22/25,SM-DISC-B75,754270111800,WT-RES,35510-WT-000,6684587502,127 AURORA LN,FDL-15-17-02-41-150-04,
2005-12-06-12.12.00,12/5/05,29473280,02,NI-RETIRED,6/16/25,SM-DISC-B58,326927259100,WT-RES,23370-WT-000,8135268054,750 WESTERN AVE,FDL-15-17-16-24-756-00,
2005-12-06-12.12.00,12/5/05,32638457,03,NI-RETIRED,5/29/25,SM-DISC-B75,486646637200,WT-RES,1372-WT-000,1837477948,484 PEARL LN,FDL-15-17-04-34-761-00,
2005-12-07-12.12.00,12/6/05,30050897,01,NI-RETIRED,6/3/25,SM-DISC-B75,202289653300,WT-RES,37196-WT-000,3931212831,734 MUSTANG LN,FDL-15-17-25-22-271-00,
2005-12-07-12.12.00,12/6/05,32638463,03,NI-RETIRED,5/22/25,SM-DISC-B75,530688182900,WT-RES,11178-WT-000,0745122599,16 BRYN MAWR CIR,FDL-15-17-12-32-269-00,
2005-12-07-12.12.00,12/6/05,32638464,03,NI-RETIRED,5/29/25,SM-DISC-B75,515769083800,WT-RES,11188-WT-000,1350879342,11 WESTMINSTER CIR,FDL-15-17-12-32-274-00,
2005-12-07-12.12.00,12/6/05,32638465,03,NI-RETIRED,5/22/25,SM-DISC-B75,569291629500,WT-RES,11160-WT-000,2724471426,94 BRYN MAWR CIR,FDL-15-17-12-32-260-00,
2005-12-08-12.12.00,12/7/05,29104619,01,NI-RETIRED,5/28/25,SM-DISC-B100,736765886300,WT-RES,28552-WT-000,7552946612,974 COUNTRY CLUB LN,FDL-15-17-24-41-029-00,
2005-12-08-12.12.00,12/7/05,30050855,01,NI-RETIRED,5/28/25,SM-DISC-B75,770841323300,WT-RES,37190-WT-000,4430853929,758 MUSTANG LN,FDL-15-17-25-22-268-00,
2005-12-08-12.12.00,12/7/05,30050873,01,NI-RETIRED,6/3/25,SM-DISC-B75,553734779300,WT-RES,36454-WT-000,3340408053,115 SOUTHERN EDGE DR,FDL-15-17-26-21-057-00,
2005-12-08-12.12.00,12/7/05,30050887,03,NI-RETIRED,5/28/25,SM-DISC-B75,448816122800,WT-RES,11218-WT-000,7169623838,757 MEADOWBROOK CT,FDL-15-17-12-32-289-00,
2005-12-08-12.12.00,12/7/05,30050888,03,NI-RETIRED,5/28/25,SM-DISC-B75,665826898200,WT-RES,11168-WT-000,3135903236,76 BRYN MAWR CIR,FDL-15-17-12-32-264-00,
2005-12-09-12.12.00,12/8/05,18117628,03,NI-RETIRED,8/7/25,SM-DISC-B58,955522360300,WT-RES,7724-WT-000,1322689050,277 BREISTER AVE,FDL-15-17-11-14-793-00,
2005-12-12-12.12.00,12/11/05,29473106,03,NI-RETIRED,5/20/25,SM-DISC-B58,798129612100,WT-RES,9338-WT-000,1968103285,323 LEDGEVIEW AVE,FDL-15-17-11-31-055-00,
2005-12-12-12.12.00,12/11/05,32636776,03,NI-RETIRED,6/4/25,SM-DISC-B58,908476760000,WT-RES,11226-WT-000,0461154589,724 MEADOWBROOK CT,FDL-15-17-12-32-293-00,
2005-12-12-12.12.00,12/11/05,32638472,03,NI-RETIRED,5/29/25,SM-DISC-B75,097001402100,WT-RES,32186-WT-000,6548525795,845 E MERRILL AVE,FDL-15-17-12-31-013-00,
2005-12-12-12.12.00,12/11/05,32638476,01,NI-RETIRED,6/9/25,SM-DISC-B75,810751081600,WT-RES,12650-WT-000,8451781979,1165 PRIMROSE LN,FDL-15-17-13-42-252-00,
2005-12-12-12.12.00,12/11/05,32638478,01,NI-RETIRED,6/9/25,SM-DISC-B75,228869185600,WT-RES,37746-WT-000,2890363145,1167 PRIMROSE LN,FDL-15-17-13-42-252-01,
2005-12-13-12.12.00,12/12/05,32636770,03,NI-RETIRED,7/10/25,SM-DISC-B58,813488743400,WT-RES,8956-WT-000,4012218571,227 TAFT ST,FDL-15-17-11-24-765-00,
2005-12-13-12.12.00,12/12/05,32636775,03,NI-RETIRED,7/23/25,SM-DISC-B58,430078640700,WT-RES,7822-WT-000,2445278330,545 MARSHALL AVE,FDL-15-17-11-14-842-00,
2005-12-13-12.12.00,12/12/05,32636777,03,NI-RETIRED,6/4/25,SM-DISC-B58,843414138700,EX-RES,11182-EX-000,8471194613,785 E MERRILL AVE,FDL-15-17-12-32-271-00,
2005-12-13-12.12.00,12/12/05,32636780,03,NI-RETIRED,5/16/25,SM-DISC-B58,246476447900,WT-RES,4410-WT-000,3374751859,135 E ARNDT ST,FDL-15-17-10-14-802-00,
2005-12-13-12.12.00,12/12/05,32638470,03,NI-RETIRED,5/29/25,SM-DISC-B75,709754395900,WT-RES,11200-WT-000,3711574582,46 WESTMINSTER CIR,FDL-15-17-12-32-280-00,
2005-12-13-12.12.00,12/12/05,32638473,03,NI-RETIRED,5/28/25,SM-DISC-B75,290889841500,WT-RES,11182-WT-000,8471194613,785 E MERRILL AVE,FDL-15-17-12-32-271-00,
2005-12-13-12.12.00,12/12/05,32638479,01,NI-RETIRED,5/28/25,SM-DISC-B75,875369292100,WT-RES,35892-WT-000,8722557577,496 T-BIRD DR,FDL-15-17-26-13-512-01,
2005-12-14-12.12.00,12/13/05,29472603,02,NI-RETIRED,9/9/25,SM-DISC-B58,724878730000,WT-RES,20196-WT-000,8579372150,369 SALEM AVE,FDL-15-17-15-33-544-00,
2005-12-14-12.12.00,12/13/05,32636779,03,NI-RETIRED,7/10/25,SM-DISC-B58,399006915300,WT-RES,7768-WT-000,3618246471,571 MARSHALL AVE,FDL-15-17-11-14-815-00,
2005-12-14-12.12.00,12/13/05,32638474,01,NI-RETIRED,11/19/25,SM-DISC-B75,217918040900,WT-RES,26164-WT-000,0727823841,177 21ST ST 1-G,FDL-15-17-23-23-563-00,
2005-12-14-12.12.00,12/13/05,32638475,01,NI-RETIRED,11/19/25,SM-DISC-B75,490945021400,WT-RES,26168-WT-000,3405494460,177 21ST ST 1-E,FDL-15-17-23-23-565-00,
2005-12-14-12.12.00,12/13/05,32638494,01,NI-RETIRED,11/10/25,SM-DISC-B75,437196913900,WT-RES,29476-WT-000,7283140279,173 -177 21ST ST,FDL-15-17-22-14-808-00,
2005-12-14-12.12.00,12/13/05,32638495,01,NI-RETIRED,11/10/25,SM-DISC-B75,911378009400,WT-RES,26166-WT-000,5685956581,177 21ST ST 2-G,FDL-15-17-23-23-564-00,
2005-12-14-12.12.00,12/13/05,32638496,01,NI-RETIRED,11/10/25,SM-DISC-B75,438517746900,WT-RES,26170-WT-000,6741752948,177 21ST ST 2-E,FDL-15-17-23-23-566-00,
2005-12-14-12.12.00,12/13/05,32638498,01,NI-RETIRED,11/10/25,SM-DISC-B75,468757795200,WT-RES,26162-WT-000,6074477154,177 21ST ST 2-F,FDL-15-17-23-23-562-00,
2005-12-15-12.12.00,12/14/05,32636784,03,NI-RETIRED,8/7/25,SM-DISC-B58,329144429700,WT-RES,7792-WT-000,9206369276,325 LAWRENCE AVE,FDL-15-17-11-14-827-00,
2005-12-15-12.12.00,12/14/05,32638490,01,NI-RETIRED,6/3/25,SM-DISC-B75,759798187700,WT-RES,37208-WT-000,3545352162,824 MUSTANG LN,FDL-15-17-25-21-016-00,
2005-12-15-12.12.00,12/14/05,32638497,02,NI-RETIRED,12/22/25,SM-DISC-B75,931739124900,WT-COM,37502-WT-000,1243148152,251 E LARSEN DR,FDL-15-17-28-41-006-00,
2005-12-16-12.12.00,12/15/05,30050894,02,NI-RETIRED,12/22/25,SM-DISC-B75,143672043100,WT-RES,23086-WT-000,9598511689,727 BRAGG ST,FDL-15-17-16-21-051-00,
2005-12-16-12.12.00,12/15/05,32636782,03,NI-RETIRED,6/30/25,SM-DISC-B58,206682674700,WT-RES,7808-WT-000,4666630305,292 LAWRENCE AVE,FDL-15-17-11-14-835-00,
2005-12-19-12.12.00,12/18/05,32636781,03,NI-RETIRED,5/16/25,SM-DISC-B58,579945399000,WT-RES,8788-WT-000,0712650931,176 E ARNDT ST,FDL-15-17-11-23-595-00,
2005-12-19-12.12.00,12/18/05,32638491,01,NI-RETIRED,6/3/25,SM-DISC-B75,102233706100,WT-RES,34076-WT-000,5301543794,1191 WINCHESTER AVE,FDL-15-17-26-11-033-00,
2005-12-19-12.12.00,12/18/05,32638493,03,NI-RETIRED,5/29/25,SM-DISC-B75,347911904800,WT-RES,11214-WT-000,8459013698,735 E MERRILL AVE,FDL-15-17-12-32-287-00,
2005-12-20-12.12.00,12/19/05,29473284,01,NI-RETIRED,9/17/25,SM-DISC-B58,416930266600,WT-RES,21848-WT-000,3637861124,108 15TH ST,FDL-15-17-15-44-953-00,
2005-12-20-12.12.00,12/19/05,32636772,03,NI-RETIRED,8/7/25,SM-DISC-B58,129947234700,WT-RES,7420-WT-000,1776556795,424 WETTSTEIN AVE,FDL-15-17-11-12-371-00,
2005-12-20-12.12.00,12/19/05,32636783,03,NI-RETIRED,8/7/25,SM-DISC-B58,885089322400,WT-RES,7722-WT-000,8385706479,271 BREISTER AVE,FDL-15-17-11-14-792-00,
2005-12-21-12.12.00,12/20/05,32636774,03,NI-RETIRED,8/7/25,SM-DISC-B58,483472957300,WT-RES,7436-WT-000,2584310438,368 WETTSTEIN AVE,FDL-15-17-11-12-379-00,
2005-12-21-12.12.00,12/20/05,32636785,03,NI-RETIRED,8/7/25,SM-DISC-B58,322368094200,WT-RES,7274-WT-000,0714169319,455 WETTSTEIN AVE,FDL-15-17-11-12-298-00,
2005-12-21-12.12.00,12/20/05,32636792,03,NI-RETIRED,8/8/25,SM-DISC-B58,526264529300,WT-RES,7794-WT-000,6211077378,329 LAWRENCE AVE,FDL-15-17-11-14-828-00,
2005-12-21-12.12.00,12/20/05,32636794,03,NI-RETIRED,8/7/25,SM-DISC-B58,545871362500,WT-RES,7742-WT-000,3064030608,326 BREISTER AVE,FDL-15-17-11-14-802-00,
2005-12-21-12.12.00,12/20/05,32638467,01,NI-RETIRED,5/29/25,SM-DISC-B75,176311594800,WT-RES,36924-WT-000,3199639390,1162 MARTIN AVE,FDL-15-17-26-21-114-00,
2005-12-21-12.12.00,12/20/05,32638477,03,NI-RETIRED,5/28/25,SM-DISC-B75,030844559400,WT-RES,11162-WT-000,5535739572,92 BRYN MAWR CIR,FDL-15-17-12-32-261-00,
2005-12-21-12.12.00,12/20/05,32638483,01,NI-RETIRED,6/3/25,SM-DISC-B75,875993563100,WT-RES,12646-WT-000,7725237266,1185 PRIMROSE LN,FDL-15-17-13-42-250-01,
2005-12-21-12.12.00,12/20/05,32638487,01,NI-RETIRED,5/29/25,SM-DISC-B75,930266627400,WT-RES,37750-WT-000,1912722933,1187 PRIMROSE LN,FDL-15-17-13-42-250-02,
2005-12-21-12.12.00,12/20/05,32638492,01,NI-RETIRED,5/22/25,SM-DISC-B75,338036524600,WT-RES,37492-WT-000,5047329157,1229 PRIMROSE LN,FDL-15-17-13-41-018-03,
2005-12-21-12.12.00,12/20/05,32638499,01,NI-RETIRED,6/3/25,SM-DISC-B75,332562171500,WT-RES,36554-WT-000,7012727397,1278 S PARK AVE,FDL-15-17-26-24-754-00,
2005-12-22-12.12.00,12/21/05,32636786,03,NI-RETIRED,8/7/25,SM-DISC-B58,615737725400,WT-RES,7304-WT-000,8163711683,476 BISCHOFF ST,FDL-15-17-11-12-313-00,
2005-12-22-12.12.00,12/21/05,32636793,03,NI-RETIRED,8/7/25,SM-DISC-B58,183178344800,WT-RES,7278-WT-000,8281601832,443 WETTSTEIN AVE,FDL-15-17-11-12-300-00,
2005-12-22-12.12.00,12/21/05,32636796,03,NI-RETIRED,8/8/25,SM-DISC-B58,467526706200,WT-RES,8236-WT-000,2483128827,349 TAFT ST,FDL-15-17-11-21-166-00,
2005-12-22-12.12.00,12/21/05,32638481,01,NI-RETIRED,6/3/25,SM-DISC-B75,169689336400,WT-RES,36572-WT-000,8561062279,1294 MARTIN AVE,FDL-15-17-26-24-766-00,
2005-12-23-12.12.00,12/22/05,32636808,02,NI-RETIRED,7/10/25,SM-DISC-B58,725555620300,WT-RES,3130-WT-000,5591619246,521 THOMAS ST,FDL-15-17-09-44-780-00,
2005-12-27-12.12.00,12/26/05,32636803,03,NI-RETIRED,7/10/25,SM-DISC-B58,995086024800,WT-RES,8934-WT-000,4920772714,293 TAFT ST,FDL-15-17-11-24-753-00,
2005-12-27-12.12.00,12/26/05,32636804,03,NI-RETIRED,8/7/25,SM-DISC-B58,327035003600,WT-RES,7728-WT-000,7031820734,291 BREISTER AVE,FDL-15-17-11-14-795-00,
2005-12-27-12.12.00,12/26/05,32636805,03,NI-RETIRED,8/7/25,SM-DISC-B58,130180663400,WT-RES,7678-WT-000,5271706602,295 GERTRUDE AVE,FDL-15-17-11-14-770-00,
2005-12-27-12.12.00,12/26/05,32636806,03,NI-RETIRED,6/5/25,SM-DISC-B58,473968123400,WT-RES,4426-WT-000,3656003063,51 E ARNDT ST,FDL-15-17-10-14-812-00,
2005-12-27-12.12.00,12/26/05,32638489,03,NI-RETIRED,6/3/25,SM-DISC-B75,118441660800,WT-RES,11100-WT-000,6843210548,824 E MERRILL AVE,FDL-15-17-12-31-028-00,
2005-12-27-12.12.00,12/26/05,32638500,03,NI-RETIRED,5/22/25,SM-DISC-B75,694558595200,WT-RES,11208-WT-000,5415958099,20 WESTMINSTER CIR,FDL-15-17-12-32-284-00,
2005-12-28-12.12.00,12/27/05,32636809,03,NI-RETIRED,7/10/25,SM-DISC-B58,159363557900,WT-RES,7416-WT-000,8536332325,438 WETTSTEIN AVE,FDL-15-17-11-12-369-00,
2005-12-28-12.12.00,12/27/05,32636810,01,NI-RETIRED,1/22/26,SM-DISC-B58,830193710300,WT-RES,21818-WT-000,0970326018,28 15TH ST,FDL-15-17-15-44-938-00,
2005-12-28-12.12.00,12/27/05,32638502,03,NI-RETIRED,6/3/25,SM-DISC-B75,180232157800,WT-RES,11104-WT-000,4983825752,808 E MERRILL AVE,FDL-15-17-12-31-030-00,
2005-12-29-12.12.00,12/28/05,32636799,02,NI-RETIRED,7/7/25,SM-DISC-B58,880445558100,WT-RES,2940-WT-000,0869918740,566 THOMAS ST,FDL-15-17-09-43-528-00,
2005-12-29-12.12.00,12/28/05,32636800,03,NI-RETIRED,1/23/26,SM-DISC-B58,471585380300,EX-RES,11194-EX-000,3240708613,37 WESTMINSTER CIR,FDL-15-17-12-32-277-00,
2005-12-29-12.12.00,12/28/05,32636812,03,NI-RETIRED,8/7/25,SM-DISC-B58,364605014900,WT-RES,7310-WT-000,6955013191,458 BISCHOFF ST,FDL-15-17-11-12-316-00,
2005-12-29-12.12.00,12/28/05,32636814,03,NI-RETIRED,8/7/25,SM-DISC-B58,686474938600,WT-RES,7300-WT-000,0087142588,490 BISCHOFF ST,FDL-15-17-11-12-311-00,
2005-12-29-12.12.00,12/28/05,32638503,03,NI-RETIRED,5/29/25,SM-DISC-B75,808738137400,WT-RES,11194-WT-000,3240708613,37 WESTMINSTER CIR,FDL-15-17-12-32-277-00,
2005-12-29-12.12.00,12/28/05,32638504,03,NI-RETIRED,5/22/25,SM-DISC-B75,970206974700,WT-RES,11102-WT-000,4018090864,816 E MERRILL AVE,FDL-15-17-12-31-029-00,
2005-12-30-12.12.00,12/29/05,32636817,03,NI-RETIRED,8/7/25,SM-DISC-B58,153117779100,WT-RES,7290-WT-000,3066135347,459 BISCHOFF ST,FDL-15-17-11-12-306-00,
2006-01-26-12.01.00,1/25/06,32638508,03,NI-RETIRED,11/10/25,SM-DISC-B75,698793192100,WT-RES,840-WT-000,3282026504,577 E SCOTT ST,FDL-15-17-02-44-761-00,
2006-03-01-12.03.00,2/28/06,30044284,01,NI-RETIRED,2/25/25,SM-DISC-B58,624760732500,WT-RES,33600-WT-000,8894497929,93 1/2 6TH ST,FDL-15-17-15-14-811-00,
2006-03-22-12.03.00,3/21/06,32638561,02,NI-RETIRED,9/23/25,SM-DISC-B75,765957968000,WT-RES,37684-WT-000,7868704136,25 KINGS CREST LN,FDL-15-17-26-22-290-00,
2006-05-23-12.05.00,5/22/06,30119873,02,NI-RETIRED,1/22/26,SM-DISC-B58,626071344400,WT-RES,13494-WT-000,1492303286,545 PRAIRIE AVE,FDL-15-17-14-11-105-00,
2006-10-25-12.10.00,10/24/06,30120025,01,NI-RETIRED,11/10/25,SM-DISC-B75,798184148600,WT-RES,26156-WT-000,4682878710,173 21ST ST 1-F,FDL-15-17-23-23-559-00,
2006-10-25-12.10.00,10/24/06,30120027,01,NI-RETIRED,11/19/25,SM-DISC-B75,943934973800,WT-RES,26150-WT-000,3606998085,173 21ST ST 2-E,FDL-15-17-23-23-556-00,
2006-10-26-12.10.00,10/25/06,30120007,01,NI-RETIRED,11/19/25,SM-DISC-B75,509086439700,WT-RES,26160-WT-000,7034708428,177 21ST ST 1-F,FDL-15-17-23-23-561-00,
2006-10-26-12.10.00,10/25/06,30120010,01,NI-RETIRED,11/10/25,SM-DISC-B75,235639594800,WT-RES,26158-WT-000,3623090901,173 21ST ST 2-F,FDL-15-17-23-23-560-00,
2006-10-26-12.10.00,10/25/06,30120028,01,NI-RETIRED,11/10/25,SM-DISC-B75,840366118400,WT-RES,26154-WT-000,0761906905,173 21ST ST 2-G,FDL-15-17-23-23-558-00,
2007-02-01-12.02.00,1/31/07,98786802,01,NI-RETIRED,1/22/26,SM-DISC-B58,667462802800,WT-RES,16334-WT-000,2065000143,389 ELLIS ST,FDL-15-17-14-32-402-00,
2007-02-05-12.02.00,2/4/07,19547100,02,NI-RETIRED,7/25/24,SM-DISC-B100,184368540200,WT-COM,23930-WT-000,9476626186,520 SULLIVAN DR,FDL-15-17-16-43-522-00,
2007-12-12-12.12.00,12/11/07,33602977,02,NI-RETIRED,5/12/25,SM-DISC-B58,638287068000,WT-RES,38542-WT-000,3240046362,319 1/2 FOREST AVE,FDL-15-17-10-33-511-00,
2008-04-21-12.04.00,4/20/08,32638611,01,NI-RETIRED,2/2/26,SM-DISC-B75,652004203100,WT-RES,29688-WT-000,7200879847,798 S MARR ST B,FDL-15-17-22-14-825-00,
2008-05-14-12.05.00,5/13/08,32638730,02,NI-RETIRED,12/22/25,SM-DISC-B75,275456847200,WT-RES,38578-WT-000,8929789831,133 HOYT ST,FDL-15-17-10-44-754-00,
2009-03-20-12.03.00,3/19/09,98232972,03,NI-RETIRED,10/22/25,SM-DISC-B58,531629828500,WT-RES,5090-WT-000,2751601493,280 N BROOKE ST,FDL-15-17-10-24-761-00,
2009-08-11-12.08.00,8/10/09,98786770,03,NI-RETIRED,1/23/25,SM-DISC-B58,673512539200,WT-RES,1560-WT-000,1610001651,562 MONMOUTH ST,FDL-15-17-04-44-783-00,
2010-11-04-12.11.00,11/3/10,32636866,02,NI-RETIRED,3/7/25,SM-DISC-B58,732938215300,SP-RES,3210-SP-000,2064745217,25 N BELL ST,FDL-15-17-09-44-821-00,
2011-03-31-12.03.00,3/30/11,17383595,03,NI-RETIRED,1/23/25,SM-DISC-B200,817780740400,WT-COM,2098-WT-000,9570732479,755 W JOHNSON ST,FDL-15-17-09-24-756-06,
2011-11-04-12.11.00,11/3/11,32866091,03,NI-RETIRED,10/28/24,SM-DISC-B75,541887545500,WT-PUB,39272-WT-000,5193012269,255 N COUNTRY LN,FDL-15-17-12-14-764-01,
2012-03-01-12.03.00,2/29/12,33603039,02,NI-RETIRED,8/7/24,SM-DISC-B58,442268913500,WT-RES,5862-WT-000,7053720791,25 N LINCOLN AVE,FDL-15-17-10-33-618-00,
2012-05-09-12.05.00,5/8/12,33603086,03,NI-RETIRED,7/10/24,SM-DISC-B58,200766107400,WT-RES,566-WT-000,9705292454,493 WINNEBAGO DR,FDL-15-17-02-42-262-00,
2012-05-14-12.05.00,5/13/12,36387748,02,NI-RETIRED,4/19/24,SM-DISC-B58,914693938100,WT-RES,18894-WT-000,6955601329,112 S MILITARY RD,FDL-15-17-15-21-007-00,
2012-08-10-12.08.00,8/9/12,33603050,01,NI-RETIRED,8/7/25,SM-DISC-B58,429423319700,WT-RES,18740-WT-000,1703460190,15 7TH ST,FDL-15-17-15-14-881-00,
2012-10-24-12.10.00,10/23/12,36387794,03,NI-RETIRED,10/28/24,SM-DISC-B75,983944527500,WT-COM,39402-WT-000,0302715380,251 N COUNTRY LN,FDL-15-17-12-13-513-00,
2013-02-14-12.02.00,2/13/13,41842519,01,NI-RETIRED,11/19/25,SM-DISC-B75,584247479600,EX-RES,26378-EX-000,3312556070,70 MARTIN PL,FDL-15-17-23-24-830-00,
2013-02-18-12.02.00,2/17/13,41841639,02,NI-RETIRED,10/22/25,SM-DISC-B58,688985621200,WT-RES,5774-WT-000,3028410834,377 W DIVISION ST,FDL-15-17-10-33-574-00,
2013-03-04-12.03.00,3/3/13,41841716,02,NI-RETIRED,4/19/24,SM-DISC-B58,456860810500,WT-RES,5678-WT-000,9220217156,31 S HICKORY ST,FDL-15-17-10-33-526-00,
2013-04-03-12.04.00,4/2/13,35618752,03,NI-RETIRED,5/19/25,SM-DISC-B58,335185452400,WT-RES,5412-WT-000,4616579129,197 N LINCOLN AVE,FDL-15-17-10-32-273-00,
2013-04-15-12.04.00,4/14/13,35618734,01,NI-RETIRED,1/22/26,SM-DISC-B58,904893578100,EX-RES,17106-EX-000,3258941719,369 15TH ST,FDL-15-17-14-34-905-00,
2013-05-07-12.05.00,5/6/13,41841830,03,NI-RETIRED,8/7/24,SM-DISC-B58,321799409500,WT-RES,9096-WT-000,5162921330,246 ROOSEVELT ST,FDL-15-17-11-24-836-00,
2013-05-31-12.05.00,5/30/13,41841819,03,NI-RETIRED,4/19/24,SM-DISC-B58,586418011900,WT-RES,4246-WT-000,3814188349,213 N MILITARY RD,FDL-15-17-10-13-633-00,
2013-06-11-12.06.00,6/10/13,41842701,01,NI-RETIRED,4/16/24,SM-DISC-B75,716330220000,WT-RES,29790-WT-000,1976386023,1017 MARTIN AVE,FDL-15-17-23-43-575-00,
2013-07-12-12.07.00,7/11/13,41842718,02,NI-RETIRED,8/7/24,SM-DISC-B75,934302332900,WO-RES,39346-WO-000,2715685193,584 A EVANS DR S/P,FDL-15-17-16-42-274-21,
2013-08-13-12.08.00,8/12/13,45188396,03,NI-RETIRED,1/22/26,SM-DISC-B58,997448846100,WT-RES,4830-WT-000,4451151163,415 N HICKORY ST,FDL-15-17-10-22-304-00,
2013-08-20-12.08.00,8/19/13,45323779,02,NI-RETIRED,1/20/26,SM-DISC-B58,595052963400,WT-RES,5880-WT-000,9480098847,315 W DIVISION ST,FDL-15-17-10-33-628-00,
2013-09-09-12.09.00,9/8/13,45323821,01,NI-RETIRED,8/7/24,SM-DISC-B58,817366167900,WT-RES,16608-WT-000,5941502304,525 WABASH AVE,FDL-15-17-14-33-581-00,
2013-09-19-12.09.00,9/18/13,45323894,02,NI-RETIRED,11/7/24,SM-DISC-B75,127428468300,WT-RES,35122-WT-000,3509076867,6 W 9TH ST,FDL-15-17-15-42-313-00,
2013-10-02-12.10.00,10/1/13,44646319,03,NI-RETIRED,1/22/26,SM-DISC-B100,349009942200,WT-RES,1978-WT-000,4556199689,265 N SEYMOUR ST,FDL-15-17-09-14-759-00,
2013-10-07-12.10.00,10/6/13,45323776,01,NI-RETIRED,10/22/25,SM-DISC-B58,164683154500,WT-RES,18578-WT-000,4911446401,136 5TH ST,FDL-15-17-15-14-800-00,
2013-11-25-12.11.00,11/24/13,45323887,02,NI-RETIRED,11/19/25,SM-DISC-B75,954125993100,WT-COM,30742-WT-000,1794810976,232 MORRIS CT RECYC,FDL-15-17-22-24-753-00,
2014-03-17-12.03.00,3/16/14,45667263,02,NI-RETIRED,4/14/25,SM-DISC-B58,536527729600,WT-RES,14340-WT-000,4134653556,357 E 2ND ST,FDL-15-17-14-21-090-00,
2014-04-24-12.04.00,4/23/14,45667339,03,NI-RETIRED,11/22/23,SM-DISC-B58,842422647400,WT-COM,32542-WT-000,3243276640,404 W JOHNSON ST,FDL-15-17-10-32-34400-,
2014-04-28-12.04.00,4/27/14,45398276,03,NI-RETIRED,5/20/25,SM-DISC-B58,610814590400,WT-PUB,38914-WT-000,8031351609,645 MOHAWK AVE FISH CLEANING STATION,FDL-15-17-02-31-001-00,
2014-04-30-12.04.00,4/29/14,45880388,01,NI-RETIRED,4/19/24,SM-DISC-B58,822469915200,WT-RES,16032-WT-000,1370585493,266 8TH ST,FDL-15-17-14-32-251-00,
2014-05-28-12.05.00,5/27/14,45398345,03,NI-RETIRED,6/17/25,SM-DISC-B75,580150724500,WO-RES,36282-WO-000,5955291780,476 WATER ST #7,FDL-15-17-03-34-763-00,
2014-06-04-12.06.00,6/3/14,45880404,03,NI-RETIRED,4/11/25,SM-DISC-B58,541227354500,EX-RES,1190-EX-000,5969341732,129 W SCOTT ST,FDL-15-17-03-34-786-00,
2014-11-19-12.11.00,11/18/14,46727360,03,NI-RETIRED,11/22/23,SM-DISC-B58,864781150400,WT-COM,1946-WT-000,8613302700,551 W JOHNSON ST,FDL-15-17-09-13-511-00,
2014-12-05-12.12.00,12/4/14,46727367,02,NI-RETIRED,3/7/25,SM-DISC-B58,484537971600,WT-RES,19418-WT-000,3050313865,251 MORRIS ST,FDL-15-17-15-24-760-00,
2014-12-15-12.12.00,12/14/14,46727381,03,NI-RETIRED,4/19/24,SM-DISC-B58,517150314400,WT-COM,6912-WT-000,5569481151,5 S MAIN ST,FDL-15-17-10-44-833-00,
2015-01-13-12.01.00,1/12/15,46727384,02,NI-RETIRED,6/16/25,SM-DISC-B58,616689621200,WT-COM,20072-WT-000,1204036199,467 WALKER ST,FDL-15-17-15-32-364-00,
2015-01-22-12.01.00,1/21/15,46727476,03,NI-RETIRED,1/9/25,SM-DISC-B58,475740782900,WT-RES,8242-WT-000,9632024549,258 E SCOTT ST,FDL-15-17-11-22-252-00,
2015-04-30-12.04.00,4/29/15,45880501,03,NI-RETIRED,1/9/25,SM-DISC-B75,685829062200,EX-RES,8252-EX-000,5167244938,234 E SCOTT ST,FDL-15-17-11-22-257-00,
2015-06-23-12.06.00,6/22/15,47307690,03,NI-RETIRED,4/25/25,SM-DISC-B58,796280202700,WT-COM,32022-WT-000,6873879764,183 S MAIN ST BAR,FDL-15-17-15-12-291-00,
2015-07-20-12.07.00,7/19/15,47307645,01,NI-RETIRED,1/23/25,SM-DISC-B58,554044308600,WT-RES,20954-WT-000,2069021359,39 W 9TH ST,FDL-15-17-15-42-260-00,
2015-08-12-12.08.00,8/11/15,47307854,03,NI-RETIRED,2/2/26,SM-DISC-B58,221874975400,WT-RES,248-WT-000,1011185922,385 WILLOW DR,FDL-15-17-02-31-005-00,
2015-09-08-12.09.00,9/7/15,47775135,02,NI-RETIRED,3/11/24,SM-DISC-B58,981902276500,WT-RES,19254-WT-000,3750654652,389 TOMPKINS ST,FDL-15-17-15-23-534-01,
2015-10-05-12.10.00,10/4/15,46727680,02,NI-RETIRED,8/7/24,SM-DISC-B75,386986714700,SP-RES,33668-SP-000,3406764751,594 EVANS DR C,FDL-15-17-16-42-274-31,
2015-12-02-12.12.00,12/1/15,46727544,02,NI-RETIRED,1/9/25,SM-DISC-B75,831956122400,WT-RES,2150-WT-000,0438884921,919 FOREST CIR,FDL-15-17-09-33-506-00,
2015-12-16-12.12.00,12/15/15,45880505,02,NI-RETIRED,1/9/25,SM-DISC-B75,513313307800,WT-COM,18198-WT-000,3814010691,60 FOREST AVE,FDL-15-17-15-12-325-00,
2015-12-22-12.12.00,12/21/15,47775211,03,NI-RETIRED,4/21/25,SM-DISC-B58,307572701300,WT-RES,8198-WT-000,5873501012,308 E MC WILLIAMS ST,FDL-15-17-11-21-147-00,
2016-01-18-12.01.00,1/17/16,48124467,02,NI-RETIRED,3/7/25,SM-DISC-B58,725754807900,WT-COM,18248-WT-000,7198495627,227 S MAIN ST,FDL-15-17-15-13-507-00,
2016-04-21-12.04.00,4/20/16,48124684,03,NI-RETIRED,6/2/25,SM-DISC-B58,553295242900,WT-RES,5188-WT-000,7769228897,233 W FOLLETT ST,FDL-15-17-10-24-811-00,
2016-04-22-12.04.00,4/21/16,48124717,03,NI-RETIRED,4/14/25,SM-DISC-B58,927283614900,WT-COM,2026-WT-000,1339209098,237 N SEYMOUR ST,FDL-15-17-09-14-784-00,
2016-05-31-12.05.00,5/30/16,48419758,02,NI-RETIRED,1/10/25,SM-DISC-B100,440564864600,SM-COM,31296-SM-000,3677643760,430 E DIVISION ST,FDL-15-17-11-34-855-00,
2016-06-01-12.06.00,5/31/16,48419674,01,NI-RETIRED,9/19/25,SM-DISC-B58,058635756100,WT-RES,15378-WT-000,8195658117,304 4TH ST,FDL-15-17-14-24-773-00,
2016-06-14-12.06.00,6/13/16,48419709,02,NI-RETIRED,4/19/24,SM-DISC-B58,048117907600,WO-RES,30468-WO-000,2673102990,566 EVANS DR A-2,FDL-15-17-16-42-274-05,
2016-06-29-12.06.00,6/28/16,48419661,02,NI-RETIRED,4/19/24,SM-DISC-B58,148934457500,WO-RES,30460-WO-000,3161637284,560 EVANS DR A-1,FDL-15-17-16-42-274-04,
2016-07-08-12.07.00,7/7/16,48125021,02,NI-RETIRED,8/7/24,SM-DISC-B75,575879184600,WO-RES,30494-WO-000,2063441358,580 EVANS DR A-2,FDL-15-17-16-42-274-17,
2016-07-11-12.07.00,7/10/16,48419528,02,NI-RETIRED,4/19/24,SM-DISC-B58,357565009700,WO-RES,30484-WO-000,8945806777,570 EVANS DR A-3,FDL-15-17-16-42-274-09,
2016-07-27-12.07.00,7/26/16,51111342,03,NI-RETIRED,5/1/24,SM-DISC-B58,283195417700,WT-COM,11020-WT-000,8553202334,949 E JOHNSON ST,FDL-15-17-12-13-505-01,
2016-08-22-12.08.00,8/21/16,48124899,01,NI-RETIRED,3/7/25,SM-DISC-B75,834321664500,WT-RES,27554-WT-000,6584410062,17 SAMMY JO CIR,FDL-15-17-23-44-815-00,
2016-10-07-12.10.00,10/6/16,20160107,02,NI-RETIRED,4/14/25,SM-DISC-B58,005657004500,WT-RES,30776-WT-000,3276542059,262 MORRIS ST NORTH,FDL-15-17-15-24-809-00,
2016-10-07-12.10.00,10/6/16,20160126,02,NI-RETIRED,4/14/25,SM-DISC-B58,898989956600,WT-RES,19516-WT-000,4851982015,262 MORRIS ST,FDL-15-17-15-24-809-00,
2016-10-07-12.10.00,10/6/16,20160137,02,NI-RETIRED,1/26/26,SM-DISC-B58,591858576500,WT-RES,19598-WT-000,0800545180,320 S MILITARY RD,FDL-15-17-15-24-850-00,
2016-11-28-12.11.00,11/27/16,48125029,02,NI-RETIRED,1/23/25,SM-DISC-B100,248805428700,WT-COM,28720-WT-000,3897849091,100 CAMELOT DR,FDL-15-17-27-12-265-01,
2017-01-11-12.01.00,1/10/17,20160447,01,NI-RETIRED,3/28/25,SM-DISC-B75,829919067900,EX-RES,12344-EX-000,7222203995,573 S NATIONAL AVE,FDL-15-17-13-33-542-00,
2017-01-24-12.01.00,1/23/17,20170007,02,NI-RETIRED,9/19/25,SM-DISC-B58,045727390000,WT-RES,10272-WT-000,9983817359,339 E DIVISION ST,FDL-15-17-11-34-795-00,
2017-03-31-12.03.00,3/30/17,20170232,03,NI-RETIRED,4/19/24,SM-DISC-B58,255294389100,WT-RES,1188-WT-000,5648271329,476 THORPE ST,FDL-15-17-03-34-785-00,
2017-06-02-12.06.00,6/1/17,20160398,02,NI-RETIRED,1/19/26,SM-DISC-B75,918454535700,WT-RES,17974-WT-000,3175815099,169 S MARR ST,FDL-15-17-15-11-114-00,
2017-09-06-12.09.00,9/5/17,20170979,02,NI-RETIRED,4/21/25,SM-DISC-B58,551865001900,WT-RES,19340-WT-000,8660342549,360 GROVE ST,FDL-15-17-15-23-577-00,
2017-11-30-12.11.00,11/29/17,20170411,02,NI-RETIRED,4/17/25,SM-DISC-B75,829793244800,WT-COM,31276-WT-000,6049621633,86 S PORTLAND ST,FDL-15-17-15-11-025-00,
2018-02-07-12.02.00,2/6/18,20170408,01,NI-RETIRED,3/7/25,SM-DISC-B75,413582131300,WT-RES,30156-WT-000,5496422245,9 1/2 W 9TH ST,FDL-15-17-15-42-255-00,
2018-02-07-12.02.00,2/6/18,20170483,01,NI-RETIRED,3/7/25,SM-DISC-B75,767567978200,WT-RES,20944-WT-000,3275359235,9 W 9TH ST,FDL-15-17-15-42-255-00,
2018-06-18-12.06.00,6/17/18,20180165,01,NI-RETIRED,4/19/24,SM-DISC-B58,633354553700,WT-RES,30148-WT-000,5577804660,20 SOUTH ST,FDL-15-17-15-13-555-00,
2018-07-23-12.07.00,7/22/18,20180044,03,NI-RETIRED,1/10/25,SM-DISC-B100,709808052200,WO-COM,35628-WO-000,6161354547,525 N PETERS AVE,FDL-15-17-04-34-775-01,
2018-11-21-12.11.00,11/20/18,20180477,03,NI-RETIRED,7/15/25,SM-DISC-B58,974601673700,WT-RES,5052-WT-000,4556335526,244 SATTERLEE ST,FDL-15-17-10-23-585-00,
2019-01-28-12.01.00,1/27/19,20180520,02,NI-RETIRED,3/14/25,SM-DISC-B58,038587563400,WT-RES,17932-WT-000,1044655795,103 3RD ST,FDL-15-17-15-11-093-00,
2019-05-21-12.05.00,5/20/19,20190113,01,NI-RETIRED,4/25/25,SM-DISC-B58,819964457300,WT-RES,15348-WT-000,7220157006,355 4TH ST,FDL-15-17-14-24-758-00,
2019-09-27-12.09.00,9/26/19,20190225,02,NI-RETIRED,1/24/25,SM-DISC-B58,813716458900,WT-RES,17802-WT-000,2939826345,73 E 1ST ST,FDL-15-17-15-11-028-00,
2020-05-14-12.05.00,5/13/20,20200275,02,NI-RETIRED,1/20/25,SM-DISC-B58,093242869600,WT-RES,5770-WT-000,3173802660,369 W DIVISION ST,FDL-15-17-10-33-572-00,
2020-05-21-12.05.00,5/20/20,20200130,01,NI-RETIRED,1/23/26,SM-DISC-B58,995639535100,WT-RES,29432-WT-000,2486567860,69 E 12TH ST EAST,FDL-15-17-15-44-766-00,
2020-08-13-12.08.00,8/12/20,20200470,01,NI-RETIRED,4/19/24,SM-DISC-B58,442169837600,WT-RES,20584-WT-000,8781254594,21 E 9TH ST,FDL-15-17-15-41-026-00,
2020-08-14-12.08.00,8/13/20,20200077,03,NI-RETIRED,10/22/25,SM-DISC-B58,316445746800,WT-RES,4602-WT-000,3520284458,206 AMORY ST,FDL-15-17-10-14-900-00,
2020-10-07-12.10.00,10/6/20,20200895,03,NI-RETIRED,8/15/24,SM-DISC-B58,310045236200,WT-RES,5144-WT-000,1522056538,226 W ARNDT ST,FDL-15-17-10-24-789-00,
2020-10-07-12.10.00,10/6/20,20200912,03,NI-RETIRED,4/21/25,SM-DISC-B58,088462733500,WT-RES,5486-WT-000,3511374283,192 CHESTNUT ST,FDL-15-17-10-32-310-00,
2021-02-15-12.02.00,2/14/21,20210001,03,NI-RETIRED,1/2/25,SM-DISC-B58,014667299600,WT-RES,5138-WT-000,6538774651,216 W ARNDT ST,FDL-15-17-10-24-786-00,
2021-03-09-12.03.00,3/8/21,20200774,03,NI-RETIRED,6/4/25,SM-DISC-B58,818628858800,WT-RES,9632-WT-000,7588155965,258 E JOHNSON ST,FDL-15-17-11-32-302-00,
2021-04-29-12.04.00,4/28/21,20210361,02,NI-RETIRED,3/11/24,SM-DISC-B58,315355959500,WT-RES,19262-WT-000,7969660026,390 TOMPKINS ST,FDL-15-17-15-23-538-00,
2021-04-30-12.04.00,4/29/21,20210170,03,NI-RETIRED,2/2/26,SM-DISC-B75,218126261900,WT-COM,4714-WT-000,4211747062,432 RIVER ST,FDL-15-17-10-21-048-00,
2021-05-11-12.05.00,5/10/21,20210401,03,NI-RETIRED,6/17/25,SM-DISC-B58,462165609600,WT-RES,6838-WT-000,5212718267,76 E MERRILL AVE,FDL-15-17-10-44-796-00,
2021-05-19-12.05.00,5/18/21,20210569,03,NI-RETIRED,3/7/25,SM-DISC-B75,878453931100,WT-COM,32026-WT-000,0937703091,166 S MAIN ST,FDL-15-17-15-12-299-00,
2021-05-25-12.05.00,5/24/21,20210450,03,NI-RETIRED,5/29/25,SM-DISC-B75,004356065900,WT-COM,6908-WT-000,7253874091,7 N MAIN ST,FDL-15-17-10-44-831-00,
2021-05-27-12.05.00,5/26/21,20210650,01,NI-RETIRED,10/22/25,SM-DISC-B58,052816977600,WT-RES,25570-WT-000,9214849547,615 VINE ST,FDL-15-17-23-21-020-00,
2021-06-09-12.06.00,6/8/21,20210600,03,NI-RETIRED,8/8/25,SM-DISC-B58,757003670300,WT-RES,5406-WT-000,9525475309,179 N LINCOLN AVE,FDL-15-17-10-32-270-00,
2021-06-22-12.06.00,6/21/21,20210685,03,NI-RETIRED,4/19/24,SM-DISC-B58,427435543200,WT-RES,7838-WT-000,8618369397,291 WILSON AVE,FDL-15-17-11-14-850-00,
2022-03-11-12.03.00,3/10/22,20220274,02,NI-RETIRED,5/2/25,SM-DISC-B58,092297922700,WT-RES,19068-WT-000,6028677124,383 EMMA ST,FDL-15-17-15-22-267-00,
2022-03-17-12.03.00,3/16/22,20220199,01,NI-RETIRED,1/24/25,SM-DISC-B58,057772743200,WT-RES,21130-WT-000,9108877409,9 E 12TH ST,FDL-15-17-15-43-501-00,
2022-03-24-12.03.00,3/23/22,20220787,03,NI-RETIRED,8/7/24,SM-DISC-B75,248789702000,WT-RES,10464-WT-000,5812146623,542 E JOHNSON ST,FDL-15-17-11-41-011-00,
2022-07-19-12.07.00,7/18/22,20220417,02,NI-RETIRED,10/23/23,SM-DISC-B58,654630456600,WT-RES,22044-WT-000,4345705462,144 WARNER ST,FDL-15-17-16-11-085-00,
2022-09-15-12.09.00,9/14/22,20220568,01,NI-RETIRED,1/19/26,SM-DISC-B58,046136247800,WT-RES,29176-WT-000,0756464715,35 6TH ST,FDL-15-17-15-14-824-00,
2023-01-13-12.01.00,1/12/23,20220065,01,NI-RETIRED,5/2/25,SM-DISC-B58,144933020400,WT-RES,39132-WT-000,3553255934,712 WILLIAM AVE,FDL-15-17-24-22-264-01,
2023-04-17-12.04.00,4/16/23,20230642,01,NI-RETIRED,3/7/25,SM-DISC-B75,043576775400,EX-RES,12318-EX-000,1053377374,317 PHEASANT CT,FDL-15-17-13-33-529-00,
2023-04-25-12.04.00,4/24/23,20220047,03,NI-RETIRED,4/11/25,SM-DISC-B58,364836918500,WT-RES,1190-WT-000,5969341732,129 W SCOTT ST,FDL-15-17-03-34-786-00,
2023-05-02-12.05.00,5/1/23,20230296,01,NI-RETIRED,1/19/26,SM-DISC-B58,201455887400,EX-RES,29912-EX-000,4141661566,952 BUTTERMILK CREEK DR,FDL-15-17-23-31-031-00,
2023-05-12-12.05.00,5/11/23,20230417,01,NI-RETIRED,4/14/25,SM-DISC-B58,855378283400,EX-RES,35792-EX-000,4100174260,226 YACOUB LN,FDL-15-17-26-24-753-00,
2024-05-07-09.00.00,5/9/24,24094355,01,NI-RETIRED,1/2/25,SM-DISC-B58,742601202900,WT-RES,24412-WT-000,8126536336,31 SUNSET CIR,FDL-15-17-22-12-293-00,
2024-05-07-09.00.00,5/9/24,24094559,02,NI-RETIRED,7/16/25,SM-DISC-B58,603881900600,WT-RES,2292-WT-000,9548004760,863 FOREST AVE,FDL-15-17-09-33-577-00,
2024-05-07-09.00.00,5/9/24,24094856,02,NI-RETIRED,8/11/25,SM-DISC-B58,309190240800,WT-RES,22128-WT-000,0165469733,150 S HICKORY ST,FDL-15-17-16-11-128-00,
