domain_name,workstream,join_tree_id,join_sequence,join_type,left_table,right_table,join_expression
Bill_Segment___Domain,Billing and Rates,JoinTree_1,1,inner,CI_BILL,CI_BSEG,CI_BILL.BILL_ID == CI_BSEG.BILL_ID
Bill_Segment___Domain,Billing and Rates,JoinTree_1,2,inner,CI_BSEG,CI_BSEG_READ,CI_BSEG.BSEG_ID == CI_BSEG_READ.BSEG_ID
Bill_Segment___Domain,Billing and Rates,JoinTree_1,3,inner,CI_BSEG,CI_BSEG_SQ,CI_BSEG.BSEG_ID == CI_BSEG_SQ.BSEG_ID
Bill_Segment___Domain,Billing and Rates,JoinTree_1,4,inner,CI_BSEG,CI_BSEG_CALC,CI_BSEG.BSEG_ID == CI_BSEG_CALC.BSEG_ID
Bill_Segment___Domain,Billing and Rates,JoinTree_1,5,inner,CI_BILL,CI_ACCT,CI_BILL.ACCT_ID == CI_ACCT.ACCT_ID
Bill_Segment___Domain,Billing and Rates,JoinTree_1,6,inner,CI_ACCT,CI_ACCT_PER,CI_ACCT.ACCT_ID == CI_ACCT_PER.ACCT_ID and CI_ACCT_PER.MAIN_CUST_SW == 'Y'
Bill_Segment___Domain,Billing and Rates,JoinTree_1,7,inner,CI_ACCT_PER,CI_PER_NAME,CI_ACCT_PER.PER_ID == CI_PER_NAME.PER_ID and CI_PER_NAME.NAME_TYPE_FLG == 'PRIM'
Bill_Segment___Domain,Billing and Rates,JoinTree_1,8,leftOuter,CI_BILL,CI_BILL_CYC_L,CI_BILL.BILL_CYC_CD == CI_BILL_CYC_L.BILL_CYC_CD and CI_BILL_CYC_L.LANGUAGE_CD == 'ENG'
Bill_Segment___Domain,Billing and Rates,JoinTree_1,9,inner,CI_BILL,CI_LOOKUP_VAL_L,CI_BILL.BILL_STAT_FLG == CI_LOOKUP_VAL_L.FIELD_VALUE and CI_LOOKUP_VAL_L.FIELD_NAME == 'BILL_STAT_FLG' and CI_LOOKUP_VAL_L.LANGUAGE_CD == 'ENG'
Bill_Segment___Domain,Billing and Rates,JoinTree_1,10,leftOuter,CI_BILL,SC_USER,CI_BILL.APAY_STOP_USER_ID == SC_USER.USER_ID
Bill_Segment___Domain,Billing and Rates,JoinTree_1,11,leftOuter,CI_BILL,CI_LOOKUP_VAL_L_1,CI_BILL.DOC_TYPE_FLG == CI_LOOKUP_VAL_L_1.FIELD_VALUE and CI_LOOKUP_VAL_L_1.FIELD_NAME == 'DOC_TYPE_FLG' and CI_LOOKUP_VAL_L_1.LANGUAGE_CD == 'ENG'
Bill_Segment___Domain,Billing and Rates,JoinTree_1,12,leftOuter,CI_ACCT,CI_BILL_CYC_L_1,CI_ACCT.BILL_CYC_CD == CI_BILL_CYC_L_1.BILL_CYC_CD and CI_BILL_CYC_L_1.LANGUAGE_CD == 'ENG'
Bill_Segment___Domain,Billing and Rates,JoinTree_1,13,leftOuter,CI_ACCT,CI_ACCT_MGMT_GR_L,CI_ACCT.ACCT_MGMT_GRP_CD == CI_ACCT_MGMT_GR_L.ACCT_MGMT_GRP_CD and CI_ACCT_MGMT_GR_L.LANGUAGE_CD == 'ENG'
Bill_Segment___Domain,Billing and Rates,JoinTree_1,14,inner,CI_ACCT,CI_COLL_CL_L,CI_ACCT.COLL_CL_CD == CI_COLL_CL_L.COLL_CL_CD and CI_COLL_CL_L.LANGUAGE_CD == 'ENG'
Bill_Segment___Domain,Billing and Rates,JoinTree_1,15,inner,CI_ACCT,CI_CUST_CL_L,CI_ACCT.CUST_CL_CD == CI_CUST_CL_L.CUST_CL_CD and CI_CUST_CL_L.LANGUAGE_CD == 'ENG'
Bill_Segment___Domain,Billing and Rates,JoinTree_1,16,leftOuter,CI_ACCT,CI_BUD_PLAN_L,CI_ACCT.BUD_PLAN_CD == CI_BUD_PLAN_L.BUD_PLAN_CD and CI_BUD_PLAN_L.LANGUAGE_CD == 'ENG'
Bill_Segment___Domain,Billing and Rates,JoinTree_1,17,leftOuter,CI_BSEG,CI_BILL_CYC_L_2,CI_BSEG.BILL_CYC_CD == CI_BILL_CYC_L_2.BILL_CYC_CD and CI_BILL_CYC_L_2.LANGUAGE_CD == 'ENG'
Bill_Segment___Domain,Billing and Rates,JoinTree_1,18,leftOuter,CI_BSEG,CI_BILL_CAN_RSN_L,CI_BSEG.CAN_RSN_CD == CI_BILL_CAN_RSN_L.CAN_RSN_CD and CI_BILL_CAN_RSN_L.LANGUAGE_CD == 'ENG'
Bill_Segment___Domain,Billing and Rates,JoinTree_1,19,inner,CI_BSEG,CI_LOOKUP_VAL_L_2,CI_BSEG.BSEG_STAT_FLG == CI_LOOKUP_VAL_L_2.FIELD_VALUE and CI_LOOKUP_VAL_L_2.FIELD_NAME == 'BSEG_STAT_FLG' and CI_LOOKUP_VAL_L_2.LANGUAGE_CD == 'ENG'
Bill_Segment___Domain,Billing and Rates,JoinTree_1,20,leftOuter,CI_BSEG_CALC,CI_RS_L,CI_BSEG_CALC.RS_CD == CI_RS_L.RS_CD and CI_RS_L.LANGUAGE_CD == 'ENG'
Bill_Segment___Domain,Billing and Rates,JoinTree_1,21,inner,CI_BSEG_READ,CI_LOOKUP_VAL_L_3,CI_BSEG_READ.USAGE_FLG == CI_LOOKUP_VAL_L_3.FIELD_VALUE and CI_LOOKUP_VAL_L_3.FIELD_NAME == 'USAGE_FLG' and CI_LOOKUP_VAL_L_3.LANGUAGE_CD == 'ENG'
Bill_Segment___Domain,Billing and Rates,JoinTree_1,22,leftOuter,CI_BSEG_READ,CI_LOOKUP_VAL_L_4,CI_BSEG_READ.HOW_TO_USE_FLG == CI_LOOKUP_VAL_L_4.FIELD_VALUE and CI_LOOKUP_VAL_L_4.FIELD_NAME == 'HOW_TO_USE_FLG' and CI_LOOKUP_VAL_L_4.LANGUAGE_CD == 'ENG'
Bill_Segment___Domain,Billing and Rates,JoinTree_1,23,leftOuter,CI_BSEG_READ,CI_UOM_L,CI_BSEG_READ.UOM_CD == CI_UOM_L.UOM_CD and CI_UOM_L.LANGUAGE_CD == 'ENG'
Bill_Segment___Domain,Billing and Rates,JoinTree_1,24,leftOuter,CI_BSEG_READ,CI_UOM_L_1,CI_BSEG_READ.FINAL_UOM_CD == CI_UOM_L_1.UOM_CD and CI_UOM_L_1.LANGUAGE_CD == 'ENG'
Bill_Segment___Domain,Billing and Rates,JoinTree_1,25,leftOuter,CI_BSEG_READ,CI_TOU_L,CI_BSEG_READ.TOU_CD == CI_TOU_L.TOU_CD and CI_TOU_L.LANGUAGE_CD == 'ENG'
Bill_Segment___Domain,Billing and Rates,JoinTree_1,26,leftOuter,CI_BSEG_READ,CI_TOU_L_1,CI_BSEG_READ.FINAL_TOU_CD == CI_TOU_L_1.TOU_CD and CI_TOU_L_1.LANGUAGE_CD == 'ENG'
Bill_Segment___Domain,Billing and Rates,JoinTree_1,27,leftOuter,CI_BSEG_READ,CI_SQI_L,CI_BSEG_READ.SQI_CD == CI_SQI_L.SQI_CD and CI_SQI_L.LANGUAGE_CD == 'ENG'
Bill_Segment___Domain,Billing and Rates,JoinTree_1,28,leftOuter,CI_BSEG_READ,CI_SQI_L_1,CI_BSEG_READ.FINAL_SQI_CD == CI_SQI_L_1.SQI_CD and CI_SQI_L_1.LANGUAGE_CD == 'ENG'
Bill_Segment___Domain,Billing and Rates,JoinTree_1,29,leftOuter,CI_BSEG_SQ,CI_UOM_L_2,CI_BSEG_SQ.UOM_CD == CI_UOM_L_2.UOM_CD and CI_UOM_L_2.LANGUAGE_CD == 'ENG'
Bill_Segment___Domain,Billing and Rates,JoinTree_1,30,leftOuter,CI_BSEG_SQ,CI_TOU_L_2,CI_BSEG_SQ.TOU_CD == CI_TOU_L_2.TOU_CD and CI_TOU_L_2.LANGUAGE_CD == 'ENG'
Bill_Segment___Domain,Billing and Rates,JoinTree_1,31,leftOuter,CI_BSEG_SQ,CI_SQI_L_2,CI_BSEG_SQ.SQI_CD == CI_SQI_L_2.SQI_CD and CI_SQI_L_2.LANGUAGE_CD == 'ENG'
Billed_Usage_SQ_Snapshot___Domain,Billing and Rates,BSEG_SQ_USAGE_RPT_CURR,1,single_table,BSEG_SQ_USAGE_RPT_CURR,,Single-table domain on BSEG_SQ_USAGE_RPT_CURR
Billed_Usage_Snapshot___Domain,Billing and Rates,BSEG_BILLED_USAGE_RPT_CURR,1,single_table,BSEG_BILLED_USAGE_RPT_CURR,,Single-table domain on BSEG_BILLED_USAGE_RPT_CURR
SC_Unbilled_Billing_Domain,Billing and Rates,JoinTree_1,1,leftOuter,SC_CUS_CONTACT,SC_BILLS_IN_ERROR,SC_CUS_CONTACT.ACCT_ID == SC_BILLS_IN_ERROR.ACCT_ID
SC_Unbilled_Billing_Domain,Billing and Rates,JoinTree_1,2,inner,SC_BILLS_IN_ERROR,CI_BSEG,SC_BILLS_IN_ERROR.BILL_ID == CI_BSEG.BILL_ID
SC_Unbilled_Billing_Domain,Billing and Rates,JoinTree_1,3,leftOuter,CI_BSEG,CI_BSEG_EXCP,CI_BSEG.BSEG_ID == CI_BSEG_EXCP.BSEG_ID
Deposit_Control___Domain,Cashiering,JoinTree_1,1,inner,CI_TNDR_CTL,CI_DEP_CTL,CI_TNDR_CTL.DEP_CTL_ID == CI_DEP_CTL.DEP_CTL_ID
Deposit_Control___Domain,Cashiering,JoinTree_1,2,inner,CI_TNDR_CTL,CI_TNDR_SRCE_L,CI_TNDR_CTL.TNDR_SOURCE_CD == CI_TNDR_SRCE_L.TNDR_SOURCE_CD and CI_TNDR_SRCE_L.LANGUAGE_CD == 'ENG'
Deposit_Control___Domain,Cashiering,JoinTree_1,3,inner,CI_TNDR_CTL,CI_LOOKUP_VAL_L,CI_TNDR_CTL.TNDR_CTL_ST_FLG == CI_LOOKUP_VAL_L.FIELD_VALUE and CI_LOOKUP_VAL_L.FIELD_NAME == 'TNDR_CTL_ST_FLG' and CI_LOOKUP_VAL_L.LANGUAGE_CD == 'ENG'
Deposit_Control___Domain,Cashiering,JoinTree_1,4,leftOuter,CI_TNDR_CTL,SC_USER,CI_TNDR_CTL.USER_ID == SC_USER.USER_ID
Deposit_Control___Domain,Cashiering,JoinTree_1,5,leftOuter,CI_TNDR_CTL,SC_USER_1,CI_TNDR_CTL.BALANCED_USER_ID == SC_USER_1.USER_ID
Deposit_Control___Domain,Cashiering,JoinTree_1,6,leftOuter,CI_TNDR_CTL,CI_BATCH_CTRL_L,CI_TNDR_CTL.BATCH_CD == CI_BATCH_CTRL_L.BATCH_CD and CI_BATCH_CTRL_L.LANGUAGE_CD == 'ENG'
Deposit_Control___Domain,Cashiering,JoinTree_1,7,leftOuter,CI_DEP_CTL,SC_USER_2,CI_DEP_CTL.USER_ID == SC_USER_2.USER_ID
Deposit_Control___Domain,Cashiering,JoinTree_1,8,leftOuter,CI_DEP_CTL,SC_USER_3,CI_DEP_CTL.BALANCED_USER_ID == SC_USER_3.USER_ID
Deposit_Control___Domain,Cashiering,JoinTree_1,9,inner,CI_DEP_CTL,CI_LOOKUP_VAL_L_1,CI_DEP_CTL.TNDR_SRCE_TYPE_FLG == CI_LOOKUP_VAL_L_1.FIELD_VALUE and CI_LOOKUP_VAL_L_1.FIELD_NAME == 'TNDR_SRCE_TYPE_FLG' and CI_LOOKUP_VAL_L_1.LANGUAGE_CD == 'ENG'
Deposit_Control___Domain,Cashiering,JoinTree_1,10,inner,CI_DEP_CTL,CI_LOOKUP_VAL_L_2,CI_DEP_CTL.DEP_CTL_STATUS_FLG == CI_LOOKUP_VAL_L_2.FIELD_VALUE and CI_LOOKUP_VAL_L_2.FIELD_NAME == 'DEP_CTL_STATUS_FLG' and CI_LOOKUP_VAL_L_2.LANGUAGE_CD == 'ENG'
Deposit_Control___Domain,Cashiering,JoinTree_2,11,leftOuter,CI_DEP_CTL_1,CI_TNDR_DEP,CI_DEP_CTL_1.DEP_CTL_ID == CI_TNDR_DEP.DEP_CTL_ID
Deposit_Control___Domain,Cashiering,JoinTree_2,12,leftOuter,CI_TNDR_DEP,CI_BANK_L,CI_TNDR_DEP.BANK_CD == CI_BANK_L.BANK_CD and CI_BANK_L.LANGUAGE_CD == 'ENG'
Deposit_Control___Domain,Cashiering,JoinTree_2,13,inner,CI_DEP_CTL_1,CI_LOOKUP_VAL_L_3,CI_DEP_CTL_1.DEP_CTL_STATUS_FLG == CI_LOOKUP_VAL_L_3.FIELD_VALUE and CI_LOOKUP_VAL_L_3.FIELD_NAME == 'DEP_CTL_STATUS_FLG' and CI_LOOKUP_VAL_L_3.LANGUAGE_CD == 'ENG'
Deposit_Control___Domain,Cashiering,JoinTree_2,14,inner,CI_DEP_CTL_1,CI_LOOKUP_VAL_L_4,CI_DEP_CTL_1.TNDR_SRCE_TYPE_FLG == CI_LOOKUP_VAL_L_4.FIELD_VALUE and CI_LOOKUP_VAL_L_4.FIELD_NAME == 'TNDR_SRCE_TYPE_FLG' and CI_LOOKUP_VAL_L_4.LANGUAGE_CD == 'ENG'
Deposit_Control___Domain,Cashiering,JoinTree_2,15,leftOuter,CI_TNDR_DEP,CI_BANK_ACCOUNT_L,CI_TNDR_DEP.BANK_CD == CI_BANK_ACCOUNT_L.BANK_CD and CI_TNDR_DEP.BANK_ACCT_KEY == CI_BANK_ACCOUNT_L.BANK_ACCT_KEY and CI_BANK_ACCOUNT_L.LANGUAGE_CD == 'ENG'
Deposit_Control___Domain,Cashiering,JoinTree_2,16,leftOuter,CI_DEP_CTL_1,SC_USER_4,CI_DEP_CTL_1.USER_ID == SC_USER_4.USER_ID
Deposit_Control___Domain,Cashiering,JoinTree_2,17,leftOuter,CI_DEP_CTL_1,SC_USER_5,CI_DEP_CTL_1.BALANCED_USER_ID == SC_USER_5.USER_ID
Pay_Plan___Domain,Cashiering,JoinTree_1,1,inner,CI_PP,CI_PAY_METH_L,CI_PP.PAY_METH_CD == CI_PAY_METH_L.PAY_METH_CD and CI_PAY_METH_L.LANGUAGE_CD == 'ENG'
Pay_Plan___Domain,Cashiering,JoinTree_1,2,leftOuter,CI_PP,CI_LOOKUP_VAL_L,CI_PP.PP_CAN_RSN_FLG == CI_LOOKUP_VAL_L.FIELD_VALUE and CI_LOOKUP_VAL_L.FIELD_NAME == 'PP_CAN_RSN_FLG' and CI_LOOKUP_VAL_L.LANGUAGE_CD == 'ENG'
Pay_Plan___Domain,Cashiering,JoinTree_1,3,inner,CI_PP,CI_LOOKUP_VAL_L_1,CI_PP.PP_STAT_FLG == CI_LOOKUP_VAL_L_1.FIELD_VALUE and CI_LOOKUP_VAL_L_1.FIELD_NAME == 'PP_STAT_FLG' and CI_LOOKUP_VAL_L_1.LANGUAGE_CD == 'ENG'
Pay_Plan___Domain,Cashiering,JoinTree_1,4,inner,CI_PP,CI_PP_TYPE_L,CI_PP.PP_TYPE_CD == CI_PP_TYPE_L.PP_TYPE_CD and CI_PP_TYPE_L.LANGUAGE_CD == 'ENG'
Pay_Plan___Domain,Cashiering,JoinTree_1,5,inner,CI_PP,SC_USER,CI_PP.USER_ID == SC_USER.USER_ID
Pay_Plan___Domain,Cashiering,JoinTree_1,6,inner,CI_PP,CI_ACCT_PER,CI_PP.ACCT_ID == CI_ACCT_PER.ACCT_ID and CI_ACCT_PER.MAIN_CUST_SW == 'Y'
Pay_Plan___Domain,Cashiering,JoinTree_1,7,inner,CI_PP,CI_ACCT_PER_1,CI_PP.PAYOR_ACCT_ID == CI_ACCT_PER_1.ACCT_ID and CI_ACCT_PER_1.MAIN_CUST_SW == 'Y'
Pay_Plan___Domain,Cashiering,JoinTree_1,8,leftOuter,CI_PP,SC_USER_1,CI_PP.LAST_STAT_USER_ID == SC_USER_1.USER_ID
Pay_Plan___Domain,Cashiering,JoinTree_1,9,leftOuter,CI_PP,CI_THRD_PTY_L,CI_PP.THRD_PTY_PAYOR_CD == CI_THRD_PTY_L.THRD_PTY_PAYOR_CD and CI_THRD_PTY_L.LANGUAGE_CD == 'ENG'
Pay_Plan___Domain,Cashiering,JoinTree_1,10,inner,CI_ACCT_PER,CI_PER_NAME,CI_ACCT_PER.PER_ID == CI_PER_NAME.PER_ID and CI_PER_NAME.NAME_TYPE_FLG == 'PRIM' and CI_ACCT_PER.MAIN_CUST_SW == 'Y'
Pay_Plan___Domain,Cashiering,JoinTree_1,11,inner,CI_ACCT_PER_1,CI_PER_NAME_1,CI_ACCT_PER_1.PER_ID == CI_PER_NAME_1.PER_ID and CI_PER_NAME_1.NAME_TYPE_FLG == 'PRIM' and CI_ACCT_PER_1.MAIN_CUST_SW == 'Y'
Payment_Header___Domain,Cashiering,JoinTree_1,1,inner,CI_PAY,CI_PAY_EVENT,CI_PAY.PAY_EVENT_ID == CI_PAY_EVENT.PAY_EVENT_ID
Payment_Header___Domain,Cashiering,JoinTree_1,2,leftOuter,CI_PAY,CI_PAY_CAN_RSN_L,CI_PAY.CAN_RSN_CD == CI_PAY_CAN_RSN_L.CAN_RSN_CD and CI_PAY_CAN_RSN_L.LANGUAGE_CD == 'ENG'
Payment_Header___Domain,Cashiering,JoinTree_1,3,leftOuter,CI_PAY,CI_MATCH_TYPE_L,CI_PAY.MATCH_TYPE_CD == CI_MATCH_TYPE_L.MATCH_TYPE_CD and CI_MATCH_TYPE_L.LANGUAGE_CD == 'ENG'
Payment_Header___Domain,Cashiering,JoinTree_1,4,inner,CI_PAY,CI_LOOKUP_VAL_L,CI_PAY.PAY_STATUS_FLG == CI_LOOKUP_VAL_L.FIELD_VALUE and CI_LOOKUP_VAL_L.FIELD_NAME == 'PAY_STATUS_FLG' and CI_LOOKUP_VAL_L.LANGUAGE_CD == 'ENG'
Payment_Header___Domain,Cashiering,JoinTree_1,5,inner,CI_PAY,CI_ACCT_PER,CI_PAY.ACCT_ID == CI_ACCT_PER.ACCT_ID and CI_ACCT_PER.MAIN_CUST_SW == 'Y'
Payment_Header___Domain,Cashiering,JoinTree_1,6,inner,CI_ACCT_PER,CI_PER_NAME,CI_ACCT_PER.PER_ID == CI_PER_NAME.PER_ID and CI_PER_NAME.NAME_TYPE_FLG == 'PRIM' and CI_ACCT_PER.MAIN_CUST_SW == 'Y'
Payment_Tender___Domain,Cashiering,JoinTree_1,1,inner,CI_PAY_TNDR,CI_PAY_EVENT,CI_PAY_TNDR.PAY_EVENT_ID == CI_PAY_EVENT.PAY_EVENT_ID
Payment_Tender___Domain,Cashiering,JoinTree_1,2,inner,CI_PAY_TNDR,CI_TENDER_TYPE_L,CI_PAY_TNDR.TENDER_TYPE_CD == CI_TENDER_TYPE_L.TENDER_TYPE_CD and CI_TENDER_TYPE_L.LANGUAGE_CD == 'ENG'
Payment_Tender___Domain,Cashiering,JoinTree_1,3,inner,CI_PAY_TNDR,CI_ACCT_PER,CI_PAY_TNDR.PAYOR_ACCT_ID == CI_ACCT_PER.ACCT_ID and CI_ACCT_PER.MAIN_CUST_SW == 'Y'
Payment_Tender___Domain,Cashiering,JoinTree_1,4,inner,CI_PAY_TNDR,CI_LOOKUP_VAL_L,CI_PAY_TNDR.TNDR_STATUS_FLG == CI_LOOKUP_VAL_L.FIELD_VALUE and CI_LOOKUP_VAL_L.FIELD_NAME == 'TNDR_STATUS_FLG' and CI_LOOKUP_VAL_L.LANGUAGE_CD == 'ENG'
Payment_Tender___Domain,Cashiering,JoinTree_1,5,leftOuter,CI_PAY_TNDR,CI_PAY_CAN_RSN_L,CI_PAY_TNDR.CAN_RSN_CD == CI_PAY_CAN_RSN_L.CAN_RSN_CD and CI_PAY_CAN_RSN_L.LANGUAGE_CD == 'ENG'
Payment_Tender___Domain,Cashiering,JoinTree_1,6,inner,CI_PAY_TNDR,CI_TNDR_CTL,CI_PAY_TNDR.TNDR_CTL_ID == CI_TNDR_CTL.TNDR_CTL_ID
Payment_Tender___Domain,Cashiering,JoinTree_1,7,inner,CI_TNDR_CTL,CI_TNDR_SRCE_L,CI_TNDR_CTL.TNDR_SOURCE_CD == CI_TNDR_SRCE_L.TNDR_SOURCE_CD and CI_TNDR_SRCE_L.LANGUAGE_CD == 'ENG'
Payment_Tender___Domain,Cashiering,JoinTree_1,8,inner,CI_TNDR_CTL,CI_LOOKUP_VAL_L_1,CI_TNDR_CTL.TNDR_CTL_ST_FLG == CI_LOOKUP_VAL_L_1.FIELD_VALUE and CI_LOOKUP_VAL_L_1.FIELD_NAME == 'TNDR_CTL_ST_FLG' and CI_LOOKUP_VAL_L_1.LANGUAGE_CD == 'ENG'
Payment_Tender___Domain,Cashiering,JoinTree_1,9,leftOuter,CI_TNDR_CTL,SC_USER_1,CI_TNDR_CTL.USER_ID == SC_USER_1.USER_ID
Payment_Tender___Domain,Cashiering,JoinTree_1,10,leftOuter,CI_TNDR_CTL,SC_USER,CI_TNDR_CTL.BALANCED_USER_ID == SC_USER.USER_ID
Payment_Tender___Domain,Cashiering,JoinTree_1,11,inner,CI_ACCT_PER,CI_PER_NAME,CI_ACCT_PER.PER_ID == CI_PER_NAME.PER_ID and CI_PER_NAME.NAME_TYPE_FLG == 'PRIM' and CI_ACCT_PER.MAIN_CUST_SW == 'Y'
Batch_Process___Domain,Common,JoinTree_1,1,inner,CI_BATCH_INST,CI_BATCH_RUN,CI_BATCH_INST.BATCH_CD == CI_BATCH_RUN.BATCH_CD and CI_BATCH_INST.BATCH_NBR == CI_BATCH_RUN.BATCH_NBR and CI_BATCH_INST.BATCH_RERUN_NBR == CI_BATCH_RUN.BATCH_RERUN_NBR
Batch_Process___Domain,Common,JoinTree_1,2,inner,CI_BATCH_INST,CI_BATCH_CTRL,CI_BATCH_INST.BATCH_CD == CI_BATCH_CTRL.BATCH_CD
Batch_Process___Domain,Common,JoinTree_1,3,inner,CI_BATCH_INST,CI_BATCH_CTRL_L,CI_BATCH_INST.BATCH_CD == CI_BATCH_CTRL_L.BATCH_CD and CI_BATCH_CTRL_L.LANGUAGE_CD == 'ENG'
Batch_Process___Domain,Common,JoinTree_1,4,inner,CI_BATCH_INST,CI_BATCH_THD,CI_BATCH_INST.BATCH_CD == CI_BATCH_THD.BATCH_CD and CI_BATCH_INST.BATCH_NBR == CI_BATCH_THD.BATCH_NBR and CI_BATCH_INST.BATCH_RERUN_NBR == CI_BATCH_THD.BATCH_RERUN_NBR
Batch_Process___Domain,Common,JoinTree_1,5,inner,CI_BATCH_RUN,CI_LOOKUP_VAL_L,CI_BATCH_RUN.RUN_STATUS == CI_LOOKUP_VAL_L.FIELD_VALUE and CI_LOOKUP_VAL_L.FIELD_NAME == 'RUN_STATUS' and CI_LOOKUP_VAL_L.LANGUAGE_CD == 'ENG'
Batch_Process___Domain,Common,JoinTree_1,6,inner,CI_BATCH_THD,CI_LOOKUP_VAL_L_1,CI_BATCH_THD.THREAD_STATUS == CI_LOOKUP_VAL_L_1.FIELD_VALUE and CI_LOOKUP_VAL_L_1.FIELD_NAME == 'THREAD_STATUS' and CI_LOOKUP_VAL_L_1.LANGUAGE_CD == 'ENG'
Bill_Segment_Exception___Domain,Common,JoinTree_1,1,inner,CI_BSEG_EXCP,CI_TD_DRLKEY,CI_BSEG_EXCP.BSEG_ID == CI_TD_DRLKEY.KEY_VALUE
Bill_Segment_Exception___Domain,Common,JoinTree_1,2,inner,CI_TD_DRLKEY,CI_TD_DRLKEY_TY,CI_TD_DRLKEY.SEQ_NUM == CI_TD_DRLKEY_TY.SEQ_NUM
Bill_Segment_Exception___Domain,Common,JoinTree_1,3,inner,CI_TD_DRLKEY_TY,CI_TD_ENTRY,CI_TD_DRLKEY_TY.TD_TYPE_CD == CI_TD_ENTRY.TD_TYPE_CD and CI_TD_DRLKEY_TY.TBL_NAME == 'CI_BSEG' and CI_TD_DRLKEY_TY.FLD_NAME == 'BSEG_ID'
Bill_Segment_Exception___Domain,Common,JoinTree_1,4,inner,CI_TD_DRLKEY,CI_TD_ENTRY,CI_TD_DRLKEY.TD_ENTRY_ID == CI_TD_ENTRY.TD_ENTRY_ID
Bill_Segment_Exception___Domain,Common,JoinTree_1,5,inner,CI_BSEG_EXCP,CI_BSEG,CI_BSEG_EXCP.BSEG_ID == CI_BSEG.BSEG_ID
Bill_Segment_Exception___Domain,Common,JoinTree_1,6,inner,CI_BSEG,CI_SA,CI_BSEG.SA_ID == CI_SA.SA_ID
Bill_Segment_Exception___Domain,Common,JoinTree_1,7,inner,CI_SA,CI_ACCT_PER,CI_SA.ACCT_ID == CI_ACCT_PER.ACCT_ID and CI_ACCT_PER.MAIN_CUST_SW == 'Y'
Bill_Segment_Exception___Domain,Common,JoinTree_1,8,inner,CI_ACCT_PER,CI_PER_NAME,CI_ACCT_PER.PER_ID == CI_PER_NAME.PER_ID and CI_PER_NAME.NAME_TYPE_FLG == 'PRIM'
Bill_Segment_Exception___Domain,Common,JoinTree_1,9,inner,CI_BSEG_EXCP,CI_LOOKUP_VAL_L,CI_BSEG_EXCP.BSEG_EXCP_FLG == CI_LOOKUP_VAL_L.FIELD_VALUE and CI_LOOKUP_VAL_L.FIELD_NAME == 'BSEG_EXCP_FLG' and CI_LOOKUP_VAL_L.LANGUAGE_CD == 'ENG'
Bill_Segment_Exception___Domain,Common,JoinTree_1,10,inner,CI_BSEG_EXCP,SC_USER,CI_BSEG_EXCP.USER_ID == SC_USER.USER_ID
Bill_Segment_Exception___Domain,Common,JoinTree_1,11,leftOuter,CI_BSEG_EXCP,SC_USER_1,CI_BSEG_EXCP.REVIEW_USER_ID == SC_USER_1.USER_ID
Bill_Segment_Exception___Domain,Common,JoinTree_1,12,leftOuter,CI_TD_ENTRY,SC_USER_2,CI_TD_ENTRY.ASSIGNED_USER_ID == SC_USER_2.USER_ID
Bill_Segment_Exception___Domain,Common,JoinTree_1,13,inner,CI_TD_ENTRY,CI_TD_TYPE_L,CI_TD_ENTRY.TD_TYPE_CD == CI_TD_TYPE_L.TD_TYPE_CD and CI_TD_TYPE_L.LANGUAGE_CD == 'ENG'
Bill_Segment_Exception___Domain,Common,JoinTree_1,14,inner,CI_TD_ENTRY,CI_ROLE_L,CI_TD_ENTRY.ROLE_ID == CI_ROLE_L.ROLE_ID
Bill_Segment_Exception___Domain,Common,JoinTree_1,15,inner,CI_TD_ENTRY,CI_LOOKUP_VAL_L_1,CI_TD_ENTRY.ENTRY_STATUS_FLG == CI_LOOKUP_VAL_L_1.FIELD_VALUE and CI_LOOKUP_VAL_L_1.FIELD_NAME == 'ENTRY_STATUS_FLG' and CI_LOOKUP_VAL_L_1.LANGUAGE_CD == 'ENG'
Bill_Segment_Exception___Domain,Common,JoinTree_1,16,leftOuter,CI_TD_ENTRY,SC_USER_3,CI_TD_ENTRY.COMPLETE_USER_ID == SC_USER_3.USER_ID
Bill_Segment_Exception___Domain,Common,JoinTree_1,17,inner,CI_TD_ENTRY,CI_LOOKUP_VAL_L_2,CI_TD_ENTRY.TD_PRIORITY_FLG == CI_LOOKUP_VAL_L_2.FIELD_VALUE and CI_LOOKUP_VAL_L_2.FIELD_NAME == 'TD_PRIORITY_FLG' and CI_LOOKUP_VAL_L_2.LANGUAGE_CD == 'ENG'
Bill_Segment_Exception___Domain,Common,JoinTree_1,18,leftOuter,CI_TD_ENTRY,SC_USER_4,CI_TD_ENTRY.ASSIGNED_TO == SC_USER_4.USER_ID
Bill_Segment_Exception___Domain,Common,JoinTree_1,19,inner,CI_SA,CI_ACCT,CI_SA.ACCT_ID == CI_ACCT.ACCT_ID
Bill_Segment_Exception___Domain,Common,JoinTree_1,20,leftOuter,CI_ACCT,CI_BILL_CYC_L,CI_ACCT.BILL_CYC_CD == CI_BILL_CYC_L.BILL_CYC_CD and CI_BILL_CYC_L.LANGUAGE_CD == 'ENG'
Bill_Segment_Exception___Domain,Common,JoinTree_1,21,leftOuter,CI_ACCT,CI_ACCT_MGMT_GR_L,CI_ACCT.ACCT_MGMT_GRP_CD == CI_ACCT_MGMT_GR_L.ACCT_MGMT_GRP_CD and CI_ACCT_MGMT_GR_L.LANGUAGE_CD == 'ENG'
Bill_Segment_Exception___Domain,Common,JoinTree_1,22,inner,CI_ACCT,CI_COLL_CL_L,CI_ACCT.COLL_CL_CD == CI_COLL_CL_L.COLL_CL_CD and CI_COLL_CL_L.LANGUAGE_CD == 'ENG'
Bill_Segment_Exception___Domain,Common,JoinTree_1,23,inner,CI_ACCT,CI_CUST_CL_L,CI_ACCT.CUST_CL_CD == CI_CUST_CL_L.CUST_CL_CD and CI_CUST_CL_L.LANGUAGE_CD == 'ENG'
Bill_Segment_Exception___Domain,Common,JoinTree_1,24,leftOuter,CI_ACCT,CI_BUD_PLAN_L,CI_ACCT.BUD_PLAN_CD == CI_BUD_PLAN_L.BUD_PLAN_CD and CI_BUD_PLAN_L.LANGUAGE_CD == 'ENG'
Bill_Segment_Exception___Domain,Common,JoinTree_1,25,inner,CI_SA,CI_SA_TYPE_L,CI_SA.SA_TYPE_CD == CI_SA_TYPE_L.SA_TYPE_CD and CI_SA.CIS_DIVISION == CI_SA_TYPE_L.CIS_DIVISION and CI_SA_TYPE_L.LANGUAGE_CD == 'ENG'
Bill_Segment_Exception___Domain,Common,JoinTree_1,26,inner,CI_SA,CI_LOOKUP_VAL_L_3,CI_SA.SA_STATUS_FLG == CI_LOOKUP_VAL_L_3.FIELD_VALUE and CI_LOOKUP_VAL_L_3.FIELD_NAME == 'SA_STATUS_FLG' and CI_LOOKUP_VAL_L_3.LANGUAGE_CD == 'ENG'
To_Do___Domain,Common,JoinTree_1,1,inner,CI_TD_ENTRY,CI_TD_TYPE_L,CI_TD_ENTRY.TD_TYPE_CD == CI_TD_TYPE_L.TD_TYPE_CD and CI_TD_TYPE_L.LANGUAGE_CD == 'ENG'
To_Do___Domain,Common,JoinTree_1,2,inner,CI_TD_ENTRY,CMS_TD_ENTRY_FKREF,CI_TD_ENTRY.TD_ENTRY_ID == CMS_TD_ENTRY_FKREF.TD_ENTRY_ID
To_Do___Domain,Common,JoinTree_1,3,leftOuter,CMS_TD_ENTRY_FKREF,CI_PER_NAME,CMS_TD_ENTRY_FKREF.PER_ID == CI_PER_NAME.PER_ID and CI_PER_NAME.NAME_TYPE_FLG == 'PRIM'
To_Do___Domain,Common,JoinTree_1,4,leftOuter,CMS_TD_ENTRY_FKREF,CI_PREM,CMS_TD_ENTRY_FKREF.PREM_ID == CI_PREM.PREM_ID
To_Do___Domain,Common,JoinTree_1,5,leftOuter,CI_TD_ENTRY,CMS_TD_ENTRY_TIMES,CI_TD_ENTRY.TD_ENTRY_ID == CMS_TD_ENTRY_TIMES.TD_ENTRY_ID
To_Do___Domain,Common,JoinTree_1,6,leftOuter,CI_TD_ENTRY,SC_USER,CI_TD_ENTRY.ASSIGNED_TO == SC_USER.USER_ID
To_Do___Domain,Common,JoinTree_1,7,leftOuter,CI_TD_ENTRY,SC_USER_1,CI_TD_ENTRY.ASSIGNED_USER_ID == SC_USER_1.USER_ID
To_Do___Domain,Common,JoinTree_1,8,leftOuter,CI_TD_ENTRY,SC_USER_2,CI_TD_ENTRY.COMPLETE_USER_ID == SC_USER_2.USER_ID
To_Do___Domain,Common,JoinTree_1,9,inner,CI_TD_ENTRY,CI_LOOKUP_VAL_L,CI_TD_ENTRY.ENTRY_STATUS_FLG == CI_LOOKUP_VAL_L.FIELD_VALUE and CI_LOOKUP_VAL_L.FIELD_NAME == 'ENTRY_STATUS_FLG' and CI_LOOKUP_VAL_L.LANGUAGE_CD == 'ENG'
To_Do___Domain,Common,JoinTree_1,10,inner,CI_TD_ENTRY,CI_ROLE_L,CI_TD_ENTRY.ROLE_ID == CI_ROLE_L.ROLE_ID and CI_ROLE_L.LANGUAGE_CD == 'ENG'
To_Do___Domain,Common,JoinTree_1,11,inner,CI_TD_ENTRY,CI_MSG_L,CI_TD_ENTRY.MESSAGE_CAT_NBR == CI_MSG_L.MESSAGE_CAT_NBR and CI_TD_ENTRY.MESSAGE_NBR == CI_MSG_L.MESSAGE_NBR and CI_MSG_L.LANGUAGE_CD == 'ENG'
To_Do___Domain,Common,JoinTree_1,12,leftOuter,CI_PREM,CI_PREM_TYPE_L,CI_PREM.PREM_TYPE_CD == CI_PREM_TYPE_L.PREM_TYPE_CD and CI_PREM_TYPE_L.LANGUAGE_CD == 'ENG'
To_Do___Domain,Common,JoinTree_1,13,leftOuter,CI_PREM,CI_MR_WARN_L,CI_PREM.MR_WARN_CD == CI_MR_WARN_L.MR_WARN_CD and CI_MR_WARN_L.LANGUAGE_CD == 'ENG'
To_Do___Domain,Common,JoinTree_1,14,leftOuter,CI_PREM,CI_MR_INSTR_L,CI_PREM.MR_INSTR_CD == CI_MR_INSTR_L.MR_INSTR_CD and CI_MR_INSTR_L.LANGUAGE_CD == 'ENG'
To_Do___Domain,Common,JoinTree_1,15,leftOuter,CI_PREM,CI_TREND_AREA_L,CI_PREM.TREND_AREA_CD == CI_TREND_AREA_L.TREND_AREA_CD and CI_TREND_AREA_L.LANGUAGE_CD == 'ENG'
To_Do___Domain,Common,JoinTree_1,16,leftOuter,CI_PREM,CI_STATE_L,CI_PREM.COUNTRY == CI_STATE_L.COUNTRY and CI_PREM.STATE == CI_STATE_L.STATE and CI_STATE_L.LANGUAGE_CD == 'ENG'
To_Do___Domain,Common,JoinTree_1,17,leftOuter,CI_PREM,CI_TIME_ZONE_L,CI_PREM.TIME_ZONE_CD == CI_TIME_ZONE_L.TIME_ZONE_CD and CI_TIME_ZONE_L.LANGUAGE_CD == 'ENG'
Usage_Transaction_Exception___Domain,Common,JoinTree_1,1,inner,D1_USAGE_EXCP,CI_TD_DRLKEY,D1_USAGE_EXCP.D1_USAGE_ID == CI_TD_DRLKEY.KEY_VALUE
Usage_Transaction_Exception___Domain,Common,JoinTree_1,2,inner,CI_TD_DRLKEY,CI_TD_DRLKEY_TY,CI_TD_DRLKEY.SEQ_NUM == CI_TD_DRLKEY_TY.SEQ_NUM
Usage_Transaction_Exception___Domain,Common,JoinTree_1,3,inner,CI_TD_DRLKEY_TY,CI_TD_ENTRY,CI_TD_DRLKEY_TY.TD_TYPE_CD == CI_TD_ENTRY.TD_TYPE_CD and CI_TD_DRLKEY_TY.TBL_NAME == 'D1_USAGE' and CI_TD_DRLKEY_TY.FLD_NAME == 'D1_USAGE_ID'
Usage_Transaction_Exception___Domain,Common,JoinTree_1,4,inner,CI_TD_DRLKEY,CI_TD_ENTRY,CI_TD_DRLKEY.TD_ENTRY_ID == CI_TD_ENTRY.TD_ENTRY_ID
Usage_Transaction_Exception___Domain,Common,JoinTree_1,5,inner,D1_USAGE_EXCP,D1_USAGE,D1_USAGE_EXCP.D1_USAGE_ID == D1_USAGE.D1_USAGE_ID
Usage_Transaction_Exception___Domain,Common,JoinTree_1,6,inner,D1_USAGE,D1_US_CONTACT,D1_USAGE.US_ID == D1_US_CONTACT.US_ID
Usage_Transaction_Exception___Domain,Common,JoinTree_1,7,inner,D1_US_CONTACT,D1_CONTACT_IDENTIFIER,D1_US_CONTACT.CONTACT_ID == D1_CONTACT_IDENTIFIER.CONTACT_ID and D1_CONTACT_IDENTIFIER.CONTACT_ID_TYPE_FLG == 'D1EI'
Usage_Transaction_Exception___Domain,Common,JoinTree_1,8,inner,D1_CONTACT_IDENTIFIER,CI_PER_NAME,D1_CONTACT_IDENTIFIER.ID_VALUE == CI_PER_NAME.PER_ID and CI_PER_NAME.NAME_TYPE_FLG == 'PRIM'
Usage_Transaction_Exception___Domain,Common,JoinTree_1,9,inner,D1_USAGE_EXCP,CI_LOOKUP_VAL_L,D1_USAGE_EXCP.EXCP_SEVERITY_FLG == CI_LOOKUP_VAL_L.FIELD_VALUE and CI_LOOKUP_VAL_L.FIELD_NAME == 'EXCP_SEVERITY_FLG' and CI_LOOKUP_VAL_L.LANGUAGE_CD == 'ENG'
Usage_Transaction_Exception___Domain,Common,JoinTree_1,10,inner,CI_TD_ENTRY,CI_LOOKUP_VAL_L_2,CI_TD_ENTRY.ENTRY_STATUS_FLG == CI_LOOKUP_VAL_L_2.FIELD_VALUE and CI_LOOKUP_VAL_L_2.FIELD_NAME == 'ENTRY_STATUS_FLG' and CI_LOOKUP_VAL_L_2.LANGUAGE_CD == 'ENG'
Usage_Transaction_Exception___Domain,Common,JoinTree_1,11,inner,CI_TD_ENTRY,CI_LOOKUP_VAL_L_3,CI_TD_ENTRY.TD_PRIORITY_FLG == CI_LOOKUP_VAL_L_3.FIELD_VALUE and CI_LOOKUP_VAL_L_3.FIELD_NAME == 'TD_PRIORITY_FLG' and CI_LOOKUP_VAL_L_3.LANGUAGE_CD == 'ENG'
Usage_Transaction_Exception___Domain,Common,JoinTree_1,12,inner,D1_USAGE_EXCP,F1_BUS_OBJ_L,D1_USAGE_EXCP.BUS_OBJ_CD == F1_BUS_OBJ_L.BUS_OBJ_CD and F1_BUS_OBJ_L.LANGUAGE_CD == 'ENG'
Usage_Transaction_Exception___Domain,Common,JoinTree_1,13,inner,D1_USAGE_EXCP,D1_USAGE_EXCP_TYPE_L,D1_USAGE_EXCP.USAGE_EXCP_TYPE_CD == D1_USAGE_EXCP_TYPE_L.USAGE_EXCP_TYPE_CD and D1_USAGE_EXCP_TYPE_L.LANGUAGE_CD == 'ENG'
Usage_Transaction_Exception___Domain,Common,JoinTree_1,14,inner,D1_USAGE_EXCP,D1_USG_GRP_L,D1_USAGE_EXCP.USG_GRP_CD == D1_USG_GRP_L.USG_GRP_CD and D1_USG_GRP_L.LANGUAGE_CD == 'ENG'
Usage_Transaction_Exception___Domain,Common,JoinTree_1,15,inner,D1_USAGE_EXCP,D1_USG_RULE_L,D1_USAGE_EXCP.USG_RULE_CD == D1_USG_RULE_L.USG_RULE_CD and D1_USG_RULE_L.LANGUAGE_CD == 'ENG' and D1_USAGE_EXCP.USG_GRP_CD == D1_USG_RULE_L.USG_GRP_CD
Usage_Transaction_Exception___Domain,Common,JoinTree_1,16,inner,CI_TD_ENTRY,CI_ROLE_L,CI_TD_ENTRY.ROLE_ID == CI_ROLE_L.ROLE_ID and CI_ROLE_L.LANGUAGE_CD == 'ENG'
Usage_Transaction_Exception___Domain,Common,JoinTree_1,17,inner,CI_TD_ENTRY,CI_TD_TYPE_L,CI_TD_ENTRY.TD_TYPE_CD == CI_TD_TYPE_L.TD_TYPE_CD and CI_TD_TYPE_L.LANGUAGE_CD == 'ENG'
Usage_Transaction_Exception___Domain,Common,JoinTree_1,18,leftOuter,CI_TD_ENTRY,SC_USER,CI_TD_ENTRY.ASSIGNED_TO == SC_USER.USER_ID
Usage_Transaction_Exception___Domain,Common,JoinTree_1,19,leftOuter,CI_TD_ENTRY,SC_USER_1,CI_TD_ENTRY.ASSIGNED_USER_ID == SC_USER_1.USER_ID
Usage_Transaction_Exception___Domain,Common,JoinTree_1,20,leftOuter,CI_TD_ENTRY,SC_USER_2,CI_TD_ENTRY.COMPLETE_USER_ID == SC_USER_2.USER_ID
Usage_Transaction_Exception___Domain,Common,JoinTree_1,21,inner,D1_USAGE_EXCP,CI_LOOKUP_VAL_L_1,D1_USAGE_EXCP.OPEN_CLOSE_FLG == CI_LOOKUP_VAL_L_1.FIELD_VALUE and CI_LOOKUP_VAL_L_1.FIELD_NAME == 'OPEN_CLOSE_FLG' and CI_LOOKUP_VAL_L_1.LANGUAGE_CD == 'ENG'
Usage_Transaction_Exception___Domain,Common,JoinTree_1,22,inner,D1_USAGE,D1_US_SP,D1_USAGE.US_ID == D1_US_SP.US_ID
Usage_Transaction_Exception___Domain,Common,JoinTree_1,23,inner,D1_US_SP,D1_SP,D1_US_SP.D1_SP_ID == D1_SP.D1_SP_ID and D1_SP.BO_STATUS_CD == 'ACTIVE'
Usage_Transaction_Exception___Domain,Common,JoinTree_1,24,inner,D1_SP,CI_ACC_GRP_L,D1_SP.ACCESS_GRP_CD == CI_ACC_GRP_L.ACCESS_GRP_CD and CI_ACC_GRP_L.LANGUAGE_CD == 'ENG'
Usage_Transaction_Exception___Domain,Common,JoinTree_1,25,inner,D1_SP,F1_BUS_OBJ_L_1,D1_SP.BUS_OBJ_CD == F1_BUS_OBJ_L_1.BUS_OBJ_CD and F1_BUS_OBJ_L_1.LANGUAGE_CD == 'ENG'
Usage_Transaction_Exception___Domain,Common,JoinTree_1,26,leftOuter,D1_SP,F1_BUS_OBJ_STATUS_L,D1_SP.BO_STATUS_CD == F1_BUS_OBJ_STATUS_L.BO_STATUS_CD and D1_SP.BUS_OBJ_CD == F1_BUS_OBJ_STATUS_L.BUS_OBJ_CD and F1_BUS_OBJ_STATUS_L.DESCR == 'ENG'
Usage_Transaction_Exception___Domain,Common,JoinTree_1,27,inner,D1_SP,D1_SP_TYPE_L,D1_SP.D1_SP_TYPE_CD == D1_SP_TYPE_L.D1_SP_TYPE_CD and D1_SP_TYPE_L.LANGUAGE_CD == 'ENG'
Usage_Transaction_Exception___Domain,Common,JoinTree_1,28,leftOuter,D1_SP,D1_DIVISION_L,D1_SP.DIVISION_CD == D1_DIVISION_L.DIVISION_CD and D1_DIVISION_L.LANGUAGE_CD == 'ENG'
Usage_Transaction_Exception___Domain,Common,JoinTree_1,29,leftOuter,D1_SP,D1_MKT_L,D1_SP.MKT_CD == D1_MKT_L.MKT_CD and D1_MKT_L.LANGUAGE_CD == 'ENG'
Usage_Transaction_Exception___Domain,Common,JoinTree_1,30,leftOuter,D1_SP,D1_MSRMT_CYC_L,D1_SP.MSRMT_CYC_CD == D1_MSRMT_CYC_L.MSRMT_CYC_CD and D1_MSRMT_CYC_L.LANGUAGE_CD == 'ENG'
Usage_Transaction_Exception___Domain,Common,JoinTree_1,31,leftOuter,D1_SP,D1_MSRMT_CYC_RTE_L,D1_SP.MSRMT_CYC_CD == D1_MSRMT_CYC_RTE_L.MSRMT_CYC_CD and D1_SP.MSRMT_CYC_RTE_CD == D1_MSRMT_CYC_RTE_L.MSRMT_CYC_RTE_CD and D1_MSRMT_CYC_RTE_L.LANGUAGE_CD == 'ENG'
Usage_Transaction_Exception___Domain,Common,JoinTree_1,32,inner,D1_SP,CI_TIME_ZONE_L,D1_SP.TIME_ZONE_CD == CI_TIME_ZONE_L.TIME_ZONE_CD and CI_TIME_ZONE_L.LANGUAGE_CD == 'ENG'
Usage_Transaction_Exception___Domain,Common,JoinTree_1,33,leftOuter,D1_SP,CI_LOOKUP_VAL_L_4,D1_SP.DISCONN_LOC_FLG == CI_LOOKUP_VAL_L_4.FIELD_VALUE and CI_LOOKUP_VAL_L_4.FIELD_NAME == 'DISCONN_LOC_FLG' and CI_LOOKUP_VAL_L_4.LANGUAGE_CD == 'ENG'
Usage_Transaction_Exception___Domain,Common,JoinTree_1,34,inner,D1_SP,CI_LOOKUP_VAL_L_5,D1_SP.SP_SRC_STAT_FLG == CI_LOOKUP_VAL_L_5.FIELD_VALUE and CI_LOOKUP_VAL_L_5.FIELD_NAME == 'SP_SRC_STAT_FLG' and CI_LOOKUP_VAL_L_5.LANGUAGE_CD == 'ENG'
VEE_Exception___Domain,Common,JoinTree_1,1,inner,D1_VEE_EXCP,D1_INIT_MSRMT_DATA,D1_VEE_EXCP.INIT_MSRMT_DATA_ID == D1_INIT_MSRMT_DATA.INIT_MSRMT_DATA_ID
VEE_Exception___Domain,Common,JoinTree_1,2,inner,D1_INIT_MSRMT_DATA,CI_TD_DRLKEY,D1_INIT_MSRMT_DATA.INIT_MSRMT_DATA_ID == CI_TD_DRLKEY.KEY_VALUE
VEE_Exception___Domain,Common,JoinTree_1,3,inner,CI_TD_DRLKEY,CI_TD_DRLKEY_TY,CI_TD_DRLKEY.SEQ_NUM == CI_TD_DRLKEY_TY.SEQ_NUM
VEE_Exception___Domain,Common,JoinTree_1,4,inner,CI_TD_DRLKEY_TY,CI_TD_ENTRY,CI_TD_DRLKEY_TY.TD_TYPE_CD == CI_TD_ENTRY.TD_TYPE_CD and CI_TD_DRLKEY_TY.TBL_NAME == 'D1_INIT_MSRMT_DATA' and CI_TD_DRLKEY_TY.FLD_NAME == 'INIT_MSRMT_DATA_ID'
VEE_Exception___Domain,Common,JoinTree_1,5,inner,CI_TD_DRLKEY,CI_TD_ENTRY,CI_TD_DRLKEY.TD_ENTRY_ID == CI_TD_ENTRY.TD_ENTRY_ID
VEE_Exception___Domain,Common,JoinTree_1,6,inner,D1_INIT_MSRMT_DATA,CMS_PER_NAME,D1_INIT_MSRMT_DATA.INIT_MSRMT_DATA_ID == CMS_PER_NAME.INIT_MSRMT_DATA_ID
VEE_Exception___Domain,Common,JoinTree_1,7,inner,D1_INIT_MSRMT_DATA,D1_MEASR_COMP,D1_INIT_MSRMT_DATA.MEASR_COMP_ID == D1_MEASR_COMP.MEASR_COMP_ID
VEE_Exception___Domain,Common,JoinTree_1,8,inner,D1_MEASR_COMP,D1_DVC_CFG,D1_MEASR_COMP.DEVICE_CONFIG_ID == D1_DVC_CFG.DEVICE_CONFIG_ID
VEE_Exception___Domain,Common,JoinTree_1,9,inner,D1_DVC_CFG,D1_INSTALL_EVT,D1_DVC_CFG.DEVICE_CONFIG_ID == D1_INSTALL_EVT.DEVICE_CONFIG_ID
VEE_Exception___Domain,Common,JoinTree_1,10,inner,D1_INSTALL_EVT,D1_SP,D1_INSTALL_EVT.D1_SP_ID == D1_SP.D1_SP_ID
VEE_Exception___Domain,Common,JoinTree_1,11,leftOuter,D1_VEE_EXCP,F1_BUS_OBJ_STATUS_L,D1_VEE_EXCP.BO_STATUS_CD == F1_BUS_OBJ_STATUS_L.BO_STATUS_CD and D1_VEE_EXCP.BUS_OBJ_CD == F1_BUS_OBJ_STATUS_L.BUS_OBJ_CD and F1_BUS_OBJ_STATUS_L.LANGUAGE_CD == 'ENG'
VEE_Exception___Domain,Common,JoinTree_1,12,inner,D1_VEE_EXCP,F1_BUS_OBJ_L,D1_VEE_EXCP.BUS_OBJ_CD == F1_BUS_OBJ_L.BUS_OBJ_CD and F1_BUS_OBJ_L.LANGUAGE_CD == 'ENG'
VEE_Exception___Domain,Common,JoinTree_1,13,inner,D1_VEE_EXCP,CI_LOOKUP_VAL_L,D1_VEE_EXCP.EXCP_SEVERITY_FLG == CI_LOOKUP_VAL_L.FIELD_VALUE and CI_LOOKUP_VAL_L.FIELD_NAME == 'EXCP_SEVERITY_FLG' and CI_LOOKUP_VAL_L.LANGUAGE_CD == 'ENG'
VEE_Exception___Domain,Common,JoinTree_1,14,inner,D1_VEE_EXCP,D1_EXCP_TYPE_L,D1_VEE_EXCP.EXCP_TYPE_CD == D1_EXCP_TYPE_L.EXCP_TYPE_CD and D1_EXCP_TYPE_L.LANGUAGE_CD == 'ENG'
VEE_Exception___Domain,Common,JoinTree_1,15,inner,D1_VEE_EXCP,CI_LOOKUP_VAL_L_1,D1_VEE_EXCP.OPEN_CLOSE_FLG == CI_LOOKUP_VAL_L_1.FIELD_VALUE and CI_LOOKUP_VAL_L_1.FIELD_NAME == 'OPEN_CLOSE_FLG' and CI_LOOKUP_VAL_L_1.LANGUAGE_CD == 'ENG'
VEE_Exception___Domain,Common,JoinTree_1,16,inner,D1_VEE_EXCP,D1_VEE_GRP_L,D1_VEE_EXCP.VEE_GRP_CD == D1_VEE_GRP_L.VEE_GRP_CD and D1_VEE_GRP_L.LANGUAGE_CD == 'ENG'
VEE_Exception___Domain,Common,JoinTree_1,17,inner,D1_VEE_EXCP,D1_VEE_RULE_L,D1_VEE_EXCP.VEE_RULE_CD == D1_VEE_RULE_L.VEE_RULE_CD and D1_VEE_EXCP.VEE_GRP_CD == D1_VEE_RULE_L.VEE_GRP_CD and D1_VEE_RULE_L.LANGUAGE_CD == 'ENG'
VEE_Exception___Domain,Common,JoinTree_1,18,inner,D1_SP,F1_BUS_OBJ_L_1,D1_SP.BUS_OBJ_CD == F1_BUS_OBJ_L_1.BUS_OBJ_CD and F1_BUS_OBJ_L_1.LANGUAGE_CD == 'ENG'
VEE_Exception___Domain,Common,JoinTree_1,19,inner,D1_SP,F1_BUS_OBJ_STATUS_L_1,D1_SP.BO_STATUS_CD == F1_BUS_OBJ_STATUS_L_1.BO_STATUS_CD and D1_SP.BUS_OBJ_CD == F1_BUS_OBJ_STATUS_L_1.BUS_OBJ_CD and F1_BUS_OBJ_STATUS_L_1.LANGUAGE_CD == 'ENG'
VEE_Exception___Domain,Common,JoinTree_1,20,leftOuter,D1_SP,CI_LOOKUP_VAL_L_3,D1_SP.DISCONN_LOC_FLG == CI_LOOKUP_VAL_L_3.FIELD_VALUE and CI_LOOKUP_VAL_L_3.FIELD_NAME == 'DISCONN_LOC_FLG' and CI_LOOKUP_VAL_L_3.LANGUAGE_CD == 'ENG'
VEE_Exception___Domain,Common,JoinTree_1,21,leftOuter,D1_SP,D1_MKT_L,D1_SP.MKT_CD == D1_MKT_L.MKT_CD and D1_MKT_L.LANGUAGE_CD == 'ENG'
VEE_Exception___Domain,Common,JoinTree_1,22,leftOuter,D1_SP,D1_MSRMT_CYC_L,D1_SP.MSRMT_CYC_CD == D1_MSRMT_CYC_L.MSRMT_CYC_CD and D1_MSRMT_CYC_L.LANGUAGE_CD == 'ENG'
VEE_Exception___Domain,Common,JoinTree_1,23,leftOuter,D1_SP,D1_MSRMT_CYC_RTE_L,D1_SP.MSRMT_CYC_RTE_CD == D1_MSRMT_CYC_RTE_L.MSRMT_CYC_RTE_CD and D1_MSRMT_CYC_RTE_L.MSRMT_CYC_CD == D1_SP.MSRMT_CYC_CD and D1_MSRMT_CYC_RTE_L.LANGUAGE_CD == 'ENG'
VEE_Exception___Domain,Common,JoinTree_1,24,inner,D1_SP,CI_TIME_ZONE_L,D1_SP.TIME_ZONE_CD == CI_TIME_ZONE_L.TIME_ZONE_CD and CI_TIME_ZONE_L.LANGUAGE_CD == 'ENG'
VEE_Exception___Domain,Common,JoinTree_1,25,inner,D1_SP,CI_LOOKUP_VAL_L_4,D1_SP.SP_SRC_STAT_FLG == CI_LOOKUP_VAL_L_4.FIELD_VALUE and CI_LOOKUP_VAL_L_4.FIELD_NAME == 'SP_SRC_STAT_FLG' and CI_LOOKUP_VAL_L_4.LANGUAGE_CD == 'ENG'
VEE_Exception___Domain,Common,JoinTree_1,26,leftOuter,CI_TD_ENTRY,SC_USER,CI_TD_ENTRY.ASSIGNED_TO == SC_USER.USER_ID
VEE_Exception___Domain,Common,JoinTree_1,27,leftOuter,CI_TD_ENTRY,SC_USER_1,CI_TD_ENTRY.ASSIGNED_USER_ID == SC_USER_1.USER_ID
VEE_Exception___Domain,Common,JoinTree_1,28,leftOuter,CI_TD_ENTRY,SC_USER_2,CI_TD_ENTRY.COMPLETE_USER_ID == SC_USER_2.USER_ID
VEE_Exception___Domain,Common,JoinTree_1,29,inner,CI_TD_ENTRY,CI_ROLE_L,CI_TD_ENTRY.ROLE_ID == CI_ROLE_L.ROLE_ID and CI_ROLE_L.LANGUAGE_CD == 'ENG'
VEE_Exception___Domain,Common,JoinTree_1,30,inner,CI_TD_ENTRY,CI_LOOKUP_VAL_L_5,CI_TD_ENTRY.TD_PRIORITY_FLG == CI_LOOKUP_VAL_L_5.FIELD_VALUE and CI_LOOKUP_VAL_L_5.FIELD_NAME == 'TD_PRIORITY_FLG' and CI_LOOKUP_VAL_L_5.LANGUAGE_CD == 'ENG'
VEE_Exception___Domain,Common,JoinTree_1,31,inner,CI_TD_ENTRY,CI_TD_TYPE_L,CI_TD_ENTRY.TD_TYPE_CD == CI_TD_TYPE_L.TD_TYPE_CD and CI_TD_TYPE_L.LANGUAGE_CD == 'ENG'
VEE_Exception___Domain,Common,JoinTree_1,32,inner,D1_SP,D1_SP_TYPE_L,D1_SP.D1_SP_TYPE_CD == D1_SP_TYPE_L.D1_SP_TYPE_CD and D1_SP_TYPE_L.LANGUAGE_CD == 'ENG'
VEE_Exception___Domain,Common,JoinTree_1,33,inner,CI_TD_ENTRY,CI_LOOKUP_VAL_L_6,CI_TD_ENTRY.ENTRY_STATUS_FLG == CI_LOOKUP_VAL_L_6.FIELD_VALUE and CI_LOOKUP_VAL_L_6.FIELD_NAME == 'ENTRY_STATUS_FLG' and CI_LOOKUP_VAL_L_6.LANGUAGE_CD == 'ENG'
Account_Alert___Domain,Customer Operations,JoinTree_1,1,inner,CI_ACCT,CI_ACCT_ALERT,CI_ACCT.ACCT_ID == CI_ACCT_ALERT.ACCT_ID
Account_Alert___Domain,Customer Operations,JoinTree_1,2,inner,CI_ACCT,CI_ACCT_PER,CI_ACCT.ACCT_ID == CI_ACCT_PER.ACCT_ID and CI_ACCT_PER.MAIN_CUST_SW == 'Y'
Account_Alert___Domain,Customer Operations,JoinTree_1,3,inner,CI_ACCT_ALERT,CI_ALERT_TYPE_L,CI_ACCT_ALERT.ALERT_TYPE_CD == CI_ALERT_TYPE_L.ALERT_TYPE_CD and CI_ALERT_TYPE_L.LANGUAGE_CD == 'ENG'
Account_Alert___Domain,Customer Operations,JoinTree_1,4,leftOuter,CI_ACCT,CI_BILL_CYC_L,CI_ACCT.BILL_CYC_CD == CI_BILL_CYC_L.BILL_CYC_CD and CI_BILL_CYC_L.LANGUAGE_CD == 'ENG'
Account_Alert___Domain,Customer Operations,JoinTree_1,5,leftOuter,CI_ACCT,CI_CIS_DIVISION_L,CI_ACCT.CIS_DIVISION == CI_CIS_DIVISION_L.CIS_DIVISION and CI_CIS_DIVISION_L.LANGUAGE_CD == 'ENG'
Account_Alert___Domain,Customer Operations,JoinTree_1,6,inner,CI_ACCT,CI_COLL_CL_L,CI_ACCT.COLL_CL_CD == CI_COLL_CL_L.COLL_CL_CD and CI_COLL_CL_L.LANGUAGE_CD == 'ENG'
Account_Alert___Domain,Customer Operations,JoinTree_1,7,inner,CI_ACCT,CI_CUST_CL_L,CI_ACCT.CUST_CL_CD == CI_CUST_CL_L.CUST_CL_CD and CI_CUST_CL_L.LANGUAGE_CD == 'ENG'
Account_Alert___Domain,Customer Operations,JoinTree_1,8,leftOuter,CI_ACCT,CI_BUD_PLAN_L,CI_ACCT.BUD_PLAN_CD == CI_BUD_PLAN_L.BUD_PLAN_CD and CI_BUD_PLAN_L.LANGUAGE_CD == 'ENG'
Account_Alert___Domain,Customer Operations,JoinTree_1,9,leftOuter,CI_ACCT,SC_USER,CI_ACCT.BILL_PRT_INTERCEPT == SC_USER.USER_ID
Account_Alert___Domain,Customer Operations,JoinTree_1,10,inner,CI_ACCT_PER,CI_PER_NAME,CI_ACCT_PER.PER_ID == CI_PER_NAME.PER_ID and CI_PER_NAME.NAME_TYPE_FLG == 'PRIM' and CI_ACCT_PER.MAIN_CUST_SW == 'Y'
Account_Alert___Domain,Customer Operations,JoinTree_1,11,leftOuter,CI_ACCT,CI_SA,CI_ACCT.ACCT_ID == CI_SA.ACCT_ID
Account_Alert___Domain,Customer Operations,JoinTree_1,12,leftOuter,CI_SA,CI_BSEG,CI_SA.SA_ID == CI_BSEG.SA_ID
Account_Alert___Domain,Customer Operations,JoinTree_1,13,inner,CI_BSEG,CI_BSEG_CALC,CI_BSEG.BSEG_ID == CI_BSEG_CALC.BSEG_ID
Account_Alert___Domain,Customer Operations,JoinTree_1,14,leftOuter,CI_BSEG,FT_GL_SUMMARY,CI_BSEG.BSEG_ID == FT_GL_SUMMARY.SIBLING_ID
Account_Alert___Domain,Customer Operations,JoinTree_1,15,leftOuter,CI_ACCT_PER,C1_PER_CONTDET,CI_ACCT_PER.PER_ID == C1_PER_CONTDET.PER_ID
Account_Characteristics___Domain,Customer Operations,JoinTree_2,1,leftOuter,CI_ACCT,CI_ACCT_CHAR,CI_ACCT.ACCT_ID == CI_ACCT_CHAR.ACCT_ID
Account_Characteristics___Domain,Customer Operations,JoinTree_2,2,leftOuter,CI_ACCT_PER,CI_ACCT,CI_ACCT_PER.ACCT_ID == CI_ACCT.ACCT_ID and CI_ACCT_PER.MAIN_CUST_SW == 'Y'
Account_Characteristics___Domain,Customer Operations,JoinTree_2,3,leftOuter,CI_PER,CI_ACCT_PER,CI_PER.PER_ID == CI_ACCT_PER.PER_ID
Account_Characteristics___Domain,Customer Operations,JoinTree_2,4,leftOuter,CI_CHAR_TYPE_L,CI_ACCT_CHAR,CI_CHAR_TYPE_L.CHAR_TYPE_CD == CI_ACCT_CHAR.CHAR_TYPE_CD and CI_CHAR_TYPE_L.LANGUAGE_CD == 'ENG'
C_Side___Domain,Customer Operations,JoinTree_1,1,inner,CI_SA,CI_SA_TYPE,CI_SA.CIS_DIVISION == CI_SA_TYPE.CIS_DIVISION and CI_SA.SA_TYPE_CD == CI_SA_TYPE.SA_TYPE_CD
C_Side___Domain,Customer Operations,JoinTree_1,2,inner,CI_SA_TYPE,CI_SA_TYPE_L,CI_SA_TYPE.CIS_DIVISION == CI_SA_TYPE_L.CIS_DIVISION and CI_SA_TYPE.SA_TYPE_CD == CI_SA_TYPE_L.SA_TYPE_CD and CI_SA_TYPE_L.LANGUAGE_CD == 'ENG'
C_Side___Domain,Customer Operations,JoinTree_1,3,inner,CI_SA,CI_ACCT,CI_SA.ACCT_ID == CI_ACCT.ACCT_ID
C_Side___Domain,Customer Operations,JoinTree_1,4,inner,CI_SA,CI_ACCT_PER,CI_SA.ACCT_ID == CI_ACCT_PER.ACCT_ID and CI_ACCT_PER.MAIN_CUST_SW == 'Y'
C_Side___Domain,Customer Operations,JoinTree_1,5,leftOuter,CI_ACCT,CI_BILL_CYC_L,CI_ACCT.BILL_CYC_CD == CI_BILL_CYC_L.BILL_CYC_CD and CI_BILL_CYC_L.LANGUAGE_CD == 'ENG'
C_Side___Domain,Customer Operations,JoinTree_1,6,inner,CI_ACCT,CI_COLL_CL_L,CI_ACCT.COLL_CL_CD == CI_COLL_CL_L.COLL_CL_CD and CI_COLL_CL_L.LANGUAGE_CD == 'ENG'
C_Side___Domain,Customer Operations,JoinTree_1,7,inner,CI_ACCT,CI_CUST_CL_L,CI_ACCT.CUST_CL_CD == CI_CUST_CL_L.CUST_CL_CD and CI_CUST_CL_L.LANGUAGE_CD == 'ENG'
C_Side___Domain,Customer Operations,JoinTree_1,8,leftOuter,CI_ACCT,CI_BUD_PLAN_L,CI_ACCT.BUD_PLAN_CD == CI_BUD_PLAN_L.BUD_PLAN_CD and CI_BUD_PLAN_L.LANGUAGE_CD == 'ENG'
C_Side___Domain,Customer Operations,JoinTree_1,9,leftOuter,CI_ACCT,SC_USER,CI_ACCT.BILL_PRT_INTERCEPT == SC_USER.USER_ID
C_Side___Domain,Customer Operations,JoinTree_1,10,inner,CI_SA,CI_CIS_DIVISION_L,CI_SA.CIS_DIVISION == CI_CIS_DIVISION_L.CIS_DIVISION and CI_CIS_DIVISION_L.LANGUAGE_CD == 'ENG'
C_Side___Domain,Customer Operations,JoinTree_1,11,leftOuter,CI_SA,CI_NB_RULE_L,CI_SA.NB_RULE_CD == CI_NB_RULE_L.NB_RULE_CD and CI_NB_RULE_L.LANGUAGE_CD == 'ENG'
C_Side___Domain,Customer Operations,JoinTree_1,12,leftOuter,CI_SA,CI_PROP_DCL_RSN_L,CI_SA.PROP_DCL_RSN_CD == CI_PROP_DCL_RSN_L.PROP_DCL_RSN_CD and CI_PROP_DCL_RSN_L.LANGUAGE_CD == 'ENG'
C_Side___Domain,Customer Operations,JoinTree_1,13,leftOuter,CI_SA,CI_LOOKUP_VAL_L,CI_SA.PROP_SA_STAT_FLG == CI_LOOKUP_VAL_L.FIELD_VALUE and CI_LOOKUP_VAL_L.FIELD_NAME == 'PROP_SA_STAT_FLG' and CI_LOOKUP_VAL_L.LANGUAGE_CD == 'ENG'
C_Side___Domain,Customer Operations,JoinTree_1,14,inner,CI_SA,CI_LOOKUP_VAL_L_1,CI_SA.SA_STATUS_FLG == CI_LOOKUP_VAL_L_1.FIELD_VALUE and CI_LOOKUP_VAL_L_1.FIELD_NAME == 'SA_STATUS_FLG' and CI_LOOKUP_VAL_L_1.LANGUAGE_CD == 'ENG'
C_Side___Domain,Customer Operations,JoinTree_1,15,leftOuter,CI_SA,CI_SIC_L,CI_SA.SIC_CD == CI_SIC_L.SIC_CD and CI_SIC_L.LANGUAGE_CD == 'ENG'
C_Side___Domain,Customer Operations,JoinTree_1,16,leftOuter,CI_SA,CI_LOOKUP_VAL_L_2,CI_SA.SPECIAL_USAGE_FLG == CI_LOOKUP_VAL_L_2.FIELD_VALUE and CI_LOOKUP_VAL_L_2.FIELD_NAME == 'SPECIAL_USAGE_FLG' and CI_LOOKUP_VAL_L_2.LANGUAGE_CD == 'ENG'
C_Side___Domain,Customer Operations,JoinTree_1,17,leftOuter,CI_SA,CI_SS_OPT_L,CI_SA.START_OPT_CD == CI_SS_OPT_L.START_OPT_CD and CI_SS_OPT_L.LANGUAGE_CD == 'ENG'
C_Side___Domain,Customer Operations,JoinTree_1,18,leftOuter,CI_SA,CI_LOOKUP_VAL_L_3,CI_SA.STRT_RSN_FLG == CI_LOOKUP_VAL_L_3.FIELD_VALUE and CI_LOOKUP_VAL_L_3.FIELD_NAME == 'STRT_RSN_FLG' and CI_LOOKUP_VAL_L_3.LANGUAGE_CD == 'ENG'
C_Side___Domain,Customer Operations,JoinTree_1,19,leftOuter,CI_SA,CI_LOOKUP_VAL_L_4,CI_SA.STOP_RSN_FLG == CI_LOOKUP_VAL_L_4.FIELD_VALUE and CI_LOOKUP_VAL_L_4.FIELD_NAME == 'STOP_RSN_FLG' and CI_LOOKUP_VAL_L_4.LANGUAGE_CD == 'ENG'
C_Side___Domain,Customer Operations,JoinTree_1,20,inner,CI_SA_TYPE,CI_DEBT_CL_L,CI_SA_TYPE.DEBT_CL_CD == CI_DEBT_CL_L.DEBT_CL_CD and CI_DEBT_CL_L.LANGUAGE_CD == 'ENG'
C_Side___Domain,Customer Operations,JoinTree_1,21,leftOuter,CI_SA_TYPE,CI_DEP_CL_L,CI_SA_TYPE.DEP_CL_CD == CI_DEP_CL_L.DEP_CL_CD and CI_DEP_CL_L.LANGUAGE_CD == 'ENG'
C_Side___Domain,Customer Operations,JoinTree_1,22,inner,CI_SA_TYPE,CI_REV_CL_L,CI_SA_TYPE.REV_CL_CD == CI_REV_CL_L.REV_CL_CD and CI_REV_CL_L.LANGUAGE_CD == 'ENG'
C_Side___Domain,Customer Operations,JoinTree_1,23,leftOuter,CI_SA_TYPE,CI_LOOKUP_VAL_L_5,CI_SA_TYPE.SPECIAL_ROLE_FLG == CI_LOOKUP_VAL_L_5.FIELD_VALUE and CI_LOOKUP_VAL_L_5.FIELD_NAME == 'SPECIAL_ROLE_FLG' and CI_LOOKUP_VAL_L_5.LANGUAGE_CD == 'ENG'
C_Side___Domain,Customer Operations,JoinTree_1,24,inner,CI_SA_TYPE,CI_SVC_TYPE_L,CI_SA_TYPE.SVC_TYPE_CD == CI_SVC_TYPE_L.SVC_TYPE_CD and CI_SVC_TYPE_L.LANGUAGE_CD == 'ENG'
C_Side___Domain,Customer Operations,JoinTree_1,25,inner,CI_SA_TYPE,CI_WO_DEBT_CL_L,CI_SA_TYPE.WO_DEBT_CL_CD == CI_WO_DEBT_CL_L.WO_DEBT_CL_CD and CI_WO_DEBT_CL_L.LANGUAGE_CD == 'ENG'
C_Side___Domain,Customer Operations,JoinTree_1,26,leftOuter,CI_SA,CM_FT_BAL,CI_SA.SA_ID == CM_FT_BAL.SA_ID
C_Side___Domain,Customer Operations,JoinTree_1,27,inner,CI_ACCT_PER,CI_PER,CI_ACCT_PER.PER_ID == CI_PER.PER_ID
C_Side___Domain,Customer Operations,JoinTree_1,28,inner,CI_PER,CI_LOOKUP_VAL_L_6,CI_PER.PER_OR_BUS_FLG == CI_LOOKUP_VAL_L_6.FIELD_VALUE and CI_LOOKUP_VAL_L_6.FIELD_NAME == 'PER_OR_BUS_FLG' and CI_LOOKUP_VAL_L_6.LANGUAGE_CD == 'ENG'
C_Side___Domain,Customer Operations,JoinTree_1,29,inner,CI_ACCT_PER,CI_PER_NAME,CI_ACCT_PER.PER_ID == CI_PER_NAME.PER_ID and CI_ACCT_PER.MAIN_CUST_SW == 'Y' and CI_PER_NAME.NAME_TYPE_FLG == 'PRIM'
Case___Domain,Customer Operations,JoinTree_1,1,leftOuter,CI_CASE,CI_PREM,CI_CASE.PREM_ID == CI_PREM.PREM_ID
Case___Domain,Customer Operations,JoinTree_1,2,leftOuter,CI_CASE,CI_ACCT,CI_CASE.ACCT_ID == CI_ACCT.ACCT_ID
Case___Domain,Customer Operations,JoinTree_1,3,leftOuter,CI_CASE,CI_PER_NAME,CI_CASE.PER_ID == CI_PER_NAME.PER_ID and CI_PER_NAME.NAME_TYPE_FLG == 'PRIM'
Case___Domain,Customer Operations,JoinTree_1,4,inner,CI_CASE,CMS_CI_CASE_VW,CI_CASE.CASE_ID == CMS_CI_CASE_VW.CASE_ID
Case___Domain,Customer Operations,JoinTree_1,5,inner,CI_CASE,CI_CASE_TYPE_L,CI_CASE.CASE_TYPE_CD == CI_CASE_TYPE_L.CASE_TYPE_CD and CI_CASE_TYPE_L.LANGUAGE_CD == 'ENG'
Case___Domain,Customer Operations,JoinTree_1,6,inner,CI_CASE,CI_CASE_STATUS_L,CI_CASE.CASE_TYPE_CD == CI_CASE_STATUS_L.CASE_TYPE_CD and CI_CASE.CASE_STATUS_CD == CI_CASE_STATUS_L.CASE_STATUS_CD and CI_CASE_STATUS_L.LANGUAGE_CD == 'ENG'
Case___Domain,Customer Operations,JoinTree_1,7,inner,CI_CASE,CI_LOOKUP_VAL_L,CI_CASE.CASE_COND_FLG == CI_LOOKUP_VAL_L.FIELD_VALUE and CI_LOOKUP_VAL_L.FIELD_NAME == 'CASE_COND_FLG' and CI_LOOKUP_VAL_L.LANGUAGE_CD == 'ENG'
Case___Domain,Customer Operations,JoinTree_1,8,inner,CI_CASE,SC_USER,CI_CASE.USER_ID == SC_USER.USER_ID
Case___Domain,Customer Operations,JoinTree_1,9,leftOuter,CI_CASE,CI_PHONE_TYPE_L,CI_CASE.PHONE_TYPE_CD == CI_PHONE_TYPE_L.PHONE_TYPE_CD and CI_PHONE_TYPE_L.LANGUAGE_CD == 'ENG'
Case___Domain,Customer Operations,JoinTree_1,10,leftOuter,CI_ACCT,CI_BILL_CYC_L,CI_ACCT.BILL_CYC_CD == CI_BILL_CYC_L.BILL_CYC_CD and CI_BILL_CYC_L.LANGUAGE_CD == 'ENG'
Case___Domain,Customer Operations,JoinTree_1,11,leftOuter,CI_ACCT,CI_ACCT_MGMT_GR_L,CI_ACCT.ACCT_MGMT_GRP_CD == CI_ACCT_MGMT_GR_L.ACCT_MGMT_GRP_CD and CI_ACCT_MGMT_GR_L.LANGUAGE_CD == 'ENG'
Case___Domain,Customer Operations,JoinTree_1,12,leftOuter,CI_ACCT,CI_COLL_CL_L,CI_ACCT.COLL_CL_CD == CI_COLL_CL_L.COLL_CL_CD and CI_COLL_CL_L.LANGUAGE_CD == 'ENG'
Case___Domain,Customer Operations,JoinTree_1,13,leftOuter,CI_ACCT,CI_CUST_CL_L,CI_ACCT.CUST_CL_CD == CI_CUST_CL_L.CUST_CL_CD and CI_CUST_CL_L.LANGUAGE_CD == 'ENG'
Case___Domain,Customer Operations,JoinTree_1,14,leftOuter,CI_ACCT,CI_BUD_PLAN_L,CI_ACCT.BUD_PLAN_CD == CI_BUD_PLAN_L.BUD_PLAN_CD and CI_BUD_PLAN_L.LANGUAGE_CD == 'ENG'
Case___Domain,Customer Operations,JoinTree_1,15,leftOuter,CI_PREM,CI_PREM_TYPE_L,CI_PREM.PREM_TYPE_CD == CI_PREM_TYPE_L.PREM_TYPE_CD and CI_PREM_TYPE_L.LANGUAGE_CD == 'ENG'
Case___Domain,Customer Operations,JoinTree_1,16,leftOuter,CI_PREM,CI_MR_INSTR_L,CI_PREM.MR_INSTR_CD == CI_MR_INSTR_L.MR_INSTR_CD and CI_MR_INSTR_L.LANGUAGE_CD == 'ENG'
Case___Domain,Customer Operations,JoinTree_1,17,leftOuter,CI_PREM,CI_MR_WARN_L,CI_PREM.MR_WARN_CD == CI_MR_WARN_L.MR_WARN_CD and CI_MR_WARN_L.LANGUAGE_CD == 'ENG'
Case___Domain,Customer Operations,JoinTree_1,18,leftOuter,CI_PREM,CI_TREND_AREA_L,CI_PREM.TREND_AREA_CD == CI_TREND_AREA_L.TREND_AREA_CD and CI_TREND_AREA_L.LANGUAGE_CD == 'ENG'
Case___Domain,Customer Operations,JoinTree_1,19,leftOuter,CI_PREM,CI_TIME_ZONE_L,CI_PREM.TIME_ZONE_CD == CI_TIME_ZONE_L.TIME_ZONE_CD and CI_TIME_ZONE_L.LANGUAGE_CD == 'ENG'
Case___Domain,Customer Operations,JoinTree_4,20,inner,CMS_CI_CASE_LOG_VW,CI_PER_NAME_1,CMS_CI_CASE_LOG_VW.PER_ID == CI_PER_NAME_1.PER_ID and CI_PER_NAME_1.NAME_TYPE_FLG == 'PRIM'
Case___Domain,Customer Operations,JoinTree_4,21,inner,CMS_CI_CASE_LOG_VW,CI_LOOKUP_VAL_L_1,CMS_CI_CASE_LOG_VW.CASE_LOG_TYPE_FLG == CI_LOOKUP_VAL_L_1.FIELD_VALUE and CI_LOOKUP_VAL_L_1.FIELD_NAME == 'CASE_LOG_TYPE_FLG' and CI_LOOKUP_VAL_L_1.LANGUAGE_CD == 'ENG'
Case___Domain,Customer Operations,JoinTree_4,22,inner,CMS_CI_CASE_LOG_VW,CI_CASE_TYPE_L_1,CMS_CI_CASE_LOG_VW.CASE_TYPE_CD == CI_CASE_TYPE_L_1.CASE_TYPE_CD and CI_CASE_TYPE_L_1.LANGUAGE_CD == 'ENG'
Case___Domain,Customer Operations,JoinTree_4,23,inner,CMS_CI_CASE_LOG_VW,CI_CASE_STATUS_L_1,CMS_CI_CASE_LOG_VW.CASE_STATUS_CD == CI_CASE_STATUS_L_1.CASE_STATUS_CD and CI_CASE_STATUS_L_1.LANGUAGE_CD == 'ENG' and CMS_CI_CASE_LOG_VW.CASE_TYPE_CD == CI_CASE_STATUS_L_1.CASE_TYPE_CD
Case___Domain,Customer Operations,JoinTree_4,24,leftOuter,CMS_CI_CASE_LOG_VW,CI_CASE_STATUS_L_2,CMS_CI_CASE_LOG_VW.PREV_CASE_STATUS_CD == CI_CASE_STATUS_L_2.CASE_STATUS_CD and CI_CASE_STATUS_L_2.LANGUAGE_CD == 'ENG' and CMS_CI_CASE_LOG_VW.CASE_TYPE_CD == CI_CASE_STATUS_L_2.CASE_TYPE_CD
Case___Domain,Customer Operations,JoinTree_4,25,inner,CMS_CI_CASE_LOG_VW,SC_USER_1,CMS_CI_CASE_LOG_VW.USER_ID == SC_USER_1.USER_ID
Customer_Contact___Domain,Customer Operations,JoinTree_1,1,inner,CI_CC,CI_PER_NAME,CI_CC.PER_ID == CI_PER_NAME.PER_ID and CI_PER_NAME.NAME_TYPE_FLG == 'PRIM'
Customer_Contact___Domain,Customer Operations,JoinTree_1,2,leftOuter,CI_CC,CI_ACCT,CI_CC.ACCT_ID == CI_ACCT.ACCT_ID
Customer_Contact___Domain,Customer Operations,JoinTree_1,3,leftOuter,CI_CC,CI_PREM,CI_CC.PREM_ID == CI_PREM.PREM_ID
Customer_Contact___Domain,Customer Operations,JoinTree_1,4,inner,CI_CC,SC_USER,CI_CC.USER_ID == SC_USER.USER_ID
Customer_Contact___Domain,Customer Operations,JoinTree_1,5,inner,CI_CC,CI_CC_CL_L,CI_CC.CC_CL_CD == CI_CC_CL_L.CC_CL_CD and CI_CC_CL_L.LANGUAGE_CD == 'ENG'
Customer_Contact___Domain,Customer Operations,JoinTree_1,6,inner,CI_CC,CI_CC_TYPE_L,CI_CC.CC_CL_CD == CI_CC_TYPE_L.CC_CL_CD and CI_CC.CC_TYPE_CD == CI_CC_TYPE_L.CC_TYPE_CD and CI_CC_TYPE_L.LANGUAGE_CD == 'ENG'
Customer_Contact___Domain,Customer Operations,JoinTree_1,7,leftOuter,CI_CC,CI_LOOKUP_VAL_L,CI_CC.CC_ENTITY_FLG == CI_LOOKUP_VAL_L.FIELD_VALUE and CI_LOOKUP_VAL_L.FIELD_NAME == 'CC_ENTITY_FLG' and CI_LOOKUP_VAL_L.LANGUAGE_CD == 'ENG'
Customer_Contact___Domain,Customer Operations,JoinTree_1,8,leftOuter,CI_CC,CI_LETTER_TMPL_L,CI_CC.LTR_TMPL_CD == CI_LETTER_TMPL_L.LTR_TMPL_CD and CI_LETTER_TMPL_L.LANGUAGE_CD == 'ENG'
Customer_Contact___Domain,Customer Operations,JoinTree_1,9,leftOuter,CI_CC,CI_LOOKUP_VAL_L_1,CI_CC.CC_STATUS_FLG == CI_LOOKUP_VAL_L_1.FIELD_VALUE and CI_LOOKUP_VAL_L_1.FIELD_NAME == 'CC_STATUS_FLG' and CI_LOOKUP_VAL_L_1.LANGUAGE_CD == 'ENG'
Customer_Contact___Domain,Customer Operations,JoinTree_1,10,leftOuter,CI_CC,CI_LOOKUP_VAL_L_2,CI_CC.CONTACT_METH_FLG == CI_LOOKUP_VAL_L_2.FIELD_VALUE and CI_LOOKUP_VAL_L_2.FIELD_NAME == 'CONTACT_METH_FLG' and CI_LOOKUP_VAL_L_2.LANGUAGE_CD == 'ENG'
Customer_Contact___Domain,Customer Operations,JoinTree_1,11,leftOuter,CI_ACCT,CI_BILL_CYC_L,CI_ACCT.BILL_CYC_CD == CI_BILL_CYC_L.BILL_CYC_CD and CI_BILL_CYC_L.LANGUAGE_CD == 'ENG'
Customer_Contact___Domain,Customer Operations,JoinTree_1,12,leftOuter,CI_ACCT,CI_CUST_CL_L,CI_ACCT.CUST_CL_CD == CI_CUST_CL_L.CUST_CL_CD and CI_CUST_CL_L.LANGUAGE_CD == 'ENG'
Customer_Contact___Domain,Customer Operations,JoinTree_1,13,leftOuter,CI_ACCT,CI_COLL_CL_L,CI_ACCT.COLL_CL_CD == CI_COLL_CL_L.COLL_CL_CD and CI_COLL_CL_L.LANGUAGE_CD == 'ENG'
Customer_Contact___Domain,Customer Operations,JoinTree_1,14,leftOuter,CI_ACCT,CI_ACCT_MGMT_GR_L,CI_ACCT.ACCT_MGMT_GRP_CD == CI_ACCT_MGMT_GR_L.ACCT_MGMT_GRP_CD and CI_ACCT_MGMT_GR_L.LANGUAGE_CD == 'ENG'
Customer_Contact___Domain,Customer Operations,JoinTree_1,15,leftOuter,CI_ACCT,CI_BUD_PLAN_L,CI_ACCT.BUD_PLAN_CD == CI_BUD_PLAN_L.BUD_PLAN_CD and CI_BUD_PLAN_L.LANGUAGE_CD == 'ENG'
Customer_Contact___Domain,Customer Operations,JoinTree_1,16,leftOuter,CI_PREM,CI_PREM_TYPE_L,CI_PREM.PREM_TYPE_CD == CI_PREM_TYPE_L.PREM_TYPE_CD and CI_PREM_TYPE_L.LANGUAGE_CD == 'ENG'
Customer_Contact___Domain,Customer Operations,JoinTree_1,17,leftOuter,CI_PREM,CI_MR_WARN_L,CI_PREM.MR_WARN_CD == CI_MR_WARN_L.MR_WARN_CD
Customer_Contact___Domain,Customer Operations,JoinTree_1,18,leftOuter,CI_PREM,CI_MR_INSTR_L,CI_PREM.MR_INSTR_CD == CI_MR_INSTR_L.MR_INSTR_CD and CI_MR_INSTR_L.LANGUAGE_CD == 'ENG'
Customer_Contact___Domain,Customer Operations,JoinTree_1,19,leftOuter,CI_PREM,CI_TIME_ZONE_L,CI_PREM.TIME_ZONE_CD == CI_TIME_ZONE_L.TIME_ZONE_CD and CI_TIME_ZONE_L.LANGUAGE_CD == 'ENG'
Customer___Domain,Customer Operations,JoinTree_1,1,inner,CI_PER,CMS_CI_PER_ID_VW,CI_PER.PER_ID == CMS_CI_PER_ID_VW.PER_ID
Customer___Domain,Customer Operations,JoinTree_1,2,leftOuter,CI_PER,CMS_CI_PER_CHAR_VW,CI_PER.PER_ID == CMS_CI_PER_CHAR_VW.PER_ID
Customer___Domain,Customer Operations,JoinTree_1,3,leftOuter,CI_PER,CMS_CI_PER_PER_VW,CI_PER.PER_ID == CMS_CI_PER_PER_VW.PER_ID1
Customer___Domain,Customer Operations,JoinTree_1,4,inner,CI_PER,CMS_CI_PER_NAME_VW,CI_PER.PER_ID == CMS_CI_PER_NAME_VW.PER_ID
Customer___Domain,Customer Operations,JoinTree_1,5,leftOuter,CI_PER,CMS_CI_PER_CONTDET_VW,CI_PER.PER_ID == CMS_CI_PER_CONTDET_VW.PER_ID
Customer___Domain,Customer Operations,JoinTree_1,6,inner,CI_PER,CI_LOOKUP_VAL_L,CI_PER.PER_OR_BUS_FLG == CI_LOOKUP_VAL_L.FIELD_VALUE and CI_LOOKUP_VAL_L.FIELD_NAME == 'PER_OR_BUS_FLG' and CI_LOOKUP_VAL_L.LANGUAGE_CD == 'ENG'
Customer___Domain,Customer Operations,JoinTree_1,7,inner,CI_PER,CI_LOOKUP_VAL_L_1,CI_PER.LS_SL_FLG == CI_LOOKUP_VAL_L_1.FIELD_VALUE and CI_LOOKUP_VAL_L_1.FIELD_NAME == 'LS_SL_FLG' and CI_LOOKUP_VAL_L_1.LANGUAGE_CD == 'ENG'
Customer___Domain,Customer Operations,JoinTree_1,8,leftOuter,CI_PER,CI_LOOKUP_VAL_L_2,CI_PER.RECV_MKTG_INFO_FLG == CI_LOOKUP_VAL_L_2.FIELD_VALUE and CI_LOOKUP_VAL_L_2.FIELD_NAME == 'RECV_MKTG_INFO_FLG' and CI_LOOKUP_VAL_L_2.LANGUAGE_CD == 'ENG'
Customer___Domain,Customer Operations,JoinTree_1,9,leftOuter,CI_PER,CI_LOOKUP_VAL_L_3,CI_PER.WEB_PWD_HINT_FLG == CI_LOOKUP_VAL_L_3.FIELD_VALUE and CI_LOOKUP_VAL_L_3.FIELD_NAME == 'WEB_PWD_HINT_FLG' and CI_LOOKUP_VAL_L_3.LANGUAGE_CD == 'ENG'
Customer___Domain,Customer Operations,JoinTree_1,10,leftOuter,CI_PER,CI_TIME_ZONE_L,CI_PER.TIME_ZONE_CD == CI_TIME_ZONE_L.TIME_ZONE_CD and CI_TIME_ZONE_L.LANGUAGE_CD == 'ENG'
Landlord_Agreement___Domain,Customer Operations,JoinTree_1,1,inner,CI_LANDLORD,CI_PREM,CI_LANDLORD.LL_ID == CI_PREM.LL_ID
Landlord_Agreement___Domain,Customer Operations,JoinTree_1,2,inner,CI_LANDLORD,CI_ACCT,CI_LANDLORD.ACCT_ID == CI_ACCT.ACCT_ID
Landlord_Agreement___Domain,Customer Operations,JoinTree_1,3,inner,CI_LANDLORD,CI_ACCT_PER,CI_LANDLORD.ACCT_ID == CI_ACCT_PER.ACCT_ID
Landlord_Agreement___Domain,Customer Operations,JoinTree_1,4,inner,CI_PREM,CI_PREM_TYPE_L,CI_PREM.PREM_TYPE_CD == CI_PREM_TYPE_L.PREM_TYPE_CD and CI_PREM_TYPE_L.LANGUAGE_CD == 'ENG'
Landlord_Agreement___Domain,Customer Operations,JoinTree_1,5,leftOuter,CI_PREM,CI_CIS_DIVISION_L,CI_PREM.CIS_DIVISION == CI_CIS_DIVISION_L.CIS_DIVISION and CI_CIS_DIVISION_L.CIS_DIVISION == 'ENG'
Landlord_Agreement___Domain,Customer Operations,JoinTree_1,6,inner,CI_PREM,CI_STATE_L,CI_PREM.COUNTRY == CI_STATE_L.COUNTRY and CI_PREM.STATE == CI_STATE_L.STATE and CI_STATE_L.LANGUAGE_CD == 'ENG'
Landlord_Agreement___Domain,Customer Operations,JoinTree_1,7,leftOuter,CI_PREM,CI_TIME_ZONE_L,CI_PREM.TIME_ZONE_CD == CI_TIME_ZONE_L.TIME_ZONE_CD and CI_TIME_ZONE_L.LANGUAGE_CD == 'ENG'
Landlord_Agreement___Domain,Customer Operations,JoinTree_1,8,inner,CI_ACCT_PER,CI_PER_NAME,CI_ACCT_PER.PER_ID == CI_PER_NAME.PER_ID and CI_ACCT_PER.MAIN_CUST_SW == 'Y' and CI_PER_NAME.NAME_TYPE_FLG == 'PRIM'
Landlord_Agreement___Domain,Customer Operations,JoinTree_1,9,leftOuter,CI_LANDLORD,CMS_LL_COVERAGE,CI_LANDLORD.LL_ID == CMS_LL_COVERAGE.LL_ID
Premise___Domain,Customer Operations,JoinTree_1,1,leftOuter,CI_PREM,CMS_CI_PREM_GEO_GEOTYPE_VW,CI_PREM.PREM_ID == CMS_CI_PREM_GEO_GEOTYPE_VW.PREM_ID
Premise___Domain,Customer Operations,JoinTree_1,2,leftOuter,CI_SP,CI_SA_SP,CI_SP.SP_ID == CI_SA_SP.SP_ID
Premise___Domain,Customer Operations,JoinTree_1,3,leftOuter,CI_SA_SP,CI_SA,CI_SA_SP.SA_ID == CI_SA.SA_ID
Premise___Domain,Customer Operations,JoinTree_1,4,leftOuter,CI_SA,CI_ACCT,CI_SA.ACCT_ID == CI_ACCT.ACCT_ID
Premise___Domain,Customer Operations,JoinTree_1,5,leftOuter,CI_ACCT,CI_ACCT_PER,CI_ACCT.ACCT_ID == CI_ACCT_PER.ACCT_ID and CI_ACCT_PER.MAIN_CUST_SW == 'Y'
Premise___Domain,Customer Operations,JoinTree_1,6,leftOuter,CI_ACCT_PER,CI_PER_NAME,CI_ACCT_PER.PER_ID == CI_PER_NAME.PER_ID and CI_PER_NAME.NAME_TYPE_FLG == 'PRIM'
Premise___Domain,Customer Operations,JoinTree_1,7,inner,CI_PREM,CI_PREM_TYPE_L,CI_PREM.PREM_TYPE_CD == CI_PREM_TYPE_L.PREM_TYPE_CD and CI_PREM_TYPE_L.LANGUAGE_CD == 'ENG'
Premise___Domain,Customer Operations,JoinTree_1,8,leftOuter,CI_PREM,CI_MR_INSTR_L,CI_PREM.MR_INSTR_CD == CI_MR_INSTR_L.MR_INSTR_CD and CI_MR_INSTR_L.LANGUAGE_CD == 'ENG'
Premise___Domain,Customer Operations,JoinTree_1,9,leftOuter,CI_PREM,CI_MR_WARN_L,CI_PREM.MR_WARN_CD == CI_MR_WARN_L.MR_WARN_CD and CI_MR_WARN_L.LANGUAGE_CD == 'ENG'
Premise___Domain,Customer Operations,JoinTree_1,10,leftOuter,CI_PREM,CI_TIME_ZONE_L,CI_PREM.TIME_ZONE_CD == CI_TIME_ZONE_L.TIME_ZONE_CD and CI_TIME_ZONE_L.LANGUAGE_CD == 'ENG'
Premise___Domain,Customer Operations,JoinTree_1,11,leftOuter,CI_SA,CI_SA_TYPE_L,CI_SA.SA_TYPE_CD == CI_SA_TYPE_L.SA_TYPE_CD and CI_SA_TYPE_L.LANGUAGE_CD == 'ENG'
Premise___Domain,Customer Operations,JoinTree_1,12,leftOuter,CI_SA,CI_LOOKUP_VAL_L,CI_SA.SA_STATUS_FLG == CI_LOOKUP_VAL_L.FIELD_VALUE and CI_LOOKUP_VAL_L.FIELD_NAME == 'SA_STATUS_FLG' and CI_LOOKUP_VAL_L.LANGUAGE_CD == 'ENG'
Premise___Domain,Customer Operations,JoinTree_1,13,leftOuter,CI_ACCT,CI_BILL_CYC_L,CI_ACCT.BILL_CYC_CD == CI_BILL_CYC_L.BILL_CYC_CD and CI_BILL_CYC_L.LANGUAGE_CD == 'ENG'
Premise___Domain,Customer Operations,JoinTree_1,14,leftOuter,CI_ACCT,CI_ACCT_MGMT_GR_L,CI_ACCT.ACCT_MGMT_GRP_CD == CI_ACCT_MGMT_GR_L.ACCT_MGMT_GRP_CD and CI_ACCT_MGMT_GR_L.LANGUAGE_CD == 'ENG'
Premise___Domain,Customer Operations,JoinTree_1,15,leftOuter,CI_ACCT,CI_COLL_CL_L,CI_ACCT.COLL_CL_CD == CI_COLL_CL_L.COLL_CL_CD and CI_COLL_CL_L.LANGUAGE_CD == 'ENG'
Premise___Domain,Customer Operations,JoinTree_1,16,leftOuter,CI_ACCT,CI_CUST_CL_L,CI_ACCT.CUST_CL_CD == CI_CUST_CL_L.CUST_CL_CD and CI_CUST_CL_L.LANGUAGE_CD == 'ENG'
Premise___Domain,Customer Operations,JoinTree_1,17,leftOuter,CI_ACCT,CI_BUD_PLAN_L,CI_ACCT.BUD_PLAN_CD == CI_BUD_PLAN_L.BUD_PLAN_CD and CI_BUD_PLAN_L.LANGUAGE_CD == 'ENG'
Premise___Domain,Customer Operations,JoinTree_1,18,leftOuter,CI_ACCT,CI_ACC_GRP_L,CI_ACCT.ACCESS_GRP_CD == CI_ACC_GRP_L.ACCESS_GRP_CD and CI_ACC_GRP_L.LANGUAGE_CD == 'ENG'
Premise___Domain,Customer Operations,JoinTree_1,19,leftOuter,CI_PREM,CI_SP,CI_PREM.PREM_ID == CI_SP.PREM_ID
Service_Agreement___Domain,Customer Operations,JoinTree_1,1,leftOuter,CI_SA_CONTERM,CI_SA,CI_SA_CONTERM.SA_ID == CI_SA.SA_ID
Service_Agreement___Domain,Customer Operations,JoinTree_1,2,leftOuter,CI_SA_CONTERM,CI_TOU_CONT_VAL,CI_SA_CONTERM.SA_ID == CI_TOU_CONT_VAL.SA_ID and CI_SA_CONTERM.CONTERM_TYPE_FLG == CI_TOU_CONT_VAL.CONTERM_TYPE_FLG and CI_SA_CONTERM.START_DT == CI_TOU_CONT_VAL.START_DT and CI_SA_CONTERM.BF_CD == CI_TOU_CONT_VAL.BF_CD and CI_SA_CONTERM.TOU_GRP_CD == CI_TOU_CONT_VAL.TOU_GRP_CD
Service_Agreement___Domain,Customer Operations,JoinTree_1,3,leftOuter,CI_SA,CI_ACCT,CI_SA.ACCT_ID == CI_ACCT.ACCT_ID
Service_Agreement___Domain,Customer Operations,JoinTree_1,4,leftOuter,CI_ACCT,CI_ACCT_PER,CI_ACCT.ACCT_ID == CI_ACCT_PER.ACCT_ID and CI_ACCT_PER.MAIN_CUST_SW == 'Y'
Service_Agreement___Domain,Customer Operations,JoinTree_1,5,leftOuter,CI_ACCT_PER,CI_PER_NAME,CI_ACCT_PER.PER_ID == CI_PER_NAME.PER_ID and CI_PER_NAME.NAME_TYPE_FLG == 'PRIM'
Service_Agreement___Domain,Customer Operations,JoinTree_1,6,leftOuter,CI_SA,CI_PREM,CI_SA.CHAR_PREM_ID == CI_PREM.PREM_ID
Service_Agreement___Domain,Customer Operations,JoinTree_1,7,leftOuter,CI_SA,CI_SA_TYPE,CI_SA.CIS_DIVISION == CI_SA_TYPE.CIS_DIVISION and CI_SA.SA_TYPE_CD == CI_SA_TYPE.SA_TYPE_CD
Service_Agreement___Domain,Customer Operations,JoinTree_1,8,leftOuter,CI_SA_CONTERM,CI_LOOKUP_VAL_L,CI_SA_CONTERM.CONTERM_TYPE_FLG == CI_LOOKUP_VAL_L.FIELD_VALUE and CI_LOOKUP_VAL_L.FIELD_NAME == 'CONTERM_TYPE_FLG' and CI_LOOKUP_VAL_L.LANGUAGE_CD == 'ENG'
Service_Agreement___Domain,Customer Operations,JoinTree_1,9,leftOuter,CI_SA_CONTERM,CI_BF_L,CI_SA_CONTERM.BF_CD == CI_BF_L.BF_CD and CI_BF_L.LANGUAGE_CD == 'ENG'
Service_Agreement___Domain,Customer Operations,JoinTree_1,10,leftOuter,CI_SA_CONTERM,CI_TAX_EX_TYPE_L,CI_SA_CONTERM.TAX_EX_TYPE_CD == CI_TAX_EX_TYPE_L.TAX_EX_TYPE_CD and CI_TAX_EX_TYPE_L.LANGUAGE_CD == 'ENG'
Service_Agreement___Domain,Customer Operations,JoinTree_1,11,leftOuter,CI_SA_CONTERM,CI_TOU_GRP_L,CI_SA_CONTERM.TOU_GRP_CD == CI_TOU_GRP_L.TOU_GRP_CD and CI_TOU_GRP_L.LANGUAGE_CD == 'ENG'
Service_Agreement___Domain,Customer Operations,JoinTree_1,12,leftOuter,CI_TOU_CONT_VAL,CI_TOU_L,CI_TOU_CONT_VAL.TOU_CD == CI_TOU_L.TOU_CD and CI_TOU_L.LANGUAGE_CD == 'ENG'
Service_Agreement___Domain,Customer Operations,JoinTree_1,13,leftOuter,CI_SA,CI_LOOKUP_VAL_L_1,CI_SA.SA_STATUS_FLG == CI_LOOKUP_VAL_L_1.FIELD_VALUE and CI_LOOKUP_VAL_L_1.FIELD_NAME == 'SA_STATUS_FLG' and CI_LOOKUP_VAL_L_1.LANGUAGE_CD == 'ENG'
Service_Agreement___Domain,Customer Operations,JoinTree_1,14,leftOuter,CI_SA_TYPE,CI_SA_TYPE_L,CI_SA_TYPE.CIS_DIVISION == CI_SA_TYPE_L.CIS_DIVISION and CI_SA_TYPE.SA_TYPE_CD == CI_SA_TYPE_L.SA_TYPE_CD and CI_SA_TYPE_L.LANGUAGE_CD == 'ENG'
Service_Agreement___Domain,Customer Operations,JoinTree_1,15,leftOuter,CI_ACCT,CI_BILL_CYC_L,CI_ACCT.BILL_CYC_CD == CI_BILL_CYC_L.BILL_CYC_CD and CI_BILL_CYC_L.LANGUAGE_CD == 'ENG'
Service_Agreement___Domain,Customer Operations,JoinTree_1,16,leftOuter,CI_ACCT,CI_CUST_CL_L,CI_ACCT.CUST_CL_CD == CI_CUST_CL_L.CUST_CL_CD and CI_CUST_CL_L.LANGUAGE_CD == 'ENG'
Service_Agreement___Domain,Customer Operations,JoinTree_1,17,leftOuter,CI_ACCT,CI_COLL_CL_L,CI_ACCT.COLL_CL_CD == CI_COLL_CL_L.COLL_CL_CD and CI_COLL_CL_L.LANGUAGE_CD == 'ENG'
Service_Agreement___Domain,Customer Operations,JoinTree_1,18,leftOuter,CI_ACCT,CI_CIS_DIVISION_L,CI_ACCT.CIS_DIVISION == CI_CIS_DIVISION_L.CIS_DIVISION and CI_CIS_DIVISION_L.LANGUAGE_CD == 'ENG'
Service_Agreement___Domain,Customer Operations,JoinTree_1,19,leftOuter,CI_PREM,CI_PREM_TYPE_L,CI_PREM.PREM_TYPE_CD == CI_PREM_TYPE_L.PREM_TYPE_CD and CI_PREM_TYPE_L.LANGUAGE_CD == 'ENG'
Collection_Process_Domain,Debt Management,JoinTree_3,1,inner,CI_COLL_PROC,CI_COLL_EVT,CI_COLL_PROC.COLL_PROC_ID == CI_COLL_EVT.COLL_PROC_ID
Collection_Process_Domain,Debt Management,JoinTree_3,2,inner,CI_COLL_PROC,CI_ACCT_1,CI_COLL_PROC.ACCT_ID == CI_ACCT_1.ACCT_ID
Collection_Process_Domain,Debt Management,JoinTree_3,3,inner,CI_COLL_PROC,CI_COLL_PROC_TM_L,CI_COLL_PROC.COLL_PROC_TMPL_CD == CI_COLL_PROC_TM_L.COLL_PROC_TMPL_CD and CI_COLL_PROC_TM_L.LANGUAGE_CD == 'ENG'
Collection_Process_Domain,Debt Management,JoinTree_3,4,inner,CI_COLL_PROC,CI_LOOKUP_VAL_L_1,CI_COLL_PROC.COLL_STATUS_FLG == CI_LOOKUP_VAL_L_1.FIELD_VALUE and CI_LOOKUP_VAL_L_1.FIELD_NAME == 'COLL_STATUS_FLG' and CI_LOOKUP_VAL_L_1.LANGUAGE_CD == 'ENG'
Collection_Process_Domain,Debt Management,JoinTree_3,5,inner,CI_COLL_PROC,CI_LOOKUP_VAL_L_3,CI_COLL_PROC.COLL_STAT_RSN_FLG == CI_LOOKUP_VAL_L_3.FIELD_VALUE and CI_LOOKUP_VAL_L_3.FIELD_NAME == 'COLL_STAT_RSN_FLG' and CI_LOOKUP_VAL_L_3.LANGUAGE_CD == 'ENG'
Collection_Process_Domain,Debt Management,JoinTree_3,6,inner,CI_COLL_EVT,CI_COLL_EVT_TYP_L,CI_COLL_EVT.COLL_EVT_TYP_CD == CI_COLL_EVT_TYP_L.COLL_EVT_TYP_CD and CI_COLL_EVT_TYP_L.LANGUAGE_CD == 'ENG'
Collection_Process_Domain,Debt Management,JoinTree_3,7,inner,CI_COLL_PROC,CI_ACCT_PER_1,CI_COLL_PROC.ACCT_ID == CI_ACCT_PER_1.ACCT_ID and CI_ACCT_PER_1.MAIN_CUST_SW == 'Y'
Collection_Process_Domain,Debt Management,JoinTree_3,8,inner,CI_ACCT_PER_1,CI_PER_NAME_1,CI_ACCT_PER_1.PER_ID == CI_PER_NAME_1.PER_ID and CI_PER_NAME_1.NAME_TYPE_FLG == 'PRIM'
Collection_Process_Domain,Debt Management,JoinTree_3,9,inner,CI_COLL_PROC,CI_COLL_CL_CNTL_L,CI_COLL_PROC.COLL_CL_CNTL_CD == CI_COLL_CL_CNTL_L.COLL_CL_CNTL_CD and CI_COLL_CL_CNTL_L.LANGUAGE_CD == 'ENG'
Collection_Process_Domain,Debt Management,JoinTree_3,10,leftOuter,CI_COLL_PROC,CI_LOOKUP_VAL_L_4,CI_COLL_PROC.COLL_CAT_PRIO_FLG == CI_LOOKUP_VAL_L_4.FIELD_VALUE and CI_LOOKUP_VAL_L_4.FIELD_NAME == 'COLL_CAT_PRIO_FLG' and CI_LOOKUP_VAL_L_4.LANGUAGE_CD == 'ENG'
Collection_Process_Domain,Debt Management,JoinTree_3,11,leftOuter,CI_COLL_PROC,CI_LOOKUP_VAL_L_5,CI_COLL_PROC.CRIT_PRIO_FLG == CI_LOOKUP_VAL_L_5.FIELD_VALUE and CI_LOOKUP_VAL_L_5.FIELD_NAME == 'CRIT_PRIO_FLG' and CI_LOOKUP_VAL_L_5.LANGUAGE_CD == 'ENG'
Collection_Process_Domain,Debt Management,JoinTree_3,12,inner,CI_COLL_EVT,CI_LOOKUP_VAL_L_6,CI_COLL_EVT.COLL_EVT_STAT_FLG == CI_LOOKUP_VAL_L_6.FIELD_VALUE and CI_LOOKUP_VAL_L_6.FIELD_NAME == 'COLL_EVT_STAT_FLG' and CI_LOOKUP_VAL_L_6.LANGUAGE_CD == 'ENG'
Collection_Process_Domain,Debt Management,JoinTree_3,13,leftOuter,CI_COLL_EVT,CMS_IS_NEXT_COLL_EVT,CI_COLL_EVT.COLL_PROC_ID == CMS_IS_NEXT_COLL_EVT.COLL_PROC_ID and CI_COLL_EVT.EVT_SEQ == CMS_IS_NEXT_COLL_EVT.EVT_SEQ
Collection_Process_Domain,Debt Management,JoinTree_3,14,leftOuter,CI_ACCT_1,CI_BILL_CYC_L,CI_ACCT_1.BILL_CYC_CD == CI_BILL_CYC_L.BILL_CYC_CD and CI_BILL_CYC_L.LANGUAGE_CD == 'ENG'
Collection_Process_Domain,Debt Management,JoinTree_3,15,leftOuter,CI_ACCT_1,CI_ACCT_MGMT_GR_L,CI_ACCT_1.ACCT_MGMT_GRP_CD == CI_ACCT_MGMT_GR_L.ACCT_MGMT_GRP_CD and CI_ACCT_MGMT_GR_L.LANGUAGE_CD == 'ENG'
Collection_Process_Domain,Debt Management,JoinTree_3,16,inner,CI_ACCT_1,CI_CUST_CL_L,CI_ACCT_1.CUST_CL_CD == CI_CUST_CL_L.CUST_CL_CD and CI_CUST_CL_L.LANGUAGE_CD == 'ENG'
Collection_Process_Domain,Debt Management,JoinTree_3,17,inner,CI_ACCT_1,CI_COLL_CL_L_1,CI_ACCT_1.COLL_CL_CD == CI_COLL_CL_L_1.COLL_CL_CD and CI_COLL_CL_L_1.LANGUAGE_CD == 'ENG'
Collection_Process_Domain,Debt Management,JoinTree_3,18,leftOuter,CI_ACCT_1,CI_BUD_PLAN_L,CI_ACCT_1.BUD_PLAN_CD == CI_BUD_PLAN_L.BUD_PLAN_CD and CI_BUD_PLAN_L.LANGUAGE_CD == 'ENG'
SA_Snapshot___Aged_Balance___Domain,Debt Management,JoinTree_1,1,inner,CMS_SA_SNAPSHOT,CI_SA,CMS_SA_SNAPSHOT.SA_ID == CI_SA.SA_ID
SA_Snapshot___Aged_Balance___Domain,Debt Management,JoinTree_1,2,inner,CI_SA,CI_ACCT,CI_SA.ACCT_ID == CI_ACCT.ACCT_ID
SA_Snapshot___Aged_Balance___Domain,Debt Management,JoinTree_1,3,inner,CMS_SA_SNAPSHOT,CI_PER_NAME,CMS_SA_SNAPSHOT.PER_ID == CI_PER_NAME.PER_ID and CI_PER_NAME.NAME_TYPE_FLG == 'PRIM'
SA_Snapshot___Aged_Balance___Domain,Debt Management,JoinTree_1,4,leftOuter,CI_ACCT,CI_BILL_CYC_L,CI_ACCT.BILL_CYC_CD == CI_BILL_CYC_L.BILL_CYC_CD and CI_BILL_CYC_L.LANGUAGE_CD == 'ENG'
SA_Snapshot___Aged_Balance___Domain,Debt Management,JoinTree_1,5,leftOuter,CI_ACCT,CI_ACCT_MGMT_GR_L,CI_ACCT.ACCT_MGMT_GRP_CD == CI_ACCT_MGMT_GR_L.ACCT_MGMT_GRP_CD and CI_ACCT_MGMT_GR_L.LANGUAGE_CD == 'ENG'
SA_Snapshot___Aged_Balance___Domain,Debt Management,JoinTree_1,6,inner,CI_ACCT,CI_COLL_CL_L,CI_ACCT.COLL_CL_CD == CI_COLL_CL_L.COLL_CL_CD and CI_COLL_CL_L.LANGUAGE_CD == 'ENG'
SA_Snapshot___Aged_Balance___Domain,Debt Management,JoinTree_1,7,inner,CI_ACCT,CI_CUST_CL_L,CI_ACCT.CUST_CL_CD == CI_CUST_CL_L.CUST_CL_CD and CI_CUST_CL_L.LANGUAGE_CD == 'ENG'
SA_Snapshot___Aged_Balance___Domain,Debt Management,JoinTree_1,8,leftOuter,CI_ACCT,CI_BUD_PLAN_L,CI_ACCT.BUD_PLAN_CD == CI_BUD_PLAN_L.BUD_PLAN_CD and CI_BUD_PLAN_L.LANGUAGE_CD == 'ENG'
SA_Snapshot___Aged_Balance___Domain,Debt Management,JoinTree_1,9,inner,CI_SA,CI_SA_TYPE_L,CI_SA.SA_TYPE_CD == CI_SA_TYPE_L.SA_TYPE_CD and CI_SA_TYPE_L.LANGUAGE_CD == 'ENG' and CI_SA.CIS_DIVISION == CI_SA_TYPE_L.CIS_DIVISION
SA_Snapshot___Aged_Balance___Domain,Debt Management,JoinTree_1,10,inner,CI_SA,CI_LOOKUP_VAL_L,CI_SA.SA_STATUS_FLG == CI_LOOKUP_VAL_L.FIELD_VALUE and CI_LOOKUP_VAL_L.FIELD_NAME == 'SA_STATUS_FLG' and CI_LOOKUP_VAL_L.LANGUAGE_CD == 'ENG'
SA_Snapshot___Aged_Balance___Domain,Debt Management,JoinTree_1,11,leftOuter,CI_SA,CI_PREM,CI_SA.CHAR_PREM_ID == CI_PREM.PREM_ID
SA_Snapshot___Aged_Balance___Domain,Debt Management,JoinTree_1,12,inner,CI_PREM,CI_PREM_TYPE_L,CI_PREM.PREM_TYPE_CD == CI_PREM_TYPE_L.PREM_TYPE_CD and CI_PREM_TYPE_L.LANGUAGE_CD == 'ENG'
SA_Snapshot___Aged_Balance___Domain,Debt Management,JoinTree_1,13,leftOuter,CI_PREM,CI_MR_INSTR_L,CI_PREM.MR_INSTR_CD == CI_MR_INSTR_L.MR_INSTR_CD and CI_MR_INSTR_L.LANGUAGE_CD == 'ENG'
SA_Snapshot___Aged_Balance___Domain,Debt Management,JoinTree_1,14,leftOuter,CI_PREM,CI_MR_WARN_L,CI_PREM.MR_WARN_CD == CI_MR_WARN_L.MR_WARN_CD and CI_MR_WARN_L.LANGUAGE_CD == 'ENG'
SA_Snapshot___Aged_Balance___Domain,Debt Management,JoinTree_1,15,leftOuter,CI_PREM,CI_TREND_AREA_L,CI_PREM.TREND_AREA_CD == CI_TREND_AREA_L.TREND_AREA_CD and CI_TREND_AREA_L.LANGUAGE_CD == 'ENG'
SA_Snapshot___Aged_Balance___Domain,Debt Management,JoinTree_1,16,leftOuter,CI_PREM,CI_STATE_L,CI_PREM.COUNTRY == CI_STATE_L.COUNTRY and CI_PREM.STATE == CI_STATE_L.STATE and CI_STATE_L.LANGUAGE_CD == 'ENG'
SA_Snapshot___Aged_Balance___Domain,Debt Management,JoinTree_1,17,leftOuter,CI_PREM,CI_TIME_ZONE_L,CI_PREM.TIME_ZONE_CD == CI_TIME_ZONE_L.TIME_ZONE_CD and CI_TIME_ZONE_L.LANGUAGE_CD == 'ENG'
SA_Snapshot___Aged_Balance___Domain,Debt Management,JoinTree_1,18,inner,CMS_SA_SNAPSHOT,CI_LOOKUP_VAL_L_1,CMS_SA_SNAPSHOT.CM_SNAPSHOT_TYPE_FLG == CI_LOOKUP_VAL_L_1.FIELD_VALUE and CI_LOOKUP_VAL_L_1.FIELD_NAME == 'CM_SNAPSHOT_TYPE_FLG' and CI_LOOKUP_VAL_L_1.LANGUAGE_CD == 'ENG'
SA_Snapshot___Aged_Balance___Domain,Debt Management,JoinTree_2,19,inner,CMS_ACCT_SNAPSHOT,CI_ACCT_1,CMS_ACCT_SNAPSHOT.ACCT_ID == CI_ACCT_1.ACCT_ID
SA_Snapshot___Aged_Balance___Domain,Debt Management,JoinTree_2,20,inner,CMS_ACCT_SNAPSHOT,CI_PER_NAME_1,CMS_ACCT_SNAPSHOT.PER_ID == CI_PER_NAME_1.PER_ID
SA_Snapshot___Aged_Balance___Domain,Debt Management,JoinTree_2,21,leftOuter,CI_ACCT_1,CI_BILL_CYC_L_1,CI_ACCT_1.BILL_CYC_CD == CI_BILL_CYC_L_1.BILL_CYC_CD and CI_BILL_CYC_L_1.LANGUAGE_CD == 'ENG'
SA_Snapshot___Aged_Balance___Domain,Debt Management,JoinTree_2,22,leftOuter,CI_ACCT_1,CI_ACCT_MGMT_GR_L_1,CI_ACCT_1.ACCT_MGMT_GRP_CD == CI_ACCT_MGMT_GR_L_1.ACCT_MGMT_GRP_CD and CI_ACCT_MGMT_GR_L_1.LANGUAGE_CD == 'ENG'
SA_Snapshot___Aged_Balance___Domain,Debt Management,JoinTree_2,23,inner,CI_ACCT_1,CI_COLL_CL_L_1,CI_ACCT_1.COLL_CL_CD == CI_COLL_CL_L_1.COLL_CL_CD and CI_COLL_CL_L_1.LANGUAGE_CD == 'ENG'
SA_Snapshot___Aged_Balance___Domain,Debt Management,JoinTree_2,24,inner,CI_ACCT_1,CI_CUST_CL_L_1,CI_ACCT_1.CUST_CL_CD == CI_CUST_CL_L_1.CUST_CL_CD and CI_CUST_CL_L_1.LANGUAGE_CD == 'ENG'
SA_Snapshot___Aged_Balance___Domain,Debt Management,JoinTree_2,25,leftOuter,CI_ACCT_1,CI_BUD_PLAN_L_1,CI_ACCT_1.BUD_PLAN_CD == CI_BUD_PLAN_L_1.BUD_PLAN_CD and CI_BUD_PLAN_L_1.LANGUAGE_CD == 'ENG'
SA_Snapshot___Aged_Balance___Domain,Debt Management,JoinTree_2,26,inner,CMS_ACCT_SNAPSHOT,CI_LOOKUP_VAL_L_2,CMS_ACCT_SNAPSHOT.CM_SNAPSHOT_TYPE_FLG == CI_LOOKUP_VAL_L_2.FIELD_VALUE and CI_LOOKUP_VAL_L_2.FIELD_NAME == 'CM_SNAPSHOT_TYPE_FLG' and CI_LOOKUP_VAL_L_2.LANGUAGE_CD == 'ENG'
Severance_Process___Domain,Debt Management,JoinTree_1,1,inner,CI_SEV_PROC,CI_SA,CI_SEV_PROC.SA_ID == CI_SA.SA_ID
Severance_Process___Domain,Debt Management,JoinTree_1,2,inner,CI_SEV_PROC,CI_SEV_EVT,CI_SEV_PROC.SEV_PROC_ID == CI_SEV_EVT.SEV_PROC_ID
Severance_Process___Domain,Debt Management,JoinTree_1,3,inner,CI_SA,CI_ACCT,CI_SA.ACCT_ID == CI_ACCT.ACCT_ID
Severance_Process___Domain,Debt Management,JoinTree_1,4,inner,CI_ACCT,CI_ACCT_PER,CI_ACCT.ACCT_ID == CI_ACCT_PER.ACCT_ID and CI_ACCT_PER.MAIN_CUST_SW == 'Y'
Severance_Process___Domain,Debt Management,JoinTree_1,5,inner,CI_ACCT_PER,CI_PER_NAME,CI_ACCT_PER.PER_ID == CI_PER_NAME.PER_ID and CI_PER_NAME.NAME_TYPE_FLG == 'PRIM'
Severance_Process___Domain,Debt Management,JoinTree_1,6,leftOuter,CI_SEV_EVT,CMS_IS_NEXT_SEV_EVT,CI_SEV_EVT.SEV_PROC_ID == CMS_IS_NEXT_SEV_EVT.SEV_PROC_ID and CI_SEV_EVT.EVT_SEQ == CMS_IS_NEXT_SEV_EVT.EVT_SEQ
Severance_Process___Domain,Debt Management,JoinTree_1,7,inner,CI_SEV_PROC,CI_LOOKUP_VAL_L,CI_SEV_PROC.SEV_STATUS_FLG == CI_LOOKUP_VAL_L.FIELD_VALUE and CI_LOOKUP_VAL_L.FIELD_NAME == 'SEV_STATUS_FLG' and CI_LOOKUP_VAL_L.LANGUAGE_CD == 'ENG'
Severance_Process___Domain,Debt Management,JoinTree_1,8,inner,CI_SEV_PROC,CI_LOOKUP_VAL_L_1,CI_SEV_PROC.SEV_STAT_RSN_FLG == CI_LOOKUP_VAL_L_1.FIELD_VALUE and CI_LOOKUP_VAL_L_1.FIELD_NAME == 'SEV_STAT_RSN_FLG' and CI_LOOKUP_VAL_L_1.LANGUAGE_CD == 'ENG'
Severance_Process___Domain,Debt Management,JoinTree_1,9,leftOuter,CI_SEV_PROC,CI_LOOKUP_VAL_L_2,CI_SEV_PROC.CRIT_PRIO_FLG == CI_LOOKUP_VAL_L_2.FIELD_VALUE and CI_LOOKUP_VAL_L_2.FIELD_NAME == 'CRIT_PRIO_FLG' and CI_LOOKUP_VAL_L_2.LANGUAGE_CD == 'ENG'
Severance_Process___Domain,Debt Management,JoinTree_1,10,inner,CI_SEV_PROC,CI_SEV_PROC_TMP_L,CI_SEV_PROC.SEV_PROC_TMPL_CD == CI_SEV_PROC_TMP_L.SEV_PROC_TMPL_CD and CI_SEV_PROC_TMP_L.LANGUAGE_CD == 'ENG'
Severance_Process___Domain,Debt Management,JoinTree_1,11,inner,CI_SEV_EVT,CI_LOOKUP_VAL_L_3,CI_SEV_EVT.SEV_EVT_STAT_FLG == CI_LOOKUP_VAL_L_3.FIELD_VALUE and CI_LOOKUP_VAL_L_3.FIELD_NAME == 'SEV_EVT_STAT_FLG' and CI_LOOKUP_VAL_L_3.LANGUAGE_CD == 'ENG'
Severance_Process___Domain,Debt Management,JoinTree_1,12,inner,CI_SEV_EVT,CI_SEV_EVT_TYPE_L,CI_SEV_EVT.SEV_EVT_TYPE_CD == CI_SEV_EVT_TYPE_L.SEV_EVT_TYPE_CD and CI_SEV_EVT_TYPE_L.LANGUAGE_CD == 'ENG'
Severance_Process___Domain,Debt Management,JoinTree_1,13,inner,CI_SA,CI_LOOKUP_VAL_L_4,CI_SA.SA_STATUS_FLG == CI_LOOKUP_VAL_L_4.FIELD_VALUE and CI_LOOKUP_VAL_L_4.FIELD_NAME == 'SA_STATUS_FLG' and CI_LOOKUP_VAL_L_4.LANGUAGE_CD == 'ENG'
Severance_Process___Domain,Debt Management,JoinTree_1,14,inner,CI_SA,CI_SA_TYPE_L,CI_SA.CIS_DIVISION == CI_SA_TYPE_L.CIS_DIVISION and CI_SA.SA_TYPE_CD == CI_SA_TYPE_L.SA_TYPE_CD
Severance_Process___Domain,Debt Management,JoinTree_1,15,leftOuter,CI_ACCT,CI_BILL_CYC_L,CI_ACCT.BILL_CYC_CD == CI_BILL_CYC_L.BILL_CYC_CD and CI_BILL_CYC_L.LANGUAGE_CD == 'ENG'
Severance_Process___Domain,Debt Management,JoinTree_1,16,leftOuter,CI_ACCT,CI_ACCT_MGMT_GR_L,CI_ACCT.ACCT_MGMT_GRP_CD == CI_ACCT_MGMT_GR_L.ACCT_MGMT_GRP_CD and CI_ACCT_MGMT_GR_L.LANGUAGE_CD == 'ENG'
Severance_Process___Domain,Debt Management,JoinTree_1,17,inner,CI_ACCT,CI_CUST_CL_L,CI_ACCT.CUST_CL_CD == CI_CUST_CL_L.CUST_CL_CD and CI_CUST_CL_L.LANGUAGE_CD == 'ENG'
Severance_Process___Domain,Debt Management,JoinTree_1,18,inner,CI_ACCT,CI_COLL_CL_L,CI_ACCT.COLL_CL_CD == CI_COLL_CL_L.COLL_CL_CD and CI_COLL_CL_L.LANGUAGE_CD == 'ENG'
Severance_Process___Domain,Debt Management,JoinTree_1,19,leftOuter,CI_ACCT,CI_BUD_PLAN_L,CI_ACCT.BUD_PLAN_CD == CI_BUD_PLAN_L.BUD_PLAN_CD and CI_BUD_PLAN_L.LANGUAGE_CD == 'ENG'
Severance_Process___Domain,Debt Management,JoinTree_1,20,leftOuter,CI_SA,CI_PREM,CI_SA.CHAR_PREM_ID == CI_PREM.PREM_ID
Severance_Process___Domain,Debt Management,JoinTree_1,21,leftOuter,CI_PREM,CI_PREM_TYPE_L,CI_PREM.PREM_TYPE_CD == CI_PREM_TYPE_L.PREM_TYPE_CD and CI_PREM_TYPE_L.LANGUAGE_CD == 'ENG'
Severance_Process___Domain,Debt Management,JoinTree_1,22,leftOuter,CI_PREM,CI_MR_WARN_L,CI_PREM.MR_WARN_CD == CI_MR_WARN_L.MR_WARN_CD and CI_MR_WARN_L.LANGUAGE_CD == 'ENG'
Severance_Process___Domain,Debt Management,JoinTree_1,23,leftOuter,CI_PREM,CI_MR_INSTR_L,CI_PREM.MR_INSTR_CD == CI_MR_INSTR_L.MR_INSTR_CD and CI_MR_INSTR_L.LANGUAGE_CD == 'ENG'
Severance_Process___Domain,Debt Management,JoinTree_1,24,leftOuter,CI_PREM,CI_TIME_ZONE_L,CI_PREM.TIME_ZONE_CD == CI_TIME_ZONE_L.TIME_ZONE_CD and CI_TIME_ZONE_L.LANGUAGE_CD == 'ENG'
Write_Off_Process___Domain,Debt Management,JoinTree_1,1,inner,CI_WO_PROC,CI_WO_EVT,CI_WO_PROC.WO_PROC_ID == CI_WO_EVT.WO_PROC_ID
Write_Off_Process___Domain,Debt Management,JoinTree_1,2,inner,CI_WO_PROC,CI_ACCT,CI_WO_PROC.ACCT_ID == CI_ACCT.ACCT_ID
Write_Off_Process___Domain,Debt Management,JoinTree_1,3,inner,CI_ACCT,CI_ACCT_PER,CI_ACCT.ACCT_ID == CI_ACCT_PER.ACCT_ID and CI_ACCT_PER.MAIN_CUST_SW == 'Y'
Write_Off_Process___Domain,Debt Management,JoinTree_1,4,inner,CI_ACCT_PER,CI_PER_NAME,CI_ACCT_PER.PER_ID == CI_PER_NAME.PER_ID and CI_PER_NAME.NAME_TYPE_FLG == 'PRIM'
Write_Off_Process___Domain,Debt Management,JoinTree_1,5,inner,CI_WO_PROC,CI_WO_PROC_TMPL_L,CI_WO_PROC.WO_PROC_TMPL_CD == CI_WO_PROC_TMPL_L.WO_PROC_TMPL_CD and CI_WO_PROC_TMPL_L.LANGUAGE_CD == 'ENG'
Write_Off_Process___Domain,Debt Management,JoinTree_1,6,inner,CI_WO_PROC,CI_LOOKUP_VAL_L,CI_WO_PROC.WO_STATUS_FLG == CI_LOOKUP_VAL_L.FIELD_VALUE and CI_LOOKUP_VAL_L.FIELD_NAME == 'WO_STATUS_FLG' and CI_LOOKUP_VAL_L.LANGUAGE_CD == 'ENG'
Write_Off_Process___Domain,Debt Management,JoinTree_1,7,inner,CI_WO_PROC,CI_WO_CNTL_L,CI_WO_PROC.WO_CNTL_CD == CI_WO_CNTL_L.WO_CNTL_CD and CI_WO_CNTL_L.LANGUAGE_CD == 'ENG'
Write_Off_Process___Domain,Debt Management,JoinTree_1,8,inner,CI_WO_PROC,CI_LOOKUP_VAL_L_1,CI_WO_PROC.WO_STAT_RSN_FLG == CI_LOOKUP_VAL_L_1.FIELD_VALUE and CI_LOOKUP_VAL_L_1.FIELD_NAME == 'WO_STAT_RSN_FLG' and CI_LOOKUP_VAL_L_1.LANGUAGE_CD == 'ENG'
Write_Off_Process___Domain,Debt Management,JoinTree_1,9,leftOuter,CI_WO_PROC,CI_LOOKUP_VAL_L_2,CI_WO_PROC.CRIT_PRIO_FLG == CI_LOOKUP_VAL_L_2.FIELD_VALUE and CI_LOOKUP_VAL_L_2.FIELD_NAME == 'CRIT_PRIO_FLG' and CI_LOOKUP_VAL_L_2.LANGUAGE_CD == 'ENG'
Write_Off_Process___Domain,Debt Management,JoinTree_1,10,inner,CI_WO_EVT,CI_LOOKUP_VAL_L_3,CI_WO_EVT.WO_EVT_STAT_FLG == CI_LOOKUP_VAL_L_3.FIELD_VALUE and CI_LOOKUP_VAL_L_3.FIELD_NAME == 'WO_EVT_STAT_FLG' and CI_LOOKUP_VAL_L_3.LANGUAGE_CD == 'ENG'
Write_Off_Process___Domain,Debt Management,JoinTree_1,11,inner,CI_WO_EVT,CI_WO_EVT_TYP_L,CI_WO_EVT.WO_EVT_TYP_CD == CI_WO_EVT_TYP_L.WO_EVT_TYP_CD and CI_WO_EVT_TYP_L.LANGUAGE_CD == 'ENG'
Write_Off_Process___Domain,Debt Management,JoinTree_1,12,leftOuter,CI_WO_EVT,CMS_IS_NEXT_WO_EVT,CI_WO_EVT.WO_PROC_ID == CMS_IS_NEXT_WO_EVT.WO_PROC_ID and CI_WO_EVT.EVT_SEQ == CMS_IS_NEXT_WO_EVT.EVT_SEQ
Write_Off_Process___Domain,Debt Management,JoinTree_1,13,leftOuter,CI_ACCT,CI_BILL_CYC_L,CI_ACCT.BILL_CYC_CD == CI_BILL_CYC_L.BILL_CYC_CD and CI_BILL_CYC_L.LANGUAGE_CD == 'ENG'
Write_Off_Process___Domain,Debt Management,JoinTree_1,14,leftOuter,CI_ACCT,CI_ACCT_MGMT_GR_L,CI_ACCT.ACCT_MGMT_GRP_CD == CI_ACCT_MGMT_GR_L.ACCT_MGMT_GRP_CD and CI_ACCT_MGMT_GR_L.LANGUAGE_CD == 'ENG'
Write_Off_Process___Domain,Debt Management,JoinTree_1,15,inner,CI_ACCT,CI_CUST_CL_L,CI_ACCT.CUST_CL_CD == CI_CUST_CL_L.CUST_CL_CD and CI_CUST_CL_L.LANGUAGE_CD == 'ENG'
Write_Off_Process___Domain,Debt Management,JoinTree_1,16,inner,CI_ACCT,CI_COLL_CL_L,CI_ACCT.COLL_CL_CD == CI_COLL_CL_L.COLL_CL_CD and CI_COLL_CL_L.LANGUAGE_CD == 'ENG'
Write_Off_Process___Domain,Debt Management,JoinTree_1,17,leftOuter,CI_ACCT,CI_BUD_PLAN_L,CI_ACCT.BUD_PLAN_CD == CI_BUD_PLAN_L.BUD_PLAN_CD and CI_BUD_PLAN_L.LANGUAGE_CD == 'ENG'
Write_Off_Process___Domain,Debt Management,JoinTree_1,18,leftOuter,CI_WO_PROC,CMS_WO_PROC_SA_ACTIVE,CI_WO_PROC.WO_PROC_ID == CMS_WO_PROC_SA_ACTIVE.WO_PROC_ID
Write_Off_Process___Domain,Debt Management,JoinTree_1,19,leftOuter,CI_WO_PROC,CMS_WO_PROC_SA_INACTIVE,CI_WO_PROC.WO_PROC_ID == CMS_WO_PROC_SA_INACTIVE.WO_PROC_ID
Write_Offs___Domain,Debt Management,JoinTree_1,1,leftOuter,C1_BI_WOPROC_VW,CI_PER_NAME,C1_BI_WOPROC_VW.PER_ID == CI_PER_NAME.PER_ID and CI_PER_NAME.NAME_TYPE_FLG == 'PRIM'
Write_Offs___Domain,Debt Management,JoinTree_1,2,leftOuter,C1_BI_WOPROC_VW,CI_LOOKUP_VAL_L,C1_BI_WOPROC_VW.WO_STATUS_FLG == CI_LOOKUP_VAL_L.FIELD_VALUE and CI_LOOKUP_VAL_L.FIELD_NAME == 'WO_STATUS_FLG' and CI_LOOKUP_VAL_L.LANGUAGE_CD == 'ENG'
Write_Offs___Domain,Debt Management,JoinTree_1,3,leftOuter,C1_BI_WOPROC_VW,CI_LOOKUP_VAL_L_1,C1_BI_WOPROC_VW.UNCOLL_PROC_STAT_FLG == CI_LOOKUP_VAL_L_1.FIELD_VALUE and CI_LOOKUP_VAL_L_1.FIELD_NAME == 'UNCOLL_PROC_STAT_FLG' and CI_LOOKUP_VAL_L_1.LANGUAGE_CD == 'ENG'
Write_Offs___Domain,Debt Management,JoinTree_1,4,leftOuter,C1_BI_WOPROC_VW,CI_LOOKUP_VAL_L_2,C1_BI_WOPROC_VW.WO_STAT_RSN_FLG == CI_LOOKUP_VAL_L_2.FIELD_VALUE and CI_LOOKUP_VAL_L_2.FIELD_NAME == 'WO_STAT_RSN_FLG' and CI_LOOKUP_VAL_L_2.LANGUAGE_CD == 'ENG'
Write_Offs___Domain,Debt Management,JoinTree_1,5,leftOuter,C1_BI_WOPROC_VW,CI_WO_CNTL_L,C1_BI_WOPROC_VW.WO_CNTL_CD == CI_WO_CNTL_L.WO_CNTL_CD and CI_WO_CNTL_L.LANGUAGE_CD == 'ENG'
Write_Offs___Domain,Debt Management,JoinTree_1,6,leftOuter,C1_BI_WOPROC_VW,CI_WO_PROC_TMPL_L,C1_BI_WOPROC_VW.WO_PROC_TMPL_CD == CI_WO_PROC_TMPL_L.WO_PROC_TMPL_CD and CI_WO_PROC_TMPL_L.LANGUAGE_CD == 'ENG'
Write_Offs___Domain,Debt Management,JoinTree_1,7,leftOuter,C1_BI_WOPROC_VW,CI_WO_EVT_TYP_L,C1_BI_WOPROC_VW.EFF_WO_EVT_TYP_CD == CI_WO_EVT_TYP_L.WO_EVT_TYP_CD and CI_WO_EVT_TYP_L.LANGUAGE_CD == 'ENG'
Write_Offs___Domain,Debt Management,JoinTree_1,8,leftOuter,C1_BI_WOPROC_VW,CI_WO_EVT_TYP_L_1,C1_BI_WOPROC_VW.NEXT_WO_EVT_TYP_CD == CI_WO_EVT_TYP_L_1.WO_EVT_TYP_CD and CI_WO_EVT_TYP_L_1.LANGUAGE_CD == 'ENG'
Write_Offs___Domain,Debt Management,JoinTree_1,9,leftOuter,C1_BI_WOPROC_VW,WO_PAY_AGG,C1_BI_WOPROC_VW.UNCOLL_PROC_ID == WO_PAY_AGG.UNCOLL_PROC_ID
Crew___Domain,Field Operations,JoinTree_1,1,leftOuter,C1_REPRESENTATIVE,D1_ACTIVITY_CHAR,C1_REPRESENTATIVE.C1_REPRESENTATIVE_CD == D1_ACTIVITY_CHAR.SRCH_CHAR_VAL and D1_ACTIVITY_CHAR.CHAR_TYPE_CD == 'CMFAREP'
Crew___Domain,Field Operations,JoinTree_1,2,inner,D1_ACTIVITY_CHAR,D1_ACTIVITY,D1_ACTIVITY_CHAR.D1_ACTIVITY_ID == D1_ACTIVITY.D1_ACTIVITY_ID
Crew___Domain,Field Operations,JoinTree_1,3,inner,D1_ACTIVITY,D1_ACTIVITY_TYPE,D1_ACTIVITY.ACTIVITY_TYPE_CD == D1_ACTIVITY_TYPE.ACTIVITY_TYPE_CD and D1_ACTIVITY_TYPE.ACTIVITY_TYPE_CAT_FLG == 'D1FA'
Crew___Domain,Field Operations,JoinTree_1,4,inner,C1_REPRESENTATIVE,CMS_C1_REPRESENTATIVE_BODA_VW,C1_REPRESENTATIVE.C1_REPRESENTATIVE_CD == CMS_C1_REPRESENTATIVE_BODA_VW.C1_REPRESENTATIVE_CD
Crew___Domain,Field Operations,JoinTree_1,5,inner,D1_ACTIVITY,CMS_COMPLETED_ACTIVITY_ID,D1_ACTIVITY.D1_ACTIVITY_ID == CMS_COMPLETED_ACTIVITY_ID.D1_ACTIVITY_ID
Crew___Domain,Field Operations,JoinTree_1,6,inner,D1_ACTIVITY,CMS_D1_ACTIVITY_D1FA_BODA_VW,D1_ACTIVITY.D1_ACTIVITY_ID == CMS_D1_ACTIVITY_D1FA_BODA_VW.D1_ACTIVITY_ID
Crew___Domain,Field Operations,JoinTree_1,7,leftOuter,D1_ACTIVITY,CMS_D1_ACTIVITY_CHAR_VW,D1_ACTIVITY.D1_ACTIVITY_ID == CMS_D1_ACTIVITY_CHAR_VW.D1_ACTIVITY_ID
Crew___Domain,Field Operations,JoinTree_1,8,inner,C1_REPRESENTATIVE,C1_REPRESENTATIVE_L,C1_REPRESENTATIVE.C1_REPRESENTATIVE_CD == C1_REPRESENTATIVE_L.C1_REPRESENTATIVE_CD and C1_REPRESENTATIVE_L.LANGUAGE_CD == 'ENG'
Crew___Domain,Field Operations,JoinTree_1,9,inner,C1_REPRESENTATIVE,F1_BUS_OBJ_L,C1_REPRESENTATIVE.BUS_OBJ_CD == F1_BUS_OBJ_L.BUS_OBJ_CD and F1_BUS_OBJ_L.LANGUAGE_CD == 'ENG'
Crew___Domain,Field Operations,JoinTree_1,10,leftOuter,C1_REPRESENTATIVE,F1_BUS_OBJ_STATUS_L,C1_REPRESENTATIVE.BUS_OBJ_CD == F1_BUS_OBJ_STATUS_L.BUS_OBJ_CD and C1_REPRESENTATIVE.BO_STATUS_CD == F1_BUS_OBJ_STATUS_L.BO_STATUS_CD and F1_BUS_OBJ_STATUS_L.LANGUAGE_CD == 'ENG'
Crew___Domain,Field Operations,JoinTree_1,11,leftOuter,C1_REPRESENTATIVE,F1_BUS_OBJ_STATUS_RSN_L,C1_REPRESENTATIVE.BO_STATUS_REASON_CD == F1_BUS_OBJ_STATUS_RSN_L.BO_STATUS_REASON_CD and F1_BUS_OBJ_STATUS_RSN_L.LANGUAGE_CD == 'ENG'
Crew___Domain,Field Operations,JoinTree_1,12,leftOuter,C1_REPRESENTATIVE,CI_LOOKUP_VAL_L,C1_REPRESENTATIVE.C1_REPRESENTATIVE_TYPE_FLG == CI_LOOKUP_VAL_L.FIELD_VALUE and CI_LOOKUP_VAL_L.FIELD_NAME == 'C1_REPRESENTATIVE_TYPE_FLG' and CI_LOOKUP_VAL_L.LANGUAGE_CD == 'ENG'
Crew___Domain,Field Operations,JoinTree_1,13,leftOuter,C1_REPRESENTATIVE,SC_USER,C1_REPRESENTATIVE.USER_ID == SC_USER.USER_ID
Crew___Domain,Field Operations,JoinTree_1,14,inner,C1_REPRESENTATIVE,CI_NT_XID_L,C1_REPRESENTATIVE.NT_XID_CD == CI_NT_XID_L.NT_XID_CD
Crew___Domain,Field Operations,JoinTree_1,15,inner,D1_ACTIVITY,F1_BUS_OBJ_L_1,D1_ACTIVITY.BUS_OBJ_CD == F1_BUS_OBJ_L_1.BUS_OBJ_CD and F1_BUS_OBJ_L_1.LANGUAGE_CD == 'ENG'
Crew___Domain,Field Operations,JoinTree_1,16,inner,D1_ACTIVITY,F1_BUS_OBJ_STATUS_L_1,D1_ACTIVITY.BUS_OBJ_CD == F1_BUS_OBJ_STATUS_L_1.BUS_OBJ_CD and D1_ACTIVITY.BO_STATUS_CD == F1_BUS_OBJ_STATUS_L_1.BO_STATUS_CD and F1_BUS_OBJ_STATUS_L_1.LANGUAGE_CD == 'ENG'
Crew___Domain,Field Operations,JoinTree_1,17,leftOuter,D1_ACTIVITY,F1_BUS_OBJ_STATUS_RSN_L_1,D1_ACTIVITY.BO_STATUS_REASON_CD == F1_BUS_OBJ_STATUS_RSN_L_1.BO_STATUS_REASON_CD and F1_BUS_OBJ_STATUS_RSN_L_1.LANGUAGE_CD == 'ENG'
Crew___Domain,Field Operations,JoinTree_1,18,leftOuter,D1_ACTIVITY,F1_EXT_LOOKUP_VAL_L,D1_ACTIVITY.CANCEL_REASON == F1_EXT_LOOKUP_VAL_L.F1_EXT_LOOKUP_VALUE and F1_EXT_LOOKUP_VAL_L.BUS_OBJ_CD == 'D1-CancelReasonLookup' and F1_EXT_LOOKUP_VAL_L.LANGUAGE_CD == 'ENG'
Crew___Domain,Field Operations,JoinTree_1,19,leftOuter,D1_ACTIVITY,F1_EXT_LOOKUP_VAL_L_1,D1_ACTIVITY.FIELD_TASK_TYPE == F1_EXT_LOOKUP_VAL_L_1.F1_EXT_LOOKUP_VALUE and F1_EXT_LOOKUP_VAL_L_1.BUS_OBJ_CD == 'D1-FieldTaskTypeLookup' and F1_EXT_LOOKUP_VAL_L_1.LANGUAGE_CD == 'ENG'
Crew___Domain,Field Operations,JoinTree_1,20,leftOuter,D1_ACTIVITY,F1_EXT_LOOKUP_VAL_L_2,D1_ACTIVITY.RESCHEDULE_REASON == F1_EXT_LOOKUP_VAL_L_2.F1_EXT_LOOKUP_VALUE and D1_ACTIVITY.BUS_OBJ_CD == 'D1-RescheduleReasonLookup' and F1_EXT_LOOKUP_VAL_L_2.LANGUAGE_CD == 'ENG'
Crew___Domain,Field Operations,JoinTree_1,21,inner,D1_ACTIVITY,D1_ACTIVITY_TYPE_L,D1_ACTIVITY.ACTIVITY_TYPE_CD == D1_ACTIVITY_TYPE_L.ACTIVITY_TYPE_CD and D1_ACTIVITY_TYPE_L.LANGUAGE_CD == 'ENG'
Crew___Domain,Field Operations,JoinTree_1,22,leftOuter,CMS_D1_ACTIVITY_CHAR_VW,CI_LOOKUP_VAL_L_1,CMS_D1_ACTIVITY_CHAR_VW.FA_INT_STATUS_FLG == CI_LOOKUP_VAL_L_1.FIELD_VALUE and CI_LOOKUP_VAL_L_1.FIELD_NAME == 'FA_INT_STATUS_FLG' and CI_LOOKUP_VAL_L_1.LANGUAGE_CD == 'ENG'
Crew___Domain,Field Operations,JoinTree_1,23,leftOuter,CMS_D1_ACTIVITY_D1FA_BODA_VW,SC_USER_1,CMS_D1_ACTIVITY_D1FA_BODA_VW.CR_REQUESTER_USER == SC_USER_1.USER_ID
Field_Activity___Domain,Field Operations,JoinTree_1,1,inner,D1_ACTIVITY,D1_ACTIVITY_TYPE,D1_ACTIVITY.ACTIVITY_TYPE_CD == D1_ACTIVITY_TYPE.ACTIVITY_TYPE_CD and D1_ACTIVITY_TYPE.ACTIVITY_TYPE_CAT_FLG == 'D1FA'
Field_Activity___Domain,Field Operations,JoinTree_1,2,leftOuter,D1_ACTIVITY,D1_ACTIVITY_REL,D1_ACTIVITY.D1_ACTIVITY_ID == D1_ACTIVITY_REL.D1_ACTIVITY_ID and D1_ACTIVITY_REL.ACTIVITY_REL_TYPE_FLG == 'D1PR'
Field_Activity___Domain,Field Operations,JoinTree_1,3,leftOuter,D1_ACTIVITY,D1_ACTIVITY_REL_OBJ,D1_ACTIVITY.D1_ACTIVITY_ID == D1_ACTIVITY_REL_OBJ.D1_ACTIVITY_ID and D1_ACTIVITY_REL_OBJ.ACTIVITY_REL_OBJ_TYPE_FLG == 'D1RO' and D1_ACTIVITY_REL_OBJ.MAINT_OBJ_CD == 'D1-SP'
Field_Activity___Domain,Field Operations,JoinTree_1,4,inner,D1_ACTIVITY,CMS_D1_ACTIVITY_D1FA_BODA_VW,D1_ACTIVITY.D1_ACTIVITY_ID == CMS_D1_ACTIVITY_D1FA_BODA_VW.D1_ACTIVITY_ID
Field_Activity___Domain,Field Operations,JoinTree_1,5,leftOuter,D1_ACTIVITY_REL_OBJ,D1_SP,D1_ACTIVITY_REL_OBJ.PK_VALUE1 == D1_SP.D1_SP_ID
Field_Activity___Domain,Field Operations,JoinTree_1,6,inner,D1_ACTIVITY,F1_BUS_OBJ_STATUS_L,D1_ACTIVITY.BO_STATUS_CD == F1_BUS_OBJ_STATUS_L.BO_STATUS_CD and F1_BUS_OBJ_STATUS_L.LANGUAGE_CD == 'ENG' and D1_ACTIVITY.BUS_OBJ_CD == F1_BUS_OBJ_STATUS_L.BUS_OBJ_CD
Field_Activity___Domain,Field Operations,JoinTree_1,7,leftOuter,D1_ACTIVITY,F1_BUS_OBJ_STATUS_RSN_L,D1_ACTIVITY.BO_STATUS_REASON_CD == F1_BUS_OBJ_STATUS_RSN_L.BO_STATUS_REASON_CD and F1_BUS_OBJ_STATUS_RSN_L.LANGUAGE_CD == 'ENG'
Field_Activity___Domain,Field Operations,JoinTree_1,8,inner,D1_ACTIVITY,F1_BUS_OBJ_L,D1_ACTIVITY.BUS_OBJ_CD == F1_BUS_OBJ_L.BUS_OBJ_CD and F1_BUS_OBJ_L.LANGUAGE_CD == 'ENG'
Field_Activity___Domain,Field Operations,JoinTree_1,9,leftOuter,D1_ACTIVITY,F1_EXT_LOOKUP_VAL_L,D1_ACTIVITY.CANCEL_REASON == F1_EXT_LOOKUP_VAL_L.F1_EXT_LOOKUP_VALUE and F1_EXT_LOOKUP_VAL_L.BUS_OBJ_CD == 'D1-CancelReasonLookup' and F1_EXT_LOOKUP_VAL_L.LANGUAGE_CD == 'ENG'
Field_Activity___Domain,Field Operations,JoinTree_1,10,leftOuter,D1_ACTIVITY,F1_EXT_LOOKUP_VAL_L_1,D1_ACTIVITY.FIELD_TASK_TYPE == F1_EXT_LOOKUP_VAL_L_1.F1_EXT_LOOKUP_VALUE and F1_EXT_LOOKUP_VAL_L_1.BUS_OBJ_CD == 'D1-FieldTaskTypeLookup' and F1_EXT_LOOKUP_VAL_L_1.LANGUAGE_CD == 'ENG'
Field_Activity___Domain,Field Operations,JoinTree_1,11,leftOuter,D1_ACTIVITY,F1_EXT_LOOKUP_VAL_L_2,D1_ACTIVITY.RESCHEDULE_REASON == F1_EXT_LOOKUP_VAL_L_2.F1_EXT_LOOKUP_VALUE and F1_EXT_LOOKUP_VAL_L_2.BUS_OBJ_CD == 'D1-RescheduleReasonLookup' and F1_EXT_LOOKUP_VAL_L_2.LANGUAGE_CD == 'ENG'
Field_Activity___Domain,Field Operations,JoinTree_1,12,inner,D1_ACTIVITY_TYPE,D1_ACTIVITY_TYPE_L,D1_ACTIVITY_TYPE.ACTIVITY_TYPE_CD == D1_ACTIVITY_TYPE_L.ACTIVITY_TYPE_CD and D1_ACTIVITY_TYPE_L.LANGUAGE_CD == 'ENG'
Field_Activity___Domain,Field Operations,JoinTree_1,13,leftOuter,D1_ACTIVITY,CMS_ACTIVITY_ML,D1_ACTIVITY.D1_ACTIVITY_ID == CMS_ACTIVITY_ML.D1_ACTIVITY_ID
Field_Activity___Domain,Field Operations,JoinTree_1,14,leftOuter,D1_SP,CI_ACC_GRP_L,D1_SP.ACCESS_GRP_CD == CI_ACC_GRP_L.ACCESS_GRP_CD and CI_ACC_GRP_L.LANGUAGE_CD == 'ENG'
Field_Activity___Domain,Field Operations,JoinTree_1,15,leftOuter,D1_SP,F1_BUS_OBJ_STATUS_L_1,D1_SP.BO_STATUS_CD == F1_BUS_OBJ_STATUS_L_1.BO_STATUS_CD and D1_SP.BUS_OBJ_CD == F1_BUS_OBJ_STATUS_L_1.BUS_OBJ_CD and F1_BUS_OBJ_STATUS_L_1.LANGUAGE_CD == 'ENG'
Field_Activity___Domain,Field Operations,JoinTree_1,16,leftOuter,D1_SP,F1_BUS_OBJ_STATUS_RSN_L_1,D1_SP.BO_STATUS_REASON_CD == F1_BUS_OBJ_STATUS_RSN_L_1.BO_STATUS_REASON_CD and F1_BUS_OBJ_STATUS_RSN_L_1.LANGUAGE_CD == 'ENG'
Field_Activity___Domain,Field Operations,JoinTree_1,17,leftOuter,D1_SP,F1_BUS_OBJ_L_1,D1_SP.BUS_OBJ_CD == F1_BUS_OBJ_L_1.BUS_OBJ_CD and F1_BUS_OBJ_L_1.LANGUAGE_CD == 'ENG'
Field_Activity___Domain,Field Operations,JoinTree_1,18,leftOuter,D1_SP,D1_SP_TYPE_L,D1_SP.D1_SP_TYPE_CD == D1_SP_TYPE_L.D1_SP_TYPE_CD and D1_SP_TYPE_L.LANGUAGE_CD == 'ENG'
Field_Activity___Domain,Field Operations,JoinTree_1,19,leftOuter,D1_SP,CI_LOOKUP_VAL_L_1,D1_SP.DISCONN_LOC_FLG == CI_LOOKUP_VAL_L_1.FIELD_VALUE and CI_LOOKUP_VAL_L_1.FIELD_NAME == 'DISCONN_LOC_FLG' and CI_LOOKUP_VAL_L_1.LANGUAGE_CD == 'ENG'
Field_Activity___Domain,Field Operations,JoinTree_1,20,leftOuter,D1_SP,D1_MKT_L,D1_SP.MKT_CD == D1_MKT_L.MKT_CD and D1_MKT_L.LANGUAGE_CD == 'ENG'
Field_Activity___Domain,Field Operations,JoinTree_1,21,leftOuter,D1_SP,D1_MSRMT_CYC_L,D1_SP.MSRMT_CYC_CD == D1_MSRMT_CYC_L.MSRMT_CYC_CD and D1_MSRMT_CYC_L.LANGUAGE_CD == 'ENG'
Field_Activity___Domain,Field Operations,JoinTree_1,22,leftOuter,D1_SP,D1_MSRMT_CYC_RTE_L,D1_SP.MSRMT_CYC_RTE_CD == D1_MSRMT_CYC_RTE_L.MSRMT_CYC_RTE_CD and D1_SP.MSRMT_CYC_CD == D1_MSRMT_CYC_RTE_L.MSRMT_CYC_CD and D1_MSRMT_CYC_RTE_L.LANGUAGE_CD == 'ENG'
Field_Activity___Domain,Field Operations,JoinTree_1,23,leftOuter,D1_SP,CI_LOOKUP_VAL_L_2,D1_SP.SP_SRC_STAT_FLG == CI_LOOKUP_VAL_L_2.FIELD_VALUE and CI_LOOKUP_VAL_L_2.FIELD_NAME == 'SP_SRC_STAT_FLG' and CI_LOOKUP_VAL_L_2.LANGUAGE_CD == 'ENG'
Field_Activity___Domain,Field Operations,JoinTree_1,24,leftOuter,D1_SP,CI_TIME_ZONE_L,D1_SP.TIME_ZONE_CD == CI_TIME_ZONE_L.TIME_ZONE_CD and CI_TIME_ZONE_L.LANGUAGE_CD == 'ENG'
Field_Activity___Domain,Field Operations,JoinTree_1,25,leftOuter,D1_SP,CI_STATE_L,D1_SP.STATE == CI_STATE_L.STATE and D1_SP.COUNTRY == CI_STATE_L.COUNTRY and CI_STATE_L.LANGUAGE_CD == 'ENG'
Field_Activity___Domain,Field Operations,JoinTree_1,26,leftOuter,CMS_ACTIVITY_ML,CI_LOOKUP_VAL_L_3,CMS_ACTIVITY_ML.FA_INT_STATUS_FLG == CI_LOOKUP_VAL_L_3.FIELD_VALUE and CI_LOOKUP_VAL_L_3.FIELD_NAME == 'FA_INT_STATUS_FLG' and CI_LOOKUP_VAL_L_3.LANGUAGE_CD == 'ENG'
Field_Activity___Domain,Field Operations,JoinTree_1,27,leftOuter,CMS_ACTIVITY_ML,C1_REPRESENTATIVE_L,CMS_ACTIVITY_ML.THRD_PTY_REP_CD == C1_REPRESENTATIVE_L.C1_REPRESENTATIVE_CD and C1_REPRESENTATIVE_L.LANGUAGE_CD == 'ENG'
Field_Activity___Domain,Field Operations,JoinTree_1,28,leftOuter,CMS_D1_ACTIVITY_D1FA_BODA_VW,SC_USER,CMS_D1_ACTIVITY_D1FA_BODA_VW.CR_REQUESTER_USER == SC_USER.USER_ID
Billable_Charge___Domain,Finance,JoinTree_1,1,leftOuter,CI_SA,CI_SA_TYPE,CI_SA.CIS_DIVISION == CI_SA_TYPE.CIS_DIVISION and CI_SA.SA_TYPE_CD == CI_SA_TYPE.SA_TYPE_CD
Billable_Charge___Domain,Finance,JoinTree_1,2,leftOuter,CI_SA_TYPE,CI_SA_TYPE_L,CI_SA_TYPE.CIS_DIVISION == CI_SA_TYPE_L.CIS_DIVISION and CI_SA_TYPE.SA_TYPE_CD == CI_SA_TYPE_L.SA_TYPE_CD and CI_SA_TYPE_L.LANGUAGE_CD == 'ENG'
Billable_Charge___Domain,Finance,JoinTree_1,3,inner,CI_SA,CI_ACCT,CI_SA.ACCT_ID == CI_ACCT.ACCT_ID
Billable_Charge___Domain,Finance,JoinTree_1,4,inner,CI_SA,CI_ACCT_PER,CI_SA.ACCT_ID == CI_ACCT_PER.ACCT_ID and CI_ACCT_PER.MAIN_CUST_SW == 'Y'
Billable_Charge___Domain,Finance,JoinTree_1,5,leftOuter,CI_ACCT,CI_BILL_CYC_L,CI_ACCT.BILL_CYC_CD == CI_BILL_CYC_L.BILL_CYC_CD and CI_BILL_CYC_L.LANGUAGE_CD == 'ENG'
Billable_Charge___Domain,Finance,JoinTree_1,6,inner,CI_ACCT,CI_COLL_CL_L,CI_ACCT.COLL_CL_CD == CI_COLL_CL_L.COLL_CL_CD and CI_COLL_CL_L.LANGUAGE_CD == 'ENG'
Billable_Charge___Domain,Finance,JoinTree_1,7,inner,CI_ACCT,CI_CUST_CL_L,CI_ACCT.CUST_CL_CD == CI_CUST_CL_L.CUST_CL_CD and CI_CUST_CL_L.LANGUAGE_CD == 'ENG'
Billable_Charge___Domain,Finance,JoinTree_1,8,leftOuter,CI_ACCT,CI_BUD_PLAN_L,CI_ACCT.BUD_PLAN_CD == CI_BUD_PLAN_L.BUD_PLAN_CD and CI_BUD_PLAN_L.LANGUAGE_CD == 'ENG'
Billable_Charge___Domain,Finance,JoinTree_1,9,leftOuter,CI_ACCT,SC_USER,CI_ACCT.BILL_PRT_INTERCEPT == SC_USER.USER_ID
Billable_Charge___Domain,Finance,JoinTree_1,10,inner,CI_SA,CI_CIS_DIVISION_L,CI_SA.CIS_DIVISION == CI_CIS_DIVISION_L.CIS_DIVISION and CI_CIS_DIVISION_L.LANGUAGE_CD == 'ENG'
Billable_Charge___Domain,Finance,JoinTree_1,11,leftOuter,CI_SA,CI_NB_RULE_L,CI_SA.NB_RULE_CD == CI_NB_RULE_L.NB_RULE_CD and CI_NB_RULE_L.LANGUAGE_CD == 'ENG'
Billable_Charge___Domain,Finance,JoinTree_1,12,leftOuter,CI_SA,CI_PROP_DCL_RSN_L,CI_SA.PROP_DCL_RSN_CD == CI_PROP_DCL_RSN_L.PROP_DCL_RSN_CD and CI_PROP_DCL_RSN_L.LANGUAGE_CD == 'ENG'
Billable_Charge___Domain,Finance,JoinTree_1,13,leftOuter,CI_SA,CI_LOOKUP_VAL_L,CI_SA.PROP_SA_STAT_FLG == CI_LOOKUP_VAL_L.FIELD_VALUE and CI_LOOKUP_VAL_L.FIELD_NAME == 'PROP_SA_STAT_FLG' and CI_LOOKUP_VAL_L.LANGUAGE_CD == 'ENG'
Billable_Charge___Domain,Finance,JoinTree_1,14,inner,CI_SA,CI_LOOKUP_VAL_L_1,CI_SA.SA_STATUS_FLG == CI_LOOKUP_VAL_L_1.FIELD_VALUE and CI_LOOKUP_VAL_L_1.FIELD_NAME == 'SA_STATUS_FLG' and CI_LOOKUP_VAL_L_1.LANGUAGE_CD == 'ENG'
Billable_Charge___Domain,Finance,JoinTree_1,15,leftOuter,CI_SA,CI_SIC_L,CI_SA.SIC_CD == CI_SIC_L.SIC_CD and CI_SIC_L.LANGUAGE_CD == 'ENG'
Billable_Charge___Domain,Finance,JoinTree_1,16,leftOuter,CI_SA,CI_LOOKUP_VAL_L_2,CI_SA.SPECIAL_USAGE_FLG == CI_LOOKUP_VAL_L_2.FIELD_VALUE and CI_LOOKUP_VAL_L_2.FIELD_NAME == 'SPECIAL_USAGE_FLG' and CI_LOOKUP_VAL_L_2.LANGUAGE_CD == 'ENG'
Billable_Charge___Domain,Finance,JoinTree_1,17,leftOuter,CI_SA,CI_SS_OPT_L,CI_SA.START_OPT_CD == CI_SS_OPT_L.START_OPT_CD and CI_SS_OPT_L.LANGUAGE_CD == 'ENG'
Billable_Charge___Domain,Finance,JoinTree_1,18,leftOuter,CI_SA,CI_LOOKUP_VAL_L_3,CI_SA.STRT_RSN_FLG == CI_LOOKUP_VAL_L_3.FIELD_VALUE and CI_LOOKUP_VAL_L_3.FIELD_NAME == 'STRT_RSN_FLG' and CI_LOOKUP_VAL_L_3.LANGUAGE_CD == 'ENG'
Billable_Charge___Domain,Finance,JoinTree_1,19,leftOuter,CI_SA,CI_LOOKUP_VAL_L_4,CI_SA.STOP_RSN_FLG == CI_LOOKUP_VAL_L_4.FIELD_VALUE and CI_LOOKUP_VAL_L_4.FIELD_NAME == 'STOP_RSN_FLG' and CI_LOOKUP_VAL_L_4.LANGUAGE_CD == 'ENG'
Billable_Charge___Domain,Finance,JoinTree_1,20,leftOuter,CI_SA,CM_FT_BAL,CI_SA.SA_ID == CM_FT_BAL.SA_ID
Billable_Charge___Domain,Finance,JoinTree_1,21,leftOuter,CI_SA,CI_BILL_CHG,CI_SA.SA_ID == CI_BILL_CHG.SA_ID
Billable_Charge___Domain,Finance,JoinTree_1,22,leftOuter,CI_BILL_CHG,CI_B_CHG_LINE,CI_BILL_CHG.BILLABLE_CHG_ID == CI_B_CHG_LINE.BILLABLE_CHG_ID
Billable_Charge___Domain,Finance,JoinTree_1,23,inner,CI_ACCT_PER,CI_PER_NAME,CI_ACCT_PER.PER_ID == CI_PER_NAME.PER_ID and CI_ACCT_PER.MAIN_CUST_SW == 'Y' and CI_PER_NAME.NAME_TYPE_FLG == 'PRIM'
FT_and_GL_Snapshot___Domain,Finance,FT_GL_DISTRIBUTION_RPT_CURR,1,single_table,FT_GL_DISTRIBUTION_RPT_CURR,,Single-table domain on FT_GL_DISTRIBUTION_RPT_CURR
Financial_Transaction_Snapshot___Domain,Finance,FT_RPT_CURR,1,single_table,FT_RPT_CURR,,Single-table domain on FT_RPT_CURR
Financial_Transaction___Domain,Finance,JoinTree_1,1,inner,CI_FT,CI_BSEG,"CI_FT.SIBLING_ID == CI_BSEG.BSEG_ID and CI_FT.BILL_ID == CI_BSEG.BILL_ID and CI_FT.REDUNDANT_SW == 'N' and CI_FT.FT_TYPE_FLG in ('BS', 'BX')"
Financial_Transaction___Domain,Finance,JoinTree_1,2,inner,CI_FT,CI_PAY_SEG,"CI_FT.SIBLING_ID == CI_PAY_SEG.PAY_SEG_ID and CI_FT.PARENT_ID == CI_PAY_SEG.PAY_ID and CI_FT.REDUNDANT_SW == 'N' and CI_FT.FT_TYPE_FLG in ('PS', 'PX')"
Financial_Transaction___Domain,Finance,JoinTree_1,3,inner,CI_FT,CI_ADJ,"CI_FT.SIBLING_ID == CI_ADJ.ADJ_ID and CI_FT.PARENT_ID == CI_ADJ.ADJ_TYPE_CD and CI_FT.REDUNDANT_SW == 'N' and CI_FT.FT_TYPE_FLG in ('AD', 'AX')"
Financial_Transaction___Domain,Finance,JoinTree_1,4,inner,CI_FT,CI_SA,CI_FT.SA_ID == CI_SA.SA_ID and CI_FT.REDUNDANT_SW == 'N'
Financial_Transaction___Domain,Finance,JoinTree_1,5,inner,CI_SA,CI_ACCT,CI_SA.ACCT_ID == CI_ACCT.ACCT_ID
Financial_Transaction___Domain,Finance,JoinTree_1,6,inner,CI_ACCT,CI_ACCT_PER,CI_ACCT.ACCT_ID == CI_ACCT_PER.ACCT_ID and CI_ACCT_PER.MAIN_CUST_SW == 'Y'
Financial_Transaction___Domain,Finance,JoinTree_1,7,inner,CI_ACCT_PER,CI_PER_NAME,CI_ACCT_PER.PER_ID == CI_PER_NAME.PER_ID and CI_PER_NAME.NAME_TYPE_FLG == 'PRIM'
Financial_Transaction___Domain,Finance,JoinTree_1,8,inner,CI_SA,CI_SA_TYPE_L,CI_SA.CIS_DIVISION == CI_SA_TYPE_L.CIS_DIVISION and CI_SA.SA_TYPE_CD == CI_SA_TYPE_L.SA_TYPE_CD and CI_SA_TYPE_L.LANGUAGE_CD == 'ENG'
Financial_Transaction___Domain,Finance,JoinTree_1,9,leftOuter,CI_SA,CI_PREM,CI_SA.CHAR_PREM_ID == CI_PREM.PREM_ID
Financial_Transaction___Domain,Finance,JoinTree_1,10,inner,CI_FT,CI_GL_DIVISION_L,CI_FT.GL_DIVISION == CI_GL_DIVISION_L.GL_DIVISION and CI_FT.REDUNDANT_SW == 'N' and CI_GL_DIVISION_L.LANGUAGE_CD == 'ENG'
Financial_Transaction___Domain,Finance,JoinTree_1,11,leftOuter,CI_FT,SC_USER,CI_FT.FREEZE_USER_ID == SC_USER.USER_ID and CI_FT.REDUNDANT_SW == 'N'
Financial_Transaction___Domain,Finance,JoinTree_1,12,inner,CI_SA,CI_LOOKUP_VAL_L_2,CI_SA.SA_STATUS_FLG == CI_LOOKUP_VAL_L_2.FIELD_VALUE and CI_LOOKUP_VAL_L_2.FIELD_NAME == 'SA_STATUS_FLG' and CI_LOOKUP_VAL_L_2.LANGUAGE_CD == 'ENG'
Financial_Transaction___Domain,Finance,JoinTree_1,13,inner,CI_PREM,CI_PREM_TYPE_L,CI_PREM.PREM_TYPE_CD == CI_PREM_TYPE_L.PREM_TYPE_CD and CI_PREM_TYPE_L.LANGUAGE_CD == 'ENG'
Financial_Transaction___Domain,Finance,JoinTree_1,14,leftOuter,CI_PREM,CI_MR_INSTR_L,CI_PREM.MR_INSTR_CD == CI_MR_INSTR_L.MR_INSTR_CD and CI_MR_INSTR_L.LANGUAGE_CD == 'ENG'
Financial_Transaction___Domain,Finance,JoinTree_1,15,leftOuter,CI_PREM,CI_MR_WARN_L,CI_PREM.MR_WARN_CD == CI_MR_WARN_L.MR_WARN_CD and CI_MR_WARN_L.LANGUAGE_CD == 'ENG'
Financial_Transaction___Domain,Finance,JoinTree_1,16,leftOuter,CI_PREM,CI_TREND_AREA_L,CI_PREM.TREND_AREA_CD == CI_TREND_AREA_L.DESCR and CI_TREND_AREA_L.LANGUAGE_CD == 'ENG'
Financial_Transaction___Domain,Finance,JoinTree_1,17,leftOuter,CI_PREM,CI_STATE_L,CI_PREM.COUNTRY == CI_STATE_L.COUNTRY and CI_PREM.STATE == CI_STATE_L.STATE and CI_STATE_L.LANGUAGE_CD == 'ENG'
Financial_Transaction___Domain,Finance,JoinTree_1,18,leftOuter,CI_PREM,CI_TIME_ZONE_L,CI_PREM.TIME_ZONE_CD == CI_TIME_ZONE_L.TIME_ZONE_CD and CI_TIME_ZONE_L.LANGUAGE_CD == 'ENG'
Financial_Transaction___Domain,Finance,JoinTree_1,19,leftOuter,CI_ACCT,CI_ACCT_MGMT_GR_L,CI_ACCT.ACCT_MGMT_GRP_CD == CI_ACCT_MGMT_GR_L.ACCT_MGMT_GRP_CD and CI_ACCT_MGMT_GR_L.LANGUAGE_CD == 'ENG'
Financial_Transaction___Domain,Finance,JoinTree_1,20,inner,CI_ACCT,CI_COLL_CL_L,CI_ACCT.COLL_CL_CD == CI_COLL_CL_L.COLL_CL_CD and CI_COLL_CL_L.LANGUAGE_CD == 'ENG'
Financial_Transaction___Domain,Finance,JoinTree_1,21,inner,CI_ACCT,CI_CUST_CL_L,CI_ACCT.CUST_CL_CD == CI_CUST_CL_L.CUST_CL_CD and CI_CUST_CL_L.LANGUAGE_CD == 'ENG'
Financial_Transaction___Domain,Finance,JoinTree_1,22,leftOuter,CI_ACCT,CI_BUD_PLAN_L,CI_ACCT.BUD_PLAN_CD == CI_BUD_PLAN_L.BUD_PLAN_CD and CI_BUD_PLAN_L.LANGUAGE_CD == 'ENG'
Financial_Transaction___Domain,Finance,JoinTree_1,23,leftOuter,CI_ACCT,CI_BILL_CYC_L,CI_ACCT.BILL_CYC_CD == CI_BILL_CYC_L.BILL_CYC_CD and CI_BILL_CYC_L.LANGUAGE_CD == 'ENG'
Financial_Transaction___Domain,Finance,JoinTree_1,24,leftOuter,CI_BSEG,CI_BILL_CYC_L_1,CI_BSEG.BILL_CYC_CD == CI_BILL_CYC_L_1.BILL_CYC_CD and CI_BILL_CYC_L_1.LANGUAGE_CD == 'ENG'
Financial_Transaction___Domain,Finance,JoinTree_1,25,leftOuter,CI_BSEG,CI_BILL_CAN_RSN_L,CI_BSEG.CAN_RSN_CD == CI_BILL_CAN_RSN_L.CAN_RSN_CD and CI_BILL_CAN_RSN_L.LANGUAGE_CD == 'ENG'
Financial_Transaction___Domain,Finance,JoinTree_1,26,inner,CI_BSEG,CI_LOOKUP_VAL_L_3,CI_BSEG.BSEG_STAT_FLG == CI_LOOKUP_VAL_L_3.FIELD_VALUE and CI_LOOKUP_VAL_L_3.FIELD_NAME == 'BSEG_STAT_FLG' and CI_LOOKUP_VAL_L_3.LANGUAGE_CD == 'ENG'
Financial_Transaction___Domain,Finance,JoinTree_1,27,inner,CI_ADJ,CI_ADJ_TYPE_L,CI_ADJ.ADJ_TYPE_CD == CI_ADJ_TYPE_L.ADJ_TYPE_CD and CI_ADJ_TYPE_L.LANGUAGE_CD == 'ENG'
Financial_Transaction___Domain,Finance,JoinTree_1,28,inner,CI_ADJ,CI_LOOKUP_VAL_L_4,CI_ADJ.ADJ_STATUS_FLG == CI_LOOKUP_VAL_L_4.FIELD_VALUE and CI_LOOKUP_VAL_L_4.FIELD_NAME == 'ADJ_STATUS_FLG' and CI_LOOKUP_VAL_L_4.LANGUAGE_CD == 'ENG'
Financial_Transaction___Domain,Finance,JoinTree_1,29,leftOuter,CI_ADJ,CI_ADJ_CAN_RSN_L,CI_ADJ.CAN_RSN_CD == CI_ADJ_CAN_RSN_L.CAN_RSN_CD and CI_ADJ_CAN_RSN_L.LANGUAGE_CD == 'ENG'
Financial_Transaction___Domain,Finance,JoinTree_1,30,leftOuter,CI_FT,CI_BAL_CTL_GRP,CI_FT.BAL_CTL_GRP_ID == CI_BAL_CTL_GRP.BAL_CTL_GRP_ID and CI_FT.REDUNDANT_SW == 'N'
Financial_Transaction___Domain,Finance,JoinTree_1,31,leftOuter,CI_BAL_CTL_GRP,CI_LOOKUP_VAL_L_5,CI_BAL_CTL_GRP.BALANCING_STAT_FLG == CI_LOOKUP_VAL_L_5.FIELD_VALUE and CI_LOOKUP_VAL_L_5.FIELD_NAME == 'BALANCING_STAT_FLG' and CI_LOOKUP_VAL_L_5.LANGUAGE_CD == 'ENG'
Asset___Domain,Meter Operations,JoinTree_1,1,inner,W1_ASSET,W1_ASSET_NODE,W1_ASSET.ASSET_ID == W1_ASSET_NODE.ASSET_ID
Asset___Domain,Meter Operations,JoinTree_1,2,inner,W1_ASSET,CMS_W1_ASSET_IDENTIFIER_VW,W1_ASSET.ASSET_ID == CMS_W1_ASSET_IDENTIFIER_VW.ASSET_ID
Asset___Domain,Meter Operations,JoinTree_1,3,inner,W1_ASSET_NODE,W1_NODE,W1_ASSET_NODE.NODE_ID == W1_NODE.NODE_ID
Asset___Domain,Meter Operations,JoinTree_1,4,inner,W1_ASSET,W1_ASSET_TYPE_L,W1_ASSET.ASSET_TYPE_CD == W1_ASSET_TYPE_L.ASSET_TYPE_CD and W1_ASSET_TYPE_L.LANGUAGE_CD == 'ENG'
Asset___Domain,Meter Operations,JoinTree_1,5,inner,W1_ASSET,F1_BUS_OBJ_L,W1_ASSET.BUS_OBJ_CD == F1_BUS_OBJ_L.BUS_OBJ_CD and F1_BUS_OBJ_L.LANGUAGE_CD == 'ENG'
Asset___Domain,Meter Operations,JoinTree_1,6,leftOuter,W1_ASSET,F1_BUS_OBJ_STATUS_RSN_L,W1_ASSET.BO_STATUS_REASON_CD == F1_BUS_OBJ_STATUS_RSN_L.BO_STATUS_REASON_CD and F1_BUS_OBJ_STATUS_RSN_L.LANGUAGE_CD == 'ENG'
Asset___Domain,Meter Operations,JoinTree_1,7,leftOuter,W1_ASSET,CI_LOOKUP_VAL_L,W1_ASSET.ASSET_COND_FLG == CI_LOOKUP_VAL_L.FIELD_VALUE and CI_LOOKUP_VAL_L.FIELD_NAME == 'ASSET_COND_FLG' and CI_LOOKUP_VAL_L.LANGUAGE_CD == 'ENG'
Asset___Domain,Meter Operations,JoinTree_1,8,leftOuter,W1_ASSET,W1_SPECIFICATION_L,W1_ASSET.SPECIFICATION_CD == W1_SPECIFICATION_L.SPECIFICATION_CD and W1_SPECIFICATION_L.LANGUAGE_CD == 'ENG'
Asset___Domain,Meter Operations,JoinTree_1,9,leftOuter,W1_ASSET,CI_ACC_GRP_L,W1_ASSET.OWNING_ACCESS_GRP_CD == CI_ACC_GRP_L.ACCESS_GRP_CD and CI_ACC_GRP_L.LANGUAGE_CD == 'ENG'
Asset___Domain,Meter Operations,JoinTree_1,10,leftOuter,W1_ASSET,W1_SPECIFICATION_L_1,W1_ASSET.MAINT_SPEC_CD == W1_SPECIFICATION_L_1.SPECIFICATION_CD and W1_SPECIFICATION_L_1.LANGUAGE_CD == 'ENG'
Asset___Domain,Meter Operations,JoinTree_1,11,leftOuter,W1_ASSET,CI_LOOKUP_VAL_L_1,W1_ASSET.ASSET_OWNERSHIP_FLG == CI_LOOKUP_VAL_L_1.FIELD_VALUE and CI_LOOKUP_VAL_L_1.FIELD_NAME == 'ASSET_OWNERSHIP_FLG' and CI_LOOKUP_VAL_L_1.LANGUAGE_CD == 'ENG'
Asset___Domain,Meter Operations,JoinTree_1,12,leftOuter,W1_ASSET,CI_LOOKUP_VAL_L_2,W1_ASSET.CONTRIBUTED_FLG == CI_LOOKUP_VAL_L_2.FIELD_VALUE and CI_LOOKUP_VAL_L_2.FIELD_NAME == 'CONTRIBUTED_FLG' and CI_LOOKUP_VAL_L_2.LANGUAGE_CD == 'ENG'
Asset___Domain,Meter Operations,JoinTree_1,13,leftOuter,W1_ASSET_NODE,CI_LOOKUP_VAL_L_4,W1_ASSET_NODE.FAILURE_FLG == CI_LOOKUP_VAL_L_4.FIELD_VALUE and CI_LOOKUP_VAL_L_4.FIELD_NAME == 'FAILURE_FLG' and CI_LOOKUP_VAL_L_4.LANGUAGE_CD == 'ENG'
Asset___Domain,Meter Operations,JoinTree_1,14,inner,W1_ASSET_NODE,F1_EXT_LOOKUP_VAL_L,W1_ASSET_NODE.ASSET_DPOS_FLG == F1_EXT_LOOKUP_VAL_L.F1_EXT_LOOKUP_VALUE and F1_EXT_LOOKUP_VAL_L.BUS_OBJ_CD == 'W1-AssetDisposition' and F1_EXT_LOOKUP_VAL_L.LANGUAGE_CD == 'ENG'
Asset___Domain,Meter Operations,JoinTree_1,15,inner,W1_NODE,W1_NODE_TYPE_L,W1_NODE.NODE_TYPE_CD == W1_NODE_TYPE_L.NODE_TYPE_CD and W1_NODE_TYPE_L.LANGUAGE_CD == 'ENG'
Asset___Domain,Meter Operations,JoinTree_1,16,inner,W1_NODE,F1_BUS_OBJ_L_1,W1_NODE.BUS_OBJ_CD == F1_BUS_OBJ_L_1.BUS_OBJ_CD and F1_BUS_OBJ_L_1.LANGUAGE_CD == 'ENG'
Asset___Domain,Meter Operations,JoinTree_1,17,inner,W1_NODE,CI_LOOKUP_VAL_L_3,W1_NODE.NODE_DPOS_FLG == CI_LOOKUP_VAL_L_3.FIELD_VALUE and CI_LOOKUP_VAL_L_3.FIELD_NAME == 'NODE_DPOS_FLG' and CI_LOOKUP_VAL_L_3.LANGUAGE_CD == 'ENG'
Asset___Domain,Meter Operations,JoinTree_1,18,leftOuter,W1_NODE,CI_LOOKUP_VAL_L_5,W1_NODE.W1_OPERATION_FLG == CI_LOOKUP_VAL_L_5.FIELD_VALUE and CI_LOOKUP_VAL_L_5.FIELD_NAME == 'W1_OPERATION_FLG' and CI_LOOKUP_VAL_L_5.LANGUAGE_CD == 'ENG'
Asset___Domain,Meter Operations,JoinTree_1,19,leftOuter,W1_NODE,CI_LOOKUP_VAL_L_6,W1_NODE.CRITICALITY_FLG == CI_LOOKUP_VAL_L_6.FIELD_VALUE and CI_LOOKUP_VAL_L_6.FIELD_NAME == 'CRITICALITY_FLG' and CI_LOOKUP_VAL_L_6.LANGUAGE_CD == 'ENG'
Asset___Domain,Meter Operations,JoinTree_1,20,leftOuter,W1_NODE,CI_LOOKUP_VAL_L_7,W1_NODE.LOCATION_CLASS_FLG == CI_LOOKUP_VAL_L_7.FIELD_VALUE and CI_LOOKUP_VAL_L_7.FIELD_NAME == 'LOCATION_CLASS_FLG' and CI_LOOKUP_VAL_L_7.LANGUAGE_CD == 'ENG'
Asset___Domain,Meter Operations,JoinTree_1,21,leftOuter,W1_NODE,CI_STATE_L,W1_NODE.STATE == CI_STATE_L.STATE and W1_NODE.COUNTRY == CI_STATE_L.COUNTRY and CI_STATE_L.LANGUAGE_CD == 'ENG'
Asset___Domain,Meter Operations,JoinTree_1,22,inner,W1_NODE,CI_TIME_ZONE_L,W1_NODE.TIME_ZONE_CD == CI_TIME_ZONE_L.TIME_ZONE_CD and CI_TIME_ZONE_L.LANGUAGE_CD == 'ENG'
Asset___Domain,Meter Operations,JoinTree_1,23,leftOuter,W1_NODE,CI_ACC_GRP_L_1,W1_NODE.OWNING_ACCESS_GRP_CD == CI_ACC_GRP_L_1.ACCESS_GRP_CD and CI_ACC_GRP_L_1.LANGUAGE_CD == 'ENG'
Asset___Domain,Meter Operations,JoinTree_1,24,leftOuter,W1_NODE,W1_SERVICE_AREA_L,W1_NODE.SERVICE_AREA_CD == W1_SERVICE_AREA_L.SERVICE_AREA_CD and W1_SERVICE_AREA_L.LANGUAGE_CD == 'ENG'
Asset___Domain,Meter Operations,JoinTree_1,25,leftOuter,W1_NODE,W1_APPROVAL_PROF_L,W1_NODE.WORK_REQ_APPROVAL_PROF_CD == W1_APPROVAL_PROF_L.APPROVAL_PROF_CD and W1_APPROVAL_PROF_L.LANGUAGE_CD == 'ENG'
Asset___Domain,Meter Operations,JoinTree_1,26,leftOuter,W1_NODE,CI_LOOKUP_VAL_L_8,W1_NODE.RCM_SYSTEM_FLG == CI_LOOKUP_VAL_L_8.FIELD_VALUE and CI_LOOKUP_VAL_L_8.FIELD_NAME == 'RCM_SYSTEM_FLG' and CI_LOOKUP_VAL_L_8.LANGUAGE_CD == 'ENG'
Asset___Domain,Meter Operations,JoinTree_1,27,inner,W1_NODE,CI_LOOKUP_VAL_L_9,W1_NODE.RUN_TO_FAILURE_FLG == CI_LOOKUP_VAL_L_9.FIELD_VALUE and CI_LOOKUP_VAL_L_9.FIELD_NAME == 'RUN_TO_FAILURE_FLG' and CI_LOOKUP_VAL_L_9.LANGUAGE_CD == 'ENG'
Asset___Domain,Meter Operations,JoinTree_1,28,leftOuter,W1_NODE,W1_COST_CENTER_L,W1_NODE.INV_COST_CENTER_CD == W1_COST_CENTER_L.COST_CENTER_CD and W1_COST_CENTER_L.LANGUAGE_CD == 'ENG'
Asset___Domain,Meter Operations,JoinTree_1,29,leftOuter,W1_NODE,W1_COST_CENTER_L_1,W1_NODE.INV_ADJTMT_COST_CENTER_CD == W1_COST_CENTER_L_1.COST_CENTER_CD and W1_COST_CENTER_L_1.LANGUAGE_CD == 'ENG'
Asset___Domain,Meter Operations,JoinTree_1,30,leftOuter,W1_NODE,W1_COST_CENTER_L_2,W1_NODE.MARK_UP_COST_CENTER_CD == W1_COST_CENTER_L_2.COST_CENTER_CD and W1_COST_CENTER_L_2.LANGUAGE_CD == 'ENG'
Asset___Domain,Meter Operations,JoinTree_1,31,leftOuter,W1_NODE,W1_COST_CENTER_L_3,W1_NODE.STOCK_TRANSFER_COST_CENTER_CD == W1_COST_CENTER_L_3.COST_CENTER_CD and W1_COST_CENTER_L_3.LANGUAGE_CD == 'ENG'
Asset___Domain,Meter Operations,JoinTree_1,32,leftOuter,W1_NODE,W1_EXPENSE_CD_L,W1_NODE.INV_EXPENSE_CD == W1_EXPENSE_CD_L.EXPENSE_CD and W1_EXPENSE_CD_L.LANGUAGE_CD == 'ENG'
Asset___Domain,Meter Operations,JoinTree_1,33,leftOuter,W1_NODE,W1_BUYER_L,W1_NODE.BUYER_CD == W1_BUYER_L.BUYER_CD and W1_BUYER_L.LANGUAGE_CD == 'ENG'
Asset___Domain,Meter Operations,JoinTree_1,34,leftOuter,W1_NODE,W1_EXPENSE_CD_L_1,W1_NODE.MARK_UP_EXPENSE_CD == W1_EXPENSE_CD_L_1.EXPENSE_CD
Asset___Domain,Meter Operations,JoinTree_1,35,leftOuter,W1_NODE,CI_LOOKUP_VAL_L_10,W1_NODE.RR_APP_REQ_FLG == CI_LOOKUP_VAL_L_10.FIELD_VALUE and CI_LOOKUP_VAL_L_10.FIELD_NAME == 'RR_APP_REQ_FLG' and CI_LOOKUP_VAL_L_10.LANGUAGE_CD == 'ENG'
Asset___Domain,Meter Operations,JoinTree_1,36,leftOuter,W1_NODE,CI_LOOKUP_VAL_L_11,W1_NODE.PUR_DOC_ACTION_FLG == CI_LOOKUP_VAL_L_11.FIELD_VALUE and CI_LOOKUP_VAL_L_11.FIELD_NAME == 'PUR_DOC_ACTION_FLG' and CI_LOOKUP_VAL_L_11.LANGUAGE_CD == 'ENG'
Asset___Domain,Meter Operations,JoinTree_1,37,leftOuter,W1_NODE,W1_PLANNER_L,W1_NODE.PLANNER_CD == W1_PLANNER_L.PLANNER_CD and W1_PLANNER_L.LANGUAGE_CD == 'ENG'
Asset___Domain,Meter Operations,JoinTree_1,38,leftOuter,W1_NODE,CI_LOOKUP_VAL_L_12,W1_NODE.BACK_LOG_GRP_FLG == CI_LOOKUP_VAL_L_12.FIELD_VALUE and CI_LOOKUP_VAL_L_12.FIELD_NAME == 'BACK_LOG_GRP_FLG' and CI_LOOKUP_VAL_L_12.LANGUAGE_CD == 'ENG'
Asset___Domain,Meter Operations,JoinTree_1,39,leftOuter,W1_NODE,W1_MAINTMGR_L,W1_NODE.MAINTMGR_CD == W1_MAINTMGR_L.MAINTMGR_CD and W1_MAINTMGR_L.LANGUAGE_CD == 'ENG'
Asset___Domain,Meter Operations,JoinTree_1,40,leftOuter,W1_NODE,W1_COST_CENTER_L_4,W1_NODE.TAX_COST_CENTER_CD == W1_COST_CENTER_L_4.COST_CENTER_CD and W1_COST_CENTER_L_4.LANGUAGE_CD == 'ENG'
Asset___Domain,Meter Operations,JoinTree_1,41,leftOuter,W1_NODE,W1_COST_CENTER_L_5,W1_NODE.INVOICE_WRITEOFF_COST_CTR_CD == W1_COST_CENTER_L_5.COST_CENTER_CD and W1_COST_CENTER_L_5.LANGUAGE_CD == 'ENG'
Asset___Domain,Meter Operations,JoinTree_1,42,leftOuter,W1_NODE,W1_EXPENSE_CD_L_2,W1_NODE.TAX_EXPENSE_CD == W1_EXPENSE_CD_L_2.EXPENSE_CD and W1_EXPENSE_CD_L_2.LANGUAGE_CD == 'ENG'
Asset___Domain,Meter Operations,JoinTree_1,43,leftOuter,W1_NODE,W1_EXPENSE_CD_L_3,W1_NODE.INVOICE_WRITEOFF_EXPENSE_CD == W1_EXPENSE_CD_L_3.EXPENSE_CD and W1_EXPENSE_CD_L_3.LANGUAGE_CD == 'ENG'
Asset___Domain,Meter Operations,JoinTree_1,44,leftOuter,W1_NODE,F1_EXT_LOOKUP_VAL_L_1,W1_NODE.SERVICE_COND_FLG == F1_EXT_LOOKUP_VAL_L_1.F1_EXT_LOOKUP_VALUE and F1_EXT_LOOKUP_VAL_L_1.BUS_OBJ_CD == 'W1-ServiceCondition' and F1_EXT_LOOKUP_VAL_L_1.LANGUAGE_CD == 'ENG'
Asset___Domain,Meter Operations,JoinTree_1,45,leftOuter,W1_ASSET,W1_BOM_PART,W1_ASSET.BOM_PART_ID == W1_BOM_PART.BOM_PART_ID
Asset___Domain,Meter Operations,JoinTree_1,46,leftOuter,W1_ASSET,W1_VENDOR_LOC,W1_ASSET.VENDOR_LOC_ID == W1_VENDOR_LOC.VENDOR_LOC_ID
Asset___Domain,Meter Operations,JoinTree_1,47,leftOuter,W1_ASSET,W1_PROPERTY_UNIT_L,W1_ASSET.PROPERTY_UNIT_CD == W1_PROPERTY_UNIT_L.PROPERTY_UNIT_CD and W1_PROPERTY_UNIT_L.LANGUAGE_CD == 'ENG'
Asset___Domain,Meter Operations,JoinTree_1,48,leftOuter,W1_NODE,W1_NODE_1,W1_NODE.PARENT_NODE_ID == W1_NODE_1.NODE_ID
Asset___Domain,Meter Operations,JoinTree_1,49,inner,W1_ASSET,F1_BUS_OBJ_STATUS_L,W1_ASSET.BUS_OBJ_CD == F1_BUS_OBJ_STATUS_L.BUS_OBJ_CD and W1_ASSET.BO_STATUS_CD == F1_BUS_OBJ_STATUS_L.BO_STATUS_CD and F1_BUS_OBJ_STATUS_L.LANGUAGE_CD == 'ENG'
Device___Domain,Meter Operations,JoinTree_1,1,leftOuter,D1_DVC,D1_DVC_CFG,D1_DVC.D1_DEVICE_ID == D1_DVC_CFG.D1_DEVICE_ID
Device___Domain,Meter Operations,JoinTree_1,2,leftOuter,D1_DVC_CFG,D1_INSTALL_EVT,D1_DVC_CFG.DEVICE_CONFIG_ID == D1_INSTALL_EVT.DEVICE_CONFIG_ID
Device___Domain,Meter Operations,JoinTree_1,3,leftOuter,D1_DVC,CMS_DVC_ACCT,D1_DVC.D1_DEVICE_ID == CMS_DVC_ACCT.D1_DEVICE_ID
Device___Domain,Meter Operations,JoinTree_1,4,leftOuter,CMS_DVC_ACCT,CI_ACCT_PER,CMS_DVC_ACCT.ACCT_ID == CI_ACCT_PER.ACCT_ID and CI_ACCT_PER.MAIN_CUST_SW == 'Y'
Device___Domain,Meter Operations,JoinTree_1,5,leftOuter,CI_ACCT_PER,CI_PER_NAME,CI_ACCT_PER.PER_ID == CI_PER_NAME.PER_ID and CI_PER_NAME.NAME_TYPE_FLG == 'PRIM'
Device___Domain,Meter Operations,JoinTree_1,6,leftOuter,D1_DVC,CMS_D1_DVC_CHAR_VW,D1_DVC.D1_DEVICE_ID == CMS_D1_DVC_CHAR_VW.D1_DEVICE_ID
Device___Domain,Meter Operations,JoinTree_1,7,leftOuter,D1_DVC,CMS_D1_DVC_IDENTIFIER_VW,D1_DVC.D1_DEVICE_ID == CMS_D1_DVC_IDENTIFIER_VW.D1_DEVICE_ID
Device___Domain,Meter Operations,JoinTree_1,8,leftOuter,CMS_DVC_ACCT,CI_SP,CMS_DVC_ACCT.SP_ID == CI_SP.SP_ID
Device___Domain,Meter Operations,JoinTree_1,9,leftOuter,CI_SP,CI_PREM,CI_SP.PREM_ID == CI_PREM.PREM_ID
Device___Domain,Meter Operations,JoinTree_1,10,leftOuter,D1_DVC,CMS_D1_DVC_BODA_VW,D1_DVC.D1_DEVICE_ID == CMS_D1_DVC_BODA_VW.D1_DEVICE_ID
Device___Domain,Meter Operations,JoinTree_1,11,leftOuter,D1_DVC,CMS_DVC_CFG_EFFECTIVE,D1_DVC.D1_DEVICE_ID == CMS_DVC_CFG_EFFECTIVE.D1_DEVICE_ID
Device___Domain,Meter Operations,JoinTree_1,12,leftOuter,D1_DVC_CFG,CMS_IEVT_LATEST,D1_DVC_CFG.DEVICE_CONFIG_ID == CMS_IEVT_LATEST.DEVICE_CONFIG_ID
Device___Domain,Meter Operations,JoinTree_1,13,leftOuter,D1_INSTALL_EVT,D1_SP_EQPMNT,D1_INSTALL_EVT.D1_SP_ID == D1_SP_EQPMNT.D1_SP_ID
Device___Domain,Meter Operations,JoinTree_1,14,leftOuter,D1_SP_EQPMNT,D1_DVC_2,D1_SP_EQPMNT.D1_DEVICE_ID == D1_DVC_2.D1_DEVICE_ID
Device___Domain,Meter Operations,JoinTree_1,15,inner,D1_DVC,F1_BUS_OBJ_L,D1_DVC.BUS_OBJ_CD == F1_BUS_OBJ_L.BUS_OBJ_CD and F1_BUS_OBJ_L.LANGUAGE_CD == 'ENG'
Device___Domain,Meter Operations,JoinTree_1,16,leftOuter,D1_DVC,D1_MANUFACTURER_L,D1_DVC.MANUFACTURER_CD == D1_MANUFACTURER_L.MANUFACTURER_CD and D1_MANUFACTURER_L.LANGUAGE_CD == 'ENG'
Device___Domain,Meter Operations,JoinTree_1,17,leftOuter,D1_DVC,D1_MODEL_L,D1_DVC.MANUFACTURER_CD == D1_MODEL_L.MANUFACTURER_CD and D1_DVC.D1_MODEL_CD == D1_MODEL_L.D1_MODEL_CD and D1_MODEL_L.LANGUAGE_CD == 'ENG'
Device___Domain,Meter Operations,JoinTree_1,18,leftOuter,D1_DVC,D1_SPR_L,D1_DVC.D1_SPR_CD == D1_SPR_L.D1_SPR_CD and D1_SPR_L.LANGUAGE_CD == 'ENG'
Device___Domain,Meter Operations,JoinTree_1,19,leftOuter,D1_DVC,CI_LOOKUP_VAL_L,D1_DVC.IN_DATA_SHIFT_FLG == CI_LOOKUP_VAL_L.FIELD_VALUE and CI_LOOKUP_VAL_L.FIELD_NAME == 'IN_DATA_SHIFT_FLG' and CI_LOOKUP_VAL_L.LANGUAGE_CD == 'ENG'
Device___Domain,Meter Operations,JoinTree_1,20,inner,D1_DVC,F1_BUS_OBJ_STATUS_L,D1_DVC.BUS_OBJ_CD == F1_BUS_OBJ_STATUS_L.BUS_OBJ_CD and D1_DVC.BO_STATUS_CD == F1_BUS_OBJ_STATUS_L.BO_STATUS_CD and F1_BUS_OBJ_STATUS_L.LANGUAGE_CD == 'ENG'
Device___Domain,Meter Operations,JoinTree_1,21,leftOuter,D1_DVC,F1_BUS_OBJ_STATUS_RSN_L,D1_DVC.BO_STATUS_REASON_CD == F1_BUS_OBJ_STATUS_RSN_L.BO_STATUS_REASON_CD and F1_BUS_OBJ_STATUS_RSN_L.LANGUAGE_CD == 'ENG'
Device___Domain,Meter Operations,JoinTree_1,22,leftOuter,D1_DVC,CI_LOOKUP_VAL_L_1,D1_DVC.ARMING_REQ_FLG == CI_LOOKUP_VAL_L_1.FIELD_VALUE and CI_LOOKUP_VAL_L_1.FIELD_NAME == 'ARMING_REQ_FLG' and CI_LOOKUP_VAL_L_1.LANGUAGE_CD == 'ENG'
Device___Domain,Meter Operations,JoinTree_1,23,leftOuter,D1_DVC,CI_LOOKUP_VAL_L_2,D1_DVC.HEAD_END_REGISTR_STATUS_FLG == CI_LOOKUP_VAL_L_2.FIELD_VALUE and CI_LOOKUP_VAL_L_2.FIELD_NAME == 'HEAD_END_REGISTR_STATUS_FLG' and CI_LOOKUP_VAL_L_2.LANGUAGE_CD == 'ENG'
Device___Domain,Meter Operations,JoinTree_1,24,leftOuter,D1_DVC,D1_COMMAND_SET_L,D1_DVC.D1_CMD_SET_CD == D1_COMMAND_SET_L.D1_CMD_SET_CD and D1_COMMAND_SET_L.LANGUAGE_CD == 'ENG'
Device___Domain,Meter Operations,JoinTree_1,25,leftOuter,D1_DVC,CI_ACC_GRP_L,D1_DVC.ACCESS_GRP_CD == CI_ACC_GRP_L.ACCESS_GRP_CD and CI_ACC_GRP_L.LANGUAGE_CD == 'ENG'
Device___Domain,Meter Operations,JoinTree_1,26,inner,D1_DVC,D1_DVC_TYPE_L,D1_DVC.DEVICE_TYPE_CD == D1_DVC_TYPE_L.DEVICE_TYPE_CD and D1_DVC_TYPE_L.LANGUAGE_CD == 'ENG'
Device___Domain,Meter Operations,JoinTree_1,27,leftOuter,D1_DVC_CFG,D1_DVC_CFG_TYPE_L,D1_DVC_CFG.DEVICE_CONFIG_TYPE_CD == D1_DVC_CFG_TYPE_L.DEVICE_CONFIG_TYPE_CD and D1_DVC_CFG_TYPE_L.LANGUAGE_CD == 'ENG'
Device___Domain,Meter Operations,JoinTree_1,28,leftOuter,D1_DVC_CFG,F1_BUS_OBJ_STATUS_L_1,D1_DVC_CFG.BUS_OBJ_CD == F1_BUS_OBJ_STATUS_L_1.BUS_OBJ_CD and F1_BUS_OBJ_STATUS_L_1.LANGUAGE_CD == 'ENG' and D1_DVC_CFG.BO_STATUS_CD == F1_BUS_OBJ_STATUS_L_1.BO_STATUS_CD
Device___Domain,Meter Operations,JoinTree_1,29,leftOuter,D1_DVC_CFG,CI_TIME_ZONE_L,D1_DVC_CFG.TIME_ZONE_CD == CI_TIME_ZONE_L.TIME_ZONE_CD and CI_TIME_ZONE_L.LANGUAGE_CD == 'ENG'
Device___Domain,Meter Operations,JoinTree_1,30,leftOuter,D1_DVC_CFG,F1_BUS_OBJ_L_1,D1_DVC_CFG.BUS_OBJ_CD == F1_BUS_OBJ_L_1.BUS_OBJ_CD and F1_BUS_OBJ_L_1.LANGUAGE_CD == 'ENG'
Device___Domain,Meter Operations,JoinTree_1,31,leftOuter,D1_DVC_CFG,F1_BUS_OBJ_STATUS_RSN_L_1,D1_DVC_CFG.BO_STATUS_REASON_CD == F1_BUS_OBJ_STATUS_RSN_L_1.BO_STATUS_REASON_CD and F1_BUS_OBJ_STATUS_RSN_L_1.LANGUAGE_CD == 'ENG'
Device___Domain,Meter Operations,JoinTree_1,32,leftOuter,D1_INSTALL_EVT,F1_BUS_OBJ_L_2,D1_INSTALL_EVT.BUS_OBJ_CD == F1_BUS_OBJ_L_2.BUS_OBJ_CD and F1_BUS_OBJ_L_2.LANGUAGE_CD == 'ENG'
Device___Domain,Meter Operations,JoinTree_1,33,leftOuter,D1_INSTALL_EVT,F1_BUS_OBJ_STATUS_L_2,D1_INSTALL_EVT.BUS_OBJ_CD == F1_BUS_OBJ_STATUS_L_2.BUS_OBJ_CD and D1_INSTALL_EVT.BO_STATUS_CD == F1_BUS_OBJ_STATUS_L_2.BO_STATUS_CD and F1_BUS_OBJ_STATUS_L_2.LANGUAGE_CD == 'ENG'
Device___Domain,Meter Operations,JoinTree_1,34,leftOuter,D1_INSTALL_EVT,F1_BUS_OBJ_STATUS_RSN_L_2,D1_INSTALL_EVT.BO_STATUS_REASON_CD == F1_BUS_OBJ_STATUS_RSN_L_2.BO_STATUS_REASON_CD and F1_BUS_OBJ_STATUS_RSN_L_2.LANGUAGE_CD == 'ENG'
Device___Domain,Meter Operations,JoinTree_1,35,leftOuter,D1_INSTALL_EVT,CI_LOOKUP_VAL_L_3,D1_INSTALL_EVT.ARM_STAT_FLG == CI_LOOKUP_VAL_L_3.FIELD_VALUE and CI_LOOKUP_VAL_L_3.FIELD_NAME == 'ARM_STAT_FLG' and CI_LOOKUP_VAL_L_3.LANGUAGE_CD == 'ENG'
Device___Domain,Meter Operations,JoinTree_1,36,leftOuter,CMS_D1_DVC_CHAR_VW,CI_CHAR_VAL_L,CMS_D1_DVC_CHAR_VW.MXU_TYPE == CI_CHAR_VAL_L.CHAR_VAL and CI_CHAR_VAL_L.CHAR_TYPE_CD == 'CMCMXUTY' and CI_CHAR_VAL_L.LANGUAGE_CD == 'ENG'
Device___Domain,Meter Operations,JoinTree_1,37,leftOuter,CI_PREM,CI_PREM_TYPE_L,CI_PREM.PREM_TYPE_CD == CI_PREM_TYPE_L.PREM_TYPE_CD and CI_PREM_TYPE_L.LANGUAGE_CD == 'ENG'
Device___Domain,Meter Operations,JoinTree_1,38,leftOuter,CI_PREM,CI_MR_INSTR_L,CI_PREM.MR_INSTR_CD == CI_MR_INSTR_L.MR_INSTR_CD and CI_MR_INSTR_L.LANGUAGE_CD == 'ENG'
Device___Domain,Meter Operations,JoinTree_1,39,leftOuter,CI_PREM,CI_MR_WARN_L,CI_PREM.MR_WARN_CD == CI_MR_WARN_L.MR_WARN_CD and CI_MR_WARN_L.LANGUAGE_CD == 'ENG'
Device___Domain,Meter Operations,JoinTree_1,40,leftOuter,CI_PREM,CI_TREND_AREA_L,CI_PREM.TREND_AREA_CD == CI_TREND_AREA_L.TREND_AREA_CD and CI_TREND_AREA_L.LANGUAGE_CD == 'ENG'
Device___Domain,Meter Operations,JoinTree_1,41,leftOuter,CI_PREM,CI_STATE_L,CI_PREM.COUNTRY == CI_STATE_L.COUNTRY and CI_PREM.STATE == CI_STATE_L.STATE and CI_STATE_L.LANGUAGE_CD == 'ENG'
Device___Domain,Meter Operations,JoinTree_1,42,leftOuter,CI_PREM,CI_TIME_ZONE_L_1,CI_PREM.TIME_ZONE_CD == CI_TIME_ZONE_L_1.TIME_ZONE_CD and CI_TIME_ZONE_L_1.LANGUAGE_CD == 'ENG'
Device___Domain,Meter Operations,JoinTree_1,43,leftOuter,CMS_D1_DVC_BODA_VW,F1_BUS_OBJ_STATUS_L_3,CMS_D1_DVC_BODA_VW.BUS_OBJ_CD == F1_BUS_OBJ_STATUS_L_3.BUS_OBJ_CD and CMS_D1_DVC_BODA_VW.STATUS == F1_BUS_OBJ_STATUS_L_3.BO_STATUS_CD and F1_BUS_OBJ_STATUS_L_3.LANGUAGE_CD == 'ENG'
Device___Domain,Meter Operations,JoinTree_1,44,leftOuter,CMS_DVC_ACCT,CI_LOOKUP_VAL_L_8,CMS_DVC_ACCT.SA_STATUS_FLG == CI_LOOKUP_VAL_L_8.FIELD_VALUE and CI_LOOKUP_VAL_L_8.FIELD_NAME == 'SA_STATUS_FLG' and CI_LOOKUP_VAL_L_8.LANGUAGE_CD == 'ENG'
Device___Domain,Meter Operations,JoinTree_1,45,leftOuter,D1_DVC_2,D1_DVC_TYPE_L_2,D1_DVC_2.DEVICE_TYPE_CD == D1_DVC_TYPE_L_2.DEVICE_TYPE_CD and D1_DVC_TYPE_L_2.LANGUAGE_CD == 'ENG'
Device___Domain,Meter Operations,JoinTree_1,46,leftOuter,D1_DVC_2,F1_BUS_OBJ_L_5,D1_DVC_2.BUS_OBJ_CD == F1_BUS_OBJ_L_5.BUS_OBJ_CD and F1_BUS_OBJ_L_5.LANGUAGE_CD == 'ENG'
Device___Domain,Meter Operations,JoinTree_1,47,leftOuter,D1_DVC_2,F1_BUS_OBJ_STATUS_L_6,D1_DVC_2.BUS_OBJ_CD == F1_BUS_OBJ_STATUS_L_6.BUS_OBJ_CD and D1_DVC_2.BO_STATUS_CD == F1_BUS_OBJ_STATUS_L_6.BO_STATUS_CD and F1_BUS_OBJ_STATUS_L_6.LANGUAGE_CD == 'ENG'
Device___Domain,Meter Operations,JoinTree_1,48,leftOuter,D1_DVC_2,D1_MANUFACTURER_L_2,D1_DVC_2.MANUFACTURER_CD == D1_MANUFACTURER_L_2.MANUFACTURER_CD and D1_MANUFACTURER_L_2.LANGUAGE_CD == 'ENG'
Device___Domain,Meter Operations,JoinTree_1,49,leftOuter,D1_DVC_2,D1_MODEL_L_3,D1_DVC_2.MANUFACTURER_CD == D1_MODEL_L_3.MANUFACTURER_CD and D1_DVC_2.D1_MODEL_CD == D1_MODEL_L_3.D1_MODEL_CD and D1_MODEL_L_3.LANGUAGE_CD == 'ENG'
Device___Domain,Meter Operations,JoinTree_2,50,leftOuter,D1_DVC_1,D1_DVC_EVT,D1_DVC_1.D1_DEVICE_ID == D1_DVC_EVT.D1_DEVICE_ID
Device___Domain,Meter Operations,JoinTree_2,51,leftOuter,D1_DVC_1,CMS_D1_DVC_BODA_VW_1,D1_DVC_1.D1_DEVICE_ID == CMS_D1_DVC_BODA_VW_1.D1_DEVICE_ID
Device___Domain,Meter Operations,JoinTree_2,52,leftOuter,D1_DVC_1,CMS_D1_DVC_IDENTIFIER_VW_1,D1_DVC_1.D1_DEVICE_ID == CMS_D1_DVC_IDENTIFIER_VW_1.D1_DEVICE_ID
Device___Domain,Meter Operations,JoinTree_2,53,leftOuter,D1_DVC_1,CMS_DVC_EVT_LATEST,D1_DVC_1.D1_DEVICE_ID == CMS_DVC_EVT_LATEST.D1_DEVICE_ID
Device___Domain,Meter Operations,JoinTree_2,54,inner,D1_DVC_1,F1_BUS_OBJ_L_3,D1_DVC_1.BUS_OBJ_CD == F1_BUS_OBJ_L_3.BUS_OBJ_CD and F1_BUS_OBJ_L_3.LANGUAGE_CD == 'ENG'
Device___Domain,Meter Operations,JoinTree_2,55,leftOuter,D1_DVC_1,D1_MANUFACTURER_L_1,D1_DVC_1.MANUFACTURER_CD == D1_MANUFACTURER_L_1.MANUFACTURER_CD and D1_MANUFACTURER_L_1.LANGUAGE_CD == 'ENG'
Device___Domain,Meter Operations,JoinTree_2,56,leftOuter,D1_DVC_1,D1_MODEL_L_1,D1_DVC_1.MANUFACTURER_CD == D1_MODEL_L_1.MANUFACTURER_CD and D1_DVC_1.D1_MODEL_CD == D1_MODEL_L_1.D1_MODEL_CD and D1_MODEL_L_1.LANGUAGE_CD == 'ENG'
Device___Domain,Meter Operations,JoinTree_2,57,leftOuter,D1_DVC_1,D1_SPR_L_1,D1_DVC_1.D1_SPR_CD == D1_SPR_L_1.D1_SPR_CD and D1_SPR_L_1.LANGUAGE_CD == 'ENG'
Device___Domain,Meter Operations,JoinTree_2,58,leftOuter,D1_DVC_1,CI_LOOKUP_VAL_L_4,D1_DVC_1.IN_DATA_SHIFT_FLG == CI_LOOKUP_VAL_L_4.FIELD_VALUE and CI_LOOKUP_VAL_L_4.FIELD_NAME == 'IN_DATA_SHIFT_FLG' and CI_LOOKUP_VAL_L_4.LANGUAGE_CD == 'ENG'
Device___Domain,Meter Operations,JoinTree_2,59,inner,D1_DVC_1,F1_BUS_OBJ_STATUS_L_4,D1_DVC_1.BUS_OBJ_CD == F1_BUS_OBJ_STATUS_L_4.BUS_OBJ_CD and D1_DVC_1.BO_STATUS_CD == F1_BUS_OBJ_STATUS_L_4.BO_STATUS_CD and F1_BUS_OBJ_STATUS_L_4.LANGUAGE_CD == 'ENG'
Device___Domain,Meter Operations,JoinTree_2,60,leftOuter,D1_DVC_1,F1_BUS_OBJ_STATUS_RSN_L_3,D1_DVC_1.BO_STATUS_REASON_CD == F1_BUS_OBJ_STATUS_RSN_L_3.BO_STATUS_REASON_CD and F1_BUS_OBJ_STATUS_RSN_L_3.LANGUAGE_CD == 'ENG'
Device___Domain,Meter Operations,JoinTree_2,61,leftOuter,D1_DVC_1,CI_LOOKUP_VAL_L_5,D1_DVC_1.ARMING_REQ_FLG == CI_LOOKUP_VAL_L_5.FIELD_VALUE and CI_LOOKUP_VAL_L_5.FIELD_NAME == 'ARMING_REQ_FLG' and CI_LOOKUP_VAL_L_5.LANGUAGE_CD == 'ENG'
Device___Domain,Meter Operations,JoinTree_2,62,leftOuter,D1_DVC_1,CI_LOOKUP_VAL_L_6,D1_DVC_1.HEAD_END_REGISTR_STATUS_FLG == CI_LOOKUP_VAL_L_6.FIELD_VALUE and CI_LOOKUP_VAL_L_6.FIELD_NAME == 'HEAD_END_REGISTR_STATUS_FLG' and CI_LOOKUP_VAL_L_6.LANGUAGE_CD == 'ENG'
Device___Domain,Meter Operations,JoinTree_2,63,leftOuter,D1_DVC_1,D1_COMMAND_SET_L_1,D1_DVC_1.D1_CMD_SET_CD == D1_COMMAND_SET_L_1.D1_CMD_SET_CD and D1_COMMAND_SET_L_1.LANGUAGE_CD == 'ENG'
Device___Domain,Meter Operations,JoinTree_2,64,leftOuter,D1_DVC_1,CI_ACC_GRP_L_1,D1_DVC_1.ACCESS_GRP_CD == CI_ACC_GRP_L_1.ACCESS_GRP_CD and CI_ACC_GRP_L_1.DESCR == 'ENG'
Device___Domain,Meter Operations,JoinTree_2,65,inner,D1_DVC_1,D1_DVC_TYPE_L_1,D1_DVC_1.DEVICE_TYPE_CD == D1_DVC_TYPE_L_1.DEVICE_TYPE_CD and D1_DVC_TYPE_L_1.LANGUAGE_CD == 'ENG'
Device___Domain,Meter Operations,JoinTree_2,66,leftOuter,D1_DVC_EVT,D1_DVC_EVT_TYPE_L,D1_DVC_EVT.DVC_EVT_TYPE_CD == D1_DVC_EVT_TYPE_L.DVC_EVT_TYPE_CD and D1_DVC_EVT_TYPE_L.LANGUAGE_CD == 'ENG'
Device___Domain,Meter Operations,JoinTree_2,67,leftOuter,D1_DVC_EVT,F1_BUS_OBJ_L_4,D1_DVC_EVT.BUS_OBJ_CD == F1_BUS_OBJ_L_4.BUS_OBJ_CD and F1_BUS_OBJ_L_4.LANGUAGE_CD == 'ENG'
Device___Domain,Meter Operations,JoinTree_2,68,leftOuter,D1_DVC_EVT,CI_LOOKUP_VAL_L_7,D1_DVC_EVT.EXT_EVT_NAME_FLG == CI_LOOKUP_VAL_L_7.FIELD_VALUE and CI_LOOKUP_VAL_L_7.FIELD_NAME == 'EXT_EVT_NAME_FLG' and CI_LOOKUP_VAL_L_7.LANGUAGE_CD == 'ENG'
Device___Domain,Meter Operations,JoinTree_2,69,leftOuter,D1_DVC_EVT,D1_SPR_L_2,D1_DVC_EVT.D1_SPR_CD == D1_SPR_L_2.D1_SPR_CD and D1_SPR_L_2.LANGUAGE_CD == 'ENG'
Device___Domain,Meter Operations,JoinTree_2,70,leftOuter,D1_DVC_EVT,F1_BUS_OBJ_STATUS_L_5,D1_DVC_EVT.BO_STATUS_CD == F1_BUS_OBJ_STATUS_L_5.BO_STATUS_CD and F1_BUS_OBJ_STATUS_L_5.LANGUAGE_CD == 'ENG' and D1_DVC_EVT.BUS_OBJ_CD == F1_BUS_OBJ_STATUS_L_5.BUS_OBJ_CD
Device___Domain,Meter Operations,JoinTree_2,71,leftOuter,D1_DVC_EVT,F1_BUS_OBJ_STATUS_RSN_L_4,D1_DVC_EVT.BO_STATUS_REASON_CD == F1_BUS_OBJ_STATUS_RSN_L_4.BO_STATUS_REASON_CD and F1_BUS_OBJ_STATUS_RSN_L_4.LANGUAGE_CD == 'ENG'
Measurement_Snapshot___Domain,Meter Operations,D1_MSRMT_RPT_CURR,1,single_table,D1_MSRMT_RPT_CURR,,Single-table domain on D1_MSRMT_RPT_CURR
Un_Billed_Usage___Domain,Meter Operations,JoinTree_1,1,leftOuter,MASTER_SOURCE,DeviceInfo,MASTER_SOURCE.SP_ID == DeviceInfo.SP_ID
Usage_Scalar_Snapshot___Domain,Meter Operations,D1_USAGE_SCALAR_DTL_RPT_CURR,1,single_table,D1_USAGE_SCALAR_DTL_RPT_CURR,,Single-table domain on D1_USAGE_SCALAR_DTL_RPT_CURR
Usage_Transactions_Snapshot___Domain,Meter Operations,D1_USAGE_RPT_CURR,1,single_table,D1_USAGE_RPT_CURR,,Single-table domain on D1_USAGE_RPT_CURR
New_Services___Domain,New Services and Planning,JoinTree_1,1,inner,CI_SA,CI_SA_TYPE,CI_SA.CIS_DIVISION == CI_SA_TYPE.CIS_DIVISION and CI_SA.SA_TYPE_CD == CI_SA_TYPE.SA_TYPE_CD
New_Services___Domain,New Services and Planning,JoinTree_1,2,inner,CI_SA_TYPE,CI_SA_TYPE_L,CI_SA_TYPE.CIS_DIVISION == CI_SA_TYPE_L.CIS_DIVISION and CI_SA_TYPE.SA_TYPE_CD == CI_SA_TYPE_L.SA_TYPE_CD and CI_SA_TYPE_L.LANGUAGE_CD == 'ENG'
New_Services___Domain,New Services and Planning,JoinTree_1,3,inner,CI_SA,CI_ACCT,CI_SA.ACCT_ID == CI_ACCT.ACCT_ID
New_Services___Domain,New Services and Planning,JoinTree_1,4,inner,CI_SA,CI_ACCT_PER,CI_SA.ACCT_ID == CI_ACCT_PER.ACCT_ID and CI_ACCT_PER.MAIN_CUST_SW == 'Y'
New_Services___Domain,New Services and Planning,JoinTree_1,5,leftOuter,CI_ACCT,CI_BILL_CYC_L,CI_ACCT.BILL_CYC_CD == CI_BILL_CYC_L.BILL_CYC_CD and CI_BILL_CYC_L.LANGUAGE_CD == 'ENG'
New_Services___Domain,New Services and Planning,JoinTree_1,6,inner,CI_ACCT,CI_COLL_CL_L,CI_ACCT.COLL_CL_CD == CI_COLL_CL_L.COLL_CL_CD and CI_COLL_CL_L.LANGUAGE_CD == 'ENG'
New_Services___Domain,New Services and Planning,JoinTree_1,7,inner,CI_ACCT,CI_CUST_CL_L,CI_ACCT.CUST_CL_CD == CI_CUST_CL_L.CUST_CL_CD and CI_CUST_CL_L.LANGUAGE_CD == 'ENG'
New_Services___Domain,New Services and Planning,JoinTree_1,8,leftOuter,CI_ACCT,CI_BUD_PLAN_L,CI_ACCT.BUD_PLAN_CD == CI_BUD_PLAN_L.BUD_PLAN_CD and CI_BUD_PLAN_L.LANGUAGE_CD == 'ENG'
New_Services___Domain,New Services and Planning,JoinTree_1,9,leftOuter,CI_ACCT,SC_USER,CI_ACCT.BILL_PRT_INTERCEPT == SC_USER.USER_ID
New_Services___Domain,New Services and Planning,JoinTree_1,10,inner,CI_SA,CI_CIS_DIVISION_L,CI_SA.CIS_DIVISION == CI_CIS_DIVISION_L.CIS_DIVISION and CI_CIS_DIVISION_L.LANGUAGE_CD == 'ENG'
New_Services___Domain,New Services and Planning,JoinTree_1,11,leftOuter,CI_SA,CI_NB_RULE_L,CI_SA.NB_RULE_CD == CI_NB_RULE_L.NB_RULE_CD and CI_NB_RULE_L.LANGUAGE_CD == 'ENG'
New_Services___Domain,New Services and Planning,JoinTree_1,12,leftOuter,CI_SA,CI_PROP_DCL_RSN_L,CI_SA.PROP_DCL_RSN_CD == CI_PROP_DCL_RSN_L.PROP_DCL_RSN_CD and CI_PROP_DCL_RSN_L.LANGUAGE_CD == 'ENG'
New_Services___Domain,New Services and Planning,JoinTree_1,13,leftOuter,CI_SA,CI_LOOKUP_VAL_L,CI_SA.PROP_SA_STAT_FLG == CI_LOOKUP_VAL_L.FIELD_VALUE and CI_LOOKUP_VAL_L.FIELD_NAME == 'PROP_SA_STAT_FLG' and CI_LOOKUP_VAL_L.LANGUAGE_CD == 'ENG'
New_Services___Domain,New Services and Planning,JoinTree_1,14,inner,CI_SA,CI_LOOKUP_VAL_L_1,CI_SA.SA_STATUS_FLG == CI_LOOKUP_VAL_L_1.FIELD_VALUE and CI_LOOKUP_VAL_L_1.FIELD_NAME == 'SA_STATUS_FLG' and CI_LOOKUP_VAL_L_1.LANGUAGE_CD == 'ENG'
New_Services___Domain,New Services and Planning,JoinTree_1,15,leftOuter,CI_SA,CI_SIC_L,CI_SA.SIC_CD == CI_SIC_L.SIC_CD and CI_SIC_L.LANGUAGE_CD == 'ENG'
New_Services___Domain,New Services and Planning,JoinTree_1,16,leftOuter,CI_SA,CI_LOOKUP_VAL_L_2,CI_SA.SPECIAL_USAGE_FLG == CI_LOOKUP_VAL_L_2.FIELD_VALUE and CI_LOOKUP_VAL_L_2.FIELD_NAME == 'SPECIAL_USAGE_FLG' and CI_LOOKUP_VAL_L_2.LANGUAGE_CD == 'ENG'
New_Services___Domain,New Services and Planning,JoinTree_1,17,leftOuter,CI_SA,CI_SS_OPT_L,CI_SA.START_OPT_CD == CI_SS_OPT_L.START_OPT_CD and CI_SS_OPT_L.LANGUAGE_CD == 'ENG'
New_Services___Domain,New Services and Planning,JoinTree_1,18,leftOuter,CI_SA,CI_LOOKUP_VAL_L_3,CI_SA.STRT_RSN_FLG == CI_LOOKUP_VAL_L_3.FIELD_VALUE and CI_LOOKUP_VAL_L_3.FIELD_NAME == 'STRT_RSN_FLG' and CI_LOOKUP_VAL_L_3.LANGUAGE_CD == 'ENG'
New_Services___Domain,New Services and Planning,JoinTree_1,19,leftOuter,CI_SA,CI_LOOKUP_VAL_L_4,CI_SA.STOP_RSN_FLG == CI_LOOKUP_VAL_L_4.FIELD_VALUE and CI_LOOKUP_VAL_L_4.FIELD_NAME == 'STOP_RSN_FLG' and CI_LOOKUP_VAL_L_4.LANGUAGE_CD == 'ENG'
New_Services___Domain,New Services and Planning,JoinTree_1,20,inner,CI_ACCT_PER,CI_PER_NAME,CI_ACCT_PER.PER_ID == CI_PER_NAME.PER_ID and CI_ACCT_PER.MAIN_CUST_SW == 'Y' and CI_PER_NAME.NAME_TYPE_FLG == 'PRIM'
New_Services___Domain,New Services and Planning,JoinTree_1,21,inner,CI_SA,CI_PREM,CI_SA.CHAR_PREM_ID == CI_PREM.PREM_ID
New_Services___Domain,New Services and Planning,JoinTree_1,22,leftOuter,CI_SA,CM_FT_BAL,CI_SA.SA_ID == CM_FT_BAL.SA_ID
New_Services___Domain,New Services and Planning,JoinTree_1,23,inner,CI_PREM,CI_PREM_TYPE_L,CI_PREM.PREM_TYPE_CD == CI_PREM_TYPE_L.PREM_TYPE_CD and CI_PREM_TYPE_L.LANGUAGE_CD == 'ENG'
New_Services___Domain,New Services and Planning,JoinTree_1,24,leftOuter,CI_PREM,CI_MR_INSTR_L,CI_PREM.MR_INSTR_CD == CI_MR_INSTR_L.MR_INSTR_CD and CI_MR_INSTR_L.LANGUAGE_CD == 'ENG'
New_Services___Domain,New Services and Planning,JoinTree_1,25,leftOuter,CI_PREM,CI_MR_WARN_L,CI_PREM.MR_WARN_CD == CI_MR_WARN_L.MR_WARN_CD and CI_MR_WARN_L.LANGUAGE_CD == 'ENG'
New_Services___Domain,New Services and Planning,JoinTree_1,26,leftOuter,CI_PREM,CI_TREND_AREA_L,CI_PREM.TREND_AREA_CD == CI_TREND_AREA_L.TREND_AREA_CD and CI_TREND_AREA_L.LANGUAGE_CD == 'ENG'
New_Services___Domain,New Services and Planning,JoinTree_1,27,leftOuter,CI_PREM,CI_STATE_L,CI_PREM.STATE == CI_STATE_L.STATE and CI_PREM.COUNTRY == CI_STATE_L.COUNTRY and CI_STATE_L.LANGUAGE_CD == 'ENG'
New_Services___Domain,New Services and Planning,JoinTree_1,28,leftOuter,CI_PREM,CI_TIME_ZONE_L,CI_PREM.TIME_ZONE_CD == CI_TIME_ZONE_L.TIME_ZONE_CD and CI_TIME_ZONE_L.LANGUAGE_CD == 'ENG'
New_Services___Domain,New Services and Planning,JoinTree_1,29,leftOuter,CI_SA_TYPE,CI_SVC_TYPE_L,CI_SA_TYPE.SVC_TYPE_CD == CI_SVC_TYPE_L.SVC_TYPE_CD and CI_SVC_TYPE_L.LANGUAGE_CD == 'ENG'
