domain_name,workstream,item_group_label,field_label,source_table,source_column,dimension_or_measure,default_aggregation
Bill_Segment___Domain,Billing and Rates,1.) Bill,Account ID,JoinTree_1.CI_BILL,ACCT_ID,,
Bill_Segment___Domain,Billing and Rates,1.) Bill,Allow Reopen,JoinTree_1.CI_BILL,ALLOW_REOPEN_SW,,
Bill_Segment___Domain,Billing and Rates,1.) Bill,Seq Bill Number,JoinTree_1.CI_BILL,ALT_BILL_ID,,CountAll
Bill_Segment___Domain,Billing and Rates,1.) Bill,Auto Pay Amount,JoinTree_1.CI_BILL,APAY_AMT,,
Bill_Segment___Domain,Billing and Rates,1.) Bill,Auto Pay Creation Date,JoinTree_1.CI_BILL,APAY_CRE_DT,,
Bill_Segment___Domain,Billing and Rates,1.) Bill,Auto Pay Stop Amount,JoinTree_1.CI_BILL,APAY_STOP_AMT,,
Bill_Segment___Domain,Billing and Rates,1.) Bill,Auto Pay Stop Creation Date,JoinTree_1.CI_BILL,APAY_STOP_CRE_DT,,
Bill_Segment___Domain,Billing and Rates,1.) Bill,Auto Pay Stop Date/Time,JoinTree_1.CI_BILL,APAY_STOP_DTTM,,
Bill_Segment___Domain,Billing and Rates,1.) Bill,Auto Pay Stop User Id,JoinTree_1.CI_BILL,APAY_STOP_USER_ID,,
Bill_Segment___Domain,Billing and Rates,1.) Bill,Archived,JoinTree_1.CI_BILL,ARCHIVE_SW,,
Bill_Segment___Domain,Billing and Rates,1.) Bill,Bill Cycle (Bill),JoinTree_1.CI_BILL,BILL_CYC_CD,,
Bill_Segment___Domain,Billing and Rates,1.) Bill,Bill Date,JoinTree_1.CI_BILL,BILL_DT,,
Bill_Segment___Domain,Billing and Rates,1.) Bill,Bill ID                       ,JoinTree_1.CI_BILL,BILL_ID,,
Bill_Segment___Domain,Billing and Rates,1.) Bill,Digitial Bill Signature,JoinTree_1.CI_BILL,BILL_SIGN,,
Bill_Segment___Domain,Billing and Rates,1.) Bill,Bill Status,JoinTree_1.CI_BILL,BILL_STAT_FLG,,
Bill_Segment___Domain,Billing and Rates,1.) Bill,Completion Date/Time,JoinTree_1.CI_BILL,COMPLETE_DTTM,,
Bill_Segment___Domain,Billing and Rates,1.) Bill,CR Note from Bill ID,JoinTree_1.CI_BILL,CR_NOTE_FR_BILL_ID,,
Bill_Segment___Domain,Billing and Rates,1.) Bill,Create Date/Time,JoinTree_1.CI_BILL,CRE_DTTM,,
Bill_Segment___Domain,Billing and Rates,1.) Bill,Document Number,JoinTree_1.CI_BILL,DOC_ID,,
Bill_Segment___Domain,Billing and Rates,1.) Bill,Document Type,JoinTree_1.CI_BILL,DOC_TYPE_FLG,,
Bill_Segment___Domain,Billing and Rates,1.) Bill,Due Date,JoinTree_1.CI_BILL,DUE_DT,,
Bill_Segment___Domain,Billing and Rates,1.) Bill,Late Payment Charge Date,JoinTree_1.CI_BILL,LATE_PAY_CHARGE_DT,,
Bill_Segment___Domain,Billing and Rates,1.) Bill,Late Payment Charge,JoinTree_1.CI_BILL,LATE_PAY_CHARGE_SW,,
Bill_Segment___Domain,Billing and Rates,1.) Bill,Next Credit Review Date,JoinTree_1.CI_BILL,NEXT_CR_RVW_DT,,
Bill_Segment___Domain,Billing and Rates,1.) Bill,Off Cycle Bill Generator ID,JoinTree_1.CI_BILL,OFFCYC_BGEN_ID,,
Bill_Segment___Domain,Billing and Rates,1.) Bill,Window Start Date,JoinTree_1.CI_BILL,WIN_START_DT,,
Bill_Segment___Domain,Billing and Rates,1.) Bill Segment,Bill Cycle (Bill Segment),JoinTree_1.CI_BSEG,BILL_CYC_CD,,
Bill_Segment___Domain,Billing and Rates,1.) Bill Segment,Bill ID                       ,JoinTree_1.CI_BSEG,BILL_ID,,
Bill_Segment___Domain,Billing and Rates,1.) Bill Segment,Bill Scenario ID,JoinTree_1.CI_BSEG,BILL_SCNR_ID,,
Bill_Segment___Domain,Billing and Rates,1.) Bill Segment,Bill Segment ID,JoinTree_1.CI_BSEG,BSEG_ID,,
Bill_Segment___Domain,Billing and Rates,1.) Bill Segment,Bill Segment Status,JoinTree_1.CI_BSEG,BSEG_STAT_FLG,,
Bill_Segment___Domain,Billing and Rates,1.) Bill Segment,Cancel Bill Segment ID,JoinTree_1.CI_BSEG,CAN_BSEG_ID,,
Bill_Segment___Domain,Billing and Rates,1.) Bill Segment,Cancel Reason,JoinTree_1.CI_BSEG,CAN_RSN_CD,,
Bill_Segment___Domain,Billing and Rates,1.) Bill Segment,Closing Bill Segment,JoinTree_1.CI_BSEG,CLOSING_BSEG_SW,,
Bill_Segment___Domain,Billing and Rates,1.) Bill Segment,Create Date/Time,JoinTree_1.CI_BSEG,CRE_DTTM,,
Bill_Segment___Domain,Billing and Rates,1.) Bill Segment,End Date,JoinTree_1.CI_BSEG,END_DT,,
Bill_Segment___Domain,Billing and Rates,1.) Bill Segment,Estimate,JoinTree_1.CI_BSEG,EST_SW,,
Bill_Segment___Domain,Billing and Rates,1.) Bill Segment,Item Override,JoinTree_1.CI_BSEG,ITEM_OVERRIDE_SW,,
Bill_Segment___Domain,Billing and Rates,1.) Bill Segment,Master Bill Segment Id,JoinTree_1.CI_BSEG,MASTER_BSEG_ID,,
Bill_Segment___Domain,Billing and Rates,1.) Bill Segment,MDM End Date/Time,JoinTree_1.CI_BSEG,MDM_END_DTTM,,
Bill_Segment___Domain,Billing and Rates,1.) Bill Segment,MDM Start Date/Time,JoinTree_1.CI_BSEG,MDM_START_DTTM,,
Bill_Segment___Domain,Billing and Rates,1.) Bill Segment,Premise ID,JoinTree_1.CI_BSEG,PREM_ID,,
Bill_Segment___Domain,Billing and Rates,1.) Bill Segment,Quote Detail ID,JoinTree_1.CI_BSEG,QUOTE_DTL_ID,,
Bill_Segment___Domain,Billing and Rates,1.) Bill Segment,Rebill Segment ID,JoinTree_1.CI_BSEG,REBILL_SEG_ID,,
Bill_Segment___Domain,Billing and Rates,1.) Bill Segment,Service Agreement,JoinTree_1.CI_BSEG,SA_ID,,
Bill_Segment___Domain,Billing and Rates,1.) Bill Segment,SQ Override,JoinTree_1.CI_BSEG,SQ_OVERRIDE_SW,,
Bill_Segment___Domain,Billing and Rates,1.) Bill Segment,Start Date,JoinTree_1.CI_BSEG,START_DT,,
Bill_Segment___Domain,Billing and Rates,1.) Bill Segment,Status Change Date/Time,JoinTree_1.CI_BSEG,STAT_CHG_DTTM,,
Bill_Segment___Domain,Billing and Rates,1.) Bill Segment,Window Start Date,JoinTree_1.CI_BSEG,WIN_START_DT,,
Bill_Segment___Domain,Billing and Rates,1.1) Bill Segment Calc Header (Mutually Exclusive),Billable Charge ID,JoinTree_1.CI_BSEG_CALC,BILLABLE_CHG_ID,,
Bill_Segment___Domain,Billing and Rates,1.1) Bill Segment Calc Header (Mutually Exclusive),Bill Segment ID,JoinTree_1.CI_BSEG_CALC,BSEG_ID,,
Bill_Segment___Domain,Billing and Rates,1.1) Bill Segment Calc Header (Mutually Exclusive),Calculated Amount,JoinTree_1.CI_BSEG_CALC,CALC_AMT,,
Bill_Segment___Domain,Billing and Rates,1.1) Bill Segment Calc Header (Mutually Exclusive),Currency Code,JoinTree_1.CI_BSEG_CALC,CURRENCY_CD,,
Bill_Segment___Domain,Billing and Rates,1.1) Bill Segment Calc Header (Mutually Exclusive),Description on Bill,JoinTree_1.CI_BSEG_CALC,DESCR_ON_BILL,,
Bill_Segment___Domain,Billing and Rates,1.1) Bill Segment Calc Header (Mutually Exclusive),Effective Date,JoinTree_1.CI_BSEG_CALC,EFFDT,,
Bill_Segment___Domain,Billing and Rates,1.1) Bill Segment Calc Header (Mutually Exclusive),End Date,JoinTree_1.CI_BSEG_CALC,END_DT,,
Bill_Segment___Domain,Billing and Rates,1.1) Bill Segment Calc Header (Mutually Exclusive),Header Sequence,JoinTree_1.CI_BSEG_CALC,HEADER_SEQ,Dimension,CountAll
Bill_Segment___Domain,Billing and Rates,1.1) Bill Segment Calc Header (Mutually Exclusive),Rate Schedule,JoinTree_1.CI_BSEG_CALC,RS_CD,,
Bill_Segment___Domain,Billing and Rates,1.1) Bill Segment Calc Header (Mutually Exclusive),Start Date,JoinTree_1.CI_BSEG_CALC,START_DT,,
Bill_Segment___Domain,Billing and Rates,1.2) Bill Segment Register Read (Mutually Exclusive),Bill Segment ID,JoinTree_1.CI_BSEG_READ,BSEG_ID,,
Bill_Segment___Domain,Billing and Rates,1.2) Bill Segment Register Read (Mutually Exclusive),End Read Date/Time,JoinTree_1.CI_BSEG_READ,END_READ_DTTM,,
Bill_Segment___Domain,Billing and Rates,1.2) Bill Segment Register Read (Mutually Exclusive),End Register Reading ID,JoinTree_1.CI_BSEG_READ,END_REG_READ_ID,,
Bill_Segment___Domain,Billing and Rates,1.2) Bill Segment Register Read (Mutually Exclusive),End Register Reading,JoinTree_1.CI_BSEG_READ,END_REG_READING,,
Bill_Segment___Domain,Billing and Rates,1.2) Bill Segment Register Read (Mutually Exclusive),Register Quantity,JoinTree_1.CI_BSEG_READ,FINAL_REG_QTY,,
Bill_Segment___Domain,Billing and Rates,1.2) Bill Segment Register Read (Mutually Exclusive),Final Service Quantity ID,JoinTree_1.CI_BSEG_READ,FINAL_SQI_CD,,
Bill_Segment___Domain,Billing and Rates,1.2) Bill Segment Register Read (Mutually Exclusive),Final Time of Use (BSEG Read),JoinTree_1.CI_BSEG_READ,FINAL_TOU_CD,,
Bill_Segment___Domain,Billing and Rates,1.2) Bill Segment Register Read (Mutually Exclusive),Final Unit of Measure (BSEG Read),JoinTree_1.CI_BSEG_READ,FINAL_UOM_CD,,
Bill_Segment___Domain,Billing and Rates,1.2) Bill Segment Register Read (Mutually Exclusive),How To Use                    ,JoinTree_1.CI_BSEG_READ,HOW_TO_USE_FLG,,
Bill_Segment___Domain,Billing and Rates,1.2) Bill Segment Register Read (Mutually Exclusive),Measures Peak Qty,JoinTree_1.CI_BSEG_READ,MSR_PEAK_QTY_SW,,
Bill_Segment___Domain,Billing and Rates,1.2) Bill Segment Register Read (Mutually Exclusive),Measured Quantity,JoinTree_1.CI_BSEG_READ,MSR_QTY,,
Bill_Segment___Domain,Billing and Rates,1.2) Bill Segment Register Read (Mutually Exclusive),Register Constant,JoinTree_1.CI_BSEG_READ,REG_CONST,,
Bill_Segment___Domain,Billing and Rates,1.2) Bill Segment Register Read (Mutually Exclusive),Sequence,JoinTree_1.CI_BSEG_READ,SEQNO,Dimension,CountAll
Bill_Segment___Domain,Billing and Rates,1.2) Bill Segment Register Read (Mutually Exclusive),Service Point ID,JoinTree_1.CI_BSEG_READ,SP_ID,,
Bill_Segment___Domain,Billing and Rates,1.2) Bill Segment Register Read (Mutually Exclusive),SQI (BSEG Read),JoinTree_1.CI_BSEG_READ,SQI_CD,,
Bill_Segment___Domain,Billing and Rates,1.2) Bill Segment Register Read (Mutually Exclusive),Start Read Date/Time,JoinTree_1.CI_BSEG_READ,START_READ_DTTM,,
Bill_Segment___Domain,Billing and Rates,1.2) Bill Segment Register Read (Mutually Exclusive),Start Reg Read ID     ,JoinTree_1.CI_BSEG_READ,START_REG_READ_ID,,
Bill_Segment___Domain,Billing and Rates,1.2) Bill Segment Register Read (Mutually Exclusive),Start Register Reading,JoinTree_1.CI_BSEG_READ,START_REG_READING,,
Bill_Segment___Domain,Billing and Rates,1.2) Bill Segment Register Read (Mutually Exclusive),Time of Use (BSEG Read),JoinTree_1.CI_BSEG_READ,TOU_CD,,
Bill_Segment___Domain,Billing and Rates,1.2) Bill Segment Register Read (Mutually Exclusive),Unit of Measure (BSEG Read),JoinTree_1.CI_BSEG_READ,UOM_CD,,
Bill_Segment___Domain,Billing and Rates,1.2) Bill Segment Register Read (Mutually Exclusive),How To Use (SP)               ,JoinTree_1.CI_BSEG_READ,USAGE_FLG,,
Bill_Segment___Domain,Billing and Rates,1.2) Bill Segment Register Read (Mutually Exclusive),Use Percent,JoinTree_1.CI_BSEG_READ,USE_PCT,,
Bill_Segment___Domain,Billing and Rates,1.3) Bill Segment Service Quantity (Mutually Exclusive),Billable Service Quantity,JoinTree_1.CI_BSEG_SQ,BILL_SQ,,
Bill_Segment___Domain,Billing and Rates,1.3) Bill Segment Service Quantity (Mutually Exclusive),Bill Segment ID,JoinTree_1.CI_BSEG_SQ,BSEG_ID,,
Bill_Segment___Domain,Billing and Rates,1.3) Bill Segment Service Quantity (Mutually Exclusive),Initial Service Quantity,JoinTree_1.CI_BSEG_SQ,INIT_SQ,,
Bill_Segment___Domain,Billing and Rates,1.3) Bill Segment Service Quantity (Mutually Exclusive),SQI (BSEG SQ),JoinTree_1.CI_BSEG_SQ,SQI_CD,,
Bill_Segment___Domain,Billing and Rates,1.3) Bill Segment Service Quantity (Mutually Exclusive),Time of Use (BSEG SQ),JoinTree_1.CI_BSEG_SQ,TOU_CD,,
Bill_Segment___Domain,Billing and Rates,1.3) Bill Segment Service Quantity (Mutually Exclusive),Unit of Measure (BSEG SQ),JoinTree_1.CI_BSEG_SQ,UOM_CD,,
Bill_Segment___Domain,Billing and Rates,1.) Account,Access Group,JoinTree_1.CI_ACCT,ACCESS_GRP_CD,,
Bill_Segment___Domain,Billing and Rates,1.) Account,Account ID,JoinTree_1.CI_ACCT,ACCT_ID,,
Bill_Segment___Domain,Billing and Rates,1.) Account,Account Management Group,JoinTree_1.CI_ACCT,ACCT_MGMT_GRP_CD,,
Bill_Segment___Domain,Billing and Rates,1.) Account,Alert Information,JoinTree_1.CI_ACCT,ALERT_INFO,,
Bill_Segment___Domain,Billing and Rates,1.) Account,Bill After                    ,JoinTree_1.CI_ACCT,BILL_AFTER_DT,,
Bill_Segment___Domain,Billing and Rates,1.) Account,Bill Cycle (Account),JoinTree_1.CI_ACCT,BILL_CYC_CD,,
Bill_Segment___Domain,Billing and Rates,1.) Account,Bill Print Intercept,JoinTree_1.CI_ACCT,BILL_PRT_INTERCEPT,,
Bill_Segment___Domain,Billing and Rates,1.) Account,Budget Plan,JoinTree_1.CI_ACCT,BUD_PLAN_CD,,
Bill_Segment___Domain,Billing and Rates,1.) Account,CIS Division,JoinTree_1.CI_ACCT,CIS_DIVISION,,
Bill_Segment___Domain,Billing and Rates,1.) Account,Collection Class,JoinTree_1.CI_ACCT,COLL_CL_CD,,
Bill_Segment___Domain,Billing and Rates,1.) Account,Last Credit Review Date,JoinTree_1.CI_ACCT,CR_REVIEW_DT,,
Bill_Segment___Domain,Billing and Rates,1.) Account,Currency Code,JoinTree_1.CI_ACCT,CURRENCY_CD,,
Bill_Segment___Domain,Billing and Rates,1.) Account,Customer Class,JoinTree_1.CI_ACCT,CUST_CL_CD,,
Bill_Segment___Domain,Billing and Rates,1.) Account,Internal Credit Review,JoinTree_1.CI_ACCT,INT_CR_REVIEW_SW,,
Bill_Segment___Domain,Billing and Rates,1.) Account,Mailing Premise ID,JoinTree_1.CI_ACCT,MAILING_PREM_ID,,
Bill_Segment___Domain,Billing and Rates,1.) Account,No Deposit Review Switch,JoinTree_1.CI_ACCT,NO_DEP_RVW_SW,,
Bill_Segment___Domain,Billing and Rates,1.) Account,Postpone Credit Review Until,JoinTree_1.CI_ACCT,POSTPONE_CR_RVW_DT,,
Bill_Segment___Domain,Billing and Rates,1.) Account,Protect Bill Cycle,JoinTree_1.CI_ACCT,PROTECT_CYC_SW,,
Bill_Segment___Domain,Billing and Rates,1.) Account,Protect Division,JoinTree_1.CI_ACCT,PROTECT_DIV_SW,,
Bill_Segment___Domain,Billing and Rates,1.) Account,Protect Mailing Premise,JoinTree_1.CI_ACCT,PROTECT_PREM_SW,,
Bill_Segment___Domain,Billing and Rates,1.) Account,Set Up Date,JoinTree_1.CI_ACCT,SETUP_DT,,
Bill_Segment___Domain,Billing and Rates,1.) Descriptions,Account Management Group Description,JoinTree_1.CI_ACCT_MGMT_GR_L,DESCR,,
Bill_Segment___Domain,Billing and Rates,1.) Descriptions,Bill Cycle Description (Account),JoinTree_1.CI_BILL_CYC_L_1,DESCR,,
Bill_Segment___Domain,Billing and Rates,1.) Descriptions,Bill Cycle Description (Bill),JoinTree_1.CI_BILL_CYC_L,DESCR,,
Bill_Segment___Domain,Billing and Rates,1.) Descriptions,Bill Cycle Description (Bill Segment),JoinTree_1.CI_BILL_CYC_L_2,DESCR,,
Bill_Segment___Domain,Billing and Rates,1.) Descriptions,Bill Segment Status Description,JoinTree_1.CI_LOOKUP_VAL_L_2,DESCR,,
Bill_Segment___Domain,Billing and Rates,1.) Descriptions,Bill Status Description,JoinTree_1.CI_LOOKUP_VAL_L,DESCR,,
Bill_Segment___Domain,Billing and Rates,1.) Descriptions,Budget Plan Description,JoinTree_1.CI_BUD_PLAN_L,DESCR,,
Bill_Segment___Domain,Billing and Rates,1.) Descriptions,Cancel Reason Description,JoinTree_1.CI_BILL_CAN_RSN_L,DESCR,,
Bill_Segment___Domain,Billing and Rates,1.) Descriptions,Collection Class Description,JoinTree_1.CI_COLL_CL_L,DESCR,,
Bill_Segment___Domain,Billing and Rates,1.) Descriptions,Customer Class Description,JoinTree_1.CI_CUST_CL_L,DESCR,,
Bill_Segment___Domain,Billing and Rates,1.) Descriptions,Document Type Description,JoinTree_1.CI_LOOKUP_VAL_L_1,DESCR,,
Bill_Segment___Domain,Billing and Rates,1.) Descriptions,Final Service Quantity ID Description (BSEG Read),JoinTree_1.CI_SQI_L_1,DESCR,,
Bill_Segment___Domain,Billing and Rates,1.) Descriptions,Final Time of Use Description (BSEG Read),JoinTree_1.CI_TOU_L_1,DESCR,,
Bill_Segment___Domain,Billing and Rates,1.) Descriptions,Final Unit of Measure Description (BSEG Read),JoinTree_1.CI_UOM_L_1,DESCR,,
Bill_Segment___Domain,Billing and Rates,1.) Descriptions,How To Use Description,JoinTree_1.CI_LOOKUP_VAL_L_4,DESCR,,
Bill_Segment___Domain,Billing and Rates,1.) Descriptions,How To Use Description (SP)       ,JoinTree_1.CI_LOOKUP_VAL_L_3,DESCR,,
Bill_Segment___Domain,Billing and Rates,1.) Descriptions,SQI Description (BSEG Read),JoinTree_1.CI_SQI_L,DESCR,,
Bill_Segment___Domain,Billing and Rates,1.) Descriptions,SQI Description (BSEG SQ),JoinTree_1.CI_SQI_L_2,DESCR,,
Bill_Segment___Domain,Billing and Rates,1.) Descriptions,Rate Schedule Description,JoinTree_1.CI_RS_L,DESCR,,
Bill_Segment___Domain,Billing and Rates,1.) Descriptions,Time of Use Description (BSEG Read),JoinTree_1.CI_TOU_L,DESCR,,
Bill_Segment___Domain,Billing and Rates,1.) Descriptions,Time of Use Description (BSEG SQ),JoinTree_1.CI_TOU_L_2,DESCR,,
Bill_Segment___Domain,Billing and Rates,1.) Descriptions,Unit of Measure Description (BSEG Read),JoinTree_1.CI_UOM_L,DESCR,,
Bill_Segment___Domain,Billing and Rates,1.) Descriptions,Unit of Measure Description (BSEG SQ),JoinTree_1.CI_UOM_L_2,DESCR,,
Bill_Segment___Domain,Billing and Rates,1.) Formulas,Auto Pay Stop User Name,JoinTree_1,APAY_STOP_USER_NAME,,
Bill_Segment___Domain,Billing and Rates,1.) Formulas,Distinct Bill ID,JoinTree_1,BILL_ID_DIST,,
Bill_Segment___Domain,Billing and Rates,1.) Formulas,Distinct Bill Segment ID,JoinTree_1,BSEG_ID_DIST,,
Bill_Segment___Domain,Billing and Rates,1.) Formulas,Distinct Bill Segment Calculation Header,JoinTree_1,BSEG_CALC_HEADER_DIST,,
Bill_Segment___Domain,Billing and Rates,1.) Formulas,Distinct Bill Segment Read,JoinTree_1,BSEG_READ_DIST,,
Bill_Segment___Domain,Billing and Rates,1.) Formulas,Distinct Bill Segment SQ,JoinTree_1,BSEG_SQ_DIST,,
Bill_Segment___Domain,Billing and Rates,1.) Formulas,Name (Person),JoinTree_1.CI_PER_NAME,ENTITY_NAME_UPR,,
Billed_Usage_SQ_Snapshot___Domain,Billing and Rates,Snapshot Audit,Snapshot Load Date Time,BSEG_SQ_USAGE_RPT_CURR,LOAD_DTTM,,
Billed_Usage_SQ_Snapshot___Domain,Billing and Rates,Determinant Output,Bill Segment ID,BSEG_SQ_USAGE_RPT_CURR,BSEG_ID,,
Billed_Usage_SQ_Snapshot___Domain,Billing and Rates,Determinant Output,Unit Of Measure,BSEG_SQ_USAGE_RPT_CURR,UOM_DESC,,
Billed_Usage_SQ_Snapshot___Domain,Billing and Rates,Determinant Output,Unit Of Measure Code,BSEG_SQ_USAGE_RPT_CURR,UOM_CD,,
Billed_Usage_SQ_Snapshot___Domain,Billing and Rates,Determinant Output,Time Of Use,BSEG_SQ_USAGE_RPT_CURR,TOU_DESC,,
Billed_Usage_SQ_Snapshot___Domain,Billing and Rates,Determinant Output,Time Of Use Code,BSEG_SQ_USAGE_RPT_CURR,TOU_CD,,
Billed_Usage_SQ_Snapshot___Domain,Billing and Rates,Determinant Output,Service Quantity Identifier,BSEG_SQ_USAGE_RPT_CURR,SQI_DESC,,
Billed_Usage_SQ_Snapshot___Domain,Billing and Rates,Determinant Output,Service Quantity Identifier Code,BSEG_SQ_USAGE_RPT_CURR,SQI_CD,,
Billed_Usage_SQ_Snapshot___Domain,Billing and Rates,Determinant Output,Total Billed Usage,BSEG_SQ_USAGE_RPT_CURR,TOTAL_BILL_SQ,,
Billed_Usage_SQ_Snapshot___Domain,Billing and Rates,Determinant Output,Total Initial Usage,BSEG_SQ_USAGE_RPT_CURR,TOTAL_INIT_SQ,,
Billed_Usage_SQ_Snapshot___Domain,Billing and Rates,Determinant Output,Service Quantity Line Count,BSEG_SQ_USAGE_RPT_CURR,SQ_LINE_COUNT,,
Billed_Usage_SQ_Snapshot___Domain,Billing and Rates,Determinant Output,Bill Segment Determinant Count,BSEG_SQ_USAGE_RPT_CURR,BSEG_DETERMINANT_COUNT,,
Billed_Usage_SQ_Snapshot___Domain,Billing and Rates,Billing Context,Bill ID,BSEG_SQ_USAGE_RPT_CURR,BILL_ID,,
Billed_Usage_SQ_Snapshot___Domain,Billing and Rates,Billing Context,Bill Date,BSEG_SQ_USAGE_RPT_CURR,BILL_DT,,
Billed_Usage_SQ_Snapshot___Domain,Billing and Rates,Billing Context,Due Date,BSEG_SQ_USAGE_RPT_CURR,DUE_DT,,
Billed_Usage_SQ_Snapshot___Domain,Billing and Rates,Billing Context,Bill Segment Start Date,BSEG_SQ_USAGE_RPT_CURR,BSEG_START_DT,,
Billed_Usage_SQ_Snapshot___Domain,Billing and Rates,Billing Context,Bill Segment End Date,BSEG_SQ_USAGE_RPT_CURR,BSEG_END_DT,,
Billed_Usage_SQ_Snapshot___Domain,Billing and Rates,Billing Context,Window Start Date,BSEG_SQ_USAGE_RPT_CURR,WIN_START_DT,,
Billed_Usage_SQ_Snapshot___Domain,Billing and Rates,Billing Context,Bill Status,BSEG_SQ_USAGE_RPT_CURR,BILL_STAT_DESC,,
Billed_Usage_SQ_Snapshot___Domain,Billing and Rates,Billing Context,Bill Status Code,BSEG_SQ_USAGE_RPT_CURR,BILL_STAT_FLG,,
Billed_Usage_SQ_Snapshot___Domain,Billing and Rates,Billing Context,Bill Segment Status,BSEG_SQ_USAGE_RPT_CURR,BSEG_STAT_DESC,,
Billed_Usage_SQ_Snapshot___Domain,Billing and Rates,Billing Context,Bill Segment Status Code,BSEG_SQ_USAGE_RPT_CURR,BSEG_STAT_FLG,,
Billed_Usage_SQ_Snapshot___Domain,Billing and Rates,Billing Context,Bill Cycle,BSEG_SQ_USAGE_RPT_CURR,BILL_BILL_CYC_DESC,,
Billed_Usage_SQ_Snapshot___Domain,Billing and Rates,Billing Context,Bill Cycle Code,BSEG_SQ_USAGE_RPT_CURR,BILL_BILL_CYC_CD,,
Billed_Usage_SQ_Snapshot___Domain,Billing and Rates,Billing Context,Bill Segment Cycle,BSEG_SQ_USAGE_RPT_CURR,BSEG_BILL_CYC_DESC,,
Billed_Usage_SQ_Snapshot___Domain,Billing and Rates,Billing Context,Bill Segment Cycle Code,BSEG_SQ_USAGE_RPT_CURR,BSEG_BILL_CYC_CD,,
Billed_Usage_SQ_Snapshot___Domain,Billing and Rates,Customer And Service,Customer Name,BSEG_SQ_USAGE_RPT_CURR,CUSTOMER_NAME,,
Billed_Usage_SQ_Snapshot___Domain,Billing and Rates,Customer And Service,Account ID,BSEG_SQ_USAGE_RPT_CURR,ACCT_ID,,
Billed_Usage_SQ_Snapshot___Domain,Billing and Rates,Customer And Service,Service Agreement ID,BSEG_SQ_USAGE_RPT_CURR,SA_ID,,
Billed_Usage_SQ_Snapshot___Domain,Billing and Rates,Customer And Service,Service Type,BSEG_SQ_USAGE_RPT_CURR,SA_TYPE_DESC,,
Billed_Usage_SQ_Snapshot___Domain,Billing and Rates,Customer And Service,Service Type Code,BSEG_SQ_USAGE_RPT_CURR,SA_TYPE_CD,,
Billed_Usage_SQ_Snapshot___Domain,Billing and Rates,Customer And Service,Utility / Service Category Code,BSEG_SQ_USAGE_RPT_CURR,UTILITY_TYPE_CD,,
Billed_Usage_SQ_Snapshot___Domain,Billing and Rates,Customer And Service,Premise ID,BSEG_SQ_USAGE_RPT_CURR,PREM_ID,,
Billed_Usage_SQ_Snapshot___Domain,Billing and Rates,Account Segmentation,Customer Class,BSEG_SQ_USAGE_RPT_CURR,CUST_CL_DESC,,
Billed_Usage_SQ_Snapshot___Domain,Billing and Rates,Account Segmentation,Customer Class Code,BSEG_SQ_USAGE_RPT_CURR,CUST_CL_CD,,
Billed_Usage_SQ_Snapshot___Domain,Billing and Rates,Account Segmentation,Collection Class,BSEG_SQ_USAGE_RPT_CURR,COLL_CL_DESC,,
Billed_Usage_SQ_Snapshot___Domain,Billing and Rates,Account Segmentation,Collection Class Code,BSEG_SQ_USAGE_RPT_CURR,COLL_CL_CD,,
Billed_Usage_SQ_Snapshot___Domain,Billing and Rates,Account Segmentation,Account Management Group,BSEG_SQ_USAGE_RPT_CURR,ACCT_MGMT_GRP_DESC,,
Billed_Usage_SQ_Snapshot___Domain,Billing and Rates,Account Segmentation,Account Management Group Code,BSEG_SQ_USAGE_RPT_CURR,ACCT_MGMT_GRP_CD,,
Billed_Usage_SQ_Snapshot___Domain,Billing and Rates,Account Segmentation,Budget Plan,BSEG_SQ_USAGE_RPT_CURR,BUD_PLAN_DESC,,
Billed_Usage_SQ_Snapshot___Domain,Billing and Rates,Account Segmentation,Budget Plan Code,BSEG_SQ_USAGE_RPT_CURR,BUD_PLAN_CD,,
Billed_Usage_SQ_Snapshot___Domain,Billing and Rates,Flags And Exceptions,Estimated Segment,BSEG_SQ_USAGE_RPT_CURR,EST_SW,,
Billed_Usage_SQ_Snapshot___Domain,Billing and Rates,Flags And Exceptions,Closing Bill Segment,BSEG_SQ_USAGE_RPT_CURR,CLOSING_BSEG_SW,,
Billed_Usage_SQ_Snapshot___Domain,Billing and Rates,Flags And Exceptions,Service Quantity Override,BSEG_SQ_USAGE_RPT_CURR,SQ_OVERRIDE_SW,,
Billed_Usage_SQ_Snapshot___Domain,Billing and Rates,Flags And Exceptions,Item Override,BSEG_SQ_USAGE_RPT_CURR,ITEM_OVERRIDE_SW,,
Billed_Usage_SQ_Snapshot___Domain,Billing and Rates,Flags And Exceptions,Cancel Reason,BSEG_SQ_USAGE_RPT_CURR,CAN_RSN_DESC,,
Billed_Usage_SQ_Snapshot___Domain,Billing and Rates,Flags And Exceptions,Cancel Reason Code,BSEG_SQ_USAGE_RPT_CURR,CAN_RSN_CD,,
Billed_Usage_SQ_Snapshot___Domain,Billing and Rates,Flags And Exceptions,Rebill Segment ID,BSEG_SQ_USAGE_RPT_CURR,REBILL_SEG_ID,,
Billed_Usage_SQ_Snapshot___Domain,Billing and Rates,Flags And Exceptions,Cancelled Bill Segment ID,BSEG_SQ_USAGE_RPT_CURR,CAN_BSEG_ID,,
Billed_Usage_SQ_Snapshot___Domain,Billing and Rates,Flags And Exceptions,Master Bill Segment ID,BSEG_SQ_USAGE_RPT_CURR,MASTER_BSEG_ID,,
Billed_Usage_Snapshot___Domain,Billing and Rates,Customer And Service,Customer Name,BSEG_BILLED_USAGE_RPT_CURR,CUSTOMER_NAME,,
Billed_Usage_Snapshot___Domain,Billing and Rates,Customer And Service,Account ID,BSEG_BILLED_USAGE_RPT_CURR,ACCT_ID,,
Billed_Usage_Snapshot___Domain,Billing and Rates,Customer And Service,Service Agreement ID,BSEG_BILLED_USAGE_RPT_CURR,SA_ID,,
Billed_Usage_Snapshot___Domain,Billing and Rates,Customer And Service,Service Type,BSEG_BILLED_USAGE_RPT_CURR,SA_TYPE_DESC,,
Billed_Usage_Snapshot___Domain,Billing and Rates,Customer And Service,Service Type Code,BSEG_BILLED_USAGE_RPT_CURR,SA_TYPE_CD,,
Billed_Usage_Snapshot___Domain,Billing and Rates,Customer And Service,Utility / Service Category Code,BSEG_BILLED_USAGE_RPT_CURR,UTILITY_TYPE_CD,,
Billed_Usage_Snapshot___Domain,Billing and Rates,Customer And Service,Premise ID,BSEG_BILLED_USAGE_RPT_CURR,PREM_ID,,
Billed_Usage_Snapshot___Domain,Billing and Rates,Billing Context,Bill ID,BSEG_BILLED_USAGE_RPT_CURR,BILL_ID,,
Billed_Usage_Snapshot___Domain,Billing and Rates,Billing Context,Bill Segment ID,BSEG_BILLED_USAGE_RPT_CURR,BSEG_ID,,
Billed_Usage_Snapshot___Domain,Billing and Rates,Billing Context,Bill Date,BSEG_BILLED_USAGE_RPT_CURR,BILL_DT,,
Billed_Usage_Snapshot___Domain,Billing and Rates,Billing Context,Due Date,BSEG_BILLED_USAGE_RPT_CURR,DUE_DT,,
Billed_Usage_Snapshot___Domain,Billing and Rates,Billing Context,Bill Segment Start Date,BSEG_BILLED_USAGE_RPT_CURR,BSEG_START_DT,,
Billed_Usage_Snapshot___Domain,Billing and Rates,Billing Context,Bill Segment End Date,BSEG_BILLED_USAGE_RPT_CURR,BSEG_END_DT,,
Billed_Usage_Snapshot___Domain,Billing and Rates,Billing Context,Window Start Date,BSEG_BILLED_USAGE_RPT_CURR,WIN_START_DT,,
Billed_Usage_Snapshot___Domain,Billing and Rates,Billing Context,Bill Status,BSEG_BILLED_USAGE_RPT_CURR,BILL_STAT_DESC,,
Billed_Usage_Snapshot___Domain,Billing and Rates,Billing Context,Bill Status Code,BSEG_BILLED_USAGE_RPT_CURR,BILL_STAT_FLG,,
Billed_Usage_Snapshot___Domain,Billing and Rates,Billing Context,Bill Segment Status,BSEG_BILLED_USAGE_RPT_CURR,BSEG_STAT_DESC,,
Billed_Usage_Snapshot___Domain,Billing and Rates,Billing Context,Bill Segment Status Code,BSEG_BILLED_USAGE_RPT_CURR,BSEG_STAT_FLG,,
Billed_Usage_Snapshot___Domain,Billing and Rates,Billing Context,Bill Cycle,BSEG_BILLED_USAGE_RPT_CURR,BILL_BILL_CYC_DESC,,
Billed_Usage_Snapshot___Domain,Billing and Rates,Billing Context,Bill Cycle Code,BSEG_BILLED_USAGE_RPT_CURR,BILL_BILL_CYC_CD,,
Billed_Usage_Snapshot___Domain,Billing and Rates,Billing Context,Bill Segment Cycle,BSEG_BILLED_USAGE_RPT_CURR,BSEG_BILL_CYC_DESC,,
Billed_Usage_Snapshot___Domain,Billing and Rates,Billing Context,Bill Segment Cycle Code,BSEG_BILLED_USAGE_RPT_CURR,BSEG_BILL_CYC_CD,,
Billed_Usage_Snapshot___Domain,Billing and Rates,Usage And Billed Amount,Total Billed Usage,BSEG_BILLED_USAGE_RPT_CURR,TOTAL_BILL_SQ,,
Billed_Usage_Snapshot___Domain,Billing and Rates,Usage And Billed Amount,Total Billed Amount,BSEG_BILLED_USAGE_RPT_CURR,TOTAL_CALC_AMT,,
Billed_Usage_Snapshot___Domain,Billing and Rates,Usage And Billed Amount,Total Initial Usage,BSEG_BILLED_USAGE_RPT_CURR,TOTAL_INIT_SQ,,
Billed_Usage_Snapshot___Domain,Billing and Rates,Usage And Billed Amount,Total Measured Quantity,BSEG_BILLED_USAGE_RPT_CURR,TOTAL_MSR_QTY,,
Billed_Usage_Snapshot___Domain,Billing and Rates,Usage And Billed Amount,Total Final Register Quantity,BSEG_BILLED_USAGE_RPT_CURR,TOTAL_FINAL_REG_QTY,,
Billed_Usage_Snapshot___Domain,Billing and Rates,Usage And Billed Amount,Service Quantity Line Count,BSEG_BILLED_USAGE_RPT_CURR,SQ_LINE_COUNT,,
Billed_Usage_Snapshot___Domain,Billing and Rates,Usage And Billed Amount,Calculation Header Count,BSEG_BILLED_USAGE_RPT_CURR,CALC_HEADER_COUNT,,
Billed_Usage_Snapshot___Domain,Billing and Rates,Usage And Billed Amount,Read Line Count,BSEG_BILLED_USAGE_RPT_CURR,READ_LINE_COUNT,,
Billed_Usage_Snapshot___Domain,Billing and Rates,Usage And Billed Amount,Determinant Count,BSEG_BILLED_USAGE_RPT_CURR,DETERMINANT_COUNT,,
Billed_Usage_Snapshot___Domain,Billing and Rates,Determinant Detail,Unit Of Measure,BSEG_BILLED_USAGE_RPT_CURR,SOLE_UOM_DESC,,
Billed_Usage_Snapshot___Domain,Billing and Rates,Determinant Detail,Unit Of Measure Code,BSEG_BILLED_USAGE_RPT_CURR,SOLE_UOM_CD,,
Billed_Usage_Snapshot___Domain,Billing and Rates,Determinant Detail,Time Of Use,BSEG_BILLED_USAGE_RPT_CURR,SOLE_TOU_DESC,,
Billed_Usage_Snapshot___Domain,Billing and Rates,Determinant Detail,Time Of Use Code,BSEG_BILLED_USAGE_RPT_CURR,SOLE_TOU_CD,,
Billed_Usage_Snapshot___Domain,Billing and Rates,Determinant Detail,Service Quantity Identifier,BSEG_BILLED_USAGE_RPT_CURR,SOLE_SQI_DESC,,
Billed_Usage_Snapshot___Domain,Billing and Rates,Determinant Detail,Service Quantity Identifier Code,BSEG_BILLED_USAGE_RPT_CURR,SOLE_SQI_CD,,
Billed_Usage_Snapshot___Domain,Billing and Rates,Determinant Detail,Rate Schedule,BSEG_BILLED_USAGE_RPT_CURR,SOLE_RS_DESC,,
Billed_Usage_Snapshot___Domain,Billing and Rates,Determinant Detail,Rate Schedule Code,BSEG_BILLED_USAGE_RPT_CURR,SOLE_RS_CD,,
Billed_Usage_Snapshot___Domain,Billing and Rates,Determinant Detail,Rate Schedule Count,BSEG_BILLED_USAGE_RPT_CURR,RS_COUNT,,
Billed_Usage_Snapshot___Domain,Billing and Rates,Account Segmentation,Customer Class,BSEG_BILLED_USAGE_RPT_CURR,CUST_CL_DESC,,
Billed_Usage_Snapshot___Domain,Billing and Rates,Account Segmentation,Customer Class Code,BSEG_BILLED_USAGE_RPT_CURR,CUST_CL_CD,,
Billed_Usage_Snapshot___Domain,Billing and Rates,Account Segmentation,Collection Class,BSEG_BILLED_USAGE_RPT_CURR,COLL_CL_DESC,,
Billed_Usage_Snapshot___Domain,Billing and Rates,Account Segmentation,Collection Class Code,BSEG_BILLED_USAGE_RPT_CURR,COLL_CL_CD,,
Billed_Usage_Snapshot___Domain,Billing and Rates,Account Segmentation,Account Management Group,BSEG_BILLED_USAGE_RPT_CURR,ACCT_MGMT_GRP_DESC,,
Billed_Usage_Snapshot___Domain,Billing and Rates,Account Segmentation,Account Management Group Code,BSEG_BILLED_USAGE_RPT_CURR,ACCT_MGMT_GRP_CD,,
Billed_Usage_Snapshot___Domain,Billing and Rates,Account Segmentation,Budget Plan,BSEG_BILLED_USAGE_RPT_CURR,BUD_PLAN_DESC,,
Billed_Usage_Snapshot___Domain,Billing and Rates,Account Segmentation,Budget Plan Code,BSEG_BILLED_USAGE_RPT_CURR,BUD_PLAN_CD,,
Billed_Usage_Snapshot___Domain,Billing and Rates,Read And Calculation Timing,First Read Start Date Time,BSEG_BILLED_USAGE_RPT_CURR,MIN_START_READ_DTTM,,
Billed_Usage_Snapshot___Domain,Billing and Rates,Read And Calculation Timing,Last Read End Date Time,BSEG_BILLED_USAGE_RPT_CURR,MAX_END_READ_DTTM,,
Billed_Usage_Snapshot___Domain,Billing and Rates,Read And Calculation Timing,First Calculation Effective Date,BSEG_BILLED_USAGE_RPT_CURR,MIN_CALC_EFFDT,,
Billed_Usage_Snapshot___Domain,Billing and Rates,Read And Calculation Timing,Last Calculation Effective Date,BSEG_BILLED_USAGE_RPT_CURR,MAX_CALC_EFFDT,,
Billed_Usage_Snapshot___Domain,Billing and Rates,Flags And Exceptions,Estimated Segment,BSEG_BILLED_USAGE_RPT_CURR,EST_SW,,
Billed_Usage_Snapshot___Domain,Billing and Rates,Flags And Exceptions,Closing Bill Segment,BSEG_BILLED_USAGE_RPT_CURR,CLOSING_BSEG_SW,,
Billed_Usage_Snapshot___Domain,Billing and Rates,Flags And Exceptions,Service Quantity Override,BSEG_BILLED_USAGE_RPT_CURR,SQ_OVERRIDE_SW,,
Billed_Usage_Snapshot___Domain,Billing and Rates,Flags And Exceptions,Item Override,BSEG_BILLED_USAGE_RPT_CURR,ITEM_OVERRIDE_SW,,
Billed_Usage_Snapshot___Domain,Billing and Rates,Flags And Exceptions,Cancel Reason,BSEG_BILLED_USAGE_RPT_CURR,CAN_RSN_DESC,,
Billed_Usage_Snapshot___Domain,Billing and Rates,Flags And Exceptions,Cancel Reason Code,BSEG_BILLED_USAGE_RPT_CURR,CAN_RSN_CD,,
Billed_Usage_Snapshot___Domain,Billing and Rates,Flags And Exceptions,Rebill Segment ID,BSEG_BILLED_USAGE_RPT_CURR,REBILL_SEG_ID,,
Billed_Usage_Snapshot___Domain,Billing and Rates,Flags And Exceptions,Cancelled Bill Segment ID,BSEG_BILLED_USAGE_RPT_CURR,CAN_BSEG_ID,,
Billed_Usage_Snapshot___Domain,Billing and Rates,Flags And Exceptions,Master Bill Segment ID,BSEG_BILLED_USAGE_RPT_CURR,MASTER_BSEG_ID,,
Billed_Usage_Snapshot___Domain,Billing and Rates,Snapshot Audit,Snapshot Load Date Time,BSEG_BILLED_USAGE_RPT_CURR,LOAD_DTTM,,
Deposit_Control___Domain,Cashiering,1.) Deposit Control,Balanced Date/Time,JoinTree_1.CI_DEP_CTL,BALANCED_DTTM,,
Deposit_Control___Domain,Cashiering,1.) Deposit Control,Balanced User ID,JoinTree_1.CI_DEP_CTL,BALANCED_USER_ID,,
Deposit_Control___Domain,Cashiering,1.) Deposit Control,Comments,JoinTree_1.CI_DEP_CTL,COMMENTS,,
Deposit_Control___Domain,Cashiering,1.) Deposit Control,Create Date/Time,JoinTree_1.CI_DEP_CTL,CRE_DTTM,,
Deposit_Control___Domain,Cashiering,1.) Deposit Control,Currency Code,JoinTree_1.CI_DEP_CTL,CURRENCY_CD,,
Deposit_Control___Domain,Cashiering,1.) Deposit Control,Deposit Control ID,JoinTree_1.CI_DEP_CTL,DEP_CTL_ID,,
Deposit_Control___Domain,Cashiering,1.) Deposit Control,Deposit Control Status,JoinTree_1.CI_DEP_CTL,DEP_CTL_STATUS_FLG,,
Deposit_Control___Domain,Cashiering,1.) Deposit Control,Deposit Control Ending Balance,JoinTree_1.CI_DEP_CTL,END_BALANCE,,
Deposit_Control___Domain,Cashiering,1.) Deposit Control,Tender Source Type,JoinTree_1.CI_DEP_CTL,TNDR_SRCE_TYPE_FLG,,
Deposit_Control___Domain,Cashiering,1.) Deposit Control,User,JoinTree_1.CI_DEP_CTL,USER_ID,,
Deposit_Control___Domain,Cashiering,1.) Tender Control,All Users                     ,JoinTree_1.CI_TNDR_CTL,ALL_OPERATORS_SW,,
Deposit_Control___Domain,Cashiering,1.) Tender Control,Archived,JoinTree_1.CI_TNDR_CTL,ARCHIVE_SW,,
Deposit_Control___Domain,Cashiering,1.) Tender Control,Balanced Date/Time,JoinTree_1.CI_TNDR_CTL,BALANCED_DTTM,,
Deposit_Control___Domain,Cashiering,1.) Tender Control,Balanced User ID,JoinTree_1.CI_TNDR_CTL,BALANCED_USER_ID,,
Deposit_Control___Domain,Cashiering,1.) Tender Control,Batch Control,JoinTree_1.CI_TNDR_CTL,BATCH_CD,,
Deposit_Control___Domain,Cashiering,1.) Tender Control,Batch Number,JoinTree_1.CI_TNDR_CTL,BATCH_NBR,Dimension,CountAll
Deposit_Control___Domain,Cashiering,1.) Tender Control,Comments,JoinTree_1.CI_TNDR_CTL,COMMENTS,,
Deposit_Control___Domain,Cashiering,1.) Tender Control,Create Date/Time,JoinTree_1.CI_TNDR_CTL,CRE_DTTM,,
Deposit_Control___Domain,Cashiering,1.) Tender Control,Currency Code,JoinTree_1.CI_TNDR_CTL,CURRENCY_CD,,
Deposit_Control___Domain,Cashiering,1.) Tender Control,Deposit Control ID,JoinTree_1.CI_TNDR_CTL,DEP_CTL_ID,,
Deposit_Control___Domain,Cashiering,1.) Tender Control,Tender Control Ending Balance,JoinTree_1.CI_TNDR_CTL,END_BALANCE,,
Deposit_Control___Domain,Cashiering,1.) Tender Control,External Transmission ID,JoinTree_1.CI_TNDR_CTL,EXT_TRANSMIT_ID,,
Deposit_Control___Domain,Cashiering,1.) Tender Control,Tender Control Starting Balance,JoinTree_1.CI_TNDR_CTL,START_BALANCE,,
Deposit_Control___Domain,Cashiering,1.) Tender Control,Tender Control ID,JoinTree_1.CI_TNDR_CTL,TNDR_CTL_ID,,
Deposit_Control___Domain,Cashiering,1.) Tender Control,Tender Control Status,JoinTree_1.CI_TNDR_CTL,TNDR_CTL_ST_FLG,,
Deposit_Control___Domain,Cashiering,1.) Tender Control,Tender Source,JoinTree_1.CI_TNDR_CTL,TNDR_SOURCE_CD,,
Deposit_Control___Domain,Cashiering,1.) Tender Control,User,JoinTree_1.CI_TNDR_CTL,USER_ID,,
Deposit_Control___Domain,Cashiering,1.) Descriptions,Batch Control Description,JoinTree_1.CI_BATCH_CTRL_L,DESCR,,
Deposit_Control___Domain,Cashiering,1.) Descriptions,Deposit Control Status Description,JoinTree_1.CI_LOOKUP_VAL_L_2,DESCR,,
Deposit_Control___Domain,Cashiering,1.) Descriptions,Tender Control Status Description,JoinTree_1.CI_LOOKUP_VAL_L,DESCR,,
Deposit_Control___Domain,Cashiering,1.) Descriptions,Tender Source Description,JoinTree_1.CI_TNDR_SRCE_L,DESCR,,
Deposit_Control___Domain,Cashiering,1.) Descriptions,Tender Source Type Description,JoinTree_1.CI_LOOKUP_VAL_L_1,DESCR,,
Deposit_Control___Domain,Cashiering,1.) Formulas,Deposit Control Balanced By (Name),JoinTree_1,DEP_CTL_BAL_USER_NAME,,
Deposit_Control___Domain,Cashiering,1.) Formulas,Deposit Control User (Name),JoinTree_1,DEP_CTL_USER_NAME,,
Deposit_Control___Domain,Cashiering,1.) Formulas,Distinct Deposit Control ID,JoinTree_1,DEP_CTL_ID_DISTINCT,Measure,Sum
Deposit_Control___Domain,Cashiering,1.) Formulas,Distinct Tender Control ID,JoinTree_1,TNDR_CTL_ID_DISTINCT,Measure,Sum
Deposit_Control___Domain,Cashiering,1.) Formulas,Tender Control Balanced By (Name),JoinTree_1,TNDR_CTL_BAL_USER_NAME,,
Deposit_Control___Domain,Cashiering,1.) Formulas,Tender Control User (Name),JoinTree_1,TNDR_CTL_USER_NAME,,
Deposit_Control___Domain,Cashiering,2.) Tender Deposit,Bank Account,JoinTree_2.CI_TNDR_DEP,BANK_ACCT_KEY,,
Deposit_Control___Domain,Cashiering,2.) Tender Deposit,Bank,JoinTree_2.CI_TNDR_DEP,BANK_CD,,
Deposit_Control___Domain,Cashiering,2.) Tender Deposit,Currency Code,JoinTree_2.CI_TNDR_DEP,CURRENCY_CD,,
Deposit_Control___Domain,Cashiering,2.) Tender Deposit,Deposit Control ID,JoinTree_2.CI_TNDR_DEP,DEP_CTL_ID,,
Deposit_Control___Domain,Cashiering,2.) Tender Deposit,Deposit Amount,JoinTree_2.CI_TNDR_DEP,DEPOSIT_AMT,,
Deposit_Control___Domain,Cashiering,2.) Tender Deposit,Reference ID,JoinTree_2.CI_TNDR_DEP,REFERENCE_ID,,
Deposit_Control___Domain,Cashiering,2.) Tender Deposit,Tender Deposit ID,JoinTree_2.CI_TNDR_DEP,TNDR_DEP_ID,,
Deposit_Control___Domain,Cashiering,2.) Deposit Control,Balanced Date/Time,JoinTree_2.CI_DEP_CTL_1,BALANCED_DTTM,,
Deposit_Control___Domain,Cashiering,2.) Deposit Control,Balanced User ID,JoinTree_2.CI_DEP_CTL_1,BALANCED_USER_ID,,
Deposit_Control___Domain,Cashiering,2.) Deposit Control,Comments,JoinTree_2.CI_DEP_CTL_1,COMMENTS,,
Deposit_Control___Domain,Cashiering,2.) Deposit Control,Create Date/Time,JoinTree_2.CI_DEP_CTL_1,CRE_DTTM,,
Deposit_Control___Domain,Cashiering,2.) Deposit Control,Currency Code,JoinTree_2.CI_DEP_CTL_1,CURRENCY_CD,,
Deposit_Control___Domain,Cashiering,2.) Deposit Control,Deposit Control ID,JoinTree_2.CI_DEP_CTL_1,DEP_CTL_ID,,
Deposit_Control___Domain,Cashiering,2.) Deposit Control,Deposit Control Status,JoinTree_2.CI_DEP_CTL_1,DEP_CTL_STATUS_FLG,,
Deposit_Control___Domain,Cashiering,2.) Deposit Control,Ending Balance,JoinTree_2.CI_DEP_CTL_1,END_BALANCE,,
Deposit_Control___Domain,Cashiering,2.) Deposit Control,Tender Source Type,JoinTree_2.CI_DEP_CTL_1,TNDR_SRCE_TYPE_FLG,,
Deposit_Control___Domain,Cashiering,2.) Deposit Control,User,JoinTree_2.CI_DEP_CTL_1,USER_ID,,
Deposit_Control___Domain,Cashiering,2.) Descriptions,Bank Account Description,JoinTree_2.CI_BANK_ACCOUNT_L,DESCR,,
Deposit_Control___Domain,Cashiering,2.) Descriptions,Bank Description,JoinTree_2.CI_BANK_L,DESCR,,
Deposit_Control___Domain,Cashiering,2.) Descriptions,Deposit Control Status Description,JoinTree_2.CI_LOOKUP_VAL_L_3,DESCR,,
Deposit_Control___Domain,Cashiering,2.) Descriptions,Tender Source Type Description,JoinTree_2.CI_LOOKUP_VAL_L_4,DESCR,,
Deposit_Control___Domain,Cashiering,2.) Formulas,Balanced By User (Name),JoinTree_2,DEP_CTL_BAL_USER_NAME,,
Deposit_Control___Domain,Cashiering,2.) Formulas,Distinct Deposit Control ID,JoinTree_2,DEP_CTL_ID_DISTINCT,,
Deposit_Control___Domain,Cashiering,2.) Formulas,Distinct Tender Deposit ID,JoinTree_2,TNDR_DEP_ID_DISTINCT,,
Deposit_Control___Domain,Cashiering,2.) Formulas,User (Name),JoinTree_2,DEP_CTL_USER_NAME,,
Pay_Plan___Domain,Cashiering,1.) Pay Plan,Account ID,JoinTree_1.CI_PP,ACCT_ID,,
Pay_Plan___Domain,Cashiering,1.) Pay Plan,Comments,JoinTree_1.CI_PP,COMMENTS,,
Pay_Plan___Domain,Cashiering,1.) Pay Plan,Create Date/Time,JoinTree_1.CI_PP,CRE_DTTM,,
Pay_Plan___Domain,Cashiering,1.) Pay Plan,Last Status Date/Time,JoinTree_1.CI_PP,LAST_STAT_DTTM,,
Pay_Plan___Domain,Cashiering,1.) Pay Plan,Last Updated by,JoinTree_1.CI_PP,LAST_STAT_USER_ID,,
Pay_Plan___Domain,Cashiering,1.) Pay Plan,Pay Method,JoinTree_1.CI_PP,PAY_METH_CD,,
Pay_Plan___Domain,Cashiering,1.) Pay Plan,Payor Account ID,JoinTree_1.CI_PP,PAYOR_ACCT_ID,,
Pay_Plan___Domain,Cashiering,1.) Pay Plan,Cancel Reason,JoinTree_1.CI_PP,PP_CAN_RSN_FLG,,
Pay_Plan___Domain,Cashiering,1.) Pay Plan,Pay Plan ID,JoinTree_1.CI_PP,PP_ID,,
Pay_Plan___Domain,Cashiering,1.) Pay Plan,Pay Plan Status,JoinTree_1.CI_PP,PP_STAT_FLG,,
Pay_Plan___Domain,Cashiering,1.) Pay Plan,Pay Plan Type,JoinTree_1.CI_PP,PP_TYPE_CD,,
Pay_Plan___Domain,Cashiering,1.) Pay Plan,Start Date,JoinTree_1.CI_PP,START_DT,,
Pay_Plan___Domain,Cashiering,1.) Pay Plan,Third Party Payor,JoinTree_1.CI_PP,THRD_PTY_PAYOR_CD,,
Pay_Plan___Domain,Cashiering,1.) Pay Plan,Third Party Guarantor,JoinTree_1.CI_PP,THRD_PTY_SW,,
Pay_Plan___Domain,Cashiering,1.) Pay Plan,User,JoinTree_1.CI_PP,USER_ID,,
Pay_Plan___Domain,Cashiering,1.) Descriptions,Cancel Reason Description,JoinTree_1.CI_LOOKUP_VAL_L,DESCR,,
Pay_Plan___Domain,Cashiering,1.) Descriptions,Pay Method Description,JoinTree_1.CI_PAY_METH_L,DESCR,,
Pay_Plan___Domain,Cashiering,1.) Descriptions,Pay Plan Status Description,JoinTree_1.CI_LOOKUP_VAL_L_1,DESCR,,
Pay_Plan___Domain,Cashiering,1.) Descriptions,Pay Plan Type Description,JoinTree_1.CI_PP_TYPE_L,DESCR,,
Pay_Plan___Domain,Cashiering,1.) Descriptions,Third Party Payor Description,JoinTree_1.CI_THRD_PTY_L,DESCR,,
Pay_Plan___Domain,Cashiering,1.) Formulas,Days Old,JoinTree_1,DAYS_OLD,,
Pay_Plan___Domain,Cashiering,1.) Formulas,Distinct Account ID,JoinTree_1,ACCT_ID_DISTINCT,,
Pay_Plan___Domain,Cashiering,1.) Formulas,Distinct Pay Plan ID,JoinTree_1,PP_ID_DISTINCT,,
Pay_Plan___Domain,Cashiering,1.) Formulas,Name,JoinTree_1.CI_PER_NAME,ENTITY_NAME_UPR,,
Pay_Plan___Domain,Cashiering,1.) Formulas,Last Updated by (Name),JoinTree_1,LAST_STAT_USER_ID_NAME,,
Pay_Plan___Domain,Cashiering,1.) Formulas,Payor Account (Name),JoinTree_1.CI_PER_NAME_1,ENTITY_NAME_UPR,,
Pay_Plan___Domain,Cashiering,1.) Formulas,User (Name),JoinTree_1,USER_ID_NAME,,
Payment_Header___Domain,Cashiering,1.) Payment Header,Account ID,JoinTree_1.CI_PAY,ACCT_ID,,
Payment_Header___Domain,Cashiering,1.) Payment Header,Cancel Reason,JoinTree_1.CI_PAY,CAN_RSN_CD,,
Payment_Header___Domain,Cashiering,1.) Payment Header,Currency Code,JoinTree_1.CI_PAY,CURRENCY_CD,,
Payment_Header___Domain,Cashiering,1.) Payment Header,Match Type,JoinTree_1.CI_PAY,MATCH_TYPE_CD,,
Payment_Header___Domain,Cashiering,1.) Payment Header,Match Value,JoinTree_1.CI_PAY,MATCH_VAL,,
Payment_Header___Domain,Cashiering,1.) Payment Header,Non CIS Comments,JoinTree_1.CI_PAY,NON_CIS_COMMENT,,
Payment_Header___Domain,Cashiering,1.) Payment Header,Non CIS Name,JoinTree_1.CI_PAY,NON_CIS_NAME,,
Payment_Header___Domain,Cashiering,1.) Payment Header,Reference Number,JoinTree_1.CI_PAY,NON_CIS_REF_NBR,,
Payment_Header___Domain,Cashiering,1.) Payment Header,Payment Amount,JoinTree_1.CI_PAY,PAY_AMT,,
Payment_Header___Domain,Cashiering,1.) Payment Header,Payment Event ID,JoinTree_1.CI_PAY,PAY_EVENT_ID,,
Payment_Header___Domain,Cashiering,1.) Payment Header,Payment ID,JoinTree_1.CI_PAY,PAY_ID,,
Payment_Header___Domain,Cashiering,1.) Payment Header,Payment Status,JoinTree_1.CI_PAY,PAY_STATUS_FLG,,
Payment_Header___Domain,Cashiering,1.) Payment Event,Create Date/Time,JoinTree_1.CI_PAY_EVENT,CRE_DTTM,,
Payment_Header___Domain,Cashiering,1.) Payment Event,Document Number,JoinTree_1.CI_PAY_EVENT,DOC_ID,,
Payment_Header___Domain,Cashiering,1.) Payment Event,Payment Date,JoinTree_1.CI_PAY_EVENT,PAY_DT,,
Payment_Header___Domain,Cashiering,1.) Payment Event,Payment Event ID,JoinTree_1.CI_PAY_EVENT,PAY_EVENT_ID,,
Payment_Header___Domain,Cashiering,1.) Descriptions,Cancel Reason Description,JoinTree_1.CI_PAY_CAN_RSN_L,DESCR,,
Payment_Header___Domain,Cashiering,1.) Descriptions,Match Type Description,JoinTree_1.CI_MATCH_TYPE_L,DESCR,,
Payment_Header___Domain,Cashiering,1.) Descriptions,Payment Status Description,JoinTree_1.CI_LOOKUP_VAL_L,DESCR,,
Payment_Header___Domain,Cashiering,1.) Formulas,Distinct  Account ID,JoinTree_1,ACCT_ID_DISTINCT,,
Payment_Header___Domain,Cashiering,1.) Formulas,Distinct Payment Event ID,JoinTree_1,PAY_EVENT_ID_DISTINCT,,
Payment_Header___Domain,Cashiering,1.) Formulas,Distinct Payment ID,JoinTree_1,PAY_ID_DISTINCT,,
Payment_Header___Domain,Cashiering,1.) Formulas,Days Old,JoinTree_1,DAYS_OLD,,
Payment_Header___Domain,Cashiering,1.) Formulas,Name,JoinTree_1.CI_PER_NAME,ENTITY_NAME_UPR,,
Payment_Tender___Domain,Cashiering,1.) Payment Event,Create Date/Time,JoinTree_1.CI_PAY_EVENT,CRE_DTTM,,
Payment_Tender___Domain,Cashiering,1.) Payment Event,Document Number,JoinTree_1.CI_PAY_EVENT,DOC_ID,,
Payment_Tender___Domain,Cashiering,1.) Payment Event,Payment Date,JoinTree_1.CI_PAY_EVENT,PAY_DT,,
Payment_Tender___Domain,Cashiering,1.) Payment Event,Payment Event ID,JoinTree_1.CI_PAY_EVENT,PAY_EVENT_ID,,
Payment_Tender___Domain,Cashiering,1.) Payment Tender,Adjustment ID,JoinTree_1.CI_PAY_TNDR,ADJ_ID,,
Payment_Tender___Domain,Cashiering,1.) Payment Tender,Alternate Currency Code,JoinTree_1.CI_PAY_TNDR,ALT_CURRENCY_CD,,
Payment_Tender___Domain,Cashiering,1.) Payment Tender,Alternate Amount,JoinTree_1.CI_PAY_TNDR,ALT_TENDER_AMT,,
Payment_Tender___Domain,Cashiering,1.) Payment Tender,Cancel Reason,JoinTree_1.CI_PAY_TNDR,CAN_RSN_CD,,
Payment_Tender___Domain,Cashiering,1.) Payment Tender,Check Number,JoinTree_1.CI_PAY_TNDR,CHECK_NBR,,
Payment_Tender___Domain,Cashiering,1.) Payment Tender,Currency Code,JoinTree_1.CI_PAY_TNDR,CURRENCY_CD,,
Payment_Tender___Domain,Cashiering,1.) Payment Tender,Customer ID,JoinTree_1.CI_PAY_TNDR,CUST_ID,,
Payment_Tender___Domain,Cashiering,1.) Payment Tender,Encrypted Micr ID,JoinTree_1.CI_PAY_TNDR,ENCR_MICR_ID,,
Payment_Tender___Domain,Cashiering,1.) Payment Tender,Hash MICR ID,JoinTree_1.CI_PAY_TNDR,HASH_MICR_ID,,
Payment_Tender___Domain,Cashiering,1.) Payment Tender,Included in Tender Ctl Balance,JoinTree_1.CI_PAY_TNDR,IN_TNDR_CTL_BAL_SW,,
Payment_Tender___Domain,Cashiering,1.) Payment Tender,MICR ID,JoinTree_1.CI_PAY_TNDR,MICR_ID,,
Payment_Tender___Domain,Cashiering,1.) Payment Tender,Name,JoinTree_1.CI_PAY_TNDR,NAME1,,
Payment_Tender___Domain,Cashiering,1.) Payment Tender,Payment Event ID,JoinTree_1.CI_PAY_TNDR,PAY_EVENT_ID,,
Payment_Tender___Domain,Cashiering,1.) Payment Tender,Pay Tender ID,JoinTree_1.CI_PAY_TNDR,PAY_TENDER_ID,,
Payment_Tender___Domain,Cashiering,1.) Payment Tender,Payor Account ID,JoinTree_1.CI_PAY_TNDR,PAYOR_ACCT_ID,,
Payment_Tender___Domain,Cashiering,1.) Payment Tender,Tender Amount,JoinTree_1.CI_PAY_TNDR,TENDER_AMT,,
Payment_Tender___Domain,Cashiering,1.) Payment Tender,Tender Type,JoinTree_1.CI_PAY_TNDR,TENDER_TYPE_CD,,
Payment_Tender___Domain,Cashiering,1.) Payment Tender,Tender Control ID,JoinTree_1.CI_PAY_TNDR,TNDR_CTL_ID,,
Payment_Tender___Domain,Cashiering,1.) Payment Tender,Tender Status,JoinTree_1.CI_PAY_TNDR,TNDR_STATUS_FLG,,
Payment_Tender___Domain,Cashiering,1.) Tender Control,All Users                     ,JoinTree_1.CI_TNDR_CTL,ALL_OPERATORS_SW,,
Payment_Tender___Domain,Cashiering,1.) Tender Control,Archived,JoinTree_1.CI_TNDR_CTL,ARCHIVE_SW,,
Payment_Tender___Domain,Cashiering,1.) Tender Control,Balanced Date/Time,JoinTree_1.CI_TNDR_CTL,BALANCED_DTTM,,
Payment_Tender___Domain,Cashiering,1.) Tender Control,Balanced User ID,JoinTree_1.CI_TNDR_CTL,BALANCED_USER_ID,,
Payment_Tender___Domain,Cashiering,1.) Tender Control,Batch Control,JoinTree_1.CI_TNDR_CTL,BATCH_CD,,
Payment_Tender___Domain,Cashiering,1.) Tender Control,Batch Number,JoinTree_1.CI_TNDR_CTL,BATCH_NBR,Dimension,None
Payment_Tender___Domain,Cashiering,1.) Tender Control,Comments,JoinTree_1.CI_TNDR_CTL,COMMENTS,,
Payment_Tender___Domain,Cashiering,1.) Tender Control,Create Date/Time,JoinTree_1.CI_TNDR_CTL,CRE_DTTM,,
Payment_Tender___Domain,Cashiering,1.) Tender Control,Currency Code,JoinTree_1.CI_TNDR_CTL,CURRENCY_CD,,
Payment_Tender___Domain,Cashiering,1.) Tender Control,Deposit Control ID,JoinTree_1.CI_TNDR_CTL,DEP_CTL_ID,,
Payment_Tender___Domain,Cashiering,1.) Tender Control,Ending Balance,JoinTree_1.CI_TNDR_CTL,END_BALANCE,,
Payment_Tender___Domain,Cashiering,1.) Tender Control,External Transmission ID,JoinTree_1.CI_TNDR_CTL,EXT_TRANSMIT_ID,,
Payment_Tender___Domain,Cashiering,1.) Tender Control,Starting Balance,JoinTree_1.CI_TNDR_CTL,START_BALANCE,,
Payment_Tender___Domain,Cashiering,1.) Tender Control,Tender Control ID,JoinTree_1.CI_TNDR_CTL,TNDR_CTL_ID,,
Payment_Tender___Domain,Cashiering,1.) Tender Control,Status         ,JoinTree_1.CI_TNDR_CTL,TNDR_CTL_ST_FLG,,
Payment_Tender___Domain,Cashiering,1.) Tender Control,Tender Source,JoinTree_1.CI_TNDR_CTL,TNDR_SOURCE_CD,,
Payment_Tender___Domain,Cashiering,1.) Tender Control,User,JoinTree_1.CI_TNDR_CTL,USER_ID,,
Payment_Tender___Domain,Cashiering,1.) Description,Cancel Reason Description,JoinTree_1.CI_PAY_CAN_RSN_L,DESCR,,
Payment_Tender___Domain,Cashiering,1.) Description,Tender Control Balanced By (Name),JoinTree_1,TNDR_CTL_BAL_USER_NAME,,
Payment_Tender___Domain,Cashiering,1.) Description,Tender Control Status Description,JoinTree_1.CI_LOOKUP_VAL_L_1,FIELD_VALUE,,
Payment_Tender___Domain,Cashiering,1.) Description,Tender Control User (Name),JoinTree_1,TNDR_CTL_USER_NAME,,
Payment_Tender___Domain,Cashiering,1.) Description,Tender Status Description,JoinTree_1.CI_LOOKUP_VAL_L,DESCR,,
Payment_Tender___Domain,Cashiering,1.) Description,Tender Type Description,JoinTree_1.CI_TENDER_TYPE_L,DESCR,,
Payment_Tender___Domain,Cashiering,1.) Description,Tender Source Description,JoinTree_1.CI_TNDR_SRCE_L,DESCR,,
Payment_Tender___Domain,Cashiering,1.) Formulas,Days Old,JoinTree_1,DAYS_OLD,,
Payment_Tender___Domain,Cashiering,1.) Formulas,Distinct Payment Event ID,JoinTree_1,PAY_EVENT_ID_DISTINCT,,
Payment_Tender___Domain,Cashiering,1.) Formulas,Distinct Pay Tender ID,JoinTree_1,PAY_TENDER_ID_DISTINCT,,
Payment_Tender___Domain,Cashiering,1.) Formulas,Distnct Payor Account ID,JoinTree_1,ACCT_ID_DISTINCT,,
Payment_Tender___Domain,Cashiering,1.) Formulas,Payor (Name),JoinTree_1.CI_PER_NAME,ENTITY_NAME_UPR,,
Batch_Process___Domain,Common,1.) Batch Thread Instance,Batch Control,JoinTree_1.CI_BATCH_INST,BATCH_CD,,
Batch_Process___Domain,Common,1.) Batch Thread Instance,Batch Number,JoinTree_1.CI_BATCH_INST,BATCH_NBR,Dimension,CountAll
Batch_Process___Domain,Common,1.) Batch Thread Instance,Batch Rerun Number,JoinTree_1.CI_BATCH_INST,BATCH_RERUN_NBR,Dimension,CountAll
Batch_Process___Domain,Common,1.) Batch Thread Instance,Thread Nbr,JoinTree_1.CI_BATCH_INST,BATCH_THREAD_NBR,Dimension,CountAll
Batch_Process___Domain,Common,1.) Batch Thread Instance,End Date/Time,JoinTree_1.CI_BATCH_INST,END_DTTM,,
Batch_Process___Domain,Common,1.) Batch Thread Instance,File Details,JoinTree_1.CI_BATCH_INST,FILE_DETAILS,,
Batch_Process___Domain,Common,1.) Batch Thread Instance,Records in Error,JoinTree_1.CI_BATCH_INST,REC_ERR_CNT,,
Batch_Process___Domain,Common,1.) Batch Thread Instance,Records Processed,JoinTree_1.CI_BATCH_INST,REC_PROC_CNT,,
Batch_Process___Domain,Common,1.) Batch Thread Instance,Restart Data,JoinTree_1.CI_BATCH_INST,RESTART_DATA,,
Batch_Process___Domain,Common,1.) Batch Thread Instance,Batch Instance,JoinTree_1.CI_BATCH_INST,SCHEDULER_ID,Dimension,CountAll
Batch_Process___Domain,Common,1.) Batch Thread Instance,Start Date/Time,JoinTree_1.CI_BATCH_INST,START_DTTM,,
Batch_Process___Domain,Common,1.) Batch Run,Batch Business Date,JoinTree_1.CI_BATCH_RUN,BATCH_BUS_DT,,
Batch_Process___Domain,Common,1.) Batch Run,Batch Control,JoinTree_1.CI_BATCH_RUN,BATCH_CD,,
Batch_Process___Domain,Common,1.) Batch Run,Batch Number,JoinTree_1.CI_BATCH_RUN,BATCH_NBR,Dimension,CountAll
Batch_Process___Domain,Common,1.) Batch Run,Batch Rerun Number,JoinTree_1.CI_BATCH_RUN,BATCH_RERUN_NBR,Dimension,CountAll
Batch_Process___Domain,Common,1.) Batch Run,Do Not Attempt Restart,JoinTree_1.CI_BATCH_RUN,DO_NOT_RESTART_SW,,
Batch_Process___Domain,Common,1.) Batch Run,End Date/Time,JoinTree_1.CI_BATCH_RUN,END_DTTM,,
Batch_Process___Domain,Common,1.) Batch Run,Run Status,JoinTree_1.CI_BATCH_RUN,RUN_STATUS,,
Batch_Process___Domain,Common,1.) Batch Run,Start Date/Time,JoinTree_1.CI_BATCH_RUN,START_DTTM,,
Batch_Process___Domain,Common,1.) Batch Thread,Batch Control,JoinTree_1.CI_BATCH_THD,BATCH_CD,,
Batch_Process___Domain,Common,1.) Batch Thread,Batch Number,JoinTree_1.CI_BATCH_THD,BATCH_NBR,Dimension,CountAll
Batch_Process___Domain,Common,1.) Batch Thread,Batch Rerun Number,JoinTree_1.CI_BATCH_THD,BATCH_RERUN_NBR,Dimension,CountAll
Batch_Process___Domain,Common,1.) Batch Thread,Thread Nbr,JoinTree_1.CI_BATCH_THD,BATCH_THREAD_NBR,Dimension,CountAll
Batch_Process___Domain,Common,1.) Batch Thread,Log File Name,JoinTree_1.CI_BATCH_THD,LOG_FILE_NAME,,
Batch_Process___Domain,Common,1.) Batch Thread,Thread Retries Count,JoinTree_1.CI_BATCH_THD,THD_RETRY_CNT,,
Batch_Process___Domain,Common,1.) Batch Thread,Thread Status,JoinTree_1.CI_BATCH_THD,THREAD_STATUS,,
Batch_Process___Domain,Common,1.) Formulas,Distinct Batch Instance,JoinTree_1,SCHEDULER_ID_DISTINCT,,
Batch_Process___Domain,Common,1.) Formulas,Distinct Batch Run,JoinTree_1,BATCH_RUN_DISTINCT,,
Batch_Process___Domain,Common,1.) Formulas,Distinct Batch Thread,JoinTree_1,BATCH_THREAD_DISTINCT,,
Batch_Process___Domain,Common,1.) Formulas,Duration (in Hours),JoinTree_1,SCHEDULER_ID_DURATION_HOURS,,
Batch_Process___Domain,Common,1.) Formulas,Duration (in Minutes),JoinTree_1,SCHEDULER_ID_DURATION_MINS,,
Batch_Process___Domain,Common,1.) Descriptions,Batch Control (with Description),JoinTree_1,BATCH_CD_DESCR,,
Batch_Process___Domain,Common,1.) Descriptions,Run Status Description,JoinTree_1.CI_LOOKUP_VAL_L,DESCR,,
Batch_Process___Domain,Common,1.) Descriptions,Thread Status Description,JoinTree_1.CI_LOOKUP_VAL_L_1,DESCR,,
Bill_Segment_Exception___Domain,Common,1.) Bill Segment Exception,Bill Segment Exception Type,JoinTree_1.CI_BSEG_EXCP,BSEG_EXCP_FLG,,
Bill_Segment_Exception___Domain,Common,1.) Bill Segment Exception,Bill Segment ID,JoinTree_1.CI_BSEG_EXCP,BSEG_ID,,
Bill_Segment_Exception___Domain,Common,1.) Bill Segment Exception,Comments (Bill Segment Exception),JoinTree_1.CI_BSEG_EXCP,COMMENTS,,
Bill_Segment_Exception___Domain,Common,1.) Bill Segment Exception,Create Date/Time (Bill Segment Exception),JoinTree_1.CI_BSEG_EXCP,CRE_DTTM,,
Bill_Segment_Exception___Domain,Common,1.) Bill Segment Exception,Message,JoinTree_1.CI_BSEG_EXCP,EXP_MSG,,
Bill_Segment_Exception___Domain,Common,1.) Bill Segment Exception,Reviewed,JoinTree_1.CI_BSEG_EXCP,REVIEW_COMP,,
Bill_Segment_Exception___Domain,Common,1.) Bill Segment Exception,Review Date,JoinTree_1.CI_BSEG_EXCP,REVIEW_DT,,
Bill_Segment_Exception___Domain,Common,1.) Bill Segment Exception,Review User,JoinTree_1.CI_BSEG_EXCP,REVIEW_USER_ID,,
Bill_Segment_Exception___Domain,Common,1.) Bill Segment Exception,User,JoinTree_1.CI_BSEG_EXCP,USER_ID,,
Bill_Segment_Exception___Domain,Common,1.) To Do Entry,Assigned Date/Time,JoinTree_1.CI_TD_ENTRY,ASSIGNED_DTTM,,
Bill_Segment_Exception___Domain,Common,1.) To Do Entry,Assign to User,JoinTree_1.CI_TD_ENTRY,ASSIGNED_TO,,
Bill_Segment_Exception___Domain,Common,1.) To Do Entry,Assigned By User,JoinTree_1.CI_TD_ENTRY,ASSIGNED_USER_ID,,
Bill_Segment_Exception___Domain,Common,1.) To Do Entry,Batch Control,JoinTree_1.CI_TD_ENTRY,BATCH_CD,,
Bill_Segment_Exception___Domain,Common,1.) To Do Entry,Batch Number,JoinTree_1.CI_TD_ENTRY,BATCH_NBR,Dimension,CountAll
Bill_Segment_Exception___Domain,Common,1.) To Do Entry,Comments (To Do Entry),JoinTree_1.CI_TD_ENTRY,COMMENTS,,
Bill_Segment_Exception___Domain,Common,1.) To Do Entry,Completion Date/Time,JoinTree_1.CI_TD_ENTRY,COMPLETE_DTTM,,
Bill_Segment_Exception___Domain,Common,1.) To Do Entry,Completed By,JoinTree_1.CI_TD_ENTRY,COMPLETE_USER_ID,,
Bill_Segment_Exception___Domain,Common,1.) To Do Entry,Create Date/Time (To Do Entry),JoinTree_1.CI_TD_ENTRY,CRE_DTTM,,
Bill_Segment_Exception___Domain,Common,1.) To Do Entry,Status (To Do Entry),JoinTree_1.CI_TD_ENTRY,ENTRY_STATUS_FLG,,
Bill_Segment_Exception___Domain,Common,1.) To Do Entry,Message Category,JoinTree_1.CI_TD_ENTRY,MESSAGE_CAT_NBR,Dimension,CountAll
Bill_Segment_Exception___Domain,Common,1.) To Do Entry,Message Number,JoinTree_1.CI_TD_ENTRY,MESSAGE_NBR,Dimension,CountAll
Bill_Segment_Exception___Domain,Common,1.) To Do Entry,To Do Role,JoinTree_1.CI_TD_ENTRY,ROLE_ID,,
Bill_Segment_Exception___Domain,Common,1.) To Do Entry,To Do ID,JoinTree_1.CI_TD_ENTRY,TD_ENTRY_ID,,
Bill_Segment_Exception___Domain,Common,1.) To Do Entry,Priority,JoinTree_1.CI_TD_ENTRY,TD_PRIORITY_FLG,,
Bill_Segment_Exception___Domain,Common,1.) To Do Entry,To Do Type,JoinTree_1.CI_TD_ENTRY,TD_TYPE_CD,,
Bill_Segment_Exception___Domain,Common,1.) Account,Access Group,JoinTree_1.CI_ACCT,ACCESS_GRP_CD,,
Bill_Segment_Exception___Domain,Common,1.) Account,Account ID,JoinTree_1.CI_ACCT,ACCT_ID,,
Bill_Segment_Exception___Domain,Common,1.) Account,Account Management Group,JoinTree_1.CI_ACCT,ACCT_MGMT_GRP_CD,,
Bill_Segment_Exception___Domain,Common,1.) Account,Alert Information,JoinTree_1.CI_ACCT,ALERT_INFO,,
Bill_Segment_Exception___Domain,Common,1.) Account,Bill After                    ,JoinTree_1.CI_ACCT,BILL_AFTER_DT,,
Bill_Segment_Exception___Domain,Common,1.) Account,Bill Cycle,JoinTree_1.CI_ACCT,BILL_CYC_CD,,
Bill_Segment_Exception___Domain,Common,1.) Account,Bill Print Intercept,JoinTree_1.CI_ACCT,BILL_PRT_INTERCEPT,,
Bill_Segment_Exception___Domain,Common,1.) Account,Budget Plan,JoinTree_1.CI_ACCT,BUD_PLAN_CD,,
Bill_Segment_Exception___Domain,Common,1.) Account,CIS Division,JoinTree_1.CI_ACCT,CIS_DIVISION,,
Bill_Segment_Exception___Domain,Common,1.) Account,Collection Class,JoinTree_1.CI_ACCT,COLL_CL_CD,,
Bill_Segment_Exception___Domain,Common,1.) Account,Last Credit Review Date,JoinTree_1.CI_ACCT,CR_REVIEW_DT,,
Bill_Segment_Exception___Domain,Common,1.) Account,Currency Code,JoinTree_1.CI_ACCT,CURRENCY_CD,,
Bill_Segment_Exception___Domain,Common,1.) Account,Customer Class,JoinTree_1.CI_ACCT,CUST_CL_CD,,
Bill_Segment_Exception___Domain,Common,1.) Account,Internal Credit Review,JoinTree_1.CI_ACCT,INT_CR_REVIEW_SW,,
Bill_Segment_Exception___Domain,Common,1.) Account,Mailing Premise ID,JoinTree_1.CI_ACCT,MAILING_PREM_ID,,
Bill_Segment_Exception___Domain,Common,1.) Account,No Deposit Review Switch,JoinTree_1.CI_ACCT,NO_DEP_RVW_SW,,
Bill_Segment_Exception___Domain,Common,1.) Account,Postpone Credit Review Until,JoinTree_1.CI_ACCT,POSTPONE_CR_RVW_DT,,
Bill_Segment_Exception___Domain,Common,1.) Account,Protect Bill Cycle,JoinTree_1.CI_ACCT,PROTECT_CYC_SW,,
Bill_Segment_Exception___Domain,Common,1.) Account,Protect Division,JoinTree_1.CI_ACCT,PROTECT_DIV_SW,,
Bill_Segment_Exception___Domain,Common,1.) Account,Protect Mailing Premise,JoinTree_1.CI_ACCT,PROTECT_PREM_SW,,
Bill_Segment_Exception___Domain,Common,1.) Account,Set Up Date,JoinTree_1.CI_ACCT,SETUP_DT,,
Bill_Segment_Exception___Domain,Common,1.) SA (Service Agreement),Account ID,JoinTree_1.CI_SA,ACCT_ID,,
Bill_Segment_Exception___Domain,Common,1.) SA (Service Agreement),Allow Estimates,JoinTree_1.CI_SA,ALLOW_EST_SW,,
Bill_Segment_Exception___Domain,Common,1.) SA (Service Agreement),Business Activity,JoinTree_1.CI_SA,BUS_ACTIVITY_DESC,,
Bill_Segment_Exception___Domain,Common,1.) SA (Service Agreement),Premise ID,JoinTree_1.CI_SA,CHAR_PREM_ID,,
Bill_Segment_Exception___Domain,Common,1.) SA (Service Agreement),CIAC Review Date,JoinTree_1.CI_SA,CIAC_REVIEW_DT,,
Bill_Segment_Exception___Domain,Common,1.) SA (Service Agreement),CIS Division,JoinTree_1.CI_SA,CIS_DIVISION,,
Bill_Segment_Exception___Domain,Common,1.) SA (Service Agreement),Currency Code,JoinTree_1.CI_SA,CURRENCY_CD,,
Bill_Segment_Exception___Domain,Common,1.) SA (Service Agreement),Customer Read,JoinTree_1.CI_SA,CUST_READ_FLG,,
Bill_Segment_Exception___Domain,Common,1.) SA (Service Agreement),End Date,JoinTree_1.CI_SA,END_DT,,
Bill_Segment_Exception___Domain,Common,1.) SA (Service Agreement),Order ID,JoinTree_1.CI_SA,ENRL_ID,,
Bill_Segment_Exception___Domain,Common,1.) SA (Service Agreement),Expire Date,JoinTree_1.CI_SA,EXPIRE_DT,,
Bill_Segment_Exception___Domain,Common,1.) SA (Service Agreement),Maximum Bill Threshold,JoinTree_1.CI_SA,HIGH_BILL_AMT,,CountAll
Bill_Segment_Exception___Domain,Common,1.) SA (Service Agreement),Start Day Option,JoinTree_1.CI_SA,IB_BASE_TM_DAY_FLG,,
Bill_Segment_Exception___Domain,Common,1.) SA (Service Agreement),IB SA Cutoff Time,JoinTree_1.CI_SA,IB_SA_CUTOFF_TM,,
Bill_Segment_Exception___Domain,Common,1.) SA (Service Agreement),Deposit Interest Calculated,JoinTree_1.CI_SA,INT_CALC_DT,,
Bill_Segment_Exception___Domain,Common,1.) SA (Service Agreement),NBB Auto Pay,JoinTree_1.CI_SA,NB_APAY_FLG,,
Bill_Segment_Exception___Domain,Common,1.) SA (Service Agreement),Recommendation Rule,JoinTree_1.CI_SA,NB_RULE_CD,,
Bill_Segment_Exception___Domain,Common,1.) SA (Service Agreement),Number of Payment Periods,JoinTree_1.CI_SA,NBR_PYMNT_PERIODS,Dimension,CountAll
Bill_Segment_Exception___Domain,Common,1.) SA (Service Agreement),Old Account ID,JoinTree_1.CI_SA,OLD_ACCT_ID,,
Bill_Segment_Exception___Domain,Common,1.) SA (Service Agreement),Decline Reason,JoinTree_1.CI_SA,PROP_DCL_RSN_CD,,
Bill_Segment_Exception___Domain,Common,1.) SA (Service Agreement),Proposal SA ID,JoinTree_1.CI_SA,PROP_SA_ID,,
Bill_Segment_Exception___Domain,Common,1.) SA (Service Agreement),Proposal SA Status,JoinTree_1.CI_SA,PROP_SA_STAT_FLG,,
Bill_Segment_Exception___Domain,Common,1.) SA (Service Agreement),Renewal Date,JoinTree_1.CI_SA,RENEWAL_DT,,
Bill_Segment_Exception___Domain,Common,1.) SA (Service Agreement),Service Agreement,JoinTree_1.CI_SA,SA_ID,,
Bill_Segment_Exception___Domain,Common,1.) SA (Service Agreement),SA Relationship ID,JoinTree_1.CI_SA,SA_REL_ID,,
Bill_Segment_Exception___Domain,Common,1.) SA (Service Agreement),SA Status,JoinTree_1.CI_SA,SA_STATUS_FLG,,
Bill_Segment_Exception___Domain,Common,1.) SA (Service Agreement),SA Type,JoinTree_1.CI_SA,SA_TYPE_CD,,
Bill_Segment_Exception___Domain,Common,1.) SA (Service Agreement),SIC,JoinTree_1.CI_SA,SIC_CD,,
Bill_Segment_Exception___Domain,Common,1.) SA (Service Agreement),Special Usage,JoinTree_1.CI_SA,SPECIAL_USAGE_FLG,,
Bill_Segment_Exception___Domain,Common,1.) SA (Service Agreement),Start Date,JoinTree_1.CI_SA,START_DT,,
Bill_Segment_Exception___Domain,Common,1.) SA (Service Agreement),Start Option,JoinTree_1.CI_SA,START_OPT_CD,,
Bill_Segment_Exception___Domain,Common,1.) SA (Service Agreement),Stop Requested By,JoinTree_1.CI_SA,STOP_REQED_BY,,
Bill_Segment_Exception___Domain,Common,1.) SA (Service Agreement),Stop Reason,JoinTree_1.CI_SA,STOP_RSN_FLG,,
Bill_Segment_Exception___Domain,Common,1.) SA (Service Agreement),Start Requested By,JoinTree_1.CI_SA,STRT_REQED_BY,,
Bill_Segment_Exception___Domain,Common,1.) SA (Service Agreement),Start Reason,JoinTree_1.CI_SA,STRT_RSN_FLG,,
Bill_Segment_Exception___Domain,Common,1.) SA (Service Agreement),Total Amount to Bill,JoinTree_1.CI_SA,TOT_TO_BILL_AMT,,CountAll
Bill_Segment_Exception___Domain,Common,1.) Descriptions,Account Management Group Description,JoinTree_1.CI_ACCT_MGMT_GR_L,DESCR,,
Bill_Segment_Exception___Domain,Common,1.) Descriptions,Bill Cycle Description,JoinTree_1.CI_BILL_CYC_L,DESCR,,
Bill_Segment_Exception___Domain,Common,1.) Descriptions,Bill Segment Exception Type Description,JoinTree_1.CI_LOOKUP_VAL_L,DESCR,,
Bill_Segment_Exception___Domain,Common,1.) Descriptions,Budget Plan Description,JoinTree_1.CI_BUD_PLAN_L,DESCR,,
Bill_Segment_Exception___Domain,Common,1.) Descriptions,Collection Class Description,JoinTree_1.CI_COLL_CL_L,DESCR,,
Bill_Segment_Exception___Domain,Common,1.) Descriptions,Customer Class Description,JoinTree_1.CI_CUST_CL_L,DESCR,,
Bill_Segment_Exception___Domain,Common,1.) Descriptions,Priority Description,JoinTree_1.CI_LOOKUP_VAL_L_2,DESCR,,
Bill_Segment_Exception___Domain,Common,1.) Descriptions,SA Status Description,JoinTree_1.CI_LOOKUP_VAL_L_3,DESCR,,
Bill_Segment_Exception___Domain,Common,1.) Descriptions,SA Type Description,JoinTree_1.CI_SA_TYPE_L,DESCR,,
Bill_Segment_Exception___Domain,Common,1.) Descriptions,Status Description (To Do Entry),JoinTree_1.CI_LOOKUP_VAL_L_1,DESCR,,
Bill_Segment_Exception___Domain,Common,1.) Descriptions,To Do Role Description,JoinTree_1.CI_ROLE_L,DESCR,,
Bill_Segment_Exception___Domain,Common,1.) Descriptions,To Do Type Description,JoinTree_1.CI_TD_TYPE_L,DESCR,,
Bill_Segment_Exception___Domain,Common,1.) Formulas,Assign to User (Name),JoinTree_1,ASSIGNED_TO_NAME,,
Bill_Segment_Exception___Domain,Common,1.) Formulas,Assigned By User (Name),JoinTree_1,ASSIGNED_USER_ID_NAME,,
Bill_Segment_Exception___Domain,Common,1.) Formulas,Completed By (Name),JoinTree_1,COMPLETE_USER_ID_NAME,,
Bill_Segment_Exception___Domain,Common,1.) Formulas,Distinct Bill Segment ID,JoinTree_1,BSEG_ID_DIST,,
Bill_Segment_Exception___Domain,Common,1.) Formulas,Distinct To Do ID,JoinTree_1,TD_ENTRY_ID_DIST,,
Bill_Segment_Exception___Domain,Common,1.) Formulas,Name,JoinTree_1.CI_PER_NAME,ENTITY_NAME_UPR,,
Bill_Segment_Exception___Domain,Common,1.) Formulas,Review User (Name),JoinTree_1,REVIEW_USER_ID_NAME,,
Bill_Segment_Exception___Domain,Common,1.) Formulas,User (Name),JoinTree_1,USER_ID_NAME,,
To_Do___Domain,Common,1.) To Do Entry,Assigned Date/Time,JoinTree_1.CI_TD_ENTRY,ASSIGNED_DTTM,,
To_Do___Domain,Common,1.) To Do Entry,Assign to User,JoinTree_1.CI_TD_ENTRY,ASSIGNED_TO,,
To_Do___Domain,Common,1.) To Do Entry,Assigned By User,JoinTree_1.CI_TD_ENTRY,ASSIGNED_USER_ID,,
To_Do___Domain,Common,1.) To Do Entry,Batch Control,JoinTree_1.CI_TD_ENTRY,BATCH_CD,,
To_Do___Domain,Common,1.) To Do Entry,Batch Number,JoinTree_1.CI_TD_ENTRY,BATCH_NBR,Dimension,CountAll
To_Do___Domain,Common,1.) To Do Entry,Comments,JoinTree_1.CI_TD_ENTRY,COMMENTS,,
To_Do___Domain,Common,1.) To Do Entry,Completion Date/Time,JoinTree_1.CI_TD_ENTRY,COMPLETE_DTTM,,
To_Do___Domain,Common,1.) To Do Entry,Completed By,JoinTree_1.CI_TD_ENTRY,COMPLETE_USER_ID,,
To_Do___Domain,Common,1.) To Do Entry,Create Date/Time,JoinTree_1.CI_TD_ENTRY,CRE_DTTM,,
To_Do___Domain,Common,1.) To Do Entry,Status,JoinTree_1.CI_TD_ENTRY,ENTRY_STATUS_FLG,,
To_Do___Domain,Common,1.) To Do Entry,Message Category,JoinTree_1.CI_TD_ENTRY,MESSAGE_CAT_NBR,Dimension,CountAll
To_Do___Domain,Common,1.) To Do Entry,Message Number,JoinTree_1.CI_TD_ENTRY,MESSAGE_NBR,Dimension,CountAll
To_Do___Domain,Common,1.) To Do Entry,To Do Role,JoinTree_1.CI_TD_ENTRY,ROLE_ID,,
To_Do___Domain,Common,1.) To Do Entry,To Do ID,JoinTree_1.CI_TD_ENTRY,TD_ENTRY_ID,,
To_Do___Domain,Common,1.) To Do Entry,Priority,JoinTree_1.CI_TD_ENTRY,TD_PRIORITY_FLG,,
To_Do___Domain,Common,1.) To Do Entry,To Do Type,JoinTree_1.CI_TD_ENTRY,TD_TYPE_CD,,
To_Do___Domain,Common,1.) To Do Entry FK Reference,Account ID,JoinTree_1.CMS_TD_ENTRY_FKREF,ACCT_ID,,
To_Do___Domain,Common,1.) To Do Entry FK Reference,Asset,JoinTree_1.CMS_TD_ENTRY_FKREF,ASSET_ID,,
To_Do___Domain,Common,1.) To Do Entry FK Reference,Contact ID,JoinTree_1.CMS_TD_ENTRY_FKREF,CONTACT_ID,,
To_Do___Domain,Common,1.) To Do Entry FK Reference,Device ID,JoinTree_1.CMS_TD_ENTRY_FKREF,D1_DEVICE_ID,,
To_Do___Domain,Common,1.) To Do Entry FK Reference,Measuring Component ID,JoinTree_1.CMS_TD_ENTRY_FKREF,MEASR_COMP_ID,,
To_Do___Domain,Common,1.) To Do Entry FK Reference,Person ID,JoinTree_1.CMS_TD_ENTRY_FKREF,PER_ID,,
To_Do___Domain,Common,1.) To Do Entry FK Reference,Premise ID,JoinTree_1.CMS_TD_ENTRY_FKREF,PREM_ID,,
To_Do___Domain,Common,1.) To Do Entry FK Reference,Service Agreement,JoinTree_1.CMS_TD_ENTRY_FKREF,SA_ID,,
To_Do___Domain,Common,1.) To Do Entry FK Reference,Service Point ID,JoinTree_1.CMS_TD_ENTRY_FKREF,D1_SP_ID,,
To_Do___Domain,Common,1.) To Do Entry FK Reference,To Do ID,JoinTree_1.CMS_TD_ENTRY_FKREF,TD_ENTRY_ID,,
To_Do___Domain,Common,1.) To Do Entry FK Reference,Usage Subscription,JoinTree_1.CMS_TD_ENTRY_FKREF,US_ID,,
To_Do___Domain,Common,1.) Premise,Address,JoinTree_1.CI_PREM,ADDRESS1,,
To_Do___Domain,Common,1.) Premise,Address Uppercase,JoinTree_1.CI_PREM,ADDRESS1_UPR,,
To_Do___Domain,Common,1.) Premise,Address 2,JoinTree_1.CI_PREM,ADDRESS2,,
To_Do___Domain,Common,1.) Premise,Address 3,JoinTree_1.CI_PREM,ADDRESS3,,
To_Do___Domain,Common,1.) Premise,Address 4,JoinTree_1.CI_PREM,ADDRESS4,,
To_Do___Domain,Common,1.) Premise,CIS Division,JoinTree_1.CI_PREM,CIS_DIVISION,,
To_Do___Domain,Common,1.) Premise,City,JoinTree_1.CI_PREM,CITY,,
To_Do___Domain,Common,1.) Premise,City Uppercase,JoinTree_1.CI_PREM,CITY_UPR,,
To_Do___Domain,Common,1.) Premise,Country,JoinTree_1.CI_PREM,COUNTRY,,
To_Do___Domain,Common,1.) Premise,County,JoinTree_1.CI_PREM,COUNTY,,
To_Do___Domain,Common,1.) Premise,Geographical Code,JoinTree_1.CI_PREM,GEO_CODE,,
To_Do___Domain,Common,1.) Premise,House Type,JoinTree_1.CI_PREM,HOUSE_TYPE,,
To_Do___Domain,Common,1.) Premise,In City Limit,JoinTree_1.CI_PREM,IN_CITY_LIMIT,,
To_Do___Domain,Common,1.) Premise,Key ID,JoinTree_1.CI_PREM,KEY_ID,,
To_Do___Domain,Common,1.) Premise,Key,JoinTree_1.CI_PREM,KEY_SW,,
To_Do___Domain,Common,1.) Premise,Landlord Agreement ID,JoinTree_1.CI_PREM,LL_ID,,
To_Do___Domain,Common,1.) Premise,Life Support / Sensitive Load Details,JoinTree_1.CI_PREM,LS_SL_DESCR,,
To_Do___Domain,Common,1.) Premise,Life Support / Sensitive Load,JoinTree_1.CI_PREM,LS_SL_FLG,,
To_Do___Domain,Common,1.) Premise,Mailing Address,JoinTree_1.CI_PREM,MAIL_ADDR_SW,,
To_Do___Domain,Common,1.) Premise,Meter Read Instruction,JoinTree_1.CI_PREM,MR_INSTR_CD,,
To_Do___Domain,Common,1.) Premise,Instruction Details,JoinTree_1.CI_PREM,MR_INSTR_DETAILS,,
To_Do___Domain,Common,1.) Premise,Meter Read Warning,JoinTree_1.CI_PREM,MR_WARN_CD,,
To_Do___Domain,Common,1.) Premise,Number 1,JoinTree_1.CI_PREM,NUM1,,
To_Do___Domain,Common,1.) Premise,Number 2,JoinTree_1.CI_PREM,NUM2,,
To_Do___Domain,Common,1.) Premise,OK to Enter,JoinTree_1.CI_PREM,OK_TO_ENTER_SW,,
To_Do___Domain,Common,1.) Premise,Postal,JoinTree_1.CI_PREM,POSTAL,,
To_Do___Domain,Common,1.) Premise,Premise ID,JoinTree_1.CI_PREM,PREM_ID,,
To_Do___Domain,Common,1.) Premise,Premise Type,JoinTree_1.CI_PREM,PREM_TYPE_CD,,
To_Do___Domain,Common,1.) Premise,Parent Premise ID,JoinTree_1.CI_PREM,PRNT_PREM_ID,,
To_Do___Domain,Common,1.) Premise,State,JoinTree_1.CI_PREM,STATE,,
To_Do___Domain,Common,1.) Premise,Time Zone,JoinTree_1.CI_PREM,TIME_ZONE_CD,,
To_Do___Domain,Common,1.) Premise,Trend Area,JoinTree_1.CI_PREM,TREND_AREA_CD,,
To_Do___Domain,Common,1.) Formulas,Assigned Duration (in days),JoinTree_1.CMS_TD_ENTRY_TIMES,ASSIGNED_TM_DAYS,,
To_Do___Domain,Common,1.) Formulas,Assigned Duration (in minutes),JoinTree_1.CMS_TD_ENTRY_TIMES,ASSIGNED_TM_MINS,,
To_Do___Domain,Common,1.) Formulas,Assigned By User (Name),JoinTree_1,ASSIGNED_USER_ID_NAME,,
To_Do___Domain,Common,1.) Formulas,Assign to User (Name),JoinTree_1,ASSIGNED_TO_NAME,,
To_Do___Domain,Common,1.) Formulas,Completed By (Name),JoinTree_1,COMPLETE_USER_ID_NAME,,
To_Do___Domain,Common,1.) Formulas,Completion Duration (in days),JoinTree_1.CMS_TD_ENTRY_TIMES,COMPLETE_TM_DAYS,,
To_Do___Domain,Common,1.) Formulas,Completion Duration (in minutes),JoinTree_1.CMS_TD_ENTRY_TIMES,COMPLETE_TM_MINS,,
To_Do___Domain,Common,1.) Formulas,Days Old,JoinTree_1,DAYS_OLD,,
To_Do___Domain,Common,1.) Formulas,Distinct To Do ID,JoinTree_1,TD_ENTRY_ID_DISTINCT,,
To_Do___Domain,Common,1.) Formulas,Message Text,JoinTree_1.CI_MSG_L,MESSAGE_TEXT,,
To_Do___Domain,Common,1.) Formulas,Name,JoinTree_1.CI_PER_NAME,ENTITY_NAME_UPR,,
To_Do___Domain,Common,1.) Formulas,Postal (First Five),JoinTree_1,POSTAL_5,,
To_Do___Domain,Common,1.) Formulas,Unassigned Duration (in days),JoinTree_1.CMS_TD_ENTRY_TIMES,UNASSIGNED_TM_DAYS,,
To_Do___Domain,Common,1.) Formulas,Unassigned Duration (in minutes),JoinTree_1.CMS_TD_ENTRY_TIMES,UNASSIGNED_TM_MINS,,
To_Do___Domain,Common,1.) Descriptions,Meter Read Instruction Description,JoinTree_1.CI_MR_INSTR_L,DESCR,,
To_Do___Domain,Common,1.) Descriptions,Meter Read Warning Description,JoinTree_1.CI_MR_WARN_L,DESCR,,
To_Do___Domain,Common,1.) Descriptions,Premise Type Description,JoinTree_1.CI_PREM_TYPE_L,DESCR,,
To_Do___Domain,Common,1.) Descriptions,State Description,JoinTree_1.CI_STATE_L,DESCR,,
To_Do___Domain,Common,1.) Descriptions,Status Description,JoinTree_1.CI_LOOKUP_VAL_L,DESCR,,
To_Do___Domain,Common,1.) Descriptions,Time Zone Description,JoinTree_1.CI_TIME_ZONE_L,DESCR,,
To_Do___Domain,Common,1.) Descriptions,To Do Type Description,JoinTree_1.CI_TD_TYPE_L,DESCR,,
To_Do___Domain,Common,1.) Descriptions,To Do Role Description,JoinTree_1.CI_ROLE_L,DESCR,,
To_Do___Domain,Common,1.) Descriptions,Trend Area Description,JoinTree_1.CI_TREND_AREA_L,DESCR,,
Usage_Transaction_Exception___Domain,Common,1.) Usage Transaction Exception,Status (Usage Transaction Exception),JoinTree_1.D1_USAGE_EXCP,BO_STATUS_CD,,
Usage_Transaction_Exception___Domain,Common,1.) Usage Transaction Exception,Business Object (Usage Transaction Exception),JoinTree_1.D1_USAGE_EXCP,BUS_OBJ_CD,,
Usage_Transaction_Exception___Domain,Common,1.) Usage Transaction Exception,Create Date/Time (Usage Transaction Exception),JoinTree_1.D1_USAGE_EXCP,CRE_DTTM,,
Usage_Transaction_Exception___Domain,Common,1.) Usage Transaction Exception,Usage Transaction ID,JoinTree_1.D1_USAGE_EXCP,D1_USAGE_ID,,
Usage_Transaction_Exception___Domain,Common,1.) Usage Transaction Exception,Exception Severity,JoinTree_1.D1_USAGE_EXCP,EXCP_SEVERITY_FLG,,
Usage_Transaction_Exception___Domain,Common,1.) Usage Transaction Exception,Exception Status,JoinTree_1.D1_USAGE_EXCP,OPEN_CLOSE_FLG,,
Usage_Transaction_Exception___Domain,Common,1.) Usage Transaction Exception,Status Date/Time (Usage Transaction Exception),JoinTree_1.D1_USAGE_EXCP,STATUS_UPD_DTTM,,
Usage_Transaction_Exception___Domain,Common,1.) Usage Transaction Exception,Usage Transaction Exception,JoinTree_1.D1_USAGE_EXCP,USAGE_EXCP_ID,,
Usage_Transaction_Exception___Domain,Common,1.) Usage Transaction Exception,Exception Type,JoinTree_1.D1_USAGE_EXCP,USAGE_EXCP_TYPE_CD,,
Usage_Transaction_Exception___Domain,Common,1.) Usage Transaction Exception,Calculation Group,JoinTree_1.D1_USAGE_EXCP,USG_GRP_CD,,
Usage_Transaction_Exception___Domain,Common,1.) Usage Transaction Exception,Calculation Rule,JoinTree_1.D1_USAGE_EXCP,USG_RULE_CD,,
Usage_Transaction_Exception___Domain,Common,1.) To Do Entry,Assigned Date/Time,JoinTree_1.CI_TD_ENTRY,ASSIGNED_DTTM,,
Usage_Transaction_Exception___Domain,Common,1.) To Do Entry,Assign to User,JoinTree_1.CI_TD_ENTRY,ASSIGNED_TO,,
Usage_Transaction_Exception___Domain,Common,1.) To Do Entry,Assigned By User,JoinTree_1.CI_TD_ENTRY,ASSIGNED_USER_ID,,
Usage_Transaction_Exception___Domain,Common,1.) To Do Entry,Batch Control,JoinTree_1.CI_TD_ENTRY,BATCH_CD,,
Usage_Transaction_Exception___Domain,Common,1.) To Do Entry,Batch Number,JoinTree_1.CI_TD_ENTRY,BATCH_NBR,Dimension,CountAll
Usage_Transaction_Exception___Domain,Common,1.) To Do Entry,Comments,JoinTree_1.CI_TD_ENTRY,COMMENTS,,
Usage_Transaction_Exception___Domain,Common,1.) To Do Entry,Completion Date/Time,JoinTree_1.CI_TD_ENTRY,COMPLETE_DTTM,,
Usage_Transaction_Exception___Domain,Common,1.) To Do Entry,Completed By,JoinTree_1.CI_TD_ENTRY,COMPLETE_USER_ID,,
Usage_Transaction_Exception___Domain,Common,1.) To Do Entry,Create Date/Time (To Do Entry),JoinTree_1.CI_TD_ENTRY,CRE_DTTM,,
Usage_Transaction_Exception___Domain,Common,1.) To Do Entry,Status (To Do Entry),JoinTree_1.CI_TD_ENTRY,ENTRY_STATUS_FLG,,
Usage_Transaction_Exception___Domain,Common,1.) To Do Entry,Message Category,JoinTree_1.CI_TD_ENTRY,MESSAGE_CAT_NBR,Dimension,CountAll
Usage_Transaction_Exception___Domain,Common,1.) To Do Entry,Message Number,JoinTree_1.CI_TD_ENTRY,MESSAGE_NBR,Dimension,CountAll
Usage_Transaction_Exception___Domain,Common,1.) To Do Entry,To Do Role,JoinTree_1.CI_TD_ENTRY,ROLE_ID,,
Usage_Transaction_Exception___Domain,Common,1.) To Do Entry,To Do ID,JoinTree_1.CI_TD_ENTRY,TD_ENTRY_ID,,
Usage_Transaction_Exception___Domain,Common,1.) To Do Entry,Priority,JoinTree_1.CI_TD_ENTRY,TD_PRIORITY_FLG,,
Usage_Transaction_Exception___Domain,Common,1.) To Do Entry,To Do Type,JoinTree_1.CI_TD_ENTRY,TD_TYPE_CD,,
Usage_Transaction_Exception___Domain,Common,1.) Service Point - MDM,Access Group,JoinTree_1.D1_SP,ACCESS_GRP_CD,,
Usage_Transaction_Exception___Domain,Common,1.) Service Point - MDM,Address,JoinTree_1.D1_SP,ADDRESS1,,
Usage_Transaction_Exception___Domain,Common,1.) Service Point - MDM,Address Line 1 Upper Case,JoinTree_1.D1_SP,ADDRESS1_UPPER,,
Usage_Transaction_Exception___Domain,Common,1.) Service Point - MDM,Address 2,JoinTree_1.D1_SP,ADDRESS2,,
Usage_Transaction_Exception___Domain,Common,1.) Service Point - MDM,Address 3,JoinTree_1.D1_SP,ADDRESS3,,
Usage_Transaction_Exception___Domain,Common,1.) Service Point - MDM,Address 4,JoinTree_1.D1_SP,ADDRESS4,,
Usage_Transaction_Exception___Domain,Common,1.) Service Point - MDM,Status (Service Point - MDM),JoinTree_1.D1_SP,BO_STATUS_CD,,
Usage_Transaction_Exception___Domain,Common,1.) Service Point - MDM,Status Reason,JoinTree_1.D1_SP,BO_STATUS_REASON_CD,,
Usage_Transaction_Exception___Domain,Common,1.) Service Point - MDM,Business Object (Service Point - MDM),JoinTree_1.D1_SP,BUS_OBJ_CD,,
Usage_Transaction_Exception___Domain,Common,1.) Service Point - MDM,City,JoinTree_1.D1_SP,CITY,,
Usage_Transaction_Exception___Domain,Common,1.) Service Point - MDM,City Upper Case,JoinTree_1.D1_SP,CITY_UPPER,,
Usage_Transaction_Exception___Domain,Common,1.) Service Point - MDM,Country,JoinTree_1.D1_SP,COUNTRY,,
Usage_Transaction_Exception___Domain,Common,1.) Service Point - MDM,County,JoinTree_1.D1_SP,COUNTY,,
Usage_Transaction_Exception___Domain,Common,1.) Service Point - MDM,Create Date/Time (Service Point - MDM),JoinTree_1.D1_SP,CRE_DTTM,,
Usage_Transaction_Exception___Domain,Common,1.) Service Point - MDM,Geographic Latitude,JoinTree_1.D1_SP,D1_GEO_LAT,Dimension,CountAll
Usage_Transaction_Exception___Domain,Common,1.) Service Point - MDM,Geographic Longitude,JoinTree_1.D1_SP,D1_GEO_LONG,Dimension,CountAll
Usage_Transaction_Exception___Domain,Common,1.) Service Point - MDM,Description,JoinTree_1.D1_SP,D1_LS_SL_DESCR,,
Usage_Transaction_Exception___Domain,Common,1.) Service Point - MDM,Life Support / Sensitive Load Details,JoinTree_1.D1_SP,D1_LS_SL_DESCR,,
Usage_Transaction_Exception___Domain,Common,1.) Service Point - MDM,Life Support / Sensitive Load,JoinTree_1.D1_SP,D1_LS_SL_FLG,,
Usage_Transaction_Exception___Domain,Common,1.) Service Point - MDM,Service Point ID,JoinTree_1.D1_SP,D1_SP_ID,,
Usage_Transaction_Exception___Domain,Common,1.) Service Point - MDM,Service Point Type,JoinTree_1.D1_SP,D1_SP_TYPE_CD,,
Usage_Transaction_Exception___Domain,Common,1.) Service Point - MDM,Disconnect Location,JoinTree_1.D1_SP,DISCONN_LOC_FLG,,
Usage_Transaction_Exception___Domain,Common,1.) Service Point - MDM,Division,JoinTree_1.D1_SP,DIVISION_CD,,
Usage_Transaction_Exception___Domain,Common,1.) Service Point - MDM,Geographical Code,JoinTree_1.D1_SP,GEO_CODE,,
Usage_Transaction_Exception___Domain,Common,1.) Service Point - MDM,House Type,JoinTree_1.D1_SP,HOUSE_TYPE,,
Usage_Transaction_Exception___Domain,Common,1.) Service Point - MDM,In City Limit,JoinTree_1.D1_SP,IN_CITY_LIMIT,,
Usage_Transaction_Exception___Domain,Common,1.) Service Point - MDM,Market,JoinTree_1.D1_SP,MKT_CD,,
Usage_Transaction_Exception___Domain,Common,1.) Service Point - MDM,Measurement Cycle,JoinTree_1.D1_SP,MSRMT_CYC_CD,,
Usage_Transaction_Exception___Domain,Common,1.) Service Point - MDM,Route,JoinTree_1.D1_SP,MSRMT_CYC_RTE_CD,,
Usage_Transaction_Exception___Domain,Common,1.) Service Point - MDM,Sequence,JoinTree_1.D1_SP,MSRMT_CYC_RTE_SEQ,Dimension,CountAll
Usage_Transaction_Exception___Domain,Common,1.) Service Point - MDM,Number 1,JoinTree_1.D1_SP,NUM1,,
Usage_Transaction_Exception___Domain,Common,1.) Service Point - MDM,Number 2,JoinTree_1.D1_SP,NUM2,,
Usage_Transaction_Exception___Domain,Common,1.) Service Point - MDM,Postal,JoinTree_1.D1_SP,POSTAL,,
Usage_Transaction_Exception___Domain,Common,1.) Service Point - MDM,Source Status,JoinTree_1.D1_SP,SP_SRC_STAT_FLG,,
Usage_Transaction_Exception___Domain,Common,1.) Service Point - MDM,State,JoinTree_1.D1_SP,STATE,,
Usage_Transaction_Exception___Domain,Common,1.) Service Point - MDM,Status Date/Time (Service Point - MDM),JoinTree_1.D1_SP,STATUS_UPD_DTTM,,
Usage_Transaction_Exception___Domain,Common,1.) Service Point - MDM,Time Zone,JoinTree_1.D1_SP,TIME_ZONE_CD,,
Usage_Transaction_Exception___Domain,Common,1.) Descriptions,Access Group Description,JoinTree_1.CI_ACC_GRP_L,DESCR,,
Usage_Transaction_Exception___Domain,Common,1.) Descriptions,Business Object Description (Usage Transaction Exception),JoinTree_1.F1_BUS_OBJ_L,DESCR,,
Usage_Transaction_Exception___Domain,Common,1.) Descriptions,Business Object Description (Service Point - MDM),JoinTree_1.F1_BUS_OBJ_L_1,DESCR,,
Usage_Transaction_Exception___Domain,Common,1.) Descriptions,Calculation Group Description,JoinTree_1.D1_USG_GRP_L,DESCR100,,
Usage_Transaction_Exception___Domain,Common,1.) Descriptions,Calculation Rule Description,JoinTree_1.D1_USG_RULE_L,DESCR100,,
Usage_Transaction_Exception___Domain,Common,1.) Descriptions,Disconnect Location Description,JoinTree_1.CI_LOOKUP_VAL_L_4,DESCR,,
Usage_Transaction_Exception___Domain,Common,1.) Descriptions,Division Description,JoinTree_1.D1_DIVISION_L,DESCR100,,
Usage_Transaction_Exception___Domain,Common,1.) Descriptions,Exception Severity Description,JoinTree_1.CI_LOOKUP_VAL_L,DESCR,,
Usage_Transaction_Exception___Domain,Common,1.) Descriptions,Exception Status Description,JoinTree_1.CI_LOOKUP_VAL_L_1,DESCR,,
Usage_Transaction_Exception___Domain,Common,1.) Descriptions,Exception Type Description,JoinTree_1.D1_USAGE_EXCP_TYPE_L,DESCR100,,
Usage_Transaction_Exception___Domain,Common,1.) Descriptions,Measurement Cycle Description,JoinTree_1.D1_MSRMT_CYC_L,DESCR100,,
Usage_Transaction_Exception___Domain,Common,1.) Descriptions,Priority Description,JoinTree_1.CI_LOOKUP_VAL_L_3,DESCR,,
Usage_Transaction_Exception___Domain,Common,1.) Descriptions,Route Description,JoinTree_1.D1_MSRMT_CYC_RTE_L,DESCR100,,
Usage_Transaction_Exception___Domain,Common,1.) Descriptions,Service Point Type Description,JoinTree_1.D1_SP_TYPE_L,DESCR100,,
Usage_Transaction_Exception___Domain,Common,1.) Descriptions,Source Status Description,JoinTree_1.CI_LOOKUP_VAL_L_5,DESCR,,
Usage_Transaction_Exception___Domain,Common,1.) Descriptions,Status Description (To Do Entry),JoinTree_1.CI_LOOKUP_VAL_L_2,DESCR,,
Usage_Transaction_Exception___Domain,Common,1.) Descriptions,Status Description (Service Point - MDM),JoinTree_1.F1_BUS_OBJ_STATUS_L,DESCR,,
Usage_Transaction_Exception___Domain,Common,1.) Descriptions,Time Zone Description,JoinTree_1.CI_TIME_ZONE_L,DESCR,,
Usage_Transaction_Exception___Domain,Common,1.) Descriptions,To Do Role Description,JoinTree_1.CI_ROLE_L,DESCR,,
Usage_Transaction_Exception___Domain,Common,1.) Descriptions,To Do Type Description,JoinTree_1.CI_TD_TYPE_L,DESCR,,
Usage_Transaction_Exception___Domain,Common,1.) Formulas,Assign to User (Name),JoinTree_1,ASSIGNED_TO_NAME,,
Usage_Transaction_Exception___Domain,Common,1.) Formulas,Assigned By User (Name),JoinTree_1,ASSIGNED_USER_ID_NAME,,
Usage_Transaction_Exception___Domain,Common,1.) Formulas,Completed By (Name),JoinTree_1,COMPLETE_USER_ID_NAME,,
Usage_Transaction_Exception___Domain,Common,1.) Formulas,Distint To Do ID,JoinTree_1,TD_ENTRY_ID_DIST,,
Usage_Transaction_Exception___Domain,Common,1.) Formulas,Name,JoinTree_1.CI_PER_NAME,ENTITY_NAME_UPR,,
Usage_Transaction_Exception___Domain,Common,1.) Formulas,Distinct Usage Transaction Exception,JoinTree_1,USAGE_EXCP_ID_DIST,,
VEE_Exception___Domain,Common,1.) VEE Exception,Status (VEE Exception),JoinTree_1.D1_VEE_EXCP,BO_STATUS_CD,,
VEE_Exception___Domain,Common,1.) VEE Exception,Status Reason,JoinTree_1.D1_VEE_EXCP,BO_STATUS_REASON_CD,,
VEE_Exception___Domain,Common,1.) VEE Exception,Business Object (VEE Exception),JoinTree_1.D1_VEE_EXCP,BUS_OBJ_CD,,
VEE_Exception___Domain,Common,1.) VEE Exception,Create Date/Time (VEE Exception),JoinTree_1.D1_VEE_EXCP,CRE_DTTM,,
VEE_Exception___Domain,Common,1.) VEE Exception,Exception Severity,JoinTree_1.D1_VEE_EXCP,EXCP_SEVERITY_FLG,,
VEE_Exception___Domain,Common,1.) VEE Exception,Exception Type,JoinTree_1.D1_VEE_EXCP,EXCP_TYPE_CD,,
VEE_Exception___Domain,Common,1.) VEE Exception,Initial Measurement Data ID,JoinTree_1.D1_VEE_EXCP,INIT_MSRMT_DATA_ID,,
VEE_Exception___Domain,Common,1.) VEE Exception,Exception Status,JoinTree_1.D1_VEE_EXCP,OPEN_CLOSE_FLG,,
VEE_Exception___Domain,Common,1.) VEE Exception,Status Date/Time (VEE Exception),JoinTree_1.D1_VEE_EXCP,STATUS_UPD_DTTM,,
VEE_Exception___Domain,Common,1.) VEE Exception,VEE Exception ID,JoinTree_1.D1_VEE_EXCP,VEE_EXCP_ID,,
VEE_Exception___Domain,Common,1.) VEE Exception,VEE Group,JoinTree_1.D1_VEE_EXCP,VEE_GRP_CD,,
VEE_Exception___Domain,Common,1.) VEE Exception,VEE Rule,JoinTree_1.D1_VEE_EXCP,VEE_RULE_CD,,
VEE_Exception___Domain,Common,1.) To Do Entry,Assigned Date/Time,JoinTree_1.CI_TD_ENTRY,ASSIGNED_DTTM,,
VEE_Exception___Domain,Common,1.) To Do Entry,Assign to User,JoinTree_1.CI_TD_ENTRY,ASSIGNED_TO,,
VEE_Exception___Domain,Common,1.) To Do Entry,Assigned By User,JoinTree_1.CI_TD_ENTRY,ASSIGNED_USER_ID,,
VEE_Exception___Domain,Common,1.) To Do Entry,Batch Control,JoinTree_1.CI_TD_ENTRY,BATCH_CD,,
VEE_Exception___Domain,Common,1.) To Do Entry,Batch Number,JoinTree_1.CI_TD_ENTRY,BATCH_NBR,Dimension,CountAll
VEE_Exception___Domain,Common,1.) To Do Entry,Comments,JoinTree_1.CI_TD_ENTRY,COMMENTS,,
VEE_Exception___Domain,Common,1.) To Do Entry,Completion Date/Time,JoinTree_1.CI_TD_ENTRY,COMPLETE_DTTM,,
VEE_Exception___Domain,Common,1.) To Do Entry,Completed By,JoinTree_1.CI_TD_ENTRY,COMPLETE_USER_ID,,
VEE_Exception___Domain,Common,1.) To Do Entry,Create Date/Time (To Do Entry),JoinTree_1.CI_TD_ENTRY,CRE_DTTM,,
VEE_Exception___Domain,Common,1.) To Do Entry,Status (To Do Entry),JoinTree_1.CI_TD_ENTRY,ENTRY_STATUS_FLG,,
VEE_Exception___Domain,Common,1.) To Do Entry,Message Category,JoinTree_1.CI_TD_ENTRY,MESSAGE_CAT_NBR,Dimension,CountAll
VEE_Exception___Domain,Common,1.) To Do Entry,Message Number,JoinTree_1.CI_TD_ENTRY,MESSAGE_NBR,Dimension,CountAll
VEE_Exception___Domain,Common,1.) To Do Entry,To Do Role,JoinTree_1.CI_TD_ENTRY,ROLE_ID,,
VEE_Exception___Domain,Common,1.) To Do Entry,To Do ID,JoinTree_1.CI_TD_ENTRY,TD_ENTRY_ID,,
VEE_Exception___Domain,Common,1.) To Do Entry,Priority,JoinTree_1.CI_TD_ENTRY,TD_PRIORITY_FLG,,
VEE_Exception___Domain,Common,1.) To Do Entry,To Do Type,JoinTree_1.CI_TD_ENTRY,TD_TYPE_CD,,
VEE_Exception___Domain,Common,1.) Service Point - MDM,Access Group,JoinTree_1.D1_SP,ACCESS_GRP_CD,,
VEE_Exception___Domain,Common,1.) Service Point - MDM,Address,JoinTree_1.D1_SP,ADDRESS1,,
VEE_Exception___Domain,Common,1.) Service Point - MDM,Address Line 1 Upper Case,JoinTree_1.D1_SP,ADDRESS1_UPPER,,
VEE_Exception___Domain,Common,1.) Service Point - MDM,Address 2,JoinTree_1.D1_SP,ADDRESS2,,
VEE_Exception___Domain,Common,1.) Service Point - MDM,Address 3,JoinTree_1.D1_SP,ADDRESS3,,
VEE_Exception___Domain,Common,1.) Service Point - MDM,Address 4,JoinTree_1.D1_SP,ADDRESS4,,
VEE_Exception___Domain,Common,1.) Service Point - MDM,Status (Service Point - MDM),JoinTree_1.D1_SP,BO_STATUS_CD,,
VEE_Exception___Domain,Common,1.) Service Point - MDM,Status Reason,JoinTree_1.D1_SP,BO_STATUS_REASON_CD,,
VEE_Exception___Domain,Common,1.) Service Point - MDM,Business Object  (Service Point - MDM),JoinTree_1.D1_SP,BUS_OBJ_CD,,
VEE_Exception___Domain,Common,1.) Service Point - MDM,City,JoinTree_1.D1_SP,CITY,,
VEE_Exception___Domain,Common,1.) Service Point - MDM,City Upper Case,JoinTree_1.D1_SP,CITY_UPPER,,
VEE_Exception___Domain,Common,1.) Service Point - MDM,Country,JoinTree_1.D1_SP,COUNTRY,,
VEE_Exception___Domain,Common,1.) Service Point - MDM,County,JoinTree_1.D1_SP,COUNTY,,
VEE_Exception___Domain,Common,1.) Service Point - MDM,Create Date/Time (Service Point - MDM),JoinTree_1.D1_SP,CRE_DTTM,,
VEE_Exception___Domain,Common,1.) Service Point - MDM,Geographic Latitude,JoinTree_1.D1_SP,D1_GEO_LAT,Dimension,CountAll
VEE_Exception___Domain,Common,1.) Service Point - MDM,Geographic Longitude,JoinTree_1.D1_SP,D1_GEO_LONG,Dimension,CountAll
VEE_Exception___Domain,Common,1.) Service Point - MDM,Life Support / Sensitive Load Details,JoinTree_1.D1_SP,D1_LS_SL_DESCR,,
VEE_Exception___Domain,Common,1.) Service Point - MDM,Life Support / Sensitive Load,JoinTree_1.D1_SP,D1_LS_SL_FLG,,
VEE_Exception___Domain,Common,1.) Service Point - MDM,Service Point ID,JoinTree_1.D1_SP,D1_SP_ID,,
VEE_Exception___Domain,Common,1.) Service Point - MDM,Service Point Type,JoinTree_1.D1_SP,D1_SP_TYPE_CD,,
VEE_Exception___Domain,Common,1.) Service Point - MDM,Disconnect Location,JoinTree_1.D1_SP,DISCONN_LOC_FLG,,
VEE_Exception___Domain,Common,1.) Service Point - MDM,Division,JoinTree_1.D1_SP,DIVISION_CD,,
VEE_Exception___Domain,Common,1.) Service Point - MDM,Geographical Code,JoinTree_1.D1_SP,GEO_CODE,,
VEE_Exception___Domain,Common,1.) Service Point - MDM,House Type,JoinTree_1.D1_SP,HOUSE_TYPE,,
VEE_Exception___Domain,Common,1.) Service Point - MDM,In City Limit,JoinTree_1.D1_SP,IN_CITY_LIMIT,,
VEE_Exception___Domain,Common,1.) Service Point - MDM,Market,JoinTree_1.D1_SP,MKT_CD,,
VEE_Exception___Domain,Common,1.) Service Point - MDM,Measurement Cycle,JoinTree_1.D1_SP,MSRMT_CYC_CD,,
VEE_Exception___Domain,Common,1.) Service Point - MDM,Route,JoinTree_1.D1_SP,MSRMT_CYC_RTE_CD,,
VEE_Exception___Domain,Common,1.) Service Point - MDM,Sequence,JoinTree_1.D1_SP,MSRMT_CYC_RTE_SEQ,Dimension,CountAll
VEE_Exception___Domain,Common,1.) Service Point - MDM,Number 1,JoinTree_1.D1_SP,NUM1,,
VEE_Exception___Domain,Common,1.) Service Point - MDM,Number 2,JoinTree_1.D1_SP,NUM2,,
VEE_Exception___Domain,Common,1.) Service Point - MDM,Postal,JoinTree_1.D1_SP,POSTAL,,
VEE_Exception___Domain,Common,1.) Service Point - MDM,Source Status,JoinTree_1.D1_SP,SP_SRC_STAT_FLG,,
VEE_Exception___Domain,Common,1.) Service Point - MDM,State,JoinTree_1.D1_SP,STATE,,
VEE_Exception___Domain,Common,1.) Service Point - MDM,Status Date/Time (Service Point - MDM),JoinTree_1.D1_SP,STATUS_UPD_DTTM,,
VEE_Exception___Domain,Common,1.) Service Point - MDM,Time Zone,JoinTree_1.D1_SP,TIME_ZONE_CD,,
VEE_Exception___Domain,Common,1.) Descriptions,Business Object Description (Service Point - MDM),JoinTree_1.F1_BUS_OBJ_L_1,DESCR,,
VEE_Exception___Domain,Common,1.) Descriptions,Business Object Description (VEE Exception),JoinTree_1.F1_BUS_OBJ_L,DESCR,,
VEE_Exception___Domain,Common,1.) Descriptions,Disconnect Location Description,JoinTree_1.CI_LOOKUP_VAL_L_3,DESCR,,
VEE_Exception___Domain,Common,1.) Descriptions,Exception Status Description,JoinTree_1.CI_LOOKUP_VAL_L_1,DESCR,,
VEE_Exception___Domain,Common,1.) Descriptions,Exception Severity Description,JoinTree_1.CI_LOOKUP_VAL_L,DESCR,,
VEE_Exception___Domain,Common,1.) Descriptions,Exception Type Description,JoinTree_1.D1_EXCP_TYPE_L,DESCR100,,
VEE_Exception___Domain,Common,1.) Descriptions,Market Description,JoinTree_1.D1_MKT_L,DESCR100,,
VEE_Exception___Domain,Common,1.) Descriptions,Measurement Cycle Description,JoinTree_1.D1_MSRMT_CYC_L,DESCR100,,
VEE_Exception___Domain,Common,1.) Descriptions,Priority Description,JoinTree_1.CI_LOOKUP_VAL_L_5,DESCR,,
VEE_Exception___Domain,Common,1.) Descriptions,Route Description,JoinTree_1.D1_MSRMT_CYC_RTE_L,DESCR100,,
VEE_Exception___Domain,Common,1.) Descriptions,Service Point Type Description,JoinTree_1.D1_SP_TYPE_L,DESCR100,,
VEE_Exception___Domain,Common,1.) Descriptions,Source Status Description,JoinTree_1.CI_LOOKUP_VAL_L_4,DESCR,,
VEE_Exception___Domain,Common,1.) Descriptions,Status Description (Service Point - MDM),JoinTree_1.F1_BUS_OBJ_STATUS_L_1,DESCR,,
VEE_Exception___Domain,Common,1.) Descriptions,Status Description (To Do Entry),JoinTree_1.CI_LOOKUP_VAL_L_6,DESCR,,
VEE_Exception___Domain,Common,1.) Descriptions,Status Description (VEE Exception),JoinTree_1.F1_BUS_OBJ_STATUS_L,DESCR,,
VEE_Exception___Domain,Common,1.) Descriptions,Time Zone Description,JoinTree_1.CI_TIME_ZONE_L,DESCR,,
VEE_Exception___Domain,Common,1.) Descriptions,To Do Role Description,JoinTree_1.CI_ROLE_L,DESCR,,
VEE_Exception___Domain,Common,1.) Descriptions,To Do Type Description,JoinTree_1.CI_TD_TYPE_L,DESCR,,
VEE_Exception___Domain,Common,1.) Descriptions,VEE Group Description,JoinTree_1.D1_VEE_GRP_L,DESCR100,,
VEE_Exception___Domain,Common,1.) Descriptions,VEE Rule Exception,JoinTree_1.D1_VEE_RULE_L,DESCR100,,
VEE_Exception___Domain,Common,1.) Formulas,Assign to User (Name),JoinTree_1,ASSIGNED_TO_NAME,,
VEE_Exception___Domain,Common,1.) Formulas,Assigned By User (Name),JoinTree_1,ASSIGNED_USER_ID_NAME,,
VEE_Exception___Domain,Common,1.) Formulas,Completed By (Name),JoinTree_1,COMPLETED_USER_ID_NAME,,
VEE_Exception___Domain,Common,1.) Formulas,Distinct To Do ID,JoinTree_1,TD_ENTRY_ID_DISTINCT,,
VEE_Exception___Domain,Common,1.) Formulas,Name,JoinTree_1.CMS_PER_NAME,ENTITY_NAME_UPR,,
VEE_Exception___Domain,Common,1.) Formulas,Distinct VEE Exception ID ,JoinTree_1,VEE_EXCP_ID_DISTINCT,,
Account_Alert___Domain,Customer Operations,1.) Account,Access Group,JoinTree_1.CI_ACCT,ACCESS_GRP_CD,,
Account_Alert___Domain,Customer Operations,1.) Account,Account ID,JoinTree_1.CI_ACCT,ACCT_ID,,
Account_Alert___Domain,Customer Operations,1.) Account,Account Management Group,JoinTree_1.CI_ACCT,ACCT_MGMT_GRP_CD,,
Account_Alert___Domain,Customer Operations,1.) Account,Alert Information,JoinTree_1.CI_ACCT,ALERT_INFO,,
Account_Alert___Domain,Customer Operations,1.) Account,Bill After                    ,JoinTree_1.CI_ACCT,BILL_AFTER_DT,,
Account_Alert___Domain,Customer Operations,1.) Account,Bill Cycle,JoinTree_1.CI_ACCT,BILL_CYC_CD,,
Account_Alert___Domain,Customer Operations,1.) Account,Bill Print Intercept,JoinTree_1.CI_ACCT,BILL_PRT_INTERCEPT,,
Account_Alert___Domain,Customer Operations,1.) Account,Budget Plan,JoinTree_1.CI_ACCT,BUD_PLAN_CD,,
Account_Alert___Domain,Customer Operations,1.) Account,Collection Class,JoinTree_1.CI_ACCT,COLL_CL_CD,,
Account_Alert___Domain,Customer Operations,1.) Account,Last Credit Review Date,JoinTree_1.CI_ACCT,CR_REVIEW_DT,,
Account_Alert___Domain,Customer Operations,1.) Account,Currency Code,JoinTree_1.CI_ACCT,CURRENCY_CD,,
Account_Alert___Domain,Customer Operations,1.) Account,Customer Class,JoinTree_1.CI_ACCT,CUST_CL_CD,,
Account_Alert___Domain,Customer Operations,1.) Account,Internal Credit Review,JoinTree_1.CI_ACCT,INT_CR_REVIEW_SW,,
Account_Alert___Domain,Customer Operations,1.) Account,Mailing Premise ID,JoinTree_1.CI_ACCT,MAILING_PREM_ID,,
Account_Alert___Domain,Customer Operations,1.) Account,No Deposit Review Switch,JoinTree_1.CI_ACCT,NO_DEP_RVW_SW,,
Account_Alert___Domain,Customer Operations,1.) Account,Postpone Credit Review Until,JoinTree_1.CI_ACCT,POSTPONE_CR_RVW_DT,,
Account_Alert___Domain,Customer Operations,1.) Account,Protect Bill Cycle,JoinTree_1.CI_ACCT,PROTECT_CYC_SW,,
Account_Alert___Domain,Customer Operations,1.) Account,Protect Division,JoinTree_1.CI_ACCT,PROTECT_DIV_SW,,
Account_Alert___Domain,Customer Operations,1.) Account,Protect Mailing Premise,JoinTree_1.CI_ACCT,PROTECT_PREM_SW,,
Account_Alert___Domain,Customer Operations,1.) Account,Set Up Date,JoinTree_1.CI_ACCT,SETUP_DT,,
Account_Alert___Domain,Customer Operations,1.) Account Alert,Account ID,JoinTree_1.CI_ACCT_ALERT,ACCT_ID,,
Account_Alert___Domain,Customer Operations,1.) Account Alert,Alert Type,JoinTree_1.CI_ACCT_ALERT,ALERT_TYPE_CD,,
Account_Alert___Domain,Customer Operations,1.) Account Alert,End Date,JoinTree_1.CI_ACCT_ALERT,END_DT,,
Account_Alert___Domain,Customer Operations,1.) Account Alert,Start Date,JoinTree_1.CI_ACCT_ALERT,START_DT,,
Account_Alert___Domain,Customer Operations,1.) Descriptions,Alert Type Description,JoinTree_1.CI_ALERT_TYPE_L,DESCR80,,
Account_Alert___Domain,Customer Operations,1.) Descriptions,Bill Cycle Description,JoinTree_1.CI_BILL_CYC_L,DESCR,,
Account_Alert___Domain,Customer Operations,1.) Descriptions,Budget Plan Description,JoinTree_1.CI_BUD_PLAN_L,DESCR,,
Account_Alert___Domain,Customer Operations,1.) Descriptions,CIS Division Description,JoinTree_1.CI_CIS_DIVISION_L,DESCR,,
Account_Alert___Domain,Customer Operations,1.) Descriptions,Collection Class Description,JoinTree_1.CI_COLL_CL_L,DESCR,,
Account_Alert___Domain,Customer Operations,1.) Descriptions,Customer Class Description,JoinTree_1.CI_CUST_CL_L,DESCR,,
Account_Alert___Domain,Customer Operations,1.) Formulas,Bill Print Intercept (Name),JoinTree_1,BILL_PRT_INTERCEPT_NAME,,
Account_Alert___Domain,Customer Operations,1.) Formulas,Distinct Account ID,JoinTree_1,ACCT_ID_DISTINCT,,
Account_Alert___Domain,Customer Operations,1.) Formulas,Distinct Account Alert,JoinTree_1,ACCT_ALERT_DISTINCT,,
Account_Alert___Domain,Customer Operations,1.) Formulas,Effective,JoinTree_1,IS_EFFECTIVE,,
Account_Alert___Domain,Customer Operations,1.) Formulas,Name,JoinTree_1.CI_PER_NAME,ENTITY_NAME_UPR,,
Account_Alert___Domain,Customer Operations,2.) Billing vs GL Recon,Bill Segment ID,JoinTree_1.CI_BSEG,BSEG_ID,,
Account_Alert___Domain,Customer Operations,2.) Billing vs GL Recon,SA Status,JoinTree_1.CI_SA,SA_STATUS_FLG,,
Account_Alert___Domain,Customer Operations,2.) Billing vs GL Recon,Bill Route Type,JoinTree_1.CI_ACCT_PER,BILL_RTE_TYPE_CD,,
Account_Alert___Domain,Customer Operations,2.) Billing vs GL Recon,Bill Segment Start Date,JoinTree_1.CI_BSEG,START_DT,,
Account_Alert___Domain,Customer Operations,2.) Billing vs GL Recon,Description on Bill,JoinTree_1.CI_BSEG_CALC,DESCR_ON_BILL,,
Account_Alert___Domain,Customer Operations,2.) Billing vs GL Recon,Calculated Amount,JoinTree_1.CI_BSEG_CALC,CALC_AMT,,
Account_Alert___Domain,Customer Operations,2.) Billing vs GL Recon,GL Amount (Sum),JoinTree_1,GL_AMOUNT_SUM,,
Account_Alert___Domain,Customer Operations,2.) Billing vs GL Recon,GL Distribution Code,JoinTree_1.FT_GL_SUMMARY,DST_ID,,
Account_Alert___Domain,Customer Operations,2.) Billing vs GL Recon,GL Account,JoinTree_1.FT_GL_SUMMARY,GL_ACCT,,
Account_Alert___Domain,Customer Operations,2.) Billing vs GL Recon,Accounting Date,JoinTree_1.FT_GL_SUMMARY,ACCOUNTING_DT,,
Account_Alert___Domain,Customer Operations,2.) Billing vs GL Recon,Contact Value,JoinTree_1.C1_PER_CONTDET,CONTACT_VALUE,,
Account_Alert___Domain,Customer Operations,2.) Billing vs GL Recon,Communication Type,JoinTree_1.C1_PER_CONTDET,COMM_RTE_TYPE_CD,,
Account_Alert___Domain,Customer Operations,2.) Billing vs GL Recon,Contact Active/Inactive,JoinTree_1.C1_PER_CONTDET,CND_ACTINACT_FLG,,
Account_Alert___Domain,Customer Operations,2.) Financial Formulas,GL Amount (Sum),JoinTree_1,GL_AMOUNT_SUM,,
Account_Alert___Domain,Customer Operations,2.) Financial Formulas,GL Variance,JoinTree_1,GL_VARIANCE,,
C_Side___Domain,Customer Operations,1.) Person,Address,JoinTree_1.CI_PER,ADDRESS1,,
C_Side___Domain,Customer Operations,1.) Person,Address 2,JoinTree_1.CI_PER,ADDRESS2,,
C_Side___Domain,Customer Operations,1.) Person,Address 3,JoinTree_1.CI_PER,ADDRESS3,,
C_Side___Domain,Customer Operations,1.) Person,Address 4,JoinTree_1.CI_PER,ADDRESS4,,
C_Side___Domain,Customer Operations,1.) Person,City,JoinTree_1.CI_PER,CITY,,
C_Side___Domain,Customer Operations,1.) Person,Country,JoinTree_1.CI_PER,COUNTRY,,
C_Side___Domain,Customer Operations,1.) Person,County,JoinTree_1.CI_PER,COUNTY,,
C_Side___Domain,Customer Operations,1.) Person,Email Address,JoinTree_1.CI_PER,EMAILID,,
C_Side___Domain,Customer Operations,1.) Person,Geographical Code,JoinTree_1.CI_PER,GEO_CODE,,
C_Side___Domain,Customer Operations,1.) Person,House Type,JoinTree_1.CI_PER,HOUSE_TYPE,,
C_Side___Domain,Customer Operations,1.) Person,In City Limit,JoinTree_1.CI_PER,IN_CITY_LIMIT,,
C_Side___Domain,Customer Operations,1.) Person,Language,JoinTree_1.CI_PER,LANGUAGE_CD,,
C_Side___Domain,Customer Operations,1.) Person,Life Support / Sensitive Load Details,JoinTree_1.CI_PER,LS_SL_DESCR,,
C_Side___Domain,Customer Operations,1.) Person,Life Support / Sensitive Load,JoinTree_1.CI_PER,LS_SL_FLG,,
C_Side___Domain,Customer Operations,1.) Person,Number 1,JoinTree_1.CI_PER,NUM1,,
C_Side___Domain,Customer Operations,1.) Person,Number 2,JoinTree_1.CI_PER,NUM2,,
C_Side___Domain,Customer Operations,1.) Person,Name 1,JoinTree_1.CI_PER,OVRD_MAIL_NAME1,,
C_Side___Domain,Customer Operations,1.) Person,Name 2,JoinTree_1.CI_PER,OVRD_MAIL_NAME2,,
C_Side___Domain,Customer Operations,1.) Person,Name 3,JoinTree_1.CI_PER,OVRD_MAIL_NAME3,,
C_Side___Domain,Customer Operations,1.) Person,Person ID,JoinTree_1.CI_PER,PER_ID,,
C_Side___Domain,Customer Operations,1.) Person,Person/Business,JoinTree_1.CI_PER,PER_OR_BUS_FLG,,
C_Side___Domain,Customer Operations,1.) Person,Postal,JoinTree_1.CI_PER,POSTAL,,
C_Side___Domain,Customer Operations,1.) Person,Web Self Service Marketing Info,JoinTree_1.CI_PER,RECV_MKTG_INFO_FLG,,
C_Side___Domain,Customer Operations,1.) Person,State,JoinTree_1.CI_PER,STATE,,
C_Side___Domain,Customer Operations,1.) Person,Time Zone,JoinTree_1.CI_PER,TIME_ZONE_CD,,
C_Side___Domain,Customer Operations,1.) Account,Access Group,JoinTree_1.CI_ACCT,ACCESS_GRP_CD,,
C_Side___Domain,Customer Operations,1.) Account,Account ID,JoinTree_1.CI_ACCT,ACCT_ID,,
C_Side___Domain,Customer Operations,1.) Account,Account Management Group,JoinTree_1.CI_ACCT,ACCT_MGMT_GRP_CD,,
C_Side___Domain,Customer Operations,1.) Account,Alert Information,JoinTree_1.CI_ACCT,ALERT_INFO,,
C_Side___Domain,Customer Operations,1.) Account,Bill After                    ,JoinTree_1.CI_ACCT,BILL_AFTER_DT,,
C_Side___Domain,Customer Operations,1.) Account,Bill Cycle,JoinTree_1.CI_ACCT,BILL_CYC_CD,,
C_Side___Domain,Customer Operations,1.) Account,Bill Print Intercept,JoinTree_1.CI_ACCT,BILL_PRT_INTERCEPT,,
C_Side___Domain,Customer Operations,1.) Account,Budget Plan,JoinTree_1.CI_ACCT,BUD_PLAN_CD,,
C_Side___Domain,Customer Operations,1.) Account,Collection Class,JoinTree_1.CI_ACCT,COLL_CL_CD,,
C_Side___Domain,Customer Operations,1.) Account,Last Credit Review Date,JoinTree_1.CI_ACCT,CR_REVIEW_DT,,
C_Side___Domain,Customer Operations,1.) Account,Currency Code,JoinTree_1.CI_ACCT,CURRENCY_CD,,
C_Side___Domain,Customer Operations,1.) Account,Customer Class,JoinTree_1.CI_ACCT,CUST_CL_CD,,
C_Side___Domain,Customer Operations,1.) Account,Internal Credit Review,JoinTree_1.CI_ACCT,INT_CR_REVIEW_SW,,
C_Side___Domain,Customer Operations,1.) Account,Mailing Premise ID,JoinTree_1.CI_ACCT,MAILING_PREM_ID,,
C_Side___Domain,Customer Operations,1.) Account,No Deposit Review Switch,JoinTree_1.CI_ACCT,NO_DEP_RVW_SW,,
C_Side___Domain,Customer Operations,1.) Account,Postpone Credit Review Until,JoinTree_1.CI_ACCT,POSTPONE_CR_RVW_DT,,
C_Side___Domain,Customer Operations,1.) Account,Protect Bill Cycle,JoinTree_1.CI_ACCT,PROTECT_CYC_SW,,
C_Side___Domain,Customer Operations,1.) Account,Protect Division,JoinTree_1.CI_ACCT,PROTECT_DIV_SW,,
C_Side___Domain,Customer Operations,1.) Account,Protect Mailing Premise,JoinTree_1.CI_ACCT,PROTECT_PREM_SW,,
C_Side___Domain,Customer Operations,1.) Account,Set Up Date,JoinTree_1.CI_ACCT,SETUP_DT,,
C_Side___Domain,Customer Operations,1.) SA (Service Agreement),Account ID,JoinTree_1.CI_SA,ACCT_ID,,
C_Side___Domain,Customer Operations,1.) SA (Service Agreement),Allow Estimates,JoinTree_1.CI_SA,ALLOW_EST_SW,,
C_Side___Domain,Customer Operations,1.) SA (Service Agreement),Business Activity,JoinTree_1.CI_SA,BUS_ACTIVITY_DESC,,
C_Side___Domain,Customer Operations,1.) SA (Service Agreement),Premise ID,JoinTree_1.CI_SA,CHAR_PREM_ID,,
C_Side___Domain,Customer Operations,1.) SA (Service Agreement),CIAC Review Date,JoinTree_1.CI_SA,CIAC_REVIEW_DT,,
C_Side___Domain,Customer Operations,1.) SA (Service Agreement),CIS Division,JoinTree_1.CI_SA,CIS_DIVISION,,
C_Side___Domain,Customer Operations,1.) SA (Service Agreement),Currency Code,JoinTree_1.CI_SA,CURRENCY_CD,,
C_Side___Domain,Customer Operations,1.) SA (Service Agreement),Customer Read,JoinTree_1.CI_SA,CUST_READ_FLG,,
C_Side___Domain,Customer Operations,1.) SA (Service Agreement),End Date,JoinTree_1.CI_SA,END_DT,,
C_Side___Domain,Customer Operations,1.) SA (Service Agreement),Order ID,JoinTree_1.CI_SA,ENRL_ID,,
C_Side___Domain,Customer Operations,1.) SA (Service Agreement),Expire Date,JoinTree_1.CI_SA,EXPIRE_DT,,
C_Side___Domain,Customer Operations,1.) SA (Service Agreement),Maximum Bill Threshold,JoinTree_1.CI_SA,HIGH_BILL_AMT,,
C_Side___Domain,Customer Operations,1.) SA (Service Agreement),Start Day Option,JoinTree_1.CI_SA,IB_BASE_TM_DAY_FLG,,
C_Side___Domain,Customer Operations,1.) SA (Service Agreement),IB SA Cutoff Time,JoinTree_1.CI_SA,IB_SA_CUTOFF_TM,,
C_Side___Domain,Customer Operations,1.) SA (Service Agreement),Deposit Interest Calculated,JoinTree_1.CI_SA,INT_CALC_DT,,
C_Side___Domain,Customer Operations,1.) SA (Service Agreement),NBB Auto Pay,JoinTree_1.CI_SA,NB_APAY_FLG,,
C_Side___Domain,Customer Operations,1.) SA (Service Agreement),Recommendation Rule,JoinTree_1.CI_SA,NB_RULE_CD,,
C_Side___Domain,Customer Operations,1.) SA (Service Agreement),Number of Payment Periods,JoinTree_1.CI_SA,NBR_PYMNT_PERIODS,,
C_Side___Domain,Customer Operations,1.) SA (Service Agreement),Old Account ID,JoinTree_1.CI_SA,OLD_ACCT_ID,,
C_Side___Domain,Customer Operations,1.) SA (Service Agreement),Decline Reason,JoinTree_1.CI_SA,PROP_DCL_RSN_CD,,
C_Side___Domain,Customer Operations,1.) SA (Service Agreement),Proposal SA ID,JoinTree_1.CI_SA,PROP_SA_ID,,
C_Side___Domain,Customer Operations,1.) SA (Service Agreement),Proposal SA Status,JoinTree_1.CI_SA,PROP_SA_STAT_FLG,,
C_Side___Domain,Customer Operations,1.) SA (Service Agreement),Renewal Date,JoinTree_1.CI_SA,RENEWAL_DT,,
C_Side___Domain,Customer Operations,1.) SA (Service Agreement),Service Agreement,JoinTree_1.CI_SA,SA_ID,,
C_Side___Domain,Customer Operations,1.) SA (Service Agreement),SA Relationship ID,JoinTree_1.CI_SA,SA_REL_ID,,
C_Side___Domain,Customer Operations,1.) SA (Service Agreement),SA Status,JoinTree_1.CI_SA,SA_STATUS_FLG,,
C_Side___Domain,Customer Operations,1.) SA (Service Agreement),SA Type,JoinTree_1.CI_SA,SA_TYPE_CD,,
C_Side___Domain,Customer Operations,1.) SA (Service Agreement),SIC,JoinTree_1.CI_SA,SIC_CD,,
C_Side___Domain,Customer Operations,1.) SA (Service Agreement),Special Usage,JoinTree_1.CI_SA,SPECIAL_USAGE_FLG,,
C_Side___Domain,Customer Operations,1.) SA (Service Agreement),Start Date,JoinTree_1.CI_SA,START_DT,,
C_Side___Domain,Customer Operations,1.) SA (Service Agreement),Start Option,JoinTree_1.CI_SA,START_OPT_CD,,
C_Side___Domain,Customer Operations,1.) SA (Service Agreement),Stop Requested By,JoinTree_1.CI_SA,STOP_REQED_BY,,
C_Side___Domain,Customer Operations,1.) SA (Service Agreement),Stop Reason,JoinTree_1.CI_SA,STOP_RSN_FLG,,
C_Side___Domain,Customer Operations,1.) SA (Service Agreement),Start Requested By,JoinTree_1.CI_SA,STRT_REQED_BY,,
C_Side___Domain,Customer Operations,1.) SA (Service Agreement),Start Reason,JoinTree_1.CI_SA,STRT_RSN_FLG,,
C_Side___Domain,Customer Operations,1.) SA (Service Agreement),Total Amount to Bill,JoinTree_1.CI_SA,TOT_TO_BILL_AMT,,
C_Side___Domain,Customer Operations,1.) SA Type,Debt Class,JoinTree_1.CI_SA_TYPE,DEBT_CL_CD,,
C_Side___Domain,Customer Operations,1.) SA Type,Deposit Class,JoinTree_1.CI_SA_TYPE,DEP_CL_CD,,
C_Side___Domain,Customer Operations,1.) SA Type,Revenue Class,JoinTree_1.CI_SA_TYPE,REV_CL_CD,,
C_Side___Domain,Customer Operations,1.) SA Type,Special Role,JoinTree_1.CI_SA_TYPE,SPECIAL_ROLE_FLG,,
C_Side___Domain,Customer Operations,1.) SA Type,Service Type,JoinTree_1.CI_SA_TYPE,SVC_TYPE_CD,,
C_Side___Domain,Customer Operations,1.) SA Type,Write Off Debt Class,JoinTree_1.CI_SA_TYPE,WO_DEBT_CL_CD,,
C_Side___Domain,Customer Operations,1.) Descriptions,Bill Cycle Description,JoinTree_1.CI_BILL_CYC_L,DESCR,,
C_Side___Domain,Customer Operations,1.) Descriptions,Budget Plan Description,JoinTree_1.CI_BUD_PLAN_L,DESCR,,
C_Side___Domain,Customer Operations,1.) Descriptions,CIS Division Description,JoinTree_1.CI_CIS_DIVISION_L,DESCR,,
C_Side___Domain,Customer Operations,1.) Descriptions,Collection Class Description,JoinTree_1.CI_COLL_CL_L,DESCR,,
C_Side___Domain,Customer Operations,1.) Descriptions,Customer Class Description,JoinTree_1.CI_CUST_CL_L,DESCR,,
C_Side___Domain,Customer Operations,1.) Descriptions,Debt Class Description,JoinTree_1.CI_DEBT_CL_L,DESCR,,
C_Side___Domain,Customer Operations,1.) Descriptions,Decline Reason Description,JoinTree_1.CI_PROP_DCL_RSN_L,DESCR,,
C_Side___Domain,Customer Operations,1.) Descriptions,Deposit Class Description,JoinTree_1.CI_DEP_CL_L,DESCR,,
C_Side___Domain,Customer Operations,1.) Descriptions,Person/Business,JoinTree_1.CI_LOOKUP_VAL_L_6,DESCR,,
C_Side___Domain,Customer Operations,1.) Descriptions,Proposal SA Status Description,JoinTree_1.CI_LOOKUP_VAL_L,DESCR,,
C_Side___Domain,Customer Operations,1.) Descriptions,Recommendation Rule Description,JoinTree_1.CI_NB_RULE_L,DESCR,,
C_Side___Domain,Customer Operations,1.) Descriptions,Revenue Class Description,JoinTree_1.CI_REV_CL_L,DESCR,,
C_Side___Domain,Customer Operations,1.) Descriptions,SA Status Description,JoinTree_1.CI_LOOKUP_VAL_L_1,DESCR,,
C_Side___Domain,Customer Operations,1.) Descriptions,SA Type Description,JoinTree_1.CI_SA_TYPE_L,DESCR,,
C_Side___Domain,Customer Operations,1.) Descriptions,Service Type Description,JoinTree_1.CI_SVC_TYPE_L,DESCR,,
C_Side___Domain,Customer Operations,1.) Descriptions,SIC Description,JoinTree_1.CI_SIC_L,DESCR,,
C_Side___Domain,Customer Operations,1.) Descriptions,Special Role Description,JoinTree_1.CI_LOOKUP_VAL_L_5,DESCR,,
C_Side___Domain,Customer Operations,1.) Descriptions,Special Usage Description,JoinTree_1.CI_LOOKUP_VAL_L_2,DESCR,,
C_Side___Domain,Customer Operations,1.) Descriptions,Start Option Description,JoinTree_1.CI_SS_OPT_L,DESCR90,,
C_Side___Domain,Customer Operations,1.) Descriptions,Start Reason Description,JoinTree_1.CI_LOOKUP_VAL_L_3,DESCR,,
C_Side___Domain,Customer Operations,1.) Descriptions,Stop Reason Description,JoinTree_1.CI_LOOKUP_VAL_L_4,DESCR,,
C_Side___Domain,Customer Operations,1.) Descriptions,Write Off Debt Class Description,JoinTree_1.CI_WO_DEBT_CL_L,DESCR,,
C_Side___Domain,Customer Operations,1.) Formulas,Bill Print Intercept (Name),JoinTree_1,BILL_PRT_INTERCEPT_NAME,,
C_Side___Domain,Customer Operations,1.) Formulas,Current Amount,JoinTree_1.CM_FT_BAL,CUR_AMT,,
C_Side___Domain,Customer Operations,1.) Formulas,Distinct Account ID,JoinTree_1,ACCT_ID_DISTINCT,,
C_Side___Domain,Customer Operations,1.) Formulas,Distinct Person ID,JoinTree_1,PER_ID_DISTINCT,,
C_Side___Domain,Customer Operations,1.) Formulas,Distinct SA ID,JoinTree_1,SA_ID_DISTINCT,,
C_Side___Domain,Customer Operations,1.) Formulas,Payoff Amount,JoinTree_1.CM_FT_BAL,TOT_AMT,,
C_Side___Domain,Customer Operations,1.) Formulas,Name,JoinTree_1.CI_PER_NAME,ENTITY_NAME_UPR,,
Case___Domain,Customer Operations,1.) Case,Account ID,JoinTree_1.CI_CASE,ACCT_ID,,
Case___Domain,Customer Operations,1.) Case,Person Contact,JoinTree_1.CI_CASE,C1_CONTACT_ID,,
Case___Domain,Customer Operations,1.) Case,Case Condition,JoinTree_1.CI_CASE,CASE_COND_FLG,,
Case___Domain,Customer Operations,1.) Case,Case ID,JoinTree_1.CI_CASE,CASE_ID,,
Case___Domain,Customer Operations,1.) Case,Status (Case),JoinTree_1.CI_CASE,CASE_STATUS_CD,,
Case___Domain,Customer Operations,1.) Case,Case Type,JoinTree_1.CI_CASE,CASE_TYPE_CD,,
Case___Domain,Customer Operations,1.) Case,Comments,JoinTree_1.CI_CASE,COMMENT_LONG,,
Case___Domain,Customer Operations,1.) Case,Contact Instructions,JoinTree_1.CI_CASE,CONTACT_INSTR,,
Case___Domain,Customer Operations,1.) Case,Preferred Contact Method,JoinTree_1.CI_CASE,CONTACT_METH_FLG,,
Case___Domain,Customer Operations,1.) Case,Contact Person,JoinTree_1.CI_CASE,CONTACT_PER_ID,,
Case___Domain,Customer Operations,1.) Case,Extension,JoinTree_1.CI_CASE,EXTENSION,,
Case___Domain,Customer Operations,1.) Case,Person ID,JoinTree_1.CI_CASE,PER_ID,,
Case___Domain,Customer Operations,1.) Case,Phone Number,JoinTree_1.CI_CASE,PHONE,,
Case___Domain,Customer Operations,1.) Case,Phone Type,JoinTree_1.CI_CASE,PHONE_TYPE_CD,,
Case___Domain,Customer Operations,1.) Case,Premise ID,JoinTree_1.CI_CASE,PREM_ID,,
Case___Domain,Customer Operations,1.) Case,Responsible User,JoinTree_1.CI_CASE,USER_ID,,
Case___Domain,Customer Operations,1.) Account,Access Group,JoinTree_1.CI_ACCT,ACCESS_GRP_CD,,
Case___Domain,Customer Operations,1.) Account,Account ID,JoinTree_1.CI_ACCT,ACCT_ID,,
Case___Domain,Customer Operations,1.) Account,Account Management Group,JoinTree_1.CI_ACCT,ACCT_MGMT_GRP_CD,,
Case___Domain,Customer Operations,1.) Account,Alert Information,JoinTree_1.CI_ACCT,ALERT_INFO,,
Case___Domain,Customer Operations,1.) Account,Bill After                    ,JoinTree_1.CI_ACCT,BILL_AFTER_DT,,
Case___Domain,Customer Operations,1.) Account,Bill Cycle,JoinTree_1.CI_ACCT,BILL_CYC_CD,,
Case___Domain,Customer Operations,1.) Account,Bill Print Intercept,JoinTree_1.CI_ACCT,BILL_PRT_INTERCEPT,,
Case___Domain,Customer Operations,1.) Account,Budget Plan,JoinTree_1.CI_ACCT,BUD_PLAN_CD,,
Case___Domain,Customer Operations,1.) Account,CIS Division,JoinTree_1.CI_ACCT,CIS_DIVISION,,
Case___Domain,Customer Operations,1.) Account,Collection Class,JoinTree_1.CI_ACCT,COLL_CL_CD,,
Case___Domain,Customer Operations,1.) Account,Last Credit Review Date,JoinTree_1.CI_ACCT,CR_REVIEW_DT,,
Case___Domain,Customer Operations,1.) Account,Currency Code,JoinTree_1.CI_ACCT,CURRENCY_CD,,
Case___Domain,Customer Operations,1.) Account,Customer Class,JoinTree_1.CI_ACCT,CUST_CL_CD,,
Case___Domain,Customer Operations,1.) Account,Internal Credit Review,JoinTree_1.CI_ACCT,INT_CR_REVIEW_SW,,
Case___Domain,Customer Operations,1.) Account,Mailing Premise ID,JoinTree_1.CI_ACCT,MAILING_PREM_ID,,
Case___Domain,Customer Operations,1.) Account,No Deposit Review Switch,JoinTree_1.CI_ACCT,NO_DEP_RVW_SW,,
Case___Domain,Customer Operations,1.) Account,Postpone Credit Review Until,JoinTree_1.CI_ACCT,POSTPONE_CR_RVW_DT,,
Case___Domain,Customer Operations,1.) Account,Protect Bill Cycle,JoinTree_1.CI_ACCT,PROTECT_CYC_SW,,
Case___Domain,Customer Operations,1.) Account,Protect Division,JoinTree_1.CI_ACCT,PROTECT_DIV_SW,,
Case___Domain,Customer Operations,1.) Account,Protect Mailing Premise,JoinTree_1.CI_ACCT,PROTECT_PREM_SW,,
Case___Domain,Customer Operations,1.) Account,Set Up Date,JoinTree_1.CI_ACCT,SETUP_DT,,
Case___Domain,Customer Operations,1.) Premise,Address,JoinTree_1.CI_PREM,ADDRESS1,,
Case___Domain,Customer Operations,1.) Premise,Address Uppercase,JoinTree_1.CI_PREM,ADDRESS1_UPR,,
Case___Domain,Customer Operations,1.) Premise,Address 2,JoinTree_1.CI_PREM,ADDRESS2,,
Case___Domain,Customer Operations,1.) Premise,Address 3,JoinTree_1.CI_PREM,ADDRESS3,,
Case___Domain,Customer Operations,1.) Premise,Address 4,JoinTree_1.CI_PREM,ADDRESS4,,
Case___Domain,Customer Operations,1.) Premise,CIS Division,JoinTree_1.CI_PREM,CIS_DIVISION,,
Case___Domain,Customer Operations,1.) Premise,City,JoinTree_1.CI_PREM,CITY,,
Case___Domain,Customer Operations,1.) Premise,City Uppercase,JoinTree_1.CI_PREM,CITY_UPR,,
Case___Domain,Customer Operations,1.) Premise,Country,JoinTree_1.CI_PREM,COUNTRY,,
Case___Domain,Customer Operations,1.) Premise,County,JoinTree_1.CI_PREM,COUNTY,,
Case___Domain,Customer Operations,1.) Premise,Geographical Code,JoinTree_1.CI_PREM,GEO_CODE,,
Case___Domain,Customer Operations,1.) Premise,House Type,JoinTree_1.CI_PREM,HOUSE_TYPE,,
Case___Domain,Customer Operations,1.) Premise,In City Limit,JoinTree_1.CI_PREM,IN_CITY_LIMIT,,
Case___Domain,Customer Operations,1.) Premise,Key ID,JoinTree_1.CI_PREM,KEY_ID,,
Case___Domain,Customer Operations,1.) Premise,Key,JoinTree_1.CI_PREM,KEY_SW,,
Case___Domain,Customer Operations,1.) Premise,Landlord Agreement ID,JoinTree_1.CI_PREM,LL_ID,,
Case___Domain,Customer Operations,1.) Premise,Life Support / Sensitive Load Details,JoinTree_1.CI_PREM,LS_SL_DESCR,,
Case___Domain,Customer Operations,1.) Premise,Life Support / Sensitive Load,JoinTree_1.CI_PREM,LS_SL_FLG,,
Case___Domain,Customer Operations,1.) Premise,Mailing Address,JoinTree_1.CI_PREM,MAIL_ADDR_SW,,
Case___Domain,Customer Operations,1.) Premise,Meter Read Instruction,JoinTree_1.CI_PREM,MR_INSTR_CD,,
Case___Domain,Customer Operations,1.) Premise,Instruction Details,JoinTree_1.CI_PREM,MR_INSTR_DETAILS,,
Case___Domain,Customer Operations,1.) Premise,Meter Read Warning,JoinTree_1.CI_PREM,MR_WARN_CD,,
Case___Domain,Customer Operations,1.) Premise,Number 1,JoinTree_1.CI_PREM,NUM1,,
Case___Domain,Customer Operations,1.) Premise,Number 2,JoinTree_1.CI_PREM,NUM2,,
Case___Domain,Customer Operations,1.) Premise,OK to Enter,JoinTree_1.CI_PREM,OK_TO_ENTER_SW,,
Case___Domain,Customer Operations,1.) Premise,Postal,JoinTree_1.CI_PREM,POSTAL,,
Case___Domain,Customer Operations,1.) Premise,Premise ID,JoinTree_1.CI_PREM,PREM_ID,,
Case___Domain,Customer Operations,1.) Premise,Premise Type,JoinTree_1.CI_PREM,PREM_TYPE_CD,,
Case___Domain,Customer Operations,1.) Premise,Parent Premise ID,JoinTree_1.CI_PREM,PRNT_PREM_ID,,
Case___Domain,Customer Operations,1.) Premise,State,JoinTree_1.CI_PREM,STATE,,
Case___Domain,Customer Operations,1.) Premise,Time Zone,JoinTree_1.CI_PREM,TIME_ZONE_CD,,
Case___Domain,Customer Operations,1.) Premise,Trend Area,JoinTree_1.CI_PREM,TREND_AREA_CD,,
Case___Domain,Customer Operations,1.) Descriptions,Account Management Group Description,JoinTree_1.CI_ACCT_MGMT_GR_L,DESCR,,
Case___Domain,Customer Operations,1.) Descriptions,Bill Cycle Description,JoinTree_1.CI_BILL_CYC_L,DESCR,,
Case___Domain,Customer Operations,1.) Descriptions,Budget Plan Description,JoinTree_1.CI_BUD_PLAN_L,DESCR,,
Case___Domain,Customer Operations,1.) Descriptions,Case Condition Description,JoinTree_1.CI_LOOKUP_VAL_L,DESCR,,
Case___Domain,Customer Operations,1.) Descriptions,Status Description (Case),JoinTree_1.CI_CASE_STATUS_L,STATUS_LBL,,
Case___Domain,Customer Operations,1.) Descriptions,Case Type Description,JoinTree_1.CI_CASE_TYPE_L,DESCR,,
Case___Domain,Customer Operations,1.) Descriptions,Collection Class Description,JoinTree_1.CI_COLL_CL_L,DESCR,,
Case___Domain,Customer Operations,1.) Descriptions,Customer Class Description,JoinTree_1.CI_CUST_CL_L,DESCR,,
Case___Domain,Customer Operations,1.) Descriptions,Meter Read Instruction Description,JoinTree_1.CI_MR_INSTR_L,DESCR,,
Case___Domain,Customer Operations,1.) Descriptions,Meter Read Warning Description,JoinTree_1.CI_MR_WARN_L,DESCR,,
Case___Domain,Customer Operations,1.) Descriptions,Premise Type Description,JoinTree_1.CI_PREM_TYPE_L,DESCR,,
Case___Domain,Customer Operations,1.) Descriptions,Phone Type Description,JoinTree_1.CI_PHONE_TYPE_L,DESCR,,
Case___Domain,Customer Operations,1.) Descriptions,Time Zone Description,JoinTree_1.CI_TIME_ZONE_L,DESCR,,
Case___Domain,Customer Operations,1.) Descriptions,Trend Area Description,JoinTree_1.CI_TREND_AREA_L,DESCR,,
Case___Domain,Customer Operations,1.) Formulas,Case Duration (in Days),JoinTree_1,CASE_DUR_DAYS,,
Case___Domain,Customer Operations,1.) Formulas,Case Duration (in minutes),JoinTree_1.CMS_CI_CASE_VW,CASE_DUR,,
Case___Domain,Customer Operations,1.) Formulas,Closed Date/Time,JoinTree_1.CMS_CI_CASE_VW,CLOSED_DTTM,,
Case___Domain,Customer Operations,1.) Formulas,Create Date/Time,JoinTree_1.CMS_CI_CASE_VW,CASE_CRE_DTTM,,
Case___Domain,Customer Operations,1.) Formulas,Distinct Account ID,JoinTree_1,ACCT_ID_DISTINCT,,
Case___Domain,Customer Operations,1.) Formulas,Distinct Case ID,JoinTree_1,CASE_ID_DISTINCT,,
Case___Domain,Customer Operations,1.) Formulas,Distinct Person ID,JoinTree_1,PER_ID_DISTINCT,,
Case___Domain,Customer Operations,1.) Formulas,Distinct Premise ID,JoinTree_1,PREM_ID_DISTINCT,,
Case___Domain,Customer Operations,1.) Formulas,Name,JoinTree_1.CI_PER_NAME,ENTITY_NAME_UPR,,
Case___Domain,Customer Operations,1.) Formulas,Responsible User (Name),JoinTree_1,USER_NAME,,
Case___Domain,Customer Operations,2.) Case Log,Account ID,JoinTree_4.CMS_CI_CASE_LOG_VW,ACCT_ID,,
Case___Domain,Customer Operations,2.) Case Log,Case ID,JoinTree_4.CMS_CI_CASE_LOG_VW,CASE_ID,,
Case___Domain,Customer Operations,2.) Case Log,Log Type,JoinTree_4.CMS_CI_CASE_LOG_VW,CASE_LOG_TYPE_FLG,,
Case___Domain,Customer Operations,2.) Case Log,Status,JoinTree_4.CMS_CI_CASE_LOG_VW,CASE_STATUS_CD,,
Case___Domain,Customer Operations,2.) Case Log,Case Type,JoinTree_4.CMS_CI_CASE_LOG_VW,CASE_TYPE_CD,,
Case___Domain,Customer Operations,2.) Case Log,Date / Time,JoinTree_4.CMS_CI_CASE_LOG_VW,LOG_DTTM,,
Case___Domain,Customer Operations,2.) Case Log,Person ID,JoinTree_4.CMS_CI_CASE_LOG_VW,PER_ID,,
Case___Domain,Customer Operations,2.) Case Log,Premise ID,JoinTree_4.CMS_CI_CASE_LOG_VW,PREM_ID,,
Case___Domain,Customer Operations,2.) Case Log,Previous Case Status,JoinTree_4.CMS_CI_CASE_LOG_VW,PREV_CASE_STATUS_CD,,
Case___Domain,Customer Operations,2.) Case Log,Previous Log Date/Time,JoinTree_4.CMS_CI_CASE_LOG_VW,PREV_LOG_DTTM,,
Case___Domain,Customer Operations,2.) Case Log,Sequence,JoinTree_4.CMS_CI_CASE_LOG_VW,SEQ_NUM,Dimension,CountAll
Case___Domain,Customer Operations,2.) Case Log,User,JoinTree_4.CMS_CI_CASE_LOG_VW,USER_ID,,
Case___Domain,Customer Operations,2.) Descriptions,Case Type Description,JoinTree_4.CI_CASE_TYPE_L_1,DESCR,,
Case___Domain,Customer Operations,2.) Descriptions,Log Type Description,JoinTree_4.CI_LOOKUP_VAL_L_1,DESCR,,
Case___Domain,Customer Operations,2.) Descriptions,Previous Case Status Description,JoinTree_4.CI_CASE_STATUS_L_2,STATUS_LBL,,
Case___Domain,Customer Operations,2.) Descriptions,Status Description,JoinTree_4.CI_CASE_STATUS_L_1,STATUS_LBL,,
Case___Domain,Customer Operations,2.) Formulas,Distinct Case ID,JoinTree_4,CASE_ID_DISTINCT,,
Case___Domain,Customer Operations,2.) Formulas,Distinct Case Log,JoinTree_4,CASE_LOG_ID_DISTINCT,,
Case___Domain,Customer Operations,2.) Formulas,Duration in Current State (in days),JoinTree_4,CURR_STATE_DUR_DAYS,,
Case___Domain,Customer Operations,2.) Formulas,Duration in Current State (in minutes),JoinTree_4.CMS_CI_CASE_LOG_VW,CURR_STATE_DUR,,
Case___Domain,Customer Operations,2.) Formulas,Duration in Previous State (in days),JoinTree_4,PREV_STATE_DUR_DAYS,,
Case___Domain,Customer Operations,2.) Formulas,Duration in Previous State (in minutes),JoinTree_4.CMS_CI_CASE_LOG_VW,PREV_STATE_DUR,,
Case___Domain,Customer Operations,2.) Formulas,Name,JoinTree_4.CI_PER_NAME_1,ENTITY_NAME_UPR,,
Case___Domain,Customer Operations,2.) Formulas,User (Name),JoinTree_4,USER_ID_NAME,,
Customer_Contact___Domain,Customer Operations,1.) Customer Contact,Account ID,JoinTree_1.CI_CC,ACCT_ID,,
Customer_Contact___Domain,Customer Operations,1.) Customer Contact,Batch Control,JoinTree_1.CI_CC,BATCH_CD,,
Customer_Contact___Domain,Customer Operations,1.) Customer Contact,Batch Number,JoinTree_1.CI_CC,BATCH_NBR,Dimension,CountAll
Customer_Contact___Domain,Customer Operations,1.) Customer Contact,Person Contact,JoinTree_1.CI_CC,C1_CONTACT_ID,,
Customer_Contact___Domain,Customer Operations,1.) Customer Contact,Contact Class,JoinTree_1.CI_CC,CC_CL_CD,,
Customer_Contact___Domain,Customer Operations,1.) Customer Contact,Contact Date/Time,JoinTree_1.CI_CC,CC_DTTM,,
Customer_Contact___Domain,Customer Operations,1.) Customer Contact,Customer Contact Entity,JoinTree_1.CI_CC,CC_ENTITY_FLG,,
Customer_Contact___Domain,Customer Operations,1.) Customer Contact,Customer Contact ID,JoinTree_1.CI_CC,CC_ID,,
Customer_Contact___Domain,Customer Operations,1.) Customer Contact,Contact Status,JoinTree_1.CI_CC,CC_STATUS_FLG,,
Customer_Contact___Domain,Customer Operations,1.) Customer Contact,Contact Type,JoinTree_1.CI_CC,CC_TYPE_CD,,
Customer_Contact___Domain,Customer Operations,1.) Customer Contact,Preferred Contact Method,JoinTree_1.CI_CC,CONTACT_METH_FLG,,
Customer_Contact___Domain,Customer Operations,1.) Customer Contact,Detailed Description,JoinTree_1.CI_CC,DESCRLONG,,
Customer_Contact___Domain,Customer Operations,1.) Customer Contact,Letter Print Date/Time,JoinTree_1.CI_CC,LETTER_PRINT_DTTM,,
Customer_Contact___Domain,Customer Operations,1.) Customer Contact,Letter Template,JoinTree_1.CI_CC,LTR_TMPL_CD,,
Customer_Contact___Domain,Customer Operations,1.) Customer Contact,Person ID,JoinTree_1.CI_CC,PER_ID,,
Customer_Contact___Domain,Customer Operations,1.) Customer Contact,Premise ID,JoinTree_1.CI_CC,PREM_ID,,
Customer_Contact___Domain,Customer Operations,1.) Customer Contact,Print Letter,JoinTree_1.CI_CC,PRINT_LETTER_SW,,
Customer_Contact___Domain,Customer Operations,1.) Customer Contact,User,JoinTree_1.CI_CC,USER_ID,,
Customer_Contact___Domain,Customer Operations,1.) Account,Access Group,JoinTree_1.CI_ACCT,ACCESS_GRP_CD,,
Customer_Contact___Domain,Customer Operations,1.) Account,Account ID,JoinTree_1.CI_ACCT,ACCT_ID,,
Customer_Contact___Domain,Customer Operations,1.) Account,Account Management Group,JoinTree_1.CI_ACCT,ACCT_MGMT_GRP_CD,,
Customer_Contact___Domain,Customer Operations,1.) Account,Alert Information,JoinTree_1.CI_ACCT,ALERT_INFO,,
Customer_Contact___Domain,Customer Operations,1.) Account,Bill After                    ,JoinTree_1.CI_ACCT,BILL_AFTER_DT,,
Customer_Contact___Domain,Customer Operations,1.) Account,Bill Cycle,JoinTree_1.CI_ACCT,BILL_CYC_CD,,
Customer_Contact___Domain,Customer Operations,1.) Account,Bill Print Intercept,JoinTree_1.CI_ACCT,BILL_PRT_INTERCEPT,,
Customer_Contact___Domain,Customer Operations,1.) Account,Budget Plan,JoinTree_1.CI_ACCT,BUD_PLAN_CD,,
Customer_Contact___Domain,Customer Operations,1.) Account,CIS Division,JoinTree_1.CI_ACCT,CIS_DIVISION,,
Customer_Contact___Domain,Customer Operations,1.) Account,Collection Class,JoinTree_1.CI_ACCT,COLL_CL_CD,,
Customer_Contact___Domain,Customer Operations,1.) Account,Last Credit Review Date,JoinTree_1.CI_ACCT,CR_REVIEW_DT,,
Customer_Contact___Domain,Customer Operations,1.) Account,Currency Code,JoinTree_1.CI_ACCT,CURRENCY_CD,,
Customer_Contact___Domain,Customer Operations,1.) Account,Customer Class,JoinTree_1.CI_ACCT,CUST_CL_CD,,
Customer_Contact___Domain,Customer Operations,1.) Account,Internal Credit Review,JoinTree_1.CI_ACCT,INT_CR_REVIEW_SW,,
Customer_Contact___Domain,Customer Operations,1.) Account,Mailing Premise ID,JoinTree_1.CI_ACCT,MAILING_PREM_ID,,
Customer_Contact___Domain,Customer Operations,1.) Account,No Deposit Review Switch,JoinTree_1.CI_ACCT,NO_DEP_RVW_SW,,
Customer_Contact___Domain,Customer Operations,1.) Account,Postpone Credit Review Until,JoinTree_1.CI_ACCT,POSTPONE_CR_RVW_DT,,
Customer_Contact___Domain,Customer Operations,1.) Account,Protect Bill Cycle,JoinTree_1.CI_ACCT,PROTECT_CYC_SW,,
Customer_Contact___Domain,Customer Operations,1.) Account,Protect Division,JoinTree_1.CI_ACCT,PROTECT_DIV_SW,,
Customer_Contact___Domain,Customer Operations,1.) Account,Protect Mailing Premise,JoinTree_1.CI_ACCT,PROTECT_PREM_SW,,
Customer_Contact___Domain,Customer Operations,1.) Account,Set Up Date,JoinTree_1.CI_ACCT,SETUP_DT,,
Customer_Contact___Domain,Customer Operations,1.) Premise,Address,JoinTree_1.CI_PREM,ADDRESS1,,
Customer_Contact___Domain,Customer Operations,1.) Premise,Address Uppercase,JoinTree_1.CI_PREM,ADDRESS1_UPR,,
Customer_Contact___Domain,Customer Operations,1.) Premise,Address 2,JoinTree_1.CI_PREM,ADDRESS2,,
Customer_Contact___Domain,Customer Operations,1.) Premise,Address 3,JoinTree_1.CI_PREM,ADDRESS3,,
Customer_Contact___Domain,Customer Operations,1.) Premise,Address 4,JoinTree_1.CI_PREM,ADDRESS4,,
Customer_Contact___Domain,Customer Operations,1.) Premise,CIS Division,JoinTree_1.CI_PREM,CIS_DIVISION,,
Customer_Contact___Domain,Customer Operations,1.) Premise,City,JoinTree_1.CI_PREM,CITY,,
Customer_Contact___Domain,Customer Operations,1.) Premise,City Uppercase,JoinTree_1.CI_PREM,CITY_UPR,,
Customer_Contact___Domain,Customer Operations,1.) Premise,Country,JoinTree_1.CI_PREM,COUNTRY,,
Customer_Contact___Domain,Customer Operations,1.) Premise,County,JoinTree_1.CI_PREM,COUNTY,,
Customer_Contact___Domain,Customer Operations,1.) Premise,Geographical Code,JoinTree_1.CI_PREM,GEO_CODE,,
Customer_Contact___Domain,Customer Operations,1.) Premise,House Type,JoinTree_1.CI_PREM,HOUSE_TYPE,,
Customer_Contact___Domain,Customer Operations,1.) Premise,In City Limit,JoinTree_1.CI_PREM,IN_CITY_LIMIT,,
Customer_Contact___Domain,Customer Operations,1.) Premise,Key ID,JoinTree_1.CI_PREM,KEY_ID,,
Customer_Contact___Domain,Customer Operations,1.) Premise,Key,JoinTree_1.CI_PREM,KEY_SW,,
Customer_Contact___Domain,Customer Operations,1.) Premise,Landlord Agreement ID,JoinTree_1.CI_PREM,LL_ID,,
Customer_Contact___Domain,Customer Operations,1.) Premise,Life Support / Sensitive Load Details,JoinTree_1.CI_PREM,LS_SL_DESCR,,
Customer_Contact___Domain,Customer Operations,1.) Premise,Life Support / Sensitive Load,JoinTree_1.CI_PREM,LS_SL_FLG,,
Customer_Contact___Domain,Customer Operations,1.) Premise,Mailing Address,JoinTree_1.CI_PREM,MAIL_ADDR_SW,,
Customer_Contact___Domain,Customer Operations,1.) Premise,Meter Read Instruction,JoinTree_1.CI_PREM,MR_INSTR_CD,,
Customer_Contact___Domain,Customer Operations,1.) Premise,Instruction Details,JoinTree_1.CI_PREM,MR_INSTR_DETAILS,,
Customer_Contact___Domain,Customer Operations,1.) Premise,Meter Read Warning,JoinTree_1.CI_PREM,MR_WARN_CD,,
Customer_Contact___Domain,Customer Operations,1.) Premise,Number 1,JoinTree_1.CI_PREM,NUM1,,
Customer_Contact___Domain,Customer Operations,1.) Premise,Number 2,JoinTree_1.CI_PREM,NUM2,,
Customer_Contact___Domain,Customer Operations,1.) Premise,OK to Enter,JoinTree_1.CI_PREM,OK_TO_ENTER_SW,,
Customer_Contact___Domain,Customer Operations,1.) Premise,Postal,JoinTree_1.CI_PREM,POSTAL,,
Customer_Contact___Domain,Customer Operations,1.) Premise,Premise ID,JoinTree_1.CI_PREM,PREM_ID,,
Customer_Contact___Domain,Customer Operations,1.) Premise,Premise Type,JoinTree_1.CI_PREM,PREM_TYPE_CD,,
Customer_Contact___Domain,Customer Operations,1.) Premise,Parent Premise ID,JoinTree_1.CI_PREM,PRNT_PREM_ID,,
Customer_Contact___Domain,Customer Operations,1.) Premise,State,JoinTree_1.CI_PREM,STATE,,
Customer_Contact___Domain,Customer Operations,1.) Premise,Time Zone,JoinTree_1.CI_PREM,TIME_ZONE_CD,,
Customer_Contact___Domain,Customer Operations,1.) Premise,Trend Area,JoinTree_1.CI_PREM,TREND_AREA_CD,,
Customer_Contact___Domain,Customer Operations,1.) Descriptions,Account Management Group Description,JoinTree_1.CI_ACCT_MGMT_GR_L,DESCR,,
Customer_Contact___Domain,Customer Operations,1.) Descriptions,Bill Cycle Description,JoinTree_1.CI_BILL_CYC_L,DESCR,,
Customer_Contact___Domain,Customer Operations,1.) Descriptions,Budget Plan Description,JoinTree_1.CI_BUD_PLAN_L,DESCR,,
Customer_Contact___Domain,Customer Operations,1.) Descriptions,Collection Class Description,JoinTree_1.CI_COLL_CL_L,DESCR,,
Customer_Contact___Domain,Customer Operations,1.) Descriptions,Contact Class Description,JoinTree_1.CI_CC_CL_L,DESCR,,
Customer_Contact___Domain,Customer Operations,1.) Descriptions,Contact Status Description,JoinTree_1.CI_LOOKUP_VAL_L_1,DESCR,,
Customer_Contact___Domain,Customer Operations,1.) Descriptions,Contact Type Description,JoinTree_1.CI_CC_TYPE_L,DESCR,,
Customer_Contact___Domain,Customer Operations,1.) Descriptions,Customer Class Description,JoinTree_1.CI_CUST_CL_L,DESCR,,
Customer_Contact___Domain,Customer Operations,1.) Descriptions,Customer Contact Entity Description,JoinTree_1.CI_LOOKUP_VAL_L,DESCR,,
Customer_Contact___Domain,Customer Operations,1.) Descriptions,Letter Template Description,JoinTree_1.CI_LETTER_TMPL_L,DESCR,,
Customer_Contact___Domain,Customer Operations,1.) Descriptions,Meter Read Instruction Description,JoinTree_1.CI_MR_INSTR_L,DESCR,,
Customer_Contact___Domain,Customer Operations,1.) Descriptions,Meter Read Warning Description,JoinTree_1.CI_MR_WARN_L,DESCR,,
Customer_Contact___Domain,Customer Operations,1.) Descriptions,Preferred Contact Method Description,JoinTree_1.CI_LOOKUP_VAL_L_2,DESCR,,
Customer_Contact___Domain,Customer Operations,1.) Descriptions,Premise Type Description,JoinTree_1.CI_PREM_TYPE_L,DESCR,,
Customer_Contact___Domain,Customer Operations,1.) Descriptions,Time Zone Description,JoinTree_1.CI_TIME_ZONE_L,DESCR,,
Customer_Contact___Domain,Customer Operations,1.) Formulas,Days Old,JoinTree_1,DAYS_OLD,,
Customer_Contact___Domain,Customer Operations,1.) Formulas,Distinct Account ID,JoinTree_1,ACCT_ID_DISTINCT,,
Customer_Contact___Domain,Customer Operations,1.) Formulas,Distinct Customer Contact,JoinTree_1,CC_ID_DIST,,
Customer_Contact___Domain,Customer Operations,1.) Formulas,Distinct Person ID,JoinTree_1,PER_ID_DISTINCT,,
Customer_Contact___Domain,Customer Operations,1.) Formulas,Distinct Premise ID,JoinTree_1,PREM_ID_DISTINCT,,
Customer_Contact___Domain,Customer Operations,1.) Formulas,Name,JoinTree_1.CI_PER_NAME,ENTITY_NAME_UPR,,
Customer_Contact___Domain,Customer Operations,1.) Formulas,User (Name),JoinTree_1,USER_ID_NAME,,
Customer___Domain,Customer Operations,1.) Person,Address,JoinTree_1.CI_PER,ADDRESS1,,
Customer___Domain,Customer Operations,1.) Person,Address 2,JoinTree_1.CI_PER,ADDRESS2,,
Customer___Domain,Customer Operations,1.) Person,Address 3,JoinTree_1.CI_PER,ADDRESS3,,
Customer___Domain,Customer Operations,1.) Person,Address 4,JoinTree_1.CI_PER,ADDRESS4,,
Customer___Domain,Customer Operations,1.) Person,City,JoinTree_1.CI_PER,CITY,,
Customer___Domain,Customer Operations,1.) Person,Country,JoinTree_1.CI_PER,COUNTRY,,
Customer___Domain,Customer Operations,1.) Person,County,JoinTree_1.CI_PER,COUNTY,,
Customer___Domain,Customer Operations,1.) Person,Email Address,JoinTree_1.CI_PER,EMAILID,,
Customer___Domain,Customer Operations,1.) Person,Geographical Code,JoinTree_1.CI_PER,GEO_CODE,,
Customer___Domain,Customer Operations,1.) Person,House Type,JoinTree_1.CI_PER,HOUSE_TYPE,,
Customer___Domain,Customer Operations,1.) Person,In City Limit,JoinTree_1.CI_PER,IN_CITY_LIMIT,,
Customer___Domain,Customer Operations,1.) Person,Language,JoinTree_1.CI_PER,LANGUAGE_CD,,
Customer___Domain,Customer Operations,1.) Person,Life Support / Sensitive Load Details,JoinTree_1.CI_PER,LS_SL_DESCR,,
Customer___Domain,Customer Operations,1.) Person,Life Support / Sensitive Load,JoinTree_1.CI_PER,LS_SL_FLG,,
Customer___Domain,Customer Operations,1.) Person,Number 1,JoinTree_1.CI_PER,NUM1,,
Customer___Domain,Customer Operations,1.) Person,Number 2,JoinTree_1.CI_PER,NUM2,,
Customer___Domain,Customer Operations,1.) Person,Name 1,JoinTree_1.CI_PER,OVRD_MAIL_NAME1,,
Customer___Domain,Customer Operations,1.) Person,Name 2,JoinTree_1.CI_PER,OVRD_MAIL_NAME2,,
Customer___Domain,Customer Operations,1.) Person,Name 3,JoinTree_1.CI_PER,OVRD_MAIL_NAME3,,
Customer___Domain,Customer Operations,1.) Person,Person ID,JoinTree_1.CI_PER,PER_ID,,
Customer___Domain,Customer Operations,1.) Person,Person/Business,JoinTree_1.CI_PER,PER_OR_BUS_FLG,,
Customer___Domain,Customer Operations,1.) Person,Postal,JoinTree_1.CI_PER,POSTAL,,
Customer___Domain,Customer Operations,1.) Person,Web Self Service Marketing Info,JoinTree_1.CI_PER,RECV_MKTG_INFO_FLG,,
Customer___Domain,Customer Operations,1.) Person,State,JoinTree_1.CI_PER,STATE,,
Customer___Domain,Customer Operations,1.) Person,Time Zone,JoinTree_1.CI_PER,TIME_ZONE_CD,,
Customer___Domain,Customer Operations,1.) Person Name,Doing Business As,JoinTree_1.CMS_CI_PER_NAME_VW,DBA,,
Customer___Domain,Customer Operations,1.) Person Name,Name (Primary),JoinTree_1.CMS_CI_PER_NAME_VW,PRIM,,
Customer___Domain,Customer Operations,1.) Person Identifier,Drivers license,JoinTree_1.CMS_CI_PER_ID_VW,DL,,
Customer___Domain,Customer Operations,1.) Person Identifier,Social security number,JoinTree_1.CMS_CI_PER_ID_VW,SSN,,
Customer___Domain,Customer Operations,1.) Person Identifier,Tax Exemption ID,JoinTree_1.CMS_CI_PER_ID_VW,TAXEXMPT,,
Customer___Domain,Customer Operations,1.) Person Identifier,Tax ID,JoinTree_1.CMS_CI_PER_ID_VW,TAXID,,
Customer___Domain,Customer Operations,1.) Person Characteristics,Birth Date,JoinTree_1.CMS_CI_PER_CHAR_VW,C2MBTHDT,,
Customer___Domain,Customer Operations,1.) Person Contact,Cell Phone,JoinTree_1.CMS_CI_PER_CONTDET_VW,CELLPHONE,,
Customer___Domain,Customer Operations,1.) Person Contact,	Home Phone,JoinTree_1.CMS_CI_PER_CONTDET_VW,HOMEPHONE,,
Customer___Domain,Customer Operations,1.) Person Contact,Primary Email,JoinTree_1.CMS_CI_PER_CONTDET_VW,PRIMARYEMAIL,,
Customer___Domain,Customer Operations,1.) Person Contact,Secondary Email,JoinTree_1.CMS_CI_PER_CONTDET_VW,SECONDARYEMAIL,,
Customer___Domain,Customer Operations,1.) Person Contact,Business/Work Phone,JoinTree_1.CMS_CI_PER_CONTDET_VW,WORKPHONE,,
Customer___Domain,Customer Operations,1.) Person to Person,Authorized Person,JoinTree_1.CMS_CI_PER_PER_VW,AUTH_PER,,
Customer___Domain,Customer Operations,1.) Person to Person,Spouse,JoinTree_1.CMS_CI_PER_PER_VW,SPOUSE,,
Customer___Domain,Customer Operations,1.) Descriptions,Life Support / Sensitive Load Description,JoinTree_1.CI_LOOKUP_VAL_L_1,DESCR,,
Customer___Domain,Customer Operations,1.) Descriptions,Person/Business Description,JoinTree_1.CI_LOOKUP_VAL_L,DESCR,,
Customer___Domain,Customer Operations,1.) Descriptions,Time Zone Description,JoinTree_1.CI_TIME_ZONE_L,DESCR,,
Customer___Domain,Customer Operations,1.) Descriptions,Web Self Service Marketing Info Description,JoinTree_1.CI_LOOKUP_VAL_L_2,DESCR,,
Customer___Domain,Customer Operations,1.) Formulas,Distinct Person ID,JoinTree_1,PER_ID_DISTINCT,,
Customer___Domain,Customer Operations,1.) Formulas,Postal (5 Digits),JoinTree_1,POSTAL_5,,
Landlord_Agreement___Domain,Customer Operations,1.) Landlord Agreement,Account ID,JoinTree_1.CI_LANDLORD,ACCT_ID,,
Landlord_Agreement___Domain,Customer Operations,1.) Landlord Agreement,Description,JoinTree_1.CI_LANDLORD,DESCR_UPR,,
Landlord_Agreement___Domain,Customer Operations,1.) Landlord Agreement,Landlord Agreement ID,JoinTree_1.CI_LANDLORD,LL_ID,,
Landlord_Agreement___Domain,Customer Operations,1.) Premise,Address,JoinTree_1.CI_PREM,ADDRESS1,,
Landlord_Agreement___Domain,Customer Operations,1.) Premise,Address Uppercase,JoinTree_1.CI_PREM,ADDRESS1_UPR,,
Landlord_Agreement___Domain,Customer Operations,1.) Premise,Address 2,JoinTree_1.CI_PREM,ADDRESS2,,
Landlord_Agreement___Domain,Customer Operations,1.) Premise,Address 3,JoinTree_1.CI_PREM,ADDRESS3,,
Landlord_Agreement___Domain,Customer Operations,1.) Premise,Address 4,JoinTree_1.CI_PREM,ADDRESS4,,
Landlord_Agreement___Domain,Customer Operations,1.) Premise,CIS Division,JoinTree_1.CI_PREM,CIS_DIVISION,,
Landlord_Agreement___Domain,Customer Operations,1.) Premise,City,JoinTree_1.CI_PREM,CITY,,
Landlord_Agreement___Domain,Customer Operations,1.) Premise,City Uppercase,JoinTree_1.CI_PREM,CITY_UPR,,
Landlord_Agreement___Domain,Customer Operations,1.) Premise,Country,JoinTree_1.CI_PREM,COUNTRY,,
Landlord_Agreement___Domain,Customer Operations,1.) Premise,County,JoinTree_1.CI_PREM,COUNTY,,
Landlord_Agreement___Domain,Customer Operations,1.) Premise,Geographical Code,JoinTree_1.CI_PREM,GEO_CODE,,
Landlord_Agreement___Domain,Customer Operations,1.) Premise,House Type,JoinTree_1.CI_PREM,HOUSE_TYPE,,
Landlord_Agreement___Domain,Customer Operations,1.) Premise,In City Limit,JoinTree_1.CI_PREM,IN_CITY_LIMIT,,
Landlord_Agreement___Domain,Customer Operations,1.) Premise,Key ID,JoinTree_1.CI_PREM,KEY_ID,,
Landlord_Agreement___Domain,Customer Operations,1.) Premise,Key,JoinTree_1.CI_PREM,KEY_SW,,
Landlord_Agreement___Domain,Customer Operations,1.) Premise,Landlord Agreement ID,JoinTree_1.CI_PREM,LL_ID,,
Landlord_Agreement___Domain,Customer Operations,1.) Premise,Life Support / Sensitive Load Description,JoinTree_1.CI_PREM,LS_SL_DESCR,,
Landlord_Agreement___Domain,Customer Operations,1.) Premise,Life Support / Sensitive Load,JoinTree_1.CI_PREM,LS_SL_FLG,,
Landlord_Agreement___Domain,Customer Operations,1.) Premise,Mailing Address,JoinTree_1.CI_PREM,MAIL_ADDR_SW,,
Landlord_Agreement___Domain,Customer Operations,1.) Premise,Meter Read Instruction,JoinTree_1.CI_PREM,MR_INSTR_CD,,
Landlord_Agreement___Domain,Customer Operations,1.) Premise,Instruction Details,JoinTree_1.CI_PREM,MR_INSTR_DETAILS,,
Landlord_Agreement___Domain,Customer Operations,1.) Premise,Meter Read Warning,JoinTree_1.CI_PREM,MR_WARN_CD,,
Landlord_Agreement___Domain,Customer Operations,1.) Premise,Number 1,JoinTree_1.CI_PREM,NUM1,,
Landlord_Agreement___Domain,Customer Operations,1.) Premise,Number 2,JoinTree_1.CI_PREM,NUM2,,
Landlord_Agreement___Domain,Customer Operations,1.) Premise,OK to Enter,JoinTree_1.CI_PREM,OK_TO_ENTER_SW,,
Landlord_Agreement___Domain,Customer Operations,1.) Premise,Postal,JoinTree_1.CI_PREM,POSTAL,,
Landlord_Agreement___Domain,Customer Operations,1.) Premise,Premise ID,JoinTree_1.CI_PREM,PREM_ID,,
Landlord_Agreement___Domain,Customer Operations,1.) Premise,Premise Type,JoinTree_1.CI_PREM,PREM_TYPE_CD,,
Landlord_Agreement___Domain,Customer Operations,1.) Premise,Parent Premise ID,JoinTree_1.CI_PREM,PRNT_PREM_ID,,
Landlord_Agreement___Domain,Customer Operations,1.) Premise,State,JoinTree_1.CI_PREM,STATE,,
Landlord_Agreement___Domain,Customer Operations,1.) Premise,Time Zone,JoinTree_1.CI_PREM,TIME_ZONE_CD,,
Landlord_Agreement___Domain,Customer Operations,1.) Premise,Trend Area,JoinTree_1.CI_PREM,TREND_AREA_CD,,
Landlord_Agreement___Domain,Customer Operations,1.) Descriptions,CIS Division Description,JoinTree_1.CI_CIS_DIVISION_L,DESCR,,
Landlord_Agreement___Domain,Customer Operations,1.) Descriptions,Premise Type Description,JoinTree_1.CI_PREM_TYPE_L,DESCR,,
Landlord_Agreement___Domain,Customer Operations,1.) Descriptions,State Description,JoinTree_1.CI_STATE_L,DESCR,,
Landlord_Agreement___Domain,Customer Operations,1.) Descriptions,Timezone Description,JoinTree_1.CI_TIME_ZONE_L,DESCR,,
Landlord_Agreement___Domain,Customer Operations,1.) Formulas,Distinct Account ID,JoinTree_1,ACCT_ID_DISTINCT,,
Landlord_Agreement___Domain,Customer Operations,1.) Formulas,Distinct Landlord Agreement ID,JoinTree_1,LL_ID_DISTINCT,,
Landlord_Agreement___Domain,Customer Operations,1.) Formulas,Distinct Premise ID,JoinTree_1,PREM_ID_DISTINCT,,
Landlord_Agreement___Domain,Customer Operations,1.) Formulas,Electric Covered,JoinTree_1.CMS_LL_COVERAGE,IS_ELECTRIC_COVERED,,
Landlord_Agreement___Domain,Customer Operations,1.) Formulas,Gas Covered,JoinTree_1.CMS_LL_COVERAGE,IS_GAS_COVERED,,
Landlord_Agreement___Domain,Customer Operations,1.) Formulas,Sewer Covered,JoinTree_1.CMS_LL_COVERAGE,IS_SEWER_COVERED,,
Landlord_Agreement___Domain,Customer Operations,1.) Formulas,Water Covered,JoinTree_1.CMS_LL_COVERAGE,IS_WATER_COVERED,,
Landlord_Agreement___Domain,Customer Operations,1.) Formulas,Landlord Name,JoinTree_1.CI_PER_NAME,ENTITY_NAME_UPR,,
Premise___Domain,Customer Operations,1.) Premise,Address,JoinTree_1.CI_PREM,ADDRESS1,,
Premise___Domain,Customer Operations,1.) Premise,Address Uppercase,JoinTree_1.CI_PREM,ADDRESS1_UPR,,
Premise___Domain,Customer Operations,1.) Premise,Address 2,JoinTree_1.CI_PREM,ADDRESS2,,
Premise___Domain,Customer Operations,1.) Premise,Address 3,JoinTree_1.CI_PREM,ADDRESS3,,
Premise___Domain,Customer Operations,1.) Premise,Address 4,JoinTree_1.CI_PREM,ADDRESS4,,
Premise___Domain,Customer Operations,1.) Premise,CIS Division,JoinTree_1.CI_PREM,CIS_DIVISION,,
Premise___Domain,Customer Operations,1.) Premise,City,JoinTree_1.CI_PREM,CITY,,
Premise___Domain,Customer Operations,1.) Premise,City Uppercase,JoinTree_1.CI_PREM,CITY_UPR,,
Premise___Domain,Customer Operations,1.) Premise,Country,JoinTree_1.CI_PREM,COUNTRY,,
Premise___Domain,Customer Operations,1.) Premise,County,JoinTree_1.CI_PREM,COUNTY,,
Premise___Domain,Customer Operations,1.) Premise,Geographical Code,JoinTree_1.CI_PREM,GEO_CODE,,
Premise___Domain,Customer Operations,1.) Premise,House Type,JoinTree_1.CI_PREM,HOUSE_TYPE,,
Premise___Domain,Customer Operations,1.) Premise,In City Limit,JoinTree_1.CI_PREM,IN_CITY_LIMIT,,
Premise___Domain,Customer Operations,1.) Premise,Key ID,JoinTree_1.CI_PREM,KEY_ID,,
Premise___Domain,Customer Operations,1.) Premise,Key,JoinTree_1.CI_PREM,KEY_SW,,
Premise___Domain,Customer Operations,1.) Premise,Landlord Agreement ID,JoinTree_1.CI_PREM,LL_ID,,
Premise___Domain,Customer Operations,1.) Premise,Life Support / Sensitive Load Details,JoinTree_1.CI_PREM,LS_SL_DESCR,,
Premise___Domain,Customer Operations,1.) Premise,Life Support / Sensitive Load,JoinTree_1.CI_PREM,LS_SL_FLG,,
Premise___Domain,Customer Operations,1.) Premise,Mailing Address,JoinTree_1.CI_PREM,MAIL_ADDR_SW,,
Premise___Domain,Customer Operations,1.) Premise,Meter Read Instruction,JoinTree_1.CI_PREM,MR_INSTR_CD,,
Premise___Domain,Customer Operations,1.) Premise,Instruction Details,JoinTree_1.CI_PREM,MR_INSTR_DETAILS,,
Premise___Domain,Customer Operations,1.) Premise,Meter Read Warning,JoinTree_1.CI_PREM,MR_WARN_CD,,
Premise___Domain,Customer Operations,1.) Premise,Number 1,JoinTree_1.CI_PREM,NUM1,,
Premise___Domain,Customer Operations,1.) Premise,Number 2,JoinTree_1.CI_PREM,NUM2,,
Premise___Domain,Customer Operations,1.) Premise,OK to Enter,JoinTree_1.CI_PREM,OK_TO_ENTER_SW,,
Premise___Domain,Customer Operations,1.) Premise,Postal,JoinTree_1.CI_PREM,POSTAL,,
Premise___Domain,Customer Operations,1.) Premise,Premise ID (Premise),JoinTree_1.CI_PREM,PREM_ID,,
Premise___Domain,Customer Operations,1.) Premise,Premise Type,JoinTree_1.CI_PREM,PREM_TYPE_CD,,
Premise___Domain,Customer Operations,1.) Premise,Parent Premise ID,JoinTree_1.CI_PREM,PRNT_PREM_ID,,
Premise___Domain,Customer Operations,1.) Premise,State,JoinTree_1.CI_PREM,STATE,,
Premise___Domain,Customer Operations,1.) Premise,Time Zone,JoinTree_1.CI_PREM,TIME_ZONE_CD,,
Premise___Domain,Customer Operations,1.) Premise,Trend Area,JoinTree_1.CI_PREM,TREND_AREA_CD,,
Premise___Domain,Customer Operations,1.) Premise Geo Location,Latitude/Longitude,JoinTree_1.CMS_CI_PREM_GEO_GEOTYPE_VW,LATLONG,,
Premise___Domain,Customer Operations,1.) Premise Geo Location,Latitude,JoinTree_1.CMS_CI_PREM_GEO_GEOTYPE_VW,LATITUDE,,
Premise___Domain,Customer Operations,1.) Premise Geo Location,Longitude,JoinTree_1.CMS_CI_PREM_GEO_GEOTYPE_VW,LONGITUDE,,
Premise___Domain,Customer Operations,1.) Service Agreement,Account ID,JoinTree_1.CI_SA,ACCT_ID,,
Premise___Domain,Customer Operations,1.) Service Agreement,Allow Estimates,JoinTree_1.CI_SA,ALLOW_EST_SW,,
Premise___Domain,Customer Operations,1.) Service Agreement,Business Activity,JoinTree_1.CI_SA,BUS_ACTIVITY_DESC,,
Premise___Domain,Customer Operations,1.) Service Agreement,Premise ID (Service Agreement),JoinTree_1.CI_SA,CHAR_PREM_ID,,
Premise___Domain,Customer Operations,1.) Service Agreement,CIAC Review Date,JoinTree_1.CI_SA,CIAC_REVIEW_DT,,
Premise___Domain,Customer Operations,1.) Service Agreement,CIS Division,JoinTree_1.CI_SA,CIS_DIVISION,,
Premise___Domain,Customer Operations,1.) Service Agreement,Currency Code,JoinTree_1.CI_SA,CURRENCY_CD,,
Premise___Domain,Customer Operations,1.) Service Agreement,Customer Read,JoinTree_1.CI_SA,CUST_READ_FLG,,
Premise___Domain,Customer Operations,1.) Service Agreement,End Date,JoinTree_1.CI_SA,END_DT,,
Premise___Domain,Customer Operations,1.) Service Agreement,Order ID,JoinTree_1.CI_SA,ENRL_ID,,
Premise___Domain,Customer Operations,1.) Service Agreement,Expire Date,JoinTree_1.CI_SA,EXPIRE_DT,,
Premise___Domain,Customer Operations,1.) Service Agreement,Maximum Bill Threshold,JoinTree_1.CI_SA,HIGH_BILL_AMT,,
Premise___Domain,Customer Operations,1.) Service Agreement,Start Day Option,JoinTree_1.CI_SA,IB_BASE_TM_DAY_FLG,,
Premise___Domain,Customer Operations,1.) Service Agreement,IB SA Cutoff Time,JoinTree_1.CI_SA,IB_SA_CUTOFF_TM,,
Premise___Domain,Customer Operations,1.) Service Agreement,Deposit Interest Calculated,JoinTree_1.CI_SA,INT_CALC_DT,,
Premise___Domain,Customer Operations,1.) Service Agreement,NBB Auto Pay,JoinTree_1.CI_SA,NB_APAY_FLG,,
Premise___Domain,Customer Operations,1.) Service Agreement,Recommendation Rule,JoinTree_1.CI_SA,NB_RULE_CD,,
Premise___Domain,Customer Operations,1.) Service Agreement,Number of Payment Periods,JoinTree_1.CI_SA,NBR_PYMNT_PERIODS,Dimension,CountAll
Premise___Domain,Customer Operations,1.) Service Agreement,Old Account ID,JoinTree_1.CI_SA,OLD_ACCT_ID,,
Premise___Domain,Customer Operations,1.) Service Agreement,Decline Reason,JoinTree_1.CI_SA,PROP_DCL_RSN_CD,,
Premise___Domain,Customer Operations,1.) Service Agreement,Proposal SA ID,JoinTree_1.CI_SA,PROP_SA_ID,,
Premise___Domain,Customer Operations,1.) Service Agreement,Proposal SA Status,JoinTree_1.CI_SA,PROP_SA_STAT_FLG,,
Premise___Domain,Customer Operations,1.) Service Agreement,Renewal Date,JoinTree_1.CI_SA,RENEWAL_DT,,
Premise___Domain,Customer Operations,1.) Service Agreement,Service Agreement,JoinTree_1.CI_SA,SA_ID,,
Premise___Domain,Customer Operations,1.) Service Agreement,SA Relationship ID,JoinTree_1.CI_SA,SA_REL_ID,,
Premise___Domain,Customer Operations,1.) Service Agreement,SA Status,JoinTree_1.CI_SA,SA_STATUS_FLG,,
Premise___Domain,Customer Operations,1.) Service Agreement,SA Type,JoinTree_1.CI_SA,SA_TYPE_CD,,
Premise___Domain,Customer Operations,1.) Service Agreement,SIC,JoinTree_1.CI_SA,SIC_CD,,
Premise___Domain,Customer Operations,1.) Service Agreement,Special Usage,JoinTree_1.CI_SA,SPECIAL_USAGE_FLG,,
Premise___Domain,Customer Operations,1.) Service Agreement,Start Date,JoinTree_1.CI_SA,START_DT,,
Premise___Domain,Customer Operations,1.) Service Agreement,Start Option,JoinTree_1.CI_SA,START_OPT_CD,,
Premise___Domain,Customer Operations,1.) Service Agreement,Stop Requested By,JoinTree_1.CI_SA,STOP_REQED_BY,,
Premise___Domain,Customer Operations,1.) Service Agreement,Stop Reason,JoinTree_1.CI_SA,STOP_RSN_FLG,,
Premise___Domain,Customer Operations,1.) Service Agreement,Start Requested By,JoinTree_1.CI_SA,STRT_REQED_BY,,
Premise___Domain,Customer Operations,1.) Service Agreement,Start Reason,JoinTree_1.CI_SA,STRT_RSN_FLG,,
Premise___Domain,Customer Operations,1.) Service Agreement,Total Amount to Bill,JoinTree_1.CI_SA,TOT_TO_BILL_AMT,,
Premise___Domain,Customer Operations,1.) Account,Access Group,JoinTree_1.CI_ACCT,ACCESS_GRP_CD,,
Premise___Domain,Customer Operations,1.) Account,Account ID,JoinTree_1.CI_ACCT,ACCT_ID,,
Premise___Domain,Customer Operations,1.) Account,Account Management Group,JoinTree_1.CI_ACCT,ACCT_MGMT_GRP_CD,,
Premise___Domain,Customer Operations,1.) Account,Alert Information,JoinTree_1.CI_ACCT,ALERT_INFO,,
Premise___Domain,Customer Operations,1.) Account,Bill After                    ,JoinTree_1.CI_ACCT,BILL_AFTER_DT,,
Premise___Domain,Customer Operations,1.) Account,Bill Cycle,JoinTree_1.CI_ACCT,BILL_CYC_CD,,
Premise___Domain,Customer Operations,1.) Account,Bill Print Intercept,JoinTree_1.CI_ACCT,BILL_PRT_INTERCEPT,,
Premise___Domain,Customer Operations,1.) Account,Budget Plan,JoinTree_1.CI_ACCT,BUD_PLAN_CD,,
Premise___Domain,Customer Operations,1.) Account,CIS Division,JoinTree_1.CI_ACCT,CIS_DIVISION,,
Premise___Domain,Customer Operations,1.) Account,Collection Class,JoinTree_1.CI_ACCT,COLL_CL_CD,,
Premise___Domain,Customer Operations,1.) Account,Last Credit Review Date,JoinTree_1.CI_ACCT,CR_REVIEW_DT,,
Premise___Domain,Customer Operations,1.) Account,Currency Code,JoinTree_1.CI_ACCT,CURRENCY_CD,,
Premise___Domain,Customer Operations,1.) Account,Customer Class,JoinTree_1.CI_ACCT,CUST_CL_CD,,
Premise___Domain,Customer Operations,1.) Account,Internal Credit Review,JoinTree_1.CI_ACCT,INT_CR_REVIEW_SW,,
Premise___Domain,Customer Operations,1.) Account,Mailing Premise ID,JoinTree_1.CI_ACCT,MAILING_PREM_ID,,
Premise___Domain,Customer Operations,1.) Account,No Deposit Review Switch,JoinTree_1.CI_ACCT,NO_DEP_RVW_SW,,
Premise___Domain,Customer Operations,1.) Account,Postpone Credit Review Until,JoinTree_1.CI_ACCT,POSTPONE_CR_RVW_DT,,
Premise___Domain,Customer Operations,1.) Account,Protect Bill Cycle,JoinTree_1.CI_ACCT,PROTECT_CYC_SW,,
Premise___Domain,Customer Operations,1.) Account,Protect Division,JoinTree_1.CI_ACCT,PROTECT_DIV_SW,,
Premise___Domain,Customer Operations,1.) Account,Protect Mailing Premise,JoinTree_1.CI_ACCT,PROTECT_PREM_SW,,
Premise___Domain,Customer Operations,1.) Account,Set Up Date,JoinTree_1.CI_ACCT,SETUP_DT,,
Premise___Domain,Customer Operations,1.) Descriptions,Access Group Description,JoinTree_1.CI_ACC_GRP_L,DESCR,,
Premise___Domain,Customer Operations,1.) Descriptions,Account Management Group Description,JoinTree_1.CI_ACCT_MGMT_GR_L,DESCR,,
Premise___Domain,Customer Operations,1.) Descriptions,Bill Cycle Description,JoinTree_1.CI_BILL_CYC_L,DESCR,,
Premise___Domain,Customer Operations,1.) Descriptions,Budget Plan Description,JoinTree_1.CI_BUD_PLAN_L,DESCR,,
Premise___Domain,Customer Operations,1.) Descriptions,Collection Class Description,JoinTree_1.CI_COLL_CL_L,DESCR,,
Premise___Domain,Customer Operations,1.) Descriptions,Customer Class Description,JoinTree_1.CI_CUST_CL_L,DESCR,,
Premise___Domain,Customer Operations,1.) Descriptions,Meter Read Instruction Description,JoinTree_1.CI_MR_INSTR_L,DESCR,,
Premise___Domain,Customer Operations,1.) Descriptions,Meter Read Warning Description,JoinTree_1.CI_MR_WARN_L,DESCR,,
Premise___Domain,Customer Operations,1.) Descriptions,Premise Type Description,JoinTree_1.CI_PREM_TYPE_L,DESCR,,
Premise___Domain,Customer Operations,1.) Descriptions,SA Status Description,JoinTree_1,SA_STATUS_DESCRIPTION,,
Premise___Domain,Customer Operations,1.) Descriptions,SA Type Description,JoinTree_1.CI_SA_TYPE_L,DESCR,,
Premise___Domain,Customer Operations,1.) Descriptions,Time Zone Description,JoinTree_1.CI_TIME_ZONE_L,DESCR,,
Premise___Domain,Customer Operations,1.) Formulas,Distinct Account ID,JoinTree_1,ACCT_ID_DISTINCT,,
Premise___Domain,Customer Operations,1.) Formulas,Distinct Premise ID,JoinTree_1,PREM_ID_DISTINCT,,
Premise___Domain,Customer Operations,1.) Formulas,Distinct Service Agreement,JoinTree_1,SA_ID_DISTINCT,,
Premise___Domain,Customer Operations,1.) Formulas,Name,JoinTree_1.CI_PER_NAME,ENTITY_NAME_UPR,,
Premise___Domain,Customer Operations,1.) Formulas,Premise with SA,JoinTree_1,PREM_WITH_SA,,
Premise___Domain,Customer Operations,1.) Formulas,Postal (Five Digits),JoinTree_1,POSTAL_NUMBER_FIVE,,
SA_Snapshot___Aged_Balance___Domain,Debt Management,1.) SA Arrears Snapshot,Account ID,JoinTree_1.CMS_SA_SNAPSHOT,ACCT_ID,,
SA_Snapshot___Aged_Balance___Domain,Debt Management,1.) SA Arrears Snapshot,Arrears (0 - 30 Days),JoinTree_1.CMS_SA_SNAPSHOT,ARS_AMT1,,
SA_Snapshot___Aged_Balance___Domain,Debt Management,1.) SA Arrears Snapshot,Arrears (31 - 60 Days),JoinTree_1.CMS_SA_SNAPSHOT,ARS_AMT2,,
SA_Snapshot___Aged_Balance___Domain,Debt Management,1.) SA Arrears Snapshot,Arrears (61 - 90 Days),JoinTree_1.CMS_SA_SNAPSHOT,ARS_AMT3,,
SA_Snapshot___Aged_Balance___Domain,Debt Management,1.) SA Arrears Snapshot,Arrears (91 - 120 Days),JoinTree_1.CMS_SA_SNAPSHOT,ARS_AMT4,,
SA_Snapshot___Aged_Balance___Domain,Debt Management,1.) SA Arrears Snapshot,Arrears (121 Days++),JoinTree_1.CMS_SA_SNAPSHOT,ARS_AMT5,,
SA_Snapshot___Aged_Balance___Domain,Debt Management,1.) SA Arrears Snapshot,Snapshot Date,JoinTree_1.CMS_SA_SNAPSHOT,C1_SNAPSHOT_DT,,
SA_Snapshot___Aged_Balance___Domain,Debt Management,1.) SA Arrears Snapshot,Snapshot Type,JoinTree_1.CMS_SA_SNAPSHOT,CM_SNAPSHOT_TYPE_FLG,,
SA_Snapshot___Aged_Balance___Domain,Debt Management,1.) SA Arrears Snapshot,Current Balance,JoinTree_1.CMS_SA_SNAPSHOT,CUR_BAL,,
SA_Snapshot___Aged_Balance___Domain,Debt Management,1.) SA Arrears Snapshot,Currency Code,JoinTree_1.CMS_SA_SNAPSHOT,CURRENCY_CD,,
SA_Snapshot___Aged_Balance___Domain,Debt Management,1.) SA Arrears Snapshot,New Charge Balance,JoinTree_1.CMS_SA_SNAPSHOT,NEW_CHG_BAL,,
SA_Snapshot___Aged_Balance___Domain,Debt Management,1.) SA Arrears Snapshot,Person ID,JoinTree_1.CMS_SA_SNAPSHOT,PER_ID,,
SA_Snapshot___Aged_Balance___Domain,Debt Management,1.) SA Arrears Snapshot,Service Agreement,JoinTree_1.CMS_SA_SNAPSHOT,SA_ID,,
SA_Snapshot___Aged_Balance___Domain,Debt Management,1.) SA Arrears Snapshot,Service Agreements,JoinTree_1.CMS_SA_SNAPSHOT,SA_SNAPSHOT_CNT,,
SA_Snapshot___Aged_Balance___Domain,Debt Management,1.) SA Arrears Snapshot,Payoff Balance,JoinTree_1.CMS_SA_SNAPSHOT,TOT_BAL,,
SA_Snapshot___Aged_Balance___Domain,Debt Management,1.) Account,Access Group             ,JoinTree_1.CI_ACCT,ACCESS_GRP_CD,,
SA_Snapshot___Aged_Balance___Domain,Debt Management,1.) Account,Account ID,JoinTree_1.CI_ACCT,ACCT_ID,,
SA_Snapshot___Aged_Balance___Domain,Debt Management,1.) Account,Account Management Group,JoinTree_1.CI_ACCT,ACCT_MGMT_GRP_CD,,
SA_Snapshot___Aged_Balance___Domain,Debt Management,1.) Account,Alert Information,JoinTree_1.CI_ACCT,ALERT_INFO,,
SA_Snapshot___Aged_Balance___Domain,Debt Management,1.) Account,Bill After                    ,JoinTree_1.CI_ACCT,BILL_AFTER_DT,,
SA_Snapshot___Aged_Balance___Domain,Debt Management,1.) Account,Bill Cycle,JoinTree_1.CI_ACCT,BILL_CYC_CD,,
SA_Snapshot___Aged_Balance___Domain,Debt Management,1.) Account,Bill Print Intercept,JoinTree_1.CI_ACCT,BILL_PRT_INTERCEPT,,
SA_Snapshot___Aged_Balance___Domain,Debt Management,1.) Account,Budget Plan,JoinTree_1.CI_ACCT,BUD_PLAN_CD,,
SA_Snapshot___Aged_Balance___Domain,Debt Management,1.) Account,CIS Division,JoinTree_1.CI_ACCT,CIS_DIVISION,,
SA_Snapshot___Aged_Balance___Domain,Debt Management,1.) Account,Collection Class,JoinTree_1.CI_ACCT,COLL_CL_CD,,
SA_Snapshot___Aged_Balance___Domain,Debt Management,1.) Account,Last Credit Review Date,JoinTree_1.CI_ACCT,CR_REVIEW_DT,,
SA_Snapshot___Aged_Balance___Domain,Debt Management,1.) Account,Currency Code,JoinTree_1.CI_ACCT,CURRENCY_CD,,
SA_Snapshot___Aged_Balance___Domain,Debt Management,1.) Account,Customer Class,JoinTree_1.CI_ACCT,CUST_CL_CD,,
SA_Snapshot___Aged_Balance___Domain,Debt Management,1.) Account,Internal Credit Review,JoinTree_1.CI_ACCT,INT_CR_REVIEW_SW,,
SA_Snapshot___Aged_Balance___Domain,Debt Management,1.) Account,Mailing Premise ID,JoinTree_1.CI_ACCT,MAILING_PREM_ID,,
SA_Snapshot___Aged_Balance___Domain,Debt Management,1.) Account,No Deposit Review Switch,JoinTree_1.CI_ACCT,NO_DEP_RVW_SW,,
SA_Snapshot___Aged_Balance___Domain,Debt Management,1.) Account,Postpone Credit Review Until,JoinTree_1.CI_ACCT,POSTPONE_CR_RVW_DT,,
SA_Snapshot___Aged_Balance___Domain,Debt Management,1.) Account,Protect Bill Cycle,JoinTree_1.CI_ACCT,PROTECT_CYC_SW,,
SA_Snapshot___Aged_Balance___Domain,Debt Management,1.) Account,Protect Division,JoinTree_1.CI_ACCT,PROTECT_DIV_SW,,
SA_Snapshot___Aged_Balance___Domain,Debt Management,1.) Account,Protect Mailing Premise,JoinTree_1.CI_ACCT,PROTECT_PREM_SW,,
SA_Snapshot___Aged_Balance___Domain,Debt Management,1.) Account,Set Up Date,JoinTree_1.CI_ACCT,SETUP_DT,,
SA_Snapshot___Aged_Balance___Domain,Debt Management,1.) SA (Service Agreement),Account ID,JoinTree_1.CI_SA,ACCT_ID,,
SA_Snapshot___Aged_Balance___Domain,Debt Management,1.) SA (Service Agreement),Allow Estimates,JoinTree_1.CI_SA,ALLOW_EST_SW,,
SA_Snapshot___Aged_Balance___Domain,Debt Management,1.) SA (Service Agreement),Business Activity,JoinTree_1.CI_SA,BUS_ACTIVITY_DESC,,
SA_Snapshot___Aged_Balance___Domain,Debt Management,1.) SA (Service Agreement),Premise ID,JoinTree_1.CI_SA,CHAR_PREM_ID,,
SA_Snapshot___Aged_Balance___Domain,Debt Management,1.) SA (Service Agreement),CIAC Review Date,JoinTree_1.CI_SA,CIAC_REVIEW_DT,,
SA_Snapshot___Aged_Balance___Domain,Debt Management,1.) SA (Service Agreement),CIS Division,JoinTree_1.CI_SA,CIS_DIVISION,,
SA_Snapshot___Aged_Balance___Domain,Debt Management,1.) SA (Service Agreement),Currency Code,JoinTree_1.CI_SA,CURRENCY_CD,,
SA_Snapshot___Aged_Balance___Domain,Debt Management,1.) SA (Service Agreement),Customer Read,JoinTree_1.CI_SA,CUST_READ_FLG,,
SA_Snapshot___Aged_Balance___Domain,Debt Management,1.) SA (Service Agreement),End Date,JoinTree_1.CI_SA,END_DT,,
SA_Snapshot___Aged_Balance___Domain,Debt Management,1.) SA (Service Agreement),Order ID,JoinTree_1.CI_SA,ENRL_ID,,
SA_Snapshot___Aged_Balance___Domain,Debt Management,1.) SA (Service Agreement),Expire Date,JoinTree_1.CI_SA,EXPIRE_DT,,
SA_Snapshot___Aged_Balance___Domain,Debt Management,1.) SA (Service Agreement),Maximum Bill Threshold,JoinTree_1.CI_SA,HIGH_BILL_AMT,,
SA_Snapshot___Aged_Balance___Domain,Debt Management,1.) SA (Service Agreement),Start Day Option,JoinTree_1.CI_SA,IB_BASE_TM_DAY_FLG,,
SA_Snapshot___Aged_Balance___Domain,Debt Management,1.) SA (Service Agreement),IB SA Cutoff Time,JoinTree_1.CI_SA,IB_SA_CUTOFF_TM,,
SA_Snapshot___Aged_Balance___Domain,Debt Management,1.) SA (Service Agreement),Deposit Interest Calculated,JoinTree_1.CI_SA,INT_CALC_DT,,
SA_Snapshot___Aged_Balance___Domain,Debt Management,1.) SA (Service Agreement),NBB Auto Pay,JoinTree_1.CI_SA,NB_APAY_FLG,,
SA_Snapshot___Aged_Balance___Domain,Debt Management,1.) SA (Service Agreement),Recommendation Rule,JoinTree_1.CI_SA,NB_RULE_CD,,
SA_Snapshot___Aged_Balance___Domain,Debt Management,1.) SA (Service Agreement),Number of Payment Periods,JoinTree_1.CI_SA,NBR_PYMNT_PERIODS,,
SA_Snapshot___Aged_Balance___Domain,Debt Management,1.) SA (Service Agreement),Old Account ID,JoinTree_1.CI_SA,OLD_ACCT_ID,,
SA_Snapshot___Aged_Balance___Domain,Debt Management,1.) SA (Service Agreement),Decline Reason,JoinTree_1.CI_SA,PROP_DCL_RSN_CD,,
SA_Snapshot___Aged_Balance___Domain,Debt Management,1.) SA (Service Agreement),Proposal SA ID,JoinTree_1.CI_SA,PROP_SA_ID,,
SA_Snapshot___Aged_Balance___Domain,Debt Management,1.) SA (Service Agreement),Proposal SA Status,JoinTree_1.CI_SA,PROP_SA_STAT_FLG,,
SA_Snapshot___Aged_Balance___Domain,Debt Management,1.) SA (Service Agreement),Renewal Date,JoinTree_1.CI_SA,RENEWAL_DT,,
SA_Snapshot___Aged_Balance___Domain,Debt Management,1.) SA (Service Agreement),Service Agreement,JoinTree_1.CI_SA,SA_ID,,
SA_Snapshot___Aged_Balance___Domain,Debt Management,1.) SA (Service Agreement),SA Relationship ID,JoinTree_1.CI_SA,SA_REL_ID,,
SA_Snapshot___Aged_Balance___Domain,Debt Management,1.) SA (Service Agreement),SA Status,JoinTree_1.CI_SA,SA_STATUS_FLG,,
SA_Snapshot___Aged_Balance___Domain,Debt Management,1.) SA (Service Agreement),SA Type,JoinTree_1.CI_SA,SA_TYPE_CD,,
SA_Snapshot___Aged_Balance___Domain,Debt Management,1.) SA (Service Agreement),SIC,JoinTree_1.CI_SA,SIC_CD,,
SA_Snapshot___Aged_Balance___Domain,Debt Management,1.) SA (Service Agreement),Special Usage,JoinTree_1.CI_SA,SPECIAL_USAGE_FLG,,
SA_Snapshot___Aged_Balance___Domain,Debt Management,1.) SA (Service Agreement),Start Date,JoinTree_1.CI_SA,START_DT,,
SA_Snapshot___Aged_Balance___Domain,Debt Management,1.) SA (Service Agreement),Start Option,JoinTree_1.CI_SA,START_OPT_CD,,
SA_Snapshot___Aged_Balance___Domain,Debt Management,1.) SA (Service Agreement),Stop Requested By,JoinTree_1.CI_SA,STOP_REQED_BY,,
SA_Snapshot___Aged_Balance___Domain,Debt Management,1.) SA (Service Agreement),Stop Reason,JoinTree_1.CI_SA,STOP_RSN_FLG,,
SA_Snapshot___Aged_Balance___Domain,Debt Management,1.) SA (Service Agreement),Start Requested By,JoinTree_1.CI_SA,STRT_REQED_BY,,
SA_Snapshot___Aged_Balance___Domain,Debt Management,1.) SA (Service Agreement),Start Reason,JoinTree_1.CI_SA,STRT_RSN_FLG,,
SA_Snapshot___Aged_Balance___Domain,Debt Management,1.) SA (Service Agreement),Total Amount to Bill,JoinTree_1.CI_SA,TOT_TO_BILL_AMT,,
SA_Snapshot___Aged_Balance___Domain,Debt Management,1.) Premise,Address,JoinTree_1.CI_PREM,ADDRESS1,,
SA_Snapshot___Aged_Balance___Domain,Debt Management,1.) Premise,Address Uppercase,JoinTree_1.CI_PREM,ADDRESS1_UPR,,
SA_Snapshot___Aged_Balance___Domain,Debt Management,1.) Premise,Address 2,JoinTree_1.CI_PREM,ADDRESS2,,
SA_Snapshot___Aged_Balance___Domain,Debt Management,1.) Premise,Address 3,JoinTree_1.CI_PREM,ADDRESS3,,
SA_Snapshot___Aged_Balance___Domain,Debt Management,1.) Premise,Address 4,JoinTree_1.CI_PREM,ADDRESS4,,
SA_Snapshot___Aged_Balance___Domain,Debt Management,1.) Premise,CIS Division,JoinTree_1.CI_PREM,CIS_DIVISION,,
SA_Snapshot___Aged_Balance___Domain,Debt Management,1.) Premise,City,JoinTree_1.CI_PREM,CITY,,
SA_Snapshot___Aged_Balance___Domain,Debt Management,1.) Premise,City Uppercase,JoinTree_1.CI_PREM,CITY_UPR,,
SA_Snapshot___Aged_Balance___Domain,Debt Management,1.) Premise,Country,JoinTree_1.CI_PREM,COUNTRY,,
SA_Snapshot___Aged_Balance___Domain,Debt Management,1.) Premise,County,JoinTree_1.CI_PREM,COUNTY,,
SA_Snapshot___Aged_Balance___Domain,Debt Management,1.) Premise,Geographical Code,JoinTree_1.CI_PREM,GEO_CODE,,
SA_Snapshot___Aged_Balance___Domain,Debt Management,1.) Premise,House Type,JoinTree_1.CI_PREM,HOUSE_TYPE,,
SA_Snapshot___Aged_Balance___Domain,Debt Management,1.) Premise,In City Limit,JoinTree_1.CI_PREM,IN_CITY_LIMIT,,
SA_Snapshot___Aged_Balance___Domain,Debt Management,1.) Premise,Key ID,JoinTree_1.CI_PREM,KEY_ID,,
SA_Snapshot___Aged_Balance___Domain,Debt Management,1.) Premise,Key,JoinTree_1.CI_PREM,KEY_SW,,
SA_Snapshot___Aged_Balance___Domain,Debt Management,1.) Premise,Landlord Agreement ID,JoinTree_1.CI_PREM,LL_ID,,
SA_Snapshot___Aged_Balance___Domain,Debt Management,1.) Premise,Life Support / Sensitive Load Details,JoinTree_1.CI_PREM,LS_SL_DESCR,,
SA_Snapshot___Aged_Balance___Domain,Debt Management,1.) Premise,Life Support / Sensitive Load,JoinTree_1.CI_PREM,LS_SL_FLG,,
SA_Snapshot___Aged_Balance___Domain,Debt Management,1.) Premise,Mailing Address,JoinTree_1.CI_PREM,MAIL_ADDR_SW,,
SA_Snapshot___Aged_Balance___Domain,Debt Management,1.) Premise,Meter Read Instruction,JoinTree_1.CI_PREM,MR_INSTR_CD,,
SA_Snapshot___Aged_Balance___Domain,Debt Management,1.) Premise,Instruction Details,JoinTree_1.CI_PREM,MR_INSTR_DETAILS,,
SA_Snapshot___Aged_Balance___Domain,Debt Management,1.) Premise,Meter Read Warning,JoinTree_1.CI_PREM,MR_WARN_CD,,
SA_Snapshot___Aged_Balance___Domain,Debt Management,1.) Premise,Number 1,JoinTree_1.CI_PREM,NUM1,,
SA_Snapshot___Aged_Balance___Domain,Debt Management,1.) Premise,Number 2,JoinTree_1.CI_PREM,NUM2,,
SA_Snapshot___Aged_Balance___Domain,Debt Management,1.) Premise,OK to Enter,JoinTree_1.CI_PREM,OK_TO_ENTER_SW,,
SA_Snapshot___Aged_Balance___Domain,Debt Management,1.) Premise,Postal,JoinTree_1.CI_PREM,POSTAL,,
SA_Snapshot___Aged_Balance___Domain,Debt Management,1.) Premise,Premise ID,JoinTree_1.CI_PREM,PREM_ID,,
SA_Snapshot___Aged_Balance___Domain,Debt Management,1.) Premise,Premise Type,JoinTree_1.CI_PREM,PREM_TYPE_CD,,
SA_Snapshot___Aged_Balance___Domain,Debt Management,1.) Premise,Parent Premise ID,JoinTree_1.CI_PREM,PRNT_PREM_ID,,
SA_Snapshot___Aged_Balance___Domain,Debt Management,1.) Premise,State,JoinTree_1.CI_PREM,STATE,,
SA_Snapshot___Aged_Balance___Domain,Debt Management,1.) Premise,Time Zone,JoinTree_1.CI_PREM,TIME_ZONE_CD,,
SA_Snapshot___Aged_Balance___Domain,Debt Management,1.) Premise,Trend Area,JoinTree_1.CI_PREM,TREND_AREA_CD,,
SA_Snapshot___Aged_Balance___Domain,Debt Management,1.) Descriptions,Account Management Group Descrpition,JoinTree_1.CI_ACCT_MGMT_GR_L,DESCR,,
SA_Snapshot___Aged_Balance___Domain,Debt Management,1.) Descriptions,Bill Cycle Description,JoinTree_1.CI_BILL_CYC_L,DESCR,,
SA_Snapshot___Aged_Balance___Domain,Debt Management,1.) Descriptions,Budget Plan Description,JoinTree_1.CI_BUD_PLAN_L,DESCR,,
SA_Snapshot___Aged_Balance___Domain,Debt Management,1.) Descriptions,Collection Class Description,JoinTree_1.CI_COLL_CL_L,DESCR,,
SA_Snapshot___Aged_Balance___Domain,Debt Management,1.) Descriptions,Customer Class Description,JoinTree_1.CI_CUST_CL_L,DESCR,,
SA_Snapshot___Aged_Balance___Domain,Debt Management,1.) Descriptions,Meter Read Instruction Description,JoinTree_1.CI_MR_INSTR_L,DESCR,,
SA_Snapshot___Aged_Balance___Domain,Debt Management,1.) Descriptions,Meter Read Warning Description,JoinTree_1.CI_MR_WARN_L,DESCR,,
SA_Snapshot___Aged_Balance___Domain,Debt Management,1.) Descriptions,Premise Type Description,JoinTree_1.CI_PREM_TYPE_L,DESCR,,
SA_Snapshot___Aged_Balance___Domain,Debt Management,1.) Descriptions,State Description,JoinTree_1.CI_STATE_L,DESCR,,
SA_Snapshot___Aged_Balance___Domain,Debt Management,1.) Descriptions,SA Status Description,JoinTree_1.CI_LOOKUP_VAL_L,DESCR,,
SA_Snapshot___Aged_Balance___Domain,Debt Management,1.) Descriptions,SA Type Description,JoinTree_1.CI_SA_TYPE_L,DESCR,,
SA_Snapshot___Aged_Balance___Domain,Debt Management,1.) Descriptions,Snapshot Type Description,JoinTree_1.CI_LOOKUP_VAL_L_1,DESCR,,
SA_Snapshot___Aged_Balance___Domain,Debt Management,1.) Descriptions,Time Zone Description,JoinTree_1.CI_TIME_ZONE_L,DESCR,,
SA_Snapshot___Aged_Balance___Domain,Debt Management,1.) Descriptions,Trend Area Description,JoinTree_1.CI_TREND_AREA_L,DESCR,,
SA_Snapshot___Aged_Balance___Domain,Debt Management,1.) Formulas,Total Amount,JoinTree_1.CMS_SA_SNAPSHOT,TOT_BAL,,
SA_Snapshot___Aged_Balance___Domain,Debt Management,1.) Formulas,Distinct Account ID,JoinTree_1,ACCT_ID_DISTINCT,,
SA_Snapshot___Aged_Balance___Domain,Debt Management,1.) Formulas,Distinct Person ID,JoinTree_1,PER_ID_DISTINCT,,
SA_Snapshot___Aged_Balance___Domain,Debt Management,1.) Formulas,Distinct Premise ID,JoinTree_1,PREMISE_ID_DISTINCT,,
SA_Snapshot___Aged_Balance___Domain,Debt Management,1.) Formulas,Distinct Service Agreement ID,JoinTree_1,SA_ID_DISTINCT,,
SA_Snapshot___Aged_Balance___Domain,Debt Management,1.) Formulas,Name,JoinTree_1.CI_PER_NAME,ENTITY_NAME_UPR,,
SA_Snapshot___Aged_Balance___Domain,Debt Management,2.) Account Arrears Snapshot,Total Amount,JoinTree_2.CMS_ACCT_SNAPSHOT,TOT_BAL,,
SA_Snapshot___Aged_Balance___Domain,Debt Management,2.) Account Arrears Snapshot,Account ID,JoinTree_2.CMS_ACCT_SNAPSHOT,ACCT_ID,,
SA_Snapshot___Aged_Balance___Domain,Debt Management,2.) Account Arrears Snapshot,Arrears (0 - 30 Days),JoinTree_2.CMS_ACCT_SNAPSHOT,ARS_AMT1,,
SA_Snapshot___Aged_Balance___Domain,Debt Management,2.) Account Arrears Snapshot,Arrears (31 - 60 Days),JoinTree_2.CMS_ACCT_SNAPSHOT,ARS_AMT2,,
SA_Snapshot___Aged_Balance___Domain,Debt Management,2.) Account Arrears Snapshot,Arrears (61 - 90 Days),JoinTree_2.CMS_ACCT_SNAPSHOT,ARS_AMT3,,
SA_Snapshot___Aged_Balance___Domain,Debt Management,2.) Account Arrears Snapshot,Arrears (91 - 120 Days),JoinTree_2.CMS_ACCT_SNAPSHOT,ARS_AMT4,,
SA_Snapshot___Aged_Balance___Domain,Debt Management,2.) Account Arrears Snapshot,Arrears (121 Days++),JoinTree_2.CMS_ACCT_SNAPSHOT,ARS_AMT5,,
SA_Snapshot___Aged_Balance___Domain,Debt Management,2.) Account Arrears Snapshot,Current Balance,JoinTree_2.CMS_ACCT_SNAPSHOT,CUR_BAL,,
SA_Snapshot___Aged_Balance___Domain,Debt Management,2.) Account Arrears Snapshot,New Charge Balance,JoinTree_2.CMS_ACCT_SNAPSHOT,NEW_CHG_BAL,,
SA_Snapshot___Aged_Balance___Domain,Debt Management,2.) Account Arrears Snapshot,Payoff Balance,JoinTree_2.CMS_ACCT_SNAPSHOT,TOT_BAL,,
SA_Snapshot___Aged_Balance___Domain,Debt Management,2.) Account Arrears Snapshot,Person ID,JoinTree_2.CMS_ACCT_SNAPSHOT,PER_ID,,
SA_Snapshot___Aged_Balance___Domain,Debt Management,2.) Account Arrears Snapshot,Snapshot Date,JoinTree_2.CMS_ACCT_SNAPSHOT,C1_SNAPSHOT_DT,,
SA_Snapshot___Aged_Balance___Domain,Debt Management,2.) Account Arrears Snapshot,Snapshot Type,JoinTree_2.CMS_ACCT_SNAPSHOT,CM_SNAPSHOT_TYPE_FLG,,
SA_Snapshot___Aged_Balance___Domain,Debt Management,2.) Account,Access Group  ,JoinTree_2.CI_ACCT_1,ACCESS_GRP_CD,,
SA_Snapshot___Aged_Balance___Domain,Debt Management,2.) Account,Account ID,JoinTree_2.CI_ACCT_1,ACCT_ID,,
SA_Snapshot___Aged_Balance___Domain,Debt Management,2.) Account,Account Management Group,JoinTree_2.CI_ACCT_1,ACCT_MGMT_GRP_CD,,
SA_Snapshot___Aged_Balance___Domain,Debt Management,2.) Account,Alert Information,JoinTree_2.CI_ACCT_1,ALERT_INFO,,
SA_Snapshot___Aged_Balance___Domain,Debt Management,2.) Account,Bill After           ,JoinTree_2.CI_ACCT_1,BILL_AFTER_DT,,
SA_Snapshot___Aged_Balance___Domain,Debt Management,2.) Account,Bill Cycle,JoinTree_2.CI_ACCT_1,BILL_CYC_CD,,
SA_Snapshot___Aged_Balance___Domain,Debt Management,2.) Account,Bill Print Intercept,JoinTree_2.CI_ACCT_1,BILL_PRT_INTERCEPT,,
SA_Snapshot___Aged_Balance___Domain,Debt Management,2.) Account,Budget Plan,JoinTree_2.CI_ACCT_1,BUD_PLAN_CD,,
SA_Snapshot___Aged_Balance___Domain,Debt Management,2.) Account,CIS Division,JoinTree_2.CI_ACCT_1,CIS_DIVISION,,
SA_Snapshot___Aged_Balance___Domain,Debt Management,2.) Account,Collection Class,JoinTree_2.CI_ACCT_1,COLL_CL_CD,,
SA_Snapshot___Aged_Balance___Domain,Debt Management,2.) Account,Last Credit Review Date,JoinTree_2.CI_ACCT_1,CR_REVIEW_DT,,
SA_Snapshot___Aged_Balance___Domain,Debt Management,2.) Account,Currency Code,JoinTree_2.CI_ACCT_1,CURRENCY_CD,,
SA_Snapshot___Aged_Balance___Domain,Debt Management,2.) Account,Customer Class,JoinTree_2.CI_ACCT_1,CUST_CL_CD,,
SA_Snapshot___Aged_Balance___Domain,Debt Management,2.) Account,Internal Credit Review,JoinTree_2.CI_ACCT_1,INT_CR_REVIEW_SW,,
SA_Snapshot___Aged_Balance___Domain,Debt Management,2.) Account,Mailing Premise ID,JoinTree_2.CI_ACCT_1,MAILING_PREM_ID,,
SA_Snapshot___Aged_Balance___Domain,Debt Management,2.) Account,No Deposit Review Switch,JoinTree_2.CI_ACCT_1,NO_DEP_RVW_SW,,
SA_Snapshot___Aged_Balance___Domain,Debt Management,2.) Account,Postpone Credit Review Until,JoinTree_2.CI_ACCT_1,POSTPONE_CR_RVW_DT,,
SA_Snapshot___Aged_Balance___Domain,Debt Management,2.) Account,Protect Bill Cycle,JoinTree_2.CI_ACCT_1,PROTECT_CYC_SW,,
SA_Snapshot___Aged_Balance___Domain,Debt Management,2.) Account,Protect Division,JoinTree_2.CI_ACCT_1,PROTECT_DIV_SW,,
SA_Snapshot___Aged_Balance___Domain,Debt Management,2.) Account,Protect Mailing Premise,JoinTree_2.CI_ACCT_1,PROTECT_PREM_SW,,
SA_Snapshot___Aged_Balance___Domain,Debt Management,2.) Account,Set Up Date,JoinTree_2.CI_ACCT_1,SETUP_DT,,
SA_Snapshot___Aged_Balance___Domain,Debt Management,2.) Descriptions,Account Management Group Descrpition,JoinTree_2.CI_ACCT_MGMT_GR_L_1,DESCR,,
SA_Snapshot___Aged_Balance___Domain,Debt Management,2.) Descriptions,Bill Cycle Description,JoinTree_2.CI_BILL_CYC_L_1,DESCR,,
SA_Snapshot___Aged_Balance___Domain,Debt Management,2.) Descriptions,Budget Plan Description,JoinTree_2.CI_BUD_PLAN_L_1,DESCR,,
SA_Snapshot___Aged_Balance___Domain,Debt Management,2.) Descriptions,Collection Class Description,JoinTree_2.CI_COLL_CL_L_1,DESCR,,
SA_Snapshot___Aged_Balance___Domain,Debt Management,2.) Descriptions,Customer Class Description,JoinTree_2.CI_CUST_CL_L_1,DESCR,,
SA_Snapshot___Aged_Balance___Domain,Debt Management,2.) Descriptions,Snapshot Type Description,JoinTree_2.CI_LOOKUP_VAL_L_2,DESCR,,
SA_Snapshot___Aged_Balance___Domain,Debt Management,2.) Formulas,Distinct Account ID,JoinTree_2,ACCT_ID_DISTINCT,,
SA_Snapshot___Aged_Balance___Domain,Debt Management,2.) Formulas,Distinct Person ID,JoinTree_2,PER_ID_DISTINCT,,
SA_Snapshot___Aged_Balance___Domain,Debt Management,2.) Formulas,Name,JoinTree_2.CI_PER_NAME_1,ENTITY_NAME_UPR,,
Severance_Process___Domain,Debt Management,1.) Severance Process,Arrears Amount,JoinTree_1.CI_SEV_PROC,ARS_AMT,,
Severance_Process___Domain,Debt Management,1.) Severance Process,Collection Process ID,JoinTree_1.CI_SEV_PROC,COLL_PROC_ID,,
Severance_Process___Domain,Debt Management,1.) Severance Process,Comments,JoinTree_1.CI_SEV_PROC,COMMENTS,,
Severance_Process___Domain,Debt Management,1.) Severance Process,Create Date/Time,JoinTree_1.CI_SEV_PROC,CRE_DTTM,,
Severance_Process___Domain,Debt Management,1.) Severance Process,Priority,JoinTree_1.CI_SEV_PROC,CRIT_PRIO_FLG,,
Severance_Process___Domain,Debt Management,1.) Severance Process,Currency Code,JoinTree_1.CI_SEV_PROC,CURRENCY_CD,,
Severance_Process___Domain,Debt Management,1.) Severance Process,Event Sequence,JoinTree_1.CI_SEV_PROC,EVT_SEQ,Dimension,CountAll
Severance_Process___Domain,Debt Management,1.) Severance Process,Message Category,JoinTree_1.CI_SEV_PROC,MESSAGE_CAT_NBR,Dimension,CountAll
Severance_Process___Domain,Debt Management,1.) Severance Process,Message Number,JoinTree_1.CI_SEV_PROC,MESSAGE_NBR,Dimension,CountAll
Severance_Process___Domain,Debt Management,1.) Severance Process,Service Agreement,JoinTree_1.CI_SEV_PROC,SA_ID,,
Severance_Process___Domain,Debt Management,1.) Severance Process,Arrears Date,JoinTree_1.CI_SEV_PROC,SEV_ARS_DT,,
Severance_Process___Domain,Debt Management,1.) Severance Process,Severance Process ID,JoinTree_1.CI_SEV_PROC,SEV_PROC_ID,,CountAll
Severance_Process___Domain,Debt Management,1.) Severance Process,Severance Process Template,JoinTree_1.CI_SEV_PROC,SEV_PROC_TMPL_CD,,
Severance_Process___Domain,Debt Management,1.) Severance Process,Severance Status Reason,JoinTree_1.CI_SEV_PROC,SEV_STAT_RSN_FLG,,
Severance_Process___Domain,Debt Management,1.) Severance Process,Severance Status,JoinTree_1.CI_SEV_PROC,SEV_STATUS_FLG,,
Severance_Process___Domain,Debt Management,1.) Severance Process,Trigger Business Process,JoinTree_1.CI_SEV_PROC,TRIGGER_BP_SW,,
Severance_Process___Domain,Debt Management,1.) Severance Event,Completion Date,JoinTree_1.CI_SEV_EVT,COMPLETION_DT,,
Severance_Process___Domain,Debt Management,1.) Severance Event,Days After Prev Response,JoinTree_1.CI_SEV_EVT,DAYS_AFT_PREV_EVT,,
Severance_Process___Domain,Debt Management,1.) Severance Event,Dep on Other Events,JoinTree_1.CI_SEV_EVT,DEP_EVT_SW,,
Severance_Process___Domain,Debt Management,1.) Severance Event,Event Sequence,JoinTree_1.CI_SEV_EVT,EVT_SEQ,Dimension,CountAll
Severance_Process___Domain,Debt Management,1.) Severance Event,Severance Event Status,JoinTree_1.CI_SEV_EVT,SEV_EVT_STAT_FLG,,
Severance_Process___Domain,Debt Management,1.) Severance Event,Severance Event Type,JoinTree_1.CI_SEV_EVT,SEV_EVT_TYPE_CD,,
Severance_Process___Domain,Debt Management,1.) Severance Event,Severance Process ID,JoinTree_1.CI_SEV_EVT,SEV_PROC_ID,,
Severance_Process___Domain,Debt Management,1.) Severance Event,Trigger Business Process,JoinTree_1.CI_SEV_EVT,TRIGGER_BP_SW,,
Severance_Process___Domain,Debt Management,1.) Severance Event,Trigger Date,JoinTree_1.CI_SEV_EVT,TRIGGER_DT,,
Severance_Process___Domain,Debt Management,1.) Service Agreement,Account ID,JoinTree_1.CI_SA,ACCT_ID,,
Severance_Process___Domain,Debt Management,1.) Service Agreement,Allow Estimates,JoinTree_1.CI_SA,ALLOW_EST_SW,,
Severance_Process___Domain,Debt Management,1.) Service Agreement,Business Activity,JoinTree_1.CI_SA,BUS_ACTIVITY_DESC,,
Severance_Process___Domain,Debt Management,1.) Service Agreement,Premise ID,JoinTree_1.CI_SA,CHAR_PREM_ID,,
Severance_Process___Domain,Debt Management,1.) Service Agreement,CIAC Review Date,JoinTree_1.CI_SA,CIAC_REVIEW_DT,,
Severance_Process___Domain,Debt Management,1.) Service Agreement,CIS Division,JoinTree_1.CI_SA,CIS_DIVISION,,
Severance_Process___Domain,Debt Management,1.) Service Agreement,Currency Code,JoinTree_1.CI_SA,CURRENCY_CD,,
Severance_Process___Domain,Debt Management,1.) Service Agreement,Customer Read,JoinTree_1.CI_SA,CUST_READ_FLG,,
Severance_Process___Domain,Debt Management,1.) Service Agreement,End Date,JoinTree_1.CI_SA,END_DT,,
Severance_Process___Domain,Debt Management,1.) Service Agreement,Order ID,JoinTree_1.CI_SA,ENRL_ID,,
Severance_Process___Domain,Debt Management,1.) Service Agreement,Expire Date,JoinTree_1.CI_SA,EXPIRE_DT,,
Severance_Process___Domain,Debt Management,1.) Service Agreement,Maximum Bill Threshold,JoinTree_1.CI_SA,HIGH_BILL_AMT,,
Severance_Process___Domain,Debt Management,1.) Service Agreement,Start Day Option,JoinTree_1.CI_SA,IB_BASE_TM_DAY_FLG,,
Severance_Process___Domain,Debt Management,1.) Service Agreement,IB SA Cutoff Time,JoinTree_1.CI_SA,IB_SA_CUTOFF_TM,,
Severance_Process___Domain,Debt Management,1.) Service Agreement,Deposit Interest Calculated,JoinTree_1.CI_SA,INT_CALC_DT,,
Severance_Process___Domain,Debt Management,1.) Service Agreement,NBB Auto Pay,JoinTree_1.CI_SA,NB_APAY_FLG,,
Severance_Process___Domain,Debt Management,1.) Service Agreement,Recommendation Rule,JoinTree_1.CI_SA,NB_RULE_CD,,
Severance_Process___Domain,Debt Management,1.) Service Agreement,Number of Payment Periods,JoinTree_1.CI_SA,NBR_PYMNT_PERIODS,,
Severance_Process___Domain,Debt Management,1.) Service Agreement,Old Account ID,JoinTree_1.CI_SA,OLD_ACCT_ID,,
Severance_Process___Domain,Debt Management,1.) Service Agreement,Decline Reason,JoinTree_1.CI_SA,PROP_DCL_RSN_CD,,
Severance_Process___Domain,Debt Management,1.) Service Agreement,Proposal SA ID,JoinTree_1.CI_SA,PROP_SA_ID,,
Severance_Process___Domain,Debt Management,1.) Service Agreement,Proposal SA Status,JoinTree_1.CI_SA,PROP_SA_STAT_FLG,,
Severance_Process___Domain,Debt Management,1.) Service Agreement,Renewal Date,JoinTree_1.CI_SA,RENEWAL_DT,,
Severance_Process___Domain,Debt Management,1.) Service Agreement,Service Agreement,JoinTree_1.CI_SA,SA_ID,,
Severance_Process___Domain,Debt Management,1.) Service Agreement,SA Relationship ID,JoinTree_1.CI_SA,SA_REL_ID,,
Severance_Process___Domain,Debt Management,1.) Service Agreement,SA Status,JoinTree_1.CI_SA,SA_STATUS_FLG,,
Severance_Process___Domain,Debt Management,1.) Service Agreement,SA Type,JoinTree_1.CI_SA,SA_TYPE_CD,,
Severance_Process___Domain,Debt Management,1.) Service Agreement,SIC,JoinTree_1.CI_SA,SIC_CD,,
Severance_Process___Domain,Debt Management,1.) Service Agreement,Special Usage,JoinTree_1.CI_SA,SPECIAL_USAGE_FLG,,
Severance_Process___Domain,Debt Management,1.) Service Agreement,Start Date,JoinTree_1.CI_SA,START_DT,,
Severance_Process___Domain,Debt Management,1.) Service Agreement,Start Option,JoinTree_1.CI_SA,START_OPT_CD,,
Severance_Process___Domain,Debt Management,1.) Service Agreement,Stop Requested By,JoinTree_1.CI_SA,STOP_REQED_BY,,
Severance_Process___Domain,Debt Management,1.) Service Agreement,Stop Reason,JoinTree_1.CI_SA,STOP_RSN_FLG,,
Severance_Process___Domain,Debt Management,1.) Service Agreement,Start Requested By,JoinTree_1.CI_SA,STRT_REQED_BY,,
Severance_Process___Domain,Debt Management,1.) Service Agreement,Start Reason,JoinTree_1.CI_SA,STRT_RSN_FLG,,
Severance_Process___Domain,Debt Management,1.) Service Agreement,Total Amount to Bill,JoinTree_1.CI_SA,TOT_TO_BILL_AMT,,
Severance_Process___Domain,Debt Management,1.) Account,Access Group,JoinTree_1.CI_ACCT,ACCESS_GRP_CD,,
Severance_Process___Domain,Debt Management,1.) Account,Account ID,JoinTree_1.CI_ACCT,ACCT_ID,,
Severance_Process___Domain,Debt Management,1.) Account,Account Management Group,JoinTree_1.CI_ACCT,ACCT_MGMT_GRP_CD,,
Severance_Process___Domain,Debt Management,1.) Account,Alert Information,JoinTree_1.CI_ACCT,ALERT_INFO,,
Severance_Process___Domain,Debt Management,1.) Account,Bill After                    ,JoinTree_1.CI_ACCT,BILL_AFTER_DT,,
Severance_Process___Domain,Debt Management,1.) Account,Bill Cycle,JoinTree_1.CI_ACCT,BILL_CYC_CD,,
Severance_Process___Domain,Debt Management,1.) Account,Bill Print Intercept,JoinTree_1.CI_ACCT,BILL_PRT_INTERCEPT,,
Severance_Process___Domain,Debt Management,1.) Account,Budget Plan,JoinTree_1.CI_ACCT,BUD_PLAN_CD,,
Severance_Process___Domain,Debt Management,1.) Account,CIS Division,JoinTree_1.CI_ACCT,CIS_DIVISION,,
Severance_Process___Domain,Debt Management,1.) Account,Collection Class,JoinTree_1.CI_ACCT,COLL_CL_CD,,
Severance_Process___Domain,Debt Management,1.) Account,Last Credit Review Date,JoinTree_1.CI_ACCT,CR_REVIEW_DT,,
Severance_Process___Domain,Debt Management,1.) Account,Currency Code,JoinTree_1.CI_ACCT,CURRENCY_CD,,
Severance_Process___Domain,Debt Management,1.) Account,Customer Class,JoinTree_1.CI_ACCT,CUST_CL_CD,,
Severance_Process___Domain,Debt Management,1.) Account,Internal Credit Review,JoinTree_1.CI_ACCT,INT_CR_REVIEW_SW,,
Severance_Process___Domain,Debt Management,1.) Account,Mailing Premise ID,JoinTree_1.CI_ACCT,MAILING_PREM_ID,,
Severance_Process___Domain,Debt Management,1.) Account,No Deposit Review Switch,JoinTree_1.CI_ACCT,NO_DEP_RVW_SW,,
Severance_Process___Domain,Debt Management,1.) Account,Postpone Credit Review Until,JoinTree_1.CI_ACCT,POSTPONE_CR_RVW_DT,,
Severance_Process___Domain,Debt Management,1.) Account,Protect Bill Cycle,JoinTree_1.CI_ACCT,PROTECT_CYC_SW,,
Severance_Process___Domain,Debt Management,1.) Account,Protect Division,JoinTree_1.CI_ACCT,PROTECT_DIV_SW,,
Severance_Process___Domain,Debt Management,1.) Account,Protect Mailing Premise,JoinTree_1.CI_ACCT,PROTECT_PREM_SW,,
Severance_Process___Domain,Debt Management,1.) Account,Set Up Date,JoinTree_1.CI_ACCT,SETUP_DT,,
Severance_Process___Domain,Debt Management,1.) Premise,Address,JoinTree_1.CI_PREM,ADDRESS1,,
Severance_Process___Domain,Debt Management,1.) Premise,Address Uppercase,JoinTree_1.CI_PREM,ADDRESS1_UPR,,
Severance_Process___Domain,Debt Management,1.) Premise,Address 2,JoinTree_1.CI_PREM,ADDRESS2,,
Severance_Process___Domain,Debt Management,1.) Premise,Address 3,JoinTree_1.CI_PREM,ADDRESS3,,
Severance_Process___Domain,Debt Management,1.) Premise,Address 4,JoinTree_1.CI_PREM,ADDRESS4,,
Severance_Process___Domain,Debt Management,1.) Premise,CIS Division,JoinTree_1.CI_PREM,CIS_DIVISION,,
Severance_Process___Domain,Debt Management,1.) Premise,City,JoinTree_1.CI_PREM,CITY,,
Severance_Process___Domain,Debt Management,1.) Premise,City Uppercase,JoinTree_1.CI_PREM,CITY_UPR,,
Severance_Process___Domain,Debt Management,1.) Premise,Country,JoinTree_1.CI_PREM,COUNTRY,,
Severance_Process___Domain,Debt Management,1.) Premise,County,JoinTree_1.CI_PREM,COUNTY,,
Severance_Process___Domain,Debt Management,1.) Premise,Geographical Code,JoinTree_1.CI_PREM,GEO_CODE,,
Severance_Process___Domain,Debt Management,1.) Premise,House Type,JoinTree_1.CI_PREM,HOUSE_TYPE,,
Severance_Process___Domain,Debt Management,1.) Premise,In City Limit,JoinTree_1.CI_PREM,IN_CITY_LIMIT,,
Severance_Process___Domain,Debt Management,1.) Premise,Key ID,JoinTree_1.CI_PREM,KEY_ID,,
Severance_Process___Domain,Debt Management,1.) Premise,Key,JoinTree_1.CI_PREM,KEY_SW,,
Severance_Process___Domain,Debt Management,1.) Premise,Landlord Agreement ID,JoinTree_1.CI_PREM,LL_ID,,
Severance_Process___Domain,Debt Management,1.) Premise,Life Support / Sensitive Load Details,JoinTree_1.CI_PREM,LS_SL_DESCR,,
Severance_Process___Domain,Debt Management,1.) Premise,Life Support / Sensitive Load,JoinTree_1.CI_PREM,LS_SL_FLG,,
Severance_Process___Domain,Debt Management,1.) Premise,Mailing Address,JoinTree_1.CI_PREM,MAIL_ADDR_SW,,
Severance_Process___Domain,Debt Management,1.) Premise,Meter Read Instruction,JoinTree_1.CI_PREM,MR_INSTR_CD,,
Severance_Process___Domain,Debt Management,1.) Premise,Instruction Details,JoinTree_1.CI_PREM,MR_INSTR_DETAILS,,
Severance_Process___Domain,Debt Management,1.) Premise,Meter Read Warning,JoinTree_1.CI_PREM,MR_WARN_CD,,
Severance_Process___Domain,Debt Management,1.) Premise,Number 1,JoinTree_1.CI_PREM,NUM1,,
Severance_Process___Domain,Debt Management,1.) Premise,Number 2,JoinTree_1.CI_PREM,NUM2,,
Severance_Process___Domain,Debt Management,1.) Premise,OK to Enter,JoinTree_1.CI_PREM,OK_TO_ENTER_SW,,
Severance_Process___Domain,Debt Management,1.) Premise,Postal,JoinTree_1.CI_PREM,POSTAL,,
Severance_Process___Domain,Debt Management,1.) Premise,Premise ID,JoinTree_1.CI_PREM,PREM_ID,,
Severance_Process___Domain,Debt Management,1.) Premise,Premise Type,JoinTree_1.CI_PREM,PREM_TYPE_CD,,
Severance_Process___Domain,Debt Management,1.) Premise,Parent Premise ID,JoinTree_1.CI_PREM,PRNT_PREM_ID,,
Severance_Process___Domain,Debt Management,1.) Premise,State,JoinTree_1.CI_PREM,STATE,,
Severance_Process___Domain,Debt Management,1.) Premise,Time Zone,JoinTree_1.CI_PREM,TIME_ZONE_CD,,
Severance_Process___Domain,Debt Management,1.) Premise,Trend Area,JoinTree_1.CI_PREM,TREND_AREA_CD,,
Severance_Process___Domain,Debt Management,1.) Descriptions,Account Management Group Description,JoinTree_1.CI_ACCT_MGMT_GR_L,DESCR,,
Severance_Process___Domain,Debt Management,1.) Descriptions,Bill Cycle Description,JoinTree_1.CI_BILL_CYC_L,DESCR,,
Severance_Process___Domain,Debt Management,1.) Descriptions,Budget Plan Description,JoinTree_1.CI_BUD_PLAN_L,DESCR,,
Severance_Process___Domain,Debt Management,1.) Descriptions,Collection Class Description,JoinTree_1.CI_COLL_CL_L,DESCR,,
Severance_Process___Domain,Debt Management,1.) Descriptions,Customer Class Description,JoinTree_1.CI_CUST_CL_L,DESCR,,
Severance_Process___Domain,Debt Management,1.) Descriptions,Meter Read Instruction Description,JoinTree_1.CI_MR_INSTR_L,DESCR,,
Severance_Process___Domain,Debt Management,1.) Descriptions,Meter Read Warning Description,JoinTree_1.CI_MR_WARN_L,DESCR,,
Severance_Process___Domain,Debt Management,1.) Descriptions,Premise Type Description,JoinTree_1.CI_PREM_TYPE_L,DESCR,,
Severance_Process___Domain,Debt Management,1.) Descriptions,Priority Description,JoinTree_1.CI_LOOKUP_VAL_L_2,DESCR,,
Severance_Process___Domain,Debt Management,1.) Descriptions,SA Status Description,JoinTree_1.CI_LOOKUP_VAL_L_4,DESCR,,
Severance_Process___Domain,Debt Management,1.) Descriptions,SA Type Description,JoinTree_1.CI_SA_TYPE_L,DESCR,,
Severance_Process___Domain,Debt Management,1.) Descriptions,Severance Event Status Description,JoinTree_1.CI_LOOKUP_VAL_L_3,DESCR,,
Severance_Process___Domain,Debt Management,1.) Descriptions,Severance Event Type Description,JoinTree_1.CI_SEV_EVT_TYPE_L,DESCR,,
Severance_Process___Domain,Debt Management,1.) Descriptions,Severance Process Template Description,JoinTree_1.CI_SEV_PROC_TMP_L,DESCR,,
Severance_Process___Domain,Debt Management,1.) Descriptions,Severance Status Description,JoinTree_1.CI_LOOKUP_VAL_L,DESCR,,
Severance_Process___Domain,Debt Management,1.) Descriptions,Severance Status Reason Description,JoinTree_1.CI_LOOKUP_VAL_L_1,DESCR,,
Severance_Process___Domain,Debt Management,1.) Descriptions,Time Zone Description,JoinTree_1.CI_TIME_ZONE_L,DESCR,,
Severance_Process___Domain,Debt Management,1.) Formulas,Days Old,JoinTree_1,DAYS_OLD,,
Severance_Process___Domain,Debt Management,1.) Formulas,Distinct Account ID,JoinTree_1,ACCT_ID_DISTINCT,,
Severance_Process___Domain,Debt Management,1.) Formulas,Distinct Severance Event,JoinTree_1,SEV_EVT_DISTINCT,,
Severance_Process___Domain,Debt Management,1.) Formulas,Distinct Severance Process,JoinTree_1,SEV_PROC_ID_DISTINCT,,Sum
Severance_Process___Domain,Debt Management,1.) Formulas,Distinct Service Agreement,JoinTree_1,SA_ID_DISTINCT,,
Severance_Process___Domain,Debt Management,1.) Formulas,Days Old,JoinTree_1,DAYS_OLD,,
Severance_Process___Domain,Debt Management,1.) Formulas,Is Next Severance Event,JoinTree_1,IS_NEXT_SEV_EVT,,
Severance_Process___Domain,Debt Management,1.) Formulas,Name,JoinTree_1.CI_PER_NAME,ENTITY_NAME_UPR,,
Write_Off_Process___Domain,Debt Management,1.) Write Off Process,Account ID,JoinTree_1.CI_WO_PROC,ACCT_ID,,
Write_Off_Process___Domain,Debt Management,1.) Write Off Process,Comments,JoinTree_1.CI_WO_PROC,COMMENTS,,
Write_Off_Process___Domain,Debt Management,1.) Write Off Process,Create Date/Time,JoinTree_1.CI_WO_PROC,CRE_DTTM,,
Write_Off_Process___Domain,Debt Management,1.) Write Off Process,Priority,JoinTree_1.CI_WO_PROC,CRIT_PRIO_FLG,,
Write_Off_Process___Domain,Debt Management,1.) Write Off Process,Message Category,JoinTree_1.CI_WO_PROC,MESSAGE_CAT_NBR,Dimension,CountAll
Write_Off_Process___Domain,Debt Management,1.) Write Off Process,Message Number,JoinTree_1.CI_WO_PROC,MESSAGE_NBR,Dimension,CountAll
Write_Off_Process___Domain,Debt Management,1.) Write Off Process,Trigger Business Process,JoinTree_1.CI_WO_PROC,TRIGGER_BP_SW,,
Write_Off_Process___Domain,Debt Management,1.) Write Off Process,Write Off Control,JoinTree_1.CI_WO_PROC,WO_CNTL_CD,,
Write_Off_Process___Domain,Debt Management,1.) Write Off Process,Write Off Process ID,JoinTree_1.CI_WO_PROC,WO_PROC_ID,,
Write_Off_Process___Domain,Debt Management,1.) Write Off Process,Write Off Process Template,JoinTree_1.CI_WO_PROC,WO_PROC_TMPL_CD,,
Write_Off_Process___Domain,Debt Management,1.) Write Off Process,Write Off Status Reason,JoinTree_1.CI_WO_PROC,WO_STAT_RSN_FLG,,
Write_Off_Process___Domain,Debt Management,1.) Write Off Process,Write Off Status,JoinTree_1.CI_WO_PROC,WO_STATUS_FLG,,
Write_Off_Process___Domain,Debt Management,1.) Write Off Event,Completion Date,JoinTree_1.CI_WO_EVT,COMPLETION_DT,,
Write_Off_Process___Domain,Debt Management,1.) Write Off Event,Event Sequence,JoinTree_1.CI_WO_EVT,EVT_SEQ,Dimension,CountAll
Write_Off_Process___Domain,Debt Management,1.) Write Off Event,Trigger Business Process,JoinTree_1.CI_WO_EVT,TRIGGER_BP_SW,,
Write_Off_Process___Domain,Debt Management,1.) Write Off Event,Trigger Date,JoinTree_1.CI_WO_EVT,TRIGGER_DT,,
Write_Off_Process___Domain,Debt Management,1.) Write Off Event,Write Off Event Status,JoinTree_1.CI_WO_EVT,WO_EVT_STAT_FLG,,
Write_Off_Process___Domain,Debt Management,1.) Write Off Event,Write Off Event Type,JoinTree_1.CI_WO_EVT,WO_EVT_TYP_CD,,
Write_Off_Process___Domain,Debt Management,1.) Write Off Event,Write Off Process ID,JoinTree_1.CI_WO_EVT,WO_PROC_ID,,
Write_Off_Process___Domain,Debt Management,1.) Account,Access Group,JoinTree_1.CI_ACCT,ACCESS_GRP_CD,,
Write_Off_Process___Domain,Debt Management,1.) Account,Account ID,JoinTree_1.CI_ACCT,ACCT_ID,,
Write_Off_Process___Domain,Debt Management,1.) Account,Account Management Group,JoinTree_1.CI_ACCT,ACCT_MGMT_GRP_CD,,
Write_Off_Process___Domain,Debt Management,1.) Account,Alert Information,JoinTree_1.CI_ACCT,ALERT_INFO,,
Write_Off_Process___Domain,Debt Management,1.) Account,Bill After                    ,JoinTree_1.CI_ACCT,BILL_AFTER_DT,,
Write_Off_Process___Domain,Debt Management,1.) Account,Bill Cycle,JoinTree_1.CI_ACCT,BILL_CYC_CD,,
Write_Off_Process___Domain,Debt Management,1.) Account,Bill Print Intercept,JoinTree_1.CI_ACCT,BILL_PRT_INTERCEPT,,
Write_Off_Process___Domain,Debt Management,1.) Account,Budget Plan,JoinTree_1.CI_ACCT,BUD_PLAN_CD,,
Write_Off_Process___Domain,Debt Management,1.) Account,CIS Division,JoinTree_1.CI_ACCT,CIS_DIVISION,,
Write_Off_Process___Domain,Debt Management,1.) Account,Collection Class,JoinTree_1.CI_ACCT,COLL_CL_CD,,
Write_Off_Process___Domain,Debt Management,1.) Account,Last Credit Review Date,JoinTree_1.CI_ACCT,CR_REVIEW_DT,,
Write_Off_Process___Domain,Debt Management,1.) Account,Currency Code,JoinTree_1.CI_ACCT,CURRENCY_CD,,
Write_Off_Process___Domain,Debt Management,1.) Account,Customer Class,JoinTree_1.CI_ACCT,CUST_CL_CD,,
Write_Off_Process___Domain,Debt Management,1.) Account,Internal Credit Review,JoinTree_1.CI_ACCT,INT_CR_REVIEW_SW,,
Write_Off_Process___Domain,Debt Management,1.) Account,Mailing Premise ID,JoinTree_1.CI_ACCT,MAILING_PREM_ID,,
Write_Off_Process___Domain,Debt Management,1.) Account,No Deposit Review Switch,JoinTree_1.CI_ACCT,NO_DEP_RVW_SW,,
Write_Off_Process___Domain,Debt Management,1.) Account,Postpone Credit Review Until,JoinTree_1.CI_ACCT,POSTPONE_CR_RVW_DT,,
Write_Off_Process___Domain,Debt Management,1.) Account,Protect Bill Cycle,JoinTree_1.CI_ACCT,PROTECT_CYC_SW,,
Write_Off_Process___Domain,Debt Management,1.) Account,Protect Division,JoinTree_1.CI_ACCT,PROTECT_DIV_SW,,
Write_Off_Process___Domain,Debt Management,1.) Account,Protect Mailing Premise,JoinTree_1.CI_ACCT,PROTECT_PREM_SW,,
Write_Off_Process___Domain,Debt Management,1.) Account,Set Up Date,JoinTree_1.CI_ACCT,SETUP_DT,,
Write_Off_Process___Domain,Debt Management,1.) Descriptions,Account Management Group Description,JoinTree_1.CI_ACCT_MGMT_GR_L,DESCR,,
Write_Off_Process___Domain,Debt Management,1.) Descriptions,Bill Cycle Description,JoinTree_1.CI_BILL_CYC_L,DESCR,,
Write_Off_Process___Domain,Debt Management,1.) Descriptions,Budget Plan Description,JoinTree_1.CI_BUD_PLAN_L,DESCR,,
Write_Off_Process___Domain,Debt Management,1.) Descriptions,Collection Class Description,JoinTree_1.CI_COLL_CL_L,DESCR,,
Write_Off_Process___Domain,Debt Management,1.) Descriptions,Customer Class Description,JoinTree_1.CI_CUST_CL_L,DESCR,,
Write_Off_Process___Domain,Debt Management,1.) Descriptions,Priority Description,JoinTree_1.CI_LOOKUP_VAL_L_2,DESCR,,
Write_Off_Process___Domain,Debt Management,1.) Descriptions,Write Off Control Description,JoinTree_1.CI_WO_CNTL_L,DESCR,,
Write_Off_Process___Domain,Debt Management,1.) Descriptions,Write Off Event Status Description,JoinTree_1.CI_LOOKUP_VAL_L_3,DESCR,,
Write_Off_Process___Domain,Debt Management,1.) Descriptions,Write Off Event Type Description,JoinTree_1.CI_WO_EVT_TYP_L,DESCR,,
Write_Off_Process___Domain,Debt Management,1.) Descriptions,Write Off Process Template Description,JoinTree_1.CI_WO_PROC_TMPL_L,DESCR,,
Write_Off_Process___Domain,Debt Management,1.) Descriptions,Write Off Status Description,JoinTree_1.CI_LOOKUP_VAL_L,DESCR,,
Write_Off_Process___Domain,Debt Management,1.) Descriptions,Write Off Status Reason Description,JoinTree_1.CI_LOOKUP_VAL_L_1,DESCR,,
Write_Off_Process___Domain,Debt Management,1.) Formulas,Distinct Account ID,JoinTree_1,ACCT_ID_DISTINCT,,
Write_Off_Process___Domain,Debt Management,1.) Formulas,Distinct Write Off Process,JoinTree_1,WO_PROC_ID_DIST,,
Write_Off_Process___Domain,Debt Management,1.) Formulas,Distinct Write Off Event,JoinTree_1,WO_EVT_DIST,,
Write_Off_Process___Domain,Debt Management,1.) Formulas,Days Old,JoinTree_1,DAYS_OLD,,
Write_Off_Process___Domain,Debt Management,1.) Formulas,Is Next Write Off Event,JoinTree_1,IS_NEXT_WO_EVT,,
Write_Off_Process___Domain,Debt Management,1.) Formulas,Name,JoinTree_1.CI_PER_NAME,ENTITY_NAME_UPR,,
Write_Off_Process___Domain,Debt Management,1.) Formulas,Write Off Amount (Active WO SA),JoinTree_1,WO_SA_ARS_AMT_ACTIVE,,
Write_Off_Process___Domain,Debt Management,1.) Formulas,Write Off Amount (Inactive WO SA),JoinTree_1,WO_SA_ARS_AMT_INACTIVE,,
Write_Offs___Domain,Debt Management,Process Core,Write Off Process ID,JoinTree_1.C1_BI_WOPROC_VW,UNCOLL_PROC_ID,,
Write_Offs___Domain,Debt Management,Process Core,Account ID,JoinTree_1.C1_BI_WOPROC_VW,ACCT_ID,,
Write_Offs___Domain,Debt Management,Process Core,Person ID,JoinTree_1.C1_BI_WOPROC_VW,PER_ID,,
Write_Offs___Domain,Debt Management,Process Core,Person Name,JoinTree_1.CI_PER_NAME,ENTITY_NAME,,
Write_Offs___Domain,Debt Management,Process Core,Currency Code,JoinTree_1.C1_BI_WOPROC_VW,CURRENCY_CD,,
Write_Offs___Domain,Debt Management,Process Core,Process Start DTTM,JoinTree_1.C1_BI_WOPROC_VW,CRE_DTTM,,
Write_Offs___Domain,Debt Management,Process Core,Process Complete Date,JoinTree_1.C1_BI_WOPROC_VW,WO_PROC_COMPL_DT,,
Write_Offs___Domain,Debt Management,Process Core,Process Duration (Days),JoinTree_1.C1_BI_WOPROC_VW,UNCOLL_PROC_DUR,,
Write_Offs___Domain,Debt Management,Process Core,Write Off Status Code,JoinTree_1.C1_BI_WOPROC_VW,WO_STATUS_FLG,,
Write_Offs___Domain,Debt Management,Process Core,Write Off Status Description,JoinTree_1.CI_LOOKUP_VAL_L,DESCR,,
Write_Offs___Domain,Debt Management,Process Core,Uncoll Process Status Code,JoinTree_1.C1_BI_WOPROC_VW,UNCOLL_PROC_STAT_FLG,,
Write_Offs___Domain,Debt Management,Process Core,Uncoll Process Status Description,JoinTree_1.CI_LOOKUP_VAL_L_1,DESCR,,
Write_Offs___Domain,Debt Management,Process Core,Write Off Status Reason Code,JoinTree_1.C1_BI_WOPROC_VW,WO_STAT_RSN_FLG,,
Write_Offs___Domain,Debt Management,Process Core,Write Off Status Reason Description,JoinTree_1.CI_LOOKUP_VAL_L_2,DESCR,,
Write_Offs___Domain,Debt Management,Process Core,Comments,JoinTree_1.C1_BI_WOPROC_VW,COMMENTS,,
Write_Offs___Domain,Debt Management,Process Configuration,Write Off Control Code,JoinTree_1.C1_BI_WOPROC_VW,WO_CNTL_CD,,
Write_Offs___Domain,Debt Management,Process Configuration,Write Off Control Description,JoinTree_1.CI_WO_CNTL_L,DESCR,,
Write_Offs___Domain,Debt Management,Process Configuration,Write Off Template Code,JoinTree_1.C1_BI_WOPROC_VW,WO_PROC_TMPL_CD,,
Write_Offs___Domain,Debt Management,Process Configuration,Write Off Template Description,JoinTree_1.CI_WO_PROC_TMPL_L,DESCR,,
Write_Offs___Domain,Debt Management,Process Configuration,Effective Event Type Code,JoinTree_1.C1_BI_WOPROC_VW,EFF_WO_EVT_TYP_CD,,
Write_Offs___Domain,Debt Management,Process Configuration,Effective Event Type Description,JoinTree_1.CI_WO_EVT_TYP_L,DESCR,,
Write_Offs___Domain,Debt Management,Process Configuration,Next Event Type Code,JoinTree_1.C1_BI_WOPROC_VW,NEXT_WO_EVT_TYP_CD,,
Write_Offs___Domain,Debt Management,Process Configuration,Next Event Type Description,JoinTree_1.CI_WO_EVT_TYP_L_1,DESCR,,
Write_Offs___Domain,Debt Management,Process Configuration,Next Event Trigger Date,JoinTree_1.C1_BI_WOPROC_VW,NEXT_WO_EVT_TRIGGER_DT,,
Write_Offs___Domain,Debt Management,Debt And Recovery,Initial Outstanding Amount,JoinTree_1.C1_BI_WOPROC_VW,ARS_AT_START,,
Write_Offs___Domain,Debt Management,Debt And Recovery,End Outstanding Amount,JoinTree_1.C1_BI_WOPROC_VW,ARS_AT_END,,
Write_Offs___Domain,Debt Management,Debt And Recovery,Outstanding Difference Amount,JoinTree_1.C1_BI_WOPROC_VW,ARS_DIFF,,
Write_Offs___Domain,Debt Management,Debt And Recovery,Recovery Amount Est (Row),JoinTree_1,RECOVERY_AMT_EST_ROW,,
Write_Offs___Domain,Debt Management,Debt And Recovery,Payment Amount In Process Window (Row),JoinTree_1,PAY_SEG_AMT_IN_WINDOW_ROW,,
Write_Offs___Domain,Debt Management,Debt And Recovery,Estimated Recovery Rate (Row),JoinTree_1,RECOVERY_RATE_EST_ROW,,
Write_Offs___Domain,Debt Management,Process Counters,Active Process Count (Row),JoinTree_1.C1_BI_WOPROC_VW,ACTIVE_WO_PROC_CNT,,
Write_Offs___Domain,Debt Management,Process Counters,Inactive Process Count (Row),JoinTree_1.C1_BI_WOPROC_VW,INACTIVE_WO_PROC_CNT,,
Write_Offs___Domain,Debt Management,Process Counters,Completed Process Count (Row),JoinTree_1.C1_BI_WOPROC_VW,COMPL_WO_PROC_CNT,,
Write_Offs___Domain,Debt Management,Process Counters,Cancelled by System Count (Row),JoinTree_1.C1_BI_WOPROC_VW,CANCL_SYS_WO_PROC_CNT,,
Write_Offs___Domain,Debt Management,Process Counters,Cancelled by User Count (Row),JoinTree_1.C1_BI_WOPROC_VW,CANCL_USER_WO_PROC_CNT,,
Write_Offs___Domain,Debt Management,Process Counters,Effective Process Count (Row),JoinTree_1.C1_BI_WOPROC_VW,EFF_WO_PROC_CNT,,
Write_Offs___Domain,Debt Management,Process Counters,Ineffective Process Count (Row),JoinTree_1.C1_BI_WOPROC_VW,INEFF_WO_PROC_CNT,,
Write_Offs___Domain,Debt Management,Process Counters,Total SA Count (Row),JoinTree_1.C1_BI_WOPROC_VW,WO_PROC_TOT_SA_CNT,,
Write_Offs___Domain,Debt Management,Process Counters,Active SA Count (Row),JoinTree_1.C1_BI_WOPROC_VW,WO_PROC_ACT_SA_CNT,,
Write_Offs___Domain,Debt Management,Process Counters,Inactive SA Count (Row),JoinTree_1.C1_BI_WOPROC_VW,WO_PROC_INACT_SA_CNT,,
Write_Offs___Domain,Debt Management,Payment Aggregates,Payment Segment Count (Row),JoinTree_1.WO_PAY_AGG,PAY_SEGMENT_COUNT,,
Write_Offs___Domain,Debt Management,Payment Aggregates,Payment Event Count (Row),JoinTree_1.WO_PAY_AGG,PAYMENT_EVENT_COUNT,,
Write_Offs___Domain,Debt Management,Payment Aggregates,Payment Segment Amount Total (Row),JoinTree_1.WO_PAY_AGG,PAY_SEG_AMT_TOTAL,,
Write_Offs___Domain,Debt Management,Payment Aggregates,First Payment Date,JoinTree_1.WO_PAY_AGG,FIRST_PAY_DT,,
Write_Offs___Domain,Debt Management,Payment Aggregates,Last Payment Date,JoinTree_1.WO_PAY_AGG,LAST_PAY_DT,,
Write_Offs___Domain,Debt Management,Measures,Write Off Process Count,JoinTree_1.C1_BI_WOPROC_VW,UNCOLL_PROC_ID,Measure,CountDistinct
Write_Offs___Domain,Debt Management,Measures,Account Count,JoinTree_1.C1_BI_WOPROC_VW,ACCT_ID,Measure,CountDistinct
Write_Offs___Domain,Debt Management,Measures,Initial Outstanding Amount Total,JoinTree_1.C1_BI_WOPROC_VW,ARS_AT_START,Measure,Sum
Write_Offs___Domain,Debt Management,Measures,End Outstanding Amount Total,JoinTree_1.C1_BI_WOPROC_VW,ARS_AT_END,Measure,Sum
Write_Offs___Domain,Debt Management,Measures,Outstanding Difference Amount Total,JoinTree_1.C1_BI_WOPROC_VW,ARS_DIFF,Measure,Sum
Write_Offs___Domain,Debt Management,Measures,Recovery Amount Est Total,JoinTree_1,RECOVERY_AMT_EST_ROW,Measure,Sum
Write_Offs___Domain,Debt Management,Measures,Payment Amount In Process Window Total,JoinTree_1,PAY_SEG_AMT_IN_WINDOW_ROW,Measure,Sum
Write_Offs___Domain,Debt Management,Measures,Average Estimated Recovery Rate,JoinTree_1,RECOVERY_RATE_EST_ROW,Measure,Average
Write_Offs___Domain,Debt Management,Measures,Average Process Duration (Days),JoinTree_1.C1_BI_WOPROC_VW,UNCOLL_PROC_DUR,Measure,Average
Write_Offs___Domain,Debt Management,Measures,Payment Segment Count (Agg Sum),JoinTree_1.WO_PAY_AGG,PAY_SEGMENT_COUNT,Measure,Sum
Write_Offs___Domain,Debt Management,Measures,Payment Event Count (Agg Sum),JoinTree_1.WO_PAY_AGG,PAYMENT_EVENT_COUNT,Measure,Sum
Write_Offs___Domain,Debt Management,Measures,Payment Segment Amount Total,JoinTree_1.WO_PAY_AGG,PAY_SEG_AMT_TOTAL,Measure,Sum
Write_Offs___Domain,Debt Management,Measures,Total SA Count Total,JoinTree_1.C1_BI_WOPROC_VW,WO_PROC_TOT_SA_CNT,Measure,Sum
Write_Offs___Domain,Debt Management,Measures,Active SA Count Total,JoinTree_1.C1_BI_WOPROC_VW,WO_PROC_ACT_SA_CNT,Measure,Sum
Write_Offs___Domain,Debt Management,Measures,Inactive SA Count Total,JoinTree_1.C1_BI_WOPROC_VW,WO_PROC_INACT_SA_CNT,Measure,Sum
FT_and_GL_Snapshot___Domain,Development,GL Line,Financial Transaction ID,FT_GL_DISTRIBUTION_RPT_CURR,FT_ID,,
FT_and_GL_Snapshot___Domain,Development,GL Line,GL Sequence Number,FT_GL_DISTRIBUTION_RPT_CURR,GL_SEQ_NBR,,
FT_and_GL_Snapshot___Domain,Development,GL Line,GL Account,FT_GL_DISTRIBUTION_RPT_CURR,GL_ACCT,,
FT_and_GL_Snapshot___Domain,Development,GL Line,Distribution Code,FT_GL_DISTRIBUTION_RPT_CURR,DST_DESC,,
FT_and_GL_Snapshot___Domain,Development,GL Line,Distribution Code ID,FT_GL_DISTRIBUTION_RPT_CURR,DST_ID,,
FT_and_GL_Snapshot___Domain,Development,GL Line,GL Amount,FT_GL_DISTRIBUTION_RPT_CURR,GL_AMOUNT,,
FT_and_GL_Snapshot___Domain,Development,GL Line,Statistic Amount,FT_GL_DISTRIBUTION_RPT_CURR,STATISTIC_AMOUNT,,
FT_and_GL_Snapshot___Domain,Development,GL Line,Total Amount Switch,FT_GL_DISTRIBUTION_RPT_CURR,TOT_AMT_SW,,
FT_and_GL_Snapshot___Domain,Development,GL Line,Characteristic Type Code,FT_GL_DISTRIBUTION_RPT_CURR,CHAR_TYPE_CD,,
FT_and_GL_Snapshot___Domain,Development,GL Line,Characteristic Value,FT_GL_DISTRIBUTION_RPT_CURR,CHAR_VAL,,
FT_and_GL_Snapshot___Domain,Development,Financial Transaction,Financial Transaction Type,FT_GL_DISTRIBUTION_RPT_CURR,FT_TYPE_FLG_DESC,,
FT_and_GL_Snapshot___Domain,Development,Financial Transaction,Financial Transaction Type Code,FT_GL_DISTRIBUTION_RPT_CURR,FT_TYPE_FLG,,
FT_and_GL_Snapshot___Domain,Development,Financial Transaction,Accounting Date,FT_GL_DISTRIBUTION_RPT_CURR,ACCOUNTING_DT,,
FT_and_GL_Snapshot___Domain,Development,Financial Transaction,Arrears Date,FT_GL_DISTRIBUTION_RPT_CURR,ARS_DT,,
FT_and_GL_Snapshot___Domain,Development,Financial Transaction,Created Date Time,FT_GL_DISTRIBUTION_RPT_CURR,FT_CRE_DTTM,,
FT_and_GL_Snapshot___Domain,Development,Financial Transaction,Current Amount,FT_GL_DISTRIBUTION_RPT_CURR,CUR_AMT,,
FT_and_GL_Snapshot___Domain,Development,Financial Transaction,Payoff Amount,FT_GL_DISTRIBUTION_RPT_CURR,TOT_AMT,,
FT_and_GL_Snapshot___Domain,Development,Financial Transaction,Currency Code,FT_GL_DISTRIBUTION_RPT_CURR,CURRENCY_CD,,
FT_and_GL_Snapshot___Domain,Development,Financial Transaction,Bill ID,FT_GL_DISTRIBUTION_RPT_CURR,BILL_ID,,
FT_and_GL_Snapshot___Domain,Development,Financial Transaction,Parent ID,FT_GL_DISTRIBUTION_RPT_CURR,PARENT_ID,,
FT_and_GL_Snapshot___Domain,Development,Financial Transaction,Sibling ID,FT_GL_DISTRIBUTION_RPT_CURR,SIBLING_ID,,
FT_and_GL_Snapshot___Domain,Development,Financial Transaction,GL Distribution Status,FT_GL_DISTRIBUTION_RPT_CURR,GL_DISTRIB_STATUS_DESC,,
FT_and_GL_Snapshot___Domain,Development,Financial Transaction,GL Distribution Status Code,FT_GL_DISTRIBUTION_RPT_CURR,GL_DISTRIB_STATUS,,
FT_and_GL_Snapshot___Domain,Development,Financial Transaction,GL Division,FT_GL_DISTRIBUTION_RPT_CURR,GL_DIVISION_DESC,,
FT_and_GL_Snapshot___Domain,Development,Financial Transaction,GL Division Code,FT_GL_DISTRIBUTION_RPT_CURR,GL_DIVISION,,
FT_and_GL_Snapshot___Domain,Development,Financial Transaction,CIS Division,FT_GL_DISTRIBUTION_RPT_CURR,CIS_DIVISION,,
FT_and_GL_Snapshot___Domain,Development,Financial Transaction,Scheduled Distribution Date,FT_GL_DISTRIBUTION_RPT_CURR,SCHED_DISTRIB_DT,,
FT_and_GL_Snapshot___Domain,Development,Financial Transaction,Transferred Out,FT_GL_DISTRIBUTION_RPT_CURR,XFERRED_OUT_SW,,
FT_and_GL_Snapshot___Domain,Development,Financial Transaction,Transfer To GL Date,FT_GL_DISTRIBUTION_RPT_CURR,XFER_TO_GL_DT,,
FT_and_GL_Snapshot___Domain,Development,Financial Transaction,Match Event ID,FT_GL_DISTRIBUTION_RPT_CURR,MATCH_EVT_ID,,
FT_and_GL_Snapshot___Domain,Development,Financial Transaction,Correction,FT_GL_DISTRIBUTION_RPT_CURR,CORRECTION_SW,,
FT_and_GL_Snapshot___Domain,Development,Financial Transaction,New Debit,FT_GL_DISTRIBUTION_RPT_CURR,NEW_DEBIT_SW,,
FT_and_GL_Snapshot___Domain,Development,Financial Transaction,Show On Bill,FT_GL_DISTRIBUTION_RPT_CURR,SHOW_ON_BILL_SW,,
FT_and_GL_Snapshot___Domain,Development,Financial Transaction,Excluded From Arrears,FT_GL_DISTRIBUTION_RPT_CURR,NOT_IN_ARS_SW,,
FT_and_GL_Snapshot___Domain,Development,Account And Service,Customer Name,FT_GL_DISTRIBUTION_RPT_CURR,CUSTOMER_NAME_UPR,,
FT_and_GL_Snapshot___Domain,Development,Account And Service,Person ID,FT_GL_DISTRIBUTION_RPT_CURR,PER_ID,,
FT_and_GL_Snapshot___Domain,Development,Account And Service,Account ID,FT_GL_DISTRIBUTION_RPT_CURR,ACCT_ID,,
FT_and_GL_Snapshot___Domain,Development,Account And Service,Service Agreement ID,FT_GL_DISTRIBUTION_RPT_CURR,SA_ID,,
FT_and_GL_Snapshot___Domain,Development,Account And Service,Service Agreement Status,FT_GL_DISTRIBUTION_RPT_CURR,SA_STATUS_DESC,,
FT_and_GL_Snapshot___Domain,Development,Account And Service,Service Agreement Status Code,FT_GL_DISTRIBUTION_RPT_CURR,SA_STATUS_FLG,,
FT_and_GL_Snapshot___Domain,Development,Account And Service,Service Type,FT_GL_DISTRIBUTION_RPT_CURR,SA_TYPE_DESC,,
FT_and_GL_Snapshot___Domain,Development,Account And Service,Service Type Code,FT_GL_DISTRIBUTION_RPT_CURR,SA_TYPE_CD,,
FT_and_GL_Snapshot___Domain,Development,Account And Service,Premise ID,FT_GL_DISTRIBUTION_RPT_CURR,CHAR_PREM_ID,,
FT_and_GL_Snapshot___Domain,Development,Account And Service,Bill Cycle,FT_GL_DISTRIBUTION_RPT_CURR,BILL_CYC_DESC,,
FT_and_GL_Snapshot___Domain,Development,Account And Service,Bill Cycle Code,FT_GL_DISTRIBUTION_RPT_CURR,BILL_CYC_CD,,
FT_and_GL_Snapshot___Domain,Development,Account And Service,Customer Class,FT_GL_DISTRIBUTION_RPT_CURR,CUST_CL_DESC,,
FT_and_GL_Snapshot___Domain,Development,Account And Service,Customer Class Code,FT_GL_DISTRIBUTION_RPT_CURR,CUST_CL_CD,,
FT_and_GL_Snapshot___Domain,Development,Account And Service,Collection Class,FT_GL_DISTRIBUTION_RPT_CURR,COLL_CL_DESC,,
FT_and_GL_Snapshot___Domain,Development,Account And Service,Collection Class Code,FT_GL_DISTRIBUTION_RPT_CURR,COLL_CL_CD,,
FT_and_GL_Snapshot___Domain,Development,Account And Service,Account Management Group,FT_GL_DISTRIBUTION_RPT_CURR,ACCT_MGMT_GRP_DESC,,
FT_and_GL_Snapshot___Domain,Development,Account And Service,Account Management Group Code,FT_GL_DISTRIBUTION_RPT_CURR,ACCT_MGMT_GRP_CD,,
FT_and_GL_Snapshot___Domain,Development,Balance Control,Balance Control Group ID,FT_GL_DISTRIBUTION_RPT_CURR,BAL_CTL_GRP_ID,,
FT_and_GL_Snapshot___Domain,Development,Balance Control,Balancing Status,FT_GL_DISTRIBUTION_RPT_CURR,BALANCING_STAT_DESC,,
FT_and_GL_Snapshot___Domain,Development,Balance Control,Balancing Status Code,FT_GL_DISTRIBUTION_RPT_CURR,BALANCING_STAT_FLG,,
FT_and_GL_Snapshot___Domain,Development,Balance Control,Current Amount,FT_GL_DISTRIBUTION_RPT_CURR,BCG_CUR_AMT,,
FT_and_GL_Snapshot___Domain,Development,Balance Control,Total Amount,FT_GL_DISTRIBUTION_RPT_CURR,BCG_TOT_AMT,,
FT_and_GL_Snapshot___Domain,Development,Balance Control,Current Balance,FT_GL_DISTRIBUTION_RPT_CURR,BCG_CUR_BAL,,
FT_and_GL_Snapshot___Domain,Development,Balance Control,Total Balance,FT_GL_DISTRIBUTION_RPT_CURR,BCG_TOT_BAL,,
FT_and_GL_Snapshot___Domain,Development,Balance Control,Created Date Time,FT_GL_DISTRIBUTION_RPT_CURR,BCG_CRE_DTTM,,
FT_and_GL_Snapshot___Domain,Development,Bill Segment,Bill Segment ID,FT_GL_DISTRIBUTION_RPT_CURR,BSEG_ID,,
FT_and_GL_Snapshot___Domain,Development,Bill Segment,Bill Segment Status,FT_GL_DISTRIBUTION_RPT_CURR,BSEG_STAT_DESC,,
FT_and_GL_Snapshot___Domain,Development,Bill Segment,Bill Segment Status Code,FT_GL_DISTRIBUTION_RPT_CURR,BSEG_STAT_FLG,,
FT_and_GL_Snapshot___Domain,Development,Bill Segment,Bill Segment Cycle,FT_GL_DISTRIBUTION_RPT_CURR,BSEG_BILL_CYC_DESC,,
FT_and_GL_Snapshot___Domain,Development,Bill Segment,Bill Segment Cycle Code,FT_GL_DISTRIBUTION_RPT_CURR,BSEG_BILL_CYC_CD,,
FT_and_GL_Snapshot___Domain,Development,Bill Segment,Bill Segment Start Date,FT_GL_DISTRIBUTION_RPT_CURR,BSEG_START_DT,,
FT_and_GL_Snapshot___Domain,Development,Bill Segment,Bill Segment End Date,FT_GL_DISTRIBUTION_RPT_CURR,BSEG_END_DT,,
FT_and_GL_Snapshot___Domain,Development,Bill Segment,Bill Segment Premise ID,FT_GL_DISTRIBUTION_RPT_CURR,BSEG_PREM_ID,,
FT_and_GL_Snapshot___Domain,Development,Bill Segment,Estimated Bill Segment,FT_GL_DISTRIBUTION_RPT_CURR,BSEG_EST_SW,,
FT_and_GL_Snapshot___Domain,Development,Bill Segment,Closing Bill Segment,FT_GL_DISTRIBUTION_RPT_CURR,BSEG_CLOSING_SW,,
FT_and_GL_Snapshot___Domain,Development,Bill Segment,Bill Segment Cancel Reason,FT_GL_DISTRIBUTION_RPT_CURR,BSEG_CAN_RSN_DESC,,
FT_and_GL_Snapshot___Domain,Development,Bill Segment,Bill Segment Cancel Reason Code,FT_GL_DISTRIBUTION_RPT_CURR,BSEG_CAN_RSN_CD,,
FT_and_GL_Snapshot___Domain,Development,Adjustment Trace,Adjustment ID,FT_GL_DISTRIBUTION_RPT_CURR,ADJ_ID,,
FT_and_GL_Snapshot___Domain,Development,Adjustment Trace,Adjustment Status,FT_GL_DISTRIBUTION_RPT_CURR,ADJ_STATUS_DESC,,
FT_and_GL_Snapshot___Domain,Development,Adjustment Trace,Adjustment Status Code,FT_GL_DISTRIBUTION_RPT_CURR,ADJ_STATUS_FLG,,
FT_and_GL_Snapshot___Domain,Development,Adjustment Trace,Adjustment Type,FT_GL_DISTRIBUTION_RPT_CURR,ADJ_TYPE_DESC,,
FT_and_GL_Snapshot___Domain,Development,Adjustment Trace,Adjustment Type Code,FT_GL_DISTRIBUTION_RPT_CURR,ADJ_TYPE_CD,,
FT_and_GL_Snapshot___Domain,Development,Adjustment Trace,Adjustment Cancel Reason,FT_GL_DISTRIBUTION_RPT_CURR,ADJ_CAN_RSN_DESC,,
FT_and_GL_Snapshot___Domain,Development,Adjustment Trace,Adjustment Cancel Reason Code,FT_GL_DISTRIBUTION_RPT_CURR,ADJ_CAN_RSN_CD,,
FT_and_GL_Snapshot___Domain,Development,Adjustment Trace,Adjustment Amount,FT_GL_DISTRIBUTION_RPT_CURR,ADJ_AMT,,
FT_and_GL_Snapshot___Domain,Development,Adjustment Trace,Transfer Adjustment ID,FT_GL_DISTRIBUTION_RPT_CURR,XFER_ADJ_ID,,
FT_and_GL_Snapshot___Domain,Development,Adjustment Trace,Behalf Service Agreement ID,FT_GL_DISTRIBUTION_RPT_CURR,BEHALF_SA_ID,,
FT_and_GL_Snapshot___Domain,Development,Adjustment Trace,Base Amount,FT_GL_DISTRIBUTION_RPT_CURR,BASE_AMT,,
FT_and_GL_Snapshot___Domain,Development,Adjustment Trace,Generated Reference Date,FT_GL_DISTRIBUTION_RPT_CURR,GEN_REF_DT,,
FT_and_GL_Snapshot___Domain,Development,Adjustment Trace,Approval Request ID,FT_GL_DISTRIBUTION_RPT_CURR,APPR_REQ_ID,,
FT_and_GL_Snapshot___Domain,Development,Payment Segment,Payment Segment ID,FT_GL_DISTRIBUTION_RPT_CURR,PAY_SEG_ID,,
FT_and_GL_Snapshot___Domain,Development,Payment Segment,Payment ID,FT_GL_DISTRIBUTION_RPT_CURR,PAY_ID,,
FT_and_GL_Snapshot___Domain,Development,Payment Segment,Payment Segment Amount,FT_GL_DISTRIBUTION_RPT_CURR,PAY_SEG_AMT,,
FT_and_GL_Snapshot___Domain,Development,Payment Segment,Payment Match Event ID,FT_GL_DISTRIBUTION_RPT_CURR,PAY_MATCH_EVT_ID,,
FT_and_GL_Snapshot___Domain,Development,Snapshot Audit,Batch Code,FT_GL_DISTRIBUTION_RPT_CURR,BATCH_CD,,
FT_and_GL_Snapshot___Domain,Development,Snapshot Audit,Batch Number,FT_GL_DISTRIBUTION_RPT_CURR,BATCH_NBR,,
FT_and_GL_Snapshot___Domain,Development,Snapshot Audit,Latest Batch Number,FT_GL_DISTRIBUTION_RPT_CURR,IS_LATEST_BATCH_NBR,,
FT_and_GL_Snapshot___Domain,Development,Snapshot Audit,Frozen,FT_GL_DISTRIBUTION_RPT_CURR,FREEZE_SW,,
FT_and_GL_Snapshot___Domain,Development,Snapshot Audit,Freeze Date Time,FT_GL_DISTRIBUTION_RPT_CURR,FREEZE_DTTM,,
FT_and_GL_Snapshot___Domain,Development,Snapshot Audit,Freeze User Name,FT_GL_DISTRIBUTION_RPT_CURR,FREEZE_USER_NAME,,
FT_and_GL_Snapshot___Domain,Development,Snapshot Audit,Freeze User ID,FT_GL_DISTRIBUTION_RPT_CURR,FREEZE_USER_ID,,
FT_and_GL_Snapshot___Domain,Development,Snapshot Audit,Snapshot Load Date Time,FT_GL_DISTRIBUTION_RPT_CURR,LOAD_DTTM,,
Measurement_Snapshot___Domain,Development,Snapshot Audit,Measuring Component ID,D1_MSRMT_RPT_CURR,MEASR_COMP_ID,,
Measurement_Snapshot___Domain,Development,Snapshot Audit,Measurement Date Time,D1_MSRMT_RPT_CURR,MSRMT_DTTM,,
Measurement_Snapshot___Domain,Development,Snapshot Audit,Measurement Local Date Time,D1_MSRMT_RPT_CURR,MSRMT_LOCAL_DTTM,,
Measurement_Snapshot___Domain,Development,Snapshot Audit,Snapshot Load Date Time,D1_MSRMT_RPT_CURR,LOAD_DTTM,,
Measurement_Snapshot___Domain,Development,Measurement Core,Measurement Business Object Code,D1_MSRMT_RPT_CURR,MSRMT_BUS_OBJ_CD,,
Measurement_Snapshot___Domain,Development,Measurement Core,Measurement Business Object,D1_MSRMT_RPT_CURR,MSRMT_BUS_OBJ_DESC,,
Measurement_Snapshot___Domain,Development,Measurement Core,Measurement Status Code,D1_MSRMT_RPT_CURR,MSRMT_BO_STATUS_CD,,
Measurement_Snapshot___Domain,Development,Measurement Core,Measurement Status,D1_MSRMT_RPT_CURR,MSRMT_BO_STATUS_DESC,,
Measurement_Snapshot___Domain,Development,Measurement Core,Measurement Condition Code,D1_MSRMT_RPT_CURR,MSRMT_COND_FLG,,
Measurement_Snapshot___Domain,Development,Measurement Core,Measurement Condition,D1_MSRMT_RPT_CURR,MSRMT_COND_DESC,,
Measurement_Snapshot___Domain,Development,Measurement Core,Measurement Use Code,D1_MSRMT_RPT_CURR,MSRMT_USE_FLG,,
Measurement_Snapshot___Domain,Development,Measurement Core,Measurement Use,D1_MSRMT_RPT_CURR,MSRMT_USE_DESC,,
Measurement_Snapshot___Domain,Development,Measurement Core,User Edited Code,D1_MSRMT_RPT_CURR,USER_EDITED_FLG,,
Measurement_Snapshot___Domain,Development,Measurement Core,User Edited,D1_MSRMT_RPT_CURR,USER_EDITED_DESC,,
Measurement_Snapshot___Domain,Development,Measurement Core,Original Initial Measurement Data ID,D1_MSRMT_RPT_CURR,ORIG_INIT_MSRMT_ID,,
Measurement_Snapshot___Domain,Development,Measurement Core,Previous Measurement Date Time,D1_MSRMT_RPT_CURR,PREV_MSRMT_DTTM,,
Measurement_Snapshot___Domain,Development,Measurement Core,Measurement Created Date Time,D1_MSRMT_RPT_CURR,MSRMT_CRE_DTTM,,
Measurement_Snapshot___Domain,Development,Measurement Core,Measurement Status Updated Date Time,D1_MSRMT_RPT_CURR,MSRMT_STATUS_UPD_DTTM,,
Measurement_Snapshot___Domain,Development,Measurement Core,Measurement Last Updated Date Time,D1_MSRMT_RPT_CURR,MSRMT_LAST_UPDATE_DTTM,,
Measurement_Snapshot___Domain,Development,Measurement Values,Reading Condition Code,D1_MSRMT_RPT_CURR,READING_COND_FLG,,
Measurement_Snapshot___Domain,Development,Measurement Values,Reading Condition,D1_MSRMT_RPT_CURR,READING_COND_DESC,,
Measurement_Snapshot___Domain,Development,Measurement Values,Reading Value,D1_MSRMT_RPT_CURR,READING_VAL,,
Measurement_Snapshot___Domain,Development,Measurement Values,Combined Multiplier,D1_MSRMT_RPT_CURR,COMBINED_MULTIPLIER,,
Measurement_Snapshot___Domain,Development,Measurement Values,Measurement Value,D1_MSRMT_RPT_CURR,MSRMT_VAL,,
Measurement_Snapshot___Domain,Development,Measurement Values,Measurement Value 1,D1_MSRMT_RPT_CURR,MSRMT_VAL1,,
Measurement_Snapshot___Domain,Development,Measurement Values,Measurement Value 2,D1_MSRMT_RPT_CURR,MSRMT_VAL2,,
Measurement_Snapshot___Domain,Development,Measurement Values,Measurement Value 3,D1_MSRMT_RPT_CURR,MSRMT_VAL3,,
Measurement_Snapshot___Domain,Development,Measurement Values,Measurement Value 4,D1_MSRMT_RPT_CURR,MSRMT_VAL4,,
Measurement_Snapshot___Domain,Development,Measurement Values,Measurement Value 5,D1_MSRMT_RPT_CURR,MSRMT_VAL5,,
Measurement_Snapshot___Domain,Development,Measurement Values,Measurement Value 6,D1_MSRMT_RPT_CURR,MSRMT_VAL6,,
Measurement_Snapshot___Domain,Development,Measurement Values,Measurement Value 7,D1_MSRMT_RPT_CURR,MSRMT_VAL7,,
Measurement_Snapshot___Domain,Development,Measurement Values,Measurement Value 8,D1_MSRMT_RPT_CURR,MSRMT_VAL8,,
Measurement_Snapshot___Domain,Development,Measurement Values,Measurement Value 9,D1_MSRMT_RPT_CURR,MSRMT_VAL9,,
Measurement_Snapshot___Domain,Development,Measurement Values,Measurement Value 10,D1_MSRMT_RPT_CURR,MSRMT_VAL10,,
Measurement_Snapshot___Domain,Development,Source IMD,Initial Measurement Data ID,D1_MSRMT_RPT_CURR,INIT_MSRMT_DATA_ID,,
Measurement_Snapshot___Domain,Development,Source IMD,IMD External ID,D1_MSRMT_RPT_CURR,IMD_EXT_ID,,
Measurement_Snapshot___Domain,Development,Source IMD,IMD From Date Time,D1_MSRMT_RPT_CURR,IMD_FROM_DTTM,,
Measurement_Snapshot___Domain,Development,Source IMD,IMD To Date Time,D1_MSRMT_RPT_CURR,IMD_TO_DTTM,,
Measurement_Snapshot___Domain,Development,Source IMD,Data Source Code,D1_MSRMT_RPT_CURR,DATA_SRC_FLG,,
Measurement_Snapshot___Domain,Development,Source IMD,Data Source,D1_MSRMT_RPT_CURR,DATA_SRC_DESC,,
Measurement_Snapshot___Domain,Development,Source IMD,IMD Time Zone Code,D1_MSRMT_RPT_CURR,IMD_TIME_ZONE_CD,,
Measurement_Snapshot___Domain,Development,Source IMD,IMD Time Zone,D1_MSRMT_RPT_CURR,IMD_TIME_ZONE_DESC,,
Measurement_Snapshot___Domain,Development,Source IMD,IMD Business Object Code,D1_MSRMT_RPT_CURR,IMD_BUS_OBJ_CD,,
Measurement_Snapshot___Domain,Development,Source IMD,IMD Business Object,D1_MSRMT_RPT_CURR,IMD_BUS_OBJ_DESC,,
Measurement_Snapshot___Domain,Development,Source IMD,IMD Status Code,D1_MSRMT_RPT_CURR,IMD_BO_STATUS_CD,,
Measurement_Snapshot___Domain,Development,Source IMD,IMD Status,D1_MSRMT_RPT_CURR,IMD_BO_STATUS_DESC,,
Measurement_Snapshot___Domain,Development,Source IMD,IMD Status Reason Code,D1_MSRMT_RPT_CURR,IMD_BO_STATUS_REASON_CD,,
Measurement_Snapshot___Domain,Development,Source IMD,IMD Created Date Time,D1_MSRMT_RPT_CURR,IMD_CRE_DTTM,,
Measurement_Snapshot___Domain,Development,Source IMD,IMD Status Updated Date Time,D1_MSRMT_RPT_CURR,IMD_STATUS_UPD_DTTM,,
Measurement_Snapshot___Domain,Development,Source IMD,IMD Last Updated Date Time,D1_MSRMT_RPT_CURR,IMD_LAST_UPDATE_DTTM,,
Measurement_Snapshot___Domain,Development,Source IMD,Retention Period,D1_MSRMT_RPT_CURR,RETENTION_PERIOD,,
Measurement_Snapshot___Domain,Development,Measuring Component,Device Configuration ID,D1_MSRMT_RPT_CURR,DEVICE_CONFIG_ID,,
Measurement_Snapshot___Domain,Development,Measuring Component,Measuring Component Type Code,D1_MSRMT_RPT_CURR,MEASR_COMP_TYPE_CD,,
Measurement_Snapshot___Domain,Development,Measuring Component,Measuring Component Type,D1_MSRMT_RPT_CURR,MEASR_COMP_TYPE_DESC,,
Measurement_Snapshot___Domain,Development,Measuring Component,Measuring Component Usage Code,D1_MSRMT_RPT_CURR,MEASR_COMP_USAGE_FLG,,
Measurement_Snapshot___Domain,Development,Measuring Component,Measuring Component Usage,D1_MSRMT_RPT_CURR,MEASR_COMP_USAGE_DESC,,
Measurement_Snapshot___Domain,Development,Measuring Component,Measuring Component Business Object Code,D1_MSRMT_RPT_CURR,MC_BUS_OBJ_CD,,
Measurement_Snapshot___Domain,Development,Measuring Component,Measuring Component Business Object,D1_MSRMT_RPT_CURR,MC_BUS_OBJ_DESC,,
Measurement_Snapshot___Domain,Development,Measuring Component,Measuring Component Status Code,D1_MSRMT_RPT_CURR,MC_BO_STATUS_CD,,
Measurement_Snapshot___Domain,Development,Measuring Component,Measuring Component Status,D1_MSRMT_RPT_CURR,MC_BO_STATUS_DESC,,
Measurement_Snapshot___Domain,Development,Measuring Component,Measuring Component Status Reason Code,D1_MSRMT_RPT_CURR,MC_BO_STATUS_REASON_CD,,
Measurement_Snapshot___Domain,Development,Measuring Component,Digits Left Of Decimal,D1_MSRMT_RPT_CURR,D1_NBR_OF_DGTS_LFT,,
Measurement_Snapshot___Domain,Development,Measuring Component,Digits Right Of Decimal,D1_MSRMT_RPT_CURR,D1_NBR_OF_DGTS_RGT,,
Measurement_Snapshot___Domain,Development,Measuring Component,Measuring Component Multiplier,D1_MSRMT_RPT_CURR,MEASR_COMP_MULTIPLIER,,
Measurement_Snapshot___Domain,Development,Measuring Component,Full Scale,D1_MSRMT_RPT_CURR,D1_FULL_SCALE,,
Measurement_Snapshot___Domain,Development,Measuring Component,Read Sequence,D1_MSRMT_RPT_CURR,D1_READ_SEQ,,
Measurement_Snapshot___Domain,Development,Measuring Component,Measuring Component Time Zone Code,D1_MSRMT_RPT_CURR,MC_TIME_ZONE_CD,,
Measurement_Snapshot___Domain,Development,Measuring Component,Measuring Component Time Zone,D1_MSRMT_RPT_CURR,MC_TIME_ZONE_DESC,,
Measurement_Snapshot___Domain,Development,Measuring Component,Latest Measurement Date Time,D1_MSRMT_RPT_CURR,LATEST_MSRMT_DTTM,,
Measurement_Snapshot___Domain,Development,Measuring Component,Most Recent Measurement Date Time,D1_MSRMT_RPT_CURR,MOST_RECENT_MSRMT_DTTM,,
Measurement_Snapshot___Domain,Development,Measuring Component,Most Recent Non Estimated Measurement Date Time,D1_MSRMT_RPT_CURR,MOST_RECENT_NON_EST_MSRMT_DTTM,,
Measurement_Snapshot___Domain,Development,Measuring Component,Adjusted Latest Measurement Date Time,D1_MSRMT_RPT_CURR,ADJ_LATEST_MSRMT_DTTM,,
Measurement_Snapshot___Domain,Development,Measuring Component,Most Recent Reading Value,D1_MSRMT_RPT_CURR,MOST_RECENT_MSRMT_READING_VAL,,
Measurement_Snapshot___Domain,Development,Measuring Component,Most Recent Reading Condition Code,D1_MSRMT_RPT_CURR,MOST_RECENT_MSRMT_READING_COND,,
Measurement_Snapshot___Domain,Development,Measuring Component,Most Recent Reading Condition,D1_MSRMT_RPT_CURR,MOST_RECENT_MSRMT_READING_COND_DESC,,
Measurement_Snapshot___Domain,Development,Measuring Component,Measuring Component User ID,D1_MSRMT_RPT_CURR,MC_USER_ID,,
Measurement_Snapshot___Domain,Development,Measuring Component,Measuring Component User Name,D1_MSRMT_RPT_CURR,MC_USER_NAME,,
Measurement_Snapshot___Domain,Development,Measuring Component,Measuring Component Access Group Code,D1_MSRMT_RPT_CURR,MC_ACCESS_GRP_CD,,
Measurement_Snapshot___Domain,Development,Measuring Component,Measuring Component Access Group,D1_MSRMT_RPT_CURR,MC_ACCESS_GRP_DESC,,
Measurement_Snapshot___Domain,Development,Measuring Component,Attribute Value ID,D1_MSRMT_RPT_CURR,ATTR_VAL_ID,,
Measurement_Snapshot___Domain,Development,Measuring Component,Measuring Component Created Date Time,D1_MSRMT_RPT_CURR,MC_CRE_DTTM,,
Measurement_Snapshot___Domain,Development,Measuring Component,Measuring Component Status Updated Date Time,D1_MSRMT_RPT_CURR,MC_STATUS_UPD_DTTM,,
Measurement_Snapshot___Domain,Development,Install Event,Install Event ID,D1_MSRMT_RPT_CURR,INSTALL_EVT_ID,,
Measurement_Snapshot___Domain,Development,Install Event,Install Event Status Code,D1_MSRMT_RPT_CURR,INSTALL_BO_STATUS_CD,,
Measurement_Snapshot___Domain,Development,Install Event,Install Event Status Reason Code,D1_MSRMT_RPT_CURR,INSTALL_BO_STATUS_REASON_CD,,
Measurement_Snapshot___Domain,Development,Install Event,Install Date Time,D1_MSRMT_RPT_CURR,INSTALL_DTTM,,
Measurement_Snapshot___Domain,Development,Install Event,Removal Date Time,D1_MSRMT_RPT_CURR,REMOVAL_DTTM,,
Measurement_Snapshot___Domain,Development,Install Event,Installation Constant,D1_MSRMT_RPT_CURR,INSTALLATION_CONST,,
Measurement_Snapshot___Domain,Development,Install Event,Arm Status Code,D1_MSRMT_RPT_CURR,ARM_STAT_FLG,,
Measurement_Snapshot___Domain,Development,Service Point,Service Point ID,D1_MSRMT_RPT_CURR,D1_SP_ID,,
Measurement_Snapshot___Domain,Development,Service Point,Service Point Type Code,D1_MSRMT_RPT_CURR,D1_SP_TYPE_CD,,
Measurement_Snapshot___Domain,Development,Service Point,Service Point Type,D1_MSRMT_RPT_CURR,D1_SP_TYPE_DESC,,
Measurement_Snapshot___Domain,Development,Service Point,Service Point Business Object Code,D1_MSRMT_RPT_CURR,SP_BUS_OBJ_CD,,
Measurement_Snapshot___Domain,Development,Service Point,Service Point Business Object,D1_MSRMT_RPT_CURR,SP_BUS_OBJ_DESC,,
Measurement_Snapshot___Domain,Development,Service Point,Service Point Status Code,D1_MSRMT_RPT_CURR,SP_BO_STATUS_CD,,
Measurement_Snapshot___Domain,Development,Service Point,Service Point Status,D1_MSRMT_RPT_CURR,SP_BO_STATUS_DESC,,
Measurement_Snapshot___Domain,Development,Service Point,Service Point Status Reason Code,D1_MSRMT_RPT_CURR,SP_BO_STATUS_REASON_CD,,
Measurement_Snapshot___Domain,Development,Service Point,Service Point Source Status Code,D1_MSRMT_RPT_CURR,SP_SRC_STAT_FLG,,
Measurement_Snapshot___Domain,Development,Service Point,Service Point Source Status,D1_MSRMT_RPT_CURR,SP_SRC_STAT_DESC,,
Measurement_Snapshot___Domain,Development,Service Point,Disconnect Location Code,D1_MSRMT_RPT_CURR,DISCONN_LOC_FLG,,
Measurement_Snapshot___Domain,Development,Service Point,Disconnect Location,D1_MSRMT_RPT_CURR,DISCONN_LOC_DESC,,
Measurement_Snapshot___Domain,Development,Service Point,Division Code,D1_MSRMT_RPT_CURR,DIVISION_CD,,
Measurement_Snapshot___Domain,Development,Service Point,Market Code,D1_MSRMT_RPT_CURR,MKT_CD,,
Measurement_Snapshot___Domain,Development,Service Point,Life Support Special Load Code,D1_MSRMT_RPT_CURR,D1_LS_SL_FLG,,
Measurement_Snapshot___Domain,Development,Service Point,Life Support Special Load,D1_MSRMT_RPT_CURR,D1_LS_SL_DESCR,,
Measurement_Snapshot___Domain,Development,Service Point,Measurement Cycle Code,D1_MSRMT_RPT_CURR,MSRMT_CYC_CD,,
Measurement_Snapshot___Domain,Development,Service Point,Measurement Cycle,D1_MSRMT_RPT_CURR,MSRMT_CYC_DESC,,
Measurement_Snapshot___Domain,Development,Service Point,Route Code,D1_MSRMT_RPT_CURR,MSRMT_CYC_RTE_CD,,
Measurement_Snapshot___Domain,Development,Service Point,Route,D1_MSRMT_RPT_CURR,MSRMT_CYC_RTE_DESC,,
Measurement_Snapshot___Domain,Development,Service Point,Route Sequence,D1_MSRMT_RPT_CURR,MSRMT_CYC_RTE_SEQ,,
Measurement_Snapshot___Domain,Development,Service Point,Service Point Time Zone Code,D1_MSRMT_RPT_CURR,SP_TIME_ZONE_CD,,
Measurement_Snapshot___Domain,Development,Service Point,Service Point Time Zone,D1_MSRMT_RPT_CURR,SP_TIME_ZONE_DESC,,
Measurement_Snapshot___Domain,Development,Service Point,Service Point Access Group Code,D1_MSRMT_RPT_CURR,SP_ACCESS_GRP_CD,,
Measurement_Snapshot___Domain,Development,Service Point,Service Point Access Group,D1_MSRMT_RPT_CURR,SP_ACCESS_GRP_DESC,,
Measurement_Snapshot___Domain,Development,Service Point,Country,D1_MSRMT_RPT_CURR,COUNTRY,,
Measurement_Snapshot___Domain,Development,Service Point,Postal Code,D1_MSRMT_RPT_CURR,POSTAL,,
Measurement_Snapshot___Domain,Development,Service Point,Address 1,D1_MSRMT_RPT_CURR,ADDRESS1,,
Measurement_Snapshot___Domain,Development,Service Point,Address 2,D1_MSRMT_RPT_CURR,ADDRESS2,,
Measurement_Snapshot___Domain,Development,Service Point,Address 3,D1_MSRMT_RPT_CURR,ADDRESS3,,
Measurement_Snapshot___Domain,Development,Service Point,Address 4,D1_MSRMT_RPT_CURR,ADDRESS4,,
Measurement_Snapshot___Domain,Development,Service Point,City,D1_MSRMT_RPT_CURR,CITY,,
Measurement_Snapshot___Domain,Development,Service Point,County,D1_MSRMT_RPT_CURR,COUNTY,,
Measurement_Snapshot___Domain,Development,Service Point,State,D1_MSRMT_RPT_CURR,STATE,,
Measurement_Snapshot___Domain,Development,Service Point,Geo Code,D1_MSRMT_RPT_CURR,GEO_CODE,,
Measurement_Snapshot___Domain,Development,Service Point,House Type,D1_MSRMT_RPT_CURR,HOUSE_TYPE,,
Measurement_Snapshot___Domain,Development,Service Point,In City Limit,D1_MSRMT_RPT_CURR,IN_CITY_LIMIT,,
Measurement_Snapshot___Domain,Development,Service Point,Address Number 1,D1_MSRMT_RPT_CURR,NUM1,,
Measurement_Snapshot___Domain,Development,Service Point,Address Number 2,D1_MSRMT_RPT_CURR,NUM2,,
Measurement_Snapshot___Domain,Development,Service Point,Latitude,D1_MSRMT_RPT_CURR,D1_GEO_LAT,,
Measurement_Snapshot___Domain,Development,Service Point,Longitude,D1_MSRMT_RPT_CURR,D1_GEO_LONG,,
Measurement_Snapshot___Domain,Development,Service Point,Service Point Created Date Time,D1_MSRMT_RPT_CURR,SP_CRE_DTTM,,
Measurement_Snapshot___Domain,Development,Service Point,Service Point Status Updated Date Time,D1_MSRMT_RPT_CURR,SP_STATUS_UPD_DTTM,,
Crew___Domain,Field Operations,1.) Representative / Crew,Status (Representative/Crew),JoinTree_1.C1_REPRESENTATIVE,BO_STATUS_CD,,
Crew___Domain,Field Operations,1.) Representative / Crew,Status Reason (Representative/Crew),JoinTree_1.C1_REPRESENTATIVE,BO_STATUS_REASON_CD,,
Crew___Domain,Field Operations,1.) Representative / Crew,Business Object (Representative/Crew),JoinTree_1.C1_REPRESENTATIVE,BUS_OBJ_CD,,
Crew___Domain,Field Operations,1.) Representative / Crew,Representative/Crew,JoinTree_1.C1_REPRESENTATIVE,C1_REPRESENTATIVE_CD,,
Crew___Domain,Field Operations,1.) Representative / Crew,Create Date/Time (Representative/Crew),JoinTree_1.C1_REPRESENTATIVE,CRE_DTTM,,
Crew___Domain,Field Operations,1.) Representative / Crew,External System,JoinTree_1.C1_REPRESENTATIVE,NT_XID_CD,,
Crew___Domain,Field Operations,1.) Representative / Crew,Person ID,JoinTree_1.C1_REPRESENTATIVE,PER_ID,,
Crew___Domain,Field Operations,1.) Representative / Crew,Status Date/Time (Representative/Crew),JoinTree_1.C1_REPRESENTATIVE,STATUS_UPD_DTTM,,
Crew___Domain,Field Operations,1.) Representative / Crew,User,JoinTree_1.C1_REPRESENTATIVE,USER_ID,,
Crew___Domain,Field Operations,1.) Representative / Crew Details,Representative/Crew,JoinTree_1.CMS_C1_REPRESENTATIVE_BODA_VW,C1_REPRESENTATIVE_CD,,
Crew___Domain,Field Operations,1.) Representative / Crew Details,Service Area,JoinTree_1.CMS_C1_REPRESENTATIVE_BODA_VW,CM_ML_SVC_AREA,,
Crew___Domain,Field Operations,1.) Representative / Crew Details,Worker Capability,JoinTree_1.CMS_C1_REPRESENTATIVE_BODA_VW,CM_ML_WORKER_CAPABILITY,,
Crew___Domain,Field Operations,1.) Activity,Activity Type,JoinTree_1.D1_ACTIVITY,ACTIVITY_TYPE_CD,,
Crew___Domain,Field Operations,1.) Activity,Status (Activity),JoinTree_1.D1_ACTIVITY,BO_STATUS_CD,,
Crew___Domain,Field Operations,1.) Activity,Status Reason (Activity),JoinTree_1.D1_ACTIVITY,BO_STATUS_REASON_CD,,
Crew___Domain,Field Operations,1.) Activity,Business Object (Activity),JoinTree_1.D1_ACTIVITY,BUS_OBJ_CD,,
Crew___Domain,Field Operations,1.) Activity,Cancel Reason,JoinTree_1.D1_ACTIVITY,CANCEL_REASON,,
Crew___Domain,Field Operations,1.) Activity,Create Date/Time (Activity),JoinTree_1.D1_ACTIVITY,CRE_DTTM,,
Crew___Domain,Field Operations,1.) Activity,Activity ID,JoinTree_1.D1_ACTIVITY,D1_ACTIVITY_ID,,
Crew___Domain,Field Operations,1.) Activity,Effective Date/Time,JoinTree_1.D1_ACTIVITY,EFF_DTTM,,
Crew___Domain,Field Operations,1.) Activity,End Date/Time,JoinTree_1.D1_ACTIVITY,END_DTTM,,
Crew___Domain,Field Operations,1.) Activity,Field Task Type,JoinTree_1.D1_ACTIVITY,FIELD_TASK_TYPE,,
Crew___Domain,Field Operations,1.) Activity,Reschedule Reason,JoinTree_1.D1_ACTIVITY,RESCHEDULE_REASON,,
Crew___Domain,Field Operations,1.) Activity,Retention Period,JoinTree_1.D1_ACTIVITY,RETENTION_PERIOD,,
Crew___Domain,Field Operations,1.) Activity,Start Date/Time,JoinTree_1.D1_ACTIVITY,START_DTTM,,
Crew___Domain,Field Operations,1.) Activity,Status Date/Time (Representative/Crew),JoinTree_1.D1_ACTIVITY,STATUS_UPD_DTTM,,
Crew___Domain,Field Operations,1.) Activity Details,Appointment Comments,JoinTree_1.CMS_D1_ACTIVITY_D1FA_BODA_VW,APPOINTMENT_COMMENTS,,
Crew___Domain,Field Operations,1.) Activity Details,Appointment Necessary,JoinTree_1.CMS_D1_ACTIVITY_D1FA_BODA_VW,APPOINTMENT_FLG,,
Crew___Domain,Field Operations,1.) Activity Details,Appointment Taken By,JoinTree_1.CMS_D1_ACTIVITY_D1FA_BODA_VW,APPOINTMENT_TAKEN_BY,,
Crew___Domain,Field Operations,1.) Activity Details,Appointment Taken Date,JoinTree_1.CMS_D1_ACTIVITY_D1FA_BODA_VW,APPOINTMENT_TAKEN_DATE,,
Crew___Domain,Field Operations,1.) Activity Details,Appointment End Date Time,JoinTree_1.CMS_D1_ACTIVITY_D1FA_BODA_VW,APPOINTMENT_WINDOW_END_DTTM,,
Crew___Domain,Field Operations,1.) Activity Details,Appointment Window Date Time,JoinTree_1.CMS_D1_ACTIVITY_D1FA_BODA_VW,APPOINTMENT_WINDOW_START_DTTM,,
Crew___Domain,Field Operations,1.) Activity Details,Pickup Order,JoinTree_1.CMS_D1_ACTIVITY_D1FA_BODA_VW,CM_ML_IS_PICKUP_FLG,,
Crew___Domain,Field Operations,1.) Activity Details,Comments,JoinTree_1.CMS_D1_ACTIVITY_D1FA_BODA_VW,COMMENTS,,
Crew___Domain,Field Operations,1.) Activity Details,Requester User,JoinTree_1.CMS_D1_ACTIVITY_D1FA_BODA_VW,CR_REQUESTER_USER,,
Crew___Domain,Field Operations,1.) Activity Details,Activity ID,JoinTree_1.CMS_D1_ACTIVITY_D1FA_BODA_VW,D1_ACTIVITY_ID,,
Crew___Domain,Field Operations,1.) Activity Details,Cell Phone,JoinTree_1.CMS_D1_ACTIVITY_D1FA_BODA_VW,D1_CELLPHONE,,
Crew___Domain,Field Operations,1.) Activity Details,Contact External ID,JoinTree_1.CMS_D1_ACTIVITY_D1FA_BODA_VW,D1_CONT_EXTERNAL_ID,,
Crew___Domain,Field Operations,1.) Activity Details,Contact Name,JoinTree_1.CMS_D1_ACTIVITY_D1FA_BODA_VW,D1_CONTACTNAME,,
Crew___Domain,Field Operations,1.) Activity Details,Customer Name,JoinTree_1.CMS_D1_ACTIVITY_D1FA_BODA_VW,D1_CUSTOMERNAME,,
Crew___Domain,Field Operations,1.) Activity Details,Instructions,JoinTree_1.CMS_D1_ACTIVITY_D1FA_BODA_VW,D1_INSTRUCTIONS,,
Crew___Domain,Field Operations,1.) Activity Details,Main Phone,JoinTree_1.CMS_D1_ACTIVITY_D1FA_BODA_VW,D1_MAINPHONE,,
Crew___Domain,Field Operations,1.) Activity Details,Email,JoinTree_1.CMS_D1_ACTIVITY_D1FA_BODA_VW,EMAIL_VALUE,,
Crew___Domain,Field Operations,1.) Activity Details,Expiration Date/Time,JoinTree_1.CMS_D1_ACTIVITY_D1FA_BODA_VW,EXPIRATION_DTTM,,
Crew___Domain,Field Operations,1.) Activity Details,External Reference ID,JoinTree_1.CMS_D1_ACTIVITY_D1FA_BODA_VW,EXT_REFERENCE_ID,,
Crew___Domain,Field Operations,1.) Activity Details,External Account ID,JoinTree_1.CMS_D1_ACTIVITY_D1FA_BODA_VW,EXTERNAL_ACCT_ID,,
Crew___Domain,Field Operations,1.) Activity Details (for MobileLite),Activity ID,JoinTree_1.CMS_D1_ACTIVITY_CHAR_VW,D1_ACTIVITY_ID,,
Crew___Domain,Field Operations,1.) Activity Details (for MobileLite),Intermediate Status,JoinTree_1.CMS_D1_ACTIVITY_CHAR_VW,FA_INT_STATUS_FLG,,
Crew___Domain,Field Operations,1.) Activity Details (for MobileLite),Field Activity Priority,JoinTree_1.CMS_D1_ACTIVITY_CHAR_VW,FA_PRIORITY_FLG,,
Crew___Domain,Field Operations,1.) Descriptions,Activity Type Description,JoinTree_1.D1_ACTIVITY_TYPE_L,DESCR100,,
Crew___Domain,Field Operations,1.) Descriptions,Business Object Description (Activity),JoinTree_1.F1_BUS_OBJ_L_1,DESCR,,
Crew___Domain,Field Operations,1.) Descriptions,Business Object Description (Representative),JoinTree_1.F1_BUS_OBJ_L,DESCR,,
Crew___Domain,Field Operations,1.) Descriptions,Cancel Reason Description,JoinTree_1.F1_EXT_LOOKUP_VAL_L,DESCR,,
Crew___Domain,Field Operations,1.) Descriptions,External System Description,JoinTree_1.CI_NT_XID_L,DESCR50,,
Crew___Domain,Field Operations,1.) Descriptions,Field Task Type Description,JoinTree_1.F1_EXT_LOOKUP_VAL_L_1,DESCR,,
Crew___Domain,Field Operations,1.) Descriptions,Intermediate Status Description,JoinTree_1.CI_LOOKUP_VAL_L_1,DESCR,,
Crew___Domain,Field Operations,1.) Descriptions,Reschedule Reason Description,JoinTree_1.F1_EXT_LOOKUP_VAL_L_2,DESCR,,
Crew___Domain,Field Operations,1.) Descriptions,Status Description (Activity),JoinTree_1.F1_BUS_OBJ_STATUS_L_1,DESCR,,
Crew___Domain,Field Operations,1.) Descriptions,Status Description (Representative),JoinTree_1.F1_BUS_OBJ_STATUS_L,DESCR,,
Crew___Domain,Field Operations,1.) Descriptions,Status Reason Description (Activity),JoinTree_1.F1_BUS_OBJ_STATUS_RSN_L_1,DESCR,,
Crew___Domain,Field Operations,1.) Descriptions,Status Reason Description (Representative),JoinTree_1.F1_BUS_OBJ_STATUS_RSN_L,DESCR,,
Crew___Domain,Field Operations,1.) Formulas,Days Old,JoinTree_1,DAYS_OLD,,
Crew___Domain,Field Operations,1.) Formulas,Days Completion,JoinTree_1,DAYS_COMPLETED,,
Crew___Domain,Field Operations,1.) Formulas,Days Started Since Creation,JoinTree_1,DAYS_STARTED_SINCE_CREATE,,
Crew___Domain,Field Operations,1.) Formulas,Total # of Activities,JoinTree_1,D1_ACTIVITY_ID_DISTINCT,,
Crew___Domain,Field Operations,1.) Formulas,Completed Activities,JoinTree_1,D1_COMPLETED_ACTIVITY_ID_DISTINCT,,
Crew___Domain,Field Operations,1.) Formulas,Distinct Representative/Crew,JoinTree_1,C1_REPRESENTATIVE_CD_DISTINCT,,
Crew___Domain,Field Operations,1.) Formulas,Representative/Crew (Name),JoinTree_1.C1_REPRESENTATIVE_L,DESCR100,,
Crew___Domain,Field Operations,1.) Formulas,Requester User (Name),JoinTree_1,REQUESTER_USER_NAME,,
Crew___Domain,Field Operations,1.) Formulas,User (Name),JoinTree_1,USER_ID_NAME,,
Field_Activity___Domain,Field Operations,1.) Activity,Activity Type,JoinTree_1.D1_ACTIVITY,ACTIVITY_TYPE_CD,,
Field_Activity___Domain,Field Operations,1.) Activity,Status (Activity),JoinTree_1.D1_ACTIVITY,BO_STATUS_CD,,
Field_Activity___Domain,Field Operations,1.) Activity,Status Reason (Activity),JoinTree_1.D1_ACTIVITY,BO_STATUS_REASON_CD,,
Field_Activity___Domain,Field Operations,1.) Activity,Business Object (Activity),JoinTree_1.D1_ACTIVITY,BUS_OBJ_CD,,
Field_Activity___Domain,Field Operations,1.) Activity,Cancel Reason (Activity),JoinTree_1.D1_ACTIVITY,CANCEL_REASON,,
Field_Activity___Domain,Field Operations,1.) Activity,Create Date/Time (Activity),JoinTree_1.D1_ACTIVITY,CRE_DTTM,,
Field_Activity___Domain,Field Operations,1.) Activity,Activity ID (Activity),JoinTree_1.D1_ACTIVITY,D1_ACTIVITY_ID,,
Field_Activity___Domain,Field Operations,1.) Activity,Effective Date/Time (Activity),JoinTree_1.D1_ACTIVITY,EFF_DTTM,,
Field_Activity___Domain,Field Operations,1.) Activity,End Date/Time (Activity),JoinTree_1.D1_ACTIVITY,END_DTTM,,
Field_Activity___Domain,Field Operations,1.) Activity,Field Task Type (Activity),JoinTree_1.D1_ACTIVITY,FIELD_TASK_TYPE,,
Field_Activity___Domain,Field Operations,1.) Activity,Reschedule Reason,JoinTree_1.D1_ACTIVITY,RESCHEDULE_REASON,,
Field_Activity___Domain,Field Operations,1.) Activity,Retention Period,JoinTree_1.D1_ACTIVITY,RETENTION_PERIOD,Dimension,CountAll
Field_Activity___Domain,Field Operations,1.) Activity,Start Date/Time (Activity),JoinTree_1.D1_ACTIVITY,START_DTTM,,
Field_Activity___Domain,Field Operations,1.) Activity,Status Date/Time (Activity),JoinTree_1.D1_ACTIVITY,STATUS_UPD_DTTM,,
Field_Activity___Domain,Field Operations,1.) Activity Details,Appointment Comments,JoinTree_1.CMS_D1_ACTIVITY_D1FA_BODA_VW,APPOINTMENT_COMMENTS,,
Field_Activity___Domain,Field Operations,1.) Activity Details,Appointment Necessary,JoinTree_1.CMS_D1_ACTIVITY_D1FA_BODA_VW,APPOINTMENT_FLG,,
Field_Activity___Domain,Field Operations,1.) Activity Details,Appointment Taken By,JoinTree_1.CMS_D1_ACTIVITY_D1FA_BODA_VW,APPOINTMENT_TAKEN_BY,,
Field_Activity___Domain,Field Operations,1.) Activity Details,Appointment Taken Date,JoinTree_1.CMS_D1_ACTIVITY_D1FA_BODA_VW,APPOINTMENT_TAKEN_DATE,,
Field_Activity___Domain,Field Operations,1.) Activity Details,Appointment End Date Time,JoinTree_1.CMS_D1_ACTIVITY_D1FA_BODA_VW,APPOINTMENT_WINDOW_END_DTTM,,
Field_Activity___Domain,Field Operations,1.) Activity Details,Appointment Window Date Time,JoinTree_1.CMS_D1_ACTIVITY_D1FA_BODA_VW,APPOINTMENT_WINDOW_START_DTTM,,
Field_Activity___Domain,Field Operations,1.) Activity Details,Pickup Order,JoinTree_1.CMS_D1_ACTIVITY_D1FA_BODA_VW,CM_ML_IS_PICKUP_FLG,,
Field_Activity___Domain,Field Operations,1.) Activity Details,Comments,JoinTree_1.CMS_D1_ACTIVITY_D1FA_BODA_VW,COMMENTS,,
Field_Activity___Domain,Field Operations,1.) Activity Details,Requester User,JoinTree_1.CMS_D1_ACTIVITY_D1FA_BODA_VW,CR_REQUESTER_USER,,
Field_Activity___Domain,Field Operations,1.) Activity Details,Cell Phone,JoinTree_1.CMS_D1_ACTIVITY_D1FA_BODA_VW,D1_CELLPHONE,,
Field_Activity___Domain,Field Operations,1.) Activity Details,Contact External ID,JoinTree_1.CMS_D1_ACTIVITY_D1FA_BODA_VW,D1_CONT_EXTERNAL_ID,,
Field_Activity___Domain,Field Operations,1.) Activity Details,Contact Name,JoinTree_1.CMS_D1_ACTIVITY_D1FA_BODA_VW,D1_CONTACTNAME,,
Field_Activity___Domain,Field Operations,1.) Activity Details,Customer Name,JoinTree_1.CMS_D1_ACTIVITY_D1FA_BODA_VW,D1_CUSTOMERNAME,,
Field_Activity___Domain,Field Operations,1.) Activity Details,Instructions,JoinTree_1.CMS_D1_ACTIVITY_D1FA_BODA_VW,D1_INSTRUCTIONS,,
Field_Activity___Domain,Field Operations,1.) Activity Details,Main Phone,JoinTree_1.CMS_D1_ACTIVITY_D1FA_BODA_VW,D1_MAINPHONE,,
Field_Activity___Domain,Field Operations,1.) Activity Details,Email,JoinTree_1.CMS_D1_ACTIVITY_D1FA_BODA_VW,EMAIL_VALUE,,
Field_Activity___Domain,Field Operations,1.) Activity Details,Expiration Date/Time,JoinTree_1.CMS_D1_ACTIVITY_D1FA_BODA_VW,EXPIRATION_DTTM,,
Field_Activity___Domain,Field Operations,1.) Activity Details,External Reference ID,JoinTree_1.CMS_D1_ACTIVITY_D1FA_BODA_VW,EXT_REFERENCE_ID,,
Field_Activity___Domain,Field Operations,1.) Activity Details,External Account ID,JoinTree_1.CMS_D1_ACTIVITY_D1FA_BODA_VW,EXTERNAL_ACCT_ID,,
Field_Activity___Domain,Field Operations,1.) Activity Details (for MobileLite),Intermediate Status,JoinTree_1.CMS_ACTIVITY_ML,FA_INT_STATUS_FLG,,
Field_Activity___Domain,Field Operations,1.) Activity Details (for MobileLite),Field Activity Priority,JoinTree_1.CMS_ACTIVITY_ML,FA_PRIORITY_FLG,,
Field_Activity___Domain,Field Operations,1.) Activity Details (for MobileLite),Representative,JoinTree_1.CMS_ACTIVITY_ML,THRD_PTY_REP_CD,,
Field_Activity___Domain,Field Operations,1.) Service Point - MDM,Access Group,JoinTree_1.D1_SP,ACCESS_GRP_CD,,
Field_Activity___Domain,Field Operations,1.) Service Point - MDM,Address,JoinTree_1.D1_SP,ADDRESS1,,
Field_Activity___Domain,Field Operations,1.) Service Point - MDM,Address,JoinTree_1.D1_SP,ADDRESS1_UPPER,,
Field_Activity___Domain,Field Operations,1.) Service Point - MDM,Address 2,JoinTree_1.D1_SP,ADDRESS2,,
Field_Activity___Domain,Field Operations,1.) Service Point - MDM,Address 3,JoinTree_1.D1_SP,ADDRESS3,,
Field_Activity___Domain,Field Operations,1.) Service Point - MDM,Address 4,JoinTree_1.D1_SP,ADDRESS4,,
Field_Activity___Domain,Field Operations,1.) Service Point - MDM,Status (Service Point),JoinTree_1.D1_SP,BO_STATUS_CD,,
Field_Activity___Domain,Field Operations,1.) Service Point - MDM,Status Reason (Service Point),JoinTree_1.D1_SP,BO_STATUS_REASON_CD,,
Field_Activity___Domain,Field Operations,1.) Service Point - MDM,Business Object (Service Point),JoinTree_1.D1_SP,BUS_OBJ_CD,,
Field_Activity___Domain,Field Operations,1.) Service Point - MDM,City,JoinTree_1.D1_SP,CITY,,
Field_Activity___Domain,Field Operations,1.) Service Point - MDM,City Upper Case,JoinTree_1.D1_SP,CITY_UPPER,,
Field_Activity___Domain,Field Operations,1.) Service Point - MDM,Country,JoinTree_1.D1_SP,COUNTRY,,
Field_Activity___Domain,Field Operations,1.) Service Point - MDM,County,JoinTree_1.D1_SP,COUNTY,,
Field_Activity___Domain,Field Operations,1.) Service Point - MDM,Create Date/Time,JoinTree_1.D1_SP,CRE_DTTM,,
Field_Activity___Domain,Field Operations,1.) Service Point - MDM,Geographic Latitude,JoinTree_1.D1_SP,D1_GEO_LAT,Dimension,CountAll
Field_Activity___Domain,Field Operations,1.) Service Point - MDM,Geographic Longitude,JoinTree_1.D1_SP,D1_GEO_LONG,Dimension,CountAll
Field_Activity___Domain,Field Operations,1.) Service Point - MDM,Life Support / Sensitive Load Description,JoinTree_1.D1_SP,D1_LS_SL_DESCR,,
Field_Activity___Domain,Field Operations,1.) Service Point - MDM,Life Support / Sensitive Load,JoinTree_1.D1_SP,D1_LS_SL_FLG,,
Field_Activity___Domain,Field Operations,1.) Service Point - MDM,Service Point ID,JoinTree_1.D1_SP,D1_SP_ID,,
Field_Activity___Domain,Field Operations,1.) Service Point - MDM,Service Point Type,JoinTree_1.D1_SP,D1_SP_TYPE_CD,,
Field_Activity___Domain,Field Operations,1.) Service Point - MDM,Disconnect Location,JoinTree_1.D1_SP,DISCONN_LOC_FLG,,
Field_Activity___Domain,Field Operations,1.) Service Point - MDM,Division,JoinTree_1.D1_SP,DIVISION_CD,,
Field_Activity___Domain,Field Operations,1.) Service Point - MDM,Geographical Code,JoinTree_1.D1_SP,GEO_CODE,,
Field_Activity___Domain,Field Operations,1.) Service Point - MDM,House Type,JoinTree_1.D1_SP,HOUSE_TYPE,,
Field_Activity___Domain,Field Operations,1.) Service Point - MDM,In City Limit,JoinTree_1.D1_SP,IN_CITY_LIMIT,,
Field_Activity___Domain,Field Operations,1.) Service Point - MDM,Market,JoinTree_1.D1_SP,MKT_CD,,
Field_Activity___Domain,Field Operations,1.) Service Point - MDM,Measurement Cycle,JoinTree_1.D1_SP,MSRMT_CYC_CD,,
Field_Activity___Domain,Field Operations,1.) Service Point - MDM,Route,JoinTree_1.D1_SP,MSRMT_CYC_RTE_CD,,
Field_Activity___Domain,Field Operations,1.) Service Point - MDM,Sequence,JoinTree_1.D1_SP,MSRMT_CYC_RTE_SEQ,Dimension,CountAll
Field_Activity___Domain,Field Operations,1.) Service Point - MDM,Number 1,JoinTree_1.D1_SP,NUM1,,
Field_Activity___Domain,Field Operations,1.) Service Point - MDM,Number 2,JoinTree_1.D1_SP,NUM2,,
Field_Activity___Domain,Field Operations,1.) Service Point - MDM,Postal,JoinTree_1.D1_SP,POSTAL,,
Field_Activity___Domain,Field Operations,1.) Service Point - MDM,Source Status,JoinTree_1.D1_SP,SP_SRC_STAT_FLG,,
Field_Activity___Domain,Field Operations,1.) Service Point - MDM,State,JoinTree_1.D1_SP,STATE,,
Field_Activity___Domain,Field Operations,1.) Service Point - MDM,Status Date/Time (Service Point),JoinTree_1.D1_SP,STATUS_UPD_DTTM,,
Field_Activity___Domain,Field Operations,1.) Service Point - MDM,Time Zone,JoinTree_1.D1_SP,TIME_ZONE_CD,,
Field_Activity___Domain,Field Operations,1.) Descriptions,Access Group Description,JoinTree_1.CI_ACC_GRP_L,DESCR,,
Field_Activity___Domain,Field Operations,1.) Descriptions,Activity Type Description,JoinTree_1.D1_ACTIVITY_TYPE_L,DESCR100,,
Field_Activity___Domain,Field Operations,1.) Descriptions,Business Object Description (Activity),JoinTree_1.F1_BUS_OBJ_L,DESCR,,
Field_Activity___Domain,Field Operations,1.) Descriptions,Business Object Description (Service Point),JoinTree_1.F1_BUS_OBJ_L_1,DESCR,,
Field_Activity___Domain,Field Operations,1.) Descriptions,Cancel Reason Description (Activity),JoinTree_1.F1_EXT_LOOKUP_VAL_L,DESCR,,
Field_Activity___Domain,Field Operations,1.) Descriptions,Disconnect Location Description,JoinTree_1.CI_LOOKUP_VAL_L_1,DESCR,,
Field_Activity___Domain,Field Operations,1.) Descriptions,Field Task Type Description,JoinTree_1.F1_EXT_LOOKUP_VAL_L_1,DESCR,,
Field_Activity___Domain,Field Operations,1.) Descriptions,Intermediate Status Description,JoinTree_1.CI_LOOKUP_VAL_L_3,DESCR,,
Field_Activity___Domain,Field Operations,1.) Descriptions,Market Description,JoinTree_1.D1_MKT_L,DESCR100,,
Field_Activity___Domain,Field Operations,1.) Descriptions,Measurement Cycle Description,JoinTree_1.D1_MSRMT_CYC_L,DESCR100,,
Field_Activity___Domain,Field Operations,1.) Descriptions,Representative Description,JoinTree_1.C1_REPRESENTATIVE_L,DESCR100,,
Field_Activity___Domain,Field Operations,1.) Descriptions,Reschedule Reason Description,JoinTree_1.F1_EXT_LOOKUP_VAL_L_2,DESCR,,
Field_Activity___Domain,Field Operations,1.) Descriptions,Route Description,JoinTree_1.D1_MSRMT_CYC_RTE_L,DESCR100,,
Field_Activity___Domain,Field Operations,1.) Descriptions,Service Point Type Description,JoinTree_1.D1_SP_TYPE_L,DESCR100,,
Field_Activity___Domain,Field Operations,1.) Descriptions,Source Status Description,JoinTree_1.CI_LOOKUP_VAL_L_2,DESCR,,
Field_Activity___Domain,Field Operations,1.) Descriptions,State Description,JoinTree_1.CI_STATE_L,DESCR,,
Field_Activity___Domain,Field Operations,1.) Descriptions,Status Description (Activity),JoinTree_1.F1_BUS_OBJ_STATUS_L,DESCR,,
Field_Activity___Domain,Field Operations,1.) Descriptions,Status Description (Service Point),JoinTree_1.F1_BUS_OBJ_STATUS_L_1,DESCR,,
Field_Activity___Domain,Field Operations,1.) Descriptions,Status Reason Description (Activity),JoinTree_1.F1_BUS_OBJ_STATUS_RSN_L,DESCR,,
Field_Activity___Domain,Field Operations,1.) Descriptions,Status Reason Description (Service Point),JoinTree_1.F1_BUS_OBJ_STATUS_RSN_L_1,DESCR,,
Field_Activity___Domain,Field Operations,1.) Descriptions,Time Zone Description,JoinTree_1.CI_TIME_ZONE_L,DESCR,,
Field_Activity___Domain,Field Operations,1.) Formulas,Completed Activities,JoinTree_1,DISTINCT_COMPLETED_ACTIVITY_ID,,
Field_Activity___Domain,Field Operations,1.) Formulas,Days Old,JoinTree_1,DAYS_OLD,,
Field_Activity___Domain,Field Operations,1.) Formulas,Days Completion,JoinTree_1,DAYS_COMPLETED,,
Field_Activity___Domain,Field Operations,1.) Formulas,Days Started Since Creation,JoinTree_1,DAYS_STARTED_SINCE_CREATE,,
Field_Activity___Domain,Field Operations,1.) Formulas,Total # of Activities,JoinTree_1,ACTIVITY_ID_DISTINCT,,
Field_Activity___Domain,Field Operations,1.) Formulas,Distinct Service Point ID,JoinTree_1,D1_SP_ID_DISTINCT,,
Field_Activity___Domain,Field Operations,1.) Formulas,Parent Activity ID,JoinTree_1.D1_ACTIVITY_REL,REL_ACTIVITY_ID,,
Field_Activity___Domain,Field Operations,1.) Formulas,Postal (First Five),JoinTree_1,POSTAL_5,,
Field_Activity___Domain,Field Operations,1.) Formulas,Requester User (Name),JoinTree_1,REQUESTER_USER_NAME,,
Billable_Charge___Domain,Finance,1.) Account,Access Group,JoinTree_1.CI_ACCT,ACCESS_GRP_CD,,
Billable_Charge___Domain,Finance,1.) Account,Account ID,JoinTree_1.CI_ACCT,ACCT_ID,,
Billable_Charge___Domain,Finance,1.) Account,Account Management Group,JoinTree_1.CI_ACCT,ACCT_MGMT_GRP_CD,,
Billable_Charge___Domain,Finance,1.) Account,Alert Information,JoinTree_1.CI_ACCT,ALERT_INFO,,
Billable_Charge___Domain,Finance,1.) Account,Bill After                    ,JoinTree_1.CI_ACCT,BILL_AFTER_DT,,
Billable_Charge___Domain,Finance,1.) Account,Bill Cycle,JoinTree_1.CI_ACCT,BILL_CYC_CD,,
Billable_Charge___Domain,Finance,1.) Account,Bill Print Intercept,JoinTree_1.CI_ACCT,BILL_PRT_INTERCEPT,,
Billable_Charge___Domain,Finance,1.) Account,Budget Plan,JoinTree_1.CI_ACCT,BUD_PLAN_CD,,
Billable_Charge___Domain,Finance,1.) Account,Collection Class,JoinTree_1.CI_ACCT,COLL_CL_CD,,
Billable_Charge___Domain,Finance,1.) Account,Last Credit Review Date,JoinTree_1.CI_ACCT,CR_REVIEW_DT,,
Billable_Charge___Domain,Finance,1.) Account,Currency Code,JoinTree_1.CI_ACCT,CURRENCY_CD,,
Billable_Charge___Domain,Finance,1.) Account,Customer Class,JoinTree_1.CI_ACCT,CUST_CL_CD,,
Billable_Charge___Domain,Finance,1.) Account,Internal Credit Review,JoinTree_1.CI_ACCT,INT_CR_REVIEW_SW,,
Billable_Charge___Domain,Finance,1.) Account,Mailing Premise ID,JoinTree_1.CI_ACCT,MAILING_PREM_ID,,
Billable_Charge___Domain,Finance,1.) Account,No Deposit Review Switch,JoinTree_1.CI_ACCT,NO_DEP_RVW_SW,,
Billable_Charge___Domain,Finance,1.) Account,Postpone Credit Review Until,JoinTree_1.CI_ACCT,POSTPONE_CR_RVW_DT,,
Billable_Charge___Domain,Finance,1.) Account,Protect Bill Cycle,JoinTree_1.CI_ACCT,PROTECT_CYC_SW,,
Billable_Charge___Domain,Finance,1.) Account,Protect Division,JoinTree_1.CI_ACCT,PROTECT_DIV_SW,,
Billable_Charge___Domain,Finance,1.) Account,Protect Mailing Premise,JoinTree_1.CI_ACCT,PROTECT_PREM_SW,,
Billable_Charge___Domain,Finance,1.) Account,Set Up Date,JoinTree_1.CI_ACCT,SETUP_DT,,
Billable_Charge___Domain,Finance,1.) SA (Service Agreement),Account ID,JoinTree_1.CI_SA,ACCT_ID,,
Billable_Charge___Domain,Finance,1.) SA (Service Agreement),Allow Estimates,JoinTree_1.CI_SA,ALLOW_EST_SW,,
Billable_Charge___Domain,Finance,1.) SA (Service Agreement),Business Activity,JoinTree_1.CI_SA,BUS_ACTIVITY_DESC,,
Billable_Charge___Domain,Finance,1.) SA (Service Agreement),Premise ID,JoinTree_1.CI_SA,CHAR_PREM_ID,,
Billable_Charge___Domain,Finance,1.) SA (Service Agreement),CIAC Review Date,JoinTree_1.CI_SA,CIAC_REVIEW_DT,,
Billable_Charge___Domain,Finance,1.) SA (Service Agreement),CIS Division,JoinTree_1.CI_SA,CIS_DIVISION,,
Billable_Charge___Domain,Finance,1.) SA (Service Agreement),Currency Code,JoinTree_1.CI_SA,CURRENCY_CD,,
Billable_Charge___Domain,Finance,1.) SA (Service Agreement),Customer Read,JoinTree_1.CI_SA,CUST_READ_FLG,,
Billable_Charge___Domain,Finance,1.) SA (Service Agreement),End Date,JoinTree_1.CI_SA,END_DT,,
Billable_Charge___Domain,Finance,1.) SA (Service Agreement),Order ID,JoinTree_1.CI_SA,ENRL_ID,,
Billable_Charge___Domain,Finance,1.) SA (Service Agreement),Expire Date,JoinTree_1.CI_SA,EXPIRE_DT,,
Billable_Charge___Domain,Finance,1.) SA (Service Agreement),Maximum Bill Threshold,JoinTree_1.CI_SA,HIGH_BILL_AMT,,
Billable_Charge___Domain,Finance,1.) SA (Service Agreement),Start Day Option,JoinTree_1.CI_SA,IB_BASE_TM_DAY_FLG,,
Billable_Charge___Domain,Finance,1.) SA (Service Agreement),IB SA Cutoff Time,JoinTree_1.CI_SA,IB_SA_CUTOFF_TM,,
Billable_Charge___Domain,Finance,1.) SA (Service Agreement),Deposit Interest Calculated,JoinTree_1.CI_SA,INT_CALC_DT,,
Billable_Charge___Domain,Finance,1.) SA (Service Agreement),NBB Auto Pay,JoinTree_1.CI_SA,NB_APAY_FLG,,
Billable_Charge___Domain,Finance,1.) SA (Service Agreement),Recommendation Rule,JoinTree_1.CI_SA,NB_RULE_CD,,
Billable_Charge___Domain,Finance,1.) SA (Service Agreement),Number of Payment Periods,JoinTree_1.CI_SA,NBR_PYMNT_PERIODS,,
Billable_Charge___Domain,Finance,1.) SA (Service Agreement),Old Account ID,JoinTree_1.CI_SA,OLD_ACCT_ID,,
Billable_Charge___Domain,Finance,1.) SA (Service Agreement),Decline Reason,JoinTree_1.CI_SA,PROP_DCL_RSN_CD,,
Billable_Charge___Domain,Finance,1.) SA (Service Agreement),Proposal SA ID,JoinTree_1.CI_SA,PROP_SA_ID,,
Billable_Charge___Domain,Finance,1.) SA (Service Agreement),Proposal SA Status,JoinTree_1.CI_SA,PROP_SA_STAT_FLG,,
Billable_Charge___Domain,Finance,1.) SA (Service Agreement),Renewal Date,JoinTree_1.CI_SA,RENEWAL_DT,,
Billable_Charge___Domain,Finance,1.) SA (Service Agreement),Service Agreement,JoinTree_1.CI_SA,SA_ID,,
Billable_Charge___Domain,Finance,1.) SA (Service Agreement),SA Relationship ID,JoinTree_1.CI_SA,SA_REL_ID,,
Billable_Charge___Domain,Finance,1.) SA (Service Agreement),SA Status,JoinTree_1.CI_SA,SA_STATUS_FLG,,
Billable_Charge___Domain,Finance,1.) SA (Service Agreement),SA Type,JoinTree_1.CI_SA,SA_TYPE_CD,,
Billable_Charge___Domain,Finance,1.) SA (Service Agreement),SIC,JoinTree_1.CI_SA,SIC_CD,,
Billable_Charge___Domain,Finance,1.) SA (Service Agreement),Special Usage,JoinTree_1.CI_SA,SPECIAL_USAGE_FLG,,
Billable_Charge___Domain,Finance,1.) SA (Service Agreement),Start Date,JoinTree_1.CI_SA,START_DT,,
Billable_Charge___Domain,Finance,1.) SA (Service Agreement),Start Option,JoinTree_1.CI_SA,START_OPT_CD,,
Billable_Charge___Domain,Finance,1.) SA (Service Agreement),Stop Requested By,JoinTree_1.CI_SA,STOP_REQED_BY,,
Billable_Charge___Domain,Finance,1.) SA (Service Agreement),Stop Reason,JoinTree_1.CI_SA,STOP_RSN_FLG,,
Billable_Charge___Domain,Finance,1.) SA (Service Agreement),Start Requested By,JoinTree_1.CI_SA,STRT_REQED_BY,,
Billable_Charge___Domain,Finance,1.) SA (Service Agreement),Start Reason,JoinTree_1.CI_SA,STRT_RSN_FLG,,
Billable_Charge___Domain,Finance,1.) SA (Service Agreement),Total Amount to Bill,JoinTree_1.CI_SA,TOT_TO_BILL_AMT,,
Billable_Charge___Domain,Finance,1.) Description,Bill Cycle Description,JoinTree_1.CI_BILL_CYC_L,DESCR,,
Billable_Charge___Domain,Finance,1.) Description,Budget Plan Description,JoinTree_1.CI_BUD_PLAN_L,DESCR,,
Billable_Charge___Domain,Finance,1.) Description,CIS Division Description,JoinTree_1.CI_CIS_DIVISION_L,DESCR,,
Billable_Charge___Domain,Finance,1.) Description,Collection Class Description,JoinTree_1.CI_COLL_CL_L,DESCR,,
Billable_Charge___Domain,Finance,1.) Description,Customer Class Description,JoinTree_1.CI_CUST_CL_L,DESCR,,
Billable_Charge___Domain,Finance,1.) Description,Decline Reason Description,JoinTree_1.CI_PROP_DCL_RSN_L,DESCR,,
Billable_Charge___Domain,Finance,1.) Description,Proposal SA Status Description,JoinTree_1.CI_LOOKUP_VAL_L,DESCR,,
Billable_Charge___Domain,Finance,1.) Description,Recommendation Rule Description,JoinTree_1.CI_NB_RULE_L,DESCR,,
Billable_Charge___Domain,Finance,1.) Description,SA Status Description,JoinTree_1.CI_LOOKUP_VAL_L_1,DESCR,,
Billable_Charge___Domain,Finance,1.) Description,SA Type Description,JoinTree_1.CI_SA_TYPE_L,DESCR,,
Billable_Charge___Domain,Finance,1.) Description,SIC Description,JoinTree_1.CI_SIC_L,DESCR,,
Billable_Charge___Domain,Finance,1.) Description,Special Usage Description,JoinTree_1.CI_LOOKUP_VAL_L_2,DESCR,,
Billable_Charge___Domain,Finance,1.) Description,Start Option Description,JoinTree_1.CI_SS_OPT_L,DESCR90,,
Billable_Charge___Domain,Finance,1.) Description,Start Reason Description,JoinTree_1.CI_LOOKUP_VAL_L_3,DESCR,,
Billable_Charge___Domain,Finance,1.) Description,Stop Reason Description,JoinTree_1.CI_LOOKUP_VAL_L_4,DESCR,,
Billable_Charge___Domain,Finance,1.) Formulas,Bill Print Intercept (Name),JoinTree_1,BILL_PRT_INTERCEPT_NAME,,
Billable_Charge___Domain,Finance,1.) Formulas,Current Balance,JoinTree_1.CM_FT_BAL,CUR_AMT,,
Billable_Charge___Domain,Finance,1.) Formulas,Distinct Account ID,JoinTree_1,ACCT_ID_DISTINCT,,
Billable_Charge___Domain,Finance,1.) Formulas,Distinct Service Agreement,JoinTree_1,SA_ID_DISTINCT,,
Billable_Charge___Domain,Finance,1.) Formulas,Name,JoinTree_1.CI_PER_NAME,ENTITY_NAME_UPR,,
Billable_Charge___Domain,Finance,1.) Formulas,Payoff Balance,JoinTree_1.CM_FT_BAL,TOT_AMT,,
Billable_Charge___Domain,Finance,2.) Billable Charge,Billable Charge ID,JoinTree_1.CI_BILL_CHG,BILLABLE_CHG_ID,,
Billable_Charge___Domain,Finance,2.) Billable Charge,Service Agreement ID,JoinTree_1.CI_BILL_CHG,SA_ID,,
Billable_Charge___Domain,Finance,2.) Billable Charge,Charge Start Date,JoinTree_1.CI_BILL_CHG,START_DT,,
Billable_Charge___Domain,Finance,2.) Billable Charge,Charge End Date,JoinTree_1.CI_BILL_CHG,END_DT,,
Billable_Charge___Domain,Finance,2.) Billable Charge,Description on Bill,JoinTree_1.CI_BILL_CHG,DESCR_ON_BILL,,
Billable_Charge___Domain,Finance,2.) Billable Charge,Billable Charge Status,JoinTree_1.CI_BILL_CHG,BILLABLE_CHG_STAT,,
Billable_Charge___Domain,Finance,2.) Billable Charge,Bill Charge Template Code,JoinTree_1.CI_BILL_CHG,BILL_CHG_TMPLT_CD,,
Billable_Charge___Domain,Finance,2.) Billable Charge,ILM Date,JoinTree_1.CI_BILL_CHG,ILM_DT,,
Billable_Charge___Domain,Finance,2.) Billable Charge,ILM Archive Switch,JoinTree_1.CI_BILL_CHG,ILM_ARCH_SW,,
Billable_Charge___Domain,Finance,2.) Billable Charge,Version,JoinTree_1.CI_BILL_CHG,VERSION,,
Billable_Charge___Domain,Finance,2.) Billable Charge Line,Billable Charge ID (Line),JoinTree_1.CI_B_CHG_LINE,BILLABLE_CHG_ID,,
Billable_Charge___Domain,Finance,2.) Billable Charge Line,Line Sequence,JoinTree_1.CI_B_CHG_LINE,LINE_SEQ,,
Billable_Charge___Domain,Finance,2.) Billable Charge Line,Line Description on Bill,JoinTree_1.CI_B_CHG_LINE,DESCR_ON_BILL,,
Billable_Charge___Domain,Finance,2.) Billable Charge Line,Charge Amount,JoinTree_1.CI_B_CHG_LINE,CHARGE_AMT,,
Billable_Charge___Domain,Finance,2.) Billable Charge Line,Currency Code,JoinTree_1.CI_B_CHG_LINE,CURRENCY_CD,,
Billable_Charge___Domain,Finance,2.) Billable Charge Line,Show on Bill,JoinTree_1.CI_B_CHG_LINE,SHOW_ON_BILL_SW,,
Billable_Charge___Domain,Finance,2.) Billable Charge Line,Appear in Summary,JoinTree_1.CI_B_CHG_LINE,APP_IN_SUMM_SW,,
Billable_Charge___Domain,Finance,2.) Billable Charge Line,Distribution Code ID,JoinTree_1.CI_B_CHG_LINE,DST_ID,,
Billable_Charge___Domain,Finance,2.) Billable Charge Line,Memo Switch,JoinTree_1.CI_B_CHG_LINE,MEMO_SW,,
Billable_Charge___Domain,Finance,2.) Billable Charge Line,Version,JoinTree_1.CI_B_CHG_LINE,VERSION,,
FT_and_GL_Snapshot___Domain,Finance,GL Line,Financial Transaction ID,FT_GL_DISTRIBUTION_RPT_CURR,FT_ID,,
FT_and_GL_Snapshot___Domain,Finance,GL Line,GL Sequence Number,FT_GL_DISTRIBUTION_RPT_CURR,GL_SEQ_NBR,,
FT_and_GL_Snapshot___Domain,Finance,GL Line,GL Account,FT_GL_DISTRIBUTION_RPT_CURR,GL_ACCT,,
FT_and_GL_Snapshot___Domain,Finance,GL Line,Distribution Code,FT_GL_DISTRIBUTION_RPT_CURR,DST_DESC,,
FT_and_GL_Snapshot___Domain,Finance,GL Line,Distribution Code ID,FT_GL_DISTRIBUTION_RPT_CURR,DST_ID,,
FT_and_GL_Snapshot___Domain,Finance,GL Line,GL Amount,FT_GL_DISTRIBUTION_RPT_CURR,GL_AMOUNT,,
FT_and_GL_Snapshot___Domain,Finance,GL Line,Statistic Amount,FT_GL_DISTRIBUTION_RPT_CURR,STATISTIC_AMOUNT,,
FT_and_GL_Snapshot___Domain,Finance,GL Line,Total Amount Switch,FT_GL_DISTRIBUTION_RPT_CURR,TOT_AMT_SW,,
FT_and_GL_Snapshot___Domain,Finance,GL Line,Characteristic Type Code,FT_GL_DISTRIBUTION_RPT_CURR,CHAR_TYPE_CD,,
FT_and_GL_Snapshot___Domain,Finance,GL Line,Characteristic Value,FT_GL_DISTRIBUTION_RPT_CURR,CHAR_VAL,,
FT_and_GL_Snapshot___Domain,Finance,Financial Transaction,Financial Transaction Type,FT_GL_DISTRIBUTION_RPT_CURR,FT_TYPE_FLG_DESC,,
FT_and_GL_Snapshot___Domain,Finance,Financial Transaction,Financial Transaction Type Code,FT_GL_DISTRIBUTION_RPT_CURR,FT_TYPE_FLG,,
FT_and_GL_Snapshot___Domain,Finance,Financial Transaction,Accounting Date,FT_GL_DISTRIBUTION_RPT_CURR,ACCOUNTING_DT,,
FT_and_GL_Snapshot___Domain,Finance,Financial Transaction,Arrears Date,FT_GL_DISTRIBUTION_RPT_CURR,ARS_DT,,
FT_and_GL_Snapshot___Domain,Finance,Financial Transaction,Created Date Time,FT_GL_DISTRIBUTION_RPT_CURR,FT_CRE_DTTM,,
FT_and_GL_Snapshot___Domain,Finance,Financial Transaction,Current Amount,FT_GL_DISTRIBUTION_RPT_CURR,CUR_AMT,,
FT_and_GL_Snapshot___Domain,Finance,Financial Transaction,Payoff Amount,FT_GL_DISTRIBUTION_RPT_CURR,TOT_AMT,,
FT_and_GL_Snapshot___Domain,Finance,Financial Transaction,Currency Code,FT_GL_DISTRIBUTION_RPT_CURR,CURRENCY_CD,,
FT_and_GL_Snapshot___Domain,Finance,Financial Transaction,Bill ID,FT_GL_DISTRIBUTION_RPT_CURR,BILL_ID,,
FT_and_GL_Snapshot___Domain,Finance,Financial Transaction,Parent ID,FT_GL_DISTRIBUTION_RPT_CURR,PARENT_ID,,
FT_and_GL_Snapshot___Domain,Finance,Financial Transaction,Sibling ID,FT_GL_DISTRIBUTION_RPT_CURR,SIBLING_ID,,
FT_and_GL_Snapshot___Domain,Finance,Financial Transaction,GL Distribution Status,FT_GL_DISTRIBUTION_RPT_CURR,GL_DISTRIB_STATUS_DESC,,
FT_and_GL_Snapshot___Domain,Finance,Financial Transaction,GL Distribution Status Code,FT_GL_DISTRIBUTION_RPT_CURR,GL_DISTRIB_STATUS,,
FT_and_GL_Snapshot___Domain,Finance,Financial Transaction,GL Division,FT_GL_DISTRIBUTION_RPT_CURR,GL_DIVISION_DESC,,
FT_and_GL_Snapshot___Domain,Finance,Financial Transaction,GL Division Code,FT_GL_DISTRIBUTION_RPT_CURR,GL_DIVISION,,
FT_and_GL_Snapshot___Domain,Finance,Financial Transaction,CIS Division,FT_GL_DISTRIBUTION_RPT_CURR,CIS_DIVISION,,
FT_and_GL_Snapshot___Domain,Finance,Financial Transaction,Scheduled Distribution Date,FT_GL_DISTRIBUTION_RPT_CURR,SCHED_DISTRIB_DT,,
FT_and_GL_Snapshot___Domain,Finance,Financial Transaction,Transferred Out,FT_GL_DISTRIBUTION_RPT_CURR,XFERRED_OUT_SW,,
FT_and_GL_Snapshot___Domain,Finance,Financial Transaction,Transfer To GL Date,FT_GL_DISTRIBUTION_RPT_CURR,XFER_TO_GL_DT,,
FT_and_GL_Snapshot___Domain,Finance,Financial Transaction,Match Event ID,FT_GL_DISTRIBUTION_RPT_CURR,MATCH_EVT_ID,,
FT_and_GL_Snapshot___Domain,Finance,Financial Transaction,Correction,FT_GL_DISTRIBUTION_RPT_CURR,CORRECTION_SW,,
FT_and_GL_Snapshot___Domain,Finance,Financial Transaction,New Debit,FT_GL_DISTRIBUTION_RPT_CURR,NEW_DEBIT_SW,,
FT_and_GL_Snapshot___Domain,Finance,Financial Transaction,Show On Bill,FT_GL_DISTRIBUTION_RPT_CURR,SHOW_ON_BILL_SW,,
FT_and_GL_Snapshot___Domain,Finance,Financial Transaction,Excluded From Arrears,FT_GL_DISTRIBUTION_RPT_CURR,NOT_IN_ARS_SW,,
FT_and_GL_Snapshot___Domain,Finance,Account And Service,Customer Name,FT_GL_DISTRIBUTION_RPT_CURR,CUSTOMER_NAME_UPR,,
FT_and_GL_Snapshot___Domain,Finance,Account And Service,Person ID,FT_GL_DISTRIBUTION_RPT_CURR,PER_ID,,
FT_and_GL_Snapshot___Domain,Finance,Account And Service,Account ID,FT_GL_DISTRIBUTION_RPT_CURR,ACCT_ID,,
FT_and_GL_Snapshot___Domain,Finance,Account And Service,Service Agreement ID,FT_GL_DISTRIBUTION_RPT_CURR,SA_ID,,
FT_and_GL_Snapshot___Domain,Finance,Account And Service,Service Agreement Status,FT_GL_DISTRIBUTION_RPT_CURR,SA_STATUS_DESC,,
FT_and_GL_Snapshot___Domain,Finance,Account And Service,Service Agreement Status Code,FT_GL_DISTRIBUTION_RPT_CURR,SA_STATUS_FLG,,
FT_and_GL_Snapshot___Domain,Finance,Account And Service,Service Type,FT_GL_DISTRIBUTION_RPT_CURR,SA_TYPE_DESC,,
FT_and_GL_Snapshot___Domain,Finance,Account And Service,Service Type Code,FT_GL_DISTRIBUTION_RPT_CURR,SA_TYPE_CD,,
FT_and_GL_Snapshot___Domain,Finance,Account And Service,Premise ID,FT_GL_DISTRIBUTION_RPT_CURR,CHAR_PREM_ID,,
FT_and_GL_Snapshot___Domain,Finance,Account And Service,Bill Cycle,FT_GL_DISTRIBUTION_RPT_CURR,BILL_CYC_DESC,,
FT_and_GL_Snapshot___Domain,Finance,Account And Service,Bill Cycle Code,FT_GL_DISTRIBUTION_RPT_CURR,BILL_CYC_CD,,
FT_and_GL_Snapshot___Domain,Finance,Account And Service,Customer Class,FT_GL_DISTRIBUTION_RPT_CURR,CUST_CL_DESC,,
FT_and_GL_Snapshot___Domain,Finance,Account And Service,Customer Class Code,FT_GL_DISTRIBUTION_RPT_CURR,CUST_CL_CD,,
FT_and_GL_Snapshot___Domain,Finance,Account And Service,Collection Class,FT_GL_DISTRIBUTION_RPT_CURR,COLL_CL_DESC,,
FT_and_GL_Snapshot___Domain,Finance,Account And Service,Collection Class Code,FT_GL_DISTRIBUTION_RPT_CURR,COLL_CL_CD,,
FT_and_GL_Snapshot___Domain,Finance,Account And Service,Account Management Group,FT_GL_DISTRIBUTION_RPT_CURR,ACCT_MGMT_GRP_DESC,,
FT_and_GL_Snapshot___Domain,Finance,Account And Service,Account Management Group Code,FT_GL_DISTRIBUTION_RPT_CURR,ACCT_MGMT_GRP_CD,,
FT_and_GL_Snapshot___Domain,Finance,Balance Control,Balance Control Group ID,FT_GL_DISTRIBUTION_RPT_CURR,BAL_CTL_GRP_ID,,
FT_and_GL_Snapshot___Domain,Finance,Balance Control,Balancing Status,FT_GL_DISTRIBUTION_RPT_CURR,BALANCING_STAT_DESC,,
FT_and_GL_Snapshot___Domain,Finance,Balance Control,Balancing Status Code,FT_GL_DISTRIBUTION_RPT_CURR,BALANCING_STAT_FLG,,
FT_and_GL_Snapshot___Domain,Finance,Balance Control,Current Amount,FT_GL_DISTRIBUTION_RPT_CURR,BCG_CUR_AMT,,
FT_and_GL_Snapshot___Domain,Finance,Balance Control,Total Amount,FT_GL_DISTRIBUTION_RPT_CURR,BCG_TOT_AMT,,
FT_and_GL_Snapshot___Domain,Finance,Balance Control,Current Balance,FT_GL_DISTRIBUTION_RPT_CURR,BCG_CUR_BAL,,
FT_and_GL_Snapshot___Domain,Finance,Balance Control,Total Balance,FT_GL_DISTRIBUTION_RPT_CURR,BCG_TOT_BAL,,
FT_and_GL_Snapshot___Domain,Finance,Balance Control,Created Date Time,FT_GL_DISTRIBUTION_RPT_CURR,BCG_CRE_DTTM,,
FT_and_GL_Snapshot___Domain,Finance,Bill Segment,Bill Segment ID,FT_GL_DISTRIBUTION_RPT_CURR,BSEG_ID,,
FT_and_GL_Snapshot___Domain,Finance,Bill Segment,Bill Segment Status,FT_GL_DISTRIBUTION_RPT_CURR,BSEG_STAT_DESC,,
FT_and_GL_Snapshot___Domain,Finance,Bill Segment,Bill Segment Status Code,FT_GL_DISTRIBUTION_RPT_CURR,BSEG_STAT_FLG,,
FT_and_GL_Snapshot___Domain,Finance,Bill Segment,Bill Segment Cycle,FT_GL_DISTRIBUTION_RPT_CURR,BSEG_BILL_CYC_DESC,,
FT_and_GL_Snapshot___Domain,Finance,Bill Segment,Bill Segment Cycle Code,FT_GL_DISTRIBUTION_RPT_CURR,BSEG_BILL_CYC_CD,,
FT_and_GL_Snapshot___Domain,Finance,Bill Segment,Bill Segment Start Date,FT_GL_DISTRIBUTION_RPT_CURR,BSEG_START_DT,,
FT_and_GL_Snapshot___Domain,Finance,Bill Segment,Bill Segment End Date,FT_GL_DISTRIBUTION_RPT_CURR,BSEG_END_DT,,
FT_and_GL_Snapshot___Domain,Finance,Bill Segment,Bill Segment Premise ID,FT_GL_DISTRIBUTION_RPT_CURR,BSEG_PREM_ID,,
FT_and_GL_Snapshot___Domain,Finance,Bill Segment,Estimated Bill Segment,FT_GL_DISTRIBUTION_RPT_CURR,BSEG_EST_SW,,
FT_and_GL_Snapshot___Domain,Finance,Bill Segment,Closing Bill Segment,FT_GL_DISTRIBUTION_RPT_CURR,BSEG_CLOSING_SW,,
FT_and_GL_Snapshot___Domain,Finance,Bill Segment,Bill Segment Cancel Reason,FT_GL_DISTRIBUTION_RPT_CURR,BSEG_CAN_RSN_DESC,,
FT_and_GL_Snapshot___Domain,Finance,Bill Segment,Bill Segment Cancel Reason Code,FT_GL_DISTRIBUTION_RPT_CURR,BSEG_CAN_RSN_CD,,
FT_and_GL_Snapshot___Domain,Finance,Adjustment Trace,Adjustment ID,FT_GL_DISTRIBUTION_RPT_CURR,ADJ_ID,,
FT_and_GL_Snapshot___Domain,Finance,Adjustment Trace,Adjustment Status,FT_GL_DISTRIBUTION_RPT_CURR,ADJ_STATUS_DESC,,
FT_and_GL_Snapshot___Domain,Finance,Adjustment Trace,Adjustment Status Code,FT_GL_DISTRIBUTION_RPT_CURR,ADJ_STATUS_FLG,,
FT_and_GL_Snapshot___Domain,Finance,Adjustment Trace,Adjustment Type,FT_GL_DISTRIBUTION_RPT_CURR,ADJ_TYPE_DESC,,
FT_and_GL_Snapshot___Domain,Finance,Adjustment Trace,Adjustment Type Code,FT_GL_DISTRIBUTION_RPT_CURR,ADJ_TYPE_CD,,
FT_and_GL_Snapshot___Domain,Finance,Adjustment Trace,Adjustment Cancel Reason,FT_GL_DISTRIBUTION_RPT_CURR,ADJ_CAN_RSN_DESC,,
FT_and_GL_Snapshot___Domain,Finance,Adjustment Trace,Adjustment Cancel Reason Code,FT_GL_DISTRIBUTION_RPT_CURR,ADJ_CAN_RSN_CD,,
FT_and_GL_Snapshot___Domain,Finance,Adjustment Trace,Adjustment Amount,FT_GL_DISTRIBUTION_RPT_CURR,ADJ_AMT,,
FT_and_GL_Snapshot___Domain,Finance,Adjustment Trace,Transfer Adjustment ID,FT_GL_DISTRIBUTION_RPT_CURR,XFER_ADJ_ID,,
FT_and_GL_Snapshot___Domain,Finance,Adjustment Trace,Behalf Service Agreement ID,FT_GL_DISTRIBUTION_RPT_CURR,BEHALF_SA_ID,,
FT_and_GL_Snapshot___Domain,Finance,Adjustment Trace,Base Amount,FT_GL_DISTRIBUTION_RPT_CURR,BASE_AMT,,
FT_and_GL_Snapshot___Domain,Finance,Adjustment Trace,Generated Reference Date,FT_GL_DISTRIBUTION_RPT_CURR,GEN_REF_DT,,
FT_and_GL_Snapshot___Domain,Finance,Adjustment Trace,Approval Request ID,FT_GL_DISTRIBUTION_RPT_CURR,APPR_REQ_ID,,
FT_and_GL_Snapshot___Domain,Finance,Payment Segment,Payment Segment ID,FT_GL_DISTRIBUTION_RPT_CURR,PAY_SEG_ID,,
FT_and_GL_Snapshot___Domain,Finance,Payment Segment,Payment ID,FT_GL_DISTRIBUTION_RPT_CURR,PAY_ID,,
FT_and_GL_Snapshot___Domain,Finance,Payment Segment,Payment Segment Amount,FT_GL_DISTRIBUTION_RPT_CURR,PAY_SEG_AMT,,
FT_and_GL_Snapshot___Domain,Finance,Payment Segment,Payment Match Event ID,FT_GL_DISTRIBUTION_RPT_CURR,PAY_MATCH_EVT_ID,,
FT_and_GL_Snapshot___Domain,Finance,Snapshot Audit,Batch Code,FT_GL_DISTRIBUTION_RPT_CURR,BATCH_CD,,
FT_and_GL_Snapshot___Domain,Finance,Snapshot Audit,Batch Number,FT_GL_DISTRIBUTION_RPT_CURR,BATCH_NBR,,
FT_and_GL_Snapshot___Domain,Finance,Snapshot Audit,Latest Batch Number,FT_GL_DISTRIBUTION_RPT_CURR,IS_LATEST_BATCH_NBR,,
FT_and_GL_Snapshot___Domain,Finance,Snapshot Audit,Frozen,FT_GL_DISTRIBUTION_RPT_CURR,FREEZE_SW,,
FT_and_GL_Snapshot___Domain,Finance,Snapshot Audit,Freeze Date Time,FT_GL_DISTRIBUTION_RPT_CURR,FREEZE_DTTM,,
FT_and_GL_Snapshot___Domain,Finance,Snapshot Audit,Freeze User Name,FT_GL_DISTRIBUTION_RPT_CURR,FREEZE_USER_NAME,,
FT_and_GL_Snapshot___Domain,Finance,Snapshot Audit,Freeze User ID,FT_GL_DISTRIBUTION_RPT_CURR,FREEZE_USER_ID,,
FT_and_GL_Snapshot___Domain,Finance,Snapshot Audit,Snapshot Load Date Time,FT_GL_DISTRIBUTION_RPT_CURR,LOAD_DTTM,,
Financial_Transaction_Snapshot___Domain,Finance,Financial Transaction Core,Financial Transaction ID,FT_RPT_CURR,FT_ID,,
Financial_Transaction_Snapshot___Domain,Finance,Financial Transaction Core,Financial Transaction Type,FT_RPT_CURR,FT_TYPE_FLG_DESC,,
Financial_Transaction_Snapshot___Domain,Finance,Financial Transaction Core,Financial Transaction Type Code,FT_RPT_CURR,FT_TYPE_FLG,,
Financial_Transaction_Snapshot___Domain,Finance,Financial Transaction Core,Current Amount,FT_RPT_CURR,CUR_AMT,,
Financial_Transaction_Snapshot___Domain,Finance,Financial Transaction Core,Payoff Amount,FT_RPT_CURR,TOT_AMT,,
Financial_Transaction_Snapshot___Domain,Finance,Financial Transaction Core,Currency Code,FT_RPT_CURR,CURRENCY_CD,,
Financial_Transaction_Snapshot___Domain,Finance,Financial Transaction Core,Accounting Date,FT_RPT_CURR,ACCOUNTING_DT,,
Financial_Transaction_Snapshot___Domain,Finance,Financial Transaction Core,Created Date Time,FT_RPT_CURR,CRE_DTTM,,
Financial_Transaction_Snapshot___Domain,Finance,Financial Transaction Core,Freeze Date Time,FT_RPT_CURR,FREEZE_DTTM,,
Financial_Transaction_Snapshot___Domain,Finance,Financial Transaction Core,Freeze User Name,FT_RPT_CURR,FREEZE_USER_NAME,,
Financial_Transaction_Snapshot___Domain,Finance,Financial Transaction Core,Freeze User ID,FT_RPT_CURR,FREEZE_USER_ID,,
Financial_Transaction_Snapshot___Domain,Finance,Financial Transaction Core,GL Distribution Status,FT_RPT_CURR,GL_DISTRIB_STATUS_DESC,,
Financial_Transaction_Snapshot___Domain,Finance,Financial Transaction Core,GL Distribution Status Code,FT_RPT_CURR,GL_DISTRIB_STATUS,,
Financial_Transaction_Snapshot___Domain,Finance,Financial Transaction Core,Bill ID,FT_RPT_CURR,BILL_ID,,
Financial_Transaction_Snapshot___Domain,Finance,Financial Transaction Core,Parent ID,FT_RPT_CURR,PARENT_ID,,
Financial_Transaction_Snapshot___Domain,Finance,Financial Transaction Core,Sibling ID,FT_RPT_CURR,SIBLING_ID,,
Financial_Transaction_Snapshot___Domain,Finance,Financial Transaction Core,Snapshot Load Date Time,FT_RPT_CURR,LOAD_DTTM,,
Financial_Transaction_Snapshot___Domain,Finance,Service Agreement And Account,Account ID,FT_RPT_CURR,ACCT_ID,,
Financial_Transaction_Snapshot___Domain,Finance,Service Agreement And Account,Service Agreement ID,FT_RPT_CURR,SA_ID,,
Financial_Transaction_Snapshot___Domain,Finance,Service Agreement And Account,Service Agreement Status,FT_RPT_CURR,SA_STATUS_DESC,,
Financial_Transaction_Snapshot___Domain,Finance,Service Agreement And Account,Service Agreement Status Code,FT_RPT_CURR,SA_STATUS_FLG,,
Financial_Transaction_Snapshot___Domain,Finance,Service Agreement And Account,Service Type,FT_RPT_CURR,SA_TYPE_DESC,,
Financial_Transaction_Snapshot___Domain,Finance,Service Agreement And Account,Service Type Code,FT_RPT_CURR,SA_TYPE_CD,,
Financial_Transaction_Snapshot___Domain,Finance,Service Agreement And Account,Customer Class,FT_RPT_CURR,CUST_CL_DESC,,
Financial_Transaction_Snapshot___Domain,Finance,Service Agreement And Account,Customer Class Code,FT_RPT_CURR,CUST_CL_CD,,
Financial_Transaction_Snapshot___Domain,Finance,Service Agreement And Account,Collection Class,FT_RPT_CURR,COLL_CL_DESC,,
Financial_Transaction_Snapshot___Domain,Finance,Service Agreement And Account,Collection Class Code,FT_RPT_CURR,COLL_CL_CD,,
Financial_Transaction_Snapshot___Domain,Finance,Service Agreement And Account,Bill Cycle,FT_RPT_CURR,BILL_CYC_DESC,,
Financial_Transaction_Snapshot___Domain,Finance,Service Agreement And Account,Bill Cycle Code,FT_RPT_CURR,BILL_CYC_CD,,
Financial_Transaction_Snapshot___Domain,Finance,Service Agreement And Account,Account Management Group,FT_RPT_CURR,ACCT_MGMT_GRP_DESC,,
Financial_Transaction_Snapshot___Domain,Finance,Service Agreement And Account,Account Management Group Code,FT_RPT_CURR,ACCT_MGMT_GRP_CD,,
Financial_Transaction_Snapshot___Domain,Finance,Bill Segment,Bill Segment ID,FT_RPT_CURR,BSEG_ID,,
Financial_Transaction_Snapshot___Domain,Finance,Bill Segment,Bill Segment Status,FT_RPT_CURR,BSEG_STAT_DESC,,
Financial_Transaction_Snapshot___Domain,Finance,Bill Segment,Bill Segment Status Code,FT_RPT_CURR,BSEG_STAT_FLG,,
Financial_Transaction_Snapshot___Domain,Finance,Bill Segment,Bill Segment Start Date,FT_RPT_CURR,START_DT,,
Financial_Transaction_Snapshot___Domain,Finance,Bill Segment,Bill Segment End Date,FT_RPT_CURR,END_DT,,
Financial_Transaction_Snapshot___Domain,Finance,Adjustment Details,Adjustment ID,FT_RPT_CURR,ADJ_ID,,
Financial_Transaction_Snapshot___Domain,Finance,Adjustment Details,Adjustment Type,FT_RPT_CURR,ADJ_TYPE_DESC,,
Financial_Transaction_Snapshot___Domain,Finance,Adjustment Details,Adjustment Type Code,FT_RPT_CURR,ADJ_TYPE_CD,,
Financial_Transaction_Snapshot___Domain,Finance,Adjustment Details,Adjustment Status,FT_RPT_CURR,ADJ_STATUS_DESC,,
Financial_Transaction_Snapshot___Domain,Finance,Adjustment Details,Adjustment Status Code,FT_RPT_CURR,ADJ_STATUS_FLG,,
Financial_Transaction_Snapshot___Domain,Finance,Adjustment Details,Adjustment Amount,FT_RPT_CURR,ADJ_AMT,,
Financial_Transaction_Snapshot___Domain,Finance,Payment Segment Details,Payment Segment ID,FT_RPT_CURR,PAY_SEG_ID,,
Financial_Transaction_Snapshot___Domain,Finance,Payment Segment Details,Payment ID,FT_RPT_CURR,PAY_ID,,
Financial_Transaction_Snapshot___Domain,Finance,Payment Segment Details,Payment Segment Amount,FT_RPT_CURR,PAY_SEG_AMT,,
Financial_Transaction___Domain,Finance,1.) Financial Transaction,Accounting Date,JoinTree_1.CI_FT,ACCOUNTING_DT,,
Financial_Transaction___Domain,Finance,1.) Financial Transaction,Arrears Date,JoinTree_1.CI_FT,ARS_DT,,
Financial_Transaction___Domain,Finance,1.) Financial Transaction,Balance Control Group Id,JoinTree_1.CI_FT,BAL_CTL_GRP_ID,Dimension,CountAll
Financial_Transaction___Domain,Finance,1.) Financial Transaction,Bill ID                       ,JoinTree_1.CI_FT,BILL_ID,,
Financial_Transaction___Domain,Finance,1.) Financial Transaction,CIS Division,JoinTree_1.CI_FT,CIS_DIVISION,,
Financial_Transaction___Domain,Finance,1.) Financial Transaction,Correction,JoinTree_1.CI_FT,CORRECTION_SW,,
Financial_Transaction___Domain,Finance,1.) Financial Transaction,Create Date/Time,JoinTree_1.CI_FT,CRE_DTTM,,
Financial_Transaction___Domain,Finance,1.) Financial Transaction,Current Amount (FT),JoinTree_1.CI_FT,CUR_AMT,,
Financial_Transaction___Domain,Finance,1.) Financial Transaction,Currency Code,JoinTree_1.CI_FT,CURRENCY_CD,,
Financial_Transaction___Domain,Finance,1.) Financial Transaction,Freeze Date/Time,JoinTree_1.CI_FT,FREEZE_DTTM,,
Financial_Transaction___Domain,Finance,1.) Financial Transaction,Frozen (Posted to Account),JoinTree_1.CI_FT,FREEZE_SW,,
Financial_Transaction___Domain,Finance,1.) Financial Transaction,Freeze User Id,JoinTree_1.CI_FT,FREEZE_USER_ID,,
Financial_Transaction___Domain,Finance,1.) Financial Transaction,Financial Transaction ID,JoinTree_1.CI_FT,FT_ID,,
Financial_Transaction___Domain,Finance,1.) Financial Transaction,Financial Transaction Type,JoinTree_1.CI_FT,FT_TYPE_FLG,,
Financial_Transaction___Domain,Finance,1.) Financial Transaction,GL Distribution Status,JoinTree_1.CI_FT,GL_DISTRIB_STATUS,,
Financial_Transaction___Domain,Finance,1.) Financial Transaction,GL Division,JoinTree_1.CI_FT,GL_DIVISION,,
Financial_Transaction___Domain,Finance,1.) Financial Transaction,Match Event ID,JoinTree_1.CI_FT,MATCH_EVT_ID,,
Financial_Transaction___Domain,Finance,1.) Financial Transaction,New Charge,JoinTree_1.CI_FT,NEW_DEBIT_SW,,
Financial_Transaction___Domain,Finance,1.) Financial Transaction,Not In Arrears,JoinTree_1.CI_FT,NOT_IN_ARS_SW,,
Financial_Transaction___Domain,Finance,1.) Financial Transaction,Parent,JoinTree_1.CI_FT,PARENT_ID,,
Financial_Transaction___Domain,Finance,1.) Financial Transaction,Redundant,JoinTree_1.CI_FT,REDUNDANT_SW,,
Financial_Transaction___Domain,Finance,1.) Financial Transaction,Service Agreement,JoinTree_1.CI_FT,SA_ID,,
Financial_Transaction___Domain,Finance,1.) Financial Transaction,Scheduled Distribution Date,JoinTree_1.CI_FT,SCHED_DISTRIB_DT,,
Financial_Transaction___Domain,Finance,1.) Financial Transaction,Show on bill,JoinTree_1.CI_FT,SHOW_ON_BILL_SW,,
Financial_Transaction___Domain,Finance,1.) Financial Transaction,Sibling ID,JoinTree_1.CI_FT,SIBLING_ID,,
Financial_Transaction___Domain,Finance,1.) Financial Transaction,Payoff Amount (FT),JoinTree_1.CI_FT,TOT_AMT,,
Financial_Transaction___Domain,Finance,1.) Financial Transaction,Transferred Out Switch,JoinTree_1.CI_FT,XFER_TO_GL_DT,,
Financial_Transaction___Domain,Finance,1.) Financial Transaction,Transfer to GL Date,JoinTree_1.CI_FT,XFERRED_OUT_SW,,
Financial_Transaction___Domain,Finance,1.) SA (Service Agreement),Account ID,JoinTree_1.CI_SA,ACCT_ID,,
Financial_Transaction___Domain,Finance,1.) SA (Service Agreement),Allow Estimates,JoinTree_1.CI_SA,ALLOW_EST_SW,,
Financial_Transaction___Domain,Finance,1.) SA (Service Agreement),Business Activity,JoinTree_1.CI_SA,BUS_ACTIVITY_DESC,,
Financial_Transaction___Domain,Finance,1.) SA (Service Agreement),Premise ID,JoinTree_1.CI_SA,CHAR_PREM_ID,,
Financial_Transaction___Domain,Finance,1.) SA (Service Agreement),CIAC Review Date,JoinTree_1.CI_SA,CIAC_REVIEW_DT,,
Financial_Transaction___Domain,Finance,1.) SA (Service Agreement),CIS Division,JoinTree_1.CI_SA,CIS_DIVISION,,
Financial_Transaction___Domain,Finance,1.) SA (Service Agreement),Currency Code,JoinTree_1.CI_SA,CURRENCY_CD,,
Financial_Transaction___Domain,Finance,1.) SA (Service Agreement),Customer Read,JoinTree_1.CI_SA,CUST_READ_FLG,,
Financial_Transaction___Domain,Finance,1.) SA (Service Agreement),End Date,JoinTree_1.CI_SA,END_DT,,
Financial_Transaction___Domain,Finance,1.) SA (Service Agreement),Order ID,JoinTree_1.CI_SA,ENRL_ID,,
Financial_Transaction___Domain,Finance,1.) SA (Service Agreement),Expire Date,JoinTree_1.CI_SA,EXPIRE_DT,,
Financial_Transaction___Domain,Finance,1.) SA (Service Agreement),Maximum Bill Threshold,JoinTree_1.CI_SA,HIGH_BILL_AMT,,
Financial_Transaction___Domain,Finance,1.) SA (Service Agreement),Start Day Option,JoinTree_1.CI_SA,IB_BASE_TM_DAY_FLG,,
Financial_Transaction___Domain,Finance,1.) SA (Service Agreement),IB SA Cutoff Time,JoinTree_1.CI_SA,IB_SA_CUTOFF_TM,,
Financial_Transaction___Domain,Finance,1.) SA (Service Agreement),Deposit Interest Calculated,JoinTree_1.CI_SA,INT_CALC_DT,,
Financial_Transaction___Domain,Finance,1.) SA (Service Agreement),NBB Auto Pay,JoinTree_1.CI_SA,NB_APAY_FLG,,
Financial_Transaction___Domain,Finance,1.) SA (Service Agreement),Recommendation Rule,JoinTree_1.CI_SA,NB_RULE_CD,,
Financial_Transaction___Domain,Finance,1.) SA (Service Agreement),Number of Payment Periods,JoinTree_1.CI_SA,NBR_PYMNT_PERIODS,,
Financial_Transaction___Domain,Finance,1.) SA (Service Agreement),Old Account ID,JoinTree_1.CI_SA,OLD_ACCT_ID,,
Financial_Transaction___Domain,Finance,1.) SA (Service Agreement),Decline Reason,JoinTree_1.CI_SA,PROP_DCL_RSN_CD,,
Financial_Transaction___Domain,Finance,1.) SA (Service Agreement),Proposal SA ID,JoinTree_1.CI_SA,PROP_SA_ID,,
Financial_Transaction___Domain,Finance,1.) SA (Service Agreement),Proposal SA Status,JoinTree_1.CI_SA,PROP_SA_STAT_FLG,,
Financial_Transaction___Domain,Finance,1.) SA (Service Agreement),Renewal Date,JoinTree_1.CI_SA,RENEWAL_DT,,
Financial_Transaction___Domain,Finance,1.) SA (Service Agreement),Service Agreement,JoinTree_1.CI_SA,SA_ID,,
Financial_Transaction___Domain,Finance,1.) SA (Service Agreement),SA Relationship ID,JoinTree_1.CI_SA,SA_REL_ID,,
Financial_Transaction___Domain,Finance,1.) SA (Service Agreement),SA Status,JoinTree_1.CI_SA,SA_STATUS_FLG,,
Financial_Transaction___Domain,Finance,1.) SA (Service Agreement),SA Type,JoinTree_1.CI_SA,SA_TYPE_CD,,
Financial_Transaction___Domain,Finance,1.) SA (Service Agreement),SIC,JoinTree_1.CI_SA,SIC_CD,,
Financial_Transaction___Domain,Finance,1.) SA (Service Agreement),Special Usage,JoinTree_1.CI_SA,SPECIAL_USAGE_FLG,,
Financial_Transaction___Domain,Finance,1.) SA (Service Agreement),Start Date,JoinTree_1.CI_SA,START_DT,,
Financial_Transaction___Domain,Finance,1.) SA (Service Agreement),Start Option,JoinTree_1.CI_SA,START_OPT_CD,,
Financial_Transaction___Domain,Finance,1.) SA (Service Agreement),Stop Requested By,JoinTree_1.CI_SA,STOP_REQED_BY,,
Financial_Transaction___Domain,Finance,1.) SA (Service Agreement),Stop Reason,JoinTree_1.CI_SA,STOP_RSN_FLG,,
Financial_Transaction___Domain,Finance,1.) SA (Service Agreement),Start Requested By,JoinTree_1.CI_SA,STRT_REQED_BY,,
Financial_Transaction___Domain,Finance,1.) SA (Service Agreement),Start Reason,JoinTree_1.CI_SA,STRT_RSN_FLG,,
Financial_Transaction___Domain,Finance,1.) SA (Service Agreement),Total Amount to Bill,JoinTree_1.CI_SA,TOT_TO_BILL_AMT,Dimension,CountAll
Financial_Transaction___Domain,Finance,1.) Account,Access Group,JoinTree_1.CI_ACCT,ACCESS_GRP_CD,,
Financial_Transaction___Domain,Finance,1.) Account,Account ID,JoinTree_1.CI_ACCT,ACCT_ID,,
Financial_Transaction___Domain,Finance,1.) Account,Account Management Group,JoinTree_1.CI_ACCT,ACCT_MGMT_GRP_CD,,
Financial_Transaction___Domain,Finance,1.) Account,Alert Information,JoinTree_1.CI_ACCT,ALERT_INFO,,
Financial_Transaction___Domain,Finance,1.) Account,Bill After                    ,JoinTree_1.CI_ACCT,BILL_AFTER_DT,,
Financial_Transaction___Domain,Finance,1.) Account,Bill Cycle (Account),JoinTree_1.CI_ACCT,BILL_CYC_CD,,
Financial_Transaction___Domain,Finance,1.) Account,Bill Print Intercept,JoinTree_1.CI_ACCT,BILL_PRT_INTERCEPT,,
Financial_Transaction___Domain,Finance,1.) Account,Budget Plan,JoinTree_1.CI_ACCT,BUD_PLAN_CD,,
Financial_Transaction___Domain,Finance,1.) Account,CIS Division,JoinTree_1.CI_ACCT,CIS_DIVISION,,
Financial_Transaction___Domain,Finance,1.) Account,Collection Class,JoinTree_1.CI_ACCT,COLL_CL_CD,,
Financial_Transaction___Domain,Finance,1.) Account,Last Credit Review Date,JoinTree_1.CI_ACCT,CR_REVIEW_DT,,
Financial_Transaction___Domain,Finance,1.) Account,Currency Code,JoinTree_1.CI_ACCT,CURRENCY_CD,,
Financial_Transaction___Domain,Finance,1.) Account,Customer Class,JoinTree_1.CI_ACCT,CUST_CL_CD,,
Financial_Transaction___Domain,Finance,1.) Account,Internal Credit Review,JoinTree_1.CI_ACCT,INT_CR_REVIEW_SW,,
Financial_Transaction___Domain,Finance,1.) Account,Mailing Premise ID,JoinTree_1.CI_ACCT,MAILING_PREM_ID,,
Financial_Transaction___Domain,Finance,1.) Account,No Deposit Review Switch,JoinTree_1.CI_ACCT,NO_DEP_RVW_SW,,
Financial_Transaction___Domain,Finance,1.) Account,Postpone Credit Review Until,JoinTree_1.CI_ACCT,POSTPONE_CR_RVW_DT,,
Financial_Transaction___Domain,Finance,1.) Account,Protect Bill Cycle,JoinTree_1.CI_ACCT,PROTECT_CYC_SW,,
Financial_Transaction___Domain,Finance,1.) Account,Protect Division,JoinTree_1.CI_ACCT,PROTECT_DIV_SW,,
Financial_Transaction___Domain,Finance,1.) Account,Protect Mailing Premise,JoinTree_1.CI_ACCT,PROTECT_PREM_SW,,
Financial_Transaction___Domain,Finance,1.) Account,Set Up Date,JoinTree_1.CI_ACCT,SETUP_DT,,
Financial_Transaction___Domain,Finance,1.) Premise,Address,JoinTree_1.CI_PREM,ADDRESS1,,
Financial_Transaction___Domain,Finance,1.) Premise,Address Uppercase,JoinTree_1.CI_PREM,ADDRESS1_UPR,,
Financial_Transaction___Domain,Finance,1.) Premise,Address 2,JoinTree_1.CI_PREM,ADDRESS2,,
Financial_Transaction___Domain,Finance,1.) Premise,Address 3,JoinTree_1.CI_PREM,ADDRESS3,,
Financial_Transaction___Domain,Finance,1.) Premise,Address 4,JoinTree_1.CI_PREM,ADDRESS4,,
Financial_Transaction___Domain,Finance,1.) Premise,CIS Division,JoinTree_1.CI_PREM,CIS_DIVISION,,
Financial_Transaction___Domain,Finance,1.) Premise,City,JoinTree_1.CI_PREM,CITY,,
Financial_Transaction___Domain,Finance,1.) Premise,City Uppercase,JoinTree_1.CI_PREM,CITY_UPR,,
Financial_Transaction___Domain,Finance,1.) Premise,Country,JoinTree_1.CI_PREM,COUNTRY,,
Financial_Transaction___Domain,Finance,1.) Premise,County,JoinTree_1.CI_PREM,COUNTY,,
Financial_Transaction___Domain,Finance,1.) Premise,Geographical Code,JoinTree_1.CI_PREM,GEO_CODE,,
Financial_Transaction___Domain,Finance,1.) Premise,House Type,JoinTree_1.CI_PREM,HOUSE_TYPE,,
Financial_Transaction___Domain,Finance,1.) Premise,In City Limit,JoinTree_1.CI_PREM,IN_CITY_LIMIT,,
Financial_Transaction___Domain,Finance,1.) Premise,Key ID,JoinTree_1.CI_PREM,KEY_ID,,
Financial_Transaction___Domain,Finance,1.) Premise,Key,JoinTree_1.CI_PREM,KEY_SW,,
Financial_Transaction___Domain,Finance,1.) Premise,Landlord Agreement ID,JoinTree_1.CI_PREM,LL_ID,,
Financial_Transaction___Domain,Finance,1.) Premise,Life Support / Sensitive Load Details,JoinTree_1.CI_PREM,LS_SL_DESCR,,
Financial_Transaction___Domain,Finance,1.) Premise,Life Support / Sensitive Load,JoinTree_1.CI_PREM,LS_SL_FLG,,
Financial_Transaction___Domain,Finance,1.) Premise,Mailing Address,JoinTree_1.CI_PREM,MAIL_ADDR_SW,,
Financial_Transaction___Domain,Finance,1.) Premise,Meter Read Instruction,JoinTree_1.CI_PREM,MR_INSTR_CD,,
Financial_Transaction___Domain,Finance,1.) Premise,Instruction Details,JoinTree_1.CI_PREM,MR_INSTR_DETAILS,,
Financial_Transaction___Domain,Finance,1.) Premise,Meter Read Warning,JoinTree_1.CI_PREM,MR_WARN_CD,,
Financial_Transaction___Domain,Finance,1.) Premise,Number 1,JoinTree_1.CI_PREM,NUM1,,
Financial_Transaction___Domain,Finance,1.) Premise,Number 2,JoinTree_1.CI_PREM,NUM2,,
Financial_Transaction___Domain,Finance,1.) Premise,OK to Enter,JoinTree_1.CI_PREM,OK_TO_ENTER_SW,,
Financial_Transaction___Domain,Finance,1.) Premise,Postal,JoinTree_1.CI_PREM,POSTAL,,
Financial_Transaction___Domain,Finance,1.) Premise,Premise ID,JoinTree_1.CI_PREM,PREM_ID,,
Financial_Transaction___Domain,Finance,1.) Premise,Premise Type,JoinTree_1.CI_PREM,PREM_TYPE_CD,,
Financial_Transaction___Domain,Finance,1.) Premise,Parent Premise ID,JoinTree_1.CI_PREM,PRNT_PREM_ID,,
Financial_Transaction___Domain,Finance,1.) Premise,State,JoinTree_1.CI_PREM,STATE,,
Financial_Transaction___Domain,Finance,1.) Premise,Time Zone,JoinTree_1.CI_PREM,TIME_ZONE_CD,,
Financial_Transaction___Domain,Finance,1.) Premise,Trend Area,JoinTree_1.CI_PREM,TREND_AREA_CD,,
Financial_Transaction___Domain,Finance,1.) Balance Control Group,Balance Control Group Id,JoinTree_1.CI_BAL_CTL_GRP,BAL_CTL_GRP_ID,Dimension,CountAll
Financial_Transaction___Domain,Finance,1.) Balance Control Group,Balance Status,JoinTree_1.CI_BAL_CTL_GRP,BALANCING_STAT_FLG,,
Financial_Transaction___Domain,Finance,1.) Balance Control Group,Create Date/Time,JoinTree_1.CI_BAL_CTL_GRP,CRE_DTTM,,
Financial_Transaction___Domain,Finance,1.) Balance Control Group,Current Amount (BCG),JoinTree_1.CI_BAL_CTL_GRP,CUR_AMT,,
Financial_Transaction___Domain,Finance,1.) Balance Control Group,Current Balance (BCG),JoinTree_1.CI_BAL_CTL_GRP,CUR_BAL,,
Financial_Transaction___Domain,Finance,1.) Balance Control Group,Payoff Amount (BCG),JoinTree_1.CI_BAL_CTL_GRP,TOT_AMT,,
Financial_Transaction___Domain,Finance,1.) Balance Control Group,Payoff Balance (BCG),JoinTree_1.CI_BAL_CTL_GRP,TOT_BAL,,
Financial_Transaction___Domain,Finance,1.) Descriptions,Account Management Group Description,JoinTree_1.CI_ACCT_MGMT_GR_L,DESCR,,
Financial_Transaction___Domain,Finance,1.) Descriptions,Balancing Status Description,JoinTree_1.CI_LOOKUP_VAL_L_5,DESCR,,
Financial_Transaction___Domain,Finance,1.) Descriptions,Bill Cycle Description (Account),JoinTree_1.CI_BILL_CYC_L,DESCR,,
Financial_Transaction___Domain,Finance,1.) Descriptions,Budget Plan Description,JoinTree_1.CI_BUD_PLAN_L,DESCR,,
Financial_Transaction___Domain,Finance,1.) Descriptions,Collection Class Description,JoinTree_1.CI_COLL_CL_L,DESCR,,
Financial_Transaction___Domain,Finance,1.) Descriptions,Customer Class Description,JoinTree_1.CI_CUST_CL_L,DESCR,,
Financial_Transaction___Domain,Finance,1.) Descriptions,Financial Transaction Type Description,JoinTree_1,FT_TYPE_FLG_DESC,,
Financial_Transaction___Domain,Finance,1.) Descriptions,GL Distribution Status Description,JoinTree_1,GL_DISTRIB_STATUS_DESC,,
Financial_Transaction___Domain,Finance,1.) Descriptions,GL Division Description,JoinTree_1.CI_GL_DIVISION_L,DESCR,,
Financial_Transaction___Domain,Finance,1.) Descriptions,Meter Read Instruction Description,JoinTree_1.CI_MR_INSTR_L,DESCR,,
Financial_Transaction___Domain,Finance,1.) Descriptions,Meter Read Warning Description,JoinTree_1.CI_MR_WARN_L,DESCR,,
Financial_Transaction___Domain,Finance,1.) Descriptions,Premise Type Description,JoinTree_1.CI_PREM_TYPE_L,DESCR,,
Financial_Transaction___Domain,Finance,1.) Descriptions,SA Status Description,JoinTree_1.CI_LOOKUP_VAL_L_2,DESCR,,
Financial_Transaction___Domain,Finance,1.) Descriptions,SA Type Description,JoinTree_1.CI_SA_TYPE_L,DESCR,,
Financial_Transaction___Domain,Finance,1.) Descriptions,State Description,JoinTree_1.CI_STATE_L,DESCR,,
Financial_Transaction___Domain,Finance,1.) Descriptions,Time Zone Description,JoinTree_1.CI_TIME_ZONE_L,DESCR,,
Financial_Transaction___Domain,Finance,1.) Descriptions,Trend Area Description,JoinTree_1.CI_TREND_AREA_L,DESCR,,
Financial_Transaction___Domain,Finance,1.) Formulas,Distinct Adjustment ID,JoinTree_1,ADJ_ID_DISTINCT,,
Financial_Transaction___Domain,Finance,1.) Formulas,Distinct Bill Segment ID,JoinTree_1,BSEG_ID_DISTINCT,,
Financial_Transaction___Domain,Finance,1.) Formulas,Distinct Financial Transaction ID,JoinTree_1,FT_ID_DISTINCT,,
Financial_Transaction___Domain,Finance,1.) Formulas,Distinct Pay Segment ID,JoinTree_1,PAY_SEG_ID_DISTINCT,,
Financial_Transaction___Domain,Finance,1.) Formulas,Freeze User Id (Name),JoinTree_1,USER_ID_NAME,,
Financial_Transaction___Domain,Finance,1.) Formulas,Name,JoinTree_1.CI_PER_NAME,ENTITY_NAME_UPR,,
Financial_Transaction___Domain,Finance,1.1.) Bill Segment (Mutually Exclusive Use),Bill Cycle (Bill Segment),JoinTree_1.CI_BSEG,BILL_CYC_CD,,
Financial_Transaction___Domain,Finance,1.1.) Bill Segment (Mutually Exclusive Use),Bill ID                       ,JoinTree_1.CI_BSEG,BILL_ID,,
Financial_Transaction___Domain,Finance,1.1.) Bill Segment (Mutually Exclusive Use),Bill Scenario ID,JoinTree_1.CI_BSEG,BILL_SCNR_ID,,
Financial_Transaction___Domain,Finance,1.1.) Bill Segment (Mutually Exclusive Use),Bill Segment ID,JoinTree_1.CI_BSEG,BSEG_ID,,
Financial_Transaction___Domain,Finance,1.1.) Bill Segment (Mutually Exclusive Use),Bill Segment Status,JoinTree_1.CI_BSEG,BSEG_STAT_FLG,,
Financial_Transaction___Domain,Finance,1.1.) Bill Segment (Mutually Exclusive Use),Cancel Bill Segment ID,JoinTree_1.CI_BSEG,CAN_BSEG_ID,,
Financial_Transaction___Domain,Finance,1.1.) Bill Segment (Mutually Exclusive Use),Cancel Reason (Bill Segment),JoinTree_1.CI_BSEG,CAN_RSN_CD,,
Financial_Transaction___Domain,Finance,1.1.) Bill Segment (Mutually Exclusive Use),Closing Bill Segment,JoinTree_1.CI_BSEG,CLOSING_BSEG_SW,,
Financial_Transaction___Domain,Finance,1.1.) Bill Segment (Mutually Exclusive Use),Create Date/Time,JoinTree_1.CI_BSEG,CRE_DTTM,,
Financial_Transaction___Domain,Finance,1.1.) Bill Segment (Mutually Exclusive Use),End Date,JoinTree_1.CI_BSEG,END_DT,,
Financial_Transaction___Domain,Finance,1.1.) Bill Segment (Mutually Exclusive Use),Estimate,JoinTree_1.CI_BSEG,EST_SW,,
Financial_Transaction___Domain,Finance,1.1.) Bill Segment (Mutually Exclusive Use),Item Override,JoinTree_1.CI_BSEG,ITEM_OVERRIDE_SW,,
Financial_Transaction___Domain,Finance,1.1.) Bill Segment (Mutually Exclusive Use),Master Bill Segment Id,JoinTree_1.CI_BSEG,MASTER_BSEG_ID,,
Financial_Transaction___Domain,Finance,1.1.) Bill Segment (Mutually Exclusive Use),MDM End Date/Time,JoinTree_1.CI_BSEG,MDM_END_DTTM,,
Financial_Transaction___Domain,Finance,1.1.) Bill Segment (Mutually Exclusive Use),MDM Start Date/Time,JoinTree_1.CI_BSEG,MDM_START_DTTM,,
Financial_Transaction___Domain,Finance,1.1.) Bill Segment (Mutually Exclusive Use),Premise ID,JoinTree_1.CI_BSEG,PREM_ID,,
Financial_Transaction___Domain,Finance,1.1.) Bill Segment (Mutually Exclusive Use),Quote Detail ID,JoinTree_1.CI_BSEG,QUOTE_DTL_ID,,
Financial_Transaction___Domain,Finance,1.1.) Bill Segment (Mutually Exclusive Use),Rebill Segment ID,JoinTree_1.CI_BSEG,REBILL_SEG_ID,,
Financial_Transaction___Domain,Finance,1.1.) Bill Segment (Mutually Exclusive Use),Service Agreement,JoinTree_1.CI_BSEG,SA_ID,,
Financial_Transaction___Domain,Finance,1.1.) Bill Segment (Mutually Exclusive Use),SQ Override,JoinTree_1.CI_BSEG,SQ_OVERRIDE_SW,,
Financial_Transaction___Domain,Finance,1.1.) Bill Segment (Mutually Exclusive Use),Start Date,JoinTree_1.CI_BSEG,START_DT,,
Financial_Transaction___Domain,Finance,1.1.) Bill Segment (Mutually Exclusive Use),Status Change Date/Time,JoinTree_1.CI_BSEG,STAT_CHG_DTTM,,
Financial_Transaction___Domain,Finance,1.1.) Bill Segment (Mutually Exclusive Use),Window Start Date,JoinTree_1.CI_BSEG,WIN_START_DT,,
Financial_Transaction___Domain,Finance,CI_BAL_CTL_GRP,BAL_CTL_GRP_ID,JoinTree_1.CI_BAL_CTL_GRP,BAL_CTL_GRP_ID,,
Financial_Transaction___Domain,Finance,CI_BAL_CTL_GRP,BALANCING_STAT_FLG,JoinTree_1.CI_BAL_CTL_GRP,BALANCING_STAT_FLG,,
Financial_Transaction___Domain,Finance,CI_BAL_CTL_GRP,CRE_DTTM,JoinTree_1.CI_BAL_CTL_GRP,CRE_DTTM,,
Financial_Transaction___Domain,Finance,CI_BAL_CTL_GRP,CUR_AMT,JoinTree_1.CI_BAL_CTL_GRP,CUR_AMT,,
Financial_Transaction___Domain,Finance,CI_BAL_CTL_GRP,CUR_BAL,JoinTree_1.CI_BAL_CTL_GRP,CUR_BAL,,
Financial_Transaction___Domain,Finance,CI_BAL_CTL_GRP,TOT_AMT,JoinTree_1.CI_BAL_CTL_GRP,TOT_AMT,,
Financial_Transaction___Domain,Finance,CI_BAL_CTL_GRP,TOT_BAL,JoinTree_1.CI_BAL_CTL_GRP,TOT_BAL,,
Financial_Transaction___Domain,Finance,CI_BAL_CTL_GRP,VERSION,JoinTree_1.CI_BAL_CTL_GRP,VERSION,,
Financial_Transaction___Domain,Finance,1.1.) Descriptions (Bill Segment),Bill Cycle Description (Bill Segment),JoinTree_1.CI_BILL_CYC_L_1,DESCR,,
Financial_Transaction___Domain,Finance,1.1.) Descriptions (Bill Segment),Bill Segment Status Description,JoinTree_1.CI_LOOKUP_VAL_L_3,DESCR,,
Financial_Transaction___Domain,Finance,1.1.) Descriptions (Bill Segment),Cancel Reason Description (Bill Segement),JoinTree_1.CI_BILL_CAN_RSN_L,DESCR,,
Financial_Transaction___Domain,Finance,1.2.) Adjustment (Mutually Exclusive Use),Current Amount (Adjustmetn),JoinTree_1.CI_ADJ,ADJ_AMT,,
Financial_Transaction___Domain,Finance,1.2.) Adjustment (Mutually Exclusive Use),Adjustment ID,JoinTree_1.CI_ADJ,ADJ_ID,,
Financial_Transaction___Domain,Finance,1.2.) Adjustment (Mutually Exclusive Use),Adjustment Status,JoinTree_1.CI_ADJ,ADJ_STATUS_FLG,,
Financial_Transaction___Domain,Finance,1.2.) Adjustment (Mutually Exclusive Use),Adjustment Type,JoinTree_1.CI_ADJ,ADJ_TYPE_CD,,
Financial_Transaction___Domain,Finance,1.2.) Adjustment (Mutually Exclusive Use),Approval Request Id,JoinTree_1.CI_ADJ,APPR_REQ_ID,,
Financial_Transaction___Domain,Finance,1.2.) Adjustment (Mutually Exclusive Use),Base Amount (Adjustment),JoinTree_1.CI_ADJ,BASE_AMT,,
Financial_Transaction___Domain,Finance,1.2.) Adjustment (Mutually Exclusive Use),On Behalf SA ID,JoinTree_1.CI_ADJ,BEHALF_SA_ID,,
Financial_Transaction___Domain,Finance,1.2.) Adjustment (Mutually Exclusive Use),Cancel Reason (Adjustment),JoinTree_1.CI_ADJ,CAN_RSN_CD,,
Financial_Transaction___Domain,Finance,1.2.) Adjustment (Mutually Exclusive Use),Comments,JoinTree_1.CI_ADJ,COMMENTS,,
Financial_Transaction___Domain,Finance,1.2.) Adjustment (Mutually Exclusive Use),Creation Date,JoinTree_1.CI_ADJ,CRE_DT,,
Financial_Transaction___Domain,Finance,1.2.) Adjustment (Mutually Exclusive Use),Currency Code,JoinTree_1.CI_ADJ,CURRENCY_CD,,
Financial_Transaction___Domain,Finance,1.2.) Adjustment (Mutually Exclusive Use),Calculation Date,JoinTree_1.CI_ADJ,GEN_REF_DT,,
Financial_Transaction___Domain,Finance,1.2.) Adjustment (Mutually Exclusive Use),Service Agreement,JoinTree_1.CI_ADJ,SA_ID,,
Financial_Transaction___Domain,Finance,1.2.) Adjustment (Mutually Exclusive Use),Transfer Adjustment ID,JoinTree_1.CI_ADJ,XFER_ADJ_ID,,
Financial_Transaction___Domain,Finance,1.2.) Descriptions (Adjustment),Adjustment Type Description,JoinTree_1.CI_ADJ_TYPE_L,DESCR,,
Financial_Transaction___Domain,Finance,1.2.) Descriptions (Adjustment),Adjustment Status Description,JoinTree_1.CI_LOOKUP_VAL_L_4,DESCR,,
Financial_Transaction___Domain,Finance,1.2.) Descriptions (Adjustment),Cancel Reason Description (Adjustment),JoinTree_1.CI_ADJ_CAN_RSN_L,DESCR,,
Financial_Transaction___Domain,Finance,1.3.) Payment Segment (Mutually Exclusive Use),Adjustment ID,JoinTree_1.CI_PAY_SEG,ADJ_ID,,
Financial_Transaction___Domain,Finance,1.3.) Payment Segment (Mutually Exclusive Use),Currency Code,JoinTree_1.CI_PAY_SEG,CURRENCY_CD,,
Financial_Transaction___Domain,Finance,1.3.) Payment Segment (Mutually Exclusive Use),Match Event ID,JoinTree_1.CI_PAY_SEG,MATCH_EVT_ID,,
Financial_Transaction___Domain,Finance,1.3.) Payment Segment (Mutually Exclusive Use),Payment ID,JoinTree_1.CI_PAY_SEG,PAY_ID,,
Financial_Transaction___Domain,Finance,1.3.) Payment Segment (Mutually Exclusive Use),Distributed Amt.              ,JoinTree_1.CI_PAY_SEG,PAY_SEG_AMT,,
Financial_Transaction___Domain,Finance,1.3.) Payment Segment (Mutually Exclusive Use),Pay Segment ID,JoinTree_1.CI_PAY_SEG,PAY_SEG_ID,,
Financial_Transaction___Domain,Finance,1.3.) Payment Segment (Mutually Exclusive Use),Service Agreement,JoinTree_1.CI_PAY_SEG,SA_ID,,
Asset___Domain,Meter Operations,1.) Asset,Acquisition Cost,JoinTree_1.W1_ASSET,ACQUISITION_COST,,
Asset___Domain,Meter Operations,1.) Asset,Acquisition Date,JoinTree_1.W1_ASSET,ACQUISITION_DT,,
Asset___Domain,Meter Operations,1.) Asset,Activity,JoinTree_1.W1_ASSET,ACT_ID,,
Asset___Domain,Meter Operations,1.) Asset,Asset Condition,JoinTree_1.W1_ASSET,ASSET_COND_FLG,,
Asset___Domain,Meter Operations,1.) Asset,Asset,JoinTree_1.W1_ASSET,ASSET_ID,,
Asset___Domain,Meter Operations,1.) Asset,Asset Ownership,JoinTree_1.W1_ASSET,ASSET_OWNERSHIP_FLG,,
Asset___Domain,Meter Operations,1.) Asset,Asset Type,JoinTree_1.W1_ASSET,ASSET_TYPE_CD,,
Asset___Domain,Meter Operations,1.) Asset,Average Outage Repair Cost,JoinTree_1.W1_ASSET,AVG_OUT_REPR_COST,,
Asset___Domain,Meter Operations,1.) Asset,Status (Asset),JoinTree_1.W1_ASSET,BO_STATUS_CD,,
Asset___Domain,Meter Operations,1.) Asset,Status Reason (Asset),JoinTree_1.W1_ASSET,BO_STATUS_REASON_CD,,
Asset___Domain,Meter Operations,1.) Asset,BOM Part,JoinTree_1.W1_ASSET,BOM_PART_ID,,
Asset___Domain,Meter Operations,1.) Asset,Book Value,JoinTree_1.W1_ASSET,BOOK_VALUE,,
Asset___Domain,Meter Operations,1.) Asset,Business Object (Asset),JoinTree_1.W1_ASSET,BUS_OBJ_CD,,
Asset___Domain,Meter Operations,1.) Asset,Calendar PM Reset Date,JoinTree_1.W1_ASSET,CALENDAR_PM_RESET_DT,,
Asset___Domain,Meter Operations,1.) Asset,Condition Rating,JoinTree_1.W1_ASSET,CONDITION_RATING,,
Asset___Domain,Meter Operations,1.) Asset,Confidence Rating,JoinTree_1.W1_ASSET,CONFIDENCE_RATING,,
Asset___Domain,Meter Operations,1.) Asset,Contributed,JoinTree_1.W1_ASSET,CONTRIBUTED_FLG,,
Asset___Domain,Meter Operations,1.) Asset,Core Charge,JoinTree_1.W1_ASSET,CORE_CHARGE,,
Asset___Domain,Meter Operations,1.) Asset,Core Charge Expiration Date,JoinTree_1.W1_ASSET,CORE_CHRG_EXP_DT,,
Asset___Domain,Meter Operations,1.) Asset,Create Date/Time,JoinTree_1.W1_ASSET,CRE_DTTM,,
Asset___Domain,Meter Operations,1.) Asset,Detailed Description,JoinTree_1.W1_ASSET,DESCRLONG,,
Asset___Domain,Meter Operations,1.) Asset,Disposal Cost,JoinTree_1.W1_ASSET,DISPOSAL_COST,,
Asset___Domain,Meter Operations,1.) Asset,Economic Life (Years),JoinTree_1.W1_ASSET,ECO_LIFE,,
Asset___Domain,Meter Operations,1.) Asset,Final Date/Time,JoinTree_1.W1_ASSET,FINAL_DTTM,,
Asset___Domain,Meter Operations,1.) Asset,Hourly Outage Cost,JoinTree_1.W1_ASSET,HOURLY_OUT_COST,,
Asset___Domain,Meter Operations,1.) Asset,In Service Date,JoinTree_1.W1_ASSET,IN_SERVICE_DT,,
Asset___Domain,Meter Operations,1.) Asset,Maintenance Specification,JoinTree_1.W1_ASSET,MAINT_SPEC_CD,,
Asset___Domain,Meter Operations,1.) Asset,Owning Organization (Asset),JoinTree_1.W1_ASSET,OWNING_ACCESS_GRP_CD,,
Asset___Domain,Meter Operations,1.) Asset,Predicted Wear Out Date,JoinTree_1.W1_ASSET,PREDCTD_WEAR_OUT_DT,,
Asset___Domain,Meter Operations,1.) Asset,Property Unit,JoinTree_1.W1_ASSET,PROPERTY_UNIT_CD,,
Asset___Domain,Meter Operations,1.) Asset,Replacement Cost,JoinTree_1.W1_ASSET,REPLACEMENT_COST,,
Asset___Domain,Meter Operations,1.) Asset,Salvage Cost,JoinTree_1.W1_ASSET,SALVAGE_COST,,
Asset___Domain,Meter Operations,1.) Asset,Specification,JoinTree_1.W1_ASSET,SPECIFICATION_CD,,
Asset___Domain,Meter Operations,1.) Asset,Status Date/Time,JoinTree_1.W1_ASSET,STATUS_UPD_DTTM,,
Asset___Domain,Meter Operations,1.) Asset,Unit Price,JoinTree_1.W1_ASSET,UNIT_PRICE,,
Asset___Domain,Meter Operations,1.) Asset,Useful Life (Years),JoinTree_1.W1_ASSET,USEFUL_LIFE,,
Asset___Domain,Meter Operations,1.) Asset,Vendor Location,JoinTree_1.W1_ASSET,VENDOR_LOC_ID,,
Asset___Domain,Meter Operations,1.) Asset Identifier,Asset,JoinTree_1.CMS_W1_ASSET_IDENTIFIER_VW,ASSET_ID,,
Asset___Domain,Meter Operations,1.) Asset Identifier,Badge Number,JoinTree_1.CMS_W1_ASSET_IDENTIFIER_VW,BADGE_NUMBER,,
Asset___Domain,Meter Operations,1.) Asset Identifier,External ID,JoinTree_1.CMS_W1_ASSET_IDENTIFIER_VW,EXTERNAL_ID,,
Asset___Domain,Meter Operations,1.) Asset Identifier,Metrology Firmware Version,JoinTree_1.CMS_W1_ASSET_IDENTIFIER_VW,METROLOGY_FIRMWARE_VERSION,,
Asset___Domain,Meter Operations,1.) Asset Identifier,NIC Firmware Version,JoinTree_1.CMS_W1_ASSET_IDENTIFIER_VW,NIC_FIRMWARE_VERSION,,
Asset___Domain,Meter Operations,1.) Asset Identifier,Pallet Number,JoinTree_1.CMS_W1_ASSET_IDENTIFIER_VW,PALLET_NUMBER,,
Asset___Domain,Meter Operations,1.) Asset Identifier,Purchase Order,JoinTree_1.CMS_W1_ASSET_IDENTIFIER_VW,PURCHASE_ORDER,,
Asset___Domain,Meter Operations,1.) Asset Identifier,Serial Number,JoinTree_1.CMS_W1_ASSET_IDENTIFIER_VW,SERIAL_NUMBER,,
Asset___Domain,Meter Operations,1.) Asset Location,Activity,JoinTree_1.W1_ASSET_NODE,ACT_ID,,
Asset___Domain,Meter Operations,1.) Asset Location,Asset Disposition,JoinTree_1.W1_ASSET_NODE,ASSET_DPOS_FLG,,
Asset___Domain,Meter Operations,1.) Asset Location,Asset,JoinTree_1.W1_ASSET_NODE,ASSET_ID,,
Asset___Domain,Meter Operations,1.) Asset Location,Attached to Asset ID,JoinTree_1.W1_ASSET_NODE,ATTCH_TO_ASSET_ID,,
Asset___Domain,Meter Operations,1.) Asset Location,Current Asset ID,JoinTree_1.W1_ASSET_NODE,CURR_ASSET_ID,,
Asset___Domain,Meter Operations,1.) Asset Location,Current Attached to Asset ID,JoinTree_1.W1_ASSET_NODE,CURR_ATTCH_TO_ASSET_ID,,
Asset___Domain,Meter Operations,1.) Asset Location,Current Location/Organization ID,JoinTree_1.W1_ASSET_NODE,CURR_NODE_ID,,
Asset___Domain,Meter Operations,1.) Asset Location,Effective Date/Time,JoinTree_1.W1_ASSET_NODE,EFF_DTTM,,
Asset___Domain,Meter Operations,1.) Asset Location,Failure,JoinTree_1.W1_ASSET_NODE,FAILURE_FLG,,
Asset___Domain,Meter Operations,1.) Asset Location,Location/Organization,JoinTree_1.W1_ASSET_NODE,NODE_ID,,
Asset___Domain,Meter Operations,1.) Location/Organization,Address,JoinTree_1.W1_NODE,ADDRESS1,,
Asset___Domain,Meter Operations,1.) Location/Organization,Address 2,JoinTree_1.W1_NODE,ADDRESS2,,
Asset___Domain,Meter Operations,1.) Location/Organization,Address 3,JoinTree_1.W1_NODE,ADDRESS3,,
Asset___Domain,Meter Operations,1.) Location/Organization,Address 4,JoinTree_1.W1_NODE,ADDRESS4,,
Asset___Domain,Meter Operations,1.) Location/Organization,Backlog Group,JoinTree_1.W1_NODE,BACK_LOG_GRP_FLG,,
Asset___Domain,Meter Operations,1.) Location/Organization,Building,JoinTree_1.W1_NODE,BUILDING,,
Asset___Domain,Meter Operations,1.) Location/Organization,Business Object (Location),JoinTree_1.W1_NODE,BUS_OBJ_CD,,
Asset___Domain,Meter Operations,1.) Location/Organization,Buyer,JoinTree_1.W1_NODE,BUYER_CD,,
Asset___Domain,Meter Operations,1.) Location/Organization,City,JoinTree_1.W1_NODE,CITY,,
Asset___Domain,Meter Operations,1.) Location/Organization,Country,JoinTree_1.W1_NODE,COUNTRY,,
Asset___Domain,Meter Operations,1.) Location/Organization,County,JoinTree_1.W1_NODE,COUNTY,,
Asset___Domain,Meter Operations,1.) Location/Organization,Criticality,JoinTree_1.W1_NODE,CRITICALITY_FLG,,
Asset___Domain,Meter Operations,1.) Location/Organization,Description,JoinTree_1.W1_NODE,DESCR100,,
Asset___Domain,Meter Operations,1.) Location/Organization,Geographical Code,JoinTree_1.W1_NODE,GEO_CODE,,
Asset___Domain,Meter Operations,1.) Location/Organization,House Type,JoinTree_1.W1_NODE,HOUSE_TYPE,,
Asset___Domain,Meter Operations,1.) Location/Organization,In City Limit,JoinTree_1.W1_NODE,IN_CITY_LIMIT,,
Asset___Domain,Meter Operations,1.) Location/Organization,Inventory Adjustment Cost Center,JoinTree_1.W1_NODE,INV_ADJTMT_COST_CENTER_CD,,
Asset___Domain,Meter Operations,1.) Location/Organization,Inventory Cost Center,JoinTree_1.W1_NODE,INV_COST_CENTER_CD,,
Asset___Domain,Meter Operations,1.) Location/Organization,Inventory Expense Code,JoinTree_1.W1_NODE,INV_EXPENSE_CD,,
Asset___Domain,Meter Operations,1.) Location/Organization,Invoice Write-Off Cost Center Code,JoinTree_1.W1_NODE,INVOICE_WRITEOFF_COST_CTR_CD,,
Asset___Domain,Meter Operations,1.) Location/Organization,Invoice Write-Off Expense Code,JoinTree_1.W1_NODE,INVOICE_WRITEOFF_EXPENSE_CD,,
Asset___Domain,Meter Operations,1.) Location/Organization,Location Class,JoinTree_1.W1_NODE,LOCATION_CLASS_FLG,,
Asset___Domain,Meter Operations,1.) Location/Organization,Maintenance Manager,JoinTree_1.W1_NODE,MAINTMGR_CD,,
Asset___Domain,Meter Operations,1.) Location/Organization,Markup Cost Center,JoinTree_1.W1_NODE,MARK_UP_COST_CENTER_CD,,
Asset___Domain,Meter Operations,1.) Location/Organization,Markup Expense Code,JoinTree_1.W1_NODE,MARK_UP_EXPENSE_CD,,
Asset___Domain,Meter Operations,1.) Location/Organization,Location/Organization Disposition,JoinTree_1.W1_NODE,NODE_DPOS_FLG,,
Asset___Domain,Meter Operations,1.) Location/Organization,Location/Organization,JoinTree_1.W1_NODE,NODE_ID,,
Asset___Domain,Meter Operations,1.) Location/Organization,Location/Organization Type,JoinTree_1.W1_NODE,NODE_TYPE_CD,,
Asset___Domain,Meter Operations,1.) Location/Organization,Number 1,JoinTree_1.W1_NODE,NUM1,,
Asset___Domain,Meter Operations,1.) Location/Organization,Number 2,JoinTree_1.W1_NODE,NUM2,,
Asset___Domain,Meter Operations,1.) Location/Organization,Owning Organization (Location),JoinTree_1.W1_NODE,OWNING_ACCESS_GRP_CD,,
Asset___Domain,Meter Operations,1.) Location/Organization,Parent Location/Organization,JoinTree_1.W1_NODE,PARENT_NODE_ID,,
Asset___Domain,Meter Operations,1.) Location/Organization,Planner,JoinTree_1.W1_NODE,PLANNER_CD,,
Asset___Domain,Meter Operations,1.) Location/Organization,Position,JoinTree_1.W1_NODE,POSITION,,
Asset___Domain,Meter Operations,1.) Location/Organization,Postal,JoinTree_1.W1_NODE,POSTAL,,
Asset___Domain,Meter Operations,1.) Location/Organization,Purchasing Document Action,JoinTree_1.W1_NODE,PUR_DOC_ACTION_FLG,,
Asset___Domain,Meter Operations,1.) Location/Organization,RCM System,JoinTree_1.W1_NODE,RCM_SYSTEM_FLG,,
Asset___Domain,Meter Operations,1.) Location/Organization,Room,JoinTree_1.W1_NODE,ROOM,,
Asset___Domain,Meter Operations,1.) Location/Organization,Reorder Review Approval Required,JoinTree_1.W1_NODE,RR_APP_REQ_FLG,,
Asset___Domain,Meter Operations,1.) Location/Organization,Run To Failure,JoinTree_1.W1_NODE,RUN_TO_FAILURE_FLG,,
Asset___Domain,Meter Operations,1.) Location/Organization,Service Area,JoinTree_1.W1_NODE,SERVICE_AREA_CD,,
Asset___Domain,Meter Operations,1.) Location/Organization,Service Condition,JoinTree_1.W1_NODE,SERVICE_COND_FLG,,
Asset___Domain,Meter Operations,1.) Location/Organization,State,JoinTree_1.W1_NODE,STATE,,
Asset___Domain,Meter Operations,1.) Location/Organization,Stock Transfer Cost Center,JoinTree_1.W1_NODE,STOCK_TRANSFER_COST_CENTER_CD,,
Asset___Domain,Meter Operations,1.) Location/Organization,Tax Cost Center,JoinTree_1.W1_NODE,TAX_COST_CENTER_CD,,
Asset___Domain,Meter Operations,1.) Location/Organization,Tax Expense Code,JoinTree_1.W1_NODE,TAX_EXPENSE_CD,,
Asset___Domain,Meter Operations,1.) Location/Organization,Time Zone,JoinTree_1.W1_NODE,TIME_ZONE_CD,,
Asset___Domain,Meter Operations,1.) Location/Organization,Address Uppercase,JoinTree_1.W1_NODE,W1_ADDRESS1_UPR,,
Asset___Domain,Meter Operations,1.) Location/Organization,City Uppercase,JoinTree_1.W1_NODE,W1_CITY_UPR,,
Asset___Domain,Meter Operations,1.) Location/Organization,Cross Street,JoinTree_1.W1_NODE,W1_CROSS_STREET,,
Asset___Domain,Meter Operations,1.) Location/Organization,Description Upper,JoinTree_1.W1_NODE,W1_DESCR100_UPR,,
Asset___Domain,Meter Operations,1.) Location/Organization,Latitude,JoinTree_1.W1_NODE,W1_GEO_LAT,Dimension,CountAll
Asset___Domain,Meter Operations,1.) Location/Organization,Longitude,JoinTree_1.W1_NODE,W1_GEO_LONG,Dimension,CountAll
Asset___Domain,Meter Operations,1.) Location/Organization,Operation,JoinTree_1.W1_NODE,W1_OPERATION_FLG,,
Asset___Domain,Meter Operations,1.) Location/Organization,Suburb,JoinTree_1.W1_NODE,W1_SUBURB,,
Asset___Domain,Meter Operations,1.) Location/Organization,Work Request Approval Profile,JoinTree_1.W1_NODE,WORK_REQ_APPROVAL_PROF_CD,,
Asset___Domain,Meter Operations,1.) Descriptions,Asset Condition Description,JoinTree_1.CI_LOOKUP_VAL_L,DESCR,,
Asset___Domain,Meter Operations,1.) Descriptions,Asset Disposition Description,JoinTree_1.F1_EXT_LOOKUP_VAL_L,DESCR,,
Asset___Domain,Meter Operations,1.) Descriptions,Asset Ownership Description,JoinTree_1.CI_LOOKUP_VAL_L_1,DESCR,,
Asset___Domain,Meter Operations,1.) Descriptions,Asset Type Description,JoinTree_1.W1_ASSET_TYPE_L,DESCR100,,
Asset___Domain,Meter Operations,1.) Descriptions,Backlog Group Description,JoinTree_1.CI_LOOKUP_VAL_L_12,DESCR,,
Asset___Domain,Meter Operations,1.) Descriptions,BOM Part Description,JoinTree_1.W1_BOM_PART,BOM_PART_DESCR,,
Asset___Domain,Meter Operations,1.) Descriptions,Business Object Description (Asset),JoinTree_1.F1_BUS_OBJ_L,DESCR,,
Asset___Domain,Meter Operations,1.) Descriptions,Business Object Description (Location),JoinTree_1.F1_BUS_OBJ_L_1,DESCR,,
Asset___Domain,Meter Operations,1.) Descriptions,Buyer Description,JoinTree_1.W1_BUYER_L,DESCR100,,
Asset___Domain,Meter Operations,1.) Descriptions,Contributed Description,JoinTree_1.CI_LOOKUP_VAL_L_2,DESCR,,
Asset___Domain,Meter Operations,1.) Descriptions,Criticality Description,JoinTree_1.CI_LOOKUP_VAL_L_6,DESCR,,
Asset___Domain,Meter Operations,1.) Descriptions,Failure Description,JoinTree_1.CI_LOOKUP_VAL_L_4,DESCR,,
Asset___Domain,Meter Operations,1.) Descriptions,Inventory Adjustment Cost Center Description,JoinTree_1.W1_COST_CENTER_L_1,DESCR100,,
Asset___Domain,Meter Operations,1.) Descriptions,Inventory Cost Center Description,JoinTree_1.W1_COST_CENTER_L,DESCR100,,
Asset___Domain,Meter Operations,1.) Descriptions,Inventory Expense Code Description,JoinTree_1.W1_EXPENSE_CD_L,DESCR100,,
Asset___Domain,Meter Operations,1.) Descriptions,Invoice Write-Off Cost Center Code Description,JoinTree_1.W1_COST_CENTER_L_5,DESCR100,,
Asset___Domain,Meter Operations,1.) Descriptions,Invoice Write-Off Expense Code Description,JoinTree_1.W1_EXPENSE_CD_L_3,DESCR100,,
Asset___Domain,Meter Operations,1.) Descriptions,Maintenance Manager Description,JoinTree_1.W1_MAINTMGR_L,DESCR100,,
Asset___Domain,Meter Operations,1.) Descriptions,Maintenance Specification Description,JoinTree_1.W1_SPECIFICATION_L_1,DESCR100,,
Asset___Domain,Meter Operations,1.) Descriptions,Markup Cost Center Description,JoinTree_1.W1_COST_CENTER_L_2,DESCR100,,
Asset___Domain,Meter Operations,1.) Descriptions,Markup Expense Code Description,JoinTree_1.W1_EXPENSE_CD_L_1,DESCR100,,
Asset___Domain,Meter Operations,1.) Descriptions,Location Class Description,JoinTree_1.CI_LOOKUP_VAL_L_7,DESCR,,
Asset___Domain,Meter Operations,1.) Descriptions,Location/Organization Disposition Description,JoinTree_1.CI_LOOKUP_VAL_L_3,DESCR,,
Asset___Domain,Meter Operations,1.) Descriptions,Location/Organization Type Description,JoinTree_1.W1_NODE_TYPE_L,DESCR100,,
Asset___Domain,Meter Operations,1.) Descriptions,Operation Description,JoinTree_1.CI_LOOKUP_VAL_L_5,DESCR,,
Asset___Domain,Meter Operations,1.) Descriptions,Owning Organization Description (Asset),JoinTree_1.CI_ACC_GRP_L,DESCR,,
Asset___Domain,Meter Operations,1.) Descriptions,Owning Organization Description (Location),JoinTree_1.CI_ACC_GRP_L_1,DESCR,,
Asset___Domain,Meter Operations,1.) Descriptions,Planner Description,JoinTree_1.W1_PLANNER_L,DESCR100,,
Asset___Domain,Meter Operations,1.) Descriptions,Property Unit Description,JoinTree_1.W1_PROPERTY_UNIT_L,DESCR100,,
Asset___Domain,Meter Operations,1.) Descriptions,Purchasing Document Action Description,JoinTree_1.CI_LOOKUP_VAL_L_11,DESCR,,
Asset___Domain,Meter Operations,1.) Descriptions,Reorder Review Approval Required Description,JoinTree_1.CI_LOOKUP_VAL_L_10,DESCR,,
Asset___Domain,Meter Operations,1.) Descriptions,RCM System Description,JoinTree_1.CI_LOOKUP_VAL_L_8,DESCR,,
Asset___Domain,Meter Operations,1.) Descriptions,Run to Failure Description,JoinTree_1.CI_LOOKUP_VAL_L_9,DESCR,,
Asset___Domain,Meter Operations,1.) Descriptions,Service Area Description,JoinTree_1.W1_SERVICE_AREA_L,DESCR100,,
Asset___Domain,Meter Operations,1.) Descriptions,Service Condition Description,JoinTree_1.F1_EXT_LOOKUP_VAL_L_1,DESCR,,
Asset___Domain,Meter Operations,1.) Descriptions,Specification Description,JoinTree_1.W1_SPECIFICATION_L,DESCR100,,
Asset___Domain,Meter Operations,1.) Descriptions,State Description,JoinTree_1.CI_STATE_L,DESCR,,
Asset___Domain,Meter Operations,1.) Descriptions,Status Description (Asset),JoinTree_1.F1_BUS_OBJ_STATUS_L,DESCR,,
Asset___Domain,Meter Operations,1.) Descriptions,Status Reason Description (Asset),JoinTree_1.F1_BUS_OBJ_STATUS_RSN_L,DESCR,,
Asset___Domain,Meter Operations,1.) Descriptions,Stock Transfer Cost Center Description,JoinTree_1.W1_COST_CENTER_L_3,DESCR100,,
Asset___Domain,Meter Operations,1.) Descriptions,Tax Cost Center Description,JoinTree_1.W1_COST_CENTER_L_4,DESCR100,,
Asset___Domain,Meter Operations,1.) Descriptions,Tax Expense Code Description,JoinTree_1.W1_EXPENSE_CD_L_2,DESCR100,,
Asset___Domain,Meter Operations,1.) Descriptions,Time Zone Description,JoinTree_1.CI_TIME_ZONE_L,DESCR,,
Asset___Domain,Meter Operations,1.) Descriptions,Work Request Approval Profile Description,JoinTree_1.W1_APPROVAL_PROF_L,DESCR100,,
Asset___Domain,Meter Operations,1.) Formulas,Distinct Location/Organization,JoinTree_1,NODE_ID_DISTINCT,,
Asset___Domain,Meter Operations,1.) Formulas,Distinct Asset ID,JoinTree_1,ASSET_ID_DISTINCT,,
Asset___Domain,Meter Operations,1.) Formulas,Location Name,JoinTree_1.W1_VENDOR_LOC,LOC_NAME_UPR,,
Asset___Domain,Meter Operations,1.) Formulas,Address Uppercase (Parent Location/Organization),JoinTree_1.W1_NODE_1,W1_ADDRESS1_UPR,,
Device___Domain,Meter Operations,1.) Device,Access Group,JoinTree_1.D1_DVC,ACCESS_GRP_CD,,
Device___Domain,Meter Operations,1.) Device,Arming Required,JoinTree_1.D1_DVC,ARMING_REQ_FLG,,
Device___Domain,Meter Operations,1.) Device,Status (Device),JoinTree_1.D1_DVC,BO_STATUS_CD,,
Device___Domain,Meter Operations,1.) Device,Status Reason (Device),JoinTree_1.D1_DVC,BO_STATUS_REASON_CD,,
Device___Domain,Meter Operations,1.) Device,Business Object (Device),JoinTree_1.D1_DVC,BUS_OBJ_CD,,
Device___Domain,Meter Operations,1.) Device,Create Date/Time (Device),JoinTree_1.D1_DVC,CRE_DTTM,,
Device___Domain,Meter Operations,1.) Device,Command Set,JoinTree_1.D1_DVC,D1_CMD_SET_CD,,
Device___Domain,Meter Operations,1.) Device,Device ID (Device),JoinTree_1.D1_DVC,D1_DEVICE_ID,,
Device___Domain,Meter Operations,1.) Device,Model (Device),JoinTree_1.D1_DVC,D1_MODEL_CD,,
Device___Domain,Meter Operations,1.) Device,Service Provider (Device),JoinTree_1.D1_DVC,D1_SPR_CD,,
Device___Domain,Meter Operations,1.) Device,Device Type (Device),JoinTree_1.D1_DVC,DEVICE_TYPE_CD,,
Device___Domain,Meter Operations,1.) Device,Head-End Registration Status,JoinTree_1.D1_DVC,HEAD_END_REGISTR_STATUS_FLG,,
Device___Domain,Meter Operations,1.) Device,Incoming Data Shift,JoinTree_1.D1_DVC,IN_DATA_SHIFT_FLG,,
Device___Domain,Meter Operations,1.) Device,Manufacturer (Device),JoinTree_1.D1_DVC,MANUFACTURER_CD,,
Device___Domain,Meter Operations,1.) Device,Status Date/Time (Device),JoinTree_1.D1_DVC,STATUS_UPD_DTTM,,
Device___Domain,Meter Operations,1.) Device Details,Asset ID,JoinTree_1.CMS_D1_DVC_IDENTIFIER_VW,ASSET_ID,,
Device___Domain,Meter Operations,1.) Device Details,Badge Number,JoinTree_1.CMS_D1_DVC_IDENTIFIER_VW,BADGE_NUMBER,,
Device___Domain,Meter Operations,1.) Device Details,Configuration,JoinTree_1.CMS_D1_DVC_IDENTIFIER_VW,CONFIGURATION,,
Device___Domain,Meter Operations,1.) Device Details,External ID,JoinTree_1.CMS_D1_DVC_IDENTIFIER_VW,EXTERNAL_ID,,
Device___Domain,Meter Operations,1.) Device Details,Internal Meter Number,JoinTree_1.CMS_D1_DVC_IDENTIFIER_VW,INTERNAL_METER_NUMBER,,
Device___Domain,Meter Operations,1.) Device Details,Latest Device Status,JoinTree_1.CMS_D1_DVC_BODA_VW,STATUS,,
Device___Domain,Meter Operations,1.) Device Details,MDM External ID,JoinTree_1.CMS_D1_DVC_IDENTIFIER_VW,MDM_EXTERNAL_ID,,
Device___Domain,Meter Operations,1.) Device Details,Name (Device),JoinTree_1.CMS_D1_DVC_IDENTIFIER_VW,NAME,,
Device___Domain,Meter Operations,1.) Device Details,Neuron ID,JoinTree_1.CMS_D1_DVC_IDENTIFIER_VW,NEURON_ID,,
Device___Domain,Meter Operations,1.) Device Details,NIC ID,JoinTree_1.CMS_D1_DVC_IDENTIFIER_VW,NIC_ID,,
Device___Domain,Meter Operations,1.) Device Details,NIC Serial Number,JoinTree_1.CMS_D1_DVC_IDENTIFIER_VW,NIC_SERIAL_NUMBER,,
Device___Domain,Meter Operations,1.) Device Details,Pallet Number,JoinTree_1.CMS_D1_DVC_IDENTIFIER_VW,PALLET_NUMBER,,
Device___Domain,Meter Operations,1.) Device Details,Retirement Date/Time,JoinTree_1.CMS_D1_DVC_BODA_VW,RETIREMENT_DTTM,,
Device___Domain,Meter Operations,1.) Device Details,Serial Number,JoinTree_1.CMS_D1_DVC_IDENTIFIER_VW,SERIAL_NUMBER,,
Device___Domain,Meter Operations,1.) Device Details,Specification,JoinTree_1.CMS_D1_DVC_IDENTIFIER_VW,SPECIFICATION,,
Device___Domain,Meter Operations,1.) Device Details,Utility Device ID,JoinTree_1.CMS_D1_DVC_IDENTIFIER_VW,UTILITY_DEVICE_ID,,
Device___Domain,Meter Operations,1.) Device Details,MXU Type,JoinTree_1.CMS_D1_DVC_CHAR_VW,MXU_TYPE,,
Device___Domain,Meter Operations,1.) Device Configuration,Status (Device Config),JoinTree_1.D1_DVC_CFG,BO_STATUS_CD,,
Device___Domain,Meter Operations,1.) Device Configuration,Status Reason (Device Config),JoinTree_1.D1_DVC_CFG,BO_STATUS_REASON_CD,,
Device___Domain,Meter Operations,1.) Device Configuration,Business Object (Device Config),JoinTree_1.D1_DVC_CFG,BUS_OBJ_CD,,
Device___Domain,Meter Operations,1.) Device Configuration,Create Date/Time (Device Config),JoinTree_1.D1_DVC_CFG,CRE_DTTM,,
Device___Domain,Meter Operations,1.) Device Configuration,Device ID (Device Config),JoinTree_1.D1_DVC_CFG,D1_DEVICE_ID,,
Device___Domain,Meter Operations,1.) Device Configuration,Device Configuration,JoinTree_1.D1_DVC_CFG,DEVICE_CONFIG_ID,,
Device___Domain,Meter Operations,1.) Device Configuration,Device Configuration Type,JoinTree_1.D1_DVC_CFG,DEVICE_CONFIG_TYPE_CD,,
Device___Domain,Meter Operations,1.) Device Configuration,Effective Date/Time,JoinTree_1.D1_DVC_CFG,EFF_DTTM,,
Device___Domain,Meter Operations,1.) Device Configuration,Status Date/Time (Device Config),JoinTree_1.D1_DVC_CFG,STATUS_UPD_DTTM,,
Device___Domain,Meter Operations,1.) Device Configuration,Time Zone (Device Config),JoinTree_1.D1_DVC_CFG,TIME_ZONE_CD,,
Device___Domain,Meter Operations,1.) Install Event,Arming Status,JoinTree_1.D1_INSTALL_EVT,ARM_STAT_FLG,,
Device___Domain,Meter Operations,1.) Install Event,Status (Install Event),JoinTree_1.D1_INSTALL_EVT,BO_STATUS_CD,,
Device___Domain,Meter Operations,1.) Install Event,Status Reason (Install Event),JoinTree_1.D1_INSTALL_EVT,BO_STATUS_REASON_CD,,
Device___Domain,Meter Operations,1.) Install Event,Business Object (Install Event),JoinTree_1.D1_INSTALL_EVT,BUS_OBJ_CD,,
Device___Domain,Meter Operations,1.) Install Event,Create Date/Time (Install Event),JoinTree_1.D1_INSTALL_EVT,CRE_DTTM,,
Device___Domain,Meter Operations,1.) Install Event,Installation Date/Time (Install Event),JoinTree_1.D1_INSTALL_EVT,D1_INSTALL_DTTM,,
Device___Domain,Meter Operations,1.) Install Event,Removal Date/Time (Install Event),JoinTree_1.D1_INSTALL_EVT,D1_REMOVAL_DTTM,,
Device___Domain,Meter Operations,1.) Install Event,Service Point ID (Install Event),JoinTree_1.D1_INSTALL_EVT,D1_SP_ID,,
Device___Domain,Meter Operations,1.) Install Event,Device Configuration (Install Event),JoinTree_1.D1_INSTALL_EVT,DEVICE_CONFIG_ID,,
Device___Domain,Meter Operations,1.) Install Event,Install Event ID,JoinTree_1.D1_INSTALL_EVT,INSTALL_EVT_ID,,
Device___Domain,Meter Operations,1.) Install Event,Installation Constant (Install Event),JoinTree_1.D1_INSTALL_EVT,INSTALLATION_CONST,,
Device___Domain,Meter Operations,1.) Install Event,Status Date/Time (Install Event),JoinTree_1.D1_INSTALL_EVT,STATUS_UPD_DTTM,,
Device___Domain,Meter Operations,1.) Service Point Equipment,Comments,JoinTree_1.D1_SP_EQPMNT,COMMENTS,,
Device___Domain,Meter Operations,1.) Service Point Equipment,Device ID,JoinTree_1.D1_SP_EQPMNT,D1_DEVICE_ID,,
Device___Domain,Meter Operations,1.) Service Point Equipment,Installation Date/Time (SP Equipment),JoinTree_1.D1_SP_EQPMNT,D1_INSTALL_DTTM,,
Device___Domain,Meter Operations,1.) Service Point Equipment,Removal Date/Time (SP Equipment),JoinTree_1.D1_SP_EQPMNT,D1_REMOVAL_DTTM,,
Device___Domain,Meter Operations,1.) Service Point Equipment,Service Point ID (SP Equipment),JoinTree_1.D1_SP_EQPMNT,D1_SP_ID,,
Device___Domain,Meter Operations,1.) Service Point Equipment,Equipment Count (SP Equipment),JoinTree_1.D1_SP_EQPMNT,EQPMNT_CNT,,
Device___Domain,Meter Operations,1.) Equipment,Status (Equipment),JoinTree_1.D1_DVC_2,BO_STATUS_CD,,
Device___Domain,Meter Operations,1.) Equipment,Business Object (Equipment),JoinTree_1.D1_DVC_2,BUS_OBJ_CD,,
Device___Domain,Meter Operations,1.) Equipment,Create Date/Time (Equipment),JoinTree_1.D1_DVC_2,CRE_DTTM,,
Device___Domain,Meter Operations,1.) Equipment,Device ID (Equipment),JoinTree_1.D1_DVC_2,D1_DEVICE_ID,,
Device___Domain,Meter Operations,1.) Equipment,Model (Equipment),JoinTree_1.D1_DVC_2,D1_MODEL_CD,,
Device___Domain,Meter Operations,1.) Equipment,Device Type (Equipment),JoinTree_1.D1_DVC_2,DEVICE_TYPE_CD,,
Device___Domain,Meter Operations,1.) Equipment,Manufacturer (Equpiment),JoinTree_1.D1_DVC_2,MANUFACTURER_CD,,
Device___Domain,Meter Operations,1.) Equipment,Status Date/Time (Equipment),JoinTree_1.D1_DVC_2,STATUS_UPD_DTTM,,
Device___Domain,Meter Operations,1.) Premise,Address,JoinTree_1.CI_PREM,ADDRESS1,,
Device___Domain,Meter Operations,1.) Premise,Address Uppercase,JoinTree_1.CI_PREM,ADDRESS1_UPR,,
Device___Domain,Meter Operations,1.) Premise,Address 2,JoinTree_1.CI_PREM,ADDRESS2,,
Device___Domain,Meter Operations,1.) Premise,Address 3,JoinTree_1.CI_PREM,ADDRESS3,,
Device___Domain,Meter Operations,1.) Premise,Address 4,JoinTree_1.CI_PREM,ADDRESS4,,
Device___Domain,Meter Operations,1.) Premise,CIS Division,JoinTree_1.CI_PREM,CIS_DIVISION,,
Device___Domain,Meter Operations,1.) Premise,City,JoinTree_1.CI_PREM,CITY,,
Device___Domain,Meter Operations,1.) Premise,City Uppercase,JoinTree_1.CI_PREM,CITY_UPR,,
Device___Domain,Meter Operations,1.) Premise,Country,JoinTree_1.CI_PREM,COUNTRY,,
Device___Domain,Meter Operations,1.) Premise,County,JoinTree_1.CI_PREM,COUNTY,,
Device___Domain,Meter Operations,1.) Premise,Geographical Code,JoinTree_1.CI_PREM,GEO_CODE,,
Device___Domain,Meter Operations,1.) Premise,House Type,JoinTree_1.CI_PREM,HOUSE_TYPE,,
Device___Domain,Meter Operations,1.) Premise,In City Limit,JoinTree_1.CI_PREM,IN_CITY_LIMIT,,
Device___Domain,Meter Operations,1.) Premise,Key ID,JoinTree_1.CI_PREM,KEY_ID,,
Device___Domain,Meter Operations,1.) Premise,Key,JoinTree_1.CI_PREM,KEY_SW,,
Device___Domain,Meter Operations,1.) Premise,Landlord Agreement ID,JoinTree_1.CI_PREM,LL_ID,,
Device___Domain,Meter Operations,1.) Premise,Life Support / Sensitive Load Details,JoinTree_1.CI_PREM,LS_SL_DESCR,,
Device___Domain,Meter Operations,1.) Premise,Life Support / Sensitive Load,JoinTree_1.CI_PREM,LS_SL_FLG,,
Device___Domain,Meter Operations,1.) Premise,Mailing Address,JoinTree_1.CI_PREM,MAIL_ADDR_SW,,
Device___Domain,Meter Operations,1.) Premise,Meter Read Instruction,JoinTree_1.CI_PREM,MR_INSTR_CD,,
Device___Domain,Meter Operations,1.) Premise,Instruction Details,JoinTree_1.CI_PREM,MR_INSTR_DETAILS,,
Device___Domain,Meter Operations,1.) Premise,Meter Read Warning,JoinTree_1.CI_PREM,MR_WARN_CD,,
Device___Domain,Meter Operations,1.) Premise,Number 1,JoinTree_1.CI_PREM,NUM1,,
Device___Domain,Meter Operations,1.) Premise,Number 2,JoinTree_1.CI_PREM,NUM2,,
Device___Domain,Meter Operations,1.) Premise,OK to Enter,JoinTree_1.CI_PREM,OK_TO_ENTER_SW,,
Device___Domain,Meter Operations,1.) Premise,Postal,JoinTree_1.CI_PREM,POSTAL,,
Device___Domain,Meter Operations,1.) Premise,Premise ID,JoinTree_1.CI_PREM,PREM_ID,,
Device___Domain,Meter Operations,1.) Premise,Premise Type,JoinTree_1.CI_PREM,PREM_TYPE_CD,,
Device___Domain,Meter Operations,1.) Premise,Parent Premise ID,JoinTree_1.CI_PREM,PRNT_PREM_ID,,
Device___Domain,Meter Operations,1.) Premise,State,JoinTree_1.CI_PREM,STATE,,
Device___Domain,Meter Operations,1.) Premise,Time Zone (Premise),JoinTree_1.CI_PREM,TIME_ZONE_CD,,
Device___Domain,Meter Operations,1.) Premise,Trend Area,JoinTree_1.CI_PREM,TREND_AREA_CD,,
Device___Domain,Meter Operations,1.) Descriptions,Access Group Description,JoinTree_1.CI_ACC_GRP_L,DESCR,,
Device___Domain,Meter Operations,1.) Descriptions,Arming Required Description,JoinTree_1.CI_LOOKUP_VAL_L_1,DESCR,,
Device___Domain,Meter Operations,1.) Descriptions,Arming Status Description,JoinTree_1.CI_LOOKUP_VAL_L_3,DESCR,,
Device___Domain,Meter Operations,1.) Descriptions,Business Object Description (Device),JoinTree_1.F1_BUS_OBJ_L,DESCR,,
Device___Domain,Meter Operations,1.) Descriptions,Business Object Description (Device Config),JoinTree_1.F1_BUS_OBJ_L_1,DESCR,,
Device___Domain,Meter Operations,1.) Descriptions,Business Object Description (Equipment),JoinTree_1.F1_BUS_OBJ_L_5,DESCR,,
Device___Domain,Meter Operations,1.) Descriptions,Business Object Description  (Install Event),JoinTree_1.F1_BUS_OBJ_L_2,DESCR,,
Device___Domain,Meter Operations,1.) Descriptions,Command Set Description,JoinTree_1.D1_COMMAND_SET_L,DESCR100,,
Device___Domain,Meter Operations,1.) Descriptions,Device Configuration Type Description,JoinTree_1.D1_DVC_CFG_TYPE_L,DESCR100,,
Device___Domain,Meter Operations,1.) Descriptions,Device Type Description (Device),JoinTree_1.D1_DVC_TYPE_L,DESCR100,,
Device___Domain,Meter Operations,1.) Descriptions,Device Type Description (Equipment),JoinTree_1.D1_DVC_TYPE_L_2,DESCR100,,
Device___Domain,Meter Operations,1.) Descriptions,Head-End Registration Status Description,JoinTree_1.CI_LOOKUP_VAL_L_2,DESCR,,
Device___Domain,Meter Operations,1.) Descriptions,Incoming Data Shift Description,JoinTree_1.CI_LOOKUP_VAL_L,DESCR,,
Device___Domain,Meter Operations,1.) Descriptions,Manufacturer Description (Device),JoinTree_1.D1_MANUFACTURER_L,DESCR100,,
Device___Domain,Meter Operations,1.) Descriptions,Manufacturer Description (Equipment),JoinTree_1.D1_MANUFACTURER_L_2,DESCR100,,
Device___Domain,Meter Operations,1.) Descriptions,Meter Read Instruction Description,JoinTree_1.CI_MR_INSTR_L,DESCR,,
Device___Domain,Meter Operations,1.) Descriptions,Meter Read Warning,JoinTree_1.CI_MR_WARN_L,DESCR,,
Device___Domain,Meter Operations,1.) Descriptions,Model Description (Device),JoinTree_1.D1_MODEL_L,DESCR100,,
Device___Domain,Meter Operations,1.) Descriptions,Model Description (Equipment),JoinTree_1.D1_MODEL_L_3,DESCR100,,
Device___Domain,Meter Operations,1.) Descriptions,MXU Type Description,JoinTree_1.CI_CHAR_VAL_L,DESCR,,
Device___Domain,Meter Operations,1.) Descriptions,Premise Type Description,JoinTree_1.CI_PREM_TYPE_L,DESCR,,
Device___Domain,Meter Operations,1.) Descriptions,SA Status Description,JoinTree_1.CI_LOOKUP_VAL_L_8,DESCR,,
Device___Domain,Meter Operations,1.) Descriptions,Service Provider Description,JoinTree_1.D1_SPR_L,DESCR100,,
Device___Domain,Meter Operations,1.) Descriptions,State Description,JoinTree_1.CI_STATE_L,DESCR,,
Device___Domain,Meter Operations,1.) Descriptions,Status Description (Device),JoinTree_1.F1_BUS_OBJ_STATUS_L,DESCR,,
Device___Domain,Meter Operations,1.) Descriptions,Status Description (Device Config),JoinTree_1.F1_BUS_OBJ_STATUS_L_1,DESCR,,
Device___Domain,Meter Operations,1.) Descriptions,Status Description (Equipment),JoinTree_1.F1_BUS_OBJ_STATUS_L_6,DESCR,,
Device___Domain,Meter Operations,1.) Descriptions,Status Description (Install Event),JoinTree_1.F1_BUS_OBJ_STATUS_L_2,DESCR,,
Device___Domain,Meter Operations,1.) Descriptions,Status Reason Description (Device),JoinTree_1.F1_BUS_OBJ_STATUS_RSN_L,DESCR,,
Device___Domain,Meter Operations,1.) Descriptions,Status Reason Description (Device Config),JoinTree_1.F1_BUS_OBJ_STATUS_RSN_L_1,DESCR,,
Device___Domain,Meter Operations,1.) Descriptions,Status Reason Description (Install Event),JoinTree_1.F1_BUS_OBJ_STATUS_RSN_L_2,DESCR,,
Device___Domain,Meter Operations,1.) Descriptions,Time Zone Description (Device Config),JoinTree_1.CI_TIME_ZONE_L,DESCR,,
Device___Domain,Meter Operations,1.) Descriptions,Time Zone Description (Premise),JoinTree_1.CI_TIME_ZONE_L_1,DESCR,,
Device___Domain,Meter Operations,1.) Descriptions,Trend Area Description,JoinTree_1.CI_TREND_AREA_L,DESCR,,
Device___Domain,Meter Operations,1.) Formulas,Account ID,JoinTree_1.CMS_DVC_ACCT,ACCT_ID,,
Device___Domain,Meter Operations,1.) Formulas,Distinct Device Configuration,JoinTree_1,DEVICE_CONFIG_ID_DISTINCT,,
Device___Domain,Meter Operations,1.) Formulas,Distinct Device ID,JoinTree_1,DEVICE_ID_DISTINCT,,
Device___Domain,Meter Operations,1.) Formulas,Distinct Install Event ID,JoinTree_1,INSTALL_EVT_ID_DISTINCT,,
Device___Domain,Meter Operations,1.) Formulas,Is Effective (Device Config),JoinTree_1,DVC_CFG_EFFECTIVE,,
Device___Domain,Meter Operations,1.) Formulas,Is Latest (Install Event),JoinTree_1,IEVT_LATEST,,
Device___Domain,Meter Operations,1.) Formulas,Name,JoinTree_1.CI_PER_NAME,ENTITY_NAME_UPR,,
Device___Domain,Meter Operations,2.) Device,Access Group,JoinTree_2.D1_DVC_1,ACCESS_GRP_CD,,
Device___Domain,Meter Operations,2.) Device,Arming Required,JoinTree_2.D1_DVC_1,ARMING_REQ_FLG,,
Device___Domain,Meter Operations,2.) Device,Status (Device),JoinTree_2.D1_DVC_1,BO_STATUS_CD,,
Device___Domain,Meter Operations,2.) Device,Status Reason (Device),JoinTree_2.D1_DVC_1,BO_STATUS_REASON_CD,,
Device___Domain,Meter Operations,2.) Device,Business Object (Device),JoinTree_2.D1_DVC_1,BUS_OBJ_CD,,
Device___Domain,Meter Operations,2.) Device,Create Date/Time (Device),JoinTree_2.D1_DVC_1,CRE_DTTM,,
Device___Domain,Meter Operations,2.) Device,Command Set,JoinTree_2.D1_DVC_1,D1_CMD_SET_CD,,
Device___Domain,Meter Operations,2.) Device,Device ID,JoinTree_2.D1_DVC_1,D1_DEVICE_ID,,
Device___Domain,Meter Operations,2.) Device,Device Type,JoinTree_2.D1_DVC_1,DEVICE_TYPE_CD,,
Device___Domain,Meter Operations,2.) Device,Manufacturer,JoinTree_2.D1_DVC_1,MANUFACTURER_CD,,
Device___Domain,Meter Operations,2.) Device,Model,JoinTree_2.D1_DVC_1,D1_MODEL_CD,,
Device___Domain,Meter Operations,2.) Device,Head-End Registration Status,JoinTree_2.D1_DVC_1,HEAD_END_REGISTR_STATUS_FLG,,
Device___Domain,Meter Operations,2.) Device,Incoming Data Shift,JoinTree_2.D1_DVC_1,IN_DATA_SHIFT_FLG,,
Device___Domain,Meter Operations,2.) Device,Service Provider (Device),JoinTree_2.D1_DVC_1,D1_SPR_CD,,
Device___Domain,Meter Operations,2.) Device,Status Date/Time,JoinTree_2.D1_DVC_1,STATUS_UPD_DTTM,,
Device___Domain,Meter Operations,2.) Device Details,Asset ID,JoinTree_2.CMS_D1_DVC_IDENTIFIER_VW_1,ASSET_ID,,
Device___Domain,Meter Operations,2.) Device Details,Badge Number,JoinTree_2.CMS_D1_DVC_IDENTIFIER_VW_1,BADGE_NUMBER,,
Device___Domain,Meter Operations,2.) Device Details,Configuration,JoinTree_2.CMS_D1_DVC_IDENTIFIER_VW_1,CONFIGURATION,,
Device___Domain,Meter Operations,2.) Device Details,External ID,JoinTree_2.CMS_D1_DVC_IDENTIFIER_VW_1,EXTERNAL_ID,,
Device___Domain,Meter Operations,2.) Device Details,Internal Meter Number,JoinTree_2.CMS_D1_DVC_IDENTIFIER_VW_1,INTERNAL_METER_NUMBER,,
Device___Domain,Meter Operations,2.) Device Details,Latest Status,JoinTree_2.CMS_D1_DVC_BODA_VW_1,STATUS,,
Device___Domain,Meter Operations,2.) Device Details,MDM External ID,JoinTree_2.CMS_D1_DVC_IDENTIFIER_VW_1,MDM_EXTERNAL_ID,,
Device___Domain,Meter Operations,2.) Device Details,Name (Device),JoinTree_2.CMS_D1_DVC_IDENTIFIER_VW_1,NAME,,
Device___Domain,Meter Operations,2.) Device Details,Neuron ID,JoinTree_2.CMS_D1_DVC_IDENTIFIER_VW_1,NEURON_ID,,
Device___Domain,Meter Operations,2.) Device Details,NIC ID,JoinTree_2.CMS_D1_DVC_IDENTIFIER_VW_1,NIC_ID,,
Device___Domain,Meter Operations,2.) Device Details,NIC Serial Number,JoinTree_2.CMS_D1_DVC_IDENTIFIER_VW_1,NIC_SERIAL_NUMBER,,
Device___Domain,Meter Operations,2.) Device Details,Pallet Number,JoinTree_2.CMS_D1_DVC_IDENTIFIER_VW_1,PALLET_NUMBER,,
Device___Domain,Meter Operations,2.) Device Details,Retirement Date/Time,JoinTree_2.CMS_D1_DVC_BODA_VW_1,RETIREMENT_DTTM,,
Device___Domain,Meter Operations,2.) Device Details,Serial Number,JoinTree_2.CMS_D1_DVC_IDENTIFIER_VW_1,SERIAL_NUMBER,,
Device___Domain,Meter Operations,2.) Device Details,Specification,JoinTree_2.CMS_D1_DVC_IDENTIFIER_VW_1,SPECIFICATION,,
Device___Domain,Meter Operations,2.) Device Details,Utility Device ID,JoinTree_2.CMS_D1_DVC_IDENTIFIER_VW_1,UTILITY_DEVICE_ID,,
Device___Domain,Meter Operations,2.) Device Event,Status (Device Event),JoinTree_2.D1_DVC_EVT,BO_STATUS_CD,,
Device___Domain,Meter Operations,2.) Device Event,Status Reason (Device Event),JoinTree_2.D1_DVC_EVT,BO_STATUS_REASON_CD,,
Device___Domain,Meter Operations,2.) Device Event,Business Object (Device Event),JoinTree_2.D1_DVC_EVT,BUS_OBJ_CD,,
Device___Domain,Meter Operations,2.) Device Event,Create Date/Time (Device Event),JoinTree_2.D1_DVC_EVT,CRE_DTTM,,
Device___Domain,Meter Operations,2.) Device Event,Device ID,JoinTree_2.D1_DVC_EVT,D1_DEVICE_ID,,
Device___Domain,Meter Operations,2.) Device Event,Service Provider (Device Event),JoinTree_2.D1_DVC_EVT,D1_SPR_CD,,
Device___Domain,Meter Operations,2.) Device Event,Device Event Date/Time,JoinTree_2.D1_DVC_EVT,DVC_EVT_DTTM,,
Device___Domain,Meter Operations,2.) Device Event,Device Event End Date/Time,JoinTree_2.D1_DVC_EVT,DVC_EVT_END_DTTM,,
Device___Domain,Meter Operations,2.) Device Event,Device Event ID,JoinTree_2.D1_DVC_EVT,DVC_EVT_ID,,
Device___Domain,Meter Operations,2.) Device Event,Device Event Type,JoinTree_2.D1_DVC_EVT,DVC_EVT_TYPE_CD,,
Device___Domain,Meter Operations,2.) Device Event,External Event Name,JoinTree_2.D1_DVC_EVT,EXT_EVT_NAME_FLG,,
Device___Domain,Meter Operations,2.) Device Event,Retention Period,JoinTree_2.D1_DVC_EVT,RETENTION_PERIOD,,
Device___Domain,Meter Operations,2.) Device Event,Status Date/Time,JoinTree_2.D1_DVC_EVT,STATUS_UPD_DTTM,,
Device___Domain,Meter Operations,2.) Descriptions,Access Group Description,JoinTree_2.CI_ACC_GRP_L_1,DESCR,,
Device___Domain,Meter Operations,2.) Descriptions,Arming Required Description,JoinTree_2.CI_LOOKUP_VAL_L_5,DESCR,,
Device___Domain,Meter Operations,2.) Descriptions,Business Object Description (Device),JoinTree_2.F1_BUS_OBJ_L_3,DESCR,,
Device___Domain,Meter Operations,2.) Descriptions,Business Object Description (Device Event),JoinTree_2.F1_BUS_OBJ_L_4,DESCR,,
Device___Domain,Meter Operations,2.) Descriptions,Command Set Description,JoinTree_2.D1_COMMAND_SET_L_1,DESCR100,,
Device___Domain,Meter Operations,2.) Descriptions,Device Event Type Description,JoinTree_2.D1_DVC_EVT_TYPE_L,DESCR100,,
Device___Domain,Meter Operations,2.) Descriptions,Device Type Description,JoinTree_2.D1_DVC_TYPE_L_1,DESCR100,,
Device___Domain,Meter Operations,2.) Descriptions,External Event Name Description,JoinTree_2.CI_LOOKUP_VAL_L_7,DESCR,,
Device___Domain,Meter Operations,2.) Descriptions,Head-End Registration Status Description,JoinTree_2.CI_LOOKUP_VAL_L_6,DESCR,,
Device___Domain,Meter Operations,2.) Descriptions,Incoming Data Shift Description,JoinTree_2.CI_LOOKUP_VAL_L_4,DESCR,,
Device___Domain,Meter Operations,2.) Descriptions,Manufacturer Description,JoinTree_2.D1_MANUFACTURER_L_1,DESCR100,,
Device___Domain,Meter Operations,2.) Descriptions,Model Description,JoinTree_2.D1_MODEL_L_1,DESCR100,,
Device___Domain,Meter Operations,2.) Descriptions,Service Provider Description (Device),JoinTree_2.D1_SPR_L_1,DESCR100,,
Device___Domain,Meter Operations,2.) Descriptions,Service Provider Description (Device Event),JoinTree_2.D1_SPR_L_2,DESCR100,,
Device___Domain,Meter Operations,2.) Descriptions,Status Description (Device),JoinTree_2.F1_BUS_OBJ_STATUS_L_4,DESCR,,
Device___Domain,Meter Operations,2.) Descriptions,Status Description (Device Event),JoinTree_2.F1_BUS_OBJ_STATUS_L_5,DESCR,,
Device___Domain,Meter Operations,2.) Descriptions,Status Reason Description (Device),JoinTree_2.F1_BUS_OBJ_STATUS_RSN_L_3,DESCR,,
Device___Domain,Meter Operations,2.) Descriptions,Status Reason Description (Device Event),JoinTree_2.F1_BUS_OBJ_STATUS_RSN_L_4,DESCR,,
Device___Domain,Meter Operations,2.) Formulas,Distinct Device ID,JoinTree_2,D1_DEVICE_ID_DISTINCT,,
Device___Domain,Meter Operations,2.) Formulas,Distinct Device Event ID,JoinTree_2,DVC_EVT_ID_DISTINCT,,
Device___Domain,Meter Operations,2.) Formulas,Latest Device Event Date/Time,JoinTree_2.CMS_DVC_EVT_LATEST,LATEST_DEVT_DTTM,,
Device___Domain,Meter Operations,2.) Formulas,Is Latest (Device Event),JoinTree_2,DVC_EVT_LATEST,,
Measurement_Snapshot___Domain,Meter Operations,Snapshot Audit,Measuring Component ID,D1_MSRMT_RPT_CURR,MEASR_COMP_ID,,
Measurement_Snapshot___Domain,Meter Operations,Snapshot Audit,Measurement Date Time,D1_MSRMT_RPT_CURR,MSRMT_DTTM,,
Measurement_Snapshot___Domain,Meter Operations,Snapshot Audit,Measurement Local Date Time,D1_MSRMT_RPT_CURR,MSRMT_LOCAL_DTTM,,
Measurement_Snapshot___Domain,Meter Operations,Snapshot Audit,Snapshot Load Date Time,D1_MSRMT_RPT_CURR,LOAD_DTTM,,
Measurement_Snapshot___Domain,Meter Operations,Measurement Core,Measurement Business Object Code,D1_MSRMT_RPT_CURR,MSRMT_BUS_OBJ_CD,,
Measurement_Snapshot___Domain,Meter Operations,Measurement Core,Measurement Business Object,D1_MSRMT_RPT_CURR,MSRMT_BUS_OBJ_DESC,,
Measurement_Snapshot___Domain,Meter Operations,Measurement Core,Measurement Status Code,D1_MSRMT_RPT_CURR,MSRMT_BO_STATUS_CD,,
Measurement_Snapshot___Domain,Meter Operations,Measurement Core,Measurement Status,D1_MSRMT_RPT_CURR,MSRMT_BO_STATUS_DESC,,
Measurement_Snapshot___Domain,Meter Operations,Measurement Core,Measurement Condition Code,D1_MSRMT_RPT_CURR,MSRMT_COND_FLG,,
Measurement_Snapshot___Domain,Meter Operations,Measurement Core,Measurement Condition,D1_MSRMT_RPT_CURR,MSRMT_COND_DESC,,
Measurement_Snapshot___Domain,Meter Operations,Measurement Core,Measurement Use Code,D1_MSRMT_RPT_CURR,MSRMT_USE_FLG,,
Measurement_Snapshot___Domain,Meter Operations,Measurement Core,Measurement Use,D1_MSRMT_RPT_CURR,MSRMT_USE_DESC,,
Measurement_Snapshot___Domain,Meter Operations,Measurement Core,User Edited Code,D1_MSRMT_RPT_CURR,USER_EDITED_FLG,,
Measurement_Snapshot___Domain,Meter Operations,Measurement Core,User Edited,D1_MSRMT_RPT_CURR,USER_EDITED_DESC,,
Measurement_Snapshot___Domain,Meter Operations,Measurement Core,Original Initial Measurement Data ID,D1_MSRMT_RPT_CURR,ORIG_INIT_MSRMT_ID,,
Measurement_Snapshot___Domain,Meter Operations,Measurement Core,Previous Measurement Date Time,D1_MSRMT_RPT_CURR,PREV_MSRMT_DTTM,,
Measurement_Snapshot___Domain,Meter Operations,Measurement Core,Measurement Created Date Time,D1_MSRMT_RPT_CURR,MSRMT_CRE_DTTM,,
Measurement_Snapshot___Domain,Meter Operations,Measurement Core,Measurement Status Updated Date Time,D1_MSRMT_RPT_CURR,MSRMT_STATUS_UPD_DTTM,,
Measurement_Snapshot___Domain,Meter Operations,Measurement Core,Measurement Last Updated Date Time,D1_MSRMT_RPT_CURR,MSRMT_LAST_UPDATE_DTTM,,
Measurement_Snapshot___Domain,Meter Operations,Measurement Values,Reading Condition Code,D1_MSRMT_RPT_CURR,READING_COND_FLG,,
Measurement_Snapshot___Domain,Meter Operations,Measurement Values,Reading Condition,D1_MSRMT_RPT_CURR,READING_COND_DESC,,
Measurement_Snapshot___Domain,Meter Operations,Measurement Values,Reading Value,D1_MSRMT_RPT_CURR,READING_VAL,,
Measurement_Snapshot___Domain,Meter Operations,Measurement Values,Combined Multiplier,D1_MSRMT_RPT_CURR,COMBINED_MULTIPLIER,,
Measurement_Snapshot___Domain,Meter Operations,Measurement Values,Measurement Value,D1_MSRMT_RPT_CURR,MSRMT_VAL,,
Measurement_Snapshot___Domain,Meter Operations,Measurement Values,Measurement Value 1,D1_MSRMT_RPT_CURR,MSRMT_VAL1,,
Measurement_Snapshot___Domain,Meter Operations,Measurement Values,Measurement Value 2,D1_MSRMT_RPT_CURR,MSRMT_VAL2,,
Measurement_Snapshot___Domain,Meter Operations,Measurement Values,Measurement Value 3,D1_MSRMT_RPT_CURR,MSRMT_VAL3,,
Measurement_Snapshot___Domain,Meter Operations,Measurement Values,Measurement Value 4,D1_MSRMT_RPT_CURR,MSRMT_VAL4,,
Measurement_Snapshot___Domain,Meter Operations,Measurement Values,Measurement Value 5,D1_MSRMT_RPT_CURR,MSRMT_VAL5,,
Measurement_Snapshot___Domain,Meter Operations,Measurement Values,Measurement Value 6,D1_MSRMT_RPT_CURR,MSRMT_VAL6,,
Measurement_Snapshot___Domain,Meter Operations,Measurement Values,Measurement Value 7,D1_MSRMT_RPT_CURR,MSRMT_VAL7,,
Measurement_Snapshot___Domain,Meter Operations,Measurement Values,Measurement Value 8,D1_MSRMT_RPT_CURR,MSRMT_VAL8,,
Measurement_Snapshot___Domain,Meter Operations,Measurement Values,Measurement Value 9,D1_MSRMT_RPT_CURR,MSRMT_VAL9,,
Measurement_Snapshot___Domain,Meter Operations,Measurement Values,Measurement Value 10,D1_MSRMT_RPT_CURR,MSRMT_VAL10,,
Measurement_Snapshot___Domain,Meter Operations,Source IMD,Initial Measurement Data ID,D1_MSRMT_RPT_CURR,INIT_MSRMT_DATA_ID,,
Measurement_Snapshot___Domain,Meter Operations,Source IMD,IMD External ID,D1_MSRMT_RPT_CURR,IMD_EXT_ID,,
Measurement_Snapshot___Domain,Meter Operations,Source IMD,IMD From Date Time,D1_MSRMT_RPT_CURR,IMD_FROM_DTTM,,
Measurement_Snapshot___Domain,Meter Operations,Source IMD,IMD To Date Time,D1_MSRMT_RPT_CURR,IMD_TO_DTTM,,
Measurement_Snapshot___Domain,Meter Operations,Source IMD,Data Source Code,D1_MSRMT_RPT_CURR,DATA_SRC_FLG,,
Measurement_Snapshot___Domain,Meter Operations,Source IMD,Data Source,D1_MSRMT_RPT_CURR,DATA_SRC_DESC,,
Measurement_Snapshot___Domain,Meter Operations,Source IMD,IMD Time Zone Code,D1_MSRMT_RPT_CURR,IMD_TIME_ZONE_CD,,
Measurement_Snapshot___Domain,Meter Operations,Source IMD,IMD Time Zone,D1_MSRMT_RPT_CURR,IMD_TIME_ZONE_DESC,,
Measurement_Snapshot___Domain,Meter Operations,Source IMD,IMD Business Object Code,D1_MSRMT_RPT_CURR,IMD_BUS_OBJ_CD,,
Measurement_Snapshot___Domain,Meter Operations,Source IMD,IMD Business Object,D1_MSRMT_RPT_CURR,IMD_BUS_OBJ_DESC,,
Measurement_Snapshot___Domain,Meter Operations,Source IMD,IMD Status Code,D1_MSRMT_RPT_CURR,IMD_BO_STATUS_CD,,
Measurement_Snapshot___Domain,Meter Operations,Source IMD,IMD Status,D1_MSRMT_RPT_CURR,IMD_BO_STATUS_DESC,,
Measurement_Snapshot___Domain,Meter Operations,Source IMD,IMD Status Reason Code,D1_MSRMT_RPT_CURR,IMD_BO_STATUS_REASON_CD,,
Measurement_Snapshot___Domain,Meter Operations,Source IMD,IMD Created Date Time,D1_MSRMT_RPT_CURR,IMD_CRE_DTTM,,
Measurement_Snapshot___Domain,Meter Operations,Source IMD,IMD Status Updated Date Time,D1_MSRMT_RPT_CURR,IMD_STATUS_UPD_DTTM,,
Measurement_Snapshot___Domain,Meter Operations,Source IMD,IMD Last Updated Date Time,D1_MSRMT_RPT_CURR,IMD_LAST_UPDATE_DTTM,,
Measurement_Snapshot___Domain,Meter Operations,Source IMD,Retention Period,D1_MSRMT_RPT_CURR,RETENTION_PERIOD,,
Measurement_Snapshot___Domain,Meter Operations,Measuring Component,Device Configuration ID,D1_MSRMT_RPT_CURR,DEVICE_CONFIG_ID,,
Measurement_Snapshot___Domain,Meter Operations,Measuring Component,Measuring Component Type Code,D1_MSRMT_RPT_CURR,MEASR_COMP_TYPE_CD,,
Measurement_Snapshot___Domain,Meter Operations,Measuring Component,Measuring Component Type,D1_MSRMT_RPT_CURR,MEASR_COMP_TYPE_DESC,,
Measurement_Snapshot___Domain,Meter Operations,Measuring Component,Measuring Component Usage Code,D1_MSRMT_RPT_CURR,MEASR_COMP_USAGE_FLG,,
Measurement_Snapshot___Domain,Meter Operations,Measuring Component,Measuring Component Usage,D1_MSRMT_RPT_CURR,MEASR_COMP_USAGE_DESC,,
Measurement_Snapshot___Domain,Meter Operations,Measuring Component,Measuring Component Business Object Code,D1_MSRMT_RPT_CURR,MC_BUS_OBJ_CD,,
Measurement_Snapshot___Domain,Meter Operations,Measuring Component,Measuring Component Business Object,D1_MSRMT_RPT_CURR,MC_BUS_OBJ_DESC,,
Measurement_Snapshot___Domain,Meter Operations,Measuring Component,Measuring Component Status Code,D1_MSRMT_RPT_CURR,MC_BO_STATUS_CD,,
Measurement_Snapshot___Domain,Meter Operations,Measuring Component,Measuring Component Status,D1_MSRMT_RPT_CURR,MC_BO_STATUS_DESC,,
Measurement_Snapshot___Domain,Meter Operations,Measuring Component,Measuring Component Status Reason Code,D1_MSRMT_RPT_CURR,MC_BO_STATUS_REASON_CD,,
Measurement_Snapshot___Domain,Meter Operations,Measuring Component,Digits Left Of Decimal,D1_MSRMT_RPT_CURR,D1_NBR_OF_DGTS_LFT,,
Measurement_Snapshot___Domain,Meter Operations,Measuring Component,Digits Right Of Decimal,D1_MSRMT_RPT_CURR,D1_NBR_OF_DGTS_RGT,,
Measurement_Snapshot___Domain,Meter Operations,Measuring Component,Measuring Component Multiplier,D1_MSRMT_RPT_CURR,MEASR_COMP_MULTIPLIER,,
Measurement_Snapshot___Domain,Meter Operations,Measuring Component,Full Scale,D1_MSRMT_RPT_CURR,D1_FULL_SCALE,,
Measurement_Snapshot___Domain,Meter Operations,Measuring Component,Read Sequence,D1_MSRMT_RPT_CURR,D1_READ_SEQ,,
Measurement_Snapshot___Domain,Meter Operations,Measuring Component,Measuring Component Time Zone Code,D1_MSRMT_RPT_CURR,MC_TIME_ZONE_CD,,
Measurement_Snapshot___Domain,Meter Operations,Measuring Component,Measuring Component Time Zone,D1_MSRMT_RPT_CURR,MC_TIME_ZONE_DESC,,
Measurement_Snapshot___Domain,Meter Operations,Measuring Component,Latest Measurement Date Time,D1_MSRMT_RPT_CURR,LATEST_MSRMT_DTTM,,
Measurement_Snapshot___Domain,Meter Operations,Measuring Component,Most Recent Measurement Date Time,D1_MSRMT_RPT_CURR,MOST_RECENT_MSRMT_DTTM,,
Measurement_Snapshot___Domain,Meter Operations,Measuring Component,Most Recent Non Estimated Measurement Date Time,D1_MSRMT_RPT_CURR,MOST_RECENT_NON_EST_MSRMT_DTTM,,
Measurement_Snapshot___Domain,Meter Operations,Measuring Component,Adjusted Latest Measurement Date Time,D1_MSRMT_RPT_CURR,ADJ_LATEST_MSRMT_DTTM,,
Measurement_Snapshot___Domain,Meter Operations,Measuring Component,Most Recent Reading Value,D1_MSRMT_RPT_CURR,MOST_RECENT_MSRMT_READING_VAL,,
Measurement_Snapshot___Domain,Meter Operations,Measuring Component,Most Recent Reading Condition Code,D1_MSRMT_RPT_CURR,MOST_RECENT_MSRMT_READING_COND,,
Measurement_Snapshot___Domain,Meter Operations,Measuring Component,Most Recent Reading Condition,D1_MSRMT_RPT_CURR,MOST_RECENT_MSRMT_READING_COND_DESC,,
Measurement_Snapshot___Domain,Meter Operations,Measuring Component,Measuring Component User ID,D1_MSRMT_RPT_CURR,MC_USER_ID,,
Measurement_Snapshot___Domain,Meter Operations,Measuring Component,Measuring Component User Name,D1_MSRMT_RPT_CURR,MC_USER_NAME,,
Measurement_Snapshot___Domain,Meter Operations,Measuring Component,Measuring Component Access Group Code,D1_MSRMT_RPT_CURR,MC_ACCESS_GRP_CD,,
Measurement_Snapshot___Domain,Meter Operations,Measuring Component,Measuring Component Access Group,D1_MSRMT_RPT_CURR,MC_ACCESS_GRP_DESC,,
Measurement_Snapshot___Domain,Meter Operations,Measuring Component,Attribute Value ID,D1_MSRMT_RPT_CURR,ATTR_VAL_ID,,
Measurement_Snapshot___Domain,Meter Operations,Measuring Component,Measuring Component Created Date Time,D1_MSRMT_RPT_CURR,MC_CRE_DTTM,,
Measurement_Snapshot___Domain,Meter Operations,Measuring Component,Measuring Component Status Updated Date Time,D1_MSRMT_RPT_CURR,MC_STATUS_UPD_DTTM,,
Measurement_Snapshot___Domain,Meter Operations,Install Event,Install Event ID,D1_MSRMT_RPT_CURR,INSTALL_EVT_ID,,
Measurement_Snapshot___Domain,Meter Operations,Install Event,Install Event Status Code,D1_MSRMT_RPT_CURR,INSTALL_BO_STATUS_CD,,
Measurement_Snapshot___Domain,Meter Operations,Install Event,Install Event Status Reason Code,D1_MSRMT_RPT_CURR,INSTALL_BO_STATUS_REASON_CD,,
Measurement_Snapshot___Domain,Meter Operations,Install Event,Install Date Time,D1_MSRMT_RPT_CURR,INSTALL_DTTM,,
Measurement_Snapshot___Domain,Meter Operations,Install Event,Removal Date Time,D1_MSRMT_RPT_CURR,REMOVAL_DTTM,,
Measurement_Snapshot___Domain,Meter Operations,Install Event,Installation Constant,D1_MSRMT_RPT_CURR,INSTALLATION_CONST,,
Measurement_Snapshot___Domain,Meter Operations,Install Event,Arm Status Code,D1_MSRMT_RPT_CURR,ARM_STAT_FLG,,
Measurement_Snapshot___Domain,Meter Operations,Service Point,Service Point ID,D1_MSRMT_RPT_CURR,D1_SP_ID,,
Measurement_Snapshot___Domain,Meter Operations,Service Point,Service Point Type Code,D1_MSRMT_RPT_CURR,D1_SP_TYPE_CD,,
Measurement_Snapshot___Domain,Meter Operations,Service Point,Service Point Type,D1_MSRMT_RPT_CURR,D1_SP_TYPE_DESC,,
Measurement_Snapshot___Domain,Meter Operations,Service Point,Service Point Business Object Code,D1_MSRMT_RPT_CURR,SP_BUS_OBJ_CD,,
Measurement_Snapshot___Domain,Meter Operations,Service Point,Service Point Business Object,D1_MSRMT_RPT_CURR,SP_BUS_OBJ_DESC,,
Measurement_Snapshot___Domain,Meter Operations,Service Point,Service Point Status Code,D1_MSRMT_RPT_CURR,SP_BO_STATUS_CD,,
Measurement_Snapshot___Domain,Meter Operations,Service Point,Service Point Status,D1_MSRMT_RPT_CURR,SP_BO_STATUS_DESC,,
Measurement_Snapshot___Domain,Meter Operations,Service Point,Service Point Status Reason Code,D1_MSRMT_RPT_CURR,SP_BO_STATUS_REASON_CD,,
Measurement_Snapshot___Domain,Meter Operations,Service Point,Service Point Source Status Code,D1_MSRMT_RPT_CURR,SP_SRC_STAT_FLG,,
Measurement_Snapshot___Domain,Meter Operations,Service Point,Service Point Source Status,D1_MSRMT_RPT_CURR,SP_SRC_STAT_DESC,,
Measurement_Snapshot___Domain,Meter Operations,Service Point,Disconnect Location Code,D1_MSRMT_RPT_CURR,DISCONN_LOC_FLG,,
Measurement_Snapshot___Domain,Meter Operations,Service Point,Disconnect Location,D1_MSRMT_RPT_CURR,DISCONN_LOC_DESC,,
Measurement_Snapshot___Domain,Meter Operations,Service Point,Division Code,D1_MSRMT_RPT_CURR,DIVISION_CD,,
Measurement_Snapshot___Domain,Meter Operations,Service Point,Market Code,D1_MSRMT_RPT_CURR,MKT_CD,,
Measurement_Snapshot___Domain,Meter Operations,Service Point,Life Support Special Load Code,D1_MSRMT_RPT_CURR,D1_LS_SL_FLG,,
Measurement_Snapshot___Domain,Meter Operations,Service Point,Life Support Special Load,D1_MSRMT_RPT_CURR,D1_LS_SL_DESCR,,
Measurement_Snapshot___Domain,Meter Operations,Service Point,Measurement Cycle Code,D1_MSRMT_RPT_CURR,MSRMT_CYC_CD,,
Measurement_Snapshot___Domain,Meter Operations,Service Point,Measurement Cycle,D1_MSRMT_RPT_CURR,MSRMT_CYC_DESC,,
Measurement_Snapshot___Domain,Meter Operations,Service Point,Route Code,D1_MSRMT_RPT_CURR,MSRMT_CYC_RTE_CD,,
Measurement_Snapshot___Domain,Meter Operations,Service Point,Route,D1_MSRMT_RPT_CURR,MSRMT_CYC_RTE_DESC,,
Measurement_Snapshot___Domain,Meter Operations,Service Point,Route Sequence,D1_MSRMT_RPT_CURR,MSRMT_CYC_RTE_SEQ,,
Measurement_Snapshot___Domain,Meter Operations,Service Point,Service Point Time Zone Code,D1_MSRMT_RPT_CURR,SP_TIME_ZONE_CD,,
Measurement_Snapshot___Domain,Meter Operations,Service Point,Service Point Time Zone,D1_MSRMT_RPT_CURR,SP_TIME_ZONE_DESC,,
Measurement_Snapshot___Domain,Meter Operations,Service Point,Service Point Access Group Code,D1_MSRMT_RPT_CURR,SP_ACCESS_GRP_CD,,
Measurement_Snapshot___Domain,Meter Operations,Service Point,Service Point Access Group,D1_MSRMT_RPT_CURR,SP_ACCESS_GRP_DESC,,
Measurement_Snapshot___Domain,Meter Operations,Service Point,Country,D1_MSRMT_RPT_CURR,COUNTRY,,
Measurement_Snapshot___Domain,Meter Operations,Service Point,Postal Code,D1_MSRMT_RPT_CURR,POSTAL,,
Measurement_Snapshot___Domain,Meter Operations,Service Point,Address 1,D1_MSRMT_RPT_CURR,ADDRESS1,,
Measurement_Snapshot___Domain,Meter Operations,Service Point,Address 2,D1_MSRMT_RPT_CURR,ADDRESS2,,
Measurement_Snapshot___Domain,Meter Operations,Service Point,Address 3,D1_MSRMT_RPT_CURR,ADDRESS3,,
Measurement_Snapshot___Domain,Meter Operations,Service Point,Address 4,D1_MSRMT_RPT_CURR,ADDRESS4,,
Measurement_Snapshot___Domain,Meter Operations,Service Point,City,D1_MSRMT_RPT_CURR,CITY,,
Measurement_Snapshot___Domain,Meter Operations,Service Point,County,D1_MSRMT_RPT_CURR,COUNTY,,
Measurement_Snapshot___Domain,Meter Operations,Service Point,State,D1_MSRMT_RPT_CURR,STATE,,
Measurement_Snapshot___Domain,Meter Operations,Service Point,Geo Code,D1_MSRMT_RPT_CURR,GEO_CODE,,
Measurement_Snapshot___Domain,Meter Operations,Service Point,House Type,D1_MSRMT_RPT_CURR,HOUSE_TYPE,,
Measurement_Snapshot___Domain,Meter Operations,Service Point,In City Limit,D1_MSRMT_RPT_CURR,IN_CITY_LIMIT,,
Measurement_Snapshot___Domain,Meter Operations,Service Point,Address Number 1,D1_MSRMT_RPT_CURR,NUM1,,
Measurement_Snapshot___Domain,Meter Operations,Service Point,Address Number 2,D1_MSRMT_RPT_CURR,NUM2,,
Measurement_Snapshot___Domain,Meter Operations,Service Point,Latitude,D1_MSRMT_RPT_CURR,D1_GEO_LAT,,
Measurement_Snapshot___Domain,Meter Operations,Service Point,Longitude,D1_MSRMT_RPT_CURR,D1_GEO_LONG,,
Measurement_Snapshot___Domain,Meter Operations,Service Point,Service Point Created Date Time,D1_MSRMT_RPT_CURR,SP_CRE_DTTM,,
Measurement_Snapshot___Domain,Meter Operations,Service Point,Service Point Status Updated Date Time,D1_MSRMT_RPT_CURR,SP_STATUS_UPD_DTTM,,
Un_Billed_Usage___Domain,Meter Operations,C2M Data Explorer,Service Point ID,MASTER_SOURCE,SP_ID,,
Un_Billed_Usage___Domain,Meter Operations,C2M Data Explorer,Address,MASTER_SOURCE,ADDRESS1,,
Un_Billed_Usage___Domain,Meter Operations,C2M Data Explorer,City,MASTER_SOURCE,CITY,,
Un_Billed_Usage___Domain,Meter Operations,C2M Data Explorer,SP Status (Desc),MASTER_SOURCE,SP_STATUS,,
Un_Billed_Usage___Domain,Meter Operations,C2M Data Explorer,Service Type (Desc),MASTER_SOURCE,SVC_TYPE,,
Un_Billed_Usage___Domain,Meter Operations,C2M Data Explorer,Latest SA ID,MASTER_SOURCE,SA_ID,,
Un_Billed_Usage___Domain,Meter Operations,C2M Data Explorer,Latest SA Status (Desc),MASTER_SOURCE,SA_STATUS,,
Un_Billed_Usage___Domain,Meter Operations,C2M Data Explorer,SA Status Code,MASTER_SOURCE,SA_STATUS_FLG,,
Un_Billed_Usage___Domain,Meter Operations,C2M Data Explorer,Latest SA Stop Date,MASTER_SOURCE,SA_STOP_DATE,,
Un_Billed_Usage___Domain,Meter Operations,C2M Data Explorer,Read Date/Time,MASTER_SOURCE,MSRMT_DTTM,,
Un_Billed_Usage___Domain,Meter Operations,C2M Data Explorer,Consumption Value,MASTER_SOURCE,MSRMT_VAL,,
Usage_Scalar_Snapshot___Domain,Meter Operations,Snapshot Audit,Usage Transaction ID,D1_USAGE_SCALAR_DTL_RPT_CURR,D1_USAGE_ID,,
Usage_Scalar_Snapshot___Domain,Meter Operations,Snapshot Audit,Sequence,D1_USAGE_SCALAR_DTL_RPT_CURR,SEQ_NUM,,
Usage_Scalar_Snapshot___Domain,Meter Operations,Snapshot Audit,Snapshot Load Date Time,D1_USAGE_SCALAR_DTL_RPT_CURR,LOAD_DTTM,,
Usage_Scalar_Snapshot___Domain,Meter Operations,Usage Header,Usage Subscription ID,D1_USAGE_SCALAR_DTL_RPT_CURR,US_ID,,
Usage_Scalar_Snapshot___Domain,Meter Operations,Usage Header,Usage External ID,D1_USAGE_SCALAR_DTL_RPT_CURR,USG_EXT_ID,,
Usage_Scalar_Snapshot___Domain,Meter Operations,Usage Header,Original Usage ID,D1_USAGE_SCALAR_DTL_RPT_CURR,ORG_USAGE_ID,,
Usage_Scalar_Snapshot___Domain,Meter Operations,Usage Header,Usage Start Date Time,D1_USAGE_SCALAR_DTL_RPT_CURR,USAGE_START_DTTM,,
Usage_Scalar_Snapshot___Domain,Meter Operations,Usage Header,Usage End Date Time,D1_USAGE_SCALAR_DTL_RPT_CURR,USAGE_END_DTTM,,
Usage_Scalar_Snapshot___Domain,Meter Operations,Usage Header,Usage Status Updated Date Time,D1_USAGE_SCALAR_DTL_RPT_CURR,USAGE_STATUS_UPD_DTTM,,
Usage_Scalar_Snapshot___Domain,Meter Operations,Usage Header,Usage Created Date Time,D1_USAGE_SCALAR_DTL_RPT_CURR,USAGE_CRE_DTTM,,
Usage_Scalar_Snapshot___Domain,Meter Operations,Usage Header,Usage Business Object Code,D1_USAGE_SCALAR_DTL_RPT_CURR,BUS_OBJ_CD,,
Usage_Scalar_Snapshot___Domain,Meter Operations,Usage Header,Usage Business Object,D1_USAGE_SCALAR_DTL_RPT_CURR,BUS_OBJ_DESC,,
Usage_Scalar_Snapshot___Domain,Meter Operations,Usage Header,Usage Status Code,D1_USAGE_SCALAR_DTL_RPT_CURR,BO_STATUS_CD,,
Usage_Scalar_Snapshot___Domain,Meter Operations,Usage Header,Usage Status,D1_USAGE_SCALAR_DTL_RPT_CURR,BO_STATUS_DESC,,
Usage_Scalar_Snapshot___Domain,Meter Operations,Usage Header,Usage Status Reason Code,D1_USAGE_SCALAR_DTL_RPT_CURR,BO_STATUS_REASON_CD,,
Usage_Scalar_Snapshot___Domain,Meter Operations,Usage Header,Usage Calculation Group Code,D1_USAGE_SCALAR_DTL_RPT_CURR,USG_GRP_CD,,
Usage_Scalar_Snapshot___Domain,Meter Operations,Usage Header,Usage Calculation Group,D1_USAGE_SCALAR_DTL_RPT_CURR,USG_GRP_DESC,,
Usage_Scalar_Snapshot___Domain,Meter Operations,Usage Header,Usage Calculation Type Code,D1_USAGE_SCALAR_DTL_RPT_CURR,D1_USG_CAL_TYPE_CD,,
Usage_Scalar_Snapshot___Domain,Meter Operations,Usage Header,Usage Calculation Type,D1_USAGE_SCALAR_DTL_RPT_CURR,D1_USG_CAL_TYPE_DESC,,
Usage_Scalar_Snapshot___Domain,Meter Operations,Usage Header,Usage Source Code,D1_USAGE_SCALAR_DTL_RPT_CURR,USG_SRC_FLG,,
Usage_Scalar_Snapshot___Domain,Meter Operations,Usage Header,Usage Source,D1_USAGE_SCALAR_DTL_RPT_CURR,USG_SRC_DESC,,
Usage_Scalar_Snapshot___Domain,Meter Operations,Usage Header,Service Provider Code,D1_USAGE_SCALAR_DTL_RPT_CURR,D1_SPR_CD,,
Usage_Scalar_Snapshot___Domain,Meter Operations,Usage Header,Service Provider,D1_USAGE_SCALAR_DTL_RPT_CURR,D1_SPR_DESC,,
Usage_Scalar_Snapshot___Domain,Meter Operations,Usage Header,Measurement Cycle Code,D1_USAGE_SCALAR_DTL_RPT_CURR,MSRMT_CYC_CD,,
Usage_Scalar_Snapshot___Domain,Meter Operations,Usage Header,Measurement Cycle,D1_USAGE_SCALAR_DTL_RPT_CURR,MSRMT_CYC_DESC,,
Usage_Scalar_Snapshot___Domain,Meter Operations,Usage Header,Route Code,D1_USAGE_SCALAR_DTL_RPT_CURR,MSRMT_CYC_RTE_CD,,
Usage_Scalar_Snapshot___Domain,Meter Operations,Usage Header,Route,D1_USAGE_SCALAR_DTL_RPT_CURR,MSRMT_CYC_RTE_DESC,,
Usage_Scalar_Snapshot___Domain,Meter Operations,Usage Header,Used On Bill Code,D1_USAGE_SCALAR_DTL_RPT_CURR,USED_ON_BILL_FLG,,
Usage_Scalar_Snapshot___Domain,Meter Operations,Usage Header,Used On Bill,D1_USAGE_SCALAR_DTL_RPT_CURR,USED_ON_BILL_DESC,,
Usage_Scalar_Snapshot___Domain,Meter Operations,Usage Header,Linked To Frozen Bill Segment Code,D1_USAGE_SCALAR_DTL_RPT_CURR,LINKED_TO_FRZN_BSEG_FLG,,
Usage_Scalar_Snapshot___Domain,Meter Operations,Usage Header,Linked To Frozen Bill Segment,D1_USAGE_SCALAR_DTL_RPT_CURR,LINKED_TO_FRZN_BSEG_DESC,,
Usage_Scalar_Snapshot___Domain,Meter Operations,Scalar Detail,Service Point ID,D1_USAGE_SCALAR_DTL_RPT_CURR,D1_SP_ID,,
Usage_Scalar_Snapshot___Domain,Meter Operations,Scalar Detail,Measuring Component ID,D1_USAGE_SCALAR_DTL_RPT_CURR,MEASR_COMP_ID,,
Usage_Scalar_Snapshot___Domain,Meter Operations,Scalar Detail,Raw Unit Of Measure Code,D1_USAGE_SCALAR_DTL_RPT_CURR,D1_UOM_CD,,
Usage_Scalar_Snapshot___Domain,Meter Operations,Scalar Detail,Raw Unit Of Measure,D1_USAGE_SCALAR_DTL_RPT_CURR,D1_UOM_DESC,,
Usage_Scalar_Snapshot___Domain,Meter Operations,Scalar Detail,Raw Time Of Use Code,D1_USAGE_SCALAR_DTL_RPT_CURR,D1_TOU_CD,,
Usage_Scalar_Snapshot___Domain,Meter Operations,Scalar Detail,Raw Time Of Use,D1_USAGE_SCALAR_DTL_RPT_CURR,D1_TOU_DESC,,
Usage_Scalar_Snapshot___Domain,Meter Operations,Scalar Detail,Raw Service Quantity Identifier Code,D1_USAGE_SCALAR_DTL_RPT_CURR,D1_SQI_CD,,
Usage_Scalar_Snapshot___Domain,Meter Operations,Scalar Detail,Raw Service Quantity Identifier,D1_USAGE_SCALAR_DTL_RPT_CURR,D1_SQI_DESC,,
Usage_Scalar_Snapshot___Domain,Meter Operations,Scalar Detail,Scalar Start Date Time,D1_USAGE_SCALAR_DTL_RPT_CURR,START_DTTM,,
Usage_Scalar_Snapshot___Domain,Meter Operations,Scalar Detail,Scalar End Date Time,D1_USAGE_SCALAR_DTL_RPT_CURR,END_DTTM,,
Usage_Scalar_Snapshot___Domain,Meter Operations,Scalar Detail,Start Measurement,D1_USAGE_SCALAR_DTL_RPT_CURR,START_MSRMT,,
Usage_Scalar_Snapshot___Domain,Meter Operations,Scalar Detail,End Measurement,D1_USAGE_SCALAR_DTL_RPT_CURR,END_MSRMT,,
Usage_Scalar_Snapshot___Domain,Meter Operations,Scalar Detail,Raw Quantity,D1_USAGE_SCALAR_DTL_RPT_CURR,QUANTITY,,
Usage_Scalar_Snapshot___Domain,Meter Operations,Final Quantity Output,Final Unit Of Measure Code,D1_USAGE_SCALAR_DTL_RPT_CURR,D1_FINAL_UOM_CD,,
Usage_Scalar_Snapshot___Domain,Meter Operations,Final Quantity Output,Final Unit Of Measure,D1_USAGE_SCALAR_DTL_RPT_CURR,D1_FINAL_UOM_DESC,,
Usage_Scalar_Snapshot___Domain,Meter Operations,Final Quantity Output,Final Time Of Use Code,D1_USAGE_SCALAR_DTL_RPT_CURR,D1_FINAL_TOU_CD,,
Usage_Scalar_Snapshot___Domain,Meter Operations,Final Quantity Output,Final Time Of Use,D1_USAGE_SCALAR_DTL_RPT_CURR,D1_FINAL_TOU_DESC,,
Usage_Scalar_Snapshot___Domain,Meter Operations,Final Quantity Output,Final Service Quantity Identifier Code,D1_USAGE_SCALAR_DTL_RPT_CURR,D1_FINAL_SQI_CD,,
Usage_Scalar_Snapshot___Domain,Meter Operations,Final Quantity Output,Final Service Quantity Identifier,D1_USAGE_SCALAR_DTL_RPT_CURR,D1_FINAL_SQI_DESC,,
Usage_Scalar_Snapshot___Domain,Meter Operations,Final Quantity Output,Final Quantity,D1_USAGE_SCALAR_DTL_RPT_CURR,FINAL_QUANTITY,,
Usage_Scalar_Snapshot___Domain,Meter Operations,Final Quantity Output,Usage Flag Code,D1_USAGE_SCALAR_DTL_RPT_CURR,D1_USAGE_FLG,,
Usage_Scalar_Snapshot___Domain,Meter Operations,Final Quantity Output,Usage Flag,D1_USAGE_SCALAR_DTL_RPT_CURR,D1_USAGE_DESC,,
Usage_Scalar_Snapshot___Domain,Meter Operations,Final Quantity Output,Measuring Component Usage Code,D1_USAGE_SCALAR_DTL_RPT_CURR,MEASR_COMP_USAGE_FLG,,
Usage_Scalar_Snapshot___Domain,Meter Operations,Final Quantity Output,Measuring Component Usage,D1_USAGE_SCALAR_DTL_RPT_CURR,MEASR_COMP_USAGE_DESC,,
Usage_Scalar_Snapshot___Domain,Meter Operations,Final Quantity Output,Peak Quantity Code,D1_USAGE_SCALAR_DTL_RPT_CURR,MSR_PEAK_QTY_FLG,,
Usage_Scalar_Snapshot___Domain,Meter Operations,Final Quantity Output,Peak Quantity,D1_USAGE_SCALAR_DTL_RPT_CURR,MSR_PEAK_QTY_DESC,,
Usage_Scalar_Snapshot___Domain,Meter Operations,Final Quantity Output,Applied Multiplier,D1_USAGE_SCALAR_DTL_RPT_CURR,APPLIED_MLTR,,
Usage_Scalar_Snapshot___Domain,Meter Operations,Final Quantity Output,Use Percent,D1_USAGE_SCALAR_DTL_RPT_CURR,USE_PERCENT,,
Usage_Scalar_Snapshot___Domain,Meter Operations,Final Quantity Output,Scalar Usage Group Code,D1_USAGE_SCALAR_DTL_RPT_CURR,SCALAR_USG_GRP_CD,,
Usage_Scalar_Snapshot___Domain,Meter Operations,Final Quantity Output,Scalar Usage Group,D1_USAGE_SCALAR_DTL_RPT_CURR,SCALAR_USG_GRP_DESC,,
Usage_Scalar_Snapshot___Domain,Meter Operations,Final Quantity Output,Usage Rule Code,D1_USAGE_SCALAR_DTL_RPT_CURR,USG_RULE_CD,,
Usage_Scalar_Snapshot___Domain,Meter Operations,Final Quantity Output,Usage Rule,D1_USAGE_SCALAR_DTL_RPT_CURR,USG_RULE_DESC,,
Usage_Scalar_Snapshot___Domain,Meter Operations,Final Quantity Output,Measurement Condition Code,D1_USAGE_SCALAR_DTL_RPT_CURR,MSRMT_COND_FLG,,
Usage_Scalar_Snapshot___Domain,Meter Operations,Final Quantity Output,Measurement Condition,D1_USAGE_SCALAR_DTL_RPT_CURR,MSRMT_COND_DESC,,
Usage_Scalar_Snapshot___Domain,Meter Operations,Usage Subscription,Subscription Status Code,D1_USAGE_SCALAR_DTL_RPT_CURR,US_BO_STATUS_CD,,
Usage_Scalar_Snapshot___Domain,Meter Operations,Usage Subscription,Subscription Status,D1_USAGE_SCALAR_DTL_RPT_CURR,US_BO_STATUS_DESC,,
Usage_Scalar_Snapshot___Domain,Meter Operations,Usage Subscription,Subscription Type Code,D1_USAGE_SCALAR_DTL_RPT_CURR,US_TYPE_CD,,
Usage_Scalar_Snapshot___Domain,Meter Operations,Usage Subscription,Subscription Type,D1_USAGE_SCALAR_DTL_RPT_CURR,US_TYPE_DESC,,
Usage_Scalar_Snapshot___Domain,Meter Operations,Usage Subscription,Subscription Bill Cycle Code,D1_USAGE_SCALAR_DTL_RPT_CURR,D1_BILL_CYC_CD,,
Usage_Scalar_Snapshot___Domain,Meter Operations,Usage Subscription,Subscription Bill Cycle,D1_USAGE_SCALAR_DTL_RPT_CURR,D1_BILL_CYC_DESC,,
Usage_Scalar_Snapshot___Domain,Meter Operations,Usage Subscription,Subscription Division Code,D1_USAGE_SCALAR_DTL_RPT_CURR,DIVISION_CD,,
Usage_Scalar_Snapshot___Domain,Meter Operations,Usage Subscription,Subscription Time Zone Code,D1_USAGE_SCALAR_DTL_RPT_CURR,TIME_ZONE_CD,,
Usage_Scalar_Snapshot___Domain,Meter Operations,Usage Subscription,Subscription Time Zone,D1_USAGE_SCALAR_DTL_RPT_CURR,TIME_ZONE_DESC,,
Usage_Scalar_Snapshot___Domain,Meter Operations,Usage Subscription,Subscription Access Group Code,D1_USAGE_SCALAR_DTL_RPT_CURR,ACCESS_GRP_CD,,
Usage_Scalar_Snapshot___Domain,Meter Operations,Usage Subscription,Subscription Access Group,D1_USAGE_SCALAR_DTL_RPT_CURR,ACCESS_GRP_DESC,,
Usage_Scalar_Snapshot___Domain,Meter Operations,Billing Bridge,Bridge Method,D1_USAGE_SCALAR_DTL_RPT_CURR,BRIDGE_METHOD,,
Usage_Scalar_Snapshot___Domain,Meter Operations,Billing Bridge,C1 Match Count,D1_USAGE_SCALAR_DTL_RPT_CURR,C1_MATCH_COUNT,,
Usage_Scalar_Snapshot___Domain,Meter Operations,Billing Bridge,C1 Usage ID,D1_USAGE_SCALAR_DTL_RPT_CURR,C1_USAGE_ID,,
Usage_Scalar_Snapshot___Domain,Meter Operations,Billing Bridge,C1 Master Usage ID,D1_USAGE_SCALAR_DTL_RPT_CURR,C1_MASTER_USAGE_ID,,
Usage_Scalar_Snapshot___Domain,Meter Operations,Billing Bridge,C1 Service Agreement ID,D1_USAGE_SCALAR_DTL_RPT_CURR,C1_SA_ID,,
Usage_Scalar_Snapshot___Domain,Meter Operations,Billing Bridge,C1 Service Point ID,D1_USAGE_SCALAR_DTL_RPT_CURR,C1_SP_ID,,
Usage_Scalar_Snapshot___Domain,Meter Operations,Billing Bridge,C1 Bill Segment ID,D1_USAGE_SCALAR_DTL_RPT_CURR,C1_BSEG_ID,,
Usage_Scalar_Snapshot___Domain,Meter Operations,Billing Bridge,C1 Bill Cycle Code,D1_USAGE_SCALAR_DTL_RPT_CURR,C1_BILL_CYC_CD,,
Usage_Scalar_Snapshot___Domain,Meter Operations,Billing Bridge,C1 Bill Cycle,D1_USAGE_SCALAR_DTL_RPT_CURR,C1_BILL_CYC_DESC,,
Usage_Scalar_Snapshot___Domain,Meter Operations,Billing Bridge,C1 Usage Status Code,D1_USAGE_SCALAR_DTL_RPT_CURR,C1_BO_STATUS_CD,,
Usage_Scalar_Snapshot___Domain,Meter Operations,Billing Bridge,C1 Usage Status,D1_USAGE_SCALAR_DTL_RPT_CURR,C1_BO_STATUS_DESC,,
Usage_Scalar_Snapshot___Domain,Meter Operations,Billing Bridge,Bill ID,D1_USAGE_SCALAR_DTL_RPT_CURR,BILL_ID,,
Usage_Scalar_Snapshot___Domain,Meter Operations,Billing Bridge,Bill Segment Status Code,D1_USAGE_SCALAR_DTL_RPT_CURR,BSEG_STAT_FLG,,
Usage_Scalar_Snapshot___Domain,Meter Operations,Billing Bridge,Bill Segment Status,D1_USAGE_SCALAR_DTL_RPT_CURR,BSEG_STAT_DESC,,
Usage_Scalar_Snapshot___Domain,Meter Operations,Billing Bridge,Bill Segment Start Date,D1_USAGE_SCALAR_DTL_RPT_CURR,BSEG_START_DT,,
Usage_Scalar_Snapshot___Domain,Meter Operations,Billing Bridge,Bill Segment End Date,D1_USAGE_SCALAR_DTL_RPT_CURR,BSEG_END_DT,,
Usage_Scalar_Snapshot___Domain,Meter Operations,Service Agreement And Customer,Service Agreement ID,D1_USAGE_SCALAR_DTL_RPT_CURR,SA_ID,,
Usage_Scalar_Snapshot___Domain,Meter Operations,Service Agreement And Customer,Account ID,D1_USAGE_SCALAR_DTL_RPT_CURR,ACCT_ID,,
Usage_Scalar_Snapshot___Domain,Meter Operations,Service Agreement And Customer,Customer Class Code,D1_USAGE_SCALAR_DTL_RPT_CURR,CUST_CL_CD,,
Usage_Scalar_Snapshot___Domain,Meter Operations,Service Agreement And Customer,Customer Class,D1_USAGE_SCALAR_DTL_RPT_CURR,CUST_CL_DESC,,
Usage_Scalar_Snapshot___Domain,Meter Operations,Service Agreement And Customer,Collection Class Code,D1_USAGE_SCALAR_DTL_RPT_CURR,COLL_CL_CD,,
Usage_Scalar_Snapshot___Domain,Meter Operations,Service Agreement And Customer,Collection Class,D1_USAGE_SCALAR_DTL_RPT_CURR,COLL_CL_DESC,,
Usage_Scalar_Snapshot___Domain,Meter Operations,Service Agreement And Customer,Account Management Group Code,D1_USAGE_SCALAR_DTL_RPT_CURR,ACCT_MGMT_GRP_CD,,
Usage_Scalar_Snapshot___Domain,Meter Operations,Service Agreement And Customer,Account Management Group,D1_USAGE_SCALAR_DTL_RPT_CURR,ACCT_MGMT_GRP_DESC,,
Usage_Scalar_Snapshot___Domain,Meter Operations,Service Agreement And Customer,Budget Plan Code,D1_USAGE_SCALAR_DTL_RPT_CURR,BUD_PLAN_CD,,
Usage_Scalar_Snapshot___Domain,Meter Operations,Service Agreement And Customer,Budget Plan,D1_USAGE_SCALAR_DTL_RPT_CURR,BUD_PLAN_DESC,,
Usage_Scalar_Snapshot___Domain,Meter Operations,Service Agreement And Customer,Person ID,D1_USAGE_SCALAR_DTL_RPT_CURR,PER_ID,,
Usage_Scalar_Snapshot___Domain,Meter Operations,Service Agreement And Customer,Customer Name,D1_USAGE_SCALAR_DTL_RPT_CURR,CUSTOMER_NAME,,
Usage_Scalar_Snapshot___Domain,Meter Operations,Service Agreement And Customer,Service Type Code,D1_USAGE_SCALAR_DTL_RPT_CURR,SA_TYPE_CD,,
Usage_Scalar_Snapshot___Domain,Meter Operations,Service Agreement And Customer,Service Type,D1_USAGE_SCALAR_DTL_RPT_CURR,SA_TYPE_DESC,,
Usage_Scalar_Snapshot___Domain,Meter Operations,Service Agreement And Customer,Service Agreement Status Code,D1_USAGE_SCALAR_DTL_RPT_CURR,SA_STATUS_FLG,,
Usage_Scalar_Snapshot___Domain,Meter Operations,Service Agreement And Customer,Service Agreement Status,D1_USAGE_SCALAR_DTL_RPT_CURR,SA_STATUS_DESC,,
Usage_Scalar_Snapshot___Domain,Meter Operations,Premise,Premise ID,D1_USAGE_SCALAR_DTL_RPT_CURR,PREM_ID,,
Usage_Scalar_Snapshot___Domain,Meter Operations,Premise,Address,D1_USAGE_SCALAR_DTL_RPT_CURR,ADDRESS1,,
Usage_Scalar_Snapshot___Domain,Meter Operations,Premise,City,D1_USAGE_SCALAR_DTL_RPT_CURR,CITY,,
Usage_Scalar_Snapshot___Domain,Meter Operations,Premise,State,D1_USAGE_SCALAR_DTL_RPT_CURR,STATE,,
Usage_Scalar_Snapshot___Domain,Meter Operations,Premise,Postal Code,D1_USAGE_SCALAR_DTL_RPT_CURR,POSTAL,,
Usage_Transactions_Snapshot___Domain,Meter Operations,Usage Core,Usage Transaction ID,D1_USAGE_RPT_CURR,D1_USAGE_ID,,
Usage_Transactions_Snapshot___Domain,Meter Operations,Usage Core,Usage Subscription ID,D1_USAGE_RPT_CURR,US_ID,,
Usage_Transactions_Snapshot___Domain,Meter Operations,Usage Core,Usage External ID,D1_USAGE_RPT_CURR,USG_EXT_ID,,
Usage_Transactions_Snapshot___Domain,Meter Operations,Usage Core,Original Usage ID,D1_USAGE_RPT_CURR,ORG_USAGE_ID,,
Usage_Transactions_Snapshot___Domain,Meter Operations,Usage Core,Usage Business Object Code,D1_USAGE_RPT_CURR,BUS_OBJ_CD,,
Usage_Transactions_Snapshot___Domain,Meter Operations,Usage Core,Usage Business Object,D1_USAGE_RPT_CURR,BUS_OBJ_DESC,,
Usage_Transactions_Snapshot___Domain,Meter Operations,Usage Core,Usage Status Code,D1_USAGE_RPT_CURR,BO_STATUS_CD,,
Usage_Transactions_Snapshot___Domain,Meter Operations,Usage Core,Usage Status,D1_USAGE_RPT_CURR,BO_STATUS_DESC,,
Usage_Transactions_Snapshot___Domain,Meter Operations,Usage Core,Usage Status Reason Code,D1_USAGE_RPT_CURR,BO_STATUS_REASON_CD,,
Usage_Transactions_Snapshot___Domain,Meter Operations,Usage Core,Usage Start Date Time,D1_USAGE_RPT_CURR,START_DTTM,,
Usage_Transactions_Snapshot___Domain,Meter Operations,Usage Core,Usage End Date Time,D1_USAGE_RPT_CURR,END_DTTM,,
Usage_Transactions_Snapshot___Domain,Meter Operations,Usage Core,Usage Status Updated Date Time,D1_USAGE_RPT_CURR,STATUS_UPD_DTTM,,
Usage_Transactions_Snapshot___Domain,Meter Operations,Usage Core,Scheduled Selection Date Time,D1_USAGE_RPT_CURR,SCH_SELECTION_DT,,
Usage_Transactions_Snapshot___Domain,Meter Operations,Usage Core,Usage Calculation Group Code,D1_USAGE_RPT_CURR,USG_GRP_CD,,
Usage_Transactions_Snapshot___Domain,Meter Operations,Usage Core,Usage Calculation Group,D1_USAGE_RPT_CURR,USG_GRP_DESC,,
Usage_Transactions_Snapshot___Domain,Meter Operations,Usage Core,Usage Calculation Type Code,D1_USAGE_RPT_CURR,D1_USG_CAL_TYPE_CD,,
Usage_Transactions_Snapshot___Domain,Meter Operations,Usage Core,Usage Calculation Type,D1_USAGE_RPT_CURR,D1_USG_CAL_TYPE_DESC,,
Usage_Transactions_Snapshot___Domain,Meter Operations,Usage Core,Usage Source Code,D1_USAGE_RPT_CURR,USG_SRC_FLG,,
Usage_Transactions_Snapshot___Domain,Meter Operations,Usage Core,Usage Source,D1_USAGE_RPT_CURR,USG_SRC_DESC,,
Usage_Transactions_Snapshot___Domain,Meter Operations,Usage Core,Service Provider Code,D1_USAGE_RPT_CURR,D1_SPR_CD,,
Usage_Transactions_Snapshot___Domain,Meter Operations,Usage Core,Service Provider,D1_USAGE_RPT_CURR,D1_SPR_DESC,,
Usage_Transactions_Snapshot___Domain,Meter Operations,Usage Core,Measurement Cycle Code,D1_USAGE_RPT_CURR,MSRMT_CYC_CD,,
Usage_Transactions_Snapshot___Domain,Meter Operations,Usage Core,Measurement Cycle,D1_USAGE_RPT_CURR,MSRMT_CYC_DESC,,
Usage_Transactions_Snapshot___Domain,Meter Operations,Usage Core,Route Code,D1_USAGE_RPT_CURR,MSRMT_CYC_RTE_CD,,
Usage_Transactions_Snapshot___Domain,Meter Operations,Usage Core,Route,D1_USAGE_RPT_CURR,MSRMT_CYC_RTE_DESC,,
Usage_Transactions_Snapshot___Domain,Meter Operations,Usage Core,Used On Bill Code,D1_USAGE_RPT_CURR,USED_ON_BILL_FLG,,
Usage_Transactions_Snapshot___Domain,Meter Operations,Usage Core,Used On Bill,D1_USAGE_RPT_CURR,USED_ON_BILL_DESC,,
Usage_Transactions_Snapshot___Domain,Meter Operations,Usage Core,Linked To Frozen Bill Segment Code,D1_USAGE_RPT_CURR,LINKED_TO_FRZN_BSEG_FLG,,
Usage_Transactions_Snapshot___Domain,Meter Operations,Usage Core,Linked To Frozen Bill Segment,D1_USAGE_RPT_CURR,LINKED_TO_FRZN_BSEG_DESC,,
Usage_Transactions_Snapshot___Domain,Meter Operations,Usage Core,Total Usage Transaction Count,D1_USAGE_RPT_CURR,TOT_USG_TRANS_CNT,,
Usage_Transactions_Snapshot___Domain,Meter Operations,Usage Core,Relative Order,D1_USAGE_RPT_CURR,REL_ORDER,,
Usage_Transactions_Snapshot___Domain,Meter Operations,Usage Core,Usage Created Date Time,D1_USAGE_RPT_CURR,USAGE_CRE_DTTM,,
Usage_Transactions_Snapshot___Domain,Meter Operations,Usage Core,Snapshot Load Date Time,D1_USAGE_RPT_CURR,LOAD_DTTM,,
Usage_Transactions_Snapshot___Domain,Meter Operations,Usage Subscription,Subscription Status Code,D1_USAGE_RPT_CURR,US_BO_STATUS_CD,,
Usage_Transactions_Snapshot___Domain,Meter Operations,Usage Subscription,Subscription Status,D1_USAGE_RPT_CURR,US_BO_STATUS_DESC,,
Usage_Transactions_Snapshot___Domain,Meter Operations,Usage Subscription,Subscription Status Reason Code,D1_USAGE_RPT_CURR,US_BO_STATUS_REASON_CD,,
Usage_Transactions_Snapshot___Domain,Meter Operations,Usage Subscription,Subscription Type Code,D1_USAGE_RPT_CURR,US_TYPE_CD,,
Usage_Transactions_Snapshot___Domain,Meter Operations,Usage Subscription,Subscription Type,D1_USAGE_RPT_CURR,US_TYPE_DESC,,
Usage_Transactions_Snapshot___Domain,Meter Operations,Usage Subscription,Subscription Service Provider Code,D1_USAGE_RPT_CURR,US_D1_SPR_CD,,
Usage_Transactions_Snapshot___Domain,Meter Operations,Usage Subscription,Subscription Service Provider,D1_USAGE_RPT_CURR,US_D1_SPR_DESC,,
Usage_Transactions_Snapshot___Domain,Meter Operations,Usage Subscription,Subscription Bill Cycle Code,D1_USAGE_RPT_CURR,D1_BILL_CYC_CD,,
Usage_Transactions_Snapshot___Domain,Meter Operations,Usage Subscription,Subscription Bill Cycle,D1_USAGE_RPT_CURR,D1_BILL_CYC_DESC,,
Usage_Transactions_Snapshot___Domain,Meter Operations,Usage Subscription,Subscription Division Code,D1_USAGE_RPT_CURR,DIVISION_CD,,
Usage_Transactions_Snapshot___Domain,Meter Operations,Usage Subscription,Subscription Time Zone Code,D1_USAGE_RPT_CURR,TIME_ZONE_CD,,
Usage_Transactions_Snapshot___Domain,Meter Operations,Usage Subscription,Subscription Time Zone,D1_USAGE_RPT_CURR,TIME_ZONE_DESC,,
Usage_Transactions_Snapshot___Domain,Meter Operations,Usage Subscription,Subscription Access Group Code,D1_USAGE_RPT_CURR,ACCESS_GRP_CD,,
Usage_Transactions_Snapshot___Domain,Meter Operations,Usage Subscription,Subscription Access Group,D1_USAGE_RPT_CURR,ACCESS_GRP_DESC,,
Usage_Transactions_Snapshot___Domain,Meter Operations,Usage Subscription,Subscription Status Condition Code,D1_USAGE_RPT_CURR,US_STAT_COND_FLG,,
Usage_Transactions_Snapshot___Domain,Meter Operations,Usage Subscription,Subscription Status Condition,D1_USAGE_RPT_CURR,US_STAT_COND_DESC,,
Usage_Transactions_Snapshot___Domain,Meter Operations,Usage Subscription,Usage Approval Required Code,D1_USAGE_RPT_CURR,USG_APPR_REQ_FLG,,
Usage_Transactions_Snapshot___Domain,Meter Operations,Usage Subscription,Usage Approval Required,D1_USAGE_RPT_CURR,USG_APPR_REQ_DESC,,
Usage_Transactions_Snapshot___Domain,Meter Operations,Usage Subscription,Subscription Start Date Time,D1_USAGE_RPT_CURR,US_START_DTTM,,
Usage_Transactions_Snapshot___Domain,Meter Operations,Usage Subscription,Subscription End Date Time,D1_USAGE_RPT_CURR,US_END_DTTM,,
Usage_Transactions_Snapshot___Domain,Meter Operations,Usage Subscription,Subscription Status Updated Date Time,D1_USAGE_RPT_CURR,US_STATUS_UPD_DTTM,,
Usage_Transactions_Snapshot___Domain,Meter Operations,Usage Subscription,Most Recent Transaction Date Time,D1_USAGE_RPT_CURR,MOST_RECENT_TRANS_DTTM,,
Usage_Transactions_Snapshot___Domain,Meter Operations,Usage Subscription,Usage Subscription Measuring Point ID,D1_USAGE_RPT_CURR,US_MP_ID,,
Usage_Transactions_Snapshot___Domain,Meter Operations,Billing Bridge,Bridge Method,D1_USAGE_RPT_CURR,BRIDGE_METHOD,,
Usage_Transactions_Snapshot___Domain,Meter Operations,Billing Bridge,C1 Match Count,D1_USAGE_RPT_CURR,C1_MATCH_COUNT,,
Usage_Transactions_Snapshot___Domain,Meter Operations,Billing Bridge,C1 Usage ID,D1_USAGE_RPT_CURR,C1_USAGE_ID,,
Usage_Transactions_Snapshot___Domain,Meter Operations,Billing Bridge,C1 Master Usage ID,D1_USAGE_RPT_CURR,C1_MASTER_USAGE_ID,,
Usage_Transactions_Snapshot___Domain,Meter Operations,Billing Bridge,C1 Service Agreement ID,D1_USAGE_RPT_CURR,C1_SA_ID,,
Usage_Transactions_Snapshot___Domain,Meter Operations,Billing Bridge,C1 Service Point ID,D1_USAGE_RPT_CURR,C1_SP_ID,,
Usage_Transactions_Snapshot___Domain,Meter Operations,Billing Bridge,C1 Bill Segment ID,D1_USAGE_RPT_CURR,C1_BSEG_ID,,
Usage_Transactions_Snapshot___Domain,Meter Operations,Billing Bridge,C1 Bill Cycle Code,D1_USAGE_RPT_CURR,C1_BILL_CYC_CD,,
Usage_Transactions_Snapshot___Domain,Meter Operations,Billing Bridge,C1 Bill Cycle,D1_USAGE_RPT_CURR,C1_BILL_CYC_DESC,,
Usage_Transactions_Snapshot___Domain,Meter Operations,Billing Bridge,C1 Usage Status Code,D1_USAGE_RPT_CURR,C1_BO_STATUS_CD,,
Usage_Transactions_Snapshot___Domain,Meter Operations,Billing Bridge,C1 Usage Status,D1_USAGE_RPT_CURR,C1_BO_STATUS_DESC,,
Usage_Transactions_Snapshot___Domain,Meter Operations,Billing Bridge,C1 Usage Start Date Time,D1_USAGE_RPT_CURR,C1_START_DTTM,,
Usage_Transactions_Snapshot___Domain,Meter Operations,Billing Bridge,C1 Usage End Date Time,D1_USAGE_RPT_CURR,C1_END_DTTM,,
Usage_Transactions_Snapshot___Domain,Meter Operations,Billing Bridge,C1 Status Updated Date Time,D1_USAGE_RPT_CURR,C1_STATUS_UPD_DTTM,,
Usage_Transactions_Snapshot___Domain,Meter Operations,Billing Bridge,C1 Created Date Time,D1_USAGE_RPT_CURR,C1_CRE_DTTM,,
Usage_Transactions_Snapshot___Domain,Meter Operations,Billing Bridge,Bill ID,D1_USAGE_RPT_CURR,BILL_ID,,
Usage_Transactions_Snapshot___Domain,Meter Operations,Billing Bridge,Bill Segment Status Code,D1_USAGE_RPT_CURR,BSEG_STAT_FLG,,
Usage_Transactions_Snapshot___Domain,Meter Operations,Billing Bridge,Bill Segment Status,D1_USAGE_RPT_CURR,BSEG_STAT_DESC,,
Usage_Transactions_Snapshot___Domain,Meter Operations,Billing Bridge,Bill Segment Start Date,D1_USAGE_RPT_CURR,BSEG_START_DT,,
Usage_Transactions_Snapshot___Domain,Meter Operations,Billing Bridge,Bill Segment End Date,D1_USAGE_RPT_CURR,BSEG_END_DT,,
Usage_Transactions_Snapshot___Domain,Meter Operations,Billing Bridge,Bill Segment Estimated Switch,D1_USAGE_RPT_CURR,BSEG_EST_SW,,
Usage_Transactions_Snapshot___Domain,Meter Operations,Billing Bridge,Bill Segment Bill Cycle Code,D1_USAGE_RPT_CURR,BSEG_BILL_CYC_CD,,
Usage_Transactions_Snapshot___Domain,Meter Operations,Billing Bridge,Bill Segment Bill Cycle,D1_USAGE_RPT_CURR,BSEG_BILL_CYC_DESC,,
Usage_Transactions_Snapshot___Domain,Meter Operations,Service Agreement And Customer,Service Agreement ID,D1_USAGE_RPT_CURR,SA_ID,,
Usage_Transactions_Snapshot___Domain,Meter Operations,Service Agreement And Customer,Account ID,D1_USAGE_RPT_CURR,ACCT_ID,,
Usage_Transactions_Snapshot___Domain,Meter Operations,Service Agreement And Customer,Customer Class Code,D1_USAGE_RPT_CURR,CUST_CL_CD,,
Usage_Transactions_Snapshot___Domain,Meter Operations,Service Agreement And Customer,Customer Class,D1_USAGE_RPT_CURR,CUST_CL_DESC,,
Usage_Transactions_Snapshot___Domain,Meter Operations,Service Agreement And Customer,Collection Class Code,D1_USAGE_RPT_CURR,COLL_CL_CD,,
Usage_Transactions_Snapshot___Domain,Meter Operations,Service Agreement And Customer,Collection Class,D1_USAGE_RPT_CURR,COLL_CL_DESC,,
Usage_Transactions_Snapshot___Domain,Meter Operations,Service Agreement And Customer,Account Management Group Code,D1_USAGE_RPT_CURR,ACCT_MGMT_GRP_CD,,
Usage_Transactions_Snapshot___Domain,Meter Operations,Service Agreement And Customer,Account Management Group,D1_USAGE_RPT_CURR,ACCT_MGMT_GRP_DESC,,
Usage_Transactions_Snapshot___Domain,Meter Operations,Service Agreement And Customer,Budget Plan Code,D1_USAGE_RPT_CURR,BUD_PLAN_CD,,
Usage_Transactions_Snapshot___Domain,Meter Operations,Service Agreement And Customer,Budget Plan,D1_USAGE_RPT_CURR,BUD_PLAN_DESC,,
Usage_Transactions_Snapshot___Domain,Meter Operations,Service Agreement And Customer,Person ID,D1_USAGE_RPT_CURR,PER_ID,,
Usage_Transactions_Snapshot___Domain,Meter Operations,Service Agreement And Customer,Customer Name,D1_USAGE_RPT_CURR,CUSTOMER_NAME,,
Usage_Transactions_Snapshot___Domain,Meter Operations,Service Agreement And Customer,Service Type Code,D1_USAGE_RPT_CURR,SA_TYPE_CD,,
Usage_Transactions_Snapshot___Domain,Meter Operations,Service Agreement And Customer,Service Type,D1_USAGE_RPT_CURR,SA_TYPE_DESC,,
Usage_Transactions_Snapshot___Domain,Meter Operations,Service Agreement And Customer,Service Agreement Status Code,D1_USAGE_RPT_CURR,SA_STATUS_FLG,,
Usage_Transactions_Snapshot___Domain,Meter Operations,Service Agreement And Customer,Service Agreement Status,D1_USAGE_RPT_CURR,SA_STATUS_DESC,,
Usage_Transactions_Snapshot___Domain,Meter Operations,Service Agreement And Customer,Service Agreement Division,D1_USAGE_RPT_CURR,SA_CIS_DIVISION,,
Usage_Transactions_Snapshot___Domain,Meter Operations,Service Agreement And Customer,Service Agreement Currency Code,D1_USAGE_RPT_CURR,SA_CURRENCY_CD,,
Usage_Transactions_Snapshot___Domain,Meter Operations,Service Agreement And Customer,Service Agreement Start Date,D1_USAGE_RPT_CURR,SA_START_DT,,
Usage_Transactions_Snapshot___Domain,Meter Operations,Service Agreement And Customer,Service Agreement End Date,D1_USAGE_RPT_CURR,SA_END_DT,,
Usage_Transactions_Snapshot___Domain,Meter Operations,Premise,Premise ID,D1_USAGE_RPT_CURR,PREM_ID,,
Usage_Transactions_Snapshot___Domain,Meter Operations,Premise,Address,D1_USAGE_RPT_CURR,ADDRESS1,,
Usage_Transactions_Snapshot___Domain,Meter Operations,Premise,City,D1_USAGE_RPT_CURR,CITY,,
Usage_Transactions_Snapshot___Domain,Meter Operations,Premise,State,D1_USAGE_RPT_CURR,STATE,,
Usage_Transactions_Snapshot___Domain,Meter Operations,Premise,Postal Code,D1_USAGE_RPT_CURR,POSTAL,,
New_Services___Domain,New Services and Planning,1.) Account,Access Group,JoinTree_1.CI_ACCT,ACCESS_GRP_CD,,
New_Services___Domain,New Services and Planning,1.) Account,Account ID,JoinTree_1.CI_ACCT,ACCT_ID,,
New_Services___Domain,New Services and Planning,1.) Account,Account Management Group,JoinTree_1.CI_ACCT,ACCT_MGMT_GRP_CD,,
New_Services___Domain,New Services and Planning,1.) Account,Alert Information,JoinTree_1.CI_ACCT,ALERT_INFO,,
New_Services___Domain,New Services and Planning,1.) Account,Bill After                    ,JoinTree_1.CI_ACCT,BILL_AFTER_DT,,
New_Services___Domain,New Services and Planning,1.) Account,Bill Cycle,JoinTree_1.CI_ACCT,BILL_CYC_CD,,
New_Services___Domain,New Services and Planning,1.) Account,Bill Print Intercept,JoinTree_1.CI_ACCT,BILL_PRT_INTERCEPT,,
New_Services___Domain,New Services and Planning,1.) Account,Budget Plan,JoinTree_1.CI_ACCT,BUD_PLAN_CD,,
New_Services___Domain,New Services and Planning,1.) Account,Collection Class,JoinTree_1.CI_ACCT,COLL_CL_CD,,
New_Services___Domain,New Services and Planning,1.) Account,Last Credit Review Date,JoinTree_1.CI_ACCT,CR_REVIEW_DT,,
New_Services___Domain,New Services and Planning,1.) Account,Currency Code,JoinTree_1.CI_ACCT,CURRENCY_CD,,
New_Services___Domain,New Services and Planning,1.) Account,Customer Class,JoinTree_1.CI_ACCT,CUST_CL_CD,,
New_Services___Domain,New Services and Planning,1.) Account,Internal Credit Review,JoinTree_1.CI_ACCT,INT_CR_REVIEW_SW,,
New_Services___Domain,New Services and Planning,1.) Account,Mailing Premise ID,JoinTree_1.CI_ACCT,MAILING_PREM_ID,,
New_Services___Domain,New Services and Planning,1.) Account,No Deposit Review Switch,JoinTree_1.CI_ACCT,NO_DEP_RVW_SW,,
New_Services___Domain,New Services and Planning,1.) Account,Postpone Credit Review Until,JoinTree_1.CI_ACCT,POSTPONE_CR_RVW_DT,,
New_Services___Domain,New Services and Planning,1.) Account,Protect Bill Cycle,JoinTree_1.CI_ACCT,PROTECT_CYC_SW,,
New_Services___Domain,New Services and Planning,1.) Account,Protect Division,JoinTree_1.CI_ACCT,PROTECT_DIV_SW,,
New_Services___Domain,New Services and Planning,1.) Account,Protect Mailing Premise,JoinTree_1.CI_ACCT,PROTECT_PREM_SW,,
New_Services___Domain,New Services and Planning,1.) Account,Set Up Date,JoinTree_1.CI_ACCT,SETUP_DT,,
New_Services___Domain,New Services and Planning,1.) SA (Service Agreement),Account ID,JoinTree_1.CI_SA,ACCT_ID,,
New_Services___Domain,New Services and Planning,1.) SA (Service Agreement),Allow Estimates,JoinTree_1.CI_SA,ALLOW_EST_SW,,
New_Services___Domain,New Services and Planning,1.) SA (Service Agreement),Business Activity,JoinTree_1.CI_SA,BUS_ACTIVITY_DESC,,
New_Services___Domain,New Services and Planning,1.) SA (Service Agreement),Premise ID,JoinTree_1.CI_SA,CHAR_PREM_ID,,
New_Services___Domain,New Services and Planning,1.) SA (Service Agreement),CIAC Review Date,JoinTree_1.CI_SA,CIAC_REVIEW_DT,,
New_Services___Domain,New Services and Planning,1.) SA (Service Agreement),CIS Division,JoinTree_1.CI_SA,CIS_DIVISION,,
New_Services___Domain,New Services and Planning,1.) SA (Service Agreement),Currency Code,JoinTree_1.CI_SA,CURRENCY_CD,,
New_Services___Domain,New Services and Planning,1.) SA (Service Agreement),Customer Read,JoinTree_1.CI_SA,CUST_READ_FLG,,
New_Services___Domain,New Services and Planning,1.) SA (Service Agreement),End Date,JoinTree_1.CI_SA,END_DT,,
New_Services___Domain,New Services and Planning,1.) SA (Service Agreement),Order ID,JoinTree_1.CI_SA,ENRL_ID,,
New_Services___Domain,New Services and Planning,1.) SA (Service Agreement),Expire Date,JoinTree_1.CI_SA,EXPIRE_DT,,
New_Services___Domain,New Services and Planning,1.) SA (Service Agreement),Maximum Bill Threshold,JoinTree_1.CI_SA,HIGH_BILL_AMT,,
New_Services___Domain,New Services and Planning,1.) SA (Service Agreement),Start Day Option,JoinTree_1.CI_SA,IB_BASE_TM_DAY_FLG,,
New_Services___Domain,New Services and Planning,1.) SA (Service Agreement),IB SA Cutoff Time,JoinTree_1.CI_SA,IB_SA_CUTOFF_TM,,
New_Services___Domain,New Services and Planning,1.) SA (Service Agreement),Deposit Interest Calculated,JoinTree_1.CI_SA,INT_CALC_DT,,
New_Services___Domain,New Services and Planning,1.) SA (Service Agreement),NBB Auto Pay,JoinTree_1.CI_SA,NB_APAY_FLG,,
New_Services___Domain,New Services and Planning,1.) SA (Service Agreement),Recommendation Rule,JoinTree_1.CI_SA,NB_RULE_CD,,
New_Services___Domain,New Services and Planning,1.) SA (Service Agreement),Number of Payment Periods,JoinTree_1.CI_SA,NBR_PYMNT_PERIODS,,
New_Services___Domain,New Services and Planning,1.) SA (Service Agreement),Old Account ID,JoinTree_1.CI_SA,OLD_ACCT_ID,,
New_Services___Domain,New Services and Planning,1.) SA (Service Agreement),Decline Reason,JoinTree_1.CI_SA,PROP_DCL_RSN_CD,,
New_Services___Domain,New Services and Planning,1.) SA (Service Agreement),Proposal SA ID,JoinTree_1.CI_SA,PROP_SA_ID,,
New_Services___Domain,New Services and Planning,1.) SA (Service Agreement),Proposal SA Status,JoinTree_1.CI_SA,PROP_SA_STAT_FLG,,
New_Services___Domain,New Services and Planning,1.) SA (Service Agreement),Renewal Date,JoinTree_1.CI_SA,RENEWAL_DT,,
New_Services___Domain,New Services and Planning,1.) SA (Service Agreement),Service Agreement,JoinTree_1.CI_SA,SA_ID,,
New_Services___Domain,New Services and Planning,1.) SA (Service Agreement),SA Relationship ID,JoinTree_1.CI_SA,SA_REL_ID,,
New_Services___Domain,New Services and Planning,1.) SA (Service Agreement),SA Status,JoinTree_1.CI_SA,SA_STATUS_FLG,,
New_Services___Domain,New Services and Planning,1.) SA (Service Agreement),SA Type,JoinTree_1.CI_SA,SA_TYPE_CD,,
New_Services___Domain,New Services and Planning,1.) SA (Service Agreement),SIC,JoinTree_1.CI_SA,SIC_CD,,
New_Services___Domain,New Services and Planning,1.) SA (Service Agreement),Special Usage,JoinTree_1.CI_SA,SPECIAL_USAGE_FLG,,
New_Services___Domain,New Services and Planning,1.) SA (Service Agreement),Start Date,JoinTree_1.CI_SA,START_DT,,
New_Services___Domain,New Services and Planning,1.) SA (Service Agreement),Start Option,JoinTree_1.CI_SA,START_OPT_CD,,
New_Services___Domain,New Services and Planning,1.) SA (Service Agreement),Stop Requested By,JoinTree_1.CI_SA,STOP_REQED_BY,,
New_Services___Domain,New Services and Planning,1.) SA (Service Agreement),Stop Reason,JoinTree_1.CI_SA,STOP_RSN_FLG,,
New_Services___Domain,New Services and Planning,1.) SA (Service Agreement),Start Requested By,JoinTree_1.CI_SA,STRT_REQED_BY,,
New_Services___Domain,New Services and Planning,1.) SA (Service Agreement),Start Reason,JoinTree_1.CI_SA,STRT_RSN_FLG,,
New_Services___Domain,New Services and Planning,1.) SA (Service Agreement),Total Amount to Bill,JoinTree_1.CI_SA,TOT_TO_BILL_AMT,,
New_Services___Domain,New Services and Planning,1.) Premise,Address,JoinTree_1.CI_PREM,ADDRESS1,,
New_Services___Domain,New Services and Planning,1.) Premise,Address Uppercase,JoinTree_1.CI_PREM,ADDRESS1_UPR,,
New_Services___Domain,New Services and Planning,1.) Premise,Address 2,JoinTree_1.CI_PREM,ADDRESS2,,
New_Services___Domain,New Services and Planning,1.) Premise,Address 3,JoinTree_1.CI_PREM,ADDRESS3,,
New_Services___Domain,New Services and Planning,1.) Premise,Address 4,JoinTree_1.CI_PREM,ADDRESS4,,
New_Services___Domain,New Services and Planning,1.) Premise,CIS Division,JoinTree_1.CI_PREM,CIS_DIVISION,,
New_Services___Domain,New Services and Planning,1.) Premise,City,JoinTree_1.CI_PREM,CITY,,
New_Services___Domain,New Services and Planning,1.) Premise,City Uppercase,JoinTree_1.CI_PREM,CITY_UPR,,
New_Services___Domain,New Services and Planning,1.) Premise,Country,JoinTree_1.CI_PREM,COUNTRY,,
New_Services___Domain,New Services and Planning,1.) Premise,County,JoinTree_1.CI_PREM,COUNTY,,
New_Services___Domain,New Services and Planning,1.) Premise,Geographical Code,JoinTree_1.CI_PREM,GEO_CODE,,
New_Services___Domain,New Services and Planning,1.) Premise,House Type,JoinTree_1.CI_PREM,HOUSE_TYPE,,
New_Services___Domain,New Services and Planning,1.) Premise,In City Limit,JoinTree_1.CI_PREM,IN_CITY_LIMIT,,
New_Services___Domain,New Services and Planning,1.) Premise,Key ID,JoinTree_1.CI_PREM,KEY_ID,,
New_Services___Domain,New Services and Planning,1.) Premise,Key,JoinTree_1.CI_PREM,KEY_SW,,
New_Services___Domain,New Services and Planning,1.) Premise,Landlord Agreement ID,JoinTree_1.CI_PREM,LL_ID,,
New_Services___Domain,New Services and Planning,1.) Premise,Life Support / Sensitive Load Details,JoinTree_1.CI_PREM,LS_SL_DESCR,,
New_Services___Domain,New Services and Planning,1.) Premise,Life Support / Sensitive Load,JoinTree_1.CI_PREM,LS_SL_FLG,,
New_Services___Domain,New Services and Planning,1.) Premise,Mailing Address,JoinTree_1.CI_PREM,MAIL_ADDR_SW,,
New_Services___Domain,New Services and Planning,1.) Premise,Meter Read Instruction,JoinTree_1.CI_PREM,MR_INSTR_CD,,
New_Services___Domain,New Services and Planning,1.) Premise,Instruction Details,JoinTree_1.CI_PREM,MR_INSTR_DETAILS,,
New_Services___Domain,New Services and Planning,1.) Premise,Meter Read Warning,JoinTree_1.CI_PREM,MR_WARN_CD,,
New_Services___Domain,New Services and Planning,1.) Premise,Number 1,JoinTree_1.CI_PREM,NUM1,,
New_Services___Domain,New Services and Planning,1.) Premise,Number 2,JoinTree_1.CI_PREM,NUM2,,
New_Services___Domain,New Services and Planning,1.) Premise,OK to Enter,JoinTree_1.CI_PREM,OK_TO_ENTER_SW,,
New_Services___Domain,New Services and Planning,1.) Premise,Postal,JoinTree_1.CI_PREM,POSTAL,,
New_Services___Domain,New Services and Planning,1.) Premise,Premise ID,JoinTree_1.CI_PREM,PREM_ID,,
New_Services___Domain,New Services and Planning,1.) Premise,Premise Type,JoinTree_1.CI_PREM,PREM_TYPE_CD,,
New_Services___Domain,New Services and Planning,1.) Premise,Parent Premise ID,JoinTree_1.CI_PREM,PRNT_PREM_ID,,
New_Services___Domain,New Services and Planning,1.) Premise,State,JoinTree_1.CI_PREM,STATE,,
New_Services___Domain,New Services and Planning,1.) Premise,Time Zone,JoinTree_1.CI_PREM,TIME_ZONE_CD,,
New_Services___Domain,New Services and Planning,1.) Premise,Trend Area,JoinTree_1.CI_PREM,TREND_AREA_CD,,
New_Services___Domain,New Services and Planning,1.) Descriptions,Bill Cycle Description,JoinTree_1.CI_BILL_CYC_L,DESCR,,
New_Services___Domain,New Services and Planning,1.) Descriptions,Budget Plan Description,JoinTree_1.CI_BUD_PLAN_L,DESCR,,
New_Services___Domain,New Services and Planning,1.) Descriptions,CIS Division Description,JoinTree_1.CI_CIS_DIVISION_L,DESCR,,
New_Services___Domain,New Services and Planning,1.) Descriptions,Collection Class Description,JoinTree_1.CI_COLL_CL_L,DESCR,,
New_Services___Domain,New Services and Planning,1.) Descriptions,Customer Class Description,JoinTree_1.CI_CUST_CL_L,DESCR,,
New_Services___Domain,New Services and Planning,1.) Descriptions,Decline Reason Description,JoinTree_1.CI_PROP_DCL_RSN_L,DESCR,,
New_Services___Domain,New Services and Planning,1.) Descriptions,Meter Read Instruction Description,JoinTree_1.CI_MR_INSTR_L,DESCR,,
New_Services___Domain,New Services and Planning,1.) Descriptions,Meter Read Warning Description,JoinTree_1.CI_MR_WARN_L,DESCR,,
New_Services___Domain,New Services and Planning,1.) Descriptions,Premise Type Description,JoinTree_1.CI_PREM_TYPE_L,DESCR,,
New_Services___Domain,New Services and Planning,1.) Descriptions,Proposal SA Status Description,JoinTree_1.CI_LOOKUP_VAL_L,DESCR,,
New_Services___Domain,New Services and Planning,1.) Descriptions,Recommendation Rule Description,JoinTree_1.CI_NB_RULE_L,DESCR,,
New_Services___Domain,New Services and Planning,1.) Descriptions,SA Status Description,JoinTree_1.CI_LOOKUP_VAL_L_1,DESCR,,
New_Services___Domain,New Services and Planning,1.) Descriptions,SA Type Description,JoinTree_1.CI_SA_TYPE_L,DESCR,,
New_Services___Domain,New Services and Planning,1.) Descriptions,Service Type Description,JoinTree_1.CI_SVC_TYPE_L,DESCR,,
New_Services___Domain,New Services and Planning,1.) Descriptions,SIC Description,JoinTree_1.CI_SIC_L,DESCR,,
New_Services___Domain,New Services and Planning,1.) Descriptions,Special Usage Description,JoinTree_1.CI_LOOKUP_VAL_L_2,DESCR,,
New_Services___Domain,New Services and Planning,1.) Descriptions,Start Option Description,JoinTree_1.CI_SS_OPT_L,DESCR90,,
New_Services___Domain,New Services and Planning,1.) Descriptions,Start Reason Description,JoinTree_1.CI_LOOKUP_VAL_L_3,DESCR,,
New_Services___Domain,New Services and Planning,1.) Descriptions,State Description,JoinTree_1.CI_STATE_L,DESCR,,
New_Services___Domain,New Services and Planning,1.) Descriptions,Stop Reason Description,JoinTree_1.CI_LOOKUP_VAL_L_4,DESCR,,
New_Services___Domain,New Services and Planning,1.) Descriptions,Time Zone Description,JoinTree_1.CI_TIME_ZONE_L,DESCR,,
New_Services___Domain,New Services and Planning,1.) Descriptions,Trend Area Description,JoinTree_1.CI_TREND_AREA_L,DESCR,,
New_Services___Domain,New Services and Planning,1.) Formulas,Bill Print Intercept (Name),JoinTree_1,BILL_PRT_INTERCEPT_NAME,,
New_Services___Domain,New Services and Planning,1.) Formulas,Current Amount,JoinTree_1.CM_FT_BAL,CUR_AMT,,
New_Services___Domain,New Services and Planning,1.) Formulas,Distinct Account ID,JoinTree_1,ACCT_ID_DISTINCT,,
New_Services___Domain,New Services and Planning,1.) Formulas,Number of New Premises,JoinTree_1,PREM_ID_DISTINCT,,
New_Services___Domain,New Services and Planning,1.) Formulas,Total Service Agreements,JoinTree_1,SA_ID_DISTINCT,,
New_Services___Domain,New Services and Planning,1.) Formulas,Name,JoinTree_1.CI_PER_NAME,ENTITY_NAME_UPR,,
New_Services___Domain,New Services and Planning,1.) Formulas,Payoff Amount,JoinTree_1.CM_FT_BAL,TOT_AMT,,
New_Services___Domain,New Services and Planning,1.) Formulas,Postal (First Five),JoinTree_1,POSTAL_5,,
